version 1
nodes
  0 "Bip01" -1
  1 "Bip01 Pelvis" 0
  2 "Bip01 Spine" 1
  3 "Bip01 Spine1" 2
  4 "Bip01 Spine2" 3
  5 "Bip01 Spine3" 4
  6 "Bip01 Neck" 5
  7 "Bip01 L Arm" 6
  8 "Bip01 L Arm1" 7
  9 "Bip01 L Arm2" 8
 10 "Bip01 L Hand" 9
 11 "Bip06 L elbow2-smooth" 8
 12 "Bip01 R Arm" 6
 13 "Bip01 R Arm1" 12
 14 "Bip01 R Arm2" 13
 15 "Bip01 R Hand" 14
 16 "Bip06 R elbow2-smooth" 13
 17 "Bip01 Head" 6
 18 "Bip06 Head_helper" 17
 19 "Bip06 Head_eyes_l" 18
 20 "Bip06 Head_eyes_r" 18
 21 "Bip06 Head_blink_l" 18
 22 "Bip06 Head_blink_smooth_l1" 21
 23 "Bip06 Head_blink_r" 18
 24 "Bip06 Head_blink_smooth_r1" 23
 25 "Bip06 Head_L_eyebrow" 18
 26 "Bip06 Head_R_eyebrow" 18
 27 "Bip06 Head_blink_l_lid" 18
 28 "Bip06 Head_blink_r_lid" 18
 29 "Bip06 bunny" 18
 30 "Bip06 bunnyL" 29
 31 "Bip06 bunnyR" 29
 32 "Bip01 L Leg" 1
 33 "Bip01 L Leg1" 32
 34 "Bip01 L Foot" 33
 35 "Bip01 R Leg" 1
 36 "Bip01 R Leg1" 35
 37 "Bip01 R Foot" 36
 38 "Bip03 HairR1" 17
 39 "Bip03 HairR2" 38
 40 "Bip03 HairL1" 17
 41 "Bip03 HairL2" 40
 42 "Bip03 swingR" 17
 43 "Bip03 swingL" 17
end
skeleton
time 0
  0   0.020765 -0.546892 15.239118 2.705095 0.000000 -1.571069
  1   -1.093036 0.000002 -0.326057 -1.570023 -1.570379 -0.000268
  2   2.262337 0.113614 0.064702 -0.013605 0.156448 -0.087512
  3   2.380047 0.353302 0.047440 0.001245 0.156982 0.008876
  4   2.033756 0.190472 -0.000128 -0.024428 0.172794 -0.141497
  5   2.451511 0.204909 -0.003447 0.000000 -0.000005 -0.017472
  6   7.247600 -0.397300 -0.109469 0.000001 -0.000003 0.418504
  7   -2.022252 -0.104661 3.136172 -0.298879 -1.361718 -2.901749
  8   1.168026 -0.537438 -0.063437 -1.439586 -1.090597 -1.657043
  9   6.790376 -0.619176 0.015206 -0.009367 -0.035190 -0.539141
 10   8.637599 0.544015 -0.090417 -1.570112 0.000221 -0.122021
 11   6.790465 -0.619039 0.017802 -0.009597 -0.035301 -0.392564
 12   -2.022474 -0.104699 -2.873818 0.299065 1.362032 -2.901601
 13   1.167898 -0.537463 0.063297 1.149871 1.162287 -1.859053
 14   7.002743 -0.617765 -0.183752 0.047142 0.002238 -0.464424
 15   8.209042 0.615527 -0.255885 1.570018 -0.000214 -0.121905
 16   7.002735 -0.617911 -0.183641 0.047532 0.002293 -0.343621
 17   1.574674 0.609930 -0.000899 0.000000 0.000008 -0.532727
 18   -0.602177 0.511412 -0.000006 0.000000 0.000000 0.000000
 19   3.673773 0.177020 1.119313 -0.000002 -0.000014 -0.174510
 20   3.673767 0.176993 -1.117566 0.000007 -0.000003 -0.174546
 21   3.942357 1.330634 1.627658 0.000002 -0.000011 -0.000026
 22   -0.246060 -0.011889 0.516521 -0.000011 0.000031 0.000025
 23   3.942374 1.330659 -1.631083 0.000019 0.000002 -0.000024
 24   -0.246150 -0.011872 -0.516511 -0.000005 -0.000006 0.000048
 25   4.941364 1.997338 1.629330 0.000018 -0.000001 -0.000024
 26   4.941382 1.997366 -1.629410 -0.000001 0.000005 -0.000024
 27   2.918368 1.615358 1.514501 -0.000019 -0.000022 -0.000050
 28   2.920798 1.614964 -1.501142 -0.000002 -0.000009 -0.000024
 29   8.824059 0.150544 0.091743 -0.109612 0.024718 0.466829
 30   2.111085 -0.561179 1.784320 -0.000008 -0.000682 0.000024
 31   2.121290 -0.561289 -1.853599 0.000000 0.000000 -0.000002
 32   -0.810489 -0.093824 3.127092 0.001376 -2.696272 0.071551
 33   14.298673 -0.408176 0.475484 -0.000064 -0.000210 0.033715
 34   15.835795 0.581398 0.242756 -0.003042 -0.010786 -0.001416
 35   -0.815868 -0.091229 -3.114430 0.458392 3.496800 -1.004434
 36   14.294526 -0.410349 -0.463635 -0.000051 -0.000180 -2.653655
 37   15.834409 0.579420 -0.284600 0.003070 0.010894 0.015959
 38   1.420944 -3.359996 -2.808187 -0.101183 0.012183 1.956430
 39   -4.739001 -0.609528 -0.714929 0.135642 -0.024748 0.743240
 40   0.836842 -3.543522 3.221664 -0.101183 0.012184 1.956430
 41   -4.152581 -1.504456 0.928315 0.135641 -0.024748 0.743240
 42   0.983207 2.814524 -2.575329 0.014957 0.039452 -0.700587
 43   1.089892 2.616575 2.982662 0.014943 0.039466 -0.700587
time 1
  0   0.020765 -0.546892 15.239118 2.705095 0.000000 -1.571069
  1   -1.093036 0.000002 -0.326057 -1.570023 -1.570379 -0.000268
  2   2.262337 0.113614 0.064702 -0.013605 0.156448 -0.048732
  3   2.380047 0.353302 0.047440 0.001245 0.156982 0.061135
  4   2.033756 0.190472 -0.000128 -0.024428 0.172794 -0.081726
  5   2.451511 0.204909 -0.003447 0.000000 -0.000005 -0.017472
  6   7.247600 -0.397300 -0.109469 0.000001 -0.000003 0.418504
  7   -2.022252 -0.104661 3.136172 -0.298879 -1.361718 -2.901749
  8   1.168026 -0.537438 -0.063437 -1.485338 -0.872786 -1.611369
  9   6.790376 -0.619176 0.015206 -0.009367 -0.035190 -0.539141
 10   8.637599 0.544015 -0.090417 -1.570112 0.000221 -0.122021
 11   6.790465 -0.619039 0.017802 -0.009597 -0.035301 -0.392564
 12   -2.022474 -0.104699 -2.873818 0.299065 1.362032 -2.901601
 13   1.167898 -0.537463 0.063297 1.248353 0.972096 -1.772428
 14   7.002743 -0.617765 -0.183752 0.119105 -0.077999 -0.406258
 15   8.209042 0.615527 -0.255885 1.343165 0.096630 -0.098031
 16   7.002735 -0.617911 -0.183641 0.095125 -0.056520 -0.302281
 17   1.574674 0.609930 -0.000899 0.000000 0.000008 -0.464978
 18   -0.602177 0.511412 -0.000006 0.000000 0.000000 0.000000
 19   3.673773 0.177020 1.119313 -0.000002 -0.000014 -0.174510
 20   3.673767 0.176993 -1.117566 0.000007 -0.000003 -0.174546
 21   3.942357 1.330634 1.627658 0.000002 -0.000011 -0.000026
 22   -0.246060 -0.011889 0.516521 -0.000011 0.000031 0.000025
 23   3.942374 1.330659 -1.631083 0.000019 0.000002 -0.000024
 24   -0.246150 -0.011872 -0.516511 -0.000005 -0.000006 0.000048
 25   4.941364 1.997338 1.629330 0.000018 0.000053 -0.000024
 26   4.941382 1.997366 -1.629410 -0.000001 -0.000045 -0.000024
 27   2.918368 1.615358 1.514501 -0.000019 -0.000022 -0.000050
 28   2.920798 1.614964 -1.501142 -0.000002 -0.000009 -0.000024
 29   8.824059 0.150544 0.091743 -0.107473 0.028729 0.431046
 30   2.111085 -0.561179 1.784320 -0.000008 -0.000682 0.000024
 31   2.121290 -0.561289 -1.853599 0.000000 0.000000 -0.000002
 32   -0.810489 -0.093824 3.127092 0.001376 -2.696272 0.071551
 33   14.298673 -0.408176 0.475484 -0.000064 -0.000210 0.033715
 34   15.835795 0.581398 0.242756 -0.003042 -0.010786 -0.001416
 35   -0.815868 -0.091229 -3.114430 0.458392 3.496800 -1.004434
 36   14.294526 -0.410349 -0.463635 -0.000051 -0.000180 -2.653655
 37   15.834409 0.579420 -0.284600 0.003070 0.010894 0.015959
 38   1.432663 -3.383434 -2.823813 -0.102762 0.008170 1.929609
 39   -4.719469 -0.621247 -0.714929 0.130752 -0.025743 0.736818
 40   0.832936 -3.555241 3.209945 -0.102762 0.008171 1.929609
 41   -4.172113 -1.492737 0.928315 0.130751 -0.025743 0.736818
 42   0.971488 2.720771 -2.575329 0.013123 0.039115 -0.645885
 43   1.070360 2.530635 2.974849 0.013144 0.039121 -0.645885
time 2
  0   0.020765 -0.546892 15.239118 2.705095 0.000000 -1.571069
  1   -1.093036 0.000002 -0.326057 -1.570023 -1.570379 -0.000268
  2   2.262337 0.113614 0.064702 -0.013605 0.156448 -0.010096
  3   2.380047 0.353302 0.047440 0.001245 0.156982 0.113516
  4   2.033756 0.190472 -0.000128 -0.024428 0.172794 -0.021592
  5   2.451511 0.204909 -0.003447 0.000000 -0.000005 -0.017472
  6   7.247600 -0.397300 -0.109469 0.000001 -0.000003 0.418504
  7   -2.022252 -0.104661 3.136172 -0.298879 -1.361718 -2.901749
  8   1.168026 -0.537438 -0.063437 -1.509764 -0.654120 -1.586571
  9   6.790376 -0.619176 0.015206 -0.009367 -0.035190 -0.539141
 10   8.637599 0.544015 -0.090417 -1.570112 0.000221 -0.122021
 11   6.790465 -0.619039 0.017802 -0.009597 -0.035301 -0.392564
 12   -2.022474 -0.104699 -2.873818 0.299065 1.362032 -2.901601
 13   1.167898 -0.537463 0.063297 1.303253 0.779465 -1.730114
 14   7.002743 -0.617765 -0.183752 0.187424 -0.162267 -0.353702
 15   8.209042 0.615527 -0.255885 1.114945 0.196273 -0.096467
 16   7.002735 -0.617911 -0.183641 0.140505 -0.117363 -0.263315
 17   1.574674 0.609930 -0.000899 0.000000 0.000008 -0.397080
 18   -0.602177 0.511412 -0.000006 0.000000 0.000000 0.000000
 19   3.673773 0.177020 1.119313 -0.000002 -0.000014 -0.174510
 20   3.673767 0.176993 -1.117566 0.000007 -0.000003 -0.174546
 21   3.942357 1.330634 1.627658 0.000002 -0.000011 -0.000026
 22   -0.246060 -0.011889 0.516521 -0.000011 0.000031 0.000025
 23   3.942374 1.330659 -1.631083 0.000019 0.000002 -0.000024
 24   -0.246150 -0.011872 -0.516511 -0.000005 -0.000006 0.000048
 25   4.941364 1.997338 1.629330 0.000018 0.000309 -0.000024
 26   4.941382 1.997366 -1.629410 -0.000001 -0.000307 -0.000024
 27   2.918368 1.615358 1.514501 -0.000019 -0.000022 -0.000050
 28   2.920798 1.614964 -1.501142 -0.000002 -0.000009 -0.000024
 29   8.824059 0.150544 0.091743 -0.101591 0.039768 0.333674
 30   2.111085 -0.561179 1.784320 -0.000008 -0.000682 0.000024
 31   2.121290 -0.561289 -1.853599 0.000000 0.000000 -0.000002
 32   -0.810489 -0.093824 3.127092 0.001376 -2.696272 0.071551
 33   14.298673 -0.408176 0.475484 -0.000064 -0.000210 0.033715
 34   15.835795 0.581398 0.242756 -0.003042 -0.010786 -0.001416
 35   -0.815868 -0.091229 -3.114430 0.458392 3.496800 -1.004434
 36   14.294526 -0.410349 -0.463635 -0.000051 -0.000180 -2.653655
 37   15.834409 0.579420 -0.284600 0.003070 0.010894 0.015959
 38   1.467820 -3.438123 -2.843345 -0.107161 -0.002687 1.856907
 39   -4.676499 -0.664217 -0.714929 0.117365 -0.028391 0.719430
 40   0.813404 -3.606024 3.174788 -0.107161 -0.002686 1.856907
 41   -4.215083 -1.449767 0.928315 0.117364 -0.028391 0.719430
 42   0.959769 2.459044 -2.583142 0.008162 0.038164 -0.497127
 43   1.027390 2.300159 2.967036 0.008159 0.038164 -0.497127
time 3
  0   0.020765 -0.546892 15.239118 2.705095 0.000000 -1.571069
  1   -1.093036 0.000002 -0.326057 -1.570023 -1.570379 -0.000268
  2   2.262337 0.113614 0.064702 -0.013605 0.156448 0.028666
  3   2.380047 0.353302 0.047440 0.001245 0.156982 0.165897
  4   2.033756 0.190472 -0.000128 -0.024428 0.172794 0.038469
  5   2.451511 0.204909 -0.003447 0.000000 -0.000005 -0.017472
  6   7.247600 -0.397300 -0.109469 0.000001 -0.000003 0.418504
  7   -2.022252 -0.104661 3.136172 -0.298879 -1.361718 -2.901749
  8   1.168026 -0.537438 -0.063437 -1.525331 -0.435404 -1.571009
  9   6.790376 -0.619176 0.015206 -0.009367 -0.035190 -0.539141
 10   8.637599 0.544015 -0.090417 -1.570112 0.000221 -0.122021
 11   6.790465 -0.619039 0.017802 -0.009597 -0.035301 -0.392564
 12   -2.022474 -0.104699 -2.873818 0.299065 1.362032 -2.901601
 13   1.167898 -0.537463 0.063297 1.340228 0.585715 -1.706566
 14   7.002743 -0.617765 -0.183752 0.252213 -0.249829 -0.306261
 15   8.209042 0.615527 -0.255885 0.881692 0.293799 -0.118598
 16   7.002735 -0.617911 -0.183641 0.183766 -0.179559 -0.226446
 17   1.574674 0.609930 -0.000899 0.000000 0.000008 -0.329257
 18   -0.602177 0.511412 -0.000006 0.000000 0.000000 0.000000
 19   3.673773 0.177020 1.119313 -0.000002 -0.000014 -0.174510
 20   3.673767 0.176993 -1.117566 0.000007 -0.000003 -0.174546
 21   3.942357 1.330634 1.627658 0.000002 -0.000011 -0.000026
 22   -0.246060 -0.011889 0.516521 -0.000011 0.000031 0.000025
 23   3.942374 1.330659 -1.631083 0.000019 0.000002 -0.000024
 24   -0.246150 -0.011872 -0.516511 -0.000005 -0.000006 0.000048
 25   4.941364 1.997338 1.629330 0.000018 0.000753 -0.000024
 26   4.941382 1.997366 -1.629410 -0.000001 -0.000756 -0.000024
 27   2.918368 1.615358 1.514501 -0.000019 -0.000022 -0.000050
 28   2.920798 1.614964 -1.501142 -0.000002 -0.000009 -0.000024
 29   8.824059 0.150544 0.091743 -0.092947 0.056265 0.189415
 30   2.111085 -0.561179 1.784320 -0.000008 -0.000682 0.000024
 31   2.121290 -0.561289 -1.853599 0.000000 0.000000 -0.000002
 32   -0.810489 -0.093824 3.127092 0.001376 -2.696272 0.071551
 33   14.298673 -0.408176 0.475484 -0.000064 -0.000210 0.033715
 34   15.835795 0.581398 0.242756 -0.003042 -0.010786 -0.001416
 35   -0.815868 -0.091229 -3.114430 0.458392 3.496800 -1.004434
 36   14.294526 -0.410349 -0.463635 -0.000051 -0.000180 -2.653655
 37   15.834409 0.579420 -0.284600 0.003070 0.010894 0.015959
 38   1.526416 -3.516251 -2.886315 -0.113918 -0.018751 1.749625
 39   -4.613997 -0.718906 -0.714929 0.097495 -0.032310 0.693768
 40   0.789966 -3.680245 3.116192 -0.113918 -0.018750 1.749625
 41   -4.277585 -1.395078 0.928315 0.097494 -0.032310 0.693768
 42   0.928518 2.084033 -2.587048 0.000743 0.036800 -0.277399
 43   0.953169 1.960305 2.963130 0.000750 0.036783 -0.277399
time 4
  0   0.020765 -0.546892 15.239118 2.705095 0.000000 -1.571069
  1   -1.093036 0.000002 -0.326057 -1.570023 -1.570379 -0.000268
  2   2.262337 0.113614 0.064702 -0.013605 0.156448 0.067482
  3   2.380047 0.353302 0.047440 0.001245 0.156982 0.218217
  4   2.033756 0.190472 -0.000128 -0.024428 0.172794 0.098603
  5   2.451511 0.204909 -0.003447 0.000000 -0.000005 -0.017472
  6   7.247600 -0.397300 -0.109469 0.000001 -0.000003 0.418504
  7   -2.022252 -0.104661 3.136172 -0.298879 -1.361718 -2.901749
  8   1.168026 -0.537438 -0.063437 -1.536152 -0.216436 -1.559875
  9   6.790376 -0.619176 0.015206 -0.009367 -0.035190 -0.539141
 10   8.637599 0.544015 -0.090417 -1.570112 0.000221 -0.122021
 11   6.790465 -0.619039 0.017802 -0.009626 -0.035301 -0.392564
 12   -2.022474 -0.104699 -2.873818 0.299065 1.362032 -2.901601
 13   1.167898 -0.537463 0.063297 1.368767 0.391457 -1.693188
 14   7.002743 -0.617765 -0.183752 0.314212 -0.340231 -0.263441
 15   8.209042 0.615527 -0.255885 0.637869 0.383531 -0.164843
 16   7.002735 -0.617911 -0.183641 0.225004 -0.243334 -0.191675
 17   1.574674 0.609930 -0.000899 0.000000 0.000008 -0.261359
 18   -0.602177 0.511412 -0.000006 0.000000 0.000000 0.000000
 19   3.673773 0.177020 1.119313 -0.000002 -0.000014 -0.174510
 20   3.673767 0.176993 -1.117566 0.000007 -0.000003 -0.174546
 21   3.942357 1.330634 1.627658 0.000002 -0.000011 -0.000026
 22   -0.246060 -0.011889 0.516521 -0.000011 0.000031 0.000025
 23   3.938468 1.330659 -1.631083 0.000019 0.000002 -0.000024
 24   -0.246150 -0.011872 -0.516511 -0.000005 -0.000006 0.000048
 25   4.941364 1.997338 1.629330 0.000018 0.001359 -0.000024
 26   4.941382 1.997366 -1.629410 -0.000001 -0.001355 -0.000024
 27   2.918368 1.623171 1.514501 -0.000019 -0.000022 -0.000050
 28   2.920798 1.614964 -1.501142 -0.000002 -0.000009 -0.000024
 29   8.824059 0.150544 0.091743 -0.082341 0.076728 0.013020
 30   2.111085 -0.561179 1.784320 -0.000008 -0.000682 0.000024
 31   2.121290 -0.561289 -1.853599 0.000000 0.000000 -0.000002
 32   -0.810489 -0.093824 3.127092 0.001376 -2.696272 0.071551
 33   14.298673 -0.408176 0.475484 -0.000064 -0.000210 0.033715
 34   15.835795 0.581398 0.242756 -0.003042 -0.010786 -0.001416
 35   -0.815868 -0.091229 -3.114430 0.458392 3.496800 -1.004434
 36   14.294526 -0.410349 -0.463635 -0.000051 -0.000180 -2.653655
 37   15.834409 0.579420 -0.284600 0.003070 0.010894 0.015959
 38   1.592824 -3.613910 -2.941004 -0.122548 -0.038224 1.619371
 39   -4.535870 -0.789221 -0.718835 0.073034 -0.037068 0.662637
 40   0.758715 -3.766185 3.049784 -0.122548 -0.038236 1.619371
 41   -4.355712 -1.324763 0.932221 0.073033 -0.037068 0.662637
 42   0.897267 1.623081 -2.598767 -0.008389 0.035113 -0.009744
 43   0.867229 1.550136 2.951411 -0.008409 0.035104 -0.009744
time 5
  0   0.020765 -0.546892 15.239118 2.705095 0.000000 -1.571069
  1   -1.093036 0.000002 -0.326057 -1.570023 -1.570379 -0.000268
  2   2.262337 0.113614 0.064702 -0.013605 0.156448 0.106226
  3   2.380047 0.353302 0.047440 0.001245 0.156982 0.270598
  4   2.033756 0.190472 -0.000128 -0.024428 0.172794 0.158809
  5   2.451511 0.204909 -0.003447 0.000000 -0.000005 -0.017472
  6   7.247600 -0.397300 -0.109469 0.000001 -0.000003 0.418504
  7   -2.022252 -0.104661 3.136172 -0.298879 -1.361718 -2.901749
  8   1.168026 -0.537438 -0.063437 -1.544442 0.002431 -1.551082
  9   6.790376 -0.619176 0.015206 -0.009367 -0.035190 -0.539141
 10   8.637599 0.544015 -0.090417 -1.570112 0.000221 -0.122021
 11   6.790465 -0.619039 0.017802 -0.009626 -0.035301 -0.392564
 12   -2.022474 -0.104699 -2.873818 0.299065 1.362032 -2.901601
 13   1.167898 -0.537463 0.063297 1.393018 0.196995 -1.685984
 14   7.002743 -0.617765 -0.183752 0.374333 -0.432960 -0.225406
 15   8.209042 0.615527 -0.255885 0.380673 0.459569 -0.235986
 16   7.002735 -0.617911 -0.183641 0.264640 -0.308124 -0.158780
 17   1.574674 0.609930 -0.000899 0.000000 0.000008 -0.193573
 18   -0.602177 0.511412 -0.000006 0.000000 0.000000 0.000000
 19   3.673773 0.177020 1.119313 -0.000002 -0.000014 -0.174510
 20   3.673767 0.176993 -1.117566 0.000007 -0.000003 -0.174546
 21   3.942357 1.330634 1.627658 0.000002 -0.000011 -0.000026
 22   -0.246060 -0.011889 0.516521 -0.000011 0.000031 0.000025
 23   3.942374 1.330659 -1.631083 0.000019 0.000002 -0.000024
 24   -0.246150 -0.011872 -0.516511 -0.000005 -0.000006 0.000048
 25   4.941364 1.997338 1.629330 0.000018 0.002126 -0.000024
 26   4.941382 1.997366 -1.629410 -0.000001 -0.002116 -0.000024
 27   2.918368 1.615358 1.514501 -0.000019 -0.000022 -0.000050
 28   2.920798 1.614964 -1.501142 -0.000002 -0.000009 -0.000024
 29   8.824059 0.150544 0.091743 -0.070667 0.099564 -0.180811
 30   2.111085 -0.561179 1.784320 -0.000008 -0.000682 0.000024
 31   2.121290 -0.561289 -1.853599 0.000000 0.000000 -0.000002
 32   -0.810489 -0.093824 3.127092 0.001376 -2.696272 0.071551
 33   14.298673 -0.408176 0.475484 -0.000064 -0.000210 0.033715
 34   15.835795 0.581398 0.242756 -0.003042 -0.010786 -0.001416
 35   -0.815868 -0.091229 -3.114430 0.458392 3.496800 -1.004434
 36   14.294526 -0.410349 -0.463635 -0.000051 -0.000180 -2.653655
 37   15.834409 0.579420 -0.284600 0.003070 0.010894 0.015959
 38   1.667045 -3.727195 -2.995693 -0.132567 -0.059445 1.477693
 39   -4.457742 -0.867348 -0.726648 0.045997 -0.042270 0.628758
 40   0.727464 -3.859938 2.975563 -0.132567 -0.059457 1.477693
 41   -4.433840 -1.250542 0.940034 0.045996 -0.042270 0.628758
 42   0.866016 1.107440 -2.614393 -0.018600 0.033273 0.282669
 43   0.773476 1.089184 2.939692 -0.018604 0.033284 0.282669
time 6
  0   0.020765 -0.546892 15.239118 2.705095 0.000000 -1.571069
  1   -1.093036 0.000002 -0.326057 -1.570023 -1.570379 -0.000268
  2   2.262337 0.113614 0.064702 -0.013605 0.156448 0.145024
  3   2.380047 0.353302 0.047440 0.001245 0.156982 0.322938
  4   2.033756 0.190472 -0.000128 -0.024428 0.172794 0.218798
  5   2.451511 0.204909 -0.003447 0.000000 -0.000005 -0.017472
  6   7.247600 -0.397300 -0.109469 0.000001 -0.000003 0.418504
  7   -2.022252 -0.104661 3.136172 -0.298879 -1.361718 -2.901749
  8   1.168026 -0.537438 -0.063437 -1.551023 0.221600 -1.544313
  9   6.790376 -0.619176 0.015206 -0.009367 -0.035190 -0.539141
 10   8.637599 0.544015 -0.090417 -1.570112 0.000221 -0.122021
 11   6.790465 -0.619039 0.017802 -0.009597 -0.035301 -0.392564
 12   -2.022474 -0.104699 -2.873818 0.299065 1.362032 -2.901601
 13   1.167898 -0.537463 0.063297 1.415372 0.002584 -1.683805
 14   7.002743 -0.617765 -0.183752 0.433372 -0.527506 -0.191909
 15   8.209042 0.615527 -0.255885 0.108736 0.516162 -0.329259
 16   7.002735 -0.617911 -0.183641 0.302677 -0.374211 -0.127320
 17   1.574674 0.609930 -0.000899 0.000000 0.000008 -0.125675
 18   -0.602177 0.511412 -0.000006 0.000000 0.000000 0.000000
 19   3.673773 0.177020 1.119313 -0.000002 -0.000014 -0.174510
 20   3.673767 0.176993 -1.117566 0.000007 -0.000003 -0.174546
 21   3.942357 1.330634 1.627658 0.000002 -0.000011 -0.000026
 22   -0.246060 -0.011889 0.516521 -0.000011 0.000031 0.000025
 23   3.942374 1.330659 -1.631083 0.000019 0.000002 -0.000024
 24   -0.246150 -0.011872 -0.516511 -0.000005 -0.000006 0.000048
 25   4.941364 1.997338 1.629330 0.000018 0.003055 -0.000024
 26   4.941382 1.997366 -1.629410 -0.000001 -0.003064 -0.000024
 27   2.918368 1.623171 1.514501 -0.000019 -0.000022 -0.000050
 28   2.920798 1.614964 -1.501142 -0.000002 -0.000009 -0.000024
 29   8.824059 0.150544 0.091743 -0.058814 0.123302 -0.377324
 30   2.111085 -0.561179 1.784320 -0.000008 -0.000682 0.000024
 31   2.121290 -0.561289 -1.853599 0.000000 0.000000 -0.000002
 32   -0.810489 -0.093824 3.127092 0.001376 -2.696272 0.071551
 33   14.298673 -0.408176 0.475484 -0.000064 -0.000210 0.033715
 34   15.835795 0.581398 0.242756 -0.003042 -0.010786 -0.001416
 35   -0.815868 -0.091229 -3.114430 0.458392 3.496800 -1.004434
 36   14.294526 -0.410349 -0.463635 -0.000051 -0.000180 -2.653655
 37   15.834409 0.579420 -0.284600 0.003070 0.010894 0.015959
 38   1.741266 -3.836573 -3.058195 -0.143534 -0.080654 1.335954
 39   -4.371802 -0.941569 -0.726648 0.018312 -0.047447 0.594878
 40   0.688400 -3.953691 2.893529 -0.143534 -0.080666 1.336015
 41   -4.519780 -1.172415 0.940034 0.018311 -0.047447 0.594878
 42   0.834765 0.587893 -2.626112 -0.029147 0.031464 0.576922
 43   0.687536 0.624326 2.924066 -0.029149 0.031448 0.576922
time 7
  0   0.020765 -0.546892 15.239118 2.705095 0.000000 -1.571069
  1   -1.093036 0.000002 -0.326057 -1.570023 -1.570379 -0.000268
  2   2.262337 0.113614 0.064702 -0.013605 0.156448 0.183822
  3   2.380047 0.353302 0.047440 0.001245 0.156982 0.375278
  4   2.033756 0.190472 -0.000128 -0.024428 0.172794 0.279077
  5   2.451511 0.204909 -0.003447 0.000000 -0.000005 -0.017472
  6   7.247600 -0.397300 -0.109469 0.000001 -0.000003 0.418504
  7   -2.022252 -0.104661 3.136172 -0.298879 -1.361718 -2.901749
  8   1.168026 -0.537438 -0.063437 -1.556465 0.440769 -1.538493
  9   6.790376 -0.619176 0.015206 -0.009367 -0.035190 -0.539141
 10   8.637599 0.544015 -0.090417 -1.570112 0.000221 -0.122021
 11   6.790465 -0.619039 0.017802 -0.009626 -0.035301 -0.392564
 12   -2.022474 -0.104699 -2.873818 0.299065 1.362032 -2.901601
 13   1.167898 -0.537463 0.063297 1.437796 -0.192081 -1.685742
 14   7.002743 -0.617765 -0.183752 0.492297 -0.623700 -0.163362
 15   8.209042 0.615527 -0.255885 -0.175280 0.547787 -0.438889
 16   7.002735 -0.617911 -0.183641 0.339348 -0.441200 -0.097571
 17   1.574674 0.609930 -0.000899 0.000000 0.000008 -0.057815
 18   -0.602177 0.511412 -0.000006 0.000000 0.000000 0.000000
 19   3.673773 0.177020 1.119313 -0.000002 -0.000014 -0.174510
 20   3.673767 0.176993 -1.117566 0.000007 -0.000003 -0.174546
 21   3.942357 1.330634 1.627658 0.000002 -0.000011 -0.000026
 22   -0.246060 -0.011889 0.516521 -0.000011 0.000031 0.000025
 23   3.942374 1.330659 -1.631083 0.000019 0.000002 -0.000024
 24   -0.246150 -0.011872 -0.516511 -0.000005 -0.000006 0.000048
 25   4.941364 1.997338 1.629330 0.000018 0.004158 -0.000024
 26   4.941382 1.997366 -1.629410 -0.000001 -0.004174 -0.000024
 27   2.918368 1.615358 1.514501 -0.000019 -0.000022 -0.000050
 28   2.920798 1.614964 -1.501142 -0.000002 -0.000009 -0.000024
 29   8.824059 0.150544 0.091743 -0.047495 0.146304 -0.561820
 30   2.111085 -0.561179 1.784320 -0.000008 -0.000682 0.000024
 31   2.121290 -0.561289 -1.853599 0.000000 0.000000 -0.000002
 32   -0.810489 -0.093824 3.127092 0.001376 -2.696272 0.071551
 33   14.298673 -0.408176 0.475484 -0.000064 -0.000210 0.033715
 34   15.835795 0.581398 0.242756 -0.003042 -0.010786 -0.001416
 35   -0.815868 -0.091229 -3.114430 0.458392 3.496800 -1.004434
 36   14.294526 -0.410349 -0.463635 -0.000051 -0.000180 -2.653655
 37   15.834409 0.579420 -0.284600 0.003070 0.010894 0.015959
 38   1.815487 -3.938139 -3.108978 -0.154900 -0.100152 1.205823
 39   -4.285862 -1.015790 -0.734461 -0.008018 -0.052205 0.563748
 40   0.653243 -4.039631 2.827121 -0.154900 -0.100164 1.205761
 41   -4.605720 -1.098194 0.947847 -0.008019 -0.052205 0.563748
 42   0.803514 0.091784 -2.630018 -0.039297 0.029793 0.849930
 43   0.601596 0.190719 2.912347 -0.039319 0.029769 0.849930
time 8
  0   0.020765 -0.546892 15.239118 2.705095 0.000000 -1.571069
  1   -1.093036 0.000002 -0.326057 -1.570023 -1.570379 -0.000268
  2   2.262337 0.113614 0.064702 -0.013605 0.156448 0.222621
  3   2.380047 0.353302 0.047440 0.001245 0.156982 0.427659
  4   2.033756 0.190472 -0.000128 -0.024428 0.172794 0.338993
  5   2.451511 0.204909 -0.003447 0.000000 -0.000005 -0.017472
  6   7.247600 -0.397300 -0.109469 0.000001 -0.000003 0.418504
  7   -2.022252 -0.104661 3.136172 -0.298879 -1.361718 -2.901749
  8   1.168026 -0.537438 -0.063437 -1.560958 0.659486 -1.533369
  9   6.790376 -0.619176 0.015206 -0.009367 -0.035190 -0.539141
 10   8.637599 0.544015 -0.090417 -1.570112 0.000221 -0.122021
 11   6.790465 -0.619039 0.017802 -0.009597 -0.035301 -0.392564
 12   -2.022474 -0.104699 -2.873818 0.299065 1.362032 -2.901601
 13   1.167898 -0.537463 0.063297 1.461836 -0.386645 -1.692764
 14   7.002743 -0.617765 -0.183752 0.552190 -0.721199 -0.139848
 15   8.209042 0.615527 -0.255885 -0.464546 0.551344 -0.555856
 16   7.002735 -0.617911 -0.183641 0.374795 -0.509035 -0.069202
 17   1.574674 0.609930 -0.000899 0.000000 0.000008 0.010045
 18   -0.602177 0.511412 -0.000006 0.000000 0.000000 0.000000
 19   3.673773 0.177020 1.119313 -0.000002 -0.000014 -0.174510
 20   3.673767 0.176993 -1.117566 0.000007 -0.000003 -0.174546
 21   3.942357 1.330634 1.627658 0.000002 -0.000011 -0.000026
 22   -0.246060 -0.011889 0.516521 -0.000011 0.000031 0.000025
 23   3.942374 1.330659 -1.631083 0.000019 0.000002 -0.000024
 24   -0.246150 -0.011872 -0.516511 -0.000005 -0.000006 0.000048
 25   4.941364 1.997338 1.629330 0.000018 0.005397 -0.000024
 26   4.941382 1.997366 -1.629410 -0.000001 -0.005409 -0.000024
 27   2.918368 1.615358 1.514501 -0.000019 -0.000022 -0.000050
 28   2.920798 1.614964 -1.501142 -0.000002 -0.000009 -0.000024
 29   8.824059 0.150544 0.091743 -0.037781 0.167122 -0.719599
 30   2.111085 -0.561179 1.784320 -0.000008 -0.000682 0.000024
 31   2.121290 -0.561289 -1.853599 0.000000 0.000000 -0.000002
 32   -0.810489 -0.093824 3.127092 0.001376 -2.696272 0.071551
 33   14.298673 -0.408176 0.475484 -0.000064 -0.000210 0.033715
 34   15.835795 0.581398 0.242756 -0.003042 -0.010786 -0.001416
 35   -0.815868 -0.091229 -3.114430 0.458392 3.496800 -1.004434
 36   14.294526 -0.410349 -0.463635 -0.000051 -0.000180 -2.653655
 37   15.834409 0.579420 -0.284600 0.003070 0.010894 0.015959
 38   1.877989 -4.024079 -3.151948 -0.166267 -0.116216 1.098602
 39   -4.219454 -1.074386 -0.734461 -0.031076 -0.056124 0.538114
 40   0.621992 -4.113852 2.764619 -0.166267 -0.116215 1.098602
 41   -4.676035 -1.039598 0.947847 -0.031077 -0.056124 0.538114
 42   0.780076 -0.330104 -2.637831 -0.048406 0.028413 1.078608
 43   0.531281 -0.180386 2.908441 -0.048390 0.028388 1.078608
time 9
  0   0.020765 -0.546892 15.239118 2.705095 0.000000 -1.571069
  1   -1.093036 0.000002 -0.326057 -1.570023 -1.570379 -0.000268
  2   2.262337 0.113614 0.064702 -0.013605 0.156448 0.261346
  3   2.380047 0.353302 0.047440 0.001245 0.156982 0.479979
  4   2.033756 0.190472 -0.000128 -0.024428 0.172794 0.399272
  5   2.451511 0.204909 -0.003447 0.000000 -0.000005 -0.017472
  6   7.247600 -0.397300 -0.109469 0.000001 -0.000003 0.418504
  7   -2.022252 -0.104661 3.136172 -0.298879 -1.361718 -2.901749
  8   1.168026 -0.537438 -0.063437 -1.564945 0.878705 -1.528561
  9   6.790376 -0.619176 0.015206 -0.009367 -0.035190 -0.539141
 10   8.637599 0.544015 -0.090417 -1.570112 0.000221 -0.122021
 11   6.790465 -0.619039 0.017802 -0.009626 -0.035301 -0.392564
 12   -2.022474 -0.104699 -2.873818 0.299065 1.362032 -2.901601
 13   1.167898 -0.537463 0.063297 1.490306 -0.580649 -1.706021
 14   7.002743 -0.617765 -0.183752 0.614759 -0.819664 -0.122769
 15   8.209042 0.615527 -0.255885 -0.750504 0.526679 -0.668674
 16   7.002735 -0.617911 -0.183641 0.409254 -0.577603 -0.042599
 17   1.574674 0.609930 -0.000899 0.000000 0.000008 0.078017
 18   -0.602177 0.511412 -0.000006 0.000000 0.000000 0.000000
 19   3.673773 0.177020 1.119313 -0.000002 -0.000014 -0.174510
 20   3.673767 0.176993 -1.117566 0.000007 -0.000003 -0.174546
 21   3.942357 1.330634 1.627658 0.000002 -0.000011 -0.000026
 22   -0.246060 -0.011889 0.516521 -0.000011 0.000031 0.000025
 23   3.942374 1.330659 -1.631083 0.000019 0.000002 -0.000024
 24   -0.246150 -0.011872 -0.516511 -0.000005 -0.000006 0.000048
 25   4.941364 1.997338 1.629330 0.000018 0.006783 -0.000024
 26   4.941382 1.997366 -1.629410 -0.000001 -0.006781 -0.000024
 27   2.918368 1.615358 1.514501 -0.000019 -0.000022 -0.000050
 28   2.920798 1.614964 -1.501142 -0.000002 -0.000009 -0.000024
 29   8.824059 0.150544 0.091743 -0.030473 0.184118 -0.835747
 30   2.111085 -0.561179 1.784320 -0.000008 -0.000682 0.000024
 31   2.121290 -0.561289 -1.853599 0.000000 0.000000 -0.000002
 32   -0.810489 -0.093824 3.127092 0.001376 -2.696272 0.071551
 33   14.298673 -0.408176 0.475484 -0.000064 -0.000210 0.033715
 34   15.835795 0.581398 0.242756 -0.003042 -0.010786 -0.001416
 35   -0.815868 -0.091229 -3.114430 0.458392 3.496800 -1.004434
 36   14.294526 -0.410349 -0.463635 -0.000051 -0.000180 -2.653655
 37   15.834409 0.579420 -0.284600 0.003070 0.010894 0.015959
 38   1.928772 -4.086581 -3.183199 -0.177086 -0.127097 1.025777
 39   -4.172577 -1.117356 -0.738367 -0.048885 -0.058772 0.520697
 40   0.598554 -4.156822 2.725555 -0.177086 -0.127109 1.025838
 41   -4.719005 -0.996628 0.951753 -0.048886 -0.058772 0.520697
 42   0.760544 -0.646520 -2.649550 -0.055704 0.027447 1.239870
 43   0.484405 -0.449925 2.900628 -0.055699 0.027462 1.239870
time 10
  0   0.020765 -0.546892 15.239118 2.705095 0.000000 -1.571069
  1   -1.093036 0.000002 -0.326057 -1.570023 -1.570379 -0.000268
  2   2.262337 0.113614 0.064702 -0.013605 0.156448 0.256142
  3   2.380047 0.353302 0.047440 0.001245 0.156982 0.476510
  4   2.033756 0.190472 -0.000128 -0.024428 0.172794 0.393980
  5   2.451511 0.204909 -0.003447 0.000000 -0.000005 -0.017472
  6   7.247600 -0.397300 -0.109469 0.000001 -0.000003 0.418504
  7   -2.022252 -0.104661 3.136172 -0.298879 -1.361718 -2.901749
  8   1.168026 -0.537438 -0.063437 -1.564312 0.887460 -1.527992
  9   6.790376 -0.619176 0.015206 -0.009367 -0.035190 -0.539141
 10   8.637599 0.544015 -0.090417 -1.570112 0.000221 -0.122021
 11   6.790465 -0.619039 0.017802 -0.009626 -0.035301 -0.392564
 12   -2.022474 -0.104699 -2.873818 0.299065 1.362032 -2.901601
 13   1.167898 -0.537463 0.063297 1.491993 -0.590921 -1.706990
 14   7.002743 -0.617765 -0.183752 0.614759 -0.819664 -0.122769
 15   8.209042 0.615527 -0.255885 -0.750504 0.526679 -0.668674
 16   7.002735 -0.617911 -0.183641 0.409254 -0.577603 -0.042599
 17   1.574674 0.609930 -0.000899 0.000000 0.000008 0.078017
 18   -0.602177 0.511412 -0.000006 0.000000 0.000000 0.000000
 19   3.673773 0.177020 1.119313 -0.000002 -0.000014 -0.174510
 20   3.673767 0.176993 -1.117566 0.000007 -0.000003 -0.174546
 21   3.942357 1.330634 1.627658 0.000002 -0.000011 -0.000026
 22   -0.246060 -0.011889 0.516521 -0.000011 0.000031 0.000025
 23   3.942374 1.330659 -1.631083 0.000019 0.000002 -0.000024
 24   -0.246150 -0.011872 -0.516511 -0.000005 -0.000006 0.000048
 25   4.941364 1.997338 1.629330 0.000018 0.008331 -0.000024
 26   4.941382 1.997366 -1.629410 -0.000001 -0.008340 -0.000024
 27   2.918368 1.615358 1.514501 -0.000019 -0.000022 -0.000050
 28   2.920798 1.614964 -1.501142 -0.000002 -0.000009 -0.000024
 29   8.824059 0.150544 0.091743 -0.026374 0.195845 -0.895779
 30   2.111085 -0.561179 1.784320 -0.000008 -0.000682 0.000024
 31   2.121290 -0.561289 -1.853599 0.000000 0.000000 -0.000002
 32   -0.810489 -0.093824 3.127092 0.001376 -2.696272 0.071551
 33   14.298673 -0.408176 0.475484 -0.000064 -0.000210 0.033715
 34   15.835795 0.581398 0.242756 -0.003042 -0.010786 -0.001416
 35   -0.815868 -0.091229 -3.114430 0.458392 3.496800 -1.004434
 36   14.294526 -0.410349 -0.463635 -0.000051 -0.000180 -2.653655
 37   15.834409 0.579420 -0.284600 0.003070 0.010894 0.015959
 38   1.952210 -4.117832 -3.191012 -0.186916 -0.131110 0.999018
 39   -4.149139 -1.136888 -0.738367 -0.059503 -0.059755 0.514303
 40   0.579022 -4.172447 2.709930 -0.186916 -0.131122 0.998956
 41   -4.742443 -0.977096 0.951753 -0.059504 -0.059755 0.514303
 42   0.756638 -0.818400 -2.649550 -0.060534 0.027125 1.310673
 43   0.464873 -0.586648 2.892815 -0.060534 0.027117 1.310673
time 11
  0   0.020765 -0.546892 15.239118 2.705095 0.000000 -1.571069
  1   -1.093036 0.000002 -0.326057 -1.570023 -1.570379 -0.000268
  2   2.262337 0.113614 0.064702 -0.013605 0.156448 0.250901
  3   2.380047 0.353302 0.047440 0.001245 0.156982 0.473041
  4   2.033756 0.190472 -0.000128 -0.024428 0.172794 0.388833
  5   2.451511 0.204909 -0.003447 0.000000 -0.000005 -0.017472
  6   7.247600 -0.397300 -0.109469 0.000001 -0.000003 0.418504
  7   -2.022252 -0.104661 3.136172 -0.298879 -1.361718 -2.901749
  8   1.168026 -0.537438 -0.063437 -1.563742 0.896114 -1.527549
  9   6.790376 -0.619176 0.015206 -0.009367 -0.035190 -0.539141
 10   8.637599 0.544015 -0.090417 -1.570112 0.000221 -0.122021
 11   6.790465 -0.619039 0.017802 -0.009626 -0.035301 -0.392564
 12   -2.022474 -0.104699 -2.873818 0.299065 1.362032 -2.901601
 13   1.167898 -0.537463 0.063297 1.493609 -0.601244 -1.708019
 14   7.002743 -0.617765 -0.183752 0.614759 -0.819664 -0.122769
 15   8.209042 0.615527 -0.255885 -0.750504 0.526679 -0.668674
 16   7.002735 -0.617911 -0.183641 0.409254 -0.577603 -0.042599
 17   1.574674 0.609930 -0.000899 0.000000 0.000008 0.078017
 18   -0.602177 0.511412 -0.000006 0.000000 0.000000 0.000000
 19   3.673773 0.177020 1.119313 -0.000002 -0.000014 -0.174510
 20   3.673767 0.176993 -1.117566 0.000007 -0.000003 -0.174546
 21   3.942357 1.330634 1.627658 0.000002 -0.000011 -0.000026
 22   -0.246060 -0.011889 0.516521 -0.000011 0.000031 0.000025
 23   3.942374 1.330659 -1.631083 0.000019 0.000002 -0.000024
 24   -0.246150 -0.011872 -0.516511 -0.000005 -0.000006 0.000048
 25   4.941364 1.997338 1.629330 0.000018 0.010001 -0.000024
 26   4.941382 1.997366 -1.629410 -0.000001 -0.010024 -0.000024
 27   2.918368 1.615358 1.514501 -0.000019 -0.000022 -0.000050
 28   2.920798 1.614964 -1.501142 -0.000002 -0.000009 -0.000024
 29   8.824059 0.150544 0.091743 -0.024413 0.203512 -0.920028
 30   2.111085 -0.561179 1.784320 0.001823 0.002137 -0.007266
 31   2.121290 -0.561289 -1.853599 -0.002666 -0.003600 -0.010501
 32   -0.810489 -0.093824 3.127092 0.001376 -2.696272 0.071551
 33   14.298673 -0.408176 0.475484 -0.000064 -0.000210 0.033715
 34   15.835795 0.581398 0.242756 -0.003042 -0.010786 -0.001416
 35   -0.815868 -0.091229 -3.114430 0.458392 3.496800 -1.004434
 36   14.294526 -0.410349 -0.463635 -0.000051 -0.000180 -2.653655
 37   15.834409 0.579420 -0.284600 0.003070 0.010894 0.015959
 38   1.963929 -4.117832 -3.191012 -0.195378 -0.130291 1.003234
 39   -4.141326 -1.148607 -0.738367 -0.065232 -0.059408 0.519884
 40   0.559490 -4.172447 2.709930 -0.195378 -0.130278 1.003233
 41   -4.750256 -0.965377 0.951753 -0.065233 -0.059408 0.519856
 42   0.760544 -0.892621 -2.649550 -0.063554 0.027539 1.326858
 43   0.476592 -0.645244 2.900628 -0.063570 0.027540 1.326858
time 12
  0   0.020765 -0.546892 15.239118 2.705095 0.000000 -1.571069
  1   -1.093036 0.000002 -0.326057 -1.570023 -1.570379 -0.000268
  2   2.262337 0.113614 0.064702 -0.013605 0.156448 0.245661
  3   2.380047 0.353302 0.047440 0.001245 0.156982 0.469511
  4   2.033756 0.190472 -0.000128 -0.024428 0.172794 0.383504
  5   2.451511 0.204909 -0.003447 0.000000 -0.000005 -0.017472
  6   7.247600 -0.397300 -0.109469 0.000001 -0.000003 0.418504
  7   -2.022252 -0.104661 3.136172 -0.298879 -1.361718 -2.901749
  8   1.168026 -0.537438 -0.063437 -1.563173 0.904768 -1.527043
  9   6.790376 -0.619176 0.015206 -0.009367 -0.035190 -0.539141
 10   8.637599 0.544015 -0.090417 -1.570112 0.000221 -0.122021
 11   6.790465 -0.619039 0.017802 -0.009626 -0.035301 -0.392564
 12   -2.022474 -0.104699 -2.873818 0.299065 1.362032 -2.901601
 13   1.167898 -0.537463 0.063297 1.495507 -0.611720 -1.708927
 14   7.002743 -0.617765 -0.183752 0.614759 -0.819664 -0.122769
 15   8.209042 0.615527 -0.255885 -0.750935 0.526679 -0.668674
 16   7.002735 -0.617911 -0.183641 0.409254 -0.577603 -0.042599
 17   1.574674 0.609930 -0.000899 0.000000 0.000008 0.078017
 18   -0.602177 0.511412 -0.000006 0.000000 0.000000 0.000000
 19   3.673773 0.177020 1.119313 -0.000002 -0.000014 -0.174510
 20   3.673767 0.176993 -1.117566 0.000007 -0.000003 -0.174546
 21   3.942357 1.330634 1.627658 0.000002 -0.000011 -0.000026
 22   -0.246060 -0.011889 0.516521 -0.000011 0.000031 0.000025
 23   3.938468 1.330659 -1.631083 0.000019 0.000002 -0.000024
 24   -0.246150 -0.011872 -0.516511 -0.000005 -0.000006 0.000048
 25   4.941364 1.997338 1.629330 0.000018 0.011845 -0.000024
 26   4.941382 1.997366 -1.629410 -0.000001 -0.011858 -0.000024
 27   2.918368 1.615358 1.514501 -0.000019 -0.000022 -0.000050
 28   2.920798 1.614964 -1.501142 -0.000002 -0.000009 -0.000024
 29   8.824059 0.150544 0.091743 -0.022898 0.209660 -0.939556
 30   2.111085 -0.580711 1.776507 0.006813 0.009809 -0.027101
 31   2.113477 -0.580821 -1.845786 -0.009990 -0.013495 -0.039013
 32   -0.810489 -0.093824 3.127092 0.001376 -2.696272 0.071551
 33   14.298673 -0.408176 0.475484 -0.000064 -0.000210 0.033715
 34   15.835795 0.581398 0.242756 -0.003042 -0.010786 -0.001416
 35   -0.815868 -0.091229 -3.114430 0.458392 3.496800 -1.004434
 36   14.294526 -0.410349 -0.463635 -0.000051 -0.000180 -2.653655
 37   15.834409 0.579420 -0.284600 0.003070 0.010894 0.015959
 38   1.975648 -4.129551 -3.191012 -0.202471 -0.128001 1.014658
 39   -4.129607 -1.156420 -0.738367 -0.069822 -0.058449 0.535001
 40   0.551677 -4.172447 2.702117 -0.202471 -0.128013 1.014719
 41   -4.761975 -0.957564 0.951753 -0.069823 -0.058449 0.535001
 42   0.791795 -0.955123 -2.641737 -0.065975 0.028735 1.339781
 43   0.500030 -0.688214 2.900628 -0.065969 0.028749 1.339781
time 13
  0   0.020765 -0.546892 15.239118 2.705095 0.000000 -1.571069
  1   -1.093036 0.000002 -0.326057 -1.570023 -1.570379 -0.000268
  2   2.262337 0.113614 0.064702 -0.013605 0.156448 0.240493
  3   2.380047 0.353302 0.047440 0.001245 0.156982 0.466042
  4   2.033756 0.190472 -0.000128 -0.024428 0.172794 0.378285
  5   2.451511 0.204909 -0.003447 0.000000 -0.000005 -0.017472
  6   7.247600 -0.397300 -0.109469 0.000001 -0.000003 0.418504
  7   -2.022252 -0.104661 3.136172 -0.298879 -1.361718 -2.901749
  8   1.168026 -0.537438 -0.063437 -1.562540 0.913573 -1.526600
  9   6.790376 -0.619176 0.015206 -0.009367 -0.035190 -0.539141
 10   8.637599 0.544015 -0.090417 -1.570112 0.000221 -0.122021
 11   6.790465 -0.619039 0.017802 -0.009626 -0.035301 -0.392564
 12   -2.022474 -0.104699 -2.873818 0.299065 1.362032 -2.901601
 13   1.167898 -0.537463 0.063297 1.497335 -0.622043 -1.709956
 14   7.002743 -0.617765 -0.183752 0.614759 -0.819664 -0.122769
 15   8.209042 0.615527 -0.255885 -0.750935 0.526679 -0.668674
 16   7.002735 -0.617911 -0.183641 0.409254 -0.577603 -0.042599
 17   1.574674 0.609930 -0.000899 0.000000 0.000008 0.078017
 18   -0.602177 0.511412 -0.000006 0.000000 0.000000 0.000000
 19   3.673773 0.177020 1.119313 -0.000002 -0.000014 -0.174510
 20   3.673767 0.176993 -1.117566 0.000007 -0.000003 -0.174546
 21   3.942357 1.330634 1.627658 0.000002 -0.000011 -0.000026
 22   -0.246060 -0.011889 0.516521 -0.000011 0.000031 0.000025
 23   3.942374 1.330659 -1.631083 0.000019 0.000002 -0.000024
 24   -0.246150 -0.011872 -0.516511 -0.000005 -0.000006 0.000048
 25   4.941364 1.997338 1.629330 0.000018 0.013783 -0.000024
 26   4.941382 1.997366 -1.629410 -0.000001 -0.013791 -0.000024
 27   2.918368 1.615358 1.514501 -0.000019 -0.000022 -0.000050
 28   2.920798 1.614964 -1.501142 -0.000002 -0.000009 -0.000024
 29   8.824059 0.150544 0.091743 -0.021650 0.214456 -0.954685
 30   2.103272 -0.611962 1.764788 0.014176 0.021142 -0.056305
 31   2.101758 -0.612072 -1.834067 -0.020746 -0.027999 -0.081063
 32   -0.810489 -0.093824 3.127092 0.001376 -2.696272 0.071551
 33   14.298673 -0.408176 0.475484 -0.000064 -0.000210 0.033715
 34   15.835795 0.581398 0.242756 -0.003042 -0.010786 -0.001416
 35   -0.815868 -0.091229 -3.114430 0.458392 3.496800 -1.004434
 36   14.294526 -0.410349 -0.463635 -0.000051 -0.000180 -2.653655
 37   15.834409 0.579420 -0.284600 0.003070 0.010894 0.015959
 38   1.983461 -4.133457 -3.191012 -0.208323 -0.124663 1.031581
 39   -4.129607 -1.160326 -0.738367 -0.073418 -0.057035 0.557297
 40   0.539958 -4.168541 2.702117 -0.208323 -0.124662 1.031642
 41   -4.761975 -0.953658 0.951753 -0.073419 -0.057035 0.557297
 42   0.834765 -1.001999 -2.630018 -0.067869 0.030498 1.349860
 43   0.531281 -0.723371 2.912347 -0.067868 0.030490 1.349860
time 14
  0   0.020765 -0.546892 15.239118 2.705095 0.000000 -1.571069
  1   -1.093036 0.000002 -0.326057 -1.570023 -1.570379 -0.000268
  2   2.262337 0.113614 0.064702 -0.013605 0.156448 0.235180
  3   2.380047 0.353302 0.047440 0.001245 0.156982 0.462573
  4   2.033756 0.190472 -0.000128 -0.024428 0.172794 0.373065
  5   2.451511 0.204909 -0.003447 0.000000 -0.000005 -0.017472
  6   7.247600 -0.397300 -0.109469 0.000001 -0.000003 0.418504
  7   -2.022252 -0.104661 3.136172 -0.298879 -1.361718 -2.901749
  8   1.168026 -0.537438 -0.063437 -1.561844 0.922227 -1.526094
  9   6.790376 -0.619176 0.015206 -0.009367 -0.035190 -0.539141
 10   8.637599 0.544015 -0.090417 -1.570112 0.000221 -0.122021
 11   6.790465 -0.619039 0.017802 -0.009626 -0.035301 -0.392564
 12   -2.022474 -0.104699 -2.873818 0.299065 1.362032 -2.901601
 13   1.167898 -0.537463 0.063297 1.499092 -0.632316 -1.711106
 14   7.002743 -0.617765 -0.183752 0.614759 -0.819664 -0.122769
 15   8.209042 0.615527 -0.255885 -0.750504 0.526679 -0.668674
 16   7.002735 -0.617911 -0.183641 0.409254 -0.577603 -0.042599
 17   1.574674 0.609930 -0.000899 0.000000 0.000008 0.078017
 18   -0.602177 0.511412 -0.000006 0.000000 0.000000 0.000000
 19   3.673773 0.177020 1.119313 -0.000002 -0.000014 -0.174510
 20   3.673767 0.176993 -1.117566 0.000007 -0.000003 -0.174546
 21   3.942357 1.330634 1.627658 0.000002 -0.000011 -0.000026
 22   -0.246060 -0.011889 0.516521 -0.000011 0.000031 0.000025
 23   3.938468 1.330659 -1.631083 0.000019 0.000002 -0.000024
 24   -0.246150 -0.011872 -0.516511 -0.000005 -0.000006 0.000048
 25   4.941364 1.997338 1.629330 0.000018 0.015883 -0.000024
 26   4.941382 1.997366 -1.629410 -0.000001 -0.015887 -0.000024
 27   2.918368 1.615358 1.514501 -0.000019 -0.000022 -0.000050
 28   2.920798 1.614964 -1.501142 -0.000002 -0.000009 -0.000024
 29   8.824059 0.150544 0.091743 -0.020759 0.218064 -0.966112
 30   2.091553 -0.643213 1.753069 0.023099 0.034917 -0.091793
 31   2.090039 -0.643323 -1.822348 -0.033831 -0.045638 -0.132083
 32   -0.810489 -0.093824 3.127092 0.001376 -2.696272 0.071551
 33   14.298673 -0.408176 0.475484 -0.000064 -0.000210 0.033715
 34   15.835795 0.581398 0.242756 -0.003042 -0.010786 -0.001416
 35   -0.815868 -0.091229 -3.114430 0.458392 3.496800 -1.004434
 36   14.294526 -0.410349 -0.463635 -0.000051 -0.000180 -2.653655
 37   15.834409 0.579420 -0.284600 0.003070 0.010894 0.015959
 38   1.991274 -4.133457 -3.183199 -0.213038 -0.120590 1.052170
 39   -4.125701 -1.160326 -0.738367 -0.076090 -0.055309 0.584389
 40   0.536052 -4.168541 2.698211 -0.213038 -0.120589 1.052231
 41   -4.769788 -0.953658 0.951753 -0.076091 -0.055309 0.584389
 42   0.877735 -1.033250 -2.626112 -0.069283 0.032629 1.357429
 43   0.570345 -0.742903 2.920160 -0.069280 0.032624 1.357429
time 15
  0   0.020765 -0.546892 15.239118 2.705095 0.000000 -1.571069
  1   -1.093036 0.000002 -0.326057 -1.570023 -1.570379 -0.000268
  2   2.262337 0.113614 0.064702 -0.013605 0.156448 0.229975
  3   2.380047 0.353302 0.047440 0.001245 0.156982 0.459043
  4   2.033756 0.190472 -0.000128 -0.024428 0.172794 0.367846
  5   2.451511 0.204909 -0.003447 0.000000 -0.000005 -0.017472
  6   7.247600 -0.397300 -0.109469 0.000001 -0.000003 0.418504
  7   -2.022252 -0.104661 3.136172 -0.298879 -1.361718 -2.901749
  8   1.168026 -0.537438 -0.063437 -1.561401 0.931032 -1.525588
  9   6.790376 -0.619176 0.015206 -0.009367 -0.035190 -0.539141
 10   8.637599 0.544015 -0.090417 -1.570112 0.000221 -0.122021
 11   6.790465 -0.619039 0.017802 -0.009626 -0.035301 -0.392564
 12   -2.022474 -0.104699 -2.873818 0.299065 1.362032 -2.901601
 13   1.167898 -0.537463 0.063297 1.500920 -0.642639 -1.712135
 14   7.002743 -0.617765 -0.183752 0.614759 -0.819664 -0.122769
 15   8.209042 0.615527 -0.255885 -0.750504 0.526679 -0.668674
 16   7.002735 -0.617911 -0.183641 0.409254 -0.577603 -0.042599
 17   1.574674 0.609930 -0.000899 0.000000 0.000008 0.078017
 18   -0.602177 0.511412 -0.000006 0.000000 0.000000 0.000000
 19   3.673773 0.177020 1.119313 -0.000002 -0.000014 -0.174510
 20   3.673767 0.176993 -1.117566 0.000007 -0.000003 -0.174546
 21   3.942357 1.330634 1.627658 0.000002 -0.000011 -0.000026
 22   -0.246060 -0.011889 0.516521 -0.000011 0.000031 0.000025
 23   3.942374 1.330659 -1.631083 0.000019 0.000002 -0.000024
 24   -0.246150 -0.011872 -0.516511 -0.000005 -0.000006 0.000048
 25   4.941364 1.997338 1.629330 0.000018 0.018091 -0.000024
 26   4.941382 1.997366 -1.629410 -0.000001 -0.018082 -0.000024
 27   2.918368 1.615358 1.514501 -0.000019 -0.000022 -0.000050
 28   2.920798 1.614964 -1.501142 -0.000002 -0.000009 -0.000024
 29   8.824059 0.150544 0.091743 -0.020135 0.220675 -0.974212
 30   2.079834 -0.678370 1.733537 0.032835 0.049883 -0.130411
 31   2.078320 -0.686293 -1.802816 -0.048065 -0.064857 -0.187652
 32   -0.810489 -0.093824 3.127092 0.001376 -2.696272 0.071551
 33   14.298673 -0.408176 0.475484 -0.000064 -0.000210 0.033715
 34   15.835795 0.581398 0.242756 -0.003042 -0.010786 -0.001416
 35   -0.815868 -0.091229 -3.114430 0.458392 3.496800 -1.004434
 36   14.294526 -0.410349 -0.463635 -0.000051 -0.000180 -2.653655
 37   15.834409 0.579420 -0.284600 0.003070 0.010894 0.015959
 38   1.995180 -4.133457 -3.183199 -0.216700 -0.116180 1.074592
 39   -4.125701 -1.168139 -0.738367 -0.078032 -0.053427 0.613865
 40   0.536052 -4.168541 2.698211 -0.216700 -0.116179 1.074530
 41   -4.769788 -0.945845 0.951753 -0.078033 -0.053427 0.613865
 42   0.936331 -1.060595 -2.614393 -0.070302 0.034960 1.362908
 43   0.617221 -0.766341 2.931879 -0.070292 0.034947 1.362908
time 16
  0   0.020765 -0.546892 15.239118 2.705095 0.000000 -1.571069
  1   -1.093036 0.000002 -0.326057 -1.570023 -1.570379 -0.000268
  2   2.262337 0.113614 0.064702 -0.013605 0.156448 0.224771
  3   2.380047 0.353302 0.047440 0.001245 0.156982 0.455574
  4   2.033756 0.190472 -0.000128 -0.024428 0.172794 0.362517
  5   2.451511 0.204909 -0.003447 0.000000 -0.000005 -0.017472
  6   7.247600 -0.397300 -0.109469 0.000001 -0.000003 0.418504
  7   -2.022252 -0.104661 3.136172 -0.298879 -1.361718 -2.901749
  8   1.168026 -0.537438 -0.063437 -1.560578 0.939837 -1.525145
  9   6.790376 -0.619176 0.015206 -0.009367 -0.035190 -0.539141
 10   8.637599 0.544015 -0.090417 -1.570112 0.000221 -0.122021
 11   6.790465 -0.619039 0.017802 -0.009626 -0.035301 -0.392564
 12   -2.022474 -0.104699 -2.873818 0.299065 1.362032 -2.901601
 13   1.167898 -0.537463 0.063297 1.502818 -0.653114 -1.713225
 14   7.002743 -0.617765 -0.183752 0.614759 -0.819664 -0.122769
 15   8.209042 0.615527 -0.255885 -0.750504 0.526679 -0.668674
 16   7.002735 -0.617911 -0.183641 0.409254 -0.577603 -0.042599
 17   1.574674 0.609930 -0.000899 0.000000 0.000008 0.078017
 18   -0.602177 0.511412 -0.000006 0.000000 0.000000 0.000000
 19   3.673773 0.177020 1.119313 -0.000002 -0.000014 -0.174510
 20   3.673767 0.176993 -1.117566 0.000007 -0.000003 -0.174546
 21   3.942357 1.330634 1.627658 0.000002 -0.000011 -0.000026
 22   -0.246060 -0.011889 0.516521 -0.000011 0.000031 0.000025
 23   3.942374 1.330659 -1.631083 0.000019 0.000002 -0.000024
 24   -0.246150 -0.011872 -0.516511 -0.000005 -0.000006 0.000048
 25   4.941364 1.997338 1.629330 0.000018 0.020433 -0.000024
 26   4.941382 1.997366 -1.629410 -0.000001 -0.020427 -0.000024
 27   2.918368 1.615358 1.514501 -0.000019 -0.000022 -0.000050
 28   2.920798 1.614964 -1.501142 -0.000002 -0.000009 -0.000024
 29   8.824059 0.150544 0.091743 -0.019690 0.222408 -0.979685
 30   2.072021 -0.717434 1.721818 0.042544 0.064849 -0.169007
 31   2.058788 -0.725357 -1.791097 -0.062299 -0.084050 -0.243203
 32   -0.810489 -0.093824 3.127092 0.001376 -2.696272 0.071551
 33   14.298673 -0.408176 0.475484 -0.000064 -0.000210 0.033715
 34   15.835795 0.581398 0.242756 -0.003042 -0.010786 -0.001416
 35   -0.815868 -0.091229 -3.114430 0.458392 3.496800 -1.004434
 36   14.294526 -0.410349 -0.463635 -0.000051 -0.000180 -2.653655
 37   15.834409 0.579420 -0.284600 0.003070 0.010894 0.015959
 38   1.995180 -4.133457 -3.183199 -0.219479 -0.111757 1.097014
 39   -4.117888 -1.168139 -0.734461 -0.079314 -0.051570 0.643341
 40   0.528239 -4.164635 2.698211 -0.219479 -0.111744 1.096952
 41   -4.773694 -0.945845 0.947847 -0.079315 -0.051570 0.643341
 42   0.991020 -1.080127 -2.598767 -0.070985 0.037275 1.366505
 43   0.664098 -0.778060 2.939692 -0.070979 0.037301 1.366505
time 17
  0   0.020765 -0.546892 15.239118 2.705095 0.000000 -1.571069
  1   -1.093036 0.000002 -0.326057 -1.570023 -1.570379 -0.000268
  2   2.262337 0.113614 0.064702 -0.013605 0.156448 0.219494
  3   2.380047 0.353302 0.047440 0.001245 0.156982 0.452064
  4   2.033756 0.190472 -0.000128 -0.024428 0.172794 0.357370
  5   2.451511 0.204909 -0.003447 0.000000 -0.000005 -0.017472
  6   7.247600 -0.397300 -0.109469 0.000001 -0.000003 0.418504
  7   -2.022252 -0.104661 3.136172 -0.298879 -1.361718 -2.901749
  8   1.168026 -0.537438 -0.063437 -1.560009 0.948592 -1.524576
  9   6.790376 -0.619176 0.015206 -0.009367 -0.035190 -0.539141
 10   8.637599 0.544015 -0.090417 -1.570112 0.000221 -0.122021
 11   6.790465 -0.619039 0.017802 -0.009626 -0.035301 -0.392564
 12   -2.022474 -0.104699 -2.873818 0.299065 1.362032 -2.901601
 13   1.167898 -0.537463 0.063297 1.504716 -0.663438 -1.714375
 14   7.002743 -0.617765 -0.183752 0.614759 -0.819664 -0.122769
 15   8.209042 0.615527 -0.255885 -0.750504 0.526679 -0.668674
 16   7.002735 -0.617911 -0.183641 0.409254 -0.577603 -0.042599
 17   1.574674 0.609930 -0.000899 0.000000 0.000008 0.078017
 18   -0.602177 0.511412 -0.000006 0.000000 0.000000 0.000000
 19   3.673773 0.177020 1.119313 -0.000002 -0.000014 -0.174510
 20   3.673767 0.176993 -1.117566 0.000007 -0.000003 -0.174546
 21   3.942357 1.330634 1.627658 0.000002 -0.000011 -0.000026
 22   -0.246060 -0.011889 0.516521 -0.000011 0.000031 0.000025
 23   3.938468 1.330659 -1.631083 0.000019 0.000002 -0.000024
 24   -0.246150 -0.011872 -0.516511 -0.000005 -0.000006 0.000048
 25   4.941364 1.997338 1.629330 0.000018 0.022883 -0.000024
 26   4.941382 1.997366 -1.629410 -0.000001 -0.022872 -0.000024
 27   2.918368 1.615358 1.514501 -0.000019 -0.000022 -0.000050
 28   2.920798 1.614964 -1.501142 -0.000002 -0.000009 -0.000024
 29   8.824059 0.150544 0.091743 -0.019422 0.223429 -0.983011
 30   2.060302 -0.748685 1.702286 0.051467 0.078594 -0.204495
 31   2.050975 -0.752701 -1.779378 -0.075384 -0.101741 -0.294241
 32   -0.810489 -0.093824 3.127092 0.001376 -2.696272 0.071551
 33   14.298673 -0.408176 0.475484 -0.000064 -0.000210 0.033715
 34   15.835795 0.581398 0.242756 -0.003042 -0.010786 -0.001416
 35   -0.815868 -0.091229 -3.114430 0.458392 3.496800 -1.004434
 36   14.294526 -0.410349 -0.463635 -0.000051 -0.000180 -2.653655
 37   15.834409 0.579420 -0.284600 0.003070 0.010894 0.015959
 38   2.002993 -4.141270 -3.183199 -0.221415 -0.107696 1.117480
 39   -4.117888 -1.168139 -0.734461 -0.080093 -0.049844 0.670434
 40   0.528239 -4.156822 2.698211 -0.221415 -0.107683 1.117541
 41   -4.773694 -0.945845 0.947847 -0.080094 -0.049844 0.670434
 42   1.033990 -1.087939 -2.594861 -0.071380 0.039406 1.368763
 43   0.707068 -0.785873 2.951411 -0.071379 0.039435 1.368763
time 18
  0   0.020765 -0.546892 15.239118 2.705095 0.000000 -1.571069
  1   -1.093036 0.000002 -0.326057 -1.570023 -1.570379 -0.000268
  2   2.262337 0.113614 0.064702 -0.013605 0.156448 0.214290
  3   2.380047 0.353302 0.047440 0.001245 0.156982 0.448575
  4   2.033756 0.190472 -0.000128 -0.024428 0.172794 0.352078
  5   2.451511 0.204909 -0.003447 0.000000 -0.000005 -0.017472
  6   7.247600 -0.397300 -0.109469 0.000001 -0.000003 0.418504
  7   -2.022252 -0.104661 3.136172 -0.298879 -1.361718 -2.901749
  8   1.168026 -0.537438 -0.063437 -1.559123 0.957296 -1.523880
  9   6.790376 -0.619176 0.015206 -0.009367 -0.035190 -0.539141
 10   8.637599 0.544015 -0.090417 -1.570112 0.000221 -0.122021
 11   6.790465 -0.619039 0.017802 -0.009626 -0.035301 -0.392564
 12   -2.022474 -0.104699 -2.873818 0.299065 1.362032 -2.901601
 13   1.167898 -0.537463 0.063297 1.506614 -0.673710 -1.715525
 14   7.002743 -0.617765 -0.183752 0.614759 -0.819664 -0.122769
 15   8.209042 0.615527 -0.255885 -0.750504 0.526679 -0.668674
 16   7.002735 -0.617911 -0.183641 0.409254 -0.577603 -0.042599
 17   1.574674 0.609930 -0.000899 0.000000 0.000008 0.078017
 18   -0.602177 0.511412 -0.000006 0.000000 0.000000 0.000000
 19   3.673773 0.177020 1.119313 -0.000002 -0.000014 -0.174510
 20   3.673767 0.176993 -1.117566 0.000007 -0.000003 -0.174546
 21   3.942357 1.330634 1.627658 0.000002 -0.000011 -0.000026
 22   -0.246060 -0.011889 0.516521 -0.000011 0.000031 0.000025
 23   3.942374 1.330659 -1.631083 0.000019 0.000002 -0.000024
 24   -0.246150 -0.011872 -0.516511 -0.000005 -0.000006 0.000048
 25   4.941364 1.997338 1.629330 0.000018 0.025454 -0.000024
 26   4.941382 1.997366 -1.629410 -0.000001 -0.025454 -0.000024
 27   2.918368 1.615358 1.514501 -0.000019 -0.000022 -0.000050
 28   2.920798 1.614964 -1.501142 -0.000002 -0.000009 -0.000024
 29   8.824059 0.150544 0.091743 -0.019244 0.223974 -0.984727
 30   2.060302 -0.779936 1.690567 0.058830 0.089928 -0.233699
 31   2.039256 -0.783952 -1.763752 -0.086155 -0.116272 -0.336291
 32   -0.810489 -0.093824 3.127092 0.001376 -2.696272 0.071551
 33   14.298673 -0.408176 0.475484 -0.000064 -0.000210 0.033715
 34   15.835795 0.581398 0.242756 -0.003042 -0.010786 -0.001416
 35   -0.815868 -0.091229 -3.114430 0.458392 3.496800 -1.004434
 36   14.294526 -0.410349 -0.463635 -0.000051 -0.000180 -2.653655
 37   15.834409 0.579420 -0.284600 0.003070 0.010894 0.015959
 38   2.002993 -4.141270 -3.183199 -0.222678 -0.104346 1.134526
 39   -4.117888 -1.168139 -0.734461 -0.080500 -0.048430 0.692730
 40   0.528239 -4.156822 2.698211 -0.222678 -0.104333 1.134464
 41   -4.773694 -0.945845 0.947847 -0.080501 -0.048430 0.692730
 42   1.076960 -1.095752 -2.587048 -0.071608 0.041185 1.369892
 43   0.738319 -0.789779 2.955317 -0.071604 0.041192 1.369892
time 19
  0   0.020765 -0.546892 15.239118 2.705095 0.000000 -1.571069
  1   -1.093036 0.000002 -0.326057 -1.570023 -1.570379 -0.000268
  2   2.262337 0.113614 0.064702 -0.013605 0.156448 0.209013
  3   2.380047 0.353302 0.047440 0.001245 0.156982 0.445065
  4   2.033756 0.190472 -0.000128 -0.024428 0.172794 0.346786
  5   2.451511 0.204909 -0.003447 0.000000 -0.000005 -0.017472
  6   7.247600 -0.397300 -0.109469 0.000001 -0.000003 0.418504
  7   -2.022252 -0.104661 3.136172 -0.298879 -1.361718 -2.901749
  8   1.168026 -0.537438 -0.063437 -1.558490 0.965799 -1.523374
  9   6.790376 -0.619176 0.015206 -0.009367 -0.035190 -0.539141
 10   8.637599 0.544015 -0.090417 -1.570112 0.000221 -0.122021
 11   6.790465 -0.619039 0.017802 -0.009626 -0.035301 -0.392564
 12   -2.022474 -0.104699 -2.873818 0.299065 1.362032 -2.901601
 13   1.167898 -0.537463 0.063297 1.508441 -0.684237 -1.716857
 14   7.002743 -0.617765 -0.183752 0.614759 -0.819664 -0.122769
 15   8.209042 0.615527 -0.255885 -0.750935 0.526679 -0.668674
 16   7.002735 -0.617911 -0.183641 0.409254 -0.577603 -0.042599
 17   1.574674 0.609930 -0.000899 0.000000 0.000008 0.078017
 18   -0.602177 0.511412 -0.000006 0.000000 0.000000 0.000000
 19   3.673773 0.177020 1.119313 -0.000002 -0.000014 -0.174510
 20   3.673767 0.176993 -1.117566 0.000007 -0.000003 -0.174546
 21   3.942357 1.330634 1.627658 0.000002 -0.000011 -0.000026
 22   -0.246060 -0.011889 0.516521 -0.000011 0.000031 0.000025
 23   3.942374 1.330659 -1.631083 0.000019 0.000002 -0.000024
 24   -0.246150 -0.011872 -0.516511 -0.000005 -0.000006 0.000048
 25   4.941364 1.997338 1.629330 0.000018 0.028146 -0.000024
 26   4.941382 1.997366 -1.629410 -0.000001 -0.028136 -0.000024
 27   2.918368 1.615358 1.514501 -0.000019 -0.000022 -0.000050
 28   2.920798 1.614964 -1.501142 -0.000002 -0.000009 -0.000024
 29   8.824059 0.150544 0.091743 -0.019244 0.224164 -0.985425
 30   2.048583 -0.799468 1.682754 0.063820 0.097629 -0.253534
 31   2.027537 -0.803484 -1.759846 -0.093448 -0.126088 -0.364803
 32   -0.810489 -0.093824 3.127092 0.001376 -2.696272 0.071551
 33   14.298673 -0.408176 0.475484 -0.000064 -0.000210 0.033715
 34   15.835795 0.581398 0.242756 -0.003042 -0.010786 -0.001416
 35   -0.815868 -0.091229 -3.114430 0.458392 3.496800 -1.004434
 36   14.294526 -0.410349 -0.463635 -0.000051 -0.000180 -2.653655
 37   15.834409 0.579420 -0.284600 0.003070 0.010894 0.015959
 38   2.002993 -4.141270 -3.179293 -0.223373 -0.102068 1.145950
 39   -4.117888 -1.168139 -0.734461 -0.080644 -0.047459 0.707875
 40   0.528239 -4.156822 2.698211 -0.223373 -0.102080 1.146011
 41   -4.773694 -0.945845 0.947847 -0.080645 -0.047459 0.707875
 42   1.108211 -1.095752 -2.575329 -0.071680 0.042381 1.370268
 43   0.761757 -0.789779 2.963130 -0.071679 0.042385 1.370268
time 20
  0   0.020765 -0.546892 15.239118 2.705095 0.000000 -1.571069
  1   -1.093036 0.000002 -0.326057 -1.570023 -1.570379 -0.000268
  2   2.262337 0.113614 0.064702 -0.013605 0.156448 0.214290
  3   2.380047 0.353302 0.047440 0.001245 0.156982 0.448575
  4   2.033756 0.190472 -0.000128 -0.024428 0.172794 0.352078
  5   2.451511 0.204909 -0.003447 0.000000 -0.000005 -0.017472
  6   7.247600 -0.397300 -0.109469 0.000001 -0.000003 0.418504
  7   -2.022252 -0.104661 3.136172 -0.298879 -1.361718 -2.901749
  8   1.168026 -0.537438 -0.063437 -1.559123 0.957296 -1.523880
  9   6.790376 -0.619176 0.015206 -0.009367 -0.035190 -0.539141
 10   8.637599 0.544015 -0.090417 -1.570112 0.000221 -0.122021
 11   6.790465 -0.619039 0.017802 -0.009626 -0.035301 -0.392564
 12   -2.022474 -0.104699 -2.873818 0.299065 1.362032 -2.901601
 13   1.167898 -0.537463 0.063297 1.506614 -0.673710 -1.715525
 14   7.002743 -0.617765 -0.183752 0.614759 -0.819664 -0.122769
 15   8.209042 0.615527 -0.255885 -0.750504 0.526679 -0.668674
 16   7.002735 -0.617911 -0.183641 0.409254 -0.577603 -0.042599
 17   1.574674 0.609930 -0.000899 0.000000 0.000008 0.078017
 18   -0.602177 0.511412 -0.000006 0.000000 0.000000 0.000000
 19   3.673773 0.177020 1.119313 -0.000002 -0.000014 -0.174510
 20   3.673767 0.176993 -1.117566 0.000007 -0.000003 -0.174546
 21   3.942357 1.330634 1.627658 0.000002 -0.000011 -0.000026
 22   -0.246060 -0.011889 0.516521 -0.000011 0.000031 0.000025
 23   3.942374 1.330659 -1.631083 0.000019 0.000002 -0.000024
 24   -0.246150 -0.011872 -0.516511 -0.000005 -0.000006 0.000048
 25   4.941364 1.997338 1.629330 0.000018 0.030933 -0.000024
 26   4.941382 1.997366 -1.629410 -0.000001 -0.030930 -0.000024
 27   2.918368 1.615358 1.514501 -0.000019 -0.000022 -0.000050
 28   2.920798 1.614964 -1.501142 -0.000002 -0.000009 -0.000024
 29   8.824059 0.150544 0.091743 -0.019155 0.224236 -0.985479
 30   2.048583 -0.803374 1.678848 0.065678 0.100447 -0.260824
 31   2.027537 -0.811297 -1.752033 -0.096145 -0.129740 -0.375320
 32   -0.810489 -0.093824 3.127092 0.001376 -2.696272 0.071551
 33   14.298673 -0.408176 0.475484 -0.000064 -0.000210 0.033715
 34   15.835795 0.581398 0.242756 -0.003042 -0.010786 -0.001416
 35   -0.815868 -0.091229 -3.114430 0.458392 3.496800 -1.004434
 36   14.294526 -0.410349 -0.463635 -0.000051 -0.000180 -2.653655
 37   15.834409 0.579420 -0.284600 0.003070 0.010894 0.015959
 38   2.002993 -4.141270 -3.179293 -0.223541 -0.101237 1.150227
 39   -4.117888 -1.168139 -0.734461 -0.080668 -0.047099 0.713428
 40   0.528239 -4.156822 2.698211 -0.223541 -0.101224 1.150165
 41   -4.773694 -0.945845 0.947847 -0.080669 -0.047099 0.713428
 42   1.116024 -1.095752 -2.575329 -0.071692 0.042810 1.370352
 43   0.773476 -0.789779 2.963130 -0.071679 0.042824 1.370352
time 21
  0   0.020765 -0.546892 15.239118 2.705095 0.000000 -1.571069
  1   -1.093036 0.000002 -0.326057 -1.570023 -1.570379 -0.000268
  2   2.262337 0.113614 0.064702 -0.013605 0.156448 0.219494
  3   2.380047 0.353302 0.047440 0.001245 0.156982 0.452064
  4   2.033756 0.190472 -0.000128 -0.024428 0.172794 0.357370
  5   2.451511 0.204909 -0.003447 0.000000 -0.000005 -0.017472
  6   7.247600 -0.397300 -0.109469 0.000001 -0.000003 0.418504
  7   -2.022252 -0.104661 3.136172 -0.298879 -1.361718 -2.901749
  8   1.168026 -0.537438 -0.063437 -1.560009 0.948592 -1.524576
  9   6.790376 -0.619176 0.015206 -0.009367 -0.035190 -0.539141
 10   8.637599 0.544015 -0.090417 -1.570112 0.000221 -0.122021
 11   6.790465 -0.619039 0.017802 -0.009626 -0.035301 -0.392564
 12   -2.022474 -0.104699 -2.873818 0.299065 1.362032 -2.901601
 13   1.167898 -0.537463 0.063297 1.504716 -0.663438 -1.714375
 14   7.002743 -0.617765 -0.183752 0.614759 -0.819664 -0.122769
 15   8.209042 0.615527 -0.255885 -0.750504 0.526679 -0.668674
 16   7.002735 -0.617911 -0.183641 0.409254 -0.577603 -0.042599
 17   1.574674 0.609930 -0.000899 0.000000 0.000008 0.078017
 18   -0.602177 0.511412 -0.000006 0.000000 0.000000 0.000000
 19   3.673773 0.177020 1.119313 -0.000002 -0.000014 -0.174510
 20   3.673767 0.176993 -1.117566 0.000007 -0.000003 -0.174546
 21   3.942357 1.330634 1.627658 0.000002 -0.000011 -0.000026
 22   -0.246060 -0.011889 0.516521 -0.000011 0.000031 0.000025
 23   3.938468 1.330659 -1.631083 0.000019 0.000002 -0.000024
 24   -0.246150 -0.011872 -0.516511 -0.000005 -0.000006 0.000048
 25   4.941364 1.997338 1.629330 0.000018 0.033840 -0.000024
 26   4.941382 1.997366 -1.629410 -0.000001 -0.033849 -0.000024
 27   2.918368 1.615358 1.514501 -0.000019 -0.000022 -0.000050
 28   2.920798 1.614964 -1.501142 -0.000002 -0.000009 -0.000024
 29   8.824059 0.150544 0.091743 -0.019422 0.223429 -0.982903
 30   2.048583 -0.799468 1.682754 0.063820 0.097629 -0.253534
 31   2.027537 -0.803484 -1.759846 -0.093448 -0.126088 -0.364803
 32   -0.810489 -0.093824 3.127092 0.001376 -2.696272 0.071551
 33   14.298673 -0.408176 0.475484 -0.000064 -0.000210 0.033715
 34   15.835795 0.581398 0.242756 -0.003042 -0.010786 -0.001416
 35   -0.815868 -0.091229 -3.114430 0.458392 3.496800 -1.004434
 36   14.294526 -0.410349 -0.463635 -0.000051 -0.000180 -2.653655
 37   15.834409 0.579420 -0.284600 0.003070 0.010894 0.015959
 38   2.002993 -4.141270 -3.179293 -0.222531 -0.102068 1.145950
 39   -4.117888 -1.168139 -0.734461 -0.080069 -0.047459 0.707875
 40   0.528239 -4.156822 2.698211 -0.222531 -0.102080 1.146011
 41   -4.773694 -0.945845 0.947847 -0.080070 -0.047459 0.707875
 42   1.108211 -1.087939 -2.575329 -0.071368 0.042381 1.368721
 43   0.761757 -0.785873 2.963130 -0.071379 0.042385 1.368721
time 22
  0   0.020765 -0.546892 15.239118 2.705095 0.000000 -1.571069
  1   -1.093036 0.000002 -0.326057 -1.570023 -1.570379 -0.000268
  2   2.262337 0.113614 0.064702 -0.013605 0.156448 0.224771
  3   2.380047 0.353302 0.047440 0.001245 0.156982 0.455574
  4   2.033756 0.190472 -0.000128 -0.024428 0.172794 0.362517
  5   2.451511 0.204909 -0.003447 0.000000 -0.000005 -0.017472
  6   7.247600 -0.397300 -0.109469 0.000001 -0.000003 0.418504
  7   -2.022252 -0.104661 3.136172 -0.298879 -1.361718 -2.901749
  8   1.168026 -0.537438 -0.063437 -1.560578 0.939837 -1.525145
  9   6.790376 -0.619176 0.015206 -0.009367 -0.035190 -0.539141
 10   8.637599 0.544015 -0.090417 -1.570112 0.000221 -0.122021
 11   6.790465 -0.619039 0.017802 -0.009626 -0.035301 -0.392564
 12   -2.022474 -0.104699 -2.873818 0.299065 1.362032 -2.901601
 13   1.167898 -0.537463 0.063297 1.502818 -0.653114 -1.713225
 14   7.002743 -0.617765 -0.183752 0.614759 -0.819664 -0.122769
 15   8.209042 0.615527 -0.255885 -0.750504 0.526679 -0.668674
 16   7.002735 -0.617911 -0.183641 0.409254 -0.577603 -0.042599
 17   1.574674 0.609930 -0.000899 0.000000 0.000008 0.078017
 18   -0.602177 0.511412 -0.000006 0.000000 0.000000 0.000000
 19   3.673773 0.177020 1.119313 -0.000002 -0.000014 -0.174510
 20   3.673767 0.176993 -1.117566 0.000007 -0.000003 -0.174546
 21   3.942357 1.330634 1.627658 0.000002 -0.000011 -0.000026
 22   -0.246060 -0.011889 0.516521 -0.000011 0.000031 0.000025
 23   3.942374 1.330659 -1.631083 0.000019 0.000002 -0.000024
 24   -0.246150 -0.011872 -0.516511 -0.000005 -0.000006 0.000048
 25   4.941364 1.997338 1.629330 0.000018 0.036855 -0.000024
 26   4.941382 1.997366 -1.629410 -0.000001 -0.036855 -0.000024
 27   2.918368 1.615358 1.514501 -0.000019 -0.000022 -0.000050
 28   2.920798 1.614964 -1.501142 -0.000002 -0.000009 -0.000024
 29   8.824059 0.150544 0.091743 -0.019957 0.221245 -0.976144
 30   2.060302 -0.779936 1.690567 0.058830 0.089928 -0.233699
 31   2.039256 -0.783952 -1.763752 -0.086155 -0.116272 -0.336291
 32   -0.810489 -0.093824 3.127092 0.001376 -2.696272 0.071551
 33   14.298673 -0.408176 0.475484 -0.000064 -0.000210 0.033715
 34   15.835795 0.581398 0.242756 -0.003042 -0.010786 -0.001416
 35   -0.815868 -0.091229 -3.114430 0.458392 3.496800 -1.004434
 36   14.294526 -0.410349 -0.463635 -0.000051 -0.000180 -2.653655
 37   15.834409 0.579420 -0.284600 0.003070 0.010894 0.015959
 38   1.995180 -4.133457 -3.183199 -0.219731 -0.104346 1.134526
 39   -4.117888 -1.168139 -0.734461 -0.078463 -0.048430 0.692730
 40   0.528239 -4.156822 2.698211 -0.219731 -0.104333 1.134464
 41   -4.773694 -0.945845 0.947847 -0.078464 -0.048430 0.692730
 42   1.076960 -1.064501 -2.587048 -0.070517 0.041185 1.364121
 43   0.738319 -0.766341 2.955317 -0.070517 0.041192 1.364121
time 23
  0   0.020765 -0.546892 15.239118 2.705095 0.000000 -1.571069
  1   -1.093036 0.000002 -0.326057 -1.570023 -1.570379 -0.000268
  2   2.262337 0.113614 0.064702 -0.013605 0.156448 0.229975
  3   2.380047 0.353302 0.047440 0.001245 0.156982 0.459043
  4   2.033756 0.190472 -0.000128 -0.024428 0.172794 0.367846
  5   2.451511 0.204909 -0.003447 0.000000 -0.000005 -0.017472
  6   7.247600 -0.397300 -0.109469 0.000001 -0.000003 0.418504
  7   -2.022252 -0.104661 3.136172 -0.298879 -1.361718 -2.901749
  8   1.168026 -0.537438 -0.063437 -1.561401 0.931032 -1.525588
  9   6.790376 -0.619176 0.015206 -0.009367 -0.035190 -0.539141
 10   8.637599 0.544015 -0.090417 -1.570112 0.000221 -0.122021
 11   6.790465 -0.619039 0.017802 -0.009626 -0.035301 -0.392564
 12   -2.022474 -0.104699 -2.873818 0.299065 1.362032 -2.901601
 13   1.167898 -0.537463 0.063297 1.500920 -0.642639 -1.712135
 14   7.002743 -0.617765 -0.183752 0.614759 -0.819664 -0.122769
 15   8.209042 0.615527 -0.255885 -0.750504 0.526679 -0.668674
 16   7.002735 -0.617911 -0.183641 0.409254 -0.577603 -0.042599
 17   1.574674 0.609930 -0.000899 0.000000 0.000008 0.078017
 18   -0.602177 0.511412 -0.000006 0.000000 0.000000 0.000000
 19   3.673773 0.177020 1.119313 -0.000002 -0.000014 -0.174510
 20   3.673767 0.176993 -1.117566 0.000007 -0.000003 -0.174546
 21   3.942357 1.330634 1.627658 0.000002 -0.000011 -0.000026
 22   -0.246060 -0.011889 0.516521 -0.000011 0.000031 0.000025
 23   3.942374 1.330659 -1.631083 0.000019 0.000002 -0.000024
 24   -0.246150 -0.011872 -0.516511 -0.000005 -0.000006 0.000048
 25   4.941364 1.997338 1.629330 0.000018 0.039965 -0.000024
 26   4.941382 1.997366 -1.629410 -0.000001 -0.039961 -0.000024
 27   2.918368 1.615358 1.514501 -0.000019 -0.000022 -0.000050
 28   2.920798 1.614964 -1.501142 -0.000002 -0.000009 -0.000024
 29   8.824059 0.150544 0.091743 -0.020759 0.218064 -0.966112
 30   2.060302 -0.748685 1.702286 0.051467 0.078594 -0.204495
 31   2.050975 -0.752701 -1.779378 -0.075384 -0.101741 -0.294241
 32   -0.810489 -0.093824 3.127092 0.001376 -2.696272 0.071551
 33   14.298673 -0.408176 0.475484 -0.000064 -0.000210 0.033715
 34   15.835795 0.581398 0.242756 -0.003042 -0.010786 -0.001416
 35   -0.815868 -0.091229 -3.114430 0.458392 3.496800 -1.004434
 36   14.294526 -0.410349 -0.463635 -0.000051 -0.000180 -2.653655
 37   15.834409 0.579420 -0.284600 0.003070 0.010894 0.015959
 38   1.991274 -4.133457 -3.183199 -0.215648 -0.107696 1.117480
 39   -4.125701 -1.160326 -0.734461 -0.076090 -0.049844 0.670434
 40   0.536052 -4.156822 2.698211 -0.215648 -0.107683 1.117541
 41   -4.769788 -0.953658 0.947847 -0.076091 -0.049844 0.670434
 42   1.033990 -1.033250 -2.594861 -0.069283 0.039406 1.357429
 43   0.707068 -0.742903 2.951411 -0.069280 0.039435 1.357429
time 24
  0   0.020765 -0.546892 15.239118 2.705095 0.000000 -1.571069
  1   -1.093036 0.000002 -0.326057 -1.570023 -1.570379 -0.000268
  2   2.262337 0.113614 0.064702 -0.013605 0.156448 0.235180
  3   2.380047 0.353302 0.047440 0.001245 0.156982 0.462573
  4   2.033756 0.190472 -0.000128 -0.024428 0.172794 0.373065
  5   2.451511 0.204909 -0.003447 0.000000 -0.000005 -0.017472
  6   7.247600 -0.397300 -0.109469 0.000001 -0.000003 0.418504
  7   -2.022252 -0.104661 3.136172 -0.298879 -1.361718 -2.901749
  8   1.168026 -0.537438 -0.063437 -1.561844 0.922227 -1.526094
  9   6.790376 -0.619176 0.015206 -0.009367 -0.035190 -0.539141
 10   8.637599 0.544015 -0.090417 -1.570112 0.000221 -0.122021
 11   6.790465 -0.619039 0.017802 -0.009626 -0.035301 -0.392564
 12   -2.022474 -0.104699 -2.873818 0.299065 1.362032 -2.901601
 13   1.167898 -0.537463 0.063297 1.499092 -0.632316 -1.711106
 14   7.002743 -0.617765 -0.183752 0.614759 -0.819664 -0.122769
 15   8.209042 0.615527 -0.255885 -0.750504 0.526679 -0.668674
 16   7.002735 -0.617911 -0.183641 0.409254 -0.577603 -0.042599
 17   1.574674 0.609930 -0.000899 0.000000 0.000008 0.078017
 18   -0.602177 0.511412 -0.000006 0.000000 0.000000 0.000000
 19   3.673773 0.177020 1.119313 -0.000002 -0.000014 -0.174510
 20   3.673767 0.176993 -1.117566 0.000007 -0.000003 -0.174546
 21   3.942357 1.330634 1.627658 0.000002 -0.000011 -0.000026
 22   -0.246060 -0.011889 0.516521 -0.000011 0.000031 0.000025
 23   3.938468 1.330659 -1.631083 0.000019 0.000002 -0.000024
 24   -0.246150 -0.011872 -0.516511 -0.000005 -0.000006 0.000048
 25   4.941364 1.997338 1.629330 0.000018 0.043155 -0.000024
 26   4.941382 1.997366 -1.629410 -0.000001 -0.043167 -0.000024
 27   2.918368 1.615358 1.514501 -0.000019 -0.000022 -0.000050
 28   2.920798 1.614964 -1.501142 -0.000002 -0.000009 -0.000024
 29   8.824059 0.150544 0.091743 -0.021739 0.214242 -0.953880
 30   2.072021 -0.717434 1.721818 0.042544 0.064849 -0.169007
 31   2.058788 -0.725357 -1.791097 -0.062299 -0.084050 -0.243203
 32   -0.810489 -0.093824 3.127092 0.001376 -2.696272 0.071551
 33   14.298673 -0.408176 0.475484 -0.000064 -0.000210 0.033715
 34   15.835795 0.581398 0.242756 -0.003042 -0.010786 -0.001416
 35   -0.815868 -0.091229 -3.114430 0.458392 3.496800 -1.004434
 36   14.294526 -0.410349 -0.463635 -0.000051 -0.000180 -2.653655
 37   15.834409 0.579420 -0.284600 0.003070 0.010894 0.015959
 38   1.983461 -4.133457 -3.183199 -0.210638 -0.111757 1.097014
 39   -4.129607 -1.160326 -0.734461 -0.073226 -0.051570 0.643341
 40   0.547771 -4.164635 2.702117 -0.210638 -0.111744 1.096952
 41   -4.761975 -0.953658 0.947847 -0.073227 -0.051558 0.643341
 42   0.991020 -0.998093 -2.598767 -0.067773 0.037275 1.349316
 43   0.664098 -0.719465 2.939692 -0.067768 0.037301 1.349316
time 25
  0   0.020765 -0.546892 15.239118 2.705095 0.000000 -1.571069
  1   -1.093036 0.000002 -0.326057 -1.570023 -1.570379 -0.000268
  2   2.262337 0.113614 0.064702 -0.013605 0.156448 0.240493
  3   2.380047 0.353302 0.047440 0.001245 0.156982 0.466042
  4   2.033756 0.190472 -0.000128 -0.024428 0.172794 0.378285
  5   2.451511 0.204909 -0.003447 0.000000 -0.000005 -0.017472
  6   7.247600 -0.397300 -0.109469 0.000001 -0.000003 0.418504
  7   -2.022252 -0.104661 3.136172 -0.298879 -1.361718 -2.901749
  8   1.168026 -0.537438 -0.063437 -1.562540 0.913573 -1.526600
  9   6.790376 -0.619176 0.015206 -0.009367 -0.035190 -0.539141
 10   8.637599 0.544015 -0.090417 -1.570112 0.000221 -0.122021
 11   6.790465 -0.619039 0.017802 -0.009626 -0.035301 -0.392564
 12   -2.022474 -0.104699 -2.873818 0.299065 1.362032 -2.901601
 13   1.167898 -0.537463 0.063297 1.497335 -0.622043 -1.709956
 14   7.002743 -0.617765 -0.183752 0.614759 -0.819664 -0.122769
 15   8.209042 0.615527 -0.255885 -0.750935 0.526679 -0.668674
 16   7.002735 -0.617911 -0.183641 0.409254 -0.577603 -0.042599
 17   1.574674 0.609930 -0.000899 0.000000 0.000008 0.078017
 18   -0.602177 0.511412 -0.000006 0.000000 0.000000 0.000000
 19   3.673773 0.177020 1.119313 -0.000002 -0.000014 -0.174510
 20   3.673767 0.176993 -1.117566 0.000007 -0.000003 -0.174546
 21   3.942357 1.330634 1.627658 0.000002 -0.000011 -0.000026
 22   -0.246060 -0.011889 0.516521 -0.000011 0.000031 0.000025
 23   3.942374 1.330659 -1.631083 0.000019 0.000002 -0.000024
 24   -0.246150 -0.011872 -0.516511 -0.000005 -0.000006 0.000048
 25   4.941364 1.997338 1.629330 0.000018 0.046453 -0.000024
 26   4.941382 1.997366 -1.629410 -0.000001 -0.046460 -0.000024
 27   2.918368 1.615358 1.514501 -0.000019 -0.000022 -0.000050
 28   2.920798 1.614964 -1.501142 -0.000002 -0.000009 -0.000024
 29   8.824059 0.150544 0.091743 -0.022809 0.210017 -0.940629
 30   2.079834 -0.678370 1.733537 0.032835 0.049883 -0.130411
 31   2.078320 -0.686293 -1.802816 -0.048065 -0.064857 -0.187652
 32   -0.810489 -0.093824 3.127092 0.001376 -2.696272 0.071551
 33   14.298673 -0.408176 0.475484 -0.000064 -0.000210 0.033715
 34   15.835795 0.581398 0.242756 -0.003042 -0.010786 -0.001416
 35   -0.815868 -0.091229 -3.114430 0.458392 3.496800 -1.004434
 36   14.294526 -0.410349 -0.463635 -0.000051 -0.000180 -2.653655
 37   15.834409 0.579420 -0.284600 0.003070 0.010894 0.015959
 38   1.975648 -4.129551 -3.183199 -0.205250 -0.116180 1.074592
 39   -4.129607 -1.156420 -0.738367 -0.070098 -0.053427 0.613865
 40   0.547771 -4.168541 2.702117 -0.205250 -0.116179 1.074530
 41   -4.761975 -0.957564 0.951753 -0.070099 -0.053427 0.613865
 42   0.936331 -0.955123 -2.614393 -0.066119 0.034960 1.340492
 43   0.617221 -0.692120 2.931879 -0.066119 0.034947 1.340492
time 26
  0   0.020765 -0.546892 15.239118 2.705095 0.000000 -1.571069
  1   -1.093036 0.000002 -0.326057 -1.570023 -1.570379 -0.000268
  2   2.262337 0.113614 0.064702 -0.013605 0.156448 0.245661
  3   2.380047 0.353302 0.047440 0.001245 0.156982 0.469511
  4   2.033756 0.190472 -0.000128 -0.024428 0.172794 0.383504
  5   2.451511 0.204909 -0.003447 0.000000 -0.000005 -0.017472
  6   7.247600 -0.397300 -0.109469 0.000001 -0.000003 0.418504
  7   -2.022252 -0.104661 3.136172 -0.298879 -1.361718 -2.901749
  8   1.168026 -0.537438 -0.063437 -1.563173 0.904768 -1.527043
  9   6.790376 -0.619176 0.015206 -0.009367 -0.035190 -0.539141
 10   8.637599 0.544015 -0.090417 -1.570112 0.000221 -0.122021
 11   6.790465 -0.619039 0.017802 -0.009626 -0.035301 -0.392564
 12   -2.022474 -0.104699 -2.873818 0.299065 1.362032 -2.901601
 13   1.167898 -0.537463 0.063297 1.495507 -0.611720 -1.708927
 14   7.002743 -0.617765 -0.183752 0.614759 -0.819664 -0.122769
 15   8.209042 0.615527 -0.255885 -0.750935 0.526679 -0.668674
 16   7.002735 -0.617911 -0.183641 0.409254 -0.577603 -0.042599
 17   1.574674 0.609930 -0.000899 0.000000 0.000008 0.078017
 18   -0.602177 0.511412 -0.000006 0.000000 0.000000 0.000000
 19   3.673773 0.177020 1.119313 -0.000002 -0.000014 -0.174510
 20   3.673767 0.176993 -1.117566 0.000007 -0.000003 -0.174546
 21   3.942357 1.330634 1.627658 0.000002 -0.000011 -0.000026
 22   -0.246060 -0.011889 0.516521 -0.000011 0.000031 0.000025
 23   3.938468 1.330659 -1.631083 0.000019 0.000002 -0.000024
 24   -0.246150 -0.011872 -0.516511 -0.000005 -0.000006 0.000048
 25   4.941364 1.997338 1.629330 0.000018 0.049845 -0.000024
 26   4.941382 1.997366 -1.629410 -0.000001 -0.049840 -0.000024
 27   2.918368 1.615358 1.514501 -0.000019 -0.000022 -0.000050
 28   2.920798 1.614964 -1.501142 -0.000002 -0.000009 -0.000024
 29   8.824059 0.150544 0.091743 -0.023878 0.205839 -0.927270
 30   2.091553 -0.643213 1.753069 0.023099 0.034917 -0.091793
 31   2.090039 -0.643323 -1.822348 -0.033831 -0.045638 -0.132083
 32   -0.810489 -0.093824 3.127092 0.001376 -2.696272 0.071551
 33   14.298673 -0.408176 0.475484 -0.000064 -0.000210 0.033715
 34   15.835795 0.581398 0.242756 -0.003042 -0.010786 -0.001416
 35   -0.815868 -0.091229 -3.114430 0.458392 3.496800 -1.004434
 36   14.294526 -0.410349 -0.463635 -0.000051 -0.000180 -2.653655
 37   15.834409 0.579420 -0.284600 0.003070 0.010894 0.015959
 38   1.971742 -4.125645 -3.183199 -0.199819 -0.120590 1.052170
 39   -4.133513 -1.148607 -0.738367 -0.066958 -0.055309 0.584389
 40   0.559490 -4.168541 2.709930 -0.199819 -0.120589 1.052231
 41   -4.758069 -0.965377 0.951753 -0.066959 -0.055309 0.584389
 42   0.877735 -0.916059 -2.626112 -0.064453 0.032629 1.331668
 43   0.570345 -0.660869 2.920160 -0.064457 0.032624 1.331668
time 27
  0   0.020765 -0.546892 15.239118 2.705095 0.000000 -1.571069
  1   -1.093036 0.000002 -0.326057 -1.570023 -1.570379 -0.000268
  2   2.262337 0.113614 0.064702 -0.013605 0.156448 0.250901
  3   2.380047 0.353302 0.047440 0.001245 0.156982 0.473041
  4   2.033756 0.190472 -0.000128 -0.024428 0.172794 0.388833
  5   2.451511 0.204909 -0.003447 0.000000 -0.000005 -0.017472
  6   7.247600 -0.397300 -0.109469 0.000001 -0.000003 0.418504
  7   -2.022252 -0.104661 3.136172 -0.298879 -1.361718 -2.901749
  8   1.168026 -0.537438 -0.063437 -1.563742 0.896114 -1.527549
  9   6.790376 -0.619176 0.015206 -0.009367 -0.035190 -0.539141
 10   8.637599 0.544015 -0.090417 -1.570112 0.000221 -0.122021
 11   6.790465 -0.619039 0.017802 -0.009626 -0.035301 -0.392564
 12   -2.022474 -0.104699 -2.873818 0.299065 1.362032 -2.901601
 13   1.167898 -0.537463 0.063297 1.493609 -0.601244 -1.708019
 14   7.002743 -0.617765 -0.183752 0.614759 -0.819664 -0.122769
 15   8.209042 0.615527 -0.255885 -0.750504 0.526679 -0.668674
 16   7.002735 -0.617911 -0.183641 0.409254 -0.577603 -0.042599
 17   1.574674 0.609930 -0.000899 0.000000 0.000008 0.078017
 18   -0.602177 0.511412 -0.000006 0.000000 0.000000 0.000000
 19   3.673773 0.177020 1.119313 -0.000002 -0.000014 -0.174510
 20   3.673767 0.176993 -1.117566 0.000007 -0.000003 -0.174546
 21   3.942357 1.330634 1.627658 0.000002 -0.000011 -0.000026
 22   -0.246060 -0.011889 0.516521 -0.000011 0.000031 0.000025
 23   3.942374 1.330659 -1.631083 0.000019 0.000002 -0.000024
 24   -0.246150 -0.011872 -0.516511 -0.000005 -0.000006 0.000048
 25   4.941364 1.997338 1.629330 0.000018 0.053318 -0.000024
 26   4.941382 1.997366 -1.629410 -0.000001 -0.053308 -0.000024
 27   2.918368 1.615358 1.514501 -0.000019 -0.000022 -0.000050
 28   2.920798 1.614964 -1.501142 -0.000002 -0.000009 -0.000024
 29   8.824059 0.150544 0.091743 -0.024859 0.201946 -0.915146
 30   2.103272 -0.611962 1.764788 0.014176 0.021142 -0.056305
 31   2.101758 -0.612072 -1.834067 -0.020746 -0.027999 -0.081063
 32   -0.810489 -0.093824 3.127092 0.001376 -2.696272 0.071551
 33   14.298673 -0.408176 0.475484 -0.000064 -0.000210 0.033715
 34   15.835795 0.581398 0.242756 -0.003042 -0.010786 -0.001416
 35   -0.815868 -0.091229 -3.114430 0.458392 3.496800 -1.004434
 36   14.294526 -0.410349 -0.463635 -0.000051 -0.000180 -2.653655
 37   15.834409 0.579420 -0.284600 0.003070 0.010894 0.015959
 38   1.963929 -4.117832 -3.191012 -0.194809 -0.124663 1.031581
 39   -4.141326 -1.148607 -0.738367 -0.064082 -0.057035 0.557297
 40   0.567303 -4.168541 2.709930 -0.194809 -0.124662 1.031642
 41   -4.750256 -0.965377 0.951753 -0.064083 -0.057035 0.557297
 42   0.834765 -0.873089 -2.630018 -0.062943 0.030498 1.323554
 43   0.531281 -0.629618 2.912347 -0.062933 0.030490 1.323554
time 28
  0   0.020765 -0.546892 15.239118 2.705095 0.000000 -1.571069
  1   -1.093036 0.000002 -0.326057 -1.570023 -1.570379 -0.000268
  2   2.262337 0.113614 0.064702 -0.013605 0.156448 0.256142
  3   2.380047 0.353302 0.047440 0.001245 0.156982 0.476510
  4   2.033756 0.190472 -0.000128 -0.024428 0.172794 0.393980
  5   2.451511 0.204909 -0.003447 0.000000 -0.000005 -0.017472
  6   7.247600 -0.397300 -0.109469 0.000001 -0.000003 0.418504
  7   -2.022252 -0.104661 3.136172 -0.298879 -1.361718 -2.901749
  8   1.168026 -0.537438 -0.063437 -1.564312 0.887460 -1.527992
  9   6.790376 -0.619176 0.015206 -0.009367 -0.035190 -0.539141
 10   8.637599 0.544015 -0.090417 -1.570112 0.000221 -0.122021
 11   6.790465 -0.619039 0.017802 -0.009626 -0.035301 -0.392564
 12   -2.022474 -0.104699 -2.873818 0.299065 1.362032 -2.901601
 13   1.167898 -0.537463 0.063297 1.491993 -0.590921 -1.706990
 14   7.002743 -0.617765 -0.183752 0.614759 -0.819664 -0.122769
 15   8.209042 0.615527 -0.255885 -0.750504 0.526679 -0.668674
 16   7.002735 -0.617911 -0.183641 0.409254 -0.577603 -0.042599
 17   1.574674 0.609930 -0.000899 0.000000 0.000008 0.078017
 18   -0.602177 0.511412 -0.000006 0.000000 0.000000 0.000000
 19   3.673773 0.177020 1.119313 -0.000002 -0.000014 -0.174510
 20   3.673767 0.176993 -1.117566 0.000007 -0.000003 -0.174546
 21   3.942357 1.330634 1.627658 0.000002 -0.000011 -0.000026
 22   -0.246060 -0.011889 0.516521 -0.000011 0.000031 0.000025
 23   3.942374 1.330659 -1.631083 0.000019 0.000002 -0.000024
 24   -0.246150 -0.011872 -0.516511 -0.000005 -0.000006 0.000048
 25   4.941364 1.997338 1.629330 0.000018 0.056872 -0.000024
 26   4.941382 1.997366 -1.629410 -0.000001 -0.056863 -0.000024
 27   2.918368 1.615358 1.514501 -0.000019 -0.000022 -0.000050
 28   2.920798 1.614964 -1.501142 -0.000002 -0.000009 -0.000024
 29   8.824059 0.150544 0.091743 -0.025661 0.198765 -0.905114
 30   2.111085 -0.580711 1.776507 0.006813 0.009809 -0.027101
 31   2.113477 -0.580821 -1.845786 -0.009990 -0.013495 -0.039013
 32   -0.810489 -0.093824 3.127092 0.001376 -2.696272 0.071551
 33   14.298673 -0.408176 0.475484 -0.000064 -0.000210 0.033715
 34   15.835795 0.581398 0.242756 -0.003042 -0.010786 -0.001416
 35   -0.815868 -0.091229 -3.114430 0.458392 3.496800 -1.004434
 36   14.294526 -0.410349 -0.463635 -0.000051 -0.000180 -2.653655
 37   15.834409 0.579420 -0.284600 0.003070 0.010894 0.015959
 38   1.960023 -4.117832 -3.191012 -0.190726 -0.128001 1.014658
 39   -4.141326 -1.144701 -0.738367 -0.061709 -0.058449 0.535001
 40   0.571209 -4.172447 2.709930 -0.190726 -0.128013 1.014719
 41   -4.750256 -0.969283 0.951753 -0.061710 -0.058449 0.535001
 42   0.791795 -0.841838 -2.641737 -0.061697 0.028735 1.316863
 43   0.500030 -0.610086 2.900628 -0.061696 0.028749 1.316905
time 29
  0   0.020765 -0.546892 15.239118 2.705095 0.000000 -1.571069
  1   -1.093036 0.000002 -0.326057 -1.570023 -1.570379 -0.000268
  2   2.262337 0.113614 0.064702 -0.013605 0.156448 0.261346
  3   2.380047 0.353302 0.047440 0.001245 0.156982 0.479979
  4   2.033756 0.190472 -0.000128 -0.024428 0.172794 0.399272
  5   2.451511 0.204909 -0.003447 0.000000 -0.000005 -0.017472
  6   7.247600 -0.397300 -0.109469 0.000001 -0.000003 0.418504
  7   -2.022252 -0.104661 3.136172 -0.298879 -1.361718 -2.901749
  8   1.168026 -0.537438 -0.063437 -1.564945 0.878705 -1.528561
  9   6.790376 -0.619176 0.015206 -0.009367 -0.035190 -0.539141
 10   8.637599 0.544015 -0.090417 -1.570112 0.000221 -0.122021
 11   6.790465 -0.619039 0.017802 -0.009626 -0.035301 -0.392564
 12   -2.022474 -0.104699 -2.873818 0.299065 1.362032 -2.901601
 13   1.167898 -0.537463 0.063297 1.490306 -0.580649 -1.706021
 14   7.002743 -0.617765 -0.183752 0.614759 -0.819664 -0.122769
 15   8.209042 0.615527 -0.255885 -0.750504 0.526679 -0.668674
 16   7.002735 -0.617911 -0.183641 0.409254 -0.577603 -0.042599
 17   1.574674 0.609930 -0.000899 0.000000 0.000008 0.078017
 18   -0.602177 0.511412 -0.000006 0.000000 0.000000 0.000000
 19   3.673773 0.177020 1.119313 -0.000002 -0.000014 -0.174510
 20   3.673767 0.176993 -1.117566 0.000007 -0.000003 -0.174546
 21   3.942357 1.330634 1.627658 0.000002 -0.000011 -0.000026
 22   -0.246060 -0.011889 0.516521 -0.000011 0.000031 0.000025
 23   3.942374 1.330659 -1.631083 0.000019 0.000002 -0.000024
 24   -0.246150 -0.011872 -0.516511 -0.000005 -0.000006 0.000048
 25   4.941364 1.997338 1.629330 0.000018 0.060493 -0.000024
 26   4.941382 1.997366 -1.629410 -0.000001 -0.060493 -0.000024
 27   2.918368 1.615358 1.514501 -0.000019 -0.000022 -0.000050
 28   2.920798 1.614964 -1.501142 -0.000002 -0.000009 -0.000024
 29   8.824059 0.150544 0.091743 -0.026195 0.196605 -0.898247
 30   2.111085 -0.561179 1.784320 0.001823 0.002137 -0.007266
 31   2.121290 -0.561289 -1.853599 -0.002666 -0.003600 -0.010501
 32   -0.810489 -0.093824 3.127092 0.001376 -2.696272 0.071551
 33   14.298673 -0.408176 0.475484 -0.000064 -0.000210 0.033715
 34   15.835795 0.581398 0.242756 -0.003042 -0.010786 -0.001416
 35   -0.815868 -0.091229 -3.114430 0.458392 3.496800 -1.004434
 36   14.294526 -0.410349 -0.463635 -0.000051 -0.000180 -2.653655
 37   15.834409 0.579420 -0.284600 0.003070 0.010894 0.015959
 38   1.952210 -4.117832 -3.191012 -0.187926 -0.130291 1.003234
 39   -4.149139 -1.136888 -0.738367 -0.060103 -0.059408 0.519884
 40   0.571209 -4.172447 2.709930 -0.187926 -0.130278 1.003233
 41   -4.742443 -0.977096 0.951753 -0.060104 -0.059408 0.519856
 42   0.760544 -0.826213 -2.649550 -0.060858 0.027539 1.312346
 43   0.476592 -0.598367 2.900628 -0.060859 0.027540 1.312346
time 30
  0   0.020765 -0.546892 15.239118 2.705095 0.000000 -1.571069
  1   -1.093036 0.000002 -0.326057 -1.570023 -1.570379 -0.000268
  2   2.262337 0.113614 0.064702 -0.013605 0.156448 0.256142
  3   2.380047 0.353302 0.047440 0.001245 0.156982 0.476510
  4   2.033756 0.190472 -0.000128 -0.024428 0.172794 0.393980
  5   2.451511 0.204909 -0.003447 0.000000 -0.000005 -0.017472
  6   7.247600 -0.397300 -0.109469 0.000001 -0.000003 0.418504
  7   -2.022252 -0.104661 3.136172 -0.298879 -1.361718 -2.901749
  8   1.168026 -0.537438 -0.063437 -1.564312 0.887460 -1.527992
  9   6.790376 -0.619176 0.015206 -0.009367 -0.035190 -0.539141
 10   8.637599 0.544015 -0.090417 -1.570112 0.000221 -0.122021
 11   6.790465 -0.619039 0.017802 -0.009626 -0.035301 -0.392564
 12   -2.022474 -0.104699 -2.873818 0.299065 1.362032 -2.901601
 13   1.167898 -0.537463 0.063297 1.491993 -0.590921 -1.706990
 14   7.002743 -0.617765 -0.183752 0.614759 -0.819664 -0.122769
 15   8.209042 0.615527 -0.255885 -0.750504 0.526679 -0.668674
 16   7.002735 -0.617911 -0.183641 0.409254 -0.577603 -0.042599
 17   1.574674 0.609930 -0.000899 0.000000 0.000008 0.078017
 18   -0.602177 0.511412 -0.000006 0.000000 0.000000 0.000000
 19   3.673773 0.177020 1.119313 -0.000002 -0.000014 -0.174510
 20   3.673767 0.176993 -1.117566 0.000007 -0.000003 -0.174546
 21   3.942357 1.330634 1.627658 0.000002 -0.000011 -0.000026
 22   -0.246060 -0.011889 0.516521 -0.000011 0.000031 0.000025
 23   3.942374 1.330659 -1.631083 0.000019 0.000002 -0.000024
 24   -0.246150 -0.011872 -0.516511 -0.000005 -0.000006 0.000048
 25   4.941364 1.997338 1.629330 0.000018 0.064208 -0.000024
 26   4.941382 1.997366 -1.629410 -0.000001 -0.064210 -0.000024
 27   2.918368 1.615358 1.514501 -0.000019 -0.000022 -0.000050
 28   2.920798 1.614964 -1.501142 -0.000002 -0.000009 -0.000024
 29   8.824059 0.150544 0.091743 -0.026374 0.195845 -0.895779
 30   2.111085 -0.561179 1.784320 -0.000008 -0.000682 0.000024
 31   2.121290 -0.561289 -1.853599 0.000000 0.000000 -0.000002
 32   -0.810489 -0.093824 3.127092 0.001376 -2.696272 0.071551
 33   14.298673 -0.408176 0.475484 -0.000064 -0.000210 0.033715
 34   15.835795 0.581398 0.242756 -0.003042 -0.010786 -0.001416
 35   -0.815868 -0.091229 -3.114430 0.458392 3.496800 -1.004434
 36   14.294526 -0.410349 -0.463635 -0.000051 -0.000180 -2.653655
 37   15.834409 0.579420 -0.284600 0.003070 0.010894 0.015959
 38   1.952210 -4.117832 -3.191012 -0.186916 -0.131110 0.999018
 39   -4.149139 -1.136888 -0.738367 -0.059503 -0.059755 0.514303
 40   0.579022 -4.172447 2.709930 -0.186916 -0.131122 0.998956
 41   -4.742443 -0.977096 0.951753 -0.059504 -0.059755 0.514303
 42   0.756638 -0.818400 -2.649550 -0.060534 0.027125 1.310673
 43   0.464873 -0.586648 2.892815 -0.060534 0.027117 1.310673
time 31
  0   0.020765 -0.546892 15.239118 2.705095 0.000000 -1.571069
  1   -1.093036 0.000002 -0.326057 -1.570023 -1.570379 -0.000268
  2   2.262337 0.113614 0.064702 -0.013605 0.156448 0.250901
  3   2.380047 0.353302 0.047440 0.001245 0.156982 0.473041
  4   2.033756 0.190472 -0.000128 -0.024428 0.172794 0.388833
  5   2.451511 0.204909 -0.003447 0.000000 -0.000005 -0.017472
  6   7.247600 -0.397300 -0.109469 0.000001 -0.000003 0.418504
  7   -2.022252 -0.104661 3.136172 -0.298879 -1.361718 -2.901749
  8   1.168026 -0.537438 -0.063437 -1.563742 0.896114 -1.527549
  9   6.790376 -0.619176 0.015206 -0.009367 -0.035190 -0.539141
 10   8.637599 0.544015 -0.090417 -1.570112 0.000221 -0.122021
 11   6.790465 -0.619039 0.017802 -0.009626 -0.035301 -0.392564
 12   -2.022474 -0.104699 -2.873818 0.299065 1.362032 -2.901601
 13   1.167898 -0.537463 0.063297 1.493609 -0.601244 -1.708019
 14   7.002743 -0.617765 -0.183752 0.614759 -0.819664 -0.122769
 15   8.209042 0.615527 -0.255885 -0.750504 0.526679 -0.668674
 16   7.002735 -0.617911 -0.183641 0.409254 -0.577603 -0.042599
 17   1.574674 0.609930 -0.000899 0.000000 0.000008 0.078017
 18   -0.602177 0.511412 -0.000006 0.000000 0.000000 0.000000
 19   3.673773 0.177020 1.119313 -0.000002 -0.000014 -0.174510
 20   3.673767 0.176993 -1.117566 0.000007 -0.000003 -0.174546
 21   3.942357 1.330634 1.627658 0.000002 -0.000011 -0.000026
 22   -0.246060 -0.011889 0.516521 -0.000011 0.000031 0.000025
 23   3.942374 1.330659 -1.631083 0.000019 0.000002 -0.000024
 24   -0.246150 -0.011872 -0.516511 -0.000005 -0.000006 0.000048
 25   4.941364 1.997338 1.629330 0.000018 0.067991 -0.000024
 26   4.941382 1.997366 -1.629410 -0.000001 -0.068002 -0.000024
 27   2.918368 1.615358 1.514501 -0.000019 -0.000022 -0.000050
 28   2.920798 1.614964 -1.501142 -0.000002 -0.000009 -0.000024
 29   8.824059 0.150544 0.091743 -0.026195 0.196605 -0.898247
 30   2.111085 -0.561179 1.784320 0.001823 0.002137 -0.007266
 31   2.121290 -0.561289 -1.853599 -0.002666 -0.003600 -0.010501
 32   -0.810489 -0.093824 3.127092 0.001376 -2.696272 0.071551
 33   14.298673 -0.408176 0.475484 -0.000064 -0.000210 0.033715
 34   15.835795 0.581398 0.242756 -0.003042 -0.010786 -0.001416
 35   -0.815868 -0.091229 -3.114430 0.458392 3.496800 -1.004434
 36   14.294526 -0.410349 -0.463635 -0.000051 -0.000180 -2.653655
 37   15.834409 0.579420 -0.284600 0.003070 0.010894 0.015959
 38   1.952210 -4.117832 -3.191012 -0.187926 -0.130291 1.003234
 39   -4.149139 -1.136888 -0.738367 -0.060103 -0.059408 0.519884
 40   0.571209 -4.172447 2.709930 -0.187926 -0.130278 1.003233
 41   -4.742443 -0.977096 0.951753 -0.060104 -0.059408 0.519856
 42   0.760544 -0.826213 -2.649550 -0.060858 0.027539 1.312346
 43   0.476592 -0.598367 2.900628 -0.060859 0.027540 1.312346
time 32
  0   0.020765 -0.546892 15.239118 2.705095 0.000000 -1.571069
  1   -1.093036 0.000002 -0.326057 -1.570023 -1.570379 -0.000268
  2   2.262337 0.113614 0.064702 -0.013605 0.156448 0.245661
  3   2.380047 0.353302 0.047440 0.001245 0.156982 0.469511
  4   2.033756 0.190472 -0.000128 -0.024428 0.172794 0.383504
  5   2.451511 0.204909 -0.003447 0.000000 -0.000005 -0.017472
  6   7.247600 -0.397300 -0.109469 0.000001 -0.000003 0.418504
  7   -2.022252 -0.104661 3.136172 -0.298879 -1.361718 -2.901749
  8   1.168026 -0.537438 -0.063437 -1.563173 0.904768 -1.527043
  9   6.790376 -0.619176 0.015206 -0.009367 -0.035190 -0.539141
 10   8.637599 0.544015 -0.090417 -1.570112 0.000221 -0.122021
 11   6.790465 -0.619039 0.017802 -0.009626 -0.035301 -0.392564
 12   -2.022474 -0.104699 -2.873818 0.299065 1.362032 -2.901601
 13   1.167898 -0.537463 0.063297 1.495507 -0.611720 -1.708927
 14   7.002743 -0.617765 -0.183752 0.614759 -0.819664 -0.122769
 15   8.209042 0.615527 -0.255885 -0.750935 0.526679 -0.668674
 16   7.002735 -0.617911 -0.183641 0.409254 -0.577603 -0.042599
 17   1.574674 0.609930 -0.000899 0.000000 0.000008 0.078017
 18   -0.602177 0.511412 -0.000006 0.000000 0.000000 0.000000
 19   3.673773 0.177020 1.119313 -0.000002 -0.000014 -0.174510
 20   3.673767 0.176993 -1.117566 0.000007 -0.000003 -0.174546
 21   3.942357 1.330634 1.627658 0.000002 -0.000011 -0.000026
 22   -0.246060 -0.011889 0.516521 -0.000011 0.000031 0.000025
 23   3.938468 1.330659 -1.631083 0.000019 0.000002 -0.000024
 24   -0.246150 -0.011872 -0.516511 -0.000005 -0.000006 0.000048
 25   4.941364 1.997338 1.629330 0.000018 0.071827 -0.000024
 26   4.941382 1.997366 -1.629410 -0.000001 -0.071819 -0.000024
 27   2.918368 1.615358 1.514501 -0.000019 -0.000022 -0.000050
 28   2.920798 1.614964 -1.501142 -0.000002 -0.000009 -0.000024
 29   8.824059 0.150544 0.091743 -0.025661 0.198765 -0.905114
 30   2.111085 -0.580711 1.776507 0.006813 0.009809 -0.027101
 31   2.113477 -0.580821 -1.845786 -0.009990 -0.013495 -0.039013
 32   -0.810489 -0.093824 3.127092 0.001376 -2.696272 0.071551
 33   14.298673 -0.408176 0.475484 -0.000064 -0.000210 0.033715
 34   15.835795 0.581398 0.242756 -0.003042 -0.010786 -0.001416
 35   -0.815868 -0.091229 -3.114430 0.458392 3.496800 -1.004434
 36   14.294526 -0.410349 -0.463635 -0.000051 -0.000180 -2.653655
 37   15.834409 0.579420 -0.284600 0.003070 0.010894 0.015959
 38   1.960023 -4.117832 -3.191012 -0.190726 -0.128001 1.014658
 39   -4.141326 -1.144701 -0.738367 -0.061709 -0.058449 0.535001
 40   0.571209 -4.172447 2.709930 -0.190726 -0.128013 1.014719
 41   -4.750256 -0.969283 0.951753 -0.061710 -0.058449 0.535001
 42   0.791795 -0.841838 -2.641737 -0.061697 0.028735 1.316863
 43   0.500030 -0.610086 2.900628 -0.061696 0.028749 1.316905
time 33
  0   0.020765 -0.546892 15.239118 2.705095 0.000000 -1.571069
  1   -1.093036 0.000002 -0.326057 -1.570023 -1.570379 -0.000268
  2   2.262337 0.113614 0.064702 -0.013605 0.156448 0.240493
  3   2.380047 0.353302 0.047440 0.001245 0.156982 0.466042
  4   2.033756 0.190472 -0.000128 -0.024428 0.172794 0.378285
  5   2.451511 0.204909 -0.003447 0.000000 -0.000005 -0.017472
  6   7.247600 -0.397300 -0.109469 0.000001 -0.000003 0.418504
  7   -2.022252 -0.104661 3.136172 -0.298879 -1.361718 -2.901749
  8   1.168026 -0.537438 -0.063437 -1.562540 0.913573 -1.526600
  9   6.790376 -0.619176 0.015206 -0.009367 -0.035190 -0.539141
 10   8.637599 0.544015 -0.090417 -1.570112 0.000221 -0.122021
 11   6.790465 -0.619039 0.017802 -0.009626 -0.035301 -0.392564
 12   -2.022474 -0.104699 -2.873818 0.299065 1.362032 -2.901601
 13   1.167898 -0.537463 0.063297 1.497335 -0.622043 -1.709956
 14   7.002743 -0.617765 -0.183752 0.614759 -0.819664 -0.122769
 15   8.209042 0.615527 -0.255885 -0.750935 0.526679 -0.668674
 16   7.002735 -0.617911 -0.183641 0.409254 -0.577603 -0.042599
 17   1.574674 0.609930 -0.000899 0.000000 0.000008 0.078017
 18   -0.602177 0.511412 -0.000006 0.000000 0.000000 0.000000
 19   3.673773 0.177020 1.119313 -0.000002 -0.000014 -0.174510
 20   3.673767 0.176993 -1.117566 0.000007 -0.000003 -0.174546
 21   3.942357 1.330634 1.627658 0.000002 -0.000011 -0.000026
 22   -0.246060 -0.011889 0.516521 -0.000011 0.000031 0.000025
 23   3.942374 1.330659 -1.631083 0.000019 0.000002 -0.000024
 24   -0.246150 -0.011872 -0.516511 -0.000005 -0.000006 0.000048
 25   4.941364 1.997338 1.629330 0.000018 0.075744 -0.000024
 26   4.941382 1.997366 -1.629410 -0.000001 -0.075748 -0.000024
 27   2.918368 1.615358 1.514501 -0.000019 -0.000022 -0.000050
 28   2.920798 1.614964 -1.501142 -0.000002 -0.000009 -0.000024
 29   8.824059 0.150544 0.091743 -0.024859 0.201946 -0.915146
 30   2.103272 -0.611962 1.764788 0.014176 0.021142 -0.056305
 31   2.101758 -0.612072 -1.834067 -0.020746 -0.027999 -0.081063
 32   -0.810489 -0.093824 3.127092 0.001376 -2.696272 0.071551
 33   14.298673 -0.408176 0.475484 -0.000064 -0.000210 0.033715
 34   15.835795 0.581398 0.242756 -0.003042 -0.010786 -0.001416
 35   -0.815868 -0.091229 -3.114430 0.458392 3.496800 -1.004434
 36   14.294526 -0.410349 -0.463635 -0.000051 -0.000180 -2.653655
 37   15.834409 0.579420 -0.284600 0.003070 0.010894 0.015959
 38   1.963929 -4.117832 -3.191012 -0.194809 -0.124663 1.031581
 39   -4.141326 -1.148607 -0.738367 -0.064082 -0.057035 0.557297
 40   0.567303 -4.168541 2.709930 -0.194809 -0.124662 1.031642
 41   -4.750256 -0.965377 0.951753 -0.064083 -0.057035 0.557297
 42   0.834765 -0.873089 -2.630018 -0.062943 0.030498 1.323554
 43   0.531281 -0.629618 2.912347 -0.062933 0.030490 1.323554
time 34
  0   0.020765 -0.546892 15.239118 2.705095 0.000000 -1.571069
  1   -1.093036 0.000002 -0.326057 -1.570023 -1.570379 -0.000268
  2   2.262337 0.113614 0.064702 -0.013605 0.156448 0.235180
  3   2.380047 0.353302 0.047440 0.001245 0.156982 0.462573
  4   2.033756 0.190472 -0.000128 -0.024428 0.172794 0.373065
  5   2.451511 0.204909 -0.003447 0.000000 -0.000005 -0.017472
  6   7.247600 -0.397300 -0.109469 0.000001 -0.000003 0.418504
  7   -2.022252 -0.104661 3.136172 -0.298879 -1.361718 -2.901749
  8   1.168026 -0.537438 -0.063437 -1.561844 0.922227 -1.526094
  9   6.790376 -0.619176 0.015206 -0.009367 -0.035190 -0.539141
 10   8.637599 0.544015 -0.090417 -1.570112 0.000221 -0.122021
 11   6.790465 -0.619039 0.017802 -0.009626 -0.035301 -0.392564
 12   -2.022474 -0.104699 -2.873818 0.299065 1.362032 -2.901601
 13   1.167898 -0.537463 0.063297 1.499092 -0.632316 -1.711106
 14   7.002743 -0.617765 -0.183752 0.614759 -0.819664 -0.122769
 15   8.209042 0.615527 -0.255885 -0.750504 0.526679 -0.668674
 16   7.002735 -0.617911 -0.183641 0.409254 -0.577603 -0.042599
 17   1.574674 0.609930 -0.000899 0.000000 0.000008 0.078017
 18   -0.602177 0.511412 -0.000006 0.000000 0.000000 0.000000
 19   3.673773 0.177020 1.119313 -0.000002 -0.000014 -0.174510
 20   3.673767 0.176993 -1.117566 0.000007 -0.000003 -0.174546
 21   3.942357 1.330634 1.627658 0.000002 -0.000011 -0.000026
 22   -0.246060 -0.011889 0.516521 -0.000011 0.000031 0.000025
 23   3.938468 1.330659 -1.631083 0.000019 0.000002 -0.000024
 24   -0.246150 -0.011872 -0.516511 -0.000005 -0.000006 0.000048
 25   4.941364 1.997338 1.629330 0.000018 0.079702 -0.000024
 26   4.941382 1.997366 -1.629410 -0.000001 -0.079690 -0.000024
 27   2.918368 1.615358 1.514501 -0.000019 -0.000022 -0.000050
 28   2.920798 1.614964 -1.501142 -0.000002 -0.000009 -0.000024
 29   8.824059 0.150544 0.091743 -0.023878 0.205839 -0.927270
 30   2.091553 -0.643213 1.753069 0.023099 0.034917 -0.091793
 31   2.090039 -0.643323 -1.822348 -0.033831 -0.045638 -0.132083
 32   -0.810489 -0.093824 3.127092 0.001376 -2.696272 0.071551
 33   14.298673 -0.408176 0.475484 -0.000064 -0.000210 0.033715
 34   15.835795 0.581398 0.242756 -0.003042 -0.010786 -0.001416
 35   -0.815868 -0.091229 -3.114430 0.458392 3.496800 -1.004434
 36   14.294526 -0.410349 -0.463635 -0.000051 -0.000180 -2.653655
 37   15.834409 0.579420 -0.284600 0.003070 0.010894 0.015959
 38   1.971742 -4.125645 -3.183199 -0.199819 -0.120590 1.052170
 39   -4.133513 -1.148607 -0.738367 -0.066958 -0.055309 0.584389
 40   0.559490 -4.168541 2.709930 -0.199819 -0.120589 1.052231
 41   -4.758069 -0.965377 0.951753 -0.066959 -0.055309 0.584389
 42   0.877735 -0.916059 -2.626112 -0.064453 0.032629 1.331668
 43   0.570345 -0.660869 2.920160 -0.064457 0.032624 1.331668
time 35
  0   0.020765 -0.546892 15.239118 2.705095 0.000000 -1.571069
  1   -1.093036 0.000002 -0.326057 -1.570023 -1.570379 -0.000268
  2   2.262337 0.113614 0.064702 -0.013605 0.156448 0.229975
  3   2.380047 0.353302 0.047440 0.001245 0.156982 0.459043
  4   2.033756 0.190472 -0.000128 -0.024428 0.172794 0.367846
  5   2.451511 0.204909 -0.003447 0.000000 -0.000005 -0.017472
  6   7.247600 -0.397300 -0.109469 0.000001 -0.000003 0.418504
  7   -2.022252 -0.104661 3.136172 -0.298879 -1.361718 -2.901749
  8   1.168026 -0.537438 -0.063437 -1.561401 0.931032 -1.525588
  9   6.790376 -0.619176 0.015206 -0.009367 -0.035190 -0.539141
 10   8.637599 0.544015 -0.090417 -1.570112 0.000221 -0.122021
 11   6.790465 -0.619039 0.017802 -0.009626 -0.035301 -0.392564
 12   -2.022474 -0.104699 -2.873818 0.299065 1.362032 -2.901601
 13   1.167898 -0.537463 0.063297 1.500920 -0.642639 -1.712135
 14   7.002743 -0.617765 -0.183752 0.614759 -0.819664 -0.122769
 15   8.209042 0.615527 -0.255885 -0.750504 0.526679 -0.668674
 16   7.002735 -0.617911 -0.183641 0.409254 -0.577603 -0.042599
 17   1.574674 0.609930 -0.000899 0.000000 0.000008 0.078017
 18   -0.602177 0.511412 -0.000006 0.000000 0.000000 0.000000
 19   3.673773 0.177020 1.119313 -0.000002 -0.000014 -0.174510
 20   3.673767 0.176993 -1.117566 0.000007 -0.000003 -0.174546
 21   3.942357 1.330634 1.627658 0.000002 -0.000011 -0.000026
 22   -0.246060 -0.011889 0.516521 -0.000011 0.000031 0.000025
 23   3.942374 1.330659 -1.631083 0.000019 0.000002 -0.000024
 24   -0.246150 -0.011872 -0.516511 -0.000005 -0.000006 0.000048
 25   4.941364 1.997338 1.629330 0.000018 0.083713 -0.000024
 26   4.941382 1.997366 -1.629410 -0.000001 -0.083719 -0.000024
 27   2.918368 1.615358 1.514501 -0.000019 -0.000022 -0.000050
 28   2.920798 1.614964 -1.501142 -0.000002 -0.000009 -0.000024
 29   8.824059 0.150544 0.091743 -0.022809 0.210017 -0.940629
 30   2.079834 -0.678370 1.733537 0.032835 0.049883 -0.130411
 31   2.078320 -0.686293 -1.802816 -0.048065 -0.064857 -0.187652
 32   -0.810489 -0.093824 3.127092 0.001376 -2.696272 0.071551
 33   14.298673 -0.408176 0.475484 -0.000064 -0.000210 0.033715
 34   15.835795 0.581398 0.242756 -0.003042 -0.010786 -0.001416
 35   -0.815868 -0.091229 -3.114430 0.458392 3.496800 -1.004434
 36   14.294526 -0.410349 -0.463635 -0.000051 -0.000180 -2.653655
 37   15.834409 0.579420 -0.284600 0.003070 0.010894 0.015959
 38   1.975648 -4.129551 -3.183199 -0.205250 -0.116180 1.074592
 39   -4.129607 -1.156420 -0.738367 -0.070098 -0.053427 0.613865
 40   0.547771 -4.168541 2.702117 -0.205250 -0.116179 1.074530
 41   -4.761975 -0.957564 0.951753 -0.070099 -0.053427 0.613865
 42   0.936331 -0.955123 -2.614393 -0.066119 0.034960 1.340492
 43   0.617221 -0.692120 2.931879 -0.066119 0.034947 1.340492
time 36
  0   0.020765 -0.546892 15.239118 2.705095 0.000000 -1.571069
  1   -1.093036 0.000002 -0.326057 -1.570023 -1.570379 -0.000268
  2   2.262337 0.113614 0.064702 -0.013605 0.156448 0.224771
  3   2.380047 0.353302 0.047440 0.001245 0.156982 0.455574
  4   2.033756 0.190472 -0.000128 -0.024428 0.172794 0.362517
  5   2.451511 0.204909 -0.003447 0.000000 -0.000005 -0.017472
  6   7.247600 -0.397300 -0.109469 0.000001 -0.000003 0.418504
  7   -2.022252 -0.104661 3.136172 -0.298879 -1.361718 -2.901749
  8   1.168026 -0.537438 -0.063437 -1.560578 0.939837 -1.525145
  9   6.790376 -0.619176 0.015206 -0.009367 -0.035190 -0.539141
 10   8.637599 0.544015 -0.090417 -1.570112 0.000221 -0.122021
 11   6.790465 -0.619039 0.017802 -0.009626 -0.035301 -0.392564
 12   -2.022474 -0.104699 -2.873818 0.299065 1.362032 -2.901601
 13   1.167898 -0.537463 0.063297 1.502818 -0.653114 -1.713225
 14   7.002743 -0.617765 -0.183752 0.614759 -0.819664 -0.122769
 15   8.209042 0.615527 -0.255885 -0.750504 0.526679 -0.668674
 16   7.002735 -0.617911 -0.183641 0.409254 -0.577603 -0.042599
 17   1.574674 0.609930 -0.000899 0.000000 0.000008 0.078017
 18   -0.602177 0.511412 -0.000006 0.000000 0.000000 0.000000
 19   3.673773 0.177020 1.119313 -0.000002 -0.000014 -0.174510
 20   3.673767 0.176993 -1.117566 0.000007 -0.000003 -0.174546
 21   3.942357 1.330634 1.627658 0.000002 -0.000011 -0.000026
 22   -0.246060 -0.011889 0.516521 -0.000011 0.000031 0.000025
 23   3.942374 1.330659 -1.631083 0.000019 0.000002 -0.000024
 24   -0.246150 -0.011872 -0.516511 -0.000005 -0.000006 0.000048
 25   4.941364 1.997338 1.629330 0.000018 0.087792 -0.000024
 26   4.941382 1.997366 -1.629410 -0.000001 -0.087798 -0.000024
 27   2.918368 1.615358 1.514501 -0.000019 -0.000022 -0.000050
 28   2.920798 1.614964 -1.501142 -0.000002 -0.000009 -0.000024
 29   8.824059 0.150544 0.091743 -0.021739 0.214242 -0.953880
 30   2.072021 -0.717434 1.721818 0.042544 0.064849 -0.169007
 31   2.058788 -0.725357 -1.791097 -0.062299 -0.084050 -0.243203
 32   -0.810489 -0.093824 3.127092 0.001376 -2.696272 0.071551
 33   14.298673 -0.408176 0.475484 -0.000064 -0.000210 0.033715
 34   15.835795 0.581398 0.242756 -0.003042 -0.010786 -0.001416
 35   -0.815868 -0.091229 -3.114430 0.458392 3.496800 -1.004434
 36   14.294526 -0.410349 -0.463635 -0.000051 -0.000180 -2.653655
 37   15.834409 0.579420 -0.284600 0.003070 0.010894 0.015959
 38   1.983461 -4.133457 -3.183199 -0.210638 -0.111757 1.097014
 39   -4.129607 -1.160326 -0.734461 -0.073226 -0.051570 0.643341
 40   0.547771 -4.164635 2.702117 -0.210638 -0.111744 1.096952
 41   -4.761975 -0.953658 0.947847 -0.073227 -0.051558 0.643341
 42   0.991020 -0.998093 -2.598767 -0.067773 0.037275 1.349316
 43   0.664098 -0.719465 2.939692 -0.067768 0.037301 1.349316
time 37
  0   0.020765 -0.546892 15.239118 2.705095 0.000000 -1.571069
  1   -1.093036 0.000002 -0.326057 -1.570023 -1.570379 -0.000268
  2   2.262337 0.113614 0.064702 -0.013605 0.156448 0.219494
  3   2.380047 0.353302 0.047440 0.001245 0.156982 0.452064
  4   2.033756 0.190472 -0.000128 -0.024428 0.172794 0.357370
  5   2.451511 0.204909 -0.003447 0.000000 -0.000005 -0.017472
  6   7.247600 -0.397300 -0.109469 0.000001 -0.000003 0.418504
  7   -2.022252 -0.104661 3.136172 -0.298879 -1.361718 -2.901749
  8   1.168026 -0.537438 -0.063437 -1.560009 0.948592 -1.524576
  9   6.790376 -0.619176 0.015206 -0.009367 -0.035190 -0.539141
 10   8.637599 0.544015 -0.090417 -1.570112 0.000221 -0.122021
 11   6.790465 -0.619039 0.017802 -0.009626 -0.035301 -0.392564
 12   -2.022474 -0.104699 -2.873818 0.299065 1.362032 -2.901601
 13   1.167898 -0.537463 0.063297 1.504716 -0.663438 -1.714375
 14   7.002743 -0.617765 -0.183752 0.614759 -0.819664 -0.122769
 15   8.209042 0.615527 -0.255885 -0.750504 0.526679 -0.668674
 16   7.002735 -0.617911 -0.183641 0.409254 -0.577603 -0.042599
 17   1.574674 0.609930 -0.000899 0.000000 0.000008 0.078017
 18   -0.602177 0.511412 -0.000006 0.000000 0.000000 0.000000
 19   3.673773 0.177020 1.119313 -0.000002 -0.000014 -0.174510
 20   3.673767 0.176993 -1.117566 0.000007 -0.000003 -0.174546
 21   3.942357 1.330634 1.627658 0.000002 -0.000011 -0.000026
 22   -0.246060 -0.011889 0.516521 -0.000011 0.000031 0.000025
 23   3.938468 1.330659 -1.631083 0.000019 0.000002 -0.000024
 24   -0.246150 -0.011872 -0.516511 -0.000005 -0.000006 0.000048
 25   4.941364 1.997338 1.629330 0.000018 0.091925 -0.000024
 26   4.941382 1.997366 -1.629410 -0.000001 -0.091939 -0.000024
 27   2.918368 1.615358 1.514501 -0.000019 -0.000022 -0.000050
 28   2.920798 1.614964 -1.501142 -0.000002 -0.000009 -0.000024
 29   8.824059 0.150544 0.091743 -0.020759 0.218064 -0.966112
 30   2.060302 -0.748685 1.702286 0.051467 0.078594 -0.204495
 31   2.050975 -0.752701 -1.779378 -0.075384 -0.101741 -0.294241
 32   -0.810489 -0.093824 3.127092 0.001376 -2.696272 0.071551
 33   14.298673 -0.408176 0.475484 -0.000064 -0.000210 0.033715
 34   15.835795 0.581398 0.242756 -0.003042 -0.010786 -0.001416
 35   -0.815868 -0.091229 -3.114430 0.458392 3.496800 -1.004434
 36   14.294526 -0.410349 -0.463635 -0.000051 -0.000180 -2.653655
 37   15.834409 0.579420 -0.284600 0.003070 0.010894 0.015959
 38   1.991274 -4.133457 -3.183199 -0.215648 -0.107696 1.117480
 39   -4.125701 -1.160326 -0.734461 -0.076090 -0.049844 0.670434
 40   0.536052 -4.156822 2.698211 -0.215648 -0.107683 1.117541
 41   -4.769788 -0.953658 0.947847 -0.076091 -0.049844 0.670434
 42   1.033990 -1.033250 -2.594861 -0.069283 0.039406 1.357429
 43   0.707068 -0.742903 2.951411 -0.069280 0.039435 1.357429
time 38
  0   0.020765 -0.546892 15.239118 2.705095 0.000000 -1.571069
  1   -1.093036 0.000002 -0.326057 -1.570023 -1.570379 -0.000268
  2   2.262337 0.113614 0.064702 -0.013605 0.156448 0.214290
  3   2.380047 0.353302 0.047440 0.001245 0.156982 0.448575
  4   2.033756 0.190472 -0.000128 -0.024428 0.172794 0.352078
  5   2.451511 0.204909 -0.003447 0.000000 -0.000005 -0.017472
  6   7.247600 -0.397300 -0.109469 0.000001 -0.000003 0.418504
  7   -2.022252 -0.104661 3.136172 -0.298879 -1.361718 -2.901749
  8   1.168026 -0.537438 -0.063437 -1.559123 0.957296 -1.523880
  9   6.790376 -0.619176 0.015206 -0.009367 -0.035190 -0.539141
 10   8.637599 0.544015 -0.090417 -1.570112 0.000221 -0.122021
 11   6.790465 -0.619039 0.017802 -0.009626 -0.035301 -0.392564
 12   -2.022474 -0.104699 -2.873818 0.299065 1.362032 -2.901601
 13   1.167898 -0.537463 0.063297 1.506614 -0.673710 -1.715525
 14   7.002743 -0.617765 -0.183752 0.614759 -0.819664 -0.122769
 15   8.209042 0.615527 -0.255885 -0.750504 0.526679 -0.668674
 16   7.002735 -0.617911 -0.183641 0.409254 -0.577603 -0.042599
 17   1.574674 0.609930 -0.000899 0.000000 0.000008 0.078017
 18   -0.602177 0.511412 -0.000006 0.000000 0.000000 0.000000
 19   3.673773 0.177020 1.119313 -0.000002 -0.000014 -0.174510
 20   3.673767 0.176993 -1.117566 0.000007 -0.000003 -0.174546
 21   3.942357 1.330634 1.627658 0.000002 -0.000011 -0.000026
 22   -0.246060 -0.011889 0.516521 -0.000011 0.000031 0.000025
 23   3.942374 1.330659 -1.631083 0.000019 0.000002 -0.000024
 24   -0.246150 -0.011872 -0.516511 -0.000005 -0.000006 0.000048
 25   4.941364 1.997338 1.629330 0.000018 0.096071 -0.000024
 26   4.941382 1.997366 -1.629410 -0.000001 -0.096068 -0.000024
 27   2.918368 1.615358 1.514501 -0.000019 -0.000022 -0.000050
 28   2.920798 1.614964 -1.501142 -0.000002 -0.000009 -0.000024
 29   8.824059 0.150544 0.091743 -0.019957 0.221245 -0.976144
 30   2.060302 -0.779936 1.690567 0.058830 0.089928 -0.233699
 31   2.039256 -0.783952 -1.763752 -0.086155 -0.116272 -0.336291
 32   -0.810489 -0.093824 3.127092 0.001376 -2.696272 0.071551
 33   14.298673 -0.408176 0.475484 -0.000064 -0.000210 0.033715
 34   15.835795 0.581398 0.242756 -0.003042 -0.010786 -0.001416
 35   -0.815868 -0.091229 -3.114430 0.458392 3.496800 -1.004434
 36   14.294526 -0.410349 -0.463635 -0.000051 -0.000180 -2.653655
 37   15.834409 0.579420 -0.284600 0.003070 0.010894 0.015959
 38   1.995180 -4.133457 -3.183199 -0.219731 -0.104346 1.134526
 39   -4.117888 -1.168139 -0.734461 -0.078463 -0.048430 0.692730
 40   0.528239 -4.156822 2.698211 -0.219731 -0.104333 1.134464
 41   -4.773694 -0.945845 0.947847 -0.078464 -0.048430 0.692730
 42   1.076960 -1.064501 -2.587048 -0.070517 0.041185 1.364121
 43   0.738319 -0.766341 2.955317 -0.070517 0.041192 1.364121
time 39
  0   0.020765 -0.546892 15.239118 2.705095 0.000000 -1.571069
  1   -1.093036 0.000002 -0.326057 -1.570023 -1.570379 -0.000268
  2   2.262337 0.113614 0.064702 -0.013605 0.156448 0.209013
  3   2.380047 0.353302 0.047440 0.001245 0.156982 0.445065
  4   2.033756 0.190472 -0.000128 -0.024428 0.172794 0.346786
  5   2.451511 0.204909 -0.003447 0.000000 -0.000005 -0.017472
  6   7.247600 -0.397300 -0.109469 0.000001 -0.000003 0.418504
  7   -2.022252 -0.104661 3.136172 -0.298879 -1.361718 -2.901749
  8   1.168026 -0.537438 -0.063437 -1.558490 0.965799 -1.523374
  9   6.790376 -0.619176 0.015206 -0.009367 -0.035190 -0.539141
 10   8.637599 0.544015 -0.090417 -1.570112 0.000221 -0.122021
 11   6.790465 -0.619039 0.017802 -0.009626 -0.035301 -0.392564
 12   -2.022474 -0.104699 -2.873818 0.299065 1.362032 -2.901601
 13   1.167898 -0.537463 0.063297 1.508441 -0.684237 -1.716857
 14   7.002743 -0.617765 -0.183752 0.614759 -0.819664 -0.122769
 15   8.209042 0.615527 -0.255885 -0.750935 0.526679 -0.668674
 16   7.002735 -0.617911 -0.183641 0.409254 -0.577603 -0.042599
 17   1.574674 0.609930 -0.000899 0.000000 0.000008 0.078017
 18   -0.602177 0.511412 -0.000006 0.000000 0.000000 0.000000
 19   3.673773 0.177020 1.119313 -0.000002 -0.000014 -0.174510
 20   3.673767 0.176993 -1.117566 0.000007 -0.000003 -0.174546
 21   3.942357 1.330634 1.627658 0.000002 -0.000011 -0.000026
 22   -0.246060 -0.011889 0.516521 -0.000011 0.000031 0.000025
 23   3.942374 1.330659 -1.631083 0.000019 0.000002 -0.000024
 24   -0.246150 -0.011872 -0.516511 -0.000005 -0.000006 0.000048
 25   4.941364 1.997338 1.629330 0.000018 0.100271 -0.000024
 26   4.941382 1.997366 -1.629410 -0.000001 -0.100259 -0.000024
 27   2.918368 1.615358 1.514501 -0.000019 -0.000022 -0.000050
 28   2.920798 1.614964 -1.501142 -0.000002 -0.000009 -0.000024
 29   8.824059 0.150544 0.091743 -0.019422 0.223429 -0.982903
 30   2.048583 -0.799468 1.682754 0.063820 0.097629 -0.253534
 31   2.027537 -0.803484 -1.759846 -0.093448 -0.126088 -0.364803
 32   -0.810489 -0.093824 3.127092 0.001376 -2.696272 0.071551
 33   14.298673 -0.408176 0.475484 -0.000064 -0.000210 0.033715
 34   15.835795 0.581398 0.242756 -0.003042 -0.010786 -0.001416
 35   -0.815868 -0.091229 -3.114430 0.458392 3.496800 -1.004434
 36   14.294526 -0.410349 -0.463635 -0.000051 -0.000180 -2.653655
 37   15.834409 0.579420 -0.284600 0.003070 0.010894 0.015959
 38   2.002993 -4.141270 -3.179293 -0.222531 -0.102068 1.145950
 39   -4.117888 -1.168139 -0.734461 -0.080069 -0.047459 0.707875
 40   0.528239 -4.156822 2.698211 -0.222531 -0.102080 1.146011
 41   -4.773694 -0.945845 0.947847 -0.080070 -0.047459 0.707875
 42   1.108211 -1.087939 -2.575329 -0.071368 0.042381 1.368721
 43   0.761757 -0.785873 2.963130 -0.071379 0.042385 1.368721
time 40
  0   0.020765 -0.546892 15.239118 2.705095 0.000000 -1.571069
  1   -1.093036 0.000002 -0.326057 -1.570023 -1.570379 -0.000268
  2   2.262337 0.113614 0.064702 -0.013605 0.156448 0.214290
  3   2.380047 0.353302 0.047440 0.001245 0.156982 0.448575
  4   2.033756 0.190472 -0.000128 -0.024428 0.172794 0.352078
  5   2.451511 0.204909 -0.003447 0.000000 -0.000005 -0.017472
  6   7.247600 -0.397300 -0.109469 0.000001 -0.000003 0.418504
  7   -2.022252 -0.104661 3.136172 -0.298879 -1.361718 -2.901749
  8   1.168026 -0.537438 -0.063437 -1.559123 0.957296 -1.523880
  9   6.790376 -0.619176 0.015206 -0.009367 -0.035190 -0.539141
 10   8.637599 0.544015 -0.090417 -1.570112 0.000221 -0.122021
 11   6.790465 -0.619039 0.017802 -0.009626 -0.035301 -0.392564
 12   -2.022474 -0.104699 -2.873818 0.299065 1.362032 -2.901601
 13   1.167898 -0.537463 0.063297 1.506614 -0.673710 -1.715525
 14   7.002743 -0.617765 -0.183752 0.614759 -0.819664 -0.122769
 15   8.209042 0.615527 -0.255885 -0.750504 0.526679 -0.668674
 16   7.002735 -0.617911 -0.183641 0.409254 -0.577603 -0.042599
 17   1.574674 0.609930 -0.000899 0.000000 0.000008 0.078017
 18   -0.602177 0.511412 -0.000006 0.000000 0.000000 0.000000
 19   3.673773 0.177020 1.119313 -0.000002 -0.000014 -0.174510
 20   3.673767 0.176993 -1.117566 0.000007 -0.000003 -0.174546
 21   3.942357 1.330634 1.627658 0.000002 -0.000011 -0.000026
 22   -0.246060 -0.011889 0.516521 -0.000011 0.000031 0.000025
 23   3.942374 1.330659 -1.631083 0.000019 0.000002 -0.000024
 24   -0.246150 -0.011872 -0.516511 -0.000005 -0.000006 0.000048
 25   4.941364 1.997338 1.629330 0.000018 0.104524 -0.000024
 26   4.941382 1.997366 -1.629410 -0.000001 -0.104525 -0.000024
 27   2.918368 1.615358 1.514501 -0.000019 -0.000022 -0.000050
 28   2.920798 1.614964 -1.501142 -0.000002 -0.000009 -0.000024
 29   8.824059 0.150544 0.091743 -0.019155 0.224236 -0.985479
 30   2.048583 -0.803374 1.678848 0.065678 0.100447 -0.260824
 31   2.027537 -0.811297 -1.752033 -0.096145 -0.129740 -0.375320
 32   -0.810489 -0.093824 3.127092 0.001376 -2.696272 0.071551
 33   14.298673 -0.408176 0.475484 -0.000064 -0.000210 0.033715
 34   15.835795 0.581398 0.242756 -0.003042 -0.010786 -0.001416
 35   -0.815868 -0.091229 -3.114430 0.458392 3.496800 -1.004434
 36   14.294526 -0.410349 -0.463635 -0.000051 -0.000180 -2.653655
 37   15.834409 0.579420 -0.284600 0.003070 0.010894 0.015959
 38   2.002993 -4.141270 -3.179293 -0.223541 -0.101237 1.150227
 39   -4.117888 -1.168139 -0.734461 -0.080668 -0.047099 0.713428
 40   0.528239 -4.156822 2.698211 -0.223541 -0.101224 1.150165
 41   -4.773694 -0.945845 0.947847 -0.080669 -0.047099 0.713428
 42   1.116024 -1.095752 -2.575329 -0.071692 0.042810 1.370352
 43   0.773476 -0.789779 2.963130 -0.071679 0.042824 1.370352
time 41
  0   0.020765 -0.546892 15.239118 2.705095 0.000000 -1.571069
  1   -1.093036 0.000002 -0.326057 -1.570023 -1.570379 -0.000268
  2   2.262337 0.113614 0.064702 -0.013605 0.156448 0.219494
  3   2.380047 0.353302 0.047440 0.001245 0.156982 0.452064
  4   2.033756 0.190472 -0.000128 -0.024428 0.172794 0.357370
  5   2.451511 0.204909 -0.003447 0.000000 -0.000005 -0.017472
  6   7.247600 -0.397300 -0.109469 0.000001 -0.000003 0.418504
  7   -2.022252 -0.104661 3.136172 -0.298879 -1.361718 -2.901749
  8   1.168026 -0.537438 -0.063437 -1.560009 0.948592 -1.524576
  9   6.790376 -0.619176 0.015206 -0.009367 -0.035190 -0.539141
 10   8.637599 0.544015 -0.090417 -1.570112 0.000221 -0.122021
 11   6.790465 -0.619039 0.017802 -0.009626 -0.035301 -0.392564
 12   -2.022474 -0.104699 -2.873818 0.299065 1.362032 -2.901601
 13   1.167898 -0.537463 0.063297 1.504716 -0.663438 -1.714375
 14   7.002743 -0.617765 -0.183752 0.614759 -0.819664 -0.122769
 15   8.209042 0.615527 -0.255885 -0.750504 0.526679 -0.668674
 16   7.002735 -0.617911 -0.183641 0.409254 -0.577603 -0.042599
 17   1.574674 0.609930 -0.000899 0.000000 0.000008 0.078017
 18   -0.602177 0.511412 -0.000006 0.000000 0.000000 0.000000
 19   3.673773 0.177020 1.119313 -0.000002 -0.000014 -0.174510
 20   3.673767 0.176993 -1.117566 0.000007 -0.000003 -0.174546
 21   3.942357 1.330634 1.627658 0.000002 -0.000011 -0.000026
 22   -0.246060 -0.011889 0.516521 -0.000011 0.000031 0.000025
 23   3.938468 1.330659 -1.631083 0.000019 0.000002 -0.000024
 24   -0.246150 -0.011872 -0.516511 -0.000005 -0.000006 0.000048
 25   4.941364 1.997338 1.629330 0.000018 0.108764 -0.000024
 26   4.941382 1.997366 -1.629410 -0.000001 -0.108766 -0.000024
 27   2.918368 1.615358 1.514501 -0.000019 -0.000022 -0.000050
 28   2.920798 1.614964 -1.501142 -0.000002 -0.000009 -0.000024
 29   8.824059 0.150544 0.091743 -0.019422 0.223429 -0.982903
 30   2.048583 -0.799468 1.682754 0.063820 0.097629 -0.253534
 31   2.027537 -0.803484 -1.759846 -0.093448 -0.126088 -0.364803
 32   -0.810489 -0.093824 3.127092 0.001376 -2.696272 0.071551
 33   14.298673 -0.408176 0.475484 -0.000064 -0.000210 0.033715
 34   15.835795 0.581398 0.242756 -0.003042 -0.010786 -0.001416
 35   -0.815868 -0.091229 -3.114430 0.458392 3.496800 -1.004434
 36   14.294526 -0.410349 -0.463635 -0.000051 -0.000180 -2.653655
 37   15.834409 0.579420 -0.284600 0.003070 0.010894 0.015959
 38   2.002993 -4.141270 -3.179293 -0.222531 -0.102068 1.145950
 39   -4.117888 -1.168139 -0.734461 -0.080069 -0.047459 0.707875
 40   0.528239 -4.156822 2.698211 -0.222531 -0.102080 1.146011
 41   -4.773694 -0.945845 0.947847 -0.080070 -0.047459 0.707875
 42   1.108211 -1.087939 -2.575329 -0.071368 0.042381 1.368721
 43   0.761757 -0.785873 2.963130 -0.071379 0.042385 1.368721
time 42
  0   0.020765 -0.546892 15.239118 2.705095 0.000000 -1.571069
  1   -1.093036 0.000002 -0.326057 -1.570023 -1.570379 -0.000268
  2   2.262337 0.113614 0.064702 -0.013605 0.156448 0.224771
  3   2.380047 0.353302 0.047440 0.001245 0.156982 0.455574
  4   2.033756 0.190472 -0.000128 -0.024428 0.172794 0.362517
  5   2.451511 0.204909 -0.003447 0.000000 -0.000005 -0.017472
  6   7.247600 -0.397300 -0.109469 0.000001 -0.000003 0.418504
  7   -2.022252 -0.104661 3.136172 -0.298879 -1.361718 -2.901749
  8   1.168026 -0.537438 -0.063437 -1.560578 0.939837 -1.525145
  9   6.790376 -0.619176 0.015206 -0.009367 -0.035190 -0.539141
 10   8.637599 0.544015 -0.090417 -1.570112 0.000221 -0.122021
 11   6.790465 -0.619039 0.017802 -0.009626 -0.035301 -0.392564
 12   -2.022474 -0.104699 -2.873818 0.299065 1.362032 -2.901601
 13   1.167898 -0.537463 0.063297 1.502818 -0.653114 -1.713225
 14   7.002743 -0.617765 -0.183752 0.614759 -0.819664 -0.122769
 15   8.209042 0.615527 -0.255885 -0.750504 0.526679 -0.668674
 16   7.002735 -0.617911 -0.183641 0.409254 -0.577603 -0.042599
 17   1.574674 0.609930 -0.000899 0.000000 0.000008 0.078017
 18   -0.602177 0.511412 -0.000006 0.000000 0.000000 0.000000
 19   3.673773 0.177020 1.119313 -0.000002 -0.000014 -0.174510
 20   3.673767 0.176993 -1.117566 0.000007 -0.000003 -0.174546
 21   3.942357 1.330634 1.627658 0.000002 -0.000011 -0.000026
 22   -0.246060 -0.011889 0.516521 -0.000011 0.000031 0.000025
 23   3.942374 1.330659 -1.631083 0.000019 0.000002 -0.000024
 24   -0.246150 -0.011872 -0.516511 -0.000005 -0.000006 0.000048
 25   4.941364 1.997338 1.629330 0.000018 0.113072 -0.000024
 26   4.941382 1.997366 -1.629410 -0.000001 -0.113057 -0.000024
 27   2.918368 1.615358 1.514501 -0.000019 -0.000022 -0.000050
 28   2.920798 1.614964 -1.501142 -0.000002 -0.000009 -0.000024
 29   8.824059 0.150544 0.091743 -0.019957 0.221245 -0.976144
 30   2.060302 -0.779936 1.690567 0.058830 0.089928 -0.233699
 31   2.039256 -0.783952 -1.763752 -0.086155 -0.116272 -0.336291
 32   -0.810489 -0.093824 3.127092 0.001376 -2.696272 0.071551
 33   14.298673 -0.408176 0.475484 -0.000064 -0.000210 0.033715
 34   15.835795 0.581398 0.242756 -0.003042 -0.010786 -0.001416
 35   -0.815868 -0.091229 -3.114430 0.458392 3.496800 -1.004434
 36   14.294526 -0.410349 -0.463635 -0.000051 -0.000180 -2.653655
 37   15.834409 0.579420 -0.284600 0.003070 0.010894 0.015959
 38   1.995180 -4.133457 -3.183199 -0.219731 -0.104346 1.134526
 39   -4.117888 -1.168139 -0.734461 -0.078463 -0.048430 0.692730
 40   0.528239 -4.156822 2.698211 -0.219731 -0.104333 1.134464
 41   -4.773694 -0.945845 0.947847 -0.078464 -0.048430 0.692730
 42   1.076960 -1.064501 -2.587048 -0.070517 0.041185 1.364121
 43   0.738319 -0.766341 2.955317 -0.070517 0.041192 1.364121
time 43
  0   0.020765 -0.546892 15.239118 2.705095 0.000000 -1.571069
  1   -1.093036 0.000002 -0.326057 -1.570023 -1.570379 -0.000268
  2   2.262337 0.113614 0.064702 -0.013605 0.156448 0.229975
  3   2.380047 0.353302 0.047440 0.001245 0.156982 0.459043
  4   2.033756 0.190472 -0.000128 -0.024428 0.172794 0.367846
  5   2.451511 0.204909 -0.003447 0.000000 -0.000005 -0.017472
  6   7.247600 -0.397300 -0.109469 0.000001 -0.000003 0.418504
  7   -2.022252 -0.104661 3.136172 -0.298879 -1.361718 -2.901749
  8   1.168026 -0.537438 -0.063437 -1.561401 0.931032 -1.525588
  9   6.790376 -0.619176 0.015206 -0.009367 -0.035190 -0.539141
 10   8.637599 0.544015 -0.090417 -1.570112 0.000221 -0.122021
 11   6.790465 -0.619039 0.017802 -0.009626 -0.035301 -0.392564
 12   -2.022474 -0.104699 -2.873818 0.299065 1.362032 -2.901601
 13   1.167898 -0.537463 0.063297 1.500920 -0.642639 -1.712135
 14   7.002743 -0.617765 -0.183752 0.614759 -0.819664 -0.122769
 15   8.209042 0.615527 -0.255885 -0.750504 0.526679 -0.668674
 16   7.002735 -0.617911 -0.183641 0.409254 -0.577603 -0.042599
 17   1.574674 0.609930 -0.000899 0.000000 0.000008 0.078017
 18   -0.602177 0.511412 -0.000006 0.000000 0.000000 0.000000
 19   3.673773 0.177020 1.119313 -0.000002 -0.000014 -0.174510
 20   3.673767 0.176993 -1.117566 0.000007 -0.000003 -0.174546
 21   3.942357 1.330634 1.627658 0.000002 -0.000011 -0.000026
 22   -0.246060 -0.011889 0.516521 -0.000011 0.000031 0.000025
 23   3.942374 1.330659 -1.631083 0.000019 0.000002 -0.000024
 24   -0.246150 -0.011872 -0.516511 -0.000005 -0.000006 0.000048
 25   4.941364 1.997338 1.629330 0.000018 0.117353 -0.000024
 26   4.941382 1.997366 -1.629410 -0.000001 -0.117348 -0.000024
 27   2.918368 1.615358 1.514501 -0.000019 -0.000022 -0.000050
 28   2.920798 1.614964 -1.501142 -0.000002 -0.000009 -0.000024
 29   8.824059 0.150544 0.091743 -0.020759 0.218064 -0.966112
 30   2.060302 -0.748685 1.702286 0.051467 0.078594 -0.204495
 31   2.050975 -0.752701 -1.779378 -0.075384 -0.101741 -0.294241
 32   -0.810489 -0.093824 3.127092 0.001376 -2.696272 0.071551
 33   14.298673 -0.408176 0.475484 -0.000064 -0.000210 0.033715
 34   15.835795 0.581398 0.242756 -0.003042 -0.010786 -0.001416
 35   -0.815868 -0.091229 -3.114430 0.458392 3.496800 -1.004434
 36   14.294526 -0.410349 -0.463635 -0.000051 -0.000180 -2.653655
 37   15.834409 0.579420 -0.284600 0.003070 0.010894 0.015959
 38   1.991274 -4.133457 -3.183199 -0.215648 -0.107696 1.117480
 39   -4.125701 -1.160326 -0.734461 -0.076090 -0.049844 0.670434
 40   0.536052 -4.156822 2.698211 -0.215648 -0.107683 1.117541
 41   -4.769788 -0.953658 0.947847 -0.076091 -0.049844 0.670434
 42   1.033990 -1.033250 -2.594861 -0.069283 0.039406 1.357429
 43   0.707068 -0.742903 2.951411 -0.069280 0.039435 1.357429
time 44
  0   0.020765 -0.546892 15.239118 2.705095 0.000000 -1.571069
  1   -1.093036 0.000002 -0.326057 -1.570023 -1.570379 -0.000268
  2   2.262337 0.113614 0.064702 -0.013605 0.156448 0.235180
  3   2.380047 0.353302 0.047440 0.001245 0.156982 0.462573
  4   2.033756 0.190472 -0.000128 -0.024428 0.172794 0.373065
  5   2.451511 0.204909 -0.003447 0.000000 -0.000005 -0.017472
  6   7.247600 -0.397300 -0.109469 0.000001 -0.000003 0.418504
  7   -2.022252 -0.104661 3.136172 -0.298879 -1.361718 -2.901749
  8   1.168026 -0.537438 -0.063437 -1.561844 0.922227 -1.526094
  9   6.790376 -0.619176 0.015206 -0.009367 -0.035190 -0.539141
 10   8.637599 0.544015 -0.090417 -1.570112 0.000221 -0.122021
 11   6.790465 -0.619039 0.017802 -0.009626 -0.035301 -0.392564
 12   -2.022474 -0.104699 -2.873818 0.299065 1.362032 -2.901601
 13   1.167898 -0.537463 0.063297 1.499092 -0.632316 -1.711106
 14   7.002743 -0.617765 -0.183752 0.614759 -0.819664 -0.122769
 15   8.209042 0.615527 -0.255885 -0.750504 0.526679 -0.668674
 16   7.002735 -0.617911 -0.183641 0.409254 -0.577603 -0.042599
 17   1.574674 0.609930 -0.000899 0.000000 0.000008 0.078017
 18   -0.602177 0.511412 -0.000006 0.000000 0.000000 0.000000
 19   3.673773 0.177020 1.119313 -0.000002 -0.000014 -0.174510
 20   3.673767 0.176993 -1.117566 0.000007 -0.000003 -0.174546
 21   3.942357 1.330634 1.627658 0.000002 -0.000011 -0.000026
 22   -0.246060 -0.011889 0.516521 -0.000011 0.000031 0.000025
 23   3.938468 1.330659 -1.631083 0.000019 0.000002 -0.000024
 24   -0.246150 -0.011872 -0.516511 -0.000005 -0.000006 0.000048
 25   4.941364 1.997338 1.629330 0.000018 0.121687 -0.000024
 26   4.941382 1.997366 -1.629410 -0.000001 -0.121689 -0.000024
 27   2.918368 1.615358 1.514501 -0.000019 -0.000022 -0.000050
 28   2.920798 1.614964 -1.501142 -0.000002 -0.000009 -0.000024
 29   8.824059 0.150544 0.091743 -0.021739 0.214242 -0.953880
 30   2.072021 -0.717434 1.721818 0.042544 0.064849 -0.169007
 31   2.058788 -0.725357 -1.791097 -0.062299 -0.084050 -0.243203
 32   -0.810489 -0.093824 3.127092 0.001376 -2.696272 0.071551
 33   14.298673 -0.408176 0.475484 -0.000064 -0.000210 0.033715
 34   15.835795 0.581398 0.242756 -0.003042 -0.010786 -0.001416
 35   -0.815868 -0.091229 -3.114430 0.458392 3.496800 -1.004434
 36   14.294526 -0.410349 -0.463635 -0.000051 -0.000180 -2.653655
 37   15.834409 0.579420 -0.284600 0.003070 0.010894 0.015959
 38   1.983461 -4.133457 -3.183199 -0.210638 -0.111757 1.097014
 39   -4.129607 -1.160326 -0.734461 -0.073226 -0.051570 0.643341
 40   0.547771 -4.164635 2.702117 -0.210638 -0.111744 1.096952
 41   -4.761975 -0.953658 0.947847 -0.073227 -0.051558 0.643341
 42   0.991020 -0.998093 -2.598767 -0.067773 0.037275 1.349316
 43   0.664098 -0.719465 2.939692 -0.067768 0.037301 1.349316
time 45
  0   0.020765 -0.546892 15.239118 2.705095 0.000000 -1.571069
  1   -1.093036 0.000002 -0.326057 -1.570023 -1.570379 -0.000268
  2   2.262337 0.113614 0.064702 -0.013605 0.156448 0.240493
  3   2.380047 0.353302 0.047440 0.001245 0.156982 0.466042
  4   2.033756 0.190472 -0.000128 -0.024428 0.172794 0.378285
  5   2.451511 0.204909 -0.003447 0.000000 -0.000005 -0.017472
  6   7.247600 -0.397300 -0.109469 0.000001 -0.000003 0.418504
  7   -2.022252 -0.104661 3.136172 -0.298879 -1.361718 -2.901749
  8   1.168026 -0.537438 -0.063437 -1.562540 0.913573 -1.526600
  9   6.790376 -0.619176 0.015206 -0.009367 -0.035190 -0.539141
 10   8.637599 0.544015 -0.090417 -1.570112 0.000221 -0.122021
 11   6.790465 -0.619039 0.017802 -0.009626 -0.035301 -0.392564
 12   -2.022474 -0.104699 -2.873818 0.299065 1.362032 -2.901601
 13   1.167898 -0.537463 0.063297 1.497335 -0.622043 -1.709956
 14   7.002743 -0.617765 -0.183752 0.614759 -0.819664 -0.122769
 15   8.209042 0.615527 -0.255885 -0.750935 0.526679 -0.668674
 16   7.002735 -0.617911 -0.183641 0.409254 -0.577603 -0.042599
 17   1.574674 0.609930 -0.000899 0.000000 0.000008 0.078017
 18   -0.602177 0.511412 -0.000006 0.000000 0.000000 0.000000
 19   3.673773 0.177020 1.119313 -0.000002 -0.000014 -0.174510
 20   3.673767 0.176993 -1.117566 0.000007 -0.000003 -0.174546
 21   3.942357 1.330634 1.627658 0.000002 -0.000011 -0.000026
 22   -0.246060 -0.011889 0.516521 -0.000011 0.000031 0.000025
 23   3.942374 1.330659 -1.631083 0.000019 0.000002 -0.000024
 24   -0.246150 -0.011872 -0.516511 -0.000005 -0.000006 0.000048
 25   4.941364 1.997338 1.629330 0.000018 0.126008 -0.000024
 26   4.941382 1.997366 -1.629410 -0.000001 -0.126005 -0.000024
 27   2.918368 1.615358 1.514501 -0.000019 -0.000022 -0.000050
 28   2.920798 1.614964 -1.501142 -0.000002 -0.000009 -0.000024
 29   8.824059 0.150544 0.091743 -0.022809 0.210017 -0.940629
 30   2.079834 -0.678370 1.733537 0.032835 0.049883 -0.130411
 31   2.078320 -0.686293 -1.802816 -0.048065 -0.064857 -0.187652
 32   -0.810489 -0.093824 3.127092 0.001376 -2.696272 0.071551
 33   14.298673 -0.408176 0.475484 -0.000064 -0.000210 0.033715
 34   15.835795 0.581398 0.242756 -0.003042 -0.010786 -0.001416
 35   -0.815868 -0.091229 -3.114430 0.458392 3.496800 -1.004434
 36   14.294526 -0.410349 -0.463635 -0.000051 -0.000180 -2.653655
 37   15.834409 0.579420 -0.284600 0.003070 0.010894 0.015959
 38   1.975648 -4.129551 -3.183199 -0.205250 -0.116180 1.074592
 39   -4.129607 -1.156420 -0.738367 -0.070098 -0.053427 0.613865
 40   0.547771 -4.168541 2.702117 -0.205250 -0.116179 1.074530
 41   -4.761975 -0.957564 0.951753 -0.070099 -0.053427 0.613865
 42   0.936331 -0.955123 -2.614393 -0.066119 0.034960 1.340492
 43   0.617221 -0.692120 2.931879 -0.066119 0.034947 1.340492
time 46
  0   0.020765 -0.546892 15.239118 2.705095 0.000000 -1.571069
  1   -1.093036 0.000002 -0.326057 -1.570023 -1.570379 -0.000268
  2   2.262337 0.113614 0.064702 -0.013605 0.156448 0.245661
  3   2.380047 0.353302 0.047440 0.001245 0.156982 0.469511
  4   2.033756 0.190472 -0.000128 -0.024428 0.172794 0.383504
  5   2.451511 0.204909 -0.003447 0.000000 -0.000005 -0.017472
  6   7.247600 -0.397300 -0.109469 0.000001 -0.000003 0.418504
  7   -2.022252 -0.104661 3.136172 -0.298879 -1.361718 -2.901749
  8   1.168026 -0.537438 -0.063437 -1.563173 0.904768 -1.527043
  9   6.790376 -0.619176 0.015206 -0.009367 -0.035190 -0.539141
 10   8.637599 0.544015 -0.090417 -1.570112 0.000221 -0.122021
 11   6.790465 -0.619039 0.017802 -0.009626 -0.035301 -0.392564
 12   -2.022474 -0.104699 -2.873818 0.299065 1.362032 -2.901601
 13   1.167898 -0.537463 0.063297 1.495507 -0.611720 -1.708927
 14   7.002743 -0.617765 -0.183752 0.614759 -0.819664 -0.122769
 15   8.209042 0.615527 -0.255885 -0.750935 0.526679 -0.668674
 16   7.002735 -0.617911 -0.183641 0.409254 -0.577603 -0.042599
 17   1.574674 0.609930 -0.000899 0.000000 0.000008 0.078017
 18   -0.602177 0.511412 -0.000006 0.000000 0.000000 0.000000
 19   3.673773 0.177020 1.119313 -0.000002 -0.000014 -0.174510
 20   3.673767 0.176993 -1.117566 0.000007 -0.000003 -0.174546
 21   3.942357 1.330634 1.627658 0.000002 -0.000011 -0.000026
 22   -0.246060 -0.011889 0.516521 -0.000011 0.000031 0.000025
 23   3.938468 1.330659 -1.631083 0.000019 0.000002 -0.000024
 24   -0.246150 -0.011872 -0.516511 -0.000005 -0.000006 0.000048
 25   4.941364 1.997338 1.629330 0.000018 0.130316 -0.000024
 26   4.941382 1.997366 -1.629410 -0.000001 -0.130308 -0.000024
 27   2.918368 1.615358 1.514501 -0.000019 -0.000022 -0.000050
 28   2.920798 1.614964 -1.501142 -0.000002 -0.000009 -0.000024
 29   8.824059 0.150544 0.091743 -0.023878 0.205839 -0.927270
 30   2.091553 -0.643213 1.753069 0.023099 0.034917 -0.091793
 31   2.090039 -0.643323 -1.822348 -0.033831 -0.045638 -0.132083
 32   -0.810489 -0.093824 3.127092 0.001376 -2.696272 0.071551
 33   14.298673 -0.408176 0.475484 -0.000064 -0.000210 0.033715
 34   15.835795 0.581398 0.242756 -0.003042 -0.010786 -0.001416
 35   -0.815868 -0.091229 -3.114430 0.458392 3.496800 -1.004434
 36   14.294526 -0.410349 -0.463635 -0.000051 -0.000180 -2.653655
 37   15.834409 0.579420 -0.284600 0.003070 0.010894 0.015959
 38   1.971742 -4.125645 -3.183199 -0.199819 -0.120590 1.052170
 39   -4.133513 -1.148607 -0.738367 -0.066958 -0.055309 0.584389
 40   0.559490 -4.168541 2.709930 -0.199819 -0.120589 1.052231
 41   -4.758069 -0.965377 0.951753 -0.066959 -0.055309 0.584389
 42   0.877735 -0.916059 -2.626112 -0.064453 0.032629 1.331668
 43   0.570345 -0.660869 2.920160 -0.064457 0.032624 1.331668
time 47
  0   0.020765 -0.546892 15.239118 2.705095 0.000000 -1.571069
  1   -1.093036 0.000002 -0.326057 -1.570023 -1.570379 -0.000268
  2   2.262337 0.113614 0.064702 -0.013605 0.156448 0.250901
  3   2.380047 0.353302 0.047440 0.001245 0.156982 0.473041
  4   2.033756 0.190472 -0.000128 -0.024428 0.172794 0.388833
  5   2.451511 0.204909 -0.003447 0.000000 -0.000005 -0.017472
  6   7.247600 -0.397300 -0.109469 0.000001 -0.000003 0.418504
  7   -2.022252 -0.104661 3.136172 -0.298879 -1.361718 -2.901749
  8   1.168026 -0.537438 -0.063437 -1.563742 0.896114 -1.527549
  9   6.790376 -0.619176 0.015206 -0.009367 -0.035190 -0.539141
 10   8.637599 0.544015 -0.090417 -1.570112 0.000221 -0.122021
 11   6.790465 -0.619039 0.017802 -0.009626 -0.035301 -0.392564
 12   -2.022474 -0.104699 -2.873818 0.299065 1.362032 -2.901601
 13   1.167898 -0.537463 0.063297 1.493609 -0.601244 -1.708019
 14   7.002743 -0.617765 -0.183752 0.614759 -0.819664 -0.122769
 15   8.209042 0.615527 -0.255885 -0.750504 0.526679 -0.668674
 16   7.002735 -0.617911 -0.183641 0.409254 -0.577603 -0.042599
 17   1.574674 0.609930 -0.000899 0.000000 0.000008 0.078017
 18   -0.602177 0.511412 -0.000006 0.000000 0.000000 0.000000
 19   3.673773 0.177020 1.119313 -0.000002 -0.000014 -0.174510
 20   3.673767 0.176993 -1.117566 0.000007 -0.000003 -0.174546
 21   3.942357 1.330634 1.627658 0.000002 -0.000011 -0.000026
 22   -0.246060 -0.011889 0.516521 -0.000011 0.000031 0.000025
 23   3.942374 1.330659 -1.631083 0.000019 0.000002 -0.000024
 24   -0.246150 -0.011872 -0.516511 -0.000005 -0.000006 0.000048
 25   4.941364 1.997338 1.629330 0.000018 0.134650 -0.000024
 26   4.941382 1.997366 -1.629410 -0.000001 -0.134649 -0.000024
 27   2.918368 1.615358 1.514501 -0.000019 -0.000022 -0.000050
 28   2.920798 1.614964 -1.501142 -0.000002 -0.000009 -0.000024
 29   8.824059 0.150544 0.091743 -0.024859 0.201946 -0.915146
 30   2.103272 -0.611962 1.764788 0.014176 0.021142 -0.056305
 31   2.101758 -0.612072 -1.834067 -0.020746 -0.027999 -0.081063
 32   -0.810489 -0.093824 3.127092 0.001376 -2.696272 0.071551
 33   14.298673 -0.408176 0.475484 -0.000064 -0.000210 0.033715
 34   15.835795 0.581398 0.242756 -0.003042 -0.010786 -0.001416
 35   -0.815868 -0.091229 -3.114430 0.458392 3.496800 -1.004434
 36   14.294526 -0.410349 -0.463635 -0.000051 -0.000180 -2.653655
 37   15.834409 0.579420 -0.284600 0.003070 0.010894 0.015959
 38   1.963929 -4.117832 -3.191012 -0.194809 -0.124663 1.031581
 39   -4.141326 -1.148607 -0.738367 -0.064082 -0.057035 0.557297
 40   0.567303 -4.168541 2.709930 -0.194809 -0.124662 1.031642
 41   -4.750256 -0.965377 0.951753 -0.064083 -0.057035 0.557297
 42   0.834765 -0.873089 -2.630018 -0.062943 0.030498 1.323554
 43   0.531281 -0.629618 2.912347 -0.062933 0.030490 1.323554
time 48
  0   0.020765 -0.546892 15.239118 2.705095 0.000000 -1.571069
  1   -1.093036 0.000002 -0.326057 -1.570023 -1.570379 -0.000268
  2   2.262337 0.113614 0.064702 -0.013605 0.156448 0.256142
  3   2.380047 0.353302 0.047440 0.001245 0.156982 0.476510
  4   2.033756 0.190472 -0.000128 -0.024428 0.172794 0.393980
  5   2.451511 0.204909 -0.003447 0.000000 -0.000005 -0.017472
  6   7.247600 -0.397300 -0.109469 0.000001 -0.000003 0.418504
  7   -2.022252 -0.104661 3.136172 -0.298879 -1.361718 -2.901749
  8   1.168026 -0.537438 -0.063437 -1.564312 0.887460 -1.527992
  9   6.790376 -0.619176 0.015206 -0.009367 -0.035190 -0.539141
 10   8.637599 0.544015 -0.090417 -1.570112 0.000221 -0.122021
 11   6.790465 -0.619039 0.017802 -0.009626 -0.035301 -0.392564
 12   -2.022474 -0.104699 -2.873818 0.299065 1.362032 -2.901601
 13   1.167898 -0.537463 0.063297 1.491993 -0.590921 -1.706990
 14   7.002743 -0.617765 -0.183752 0.614759 -0.819664 -0.122769
 15   8.209042 0.615527 -0.255885 -0.750504 0.526679 -0.668674
 16   7.002735 -0.617911 -0.183641 0.409254 -0.577603 -0.042599
 17   1.574674 0.609930 -0.000899 0.000000 0.000008 0.078017
 18   -0.602177 0.511412 -0.000006 0.000000 0.000000 0.000000
 19   3.673773 0.177020 1.119313 -0.000002 -0.000014 -0.174510
 20   3.673767 0.176993 -1.117566 0.000007 -0.000003 -0.174546
 21   3.942357 1.330634 1.627658 0.000002 -0.000011 -0.000026
 22   -0.246060 -0.011889 0.516521 -0.000011 0.000031 0.000025
 23   3.942374 1.330659 -1.631083 0.000019 0.000002 -0.000024
 24   -0.246150 -0.011872 -0.516511 -0.000005 -0.000006 0.000048
 25   4.941364 1.997338 1.629330 0.000018 0.138944 -0.000024
 26   4.941382 1.997366 -1.629410 -0.000001 -0.138940 -0.000024
 27   2.918368 1.615358 1.514501 -0.000019 -0.000022 -0.000050
 28   2.920798 1.614964 -1.501142 -0.000002 -0.000009 -0.000024
 29   8.824059 0.150544 0.091743 -0.025661 0.198765 -0.905114
 30   2.111085 -0.580711 1.776507 0.006813 0.009809 -0.027101
 31   2.113477 -0.580821 -1.845786 -0.009990 -0.013495 -0.039013
 32   -0.810489 -0.093824 3.127092 0.001376 -2.696272 0.071551
 33   14.298673 -0.408176 0.475484 -0.000064 -0.000210 0.033715
 34   15.835795 0.581398 0.242756 -0.003042 -0.010786 -0.001416
 35   -0.815868 -0.091229 -3.114430 0.458392 3.496800 -1.004434
 36   14.294526 -0.410349 -0.463635 -0.000051 -0.000180 -2.653655
 37   15.834409 0.579420 -0.284600 0.003070 0.010894 0.015959
 38   1.960023 -4.117832 -3.191012 -0.190726 -0.128001 1.014658
 39   -4.141326 -1.144701 -0.738367 -0.061709 -0.058449 0.535001
 40   0.571209 -4.172447 2.709930 -0.190726 -0.128013 1.014719
 41   -4.750256 -0.969283 0.951753 -0.061710 -0.058449 0.535001
 42   0.791795 -0.841838 -2.641737 -0.061697 0.028735 1.316863
 43   0.500030 -0.610086 2.900628 -0.061696 0.028749 1.316905
time 49
  0   0.020765 -0.546892 15.239118 2.705095 0.000000 -1.571069
  1   -1.093036 0.000002 -0.326057 -1.570023 -1.570379 -0.000268
  2   2.262337 0.113614 0.064702 -0.013605 0.156448 0.261346
  3   2.380047 0.353302 0.047440 0.001245 0.156982 0.479979
  4   2.033756 0.190472 -0.000128 -0.024428 0.172794 0.399272
  5   2.451511 0.204909 -0.003447 0.000000 -0.000005 -0.017472
  6   7.247600 -0.397300 -0.109469 0.000001 -0.000003 0.418504
  7   -2.022252 -0.104661 3.136172 -0.298879 -1.361718 -2.901749
  8   1.168026 -0.537438 -0.063437 -1.564945 0.878705 -1.528561
  9   6.790376 -0.619176 0.015206 -0.009367 -0.035190 -0.539141
 10   8.637599 0.544015 -0.090417 -1.570112 0.000221 -0.122021
 11   6.790465 -0.619039 0.017802 -0.009626 -0.035301 -0.392564
 12   -2.022474 -0.104699 -2.873818 0.299065 1.362032 -2.901601
 13   1.167898 -0.537463 0.063297 1.490306 -0.580649 -1.706021
 14   7.002743 -0.617765 -0.183752 0.614759 -0.819664 -0.122769
 15   8.209042 0.615527 -0.255885 -0.750504 0.526679 -0.668674
 16   7.002735 -0.617911 -0.183641 0.409254 -0.577603 -0.042599
 17   1.574674 0.609930 -0.000899 0.000000 0.000008 0.078017
 18   -0.602177 0.511412 -0.000006 0.000000 0.000000 0.000000
 19   3.673773 0.177020 1.119313 -0.000002 -0.000014 -0.174510
 20   3.673767 0.176993 -1.117566 0.000007 -0.000003 -0.174546
 21   3.942357 1.330634 1.627658 0.000002 -0.000011 -0.000026
 22   -0.246060 -0.011889 0.516521 -0.000011 0.000031 0.000025
 23   3.942374 1.330659 -1.631083 0.000019 0.000002 -0.000024
 24   -0.246150 -0.011872 -0.516511 -0.000005 -0.000006 0.000048
 25   4.941364 1.997338 1.629330 0.000018 0.143238 -0.000024
 26   4.941382 1.997366 -1.629410 -0.000001 -0.143256 -0.000024
 27   2.918368 1.615358 1.514501 -0.000019 -0.000022 -0.000050
 28   2.920798 1.614964 -1.501142 -0.000002 -0.000009 -0.000024
 29   8.824059 0.150544 0.091743 -0.026195 0.196605 -0.898247
 30   2.111085 -0.561179 1.784320 0.001823 0.002137 -0.007266
 31   2.121290 -0.561289 -1.853599 -0.002666 -0.003600 -0.010501
 32   -0.810489 -0.093824 3.127092 0.001376 -2.696272 0.071551
 33   14.298673 -0.408176 0.475484 -0.000064 -0.000210 0.033715
 34   15.835795 0.581398 0.242756 -0.003042 -0.010786 -0.001416
 35   -0.815868 -0.091229 -3.114430 0.458392 3.496800 -1.004434
 36   14.294526 -0.410349 -0.463635 -0.000051 -0.000180 -2.653655
 37   15.834409 0.579420 -0.284600 0.003070 0.010894 0.015959
 38   1.952210 -4.117832 -3.191012 -0.187926 -0.130291 1.003234
 39   -4.149139 -1.136888 -0.738367 -0.060103 -0.059408 0.519884
 40   0.571209 -4.172447 2.709930 -0.187926 -0.130278 1.003233
 41   -4.742443 -0.977096 0.951753 -0.060104 -0.059408 0.519856
 42   0.760544 -0.826213 -2.649550 -0.060858 0.027539 1.312346
 43   0.476592 -0.598367 2.900628 -0.060859 0.027540 1.312346
time 50
  0   0.020765 -0.546892 15.239118 2.705095 0.000000 -1.571069
  1   -1.093036 0.000002 -0.326057 -1.570023 -1.570379 -0.000268
  2   2.262337 0.113614 0.064702 -0.013605 0.156448 0.256142
  3   2.380047 0.353302 0.047440 0.001245 0.156982 0.476510
  4   2.033756 0.190472 -0.000128 -0.024428 0.172794 0.393980
  5   2.451511 0.204909 -0.003447 0.000000 -0.000005 -0.017472
  6   7.247600 -0.397300 -0.109469 0.000001 -0.000003 0.418504
  7   -2.022252 -0.104661 3.136172 -0.298879 -1.361718 -2.901749
  8   1.168026 -0.537438 -0.063437 -1.564312 0.887460 -1.527992
  9   6.790376 -0.619176 0.015206 -0.009367 -0.035190 -0.539141
 10   8.637599 0.544015 -0.090417 -1.570112 0.000221 -0.122021
 11   6.790465 -0.619039 0.017802 -0.009626 -0.035301 -0.392564
 12   -2.022474 -0.104699 -2.873818 0.299065 1.362032 -2.901601
 13   1.167898 -0.537463 0.063297 1.491993 -0.590921 -1.706990
 14   7.002743 -0.617765 -0.183752 0.614759 -0.819664 -0.122769
 15   8.209042 0.615527 -0.255885 -0.750504 0.526679 -0.668674
 16   7.002735 -0.617911 -0.183641 0.409254 -0.577603 -0.042599
 17   1.574674 0.609930 -0.000899 0.000000 0.000008 0.078017
 18   -0.602177 0.511412 -0.000006 0.000000 0.000000 0.000000
 19   3.673773 0.177020 1.119313 -0.000002 -0.000014 -0.174510
 20   3.673767 0.176993 -1.117566 0.000007 -0.000003 -0.174546
 21   3.942357 1.330634 1.627658 0.000002 -0.000011 -0.000026
 22   -0.246060 -0.011889 0.516521 -0.000011 0.000031 0.000025
 23   3.942374 1.330659 -1.631083 0.000019 0.000002 -0.000024
 24   -0.246150 -0.011872 -0.516511 -0.000005 -0.000006 0.000048
 25   4.941364 1.997338 1.629330 0.000018 0.147492 -0.000024
 26   4.941382 1.997366 -1.629410 -0.000001 -0.147497 -0.000024
 27   2.918368 1.615358 1.514501 -0.000019 -0.000022 -0.000050
 28   2.920798 1.614964 -1.501142 -0.000002 -0.000009 -0.000024
 29   8.824059 0.150544 0.091743 -0.026374 0.195845 -0.895779
 30   2.111085 -0.561179 1.784320 -0.000008 -0.000682 0.000024
 31   2.121290 -0.561289 -1.853599 0.000000 0.000000 -0.000002
 32   -0.810489 -0.093824 3.127092 0.001376 -2.696272 0.071551
 33   14.298673 -0.408176 0.475484 -0.000064 -0.000210 0.033715
 34   15.835795 0.581398 0.242756 -0.003042 -0.010786 -0.001416
 35   -0.815868 -0.091229 -3.114430 0.458392 3.496800 -1.004434
 36   14.294526 -0.410349 -0.463635 -0.000051 -0.000180 -2.653655
 37   15.834409 0.579420 -0.284600 0.003070 0.010894 0.015959
 38   1.952210 -4.117832 -3.191012 -0.186916 -0.131110 0.999018
 39   -4.149139 -1.136888 -0.738367 -0.059503 -0.059755 0.514303
 40   0.579022 -4.172447 2.709930 -0.186916 -0.131122 0.998956
 41   -4.742443 -0.977096 0.951753 -0.059504 -0.059755 0.514303
 42   0.756638 -0.818400 -2.649550 -0.060534 0.027125 1.310673
 43   0.464873 -0.586648 2.892815 -0.060534 0.027117 1.310673
time 51
  0   0.020765 -0.546892 15.239118 2.705095 0.000000 -1.571069
  1   -1.093036 0.000002 -0.326057 -1.570023 -1.570379 -0.000268
  2   2.262337 0.113614 0.064702 -0.013605 0.156448 0.250901
  3   2.380047 0.353302 0.047440 0.001245 0.156982 0.473041
  4   2.033756 0.190472 -0.000128 -0.024428 0.172794 0.388833
  5   2.451511 0.204909 -0.003447 0.000000 -0.000005 -0.017472
  6   7.247600 -0.397300 -0.109469 0.000001 -0.000003 0.418504
  7   -2.022252 -0.104661 3.136172 -0.298879 -1.361718 -2.901749
  8   1.168026 -0.537438 -0.063437 -1.563742 0.896114 -1.527549
  9   6.790376 -0.619176 0.015206 -0.009367 -0.035190 -0.539141
 10   8.637599 0.544015 -0.090417 -1.570112 0.000221 -0.122021
 11   6.790465 -0.619039 0.017802 -0.009626 -0.035301 -0.392564
 12   -2.022474 -0.104699 -2.873818 0.299065 1.362032 -2.901601
 13   1.167898 -0.537463 0.063297 1.493609 -0.601244 -1.708019
 14   7.002743 -0.617765 -0.183752 0.614759 -0.819664 -0.122769
 15   8.209042 0.615527 -0.255885 -0.750504 0.526679 -0.668674
 16   7.002735 -0.617911 -0.183641 0.409254 -0.577603 -0.042599
 17   1.574674 0.609930 -0.000899 0.000000 0.000008 0.078017
 18   -0.602177 0.511412 -0.000006 0.000000 0.000000 0.000000
 19   3.673773 0.177020 1.119313 -0.000002 -0.000014 -0.174510
 20   3.673767 0.176993 -1.117566 0.000007 -0.000003 -0.174546
 21   3.942357 1.330634 1.627658 0.000002 -0.000011 -0.000026
 22   -0.246060 -0.011889 0.516521 -0.000011 0.000031 0.000025
 23   3.942374 1.330659 -1.631083 0.000019 0.000002 -0.000024
 24   -0.246150 -0.011872 -0.516511 -0.000005 -0.000006 0.000048
 25   4.941364 1.997338 1.629330 0.000018 0.151732 -0.000024
 26   4.941382 1.997366 -1.629410 -0.000001 -0.151738 -0.000024
 27   2.918368 1.615358 1.514501 -0.000019 -0.000022 -0.000050
 28   2.920798 1.614964 -1.501142 -0.000002 -0.000009 -0.000024
 29   8.824059 0.150544 0.091743 -0.026195 0.196605 -0.898247
 30   2.111085 -0.561179 1.784320 0.001823 0.002137 -0.007266
 31   2.121290 -0.561289 -1.853599 -0.002666 -0.003600 -0.010501
 32   -0.810489 -0.093824 3.127092 0.001376 -2.696272 0.071551
 33   14.298673 -0.408176 0.475484 -0.000064 -0.000210 0.033715
 34   15.835795 0.581398 0.242756 -0.003042 -0.010786 -0.001416
 35   -0.815868 -0.091229 -3.114430 0.458392 3.496800 -1.004434
 36   14.294526 -0.410349 -0.463635 -0.000051 -0.000180 -2.653655
 37   15.834409 0.579420 -0.284600 0.003070 0.010894 0.015959
 38   1.952210 -4.117832 -3.191012 -0.187926 -0.130291 1.003234
 39   -4.149139 -1.136888 -0.738367 -0.060103 -0.059408 0.519884
 40   0.571209 -4.172447 2.709930 -0.187926 -0.130278 1.003233
 41   -4.742443 -0.977096 0.951753 -0.060104 -0.059408 0.519856
 42   0.760544 -0.826213 -2.649550 -0.060858 0.027539 1.312346
 43   0.476592 -0.598367 2.900628 -0.060859 0.027540 1.312346
time 52
  0   0.020765 -0.546892 15.239118 2.705095 0.000000 -1.571069
  1   -1.093036 0.000002 -0.326057 -1.570023 -1.570379 -0.000268
  2   2.262337 0.113614 0.064702 -0.013605 0.156448 0.245661
  3   2.380047 0.353302 0.047440 0.001245 0.156982 0.469511
  4   2.033756 0.190472 -0.000128 -0.024428 0.172794 0.383504
  5   2.451511 0.204909 -0.003447 0.000000 -0.000005 -0.017472
  6   7.247600 -0.397300 -0.109469 0.000001 -0.000003 0.418504
  7   -2.022252 -0.104661 3.136172 -0.298879 -1.361718 -2.901749
  8   1.168026 -0.537438 -0.063437 -1.563173 0.904768 -1.527043
  9   6.790376 -0.619176 0.015206 -0.009367 -0.035190 -0.539141
 10   8.637599 0.544015 -0.090417 -1.570112 0.000221 -0.122021
 11   6.790465 -0.619039 0.017802 -0.009626 -0.035301 -0.392564
 12   -2.022474 -0.104699 -2.873818 0.299065 1.362032 -2.901601
 13   1.167898 -0.537463 0.063297 1.495507 -0.611720 -1.708927
 14   7.002743 -0.617765 -0.183752 0.614759 -0.819664 -0.122769
 15   8.209042 0.615527 -0.255885 -0.750935 0.526679 -0.668674
 16   7.002735 -0.617911 -0.183641 0.409254 -0.577603 -0.042599
 17   1.574674 0.609930 -0.000899 0.000000 0.000008 0.078017
 18   -0.602177 0.511412 -0.000006 0.000000 0.000000 0.000000
 19   3.673773 0.177020 1.119313 -0.000002 -0.000014 -0.174510
 20   3.673767 0.176993 -1.117566 0.000007 -0.000003 -0.174546
 21   3.942357 1.330634 1.627658 0.000002 -0.000011 -0.000026
 22   -0.246060 -0.011889 0.516521 -0.000011 0.000031 0.000025
 23   3.938468 1.330659 -1.631083 0.000019 0.000002 -0.000024
 24   -0.246150 -0.011872 -0.516511 -0.000005 -0.000006 0.000048
 25   4.941364 1.997338 1.629330 0.000018 0.155919 -0.000024
 26   4.941382 1.997366 -1.629410 -0.000001 -0.155917 -0.000024
 27   2.918368 1.615358 1.514501 -0.000019 -0.000022 -0.000050
 28   2.920798 1.614964 -1.501142 -0.000002 -0.000009 -0.000024
 29   8.824059 0.150544 0.091743 -0.025661 0.198765 -0.905114
 30   2.111085 -0.580711 1.776507 0.006813 0.009809 -0.027101
 31   2.113477 -0.580821 -1.845786 -0.009990 -0.013495 -0.039013
 32   -0.810489 -0.093824 3.127092 0.001376 -2.696272 0.071551
 33   14.298673 -0.408176 0.475484 -0.000064 -0.000210 0.033715
 34   15.835795 0.581398 0.242756 -0.003042 -0.010786 -0.001416
 35   -0.815868 -0.091229 -3.114430 0.458392 3.496800 -1.004434
 36   14.294526 -0.410349 -0.463635 -0.000051 -0.000180 -2.653655
 37   15.834409 0.579420 -0.284600 0.003070 0.010894 0.015959
 38   1.960023 -4.117832 -3.191012 -0.190726 -0.128001 1.014658
 39   -4.141326 -1.144701 -0.738367 -0.061709 -0.058449 0.535001
 40   0.571209 -4.172447 2.709930 -0.190726 -0.128013 1.014719
 41   -4.750256 -0.969283 0.951753 -0.061710 -0.058449 0.535001
 42   0.791795 -0.841838 -2.641737 -0.061697 0.028735 1.316863
 43   0.500030 -0.610086 2.900628 -0.061696 0.028749 1.316905
time 53
  0   0.020765 -0.546892 15.239118 2.705095 0.000000 -1.571069
  1   -1.093036 0.000002 -0.326057 -1.570023 -1.570379 -0.000268
  2   2.262337 0.113614 0.064702 -0.013605 0.156448 0.240493
  3   2.380047 0.353302 0.047440 0.001245 0.156982 0.466042
  4   2.033756 0.190472 -0.000128 -0.024428 0.172794 0.378285
  5   2.451511 0.204909 -0.003447 0.000000 -0.000005 -0.017472
  6   7.247600 -0.397300 -0.109469 0.000001 -0.000003 0.418504
  7   -2.022252 -0.104661 3.136172 -0.298879 -1.361718 -2.901749
  8   1.168026 -0.537438 -0.063437 -1.562540 0.913573 -1.526600
  9   6.790376 -0.619176 0.015206 -0.009367 -0.035190 -0.539141
 10   8.637599 0.544015 -0.090417 -1.570112 0.000221 -0.122021
 11   6.790465 -0.619039 0.017802 -0.009626 -0.035301 -0.392564
 12   -2.022474 -0.104699 -2.873818 0.299065 1.362032 -2.901601
 13   1.167898 -0.537463 0.063297 1.497335 -0.622043 -1.709956
 14   7.002743 -0.617765 -0.183752 0.614759 -0.819664 -0.122769
 15   8.209042 0.615527 -0.255885 -0.750935 0.526679 -0.668674
 16   7.002735 -0.617911 -0.183641 0.409254 -0.577603 -0.042599
 17   1.574674 0.609930 -0.000899 0.000000 0.000008 0.078017
 18   -0.602177 0.511412 -0.000006 0.000000 0.000000 0.000000
 19   3.673773 0.177020 1.119313 -0.000002 -0.000014 -0.174510
 20   3.673767 0.176993 -1.117566 0.000007 -0.000003 -0.174546
 21   3.942357 1.330634 1.627658 0.000002 -0.000011 -0.000026
 22   -0.246060 -0.011889 0.516521 -0.000011 0.000031 0.000025
 23   3.942374 1.330659 -1.631083 0.000019 0.000002 -0.000024
 24   -0.246150 -0.011872 -0.516511 -0.000005 -0.000006 0.000048
 25   4.941364 1.997338 1.629330 0.000018 0.160038 -0.000024
 26   4.941382 1.997366 -1.629410 -0.000001 -0.160058 -0.000024
 27   2.918368 1.615358 1.514501 -0.000019 -0.000022 -0.000050
 28   2.920798 1.614964 -1.501142 -0.000002 -0.000009 -0.000024
 29   8.824059 0.150544 0.091743 -0.024859 0.201946 -0.915146
 30   2.103272 -0.611962 1.764788 0.014176 0.021142 -0.056305
 31   2.101758 -0.612072 -1.834067 -0.020746 -0.027999 -0.081063
 32   -0.810489 -0.093824 3.127092 0.001376 -2.696272 0.071551
 33   14.298673 -0.408176 0.475484 -0.000064 -0.000210 0.033715
 34   15.835795 0.581398 0.242756 -0.003042 -0.010786 -0.001416
 35   -0.815868 -0.091229 -3.114430 0.458392 3.496800 -1.004434
 36   14.294526 -0.410349 -0.463635 -0.000051 -0.000180 -2.653655
 37   15.834409 0.579420 -0.284600 0.003070 0.010894 0.015959
 38   1.963929 -4.117832 -3.191012 -0.194809 -0.124663 1.031581
 39   -4.141326 -1.148607 -0.738367 -0.064082 -0.057035 0.557297
 40   0.567303 -4.168541 2.709930 -0.194809 -0.124662 1.031642
 41   -4.750256 -0.965377 0.951753 -0.064083 -0.057035 0.557297
 42   0.834765 -0.873089 -2.630018 -0.062943 0.030498 1.323554
 43   0.531281 -0.629618 2.912347 -0.062933 0.030490 1.323554
time 54
  0   0.020765 -0.546892 15.239118 2.705095 0.000000 -1.571069
  1   -1.093036 0.000002 -0.326057 -1.570023 -1.570379 -0.000268
  2   2.262337 0.113614 0.064702 -0.013605 0.156448 0.235180
  3   2.380047 0.353302 0.047440 0.001245 0.156982 0.462573
  4   2.033756 0.190472 -0.000128 -0.024428 0.172794 0.373065
  5   2.451511 0.204909 -0.003447 0.000000 -0.000005 -0.017472
  6   7.247600 -0.397300 -0.109469 0.000001 -0.000003 0.418504
  7   -2.022252 -0.104661 3.136172 -0.298879 -1.361718 -2.901749
  8   1.168026 -0.537438 -0.063437 -1.561844 0.922227 -1.526094
  9   6.790376 -0.619176 0.015206 -0.009367 -0.035190 -0.539141
 10   8.637599 0.544015 -0.090417 -1.570112 0.000221 -0.122021
 11   6.790465 -0.619039 0.017802 -0.009626 -0.035301 -0.392564
 12   -2.022474 -0.104699 -2.873818 0.299065 1.362032 -2.901601
 13   1.167898 -0.537463 0.063297 1.499092 -0.632316 -1.711106
 14   7.002743 -0.617765 -0.183752 0.614759 -0.819664 -0.122769
 15   8.209042 0.615527 -0.255885 -0.750504 0.526679 -0.668674
 16   7.002735 -0.617911 -0.183641 0.409254 -0.577603 -0.042599
 17   1.574674 0.609930 -0.000899 0.000000 0.000008 0.078017
 18   -0.602177 0.511412 -0.000006 0.000000 0.000000 0.000000
 19   3.673773 0.177020 1.119313 -0.000002 -0.000014 -0.174510
 20   3.673767 0.176993 -1.117566 0.000007 -0.000003 -0.174546
 21   3.942357 1.330634 1.627658 0.000002 -0.000011 -0.000026
 22   -0.246060 -0.011889 0.516521 -0.000011 0.000031 0.000025
 23   3.938468 1.330659 -1.631083 0.000019 0.000002 -0.000024
 24   -0.246150 -0.011872 -0.516511 -0.000005 -0.000006 0.000048
 25   4.941364 1.997338 1.629330 0.000018 0.164130 -0.000024
 26   4.941382 1.997366 -1.629410 -0.000001 -0.164137 -0.000024
 27   2.918368 1.615358 1.514501 -0.000019 -0.000022 -0.000050
 28   2.920798 1.614964 -1.501142 -0.000002 -0.000009 -0.000024
 29   8.824059 0.150544 0.091743 -0.023878 0.205839 -0.927270
 30   2.091553 -0.643213 1.753069 0.023099 0.034917 -0.091793
 31   2.090039 -0.643323 -1.822348 -0.033831 -0.045638 -0.132083
 32   -0.810489 -0.093824 3.127092 0.001376 -2.696272 0.071551
 33   14.298673 -0.408176 0.475484 -0.000064 -0.000210 0.033715
 34   15.835795 0.581398 0.242756 -0.003042 -0.010786 -0.001416
 35   -0.815868 -0.091229 -3.114430 0.458392 3.496800 -1.004434
 36   14.294526 -0.410349 -0.463635 -0.000051 -0.000180 -2.653655
 37   15.834409 0.579420 -0.284600 0.003070 0.010894 0.015959
 38   1.971742 -4.125645 -3.183199 -0.199819 -0.120590 1.052170
 39   -4.133513 -1.148607 -0.738367 -0.066958 -0.055309 0.584389
 40   0.559490 -4.168541 2.709930 -0.199819 -0.120589 1.052231
 41   -4.758069 -0.965377 0.951753 -0.066959 -0.055309 0.584389
 42   0.877735 -0.916059 -2.626112 -0.064453 0.032629 1.331668
 43   0.570345 -0.660869 2.920160 -0.064457 0.032624 1.331668
time 55
  0   0.020765 -0.546892 15.239118 2.705095 0.000000 -1.571069
  1   -1.093036 0.000002 -0.326057 -1.570023 -1.570379 -0.000268
  2   2.262337 0.113614 0.064702 -0.013605 0.156448 0.229975
  3   2.380047 0.353302 0.047440 0.001245 0.156982 0.459043
  4   2.033756 0.190472 -0.000128 -0.024428 0.172794 0.367846
  5   2.451511 0.204909 -0.003447 0.000000 -0.000005 -0.017472
  6   7.247600 -0.397300 -0.109469 0.000001 -0.000003 0.418504
  7   -2.022252 -0.104661 3.136172 -0.298879 -1.361718 -2.901749
  8   1.168026 -0.537438 -0.063437 -1.561401 0.931032 -1.525588
  9   6.790376 -0.619176 0.015206 -0.009367 -0.035190 -0.539141
 10   8.637599 0.544015 -0.090417 -1.570112 0.000221 -0.122021
 11   6.790465 -0.619039 0.017802 -0.009626 -0.035301 -0.392564
 12   -2.022474 -0.104699 -2.873818 0.299065 1.362032 -2.901601
 13   1.167898 -0.537463 0.063297 1.500920 -0.642639 -1.712135
 14   7.002743 -0.617765 -0.183752 0.614759 -0.819664 -0.122769
 15   8.209042 0.615527 -0.255885 -0.750504 0.526679 -0.668674
 16   7.002735 -0.617911 -0.183641 0.409254 -0.577603 -0.042599
 17   1.574674 0.609930 -0.000899 0.000000 0.000008 0.078017
 18   -0.602177 0.511412 -0.000006 0.000000 0.000000 0.000000
 19   3.673773 0.177020 1.119313 -0.000002 -0.000014 -0.174510
 20   3.673767 0.176993 -1.117566 0.000007 -0.000003 -0.174546
 21   3.942357 1.330634 1.627658 0.000002 -0.000011 -0.000026
 22   -0.246060 -0.011889 0.516521 -0.000011 0.000031 0.000025
 23   3.942374 1.330659 -1.631083 0.000019 0.000002 -0.000024
 24   -0.246150 -0.011872 -0.516511 -0.000005 -0.000006 0.000048
 25   4.941364 1.997338 1.629330 0.000018 0.168128 -0.000024
 26   4.941382 1.997366 -1.629410 -0.000001 -0.168141 -0.000024
 27   2.918368 1.615358 1.514501 -0.000019 -0.000022 -0.000050
 28   2.920798 1.614964 -1.501142 -0.000002 -0.000009 -0.000024
 29   8.824059 0.150544 0.091743 -0.022809 0.210017 -0.940629
 30   2.079834 -0.678370 1.733537 0.032835 0.049883 -0.130411
 31   2.078320 -0.686293 -1.802816 -0.048065 -0.064857 -0.187652
 32   -0.810489 -0.093824 3.127092 0.001376 -2.696272 0.071551
 33   14.298673 -0.408176 0.475484 -0.000064 -0.000210 0.033715
 34   15.835795 0.581398 0.242756 -0.003042 -0.010786 -0.001416
 35   -0.815868 -0.091229 -3.114430 0.458392 3.496800 -1.004434
 36   14.294526 -0.410349 -0.463635 -0.000051 -0.000180 -2.653655
 37   15.834409 0.579420 -0.284600 0.003070 0.010894 0.015959
 38   1.975648 -4.129551 -3.183199 -0.205250 -0.116180 1.074592
 39   -4.129607 -1.156420 -0.738367 -0.070098 -0.053427 0.613865
 40   0.547771 -4.168541 2.702117 -0.205250 -0.116179 1.074530
 41   -4.761975 -0.957564 0.951753 -0.070099 -0.053427 0.613865
 42   0.936331 -0.955123 -2.614393 -0.066119 0.034960 1.340492
 43   0.617221 -0.692120 2.931879 -0.066119 0.034947 1.340492
time 56
  0   0.020765 -0.546892 15.239118 2.705095 0.000000 -1.571069
  1   -1.093036 0.000002 -0.326057 -1.570023 -1.570379 -0.000268
  2   2.262337 0.113614 0.064702 -0.013605 0.156448 0.224771
  3   2.380047 0.353302 0.047440 0.001245 0.156982 0.455574
  4   2.033756 0.190472 -0.000128 -0.024428 0.172794 0.362517
  5   2.451511 0.204909 -0.003447 0.000000 -0.000005 -0.017472
  6   7.247600 -0.397300 -0.109469 0.000001 -0.000003 0.418504
  7   -2.022252 -0.104661 3.136172 -0.298879 -1.361718 -2.901749
  8   1.168026 -0.537438 -0.063437 -1.560578 0.939837 -1.525145
  9   6.790376 -0.619176 0.015206 -0.009367 -0.035190 -0.539141
 10   8.637599 0.544015 -0.090417 -1.570112 0.000221 -0.122021
 11   6.790465 -0.619039 0.017802 -0.009626 -0.035301 -0.392564
 12   -2.022474 -0.104699 -2.873818 0.299065 1.362032 -2.901601
 13   1.167898 -0.537463 0.063297 1.502818 -0.653114 -1.713225
 14   7.002743 -0.617765 -0.183752 0.614759 -0.819664 -0.122769
 15   8.209042 0.615527 -0.255885 -0.750504 0.526679 -0.668674
 16   7.002735 -0.617911 -0.183641 0.409254 -0.577603 -0.042599
 17   1.574674 0.609930 -0.000899 0.000000 0.000008 0.078017
 18   -0.602177 0.511412 -0.000006 0.000000 0.000000 0.000000
 19   3.673773 0.177020 1.119313 -0.000002 -0.000014 -0.174510
 20   3.673767 0.176993 -1.117566 0.000007 -0.000003 -0.174546
 21   3.942357 1.330634 1.627658 0.000002 -0.000011 -0.000026
 22   -0.246060 -0.011889 0.516521 -0.000011 0.000031 0.000025
 23   3.942374 1.330659 -1.631083 0.000019 0.000002 -0.000024
 24   -0.246150 -0.011872 -0.516511 -0.000005 -0.000006 0.000048
 25   4.941364 1.997338 1.629330 0.000018 0.172058 -0.000024
 26   4.941382 1.997366 -1.629410 -0.000001 -0.172058 -0.000024
 27   2.918368 1.615358 1.514501 -0.000019 -0.000022 -0.000050
 28   2.920798 1.614964 -1.501142 -0.000002 -0.000009 -0.000024
 29   8.824059 0.150544 0.091743 -0.021739 0.214242 -0.953880
 30   2.072021 -0.717434 1.721818 0.042544 0.064849 -0.169007
 31   2.058788 -0.725357 -1.791097 -0.062299 -0.084050 -0.243203
 32   -0.810489 -0.093824 3.127092 0.001376 -2.696272 0.071551
 33   14.298673 -0.408176 0.475484 -0.000064 -0.000210 0.033715
 34   15.835795 0.581398 0.242756 -0.003042 -0.010786 -0.001416
 35   -0.815868 -0.091229 -3.114430 0.458392 3.496800 -1.004434
 36   14.294526 -0.410349 -0.463635 -0.000051 -0.000180 -2.653655
 37   15.834409 0.579420 -0.284600 0.003070 0.010894 0.015959
 38   1.983461 -4.133457 -3.183199 -0.210638 -0.111757 1.097014
 39   -4.129607 -1.160326 -0.734461 -0.073226 -0.051570 0.643341
 40   0.547771 -4.164635 2.702117 -0.210638 -0.111744 1.096952
 41   -4.761975 -0.953658 0.947847 -0.073227 -0.051558 0.643341
 42   0.991020 -0.998093 -2.598767 -0.067773 0.037275 1.349316
 43   0.664098 -0.719465 2.939692 -0.067768 0.037301 1.349316
time 57
  0   0.020765 -0.546892 15.239118 2.705095 0.000000 -1.571069
  1   -1.093036 0.000002 -0.326057 -1.570023 -1.570379 -0.000268
  2   2.262337 0.113614 0.064702 -0.013605 0.156448 0.219494
  3   2.380047 0.353302 0.047440 0.001245 0.156982 0.452064
  4   2.033756 0.190472 -0.000128 -0.024428 0.172794 0.357370
  5   2.451511 0.204909 -0.003447 0.000000 -0.000005 -0.017472
  6   7.247600 -0.397300 -0.109469 0.000001 -0.000003 0.418504
  7   -2.022252 -0.104661 3.136172 -0.298879 -1.361718 -2.901749
  8   1.168026 -0.537438 -0.063437 -1.560009 0.948592 -1.524576
  9   6.790376 -0.619176 0.015206 -0.009367 -0.035190 -0.539141
 10   8.637599 0.544015 -0.090417 -1.570112 0.000221 -0.122021
 11   6.790465 -0.619039 0.017802 -0.009626 -0.035301 -0.392564
 12   -2.022474 -0.104699 -2.873818 0.299065 1.362032 -2.901601
 13   1.167898 -0.537463 0.063297 1.504716 -0.663438 -1.714375
 14   7.002743 -0.617765 -0.183752 0.614759 -0.819664 -0.122769
 15   8.209042 0.615527 -0.255885 -0.750504 0.526679 -0.668674
 16   7.002735 -0.617911 -0.183641 0.409254 -0.577603 -0.042599
 17   1.574674 0.609930 -0.000899 0.000000 0.000008 0.078017
 18   -0.602177 0.511412 -0.000006 0.000000 0.000000 0.000000
 19   3.673773 0.177020 1.119313 -0.000002 -0.000014 -0.174510
 20   3.673767 0.176993 -1.117566 0.000007 -0.000003 -0.174546
 21   3.942357 1.330634 1.627658 0.000002 -0.000011 -0.000026
 22   -0.246060 -0.011889 0.516521 -0.000011 0.000031 0.000025
 23   3.938468 1.330659 -1.631083 0.000019 0.000002 -0.000024
 24   -0.246150 -0.011872 -0.516511 -0.000005 -0.000006 0.000048
 25   4.941364 1.997338 1.629330 0.000018 0.175895 -0.000024
 26   4.941382 1.997366 -1.629410 -0.000001 -0.175912 -0.000024
 27   2.918368 1.615358 1.514501 -0.000019 -0.000022 -0.000050
 28   2.920798 1.614964 -1.501142 -0.000002 -0.000009 -0.000024
 29   8.824059 0.150544 0.091743 -0.020759 0.218064 -0.966112
 30   2.060302 -0.748685 1.702286 0.051467 0.078594 -0.204495
 31   2.050975 -0.752701 -1.779378 -0.075384 -0.101741 -0.294241
 32   -0.810489 -0.093824 3.127092 0.001376 -2.696272 0.071551
 33   14.298673 -0.408176 0.475484 -0.000064 -0.000210 0.033715
 34   15.835795 0.581398 0.242756 -0.003042 -0.010786 -0.001416
 35   -0.815868 -0.091229 -3.114430 0.458392 3.496800 -1.004434
 36   14.294526 -0.410349 -0.463635 -0.000051 -0.000180 -2.653655
 37   15.834409 0.579420 -0.284600 0.003070 0.010894 0.015959
 38   1.991274 -4.133457 -3.183199 -0.215648 -0.107696 1.117480
 39   -4.125701 -1.160326 -0.734461 -0.076090 -0.049844 0.670434
 40   0.536052 -4.156822 2.698211 -0.215648 -0.107683 1.117541
 41   -4.769788 -0.953658 0.947847 -0.076091 -0.049844 0.670434
 42   1.033990 -1.033250 -2.594861 -0.069283 0.039406 1.357429
 43   0.707068 -0.742903 2.951411 -0.069280 0.039435 1.357429
time 58
  0   0.020765 -0.546892 15.239118 2.705095 0.000000 -1.571069
  1   -1.093036 0.000002 -0.326057 -1.570023 -1.570379 -0.000268
  2   2.262337 0.113614 0.064702 -0.013605 0.156448 0.214290
  3   2.380047 0.353302 0.047440 0.001245 0.156982 0.448575
  4   2.033756 0.190472 -0.000128 -0.024428 0.172794 0.352078
  5   2.451511 0.204909 -0.003447 0.000000 -0.000005 -0.017472
  6   7.247600 -0.397300 -0.109469 0.000001 -0.000003 0.418504
  7   -2.022252 -0.104661 3.136172 -0.298879 -1.361718 -2.901749
  8   1.168026 -0.537438 -0.063437 -1.559123 0.957296 -1.523880
  9   6.790376 -0.619176 0.015206 -0.009367 -0.035190 -0.539141
 10   8.637599 0.544015 -0.090417 -1.570112 0.000221 -0.122021
 11   6.790465 -0.619039 0.017802 -0.009626 -0.035301 -0.392564
 12   -2.022474 -0.104699 -2.873818 0.299065 1.362032 -2.901601
 13   1.167898 -0.537463 0.063297 1.506614 -0.673710 -1.715525
 14   7.002743 -0.617765 -0.183752 0.614759 -0.819664 -0.122769
 15   8.209042 0.615527 -0.255885 -0.750504 0.526679 -0.668674
 16   7.002735 -0.617911 -0.183641 0.409254 -0.577603 -0.042599
 17   1.574674 0.609930 -0.000899 0.000000 0.000008 0.078017
 18   -0.602177 0.511412 -0.000006 0.000000 0.000000 0.000000
 19   3.673773 0.177020 1.119313 -0.000002 -0.000014 -0.174510
 20   3.673767 0.176993 -1.117566 0.000007 -0.000003 -0.174546
 21   3.942357 1.330634 1.627658 0.000002 -0.000011 -0.000026
 22   -0.246060 -0.011889 0.516521 -0.000011 0.000031 0.000025
 23   3.942374 1.330659 -1.631083 0.000019 0.000002 -0.000024
 24   -0.246150 -0.011872 -0.516511 -0.000005 -0.000006 0.000048
 25   4.941364 1.997338 1.629330 0.000018 0.179597 -0.000024
 26   4.941382 1.997366 -1.629410 -0.000001 -0.179617 -0.000024
 27   2.918368 1.615358 1.514501 -0.000019 -0.000022 -0.000050
 28   2.920798 1.614964 -1.501142 -0.000002 -0.000009 -0.000024
 29   8.824059 0.150544 0.091743 -0.019957 0.221245 -0.976144
 30   2.060302 -0.779936 1.690567 0.058830 0.089928 -0.233699
 31   2.039256 -0.783952 -1.763752 -0.086155 -0.116272 -0.336291
 32   -0.810489 -0.093824 3.127092 0.001376 -2.696272 0.071551
 33   14.298673 -0.408176 0.475484 -0.000064 -0.000210 0.033715
 34   15.835795 0.581398 0.242756 -0.003042 -0.010786 -0.001416
 35   -0.815868 -0.091229 -3.114430 0.458392 3.496800 -1.004434
 36   14.294526 -0.410349 -0.463635 -0.000051 -0.000180 -2.653655
 37   15.834409 0.579420 -0.284600 0.003070 0.010894 0.015959
 38   1.995180 -4.133457 -3.183199 -0.219731 -0.104346 1.134526
 39   -4.117888 -1.168139 -0.734461 -0.078463 -0.048430 0.692730
 40   0.528239 -4.156822 2.698211 -0.219731 -0.104333 1.134464
 41   -4.773694 -0.945845 0.947847 -0.078464 -0.048430 0.692730
 42   1.076960 -1.064501 -2.587048 -0.070517 0.041185 1.364121
 43   0.738319 -0.766341 2.955317 -0.070517 0.041192 1.364121
time 59
  0   0.020765 -0.546892 15.239118 2.705095 0.000000 -1.571069
  1   -1.093036 0.000002 -0.326057 -1.570023 -1.570379 -0.000268
  2   2.262337 0.113614 0.064702 -0.013605 0.156448 0.209013
  3   2.380047 0.353302 0.047440 0.001245 0.156982 0.445065
  4   2.033756 0.190472 -0.000128 -0.024428 0.172794 0.346786
  5   2.451511 0.204909 -0.003447 0.000000 -0.000005 -0.017472
  6   7.247600 -0.397300 -0.109469 0.000001 -0.000003 0.418504
  7   -2.022252 -0.104661 3.136172 -0.298879 -1.361718 -2.901749
  8   1.168026 -0.537438 -0.063437 -1.558490 0.965799 -1.523374
  9   6.790376 -0.619176 0.015206 -0.009367 -0.035190 -0.539141
 10   8.637599 0.544015 -0.090417 -1.570112 0.000221 -0.122021
 11   6.790465 -0.619039 0.017802 -0.009626 -0.035301 -0.392564
 12   -2.022474 -0.104699 -2.873818 0.299065 1.362032 -2.901601
 13   1.167898 -0.537463 0.063297 1.508441 -0.684237 -1.716857
 14   7.002743 -0.617765 -0.183752 0.614759 -0.819664 -0.122769
 15   8.209042 0.615527 -0.255885 -0.750935 0.526679 -0.668674
 16   7.002735 -0.617911 -0.183641 0.409254 -0.577603 -0.042599
 17   1.574674 0.609930 -0.000899 0.000000 0.000008 0.078017
 18   -0.602177 0.511412 -0.000006 0.000000 0.000000 0.000000
 19   3.673773 0.177020 1.119313 -0.000002 -0.000014 -0.174510
 20   3.673767 0.176993 -1.117566 0.000007 -0.000003 -0.174546
 21   3.942357 1.330634 1.627658 0.000002 -0.000011 -0.000026
 22   -0.246060 -0.011889 0.516521 -0.000011 0.000031 0.000025
 23   3.942374 1.330659 -1.631083 0.000019 0.000002 -0.000024
 24   -0.246150 -0.011872 -0.516511 -0.000005 -0.000006 0.000048
 25   4.941364 1.997338 1.629330 0.000018 0.183204 -0.000024
 26   4.941382 1.997366 -1.629410 -0.000001 -0.183222 -0.000024
 27   2.918368 1.615358 1.514501 -0.000019 -0.000022 -0.000050
 28   2.920798 1.614964 -1.501142 -0.000002 -0.000009 -0.000024
 29   8.824059 0.150544 0.091743 -0.019422 0.223429 -0.982903
 30   2.048583 -0.799468 1.682754 0.063820 0.097629 -0.253534
 31   2.027537 -0.803484 -1.759846 -0.093448 -0.126088 -0.364803
 32   -0.810489 -0.093824 3.127092 0.001376 -2.696272 0.071551
 33   14.298673 -0.408176 0.475484 -0.000064 -0.000210 0.033715
 34   15.835795 0.581398 0.242756 -0.003042 -0.010786 -0.001416
 35   -0.815868 -0.091229 -3.114430 0.458392 3.496800 -1.004434
 36   14.294526 -0.410349 -0.463635 -0.000051 -0.000180 -2.653655
 37   15.834409 0.579420 -0.284600 0.003070 0.010894 0.015959
 38   2.002993 -4.141270 -3.179293 -0.222531 -0.102068 1.145950
 39   -4.117888 -1.168139 -0.734461 -0.080069 -0.047459 0.707875
 40   0.528239 -4.156822 2.698211 -0.222531 -0.102080 1.146011
 41   -4.773694 -0.945845 0.947847 -0.080070 -0.047459 0.707875
 42   1.108211 -1.087939 -2.575329 -0.071368 0.042381 1.368721
 43   0.761757 -0.785873 2.963130 -0.071379 0.042385 1.368721
time 60
  0   0.020765 -0.546892 15.239118 2.705095 0.000000 -1.571069
  1   -1.093036 0.000002 -0.326057 -1.570023 -1.570379 -0.000268
  2   2.262337 0.113614 0.064702 -0.013605 0.156448 0.214290
  3   2.380047 0.353302 0.047440 0.001245 0.156982 0.448575
  4   2.033756 0.190472 -0.000128 -0.024428 0.172794 0.352078
  5   2.451511 0.204909 -0.003447 0.000000 -0.000005 -0.017472
  6   7.247600 -0.397300 -0.109469 0.000001 -0.000003 0.418504
  7   -2.022252 -0.104661 3.136172 -0.298879 -1.361718 -2.901749
  8   1.168026 -0.537438 -0.063437 -1.559123 0.957296 -1.523880
  9   6.790376 -0.619176 0.015206 -0.009367 -0.035190 -0.539141
 10   8.637599 0.544015 -0.090417 -1.570112 0.000221 -0.122021
 11   6.790465 -0.619039 0.017802 -0.009626 -0.035301 -0.392564
 12   -2.022474 -0.104699 -2.873818 0.299065 1.362032 -2.901601
 13   1.167898 -0.537463 0.063297 1.506614 -0.673710 -1.715525
 14   7.002743 -0.617765 -0.183752 0.614759 -0.819664 -0.122769
 15   8.209042 0.615527 -0.255885 -0.750504 0.526679 -0.668674
 16   7.002735 -0.617911 -0.183641 0.409254 -0.577603 -0.042599
 17   1.574674 0.609930 -0.000899 0.000000 0.000008 0.078017
 18   -0.602177 0.511412 -0.000006 0.000000 0.000000 0.000000
 19   3.673773 0.177020 1.119313 -0.000002 -0.000014 -0.174510
 20   3.673767 0.176993 -1.117566 0.000007 -0.000003 -0.174546
 21   3.942357 1.330634 1.627658 0.000002 -0.000011 -0.000026
 22   -0.246060 -0.011889 0.516521 -0.000011 0.000031 0.000025
 23   3.942374 1.330659 -1.631083 0.000019 0.000002 -0.000024
 24   -0.246150 -0.011872 -0.516511 -0.000005 -0.000006 0.000048
 25   4.941364 1.997338 1.629330 0.000018 0.186691 -0.000024
 26   4.941382 1.997366 -1.629410 -0.000001 -0.186702 -0.000024
 27   2.918368 1.615358 1.514501 -0.000019 -0.000022 -0.000050
 28   2.920798 1.614964 -1.501142 -0.000002 -0.000009 -0.000024
 29   8.824059 0.150544 0.091743 -0.019155 0.224236 -0.985479
 30   2.048583 -0.803374 1.678848 0.065678 0.100447 -0.260824
 31   2.027537 -0.811297 -1.752033 -0.096145 -0.129740 -0.375320
 32   -0.810489 -0.093824 3.127092 0.001376 -2.696272 0.071551
 33   14.298673 -0.408176 0.475484 -0.000064 -0.000210 0.033715
 34   15.835795 0.581398 0.242756 -0.003042 -0.010786 -0.001416
 35   -0.815868 -0.091229 -3.114430 0.458392 3.496800 -1.004434
 36   14.294526 -0.410349 -0.463635 -0.000051 -0.000180 -2.653655
 37   15.834409 0.579420 -0.284600 0.003070 0.010894 0.015959
 38   2.002993 -4.141270 -3.179293 -0.223541 -0.101237 1.150227
 39   -4.117888 -1.168139 -0.734461 -0.080668 -0.047099 0.713428
 40   0.528239 -4.156822 2.698211 -0.223541 -0.101224 1.150165
 41   -4.773694 -0.945845 0.947847 -0.080669 -0.047099 0.713428
 42   1.116024 -1.095752 -2.575329 -0.071692 0.042810 1.370352
 43   0.773476 -0.789779 2.963130 -0.071679 0.042824 1.370352
time 61
  0   0.020765 -0.546892 15.239118 2.705095 0.000000 -1.571069
  1   -1.093036 0.000002 -0.326057 -1.570023 -1.570379 -0.000268
  2   2.262337 0.113614 0.064702 -0.013605 0.156448 0.219494
  3   2.380047 0.353302 0.047440 0.001245 0.156982 0.452064
  4   2.033756 0.190472 -0.000128 -0.024428 0.172794 0.357370
  5   2.451511 0.204909 -0.003447 0.000000 -0.000005 -0.017472
  6   7.247600 -0.397300 -0.109469 0.000001 -0.000003 0.418504
  7   -2.022252 -0.104661 3.136172 -0.298879 -1.361718 -2.901749
  8   1.168026 -0.537438 -0.063437 -1.560009 0.948592 -1.524576
  9   6.790376 -0.619176 0.015206 -0.009367 -0.035190 -0.539141
 10   8.637599 0.544015 -0.090417 -1.570112 0.000221 -0.122021
 11   6.790465 -0.619039 0.017802 -0.009626 -0.035301 -0.392564
 12   -2.022474 -0.104699 -2.873818 0.299065 1.362032 -2.901601
 13   1.167898 -0.537463 0.063297 1.504716 -0.663438 -1.714375
 14   7.002743 -0.617765 -0.183752 0.614759 -0.819664 -0.122769
 15   8.209042 0.615527 -0.255885 -0.750504 0.526679 -0.668674
 16   7.002735 -0.617911 -0.183641 0.409254 -0.577603 -0.042599
 17   1.574674 0.609930 -0.000899 0.000000 0.000008 0.078017
 18   -0.602177 0.511412 -0.000006 0.000000 0.000000 0.000000
 19   3.673773 0.177020 1.119313 -0.000002 -0.000014 -0.174510
 20   3.673767 0.176993 -1.117566 0.000007 -0.000003 -0.174546
 21   3.942357 1.330634 1.627658 0.000002 -0.000011 -0.000026
 22   -0.246060 -0.011889 0.516521 -0.000011 0.000031 0.000025
 23   3.938468 1.330659 -1.631083 0.000019 0.000002 -0.000024
 24   -0.246150 -0.011872 -0.516511 -0.000005 -0.000006 0.000048
 25   4.941364 1.997338 1.629330 0.000018 0.190016 -0.000024
 26   4.941382 1.997366 -1.629410 -0.000001 -0.190020 -0.000024
 27   2.918368 1.615358 1.514501 -0.000019 -0.000022 -0.000050
 28   2.920798 1.614964 -1.501142 -0.000002 -0.000009 -0.000024
 29   8.824059 0.150544 0.091743 -0.019244 0.224164 -0.985425
 30   2.048583 -0.799468 1.682754 0.063820 0.097629 -0.253534
 31   2.027537 -0.803484 -1.759846 -0.093448 -0.126088 -0.364803
 32   -0.810489 -0.093824 3.127092 0.001376 -2.696272 0.071551
 33   14.298673 -0.408176 0.475484 -0.000064 -0.000210 0.033715
 34   15.835795 0.581398 0.242756 -0.003042 -0.010786 -0.001416
 35   -0.815868 -0.091229 -3.114430 0.458392 3.496800 -1.004434
 36   14.294526 -0.410349 -0.463635 -0.000051 -0.000180 -2.653655
 37   15.834409 0.579420 -0.284600 0.003070 0.010894 0.015959
 38   2.002993 -4.141270 -3.179293 -0.223373 -0.102068 1.145950
 39   -4.117888 -1.168139 -0.734461 -0.080644 -0.047459 0.707875
 40   0.528239 -4.156822 2.698211 -0.223373 -0.102080 1.146011
 41   -4.773694 -0.945845 0.947847 -0.080645 -0.047459 0.707875
 42   1.108211 -1.095752 -2.575329 -0.071680 0.042381 1.370268
 43   0.761757 -0.789779 2.963130 -0.071679 0.042385 1.370268
time 62
  0   0.020765 -0.546892 15.239118 2.705095 0.000000 -1.571069
  1   -1.093036 0.000002 -0.326057 -1.570023 -1.570379 -0.000268
  2   2.262337 0.113614 0.064702 -0.013605 0.156448 0.224771
  3   2.380047 0.353302 0.047440 0.001245 0.156982 0.455574
  4   2.033756 0.190472 -0.000128 -0.024428 0.172794 0.362517
  5   2.451511 0.204909 -0.003447 0.000000 -0.000005 -0.017472
  6   7.247600 -0.397300 -0.109469 0.000001 -0.000003 0.418504
  7   -2.022252 -0.104661 3.136172 -0.298879 -1.361718 -2.901749
  8   1.168026 -0.537438 -0.063437 -1.560578 0.939837 -1.525145
  9   6.790376 -0.619176 0.015206 -0.009367 -0.035190 -0.539141
 10   8.637599 0.544015 -0.090417 -1.570112 0.000221 -0.122021
 11   6.790465 -0.619039 0.017802 -0.009626 -0.035301 -0.392564
 12   -2.022474 -0.104699 -2.873818 0.299065 1.362032 -2.901601
 13   1.167898 -0.537463 0.063297 1.502818 -0.653114 -1.713225
 14   7.002743 -0.617765 -0.183752 0.614759 -0.819664 -0.122769
 15   8.209042 0.615527 -0.255885 -0.750504 0.526679 -0.668674
 16   7.002735 -0.617911 -0.183641 0.409254 -0.577603 -0.042599
 17   1.574674 0.609930 -0.000899 0.000000 0.000008 0.078017
 18   -0.602177 0.511412 -0.000006 0.000000 0.000000 0.000000
 19   3.673773 0.177020 1.119313 -0.000002 -0.000014 -0.174510
 20   3.673767 0.176993 -1.117566 0.000007 -0.000003 -0.174546
 21   3.942357 1.330634 1.627658 0.000002 -0.000011 -0.000026
 22   -0.246060 -0.011889 0.516521 -0.000011 0.000031 0.000025
 23   3.942374 1.330659 -1.631083 0.000019 0.000002 -0.000024
 24   -0.246150 -0.011872 -0.516511 -0.000005 -0.000006 0.000048
 25   4.941364 1.997338 1.629330 0.000018 0.193165 -0.000024
 26   4.941382 1.997366 -1.629410 -0.000001 -0.193176 -0.000024
 27   2.918368 1.615358 1.514501 -0.000019 -0.000022 -0.000050
 28   2.920798 1.614964 -1.501142 -0.000002 -0.000009 -0.000024
 29   8.824059 0.150544 0.091743 -0.019244 0.223974 -0.984727
 30   2.060302 -0.779936 1.690567 0.058830 0.089928 -0.233699
 31   2.039256 -0.783952 -1.763752 -0.086155 -0.116272 -0.336291
 32   -0.810489 -0.093824 3.127092 0.001376 -2.696272 0.071551
 33   14.298673 -0.408176 0.475484 -0.000064 -0.000210 0.033715
 34   15.835795 0.581398 0.242756 -0.003042 -0.010786 -0.001416
 35   -0.815868 -0.091229 -3.114430 0.458392 3.496800 -1.004434
 36   14.294526 -0.410349 -0.463635 -0.000051 -0.000180 -2.653655
 37   15.834409 0.579420 -0.284600 0.003070 0.010894 0.015959
 38   2.002993 -4.141270 -3.183199 -0.222678 -0.104346 1.134526
 39   -4.117888 -1.168139 -0.734461 -0.080500 -0.048430 0.692730
 40   0.528239 -4.156822 2.698211 -0.222678 -0.104333 1.134464
 41   -4.773694 -0.945845 0.947847 -0.080501 -0.048430 0.692730
 42   1.076960 -1.095752 -2.587048 -0.071608 0.041185 1.369892
 43   0.738319 -0.789779 2.955317 -0.071604 0.041192 1.369892
time 63
  0   0.020765 -0.546892 15.239118 2.705095 0.000000 -1.571069
  1   -1.093036 0.000002 -0.326057 -1.570023 -1.570379 -0.000268
  2   2.262337 0.113614 0.064702 -0.013605 0.156448 0.229975
  3   2.380047 0.353302 0.047440 0.001245 0.156982 0.459043
  4   2.033756 0.190472 -0.000128 -0.024428 0.172794 0.367846
  5   2.451511 0.204909 -0.003447 0.000000 -0.000005 -0.017472
  6   7.247600 -0.397300 -0.109469 0.000001 -0.000003 0.418504
  7   -2.022252 -0.104661 3.136172 -0.298879 -1.361718 -2.901749
  8   1.168026 -0.537438 -0.063437 -1.561401 0.931032 -1.525588
  9   6.790376 -0.619176 0.015206 -0.009367 -0.035190 -0.539141
 10   8.637599 0.544015 -0.090417 -1.570112 0.000221 -0.122021
 11   6.790465 -0.619039 0.017802 -0.009626 -0.035301 -0.392564
 12   -2.022474 -0.104699 -2.873818 0.299065 1.362032 -2.901601
 13   1.167898 -0.537463 0.063297 1.500920 -0.642639 -1.712135
 14   7.002743 -0.617765 -0.183752 0.614759 -0.819664 -0.122769
 15   8.209042 0.615527 -0.255885 -0.750504 0.526679 -0.668674
 16   7.002735 -0.617911 -0.183641 0.409254 -0.577603 -0.042599
 17   1.574674 0.609930 -0.000899 0.000000 0.000008 0.078017
 18   -0.602177 0.511412 -0.000006 0.000000 0.000000 0.000000
 19   3.673773 0.177020 1.119313 -0.000002 -0.000014 -0.174510
 20   3.673767 0.176993 -1.117566 0.000007 -0.000003 -0.174546
 21   3.942357 1.330634 1.627658 0.000002 -0.000011 -0.000026
 22   -0.246060 -0.011889 0.516521 -0.000011 0.000031 0.000025
 23   3.942374 1.330659 -1.631083 0.000019 0.000002 -0.000024
 24   -0.246150 -0.011872 -0.516511 -0.000005 -0.000006 0.000048
 25   4.941364 1.997338 1.629330 0.000018 0.196127 -0.000024
 26   4.941382 1.997366 -1.629410 -0.000001 -0.196132 -0.000024
 27   2.918368 1.615358 1.514501 -0.000019 -0.000022 -0.000050
 28   2.920798 1.614964 -1.501142 -0.000002 -0.000009 -0.000024
 29   8.824059 0.150544 0.091743 -0.019422 0.223429 -0.983011
 30   2.060302 -0.748685 1.702286 0.051467 0.078594 -0.204495
 31   2.050975 -0.752701 -1.779378 -0.075384 -0.101741 -0.294241
 32   -0.810489 -0.093824 3.127092 0.001376 -2.696272 0.071551
 33   14.298673 -0.408176 0.475484 -0.000064 -0.000210 0.033715
 34   15.835795 0.581398 0.242756 -0.003042 -0.010786 -0.001416
 35   -0.815868 -0.091229 -3.114430 0.458392 3.496800 -1.004434
 36   14.294526 -0.410349 -0.463635 -0.000051 -0.000180 -2.653655
 37   15.834409 0.579420 -0.284600 0.003070 0.010894 0.015959
 38   2.002993 -4.141270 -3.183199 -0.221415 -0.107696 1.117480
 39   -4.117888 -1.168139 -0.734461 -0.080093 -0.049844 0.670434
 40   0.528239 -4.156822 2.698211 -0.221415 -0.107683 1.117541
 41   -4.773694 -0.945845 0.947847 -0.080094 -0.049844 0.670434
 42   1.033990 -1.087939 -2.594861 -0.071380 0.039406 1.368763
 43   0.707068 -0.785873 2.951411 -0.071379 0.039435 1.368763
time 64
  0   0.020765 -0.546892 15.239118 2.705095 0.000000 -1.571069
  1   -1.093036 0.000002 -0.326057 -1.570023 -1.570379 -0.000268
  2   2.262337 0.113614 0.064702 -0.013605 0.156448 0.235180
  3   2.380047 0.353302 0.047440 0.001245 0.156982 0.462573
  4   2.033756 0.190472 -0.000128 -0.024428 0.172794 0.373065
  5   2.451511 0.204909 -0.003447 0.000000 -0.000005 -0.017472
  6   7.247600 -0.397300 -0.109469 0.000001 -0.000003 0.418504
  7   -2.022252 -0.104661 3.136172 -0.298879 -1.361718 -2.901749
  8   1.168026 -0.537438 -0.063437 -1.561844 0.922227 -1.526094
  9   6.790376 -0.619176 0.015206 -0.009367 -0.035190 -0.539141
 10   8.637599 0.544015 -0.090417 -1.570112 0.000221 -0.122021
 11   6.790465 -0.619039 0.017802 -0.009626 -0.035301 -0.392564
 12   -2.022474 -0.104699 -2.873818 0.299065 1.362032 -2.901601
 13   1.167898 -0.537463 0.063297 1.499092 -0.632316 -1.711106
 14   7.002743 -0.617765 -0.183752 0.614759 -0.819664 -0.122769
 15   8.209042 0.615527 -0.255885 -0.750504 0.526679 -0.668674
 16   7.002735 -0.617911 -0.183641 0.409254 -0.577603 -0.042599
 17   1.574674 0.609930 -0.000899 0.000000 0.000008 0.078017
 18   -0.602177 0.511412 -0.000006 0.000000 0.000000 0.000000
 19   3.673773 0.177020 1.119313 -0.000002 -0.000014 -0.174510
 20   3.673767 0.176993 -1.117566 0.000007 -0.000003 -0.174546
 21   3.942357 1.330634 1.627658 0.000002 -0.000011 -0.000026
 22   -0.246060 -0.011889 0.516521 -0.000011 0.000031 0.000025
 23   3.938468 1.330659 -1.631083 0.000019 0.000002 -0.000024
 24   -0.246150 -0.011872 -0.516511 -0.000005 -0.000006 0.000048
 25   4.941364 1.997338 1.629330 0.000018 0.198859 -0.000024
 26   4.941382 1.997366 -1.629410 -0.000001 -0.198864 -0.000024
 27   2.918368 1.615358 1.514501 -0.000019 -0.000022 -0.000050
 28   2.920798 1.614964 -1.501142 -0.000002 -0.000009 -0.000024
 29   8.824059 0.150544 0.091743 -0.019690 0.222408 -0.979685
 30   2.072021 -0.717434 1.721818 0.042544 0.064849 -0.169007
 31   2.058788 -0.725357 -1.791097 -0.062299 -0.084050 -0.243203
 32   -0.810489 -0.093824 3.127092 0.001376 -2.696272 0.071551
 33   14.298673 -0.408176 0.475484 -0.000064 -0.000210 0.033715
 34   15.835795 0.581398 0.242756 -0.003042 -0.010786 -0.001416
 35   -0.815868 -0.091229 -3.114430 0.458392 3.496800 -1.004434
 36   14.294526 -0.410349 -0.463635 -0.000051 -0.000180 -2.653655
 37   15.834409 0.579420 -0.284600 0.003070 0.010894 0.015959
 38   1.995180 -4.133457 -3.183199 -0.219479 -0.111757 1.097014
 39   -4.117888 -1.168139 -0.734461 -0.079314 -0.051570 0.643341
 40   0.528239 -4.164635 2.698211 -0.219479 -0.111744 1.096952
 41   -4.773694 -0.945845 0.947847 -0.079315 -0.051570 0.643341
 42   0.991020 -1.080127 -2.598767 -0.070985 0.037275 1.366505
 43   0.664098 -0.778060 2.939692 -0.070979 0.037301 1.366505
time 65
  0   0.020765 -0.546892 15.239118 2.705095 0.000000 -1.571069
  1   -1.093036 0.000002 -0.326057 -1.570023 -1.570379 -0.000268
  2   2.262337 0.113614 0.064702 -0.013605 0.156448 0.240493
  3   2.380047 0.353302 0.047440 0.001245 0.156982 0.466042
  4   2.033756 0.190472 -0.000128 -0.024428 0.172794 0.378285
  5   2.451511 0.204909 -0.003447 0.000000 -0.000005 -0.017472
  6   7.247600 -0.397300 -0.109469 0.000001 -0.000003 0.418504
  7   -2.022252 -0.104661 3.136172 -0.298879 -1.361718 -2.901749
  8   1.168026 -0.537438 -0.063437 -1.562540 0.913573 -1.526600
  9   6.790376 -0.619176 0.015206 -0.009367 -0.035190 -0.539141
 10   8.637599 0.544015 -0.090417 -1.570112 0.000221 -0.122021
 11   6.790465 -0.619039 0.017802 -0.009626 -0.035301 -0.392564
 12   -2.022474 -0.104699 -2.873818 0.299065 1.362032 -2.901601
 13   1.167898 -0.537463 0.063297 1.497335 -0.622043 -1.709956
 14   7.002743 -0.617765 -0.183752 0.614759 -0.819664 -0.122769
 15   8.209042 0.615527 -0.255885 -0.750935 0.526679 -0.668674
 16   7.002735 -0.617911 -0.183641 0.409254 -0.577603 -0.042599
 17   1.574674 0.609930 -0.000899 0.000000 0.000008 0.078017
 18   -0.602177 0.511412 -0.000006 0.000000 0.000000 0.000000
 19   3.673773 0.177020 1.119313 -0.000002 -0.000014 -0.174510
 20   3.673767 0.176993 -1.117566 0.000007 -0.000003 -0.174546
 21   3.942357 1.330634 1.627658 0.000002 -0.000011 -0.000026
 22   -0.246060 -0.011889 0.516521 -0.000011 0.000031 0.000025
 23   3.942374 1.330659 -1.631083 0.000019 0.000002 -0.000024
 24   -0.246150 -0.011872 -0.516511 -0.000005 -0.000006 0.000048
 25   4.941364 1.997338 1.629330 0.000018 0.201363 -0.000024
 26   4.941382 1.997366 -1.629410 -0.000001 -0.201371 -0.000024
 27   2.918368 1.615358 1.514501 -0.000019 -0.000022 -0.000050
 28   2.920798 1.614964 -1.501142 -0.000002 -0.000009 -0.000024
 29   8.824059 0.150544 0.091743 -0.020135 0.220675 -0.974212
 30   2.079834 -0.678370 1.733537 0.032835 0.049883 -0.130411
 31   2.078320 -0.686293 -1.802816 -0.048065 -0.064857 -0.187652
 32   -0.810489 -0.093824 3.127092 0.001376 -2.696272 0.071551
 33   14.298673 -0.408176 0.475484 -0.000064 -0.000210 0.033715
 34   15.835795 0.581398 0.242756 -0.003042 -0.010786 -0.001416
 35   -0.815868 -0.091229 -3.114430 0.458392 3.496800 -1.004434
 36   14.294526 -0.410349 -0.463635 -0.000051 -0.000180 -2.653655
 37   15.834409 0.579420 -0.284600 0.003070 0.010894 0.015959
 38   1.995180 -4.133457 -3.183199 -0.216700 -0.116180 1.074592
 39   -4.125701 -1.168139 -0.738367 -0.078032 -0.053427 0.613865
 40   0.536052 -4.168541 2.698211 -0.216700 -0.116179 1.074530
 41   -4.769788 -0.945845 0.951753 -0.078033 -0.053427 0.613865
 42   0.936331 -1.060595 -2.614393 -0.070302 0.034960 1.362908
 43   0.617221 -0.766341 2.931879 -0.070292 0.034947 1.362908
time 66
  0   0.020765 -0.546892 15.239118 2.705095 0.000000 -1.571069
  1   -1.093036 0.000002 -0.326057 -1.570023 -1.570379 -0.000268
  2   2.262337 0.113614 0.064702 -0.013605 0.156448 0.245661
  3   2.380047 0.353302 0.047440 0.001245 0.156982 0.469511
  4   2.033756 0.190472 -0.000128 -0.024428 0.172794 0.383504
  5   2.451511 0.204909 -0.003447 0.000000 -0.000005 -0.017472
  6   7.247600 -0.397300 -0.109469 0.000001 -0.000003 0.418504
  7   -2.022252 -0.104661 3.136172 -0.298879 -1.361718 -2.901749
  8   1.168026 -0.537438 -0.063437 -1.563173 0.904768 -1.527043
  9   6.790376 -0.619176 0.015206 -0.009367 -0.035190 -0.539141
 10   8.637599 0.544015 -0.090417 -1.570112 0.000221 -0.122021
 11   6.790465 -0.619039 0.017802 -0.009626 -0.035301 -0.392564
 12   -2.022474 -0.104699 -2.873818 0.299065 1.362032 -2.901601
 13   1.167898 -0.537463 0.063297 1.495507 -0.611720 -1.708927
 14   7.002743 -0.617765 -0.183752 0.614759 -0.819664 -0.122769
 15   8.209042 0.615527 -0.255885 -0.750935 0.526679 -0.668674
 16   7.002735 -0.617911 -0.183641 0.409254 -0.577603 -0.042599
 17   1.574674 0.609930 -0.000899 0.000000 0.000008 0.078017
 18   -0.602177 0.511412 -0.000006 0.000000 0.000000 0.000000
 19   3.673773 0.177020 1.119313 -0.000002 -0.000014 -0.174510
 20   3.673767 0.176993 -1.117566 0.000007 -0.000003 -0.174546
 21   3.942357 1.330634 1.627658 0.000002 -0.000011 -0.000026
 22   -0.246060 -0.011889 0.516521 -0.000011 0.000031 0.000025
 23   3.938468 1.330659 -1.631083 0.000019 0.000002 -0.000024
 24   -0.246150 -0.011872 -0.516511 -0.000005 -0.000006 0.000048
 25   4.941364 1.997338 1.629330 0.000018 0.203611 -0.000024
 26   4.941382 1.997366 -1.629410 -0.000001 -0.203604 -0.000024
 27   2.918368 1.615358 1.514501 -0.000019 -0.000022 -0.000050
 28   2.920798 1.614964 -1.501142 -0.000002 -0.000009 -0.000024
 29   8.824059 0.150544 0.091743 -0.020759 0.218064 -0.966112
 30   2.091553 -0.643213 1.753069 0.023099 0.034917 -0.091793
 31   2.090039 -0.643323 -1.822348 -0.033831 -0.045638 -0.132083
 32   -0.810489 -0.093824 3.127092 0.001376 -2.696272 0.071551
 33   14.298673 -0.408176 0.475484 -0.000064 -0.000210 0.033715
 34   15.835795 0.581398 0.242756 -0.003042 -0.010786 -0.001416
 35   -0.815868 -0.091229 -3.114430 0.458392 3.496800 -1.004434
 36   14.294526 -0.410349 -0.463635 -0.000051 -0.000180 -2.653655
 37   15.834409 0.579420 -0.284600 0.003070 0.010894 0.015959
 38   1.991274 -4.133457 -3.183199 -0.213038 -0.120590 1.052170
 39   -4.125701 -1.160326 -0.738367 -0.076090 -0.055309 0.584389
 40   0.536052 -4.168541 2.698211 -0.213038 -0.120589 1.052231
 41   -4.769788 -0.953658 0.951753 -0.076091 -0.055309 0.584389
 42   0.877735 -1.033250 -2.626112 -0.069283 0.032629 1.357429
 43   0.570345 -0.742903 2.920160 -0.069280 0.032624 1.357429
time 67
  0   0.020765 -0.546892 15.239118 2.705095 0.000000 -1.571069
  1   -1.093036 0.000002 -0.326057 -1.570023 -1.570379 -0.000268
  2   2.262337 0.113614 0.064702 -0.013605 0.156448 0.250901
  3   2.380047 0.353302 0.047440 0.001245 0.156982 0.473041
  4   2.033756 0.190472 -0.000128 -0.024428 0.172794 0.388833
  5   2.451511 0.204909 -0.003447 0.000000 -0.000005 -0.017472
  6   7.247600 -0.397300 -0.109469 0.000001 -0.000003 0.418504
  7   -2.022252 -0.104661 3.136172 -0.298879 -1.361718 -2.901749
  8   1.168026 -0.537438 -0.063437 -1.563742 0.896114 -1.527549
  9   6.790376 -0.619176 0.015206 -0.009367 -0.035190 -0.539141
 10   8.637599 0.544015 -0.090417 -1.570112 0.000221 -0.122021
 11   6.790465 -0.619039 0.017802 -0.009626 -0.035301 -0.392564
 12   -2.022474 -0.104699 -2.873818 0.299065 1.362032 -2.901601
 13   1.167898 -0.537463 0.063297 1.493609 -0.601244 -1.708019
 14   7.002743 -0.617765 -0.183752 0.614759 -0.819664 -0.122769
 15   8.209042 0.615527 -0.255885 -0.750504 0.526679 -0.668674
 16   7.002735 -0.617911 -0.183641 0.409254 -0.577603 -0.042599
 17   1.574674 0.609930 -0.000899 0.000000 0.000008 0.078017
 18   -0.602177 0.511412 -0.000006 0.000000 0.000000 0.000000
 19   3.673773 0.177020 1.119313 -0.000002 -0.000014 -0.174510
 20   3.673767 0.176993 -1.117566 0.000007 -0.000003 -0.174546
 21   3.942357 1.330634 1.627658 0.000002 -0.000011 -0.000026
 22   -0.246060 -0.011889 0.516521 -0.000011 0.000031 0.000025
 23   3.942374 1.330659 -1.631083 0.000019 0.000002 -0.000024
 24   -0.246150 -0.011872 -0.516511 -0.000005 -0.000006 0.000048
 25   4.941364 1.997338 1.629330 0.000018 0.205550 -0.000024
 26   4.941382 1.997366 -1.629410 -0.000001 -0.205562 -0.000024
 27   2.918368 1.615358 1.514501 -0.000019 -0.000022 -0.000050
 28   2.920798 1.614964 -1.501142 -0.000002 -0.000009 -0.000024
 29   8.824059 0.150544 0.091743 -0.021650 0.214456 -0.954685
 30   2.103272 -0.611962 1.764788 0.014176 0.021142 -0.056305
 31   2.101758 -0.612072 -1.834067 -0.020746 -0.027999 -0.081063
 32   -0.810489 -0.093824 3.127092 0.001376 -2.696272 0.071551
 33   14.298673 -0.408176 0.475484 -0.000064 -0.000210 0.033715
 34   15.835795 0.581398 0.242756 -0.003042 -0.010786 -0.001416
 35   -0.815868 -0.091229 -3.114430 0.458392 3.496800 -1.004434
 36   14.294526 -0.410349 -0.463635 -0.000051 -0.000180 -2.653655
 37   15.834409 0.579420 -0.284600 0.003070 0.010894 0.015959
 38   1.983461 -4.133457 -3.191012 -0.208323 -0.124663 1.031581
 39   -4.129607 -1.160326 -0.738367 -0.073418 -0.057035 0.557297
 40   0.539958 -4.168541 2.702117 -0.208323 -0.124662 1.031642
 41   -4.761975 -0.953658 0.951753 -0.073419 -0.057035 0.557297
 42   0.834765 -1.001999 -2.630018 -0.067869 0.030498 1.349860
 43   0.531281 -0.723371 2.912347 -0.067868 0.030490 1.349860
time 68
  0   0.020765 -0.546892 15.239118 2.705095 0.000000 -1.571069
  1   -1.093036 0.000002 -0.326057 -1.570023 -1.570379 -0.000268
  2   2.262337 0.113614 0.064702 -0.013605 0.156448 0.256142
  3   2.380047 0.353302 0.047440 0.001245 0.156982 0.476510
  4   2.033756 0.190472 -0.000128 -0.024428 0.172794 0.393980
  5   2.451511 0.204909 -0.003447 0.000000 -0.000005 -0.017472
  6   7.247600 -0.397300 -0.109469 0.000001 -0.000003 0.418504
  7   -2.022252 -0.104661 3.136172 -0.298879 -1.361718 -2.901749
  8   1.168026 -0.537438 -0.063437 -1.564312 0.887460 -1.527992
  9   6.790376 -0.619176 0.015206 -0.009367 -0.035190 -0.539141
 10   8.637599 0.544015 -0.090417 -1.570112 0.000221 -0.122021
 11   6.790465 -0.619039 0.017802 -0.009626 -0.035301 -0.392564
 12   -2.022474 -0.104699 -2.873818 0.299065 1.362032 -2.901601
 13   1.167898 -0.537463 0.063297 1.491993 -0.590921 -1.706990
 14   7.002743 -0.617765 -0.183752 0.614759 -0.819664 -0.122769
 15   8.209042 0.615527 -0.255885 -0.750504 0.526679 -0.668674
 16   7.002735 -0.617911 -0.183641 0.409254 -0.577603 -0.042599
 17   1.574674 0.609930 -0.000899 0.000000 0.000008 0.078017
 18   -0.602177 0.511412 -0.000006 0.000000 0.000000 0.000000
 19   3.673773 0.177020 1.119313 -0.000002 -0.000014 -0.174510
 20   3.673767 0.176993 -1.117566 0.000007 -0.000003 -0.174546
 21   3.942357 1.330634 1.627658 0.000002 -0.000011 -0.000026
 22   -0.246060 -0.011889 0.516521 -0.000011 0.000031 0.000025
 23   3.942374 1.330659 -1.631083 0.000019 0.000002 -0.000024
 24   -0.246150 -0.011872 -0.516511 -0.000005 -0.000006 0.000048
 25   4.941364 1.997338 1.629330 0.000018 0.207138 -0.000024
 26   4.941382 1.997366 -1.629410 -0.000001 -0.207159 -0.000024
 27   2.918368 1.615358 1.514501 -0.000019 -0.000022 -0.000050
 28   2.920798 1.614964 -1.501142 -0.000002 -0.000009 -0.000024
 29   8.824059 0.150544 0.091743 -0.022898 0.209660 -0.939556
 30   2.111085 -0.580711 1.776507 0.006813 0.009809 -0.027101
 31   2.113477 -0.580821 -1.845786 -0.009990 -0.013495 -0.039013
 32   -0.810489 -0.093824 3.127092 0.001376 -2.696272 0.071551
 33   14.298673 -0.408176 0.475484 -0.000064 -0.000210 0.033715
 34   15.835795 0.581398 0.242756 -0.003042 -0.010786 -0.001416
 35   -0.815868 -0.091229 -3.114430 0.458392 3.496800 -1.004434
 36   14.294526 -0.410349 -0.463635 -0.000051 -0.000180 -2.653655
 37   15.834409 0.579420 -0.284600 0.003070 0.010894 0.015959
 38   1.975648 -4.129551 -3.191012 -0.202471 -0.128001 1.014658
 39   -4.129607 -1.156420 -0.738367 -0.069822 -0.058449 0.535001
 40   0.551677 -4.172447 2.702117 -0.202471 -0.128013 1.014719
 41   -4.761975 -0.957564 0.951753 -0.069823 -0.058449 0.535001
 42   0.791795 -0.955123 -2.641737 -0.065975 0.028735 1.339781
 43   0.500030 -0.688214 2.900628 -0.065969 0.028749 1.339781
time 69
  0   0.020765 -0.546892 15.239118 2.705095 0.000000 -1.571069
  1   -1.093036 0.000002 -0.326057 -1.570023 -1.570379 -0.000268
  2   2.262337 0.113614 0.064702 -0.013605 0.156448 0.261346
  3   2.380047 0.353302 0.047440 0.001245 0.156982 0.479979
  4   2.033756 0.190472 -0.000128 -0.024428 0.172794 0.399272
  5   2.451511 0.204909 -0.003447 0.000000 -0.000005 -0.017472
  6   7.247600 -0.397300 -0.109469 0.000001 -0.000003 0.418504
  7   -2.022252 -0.104661 3.136172 -0.298879 -1.361718 -2.901749
  8   1.168026 -0.537438 -0.063437 -1.564945 0.878705 -1.528561
  9   6.790376 -0.619176 0.015206 -0.009367 -0.035190 -0.539141
 10   8.637599 0.544015 -0.090417 -1.570112 0.000221 -0.122021
 11   6.790465 -0.619039 0.017802 -0.009626 -0.035301 -0.392564
 12   -2.022474 -0.104699 -2.873818 0.299065 1.362032 -2.901601
 13   1.167898 -0.537463 0.063297 1.490306 -0.580649 -1.706021
 14   7.002743 -0.617765 -0.183752 0.614759 -0.819664 -0.122769
 15   8.209042 0.615527 -0.255885 -0.750504 0.526679 -0.668674
 16   7.002735 -0.617911 -0.183641 0.409254 -0.577603 -0.042599
 17   1.574674 0.609930 -0.000899 0.000000 0.000008 0.078017
 18   -0.602177 0.511412 -0.000006 0.000000 0.000000 0.000000
 19   3.673773 0.177020 1.119313 -0.000002 -0.000014 -0.174510
 20   3.673767 0.176993 -1.117566 0.000007 -0.000003 -0.174546
 21   3.942357 1.330634 1.627658 0.000002 -0.000011 -0.000026
 22   -0.246060 -0.011889 0.516521 -0.000011 0.000031 0.000025
 23   3.942374 1.330659 -1.631083 0.000019 0.000002 -0.000024
 24   -0.246150 -0.011872 -0.516511 -0.000005 -0.000006 0.000048
 25   4.941364 1.997338 1.629330 0.000018 0.208336 -0.000024
 26   4.941382 1.997366 -1.629410 -0.000001 -0.208344 -0.000024
 27   2.918368 1.615358 1.514501 -0.000019 -0.000022 -0.000050
 28   2.920798 1.614964 -1.501142 -0.000002 -0.000009 -0.000024
 29   8.824059 0.150544 0.091743 -0.024413 0.203512 -0.920028
 30   2.111085 -0.561179 1.784320 0.001823 0.002137 -0.007266
 31   2.121290 -0.561289 -1.853599 -0.002666 -0.003600 -0.010501
 32   -0.810489 -0.093824 3.127092 0.001376 -2.696272 0.071551
 33   14.298673 -0.408176 0.475484 -0.000064 -0.000210 0.033715
 34   15.835795 0.581398 0.242756 -0.003042 -0.010786 -0.001416
 35   -0.815868 -0.091229 -3.114430 0.458392 3.496800 -1.004434
 36   14.294526 -0.410349 -0.463635 -0.000051 -0.000180 -2.653655
 37   15.834409 0.579420 -0.284600 0.003070 0.010894 0.015959
 38   1.963929 -4.117832 -3.191012 -0.195378 -0.130291 1.003234
 39   -4.141326 -1.148607 -0.738367 -0.065232 -0.059408 0.519884
 40   0.559490 -4.172447 2.709930 -0.195378 -0.130278 1.003233
 41   -4.750256 -0.965377 0.951753 -0.065233 -0.059408 0.519856
 42   0.760544 -0.892621 -2.649550 -0.063554 0.027539 1.326858
 43   0.476592 -0.645244 2.900628 -0.063570 0.027540 1.326858
time 70
  0   0.020765 -0.546892 15.239118 2.705095 0.000000 -1.571069
  1   -1.093036 0.000002 -0.326057 -1.570023 -1.570379 -0.000268
  2   2.262337 0.113614 0.064702 -0.013605 0.156448 0.229686
  3   2.380047 0.353302 0.047440 0.001245 0.156982 0.437168
  4   2.033756 0.190472 -0.000128 -0.024428 0.172794 0.350085
  5   2.451511 0.204909 -0.003447 0.000000 -0.000005 -0.017472
  6   7.247600 -0.397300 -0.109469 0.000001 -0.000003 0.418504
  7   -2.022252 -0.104661 3.136172 -0.298879 -1.361718 -2.901749
  8   1.168026 -0.537438 -0.063437 -1.561844 0.699184 -1.532610
  9   6.790376 -0.619176 0.015206 -0.009367 -0.035190 -0.539141
 10   8.637599 0.544015 -0.090417 -1.570112 0.000221 -0.122021
 11   6.790465 -0.619039 0.017802 -0.009626 -0.035301 -0.392564
 12   -2.022474 -0.104699 -2.873818 0.299065 1.362032 -2.901601
 13   1.167898 -0.537463 0.063297 1.466616 -0.421835 -1.694580
 14   7.002743 -0.617765 -0.183752 0.563349 -0.739029 -0.136300
 15   8.209042 0.615527 -0.255885 -0.517251 0.549074 -0.577145
 16   7.002735 -0.617911 -0.183641 0.381150 -0.521384 -0.064290
 17   1.574674 0.609930 -0.000899 0.000000 0.000008 0.022464
 18   -0.602177 0.511412 -0.000006 0.000000 0.000000 0.000000
 19   3.673773 0.177020 1.119313 -0.000002 -0.000014 -0.174510
 20   3.673767 0.176993 -1.117566 0.000007 -0.000003 -0.174546
 21   3.942357 1.330634 1.627658 0.000002 -0.000011 -0.000026
 22   -0.246060 -0.011889 0.516521 -0.000011 0.000031 0.000025
 23   3.938468 1.330659 -1.631083 0.000019 0.000002 -0.000024
 24   -0.246150 -0.011872 -0.516511 -0.000005 -0.000006 0.000048
 25   4.941364 1.997338 1.629330 0.000018 0.209103 -0.000024
 26   4.941382 1.997366 -1.629410 -0.000001 -0.209117 -0.000024
 27   2.918368 1.615358 1.514501 -0.000019 -0.000022 -0.000050
 28   2.920798 1.614964 -1.501142 -0.000002 -0.000009 -0.000024
 29   8.824059 0.150544 0.091743 -0.026374 0.195845 -0.895779
 30   2.111085 -0.561179 1.784320 -0.000008 -0.000682 0.000024
 31   2.121290 -0.561289 -1.853599 0.000000 0.000000 -0.000002
 32   -0.810489 -0.093824 3.127092 0.001376 -2.696272 0.071551
 33   14.298673 -0.408176 0.475484 -0.000064 -0.000210 0.033715
 34   15.835795 0.581398 0.242756 -0.003042 -0.010786 -0.001416
 35   -0.815868 -0.091229 -3.114430 0.458392 3.496800 -1.004434
 36   14.294526 -0.410349 -0.463635 -0.000051 -0.000180 -2.653655
 37   15.834409 0.579420 -0.284600 0.003070 0.010894 0.015959
 38   1.952210 -4.117832 -3.191012 -0.186916 -0.131110 0.999018
 39   -4.149139 -1.136888 -0.738367 -0.059503 -0.059755 0.514303
 40   0.579022 -4.172447 2.709930 -0.186916 -0.131122 0.998956
 41   -4.742443 -0.977096 0.951753 -0.059504 -0.059755 0.514303
 42   0.756638 -0.818400 -2.649550 -0.060534 0.027125 1.310673
 43   0.464873 -0.586648 2.892815 -0.060534 0.027117 1.310673
time 71
  0   0.020765 -0.546892 15.239118 2.705095 0.000000 -1.571069
  1   -1.093036 0.000002 -0.326057 -1.570023 -1.570379 -0.000268
  2   2.262337 0.113614 0.064702 -0.013605 0.156448 0.197954
  3   2.380047 0.353302 0.047440 0.001245 0.156982 0.394337
  4   2.033756 0.190472 -0.000128 -0.024428 0.172794 0.300934
  5   2.451511 0.204909 -0.003447 0.000000 -0.000005 -0.017472
  6   7.247600 -0.397300 -0.109469 0.000001 -0.000003 0.418504
  7   -2.022252 -0.104661 3.136172 -0.298879 -1.361718 -2.901749
  8   1.168026 -0.537438 -0.063437 -1.558110 0.520216 -1.536532
  9   6.790376 -0.619176 0.015206 -0.009367 -0.035190 -0.539141
 10   8.637599 0.544015 -0.090417 -1.570112 0.000221 -0.122021
 11   6.790465 -0.619039 0.017802 -0.009626 -0.035301 -0.392564
 12   -2.022474 -0.104699 -2.873818 0.299065 1.362032 -2.901601
 13   1.167898 -0.537463 0.063297 1.446231 -0.262767 -1.687679
 14   7.002743 -0.617765 -0.183752 0.513932 -0.659020 -0.154039
 15   8.209042 0.615527 -0.255885 -0.280259 0.552478 -0.481286
 16   7.002735 -0.617911 -0.183641 0.352340 -0.465729 -0.087195
 17   1.574674 0.609930 -0.000899 0.000000 0.000008 -0.033162
 18   -0.602177 0.511412 -0.000006 0.000000 0.000000 0.000000
 19   3.673773 0.177020 1.119313 -0.000002 -0.000014 -0.174510
 20   3.673767 0.176993 -1.117566 0.000007 -0.000003 -0.174546
 21   3.942357 1.330634 1.627658 0.000002 -0.000011 -0.000026
 22   -0.246060 -0.011889 0.516521 -0.000011 0.000031 0.000025
 23   3.942374 1.330659 -1.631083 0.000019 0.000002 -0.000024
 24   -0.246150 -0.011872 -0.516511 -0.000005 -0.000006 0.000048
 25   4.941364 1.997338 1.629330 0.000018 0.209399 -0.000024
 26   4.941382 1.997366 -1.629410 -0.000001 -0.209404 -0.000024
 27   2.918368 1.615358 1.514501 -0.000019 -0.000022 -0.000050
 28   2.920798 1.614964 -1.501142 -0.000002 -0.000009 -0.000024
 29   8.824059 0.150544 0.091743 -0.030473 0.184118 -0.835747
 30   2.111085 -0.561179 1.784320 -0.000008 -0.000682 0.000024
 31   2.121290 -0.561289 -1.853599 0.000000 0.000000 -0.000002
 32   -0.810489 -0.093824 3.127092 0.001376 -2.696272 0.071551
 33   14.298673 -0.408176 0.475484 -0.000064 -0.000210 0.033715
 34   15.835795 0.581398 0.242756 -0.003042 -0.010786 -0.001416
 35   -0.815868 -0.091229 -3.114430 0.458392 3.496800 -1.004434
 36   14.294526 -0.410349 -0.463635 -0.000051 -0.000180 -2.653655
 37   15.834409 0.579420 -0.284600 0.003070 0.010894 0.015959
 38   1.928772 -4.086581 -3.183199 -0.177086 -0.127097 1.025777
 39   -4.172577 -1.117356 -0.738367 -0.048885 -0.058772 0.520697
 40   0.598554 -4.156822 2.725555 -0.177086 -0.127109 1.025838
 41   -4.719005 -0.996628 0.951753 -0.048886 -0.058772 0.520697
 42   0.760544 -0.646520 -2.649550 -0.055704 0.027447 1.239870
 43   0.484405 -0.449925 2.900628 -0.055699 0.027462 1.239870
time 72
  0   0.020765 -0.546892 15.239118 2.705095 0.000000 -1.571069
  1   -1.093036 0.000002 -0.326057 -1.570023 -1.570379 -0.000268
  2   2.262337 0.113614 0.064702 -0.013605 0.156448 0.166185
  3   2.380047 0.353302 0.047440 0.001245 0.156982 0.351506
  4   2.033756 0.190472 -0.000128 -0.024428 0.172794 0.251710
  5   2.451511 0.204909 -0.003447 0.000000 -0.000005 -0.017472
  6   7.247600 -0.397300 -0.109469 0.000001 -0.000003 0.418504
  7   -2.022252 -0.104661 3.136172 -0.298879 -1.361718 -2.901749
  8   1.168026 -0.537438 -0.063437 -1.554124 0.341197 -1.541150
  9   6.790376 -0.619176 0.015206 -0.009367 -0.035190 -0.539141
 10   8.637599 0.544015 -0.090417 -1.570112 0.000221 -0.122021
 11   6.790465 -0.619039 0.017802 -0.009626 -0.035301 -0.392564
 12   -2.022474 -0.104699 -2.873818 0.299065 1.362032 -2.901601
 13   1.167898 -0.537463 0.063297 1.427463 -0.103648 -1.684350
 14   7.002743 -0.617765 -0.183752 0.465482 -0.579862 -0.175820
 15   8.209042 0.615527 -0.255885 -0.045064 0.536666 -0.387532
 16   7.002735 -0.617911 -0.183641 0.322825 -0.410581 -0.110983
 17   1.574674 0.609930 -0.000899 0.000000 0.000008 -0.088603
 18   -0.602177 0.511412 -0.000006 0.000000 0.000000 0.000000
 19   3.673773 0.177020 1.119313 -0.000002 -0.000014 -0.174510
 20   3.673767 0.176993 -1.117566 0.000007 -0.000003 -0.174546
 21   3.922825 1.330634 1.627658 0.002962 -0.013218 0.027580
 22   -0.246060 -0.011889 0.508708 -0.000011 0.000031 0.000025
 23   3.922842 1.330659 -1.631083 -0.002953 0.013257 0.027556
 24   -0.246150 -0.011872 -0.516511 -0.000005 -0.000006 0.000048
 25   4.941364 1.997338 1.629330 0.000018 0.194942 -0.000024
 26   4.941382 1.997366 -1.629410 -0.000001 -0.194947 -0.000024
 27   2.922274 1.615358 1.514501 -0.000103 0.009518 -0.040971
 28   2.924704 1.614964 -1.501142 0.000094 -0.009537 -0.040984
 29   8.824059 0.150544 0.091743 -0.037781 0.167122 -0.719599
 30   2.111085 -0.561179 1.784320 -0.000008 -0.000682 0.000024
 31   2.121290 -0.561289 -1.853599 0.000000 0.000000 -0.000002
 32   -0.810489 -0.093824 3.127092 0.001376 -2.696272 0.071551
 33   14.298673 -0.408176 0.475484 -0.000064 -0.000210 0.033715
 34   15.835795 0.581398 0.242756 -0.003042 -0.010786 -0.001416
 35   -0.815868 -0.091229 -3.114430 0.458392 3.496800 -1.004434
 36   14.294526 -0.410349 -0.463635 -0.000051 -0.000180 -2.653655
 37   15.834409 0.579420 -0.284600 0.003070 0.010894 0.015959
 38   1.877989 -4.024079 -3.151948 -0.166267 -0.116216 1.098602
 39   -4.219454 -1.074386 -0.734461 -0.031076 -0.056124 0.538114
 40   0.621992 -4.113852 2.764619 -0.166267 -0.116215 1.098602
 41   -4.676035 -1.039598 0.947847 -0.031077 -0.056124 0.538114
 42   0.780076 -0.330104 -2.637831 -0.048406 0.028413 1.078608
 43   0.531281 -0.180386 2.908441 -0.048390 0.028388 1.078608
time 73
  0   0.020765 -0.546892 15.239118 2.705095 0.000000 -1.571069
  1   -1.093036 0.000002 -0.326057 -1.570023 -1.570379 -0.000268
  2   2.262337 0.113614 0.064702 -0.013605 0.156448 0.134471
  3   2.380047 0.353302 0.047440 0.001245 0.156982 0.308654
  4   2.033756 0.190472 -0.000128 -0.024428 0.172794 0.202487
  5   2.451511 0.204909 -0.003447 0.000000 -0.000005 -0.017472
  6   7.247600 -0.397300 -0.109469 0.000001 -0.000003 0.418504
  7   -2.022252 -0.104661 3.136172 -0.298879 -1.361718 -2.901749
  8   1.168026 -0.537438 -0.063437 -1.549314 0.161726 -1.546274
  9   6.790376 -0.619176 0.015206 -0.009367 -0.035190 -0.539141
 10   8.637599 0.544015 -0.090417 -1.570112 0.000221 -0.122021
 11   6.790465 -0.619039 0.017802 -0.009626 -0.035301 -0.392564
 12   -2.022474 -0.104699 -2.873818 0.299065 1.362032 -2.901601
 13   1.167898 -0.537463 0.063297 1.409467 0.055675 -1.683926
 14   7.002743 -0.617765 -0.183752 0.417317 -0.501499 -0.200572
 15   8.209042 0.615527 -0.255885 0.184234 0.502921 -0.301776
 16   7.002735 -0.617911 -0.183641 0.292414 -0.356054 -0.135820
 17   1.574674 0.609930 -0.000899 0.000000 0.000008 -0.144267
 18   -0.602177 0.511412 -0.000006 0.000000 0.000000 0.000000
 19   3.673773 0.177020 1.119313 -0.000002 -0.000014 -0.174510
 20   3.673767 0.176993 -1.117566 0.000007 -0.000003 -0.174546
 21   3.868136 1.330634 1.627658 0.009853 -0.053762 0.110915
 22   -0.273405 -0.011889 0.477457 -0.000011 0.000031 0.000025
 23   3.868153 1.330659 -1.631083 -0.009844 0.053789 0.110864
 24   -0.257869 -0.011872 -0.485260 -0.000005 -0.000006 0.000048
 25   4.941364 1.997338 1.629330 0.000018 0.151732 -0.000024
 26   4.941382 1.997366 -1.629410 -0.000001 -0.151738 -0.000024
 27   2.937900 1.634890 1.514501 -0.002859 0.038544 -0.166880
 28   2.940330 1.634496 -1.501142 0.002850 -0.038575 -0.166933
 29   8.824059 0.150544 0.091743 -0.047495 0.146304 -0.561820
 30   2.111085 -0.561179 1.784320 -0.000008 -0.000682 0.000024
 31   2.121290 -0.561289 -1.853599 0.000000 0.000000 -0.000002
 32   -0.810489 -0.093824 3.127092 0.001376 -2.696272 0.071551
 33   14.298673 -0.408176 0.475484 -0.000064 -0.000210 0.033715
 34   15.835795 0.581398 0.242756 -0.003042 -0.010786 -0.001416
 35   -0.815868 -0.091229 -3.114430 0.458392 3.496800 -1.004434
 36   14.294526 -0.410349 -0.463635 -0.000051 -0.000180 -2.653655
 37   15.834409 0.579420 -0.284600 0.003070 0.010894 0.015959
 38   1.815487 -3.938139 -3.108978 -0.154900 -0.100152 1.205823
 39   -4.285862 -1.015790 -0.734461 -0.008018 -0.052205 0.563748
 40   0.653243 -4.039631 2.827121 -0.154900 -0.100164 1.205761
 41   -4.605720 -1.098194 0.947847 -0.008019 -0.052205 0.563748
 42   0.803514 0.091784 -2.630018 -0.039297 0.029793 0.849930
 43   0.601596 0.190719 2.912347 -0.039319 0.029769 0.849930
time 74
  0   0.020765 -0.546892 15.239118 2.705095 0.000000 -1.571069
  1   -1.093036 0.000002 -0.326057 -1.570023 -1.570379 -0.000268
  2   2.262337 0.113614 0.064702 -0.013605 0.156448 0.102720
  3   2.380047 0.353302 0.047440 0.001245 0.156982 0.265823
  4   2.033756 0.190472 -0.000128 -0.024428 0.172794 0.153300
  5   2.451511 0.204909 -0.003447 0.000000 -0.000005 -0.017472
  6   7.247600 -0.397300 -0.109469 0.000001 -0.000003 0.418504
  7   -2.022252 -0.104661 3.136172 -0.298879 -1.361718 -2.901749
  8   1.168026 -0.537438 -0.063437 -1.543809 -0.017594 -1.552094
  9   6.790376 -0.619176 0.015206 -0.009367 -0.035190 -0.539141
 10   8.637599 0.544015 -0.090417 -1.570112 0.000221 -0.122021
 11   6.790465 -0.619039 0.017802 -0.009626 -0.035301 -0.392564
 12   -2.022474 -0.104699 -2.873818 0.299065 1.362032 -2.901601
 13   1.167898 -0.537463 0.063297 1.390910 0.214743 -1.686408
 14   7.002743 -0.617765 -0.183752 0.368982 -0.424385 -0.228706
 15   8.209042 0.615527 -0.255885 0.404688 0.453364 -0.228469
 16   7.002735 -0.617911 -0.183641 0.261063 -0.302203 -0.161650
 17   1.574674 0.609930 -0.000899 0.000000 0.000008 -0.199708
 18   -0.602177 0.511412 -0.000006 0.000000 0.000000 0.000000
 19   3.673773 0.177020 1.119313 -0.000002 -0.000014 -0.174510
 20   3.673767 0.176993 -1.117566 0.000007 -0.000003 -0.174546
 21   3.805634 1.330634 1.627658 0.013808 -0.119569 0.244701
 22   -0.308562 -0.011889 0.434487 -0.000011 0.000031 0.000025
 23   3.797838 1.330659 -1.631083 -0.013787 0.119596 0.244727
 24   -0.304746 -0.011872 -0.442290 -0.000005 -0.000006 0.000048
 25   4.941364 1.997338 1.629330 0.000018 0.083431 -0.000024
 26   4.941382 1.997366 -1.629410 -0.000001 -0.083432 -0.000024
 27   2.980870 1.662235 1.514501 -0.015251 0.084661 -0.373647
 28   2.983300 1.661841 -1.508955 0.015242 -0.084692 -0.373661
 29   8.824059 0.150544 0.091743 -0.058814 0.123302 -0.377324
 30   2.111085 -0.561179 1.784320 -0.000008 -0.000682 0.000024
 31   2.121290 -0.561289 -1.853599 0.000000 0.000000 -0.000002
 32   -0.810489 -0.093824 3.127092 0.001376 -2.696272 0.071551
 33   14.298673 -0.408176 0.475484 -0.000064 -0.000210 0.033715
 34   15.835795 0.581398 0.242756 -0.003042 -0.010786 -0.001416
 35   -0.815868 -0.091229 -3.114430 0.458392 3.496800 -1.004434
 36   14.294526 -0.410349 -0.463635 -0.000051 -0.000180 -2.653655
 37   15.834409 0.579420 -0.284600 0.003070 0.010894 0.015959
 38   1.741266 -3.836573 -3.058195 -0.143534 -0.080654 1.335954
 39   -4.371802 -0.941569 -0.726648 0.018312 -0.047447 0.594878
 40   0.688400 -3.953691 2.893529 -0.143534 -0.080666 1.336015
 41   -4.519780 -1.172415 0.940034 0.018311 -0.047447 0.594878
 42   0.834765 0.587893 -2.626112 -0.029147 0.031464 0.576922
 43   0.687536 0.624326 2.924066 -0.029149 0.031448 0.576922
time 75
  0   0.020765 -0.546892 15.239118 2.705095 0.000000 -1.571069
  1   -1.093036 0.000002 -0.326057 -1.570023 -1.570379 -0.000268
  2   2.262337 0.113614 0.064702 -0.013605 0.156448 0.070988
  3   2.380047 0.353302 0.047440 0.001245 0.156982 0.222992
  4   2.033756 0.190472 -0.000128 -0.024428 0.172794 0.104040
  5   2.451511 0.204909 -0.003447 0.000000 -0.000005 -0.017472
  6   7.247600 -0.397300 -0.109469 0.000001 -0.000003 0.418504
  7   -2.022252 -0.104661 3.136172 -0.298879 -1.361718 -2.901749
  8   1.168026 -0.537438 -0.063437 -1.537038 -0.196411 -1.558863
  9   6.790376 -0.619176 0.015206 -0.009367 -0.035190 -0.539141
 10   8.637599 0.544015 -0.090417 -1.570112 0.000221 -0.122021
 11   6.790465 -0.619039 0.017802 -0.009626 -0.035301 -0.392564
 12   -2.022474 -0.104699 -2.873818 0.299065 1.362032 -2.901601
 13   1.167898 -0.537463 0.063297 1.371087 0.373811 -1.692280
 14   7.002743 -0.617765 -0.183752 0.319792 -0.348635 -0.259893
 15   8.209042 0.615527 -0.255885 0.615148 0.391097 -0.170436
 16   7.002735 -0.617911 -0.183641 0.228722 -0.249142 -0.188584
 17   1.574674 0.609930 -0.000899 0.000000 0.000008 -0.255150
 18   -0.602177 0.511412 -0.000006 0.000000 0.000000 0.000000
 19   3.673773 0.177020 1.119313 -0.000002 -0.000014 -0.174510
 20   3.673767 0.176993 -1.117566 0.000007 -0.000003 -0.174546
 21   3.700162 1.330634 1.627658 0.006354 -0.200741 0.411837
 22   -0.351532 -0.011889 0.371985 -0.000011 0.000031 0.000025
 23   3.692366 1.330659 -1.631083 -0.006333 0.200780 0.411810
 24   -0.339903 -0.019685 -0.379788 -0.000005 -0.000006 0.000048
 25   4.941364 1.997338 1.629330 0.000018 -0.000001 -0.000024
 26   4.941382 1.997366 -1.629410 -0.000001 0.000005 -0.000024
 27   3.031653 1.689579 1.522314 -0.043955 0.137309 -0.635381
 28   3.034083 1.693092 -1.520674 0.043934 -0.137340 -0.635435
 29   8.824059 0.150544 0.091743 -0.070667 0.099564 -0.180811
 30   2.111085 -0.561179 1.784320 -0.000008 -0.000682 0.000024
 31   2.121290 -0.561289 -1.853599 0.000000 0.000000 -0.000002
 32   -0.810489 -0.093824 3.127092 0.001376 -2.696272 0.071551
 33   14.298673 -0.408176 0.475484 -0.000064 -0.000210 0.033715
 34   15.835795 0.581398 0.242756 -0.003042 -0.010786 -0.001416
 35   -0.815868 -0.091229 -3.114430 0.458392 3.496800 -1.004434
 36   14.294526 -0.410349 -0.463635 -0.000051 -0.000180 -2.653655
 37   15.834409 0.579420 -0.284600 0.003070 0.010894 0.015959
 38   1.667045 -3.727195 -2.995693 -0.132567 -0.059445 1.477693
 39   -4.457742 -0.867348 -0.726648 0.045997 -0.042270 0.628758
 40   0.727464 -3.859938 2.975563 -0.132567 -0.059457 1.477693
 41   -4.433840 -1.250542 0.940034 0.045996 -0.042270 0.628758
 42   0.866016 1.107440 -2.614393 -0.018600 0.033273 0.282669
 43   0.773476 1.089184 2.939692 -0.018604 0.033284 0.282669
time 76
  0   0.020765 -0.546892 15.239118 2.705095 0.000000 -1.571069
  1   -1.093036 0.000002 -0.326057 -1.570023 -1.570379 -0.000268
  2   2.262337 0.113614 0.064702 -0.013605 0.156448 0.039292
  3   2.380047 0.353302 0.047440 0.001245 0.156982 0.180140
  4   2.033756 0.190472 -0.000128 -0.024428 0.172794 0.054962
  5   2.451511 0.204909 -0.003447 0.000000 -0.000005 -0.017472
  6   7.247600 -0.397300 -0.109469 0.000001 -0.000003 0.418504
  7   -2.022252 -0.104661 3.136172 -0.298879 -1.361718 -2.901749
  8   1.168026 -0.537438 -0.063437 -1.528685 -0.375731 -1.567403
  9   6.790376 -0.619176 0.015206 -0.009367 -0.035190 -0.539141
 10   8.637599 0.544015 -0.090417 -1.570112 0.000221 -0.122021
 11   6.790465 -0.619039 0.017802 -0.009597 -0.035301 -0.392564
 12   -2.022474 -0.104699 -2.873818 0.299065 1.362032 -2.901601
 13   1.167898 -0.537463 0.063297 1.348733 0.532828 -1.702147
 14   7.002743 -0.617765 -0.183752 0.269293 -0.274247 -0.294133
 15   8.209042 0.615527 -0.255885 0.816260 0.319296 -0.128821
 16   7.002735 -0.617911 -0.183641 0.195158 -0.196814 -0.216788
 17   1.574674 0.609930 -0.000899 0.000000 0.000008 -0.310739
 18   -0.602177 0.511412 -0.000006 0.000000 0.000000 0.000000
 19   3.673773 0.177020 1.119313 -0.000002 -0.000014 -0.174510
 20   3.673767 0.176993 -1.117566 0.000007 -0.000003 -0.174546
 21   3.602503 1.330634 1.627658 -0.015135 -0.279492 0.582880
 22   -0.390596 -0.019702 0.317296 -0.000011 0.000031 0.000025
 23   3.594707 1.330659 -1.631083 0.015168 0.279531 0.582851
 24   -0.382873 -0.019685 -0.329005 -0.000005 -0.000006 0.000048
 25   4.941364 1.997338 1.629330 0.000018 -0.083446 -0.000024
 26   4.941382 1.997366 -1.629410 -0.000001 0.083442 -0.000024
 27   3.082436 1.720830 1.541846 -0.085721 0.180754 -0.900499
 28   3.084866 1.720436 -1.532393 0.085712 -0.180797 -0.900553
 29   8.824059 0.150544 0.091743 -0.082341 0.076728 0.013020
 30   2.111085 -0.561179 1.784320 -0.000008 -0.000682 0.000024
 31   2.121290 -0.561289 -1.853599 0.000000 0.000000 -0.000002
 32   -0.810489 -0.093824 3.127092 0.001376 -2.696272 0.071551
 33   14.298673 -0.408176 0.475484 -0.000064 -0.000210 0.033715
 34   15.835795 0.581398 0.242756 -0.003042 -0.010786 -0.001416
 35   -0.815868 -0.091229 -3.114430 0.458392 3.496800 -1.004434
 36   14.294526 -0.410349 -0.463635 -0.000051 -0.000180 -2.653655
 37   15.834409 0.579420 -0.284600 0.003070 0.010894 0.015959
 38   1.592824 -3.613910 -2.941004 -0.122548 -0.038224 1.619371
 39   -4.535870 -0.789221 -0.718835 0.073034 -0.037068 0.662637
 40   0.758715 -3.766185 3.049784 -0.122548 -0.038236 1.619371
 41   -4.355712 -1.324763 0.932221 0.073033 -0.037068 0.662637
 42   0.897267 1.623081 -2.598767 -0.008389 0.035113 -0.009744
 43   0.867229 1.550136 2.951411 -0.008409 0.035104 -0.009744
time 77
  0   0.020765 -0.546892 15.239118 2.705095 0.000000 -1.571069
  1   -1.093036 0.000002 -0.326057 -1.570023 -1.570379 -0.000268
  2   2.262337 0.113614 0.064702 -0.013605 0.156448 0.007523
  3   2.380047 0.353302 0.047440 0.001245 0.156982 0.137309
  4   2.033756 0.190472 -0.000128 -0.024428 0.172794 0.005702
  5   2.451511 0.204909 -0.003447 0.000000 -0.000005 -0.017472
  6   7.247600 -0.397300 -0.109469 0.000001 -0.000003 0.418504
  7   -2.022252 -0.104661 3.136172 -0.298879 -1.361718 -2.901749
  8   1.168026 -0.537438 -0.063437 -1.517611 -0.554699 -1.578790
  9   6.790376 -0.619176 0.015206 -0.009367 -0.035190 -0.539141
 10   8.637599 0.544015 -0.090417 -1.570112 0.000221 -0.122021
 11   6.790465 -0.619039 0.017802 -0.009597 -0.035301 -0.392564
 12   -2.022474 -0.104699 -2.873818 0.299065 1.362032 -2.901601
 13   1.167898 -0.537463 0.063297 1.321389 0.691540 -1.717765
 14   7.002743 -0.617765 -0.183752 0.217085 -0.201790 -0.331508
 15   8.209042 0.615527 -0.255885 1.009751 0.241291 -0.103503
 16   7.002735 -0.617911 -0.183641 0.160370 -0.145444 -0.246371
 17   1.574674 0.609930 -0.000899 0.000000 0.000008 -0.366218
 18   -0.602177 0.511412 -0.000006 0.000000 0.000000 0.000000
 19   3.673773 0.177020 1.119313 -0.000002 -0.000014 -0.174510
 20   3.673767 0.176993 -1.117566 0.000007 -0.000003 -0.174546
 21   3.512656 1.330634 1.627658 -0.043142 -0.339774 0.725592
 22   -0.425753 -0.023608 0.274326 -0.000011 0.000031 0.000025
 23   3.508767 1.330659 -1.631083 0.043188 0.339813 0.725561
 24   -0.421937 -0.031404 -0.286035 -0.000005 -0.000006 0.000048
 25   4.941364 1.997338 1.629330 0.000018 -0.151761 -0.000024
 26   4.941382 1.997366 -1.629410 -0.000001 0.151748 -0.000024
 27   3.129312 1.748175 1.553565 -0.126612 0.206544 -1.114466
 28   3.131742 1.747781 -1.540206 0.126603 -0.206587 -1.114442
 29   8.824059 0.150544 0.091743 -0.092947 0.056265 0.189415
 30   2.111085 -0.561179 1.784320 -0.000008 -0.000682 0.000024
 31   2.121290 -0.561289 -1.853599 0.000000 0.000000 -0.000002
 32   -0.810489 -0.093824 3.127092 0.001376 -2.696272 0.071551
 33   14.298673 -0.408176 0.475484 -0.000064 -0.000210 0.033715
 34   15.835795 0.581398 0.242756 -0.003042 -0.010786 -0.001416
 35   -0.815868 -0.091229 -3.114430 0.458392 3.496800 -1.004434
 36   14.294526 -0.410349 -0.463635 -0.000051 -0.000180 -2.653655
 37   15.834409 0.579420 -0.284600 0.003070 0.010894 0.015959
 38   1.526416 -3.516251 -2.886315 -0.113918 -0.018751 1.749625
 39   -4.613997 -0.718906 -0.714929 0.097495 -0.032310 0.693768
 40   0.789966 -3.680245 3.116192 -0.113918 -0.018750 1.749625
 41   -4.277585 -1.395078 0.928315 0.097494 -0.032310 0.693768
 42   0.928518 2.084033 -2.587048 0.000743 0.036800 -0.277399
 43   0.953169 1.960305 2.963130 0.000750 0.036783 -0.277399
time 78
  0   0.020765 -0.546892 15.239118 2.705095 0.000000 -1.571069
  1   -1.093036 0.000002 -0.326057 -1.570023 -1.570379 -0.000268
  2   2.262337 0.113614 0.064702 -0.013605 0.156448 -0.024101
  3   2.380047 0.353302 0.047440 0.001245 0.156982 0.094437
  4   2.033756 0.190472 -0.000128 -0.024428 0.172794 -0.043413
  5   2.451511 0.204909 -0.003447 0.000000 -0.000005 -0.017472
  6   7.247600 -0.397300 -0.109469 0.000001 -0.000003 0.418504
  7   -2.022252 -0.104661 3.136172 -0.298879 -1.361718 -2.901749
  8   1.168026 -0.537438 -0.063437 -1.502107 -0.733768 -1.594352
  9   6.790376 -0.619176 0.015206 -0.009367 -0.035190 -0.539141
 10   8.637599 0.544015 -0.090417 -1.570112 0.000221 -0.122021
 11   6.790465 -0.619039 0.017802 -0.009597 -0.035301 -0.392564
 12   -2.022474 -0.104699 -2.873818 0.299065 1.362032 -2.901601
 13   1.167898 -0.537463 0.063297 1.286031 0.849744 -1.742584
 14   7.002743 -0.617765 -0.183752 0.163000 -0.131263 -0.372183
 15   8.209042 0.615527 -0.255885 1.198352 0.160033 -0.094362
 16   7.002735 -0.617911 -0.183641 0.124264 -0.094977 -0.277224
 17   1.574674 0.609930 -0.000899 0.000000 0.000008 -0.421733
 18   -0.602177 0.511412 -0.000006 0.000000 0.000000 0.000000
 19   3.673773 0.177020 1.119313 -0.000002 -0.000014 -0.174510
 20   3.673767 0.176993 -1.117566 0.000007 -0.000003 -0.174546
 21   3.465780 1.330634 1.627658 -0.065506 -0.375189 0.817000
 22   -0.445285 -0.031421 0.243075 -0.000011 0.000031 0.000025
 23   3.457984 1.330659 -1.631083 0.065515 0.375240 0.817020
 24   -0.445375 -0.039217 -0.254784 -0.000005 -0.000006 0.000048
 25   4.941364 1.997338 1.629330 0.000018 -0.194958 -0.000024
 26   4.941382 1.997366 -1.629410 -0.000001 0.194957 -0.000024
 27   3.156657 1.767707 1.553565 -0.154177 0.217918 -1.246120
 28   3.155180 1.767313 -1.540206 0.154180 -0.217973 -1.246175
 29   8.824059 0.150544 0.091743 -0.101591 0.039768 0.333674
 30   2.111085 -0.561179 1.784320 -0.000008 -0.000682 0.000024
 31   2.121290 -0.561289 -1.853599 0.000000 0.000000 -0.000002
 32   -0.810489 -0.093824 3.127092 0.001376 -2.696272 0.071551
 33   14.298673 -0.408176 0.475484 -0.000064 -0.000210 0.033715
 34   15.835795 0.581398 0.242756 -0.003042 -0.010786 -0.001416
 35   -0.815868 -0.091229 -3.114430 0.458392 3.496800 -1.004434
 36   14.294526 -0.410349 -0.463635 -0.000051 -0.000180 -2.653655
 37   15.834409 0.579420 -0.284600 0.003070 0.010894 0.015959
 38   1.467820 -3.438123 -2.843345 -0.107161 -0.002687 1.856907
 39   -4.676499 -0.664217 -0.714929 0.117365 -0.028391 0.719430
 40   0.813404 -3.606024 3.174788 -0.107161 -0.002686 1.856907
 41   -4.215083 -1.449767 0.928315 0.117364 -0.028391 0.719430
 42   0.959769 2.459044 -2.583142 0.008162 0.038164 -0.497127
 43   1.027390 2.300159 2.967036 0.008159 0.038164 -0.497127
time 79
  0   0.020765 -0.546892 15.239118 2.705095 0.000000 -1.571069
  1   -1.093036 0.000002 -0.326057 -1.570023 -1.570379 -0.000268
  2   2.262337 0.113614 0.064702 -0.013605 0.156448 -0.055815
  3   2.380047 0.353302 0.047440 0.001245 0.156982 0.051626
  4   2.033756 0.190472 -0.000128 -0.024428 0.172794 -0.092600
  5   2.451511 0.204909 -0.003447 0.000000 -0.000005 -0.017472
  6   7.247600 -0.397300 -0.109469 0.000001 -0.000003 0.418504
  7   -2.022252 -0.104661 3.136172 -0.298879 -1.361718 -2.901749
  8   1.168026 -0.537438 -0.063437 -1.479073 -0.912434 -1.617442
  9   6.790376 -0.619176 0.015206 -0.009367 -0.035190 -0.539141
 10   8.637599 0.544015 -0.090417 -1.570112 0.000221 -0.122021
 11   6.790465 -0.619039 0.017802 -0.009597 -0.035301 -0.392564
 12   -2.022474 -0.104699 -2.873818 0.299065 1.362032 -2.901601
 13   1.167898 -0.537463 0.063297 1.234927 1.007032 -1.783627
 14   7.002743 -0.617765 -0.183752 0.106409 -0.063065 -0.416571
 15   8.209042 0.615527 -0.255885 1.384365 0.078699 -0.100737
 16   7.002735 -0.617911 -0.183641 0.086651 -0.045750 -0.309677
 17   1.574674 0.609930 -0.000899 0.000000 0.000008 -0.477323
 18   -0.602177 0.511412 -0.000006 0.000000 0.000000 0.000000
 19   3.673773 0.177020 1.119313 -0.000002 -0.000014 -0.174510
 20   3.673767 0.176993 -1.117566 0.000007 -0.000003 -0.174546
 21   3.446248 1.330634 1.627658 -0.073679 -0.386430 0.847736
 22   -0.457004 -0.031421 0.231356 -0.000011 0.000031 0.000025
 23   3.438452 1.330659 -1.631083 0.073700 0.386481 0.847730
 24   -0.445375 -0.039217 -0.235252 -0.000005 -0.000006 0.000048
 25   4.941364 1.997338 1.629330 0.000018 -0.209415 -0.000024
 26   4.941382 1.997366 -1.629410 -0.000001 0.209414 -0.000024
 27   3.160563 1.767707 1.553565 -0.163477 0.220806 -1.289323
 28   3.162993 1.771219 -1.540206 0.163480 -0.220897 -1.289338
 29   8.824059 0.150544 0.091743 -0.107473 0.028729 0.431046
 30   2.111085 -0.561179 1.784320 -0.000008 -0.000682 0.000024
 31   2.121290 -0.561289 -1.853599 0.000000 0.000000 -0.000002
 32   -0.810489 -0.093824 3.127092 0.001376 -2.696272 0.071551
 33   14.298673 -0.408176 0.475484 -0.000064 -0.000210 0.033715
 34   15.835795 0.581398 0.242756 -0.003042 -0.010786 -0.001416
 35   -0.815868 -0.091229 -3.114430 0.458392 3.496800 -1.004434
 36   14.294526 -0.410349 -0.463635 -0.000051 -0.000180 -2.653655
 37   15.834409 0.579420 -0.284600 0.003070 0.010894 0.015959
 38   1.432663 -3.383434 -2.823813 -0.102762 0.008170 1.929609
 39   -4.719469 -0.621247 -0.714929 0.130752 -0.025743 0.736818
 40   0.832936 -3.555241 3.209945 -0.102762 0.008171 1.929609
 41   -4.172113 -1.492737 0.928315 0.130751 -0.025743 0.736818
 42   0.971488 2.720771 -2.575329 0.013123 0.039115 -0.645885
 43   1.070360 2.530635 2.974849 0.013144 0.039121 -0.645885
time 80
  0   0.020765 -0.546892 15.239118 2.705095 0.000000 -1.571069
  1   -1.093036 0.000002 -0.326057 -1.570023 -1.570379 -0.000268
  2   2.262337 0.113614 0.064702 -0.013605 0.156448 -0.087512
  3   2.380047 0.353302 0.047440 0.001245 0.156982 0.008876
  4   2.033756 0.190472 -0.000128 -0.024428 0.172794 -0.141497
  5   2.451511 0.204909 -0.003447 0.000000 -0.000005 -0.017472
  6   7.247600 -0.397300 -0.109469 0.000001 -0.000003 0.418504
  7   -2.022252 -0.104661 3.136172 -0.298879 -1.361718 -2.901749
  8   1.168026 -0.537438 -0.063437 -1.439586 -1.090597 -1.657043
  9   6.790376 -0.619176 0.015206 -0.009367 -0.035190 -0.539141
 10   8.637599 0.544015 -0.090417 -1.570112 0.000221 -0.122021
 11   6.790465 -0.619039 0.017802 -0.009597 -0.035301 -0.392564
 12   -2.022474 -0.104699 -2.873818 0.299065 1.362032 -2.901601
 13   1.167898 -0.537463 0.063297 1.149871 1.162287 -1.859053
 14   7.002743 -0.617765 -0.183752 0.047142 0.002238 -0.464424
 15   8.209042 0.615527 -0.255885 1.570018 -0.000214 -0.121905
 16   7.002735 -0.617911 -0.183641 0.047532 0.002293 -0.343621
 17   1.574674 0.609930 -0.000899 0.000000 0.000008 -0.532727
 18   -0.602177 0.511412 -0.000006 0.000000 0.000000 0.000000
 19   3.673773 0.177020 1.119313 -0.000002 -0.000014 -0.174510
 20   3.673767 0.176993 -1.117566 0.000007 -0.000003 -0.174546
 21   3.942357 1.330634 1.627658 0.000002 -0.000011 -0.000026
 22   -0.246060 -0.011889 0.516521 -0.000011 0.000031 0.000025
 23   3.942374 1.330659 -1.631083 0.000019 0.000002 -0.000024
 24   -0.246150 -0.011872 -0.516511 -0.000005 -0.000006 0.000048
 25   4.941364 1.997338 1.629330 0.000018 -0.000001 -0.000024
 26   4.941382 1.997366 -1.629410 -0.000001 0.000005 -0.000024
 27   2.918368 1.615358 1.514501 -0.000019 -0.000022 -0.000050
 28   2.920798 1.614964 -1.501142 -0.000002 -0.000009 -0.000024
 29   8.824059 0.150544 0.091743 -0.109612 0.024718 0.466829
 30   2.111085 -0.561179 1.784320 -0.000008 -0.000682 0.000024
 31   2.121290 -0.561289 -1.853599 0.000000 0.000000 -0.000002
 32   -0.810489 -0.093824 3.127092 0.001376 -2.696272 0.071551
 33   14.298673 -0.408176 0.475484 -0.000064 -0.000210 0.033715
 34   15.835795 0.581398 0.242756 -0.003042 -0.010786 -0.001416
 35   -0.815868 -0.091229 -3.114430 0.458392 3.496800 -1.004434
 36   14.294526 -0.410349 -0.463635 -0.000051 -0.000180 -2.653655
 37   15.834409 0.579420 -0.284600 0.003070 0.010894 0.015959
 38   1.420944 -3.359996 -2.808187 -0.101183 0.012183 1.956430
 39   -4.739001 -0.609528 -0.714929 0.135642 -0.024748 0.743240
 40   0.836842 -3.543522 3.221664 -0.101183 0.012184 1.956430
 41   -4.152581 -1.504456 0.928315 0.135641 -0.024748 0.743240
 42   0.983207 2.814524 -2.575329 0.014957 0.039452 -0.700587
 43   1.089892 2.616575 2.982662 0.014943 0.039466 -0.700587
end
