version 1
nodes
  0 "Bip01" -1
  1 "Bip01 Pelvis" 0
  2 "Bip01 Spine" 1
  3 "Bip01 Spine1" 2
  4 "Bip01 Spine2" 3
  5 "Bip01 Spine3" 4
  6 "Bip01 Neck" 5
  7 "Bip01 L Arm" 6
  8 "Bip01 L Arm1" 7
  9 "Bip01 L Arm2" 8
 10 "Bip01 L Hand" 9
 11 "Bip06 L elbow2-smooth" 8
 12 "Bip01 R Arm" 6
 13 "Bip01 R Arm1" 12
 14 "Bip01 R Arm2" 13
 15 "Bip01 R Hand" 14
 16 "Bip06 R elbow2-smooth" 13
 17 "Bip01 Head" 6
 18 "Bip06 Head_helper" 17
 19 "Bip06 Head_eyes_l" 18
 20 "Bip06 Head_eyes_r" 18
 21 "Bip06 Head_blink_l" 18
 22 "Bip06 Head_blink_smooth_l1" 21
 23 "Bip06 Head_blink_r" 18
 24 "Bip06 Head_blink_smooth_r1" 23
 25 "Bip06 Head_L_eyebrow" 18
 26 "Bip06 Head_R_eyebrow" 18
 27 "Bip06 Head_blink_l_lid" 18
 28 "Bip06 Head_blink_r_lid" 18
 29 "Bip06 bunny" 18
 30 "Bip06 bunnyL" 29
 31 "Bip06 bunnyR" 29
 32 "Bip01 L Leg" 1
 33 "Bip01 L Leg1" 32
 34 "Bip01 L Foot" 33
 35 "Bip01 R Leg" 1
 36 "Bip01 R Leg1" 35
 37 "Bip01 R Foot" 36
 38 "Bip03 HairR1" 17
 39 "Bip03 HairR2" 38
 40 "Bip03 HairL1" 17
 41 "Bip03 HairL2" 40
 42 "Bip03 swingR" 17
 43 "Bip03 swingL" 17
end
skeleton
time 0
  0   0.020765 -0.546892 15.239118 2.705095 0.000000 -1.571069
  1   -1.093036 0.000002 -0.326057 -1.569708 -1.570379 -0.000752
  2   2.262337 0.113614 0.064702 -0.013605 0.156448 0.261346
  3   2.380047 0.353302 0.047440 0.001245 0.156982 0.479979
  4   2.033756 0.190472 -0.000128 -0.024428 0.172794 0.399272
  5   2.451511 0.204909 -0.003447 0.000000 -0.000005 -0.017472
  6   7.247600 -0.397300 -0.109469 0.000001 -0.000003 0.418504
  7   -2.022252 -0.104661 3.136172 -0.298879 -1.361718 -2.901749
  8   1.168026 -0.537438 -0.063437 -1.564945 0.878705 -1.528561
  9   6.790376 -0.619176 0.015206 -0.009367 -0.035190 -0.539141
 10   8.637599 0.544015 -0.090417 -1.570112 0.000221 -0.122021
 11   6.790465 -0.619039 0.017802 -0.009626 -0.035301 -0.392564
 12   -2.022474 -0.104699 -2.873818 0.299065 1.362032 -2.901601
 13   1.167898 -0.537463 0.063297 1.490306 -0.580649 -1.706021
 14   7.002743 -0.617765 -0.183752 0.614759 -0.819664 -0.122769
 15   8.209042 0.615527 -0.255885 -0.750935 0.526679 -0.668674
 16   7.002735 -0.617911 -0.183641 0.409254 -0.577603 -0.042599
 17   1.574674 0.609930 -0.000899 0.000000 0.000008 0.078017
 18   -0.602177 0.511412 -0.000006 0.000000 0.000000 0.000000
 19   3.673773 0.177020 1.119313 -0.000002 -0.000014 -0.174510
 20   3.673767 0.176993 -1.117566 0.000007 -0.000003 -0.174546
 21   3.942357 1.330634 1.627658 0.000002 -0.000011 -0.000026
 22   -0.246060 -0.011889 0.516521 -0.000011 0.000031 0.000025
 23   3.942374 1.330659 -1.631083 0.000019 0.000002 -0.000024
 24   -0.246150 -0.011872 -0.516511 -0.000005 -0.000006 0.000048
 25   4.941364 1.997338 1.629330 0.000018 0.174495 -0.000024
 26   4.941382 1.997366 -1.629410 -0.000001 -0.226855 -0.000024
 27   2.918368 1.615358 1.514501 -0.000019 -0.000022 -0.000050
 28   2.920798 1.614964 -1.501142 -0.000002 -0.000009 -0.000024
 29   8.824059 0.150544 0.091743 -0.026374 0.195845 -0.895779
 30   2.111085 -0.561179 1.784320 -0.000008 -0.000682 0.000024
 31   2.121290 -0.561289 -1.853599 0.000000 0.000000 -0.000002
 32   -0.810489 -0.093824 3.127092 0.001376 -2.696272 0.071551
 33   14.298673 -0.408176 0.475484 -0.000064 -0.000210 0.033715
 34   15.835795 0.581398 0.242756 -0.003042 -0.010786 -0.001416
 35   -0.815868 -0.091229 -3.114430 0.458392 3.496800 -1.004434
 36   14.294526 -0.410349 -0.463635 -0.000051 -0.000180 -2.653732
 37   15.834409 0.579420 -0.284600 0.003070 0.010894 0.015959
 38   1.952210 -4.117832 -3.191012 -0.186916 -0.131110 0.999018
 39   -4.149139 -1.136888 -0.738367 -0.059503 -0.059755 0.514303
 40   0.579022 -4.172447 2.709930 -0.186916 -0.131122 0.998956
 41   -4.742443 -0.977096 0.951753 -0.059504 -0.059755 0.514303
 42   0.756638 -0.818400 -2.649550 -0.060534 0.027125 1.310673
 43   0.464873 -0.586648 2.892815 -0.060534 0.027117 1.310673
time 1
  0   0.020765 -0.558611 15.239118 2.705095 0.000000 -1.571069
  1   -1.093036 0.000002 -0.326057 -1.569446 -1.570379 -0.001478
  2   2.262337 0.113614 0.064702 -0.013605 0.156448 0.236427
  3   2.380047 0.353302 0.047440 0.001245 0.156982 0.446371
  4   2.033756 0.190472 -0.000128 -0.024428 0.172794 0.360669
  5   2.451511 0.204909 -0.003447 0.000000 -0.000005 -0.017472
  6   7.247600 -0.397300 -0.109469 0.000001 -0.000003 0.418504
  7   -2.022252 -0.104661 3.136172 -0.298879 -1.361718 -2.901749
  8   1.168026 -0.537438 -0.063437 -1.562540 0.737775 -1.531661
  9   6.790376 -0.619176 0.015206 -0.009367 -0.035190 -0.539141
 10   8.637599 0.544015 -0.090417 -1.570112 0.000221 -0.122021
 11   6.790465 -0.619039 0.017802 -0.009597 -0.035301 -0.392564
 12   -2.022474 -0.104699 -2.873818 0.299065 1.362032 -2.901601
 13   1.167898 -0.537463 0.063297 1.471467 -0.455805 -1.696699
 14   7.002743 -0.617765 -0.183752 0.574166 -0.756349 -0.133000
 15   8.209042 0.615527 -0.255885 -0.567583 0.545745 -0.597351
 16   7.002735 -0.617911 -0.183641 0.387223 -0.533338 -0.059819
 17   1.574674 0.609930 -0.000899 0.000000 0.000008 0.034403
 18   -0.602177 0.511412 -0.000006 0.000000 0.000000 0.000000
 19   3.673773 0.177020 1.119313 -0.000002 -0.000014 -0.174510
 20   3.673767 0.176993 -1.117566 0.000007 -0.000003 -0.174546
 21   3.942357 1.330634 1.627658 0.000002 -0.000011 -0.000026
 22   -0.246060 -0.011889 0.516521 -0.000011 0.000031 0.000025
 23   3.942374 1.330659 -1.631083 0.000019 0.000002 -0.000024
 24   -0.246150 -0.011872 -0.516511 -0.000005 -0.000006 0.000048
 25   4.941364 1.997338 1.629330 0.000018 0.174495 -0.000024
 26   4.941382 1.997366 -1.629410 -0.000001 -0.226855 -0.000024
 27   2.918368 1.615358 1.514501 -0.000019 -0.000022 -0.000050
 28   2.920798 1.614964 -1.501142 -0.000002 -0.000009 -0.000024
 29   8.824059 0.150544 0.091743 -0.028423 0.191050 -0.864127
 30   2.111085 -0.561179 1.784320 -0.000008 -0.000682 0.000024
 31   2.121290 -0.561289 -1.853599 0.000000 0.000000 -0.000002
 32   -0.810489 -0.093824 3.127092 0.001376 -2.696272 0.071551
 33   14.298673 -0.408176 0.475484 -0.000064 -0.000210 0.033715
 34   15.835795 0.581398 0.242756 -0.003042 -0.010786 -0.001416
 35   -0.815868 -0.091229 -3.114430 0.458392 3.496800 -1.004434
 36   14.294526 -0.410349 -0.463635 -0.000051 -0.000180 -2.653655
 37   15.834409 0.579420 -0.284600 0.003070 0.010894 0.015959
 38   1.940491 -4.094394 -3.183199 -0.184537 -0.127230 1.023334
 39   -4.160858 -1.125169 -0.738367 -0.054051 -0.058772 0.516519
 40   0.582928 -4.156822 2.721649 -0.184537 -0.127217 1.023272
 41   -4.730724 -0.988815 0.951753 -0.054052 -0.058772 0.516519
 42   0.756638 -0.724647 -2.649550 -0.058880 0.027217 1.268058
 43   0.476592 -0.508521 2.900628 -0.058885 0.027211 1.268058
time 2
  0   0.020765 -0.558611 15.239118 2.705095 0.000000 -1.571069
  1   -1.093036 0.000002 -0.326057 -1.569446 -1.570379 -0.001478
  2   2.262337 0.113614 0.064702 -0.013605 0.156448 0.211543
  3   2.380047 0.353302 0.047440 0.001245 0.156982 0.412661
  4   2.033756 0.190472 -0.000128 -0.024428 0.172794 0.321812
  5   2.451511 0.204909 -0.003447 0.000000 -0.000005 -0.017472
  6   7.247600 -0.397300 -0.109469 0.000001 -0.000003 0.418504
  7   -2.022252 -0.104661 3.136172 -0.298879 -1.361718 -2.901749
  8   1.168026 -0.537438 -0.063437 -1.559692 0.596995 -1.534824
  9   6.790376 -0.619176 0.015206 -0.009367 -0.035190 -0.539141
 10   8.637599 0.544015 -0.090417 -1.570112 0.000221 -0.122021
 11   6.790465 -0.619039 0.017802 -0.009597 -0.035301 -0.392564
 12   -2.022474 -0.104699 -2.873818 0.299065 1.362032 -2.901601
 13   1.167898 -0.537463 0.063297 1.454737 -0.331012 -1.690161
 14   7.002743 -0.617765 -0.183752 0.534997 -0.693261 -0.146035
 15   8.209042 0.615527 -0.255885 -0.382001 0.553311 -0.522540
 16   7.002735 -0.617911 -0.183641 0.364768 -0.489581 -0.077205
 17   1.574674 0.609930 -0.000899 0.000000 0.000008 -0.009433
 18   -0.602177 0.511412 -0.000006 0.000000 0.000000 0.000000
 19   3.673773 0.177020 1.119313 -0.000002 -0.000014 -0.174510
 20   3.673767 0.176993 -1.117566 0.000007 -0.000003 -0.174546
 21   3.942357 1.330634 1.627658 0.000002 -0.000011 -0.000026
 22   -0.246060 -0.011889 0.516521 -0.000011 0.000031 0.000025
 23   3.942374 1.330659 -1.631083 0.000019 0.000002 -0.000024
 24   -0.246150 -0.011872 -0.516511 -0.000005 -0.000006 0.000048
 25   4.941364 1.997338 1.629330 0.000018 0.174495 -0.000024
 26   4.941382 1.997366 -1.629410 -0.000001 -0.226855 -0.000024
 27   2.918368 1.615358 1.514501 -0.000019 -0.000022 -0.000050
 28   2.920798 1.614964 -1.501142 -0.000002 -0.000009 -0.000024
 29   8.824059 0.150544 0.091743 -0.033949 0.178018 -0.777163
 30   2.111085 -0.561179 1.784320 -0.000008 -0.000682 0.000024
 31   2.121290 -0.561289 -1.853599 0.000000 0.000000 -0.000002
 32   -0.810489 -0.093824 3.127092 0.001376 -2.696272 0.071551
 33   14.298673 -0.408176 0.475484 -0.000064 -0.000210 0.033715
 34   15.835795 0.581398 0.242756 -0.003042 -0.010786 -0.001416
 35   -0.815868 -0.091229 -3.114430 0.458392 3.496800 -1.004434
 36   14.294526 -0.410349 -0.463635 -0.000051 -0.000180 -2.653655
 37   15.834409 0.579420 -0.284600 0.003070 0.010894 0.015959
 38   1.897521 -4.035798 -3.151948 -0.178138 -0.116662 1.089866
 39   -4.203828 -1.086105 -0.734461 -0.039214 -0.056124 0.523193
 40   0.602460 -4.113852 2.764619 -0.178138 -0.116661 1.089865
 41   -4.687754 -1.027879 0.947847 -0.039215 -0.056124 0.523193
 42   0.756638 -0.490265 -2.641737 -0.054338 0.027524 1.150206
 43   0.500030 -0.289764 2.900628 -0.054337 0.027493 1.150206
time 3
  0   0.020765 -0.558611 15.239118 2.705095 0.000000 -1.571069
  1   -1.093036 0.000002 -0.326057 -1.569342 -1.570379 -0.001381
  2   2.262337 0.113614 0.064702 -0.013605 0.156448 0.186623
  3   2.380047 0.353302 0.047440 0.001245 0.156982 0.378992
  4   2.033756 0.190472 -0.000128 -0.024428 0.172794 0.283318
  5   2.451511 0.204909 -0.003447 0.000000 -0.000005 -0.017472
  6   7.247600 -0.397300 -0.109469 0.000001 -0.000003 0.418504
  7   -2.022252 -0.104661 3.136172 -0.298879 -1.361718 -2.901749
  8   1.168026 -0.537438 -0.063437 -1.556655 0.456115 -1.538240
  9   6.790376 -0.619176 0.015206 -0.009367 -0.035190 -0.539141
 10   8.637599 0.544015 -0.090417 -1.570112 0.000221 -0.122021
 11   6.790465 -0.619039 0.017802 -0.009597 -0.035301 -0.392564
 12   -2.022474 -0.104699 -2.873818 0.299065 1.362032 -2.901601
 13   1.167898 -0.537463 0.063297 1.439483 -0.206066 -1.686166
 14   7.002743 -0.617765 -0.183752 0.496510 -0.630741 -0.161547
 15   8.209042 0.615527 -0.255885 -0.195845 0.549074 -0.447248
 16   7.002735 -0.617911 -0.183641 0.341890 -0.445993 -0.095695
 17   1.574674 0.609930 -0.000899 0.000000 0.000008 -0.052936
 18   -0.602177 0.511412 -0.000006 0.000000 0.000000 0.000000
 19   3.673773 0.177020 1.119313 -0.000002 -0.000014 -0.174510
 20   3.673767 0.176993 -1.117566 0.000007 -0.000003 -0.174546
 21   3.942357 1.330634 1.627658 0.000002 -0.000011 -0.000026
 22   -0.246060 -0.011889 0.516521 -0.000011 0.000031 0.000025
 23   3.942374 1.330659 -1.631083 0.000019 0.000002 -0.000024
 24   -0.246150 -0.011872 -0.516511 -0.000005 -0.000006 0.000048
 25   4.941364 1.997338 1.629330 0.000018 0.174495 -0.000024
 26   4.941382 1.997366 -1.629410 -0.000001 -0.226855 -0.000024
 27   2.918368 1.615358 1.514501 -0.000019 -0.000022 -0.000050
 28   2.920798 1.614964 -1.501142 -0.000002 -0.000009 -0.000024
 29   8.824059 0.150544 0.091743 -0.042148 0.158837 -0.646852
 30   2.111085 -0.561179 1.784320 -0.000008 -0.000682 0.000024
 31   2.121290 -0.561289 -1.853599 0.000000 0.000000 -0.000002
 32   -0.810489 -0.093824 3.127092 0.001376 -2.696272 0.071551
 33   14.298673 -0.408176 0.475484 -0.000064 -0.000210 0.033715
 34   15.835795 0.581398 0.242756 -0.003042 -0.010786 -0.001416
 35   -0.815868 -0.091229 -3.114430 0.458392 3.496800 -1.004434
 36   14.294526 -0.410349 -0.463635 -0.000051 -0.000180 -2.653655
 37   15.834409 0.579420 -0.284600 0.003070 0.010894 0.015959
 38   1.835019 -3.949858 -3.108978 -0.168687 -0.101032 1.188594
 39   -4.258517 -1.027509 -0.734461 -0.017354 -0.052205 0.534384
 40   0.633711 -4.039631 2.819308 -0.168687 -0.101019 1.188655
 41   -4.633065 -1.086475 0.947847 -0.017355 -0.052205 0.534384
 42   0.760544 -0.130879 -2.637831 -0.047507 0.028045 0.972131
 43   0.539094 0.038371 2.912347 -0.047490 0.028043 0.972131
time 4
  0   0.020765 -0.566424 15.239118 2.705095 0.000000 -1.571069
  1   -1.093036 0.000002 -0.326057 -1.569761 -1.570379 -0.002252
  2   2.262337 0.113614 0.064702 -0.013605 0.156448 0.161631
  3   2.380047 0.353302 0.047440 0.001245 0.156982 0.345343
  4   2.033756 0.190472 -0.000128 -0.024428 0.172794 0.244715
  5   2.451511 0.204909 -0.003447 0.000000 -0.000005 -0.017472
  6   7.247600 -0.397300 -0.109469 0.000001 -0.000003 0.418504
  7   -2.022252 -0.104661 3.136172 -0.298879 -1.361718 -2.901749
  8   1.168026 -0.537438 -0.063437 -1.553491 0.315436 -1.541846
  9   6.790376 -0.619176 0.015206 -0.009367 -0.035190 -0.539141
 10   8.637599 0.544015 -0.090417 -1.570112 0.000221 -0.122021
 11   6.790465 -0.619039 0.017802 -0.009597 -0.035301 -0.392564
 12   -2.022474 -0.104699 -2.873818 0.299065 1.362032 -2.901601
 13   1.167898 -0.537463 0.063297 1.424862 -0.080967 -1.684168
 14   7.002743 -0.617765 -0.183752 0.458593 -0.568562 -0.179038
 15   8.209042 0.615527 -0.255885 -0.011701 0.533034 -0.374662
 16   7.002735 -0.617911 -0.183641 0.318541 -0.402743 -0.114405
 17   1.574674 0.609930 -0.000899 0.000000 0.000008 -0.096587
 18   -0.602177 0.511412 -0.000006 0.000000 0.000000 0.000000
 19   3.673773 0.177020 1.119313 -0.000002 -0.000014 -0.174510
 20   3.673767 0.176993 -1.117566 0.000007 -0.000003 -0.174546
 21   3.942357 1.330634 1.627658 0.000002 -0.000011 -0.000026
 22   -0.246060 -0.011889 0.516521 -0.000011 0.000031 0.000025
 23   3.942374 1.330659 -1.631083 0.000019 0.000002 -0.000024
 24   -0.246150 -0.011872 -0.516511 -0.000005 -0.000006 0.000048
 25   4.941364 1.997338 1.629330 0.000018 0.174495 -0.000024
 26   4.941382 1.997366 -1.629410 -0.000001 -0.226855 -0.000024
 27   2.918368 1.615358 1.514501 -0.000019 -0.000022 -0.000050
 28   2.920798 1.614964 -1.501142 -0.000002 -0.000009 -0.000024
 29   8.824059 0.150544 0.091743 -0.052308 0.135550 -0.485425
 30   2.111085 -0.561179 1.784320 -0.000008 -0.000682 0.000024
 31   2.121290 -0.561289 -1.853599 0.000000 0.000000 -0.000002
 32   -0.810489 -0.093824 3.127092 0.001376 -2.696272 0.071551
 33   14.298673 -0.408176 0.475484 -0.000064 -0.000210 0.033715
 34   15.835795 0.581398 0.242756 -0.003042 -0.010786 -0.001416
 35   -0.815868 -0.091229 -3.114430 0.458392 3.496800 -1.004434
 36   14.294526 -0.410349 -0.463635 -0.000051 -0.000180 -2.653655
 37   15.834409 0.579420 -0.284600 0.003070 0.010894 0.015959
 38   1.764704 -3.852199 -3.058195 -0.157216 -0.081980 1.309867
 39   -4.332738 -0.953288 -0.726648 0.009168 -0.047447 0.550145
 40   0.664962 -3.953691 2.889623 -0.157216 -0.081979 1.309805
 41   -4.558844 -1.160696 0.940034 0.009167 -0.047447 0.550145
 42   0.768357 0.310541 -2.630018 -0.038950 0.028781 0.748807
 43   0.593783 0.440727 2.920160 -0.038932 0.028796 0.748807
time 5
  0   0.020765 -0.578143 15.239118 2.705095 0.000000 -1.571069
  1   -1.093036 0.000002 -0.326057 -1.569499 -1.570379 -0.000268
  2   2.262337 0.113614 0.064702 -0.013605 0.156448 0.136748
  3   2.380047 0.353302 0.047440 0.001245 0.156982 0.311674
  4   2.033756 0.190472 -0.000128 -0.024428 0.172794 0.206039
  5   2.451511 0.204909 -0.003447 0.000000 -0.000005 -0.017472
  6   7.247600 -0.397300 -0.109469 0.000001 -0.000003 0.418504
  7   -2.022252 -0.104661 3.136172 -0.298879 -1.361718 -2.901749
  8   1.168026 -0.537438 -0.063437 -1.549694 0.174707 -1.545768
  9   6.790376 -0.619176 0.015206 -0.009367 -0.035190 -0.539141
 10   8.637599 0.544015 -0.090417 -1.570112 0.000221 -0.122021
 11   6.790465 -0.619039 0.017802 -0.009597 -0.035301 -0.392564
 12   -2.022474 -0.104699 -2.873818 0.299065 1.362032 -2.901601
 13   1.167898 -0.537463 0.063297 1.410662 0.044284 -1.683926
 14   7.002743 -0.617765 -0.183752 0.420790 -0.507121 -0.198839
 15   8.209042 0.615527 -0.255885 0.168343 0.505948 -0.307489
 16   7.002735 -0.617911 -0.183641 0.294674 -0.360001 -0.133943
 17   1.574674 0.609930 -0.000899 0.000000 0.000008 -0.140275
 18   -0.602177 0.511412 -0.000006 0.000000 0.000000 0.000000
 19   3.677679 0.177020 1.119313 -0.000002 -0.000014 -0.174510
 20   3.673767 0.176993 -1.117566 0.000007 -0.000003 -0.174546
 21   3.942357 1.330634 1.627658 0.000002 -0.000011 -0.000026
 22   -0.246060 -0.011889 0.516521 -0.000011 0.000031 0.000025
 23   3.942374 1.330659 -1.631083 0.000019 0.000002 -0.000024
 24   -0.246150 -0.011872 -0.516511 -0.000005 -0.000006 0.000048
 25   4.941364 1.997338 1.629330 0.000018 0.174495 -0.000024
 26   4.941382 1.997366 -1.629410 -0.000001 -0.226855 -0.000024
 27   2.918368 1.623171 1.514501 -0.000019 -0.000022 -0.000050
 28   2.920798 1.614964 -1.501142 -0.000002 -0.000009 -0.000024
 29   8.824059 0.150544 0.091743 -0.063626 0.110246 -0.304631
 30   2.111085 -0.561179 1.784320 -0.000008 -0.000682 0.000024
 31   2.121290 -0.561289 -1.853599 0.000000 0.000000 -0.000002
 32   -0.810489 -0.093824 3.127092 0.001376 -2.696272 0.071551
 33   14.298673 -0.408176 0.475484 -0.000064 -0.000210 0.033715
 34   15.835795 0.581398 0.242756 -0.003042 -0.010786 -0.001416
 35   -0.815868 -0.091229 -3.114430 0.458392 3.496800 -1.004434
 36   14.294526 -0.410349 -0.463635 -0.000051 -0.000180 -2.653655
 37   15.834409 0.579420 -0.284600 0.003070 0.010894 0.015959
 38   1.686577 -3.738914 -2.995693 -0.144649 -0.061181 1.443664
 39   -4.414772 -0.875161 -0.726648 0.038051 -0.042270 0.570507
 40   0.707932 -3.859938 2.963844 -0.144649 -0.061180 1.443602
 41   -4.476810 -1.238823 0.940034 0.038050 -0.042270 0.570507
 42   0.780076 0.798837 -2.618299 -0.029266 0.029808 0.495287
 43   0.664098 0.886053 2.931879 -0.029274 0.029816 0.495287
time 6
  0   0.020765 -0.582049 15.239118 2.705095 0.000000 -1.571069
  1   -1.093036 0.000002 -0.326057 -1.569813 -1.570379 -0.001720
  2   2.262337 0.113614 0.064702 -0.013605 0.156448 0.111810
  3   2.380047 0.353302 0.047440 0.001245 0.156982 0.278066
  4   2.033756 0.190472 -0.000128 -0.024428 0.172794 0.167400
  5   2.451511 0.204909 -0.003447 0.000000 -0.000005 -0.017472
  6   7.247600 -0.397300 -0.109469 0.000001 -0.000003 0.418504
  7   -2.022252 -0.104661 3.136172 -0.298879 -1.361718 -2.901749
  8   1.168026 -0.537438 -0.063437 -1.545391 0.033827 -1.550133
  9   6.790376 -0.619176 0.015206 -0.009367 -0.035190 -0.539141
 10   8.637599 0.544015 -0.090417 -1.570112 0.000221 -0.122021
 11   6.790465 -0.619039 0.017802 -0.009626 -0.035301 -0.392564
 12   -2.022474 -0.104699 -2.873818 0.299065 1.362032 -2.901601
 13   1.167898 -0.537463 0.063297 1.396322 0.169229 -1.685379
 14   7.002743 -0.617765 -0.183752 0.382759 -0.446304 -0.220373
 15   8.209042 0.615527 -0.255885 0.342852 0.468875 -0.247953
 16   7.002735 -0.617911 -0.183641 0.270148 -0.317541 -0.154144
 17   1.574674 0.609930 -0.000899 0.000000 0.000008 -0.183926
 18   -0.602177 0.511412 -0.000006 0.000000 0.000000 0.000000
 19   3.673773 0.177020 1.119313 -0.000002 -0.000014 -0.174510
 20   3.673767 0.176993 -1.117566 0.000007 -0.000003 -0.174546
 21   3.942357 1.330634 1.627658 0.000002 -0.000011 -0.000026
 22   -0.246060 -0.011889 0.516521 -0.000011 0.000031 0.000025
 23   3.942374 1.330659 -1.631083 0.000019 0.000002 -0.000024
 24   -0.246150 -0.011872 -0.516511 -0.000005 -0.000006 0.000048
 25   4.941364 1.997338 1.629330 0.000018 0.174495 -0.000024
 26   4.941382 1.997366 -1.629410 -0.000001 -0.226855 -0.000024
 27   2.918368 1.615358 1.514501 -0.000019 -0.000022 -0.000050
 28   2.920798 1.614964 -1.501142 -0.000002 -0.000009 -0.000024
 29   8.824059 0.150544 0.091743 -0.075301 0.084893 -0.116755
 30   2.111085 -0.561179 1.784320 -0.000008 -0.000682 0.000024
 31   2.121290 -0.561289 -1.853599 0.000000 0.000000 -0.000002
 32   -0.810489 -0.093824 3.127092 0.001376 -2.696272 0.071551
 33   14.298673 -0.408176 0.475484 -0.000064 -0.000210 0.033715
 34   15.835795 0.581398 0.242756 -0.003042 -0.010786 -0.001416
 35   -0.815868 -0.091229 -3.114430 0.458392 3.496800 -1.004434
 36   14.294526 -0.410349 -0.463635 -0.000051 -0.000180 -2.653655
 37   15.834409 0.579420 -0.284600 0.003070 0.010894 0.015959
 38   1.612356 -3.629536 -2.941004 -0.132062 -0.040225 1.580210
 39   -4.488993 -0.800940 -0.718835 0.066946 -0.037068 0.595551
 40   0.739183 -3.766185 3.041971 -0.132062 -0.040224 1.580210
 41   -4.402589 -1.313044 0.932221 0.066945 -0.037068 0.595551
 42   0.803514 1.306665 -2.614393 -0.019079 0.031096 0.226503
 43   0.738319 1.339192 2.939692 -0.019091 0.031102 0.226503
time 7
  0   0.020765 -0.589862 15.239118 2.705095 0.000000 -1.571069
  1   -1.093036 0.000002 -0.326057 -1.569656 -1.570379 -0.000994
  2   2.262337 0.113614 0.064702 -0.013605 0.156448 0.086836
  3   2.380047 0.353302 0.047440 0.001245 0.156982 0.244397
  4   2.033756 0.190472 -0.000128 -0.024428 0.172794 0.128724
  5   2.451511 0.204909 -0.003447 0.000000 -0.000005 -0.017472
  6   7.247600 -0.397300 -0.109469 0.000001 -0.000003 0.418504
  7   -2.022252 -0.104661 3.136172 -0.298879 -1.361718 -2.901749
  8   1.168026 -0.537438 -0.063437 -1.540645 -0.107053 -1.555257
  9   6.790376 -0.619176 0.015206 -0.009367 -0.035190 -0.539141
 10   8.637599 0.544015 -0.090417 -1.570112 0.000221 -0.122021
 11   6.790465 -0.619039 0.017802 -0.009626 -0.035301 -0.392564
 12   -2.022474 -0.104699 -2.873818 0.299065 1.362032 -2.901601
 13   1.167898 -0.537463 0.063297 1.381279 0.294277 -1.688890
 14   7.002743 -0.617765 -0.183752 0.344501 -0.386340 -0.243887
 15   8.209042 0.615527 -0.255885 0.511320 0.423706 -0.197438
 16   7.002735 -0.617911 -0.183641 0.245010 -0.275588 -0.175062
 17   1.574674 0.609930 -0.000899 0.000000 0.000008 -0.227355
 18   -0.602177 0.511412 -0.000006 0.000000 0.000000 0.000000
 19   3.673773 0.177020 1.119313 -0.000002 -0.000014 -0.174510
 20   3.673767 0.176993 -1.117566 0.000007 -0.000003 -0.174546
 21   3.942357 1.330634 1.627658 0.000002 -0.000011 -0.000026
 22   -0.246060 -0.011889 0.516521 -0.000011 0.000031 0.000025
 23   3.942374 1.330659 -1.631083 0.000019 0.000002 -0.000024
 24   -0.246150 -0.011872 -0.516511 -0.000005 -0.000006 0.000048
 25   4.941364 1.997338 1.629330 0.000018 0.174495 -0.000024
 26   4.941382 1.997366 -1.629410 -0.000001 -0.226855 -0.000024
 27   2.918368 1.615358 1.514501 -0.000019 -0.000022 -0.000050
 28   2.920798 1.614964 -1.501142 -0.000002 -0.000009 -0.000024
 29   8.824059 0.150544 0.091743 -0.086530 0.061654 0.066400
 30   2.111085 -0.561179 1.784320 -0.000008 -0.000682 0.000024
 31   2.121290 -0.561289 -1.853599 0.000000 0.000000 -0.000002
 32   -0.810489 -0.093824 3.127092 0.001376 -2.696272 0.071551
 33   14.298673 -0.408176 0.475484 -0.000064 -0.000210 0.033715
 34   15.835795 0.581398 0.242756 -0.003042 -0.010786 -0.001416
 35   -0.815868 -0.091229 -3.114430 0.458392 3.496800 -1.004434
 36   14.294526 -0.410349 -0.463635 -0.000051 -0.000180 -2.653655
 37   15.834409 0.579420 -0.284600 0.003070 0.010894 0.015959
 38   1.538135 -3.527970 -2.886315 -0.120422 -0.020763 1.709608
 39   -4.571027 -0.726719 -0.714929 0.093492 -0.032310 0.625280
 40   0.778247 -3.680245 3.112286 -0.120422 -0.020762 1.709608
 41   -4.316648 -1.387265 0.928315 0.093491 -0.032310 0.625280
 42   0.834765 1.791055 -2.598767 -0.008964 0.032706 -0.042407
 43   0.816446 1.768893 2.951411 -0.008971 0.032719 -0.042407
time 8
  0   0.020765 -0.589862 15.239118 2.705095 0.000000 -1.571069
  1   -1.093036 0.000002 -0.326057 -1.569656 -1.570379 -0.000994
  2   2.262337 0.113614 0.064702 -0.013605 0.156448 0.061916
  3   2.380047 0.353302 0.047440 0.001245 0.156982 0.210728
  4   2.033756 0.190472 -0.000128 -0.024428 0.172794 0.090049
  5   2.451511 0.204909 -0.003447 0.000000 -0.000005 -0.017472
  6   7.247600 -0.397300 -0.109469 0.000001 -0.000003 0.418504
  7   -2.022252 -0.104661 3.136172 -0.298879 -1.361718 -2.901749
  8   1.168026 -0.537438 -0.063437 -1.534823 -0.247782 -1.561077
  9   6.790376 -0.619176 0.015206 -0.009367 -0.035190 -0.539141
 10   8.637599 0.544015 -0.090417 -1.570112 0.000221 -0.122021
 11   6.790465 -0.619039 0.017802 -0.009597 -0.035301 -0.392564
 12   -2.022474 -0.104699 -2.873818 0.299065 1.362032 -2.901601
 13   1.167898 -0.537463 0.063297 1.364971 0.419324 -1.694580
 14   7.002743 -0.617765 -0.183752 0.305559 -0.327227 -0.269134
 15   8.209042 0.615527 -0.255885 0.673317 0.371501 -0.156845
 16   7.002735 -0.617911 -0.183641 0.219307 -0.234030 -0.196532
 17   1.574674 0.609930 -0.000899 0.000000 0.000008 -0.270932
 18   -0.602177 0.511412 -0.000006 0.000000 0.000000 0.000000
 19   3.673773 0.177020 1.119313 -0.000002 -0.000014 -0.174510
 20   3.673767 0.176993 -1.117566 0.000007 -0.000003 -0.174546
 21   3.942357 1.330634 1.627658 0.000002 -0.000011 -0.000026
 22   -0.246060 -0.011889 0.516521 -0.000011 0.000031 0.000025
 23   3.942374 1.330659 -1.631083 0.000019 0.000002 -0.000024
 24   -0.246150 -0.011872 -0.516511 -0.000005 -0.000006 0.000048
 25   4.941364 1.997338 1.629330 0.000018 0.159459 -0.000024
 26   4.941382 1.997366 -1.629410 -0.000001 -0.210053 -0.000024
 27   2.918368 1.615358 1.514501 -0.000019 -0.000022 -0.000050
 28   2.920798 1.614964 -1.501142 -0.000002 -0.000009 -0.000024
 29   8.824059 0.150544 0.091743 -0.096512 0.042474 0.232709
 30   2.111085 -0.561179 1.784320 -0.000008 -0.000682 0.000024
 31   2.121290 -0.561289 -1.853599 0.000000 0.000000 -0.000002
 32   -0.810489 -0.093824 3.127092 0.001376 -2.696272 0.071551
 33   14.298673 -0.408176 0.475484 -0.000064 -0.000210 0.033715
 34   15.835795 0.581398 0.242756 -0.003042 -0.010786 -0.001416
 35   -0.815868 -0.091229 -3.114430 0.458392 3.496800 -1.004434
 36   14.294526 -0.410349 -0.463635 -0.000051 -0.000180 -2.653655
 37   15.834409 0.579420 -0.284600 0.003070 0.010894 0.015959
 38   1.475633 -3.445936 -2.843345 -0.110697 -0.004459 1.822022
 39   -4.645248 -0.664217 -0.714929 0.115352 -0.028391 0.659776
 40   0.805591 -3.606024 3.174788 -0.110697 -0.004458 1.822022
 41   -4.246334 -1.449767 0.928315 0.115351 -0.028391 0.659776
 42   0.866016 2.224662 -2.594861 0.000443 0.034607 -0.296595
 43   0.902386 2.143904 2.963130 0.000450 0.034602 -0.296595
time 9
  0   0.020765 -0.589862 15.239118 2.705095 0.000000 -1.571069
  1   -1.093036 0.000002 -0.326057 -1.569656 -1.570379 -0.000994
  2   2.262337 0.113614 0.064702 -0.013605 0.156448 0.037033
  3   2.380047 0.353302 0.047440 0.001245 0.156982 0.177059
  4   2.033756 0.190472 -0.000128 -0.024428 0.172794 0.051446
  5   2.451511 0.204909 -0.003447 0.000000 -0.000005 -0.017472
  6   7.247600 -0.397300 -0.109469 0.000001 -0.000003 0.418504
  7   -2.022252 -0.104661 3.136172 -0.298879 -1.361718 -2.901749
  8   1.168026 -0.537438 -0.063437 -1.527989 -0.388511 -1.568099
  9   6.790376 -0.619176 0.015206 -0.009367 -0.035190 -0.539141
 10   8.637599 0.544015 -0.090417 -1.570112 0.000221 -0.122021
 11   6.790465 -0.619039 0.017802 -0.009597 -0.035301 -0.392564
 12   -2.022474 -0.104699 -2.873818 0.299065 1.362032 -2.901601
 13   1.167898 -0.537463 0.063297 1.346835 0.544168 -1.703055
 14   7.002743 -0.617765 -0.183752 0.265706 -0.269023 -0.296773
 15   8.209042 0.615527 -0.255885 0.830281 0.314000 -0.126295
 16   7.002735 -0.617911 -0.183641 0.192757 -0.193205 -0.218885
 17   1.574674 0.609930 -0.000899 0.000000 0.000008 -0.314620
 18   -0.602177 0.511412 -0.000006 0.000000 0.000000 0.000000
 19   3.673773 0.177020 1.119313 -0.000002 -0.000014 -0.174510
 20   3.673767 0.176993 -1.117566 0.000007 -0.000003 -0.174546
 21   3.942357 1.330634 1.627658 0.000002 -0.000011 -0.000026
 22   -0.246060 -0.011889 0.516521 -0.000011 0.000031 0.000025
 23   3.942374 1.330659 -1.631083 0.000019 0.000002 -0.000024
 24   -0.246150 -0.011872 -0.516511 -0.000005 -0.000006 0.000048
 25   4.941364 1.997338 1.629330 0.000018 0.114459 -0.000024
 26   4.941382 1.997366 -1.629410 -0.000001 -0.159709 -0.000024
 27   2.918368 1.615358 1.514501 -0.000019 -0.000022 -0.000050
 28   2.920798 1.614964 -1.501142 -0.000002 -0.000009 -0.000024
 29   8.824059 0.150544 0.091743 -0.104443 0.029513 0.370209
 30   2.111085 -0.561179 1.784320 -0.000008 -0.000682 0.000024
 31   2.121290 -0.561289 -1.853599 0.000000 0.000000 -0.000002
 32   -0.810489 -0.093824 3.127092 0.001376 -2.696272 0.071551
 33   14.298673 -0.408176 0.475484 -0.000064 -0.000210 0.033715
 34   15.835795 0.581398 0.242756 -0.003042 -0.010786 -0.001416
 35   -0.815868 -0.091229 -3.114430 0.458392 3.496800 -1.004434
 36   14.294526 -0.410349 -0.463635 -0.000051 -0.000180 -2.653655
 37   15.834409 0.579420 -0.284600 0.003070 0.010894 0.015959
 38   1.436569 -3.391247 -2.823813 -0.103961 0.007074 1.907554
 39   -4.703844 -0.621247 -0.714929 0.130177 -0.025743 0.699068
 40   0.825123 -3.555241 3.209945 -0.103961 0.007075 1.907554
 41   -4.187738 -1.492737 0.928315 0.130176 -0.025743 0.699068
 42   0.916799 2.580142 -2.583142 0.008629 0.036861 -0.521007
 43   0.996139 2.436882 2.967036 0.008621 0.036845 -0.521007
time 10
  0   0.020765 -0.589862 15.239118 2.705095 0.000000 -1.571069
  1   -1.093036 0.000002 -0.326057 -1.569656 -1.570379 -0.000994
  2   2.262337 0.113614 0.064702 -0.013605 0.156448 0.012095
  3   2.380047 0.353302 0.047440 0.001245 0.156982 0.143410
  4   2.033756 0.190472 -0.000128 -0.024428 0.172794 0.012770
  5   2.451511 0.204909 -0.003447 0.000000 -0.000005 -0.017472
  6   7.247600 -0.397300 -0.109469 0.000001 -0.000003 0.418504
  7   -2.022252 -0.104661 3.136172 -0.298879 -1.361718 -2.901749
  8   1.168026 -0.537438 -0.063437 -1.519256 -0.529089 -1.576892
  9   6.790376 -0.619176 0.015206 -0.009367 -0.035190 -0.539141
 10   8.637599 0.544015 -0.090417 -1.570112 0.000221 -0.122021
 11   6.790465 -0.619039 0.017802 -0.009597 -0.035301 -0.392564
 12   -2.022474 -0.104699 -2.873818 0.299065 1.362032 -2.901601
 13   1.167898 -0.537463 0.063297 1.325817 0.668911 -1.715041
 14   7.002743 -0.617765 -0.183752 0.224771 -0.212068 -0.325980
 15   8.209042 0.615527 -0.255885 0.982716 0.252640 -0.106270
 16   7.002735 -0.617911 -0.183641 0.165454 -0.152775 -0.242066
 17   1.574674 0.609930 -0.000899 0.000000 0.000008 -0.358234
 18   -0.602177 0.511412 -0.000006 0.000000 0.000000 0.000000
 19   3.673773 0.177020 1.119313 -0.000002 -0.000014 -0.174510
 20   3.673767 0.176993 -1.117566 0.000007 -0.000003 -0.174546
 21   3.942357 1.330634 1.627658 0.000002 -0.000011 -0.000026
 22   -0.246060 -0.011889 0.516521 -0.000011 0.000031 0.000025
 23   3.942374 1.330659 -1.631083 0.000019 0.000002 -0.000024
 24   -0.246150 -0.011872 -0.516511 -0.000005 -0.000006 0.000048
 25   4.941364 1.997338 1.629330 0.000018 0.043276 -0.000024
 26   4.941382 1.997366 -1.629410 -0.000001 -0.079989 -0.000024
 27   2.918368 1.615358 1.514501 -0.000019 -0.000022 -0.000050
 28   2.920798 1.614964 -1.501142 -0.000002 -0.000009 -0.000024
 29   8.824059 0.150544 0.091743 -0.109612 0.024718 0.466829
 30   2.111085 -0.561179 1.784320 -0.000008 -0.000682 0.000024
 31   2.121290 -0.561289 -1.853599 0.000000 0.000000 -0.000002
 32   -0.810489 -0.093824 3.127092 0.001376 -2.696272 0.071551
 33   14.298673 -0.408176 0.475484 -0.000064 -0.000210 0.033715
 34   15.835795 0.581398 0.242756 -0.003042 -0.010786 -0.001416
 35   -0.815868 -0.091229 -3.114430 0.458392 3.496800 -1.004434
 36   14.294526 -0.410349 -0.463635 -0.000051 -0.000180 -2.653655
 37   15.834409 0.579420 -0.284600 0.003070 0.010894 0.015959
 38   1.420944 -3.359996 -2.808187 -0.101183 0.012183 1.956430
 39   -4.739001 -0.609528 -0.714929 0.135642 -0.024748 0.743240
 40   0.836842 -3.543522 3.221664 -0.101183 0.012184 1.956430
 41   -4.152581 -1.504456 0.928315 0.135641 -0.024748 0.743240
 42   0.983207 2.814524 -2.575329 0.014957 0.039452 -0.700587
 43   1.089892 2.616575 2.982662 0.014943 0.039466 -0.700587
time 11
  0   0.020765 -0.589862 15.239118 2.705095 0.000000 -1.571069
  1   -1.093036 0.000002 -0.326057 -1.569656 -1.570379 -0.000994
  2   2.262337 0.113614 0.064702 -0.013605 0.156448 -0.012897
  3   2.380047 0.353302 0.047440 0.001245 0.156982 0.109782
  4   2.033756 0.190472 -0.000128 -0.024428 0.172794 -0.026014
  5   2.451511 0.204909 -0.003447 0.000000 -0.000005 -0.017472
  6   7.247600 -0.397300 -0.109469 0.000001 -0.000003 0.418504
  7   -2.022252 -0.104661 3.136172 -0.298879 -1.361718 -2.901749
  8   1.168026 -0.537438 -0.063437 -1.508435 -0.669969 -1.588026
  9   6.790376 -0.619176 0.015206 -0.009367 -0.035190 -0.539141
 10   8.637599 0.544015 -0.090417 -1.570112 0.000221 -0.122021
 11   6.790465 -0.619039 0.017802 -0.009597 -0.035301 -0.392564
 12   -2.022474 -0.104699 -2.873818 0.299065 1.362032 -2.901601
 13   1.167898 -0.537463 0.063297 1.299949 0.793297 -1.732354
 14   7.002743 -0.617765 -0.183752 0.182584 -0.156191 -0.357332
 15   8.209042 0.615527 -0.255885 1.131626 0.189313 -0.095926
 16   7.002735 -0.617911 -0.183641 0.137351 -0.112965 -0.266020
 17   1.574674 0.609930 -0.000899 0.000000 0.000008 -0.401848
 18   -0.602177 0.511412 -0.000006 0.000000 0.000000 0.000000
 19   3.673773 0.177020 1.119313 -0.000002 -0.000014 -0.174510
 20   3.673767 0.176993 -1.117566 0.000007 -0.000003 -0.174546
 21   3.832979 1.322821 1.619845 0.000002 -0.000011 -0.000026
 22   -0.246060 -0.082204 0.516521 0.000005 -0.005937 0.092568
 23   3.829089 1.322846 -1.631083 0.000019 0.000002 -0.000024
 24   -0.234431 -0.062655 -0.516511 0.000007 -0.005974 0.092593
 25   4.863236 1.997338 1.629330 -0.006669 0.084615 0.001462
 26   4.859348 1.997366 -1.629410 0.007417 -0.114167 -0.004338
 27   2.949619 1.595826 1.514501 -0.000019 -0.000022 -0.000050
 28   2.952049 1.595432 -1.501142 -0.000002 -0.000009 -0.000024
 29   8.824059 0.150544 0.091743 -0.112375 0.025050 0.525520
 30   2.118898 -0.510396 1.784320 -0.003032 -0.003239 0.034632
 31   2.121290 -0.530038 -1.853599 -0.001042 -0.001088 0.013081
 32   -0.810489 -0.093824 3.127092 0.001376 -2.696272 0.071551
 33   14.298673 -0.408176 0.475484 -0.000064 -0.000210 0.033715
 34   15.835795 0.581398 0.242756 -0.003042 -0.010786 -0.001416
 35   -0.815868 -0.091229 -3.114430 0.458392 3.496800 -1.004434
 36   14.294526 -0.410349 -0.463635 -0.000051 -0.000180 -2.653655
 37   15.834409 0.579420 -0.284600 0.003070 0.010894 0.015959
 38   1.420944 -3.359996 -2.808187 -0.100783 0.013316 1.978607
 39   -4.758533 -0.613434 -0.714929 0.135006 -0.025431 0.791339
 40   0.836842 -3.543522 3.221664 -0.100783 0.013317 1.978607
 41   -4.133049 -1.500550 0.928315 0.135005 -0.025431 0.791339
 42   1.065241 2.943434 -2.563610 0.019163 0.042350 -0.824838
 43   1.183645 2.694702 2.986568 0.019166 0.042369 -0.824838
time 12
  0   0.020765 -0.582049 15.239118 2.705095 0.000000 -1.571069
  1   -1.093036 0.000002 -0.326057 -1.569813 -1.570379 -0.001720
  2   2.262337 0.113614 0.064702 -0.013605 0.156448 -0.037672
  3   2.380047 0.353302 0.047440 0.001245 0.156982 0.076072
  4   2.033756 0.190472 -0.000128 -0.024428 0.172794 -0.064508
  5   2.451511 0.204909 -0.003447 0.000000 -0.000005 -0.017472
  6   7.247600 -0.397300 -0.109469 0.000001 -0.000003 0.418504
  7   -2.022252 -0.104661 3.136172 -0.298879 -1.361718 -2.901749
  8   1.168026 -0.537438 -0.063437 -1.493501 -0.810447 -1.602892
  9   6.790376 -0.619176 0.015206 -0.009367 -0.035190 -0.539141
 10   8.637599 0.544015 -0.090417 -1.570112 0.000221 -0.122021
 11   6.790465 -0.619039 0.017802 -0.009597 -0.035301 -0.392564
 12   -2.022474 -0.104699 -2.873818 0.299065 1.362032 -2.901601
 13   1.167898 -0.537463 0.063297 1.266770 0.917277 -1.757536
 14   7.002743 -0.617765 -0.183752 0.138974 -0.101735 -0.390747
 15   8.209042 0.615527 -0.255885 1.278237 0.124926 -0.095325
 16   7.002735 -0.617911 -0.183641 0.108306 -0.073775 -0.290856
 17   1.574674 0.609930 -0.000899 0.000000 0.000008 -0.445647
 18   -0.602177 0.511412 -0.000006 0.000000 0.000000 0.000000
 19   3.673773 0.177020 1.119313 -0.000002 -0.000014 -0.174510
 20   3.673767 0.176993 -1.117566 0.000007 -0.000003 -0.174546
 21   3.575158 1.291570 1.596407 0.000002 -0.000011 -0.000026
 22   -0.246060 -0.273616 0.504802 0.000068 -0.020211 0.313241
 23   3.586894 1.287689 -1.631083 0.000019 0.000002 -0.000024
 24   -0.187554 -0.199378 -0.524324 0.000055 -0.020236 0.313348
 25   4.652292 1.997338 1.637143 -0.022669 0.183164 0.005045
 26   4.652310 1.997366 -1.621597 0.025179 -0.195708 -0.014681
 27   3.051185 1.521605 1.506688 -0.000019 -0.000022 -0.000050
 28   3.053615 1.521211 -1.508955 -0.000002 -0.000009 -0.000024
 29   8.824059 0.150544 0.091743 -0.114157 0.025738 0.561089
 30   2.154055 -0.393205 1.796039 -0.010287 -0.009429 0.117186
 31   2.129103 -0.448004 -1.845786 -0.003524 -0.003704 0.044286
 32   -0.810489 -0.093824 3.127092 0.001376 -2.696272 0.071551
 33   14.298673 -0.408176 0.475484 -0.000064 -0.000210 0.033715
 34   15.835795 0.581398 0.242756 -0.003042 -0.010786 -0.001416
 35   -0.815868 -0.091229 -3.114430 0.458392 3.496800 -1.004434
 36   14.294526 -0.410349 -0.463635 -0.000051 -0.000180 -2.653655
 37   15.834409 0.579420 -0.284600 0.003070 0.010894 0.015959
 38   1.420944 -3.359996 -2.808187 -0.100509 0.014003 1.992048
 39   -4.770252 -0.625153 -0.714929 0.133532 -0.027049 0.838624
 40   0.836842 -3.543522 3.221664 -0.100509 0.014004 1.992048
 41   -4.121330 -1.488831 0.928315 0.133531 -0.027049 0.838624
 42   1.158994 3.029374 -2.563610 0.021728 0.045263 -0.901036
 43   1.261772 2.753298 2.986568 0.021740 0.045272 -0.901036
time 13
  0   0.020765 -0.566424 15.239118 2.705095 0.000000 -1.571069
  1   -1.093036 0.000002 -0.326057 -1.569761 -1.570379 -0.002252
  2   2.262337 0.113614 0.064702 -0.013605 0.156448 -0.062574
  3   2.380047 0.353302 0.047440 0.001245 0.156982 0.042423
  4   2.033756 0.190472 -0.000128 -0.024428 0.172794 -0.103184
  5   2.451511 0.204909 -0.003447 0.000000 -0.000005 -0.017472
  6   7.247600 -0.397300 -0.109469 0.000001 -0.000003 0.418504
  7   -2.022252 -0.104661 3.136172 -0.298879 -1.361718 -2.901749
  8   1.168026 -0.537438 -0.063437 -1.472555 -0.950673 -1.624274
  9   6.790376 -0.619176 0.015206 -0.009367 -0.035190 -0.539141
 10   8.637599 0.544015 -0.090417 -1.570112 0.000221 -0.122021
 11   6.790465 -0.619039 0.017802 -0.009597 -0.035301 -0.392564
 12   -2.022474 -0.104699 -2.873818 0.299065 1.362032 -2.901601
 13   1.167898 -0.537463 0.063297 1.220587 1.040545 -1.795855
 14   7.002743 -0.617765 -0.183752 0.093770 -0.048755 -0.426554
 15   8.209042 0.615527 -0.255885 1.424056 0.061297 -0.104105
 16   7.002735 -0.617911 -0.183641 0.078366 -0.035262 -0.316852
 17   1.574674 0.609930 -0.000899 0.000000 0.000008 -0.489113
 18   -0.602177 0.511412 -0.000006 0.000000 0.000000 0.000000
 19   3.673773 0.177020 1.119313 -0.000002 -0.000014 -0.174510
 20   3.673767 0.176993 -1.117566 0.000007 -0.000003 -0.174546
 21   3.266555 1.244694 1.557343 0.000002 -0.000011 -0.000026
 22   -0.238247 -0.488466 0.489176 0.000131 -0.037217 0.576779
 23   3.278291 1.236906 -1.623270 0.000019 0.000002 -0.000024
 24   -0.132865 -0.367352 -0.536043 0.000115 -0.037242 0.576804
 25   4.414004 1.997338 1.637143 -0.041724 0.300800 0.009336
 26   4.414022 1.997366 -1.621597 0.046343 -0.293003 -0.027013
 27   3.164469 1.435665 1.498875 -0.000019 -0.000022 -0.000050
 28   3.166899 1.435271 -1.516768 -0.000002 -0.000009 -0.000024
 29   8.824059 0.150544 0.091743 -0.114960 0.026593 0.579383
 30   2.185306 -0.244763 1.815571 -0.018911 -0.016839 0.215714
 31   2.133009 -0.342532 -1.834067 -0.006512 -0.006838 0.081532
 32   -0.810489 -0.093824 3.127092 0.001376 -2.696272 0.071551
 33   14.298673 -0.408176 0.475484 -0.000064 -0.000210 0.033715
 34   15.835795 0.581398 0.242756 -0.003042 -0.010786 -0.001416
 35   -0.815868 -0.091229 -3.114430 0.458392 3.496800 -1.004434
 36   14.294526 -0.410349 -0.463635 -0.000051 -0.000180 -2.653655
 37   15.834409 0.579420 -0.284600 0.003070 0.010894 0.015959
 38   1.413131 -3.359996 -2.808187 -0.100383 0.014340 1.998890
 39   -4.778065 -0.644685 -0.714929 0.131771 -0.029003 0.879459
 40   0.844655 -3.543522 3.229477 -0.100383 0.014341 1.998890
 41   -4.117424 -1.469299 0.928315 0.131770 -0.029003 0.879459
 42   1.252747 3.068438 -2.555797 0.023046 0.047793 -0.940933
 43   1.335993 2.776736 2.994381 0.023052 0.047782 -0.940933
time 14
  0   0.020765 -0.546892 15.239118 2.705095 0.000000 -1.571069
  1   -1.093036 0.000002 -0.326057 -1.569708 -1.570379 -0.000752
  2   2.262337 0.113614 0.064702 -0.013605 0.156448 -0.087512
  3   2.380047 0.353302 0.047440 0.001245 0.156982 0.008876
  4   2.033756 0.190472 -0.000128 -0.024428 0.172794 -0.141497
  5   2.451511 0.204909 -0.003447 0.000000 -0.000005 -0.017472
  6   7.247600 -0.397300 -0.109469 0.000001 -0.000003 0.418504
  7   -2.022252 -0.104661 3.136172 -0.298879 -1.361718 -2.901749
  8   1.168026 -0.537438 -0.063437 -1.439586 -1.090597 -1.657043
  9   6.790376 -0.619176 0.015206 -0.009367 -0.035190 -0.539141
 10   8.637599 0.544015 -0.090417 -1.570112 0.000221 -0.122021
 11   6.790465 -0.619039 0.017802 -0.009597 -0.035301 -0.392564
 12   -2.022474 -0.104699 -2.873818 0.299065 1.362032 -2.901601
 13   1.167898 -0.537463 0.063297 1.149871 1.162287 -1.859053
 14   7.002743 -0.617765 -0.183752 0.047142 0.002238 -0.464424
 15   8.209042 0.615527 -0.255885 1.570018 -0.000214 -0.121905
 16   7.002735 -0.617911 -0.183641 0.047532 0.002293 -0.343621
 17   1.574674 0.609930 -0.000899 0.000000 0.000008 -0.532727
 18   -0.602177 0.511412 -0.000006 0.000000 0.000000 0.000000
 19   3.673773 0.177020 1.119313 -0.000002 -0.000014 -0.174510
 20   3.673767 0.176993 -1.117566 0.000007 -0.000003 -0.174546
 21   3.012641 1.205630 1.533905 0.000002 -0.000011 -0.000026
 22   -0.234341 -0.675972 0.477457 0.000162 -0.051491 0.797452
 23   3.024377 1.197842 -1.619364 0.000019 0.000002 -0.000024
 24   -0.089895 -0.507981 -0.547762 0.000163 -0.051516 0.797532
 25   4.206966 1.997338 1.648862 -0.057712 0.399349 0.012907
 26   4.203078 1.997366 -1.609878 0.064093 -0.374544 -0.037368
 27   3.266035 1.353631 1.494969 -0.000019 -0.000022 -0.000050
 28   3.268465 1.353237 -1.520674 -0.000002 -0.000009 -0.000024
 29   8.824059 0.150544 0.091743 -0.115316 0.027281 0.586089
 30   2.216557 -0.127572 1.827290 -0.026166 -0.023000 0.298247
 31   2.140822 -0.256592 -1.826254 -0.008994 -0.009428 0.112737
 32   -0.810489 -0.093824 3.127092 0.001376 -2.696272 0.071551
 33   14.298673 -0.408176 0.475484 -0.000064 -0.000210 0.033715
 34   15.835795 0.581398 0.242756 -0.003042 -0.010786 -0.001416
 35   -0.815868 -0.091229 -3.114430 0.458392 3.496800 -1.004434
 36   14.294526 -0.410349 -0.463635 -0.000051 -0.000180 -2.653732
 37   15.834409 0.579420 -0.284600 0.003070 0.010894 0.015959
 38   1.413131 -3.359996 -2.808187 -0.100362 0.014473 2.001456
 39   -4.781971 -0.652498 -0.714929 0.130284 -0.030633 0.908149
 40   0.844655 -3.543522 3.229477 -0.100362 0.014474 2.001456
 41   -4.109611 -1.461486 0.928315 0.130283 -0.030633 0.908149
 42   1.319155 3.084063 -2.555797 0.023538 0.049587 -0.956281
 43   1.378963 2.788455 2.994381 0.023539 0.049587 -0.956281
time 15
  0   0.020765 -0.496109 15.239118 2.705260 0.010402 -1.571069
  1   -1.093036 0.000002 -0.326057 -1.569499 -1.570379 0.000119
  2   2.262337 0.113614 0.064702 -0.013605 0.156448 -0.077067
  3   2.380047 0.353302 0.047440 0.001245 0.156982 0.022874
  4   2.033756 0.190472 -0.000128 -0.024428 0.172794 -0.124352
  5   2.451511 0.204909 -0.003447 0.000000 -0.000005 -0.017472
  6   7.247600 -0.397300 -0.109469 0.000001 -0.000003 0.418504
  7   -2.022252 -0.104661 3.136172 -0.298879 -1.361718 -2.901749
  8   1.168026 -0.537438 -0.063437 -1.435536 -1.111427 -1.660902
  9   6.790376 -0.619176 0.015206 -0.009367 -0.035190 -0.539141
 10   8.637599 0.544015 -0.090417 -1.570112 0.000221 -0.122021
 11   6.790465 -0.619039 0.017802 -0.009597 -0.035301 -0.392564
 12   -2.022474 -0.104699 -2.873818 0.299065 1.362032 -2.901601
 13   1.167898 -0.537463 0.063297 1.142068 1.172305 -1.866196
 14   7.002743 -0.617765 -0.183752 0.047142 0.002238 -0.464424
 15   8.209042 0.615527 -0.255885 1.570018 -0.000214 -0.121905
 16   7.002735 -0.617911 -0.183641 0.047532 0.002293 -0.343621
 17   1.574674 0.609930 -0.000899 0.000000 0.000008 -0.553869
 18   -0.602177 0.511412 -0.000006 0.000000 0.000000 0.000000
 19   3.673773 0.177020 1.119313 -0.000002 -0.000014 -0.174510
 20   3.673767 0.176993 -1.117566 0.000007 -0.000003 -0.174546
 21   2.899356 1.193911 1.522186 0.000002 -0.000011 -0.000026
 22   -0.226528 -0.754099 0.477457 0.000194 -0.057459 0.890061
 23   2.918905 1.182217 -1.611551 0.000019 0.000002 -0.000024
 24   -0.078176 -0.558764 -0.547762 0.000187 -0.057484 0.890104
 25   4.117120 1.989525 1.648862 -0.064411 0.440688 0.014417
 26   4.117138 1.989553 -1.609878 0.071523 -0.408734 -0.041694
 27   3.305099 1.322380 1.487156 -0.000019 -0.000022 -0.000050
 28   3.303622 1.321986 -1.528487 -0.000002 -0.000009 -0.000024
 29   8.824059 0.150544 0.091743 -0.115405 0.027614 0.587108
 30   2.236089 -0.076789 1.835103 -0.029190 -0.025587 0.332876
 31   2.144728 -0.225341 -1.822348 -0.010036 -0.010542 0.125838
 32   -0.810489 -0.093824 3.127092 0.001376 -2.696272 0.071551
 33   14.298673 -0.408176 0.475484 -0.000064 -0.000210 0.019820
 34   15.835795 0.581398 0.242756 -0.003042 -0.010786 -0.001416
 35   -0.815868 -0.091229 -3.114430 0.458392 3.496800 -1.004434
 36   14.294526 -0.410349 -0.463635 -0.000051 -0.000180 -2.653655
 37   15.834409 0.579420 -0.284600 0.003070 0.010894 0.015959
 38   1.413131 -3.359996 -2.816000 -0.100362 0.014497 2.001884
 39   -4.781971 -0.656404 -0.714929 0.129661 -0.031316 0.918947
 40   0.844655 -3.543522 3.229477 -0.100362 0.014498 2.001884
 41   -4.109611 -1.457580 0.928315 0.129660 -0.031316 0.918947
 42   1.350406 3.084063 -2.555797 0.023610 0.050277 -0.958791
 43   1.398495 2.788455 2.994381 0.023589 0.050262 -0.958791
time 16
  0   0.020765 -0.390637 15.239118 2.705095 0.020715 -1.571069
  1   -1.093036 0.000002 -0.326057 -1.570233 -1.570379 -0.000607
  2   2.262337 0.113614 0.064702 -0.013605 0.156448 -0.066622
  3   2.380047 0.353302 0.047440 0.001245 0.156982 0.036689
  4   2.033756 0.190472 -0.000128 -0.024428 0.172794 -0.106990
  5   2.451511 0.204909 -0.003447 0.000000 -0.000005 -0.017472
  6   7.247600 -0.397300 -0.109469 0.000001 -0.000003 0.418504
  7   -2.022252 -0.104661 3.136172 -0.298879 -1.361718 -2.901749
  8   1.168026 -0.537438 -0.063437 -1.431043 -1.132207 -1.664824
  9   6.790376 -0.619176 0.015206 -0.009367 -0.035190 -0.539141
 10   8.637599 0.544015 -0.090417 -1.570112 0.000221 -0.122021
 11   6.790465 -0.619039 0.017802 -0.009597 -0.035301 -0.392564
 12   -2.022474 -0.104699 -2.873818 0.299065 1.362032 -2.901601
 13   1.167898 -0.537463 0.063297 1.134125 1.182374 -1.873521
 14   7.002743 -0.617765 -0.183752 0.047142 0.002238 -0.464424
 15   8.209042 0.615527 -0.255885 1.570018 -0.000214 -0.121905
 16   7.002735 -0.617911 -0.183641 0.047532 0.002293 -0.343621
 17   1.574674 0.609930 -0.000899 0.000000 0.000008 -0.574826
 18   -0.602177 0.511412 -0.000006 0.000000 0.000000 0.000000
 19   3.673773 0.177020 1.119313 -0.000002 -0.000014 -0.174510
 20   3.673767 0.176993 -1.117566 0.000007 -0.000003 -0.174546
 21   2.899356 1.193911 1.522186 0.000002 -0.000011 -0.000026
 22   -0.226528 -0.754099 0.477457 0.000194 -0.057459 0.890061
 23   2.918905 1.182217 -1.611551 0.000019 0.000002 -0.000024
 24   -0.078176 -0.558764 -0.547762 0.000187 -0.057484 0.890104
 25   4.117120 1.989525 1.648862 -0.064411 0.440688 0.014417
 26   4.117138 1.989553 -1.609878 0.071523 -0.408734 -0.041694
 27   3.305099 1.322380 1.487156 -0.000019 -0.000022 -0.000050
 28   3.303622 1.321986 -1.528487 -0.000002 -0.000009 -0.000024
 29   8.824059 0.150544 0.091743 -0.114781 0.027281 0.574608
 30   2.216557 -0.127572 1.827290 -0.026166 -0.023000 0.298247
 31   2.140822 -0.256592 -1.826254 -0.008994 -0.009428 0.112737
 32   -0.810489 -0.093824 3.127092 0.001376 -2.696272 0.071551
 33   14.298673 -0.408176 0.475484 -0.000064 -0.000210 0.006005
 34   15.835795 0.581398 0.242756 -0.003042 -0.010786 -0.001416
 35   -0.815868 -0.091229 -3.114430 0.458392 3.496800 -1.004434
 36   14.294526 -0.410349 -0.463635 -0.000051 -0.000180 -2.653655
 37   15.834409 0.579420 -0.284600 0.003070 0.010894 0.015959
 38   1.413131 -3.359996 -2.808187 -0.100425 0.014256 1.997119
 39   -4.778065 -0.652498 -0.714929 0.130284 -0.030633 0.900689
 40   0.844655 -3.543522 3.221664 -0.100425 0.014257 1.997119
 41   -4.117424 -1.461486 0.928315 0.130283 -0.030633 0.900689
 42   1.311342 3.052812 -2.555797 0.022711 0.049127 -0.931941
 43   1.367244 2.765017 2.994381 0.022702 0.049148 -0.931941
time 17
  0   0.020765 -0.273446 15.239118 2.705095 0.030939 -1.571069
  1   -1.093036 0.000002 -0.326057 -1.570495 -1.570379 0.002200
  2   2.262337 0.113614 0.064702 -0.013605 0.156448 -0.056123
  3   2.380047 0.353302 0.047440 0.001245 0.156982 0.050667
  4   2.033756 0.190472 -0.000128 -0.024428 0.172794 -0.089519
  5   2.451511 0.204909 -0.003447 0.000000 -0.000005 -0.017472
  6   7.247600 -0.397300 -0.109469 0.000001 -0.000003 0.418504
  7   -2.022252 -0.104661 3.136172 -0.298879 -1.361718 -2.901749
  8   1.168026 -0.537438 -0.063437 -1.426297 -1.153188 -1.669189
  9   6.790376 -0.619176 0.015206 -0.009367 -0.035190 -0.539141
 10   8.637599 0.544015 -0.090417 -1.570112 0.000221 -0.122021
 11   6.790465 -0.619039 0.017802 -0.009597 -0.035301 -0.392564
 12   -2.022474 -0.104699 -2.873818 0.299065 1.362032 -2.901601
 13   1.167898 -0.537463 0.063297 1.125620 1.192290 -1.881451
 14   7.002743 -0.617765 -0.183752 0.047142 0.002238 -0.464424
 15   8.209042 0.615527 -0.255885 1.570018 -0.000214 -0.121905
 16   7.002735 -0.617911 -0.183641 0.047532 0.002293 -0.343621
 17   1.574674 0.609930 -0.000899 0.000000 0.000008 -0.595709
 18   -0.602177 0.511412 -0.000006 0.000000 0.000000 0.000000
 19   3.673773 0.177020 1.119313 -0.000002 -0.000014 -0.174510
 20   3.673767 0.176993 -1.117566 0.000007 -0.000003 -0.174546
 21   2.899356 1.193911 1.522186 0.000002 -0.000011 -0.000026
 22   -0.226528 -0.754099 0.477457 0.000194 -0.057459 0.890061
 23   2.918905 1.182217 -1.611551 0.000019 0.000002 -0.000024
 24   -0.078176 -0.558764 -0.547762 0.000187 -0.057484 0.890104
 25   4.117120 1.989525 1.648862 -0.064411 0.440688 0.014417
 26   4.117138 1.989553 -1.609878 0.071523 -0.408734 -0.041694
 27   3.305099 1.322380 1.487156 -0.000019 -0.000022 -0.000050
 28   3.303622 1.321986 -1.528487 -0.000002 -0.000009 -0.000024
 29   8.824059 0.150544 0.091743 -0.113355 0.026593 0.544780
 30   2.185306 -0.244763 1.815571 -0.018911 -0.016839 0.215714
 31   2.133009 -0.342532 -1.834067 -0.006512 -0.006838 0.081532
 32   -0.810489 -0.093824 3.127092 0.001376 -2.696272 0.071551
 33   14.298673 -0.408176 0.475484 -0.000052 -0.000210 -0.007969
 34   15.835795 0.581398 0.242756 -0.003042 -0.010786 -0.001416
 35   -0.815868 -0.091229 -3.114430 0.458392 3.496800 -1.004434
 36   14.294526 -0.410349 -0.463635 -0.000051 -0.000180 -2.653655
 37   15.834409 0.579420 -0.284600 0.003070 0.010894 0.015959
 38   1.420944 -3.359996 -2.808187 -0.100657 0.013677 1.985816
 39   -4.766346 -0.644685 -0.714929 0.131771 -0.029003 0.857106
 40   0.836842 -3.543522 3.221664 -0.100657 0.013678 1.985816
 41   -4.129143 -1.469299 0.928315 0.131770 -0.029003 0.857106
 42   1.221496 2.986404 -2.563610 0.020566 0.046459 -0.867872
 43   1.289117 2.725953 2.986568 0.020553 0.046449 -0.867872
time 18
  0   0.020765 -0.179693 15.239118 2.705095 0.041607 -1.571069
  1   -1.093036 0.000002 -0.326057 -1.570285 -1.570379 0.001716
  2   2.262337 0.113614 0.064702 -0.013605 0.156448 -0.045623
  3   2.380047 0.353302 0.047440 0.001245 0.156982 0.064604
  4   2.033756 0.190472 -0.000128 -0.024428 0.172794 -0.071975
  5   2.451511 0.204909 -0.003447 0.000000 -0.000005 -0.017472
  6   7.247600 -0.397300 -0.109469 0.000001 -0.000003 0.418504
  7   -2.022252 -0.104661 3.136172 -0.298879 -1.361718 -2.901749
  8   1.168026 -0.537438 -0.063437 -1.420855 -1.173867 -1.674060
  9   6.790376 -0.619176 0.015206 -0.009367 -0.035190 -0.539141
 10   8.637599 0.544015 -0.090417 -1.570112 0.000221 -0.122021
 11   6.790465 -0.619039 0.017802 -0.009597 -0.035301 -0.392564
 12   -2.022474 -0.104699 -2.873818 0.299065 1.362032 -2.901601
 13   1.167898 -0.537463 0.063297 1.116833 1.202410 -1.889744
 14   7.002743 -0.617765 -0.183752 0.047142 0.002238 -0.464424
 15   8.209042 0.615527 -0.255885 1.570018 -0.000214 -0.121905
 16   7.002735 -0.617911 -0.183641 0.047532 0.002293 -0.343621
 17   1.574674 0.609930 -0.000899 0.000000 0.000008 -0.616666
 18   -0.602177 0.511412 -0.000006 0.000000 0.000000 0.000000
 19   3.673773 0.177020 1.119313 -0.000002 -0.000014 -0.174510
 20   3.673767 0.176993 -1.117566 0.000007 -0.000003 -0.174546
 21   2.899356 1.193911 1.522186 0.000002 -0.000011 -0.000026
 22   -0.226528 -0.754099 0.477457 0.000194 -0.057459 0.890061
 23   2.918905 1.182217 -1.611551 0.000019 0.000002 -0.000024
 24   -0.078176 -0.558764 -0.547762 0.000187 -0.057484 0.890104
 25   4.117120 1.989525 1.648862 -0.064411 0.440688 0.014417
 26   4.117138 1.989553 -1.609878 0.071523 -0.408734 -0.041694
 27   3.305099 1.322380 1.487156 -0.000019 -0.000022 -0.000050
 28   3.303622 1.321986 -1.528487 -0.000002 -0.000009 -0.000024
 29   8.824059 0.150544 0.091743 -0.111573 0.025715 0.509104
 30   2.154055 -0.393205 1.796039 -0.010287 -0.009429 0.117186
 31   2.129103 -0.448004 -1.845786 -0.003524 -0.003704 0.044286
 32   -0.810489 -0.093824 3.127092 0.001376 -2.696272 0.071551
 33   14.298673 -0.408176 0.475484 -0.000052 -0.000210 -0.021943
 34   15.835795 0.581398 0.242756 -0.003042 -0.010786 -0.001416
 35   -0.815868 -0.091229 -3.114430 0.458392 3.496800 -1.004434
 36   14.294526 -0.410349 -0.463635 -0.000051 -0.000180 -2.653655
 37   15.834409 0.579420 -0.284600 0.003070 0.010894 0.015959
 38   1.420944 -3.359996 -2.808187 -0.100867 0.013015 1.972375
 39   -4.750720 -0.625153 -0.714929 0.133532 -0.027049 0.805081
 40   0.836842 -3.543522 3.221664 -0.100867 0.013004 1.972375
 41   -4.140862 -1.488831 0.928315 0.133531 -0.027049 0.805081
 42   1.108211 2.912183 -2.563610 0.018001 0.043270 -0.791464
 43   1.195364 2.671264 2.986568 0.017979 0.043248 -0.791464
time 19
  0   0.020765 -0.136723 15.239118 2.705095 0.052187 -1.571069
  1   -1.093036 0.000002 -0.326057 -1.570704 -1.570379 0.000845
  2   2.262337 0.113614 0.064702 -0.013605 0.156448 -0.035142
  3   2.380047 0.353302 0.047440 0.001245 0.156982 0.078602
  4   2.033756 0.190472 -0.000128 -0.024428 0.172794 -0.054504
  5   2.451511 0.204909 -0.003447 0.000000 -0.000005 -0.017472
  6   7.247600 -0.397300 -0.109469 0.000001 -0.000003 0.418504
  7   -2.022252 -0.104661 3.136172 -0.298879 -1.361718 -2.901749
  8   1.168026 -0.537438 -0.063437 -1.414780 -1.194798 -1.679627
  9   6.790376 -0.619176 0.015206 -0.009367 -0.035190 -0.539141
 10   8.637599 0.544015 -0.090417 -1.570112 0.000221 -0.122021
 11   6.790465 -0.619039 0.017802 -0.009597 -0.035301 -0.392564
 12   -2.022474 -0.104699 -2.873818 0.299065 1.362032 -2.901601
 13   1.167898 -0.537463 0.063297 1.107413 1.212275 -1.898461
 14   7.002743 -0.617765 -0.183752 0.047142 0.002238 -0.464424
 15   8.209042 0.615527 -0.255885 1.570018 -0.000214 -0.121905
 16   7.002735 -0.617911 -0.183641 0.047532 0.002293 -0.343621
 17   1.574674 0.609930 -0.000899 0.000000 0.000008 -0.637660
 18   -0.602177 0.511412 -0.000006 0.000000 0.000000 0.000000
 19   3.673773 0.177020 1.119313 -0.000002 -0.000014 -0.174510
 20   3.673767 0.176993 -1.117566 0.000007 -0.000003 -0.174546
 21   2.899356 1.193911 1.522186 0.000002 -0.000011 -0.000026
 22   -0.226528 -0.754099 0.477457 0.000194 -0.057459 0.890061
 23   2.918905 1.182217 -1.611551 0.000019 0.000002 -0.000024
 24   -0.078176 -0.558764 -0.547762 0.000187 -0.057484 0.890104
 25   4.117120 1.989525 1.648862 -0.064411 0.440688 0.014417
 26   4.117138 1.989553 -1.609878 0.071523 -0.408734 -0.041694
 27   3.305099 1.322380 1.487156 -0.000019 -0.000022 -0.000050
 28   3.303622 1.321986 -1.528487 -0.000002 -0.000009 -0.000024
 29   8.824059 0.150544 0.091743 -0.110147 0.025003 0.479329
 30   2.118898 -0.510396 1.784320 -0.003032 -0.003239 0.034632
 31   2.121290 -0.530038 -1.853599 -0.001042 -0.001088 0.013081
 32   -0.810489 -0.093824 3.127092 0.001376 -2.696272 0.071551
 33   14.298673 -0.408176 0.475484 -0.000052 -0.000210 -0.035917
 34   15.835795 0.581398 0.242756 -0.003042 -0.010786 -0.001416
 35   -0.815868 -0.091229 -3.114430 0.458392 3.496800 -1.004434
 36   14.294526 -0.410349 -0.463635 -0.000051 -0.000180 -2.653655
 37   15.834409 0.579420 -0.284600 0.003070 0.010894 0.015959
 38   1.420944 -3.359996 -2.808187 -0.101099 0.012424 1.961195
 39   -4.746814 -0.613434 -0.714929 0.135006 -0.025431 0.761498
 40   0.836842 -3.543522 3.221664 -0.101099 0.012425 1.961195
 41   -4.148675 -1.500550 0.928315 0.135005 -0.025431 0.761498
 42   1.014458 2.837962 -2.575329 0.015856 0.040587 -0.727436
 43   1.121143 2.628294 2.982662 0.015855 0.040564 -0.727436
time 20
  0   0.020765 -0.179693 15.239118 2.705095 0.041607 -1.571069
  1   -1.093036 0.000002 -0.326057 -1.570285 -1.570379 0.001716
  2   2.262337 0.113614 0.064702 -0.013605 0.156448 -0.045623
  3   2.380047 0.353302 0.047440 0.001245 0.156982 0.064604
  4   2.033756 0.190472 -0.000128 -0.024428 0.172794 -0.071975
  5   2.451511 0.204909 -0.003447 0.000000 -0.000005 -0.017472
  6   7.247600 -0.397300 -0.109469 0.000001 -0.000003 0.418504
  7   -2.022252 -0.104661 3.136172 -0.298879 -1.361718 -2.901749
  8   1.168026 -0.537438 -0.063437 -1.420855 -1.173867 -1.674060
  9   6.790376 -0.619176 0.015206 -0.009367 -0.035190 -0.539141
 10   8.637599 0.544015 -0.090417 -1.570112 0.000221 -0.122021
 11   6.790465 -0.619039 0.017802 -0.009597 -0.035301 -0.392564
 12   -2.022474 -0.104699 -2.873818 0.299065 1.362032 -2.901601
 13   1.167898 -0.537463 0.063297 1.116833 1.202410 -1.889744
 14   7.002743 -0.617765 -0.183752 0.047142 0.002238 -0.464424
 15   8.209042 0.615527 -0.255885 1.570018 -0.000214 -0.121905
 16   7.002735 -0.617911 -0.183641 0.047532 0.002293 -0.343621
 17   1.574674 0.609930 -0.000899 0.000000 0.000008 -0.616666
 18   -0.602177 0.511412 -0.000006 0.000000 0.000000 0.000000
 19   3.673773 0.177020 1.119313 -0.000002 -0.000014 -0.174510
 20   3.673767 0.176993 -1.117566 0.000007 -0.000003 -0.174546
 21   2.899356 1.193911 1.522186 0.000002 -0.000011 -0.000026
 22   -0.226528 -0.754099 0.477457 0.000194 -0.057459 0.890061
 23   2.918905 1.182217 -1.611551 0.000019 0.000002 -0.000024
 24   -0.078176 -0.558764 -0.547762 0.000187 -0.057484 0.890104
 25   4.117120 1.989525 1.648862 -0.064411 0.440688 0.014417
 26   4.117138 1.989553 -1.609878 0.071523 -0.408734 -0.041694
 27   3.305099 1.322380 1.487156 -0.000019 -0.000022 -0.000050
 28   3.303622 1.321986 -1.528487 -0.000002 -0.000009 -0.000024
 29   8.824059 0.150544 0.091743 -0.109612 0.024718 0.466829
 30   2.111085 -0.561179 1.784320 -0.000008 -0.000682 0.000024
 31   2.121290 -0.561289 -1.853599 0.000000 0.000000 -0.000002
 32   -0.810489 -0.093824 3.127092 0.001376 -2.696272 0.071551
 33   14.298673 -0.408176 0.475484 -0.000052 -0.000210 -0.021943
 34   15.835795 0.581398 0.242756 -0.003042 -0.010786 -0.001416
 35   -0.815868 -0.091229 -3.114430 0.458392 3.496800 -1.004434
 36   14.294526 -0.410349 -0.463635 -0.000051 -0.000180 -2.653655
 37   15.834409 0.579420 -0.284600 0.003070 0.010894 0.015959
 38   1.420944 -3.359996 -2.808187 -0.101183 0.012183 1.956430
 39   -4.739001 -0.609528 -0.714929 0.135642 -0.024748 0.743240
 40   0.836842 -3.543522 3.221664 -0.101183 0.012184 1.956430
 41   -4.152581 -1.504456 0.928315 0.135641 -0.024748 0.743240
 42   0.983207 2.814524 -2.575329 0.014957 0.039452 -0.700587
 43   1.089892 2.616575 2.982662 0.014943 0.039466 -0.700587
time 21
  0   0.020765 -0.285165 15.239118 2.705095 0.030939 -1.571069
  1   -1.093036 0.000002 -0.326057 -1.571228 -1.570379 0.001474
  2   2.262337 0.113614 0.064702 -0.013605 0.156448 -0.056123
  3   2.380047 0.353302 0.047440 0.001245 0.156982 0.050667
  4   2.033756 0.190472 -0.000128 -0.024428 0.172794 -0.089519
  5   2.451511 0.204909 -0.003447 0.000000 -0.000005 -0.017472
  6   7.247600 -0.397300 -0.109469 0.000001 -0.000003 0.418504
  7   -2.022252 -0.104661 3.136172 -0.298879 -1.361718 -2.901749
  8   1.168026 -0.537438 -0.063437 -1.426297 -1.153188 -1.669189
  9   6.790376 -0.619176 0.015206 -0.009367 -0.035190 -0.539141
 10   8.637599 0.544015 -0.090417 -1.570112 0.000221 -0.122021
 11   6.790465 -0.619039 0.017802 -0.009597 -0.035301 -0.392564
 12   -2.022474 -0.104699 -2.873818 0.299065 1.362032 -2.901601
 13   1.167898 -0.537463 0.063297 1.125620 1.192290 -1.881451
 14   7.002743 -0.617765 -0.183752 0.047142 0.002238 -0.464424
 15   8.209042 0.615527 -0.255885 1.570018 -0.000214 -0.121905
 16   7.002735 -0.617911 -0.183641 0.047532 0.002293 -0.343621
 17   1.574674 0.609930 -0.000899 0.000000 0.000008 -0.595709
 18   -0.602177 0.511412 -0.000006 0.000000 0.000000 0.000000
 19   3.673773 0.177020 1.119313 -0.000002 -0.000014 -0.174510
 20   3.673767 0.176993 -1.117566 0.000007 -0.000003 -0.174546
 21   2.899356 1.193911 1.522186 0.000002 -0.000011 -0.000026
 22   -0.226528 -0.754099 0.477457 0.000194 -0.057459 0.890061
 23   2.918905 1.182217 -1.611551 0.000019 0.000002 -0.000024
 24   -0.078176 -0.558764 -0.547762 0.000187 -0.057484 0.890104
 25   4.117120 1.989525 1.648862 -0.064411 0.440688 0.014417
 26   4.117138 1.989553 -1.609878 0.071523 -0.408734 -0.041694
 27   3.305099 1.322380 1.487156 -0.000019 -0.000022 -0.000050
 28   3.303622 1.321986 -1.528487 -0.000002 -0.000009 -0.000024
 29   8.824059 0.150544 0.091743 -0.110147 0.025003 0.479329
 30   2.118898 -0.510396 1.784320 -0.003032 -0.003239 0.034632
 31   2.121290 -0.530038 -1.853599 -0.001042 -0.001088 0.013081
 32   -0.810489 -0.093824 3.127092 0.001376 -2.696272 0.071551
 33   14.298673 -0.408176 0.475484 -0.000052 -0.000210 -0.007969
 34   15.835795 0.581398 0.242756 -0.003042 -0.010786 -0.001416
 35   -0.815868 -0.091229 -3.114430 0.458392 3.496800 -1.004434
 36   14.294526 -0.410349 -0.463635 -0.000051 -0.000180 -2.653655
 37   15.834409 0.579420 -0.284600 0.003070 0.010894 0.015959
 38   1.420944 -3.359996 -2.808187 -0.101099 0.012424 1.961195
 39   -4.746814 -0.613434 -0.714929 0.135006 -0.025431 0.761498
 40   0.836842 -3.543522 3.221664 -0.101099 0.012425 1.961195
 41   -4.148675 -1.500550 0.928315 0.135005 -0.025431 0.761498
 42   1.014458 2.837962 -2.575329 0.015856 0.040587 -0.727436
 43   1.121143 2.628294 2.982662 0.015855 0.040564 -0.727436
time 22
  0   0.020765 -0.398450 15.239118 2.705095 0.020715 -1.571069
  1   -1.093036 0.000002 -0.326057 -1.570809 -1.570379 -0.000752
  2   2.262337 0.113614 0.064702 -0.013605 0.156448 -0.066622
  3   2.380047 0.353302 0.047440 0.001245 0.156982 0.036689
  4   2.033756 0.190472 -0.000128 -0.024428 0.172794 -0.106990
  5   2.451511 0.204909 -0.003447 0.000000 -0.000005 -0.017472
  6   7.247600 -0.397300 -0.109469 0.000001 -0.000003 0.418504
  7   -2.022252 -0.104661 3.136172 -0.298879 -1.361718 -2.901749
  8   1.168026 -0.537438 -0.063437 -1.431043 -1.132207 -1.664824
  9   6.790376 -0.619176 0.015206 -0.009367 -0.035190 -0.539141
 10   8.637599 0.544015 -0.090417 -1.570112 0.000221 -0.122021
 11   6.790465 -0.619039 0.017802 -0.009597 -0.035301 -0.392564
 12   -2.022474 -0.104699 -2.873818 0.299065 1.362032 -2.901601
 13   1.167898 -0.537463 0.063297 1.134125 1.182374 -1.873521
 14   7.002743 -0.617765 -0.183752 0.047142 0.002238 -0.464424
 15   8.209042 0.615527 -0.255885 1.570018 -0.000214 -0.121905
 16   7.002735 -0.617911 -0.183641 0.047532 0.002293 -0.343621
 17   1.574674 0.609930 -0.000899 0.000000 0.000008 -0.574826
 18   -0.602177 0.511412 -0.000006 0.000000 0.000000 0.000000
 19   3.673773 0.177020 1.119313 -0.000002 -0.000014 -0.174510
 20   3.673767 0.176993 -1.117566 0.000007 -0.000003 -0.174546
 21   2.899356 1.193911 1.522186 0.000002 -0.000011 -0.000026
 22   -0.226528 -0.754099 0.477457 0.000194 -0.057459 0.890061
 23   2.918905 1.182217 -1.611551 0.000019 0.000002 -0.000024
 24   -0.078176 -0.558764 -0.547762 0.000187 -0.057484 0.890104
 25   4.117120 1.989525 1.648862 -0.064411 0.440688 0.014417
 26   4.117138 1.989553 -1.609878 0.071523 -0.408734 -0.041694
 27   3.305099 1.322380 1.487156 -0.000019 -0.000022 -0.000050
 28   3.303622 1.321986 -1.528487 -0.000002 -0.000009 -0.000024
 29   8.824059 0.150544 0.091743 -0.111573 0.025715 0.509104
 30   2.154055 -0.393205 1.796039 -0.010287 -0.009429 0.117186
 31   2.129103 -0.448004 -1.845786 -0.003524 -0.003704 0.044286
 32   -0.810489 -0.093824 3.127092 0.001376 -2.696272 0.071551
 33   14.298673 -0.408176 0.475484 -0.000064 -0.000210 0.006005
 34   15.835795 0.581398 0.242756 -0.003042 -0.010786 -0.001416
 35   -0.815868 -0.091229 -3.114430 0.458392 3.496800 -1.004434
 36   14.294526 -0.410349 -0.463635 -0.000051 -0.000180 -2.653655
 37   15.834409 0.579420 -0.284600 0.003070 0.010894 0.015959
 38   1.420944 -3.359996 -2.808187 -0.100867 0.013015 1.972375
 39   -4.750720 -0.625153 -0.714929 0.133532 -0.027049 0.805081
 40   0.836842 -3.543522 3.221664 -0.100867 0.013004 1.972375
 41   -4.140862 -1.488831 0.928315 0.133531 -0.027049 0.805081
 42   1.108211 2.912183 -2.563610 0.018001 0.043270 -0.791464
 43   1.195364 2.671264 2.986568 0.017979 0.043248 -0.791464
time 23
  0   0.020765 -0.507828 15.239118 2.705260 0.010402 -1.571069
  1   -1.093036 0.000002 -0.326057 -1.569499 -1.570379 -0.001865
  2   2.262337 0.113614 0.064702 -0.013605 0.156448 -0.077067
  3   2.380047 0.353302 0.047440 0.001245 0.156982 0.022874
  4   2.033756 0.190472 -0.000128 -0.024428 0.172794 -0.124352
  5   2.451511 0.204909 -0.003447 0.000000 -0.000005 -0.017472
  6   7.247600 -0.397300 -0.109469 0.000001 -0.000003 0.418504
  7   -2.022252 -0.104661 3.136172 -0.298879 -1.361718 -2.901749
  8   1.168026 -0.537438 -0.063437 -1.435536 -1.111427 -1.660712
  9   6.790376 -0.619176 0.015206 -0.009367 -0.035190 -0.539141
 10   8.637599 0.544015 -0.090417 -1.570112 0.000221 -0.122021
 11   6.790465 -0.619039 0.017802 -0.009597 -0.035301 -0.392564
 12   -2.022474 -0.104699 -2.873818 0.299065 1.362032 -2.901601
 13   1.167898 -0.537463 0.063297 1.142068 1.172305 -1.866196
 14   7.002743 -0.617765 -0.183752 0.047142 0.002238 -0.464424
 15   8.209042 0.615527 -0.255885 1.570018 -0.000214 -0.121905
 16   7.002735 -0.617911 -0.183641 0.047532 0.002293 -0.343621
 17   1.574674 0.609930 -0.000899 0.000000 0.000008 -0.553869
 18   -0.602177 0.511412 -0.000006 0.000000 0.000000 0.000000
 19   3.673773 0.177020 1.119313 -0.000002 -0.000014 -0.174510
 20   3.673767 0.176993 -1.117566 0.000007 -0.000003 -0.174546
 21   2.899356 1.193911 1.522186 0.000002 -0.000011 -0.000026
 22   -0.226528 -0.754099 0.477457 0.000194 -0.057459 0.890061
 23   2.918905 1.182217 -1.611551 0.000019 0.000002 -0.000024
 24   -0.078176 -0.558764 -0.547762 0.000187 -0.057484 0.890104
 25   4.117120 1.989525 1.648862 -0.064411 0.440688 0.014417
 26   4.117138 1.989553 -1.609878 0.071523 -0.408734 -0.041694
 27   3.305099 1.322380 1.487156 -0.000019 -0.000022 -0.000050
 28   3.303622 1.321986 -1.528487 -0.000002 -0.000009 -0.000024
 29   8.824059 0.150544 0.091743 -0.113355 0.026593 0.544780
 30   2.185306 -0.244763 1.815571 -0.018911 -0.016839 0.215714
 31   2.133009 -0.342532 -1.834067 -0.006512 -0.006838 0.081532
 32   -0.810489 -0.093824 3.127092 0.001376 -2.696272 0.071551
 33   14.298673 -0.408176 0.475484 -0.000064 -0.000210 0.019820
 34   15.835795 0.581398 0.242756 -0.003042 -0.010786 -0.001416
 35   -0.815868 -0.091229 -3.114430 0.458392 3.496800 -1.004434
 36   14.294526 -0.410349 -0.463635 -0.000051 -0.000180 -2.653655
 37   15.834409 0.579420 -0.284600 0.003070 0.010894 0.015959
 38   1.420944 -3.359996 -2.808187 -0.100657 0.013677 1.985816
 39   -4.766346 -0.644685 -0.714929 0.131771 -0.029003 0.857106
 40   0.836842 -3.543522 3.221664 -0.100657 0.013678 1.985816
 41   -4.129143 -1.469299 0.928315 0.131770 -0.029003 0.857106
 42   1.221496 2.986404 -2.563610 0.020566 0.046459 -0.867872
 43   1.289117 2.725953 2.986568 0.020553 0.046449 -0.867872
time 24
  0   0.020765 -0.546892 15.239118 2.705095 0.000000 -1.571069
  1   -1.093036 0.000002 -0.326057 -1.569708 -1.570379 -0.000752
  2   2.262337 0.113614 0.064702 -0.013605 0.156448 -0.087512
  3   2.380047 0.353302 0.047440 0.001245 0.156982 0.008876
  4   2.033756 0.190472 -0.000128 -0.024428 0.172794 -0.141497
  5   2.451511 0.204909 -0.003447 0.000000 -0.000005 -0.017472
  6   7.247600 -0.397300 -0.109469 0.000001 -0.000003 0.418504
  7   -2.022252 -0.104661 3.136172 -0.298879 -1.361718 -2.901749
  8   1.168026 -0.537438 -0.063437 -1.439586 -1.090597 -1.657043
  9   6.790376 -0.619176 0.015206 -0.009367 -0.035190 -0.539141
 10   8.637599 0.544015 -0.090417 -1.570112 0.000221 -0.122021
 11   6.790465 -0.619039 0.017802 -0.009597 -0.035301 -0.392564
 12   -2.022474 -0.104699 -2.873818 0.299065 1.362032 -2.901601
 13   1.167898 -0.537463 0.063297 1.149871 1.162287 -1.859053
 14   7.002743 -0.617765 -0.183752 0.047142 0.002238 -0.464424
 15   8.209042 0.615527 -0.255885 1.570018 -0.000214 -0.121905
 16   7.002735 -0.617911 -0.183641 0.047532 0.002293 -0.343621
 17   1.574674 0.609930 -0.000899 0.000000 0.000008 -0.532727
 18   -0.602177 0.511412 -0.000006 0.000000 0.000000 0.000000
 19   3.673773 0.177020 1.119313 -0.000002 -0.000014 -0.174510
 20   3.673767 0.176993 -1.117566 0.000007 -0.000003 -0.174546
 21   2.899356 1.193911 1.522186 0.000002 -0.000011 -0.000026
 22   -0.226528 -0.754099 0.477457 0.000194 -0.057459 0.890061
 23   2.918905 1.182217 -1.611551 0.000019 0.000002 -0.000024
 24   -0.078176 -0.558764 -0.547762 0.000187 -0.057484 0.890104
 25   4.117120 1.989525 1.648862 -0.064411 0.440688 0.014417
 26   4.117138 1.989553 -1.609878 0.071523 -0.408734 -0.041694
 27   3.305099 1.322380 1.487156 -0.000019 -0.000022 -0.000050
 28   3.303622 1.321986 -1.528487 -0.000002 -0.000009 -0.000024
 29   8.824059 0.150544 0.091743 -0.114781 0.027281 0.574608
 30   2.216557 -0.127572 1.827290 -0.026166 -0.023000 0.298247
 31   2.140822 -0.256592 -1.826254 -0.008994 -0.009428 0.112737
 32   -0.810489 -0.093824 3.127092 0.001376 -2.696272 0.071551
 33   14.298673 -0.408176 0.475484 -0.000064 -0.000210 0.033715
 34   15.835795 0.581398 0.242756 -0.003042 -0.010786 -0.001416
 35   -0.815868 -0.091229 -3.114430 0.458392 3.496800 -1.004434
 36   14.294526 -0.410349 -0.463635 -0.000051 -0.000180 -2.653732
 37   15.834409 0.579420 -0.284600 0.003070 0.010894 0.015959
 38   1.413131 -3.359996 -2.808187 -0.100425 0.014256 1.997119
 39   -4.778065 -0.652498 -0.714929 0.130284 -0.030633 0.900689
 40   0.844655 -3.543522 3.221664 -0.100425 0.014257 1.997119
 41   -4.117424 -1.461486 0.928315 0.130283 -0.030633 0.900689
 42   1.311342 3.052812 -2.555797 0.022711 0.049127 -0.931941
 43   1.367244 2.765017 2.994381 0.022702 0.049148 -0.931941
time 25
  0   0.020765 -0.507828 15.239118 2.705260 0.010402 -1.571069
  1   -1.093036 0.000002 -0.326057 -1.569499 -1.570379 -0.001865
  2   2.262337 0.113614 0.064702 -0.013605 0.156448 -0.077067
  3   2.380047 0.353302 0.047440 0.001245 0.156982 0.022874
  4   2.033756 0.190472 -0.000128 -0.024428 0.172794 -0.124352
  5   2.451511 0.204909 -0.003447 0.000000 -0.000005 -0.017472
  6   7.247600 -0.397300 -0.109469 0.000001 -0.000003 0.418504
  7   -2.022252 -0.104661 3.136172 -0.298879 -1.361718 -2.901749
  8   1.168026 -0.537438 -0.063437 -1.435536 -1.111427 -1.660712
  9   6.790376 -0.619176 0.015206 -0.009367 -0.035190 -0.539141
 10   8.637599 0.544015 -0.090417 -1.570112 0.000221 -0.122021
 11   6.790465 -0.619039 0.017802 -0.009597 -0.035301 -0.392564
 12   -2.022474 -0.104699 -2.873818 0.299065 1.362032 -2.901601
 13   1.167898 -0.537463 0.063297 1.142068 1.172305 -1.866196
 14   7.002743 -0.617765 -0.183752 0.047142 0.002238 -0.464424
 15   8.209042 0.615527 -0.255885 1.570018 -0.000214 -0.121905
 16   7.002735 -0.617911 -0.183641 0.047532 0.002293 -0.343621
 17   1.574674 0.609930 -0.000899 0.000000 0.000008 -0.553869
 18   -0.602177 0.511412 -0.000006 0.000000 0.000000 0.000000
 19   3.673773 0.177020 1.119313 -0.000002 -0.000014 -0.174510
 20   3.673767 0.176993 -1.117566 0.000007 -0.000003 -0.174546
 21   2.899356 1.193911 1.522186 0.000002 -0.000011 -0.000026
 22   -0.226528 -0.754099 0.477457 0.000194 -0.057459 0.890061
 23   2.918905 1.182217 -1.611551 0.000019 0.000002 -0.000024
 24   -0.078176 -0.558764 -0.547762 0.000187 -0.057484 0.890104
 25   4.117120 1.989525 1.648862 -0.064411 0.440688 0.014417
 26   4.117138 1.989553 -1.609878 0.071523 -0.408734 -0.041694
 27   3.305099 1.322380 1.487156 -0.000019 -0.000022 -0.000050
 28   3.303622 1.321986 -1.528487 -0.000002 -0.000009 -0.000024
 29   8.824059 0.150544 0.091743 -0.115405 0.027614 0.587108
 30   2.236089 -0.076789 1.835103 -0.029190 -0.025587 0.332876
 31   2.144728 -0.225341 -1.822348 -0.010036 -0.010542 0.125838
 32   -0.810489 -0.093824 3.127092 0.001376 -2.696272 0.071551
 33   14.298673 -0.408176 0.475484 -0.000064 -0.000210 0.019820
 34   15.835795 0.581398 0.242756 -0.003042 -0.010786 -0.001416
 35   -0.815868 -0.091229 -3.114430 0.458392 3.496800 -1.004434
 36   14.294526 -0.410349 -0.463635 -0.000051 -0.000180 -2.653655
 37   15.834409 0.579420 -0.284600 0.003070 0.010894 0.015959
 38   1.413131 -3.359996 -2.816000 -0.100362 0.014497 2.001884
 39   -4.781971 -0.656404 -0.714929 0.129661 -0.031316 0.918947
 40   0.844655 -3.543522 3.229477 -0.100362 0.014498 2.001884
 41   -4.109611 -1.457580 0.928315 0.129660 -0.031316 0.918947
 42   1.350406 3.084063 -2.555797 0.023610 0.050277 -0.958791
 43   1.398495 2.788455 2.994381 0.023589 0.050262 -0.958791
time 26
  0   0.020765 -0.398450 15.239118 2.705095 0.020715 -1.571069
  1   -1.093036 0.000002 -0.326057 -1.570809 -1.570379 -0.000752
  2   2.262337 0.113614 0.064702 -0.013605 0.156448 -0.066622
  3   2.380047 0.353302 0.047440 0.001245 0.156982 0.036689
  4   2.033756 0.190472 -0.000128 -0.024428 0.172794 -0.106990
  5   2.451511 0.204909 -0.003447 0.000000 -0.000005 -0.017472
  6   7.247600 -0.397300 -0.109469 0.000001 -0.000003 0.418504
  7   -2.022252 -0.104661 3.136172 -0.298879 -1.361718 -2.901749
  8   1.168026 -0.537438 -0.063437 -1.431043 -1.132207 -1.664824
  9   6.790376 -0.619176 0.015206 -0.009367 -0.035190 -0.539141
 10   8.637599 0.544015 -0.090417 -1.570112 0.000221 -0.122021
 11   6.790465 -0.619039 0.017802 -0.009597 -0.035301 -0.392564
 12   -2.022474 -0.104699 -2.873818 0.299065 1.362032 -2.901601
 13   1.167898 -0.537463 0.063297 1.134125 1.182374 -1.873521
 14   7.002743 -0.617765 -0.183752 0.047142 0.002238 -0.464424
 15   8.209042 0.615527 -0.255885 1.570018 -0.000214 -0.121905
 16   7.002735 -0.617911 -0.183641 0.047532 0.002293 -0.343621
 17   1.574674 0.609930 -0.000899 0.000000 0.000008 -0.574826
 18   -0.602177 0.511412 -0.000006 0.000000 0.000000 0.000000
 19   3.673773 0.177020 1.119313 -0.000002 -0.000014 -0.174510
 20   3.673767 0.176993 -1.117566 0.000007 -0.000003 -0.174546
 21   2.899356 1.193911 1.522186 0.000002 -0.000011 -0.000026
 22   -0.226528 -0.754099 0.477457 0.000194 -0.057459 0.890061
 23   2.918905 1.182217 -1.611551 0.000019 0.000002 -0.000024
 24   -0.078176 -0.558764 -0.547762 0.000187 -0.057484 0.890104
 25   4.117120 1.989525 1.648862 -0.064411 0.440688 0.014417
 26   4.117138 1.989553 -1.609878 0.071523 -0.408734 -0.041694
 27   3.305099 1.322380 1.487156 -0.000019 -0.000022 -0.000050
 28   3.303622 1.321986 -1.528487 -0.000002 -0.000009 -0.000024
 29   8.824059 0.150544 0.091743 -0.114781 0.027281 0.574608
 30   2.216557 -0.127572 1.827290 -0.026166 -0.023000 0.298247
 31   2.140822 -0.256592 -1.826254 -0.008994 -0.009428 0.112737
 32   -0.810489 -0.093824 3.127092 0.001376 -2.696272 0.071551
 33   14.298673 -0.408176 0.475484 -0.000064 -0.000210 0.006005
 34   15.835795 0.581398 0.242756 -0.003042 -0.010786 -0.001416
 35   -0.815868 -0.091229 -3.114430 0.458392 3.496800 -1.004434
 36   14.294526 -0.410349 -0.463635 -0.000051 -0.000180 -2.653655
 37   15.834409 0.579420 -0.284600 0.003070 0.010894 0.015959
 38   1.413131 -3.359996 -2.808187 -0.100425 0.014256 1.997119
 39   -4.778065 -0.652498 -0.714929 0.130284 -0.030633 0.900689
 40   0.844655 -3.543522 3.221664 -0.100425 0.014257 1.997119
 41   -4.117424 -1.461486 0.928315 0.130283 -0.030633 0.900689
 42   1.311342 3.052812 -2.555797 0.022711 0.049127 -0.931941
 43   1.367244 2.765017 2.994381 0.022702 0.049148 -0.931941
time 27
  0   0.020765 -0.285165 15.239118 2.705095 0.030939 -1.571069
  1   -1.093036 0.000002 -0.326057 -1.571228 -1.570379 0.001474
  2   2.262337 0.113614 0.064702 -0.013605 0.156448 -0.056123
  3   2.380047 0.353302 0.047440 0.001245 0.156982 0.050667
  4   2.033756 0.190472 -0.000128 -0.024428 0.172794 -0.089519
  5   2.451511 0.204909 -0.003447 0.000000 -0.000005 -0.017472
  6   7.247600 -0.397300 -0.109469 0.000001 -0.000003 0.418504
  7   -2.022252 -0.104661 3.136172 -0.298879 -1.361718 -2.901749
  8   1.168026 -0.537438 -0.063437 -1.426297 -1.153188 -1.669189
  9   6.790376 -0.619176 0.015206 -0.009367 -0.035190 -0.539141
 10   8.637599 0.544015 -0.090417 -1.570112 0.000221 -0.122021
 11   6.790465 -0.619039 0.017802 -0.009597 -0.035301 -0.392564
 12   -2.022474 -0.104699 -2.873818 0.299065 1.362032 -2.901601
 13   1.167898 -0.537463 0.063297 1.125620 1.192290 -1.881451
 14   7.002743 -0.617765 -0.183752 0.047142 0.002238 -0.464424
 15   8.209042 0.615527 -0.255885 1.570018 -0.000214 -0.121905
 16   7.002735 -0.617911 -0.183641 0.047532 0.002293 -0.343621
 17   1.574674 0.609930 -0.000899 0.000000 0.000008 -0.595709
 18   -0.602177 0.511412 -0.000006 0.000000 0.000000 0.000000
 19   3.673773 0.177020 1.119313 -0.000002 -0.000014 -0.174510
 20   3.673767 0.176993 -1.117566 0.000007 -0.000003 -0.174546
 21   2.899356 1.193911 1.522186 0.000002 -0.000011 -0.000026
 22   -0.226528 -0.754099 0.477457 0.000194 -0.057459 0.890061
 23   2.918905 1.182217 -1.611551 0.000019 0.000002 -0.000024
 24   -0.078176 -0.558764 -0.547762 0.000187 -0.057484 0.890104
 25   4.117120 1.989525 1.648862 -0.064411 0.440688 0.014417
 26   4.117138 1.989553 -1.609878 0.071523 -0.408734 -0.041694
 27   3.305099 1.322380 1.487156 -0.000019 -0.000022 -0.000050
 28   3.303622 1.321986 -1.528487 -0.000002 -0.000009 -0.000024
 29   8.824059 0.150544 0.091743 -0.113355 0.026593 0.544780
 30   2.185306 -0.244763 1.815571 -0.018911 -0.016839 0.215714
 31   2.133009 -0.342532 -1.834067 -0.006512 -0.006838 0.081532
 32   -0.810489 -0.093824 3.127092 0.001376 -2.696272 0.071551
 33   14.298673 -0.408176 0.475484 -0.000052 -0.000210 -0.007969
 34   15.835795 0.581398 0.242756 -0.003042 -0.010786 -0.001416
 35   -0.815868 -0.091229 -3.114430 0.458392 3.496800 -1.004434
 36   14.294526 -0.410349 -0.463635 -0.000051 -0.000180 -2.653655
 37   15.834409 0.579420 -0.284600 0.003070 0.010894 0.015959
 38   1.420944 -3.359996 -2.808187 -0.100657 0.013677 1.985816
 39   -4.766346 -0.644685 -0.714929 0.131771 -0.029003 0.857106
 40   0.836842 -3.543522 3.221664 -0.100657 0.013678 1.985816
 41   -4.129143 -1.469299 0.928315 0.131770 -0.029003 0.857106
 42   1.221496 2.986404 -2.563610 0.020566 0.046459 -0.867872
 43   1.289117 2.725953 2.986568 0.020553 0.046449 -0.867872
time 28
  0   0.020765 -0.179693 15.239118 2.705095 0.041607 -1.571069
  1   -1.093036 0.000002 -0.326057 -1.570285 -1.570379 0.001716
  2   2.262337 0.113614 0.064702 -0.013605 0.156448 -0.045623
  3   2.380047 0.353302 0.047440 0.001245 0.156982 0.064604
  4   2.033756 0.190472 -0.000128 -0.024428 0.172794 -0.071975
  5   2.451511 0.204909 -0.003447 0.000000 -0.000005 -0.017472
  6   7.247600 -0.397300 -0.109469 0.000001 -0.000003 0.418504
  7   -2.022252 -0.104661 3.136172 -0.298879 -1.361718 -2.901749
  8   1.168026 -0.537438 -0.063437 -1.420855 -1.173867 -1.674060
  9   6.790376 -0.619176 0.015206 -0.009367 -0.035190 -0.539141
 10   8.637599 0.544015 -0.090417 -1.570112 0.000221 -0.122021
 11   6.790465 -0.619039 0.017802 -0.009597 -0.035301 -0.392564
 12   -2.022474 -0.104699 -2.873818 0.299065 1.362032 -2.901601
 13   1.167898 -0.537463 0.063297 1.116833 1.202410 -1.889744
 14   7.002743 -0.617765 -0.183752 0.047142 0.002238 -0.464424
 15   8.209042 0.615527 -0.255885 1.570018 -0.000214 -0.121905
 16   7.002735 -0.617911 -0.183641 0.047532 0.002293 -0.343621
 17   1.574674 0.609930 -0.000899 0.000000 0.000008 -0.616666
 18   -0.602177 0.511412 -0.000006 0.000000 0.000000 0.000000
 19   3.673773 0.177020 1.119313 -0.000002 -0.000014 -0.174510
 20   3.673767 0.176993 -1.117566 0.000007 -0.000003 -0.174546
 21   2.899356 1.193911 1.522186 0.000002 -0.000011 -0.000026
 22   -0.226528 -0.754099 0.477457 0.000194 -0.057459 0.890061
 23   2.918905 1.182217 -1.611551 0.000019 0.000002 -0.000024
 24   -0.078176 -0.558764 -0.547762 0.000187 -0.057484 0.890104
 25   4.117120 1.989525 1.648862 -0.064411 0.440688 0.014417
 26   4.117138 1.989553 -1.609878 0.071523 -0.408734 -0.041694
 27   3.305099 1.322380 1.487156 -0.000019 -0.000022 -0.000050
 28   3.303622 1.321986 -1.528487 -0.000002 -0.000009 -0.000024
 29   8.824059 0.150544 0.091743 -0.111573 0.025715 0.509104
 30   2.154055 -0.393205 1.796039 -0.010287 -0.009429 0.117186
 31   2.129103 -0.448004 -1.845786 -0.003524 -0.003704 0.044286
 32   -0.810489 -0.093824 3.127092 0.001376 -2.696272 0.071551
 33   14.298673 -0.408176 0.475484 -0.000052 -0.000210 -0.021943
 34   15.835795 0.581398 0.242756 -0.003042 -0.010786 -0.001416
 35   -0.815868 -0.091229 -3.114430 0.458392 3.496800 -1.004434
 36   14.294526 -0.410349 -0.463635 -0.000051 -0.000180 -2.653655
 37   15.834409 0.579420 -0.284600 0.003070 0.010894 0.015959
 38   1.420944 -3.359996 -2.808187 -0.100867 0.013015 1.972375
 39   -4.750720 -0.625153 -0.714929 0.133532 -0.027049 0.805081
 40   0.836842 -3.543522 3.221664 -0.100867 0.013004 1.972375
 41   -4.140862 -1.488831 0.928315 0.133531 -0.027049 0.805081
 42   1.108211 2.912183 -2.563610 0.018001 0.043270 -0.791464
 43   1.195364 2.671264 2.986568 0.017979 0.043248 -0.791464
time 29
  0   0.020765 -0.136723 15.239118 2.705095 0.052187 -1.571069
  1   -1.093036 0.000002 -0.326057 -1.570704 -1.570379 0.000845
  2   2.262337 0.113614 0.064702 -0.013605 0.156448 -0.035142
  3   2.380047 0.353302 0.047440 0.001245 0.156982 0.078602
  4   2.033756 0.190472 -0.000128 -0.024428 0.172794 -0.054504
  5   2.451511 0.204909 -0.003447 0.000000 -0.000005 -0.017472
  6   7.247600 -0.397300 -0.109469 0.000001 -0.000003 0.418504
  7   -2.022252 -0.104661 3.136172 -0.298879 -1.361718 -2.901749
  8   1.168026 -0.537438 -0.063437 -1.414780 -1.194798 -1.679627
  9   6.790376 -0.619176 0.015206 -0.009367 -0.035190 -0.539141
 10   8.637599 0.544015 -0.090417 -1.570112 0.000221 -0.122021
 11   6.790465 -0.619039 0.017802 -0.009597 -0.035301 -0.392564
 12   -2.022474 -0.104699 -2.873818 0.299065 1.362032 -2.901601
 13   1.167898 -0.537463 0.063297 1.107413 1.212275 -1.898461
 14   7.002743 -0.617765 -0.183752 0.047142 0.002238 -0.464424
 15   8.209042 0.615527 -0.255885 1.570018 -0.000214 -0.121905
 16   7.002735 -0.617911 -0.183641 0.047532 0.002293 -0.343621
 17   1.574674 0.609930 -0.000899 0.000000 0.000008 -0.637660
 18   -0.602177 0.511412 -0.000006 0.000000 0.000000 0.000000
 19   3.673773 0.177020 1.119313 -0.000002 -0.000014 -0.174510
 20   3.673767 0.176993 -1.117566 0.000007 -0.000003 -0.174546
 21   2.899356 1.193911 1.522186 0.000002 -0.000011 -0.000026
 22   -0.226528 -0.754099 0.477457 0.000194 -0.057459 0.890061
 23   2.918905 1.182217 -1.611551 0.000019 0.000002 -0.000024
 24   -0.078176 -0.558764 -0.547762 0.000187 -0.057484 0.890104
 25   4.117120 1.989525 1.648862 -0.064411 0.440688 0.014417
 26   4.117138 1.989553 -1.609878 0.071523 -0.408734 -0.041694
 27   3.305099 1.322380 1.487156 -0.000019 -0.000022 -0.000050
 28   3.303622 1.321986 -1.528487 -0.000002 -0.000009 -0.000024
 29   8.824059 0.150544 0.091743 -0.110147 0.025003 0.479329
 30   2.118898 -0.510396 1.784320 -0.003032 -0.003239 0.034632
 31   2.121290 -0.530038 -1.853599 -0.001042 -0.001088 0.013081
 32   -0.810489 -0.093824 3.127092 0.001376 -2.696272 0.071551
 33   14.298673 -0.408176 0.475484 -0.000052 -0.000210 -0.035917
 34   15.835795 0.581398 0.242756 -0.003042 -0.010786 -0.001416
 35   -0.815868 -0.091229 -3.114430 0.458392 3.496800 -1.004434
 36   14.294526 -0.410349 -0.463635 -0.000051 -0.000180 -2.653655
 37   15.834409 0.579420 -0.284600 0.003070 0.010894 0.015959
 38   1.420944 -3.359996 -2.808187 -0.101099 0.012424 1.961195
 39   -4.746814 -0.613434 -0.714929 0.135006 -0.025431 0.761498
 40   0.836842 -3.543522 3.221664 -0.101099 0.012425 1.961195
 41   -4.148675 -1.500550 0.928315 0.135005 -0.025431 0.761498
 42   1.014458 2.837962 -2.575329 0.015856 0.040587 -0.727436
 43   1.121143 2.628294 2.982662 0.015855 0.040564 -0.727436
time 30
  0   0.020765 -0.164068 15.239118 2.705095 0.043563 -1.571069
  1   -1.093036 0.000002 -0.326057 -1.570652 -1.570379 0.002732
  2   2.262337 0.113614 0.064702 -0.013605 0.156448 -0.043889
  3   2.380047 0.353302 0.047440 0.001245 0.156982 0.066930
  4   2.033756 0.190472 -0.000128 -0.024428 0.172794 -0.069039
  5   2.451511 0.204909 -0.003447 0.000000 -0.000005 -0.017472
  6   7.247600 -0.397300 -0.109469 0.000001 -0.000003 0.418504
  7   -2.022252 -0.104661 3.136172 -0.298879 -1.361718 -2.901749
  8   1.168026 -0.537438 -0.063437 -1.419969 -1.177540 -1.675009
  9   6.790376 -0.619176 0.015206 -0.009367 -0.035190 -0.539141
 10   8.637599 0.544015 -0.090417 -1.570112 0.000221 -0.122021
 11   6.790465 -0.619039 0.017802 -0.009597 -0.035301 -0.392564
 12   -2.022474 -0.104699 -2.873818 0.299065 1.362032 -2.901601
 13   1.167898 -0.537463 0.063297 1.115005 1.204037 -1.891197
 14   7.002743 -0.617765 -0.183752 0.047142 0.002238 -0.464424
 15   8.209042 0.615527 -0.255885 1.570018 -0.000214 -0.121905
 16   7.002735 -0.617911 -0.183641 0.047532 0.002293 -0.343621
 17   1.574674 0.609930 -0.000899 0.000000 0.000008 -0.620140
 18   -0.602177 0.511412 -0.000006 0.000000 0.000000 0.000000
 19   3.673773 0.177020 1.119313 -0.000002 -0.000014 -0.174510
 20   3.673767 0.176993 -1.117566 0.000007 -0.000003 -0.174546
 21   2.899356 1.193911 1.522186 0.000002 -0.000011 -0.000026
 22   -0.226528 -0.754099 0.477457 0.000194 -0.057459 0.890061
 23   2.918905 1.182217 -1.611551 0.000019 0.000002 -0.000024
 24   -0.078176 -0.558764 -0.547762 0.000187 -0.057484 0.890104
 25   4.117120 1.989525 1.648862 -0.064411 0.440688 0.014417
 26   4.117138 1.989553 -1.609878 0.071523 -0.408734 -0.041694
 27   3.305099 1.322380 1.487156 -0.000019 -0.000022 -0.000050
 28   3.303622 1.321986 -1.528487 -0.000002 -0.000009 -0.000024
 29   8.824059 0.150544 0.091743 -0.109612 0.024718 0.466829
 30   2.111085 -0.561179 1.784320 -0.000008 -0.000682 0.000024
 31   2.121290 -0.561289 -1.853599 0.000000 0.000000 -0.000002
 32   -0.810489 -0.093824 3.127092 0.001376 -2.696272 0.071551
 33   14.298673 -0.408176 0.475484 -0.000052 -0.000210 -0.024246
 34   15.835795 0.581398 0.242756 -0.003042 -0.010786 -0.001416
 35   -0.815868 -0.091229 -3.114430 0.458392 3.496800 -1.004434
 36   14.294526 -0.410349 -0.463635 -0.000051 -0.000180 -2.653655
 37   15.834409 0.579420 -0.284600 0.003070 0.010894 0.015959
 38   1.420944 -3.359996 -2.808187 -0.101183 0.012183 1.956430
 39   -4.739001 -0.609528 -0.714929 0.135642 -0.024748 0.743240
 40   0.836842 -3.543522 3.221664 -0.101183 0.012184 1.956430
 41   -4.152581 -1.504456 0.928315 0.135641 -0.024748 0.743240
 42   0.983207 2.814524 -2.575329 0.014957 0.039452 -0.700587
 43   1.089892 2.616575 2.982662 0.014943 0.039466 -0.700587
time 31
  0   0.020765 -0.230476 15.239118 2.705260 0.034584 -1.571069
  1   -1.093036 0.000002 -0.326057 -1.569394 -1.570379 0.000845
  2   2.262337 0.113614 0.064702 -0.013605 0.156448 -0.052617
  3   2.380047 0.353302 0.047440 0.001245 0.156982 0.055340
  4   2.033756 0.190472 -0.000128 -0.024428 0.172794 -0.083647
  5   2.451511 0.204909 -0.003447 0.000000 -0.000005 -0.017472
  6   7.247600 -0.397300 -0.109469 0.000001 -0.000003 0.418504
  7   -2.022252 -0.104661 3.136172 -0.298879 -1.361718 -2.901749
  8   1.168026 -0.537438 -0.063437 -1.424462 -1.160081 -1.670897
  9   6.790376 -0.619176 0.015206 -0.009367 -0.035190 -0.539141
 10   8.637599 0.544015 -0.090417 -1.570112 0.000221 -0.122021
 11   6.790465 -0.619039 0.017802 -0.009597 -0.035301 -0.392564
 12   -2.022474 -0.104699 -2.873818 0.299065 1.362032 -2.901601
 13   1.167898 -0.537463 0.063297 1.122738 1.195748 -1.884175
 14   7.002743 -0.617765 -0.183752 0.047142 0.002238 -0.464424
 15   8.209042 0.615527 -0.255885 1.570018 -0.000214 -0.121905
 16   7.002735 -0.617911 -0.183641 0.047532 0.002293 -0.343621
 17   1.574674 0.609930 -0.000899 0.000000 0.000008 -0.602621
 18   -0.602177 0.511412 -0.000006 0.000000 0.000000 0.000000
 19   3.673773 0.177020 1.119313 -0.000002 -0.000014 -0.174510
 20   3.673767 0.176993 -1.117566 0.000007 -0.000003 -0.174546
 21   2.899356 1.193911 1.522186 0.000002 -0.000011 -0.000026
 22   -0.226528 -0.754099 0.477457 0.000194 -0.057459 0.890061
 23   2.918905 1.182217 -1.611551 0.000019 0.000002 -0.000024
 24   -0.078176 -0.558764 -0.547762 0.000187 -0.057484 0.890104
 25   4.117120 1.989525 1.648862 -0.064411 0.440688 0.014417
 26   4.117138 1.989553 -1.609878 0.071523 -0.408734 -0.041694
 27   3.305099 1.322380 1.487156 -0.000019 -0.000022 -0.000050
 28   3.303622 1.321986 -1.528487 -0.000002 -0.000009 -0.000024
 29   8.824059 0.150544 0.091743 -0.110147 0.025003 0.479329
 30   2.118898 -0.510396 1.784320 -0.003032 -0.003239 0.034632
 31   2.121290 -0.530038 -1.853599 -0.001042 -0.001088 0.013081
 32   -0.810489 -0.093824 3.127092 0.001376 -2.696272 0.071551
 33   14.298673 -0.408176 0.475484 -0.000052 -0.000210 -0.012892
 34   15.835795 0.581398 0.242756 -0.003042 -0.010786 -0.001416
 35   -0.815868 -0.091229 -3.114430 0.458392 3.496800 -1.004434
 36   14.294526 -0.410349 -0.463635 -0.000051 -0.000180 -2.653655
 37   15.834409 0.579420 -0.284600 0.003070 0.010894 0.015959
 38   1.420944 -3.359996 -2.808187 -0.101099 0.012424 1.961195
 39   -4.746814 -0.613434 -0.714929 0.135006 -0.025431 0.761498
 40   0.836842 -3.543522 3.221664 -0.101099 0.012425 1.961195
 41   -4.148675 -1.500550 0.928315 0.135005 -0.025431 0.761498
 42   1.014458 2.837962 -2.575329 0.015856 0.040587 -0.727436
 43   1.121143 2.628294 2.982662 0.015855 0.040564 -0.727436
time 32
  0   0.020765 -0.312510 15.239118 2.705095 0.026138 -1.571069
  1   -1.093036 0.000002 -0.326057 -1.571018 -1.570379 -0.000510
  2   2.262337 0.113614 0.064702 -0.013605 0.156448 -0.061327
  3   2.380047 0.353302 0.047440 0.001245 0.156982 0.043709
  4   2.033756 0.190472 -0.000128 -0.024428 0.172794 -0.098182
  5   2.451511 0.204909 -0.003447 0.000000 -0.000005 -0.017472
  6   7.247600 -0.397300 -0.109469 0.000001 -0.000003 0.418504
  7   -2.022252 -0.104661 3.136172 -0.298879 -1.361718 -2.901749
  8   1.168026 -0.537438 -0.063437 -1.428575 -1.142622 -1.666975
  9   6.790376 -0.619176 0.015206 -0.009367 -0.035190 -0.539141
 10   8.637599 0.544015 -0.090417 -1.570112 0.000221 -0.122021
 11   6.790465 -0.619039 0.017802 -0.009597 -0.035301 -0.392564
 12   -2.022474 -0.104699 -2.873818 0.299065 1.362032 -2.901601
 13   1.167898 -0.537463 0.063297 1.129837 1.187357 -1.877395
 14   7.002743 -0.617765 -0.183752 0.047142 0.002238 -0.464424
 15   8.209042 0.615527 -0.255885 1.570018 -0.000214 -0.121905
 16   7.002735 -0.617911 -0.183641 0.047532 0.002293 -0.343621
 17   1.574674 0.609930 -0.000899 0.000000 0.000008 -0.585212
 18   -0.602177 0.511412 -0.000006 0.000000 0.000000 0.000000
 19   3.673773 0.177020 1.119313 -0.000002 -0.000014 -0.174510
 20   3.673767 0.176993 -1.117566 0.000007 -0.000003 -0.174546
 21   2.899356 1.193911 1.522186 0.000002 -0.000011 -0.000026
 22   -0.226528 -0.754099 0.477457 0.000194 -0.057459 0.890061
 23   2.918905 1.182217 -1.611551 0.000019 0.000002 -0.000024
 24   -0.078176 -0.558764 -0.547762 0.000187 -0.057484 0.890104
 25   4.117120 1.989525 1.648862 -0.064411 0.440688 0.014417
 26   4.117138 1.989553 -1.609878 0.071523 -0.408734 -0.041694
 27   3.305099 1.322380 1.487156 -0.000019 -0.000022 -0.000050
 28   3.303622 1.321986 -1.528487 -0.000002 -0.000009 -0.000024
 29   8.824059 0.150544 0.091743 -0.111573 0.025715 0.509104
 30   2.154055 -0.393205 1.796039 -0.010287 -0.009429 0.117186
 31   2.129103 -0.448004 -1.845786 -0.003524 -0.003704 0.044286
 32   -0.810489 -0.093824 3.127092 0.001376 -2.696272 0.071551
 33   14.298673 -0.408176 0.475484 -0.000064 -0.000210 -0.001141
 34   15.835795 0.581398 0.242756 -0.003042 -0.010786 -0.001416
 35   -0.815868 -0.091229 -3.114430 0.458392 3.496800 -1.004434
 36   14.294526 -0.410349 -0.463635 -0.000051 -0.000180 -2.653655
 37   15.834409 0.579420 -0.284600 0.003070 0.010894 0.015959
 38   1.420944 -3.359996 -2.808187 -0.100867 0.013015 1.972375
 39   -4.750720 -0.625153 -0.714929 0.133532 -0.027049 0.805081
 40   0.836842 -3.543522 3.221664 -0.100867 0.013004 1.972375
 41   -4.140862 -1.488831 0.928315 0.133531 -0.027049 0.805081
 42   1.108211 2.912183 -2.563610 0.018001 0.043270 -0.791464
 43   1.195364 2.671264 2.986568 0.017979 0.043248 -0.791464
time 33
  0   0.020765 -0.398450 15.239118 2.705095 0.017070 -1.571069
  1   -1.093036 0.000002 -0.326057 -1.571385 -1.570379 0.000216
  2   2.262337 0.113614 0.064702 -0.013605 0.156448 -0.070037
  3   2.380047 0.353302 0.047440 0.001245 0.156982 0.032057
  4   2.033756 0.190472 -0.000128 -0.024428 0.172794 -0.112753
  5   2.451511 0.204909 -0.003447 0.000000 -0.000005 -0.017472
  6   7.247600 -0.397300 -0.109469 0.000001 -0.000003 0.418504
  7   -2.022252 -0.104661 3.136172 -0.298879 -1.361718 -2.901749
  8   1.168026 -0.537438 -0.063437 -1.432625 -1.125314 -1.663369
  9   6.790376 -0.619176 0.015206 -0.009367 -0.035190 -0.539141
 10   8.637599 0.544015 -0.090417 -1.570112 0.000221 -0.122021
 11   6.790465 -0.619039 0.017802 -0.009597 -0.035301 -0.392564
 12   -2.022474 -0.104699 -2.873818 0.299065 1.362032 -2.901601
 13   1.167898 -0.537463 0.063297 1.136656 1.179119 -1.871039
 14   7.002743 -0.617765 -0.183752 0.047142 0.002238 -0.464424
 15   8.209042 0.615527 -0.255885 1.570018 -0.000214 -0.121905
 16   7.002735 -0.617911 -0.183641 0.047532 0.002293 -0.343621
 17   1.574674 0.609930 -0.000899 0.000000 0.000008 -0.567803
 18   -0.602177 0.511412 -0.000006 0.000000 0.000000 0.000000
 19   3.673773 0.177020 1.119313 -0.000002 -0.000014 -0.174510
 20   3.673767 0.176993 -1.117566 0.000007 -0.000003 -0.174546
 21   2.899356 1.193911 1.522186 0.000002 -0.000011 -0.000026
 22   -0.226528 -0.754099 0.477457 0.000194 -0.057459 0.890061
 23   2.918905 1.182217 -1.611551 0.000019 0.000002 -0.000024
 24   -0.078176 -0.558764 -0.547762 0.000187 -0.057484 0.890104
 25   4.117120 1.989525 1.648862 -0.064411 0.440688 0.014417
 26   4.117138 1.989553 -1.609878 0.071523 -0.408734 -0.041694
 27   3.305099 1.322380 1.487156 -0.000019 -0.000022 -0.000050
 28   3.303622 1.321986 -1.528487 -0.000002 -0.000009 -0.000024
 29   8.824059 0.150544 0.091743 -0.113355 0.026593 0.544780
 30   2.185306 -0.244763 1.815571 -0.018911 -0.016839 0.215714
 31   2.133009 -0.342532 -1.834067 -0.006512 -0.006838 0.081532
 32   -0.810489 -0.093824 3.127092 0.001376 -2.696272 0.071551
 33   14.298673 -0.408176 0.475484 -0.000064 -0.000210 0.010610
 34   15.835795 0.581398 0.242756 -0.003042 -0.010786 -0.001416
 35   -0.815868 -0.091229 -3.114430 0.458392 3.496800 -1.004434
 36   14.294526 -0.410349 -0.463635 -0.000051 -0.000180 -2.653655
 37   15.834409 0.579420 -0.284600 0.003070 0.010894 0.015959
 38   1.420944 -3.359996 -2.808187 -0.100657 0.013677 1.985816
 39   -4.766346 -0.644685 -0.714929 0.131771 -0.029003 0.857106
 40   0.836842 -3.543522 3.221664 -0.100657 0.013678 1.985816
 41   -4.129143 -1.469299 0.928315 0.131770 -0.029003 0.857106
 42   1.221496 2.986404 -2.563610 0.020566 0.046459 -0.867872
 43   1.289117 2.725953 2.986568 0.020553 0.046449 -0.867872
time 34
  0   0.020765 -0.496109 15.239118 2.705095 0.008446 -1.571069
  1   -1.093036 0.000002 -0.326057 -1.568975 -1.570379 0.000216
  2   2.262337 0.113614 0.064702 -0.013605 0.156448 -0.078765
  3   2.380047 0.353302 0.047440 0.001245 0.156982 0.020548
  4   2.033756 0.190472 -0.000128 -0.024428 0.172794 -0.127288
  5   2.451511 0.204909 -0.003447 0.000000 -0.000005 -0.017472
  6   7.247600 -0.397300 -0.109469 0.000001 -0.000003 0.418504
  7   -2.022252 -0.104661 3.136172 -0.298879 -1.361718 -2.901749
  8   1.168026 -0.537438 -0.063437 -1.436232 -1.107804 -1.660206
  9   6.790376 -0.619176 0.015206 -0.009367 -0.035190 -0.539141
 10   8.637599 0.544015 -0.090417 -1.570112 0.000221 -0.122021
 11   6.790465 -0.619039 0.017802 -0.009597 -0.035301 -0.392564
 12   -2.022474 -0.104699 -2.873818 0.299065 1.362032 -2.901601
 13   1.167898 -0.537463 0.063297 1.143474 1.170728 -1.864925
 14   7.002743 -0.617765 -0.183752 0.047142 0.002238 -0.464424
 15   8.209042 0.615527 -0.255885 1.570018 -0.000214 -0.121905
 16   7.002735 -0.617911 -0.183641 0.047532 0.002293 -0.343621
 17   1.574674 0.609930 -0.000899 0.000000 0.000008 -0.550247
 18   -0.602177 0.511412 -0.000006 0.000000 0.000000 0.000000
 19   3.673773 0.177020 1.119313 -0.000002 -0.000014 -0.174510
 20   3.673767 0.176993 -1.117566 0.000007 -0.000003 -0.174546
 21   2.899356 1.193911 1.522186 0.000002 -0.000011 -0.000026
 22   -0.226528 -0.754099 0.477457 0.000194 -0.057459 0.890061
 23   2.918905 1.182217 -1.611551 0.000019 0.000002 -0.000024
 24   -0.078176 -0.558764 -0.547762 0.000187 -0.057484 0.890104
 25   4.117120 1.989525 1.648862 -0.064411 0.440688 0.014417
 26   4.117138 1.989553 -1.609878 0.071523 -0.408734 -0.041694
 27   3.305099 1.322380 1.487156 -0.000019 -0.000022 -0.000050
 28   3.303622 1.321986 -1.528487 -0.000002 -0.000009 -0.000024
 29   8.824059 0.150544 0.091743 -0.114781 0.027281 0.574608
 30   2.216557 -0.127572 1.827290 -0.026166 -0.023000 0.298247
 31   2.140822 -0.256592 -1.826254 -0.008994 -0.009428 0.112737
 32   -0.810489 -0.093824 3.127092 0.001376 -2.696272 0.071551
 33   14.298673 -0.408176 0.475484 -0.000064 -0.000210 0.022202
 34   15.835795 0.581398 0.242756 -0.003042 -0.010786 -0.001416
 35   -0.815868 -0.091229 -3.114430 0.458392 3.496800 -1.004434
 36   14.294526 -0.410349 -0.463635 -0.000051 -0.000180 -2.653655
 37   15.834409 0.579420 -0.284600 0.003070 0.010894 0.015959
 38   1.413131 -3.359996 -2.808187 -0.100425 0.014256 1.997119
 39   -4.778065 -0.652498 -0.714929 0.130284 -0.030633 0.900689
 40   0.844655 -3.543522 3.221664 -0.100425 0.014257 1.997119
 41   -4.117424 -1.461486 0.928315 0.130283 -0.030633 0.900689
 42   1.311342 3.052812 -2.555797 0.022711 0.049127 -0.931941
 43   1.367244 2.765017 2.994381 0.022702 0.049148 -0.931941
time 35
  0   0.020765 -0.546892 15.239118 2.705095 0.000000 -1.571069
  1   -1.093036 0.000002 -0.326057 -1.569708 -1.570379 -0.000752
  2   2.262337 0.113614 0.064702 -0.013605 0.156448 -0.087512
  3   2.380047 0.353302 0.047440 0.001245 0.156982 0.008876
  4   2.033756 0.190472 -0.000128 -0.024428 0.172794 -0.141497
  5   2.451511 0.204909 -0.003447 0.000000 -0.000005 -0.017472
  6   7.247600 -0.397300 -0.109469 0.000001 -0.000003 0.418504
  7   -2.022252 -0.104661 3.136172 -0.298879 -1.361718 -2.901749
  8   1.168026 -0.537438 -0.063437 -1.439586 -1.090597 -1.657043
  9   6.790376 -0.619176 0.015206 -0.009367 -0.035190 -0.539141
 10   8.637599 0.544015 -0.090417 -1.570112 0.000221 -0.122021
 11   6.790465 -0.619039 0.017802 -0.009597 -0.035301 -0.392564
 12   -2.022474 -0.104699 -2.873818 0.299065 1.362032 -2.901601
 13   1.167898 -0.537463 0.063297 1.149871 1.162287 -1.859053
 14   7.002743 -0.617765 -0.183752 0.047142 0.002238 -0.464424
 15   8.209042 0.615527 -0.255885 1.570018 -0.000214 -0.121905
 16   7.002735 -0.617911 -0.183641 0.047532 0.002293 -0.343621
 17   1.574674 0.609930 -0.000899 0.000000 0.000008 -0.532727
 18   -0.602177 0.511412 -0.000006 0.000000 0.000000 0.000000
 19   3.673773 0.177020 1.119313 -0.000002 -0.000014 -0.174510
 20   3.673767 0.176993 -1.117566 0.000007 -0.000003 -0.174546
 21   2.899356 1.193911 1.522186 0.000002 -0.000011 -0.000026
 22   -0.226528 -0.754099 0.477457 0.000194 -0.057459 0.890061
 23   2.918905 1.182217 -1.611551 0.000019 0.000002 -0.000024
 24   -0.078176 -0.558764 -0.547762 0.000187 -0.057484 0.890104
 25   4.117120 1.989525 1.648862 -0.064411 0.440688 0.014417
 26   4.117138 1.989553 -1.609878 0.071523 -0.408734 -0.041694
 27   3.305099 1.322380 1.487156 -0.000019 -0.000022 -0.000050
 28   3.303622 1.321986 -1.528487 -0.000002 -0.000009 -0.000024
 29   8.824059 0.150544 0.091743 -0.115405 0.027614 0.587108
 30   2.236089 -0.076789 1.835103 -0.029190 -0.025587 0.332876
 31   2.144728 -0.225341 -1.822348 -0.010036 -0.010542 0.125838
 32   -0.810489 -0.093824 3.127092 0.001376 -2.696272 0.071551
 33   14.298673 -0.408176 0.475484 -0.000064 -0.000210 0.033715
 34   15.835795 0.581398 0.242756 -0.003042 -0.010786 -0.001416
 35   -0.815868 -0.091229 -3.114430 0.458392 3.496800 -1.004434
 36   14.294526 -0.410349 -0.463635 -0.000051 -0.000180 -2.653732
 37   15.834409 0.579420 -0.284600 0.003070 0.010894 0.015959
 38   1.413131 -3.359996 -2.816000 -0.100362 0.014497 2.001884
 39   -4.781971 -0.656404 -0.714929 0.129661 -0.031316 0.918947
 40   0.844655 -3.543522 3.229477 -0.100362 0.014498 2.001884
 41   -4.109611 -1.457580 0.928315 0.129660 -0.031316 0.918947
 42   1.350406 3.084063 -2.555797 0.023610 0.050277 -0.958791
 43   1.398495 2.788455 2.994381 0.023589 0.050262 -0.958791
end
