version 1
nodes
  0 "Bip01" -1
  1 "Bip01 Pelvis" 0
  2 "Bip01 Spine" 1
  3 "Bip01 Spine1" 2
  4 "Bip01 Spine2" 3
  5 "Bip01 Spine3" 4
  6 "Bip01 Neck" 5
  7 "Bip01 L Arm" 6
  8 "Bip01 L Arm1" 7
  9 "Bip01 L Arm2" 8
 10 "Bip01 L Hand" 9
 11 "Bip06 L elbow2-smooth" 8
 12 "Bip01 R Arm" 6
 13 "Bip01 R Arm1" 12
 14 "Bip01 R Arm2" 13
 15 "Bip01 R Hand" 14
 16 "Bip06 R elbow2-smooth" 13
 17 "Bip01 Head" 6
 18 "Bip06 Head_helper" 17
 19 "Bip06 Head_eyes_l" 18
 20 "Bip06 Head_eyes_r" 18
 21 "Bip06 Head_blink_l" 18
 22 "Bip06 Head_blink_smooth_l1" 21
 23 "Bip06 Head_blink_r" 18
 24 "Bip06 Head_blink_smooth_r1" 23
 25 "Bip06 Head_L_eyebrow" 18
 26 "Bip06 Head_R_eyebrow" 18
 27 "Bip06 Head_blink_l_lid" 18
 28 "Bip06 Head_blink_r_lid" 18
 29 "Bip06 bunny" 18
 30 "Bip06 bunnyL" 29
 31 "Bip06 bunnyR" 29
 32 "Bip01 L Leg" 1
 33 "Bip01 L Leg1" 32
 34 "Bip01 L Foot" 33
 35 "Bip01 R Leg" 1
 36 "Bip01 R Leg1" 35
 37 "Bip01 R Foot" 36
 38 "Bip03 HairR1" 17
 39 "Bip03 HairR2" 38
 40 "Bip03 HairL1" 17
 41 "Bip03 HairL2" 40
 42 "Bip03 swingR" 17
 43 "Bip03 swingL" 17
end
skeleton
time 0
  0   -0.010486 0.000000 2.055121 0.000000 0.000000 -1.571069
  1   -1.093036 0.000002 -0.326057 -0.221706 -1.569036 -1.348744
  2   2.262337 0.113614 0.064702 -0.000090 -0.001557 -0.016710
  3   2.380047 0.353302 0.047440 -0.011686 -0.000316 -0.028262
  4   2.033756 0.190472 -0.000128 -0.000010 0.000024 -0.139576
  5   2.451511 0.204909 -0.003447 -0.016638 0.000008 -0.012692
  6   7.247600 -0.397300 -0.109469 0.000001 -0.000003 0.156829
  7   -2.022252 -0.104661 3.136172 0.325636 -1.225081 -3.496597
  8   1.168026 -0.537438 -0.063437 0.681322 1.084843 0.765515
  9   6.790376 -0.619176 0.015206 -0.000102 -0.000151 -0.354246
 10   8.637599 0.544015 -0.090417 -1.500805 0.180843 -0.286387
 11   6.790465 -0.619039 0.017802 -0.002006 -0.010912 -0.263141
 12   -2.022474 -0.104699 -2.873818 -0.514912 1.396280 -3.660253
 13   1.167898 -0.537463 0.063297 -0.293619 -1.189258 0.277340
 14   7.002743 -0.617765 -0.183752 0.000115 0.000194 -0.232914
 15   8.209042 0.615527 -0.255885 1.747043 -0.188380 0.226410
 16   7.002735 -0.617911 -0.183641 0.014627 0.001616 -0.181630
 17   1.574674 0.609930 -0.000899 0.026281 0.007203 0.237541
 18   -0.602177 0.511412 -0.000006 0.000000 0.000000 0.000000
 19   3.646428 0.364526 1.119313 -0.000002 -0.000014 -0.174510
 20   3.646422 0.364499 -1.117566 0.000007 -0.000003 -0.174546
 21   3.805634 1.330634 1.627658 0.000002 -0.000011 -0.000026
 22   -0.246060 -0.011889 0.516521 -0.000011 0.000031 0.000025
 23   3.805651 1.330659 -1.631083 0.000019 0.000002 -0.000024
 24   -0.246150 -0.011872 -0.516511 -0.000005 -0.000006 0.000048
 25   4.941364 1.997338 1.629330 0.000018 -0.000001 -0.000024
 26   4.941382 1.997366 -1.629410 -0.000001 0.000005 -0.000024
 27   2.930087 1.603639 1.514501 -0.000019 -0.000022 -0.000050
 28   2.932517 1.603245 -1.501142 -0.000002 -0.000009 -0.000024
 29   8.824059 0.150544 0.091743 0.000006 -0.000231 -0.174534
 30   2.111085 -0.561179 1.784320 -0.000008 -0.000682 0.000024
 31   2.121290 -0.561289 -1.853599 0.000000 0.000000 -0.000002
 32   -0.810489 -0.093824 3.127092 -0.083351 -3.103217 -0.358780
 33   14.298673 -0.408176 0.475484 -0.000399 0.000075 -0.469987
 34   15.835795 0.581398 0.242756 -0.056407 0.019914 0.053050
 35   -0.815868 -0.091229 -3.114430 0.147613 3.163736 -0.058617
 36   14.294526 -0.410349 -0.463635 0.000045 0.000048 -0.282030
 37   15.834409 0.579420 -0.284600 0.199915 0.023410 0.198943
 38   1.139685 -3.453749 -2.823813 0.000000 0.000000 0.000001
 39   -4.457742 -1.054854 -0.746180 0.000000 0.000000 0.000000
 40   1.118101 -3.449769 3.237290 0.000000 0.000001 0.000000
 41   -4.433840 -1.059130 0.959566 -0.000001 0.000000 0.000000
 42   -0.657468 1.697302 -2.688614 0.000000 0.000002 0.000000
 43   -0.664068 1.698578 2.869377 0.000000 0.000002 0.000000
time 1
  0   -0.010486 0.000000 2.055121 0.000000 0.000000 -1.571069
  1   -1.093036 0.000002 -0.326057 -0.221706 -1.569036 -1.348744
  2   2.262337 0.113614 0.064702 -0.000090 -0.001557 -0.016710
  3   2.380047 0.353302 0.047440 -0.011686 -0.000316 -0.028262
  4   2.033756 0.190472 -0.000128 -0.000010 0.000024 -0.139576
  5   2.451511 0.204909 -0.003447 -0.016638 0.000008 -0.012692
  6   7.247600 -0.397300 -0.109469 0.000001 -0.000003 0.156829
  7   -2.022252 -0.104661 3.136172 0.329854 -1.229030 -3.496315
  8   1.168026 -0.537438 -0.063437 0.670248 1.081975 0.746157
  9   6.790376 -0.619176 0.015206 -0.019687 0.015266 -0.363830
 10   8.637599 0.544015 -0.090417 -1.494817 0.172326 -0.285664
 11   6.790465 -0.619039 0.017802 -0.009889 0.000117 -0.263603
 12   -2.022474 -0.104699 -2.873818 -0.520948 1.397702 -3.665711
 13   1.167898 -0.537463 0.063297 -0.289402 -1.181375 0.273102
 14   7.002743 -0.617765 -0.183752 0.005182 -0.007586 -0.238442
 15   8.209042 0.615527 -0.255885 1.747619 -0.179679 0.225929
 16   7.002735 -0.617911 -0.183641 0.019664 -0.006504 -0.187425
 17   1.574674 0.609930 -0.000899 0.026281 0.007203 0.237615
 18   -0.602177 0.511412 -0.000006 0.000000 0.000000 0.000000
 19   3.646428 0.364526 1.119313 -0.000002 -0.000014 -0.174510
 20   3.646422 0.364499 -1.117566 0.000007 -0.000003 -0.174546
 21   3.805634 1.330634 1.627658 0.000002 -0.000011 -0.000026
 22   -0.246060 -0.011889 0.516521 -0.000011 0.000031 0.000025
 23   3.805651 1.330659 -1.631083 0.000019 0.000002 -0.000024
 24   -0.246150 -0.011872 -0.516511 -0.000005 -0.000006 0.000048
 25   4.941364 1.997338 1.629330 0.000018 -0.000001 -0.000024
 26   4.941382 1.997366 -1.629410 -0.000001 0.000005 -0.000024
 27   2.930087 1.603639 1.514501 -0.000019 -0.000022 -0.000050
 28   2.932517 1.603245 -1.501142 -0.000002 -0.000009 -0.000024
 29   8.824059 0.150544 0.091743 0.000006 -0.000231 -0.171261
 30   2.111085 -0.561179 1.784320 0.000616 0.003793 0.000067
 31   2.121290 -0.561289 -1.853599 -0.000613 -0.004377 -0.000002
 32   -0.810489 -0.093824 3.127092 -0.083351 -3.103217 -0.358780
 33   14.298673 -0.408176 0.475484 -0.000399 0.000075 -0.469987
 34   15.835795 0.581398 0.242756 -0.056407 0.019914 0.053050
 35   -0.815868 -0.091229 -3.114430 0.147613 3.163736 -0.058617
 36   14.294526 -0.410349 -0.463635 0.000045 0.000048 -0.282030
 37   15.834409 0.579420 -0.284600 0.199915 0.023410 0.198943
 38   1.139685 -3.453749 -2.823813 0.000000 0.000000 0.002017
 39   -4.457742 -1.054854 -0.746180 -0.000060 0.000000 0.003674
 40   1.118101 -3.449769 3.237290 0.000000 0.000001 0.002016
 41   -4.433840 -1.059130 0.959566 -0.000061 0.000000 0.003674
 42   -0.657468 1.697302 -2.680801 0.000419 0.002195 0.000000
 43   -0.664068 1.698578 2.865470 -0.000725 -0.003685 0.000000
time 2
  0   -0.010486 0.000000 2.055121 0.000000 0.000000 -1.571069
  1   -1.093036 0.000002 -0.326057 -0.221706 -1.569036 -1.348744
  2   2.262337 0.113614 0.064702 -0.000090 -0.001557 -0.016710
  3   2.380047 0.353302 0.047440 -0.011686 -0.000316 -0.028262
  4   2.033756 0.190472 -0.000128 -0.000010 0.000024 -0.139576
  5   2.451511 0.204909 -0.003447 -0.016638 0.000008 -0.012915
  6   7.247600 -0.397300 -0.109469 0.000001 -0.000003 0.156829
  7   -2.022252 -0.104661 3.136172 0.341357 -1.240186 -3.495564
  8   1.168026 -0.537438 -0.063437 0.639051 1.073220 0.692449
  9   6.790376 -0.619176 0.015206 -0.075444 0.058647 -0.391074
 10   8.637599 0.544015 -0.090417 -1.477556 0.148534 -0.283638
 11   6.790465 -0.619039 0.017802 -0.032049 0.031271 -0.264872
 12   -2.022474 -0.104699 -2.873818 -0.538576 1.401736 -3.681699
 13   1.167898 -0.537463 0.063297 -0.278436 -1.159407 0.262388
 14   7.002743 -0.617765 -0.183752 0.020725 -0.029732 -0.255438
 15   8.209042 0.615527 -0.255885 1.749129 -0.154635 0.224546
 16   7.002735 -0.617911 -0.183641 0.035010 -0.029905 -0.205142
 17   1.574674 0.609930 -0.000899 0.026281 0.007203 0.237799
 18   -0.602177 0.511412 -0.000006 0.000000 0.000000 0.000000
 19   3.646428 0.364526 1.119313 -0.000002 -0.000014 -0.174510
 20   3.646422 0.364499 -1.117566 0.000007 -0.000003 -0.174546
 21   3.805634 1.330634 1.627658 0.000002 -0.000011 -0.000026
 22   -0.246060 -0.011889 0.516521 -0.000011 0.000031 0.000025
 23   3.805651 1.330659 -1.631083 0.000019 0.000002 -0.000024
 24   -0.246150 -0.011872 -0.516511 -0.000005 -0.000006 0.000048
 25   4.941364 1.997338 1.629330 0.000018 -0.000001 -0.000024
 26   4.941382 1.997366 -1.629410 -0.000001 0.000005 -0.000024
 27   2.930087 1.603639 1.514501 -0.000019 -0.000022 -0.000050
 28   2.932517 1.603245 -1.501142 -0.000002 -0.000009 -0.000024
 29   8.824059 0.150544 0.091743 -0.000083 -0.000231 -0.162249
 30   2.111085 -0.561179 1.776507 0.002406 0.016057 0.000260
 31   2.121290 -0.561289 -1.837973 -0.002329 -0.016396 0.000089
 32   -0.810489 -0.093824 3.127092 -0.083351 -3.103217 -0.358780
 33   14.298673 -0.408176 0.475484 -0.000399 0.000075 -0.469987
 34   15.835795 0.581398 0.242756 -0.056407 0.019914 0.053050
 35   -0.815868 -0.091229 -3.114430 0.147613 3.163736 -0.058617
 36   14.294526 -0.410349 -0.463635 0.000045 0.000048 -0.282030
 37   15.834409 0.579420 -0.284600 0.199915 0.023410 0.198943
 38   1.139685 -3.453749 -2.823813 -0.000105 0.000000 0.007821
 39   -4.457742 -1.054854 -0.746180 -0.000216 0.000024 0.013686
 40   1.118101 -3.449769 3.237290 -0.000105 0.000001 0.007820
 41   -4.433840 -1.059130 0.959566 -0.000217 0.000024 0.013686
 42   -0.649655 1.697302 -2.657363 0.001642 0.008174 0.000042
 43   -0.664068 1.698578 2.849845 -0.002774 -0.013791 0.000084
time 3
  0   -0.010486 0.000000 2.055121 0.000000 0.000000 -1.571069
  1   -1.093036 0.000002 -0.326057 -0.221706 -1.569036 -1.348744
  2   2.262337 0.113614 0.064702 -0.000090 -0.001557 -0.016710
  3   2.380047 0.353302 0.047440 -0.011686 -0.000316 -0.028262
  4   2.033756 0.190472 -0.000128 -0.000010 0.000024 -0.139576
  5   2.451511 0.204909 -0.003447 -0.016638 -0.000005 -0.013856
  6   7.247600 -0.397300 -0.109469 0.000001 -0.000003 0.156829
  7   -2.022252 -0.104661 3.136172 0.359378 -1.257396 -3.494155
  8   1.168026 -0.537438 -0.063437 0.591274 1.057975 0.610843
  9   6.790376 -0.619176 0.015206 -0.161382 0.125721 -0.433411
 10   8.637599 0.544015 -0.090417 -1.451313 0.111579 -0.280672
 11   6.790465 -0.619039 0.017802 -0.066384 0.079338 -0.266660
 12   -2.022474 -0.104699 -2.873818 -0.568277 1.408093 -3.708603
 13   1.167898 -0.537463 0.063297 -0.263744 -1.125844 0.247859
 14   7.002743 -0.617765 -0.183752 0.046914 -0.064995 -0.283820
 15   8.209042 0.615527 -0.255885 1.751358 -0.115065 0.222742
 16   7.002735 -0.617911 -0.183641 0.061043 -0.067121 -0.234670
 17   1.574674 0.609930 -0.000899 0.026403 0.007203 0.238723
 18   -0.602177 0.511412 -0.000006 0.000000 0.000000 0.000000
 19   3.646428 0.364526 1.119313 -0.000002 -0.000014 -0.174510
 20   3.646422 0.364499 -1.117566 0.000007 -0.000003 -0.174546
 21   3.805634 1.330634 1.627658 0.000002 -0.000011 -0.000026
 22   -0.246060 -0.011889 0.516521 -0.000011 0.000031 0.000025
 23   3.805651 1.330659 -1.631083 0.000019 0.000002 -0.000024
 24   -0.246150 -0.011872 -0.516511 -0.000005 -0.000006 0.000048
 25   4.941364 1.997338 1.629330 0.000018 -0.000001 -0.000024
 26   4.941382 1.997366 -1.629410 -0.000001 0.000005 -0.000024
 27   2.930087 1.603639 1.514501 -0.000019 -0.000022 -0.000050
 28   2.932517 1.603245 -1.501142 -0.000002 -0.000009 -0.000024
 29   8.824059 0.150544 0.091743 -0.000261 -0.000231 -0.148890
 30   2.118898 -0.561179 1.772601 0.004996 0.034074 0.000539
 31   2.133009 -0.561289 -1.822348 -0.004888 -0.034034 0.000235
 32   -0.810489 -0.093824 3.127092 -0.083351 -3.103217 -0.358780
 33   14.298673 -0.408176 0.475484 -0.000399 0.000075 -0.469987
 34   15.835795 0.581398 0.242756 -0.056407 0.019914 0.053050
 35   -0.815868 -0.091229 -3.114430 0.147613 3.163736 -0.058617
 36   14.294526 -0.410349 -0.463635 0.000045 0.000048 -0.282030
 37   15.834409 0.579420 -0.284600 0.199915 0.023410 0.198943
 38   1.147498 -3.453749 -2.823813 -0.000253 0.000012 0.016374
 39   -4.457742 -1.054854 -0.746180 -0.000443 0.000060 0.028438
 40   1.125914 -3.449769 3.237290 -0.000253 0.000013 0.016373
 41   -4.433840 -1.059130 0.959566 -0.000444 0.000060 0.028438
 42   -0.637936 1.697302 -2.626112 0.003404 0.017006 0.000125
 43   -0.656255 1.698578 2.830313 -0.005760 -0.028651 0.000251
time 4
  0   -0.010486 0.000000 2.055121 0.000000 0.000000 -1.571069
  1   -1.093036 0.000002 -0.326057 -0.221706 -1.569036 -1.348744
  2   2.262337 0.113614 0.064702 -0.000090 -0.001557 -0.016710
  3   2.380047 0.353302 0.047440 -0.011686 -0.000316 -0.028262
  4   2.033756 0.190472 -0.000128 -0.000010 0.000024 -0.139576
  5   2.451511 0.204909 -0.003447 -0.016638 -0.000005 -0.016407
  6   7.247600 -0.397300 -0.109469 0.000001 -0.000003 0.156829
  7   -2.022252 -0.104661 3.136172 0.382096 -1.279592 -3.491995
  8   1.168026 -0.537438 -0.063437 0.531221 1.035535 0.508867
  9   6.790376 -0.619176 0.015206 -0.272175 0.212216 -0.488427
 10   8.637599 0.544015 -0.090417 -1.417496 0.063925 -0.277561
 11   6.790465 -0.619039 0.017802 -0.110587 0.141362 -0.269140
 12   -2.022474 -0.104699 -2.873818 -0.610528 1.416219 -3.747473
 13   1.167898 -0.537463 0.063297 -0.247717 -1.083077 0.232181
 14   7.002743 -0.617765 -0.183752 0.084148 -0.112127 -0.323340
 15   8.209042 0.615527 -0.255885 1.754018 -0.062785 0.220998
 16   7.002735 -0.617911 -0.183641 0.098279 -0.116799 -0.276065
 17   1.574674 0.609930 -0.000899 0.026484 0.007203 0.241348
 18   -0.602177 0.511412 -0.000006 0.000000 0.000000 0.000000
 19   3.646428 0.364526 1.119313 -0.000002 -0.000014 -0.174510
 20   3.646422 0.364499 -1.117566 0.000007 -0.000003 -0.174546
 21   3.805634 1.330634 1.627658 0.000002 -0.000011 -0.000026
 22   -0.246060 -0.011889 0.516521 -0.000011 0.000031 0.000025
 23   3.805651 1.330659 -1.631083 0.000019 0.000002 -0.000024
 24   -0.246150 -0.011872 -0.516511 -0.000005 -0.000006 0.000048
 25   4.941364 1.997338 1.629330 0.000018 -0.000001 -0.000024
 26   4.941382 1.997366 -1.629410 -0.000001 0.000005 -0.000024
 27   2.930087 1.603639 1.514501 -0.000019 -0.000022 -0.000050
 28   2.932517 1.603245 -1.501142 -0.000002 -0.000009 -0.000024
 29   8.824059 0.150544 0.091743 -0.000618 -0.000255 -0.132742
 30   2.118898 -0.561179 1.756975 0.008142 0.055956 0.000882
 31   2.140822 -0.561289 -1.802816 -0.007952 -0.055533 0.000380
 32   -0.810489 -0.093824 3.127092 -0.083351 -3.103217 -0.358780
 33   14.298673 -0.408176 0.475484 -0.000399 0.000075 -0.469987
 34   15.835795 0.581398 0.242756 -0.056407 0.019914 0.053050
 35   -0.815868 -0.091229 -3.114430 0.147613 3.163736 -0.058617
 36   14.294526 -0.410349 -0.463635 0.000045 0.000048 -0.282030
 37   15.834409 0.579420 -0.284600 0.199915 0.023410 0.198943
 38   1.155311 -3.453749 -2.823813 -0.000421 0.000024 0.026699
 39   -4.457742 -1.054854 -0.746180 -0.000731 0.000096 0.046388
 40   1.129820 -3.449769 3.237290 -0.000421 0.000025 0.026698
 41   -4.433840 -1.059130 0.959566 -0.000732 0.000096 0.046388
 42   -0.626217 1.689489 -2.583142 0.005561 0.027723 0.000251
 43   -0.656255 1.698578 2.806875 -0.009396 -0.046711 0.000418
time 5
  0   -0.010486 0.000000 2.055121 0.000000 0.000000 -1.571069
  1   -1.093036 0.000002 -0.326057 -0.221706 -1.569036 -1.348744
  2   2.262337 0.113614 0.064702 -0.000090 -0.001557 -0.016710
  3   2.380047 0.353302 0.047440 -0.011686 -0.000316 -0.028262
  4   2.033756 0.190472 -0.000128 -0.000010 0.000024 -0.139576
  5   2.451511 0.204909 -0.003447 -0.016638 -0.000005 -0.018760
  6   7.247600 -0.397300 -0.109469 0.000001 -0.000003 0.156829
  7   -2.022252 -0.104661 3.136172 0.408649 -1.305622 -3.488896
  8   1.168026 -0.537438 -0.063437 0.463574 1.004994 0.394619
  9   6.790376 -0.619176 0.015206 -0.401997 0.313928 -0.553329
 10   8.637599 0.544015 -0.090417 -1.377867 0.008105 -0.274740
 11   6.790465 -0.619039 0.017802 -0.162527 0.214159 -0.271908
 12   -2.022474 -0.104699 -2.873818 -0.667533 1.425710 -3.800131
 13   1.167898 -0.537463 0.063297 -0.232182 -1.033698 0.216866
 14   7.002743 -0.617765 -0.183752 0.132711 -0.169649 -0.373998
 15   8.209042 0.615527 -0.255885 1.756822 0.000240 0.219735
 16   7.002735 -0.617911 -0.183641 0.147048 -0.177247 -0.329160
 17   1.574674 0.609930 -0.000899 0.026647 0.007203 0.243898
 18   -0.602177 0.511412 -0.000006 0.000000 0.000000 0.000000
 19   3.646428 0.364526 1.119313 -0.000002 -0.000014 -0.174510
 20   3.646422 0.364499 -1.117566 0.000007 -0.000003 -0.174546
 21   3.805634 1.330634 1.627658 0.000002 -0.000011 -0.000026
 22   -0.246060 -0.011889 0.516521 -0.000011 0.000031 0.000025
 23   3.805651 1.330659 -1.631083 0.000019 0.000002 -0.000024
 24   -0.246150 -0.011872 -0.516511 -0.000005 -0.000006 0.000048
 25   4.941364 1.997338 1.629330 0.000018 -0.000001 -0.000024
 26   4.941382 1.997366 -1.629410 -0.000001 0.000005 -0.000024
 27   2.930087 1.603639 1.514501 -0.000019 -0.000022 -0.000050
 28   2.932517 1.603245 -1.501142 -0.000002 -0.000009 -0.000024
 29   8.824059 0.150544 0.091743 -0.000796 -0.000255 -0.115199
 30   2.130617 -0.561179 1.753069 0.011600 0.079786 0.001268
 31   2.152541 -0.561289 -1.779378 -0.011323 -0.078870 0.000544
 32   -0.810489 -0.093824 3.127092 -0.083351 -3.103217 -0.358780
 33   14.298673 -0.408176 0.475484 -0.000399 0.000075 -0.469987
 34   15.835795 0.581398 0.242756 -0.056407 0.019914 0.053050
 35   -0.815868 -0.091229 -3.114430 0.147613 3.163736 -0.058617
 36   14.294526 -0.410349 -0.463635 0.000045 0.000048 -0.282030
 37   15.834409 0.579420 -0.284600 0.199915 0.023410 0.198943
 38   1.167030 -3.453749 -2.823813 -0.000589 0.000048 0.038002
 39   -4.457742 -1.054854 -0.746180 -0.001067 0.000132 0.065879
 40   1.145446 -3.449769 3.237290 -0.000589 0.000049 0.038001
 41   -4.433840 -1.059130 0.959566 -0.001068 0.000132 0.065879
 42   -0.606685 1.689489 -2.532359 0.007898 0.039360 0.000335
 43   -0.644536 1.698578 2.775624 -0.013344 -0.066373 0.000585
time 6
  0   -0.010486 0.000000 2.055121 0.000000 0.000000 -1.571069
  1   -1.093036 0.000002 -0.326057 -0.221706 -1.569036 -1.348744
  2   2.262337 0.113614 0.064702 -0.000090 -0.001557 -0.016710
  3   2.380047 0.353302 0.047440 -0.011686 -0.000316 -0.028262
  4   2.033756 0.190472 -0.000128 -0.000010 0.000024 -0.139576
  5   2.451511 0.204909 -0.003447 -0.016638 -0.000005 -0.021880
  6   7.247600 -0.397300 -0.109469 0.000001 -0.000003 0.156829
  7   -2.022252 -0.104661 3.136172 0.437215 -1.334448 -3.484576
  8   1.168026 -0.537438 -0.063437 0.392953 0.966252 0.275373
  9   6.790376 -0.619176 0.015206 -0.545301 0.426519 -0.625853
 10   8.637599 0.544015 -0.090417 -1.334010 -0.053839 -0.272642
 11   6.790465 -0.619039 0.017802 -0.220044 0.294659 -0.274965
 12   -2.022474 -0.104699 -2.873818 -0.741208 1.436043 -3.868873
 13   1.167898 -0.537463 0.063297 -0.217983 -0.980252 0.202943
 14   7.002743 -0.617765 -0.183752 0.193060 -0.236371 -0.435877
 15   8.209042 0.615527 -0.255885 1.759770 0.072646 0.219494
 16   7.002735 -0.617911 -0.183641 0.207774 -0.247281 -0.394122
 17   1.574674 0.609930 -0.000899 0.026809 0.007155 0.247003
 18   -0.602177 0.511412 -0.000006 0.000000 0.000000 0.000000
 19   3.646428 0.364526 1.119313 -0.000002 -0.000014 -0.174510
 20   3.646422 0.364499 -1.117566 0.000007 -0.000003 -0.174546
 21   3.805634 1.330634 1.627658 0.000002 -0.000011 -0.000026
 22   -0.246060 -0.011889 0.516521 -0.000011 0.000031 0.000025
 23   3.805651 1.330659 -1.631083 0.000019 0.000002 -0.000024
 24   -0.246150 -0.011872 -0.516511 -0.000005 -0.000006 0.000048
 25   4.941364 1.997338 1.629330 0.000018 -0.000001 -0.000024
 26   4.941382 1.997366 -1.629410 -0.000001 0.000005 -0.000024
 27   2.930087 1.603639 1.514501 -0.000019 -0.000022 -0.000050
 28   2.932517 1.603245 -1.501142 -0.000002 -0.000009 -0.000024
 29   8.824059 0.150544 0.091743 -0.001242 -0.000255 -0.097656
 30   2.130617 -0.561179 1.741350 0.015044 0.103615 0.001654
 31   2.164260 -0.561289 -1.752033 -0.014648 -0.102233 0.000726
 32   -0.810489 -0.093824 3.127092 -0.083351 -3.103217 -0.358780
 33   14.298673 -0.408176 0.475484 -0.000399 0.000075 -0.469987
 34   15.835795 0.581398 0.242756 -0.056407 0.019914 0.053050
 35   -0.815868 -0.091229 -3.114430 0.147613 3.163736 -0.058617
 36   14.294526 -0.410349 -0.463635 0.000045 0.000048 -0.282030
 37   15.834409 0.579420 -0.284600 0.199915 0.023410 0.198943
 38   1.170936 -3.461562 -2.823813 -0.000800 0.000060 0.049243
 39   -4.457742 -1.054854 -0.746180 -0.001366 0.000180 0.085371
 40   1.149352 -3.449769 3.237290 -0.000800 0.000061 0.049242
 41   -4.433840 -1.059130 0.959566 -0.001367 0.000180 0.085371
 42   -0.587153 1.689489 -2.489389 0.010235 0.051028 0.000502
 43   -0.644536 1.698578 2.744373 -0.017292 -0.086018 0.000795
time 7
  0   -0.010486 0.000000 2.055121 0.000000 0.000000 -1.571069
  1   -1.093036 0.000002 -0.326057 -0.221706 -1.569036 -1.348744
  2   2.262337 0.113614 0.064702 -0.000090 -0.001557 -0.016710
  3   2.380047 0.353302 0.047440 -0.011686 -0.000316 -0.028262
  4   2.033756 0.190472 -0.000128 -0.000010 0.000024 -0.139576
  5   2.451511 0.204909 -0.003447 -0.016638 -0.000018 -0.023614
  6   7.247600 -0.397300 -0.109469 0.000001 -0.000003 0.156829
  7   -2.022252 -0.104661 3.136172 0.466355 -1.364889 -3.478659
  8   1.168026 -0.537438 -0.063437 0.322838 0.919812 0.158025
  9   6.790376 -0.619176 0.015206 -0.696317 0.545984 -0.703132
 10   8.637599 0.544015 -0.090417 -1.287688 -0.119302 -0.271629
 11   6.790465 -0.619039 0.017802 -0.280801 0.379821 -0.278310
 12   -2.022474 -0.104699 -2.873818 -0.834908 1.446520 -3.957338
 13   1.167898 -0.537463 0.063297 -0.205541 -0.925229 0.190836
 14   7.002743 -0.617765 -0.183752 0.265137 -0.310930 -0.508812
 15   8.209042 0.615527 -0.255885 1.763006 0.152467 0.220757
 16   7.002735 -0.617911 -0.183641 0.280787 -0.325435 -0.470840
 17   1.574674 0.609930 -0.000899 0.026891 0.007155 0.248777
 18   -0.602177 0.511412 -0.000006 0.000000 0.000000 0.000000
 19   3.654241 0.270773 1.119313 -0.000002 -0.000014 -0.174510
 20   3.646422 0.364499 -1.117566 0.000007 -0.000003 -0.174546
 21   3.352495 1.260319 1.576875 0.000002 -0.000011 -0.000026
 22   -0.238247 -0.379088 0.496989 0.000083 -0.028708 0.445010
 23   3.805651 1.330659 -1.631083 0.000019 0.000002 -0.000024
 24   -0.246150 -0.011872 -0.516511 -0.000005 -0.000006 0.000048
 25   4.535101 1.997338 1.637143 -0.032209 0.220343 0.007203
 26   4.941382 1.997366 -1.629410 -0.000001 0.000005 -0.000024
 27   3.117593 1.466916 1.506688 -0.000019 -0.000022 -0.000050
 28   2.932517 1.603245 -1.501142 -0.000002 -0.000009 -0.000024
 29   8.824059 0.150544 0.091743 -0.001420 -0.000278 -0.081508
 30   2.142336 -0.561179 1.725724 0.018190 0.125497 0.001997
 31   2.175979 -0.569102 -1.736408 -0.017743 -0.123653 0.000890
 32   -0.810489 -0.093824 3.127092 -0.083351 -3.103217 -0.358780
 33   14.298673 -0.408176 0.475484 -0.000399 0.000075 -0.469987
 34   15.835795 0.581398 0.242756 -0.056407 0.019914 0.053050
 35   -0.815868 -0.091229 -3.114430 0.147613 3.163736 -0.058617
 36   14.294526 -0.410349 -0.463635 0.000045 0.000048 -0.282030
 37   15.834409 0.579420 -0.284600 0.199915 0.023410 0.198943
 38   1.178749 -3.461562 -2.823813 -0.000947 0.000084 0.059568
 39   -4.457742 -1.054854 -0.746180 -0.001678 0.000216 0.103321
 40   1.157165 -3.449769 3.237290 -0.000947 0.000085 0.059567
 41   -4.433840 -1.059130 0.959566 -0.001679 0.000216 0.103321
 42   -0.575434 1.685583 -2.446419 0.012368 0.061730 0.000585
 43   -0.632817 1.698578 2.720935 -0.020928 -0.104095 0.001046
time 8
  0   -0.010486 0.000000 2.055121 0.000000 0.000000 -1.571069
  1   -1.093036 0.000002 -0.326057 -0.221706 -1.569036 -1.348744
  2   2.262337 0.113614 0.064702 -0.000090 -0.001557 -0.016710
  3   2.380047 0.353302 0.047440 -0.011686 -0.000316 -0.028262
  4   2.033756 0.190472 -0.000128 -0.000010 0.000024 -0.139576
  5   2.451511 0.204909 -0.003447 -0.016638 -0.000057 -0.027527
  6   7.247600 -0.397300 -0.109469 0.000001 -0.000003 0.156829
  7   -2.022252 -0.104661 3.136172 0.494346 -1.395906 -3.470489
  8   1.168026 -0.537438 -0.063437 0.255698 0.866529 0.047319
  9   6.790376 -0.619176 0.015206 -0.849163 0.667785 -0.782599
 10   8.637599 0.544015 -0.090417 -1.240221 -0.185891 -0.271846
 11   6.790465 -0.619039 0.017802 -0.342697 0.466518 -0.281540
 12   -2.022474 -0.104699 -2.873818 -0.951984 1.456505 -4.068589
 13   1.167898 -0.537463 0.063297 -0.194996 -0.871274 0.180424
 14   7.002743 -0.617765 -0.183752 0.349454 -0.391905 -0.592555
 15   8.209042 0.615527 -0.255885 1.766385 0.237584 0.223824
 16   7.002735 -0.617911 -0.183641 0.366369 -0.410356 -0.559204
 17   1.574674 0.609930 -0.000899 0.027094 0.007155 0.252695
 18   -0.602177 0.511412 -0.000006 0.000000 0.000000 0.000000
 19   3.673773 0.177020 1.119313 -0.000002 -0.000014 -0.174510
 20   3.646422 0.364499 -1.117566 0.000007 -0.000003 -0.174546
 21   2.899356 1.193911 1.522186 0.000002 -0.000011 -0.000026
 22   -0.226528 -0.754099 0.477457 0.000194 -0.057459 0.890061
 23   3.805651 1.330659 -1.631083 0.000019 0.000002 -0.000024
 24   -0.246150 -0.011872 -0.516511 -0.000005 -0.000006 0.000048
 25   4.117120 1.989525 1.648862 -0.064411 0.440688 0.014417
 26   4.941382 1.997366 -1.629410 -0.000001 0.000005 -0.000024
 27   3.305099 1.322380 1.487156 -0.000019 -0.000022 -0.000050
 28   2.932517 1.603245 -1.501142 -0.000002 -0.000009 -0.000024
 29   8.824059 0.150544 0.091743 -0.001598 -0.000278 -0.068203
 30   2.142336 -0.561179 1.721818 0.020780 0.143544 0.002275
 31   2.183792 -0.569102 -1.716876 -0.020271 -0.141370 0.001017
 32   -0.810489 -0.093824 3.127092 -0.083351 -3.103217 -0.358780
 33   14.298673 -0.408176 0.475484 -0.000399 0.000075 -0.469987
 34   15.835795 0.581398 0.242756 -0.056407 0.019914 0.053050
 35   -0.815868 -0.091229 -3.114430 0.147613 3.163736 -0.058617
 36   14.294526 -0.410349 -0.463635 0.000045 0.000048 -0.282030
 37   15.834409 0.579420 -0.284600 0.199915 0.023410 0.198943
 38   1.182655 -3.461562 -2.823813 -0.001095 0.000096 0.068121
 39   -4.457742 -1.054854 -0.746180 -0.001918 0.000240 0.118073
 40   1.161071 -3.449769 3.237290 -0.001095 0.000097 0.068120
 41   -4.433840 -1.059130 0.959566 -0.001919 0.000240 0.118073
 42   -0.563715 1.677770 -2.407355 0.014154 0.070546 0.000711
 43   -0.632817 1.698578 2.701403 -0.023914 -0.118955 0.001213
time 9
  0   -0.010486 0.000000 2.055121 0.000000 0.000000 -1.571069
  1   -1.093036 0.000002 -0.326057 -0.221706 -1.569036 -1.348744
  2   2.262337 0.113614 0.064702 -0.000090 -0.001557 -0.016710
  3   2.380047 0.353302 0.047440 -0.011686 -0.000316 -0.028262
  4   2.033756 0.190472 -0.000128 -0.000010 0.000024 -0.139576
  5   2.451511 0.204909 -0.003447 -0.016638 -0.000123 -0.034387
  6   7.247600 -0.397300 -0.109469 0.000001 -0.000003 0.156829
  7   -2.022252 -0.104661 3.136172 -2.622668 -1.715216 -0.317906
  8   1.168026 -0.537438 -0.063437 0.192544 0.808215 -0.052696
  9   6.790376 -0.619176 0.015206 -0.998015 0.787650 -0.861689
 10   8.637599 0.544015 -0.090417 -1.193195 -0.251284 -0.273510
 11   6.790465 -0.619039 0.017802 -0.403513 0.551651 -0.284769
 12   -2.022474 -0.104699 -2.873818 -1.094257 1.465125 -4.204925
 13   1.167898 -0.537463 0.063297 -0.186280 -0.820879 0.171828
 14   7.002743 -0.617765 -0.183752 0.446011 -0.478161 -0.687106
 15   8.209042 0.615527 -0.255885 1.770556 0.326483 0.229056
 16   7.002735 -0.617911 -0.183641 0.464849 -0.500520 -0.659158
 17   1.574674 0.609930 -0.000899 0.027459 0.007155 0.259459
 18   -0.602177 0.511412 -0.000006 0.000000 0.000000 0.000000
 19   3.673773 0.177020 1.119313 -0.000002 -0.000014 -0.174510
 20   3.646422 0.364499 -1.117566 0.000007 -0.000003 -0.174546
 21   2.899356 1.193911 1.522186 0.000002 -0.000011 -0.000026
 22   -0.226528 -0.754099 0.477457 0.000194 -0.057459 0.890061
 23   3.805651 1.330659 -1.631083 0.000019 0.000002 -0.000024
 24   -0.246150 -0.011872 -0.516511 -0.000005 -0.000006 0.000048
 25   4.117120 1.989525 1.648862 -0.064411 0.440688 0.014417
 26   4.941382 1.997366 -1.629410 -0.000001 0.000005 -0.000024
 27   3.305099 1.322380 1.487156 -0.000019 -0.000022 -0.000050
 28   2.932517 1.603245 -1.501142 -0.000002 -0.000009 -0.000024
 29   8.824059 0.150544 0.091743 -0.001866 -0.000326 -0.059191
 30   2.142336 -0.561179 1.710099 0.022570 0.155778 0.002468
 31   2.191605 -0.569102 -1.705157 -0.021987 -0.153311 0.001090
 32   -0.810489 -0.093824 3.127092 -0.083351 -3.103217 -0.358780
 33   14.298673 -0.408176 0.475484 -0.000399 0.000075 -0.469987
 34   15.835795 0.581398 0.242756 -0.056407 0.019914 0.053050
 35   -0.815868 -0.091229 -3.114430 0.147613 3.163736 -0.058617
 36   14.294526 -0.410349 -0.463635 0.000045 0.000048 -0.282030
 37   15.834409 0.579420 -0.284600 0.199915 0.023410 0.198943
 38   1.190468 -3.461562 -2.823813 -0.001200 0.000121 0.073864
 39   -4.457742 -1.062667 -0.746180 -0.002061 0.000264 0.128085
 40   1.168884 -3.457582 3.237290 -0.001200 0.000122 0.073863
 41   -4.433840 -1.051317 0.959566 -0.002062 0.000264 0.128085
 42   -0.551996 1.677770 -2.383917 0.015340 0.076541 0.000753
 43   -0.625004 1.698578 2.681871 -0.025938 -0.129060 0.001338
time 10
  0   -0.010486 0.000000 2.055121 0.000000 0.000000 -1.571069
  1   -1.093036 0.000002 -0.326057 -0.221706 -1.569036 -1.348744
  2   2.262337 0.113614 0.064702 -0.000090 -0.001557 -0.016710
  3   2.380047 0.353302 0.047440 -0.011686 -0.000316 -0.028262
  4   2.033756 0.190472 -0.000128 -0.000010 0.000024 -0.139576
  5   2.451511 0.204909 -0.003447 -0.016638 -0.000149 -0.036814
  6   7.247600 -0.397300 -0.109469 0.000001 -0.000003 0.156829
  7   -2.022252 -0.104661 3.136172 -2.604455 -1.686447 -0.302222
  8   1.168026 -0.537438 -0.063437 0.133503 0.746932 -0.139995
  9   6.790376 -0.619176 0.015206 -1.136770 0.901242 -0.937836
 10   8.637599 0.544015 -0.090417 -1.147841 -0.313016 -0.276476
 11   6.790465 -0.619039 0.017802 -0.461059 0.632180 -0.287942
 12   -2.022474 -0.104699 -2.873818 -1.260674 1.471597 -4.365386
 13   1.167898 -0.537463 0.063297 -0.179321 -0.776687 0.165048
 14   7.002743 -0.617765 -0.183752 0.555037 -0.568562 -0.792218
 15   8.209042 0.615527 -0.255885 1.775733 0.417124 0.236874
 16   7.002735 -0.617911 -0.183641 0.576416 -0.594745 -0.770371
 17   1.574674 0.609930 -0.000899 0.027540 0.007155 0.262009
 18   -0.602177 0.511412 -0.000006 0.000000 0.000000 0.000000
 19   3.673773 0.177020 1.119313 -0.000002 -0.000014 -0.174510
 20   3.646422 0.364499 -1.117566 0.000007 -0.000003 -0.174546
 21   2.899356 1.193911 1.522186 0.000002 -0.000011 -0.000026
 22   -0.226528 -0.754099 0.477457 0.000194 -0.057459 0.890061
 23   3.805651 1.330659 -1.631083 0.000019 0.000002 -0.000024
 24   -0.246150 -0.011872 -0.516511 -0.000005 -0.000006 0.000048
 25   4.117120 1.989525 1.648862 -0.064411 0.440688 0.014417
 26   4.941382 1.997366 -1.629410 -0.000001 0.000005 -0.000024
 27   3.305099 1.322380 1.487156 -0.000019 -0.000022 -0.000050
 28   2.932517 1.603245 -1.501142 -0.000002 -0.000009 -0.000024
 29   8.824059 0.150544 0.091743 -0.001866 -0.000326 -0.055864
 30   2.150149 -0.561179 1.710099 0.023221 0.160282 0.002533
 31   2.195511 -0.569102 -1.697344 -0.022646 -0.157766 0.001108
 32   -0.810489 -0.093824 3.127092 -0.083351 -3.103217 -0.358780
 33   14.298673 -0.408176 0.475484 -0.000399 0.000075 -0.469987
 34   15.835795 0.581398 0.242756 -0.056407 0.019914 0.053050
 35   -0.815868 -0.091229 -3.114430 0.147613 3.163736 -0.058617
 36   14.294526 -0.410349 -0.463635 0.000045 0.000048 -0.282030
 37   15.834409 0.579420 -0.284600 0.199915 0.023410 0.198943
 38   1.190468 -3.461562 -2.823813 -0.001221 0.000121 0.076064
 39   -4.457742 -1.062667 -0.746180 -0.002121 0.000276 0.131787
 40   1.168884 -3.457582 3.237290 -0.001221 0.000122 0.076063
 41   -4.433840 -1.051317 0.959566 -0.002122 0.000276 0.131787
 42   -0.551996 1.677770 -2.376104 0.015796 0.078749 0.000795
 43   -0.625004 1.690765 2.674058 -0.026700 -0.132779 0.001464
time 11
  0   -0.010486 0.000000 2.055121 0.000000 0.000000 -1.571069
  1   -1.093036 0.000002 -0.326057 -0.221706 -1.569036 -1.348744
  2   2.262337 0.113614 0.064702 -0.000090 -0.001557 -0.016710
  3   2.380047 0.353302 0.047440 -0.011686 -0.000316 -0.028262
  4   2.033756 0.190472 -0.000128 -0.000010 0.000024 -0.139576
  5   2.451511 0.204909 -0.003447 -0.016638 -0.000188 -0.042089
  6   7.247600 -0.397300 -0.109469 0.000001 -0.000003 0.156829
  7   -2.022252 -0.104661 3.136172 -2.595923 -1.660474 -0.279871
  8   1.168026 -0.537438 -0.063437 0.078259 0.685146 -0.212998
  9   6.790376 -0.619176 0.015206 -1.259546 1.004222 -1.008247
 10   8.637599 0.544015 -0.090417 -1.106363 -0.368695 -0.280455
 11   6.790465 -0.619039 0.017802 -0.513116 0.705005 -0.290710
 12   -2.022474 -0.104699 -2.873818 -1.444241 1.475225 -4.543082
 13   1.167898 -0.537463 0.063297 -0.174189 -0.741243 0.159842
 14   7.002743 -0.617765 -0.183752 0.676531 -0.661689 -0.907478
 15   8.209042 0.615527 -0.255885 1.782348 0.507688 0.247398
 16   7.002735 -0.617911 -0.183641 0.701116 -0.691676 -0.892734
 17   1.574674 0.609930 -0.000899 0.027865 0.007132 0.267183
 18   -0.602177 0.511412 -0.000006 0.000000 0.000000 0.000000
 19   3.673773 0.177020 1.119313 -0.000002 -0.000014 -0.174510
 20   3.646422 0.364499 -1.117566 0.000007 -0.000003 -0.174546
 21   2.899356 1.193911 1.522186 0.000002 -0.000011 -0.000026
 22   -0.226528 -0.754099 0.477457 0.000194 -0.057459 0.890061
 23   3.805651 1.330659 -1.631083 0.000019 0.000002 -0.000024
 24   -0.246150 -0.011872 -0.516511 -0.000005 -0.000006 0.000048
 25   4.117120 1.989525 1.648862 -0.064411 0.440688 0.014417
 26   4.941382 1.997366 -1.629410 -0.000001 0.000005 -0.000024
 27   3.305099 1.322380 1.487156 -0.000019 -0.000022 -0.000050
 28   2.932517 1.603245 -1.501142 -0.000002 -0.000009 -0.000024
 29   8.824059 0.150544 0.091743 -0.001687 -0.000326 -0.060425
 30   2.142336 -0.561179 1.714005 0.022692 0.149675 0.002468
 31   2.191605 -0.569102 -1.709063 -0.022171 -0.145799 0.001072
 32   -0.810489 -0.093824 3.127092 -0.083351 -3.103217 -0.358780
 33   14.298673 -0.408176 0.475484 -0.000399 0.000075 -0.469987
 34   15.835795 0.581398 0.242756 -0.056407 0.019914 0.053050
 35   -0.815868 -0.091229 -3.114430 0.147613 3.163736 -0.058617
 36   14.294526 -0.410349 -0.463635 0.000045 0.000048 -0.282030
 37   15.834409 0.579420 -0.284600 0.199915 0.023410 0.198943
 38   1.190468 -3.461562 -2.823813 -0.001221 0.000121 0.075636
 39   -4.457742 -1.062667 -0.746180 -0.002073 0.000264 0.129627
 40   1.168884 -3.457582 3.237290 -0.001221 0.000122 0.075635
 41   -4.433840 -1.051317 0.959566 -0.002086 0.000264 0.129627
 42   -0.551996 1.677770 -2.391730 0.014933 0.074471 0.000795
 43   -0.625004 1.698578 2.689684 -0.025201 -0.125372 0.001506
time 12
  0   -0.010486 0.000000 2.055121 0.000000 0.000000 -1.571069
  1   -1.093036 0.000002 -0.326057 -0.221706 -1.569036 -1.348744
  2   2.262337 0.113614 0.064702 -0.000090 -0.001557 -0.016710
  3   2.380047 0.353302 0.047440 -0.011686 -0.000316 -0.028262
  4   2.033756 0.190472 -0.000128 -0.000010 0.000024 -0.139576
  5   2.451511 0.204909 -0.003447 -0.016638 -0.000227 -0.047537
  6   7.247600 -0.397300 -0.109469 0.000001 -0.000003 0.156829
  7   -2.022252 -0.104661 3.136172 -2.601483 -1.638422 -0.247753
  8   1.168026 -0.537438 -0.063437 0.026179 0.625322 -0.270438
  9   6.790376 -0.619176 0.015206 -1.360741 1.092119 -1.070734
 10   8.637599 0.544015 -0.090417 -1.070168 -0.416138 -0.285230
 11   6.790465 -0.619039 0.017802 -0.557436 0.766972 -0.293075
 12   -2.022474 -0.104699 -2.873818 -1.631735 1.475777 -4.724607
 13   1.167898 -0.537463 0.063297 -0.170745 -0.717088 0.156331
 14   7.002743 -0.617765 -0.183752 0.810493 -0.756405 -1.032474
 15   8.209042 0.615527 -0.255885 1.790832 0.596134 0.260869
 16   7.002735 -0.617911 -0.183641 0.838951 -0.790186 -1.025583
 17   1.574674 0.609930 -0.000899 0.028069 0.007132 0.272764
 18   -0.602177 0.511412 -0.000006 0.000000 0.000000 0.000000
 19   3.673773 0.177020 1.119313 -0.000002 -0.000014 -0.174510
 20   3.646422 0.364499 -1.117566 0.000007 -0.000003 -0.174546
 21   2.899356 1.193911 1.522186 0.000002 -0.000011 -0.000026
 22   -0.226528 -0.754099 0.477457 0.000194 -0.057459 0.890061
 23   3.805651 1.330659 -1.631083 0.000019 0.000002 -0.000024
 24   -0.246150 -0.011872 -0.516511 -0.000005 -0.000006 0.000048
 25   4.117120 1.989525 1.648862 -0.064411 0.440688 0.014417
 26   4.941382 1.997366 -1.629410 -0.000001 0.000005 -0.000024
 27   3.305099 1.322380 1.487156 -0.000019 -0.000022 -0.000050
 28   2.932517 1.603245 -1.501142 -0.000002 -0.000009 -0.000024
 29   8.824059 0.150544 0.091743 -0.001509 -0.000326 -0.072764
 30   2.138430 -0.561179 1.733537 0.021282 0.120935 0.002233
 31   2.175979 -0.569102 -1.720782 -0.020884 -0.113371 0.000890
 32   -0.810489 -0.093824 3.127092 -0.083351 -3.103217 -0.358780
 33   14.298673 -0.408176 0.475484 -0.000399 0.000075 -0.469987
 34   15.835795 0.581398 0.242756 -0.056407 0.019914 0.053050
 35   -0.815868 -0.091229 -3.114430 0.147613 3.163736 -0.058617
 36   14.294526 -0.410349 -0.463635 0.000045 0.000048 -0.282030
 37   15.834409 0.579420 -0.284600 0.199915 0.023410 0.198943
 38   1.182655 -3.461562 -2.823813 -0.001200 0.000121 0.074292
 39   -4.457742 -1.062667 -0.746180 -0.001942 0.000264 0.123570
 40   1.161071 -3.449769 3.237290 -0.001200 0.000122 0.074291
 41   -4.433840 -1.051317 0.959566 -0.001990 0.000252 0.123570
 42   -0.563715 1.677770 -2.426887 0.012608 0.062880 0.000753
 43   -0.632817 1.698578 2.713122 -0.021165 -0.105319 0.001506
time 13
  0   -0.010486 0.000000 2.055121 0.000000 0.000000 -1.571069
  1   -1.093036 0.000002 -0.326057 -0.221706 -1.569036 -1.348744
  2   2.262337 0.113614 0.064702 -0.000090 -0.001557 -0.016710
  3   2.380047 0.353302 0.047440 -0.011686 -0.000316 -0.028262
  4   2.033756 0.190472 -0.000128 -0.000010 0.000024 -0.139576
  5   2.451511 0.204909 -0.003447 -0.016638 -0.000266 -0.053184
  6   7.247600 -0.397300 -0.109469 0.000001 -0.000003 0.156829
  7   -2.022252 -0.104661 3.136172 -2.624489 -1.621415 -0.204271
  8   1.168026 -0.537438 -0.063437 -0.023496 0.570027 -0.311431
  9   6.790376 -0.619176 0.015206 -1.435361 1.160527 -1.123863
 10   8.637599 0.544015 -0.090417 -1.041283 -0.452741 -0.290077
 11   6.790465 -0.619039 0.017802 -0.591829 0.815096 -0.294863
 12   -2.022474 -0.104699 -2.873818 -1.807828 1.473397 -4.895313
 13   1.167898 -0.537463 0.063297 -0.169199 -0.706866 0.154818
 14   7.002743 -0.617765 -0.183752 0.956582 -0.851747 -1.166710
 15   8.209042 0.615527 -0.255885 1.801905 0.680797 0.277467
 16   7.002735 -0.617911 -0.183641 0.989590 -0.888809 -1.168256
 17   1.574674 0.609930 -0.000899 0.028353 0.007084 0.278456
 18   -0.602177 0.511412 -0.000006 0.000000 0.000000 0.000000
 19   3.673773 0.177020 1.119313 -0.000002 -0.000014 -0.174510
 20   3.646422 0.364499 -1.117566 0.000007 -0.000003 -0.174546
 21   2.899356 1.193911 1.522186 0.000002 -0.000011 -0.000026
 22   -0.226528 -0.754099 0.477457 0.000194 -0.057459 0.890061
 23   3.805651 1.330659 -1.631083 0.000019 0.000002 -0.000024
 24   -0.246150 -0.011872 -0.516511 -0.000005 -0.000006 0.000048
 25   4.117120 1.989525 1.648862 -0.064411 0.440688 0.014417
 26   4.941382 1.997366 -1.629410 -0.000001 0.000005 -0.000024
 27   3.305099 1.322380 1.487156 -0.000019 -0.000022 -0.000050
 28   2.932517 1.603245 -1.501142 -0.000002 -0.000009 -0.000024
 29   8.824059 0.150544 0.091743 -0.001331 -0.000326 -0.090950
 30   2.118898 -0.561179 1.756975 0.019180 0.078565 0.001911
 31   2.160354 -0.569102 -1.748127 -0.018984 -0.065557 0.000635
 32   -0.810489 -0.093824 3.127092 -0.083351 -3.103217 -0.358780
 33   14.298673 -0.408176 0.475484 -0.000399 0.000075 -0.469987
 34   15.835795 0.581398 0.242756 -0.056407 0.019914 0.053050
 35   -0.815868 -0.091229 -3.114430 0.147613 3.163736 -0.058617
 36   14.294526 -0.410349 -0.463635 0.000045 0.000048 -0.282030
 37   15.834409 0.579420 -0.284600 0.199915 0.023410 0.198943
 38   1.178749 -3.461562 -2.823813 -0.001158 0.000121 0.071726
 39   -4.457742 -1.054854 -0.746180 -0.001762 0.000240 0.114118
 40   1.157165 -3.449769 3.237290 -0.001158 0.000122 0.071725
 41   -4.433840 -1.059130 0.959566 -0.001859 0.000216 0.114118
 42   -0.575434 1.685583 -2.477670 0.009168 0.045769 0.000753
 43   -0.632817 1.698578 2.756092 -0.015218 -0.075772 0.001547
time 14
  0   -0.010486 0.000000 2.055121 0.000000 0.000000 -1.571069
  1   -1.093036 0.000002 -0.326057 -0.221706 -1.569036 -1.348744
  2   2.262337 0.113614 0.064702 -0.000090 -0.001557 -0.016710
  3   2.380047 0.353302 0.047440 -0.011686 -0.000316 -0.028262
  4   2.033756 0.190472 -0.000128 -0.000010 0.000024 -0.139576
  5   2.451511 0.204909 -0.003447 -0.016638 -0.000331 -0.061777
  6   7.247600 -0.397300 -0.109469 0.000001 -0.000003 0.156829
  7   -2.022252 -0.104661 3.136172 -2.658710 -1.610489 -0.156657
  8   1.168026 -0.537438 -0.063437 -0.071336 0.521574 -0.334964
  9   6.790376 -0.619176 0.015206 -1.480355 1.205177 -1.167936
 10   8.637599 0.544015 -0.090417 -1.021820 -0.476322 -0.294490
 11   6.790465 -0.619039 0.017802 -0.614047 0.846193 -0.296074
 12   -2.022474 -0.104699 -2.873818 -1.961695 1.468753 -5.043999
 13   1.167898 -0.537463 0.063297 -0.168636 -0.704781 0.154031
 14   7.002743 -0.617765 -0.183752 1.112692 -0.946009 -1.307712
 15   8.209042 0.615527 -0.255885 1.815639 0.759558 0.297192
 16   7.002735 -0.617911 -0.183641 1.150679 -0.986304 -1.318104
 17   1.574674 0.609930 -0.000899 0.028840 0.007084 0.286958
 18   -0.602177 0.511412 -0.000006 0.000000 0.000000 0.000000
 19   3.673773 0.177020 1.119313 -0.000002 -0.000014 -0.174510
 20   3.646422 0.364499 -1.117566 0.000007 -0.000003 -0.174546
 21   2.899356 1.193911 1.522186 0.000002 -0.000011 -0.000026
 22   -0.226528 -0.754099 0.477457 0.000194 -0.057459 0.890061
 23   3.805651 1.330659 -1.631083 0.000019 0.000002 -0.000024
 24   -0.246150 -0.011872 -0.516511 -0.000005 -0.000006 0.000048
 25   4.117120 1.989525 1.648862 -0.064411 0.440688 0.014417
 26   4.941382 1.997366 -1.629410 -0.000001 0.000005 -0.000024
 27   3.305099 1.322380 1.487156 -0.000019 -0.000022 -0.000050
 28   2.932517 1.603245 -1.501142 -0.000002 -0.000009 -0.000024
 29   8.824059 0.150544 0.091743 -0.000885 -0.000278 -0.113161
 30   2.111085 -0.561179 1.784320 0.016644 0.027129 0.001568
 31   2.140822 -0.569102 -1.783284 -0.016701 -0.007511 0.000326
 32   -0.810489 -0.093824 3.127092 -0.083351 -3.103217 -0.358780
 33   14.298673 -0.408176 0.475484 -0.000399 0.000075 -0.469987
 34   15.835795 0.581398 0.242756 -0.056407 0.019914 0.053050
 35   -0.815868 -0.091229 -3.114430 0.147613 3.163736 -0.058617
 36   14.294526 -0.410349 -0.463635 0.000045 0.000048 -0.282030
 37   15.834409 0.579420 -0.284600 0.199915 0.023410 0.198943
 38   1.170936 -3.461562 -2.823813 -0.001095 0.000096 0.067755
 39   -4.457742 -1.054854 -0.746180 -0.001498 0.000228 0.101862
 40   1.149352 -3.449769 3.237290 -0.001095 0.000097 0.067754
 41   -4.433840 -1.059130 0.959566 -0.001655 0.000192 0.101862
 42   -0.587153 1.689489 -2.544078 0.005010 0.024994 0.000711
 43   -0.644536 1.698578 2.799062 -0.008009 -0.039870 0.001547
time 15
  0   -0.010486 0.000000 2.055121 0.000000 0.000000 -1.571069
  1   -1.093036 0.000002 -0.326057 -0.221706 -1.569036 -1.348744
  2   2.262337 0.113614 0.064702 -0.000090 -0.001557 -0.016710
  3   2.380047 0.353302 0.047440 -0.011686 -0.000316 -0.028262
  4   2.033756 0.190472 -0.000128 -0.000010 0.000024 -0.139576
  5   2.451511 0.204909 -0.003447 -0.016638 -0.000371 -0.064576
  6   7.247600 -0.397300 -0.109469 0.000001 -0.000003 0.156829
  7   -2.022252 -0.104661 3.136172 -2.677786 -1.606627 -0.132803
  8   1.168026 -0.537438 -0.063437 -0.117214 0.482279 -0.339898
  9   6.790376 -0.619176 0.015206 -1.494003 1.221795 -1.204613
 10   8.637599 0.544015 -0.090417 -1.014159 -0.484628 -0.297673
 11   6.790465 -0.619039 0.017802 -0.621989 0.857279 -0.296477
 12   -2.022474 -0.104699 -2.873818 -2.087968 1.462803 -5.165782
 13   1.167898 -0.537463 0.063297 -0.168074 -0.703306 0.153123
 14   7.002743 -0.617765 -0.183752 1.269598 -1.036411 -1.447311
 15   8.209042 0.615527 -0.255885 1.831961 0.830905 0.319503
 16   7.002735 -0.617911 -0.183641 1.312333 -1.079570 -1.466297
 17   1.574674 0.609930 -0.000899 0.028962 0.007084 0.289804
 18   -0.602177 0.511412 -0.000006 0.000000 0.000000 0.000000
 19   3.673773 0.177020 1.119313 -0.000002 -0.000014 -0.174510
 20   3.646422 0.364499 -1.117566 0.000007 -0.000003 -0.174546
 21   2.899356 1.193911 1.522186 0.000002 -0.000011 -0.000026
 22   -0.226528 -0.754099 0.477457 0.000194 -0.057459 0.890061
 23   3.805651 1.330659 -1.631083 0.000019 0.000002 -0.000024
 24   -0.246150 -0.011872 -0.516511 -0.000005 -0.000006 0.000048
 25   4.117120 1.989525 1.648862 -0.064411 0.440688 0.014417
 26   4.941382 1.997366 -1.629410 -0.000001 0.000005 -0.000024
 27   3.305099 1.322380 1.487156 -0.000019 -0.000022 -0.000050
 28   2.932517 1.603245 -1.501142 -0.000002 -0.000009 -0.000024
 29   8.824059 0.150544 0.091743 -0.000529 -0.000278 -0.137249
 30   2.091553 -0.561179 1.815571 0.013878 -0.028841 0.001139
 31   2.121290 -0.561289 -1.814535 -0.014219 0.055584 -0.000002
 32   -0.810489 -0.093824 3.127092 -0.083351 -3.103217 -0.358780
 33   14.298673 -0.408176 0.475484 -0.000399 0.000075 -0.469987
 34   15.835795 0.581398 0.242756 -0.056407 0.019914 0.053050
 35   -0.815868 -0.091229 -3.114430 0.147613 3.163736 -0.058617
 36   14.294526 -0.410349 -0.463635 0.000045 0.000048 -0.282030
 37   15.834409 0.579420 -0.284600 0.199915 0.023410 0.198943
 38   1.167030 -3.461562 -2.823813 -0.000989 0.000096 0.062073
 39   -4.457742 -1.054854 -0.746180 -0.001222 0.000192 0.087334
 40   1.145446 -3.449769 3.237290 -0.000989 0.000097 0.062072
 41   -4.433840 -1.059130 0.959566 -0.001403 0.000156 0.087334
 42   -0.606685 1.689489 -2.614393 0.000467 0.002394 0.000711
 43   -0.652349 1.698578 2.853751 -0.000125 -0.000814 0.001589
time 16
  0   -0.010486 0.000000 2.055121 0.000000 0.000000 -1.571069
  1   -1.093036 0.000002 -0.326057 -0.221706 -1.569036 -1.348744
  2   2.262337 0.113614 0.064702 -0.000090 -0.001557 -0.016710
  3   2.380047 0.353302 0.047440 -0.011686 -0.000316 -0.028262
  4   2.033756 0.190472 -0.000128 -0.000010 0.000024 -0.139576
  5   2.451511 0.204909 -0.003447 -0.016552 -0.000397 -0.070024
  6   7.247600 -0.397300 -0.109469 0.000001 -0.000003 0.156829
  7   -2.022252 -0.104661 3.136172 -2.499586 -1.608097 -0.332557
  8   1.168026 -0.537438 -0.063437 -0.157081 0.455562 -0.303903
  9   6.790376 -0.619176 0.015206 -1.469481 1.198503 -1.237819
 10   8.637599 0.544015 -0.090417 -1.017417 -0.481742 -0.299988
 11   6.790465 -0.619039 0.017802 -0.618456 0.831469 -0.292556
 12   -2.022474 -0.104699 -2.873818 -2.187033 1.456418 -5.260757
 13   1.167898 -0.537463 0.063297 -0.167511 -0.702340 0.152215
 14   7.002743 -0.617765 -0.183752 1.416484 -1.119203 -1.576432
 15   8.209042 0.615527 -0.255885 1.850296 0.892871 0.343377
 16   7.002735 -0.617911 -0.183641 1.462878 -1.164885 -1.602458
 17   1.574674 0.609930 -0.000899 0.029206 0.007061 0.295422
 18   -0.602177 0.511412 -0.000006 0.000000 0.000000 0.000000
 19   3.673773 0.177020 1.119313 -0.000002 -0.000014 -0.174510
 20   3.646422 0.364499 -1.117566 0.000007 -0.000003 -0.174546
 21   2.899356 1.193911 1.522186 0.000002 -0.000011 -0.000026
 22   -0.226528 -0.754099 0.477457 0.000194 -0.057459 0.890061
 23   3.805651 1.330659 -1.631083 0.000019 0.000002 -0.000024
 24   -0.246150 -0.011872 -0.516511 -0.000005 -0.000006 0.000048
 25   4.117120 1.989525 1.648862 -0.064411 0.440688 0.014417
 26   4.941382 1.997366 -1.629410 -0.000001 0.000005 -0.000024
 27   3.305099 1.322380 1.487156 -0.000019 -0.000022 -0.000050
 28   2.932517 1.603245 -1.501142 -0.000002 -0.000009 -0.000024
 29   8.824059 0.150544 0.091743 -0.000083 -0.000278 -0.161337
 30   2.079834 -0.561179 1.854635 0.011125 -0.084840 0.000732
 31   2.101758 -0.561289 -1.853599 -0.011737 0.118732 -0.000293
 32   -0.810489 -0.093824 3.127092 -0.083351 -3.103217 -0.358780
 33   14.298673 -0.408176 0.475484 -0.000399 0.000075 -0.469987
 34   15.835795 0.581398 0.242756 -0.056407 0.019914 0.053050
 35   -0.815868 -0.091229 -3.114430 0.147613 3.163736 -0.058617
 36   14.294526 -0.410349 -0.463635 0.000045 0.000048 -0.282030
 37   15.834409 0.579420 -0.284600 0.199915 0.023410 0.198943
 38   1.155311 -3.453749 -2.823813 -0.000863 0.000084 0.054436
 39   -4.457742 -1.054854 -0.746180 -0.000947 0.000168 0.071096
 40   1.137633 -3.449769 3.237290 -0.000863 0.000085 0.054435
 41   -4.433840 -1.059130 0.959566 -0.001164 0.000108 0.071096
 42   -0.618404 1.689489 -2.680801 -0.004051 -0.020191 0.000627
 43   -0.656255 1.698578 2.900628 0.007709 0.038211 0.001589
time 17
  0   -0.010486 0.000000 2.055121 0.000000 0.000000 -1.571069
  1   -1.093036 0.000002 -0.326057 -0.221706 -1.569036 -1.348744
  2   2.262337 0.113614 0.064702 -0.000090 -0.001557 -0.016710
  3   2.380047 0.353302 0.047440 -0.011686 -0.000316 -0.028262
  4   2.033756 0.190472 -0.000128 -0.000010 0.000024 -0.139576
  5   2.451511 0.204909 -0.003447 -0.016552 -0.000449 -0.077776
  6   7.247600 -0.397300 -0.109469 0.000001 -0.000003 0.156829
  7   -2.022252 -0.104661 3.136172 -2.150759 -1.618186 -0.739953
  8   1.168026 -0.537438 -0.063437 -0.188911 0.439964 -0.219640
  9   6.790376 -0.619176 0.015206 -1.403183 1.132230 -1.269138
 10   8.637599 0.544015 -0.090417 -1.029218 -0.473647 -0.301652
 11   6.790465 -0.619039 0.017802 -0.608004 0.760690 -0.282405
 12   -2.022474 -0.104699 -2.873818 -2.260996 1.450468 -5.331414
 13   1.167898 -0.537463 0.063297 -0.167090 -0.701781 0.151307
 14   7.002743 -0.617765 -0.183752 1.543102 -1.190581 -1.686329
 15   8.209042 0.615527 -0.255885 1.869134 0.943714 0.367252
 16   7.002735 -0.617911 -0.183641 1.591156 -1.238359 -1.716596
 17   1.574674 0.609930 -0.000899 0.029653 0.007013 0.303109
 18   -0.602177 0.511412 -0.000006 0.000000 0.000000 0.000000
 19   3.673773 0.177020 1.119313 -0.000002 -0.000014 -0.174510
 20   3.646422 0.364499 -1.117566 0.000007 -0.000003 -0.174546
 21   2.899356 1.193911 1.522186 0.000002 -0.000011 -0.000026
 22   -0.226528 -0.754099 0.477457 0.000194 -0.057459 0.890061
 23   3.805651 1.330659 -1.631083 0.000019 0.000002 -0.000024
 24   -0.246150 -0.011872 -0.516511 -0.000005 -0.000006 0.000048
 25   4.117120 1.989525 1.648862 -0.064411 0.440688 0.014417
 26   4.941382 1.997366 -1.629410 -0.000001 0.000005 -0.000024
 27   3.305099 1.322380 1.487156 -0.000019 -0.000022 -0.000050
 28   2.932517 1.603245 -1.501142 -0.000002 -0.000009 -0.000024
 29   8.824059 0.150544 0.091743 0.000006 -0.000255 -0.183386
 30   2.060302 -0.561179 1.885886 0.008576 -0.136277 0.000346
 31   2.082226 -0.561289 -1.880944 -0.009423 0.176777 -0.000621
 32   -0.810489 -0.093824 3.127092 -0.083351 -3.103217 -0.358780
 33   14.298673 -0.408176 0.475484 -0.000399 0.000075 -0.469987
 34   15.835795 0.581398 0.242756 -0.056407 0.019914 0.053050
 35   -0.815868 -0.091229 -3.114430 0.147613 3.163736 -0.058617
 36   14.294526 -0.410349 -0.463635 0.000045 0.000048 -0.282030
 37   15.834409 0.579420 -0.284600 0.199915 0.023410 0.198943
 38   1.147498 -3.453749 -2.823813 -0.000737 0.000060 0.044661
 39   -4.457742 -1.054854 -0.746180 -0.000647 0.000132 0.053680
 40   1.125914 -3.449769 3.237290 -0.000737 0.000061 0.044660
 41   -4.433840 -1.059130 0.959566 -0.000876 0.000072 0.053680
 42   -0.637936 1.697302 -2.743303 -0.008209 -0.040951 0.000585
 43   -0.664068 1.698578 2.943598 0.014918 0.074113 0.001589
time 18
  0   -0.010486 0.000000 2.055121 0.000000 0.000000 -1.571069
  1   -1.093036 0.000002 -0.326057 -0.221706 -1.569036 -1.348744
  2   2.262337 0.113614 0.064702 -0.000090 -0.001557 -0.016710
  3   2.380047 0.353302 0.047440 -0.011686 -0.000316 -0.028262
  4   2.033756 0.190472 -0.000128 -0.000010 0.000024 -0.139576
  5   2.451511 0.204909 -0.003447 -0.016552 -0.000488 -0.082407
  6   7.247600 -0.397300 -0.109469 0.000001 -0.000003 0.156829
  7   -2.022252 -0.104661 3.136172 -1.936229 -1.640642 -1.040007
  8   1.168026 -0.537438 -0.063437 -0.216185 0.428845 -0.107163
  9   6.790376 -0.619176 0.015206 -1.298881 1.031318 -1.297061
 10   8.637599 0.544015 -0.090417 -1.048328 -0.460484 -0.302592
 11   6.790465 -0.619039 0.017802 -0.590515 0.654778 -0.268390
 12   -2.022474 -0.104699 -2.873818 -2.312253 1.445592 -5.380338
 13   1.167898 -0.537463 0.063297 -0.166738 -0.701527 0.150641
 14   7.002743 -0.617765 -0.183752 1.640456 -1.246514 -1.769412
 15   8.209042 0.615527 -0.255885 1.886247 0.981922 0.388240
 16   7.002735 -0.617911 -0.183641 -1.454007 -1.845546 1.340532
 17   1.574674 0.609930 -0.000899 0.029815 0.007013 0.307730
 18   -0.602177 0.511412 -0.000006 0.000000 0.000000 0.000000
 19   3.673773 0.177020 1.119313 -0.000002 -0.000014 -0.174510
 20   3.646422 0.364499 -1.117566 0.000007 -0.000003 -0.174546
 21   2.899356 1.193911 1.522186 0.000002 -0.000011 -0.000026
 22   -0.226528 -0.754099 0.477457 0.000194 -0.057459 0.890061
 23   3.805651 1.330659 -1.631083 0.000019 0.000002 -0.000024
 24   -0.246150 -0.011872 -0.516511 -0.000005 -0.000006 0.000048
 25   4.117120 1.989525 1.648862 -0.064411 0.440688 0.014417
 26   4.941382 1.997366 -1.629410 -0.000001 0.000005 -0.000024
 27   3.305099 1.322380 1.487156 -0.000019 -0.000022 -0.000050
 28   2.932517 1.603245 -1.501142 -0.000002 -0.000009 -0.000024
 29   8.824059 0.150544 0.091743 0.000452 -0.000255 -0.201573
 30   2.048583 -0.561179 1.909324 0.006501 -0.178647 0.000067
 31   2.066601 -0.561289 -1.904382 -0.007554 0.224591 -0.000857
 32   -0.810489 -0.093824 3.127092 -0.083351 -3.103217 -0.358780
 33   14.298673 -0.408176 0.475484 -0.000399 0.000075 -0.469987
 34   15.835795 0.581398 0.242756 -0.056407 0.019914 0.053050
 35   -0.815868 -0.091229 -3.114430 0.147613 3.163736 -0.058617
 36   14.294526 -0.410349 -0.463635 0.000045 0.000048 -0.282030
 37   15.834409 0.579420 -0.284600 0.199915 0.023410 0.198943
 38   1.139685 -3.453749 -2.823813 -0.000505 0.000048 0.032503
 39   -4.457742 -1.054854 -0.746180 -0.000384 0.000084 0.035674
 40   1.118101 -3.449769 3.237290 -0.000505 0.000049 0.032502
 41   -4.433840 -1.059130 0.959566 -0.000564 0.000036 0.035674
 42   -0.649655 1.697302 -2.794086 -0.011637 -0.058046 0.000585
 43   -0.664068 1.698578 2.986568 0.020878 0.103660 0.001589
time 19
  0   -0.010486 0.000000 2.055121 0.000000 0.000000 -1.571069
  1   -1.093036 0.000002 -0.326057 -0.221706 -1.569036 -1.348744
  2   2.262337 0.113614 0.064702 -0.000090 -0.001557 -0.016710
  3   2.380047 0.353302 0.047440 -0.011686 -0.000316 -0.028262
  4   2.033756 0.190472 -0.000128 -0.000010 0.000024 -0.139576
  5   2.451511 0.204909 -0.003447 -0.016552 -0.000527 -0.086642
  6   7.247600 -0.397300 -0.109469 0.000001 -0.000003 0.156829
  7   -2.022252 -0.104661 3.136172 1.254979 -1.470393 -4.334023
  8   1.168026 -0.537438 -0.063437 -0.242636 0.417876 0.013854
  9   6.790376 -0.619176 0.015206 -1.163622 0.904312 -1.323701
 10   8.637599 0.544015 -0.090417 -1.073514 -0.442464 -0.303099
 11   6.790465 -0.619039 0.017802 -0.566253 0.523681 -0.252991
 12   -2.022474 -0.104699 -2.873818 -2.342911 1.442341 -5.409348
 13   1.167898 -0.537463 0.063297 -0.166527 -0.701425 0.150096
 14   7.002743 -0.617765 -0.183752 -1.439424 -1.858539 1.320168
 15   8.209042 0.615527 -0.255885 1.898687 1.005981 0.403154
 16   7.002735 -0.617911 -0.183641 -1.395399 -1.808048 1.290196
 17   1.574674 0.609930 -0.000899 0.030018 0.007013 0.311980
 18   -0.602177 0.511412 -0.000006 0.000000 0.000000 0.000000
 19   3.673773 0.177020 1.119313 -0.000002 -0.000014 -0.174510
 20   3.646422 0.364499 -1.117566 0.000007 -0.000003 -0.174546
 21   2.899356 1.193911 1.522186 0.000002 -0.000011 -0.000026
 22   -0.226528 -0.754099 0.477457 0.000194 -0.057459 0.890061
 23   3.805651 1.330659 -1.631083 0.000019 0.000002 -0.000024
 24   -0.246150 -0.011872 -0.516511 -0.000005 -0.000006 0.000048
 25   4.117120 1.989525 1.648862 -0.064411 0.440688 0.014417
 26   4.941382 1.997366 -1.629410 -0.000001 0.000005 -0.000024
 27   3.305099 1.322380 1.487156 -0.000019 -0.000022 -0.000050
 28   2.932517 1.603245 -1.501142 -0.000002 -0.000009 -0.000024
 29   8.824059 0.150544 0.091743 0.000630 -0.000255 -0.213912
 30   2.040770 -0.561179 1.932762 0.005091 -0.207416 -0.000105
 31   2.050975 -0.561289 -1.923914 -0.006267 0.257046 -0.001039
 32   -0.810489 -0.093824 3.127092 -0.083351 -3.103217 -0.358780
 33   14.298673 -0.408176 0.475484 -0.000399 0.000075 -0.469987
 34   15.835795 0.581398 0.242756 -0.056407 0.019914 0.053050
 35   -0.815868 -0.091229 -3.114430 0.147613 3.163736 -0.058617
 36   14.294526 -0.410349 -0.463635 0.000045 0.000048 -0.282030
 37   15.834409 0.579420 -0.284600 0.199915 0.023410 0.198943
 38   1.139685 -3.453749 -2.823813 -0.000295 0.000012 0.017657
 39   -4.457742 -1.054854 -0.746180 -0.000168 0.000048 0.017585
 40   1.118101 -3.449769 3.237290 -0.000295 0.000013 0.017656
 41   -4.433840 -1.059130 0.959566 -0.000289 0.000012 0.017585
 42   -0.657468 1.697302 -2.825337 -0.013962 -0.069653 0.000585
 43   -0.664068 1.698578 3.013913 0.024926 0.123729 0.001589
time 20
  0   -0.010486 0.000000 2.055121 0.000000 0.000000 -1.571069
  1   -1.093036 0.000002 -0.326057 -0.221706 -1.569036 -1.348744
  2   2.262337 0.113614 0.064702 -0.000090 -0.001557 -0.016710
  3   2.380047 0.353302 0.047440 -0.011686 -0.000316 -0.028262
  4   2.033756 0.190472 -0.000128 -0.000010 0.000024 -0.139576
  5   2.451511 0.204909 -0.003447 -0.016552 -0.000540 -0.088499
  6   7.247600 -0.397300 -0.109469 0.000001 -0.000003 0.156829
  7   -2.022252 -0.104661 3.136172 1.212514 -1.437128 -4.401453
  8   1.168026 -0.537438 -0.063437 -0.272821 0.406304 0.123801
  9   6.790376 -0.619176 0.015206 -1.007225 0.759486 -1.353586
 10   8.637599 0.544015 -0.090417 -1.104073 -0.419517 -0.303171
 11   6.790465 -0.619039 0.017802 -0.535247 0.377206 -0.238630
 12   -2.022474 -0.104699 -2.873818 -2.353162 1.441180 -5.419113
 13   1.167898 -0.537463 0.063297 -0.166387 -0.701425 0.149975
 14   7.002743 -0.617765 -0.183752 -1.417961 -1.845479 1.302182
 15   8.209042 0.615527 -0.255885 1.903288 1.014380 0.408626
 16   7.002735 -0.617911 -0.183641 -1.375628 -1.794684 1.273528
 17   1.574674 0.609930 -0.000899 0.030100 0.006990 0.313865
 18   -0.602177 0.511412 -0.000006 0.000000 0.000000 0.000000
 19   3.673773 0.177020 1.119313 -0.000002 -0.000014 -0.174510
 20   3.646422 0.364499 -1.117566 0.000007 -0.000003 -0.174546
 21   2.899356 1.193911 1.522186 0.000002 -0.000011 -0.000026
 22   -0.226528 -0.754099 0.477457 0.000194 -0.057459 0.890061
 23   3.805651 1.330659 -1.631083 0.000019 0.000002 -0.000024
 24   -0.246150 -0.011872 -0.516511 -0.000005 -0.000006 0.000048
 25   4.117120 1.989525 1.648862 -0.064411 0.440688 0.014417
 26   4.941382 1.997366 -1.629410 -0.000001 0.000005 -0.000024
 27   3.305099 1.322380 1.487156 -0.000019 -0.000022 -0.000050
 28   2.932517 1.603245 -1.501142 -0.000002 -0.000009 -0.000024
 29   8.824059 0.150544 0.091743 0.000719 -0.000231 -0.218472
 30   2.036864 -0.561179 1.932762 0.004562 -0.217994 -0.000169
 31   2.050975 -0.561289 -1.927820 -0.005807 0.268960 -0.001112
 32   -0.810489 -0.093824 3.127092 -0.083351 -3.103217 -0.358780
 33   14.298673 -0.408176 0.475484 -0.000399 0.000075 -0.469987
 34   15.835795 0.581398 0.242756 -0.056407 0.019914 0.053050
 35   -0.815868 -0.091229 -3.114430 0.147613 3.163736 -0.058617
 36   14.294526 -0.410349 -0.463635 0.000045 0.000048 -0.282030
 37   15.834409 0.579420 -0.284600 0.199915 0.023410 0.198943
 38   1.139685 -3.453749 -2.823813 0.000000 0.000000 0.000001
 39   -4.457742 -1.054854 -0.746180 0.000000 0.000000 0.000000
 40   1.118101 -3.449769 3.237290 0.000000 0.000001 0.000000
 41   -4.433840 -1.059130 0.959566 -0.000001 0.000000 0.000000
 42   -0.657468 1.697302 -2.844869 -0.014837 -0.073946 0.000585
 43   -0.664068 1.698578 3.025632 0.026400 0.131120 0.001589
time 21
  0   -0.010486 0.000000 2.055121 0.000000 0.000000 -1.571069
  1   -1.093036 0.000002 -0.326057 -0.221706 -1.569036 -1.348744
  2   2.262337 0.113614 0.064702 -0.000090 -0.001557 -0.016710
  3   2.380047 0.353302 0.047440 -0.011686 -0.000316 -0.028262
  4   2.033756 0.190472 -0.000128 -0.000010 0.000024 -0.139576
  5   2.451511 0.204909 -0.003447 -0.016552 -0.000566 -0.091917
  6   7.247600 -0.397300 -0.109469 0.000001 -0.000003 0.156829
  7   -2.022252 -0.104661 3.136172 1.123845 -1.405361 -4.419860
  8   1.168026 -0.537438 -0.063437 -0.310283 0.396291 0.203699
  9   6.790376 -0.619176 0.015206 -0.840231 0.605316 -1.392225
 10   8.637599 0.544015 -0.090417 -1.138594 -0.391994 -0.302737
 11   6.790465 -0.619039 0.017802 -0.497671 0.225216 -0.227787
 12   -2.022474 -0.104699 -2.873818 -2.353162 1.441180 -5.419113
 13   1.167898 -0.537463 0.063297 -0.166387 -0.701425 0.149975
 14   7.002743 -0.617765 -0.183752 -1.417961 -1.845479 1.302182
 15   8.209042 0.615527 -0.255885 1.903288 1.014380 0.408626
 16   7.002735 -0.617911 -0.183641 -1.375628 -1.794684 1.273528
 17   1.574674 0.609930 -0.000899 0.030343 0.006990 0.317229
 18   -0.602177 0.511412 -0.000006 0.000000 0.000000 0.000000
 19   3.673773 0.177020 1.119313 -0.000002 -0.000014 -0.174510
 20   3.646422 0.364499 -1.117566 0.000007 -0.000003 -0.174546
 21   2.899356 1.193911 1.522186 0.000002 -0.000011 -0.000026
 22   -0.226528 -0.754099 0.477457 0.000194 -0.057459 0.890061
 23   3.805651 1.330659 -1.631083 0.000019 0.000002 -0.000024
 24   -0.246150 -0.011872 -0.516511 -0.000005 -0.000006 0.000048
 25   4.117120 1.989525 1.648862 -0.064411 0.440688 0.014417
 26   4.941382 1.997366 -1.629410 -0.000001 0.000005 -0.000024
 27   3.305099 1.322380 1.487156 -0.000019 -0.000022 -0.000050
 28   2.932517 1.603245 -1.501142 -0.000002 -0.000009 -0.000024
 29   8.824059 0.150544 0.091743 0.000630 -0.000231 -0.211927
 30   2.040770 -0.561179 1.932762 0.005091 -0.207416 -0.000105
 31   2.050975 -0.561289 -1.923914 -0.006267 0.257046 -0.001039
 32   -0.810489 -0.093824 3.127092 -0.083351 -3.103217 -0.358780
 33   14.298673 -0.408176 0.475484 -0.000399 0.000075 -0.469987
 34   15.835795 0.581398 0.242756 -0.056407 0.019914 0.053050
 35   -0.815868 -0.091229 -3.114430 0.147613 3.163736 -0.058617
 36   14.294526 -0.410349 -0.463635 0.000045 0.000048 -0.282030
 37   15.834409 0.579420 -0.284600 0.199915 0.023410 0.198943
 38   1.139685 -3.453749 -2.823813 0.000337 -0.000036 -0.020282
 39   -4.457742 -1.054854 -0.746180 0.000108 -0.000048 -0.016463
 40   1.118101 -3.449769 3.237290 0.000337 -0.000035 -0.020283
 41   -4.433840 -1.059130 0.959566 0.000263 0.000000 -0.016463
 42   -0.657468 1.697302 -2.837056 -0.014669 -0.072980 0.000544
 43   -0.664068 1.698578 3.017819 0.026063 0.129441 0.001589
time 22
  0   -0.010486 0.000000 2.055121 0.000000 0.000000 -1.571069
  1   -1.093036 0.000002 -0.326057 -0.221706 -1.569036 -1.348744
  2   2.262337 0.113614 0.064702 -0.000090 -0.001557 -0.016710
  3   2.380047 0.353302 0.047440 -0.011686 -0.000316 -0.028262
  4   2.033756 0.190472 -0.000128 -0.000010 0.000024 -0.139576
  5   2.451511 0.204909 -0.003447 -0.016552 -0.000606 -0.095830
  6   7.247600 -0.397300 -0.109469 0.000001 -0.000003 0.156829
  7   -2.022252 -0.104661 3.136172 1.012938 -1.378754 -4.403050
  8   1.168026 -0.537438 -0.063437 -0.358123 0.392216 0.234507
  9   6.790376 -0.619176 0.015206 -0.673570 0.450478 -1.445430
 10   8.637599 0.544015 -0.090417 -1.176110 -0.360037 -0.302158
 11   6.790465 -0.619039 0.017802 -0.453643 0.077661 -0.223173
 12   -2.022474 -0.104699 -2.873818 -2.353162 1.441180 -5.419113
 13   1.167898 -0.537463 0.063297 -0.166387 -0.701425 0.149975
 14   7.002743 -0.617765 -0.183752 -1.417961 -1.845479 1.302182
 15   8.209042 0.615527 -0.255885 1.903288 1.014380 0.408626
 16   7.002735 -0.617911 -0.183641 -1.375628 -1.794684 1.273528
 17   1.574674 0.609930 -0.000899 0.030506 0.006942 0.321146
 18   -0.602177 0.511412 -0.000006 0.000000 0.000000 0.000000
 19   3.673773 0.177020 1.119313 -0.000002 -0.000014 -0.174510
 20   3.646422 0.364499 -1.117566 0.000007 -0.000003 -0.174546
 21   2.899356 1.193911 1.522186 0.000002 -0.000011 -0.000026
 22   -0.226528 -0.754099 0.477457 0.000194 -0.057459 0.890061
 23   3.805651 1.330659 -1.631083 0.000019 0.000002 -0.000024
 24   -0.246150 -0.011872 -0.516511 -0.000005 -0.000006 0.000048
 25   4.117120 1.989525 1.648862 -0.064411 0.440688 0.014417
 26   4.941382 1.997366 -1.629410 -0.000001 0.000005 -0.000024
 27   3.305099 1.322380 1.487156 -0.000019 -0.000022 -0.000050
 28   2.932517 1.603245 -1.501142 -0.000002 -0.000009 -0.000024
 29   8.824059 0.150544 0.091743 0.000184 -0.000231 -0.193955
 30   2.048583 -0.561179 1.909324 0.006501 -0.178647 0.000067
 31   2.066601 -0.561289 -1.904382 -0.007554 0.224591 -0.000857
 32   -0.810489 -0.093824 3.127092 -0.083351 -3.103217 -0.358780
 33   14.298673 -0.408176 0.475484 -0.000399 0.000075 -0.469987
 34   15.835795 0.581398 0.242756 -0.056407 0.019914 0.053050
 35   -0.815868 -0.091229 -3.114430 0.147613 3.163736 -0.058617
 36   14.294526 -0.410349 -0.463635 0.000045 0.000048 -0.282030
 37   15.834409 0.579420 -0.284600 0.199915 0.023410 0.198943
 38   1.139685 -3.453749 -2.823813 0.000674 -0.000096 -0.040993
 39   -4.457742 -1.054854 -0.746180 0.000192 -0.000096 -0.030963
 40   1.118101 -3.449769 3.237290 0.000674 -0.000095 -0.041056
 41   -4.433840 -1.059130 0.959566 0.000502 -0.000012 -0.030963
 42   -0.657468 1.697302 -2.837056 -0.014262 -0.070358 0.000544
 43   -0.664068 1.698578 3.017819 0.025126 0.124749 0.001589
time 23
  0   -0.010486 0.000000 2.055121 0.000000 0.000000 -1.571069
  1   -1.093036 0.000002 -0.326057 -0.221706 -1.569036 -1.348744
  2   2.262337 0.113614 0.064702 -0.000090 -0.001557 -0.016710
  3   2.380047 0.353302 0.047440 -0.011686 -0.000316 -0.028262
  4   2.033756 0.190472 -0.000128 -0.000010 0.000024 -0.139576
  5   2.451511 0.204909 -0.003447 -0.016552 -0.000619 -0.096870
  6   7.247600 -0.397300 -0.109469 0.000001 -0.000003 0.156829
  7   -2.022252 -0.104661 3.136172 0.897045 -1.356991 -4.361352
  8   1.168026 -0.537438 -0.063437 -0.407292 0.394480 0.230142
  9   6.790376 -0.619176 0.015206 -0.516396 0.302449 -1.517275
 10   8.637599 0.544015 -0.090417 -1.215387 -0.323645 -0.301724
 11   6.790465 -0.619039 0.017802 -0.403367 -0.057160 -0.237707
 12   -2.022474 -0.104699 -2.873818 -2.353162 1.441180 -5.419113
 13   1.167898 -0.537463 0.063297 -0.166387 -0.701425 0.149975
 14   7.002743 -0.617765 -0.183752 -1.417961 -1.845479 1.302182
 15   8.209042 0.615527 -0.255885 1.903288 1.014380 0.408626
 16   7.002735 -0.617911 -0.183641 -1.375628 -1.794684 1.273528
 17   1.574674 0.609930 -0.000899 0.030506 0.006942 0.322181
 18   -0.602177 0.511412 -0.000006 0.000000 0.000000 0.000000
 19   3.673773 0.177020 1.119313 -0.000002 -0.000014 -0.174510
 20   3.646422 0.364499 -1.117566 0.000007 -0.000003 -0.174546
 21   2.899356 1.193911 1.522186 0.000002 -0.000011 -0.000026
 22   -0.226528 -0.754099 0.477457 0.000194 -0.057459 0.890061
 23   3.805651 1.330659 -1.631083 0.000019 0.000002 -0.000024
 24   -0.246150 -0.011872 -0.516511 -0.000005 -0.000006 0.000048
 25   4.117120 1.989525 1.648862 -0.064411 0.440688 0.014417
 26   4.941382 1.997366 -1.629410 -0.000001 0.000005 -0.000024
 27   3.305099 1.322380 1.487156 -0.000019 -0.000022 -0.000050
 28   2.932517 1.603245 -1.501142 -0.000002 -0.000009 -0.000024
 29   8.824059 0.150544 0.091743 0.000006 -0.000207 -0.167506
 30   2.060302 -0.561179 1.885886 0.008576 -0.136277 0.000346
 31   2.082226 -0.561289 -1.880944 -0.009423 0.176777 -0.000621
 32   -0.810489 -0.093824 3.127092 -0.083351 -3.103217 -0.358780
 33   14.298673 -0.408176 0.475484 -0.000399 0.000075 -0.469987
 34   15.835795 0.581398 0.242756 -0.056407 0.019914 0.053050
 35   -0.815868 -0.091229 -3.114430 0.147613 3.163736 -0.058617
 36   14.294526 -0.410349 -0.463635 0.000045 0.000048 -0.282030
 37   15.834409 0.579420 -0.284600 0.199915 0.023410 0.198943
 38   1.139685 -3.453749 -2.823813 0.000968 -0.000181 -0.059322
 39   -4.457742 -1.054854 -0.746180 0.000312 -0.000144 -0.042517
 40   1.118101 -3.449769 3.237290 0.000968 -0.000180 -0.059323
 41   -4.433840 -1.059130 0.959566 0.000694 -0.000036 -0.042517
 42   -0.657468 1.697302 -2.825337 -0.013603 -0.066249 0.000544
 43   -0.664068 1.698578 3.006100 0.023664 0.117484 0.001589
time 24
  0   -0.010486 0.000000 2.055121 0.000000 0.000000 -1.571069
  1   -1.093036 0.000002 -0.326057 -0.221706 -1.569036 -1.348744
  2   2.262337 0.113614 0.064702 -0.000090 -0.001557 -0.016710
  3   2.380047 0.353302 0.047440 -0.011686 -0.000316 -0.028262
  4   2.033756 0.190472 -0.000128 -0.000010 0.000024 -0.139576
  5   2.451511 0.204909 -0.003447 -0.016552 -0.000632 -0.098405
  6   7.247600 -0.397300 -0.109469 0.000001 -0.000003 0.156829
  7   -2.022252 -0.104661 3.136172 0.788151 -1.336985 -4.307728
  8   1.168026 -0.537438 -0.063437 -0.447855 0.400417 0.218439
  9   6.790376 -0.619176 0.015206 -0.372260 0.165097 -1.604817
 10   8.637599 0.544015 -0.090417 -1.255104 -0.283100 -0.302086
 11   6.790465 -0.619039 0.017802 -0.349150 -0.176944 -0.277272
 12   -2.022474 -0.104699 -2.873818 -2.353162 1.441180 -5.419113
 13   1.167898 -0.537463 0.063297 -0.166387 -0.701425 0.149975
 14   7.002743 -0.617765 -0.183752 -1.417961 -1.845479 1.302182
 15   8.209042 0.615527 -0.255885 1.903288 1.014380 0.408626
 16   7.002735 -0.617911 -0.183641 -1.375628 -1.794684 1.273528
 17   1.574674 0.609930 -0.000899 0.030628 0.006942 0.323845
 18   -0.602177 0.511412 -0.000006 0.000000 0.000000 0.000000
 19   3.673773 0.177020 1.119313 -0.000002 -0.000014 -0.174510
 20   3.646422 0.364499 -1.117566 0.000007 -0.000003 -0.174546
 21   2.899356 1.193911 1.522186 0.000002 -0.000011 -0.000026
 22   -0.226528 -0.754099 0.477457 0.000194 -0.057459 0.890061
 23   3.805651 1.330659 -1.631083 0.000019 0.000002 -0.000024
 24   -0.246150 -0.011872 -0.516511 -0.000005 -0.000006 0.000048
 25   4.117120 1.989525 1.648862 -0.064411 0.440688 0.014417
 26   4.941382 1.997366 -1.629410 -0.000001 0.000005 -0.000024
 27   3.305099 1.322380 1.487156 -0.000019 -0.000022 -0.000050
 28   2.932517 1.603245 -1.501142 -0.000002 -0.000009 -0.000024
 29   8.824059 0.150544 0.091743 -0.000618 -0.000207 -0.135425
 30   2.079834 -0.561179 1.854635 0.011125 -0.084840 0.000732
 31   2.101758 -0.561289 -1.853599 -0.011737 0.118732 -0.000293
 32   -0.810489 -0.093824 3.127092 -0.083351 -3.103217 -0.358780
 33   14.298673 -0.408176 0.475484 -0.000399 0.000075 -0.469987
 34   15.835795 0.581398 0.242756 -0.056407 0.019914 0.053050
 35   -0.815868 -0.091229 -3.114430 0.147613 3.163736 -0.058617
 36   14.294526 -0.410349 -0.463635 0.000045 0.000048 -0.282030
 37   15.834409 0.579420 -0.284600 0.199915 0.023410 0.198943
 38   1.139685 -3.453749 -2.823813 0.001200 -0.000229 -0.072335
 39   -4.457742 -1.054854 -0.746180 0.000515 -0.000168 -0.050118
 40   1.118101 -3.449769 3.237290 0.001200 -0.000228 -0.072336
 41   -4.433840 -1.059130 0.959566 0.000826 -0.000096 -0.050118
 42   -0.657468 1.697302 -2.813618 -0.012740 -0.060975 0.000502
 43   -0.664068 1.698578 2.994381 0.021765 0.108132 0.001589
time 25
  0   -0.010486 0.000000 2.055121 0.000000 0.000000 -1.571069
  1   -1.093036 0.000002 -0.326057 -0.221706 -1.569036 -1.348744
  2   2.262337 0.113614 0.064702 -0.000090 -0.001557 -0.016710
  3   2.380047 0.353302 0.047440 -0.011686 -0.000316 -0.028262
  4   2.033756 0.190472 -0.000128 -0.000010 0.000024 -0.139576
  5   2.451511 0.204909 -0.003447 -0.016552 -0.000632 -0.099297
  6   7.247600 -0.397300 -0.109469 0.000001 -0.000003 0.156829
  7   -2.022252 -0.104661 3.136172 0.688938 -1.318306 -4.247905
  8   1.168026 -0.537438 -0.063437 -0.480697 0.408719 0.201105
  9   6.790376 -0.619176 0.015206 -0.242715 0.041428 -1.703755
 10   8.637599 0.544015 -0.090417 -1.294205 -0.238543 -0.304401
 11   6.790465 -0.619039 0.017802 -0.294144 -0.280611 -0.333735
 12   -2.022474 -0.104699 -2.873818 -2.353162 1.441180 -5.419113
 13   1.167898 -0.537463 0.063297 -0.166387 -0.701425 0.149975
 14   7.002743 -0.617765 -0.183752 -1.417961 -1.845479 1.302182
 15   8.209042 0.615527 -0.255885 1.903288 1.014380 0.408626
 16   7.002735 -0.617911 -0.183641 -1.375628 -1.794684 1.273528
 17   1.574674 0.609930 -0.000899 0.030709 0.006942 0.324769
 18   -0.602177 0.511412 -0.000006 0.000000 0.000000 0.000000
 19   3.673773 0.177020 1.119313 -0.000002 -0.000014 -0.174510
 20   3.646422 0.364499 -1.117566 0.000007 -0.000003 -0.174546
 21   2.899356 1.193911 1.522186 0.000002 -0.000011 -0.000026
 22   -0.226528 -0.754099 0.477457 0.000194 -0.057459 0.890061
 23   3.805651 1.330659 -1.631083 0.000019 0.000002 -0.000024
 24   -0.246150 -0.011872 -0.516511 -0.000005 -0.000006 0.000048
 25   4.117120 1.989525 1.648862 -0.064411 0.440688 0.014417
 26   4.941382 1.997366 -1.629410 -0.000001 0.000005 -0.000024
 27   3.305099 1.322380 1.487156 -0.000019 -0.000022 -0.000050
 28   2.932517 1.603245 -1.501142 -0.000002 -0.000009 -0.000024
 29   8.824059 0.150544 0.091743 -0.001153 -0.000136 -0.100392
 30   2.091553 -0.561179 1.815571 0.013878 -0.028841 0.001139
 31   2.121290 -0.561289 -1.814535 -0.014219 0.055584 -0.000002
 32   -0.810489 -0.093824 3.127092 -0.083351 -3.103217 -0.358780
 33   14.298673 -0.408176 0.475484 -0.000399 0.000075 -0.469987
 34   15.835795 0.581398 0.242756 -0.056407 0.019914 0.053050
 35   -0.815868 -0.091229 -3.114430 0.147613 3.163736 -0.058617
 36   14.294526 -0.410349 -0.463635 0.000045 0.000048 -0.282030
 37   15.834409 0.579420 -0.284600 0.199915 0.023410 0.198943
 38   1.139685 -3.453749 -2.823813 0.001284 -0.000241 -0.077284
 39   -4.457742 -1.054854 -0.746180 0.000875 -0.000180 -0.052894
 40   1.118101 -3.449769 3.237290 0.001284 -0.000240 -0.077285
 41   -4.433840 -1.059130 0.959566 0.000874 -0.000180 -0.052894
 42   -0.657468 1.697302 -2.797992 -0.011709 -0.054765 0.000502
 43   -0.664068 1.698578 2.982662 0.019566 0.097132 0.001547
time 26
  0   -0.010486 0.000000 2.055121 0.000000 0.000000 -1.571069
  1   -1.093036 0.000002 -0.326057 -0.221706 -1.569036 -1.348744
  2   2.262337 0.113614 0.064702 -0.000090 -0.001557 -0.016710
  3   2.380047 0.353302 0.047440 -0.011686 -0.000316 -0.028262
  4   2.033756 0.190472 -0.000128 -0.000010 0.000024 -0.139576
  5   2.451511 0.204909 -0.003447 -0.016552 -0.000645 -0.099619
  6   7.247600 -0.397300 -0.109469 0.000001 -0.000003 0.156829
  7   -2.022252 -0.104661 3.136172 0.601036 -1.300462 -4.186110
  8   1.168026 -0.537438 -0.063437 -0.506832 0.418228 0.180229
  9   6.790376 -0.619176 0.015206 -0.129370 -0.065557 -1.809032
 10   8.637599 0.544015 -0.090417 -1.331721 -0.190185 -0.309465
 11   6.790465 -0.619039 0.017802 -0.241591 -0.367279 -0.399023
 12   -2.022474 -0.104699 -2.873818 -2.353162 1.441180 -5.419113
 13   1.167898 -0.537463 0.063297 -0.166387 -0.701425 0.149975
 14   7.002743 -0.617765 -0.183752 -1.417961 -1.845479 1.302182
 15   8.209042 0.615527 -0.255885 1.903288 1.014380 0.408626
 16   7.002735 -0.617911 -0.183641 -1.375628 -1.794684 1.273528
 17   1.574674 0.609930 -0.000899 0.030709 0.006942 0.324990
 18   -0.602177 0.511412 -0.000006 0.000000 0.000000 0.000000
 19   3.673773 0.177020 1.119313 -0.000002 -0.000014 -0.174510
 20   3.646422 0.364499 -1.117566 0.000007 -0.000003 -0.174546
 21   2.899356 1.193911 1.522186 0.000002 -0.000011 -0.000026
 22   -0.226528 -0.754099 0.477457 0.000194 -0.057459 0.890061
 23   3.805651 1.330659 -1.631083 0.000019 0.000002 -0.000024
 24   -0.246150 -0.011872 -0.516511 -0.000005 -0.000006 0.000048
 25   4.117120 1.989525 1.648862 -0.064411 0.440688 0.014417
 26   4.941382 1.997366 -1.629410 -0.000001 0.000005 -0.000024
 27   3.305099 1.322380 1.487156 -0.000019 -0.000022 -0.000050
 28   2.932517 1.603245 -1.501142 -0.000002 -0.000009 -0.000024
 29   8.824059 0.150544 0.091743 -0.001687 -0.000136 -0.065467
 30   2.111085 -0.561179 1.784320 0.016644 0.027129 0.001568
 31   2.140822 -0.569102 -1.783284 -0.016701 -0.007511 0.000326
 32   -0.810489 -0.093824 3.127092 -0.083351 -3.103217 -0.358780
 33   14.298673 -0.408176 0.475484 -0.000399 0.000075 -0.469987
 34   15.835795 0.581398 0.242756 -0.056407 0.019914 0.053050
 35   -0.815868 -0.091229 -3.114430 0.147613 3.163736 -0.058617
 36   14.294526 -0.410349 -0.463635 0.000045 0.000048 -0.282030
 37   15.834409 0.579420 -0.284600 0.199915 0.023410 0.198943
 38   1.139685 -3.453749 -2.823813 0.001242 -0.000229 -0.075084
 39   -4.457742 -1.054854 -0.746180 0.001390 0.000803 -0.051408
 40   1.118101 -3.449769 3.237290 0.001242 -0.000228 -0.075085
 41   -4.433840 -1.059130 0.959566 0.000442 -0.002253 -0.051380
 42   -0.657468 1.697302 -2.786273 -0.010534 -0.047896 0.000502
 43   -0.664068 1.698578 2.967036 0.017092 0.084955 0.001506
time 27
  0   -0.010486 0.000000 2.055121 0.000000 0.000000 -1.571069
  1   -1.093036 0.000002 -0.326057 -0.221706 -1.569036 -1.348744
  2   2.262337 0.113614 0.064702 -0.000090 -0.001557 -0.016710
  3   2.380047 0.353302 0.047440 -0.011686 -0.000316 -0.028262
  4   2.033756 0.190472 -0.000128 -0.000010 0.000024 -0.139576
  5   2.451511 0.204909 -0.003447 -0.016552 -0.000632 -0.098529
  6   7.247600 -0.397300 -0.109469 0.000001 -0.000003 0.156829
  7   -2.022252 -0.104661 3.136172 0.524541 -1.283310 -4.125629
  8   1.168026 -0.537438 -0.063437 -0.526829 0.427738 0.157772
  9   6.790376 -0.619176 0.015206 -0.033945 -0.153187 -1.915743
 10   8.637599 0.544015 -0.090417 -1.366682 -0.138237 -0.318146
 11   6.790465 -0.619039 0.017802 -0.194789 -0.435983 -0.464657
 12   -2.022474 -0.104699 -2.873818 -2.353162 1.441180 -5.419113
 13   1.167898 -0.537463 0.063297 -0.166387 -0.701425 0.149975
 14   7.002743 -0.617765 -0.183752 -1.417961 -1.845479 1.302182
 15   8.209042 0.615527 -0.255885 1.903288 1.014380 0.408626
 16   7.002735 -0.617911 -0.183641 -1.375628 -1.794684 1.273528
 17   1.574674 0.609930 -0.000899 0.030628 0.006942 0.323956
 18   -0.602177 0.511412 -0.000006 0.000000 0.000000 0.000000
 19   3.673773 0.177020 1.119313 -0.000002 -0.000014 -0.174510
 20   3.646422 0.364499 -1.117566 0.000007 -0.000003 -0.174546
 21   2.899356 1.193911 1.522186 0.000002 -0.000011 -0.000026
 22   -0.226528 -0.754099 0.477457 0.000194 -0.057459 0.890061
 23   3.805651 1.330659 -1.631083 0.000019 0.000002 -0.000024
 24   -0.246150 -0.011872 -0.516511 -0.000005 -0.000006 0.000048
 25   4.117120 1.989525 1.648862 -0.064411 0.440688 0.014417
 26   4.941382 1.997366 -1.629410 -0.000001 0.000005 -0.000024
 27   3.305099 1.322380 1.487156 -0.000019 -0.000022 -0.000050
 28   2.932517 1.603245 -1.501142 -0.000002 -0.000009 -0.000024
 29   8.824059 0.150544 0.091743 -0.002222 -0.000112 -0.033279
 30   2.118898 -0.561179 1.756975 0.019180 0.078565 0.001911
 31   2.160354 -0.569102 -1.748127 -0.018984 -0.065557 0.000635
 32   -0.810489 -0.093824 3.127092 -0.083351 -3.103217 -0.358780
 33   14.298673 -0.408176 0.475484 -0.000399 0.000075 -0.469987
 34   15.835795 0.581398 0.242756 -0.056407 0.019914 0.053050
 35   -0.815868 -0.091229 -3.114430 0.147613 3.163736 -0.058617
 36   14.294526 -0.410349 -0.463635 0.000045 0.000048 -0.282030
 37   15.834409 0.579420 -0.284600 0.199915 0.023410 0.198943
 38   1.139685 -3.453749 -2.823813 0.001158 -0.000229 -0.069219
 39   -4.457742 -1.054854 -0.746180 0.002061 0.003488 -0.047369
 40   1.118101 -3.449769 3.237290 0.001158 -0.000228 -0.069220
 41   -4.433840 -1.059130 0.959566 -0.000684 -0.007730 -0.047341
 42   -0.657468 1.697302 -2.774554 -0.009276 -0.040644 0.000418
 43   -0.664068 1.698578 2.955317 0.014506 0.072088 0.001464
time 28
  0   -0.010486 0.000000 2.055121 0.000000 0.000000 -1.571069
  1   -1.093036 0.000002 -0.326057 -0.221706 -1.569036 -1.348744
  2   2.262337 0.113614 0.064702 -0.000090 -0.001557 -0.016710
  3   2.380047 0.353302 0.047440 -0.011686 -0.000316 -0.028262
  4   2.033756 0.190472 -0.000128 -0.000010 0.000024 -0.139576
  5   2.451511 0.204909 -0.003447 -0.016552 -0.000619 -0.097687
  6   7.247600 -0.397300 -0.109469 0.000001 -0.000003 0.156829
  7   -2.022252 -0.104661 3.136172 0.459645 -1.266879 -4.069094
  8   1.168026 -0.537438 -0.063437 -0.541636 0.435939 0.135757
  9   6.790376 -0.619176 0.015206 0.042007 -0.218726 -2.018907
 10   8.637599 0.544015 -0.090417 -1.398826 -0.083262 -0.331675
 11   6.790465 -0.619039 0.017802 -0.157097 -0.486011 -0.522275
 12   -2.022474 -0.104699 -2.873818 -2.353162 1.441180 -5.419113
 13   1.167898 -0.537463 0.063297 -0.166387 -0.701425 0.149975
 14   7.002743 -0.617765 -0.183752 -1.417961 -1.845479 1.302182
 15   8.209042 0.615527 -0.255885 1.903288 1.014380 0.408626
 16   7.002735 -0.617911 -0.183641 -1.375628 -1.794684 1.273528
 17   1.574674 0.609930 -0.000899 0.030628 0.006942 0.323031
 18   -0.602177 0.511412 -0.000006 0.000000 0.000000 0.000000
 19   3.673773 0.177020 1.119313 -0.000002 -0.000014 -0.174510
 20   3.646422 0.364499 -1.117566 0.000007 -0.000003 -0.174546
 21   2.899356 1.193911 1.522186 0.000002 -0.000011 -0.000026
 22   -0.226528 -0.754099 0.477457 0.000194 -0.057459 0.890061
 23   3.805651 1.330659 -1.631083 0.000019 0.000002 -0.000024
 24   -0.246150 -0.011872 -0.516511 -0.000005 -0.000006 0.000048
 25   4.117120 1.989525 1.648862 -0.064411 0.440688 0.014417
 26   4.941382 1.997366 -1.629410 -0.000001 0.000005 -0.000024
 27   3.305099 1.322380 1.487156 -0.000019 -0.000022 -0.000050
 28   2.932517 1.603245 -1.501142 -0.000002 -0.000009 -0.000024
 29   8.824059 0.150544 0.091743 -0.002757 -0.000112 -0.006776
 30   2.138430 -0.561179 1.733537 0.021282 0.120935 0.002233
 31   2.175979 -0.569102 -1.720782 -0.020884 -0.113371 0.000890
 32   -0.810489 -0.093824 3.127092 -0.083351 -3.103217 -0.358780
 33   14.298673 -0.408176 0.475484 -0.000399 0.000075 -0.469987
 34   15.835795 0.581398 0.242756 -0.056407 0.019914 0.053050
 35   -0.815868 -0.091229 -3.114430 0.147613 3.163736 -0.058617
 36   14.294526 -0.410349 -0.463635 0.000045 0.000048 -0.282030
 37   15.834409 0.579420 -0.284600 0.199915 0.023410 0.198943
 38   1.139685 -3.453749 -2.823813 0.000989 -0.000193 -0.060605
 39   -4.457742 -1.054854 -0.746180 0.002840 0.007430 -0.041424
 40   1.118101 -3.449769 3.237290 0.000989 -0.000192 -0.060606
 41   -4.433840 -1.059130 0.959566 -0.002398 -0.015760 -0.041367
 42   -0.657468 1.697302 -2.758929 -0.007970 -0.033269 0.000418
 43   -0.664068 1.698578 2.939692 0.011882 0.059002 0.001338
time 29
  0   -0.010486 0.000000 2.055121 0.000000 0.000000 -1.571069
  1   -1.093036 0.000002 -0.326057 -0.221706 -1.569036 -1.348744
  2   2.262337 0.113614 0.064702 -0.000090 -0.001557 -0.016710
  3   2.380047 0.353302 0.047440 -0.011686 -0.000316 -0.028262
  4   2.033756 0.190472 -0.000128 -0.000010 0.000024 -0.139576
  5   2.451511 0.204909 -0.003447 -0.016552 -0.000606 -0.095285
  6   7.247600 -0.397300 -0.109469 0.000001 -0.000003 0.156829
  7   -2.022252 -0.104661 3.136172 0.405486 -1.251342 -4.018568
  8   1.168026 -0.537438 -0.063437 -0.552141 0.441977 0.116273
  9   6.790376 -0.619176 0.015206 0.097320 -0.259037 -2.113770
 10   8.637599 0.544015 -0.090417 -1.427623 -0.025612 -0.350701
 11   6.790465 -0.619039 0.017802 -0.131988 -0.516540 -0.563051
 12   -2.022474 -0.104699 -2.873818 -2.353162 1.441180 -5.419113
 13   1.167898 -0.537463 0.063297 -0.166387 -0.701425 0.149975
 14   7.002743 -0.617765 -0.183752 -1.417961 -1.845479 1.302182
 15   8.209042 0.615527 -0.255885 1.903288 1.014380 0.408626
 16   7.002735 -0.617911 -0.183641 -1.375628 -1.794684 1.273528
 17   1.574674 0.609930 -0.000899 0.030506 0.006942 0.320703
 18   -0.602177 0.511412 -0.000006 0.000000 0.000000 0.000000
 19   3.673773 0.177020 1.119313 -0.000002 -0.000014 -0.174510
 20   3.646422 0.364499 -1.117566 0.000007 -0.000003 -0.174546
 21   2.899356 1.193911 1.522186 0.000002 -0.000011 -0.000026
 22   -0.226528 -0.754099 0.477457 0.000194 -0.057459 0.890061
 23   3.805651 1.330659 -1.631083 0.000019 0.000002 -0.000024
 24   -0.246150 -0.011872 -0.516511 -0.000005 -0.000006 0.000048
 25   4.117120 1.989525 1.648862 -0.064411 0.440688 0.014417
 26   4.941382 1.997366 -1.629410 -0.000001 0.000005 -0.000024
 27   3.305099 1.322380 1.487156 -0.000019 -0.000022 -0.000050
 28   2.932517 1.603245 -1.501142 -0.000002 -0.000009 -0.000024
 29   8.824059 0.150544 0.091743 -0.002935 -0.000112 0.011196
 30   2.142336 -0.561179 1.714005 0.022692 0.149675 0.002468
 31   2.191605 -0.569102 -1.709063 -0.022171 -0.145799 0.001072
 32   -0.810489 -0.093824 3.127092 -0.083351 -3.103217 -0.358780
 33   14.298673 -0.408176 0.475484 -0.000399 0.000075 -0.469987
 34   15.835795 0.581398 0.242756 -0.056407 0.019914 0.053050
 35   -0.815868 -0.091229 -3.114430 0.147613 3.163736 -0.058617
 36   14.294526 -0.410349 -0.463635 0.000045 0.000048 -0.282030
 37   15.834409 0.579420 -0.284600 0.199915 0.023410 0.198943
 38   1.139685 -3.453749 -2.823813 0.000821 -0.000157 -0.050035
 39   -4.457742 -1.054854 -0.746180 0.003667 0.012236 -0.034216
 40   1.118101 -3.449769 3.237290 0.000821 -0.000156 -0.050098
 41   -4.433840 -1.059130 0.959566 -0.004459 -0.025443 -0.034104
 42   -0.657468 1.697302 -2.743303 -0.006615 -0.026017 0.000376
 43   -0.664068 1.698578 2.924066 0.009296 0.046135 0.001255
time 30
  0   -0.010486 0.000000 2.055121 0.000000 0.000000 -1.571069
  1   -1.093036 0.000002 -0.326057 -0.221706 -1.569036 -1.348744
  2   2.262337 0.113614 0.064702 -0.000090 -0.001557 -0.016710
  3   2.380047 0.353302 0.047440 -0.011686 -0.000316 -0.028262
  4   2.033756 0.190472 -0.000128 -0.000010 0.000024 -0.139576
  5   2.451511 0.204909 -0.003447 -0.016552 -0.000553 -0.089812
  6   7.247600 -0.397300 -0.109469 0.000001 -0.000003 0.156829
  7   -2.022252 -0.104661 3.136172 0.361103 -1.237131 -3.975931
  8   1.168026 -0.537438 -0.063437 -0.558722 0.444593 0.101660
  9   6.790376 -0.619176 0.015206 0.130497 -0.271384 -2.195048
 10   8.637599 0.544015 -0.090417 -1.453250 0.034079 -0.376528
 11   6.790465 -0.619039 0.017802 -0.122820 -0.526915 -0.578508
 12   -2.022474 -0.104699 -2.873818 -2.353162 1.441180 -5.419113
 13   1.167898 -0.537463 0.063297 -0.166387 -0.701425 0.149975
 14   7.002743 -0.617765 -0.183752 -1.417961 -1.845479 1.302182
 15   8.209042 0.615527 -0.255885 1.903288 1.014380 0.408626
 16   7.002735 -0.617911 -0.183641 -1.375628 -1.794684 1.273528
 17   1.574674 0.609930 -0.000899 0.030262 0.006990 0.315196
 18   -0.602177 0.511412 -0.000006 0.000000 0.000000 0.000000
 19   3.673773 0.177020 1.119313 -0.000002 -0.000014 -0.174510
 20   3.646422 0.364499 -1.117566 0.000007 -0.000003 -0.174546
 21   2.899356 1.193911 1.522186 0.000002 -0.000011 -0.000026
 22   -0.226528 -0.754099 0.477457 0.000194 -0.057459 0.890061
 23   3.805651 1.330659 -1.631083 0.000019 0.000002 -0.000024
 24   -0.246150 -0.011872 -0.516511 -0.000005 -0.000006 0.000048
 25   4.117120 1.989525 1.648862 -0.064411 0.440688 0.014417
 26   4.941382 1.997366 -1.629410 -0.000001 0.000005 -0.000024
 27   3.305099 1.322380 1.487156 -0.000019 -0.000022 -0.000050
 28   2.932517 1.603245 -1.501142 -0.000002 -0.000009 -0.000024
 29   8.824059 0.150544 0.091743 -0.003024 -0.000112 0.017741
 30   2.150149 -0.561179 1.710099 0.023221 0.160282 0.002533
 31   2.195511 -0.569102 -1.697344 -0.022646 -0.157766 0.001108
 32   -0.810489 -0.093824 3.127092 -0.083351 -3.103217 -0.358780
 33   14.298673 -0.408176 0.475484 -0.000399 0.000075 -0.469987
 34   15.835795 0.581398 0.242756 -0.056407 0.019914 0.053050
 35   -0.815868 -0.091229 -3.114430 0.147613 3.163736 -0.058617
 36   14.294526 -0.410349 -0.463635 0.000045 0.000048 -0.282030
 37   15.834409 0.579420 -0.284600 0.199915 0.023410 0.198943
 38   1.139685 -3.453749 -2.823813 0.000610 -0.000121 -0.038611
 39   -4.457742 -1.054854 -0.746180 0.004494 0.017474 -0.026363
 40   1.118101 -3.449769 3.237290 0.000610 -0.000120 -0.038612
 41   -4.433840 -1.059130 0.959566 -0.006712 -0.036002 -0.026223
 42   -0.657468 1.697302 -2.727678 -0.005273 -0.019179 0.000335
 43   -0.664068 1.698578 2.908441 0.006847 0.033990 0.001171
time 31
  0   -0.010486 0.000000 2.055121 0.000000 0.000000 -1.571069
  1   -1.093036 0.000002 -0.326057 -0.221706 -1.569036 -1.348744
  2   2.262337 0.113614 0.064702 -0.000090 -0.001557 -0.016710
  3   2.380047 0.353302 0.047440 -0.011686 -0.000316 -0.028262
  4   2.033756 0.190472 -0.000128 -0.000010 0.000024 -0.139576
  5   2.451511 0.204909 -0.003447 -0.016552 -0.000514 -0.085106
  6   7.247600 -0.397300 -0.109469 0.000001 -0.000003 0.156829
  7   -2.022252 -0.104661 3.136172 0.323911 -1.225081 -3.940620
  8   1.168026 -0.537438 -0.063437 -0.561253 0.441725 0.092171
  9   6.790376 -0.619176 0.015206 0.147973 -0.255366 -2.259271
 10   8.637599 0.544015 -0.090417 -1.464610 0.092644 -0.421020
 11   6.790465 -0.619039 0.017802 -0.122820 -0.526915 -0.578508
 12   -2.022474 -0.104699 -2.873818 -2.353162 1.441180 -5.419113
 13   1.167898 -0.537463 0.063297 -0.166387 -0.701425 0.149975
 14   7.002743 -0.617765 -0.183752 -1.417961 -1.845479 1.302182
 15   8.209042 0.615527 -0.255885 1.903288 1.014380 0.408626
 16   7.002735 -0.617911 -0.183641 -1.375628 -1.794684 1.273528
 17   1.574674 0.609930 -0.000899 0.029937 0.007013 0.310428
 18   -0.602177 0.511412 -0.000006 0.000000 0.000000 0.000000
 19   3.665960 0.227803 1.119313 -0.000002 -0.000014 -0.174510
 20   3.646422 0.364499 -1.117566 0.000007 -0.000003 -0.174546
 21   3.137645 1.225162 1.545624 0.000002 -0.000011 -0.000026
 22   -0.238247 -0.558781 0.485270 0.000147 -0.042550 0.659333
 23   3.805651 1.330659 -1.631083 0.000019 0.000002 -0.000024
 24   -0.246150 -0.011872 -0.516511 -0.000005 -0.000006 0.000048
 25   4.331970 1.997338 1.644956 -0.047717 0.326430 0.010666
 26   4.941382 1.997366 -1.629410 -0.000001 0.000005 -0.000024
 27   3.203533 1.396601 1.494969 -0.000019 -0.000022 -0.000050
 28   2.932517 1.603245 -1.501142 -0.000002 -0.000009 -0.000024
 29   8.824059 0.150544 0.091743 -0.002935 -0.000112 0.011196
 30   2.142336 -0.561179 1.714005 0.022692 0.149675 0.002468
 31   2.191605 -0.569102 -1.709063 -0.022171 -0.145799 0.001072
 32   -0.810489 -0.093824 3.127092 -0.083351 -3.103217 -0.358780
 33   14.298673 -0.408176 0.475484 -0.000399 0.000075 -0.469987
 34   15.835795 0.581398 0.242756 -0.056407 0.019914 0.053050
 35   -0.815868 -0.091229 -3.114430 0.147613 3.163736 -0.058617
 36   14.294526 -0.410349 -0.463635 0.000045 0.000048 -0.282030
 37   15.834409 0.579420 -0.284600 0.199915 0.023410 0.198943
 38   1.139685 -3.453749 -2.823813 0.000421 -0.000072 -0.027125
 39   -4.457742 -1.054854 -0.746180 0.005273 0.022711 -0.018510
 40   1.118101 -3.449769 3.237290 0.000421 -0.000071 -0.027126
 41   -4.433840 -1.059130 0.959566 -0.008965 -0.046512 -0.018314
 42   -0.657468 1.697302 -2.715959 -0.004003 -0.012954 0.000335
 43   -0.664068 1.698578 2.892815 0.004623 0.022990 0.001004
time 32
  0   -0.010486 0.000000 2.055121 0.000000 0.000000 -1.571069
  1   -1.093036 0.000002 -0.326057 -0.221706 -1.569036 -1.348744
  2   2.262337 0.113614 0.064702 -0.000090 -0.001557 -0.016710
  3   2.380047 0.353302 0.047440 -0.011686 -0.000316 -0.028262
  4   2.033756 0.190472 -0.000128 -0.000010 0.000024 -0.139576
  5   2.451511 0.204909 -0.003447 -0.016552 -0.000462 -0.079559
  6   7.247600 -0.397300 -0.109469 0.000001 -0.000003 0.156829
  7   -2.022252 -0.104661 3.136172 0.292757 -1.215770 -3.911601
  8   1.168026 -0.537438 -0.063437 -0.559671 0.433071 0.086351
  9   6.790376 -0.619176 0.015206 0.158126 -0.220728 -2.306740
 10   8.637599 0.544015 -0.090417 -1.460031 0.143255 -0.485334
 11   6.790465 -0.619039 0.017802 -0.122820 -0.526915 -0.578508
 12   -2.022474 -0.104699 -2.873818 -2.353162 1.441180 -5.419113
 13   1.167898 -0.537463 0.063297 -0.166387 -0.701425 0.149975
 14   7.002743 -0.617765 -0.183752 -1.417961 -1.845479 1.302182
 15   8.209042 0.615527 -0.255885 1.903288 1.014380 0.408626
 16   7.002735 -0.617911 -0.183641 -1.375628 -1.794684 1.273528
 17   1.574674 0.609930 -0.000899 0.029734 0.007013 0.304958
 18   -0.602177 0.511412 -0.000006 0.000000 0.000000 0.000000
 19   3.654241 0.321556 1.119313 -0.000002 -0.000014 -0.174510
 20   3.646422 0.364499 -1.117566 0.000007 -0.000003 -0.174546
 21   3.575158 1.299383 1.600313 0.000002 -0.000011 -0.000026
 22   -0.246060 -0.199395 0.508708 0.000020 -0.014878 0.230753
 23   3.805651 1.330659 -1.631083 0.000019 0.000002 -0.000024
 24   -0.246150 -0.011872 -0.516511 -0.000005 -0.000006 0.000048
 25   4.734326 1.997338 1.629330 -0.016689 0.114243 0.003703
 26   4.941382 1.997366 -1.629410 -0.000001 0.000005 -0.000024
 27   3.023840 1.533324 1.514501 -0.000019 -0.000022 -0.000050
 28   2.932517 1.603245 -1.501142 -0.000002 -0.000009 -0.000024
 29   8.824059 0.150544 0.091743 -0.002757 -0.000112 -0.006776
 30   2.138430 -0.561179 1.733537 0.021282 0.120935 0.002233
 31   2.175979 -0.569102 -1.720782 -0.020884 -0.113371 0.000890
 32   -0.810489 -0.093824 3.127092 -0.083351 -3.103217 -0.358780
 33   14.298673 -0.408176 0.475484 -0.000399 0.000075 -0.469987
 34   15.835795 0.581398 0.242756 -0.056407 0.019914 0.053050
 35   -0.815868 -0.091229 -3.114430 0.147613 3.163736 -0.058617
 36   14.294526 -0.410349 -0.463635 0.000045 0.000048 -0.282030
 37   15.834409 0.579420 -0.284600 0.199915 0.023410 0.198943
 38   1.139685 -3.453749 -2.823813 0.000274 -0.000036 -0.016678
 39   -4.457742 -1.054854 -0.746180 0.005968 0.027517 -0.011274
 40   1.118101 -3.449769 3.237290 0.000274 -0.000035 -0.016679
 41   -4.433840 -1.059130 0.959566 -0.011051 -0.056196 -0.011050
 42   -0.657468 1.697302 -2.700333 -0.002780 -0.007695 0.000251
 43   -0.664068 1.698578 2.881096 0.002724 0.013638 0.000795
time 33
  0   -0.010486 0.000000 2.055121 0.000000 0.000000 -1.571069
  1   -1.093036 0.000002 -0.326057 -0.221706 -1.569036 -1.348744
  2   2.262337 0.113614 0.064702 -0.000090 -0.001557 -0.016710
  3   2.380047 0.353302 0.047440 -0.011686 -0.000316 -0.028262
  4   2.033756 0.190472 -0.000128 -0.000010 0.000024 -0.139576
  5   2.451511 0.204909 -0.003447 -0.016552 -0.000449 -0.076562
  6   7.247600 -0.397300 -0.109469 0.000001 -0.000003 0.156829
  7   -2.022252 -0.104661 3.136172 0.268600 -1.209198 -3.889531
  8   1.168026 -0.537438 -0.063437 -0.555558 0.420945 0.082935
  9   6.790376 -0.619176 0.015206 0.163008 -0.180150 -2.338814
 10   8.637599 0.544015 -0.090417 -1.450080 0.180773 -0.552831
 11   6.790465 -0.619039 0.017802 -0.122820 -0.526915 -0.578508
 12   -2.022474 -0.104699 -2.873818 -2.353162 1.441180 -5.419113
 13   1.167898 -0.537463 0.063297 -0.166387 -0.701425 0.149975
 14   7.002743 -0.617765 -0.183752 -1.417961 -1.845479 1.302182
 15   8.209042 0.615527 -0.255885 1.903288 1.014380 0.408626
 16   7.002735 -0.617911 -0.183641 -1.375628 -1.794684 1.273528
 17   1.574674 0.609930 -0.000899 0.029531 0.007013 0.301927
 18   -0.602177 0.511412 -0.000006 0.000000 0.000000 0.000000
 19   3.646428 0.364526 1.119313 -0.000002 -0.000014 -0.174510
 20   3.646422 0.364499 -1.117566 0.000007 -0.000003 -0.174546
 21   3.805634 1.330634 1.627658 0.000002 -0.000011 -0.000026
 22   -0.246060 -0.011889 0.516521 -0.000011 0.000031 0.000025
 23   3.805651 1.330659 -1.631083 0.000019 0.000002 -0.000024
 24   -0.246150 -0.011872 -0.516511 -0.000005 -0.000006 0.000048
 25   4.941364 1.997338 1.629330 0.000018 -0.000001 -0.000024
 26   4.941382 1.997366 -1.629410 -0.000001 0.000005 -0.000024
 27   2.930087 1.603639 1.514501 -0.000019 -0.000022 -0.000050
 28   2.932517 1.603245 -1.501142 -0.000002 -0.000009 -0.000024
 29   8.824059 0.150544 0.091743 -0.002222 -0.000112 -0.033279
 30   2.118898 -0.561179 1.756975 0.019180 0.078565 0.001911
 31   2.160354 -0.569102 -1.748127 -0.018984 -0.065557 0.000635
 32   -0.810489 -0.093824 3.127092 -0.083351 -3.103217 -0.358780
 33   14.298673 -0.408176 0.475484 -0.000399 0.000075 -0.469987
 34   15.835795 0.581398 0.242756 -0.056407 0.019914 0.053050
 35   -0.815868 -0.091229 -3.114430 0.147613 3.163736 -0.058617
 36   14.294526 -0.410349 -0.463635 0.000045 0.000048 -0.282030
 37   15.834409 0.579420 -0.284600 0.199915 0.023410 0.198943
 38   1.139685 -3.453749 -2.823813 0.000105 -0.000012 -0.007941
 39   -4.457742 -1.054854 -0.746180 0.006532 0.031472 -0.005329
 40   1.118101 -3.449769 3.237290 0.000105 -0.000011 -0.007942
 41   -4.433840 -1.059130 0.959566 -0.012753 -0.064154 -0.005076
 42   -0.657468 1.697302 -2.696427 -0.001690 -0.003586 0.000125
 43   -0.664068 1.698578 2.869377 0.001262 0.006373 0.000544
time 34
  0   -0.010486 0.000000 2.055121 0.000000 0.000000 -1.571069
  1   -1.093036 0.000002 -0.326057 -0.221706 -1.569036 -1.348744
  2   2.262337 0.113614 0.064702 -0.000090 -0.001557 -0.016710
  3   2.380047 0.353302 0.047440 -0.011686 -0.000316 -0.028262
  4   2.033756 0.190472 -0.000128 -0.000010 0.000024 -0.139576
  5   2.451511 0.204909 -0.003447 -0.016552 -0.000397 -0.070024
  6   7.247600 -0.397300 -0.109469 0.000001 -0.000003 0.156829
  7   -2.022252 -0.104661 3.136172 0.252976 -1.205306 -3.875350
  8   1.168026 -0.537438 -0.063437 -0.550306 0.407562 0.080847
  9   6.790376 -0.619176 0.015206 0.164617 -0.146579 -2.357228
 10   8.637599 0.544015 -0.090417 -1.440833 0.203016 -0.606221
 11   6.790465 -0.619039 0.017802 -0.122820 -0.526915 -0.578508
 12   -2.022474 -0.104699 -2.873818 -2.353162 1.441180 -5.419113
 13   1.167898 -0.537463 0.063297 -0.166387 -0.701425 0.149975
 14   7.002743 -0.617765 -0.183752 -1.417961 -1.845479 1.302182
 15   8.209042 0.615527 -0.255885 1.903288 1.014380 0.408626
 16   7.002735 -0.617911 -0.183641 -1.375628 -1.794684 1.273528
 17   1.574674 0.609930 -0.000899 0.029206 0.007061 0.295422
 18   -0.602177 0.511412 -0.000006 0.000000 0.000000 0.000000
 19   3.646428 0.364526 1.119313 -0.000002 -0.000014 -0.174510
 20   3.646422 0.364499 -1.117566 0.000007 -0.000003 -0.174546
 21   3.805634 1.330634 1.627658 0.000002 -0.000011 -0.000026
 22   -0.246060 -0.011889 0.516521 -0.000011 0.000031 0.000025
 23   3.805651 1.330659 -1.631083 0.000019 0.000002 -0.000024
 24   -0.246150 -0.011872 -0.516511 -0.000005 -0.000006 0.000048
 25   4.941364 1.997338 1.629330 0.000018 -0.000001 -0.000024
 26   4.941382 1.997366 -1.629410 -0.000001 0.000005 -0.000024
 27   2.930087 1.603639 1.514501 -0.000019 -0.000022 -0.000050
 28   2.932517 1.603245 -1.501142 -0.000002 -0.000009 -0.000024
 29   8.824059 0.150544 0.091743 -0.001687 -0.000136 -0.065467
 30   2.111085 -0.561179 1.784320 0.016644 0.027129 0.001568
 31   2.140822 -0.569102 -1.783284 -0.016701 -0.007511 0.000326
 32   -0.810489 -0.093824 3.127092 -0.083351 -3.103217 -0.358780
 33   14.298673 -0.408176 0.475484 -0.000399 0.000075 -0.469987
 34   15.835795 0.581398 0.242756 -0.056407 0.019914 0.053050
 35   -0.815868 -0.091229 -3.114430 0.147613 3.163736 -0.058617
 36   14.294526 -0.410349 -0.463635 0.000045 0.000048 -0.282030
 37   15.834409 0.579420 -0.284600 0.199915 0.023410 0.198943
 38   1.139685 -3.453749 -2.823813 0.000000 0.000000 -0.002076
 39   -4.457742 -1.054854 -0.746180 0.006891 0.034144 -0.001290
 40   1.118101 -3.449769 3.237290 0.000000 0.000001 -0.002077
 41   -4.433840 -1.059130 0.959566 -0.013903 -0.069559 -0.001038
 42   -0.657468 1.697302 -2.688614 -0.000743 -0.000918 0.000084
 43   -0.664068 1.698578 2.869377 0.000325 0.001650 0.000293
time 35
  0   -0.010486 0.000000 2.055121 0.000000 0.000000 -1.571069
  1   -1.093036 0.000002 -0.326057 -0.221706 -1.569036 -1.348744
  2   2.262337 0.113614 0.064702 -0.000090 -0.001557 -0.016710
  3   2.380047 0.353302 0.047440 -0.011686 -0.000316 -0.028262
  4   2.033756 0.190472 -0.000128 -0.000010 0.000024 -0.139576
  5   2.451511 0.204909 -0.003447 -0.016638 -0.000318 -0.059623
  6   7.247600 -0.397300 -0.109469 0.000001 -0.000003 0.156829
  7   -2.022252 -0.104661 3.136172 0.247320 -1.204009 -3.870279
  8   1.168026 -0.537438 -0.063437 -0.545243 0.395134 0.079076
  9   6.790376 -0.619176 0.015206 0.164728 -0.132564 -2.363114
 10   8.637599 0.544015 -0.090417 -1.436606 0.210337 -0.627852
 11   6.790465 -0.619039 0.017802 -0.122820 -0.526915 -0.578508
 12   -2.022474 -0.104699 -2.873818 -2.353162 1.441180 -5.419113
 13   1.167898 -0.537463 0.063297 -0.166387 -0.701425 0.149975
 14   7.002743 -0.617765 -0.183752 -1.417961 -1.845479 1.302182
 15   8.209042 0.615527 -0.255885 1.903288 1.014380 0.408626
 16   7.002735 -0.617911 -0.183641 -1.375628 -1.794684 1.273528
 17   1.574674 0.609930 -0.000899 0.028678 0.007084 0.284851
 18   -0.602177 0.511412 -0.000006 0.000000 0.000000 0.000000
 19   3.646428 0.364526 1.119313 -0.000002 -0.000014 -0.174510
 20   3.646422 0.364499 -1.117566 0.000007 -0.000003 -0.174546
 21   3.805634 1.330634 1.627658 0.000002 -0.000011 -0.000026
 22   -0.246060 -0.011889 0.516521 -0.000011 0.000031 0.000025
 23   3.805651 1.330659 -1.631083 0.000019 0.000002 -0.000024
 24   -0.246150 -0.011872 -0.516511 -0.000005 -0.000006 0.000048
 25   4.941364 1.997338 1.629330 0.000018 -0.000001 -0.000024
 26   4.941382 1.997366 -1.629410 -0.000001 0.000005 -0.000024
 27   2.930087 1.603639 1.514501 -0.000019 -0.000022 -0.000050
 28   2.932517 1.603245 -1.501142 -0.000002 -0.000009 -0.000024
 29   8.824059 0.150544 0.091743 -0.001153 -0.000136 -0.100392
 30   2.091553 -0.561179 1.815571 0.013878 -0.028841 0.001139
 31   2.121290 -0.561289 -1.814535 -0.014219 0.055584 -0.000002
 32   -0.810489 -0.093824 3.127092 -0.083351 -3.103217 -0.358780
 33   14.298673 -0.408176 0.475484 -0.000399 0.000075 -0.469987
 34   15.835795 0.581398 0.242756 -0.056407 0.019914 0.053050
 35   -0.815868 -0.091229 -3.114430 0.147613 3.163736 -0.058617
 36   14.294526 -0.410349 -0.463635 0.000045 0.000048 -0.282030
 37   15.834409 0.579420 -0.284600 0.199915 0.023410 0.198943
 38   1.139685 -3.453749 -2.823813 0.000000 0.000000 0.000001
 39   -4.457742 -1.054854 -0.746180 0.007035 0.035151 0.000112
 40   1.118101 -3.449769 3.237290 0.000000 0.000001 0.000000
 41   -4.433840 -1.059130 0.959566 -0.014335 -0.071524 0.000421
 42   -0.657468 1.697302 -2.688614 0.000000 0.000002 0.000000
 43   -0.664068 1.698578 2.869377 0.000000 0.000002 0.000000
time 36
  0   -0.010486 0.000000 2.055121 0.000000 0.000000 -1.571069
  1   -1.093036 0.000002 -0.326057 -0.221706 -1.569036 -1.348744
  2   2.262337 0.113614 0.064702 -0.000090 -0.001557 -0.016710
  3   2.380047 0.353302 0.047440 -0.011686 -0.000316 -0.028262
  4   2.033756 0.190472 -0.000128 -0.000010 0.000024 -0.139576
  5   2.451511 0.204909 -0.003447 -0.016638 -0.000279 -0.056081
  6   7.247600 -0.397300 -0.109469 0.000001 -0.000003 0.156829
  7   -2.022252 -0.104661 3.136172 0.252976 -1.206085 -3.875632
  8   1.168026 -0.537438 -0.063437 -0.541826 0.385323 0.076672
  9   6.790376 -0.619176 0.015206 0.160900 -0.145912 -2.347115
 10   8.637599 0.544015 -0.090417 -1.393102 0.157896 -0.517527
 11   6.790465 -0.619039 0.017802 -0.122820 -0.526915 -0.578508
 12   -2.022474 -0.104699 -2.873818 -2.353162 1.441180 -5.419113
 13   1.167898 -0.537463 0.063297 -0.166387 -0.701425 0.149975
 14   7.002743 -0.617765 -0.183752 -1.417961 -1.845479 1.302182
 15   8.209042 0.615527 -0.255885 1.903288 1.014380 0.408626
 16   7.002735 -0.617911 -0.183641 -1.375628 -1.794684 1.273528
 17   1.574674 0.609930 -0.000899 0.028556 0.007084 0.281302
 18   -0.602177 0.511412 -0.000006 0.000000 0.000000 0.000000
 19   3.646428 0.364526 1.119313 -0.000002 -0.000014 -0.174510
 20   3.646422 0.364499 -1.117566 0.000007 -0.000003 -0.174546
 21   3.805634 1.330634 1.627658 0.000002 -0.000011 -0.000026
 22   -0.246060 -0.011889 0.516521 -0.000011 0.000031 0.000025
 23   3.805651 1.330659 -1.631083 0.000019 0.000002 -0.000024
 24   -0.246150 -0.011872 -0.516511 -0.000005 -0.000006 0.000048
 25   4.941364 1.997338 1.629330 0.000018 -0.000001 -0.000024
 26   4.941382 1.997366 -1.629410 -0.000001 0.000005 -0.000024
 27   2.930087 1.603639 1.514501 -0.000019 -0.000022 -0.000050
 28   2.932517 1.603245 -1.501142 -0.000002 -0.000009 -0.000024
 29   8.824059 0.150544 0.091743 -0.000618 -0.000207 -0.135425
 30   2.079834 -0.561179 1.854635 0.011125 -0.084840 0.000732
 31   2.101758 -0.561289 -1.853599 -0.011737 0.118732 -0.000293
 32   -0.810489 -0.093824 3.127092 -0.083351 -3.103217 -0.358780
 33   14.298673 -0.408176 0.475484 -0.000399 0.000075 -0.469987
 34   15.835795 0.581398 0.242756 -0.056407 0.019914 0.053050
 35   -0.815868 -0.091229 -3.114430 0.147613 3.163736 -0.058617
 36   14.294526 -0.410349 -0.463635 0.000045 0.000048 -0.282030
 37   15.834409 0.579420 -0.284600 0.199915 0.023410 0.198943
 38   1.139685 -3.453749 -2.823813 0.000000 0.000000 0.000001
 39   -4.457742 -1.054854 -0.746180 0.006304 0.031496 0.000112
 40   1.118101 -3.449769 3.237290 0.000000 0.000001 0.000000
 41   -4.433840 -1.059130 0.959566 -0.012836 -0.064106 0.000365
 42   -0.649655 1.724647 -2.688614 0.000527 0.000002 -0.008030
 43   -0.656255 1.718110 2.869377 0.000125 0.000002 -0.008113
time 37
  0   -0.010486 0.000000 2.055121 0.000000 0.000000 -1.571069
  1   -1.093036 0.000002 -0.326057 -0.221706 -1.569036 -1.348744
  2   2.262337 0.113614 0.064702 -0.000090 -0.001557 -0.016710
  3   2.380047 0.353302 0.047440 -0.011686 -0.000316 -0.028262
  4   2.033756 0.190472 -0.000128 -0.000010 0.000024 -0.139576
  5   2.451511 0.204909 -0.003447 -0.016638 -0.000227 -0.048949
  6   7.247600 -0.397300 -0.109469 0.000001 -0.000003 0.156829
  7   -2.022252 -0.104661 3.136172 0.267163 -1.210956 -3.888592
  8   1.168026 -0.537438 -0.063437 -0.539928 0.378329 0.073825
  9   6.790376 -0.619176 0.015206 0.151801 -0.177614 -2.309004
 10   8.637599 0.544015 -0.090417 -1.346427 -0.001609 -0.267795
 11   6.790465 -0.619039 0.017802 -0.122820 -0.526915 -0.578508
 12   -2.022474 -0.104699 -2.873818 -2.353162 1.441180 -5.419113
 13   1.167898 -0.537463 0.063297 -0.166387 -0.701425 0.149975
 14   7.002743 -0.617765 -0.183752 -1.417961 -1.845479 1.302182
 15   8.209042 0.615527 -0.255885 1.903288 1.014380 0.408626
 16   7.002735 -0.617911 -0.183641 -1.375628 -1.794684 1.273528
 17   1.574674 0.609930 -0.000899 0.028150 0.007132 0.274095
 18   -0.602177 0.511412 -0.000006 0.000000 0.000000 0.000000
 19   3.646428 0.364526 1.119313 -0.000002 -0.000014 -0.174510
 20   3.646422 0.364499 -1.117566 0.000007 -0.000003 -0.174546
 21   3.805634 1.330634 1.627658 0.000002 -0.000011 -0.000026
 22   -0.246060 -0.011889 0.516521 -0.000011 0.000031 0.000025
 23   3.805651 1.330659 -1.631083 0.000019 0.000002 -0.000024
 24   -0.246150 -0.011872 -0.516511 -0.000005 -0.000006 0.000048
 25   4.941364 1.997338 1.629330 0.000018 -0.000001 -0.000024
 26   4.941382 1.997366 -1.629410 -0.000001 0.000005 -0.000024
 27   2.930087 1.603639 1.514501 -0.000019 -0.000022 -0.000050
 28   2.932517 1.603245 -1.501142 -0.000002 -0.000009 -0.000024
 29   8.824059 0.150544 0.091743 0.000006 -0.000207 -0.167506
 30   2.060302 -0.561179 1.885886 0.008576 -0.136277 0.000346
 31   2.082226 -0.561289 -1.880944 -0.009423 0.176777 -0.000621
 32   -0.810489 -0.093824 3.127092 -0.083351 -3.103217 -0.358780
 33   14.298673 -0.408176 0.475484 -0.000399 0.000075 -0.469987
 34   15.835795 0.581398 0.242756 -0.056407 0.019914 0.053050
 35   -0.815868 -0.091229 -3.114430 0.147613 3.163736 -0.058617
 36   14.294526 -0.410349 -0.463635 0.000045 0.000048 -0.282030
 37   15.834409 0.579420 -0.284600 0.199915 0.023410 0.198943
 38   1.139685 -3.453749 -2.823813 0.000000 0.000000 0.000001
 39   -4.457742 -1.054854 -0.746180 0.004542 0.022771 0.000056
 40   1.118101 -3.449769 3.237290 0.000000 0.000001 0.000000
 41   -4.433840 -1.059130 0.959566 -0.009277 -0.046344 0.000252
 42   -0.626217 1.783242 -2.688614 0.000899 0.000002 -0.027058
 43   -0.632817 1.784518 2.869377 0.000425 0.000002 -0.027226
time 38
  0   -0.010486 0.000000 2.055121 0.000000 0.000000 -1.571069
  1   -1.093036 0.000002 -0.326057 -0.221706 -1.569036 -1.348744
  2   2.262337 0.113614 0.064702 -0.000090 -0.001557 -0.016710
  3   2.380047 0.353302 0.047440 -0.011686 -0.000316 -0.028262
  4   2.033756 0.190472 -0.000128 -0.000010 0.000024 -0.139576
  5   2.451511 0.204909 -0.003447 -0.016638 -0.000188 -0.042089
  6   7.247600 -0.397300 -0.109469 0.000001 -0.000003 0.156829
  7   -2.022252 -0.104661 3.136172 0.284513 -1.216722 -3.904557
  8   1.168026 -0.537438 -0.063437 -0.538915 0.373801 0.071295
  9   6.790376 -0.619176 0.015206 0.141038 -0.215589 -2.263648
 10   8.637599 0.544015 -0.090417 -1.405607 -0.219538 0.023102
 11   6.790465 -0.619039 0.017802 -0.122820 -0.526915 -0.578508
 12   -2.022474 -0.104699 -2.873818 -2.353162 1.441180 -5.419113
 13   1.167898 -0.537463 0.063297 -0.166387 -0.701425 0.149975
 14   7.002743 -0.617765 -0.183752 -1.417961 -1.845479 1.302182
 15   8.209042 0.615527 -0.255885 1.903288 1.014380 0.408626
 16   7.002735 -0.617911 -0.183641 -1.375628 -1.794684 1.273528
 17   1.574674 0.609930 -0.000899 0.027865 0.007132 0.267183
 18   -0.602177 0.511412 -0.000006 0.000000 0.000000 0.000000
 19   3.646428 0.364526 1.119313 -0.000002 -0.000014 -0.174510
 20   3.646422 0.364499 -1.117566 0.000007 -0.000003 -0.174546
 21   3.805634 1.330634 1.627658 0.000002 -0.000011 -0.000026
 22   -0.246060 -0.011889 0.516521 -0.000011 0.000031 0.000025
 23   3.805651 1.330659 -1.631083 0.000019 0.000002 -0.000024
 24   -0.246150 -0.011872 -0.516511 -0.000005 -0.000006 0.000048
 25   4.941364 1.997338 1.629330 0.000018 -0.000001 -0.000024
 26   4.941382 1.997366 -1.629410 -0.000001 0.000005 -0.000024
 27   2.930087 1.603639 1.514501 -0.000019 -0.000022 -0.000050
 28   2.932517 1.603245 -1.501142 -0.000002 -0.000009 -0.000024
 29   8.824059 0.150544 0.091743 0.000184 -0.000231 -0.193955
 30   2.048583 -0.561179 1.909324 0.006501 -0.178647 0.000067
 31   2.066601 -0.561289 -1.904382 -0.007554 0.224591 -0.000857
 32   -0.810489 -0.093824 3.127092 -0.083351 -3.103217 -0.358780
 33   14.298673 -0.408176 0.475484 -0.000399 0.000075 -0.469987
 34   15.835795 0.581398 0.242756 -0.056407 0.019914 0.053050
 35   -0.815868 -0.091229 -3.114430 0.147613 3.163736 -0.058617
 36   14.294526 -0.410349 -0.463635 0.000045 0.000048 -0.282030
 37   15.834409 0.579420 -0.284600 0.199915 0.023410 0.198943
 38   1.139685 -3.453749 -2.823813 0.000000 0.000000 0.000001
 39   -4.457742 -1.054854 -0.746180 0.002469 0.012356 0.000028
 40   1.118101 -3.449769 3.237290 0.000000 0.000001 0.000000
 41   -4.433840 -1.059130 0.959566 -0.005047 -0.025180 0.000112
 42   -0.598872 1.865276 -2.688614 0.001115 0.000002 -0.049725
 43   -0.605472 1.862646 2.869377 0.000800 0.000002 -0.049809
time 39
  0   -0.010486 0.000000 2.055121 0.000000 0.000000 -1.571069
  1   -1.093036 0.000002 -0.326057 -0.221706 -1.569036 -1.348744
  2   2.262337 0.113614 0.064702 -0.000090 -0.001557 -0.016710
  3   2.380047 0.353302 0.047440 -0.011686 -0.000316 -0.028262
  4   2.033756 0.190472 -0.000128 -0.000010 0.000024 -0.139576
  5   2.451511 0.204909 -0.003447 -0.016638 -0.000136 -0.035600
  6   7.247600 -0.397300 -0.109469 0.000001 -0.000003 0.156829
  7   -2.022252 -0.104661 3.136172 0.299371 -1.221449 -3.918362
  8   1.168026 -0.537438 -0.063437 -0.538662 0.371285 0.069397
  9   6.790376 -0.619176 0.015206 0.131884 -0.247290 -2.225688
 10   8.637599 0.544015 -0.090417 -1.558223 -0.386715 0.287882
 11   6.790465 -0.619039 0.017802 -0.122820 -0.526915 -0.578508
 12   -2.022474 -0.104699 -2.873818 -2.353162 1.441180 -5.419113
 13   1.167898 -0.537463 0.063297 -0.166387 -0.701425 0.149975
 14   7.002743 -0.617765 -0.183752 -1.417961 -1.845479 1.302182
 15   8.209042 0.615527 -0.255885 1.903288 1.014380 0.408626
 16   7.002735 -0.617911 -0.183641 -1.375628 -1.794684 1.273528
 17   1.574674 0.609930 -0.000899 0.027459 0.007155 0.260752
 18   -0.602177 0.511412 -0.000006 0.000000 0.000000 0.000000
 19   3.646428 0.364526 1.119313 -0.000002 -0.000014 -0.174510
 20   3.646422 0.364499 -1.117566 0.000007 -0.000003 -0.174546
 21   3.805634 1.330634 1.627658 0.000002 -0.000011 -0.000026
 22   -0.246060 -0.011889 0.516521 -0.000011 0.000031 0.000025
 23   3.805651 1.330659 -1.631083 0.000019 0.000002 -0.000024
 24   -0.246150 -0.011872 -0.516511 -0.000005 -0.000006 0.000048
 25   4.941364 1.997338 1.629330 0.000018 -0.000001 -0.000024
 26   4.941382 1.997366 -1.629410 -0.000001 0.000005 -0.000024
 27   2.930087 1.603639 1.514501 -0.000019 -0.000022 -0.000050
 28   2.932517 1.603245 -1.501142 -0.000002 -0.000009 -0.000024
 29   8.824059 0.150544 0.091743 0.000630 -0.000231 -0.211927
 30   2.040770 -0.561179 1.932762 0.005091 -0.207416 -0.000105
 31   2.050975 -0.561289 -1.923914 -0.006267 0.257046 -0.001039
 32   -0.810489 -0.093824 3.127092 -0.083351 -3.103217 -0.358780
 33   14.298673 -0.408176 0.475484 -0.000399 0.000075 -0.469987
 34   15.835795 0.581398 0.242756 -0.056407 0.019914 0.053050
 35   -0.815868 -0.091229 -3.114430 0.147613 3.163736 -0.058617
 36   14.294526 -0.410349 -0.463635 0.000045 0.000048 -0.282030
 37   15.834409 0.579420 -0.284600 0.199915 0.023410 0.198943
 38   1.139685 -3.453749 -2.823813 0.000000 0.000000 0.000001
 39   -4.457742 -1.054854 -0.746180 0.000719 0.003643 0.000000
 40   1.118101 -3.449769 3.237290 0.000000 0.000001 0.000000
 41   -4.433840 -1.059130 0.959566 -0.001475 -0.007418 0.000000
 42   -0.575434 1.927778 -2.688614 0.001210 0.000002 -0.068712
 43   -0.582034 1.929054 2.869377 0.001112 0.000002 -0.068754
time 40
  0   -0.010486 0.000000 2.055121 0.000000 0.000000 -1.571069
  1   -1.093036 0.000002 -0.326057 -0.221706 -1.569036 -1.348744
  2   2.262337 0.113614 0.064702 -0.000090 -0.001557 -0.016710
  3   2.380047 0.353302 0.047440 -0.011686 -0.000316 -0.028262
  4   2.033756 0.190472 -0.000128 -0.000010 0.000024 -0.139576
  5   2.451511 0.204909 -0.003447 -0.016638 -0.000044 -0.027031
  6   7.247600 -0.397300 -0.109469 0.000001 -0.000003 0.156829
  7   -2.022252 -0.104661 3.136172 0.305602 -1.223438 -3.924185
  8   1.168026 -0.537438 -0.063437 -0.538662 0.370581 0.068638
  9   6.790376 -0.619176 0.015206 0.128056 -0.260638 -2.209840
 10   8.637599 0.544015 -0.090417 -1.651220 -0.443379 0.409782
 11   6.790465 -0.619039 0.017802 -0.122820 -0.526915 -0.578508
 12   -2.022474 -0.104699 -2.873818 -2.353162 1.441180 -5.419113
 13   1.167898 -0.537463 0.063297 -0.166387 -0.701425 0.149975
 14   7.002743 -0.617765 -0.183752 -1.417961 -1.845479 1.302182
 15   8.209042 0.615527 -0.255885 1.903288 1.014380 0.408626
 16   7.002735 -0.617911 -0.183641 -1.375628 -1.794684 1.273528
 17   1.574674 0.609930 -0.000899 0.027094 0.007155 0.252140
 18   -0.602177 0.511412 -0.000006 0.000000 0.000000 0.000000
 19   3.673773 0.177020 1.119313 -0.000002 -0.000014 -0.174510
 20   3.673767 0.176993 -1.117566 0.000007 -0.000003 -0.174546
 21   2.899356 1.193911 1.522186 0.000002 -0.000011 -0.000026
 22   -0.226528 -0.754099 0.477457 0.000194 -0.057459 0.890061
 23   2.918905 1.182217 -1.611551 0.000019 0.000002 -0.000024
 24   -0.078176 -0.558764 -0.547762 0.000187 -0.057484 0.890104
 25   4.117120 1.989525 1.648862 -0.064411 0.440688 0.014417
 26   4.117138 1.989553 -1.609878 0.071523 -0.408734 -0.041694
 27   3.305099 1.322380 1.487156 -0.000019 -0.000022 -0.000050
 28   3.303622 1.321986 -1.528487 -0.000002 -0.000009 -0.000024
 29   8.824059 0.150544 0.091743 0.000719 -0.000231 -0.218472
 30   2.036864 -0.561179 1.932762 0.004562 -0.217994 -0.000169
 31   2.050975 -0.561289 -1.927820 -0.005807 0.268960 -0.001112
 32   -0.810489 -0.093824 3.127092 -0.083351 -3.103217 -0.358780
 33   14.298673 -0.408176 0.475484 -0.000399 0.000075 -0.469987
 34   15.835795 0.581398 0.242756 -0.056407 0.019914 0.053050
 35   -0.815868 -0.091229 -3.114430 0.147613 3.163736 -0.058617
 36   14.294526 -0.410349 -0.463635 0.000045 0.000048 -0.282030
 37   15.834409 0.579420 -0.284600 0.199915 0.023410 0.198943
 38   1.139685 -3.453749 -2.823813 0.000000 0.000000 0.000001
 39   -4.457742 -1.054854 -0.746180 0.000000 0.000000 0.000000
 40   1.118101 -3.449769 3.237290 0.000000 0.000001 0.000000
 41   -4.433840 -1.059130 0.959566 -0.000001 0.000000 0.000000
 42   -0.571528 1.959029 -2.688614 0.001234 0.000002 -0.076658
 43   -0.574221 1.952492 2.869377 0.001237 0.000002 -0.076658
time 41
  0   -0.010486 0.000000 2.055121 0.000000 0.000000 -1.571069
  1   -1.093036 0.000002 -0.326057 -0.221706 -1.569036 -1.348744
  2   2.262337 0.113614 0.064702 -0.000090 -0.001557 -0.016710
  3   2.380047 0.353302 0.047440 -0.011686 -0.000316 -0.028262
  4   2.033756 0.190472 -0.000128 -0.000010 0.000024 -0.139576
  5   2.451511 0.204909 -0.003447 -0.016638 -0.000031 -0.024555
  6   7.247600 -0.397300 -0.109469 0.000001 -0.000003 0.156829
  7   -2.022252 -0.104661 3.136172 0.299371 -1.221449 -3.918362
  8   1.168026 -0.537438 -0.063437 -0.539358 0.373147 0.069650
  9   6.790376 -0.619176 0.015206 0.131884 -0.247290 -2.225688
 10   8.637599 0.544015 -0.090417 -1.558223 -0.386715 0.287882
 11   6.790465 -0.619039 0.017802 -0.122820 -0.526915 -0.578508
 12   -2.022474 -0.104699 -2.873818 -2.353162 1.441180 -5.419113
 13   1.167898 -0.537463 0.063297 -0.166387 -0.701425 0.149975
 14   7.002743 -0.617765 -0.183752 -1.417961 -1.845479 1.302182
 15   8.209042 0.615527 -0.255885 1.903288 1.014380 0.408626
 16   7.002735 -0.617911 -0.183641 -1.375628 -1.794684 1.273528
 17   1.574674 0.609930 -0.000899 0.026972 0.007155 0.249627
 18   -0.602177 0.511412 -0.000006 0.000000 0.000000 0.000000
 19   3.646428 0.364526 1.119313 -0.000002 -0.000014 -0.174510
 20   3.646422 0.364499 -1.117566 0.000007 -0.000003 -0.174546
 21   3.805634 1.330634 1.627658 0.000002 -0.000011 -0.000026
 22   -0.246060 -0.011889 0.516521 -0.000011 0.000031 0.000025
 23   3.805651 1.330659 -1.631083 0.000019 0.000002 -0.000024
 24   -0.246150 -0.011872 -0.516511 -0.000005 -0.000006 0.000048
 25   4.941364 1.997338 1.629330 0.000018 -0.000001 -0.000024
 26   4.941382 1.997366 -1.629410 -0.000001 0.000005 -0.000024
 27   2.930087 1.603639 1.514501 -0.000019 -0.000022 -0.000050
 28   2.932517 1.603245 -1.501142 -0.000002 -0.000009 -0.000024
 29   8.824059 0.150544 0.091743 0.000630 -0.000255 -0.214716
 30   2.036864 -0.561179 1.932762 0.004996 -0.209189 -0.000105
 31   2.050975 -0.561289 -1.923914 -0.006175 0.259014 -0.001039
 32   -0.810489 -0.093824 3.127092 -0.083351 -3.103217 -0.358780
 33   14.298673 -0.408176 0.475484 -0.000399 0.000075 -0.469987
 34   15.835795 0.581398 0.242756 -0.056407 0.019914 0.053050
 35   -0.815868 -0.091229 -3.114430 0.147613 3.163736 -0.058617
 36   14.294526 -0.410349 -0.463635 0.000045 0.000048 -0.282030
 37   15.834409 0.579420 -0.284600 0.199915 0.023410 0.198943
 38   1.139685 -3.453749 -2.823813 0.000000 0.000000 0.000001
 39   -4.457742 -1.054854 -0.746180 0.000719 0.003643 0.000000
 40   1.118101 -3.449769 3.237290 0.000000 0.000001 0.000000
 41   -4.433840 -1.059130 0.959566 -0.001475 -0.007418 0.000000
 42   -0.575434 1.927778 -2.688614 0.001007 0.000002 -0.062355
 43   -0.582034 1.929054 2.869377 0.001000 0.000002 -0.062355
time 42
  0   -0.010486 0.000000 2.055121 0.000000 0.000000 -1.571069
  1   -1.093036 0.000002 -0.326057 -0.221706 -1.569036 -1.348744
  2   2.262337 0.113614 0.064702 -0.000090 -0.001557 -0.016710
  3   2.380047 0.353302 0.047440 -0.011686 -0.000316 -0.028262
  4   2.033756 0.190472 -0.000128 -0.000010 0.000024 -0.139576
  5   2.451511 0.204909 -0.003447 -0.016638 -0.000005 -0.020221
  6   7.247600 -0.397300 -0.109469 0.000001 -0.000003 0.156829
  7   -2.022252 -0.104661 3.136172 0.284513 -1.216722 -3.904557
  8   1.168026 -0.537438 -0.063437 -0.541067 0.379235 0.072244
  9   6.790376 -0.619176 0.015206 0.141038 -0.215589 -2.263648
 10   8.637599 0.544015 -0.090417 -1.405607 -0.219538 0.023102
 11   6.790465 -0.619039 0.017802 -0.122820 -0.526915 -0.578508
 12   -2.022474 -0.104699 -2.873818 -2.353162 1.441180 -5.419113
 13   1.167898 -0.537463 0.063297 -0.166387 -0.701425 0.149975
 14   7.002743 -0.617765 -0.183752 -1.417961 -1.845479 1.302182
 15   8.209042 0.615527 -0.255885 1.903288 1.014380 0.408626
 16   7.002735 -0.617911 -0.183641 -1.375628 -1.794684 1.273528
 17   1.574674 0.609930 -0.000899 0.026728 0.007203 0.245265
 18   -0.602177 0.511412 -0.000006 0.000000 0.000000 0.000000
 19   3.646428 0.364526 1.119313 -0.000002 -0.000014 -0.174510
 20   3.646422 0.364499 -1.117566 0.000007 -0.000003 -0.174546
 21   3.805634 1.330634 1.627658 0.000002 -0.000011 -0.000026
 22   -0.246060 -0.011889 0.516521 -0.000011 0.000031 0.000025
 23   3.805651 1.330659 -1.631083 0.000019 0.000002 -0.000024
 24   -0.246150 -0.011872 -0.516511 -0.000005 -0.000006 0.000048
 25   4.941364 1.997338 1.629330 0.000018 -0.000001 -0.000024
 26   4.941382 1.997366 -1.629410 -0.000001 0.000005 -0.000024
 27   2.930087 1.603639 1.514501 -0.000019 -0.000022 -0.000050
 28   2.932517 1.603245 -1.501142 -0.000002 -0.000009 -0.000024
 29   8.824059 0.150544 0.091743 0.000452 -0.000255 -0.204309
 30   2.040770 -0.561179 1.917137 0.006175 -0.185040 0.000024
 31   2.058788 -0.561289 -1.908288 -0.007263 0.231792 -0.000912
 32   -0.810489 -0.093824 3.127092 -0.083351 -3.103217 -0.358780
 33   14.298673 -0.408176 0.475484 -0.000399 0.000075 -0.469987
 34   15.835795 0.581398 0.242756 -0.056407 0.019914 0.053050
 35   -0.815868 -0.091229 -3.114430 0.147613 3.163736 -0.058617
 36   14.294526 -0.410349 -0.463635 0.000045 0.000048 -0.282030
 37   15.834409 0.579420 -0.284600 0.199915 0.023410 0.198943
 38   1.139685 -3.453749 -2.823813 0.000000 0.000000 0.000001
 39   -4.457742 -1.054854 -0.746180 0.002469 0.012356 0.000028
 40   1.118101 -3.449769 3.237290 0.000000 0.000001 0.000000
 41   -4.433840 -1.059130 0.959566 -0.005047 -0.025180 0.000112
 42   -0.587153 1.865276 -2.688614 0.000443 0.000002 -0.028271
 43   -0.593753 1.862646 2.869377 0.000450 0.000002 -0.028229
time 43
  0   -0.010486 0.000000 2.055121 0.000000 0.000000 -1.571069
  1   -1.093036 0.000002 -0.326057 -0.221706 -1.569036 -1.348744
  2   2.262337 0.113614 0.064702 -0.000090 -0.001557 -0.016710
  3   2.380047 0.353302 0.047440 -0.011686 -0.000316 -0.028262
  4   2.033756 0.190472 -0.000128 -0.000010 0.000024 -0.139576
  5   2.451511 0.204909 -0.003447 -0.016638 -0.000005 -0.015639
  6   7.247600 -0.397300 -0.109469 0.000001 -0.000003 0.156829
  7   -2.022252 -0.104661 3.136172 0.267163 -1.210956 -3.888592
  8   1.168026 -0.537438 -0.063437 -0.542965 0.386480 0.075280
  9   6.790376 -0.619176 0.015206 0.151801 -0.177614 -2.309004
 10   8.637599 0.544015 -0.090417 -1.346427 -0.001609 -0.267795
 11   6.790465 -0.619039 0.017802 -0.122820 -0.526915 -0.578508
 12   -2.022474 -0.104699 -2.873818 -2.353162 1.441180 -5.419113
 13   1.167898 -0.537463 0.063297 -0.166387 -0.701425 0.149975
 14   7.002743 -0.617765 -0.183752 -1.417961 -1.845479 1.302182
 15   8.209042 0.615527 -0.255885 1.903288 1.014380 0.408626
 16   7.002735 -0.617911 -0.183641 -1.375628 -1.794684 1.273528
 17   1.574674 0.609930 -0.000899 0.026484 0.007203 0.240534
 18   -0.602177 0.511412 -0.000006 0.000000 0.000000 0.000000
 19   3.646428 0.364526 1.119313 -0.000002 -0.000014 -0.174510
 20   3.646422 0.364499 -1.117566 0.000007 -0.000003 -0.174546
 21   3.805634 1.330634 1.627658 0.000002 -0.000011 -0.000026
 22   -0.246060 -0.011889 0.516521 -0.000011 0.000031 0.000025
 23   3.805651 1.330659 -1.631083 0.000019 0.000002 -0.000024
 24   -0.246150 -0.011872 -0.516511 -0.000005 -0.000006 0.000048
 25   4.941364 1.997338 1.629330 0.000018 -0.000001 -0.000024
 26   4.941382 1.997366 -1.629410 -0.000001 0.000005 -0.000024
 27   2.930087 1.603639 1.514501 -0.000019 -0.000022 -0.000050
 28   2.932517 1.603245 -1.501142 -0.000002 -0.000009 -0.000024
 29   8.824059 0.150544 0.091743 0.000095 -0.000255 -0.188751
 30   2.052489 -0.561179 1.889792 0.007952 -0.148918 0.000260
 31   2.078320 -0.561289 -1.884850 -0.008856 0.191075 -0.000675
 32   -0.810489 -0.093824 3.127092 -0.083351 -3.103217 -0.358780
 33   14.298673 -0.408176 0.475484 -0.000399 0.000075 -0.469987
 34   15.835795 0.581398 0.242756 -0.056407 0.019914 0.053050
 35   -0.815868 -0.091229 -3.114430 0.147613 3.163736 -0.058617
 36   14.294526 -0.410349 -0.463635 0.000045 0.000048 -0.282030
 37   15.834409 0.579420 -0.284600 0.199915 0.023410 0.198943
 38   1.139685 -3.453749 -2.823813 0.000000 0.000000 0.000001
 39   -4.457742 -1.054854 -0.746180 0.004542 0.022771 0.000056
 40   1.118101 -3.449769 3.237290 0.000000 0.000001 0.000000
 41   -4.433840 -1.059130 0.959566 -0.009277 -0.046344 0.000252
 42   -0.606685 1.779336 -2.688614 -0.000192 0.000002 0.012421
 43   -0.613285 1.780612 2.869377 -0.000175 0.000002 0.012421
time 44
  0   -0.010486 0.000000 2.055121 0.000000 0.000000 -1.571069
  1   -1.093036 0.000002 -0.326057 -0.221706 -1.569036 -1.348744
  2   2.262337 0.113614 0.064702 -0.000090 -0.001557 -0.016710
  3   2.380047 0.353302 0.047440 -0.011686 -0.000316 -0.028262
  4   2.033756 0.190472 -0.000128 -0.000010 0.000024 -0.139576
  5   2.451511 0.204909 -0.003447 -0.016638 -0.000005 -0.013732
  6   7.247600 -0.397300 -0.109469 0.000001 -0.000003 0.156829
  7   -2.022252 -0.104661 3.136172 0.252976 -1.206085 -3.875632
  8   1.168026 -0.537438 -0.063437 -0.544674 0.392568 0.077937
  9   6.790376 -0.619176 0.015206 0.160900 -0.145912 -2.347115
 10   8.637599 0.544015 -0.090417 -1.393102 0.157896 -0.517527
 11   6.790465 -0.619039 0.017802 -0.122820 -0.526915 -0.578508
 12   -2.022474 -0.104699 -2.873818 -2.353162 1.441180 -5.419113
 13   1.167898 -0.537463 0.063297 -0.166387 -0.701425 0.149975
 14   7.002743 -0.617765 -0.183752 -1.417961 -1.845479 1.302182
 15   8.209042 0.615527 -0.255885 1.903288 1.014380 0.408626
 16   7.002735 -0.617911 -0.183641 -1.375628 -1.794684 1.273528
 17   1.574674 0.609930 -0.000899 0.026403 0.007203 0.238576
 18   -0.602177 0.511412 -0.000006 0.000000 0.000000 0.000000
 19   3.646428 0.364526 1.119313 -0.000002 -0.000014 -0.174510
 20   3.646422 0.364499 -1.117566 0.000007 -0.000003 -0.174546
 21   3.805634 1.330634 1.627658 0.000002 -0.000011 -0.000026
 22   -0.246060 -0.011889 0.516521 -0.000011 0.000031 0.000025
 23   3.805651 1.330659 -1.631083 0.000019 0.000002 -0.000024
 24   -0.246150 -0.011872 -0.516511 -0.000005 -0.000006 0.000048
 25   4.941364 1.997338 1.629330 0.000018 -0.000001 -0.000024
 26   4.941382 1.997366 -1.629410 -0.000001 0.000005 -0.000024
 27   2.930087 1.603639 1.514501 -0.000019 -0.000022 -0.000050
 28   2.932517 1.603245 -1.501142 -0.000002 -0.000009 -0.000024
 29   8.824059 0.150544 0.091743 0.000006 -0.000278 -0.169652
 30   2.072021 -0.561179 1.866354 0.010176 -0.104311 0.000603
 31   2.090039 -0.561289 -1.861412 -0.010848 0.140697 -0.000439
 32   -0.810489 -0.093824 3.127092 -0.083351 -3.103217 -0.358780
 33   14.298673 -0.408176 0.475484 -0.000399 0.000075 -0.469987
 34   15.835795 0.581398 0.242756 -0.056407 0.019914 0.053050
 35   -0.815868 -0.091229 -3.114430 0.147613 3.163736 -0.058617
 36   14.294526 -0.410349 -0.463635 0.000045 0.000048 -0.282030
 37   15.834409 0.579420 -0.284600 0.199915 0.023410 0.198943
 38   1.139685 -3.453749 -2.823813 0.000000 0.000000 0.000001
 39   -4.457742 -1.054854 -0.746180 0.006304 0.031496 0.000112
 40   1.118101 -3.449769 3.237290 0.000000 0.000001 0.000000
 41   -4.433840 -1.059130 0.959566 -0.012836 -0.064106 0.000365
 42   -0.626217 1.716834 -2.688614 -0.000731 0.000002 0.046505
 43   -0.632817 1.718110 2.869377 -0.000725 0.000002 0.046505
time 45
  0   -0.010486 0.000000 2.055121 0.000000 0.000000 -1.571069
  1   -1.093036 0.000002 -0.326057 -0.221706 -1.569036 -1.348744
  2   2.262337 0.113614 0.064702 -0.000090 -0.001557 -0.016710
  3   2.380047 0.353302 0.047440 -0.011686 -0.000316 -0.028262
  4   2.033756 0.190472 -0.000128 -0.000010 0.000024 -0.139576
  5   2.451511 0.204909 -0.003447 -0.016638 0.000008 -0.012791
  6   7.247600 -0.397300 -0.109469 0.000001 -0.000003 0.156829
  7   -2.022252 -0.104661 3.136172 0.247320 -1.204009 -3.870279
  8   1.168026 -0.537438 -0.063437 -0.545243 0.395134 0.079076
  9   6.790376 -0.619176 0.015206 0.164728 -0.132564 -2.363114
 10   8.637599 0.544015 -0.090417 -1.436606 0.210337 -0.627852
 11   6.790465 -0.619039 0.017802 -0.122820 -0.526915 -0.578508
 12   -2.022474 -0.104699 -2.873818 -2.353162 1.441180 -5.419113
 13   1.167898 -0.537463 0.063297 -0.166387 -0.701425 0.149975
 14   7.002743 -0.617765 -0.183752 -1.417961 -1.845479 1.302182
 15   8.209042 0.615527 -0.255885 1.903288 1.014380 0.408626
 16   7.002735 -0.617911 -0.183641 -1.375628 -1.794684 1.273528
 17   1.574674 0.609930 -0.000899 0.026281 0.007203 0.237615
 18   -0.602177 0.511412 -0.000006 0.000000 0.000000 0.000000
 19   3.646428 0.364526 1.119313 -0.000002 -0.000014 -0.174510
 20   3.646422 0.364499 -1.117566 0.000007 -0.000003 -0.174546
 21   3.805634 1.330634 1.627658 0.000002 -0.000011 -0.000026
 22   -0.246060 -0.011889 0.516521 -0.000011 0.000031 0.000025
 23   3.805651 1.330659 -1.631083 0.000019 0.000002 -0.000024
 24   -0.246150 -0.011872 -0.516511 -0.000005 -0.000006 0.000048
 25   4.941364 1.997338 1.629330 0.000018 -0.000001 -0.000024
 26   4.941382 1.997366 -1.629410 -0.000001 0.000005 -0.000024
 27   2.930087 1.603639 1.514501 -0.000019 -0.000022 -0.000050
 28   2.932517 1.603245 -1.501142 -0.000002 -0.000009 -0.000024
 29   8.824059 0.150544 0.091743 -0.000261 -0.000278 -0.148246
 30   2.083740 -0.561179 1.835103 0.012617 -0.054560 0.000946
 31   2.113477 -0.561289 -1.834067 -0.013085 0.084620 -0.000111
 32   -0.810489 -0.093824 3.127092 -0.083351 -3.103217 -0.358780
 33   14.298673 -0.408176 0.475484 -0.000399 0.000075 -0.469987
 34   15.835795 0.581398 0.242756 -0.056407 0.019914 0.053050
 35   -0.815868 -0.091229 -3.114430 0.147613 3.163736 -0.058617
 36   14.294526 -0.410349 -0.463635 0.000045 0.000048 -0.282030
 37   15.834409 0.579420 -0.284600 0.199915 0.023410 0.198943
 38   1.139685 -3.453749 -2.823813 0.000000 0.000000 0.000001
 39   -4.457742 -1.054854 -0.746180 0.007035 0.035151 0.000112
 40   1.118101 -3.449769 3.237290 0.000000 0.000001 0.000000
 41   -4.433840 -1.059130 0.959566 -0.014335 -0.071524 0.000421
 42   -0.637936 1.697302 -2.688614 -0.000971 0.000002 0.060808
 43   -0.644536 1.698578 2.869377 -0.000975 -0.000014 0.060808
time 46
  0   -0.010486 0.000000 2.055121 0.000000 0.000000 -1.571069
  1   -1.093036 0.000002 -0.326057 -0.221706 -1.569036 -1.348744
  2   2.262337 0.113614 0.064702 -0.000090 -0.001557 -0.016710
  3   2.380047 0.353302 0.047440 -0.011686 -0.000316 -0.028262
  4   2.033756 0.190472 -0.000128 -0.000010 0.000024 -0.139576
  5   2.451511 0.204909 -0.003447 -0.016638 0.000008 -0.012692
  6   7.247600 -0.397300 -0.109469 0.000001 -0.000003 0.156829
  7   -2.022252 -0.104661 3.136172 0.251442 -1.205479 -3.874129
  8   1.168026 -0.537438 -0.063437 -0.544800 0.393222 0.078317
  9   6.790376 -0.619176 0.015206 0.162065 -0.141974 -2.351643
 10   8.637599 0.544015 -0.090417 -1.404198 0.174015 -0.548852
 11   6.790465 -0.619039 0.017802 -0.122820 -0.526915 -0.578508
 12   -2.022474 -0.104699 -2.873818 -2.353162 1.441180 -5.419113
 13   1.167898 -0.537463 0.063297 -0.166387 -0.701425 0.149975
 14   7.002743 -0.617765 -0.183752 -1.417961 -1.845479 1.302182
 15   8.209042 0.615527 -0.255885 1.903288 1.014380 0.408626
 16   7.002735 -0.617911 -0.183641 -1.375628 -1.794684 1.273528
 17   1.574674 0.609930 -0.000899 0.026281 0.007203 0.237541
 18   -0.602177 0.511412 -0.000006 0.000000 0.000000 0.000000
 19   3.646428 0.364526 1.119313 -0.000002 -0.000014 -0.174510
 20   3.646422 0.364499 -1.117566 0.000007 -0.000003 -0.174546
 21   3.805634 1.330634 1.627658 0.000002 -0.000011 -0.000026
 22   -0.246060 -0.011889 0.516521 -0.000011 0.000031 0.000025
 23   3.805651 1.330659 -1.631083 0.000019 0.000002 -0.000024
 24   -0.246150 -0.011872 -0.516511 -0.000005 -0.000006 0.000048
 25   4.941364 1.997338 1.629330 0.000018 -0.000001 -0.000024
 26   4.941382 1.997366 -1.629410 -0.000001 0.000005 -0.000024
 27   2.930087 1.603639 1.514501 -0.000019 -0.000022 -0.000050
 28   2.932517 1.603245 -1.501142 -0.000002 -0.000009 -0.000024
 29   8.824059 0.150544 0.091743 -0.000707 -0.000278 -0.126143
 30   2.103272 -0.561179 1.803852 0.015139 -0.003094 0.001332
 31   2.129103 -0.561289 -1.802816 -0.015368 0.026575 0.000144
 32   -0.810489 -0.093824 3.127092 -0.083351 -3.103217 -0.358780
 33   14.298673 -0.408176 0.475484 -0.000399 0.000075 -0.469987
 34   15.835795 0.581398 0.242756 -0.056407 0.019914 0.053050
 35   -0.815868 -0.091229 -3.114430 0.147613 3.163736 -0.058617
 36   14.294526 -0.410349 -0.463635 0.000045 0.000048 -0.282030
 37   15.834409 0.579420 -0.284600 0.199915 0.023410 0.198943
 38   1.139685 -3.453749 -2.823813 0.000000 0.000000 0.000001
 39   -4.457742 -1.054854 -0.746180 0.006508 0.032538 0.000112
 40   1.118101 -3.449769 3.237290 0.000000 0.000001 0.000000
 41   -4.433840 -1.059130 0.959566 -0.013280 -0.066239 0.000393
 42   -0.649655 1.697302 -2.688614 -0.000899 0.000002 0.056291
 43   -0.656255 1.698578 2.869377 -0.000900 -0.000014 0.056291
time 47
  0   -0.010486 0.000000 2.055121 0.000000 0.000000 -1.571069
  1   -1.093036 0.000002 -0.326057 -0.221706 -1.569036 -1.348744
  2   2.262337 0.113614 0.064702 -0.000090 -0.001557 -0.016710
  3   2.380047 0.353302 0.047440 -0.011686 -0.000316 -0.028262
  4   2.033756 0.190472 -0.000128 -0.000010 0.000024 -0.139576
  5   2.451511 0.204909 -0.003447 -0.016638 0.000008 -0.012692
  6   7.247600 -0.397300 -0.109469 0.000001 -0.000003 0.156829
  7   -2.022252 -0.104661 3.136172 0.261795 -1.209140 -3.883708
  8   1.168026 -0.537438 -0.063437 -0.543598 0.388694 0.076356
  9   6.790376 -0.619176 0.015206 0.155241 -0.165734 -2.323343
 10   8.637599 0.544015 -0.090417 -1.354089 0.062376 -0.359310
 11   6.790465 -0.619039 0.017802 -0.122820 -0.526915 -0.578508
 12   -2.022474 -0.104699 -2.873818 -2.353162 1.441180 -5.419113
 13   1.167898 -0.537463 0.063297 -0.166387 -0.701425 0.149975
 14   7.002743 -0.617765 -0.183752 -1.417961 -1.845479 1.302182
 15   8.209042 0.615527 -0.255885 1.903288 1.014380 0.408626
 16   7.002735 -0.617911 -0.183641 -1.375628 -1.794684 1.273528
 17   1.574674 0.609930 -0.000899 0.026281 0.007203 0.237541
 18   -0.602177 0.511412 -0.000006 0.000000 0.000000 0.000000
 19   3.646428 0.364526 1.119313 -0.000002 -0.000014 -0.174510
 20   3.646422 0.364499 -1.117566 0.000007 -0.000003 -0.174546
 21   3.805634 1.330634 1.627658 0.000002 -0.000011 -0.000026
 22   -0.246060 -0.011889 0.516521 -0.000011 0.000031 0.000025
 23   3.805651 1.330659 -1.631083 0.000019 0.000002 -0.000024
 24   -0.246150 -0.011872 -0.516511 -0.000005 -0.000006 0.000048
 25   4.941364 1.997338 1.629330 0.000018 -0.000001 -0.000024
 26   4.941382 1.997366 -1.629410 -0.000001 0.000005 -0.000024
 27   2.930087 1.603639 1.514501 -0.000019 -0.000022 -0.000050
 28   2.932517 1.603245 -1.501142 -0.000002 -0.000009 -0.000024
 29   8.824059 0.150544 0.091743 -0.000974 -0.000326 -0.104791
 30   2.111085 -0.561179 1.784320 0.017607 0.046599 0.001718
 31   2.144728 -0.569102 -1.771565 -0.017559 -0.029502 0.000453
 32   -0.810489 -0.093824 3.127092 -0.083351 -3.103217 -0.358780
 33   14.298673 -0.408176 0.475484 -0.000399 0.000075 -0.469987
 34   15.835795 0.581398 0.242756 -0.056407 0.019914 0.053050
 35   -0.815868 -0.091229 -3.114430 0.147613 3.163736 -0.058617
 36   14.294526 -0.410349 -0.463635 0.000045 0.000048 -0.282030
 37   15.834409 0.579420 -0.284600 0.199915 0.023410 0.198943
 38   1.139685 -3.453749 -2.823813 0.000000 0.000000 0.000001
 39   -4.457742 -1.054854 -0.746180 0.005201 0.026031 0.000084
 40   1.118101 -3.449769 3.237290 0.000000 0.000001 0.000000
 41   -4.433840 -1.059130 0.959566 -0.010607 -0.052996 0.000309
 42   -0.657468 1.697302 -2.688614 -0.000707 0.000002 0.045041
 43   -0.664068 1.698578 2.869377 -0.000725 0.000002 0.045041
time 48
  0   -0.010486 0.000000 2.055121 0.000000 0.000000 -1.571069
  1   -1.093036 0.000002 -0.326057 -0.221706 -1.569036 -1.348744
  2   2.262337 0.113614 0.064702 -0.000090 -0.001557 -0.016710
  3   2.380047 0.353302 0.047440 -0.011686 -0.000316 -0.028262
  4   2.033756 0.190472 -0.000128 -0.000010 0.000024 -0.139576
  5   2.451511 0.204909 -0.003447 -0.016638 0.000008 -0.012692
  6   7.247600 -0.397300 -0.109469 0.000001 -0.000003 0.156829
  7   -2.022252 -0.104661 3.136172 0.275790 -1.213839 -3.896574
  8   1.168026 -0.537438 -0.063437 -0.542016 0.382807 0.073762
  9   6.790376 -0.619176 0.015206 0.146364 -0.196568 -2.286364
 10   8.637599 0.544015 -0.090417 -1.359813 -0.109799 -0.123323
 11   6.790465 -0.619039 0.017802 -0.122820 -0.526915 -0.578508
 12   -2.022474 -0.104699 -2.873818 -2.353162 1.441180 -5.419113
 13   1.167898 -0.537463 0.063297 -0.166387 -0.701425 0.149975
 14   7.002743 -0.617765 -0.183752 -1.417961 -1.845479 1.302182
 15   8.209042 0.615527 -0.255885 1.903288 1.014380 0.408626
 16   7.002735 -0.617911 -0.183641 -1.375628 -1.794684 1.273528
 17   1.574674 0.609930 -0.000899 0.026281 0.007203 0.237541
 18   -0.602177 0.511412 -0.000006 0.000000 0.000000 0.000000
 19   3.646428 0.364526 1.119313 -0.000002 -0.000014 -0.174510
 20   3.646422 0.364499 -1.117566 0.000007 -0.000003 -0.174546
 21   3.805634 1.330634 1.627658 0.000002 -0.000011 -0.000026
 22   -0.246060 -0.011889 0.516521 -0.000011 0.000031 0.000025
 23   3.805651 1.330659 -1.631083 0.000019 0.000002 -0.000024
 24   -0.246150 -0.011872 -0.516511 -0.000005 -0.000006 0.000048
 25   4.941364 1.997338 1.629330 0.000018 -0.000001 -0.000024
 26   4.941382 1.997366 -1.629410 -0.000001 0.000005 -0.000024
 27   2.930087 1.603639 1.514501 -0.000019 -0.000022 -0.000050
 28   2.932517 1.603245 -1.501142 -0.000002 -0.000009 -0.000024
 29   8.824059 0.150544 0.091743 -0.001420 -0.000326 -0.085585
 30   2.122804 -0.561179 1.753069 0.019790 0.091206 0.002040
 31   2.164260 -0.569102 -1.740314 -0.019551 -0.079828 0.000708
 32   -0.810489 -0.093824 3.127092 -0.083351 -3.103217 -0.358780
 33   14.298673 -0.408176 0.475484 -0.000399 0.000075 -0.469987
 34   15.835795 0.581398 0.242756 -0.056407 0.019914 0.053050
 35   -0.815868 -0.091229 -3.114430 0.147613 3.163736 -0.058617
 36   14.294526 -0.410349 -0.463635 0.000045 0.000048 -0.282030
 37   15.834409 0.579420 -0.284600 0.199915 0.023410 0.198943
 38   1.139685 -3.453749 -2.823813 0.000000 0.000000 0.000001
 39   -4.457742 -1.054854 -0.746180 0.003500 0.017557 0.000028
 40   1.118101 -3.449769 3.237290 0.000000 0.000001 0.000000
 41   -4.433840 -1.059130 0.959566 -0.007168 -0.035750 0.000168
 42   -0.657468 1.697302 -2.688614 -0.000467 0.000002 0.030404
 43   -0.664068 1.698578 2.869377 -0.000475 0.000002 0.030404
time 49
  0   -0.010486 0.000000 2.055121 0.000000 0.000000 -1.571069
  1   -1.093036 0.000002 -0.326057 -0.221706 -1.569036 -1.348744
  2   2.262337 0.113614 0.064702 -0.000090 -0.001557 -0.016710
  3   2.380047 0.353302 0.047440 -0.011686 -0.000316 -0.028262
  4   2.033756 0.190472 -0.000128 -0.000010 0.000024 -0.139576
  5   2.451511 0.204909 -0.003447 -0.016638 0.000008 -0.012692
  6   7.247600 -0.397300 -0.109469 0.000001 -0.000003 0.156829
  7   -2.022252 -0.104661 3.136172 0.289977 -1.218480 -3.909722
  8   1.168026 -0.537438 -0.063437 -0.540434 0.376920 0.071295
  9   6.790376 -0.619176 0.015206 0.137543 -0.227469 -2.249536
 10   8.637599 0.544015 -0.090417 -1.451313 -0.285775 0.118524
 11   6.790465 -0.619039 0.017802 -0.122820 -0.526915 -0.578508
 12   -2.022474 -0.104699 -2.873818 -2.353162 1.441180 -5.419113
 13   1.167898 -0.537463 0.063297 -0.166387 -0.701425 0.149975
 14   7.002743 -0.617765 -0.183752 -1.417961 -1.845479 1.302182
 15   8.209042 0.615527 -0.255885 1.903288 1.014380 0.408626
 16   7.002735 -0.617911 -0.183641 -1.375628 -1.794684 1.273528
 17   1.574674 0.609930 -0.000899 0.026281 0.007203 0.237541
 18   -0.602177 0.511412 -0.000006 0.000000 0.000000 0.000000
 19   3.646428 0.364526 1.119313 -0.000002 -0.000014 -0.174510
 20   3.646422 0.364499 -1.117566 0.000007 -0.000003 -0.174546
 21   3.805634 1.330634 1.627658 0.000002 -0.000011 -0.000026
 22   -0.246060 -0.011889 0.516521 -0.000011 0.000031 0.000025
 23   3.805651 1.330659 -1.631083 0.000019 0.000002 -0.000024
 24   -0.246150 -0.011872 -0.516511 -0.000005 -0.000006 0.000048
 25   4.941364 1.997338 1.629330 0.000018 -0.000001 -0.000024
 26   4.941382 1.997366 -1.629410 -0.000001 0.000005 -0.000024
 27   2.930087 1.603639 1.514501 -0.000019 -0.000022 -0.000050
 28   2.932517 1.603245 -1.501142 -0.000002 -0.000009 -0.000024
 29   8.824059 0.150544 0.091743 -0.001598 -0.000326 -0.070028
 30   2.138430 -0.561179 1.733537 0.021580 0.127299 0.002297
 31   2.175979 -0.569102 -1.716876 -0.021175 -0.120545 0.000926
 32   -0.810489 -0.093824 3.127092 -0.083351 -3.103217 -0.358780
 33   14.298673 -0.408176 0.475484 -0.000399 0.000075 -0.469987
 34   15.835795 0.581398 0.242756 -0.056407 0.019914 0.053050
 35   -0.815868 -0.091229 -3.114430 0.147613 3.163736 -0.058617
 36   14.294526 -0.410349 -0.463635 0.000045 0.000048 -0.282030
 37   15.834409 0.579420 -0.284600 0.199915 0.023410 0.198943
 38   1.139685 -3.453749 -2.823813 0.000000 0.000000 0.000001
 39   -4.457742 -1.054854 -0.746180 0.001822 0.009096 0.000000
 40   1.118101 -3.449769 3.237290 0.000000 0.000001 0.000000
 41   -4.433840 -1.059130 0.959566 -0.003704 -0.018528 0.000084
 42   -0.657468 1.697302 -2.688614 -0.000252 0.000002 0.015767
 43   -0.664068 1.698578 2.869377 -0.000250 0.000002 0.015767
time 50
  0   -0.010486 0.000000 2.055121 0.000000 0.000000 -1.571069
  1   -1.093036 0.000002 -0.326057 -0.221706 -1.569036 -1.348744
  2   2.262337 0.113614 0.064702 -0.000090 -0.001557 -0.016710
  3   2.380047 0.353302 0.047440 -0.011686 -0.000316 -0.028262
  4   2.033756 0.190472 -0.000128 -0.000010 0.000024 -0.139576
  5   2.451511 0.204909 -0.003447 -0.016638 0.000008 -0.012692
  6   7.247600 -0.397300 -0.109469 0.000001 -0.000003 0.156829
  7   -2.022252 -0.104661 3.136172 0.301000 -1.222026 -3.920053
  8   1.168026 -0.537438 -0.063437 -0.539168 0.372392 0.069397
  9   6.790376 -0.619176 0.015206 0.130830 -0.251095 -2.221160
 10   8.637599 0.544015 -0.090417 -1.583410 -0.404031 0.322318
 11   6.790465 -0.619039 0.017802 -0.122820 -0.526915 -0.578508
 12   -2.022474 -0.104699 -2.873818 -2.353162 1.441180 -5.419113
 13   1.167898 -0.537463 0.063297 -0.166387 -0.701425 0.149975
 14   7.002743 -0.617765 -0.183752 -1.417961 -1.845479 1.302182
 15   8.209042 0.615527 -0.255885 1.903288 1.014380 0.408626
 16   7.002735 -0.617911 -0.183641 -1.375628 -1.794684 1.273528
 17   1.574674 0.609930 -0.000899 0.026281 0.007203 0.237541
 18   -0.602177 0.511412 -0.000006 0.000000 0.000000 0.000000
 19   3.646428 0.364526 1.119313 -0.000002 -0.000014 -0.174510
 20   3.646422 0.364499 -1.117566 0.000007 -0.000003 -0.174546
 21   3.805634 1.330634 1.627658 0.000002 -0.000011 -0.000026
 22   -0.246060 -0.011889 0.516521 -0.000011 0.000031 0.000025
 23   3.805651 1.330659 -1.631083 0.000019 0.000002 -0.000024
 24   -0.246150 -0.011872 -0.516511 -0.000005 -0.000006 0.000048
 25   4.941364 1.997338 1.629330 0.000018 -0.000001 -0.000024
 26   4.941382 1.997366 -1.629410 -0.000001 0.000005 -0.000024
 27   2.930087 1.603639 1.514501 -0.000019 -0.000022 -0.000050
 28   2.932517 1.603245 -1.501142 -0.000002 -0.000009 -0.000024
 29   8.824059 0.150544 0.091743 -0.001866 -0.000326 -0.059566
 30   2.142336 -0.561179 1.714005 0.022787 0.151477 0.002468
 31   2.191605 -0.569102 -1.705157 -0.022232 -0.147794 0.001072
 32   -0.810489 -0.093824 3.127092 -0.083351 -3.103217 -0.358780
 33   14.298673 -0.408176 0.475484 -0.000399 0.000075 -0.469987
 34   15.835795 0.581398 0.242756 -0.056407 0.019914 0.053050
 35   -0.815868 -0.091229 -3.114430 0.147613 3.163736 -0.058617
 36   14.294526 -0.410349 -0.463635 0.000045 0.000048 -0.282030
 37   15.834409 0.579420 -0.284600 0.199915 0.023410 0.198943
 38   1.139685 -3.453749 -2.823813 0.000000 0.000000 0.000001
 39   -4.457742 -1.054854 -0.746180 0.000503 0.002601 0.000000
 40   1.118101 -3.449769 3.237290 0.000000 0.000001 0.000000
 41   -4.433840 -1.059130 0.959566 -0.001056 -0.005285 0.000000
 42   -0.657468 1.697302 -2.688614 -0.000072 0.000002 0.004475
 43   -0.664068 1.698578 2.869377 -0.000050 0.000002 0.004475
time 51
  0   -0.010486 0.000000 2.055121 0.000000 0.000000 -1.571069
  1   -1.093036 0.000002 -0.326057 -0.221706 -1.569036 -1.348744
  2   2.262337 0.113614 0.064702 -0.000090 -0.001557 -0.016710
  3   2.380047 0.353302 0.047440 -0.011686 -0.000316 -0.028262
  4   2.033756 0.190472 -0.000128 -0.000010 0.000024 -0.139576
  5   2.451511 0.204909 -0.003447 -0.016638 0.000008 -0.012692
  6   7.247600 -0.397300 -0.109469 0.000001 -0.000003 0.156829
  7   -2.022252 -0.104661 3.136172 0.325636 -1.225081 -3.496597
  8   1.168026 -0.537438 -0.063437 0.681322 1.084843 0.765515
  9   6.790376 -0.619176 0.015206 -0.000102 -0.000151 -0.354246
 10   8.637599 0.544015 -0.090417 -1.500805 0.180843 -0.286387
 11   6.790465 -0.619039 0.017802 -0.002006 -0.010912 -0.263141
 12   -2.022474 -0.104699 -2.873818 -0.514912 1.396280 -3.660253
 13   1.167898 -0.537463 0.063297 -0.293619 -1.189258 0.277340
 14   7.002743 -0.617765 -0.183752 0.000115 0.000194 -0.232914
 15   8.209042 0.615527 -0.255885 1.747043 -0.188380 0.226410
 16   7.002735 -0.617911 -0.183641 0.014627 0.001616 -0.181630
 17   1.574674 0.609930 -0.000899 0.026281 0.007203 0.237541
 18   -0.602177 0.511412 -0.000006 0.000000 0.000000 0.000000
 19   3.646428 0.364526 1.119313 -0.000002 -0.000014 -0.174510
 20   3.646422 0.364499 -1.117566 0.000007 -0.000003 -0.174546
 21   3.805634 1.330634 1.627658 0.000002 -0.000011 -0.000026
 22   -0.246060 -0.011889 0.516521 -0.000011 0.000031 0.000025
 23   3.805651 1.330659 -1.631083 0.000019 0.000002 -0.000024
 24   -0.246150 -0.011872 -0.516511 -0.000005 -0.000006 0.000048
 25   4.941364 1.997338 1.629330 0.000018 -0.000001 -0.000024
 26   4.941382 1.997366 -1.629410 -0.000001 0.000005 -0.000024
 27   2.930087 1.603639 1.514501 -0.000019 -0.000022 -0.000050
 28   2.932517 1.603245 -1.501142 -0.000002 -0.000009 -0.000024
 29   8.824059 0.150544 0.091743 0.000006 -0.000231 -0.174534
 30   2.111085 -0.561179 1.784320 -0.000008 -0.000682 0.000024
 31   2.121290 -0.561289 -1.853599 0.000000 0.000000 -0.000002
 32   -0.810489 -0.093824 3.127092 -0.083351 -3.103217 -0.358780
 33   14.298673 -0.408176 0.475484 -0.000399 0.000075 -0.469987
 34   15.835795 0.581398 0.242756 -0.056407 0.019914 0.053050
 35   -0.815868 -0.091229 -3.114430 0.147613 3.163736 -0.058617
 36   14.294526 -0.410349 -0.463635 0.000045 0.000048 -0.282030
 37   15.834409 0.579420 -0.284600 0.199915 0.023410 0.198943
 38   1.139685 -3.453749 -2.823813 0.000000 0.000000 0.000001
 39   -4.457742 -1.054854 -0.746180 0.000000 0.000000 0.000000
 40   1.118101 -3.449769 3.237290 0.000000 0.000001 0.000000
 41   -4.433840 -1.059130 0.959566 -0.000001 0.000000 0.000000
 42   -0.657468 1.697302 -2.688614 0.000000 0.000002 0.000000
 43   -0.664068 1.698578 2.869377 0.000000 0.000002 0.000000
end
