version 1
nodes
  0 "Bip01" -1
  1 "Bip01 Pelvis" 0
  2 "Bip01 Spine" 1
  3 "Bip01 Spine1" 2
  4 "Bip01 Spine2" 3
  5 "Bip01 Spine3" 4
  6 "Bip01 Neck" 5
  7 "Bip01 L Arm" 6
  8 "Bip01 L Arm1" 7
  9 "Bip01 L Arm2" 8
 10 "Bip01 L Hand" 9
 11 "Bip06 L elbow2-smooth" 8
 12 "Bip01 R Arm" 6
 13 "Bip01 R Arm1" 12
 14 "Bip01 R Arm2" 13
 15 "Bip01 R Hand" 14
 16 "Bip06 R elbow2-smooth" 13
 17 "Bip01 Head" 6
 18 "Bip06 Head_helper" 17
 19 "Bip06 Head_eyes_l" 18
 20 "Bip06 Head_eyes_r" 18
 21 "Bip06 Head_blink_l" 18
 22 "Bip06 Head_blink_smooth_l1" 21
 23 "Bip06 Head_blink_r" 18
 24 "Bip06 Head_blink_smooth_r1" 23
 25 "Bip06 Head_L_eyebrow" 18
 26 "Bip06 Head_R_eyebrow" 18
 27 "Bip06 Head_blink_l_lid" 18
 28 "Bip06 Head_blink_r_lid" 18
 29 "Bip06 bunny" 18
 30 "Bip06 bunnyL" 29
 31 "Bip06 bunnyR" 29
 32 "Bip01 L Leg" 1
 33 "Bip01 L Leg1" 32
 34 "Bip01 L Foot" 33
 35 "Bip01 R Leg" 1
 36 "Bip01 R Leg1" 35
 37 "Bip01 R Foot" 36
 38 "Bip03 HairR1" 17
 39 "Bip03 HairR2" 38
 40 "Bip03 HairL1" 17
 41 "Bip03 HairL2" 40
 42 "Bip03 swingR" 17
 43 "Bip03 swingL" 17
end
skeleton
time 0
  0   -0.967547 0.175787 -20.574476 0.000000 0.000000 -1.572114
  1   -1.093036 0.000002 -0.326057 -1.570757 -1.570379 -0.000171
  2   2.262337 0.113614 0.064702 -0.000052 0.000061 0.087848
  3   2.380047 0.353302 0.047440 0.000000 -0.000040 0.148287
  4   2.033756 0.190472 -0.000128 -0.000010 0.000024 -0.139576
  5   2.451511 0.204909 -0.003447 0.000000 -0.000005 -0.017472
  6   7.247600 -0.397300 -0.109469 0.000001 0.000009 0.418409
  7   -2.022252 -0.104661 3.136172 -0.298879 -1.361862 -2.901749
  8   1.168026 -0.537438 -0.063437 -1.609874 0.834026 -1.551398
  9   6.790376 -0.619176 0.015206 -0.729327 0.926670 -1.948647
 10   8.637599 0.544015 -0.090417 -1.514543 -0.020544 -0.397291
 11   6.790465 -0.619039 0.017802 -0.206818 0.780474 -1.138531
 12   -2.022474 -0.104699 -2.873818 0.298873 1.361712 -2.901984
 13   1.167898 -0.537463 0.063297 1.035362 -0.887343 -0.918101
 14   7.002743 -0.617765 -0.183752 0.173931 -0.185947 -2.168903
 15   8.209042 0.615527 -0.255885 2.560696 0.102153 -0.345857
 16   7.002735 -0.617911 -0.183641 0.094748 -0.166026 -1.529327
 17   1.574674 0.609930 -0.000899 -0.401083 -0.010405 -0.024439
 18   -0.602177 0.511412 -0.000006 0.000000 0.000000 0.000000
 19   3.673773 0.177020 1.119313 -0.000002 -0.000014 -0.174510
 20   3.673767 0.176993 -1.117566 0.000007 -0.000003 -0.174546
 21   3.942357 1.330634 1.627658 0.000002 -0.000011 -0.000026
 22   -0.246060 -0.011889 0.516521 -0.000011 0.000031 0.000025
 23   3.942374 1.330659 -1.631083 0.000019 0.000002 -0.000024
 24   -0.246150 -0.011872 -0.516511 -0.000005 -0.000006 0.000048
 25   4.941364 1.997338 1.629330 0.000018 -0.000001 -0.000024
 26   4.941382 1.997366 -1.629410 -0.000001 0.000005 -0.000024
 27   2.918368 1.615358 1.514501 -0.000019 -0.000022 -0.000050
 28   2.920798 1.614964 -1.501142 -0.000002 -0.000009 -0.000024
 29   8.824059 0.150544 0.091743 0.000006 -0.000231 -0.174534
 30   2.111085 -0.561179 1.784320 -0.000008 -0.000682 0.000024
 31   2.121290 -0.561289 -1.853599 0.000000 0.000000 -0.000002
 32   -0.810489 -0.093824 3.127092 3.071592 -0.114878 1.239365
 33   14.298673 -0.408176 0.475484 0.000008 -0.000003 -1.896136
 34   15.835795 0.581398 0.242756 -0.214729 0.106889 -0.097869
 35   -0.815868 -0.091229 -3.114430 0.066464 3.132725 -1.010185
 36   14.294526 -0.410349 -0.463635 0.000021 -0.000024 -2.607695
 37   15.834409 0.579420 -0.284600 -0.006112 -0.035383 0.214458
 38   1.139685 -3.453749 -2.823813 0.000000 0.000000 0.000001
 39   -4.457742 -1.054854 -0.746180 0.000000 0.000000 0.000000
 40   1.118101 -3.449769 3.237290 0.000000 0.000001 0.000000
 41   -4.433840 -1.059130 0.959566 -0.000001 0.000000 0.000000
 42   -0.657468 1.697302 -2.688614 0.000000 0.000002 0.000000
 43   -0.664068 1.698578 2.869377 0.000000 0.000002 0.000000
time 1
  0   -0.967547 0.175787 -20.574476 0.000000 0.000000 -1.572114
  1   -1.093036 0.000002 -0.326057 -1.570757 -1.570379 -0.000171
  2   2.262337 0.113614 0.064702 0.017322 -0.001425 0.087812
  3   2.380047 0.353302 0.047440 0.023477 -0.003480 0.148226
  4   2.033756 0.190472 -0.000128 0.012531 0.001726 -0.139576
  5   2.451511 0.204909 -0.003447 0.000000 -0.000005 -0.017472
  6   7.247600 -0.397300 -0.109469 0.000001 0.000009 0.418409
  7   -2.022252 -0.104661 3.136172 -0.298879 -1.361862 -2.901749
  8   1.168026 -0.537438 -0.063437 -1.586207 0.913724 -1.507875
  9   6.790376 -0.619176 0.015206 -0.594567 0.885424 -1.815975
 10   8.637599 0.544015 -0.090417 -1.539818 0.016270 -0.429846
 11   6.790465 -0.619039 0.017802 -0.162469 0.720440 -1.095332
 12   -2.022474 -0.104699 -2.873818 0.298873 1.361683 -2.901984
 13   1.167898 -0.537463 0.063297 1.171592 -0.862324 -0.963502
 14   7.002743 -0.617765 -0.183752 0.173931 -0.185947 -2.168903
 15   8.209042 0.615527 -0.255885 2.560696 0.102153 -0.345857
 16   7.002735 -0.617911 -0.183641 0.094748 -0.166026 -1.529327
 17   1.574674 0.609930 -0.000899 -0.322077 -0.005909 -0.008916
 18   -0.602177 0.511412 -0.000006 0.000000 0.000000 0.000000
 19   3.673773 0.177020 1.119313 -0.000002 -0.000014 -0.174510
 20   3.673767 0.176993 -1.117566 0.000007 -0.000003 -0.174546
 21   3.942357 1.330634 1.627658 0.000002 -0.000011 -0.000026
 22   -0.246060 -0.011889 0.516521 -0.000011 0.000031 0.000025
 23   3.942374 1.330659 -1.631083 0.000019 0.000002 -0.000024
 24   -0.246150 -0.011872 -0.516511 -0.000005 -0.000006 0.000048
 25   4.941364 1.997338 1.629330 0.000018 -0.000001 -0.000024
 26   4.941382 1.997366 -1.629410 -0.000001 0.000005 -0.000024
 27   2.918368 1.615358 1.514501 -0.000019 -0.000022 -0.000050
 28   2.920798 1.614964 -1.501142 -0.000002 -0.000009 -0.000024
 29   8.824059 0.150544 0.091743 0.000006 -0.000231 -0.174534
 30   2.111085 -0.561179 1.784320 -0.000008 -0.000682 0.000024
 31   2.121290 -0.561289 -1.853599 0.000000 0.000000 -0.000002
 32   -0.810489 -0.093824 3.127092 3.071592 -0.114878 1.239365
 33   14.298673 -0.408176 0.475484 0.000008 -0.000003 -1.896136
 34   15.835795 0.581398 0.242756 -0.214729 0.106889 -0.097869
 35   -0.815868 -0.091229 -3.114430 0.066464 3.132725 -1.010185
 36   14.294526 -0.410349 -0.463635 0.000021 -0.000024 -2.607695
 37   15.834409 0.579420 -0.284600 -0.006112 -0.035383 0.214458
 38   1.139685 -3.453749 -2.823813 0.000000 0.000000 0.000001
 39   -4.457742 -1.054854 -0.746180 0.000000 0.000000 0.000000
 40   1.118101 -3.449769 3.237290 0.000000 0.000001 0.000000
 41   -4.433840 -1.059130 0.959566 -0.000001 0.000000 0.000000
 42   -0.657468 1.697302 -2.688614 0.000000 0.000002 0.000000
 43   -0.664068 1.698578 2.869377 0.000000 0.000002 0.000000
time 2
  0   -0.967547 0.175787 -20.574476 0.000000 0.000000 -1.572114
  1   -1.093036 0.000002 -0.326057 -1.570757 -1.570379 -0.000171
  2   2.262337 0.113614 0.064702 0.034683 -0.002959 0.087812
  3   2.380047 0.353302 0.047440 0.046968 -0.006979 0.148124
  4   2.033756 0.190472 -0.000128 0.025072 0.003464 -0.139576
  5   2.451511 0.204909 -0.003447 0.000000 -0.000005 -0.017472
  6   7.247600 -0.397300 -0.109469 0.000001 0.000009 0.418409
  7   -2.022252 -0.104661 3.136172 -0.298879 -1.361862 -2.901749
  8   1.168026 -0.537438 -0.063437 -1.553238 0.992667 -1.455875
  9   6.790376 -0.619176 0.015206 -0.475896 0.834235 -1.700208
 10   8.637599 0.544015 -0.090417 -1.566061 0.051677 -0.463703
 11   6.790465 -0.619039 0.017802 -0.123492 0.659411 -1.057325
 12   -2.022474 -0.104699 -2.873818 0.298873 1.361683 -2.901984
 13   1.167898 -0.537463 0.063297 1.301777 -0.833744 -1.001881
 14   7.002743 -0.617765 -0.183752 0.173931 -0.185947 -2.168903
 15   8.209042 0.615527 -0.255885 2.560696 0.102153 -0.345857
 16   7.002735 -0.617911 -0.183641 0.094748 -0.166026 -1.529327
 17   1.574674 0.609930 -0.000899 -0.242908 -0.002666 0.006682
 18   -0.602177 0.511412 -0.000006 0.000000 0.000000 0.000000
 19   3.673773 0.177020 1.119313 -0.000002 -0.000014 -0.174510
 20   3.673767 0.176993 -1.117566 0.000007 -0.000003 -0.174546
 21   3.942357 1.330634 1.627658 0.000002 -0.000011 -0.000026
 22   -0.246060 -0.011889 0.516521 -0.000011 0.000031 0.000025
 23   3.942374 1.330659 -1.631083 0.000019 0.000002 -0.000024
 24   -0.246150 -0.011872 -0.516511 -0.000005 -0.000006 0.000048
 25   4.941364 1.997338 1.629330 0.000018 -0.000001 -0.000024
 26   4.941382 1.997366 -1.629410 -0.000001 0.000005 -0.000024
 27   2.918368 1.615358 1.514501 -0.000019 -0.000022 -0.000050
 28   2.920798 1.614964 -1.501142 -0.000002 -0.000009 -0.000024
 29   8.824059 0.150544 0.091743 0.000006 -0.000231 -0.174534
 30   2.111085 -0.561179 1.784320 -0.000008 -0.000682 0.000024
 31   2.121290 -0.561289 -1.853599 0.000000 0.000000 -0.000002
 32   -0.810489 -0.093824 3.127092 3.071592 -0.114878 1.239365
 33   14.298673 -0.408176 0.475484 0.000008 -0.000003 -1.896136
 34   15.835795 0.581398 0.242756 -0.214729 0.106889 -0.097869
 35   -0.815868 -0.091229 -3.114430 0.066464 3.132725 -1.010185
 36   14.294526 -0.410349 -0.463635 0.000021 -0.000024 -2.607695
 37   15.834409 0.579420 -0.284600 -0.006112 -0.035383 0.214458
 38   1.139685 -3.453749 -2.823813 0.000000 0.000000 0.000001
 39   -4.457742 -1.054854 -0.746180 0.000000 0.000000 0.000000
 40   1.118101 -3.449769 3.237290 0.000000 0.000001 0.000000
 41   -4.433840 -1.059130 0.959566 -0.000001 0.000000 0.000000
 42   -0.657468 1.697302 -2.688614 0.000000 0.000002 0.000000
 43   -0.664068 1.698578 2.869377 0.000000 0.000002 0.000000
time 3
  0   -0.967547 0.175787 -20.574476 0.000000 0.000000 -1.572114
  1   -1.093036 0.000002 -0.326057 -1.570757 -1.570379 -0.000171
  2   2.262337 0.113614 0.064702 0.052108 -0.004505 0.087794
  3   2.380047 0.353302 0.047440 0.070565 -0.010491 0.147879
  4   2.033756 0.190472 -0.000128 0.037650 0.005177 -0.139576
  5   2.451511 0.204909 -0.003447 0.000000 -0.000005 -0.017472
  6   7.247600 -0.397300 -0.109469 0.000001 0.000009 0.418409
  7   -2.022252 -0.104661 3.136172 -0.298879 -1.361862 -2.901749
  8   1.168026 -0.537438 -0.063437 -1.507043 1.070302 -1.391286
  9   6.790376 -0.619176 0.015206 -0.372926 0.774836 -1.599610
 10   8.637599 0.544015 -0.090417 -1.593361 0.086731 -0.498139
 11   6.790465 -0.619039 0.017802 -0.089040 0.597501 -1.022893
 12   -2.022474 -0.104699 -2.873818 0.298873 1.361683 -2.901984
 13   1.167898 -0.537463 0.063297 1.426197 -0.801910 -1.033601
 14   7.002743 -0.617765 -0.183752 0.173931 -0.185947 -2.168903
 15   8.209042 0.615527 -0.255885 2.560696 0.102153 -0.345857
 16   7.002735 -0.617911 -0.183641 0.094748 -0.166026 -1.529327
 17   1.574674 0.609930 -0.000899 -0.163740 -0.000678 0.022686
 18   -0.602177 0.511412 -0.000006 0.000000 0.000000 0.000000
 19   3.673773 0.177020 1.119313 -0.000002 -0.000014 -0.174510
 20   3.673767 0.176993 -1.117566 0.000007 -0.000003 -0.174546
 21   3.942357 1.330634 1.627658 0.000002 -0.000011 -0.000026
 22   -0.246060 -0.011889 0.516521 -0.000011 0.000031 0.000025
 23   3.942374 1.330659 -1.631083 0.000019 0.000002 -0.000024
 24   -0.246150 -0.011872 -0.516511 -0.000005 -0.000006 0.000048
 25   4.941364 1.997338 1.629330 0.000018 -0.000001 -0.000024
 26   4.941382 1.997366 -1.629410 -0.000001 0.000005 -0.000024
 27   2.918368 1.615358 1.514501 -0.000019 -0.000022 -0.000050
 28   2.920798 1.614964 -1.501142 -0.000002 -0.000009 -0.000024
 29   8.824059 0.150544 0.091743 0.000006 -0.000231 -0.174534
 30   2.111085 -0.561179 1.784320 -0.000008 -0.000682 0.000024
 31   2.121290 -0.561289 -1.853599 0.000000 0.000000 -0.000002
 32   -0.810489 -0.093824 3.127092 3.071592 -0.114878 1.239365
 33   14.298673 -0.408176 0.475484 0.000008 -0.000003 -1.896136
 34   15.835795 0.581398 0.242756 -0.214729 0.106889 -0.097869
 35   -0.815868 -0.091229 -3.114430 0.066464 3.132725 -1.010185
 36   14.294526 -0.410349 -0.463635 0.000021 -0.000024 -2.607695
 37   15.834409 0.579420 -0.284600 -0.006112 -0.035383 0.214458
 38   1.139685 -3.453749 -2.823813 0.000000 0.000000 0.000001
 39   -4.457742 -1.054854 -0.746180 0.000000 0.000000 0.000000
 40   1.118101 -3.449769 3.237290 0.000000 0.000001 0.000000
 41   -4.433840 -1.059130 0.959566 -0.000001 0.000000 0.000000
 42   -0.657468 1.697302 -2.688614 0.000000 0.000002 0.000000
 43   -0.664068 1.698578 2.869377 0.000000 0.000002 0.000000
time 4
  0   -0.967547 0.175787 -20.574476 0.000000 0.000000 -1.572114
  1   -1.093036 0.000002 -0.326057 -1.570757 -1.570379 -0.000171
  2   2.262337 0.113614 0.064702 0.069482 -0.006040 0.087667
  3   2.380047 0.353302 0.047440 0.094071 -0.013990 0.147634
  4   2.033756 0.190472 -0.000128 0.050228 0.006987 -0.139576
  5   2.451511 0.204909 -0.003447 0.000000 -0.000005 -0.017472
  6   7.247600 -0.397300 -0.109469 0.000001 0.000009 0.418409
  7   -2.022252 -0.104661 3.136172 -0.298879 -1.361862 -2.901749
  8   1.168026 -0.537438 -0.063437 -1.441421 1.146176 -1.307213
  9   6.790376 -0.619176 0.015206 -0.283992 0.709097 -1.513426
 10   8.637599 0.544015 -0.090417 -1.622687 0.120941 -0.533732
 11   6.790465 -0.619039 0.017802 -0.058413 0.534937 -0.991864
 12   -2.022474 -0.104699 -2.873818 0.298873 1.361683 -2.901984
 13   1.167898 -0.537463 0.063297 1.544994 -0.767890 -1.058481
 14   7.002743 -0.617765 -0.183752 0.173931 -0.185947 -2.168903
 15   8.209042 0.615527 -0.255885 2.560696 0.102153 -0.345857
 16   7.002735 -0.617911 -0.183641 0.094748 -0.166026 -1.529327
 17   1.574674 0.609930 -0.000899 -0.084571 -0.000016 0.038727
 18   -0.602177 0.511412 -0.000006 0.000000 0.000000 0.000000
 19   3.673773 0.177020 1.119313 -0.000002 -0.000014 -0.174510
 20   3.673767 0.176993 -1.117566 0.000007 -0.000003 -0.174546
 21   3.942357 1.330634 1.627658 0.000002 -0.000011 -0.000026
 22   -0.246060 -0.011889 0.516521 -0.000011 0.000031 0.000025
 23   3.942374 1.330659 -1.631083 0.000019 0.000002 -0.000024
 24   -0.246150 -0.011872 -0.516511 -0.000005 -0.000006 0.000048
 25   4.941364 1.997338 1.629330 0.000018 -0.000001 -0.000024
 26   4.941382 1.997366 -1.629410 -0.000001 0.000005 -0.000024
 27   2.918368 1.615358 1.514501 -0.000019 -0.000022 -0.000050
 28   2.920798 1.614964 -1.501142 -0.000002 -0.000009 -0.000024
 29   8.824059 0.150544 0.091743 0.000006 -0.000231 -0.174534
 30   2.111085 -0.561179 1.784320 -0.000008 -0.000682 0.000024
 31   2.121290 -0.561289 -1.853599 0.000000 0.000000 -0.000002
 32   -0.810489 -0.093824 3.127092 3.071592 -0.114878 1.239365
 33   14.298673 -0.408176 0.475484 0.000008 -0.000003 -1.896136
 34   15.835795 0.581398 0.242756 -0.214729 0.106889 -0.097869
 35   -0.815868 -0.091229 -3.114430 0.066464 3.132725 -1.010185
 36   14.294526 -0.410349 -0.463635 0.000021 -0.000024 -2.607695
 37   15.834409 0.579420 -0.284600 -0.006112 -0.035383 0.214458
 38   1.139685 -3.453749 -2.823813 0.000000 0.000000 0.000001
 39   -4.457742 -1.054854 -0.746180 0.000000 0.000000 0.000000
 40   1.118101 -3.449769 3.237290 0.000000 0.000001 0.000000
 41   -4.433840 -1.059130 0.959566 -0.000001 0.000000 0.000000
 42   -0.657468 1.697302 -2.688614 0.000000 0.000002 0.000000
 43   -0.664068 1.698578 2.869377 0.000000 0.000002 0.000000
time 5
  0   -0.967547 0.175787 -20.574476 0.000000 0.000000 -1.572114
  1   -1.093036 0.000002 -0.326057 -1.570757 -1.570379 -0.000171
  2   2.262337 0.113614 0.064702 0.086805 -0.007586 0.087541
  3   2.380047 0.353302 0.047440 0.117698 -0.017490 0.147226
  4   2.033756 0.190472 -0.000128 0.062750 0.008785 -0.139322
  5   2.451511 0.204909 -0.003447 0.000000 -0.000005 -0.017472
  6   7.247600 -0.397300 -0.109469 0.000001 0.000009 0.418409
  7   -2.022252 -0.104661 3.136172 -0.298879 -1.361862 -2.901749
  8   1.168026 -0.537438 -0.063437 -1.344349 1.218528 -1.192016
  9   6.790376 -0.619176 0.015206 -0.207208 0.638219 -1.439015
 10   8.637599 0.544015 -0.090417 -1.651836 0.154306 -0.570483
 11   6.790465 -0.619039 0.017802 -0.031086 0.471805 -0.963430
 12   -2.022474 -0.104699 -2.873818 0.298873 1.361683 -2.901984
 13   1.167898 -0.537463 0.063297 1.659082 -0.731937 -1.077186
 14   7.002743 -0.617765 -0.183752 0.173931 -0.185947 -2.168903
 15   8.209042 0.615527 -0.255885 2.560696 0.102153 -0.345857
 16   7.002735 -0.617911 -0.183641 0.094748 -0.166026 -1.529327
 17   1.574674 0.609930 -0.000899 -0.005402 -0.000513 0.054731
 18   -0.602177 0.511412 -0.000006 0.000000 0.000000 0.000000
 19   3.673773 0.177020 1.119313 -0.000002 -0.000014 -0.174510
 20   3.673767 0.176993 -1.117566 0.000007 -0.000003 -0.174546
 21   3.942357 1.330634 1.627658 0.000002 -0.000011 -0.000026
 22   -0.246060 -0.011889 0.516521 -0.000011 0.000031 0.000025
 23   3.942374 1.330659 -1.631083 0.000019 0.000002 -0.000024
 24   -0.246150 -0.011872 -0.516511 -0.000005 -0.000006 0.000048
 25   4.941364 1.997338 1.629330 0.000018 -0.000001 -0.000024
 26   4.941382 1.997366 -1.629410 -0.000001 0.000005 -0.000024
 27   2.918368 1.615358 1.514501 -0.000019 -0.000022 -0.000050
 28   2.920798 1.614964 -1.501142 -0.000002 -0.000009 -0.000024
 29   8.824059 0.150544 0.091743 0.000006 -0.000231 -0.174534
 30   2.111085 -0.561179 1.784320 -0.000008 -0.000682 0.000024
 31   2.121290 -0.561289 -1.853599 0.000000 0.000000 -0.000002
 32   -0.810489 -0.093824 3.127092 3.071592 -0.114878 1.239365
 33   14.298673 -0.408176 0.475484 0.000008 -0.000003 -1.896136
 34   15.835795 0.581398 0.242756 -0.214729 0.106889 -0.097869
 35   -0.815868 -0.091229 -3.114430 0.066464 3.132725 -1.010185
 36   14.294526 -0.410349 -0.463635 0.000021 -0.000024 -2.607695
 37   15.834409 0.579420 -0.284600 -0.006112 -0.035383 0.214458
 38   1.139685 -3.453749 -2.823813 0.000000 0.000000 0.000001
 39   -4.457742 -1.054854 -0.746180 0.000000 0.000000 0.000000
 40   1.118101 -3.449769 3.237290 0.000000 0.000001 0.000000
 41   -4.433840 -1.059130 0.959566 -0.000001 0.000000 0.000000
 42   -0.657468 1.697302 -2.688614 0.000000 0.000002 0.000000
 43   -0.664068 1.698578 2.869377 0.000000 0.000002 0.000000
time 6
  0   -0.967547 0.175787 -20.574476 0.000000 0.000000 -1.572114
  1   -1.093036 0.000002 -0.326057 -1.570757 -1.570379 -0.000171
  2   2.262337 0.113614 0.064702 0.104268 -0.009108 0.087342
  3   2.380047 0.353302 0.047440 0.141114 -0.020977 0.146777
  4   2.033756 0.190472 -0.000128 0.075365 0.010511 -0.139286
  5   2.451511 0.204909 -0.003447 0.000000 -0.000005 -0.017472
  6   7.247600 -0.397300 -0.109469 0.000001 0.000009 0.418409
  7   -2.022252 -0.104661 3.136172 -0.298879 -1.361862 -2.901749
  8   1.168026 -0.537438 -0.063437 -1.195830 1.285295 -1.025641
  9   6.790376 -0.619176 0.015206 -0.140577 0.563536 -1.375019
 10   8.637599 0.544015 -0.090417 -1.683716 0.186263 -0.608753
 11   6.790465 -0.619039 0.017802 -0.006619 0.408303 -0.937073
 12   -2.022474 -0.104699 -2.873818 0.298873 1.361683 -2.901984
 13   1.167898 -0.537463 0.063297 1.768600 -0.694865 -1.089535
 14   7.002743 -0.617765 -0.183752 0.173931 -0.185947 -2.168903
 15   8.209042 0.615527 -0.255885 2.560696 0.102153 -0.345857
 16   7.002735 -0.617911 -0.183641 0.094748 -0.166026 -1.529327
 17   1.574674 0.609930 -0.000899 0.073279 -0.002359 0.070735
 18   -0.602177 0.511412 -0.000006 0.000000 0.000000 0.000000
 19   3.673773 0.177020 1.119313 -0.000002 -0.000014 -0.174510
 20   3.673767 0.176993 -1.117566 0.000007 -0.000003 -0.174546
 21   3.942357 1.330634 1.627658 0.000002 -0.000011 -0.000026
 22   -0.246060 -0.011889 0.516521 -0.000011 0.000031 0.000025
 23   3.942374 1.330659 -1.631083 0.000019 0.000002 -0.000024
 24   -0.246150 -0.011872 -0.516511 -0.000005 -0.000006 0.000048
 25   4.941364 1.997338 1.629330 0.000018 -0.000001 -0.000024
 26   4.941382 1.997366 -1.629410 -0.000001 0.000005 -0.000024
 27   2.918368 1.615358 1.514501 -0.000019 -0.000022 -0.000050
 28   2.920798 1.614964 -1.501142 -0.000002 -0.000009 -0.000024
 29   8.824059 0.150544 0.091743 0.000006 -0.000231 -0.174534
 30   2.111085 -0.561179 1.784320 -0.000008 -0.000682 0.000024
 31   2.121290 -0.561289 -1.853599 0.000000 0.000000 -0.000002
 32   -0.810489 -0.093824 3.127092 3.071592 -0.114878 1.239365
 33   14.298673 -0.408176 0.475484 0.000008 -0.000003 -1.896136
 34   15.835795 0.581398 0.242756 -0.214729 0.106889 -0.097869
 35   -0.815868 -0.091229 -3.114430 0.066464 3.132725 -1.010185
 36   14.294526 -0.410349 -0.463635 0.000021 -0.000024 -2.607695
 37   15.834409 0.579420 -0.284600 -0.006112 -0.035383 0.214458
 38   1.139685 -3.453749 -2.823813 0.000000 0.000000 0.000001
 39   -4.457742 -1.054854 -0.746180 0.000000 0.000000 0.000000
 40   1.118101 -3.449769 3.237290 0.000000 0.000001 0.000000
 41   -4.433840 -1.059130 0.959566 -0.000001 0.000000 0.000000
 42   -0.657468 1.697302 -2.688614 0.000000 0.000002 0.000000
 43   -0.664068 1.698578 2.869377 0.000000 0.000002 0.000000
time 7
  0   -0.967547 0.175787 -20.574476 0.000000 0.000000 -1.572114
  1   -1.093036 0.000002 -0.326057 -1.570757 -1.570379 -0.000171
  2   2.262337 0.113614 0.064702 0.121642 -0.010630 0.087288
  3   2.380047 0.353302 0.047440 0.164711 -0.024477 0.146226
  4   2.033756 0.190472 -0.000128 0.087906 0.012236 -0.139141
  5   2.451511 0.204909 -0.003447 0.000000 -0.000005 -0.017472
  6   7.247600 -0.397300 -0.109469 0.000001 0.000009 0.418409
  7   -2.022252 -0.104661 3.136172 -0.298879 -1.361862 -2.901749
  8   1.168026 -0.537438 -0.063437 -0.962135 1.341194 -0.774307
  9   6.790376 -0.619176 0.015206 -0.082157 0.485651 -1.319701
 10   8.637599 0.544015 -0.090417 -1.716740 0.217024 -0.648036
 11   6.790465 -0.619039 0.017802 0.015541 0.344346 -0.912561
 12   -2.022474 -0.104699 -2.873818 0.298873 1.361712 -2.901984
 13   1.167898 -0.537463 0.063297 1.874393 -0.656928 -1.096618
 14   7.002743 -0.617765 -0.183752 0.173931 -0.185947 -2.168903
 15   8.209042 0.615527 -0.255885 2.560696 0.102153 -0.345857
 16   7.002735 -0.617911 -0.183641 0.094748 -0.166026 -1.529327
 17   1.574674 0.609930 -0.000899 0.152447 -0.005412 0.086555
 18   -0.602177 0.511412 -0.000006 0.000000 0.000000 0.000000
 19   3.673773 0.177020 1.119313 -0.000002 -0.000014 -0.174510
 20   3.673767 0.176993 -1.117566 0.000007 -0.000003 -0.174546
 21   3.942357 1.330634 1.627658 0.000002 -0.000011 -0.000026
 22   -0.246060 -0.011889 0.516521 -0.000011 0.000031 0.000025
 23   3.942374 1.330659 -1.631083 0.000019 0.000002 -0.000024
 24   -0.246150 -0.011872 -0.516511 -0.000005 -0.000006 0.000048
 25   4.941364 1.997338 1.629330 0.000018 -0.000001 -0.000024
 26   4.941382 1.997366 -1.629410 -0.000001 0.000005 -0.000024
 27   2.918368 1.615358 1.514501 -0.000019 -0.000022 -0.000050
 28   2.920798 1.614964 -1.501142 -0.000002 -0.000009 -0.000024
 29   8.824059 0.150544 0.091743 0.000006 -0.000231 -0.174534
 30   2.111085 -0.561179 1.784320 -0.000008 -0.000682 0.000024
 31   2.121290 -0.561289 -1.853599 0.000000 0.000000 -0.000002
 32   -0.810489 -0.093824 3.127092 3.071592 -0.114878 1.239365
 33   14.298673 -0.408176 0.475484 0.000008 -0.000003 -1.896136
 34   15.835795 0.581398 0.242756 -0.214729 0.106889 -0.097869
 35   -0.815868 -0.091229 -3.114430 0.066464 3.132725 -1.010185
 36   14.294526 -0.410349 -0.463635 0.000021 -0.000024 -2.607695
 37   15.834409 0.579420 -0.284600 -0.006112 -0.035383 0.214458
 38   1.139685 -3.453749 -2.823813 0.000000 0.000000 0.000001
 39   -4.457742 -1.054854 -0.746180 0.000000 0.000000 0.000000
 40   1.118101 -3.449769 3.237290 0.000000 0.000001 0.000000
 41   -4.433840 -1.059130 0.959566 -0.000001 0.000000 0.000000
 42   -0.657468 1.697302 -2.688614 0.000000 0.000002 0.000000
 43   -0.664068 1.698578 2.869377 0.000000 0.000002 0.000000
time 8
  0   -0.967547 0.175787 -20.574476 0.000000 0.000000 -1.572114
  1   -1.093036 0.000002 -0.326057 -1.570757 -1.570379 -0.000171
  2   2.262337 0.113614 0.064702 0.138965 -0.012164 0.087035
  3   2.380047 0.353302 0.047440 0.188293 -0.027868 0.145614
  4   2.033756 0.190472 -0.000128 0.100484 0.014022 -0.138996
  5   2.451511 0.204909 -0.003447 0.000000 -0.000005 -0.017472
  6   7.247600 -0.397300 -0.109469 0.000001 0.000009 0.418409
  7   -2.022252 -0.104661 3.136172 -0.298879 -1.361862 -2.901749
  8   1.168026 -0.537438 -0.063437 -0.611245 1.376565 -0.405942
  9   6.790376 -0.619176 0.015206 -0.030783 0.405229 -1.271402
 10   8.637599 0.544015 -0.090417 -1.751085 0.246236 -0.688332
 11   6.790465 -0.619039 0.017802 0.035599 0.280162 -0.889491
 12   -2.022474 -0.104699 -2.873818 0.298873 1.361712 -2.901984
 13   1.167898 -0.537463 0.063297 1.976600 -0.618534 -1.098434
 14   7.002743 -0.617765 -0.183752 0.173931 -0.185947 -2.168903
 15   8.209042 0.615527 -0.255885 2.560696 0.102153 -0.345857
 16   7.002735 -0.617911 -0.183641 0.094748 -0.166026 -1.529327
 17   1.574674 0.609930 -0.000899 0.231616 -0.009743 0.102005
 18   -0.602177 0.511412 -0.000006 0.000000 0.000000 0.000000
 19   3.673773 0.177020 1.119313 -0.000002 -0.000014 -0.174510
 20   3.673767 0.176993 -1.117566 0.000007 -0.000003 -0.174546
 21   3.942357 1.330634 1.627658 0.000002 -0.000011 -0.000026
 22   -0.246060 -0.011889 0.516521 -0.000011 0.000031 0.000025
 23   3.942374 1.330659 -1.631083 0.000019 0.000002 -0.000024
 24   -0.246150 -0.011872 -0.516511 -0.000005 -0.000006 0.000048
 25   4.941364 1.997338 1.629330 0.000018 -0.000001 -0.000024
 26   4.941382 1.997366 -1.629410 -0.000001 0.000005 -0.000024
 27   2.918368 1.615358 1.514501 -0.000019 -0.000022 -0.000050
 28   2.920798 1.614964 -1.501142 -0.000002 -0.000009 -0.000024
 29   8.824059 0.150544 0.091743 0.000006 -0.000231 -0.174534
 30   2.111085 -0.561179 1.784320 -0.000008 -0.000682 0.000024
 31   2.121290 -0.561289 -1.853599 0.000000 0.000000 -0.000002
 32   -0.810489 -0.093824 3.127092 3.071592 -0.114878 1.239365
 33   14.298673 -0.408176 0.475484 0.000008 -0.000003 -1.896136
 34   15.835795 0.581398 0.242756 -0.214729 0.106889 -0.097869
 35   -0.815868 -0.091229 -3.114430 0.066464 3.132725 -1.010185
 36   14.294526 -0.410349 -0.463635 0.000021 -0.000024 -2.607695
 37   15.834409 0.579420 -0.284600 -0.006112 -0.035383 0.214458
 38   1.139685 -3.453749 -2.823813 0.000000 0.000000 0.000001
 39   -4.457742 -1.054854 -0.746180 0.000000 0.000000 0.000000
 40   1.118101 -3.449769 3.237290 0.000000 0.000001 0.000000
 41   -4.433840 -1.059130 0.959566 -0.000001 0.000000 0.000000
 42   -0.657468 1.697302 -2.688614 0.000000 0.000002 0.000000
 43   -0.664068 1.698578 2.869377 0.000000 0.000002 0.000000
time 9
  0   -0.967547 0.175787 -20.574476 0.000000 0.000000 -1.572114
  1   -1.093036 0.000002 -0.326057 -1.570757 -1.570379 -0.000171
  2   2.262337 0.113614 0.064702 0.156415 -0.013686 0.086800
  3   2.380047 0.353302 0.047440 0.211829 -0.031404 0.144961
  4   2.033756 0.190472 -0.000128 0.113043 0.015820 -0.138706
  5   2.451511 0.204909 -0.003447 0.000000 -0.000005 -0.017472
  6   7.247600 -0.397300 -0.109469 0.000001 0.000009 0.418409
  7   -2.022252 -0.104661 3.136172 -0.298879 -1.361862 -2.901749
  8   1.168026 -0.537438 -0.063437 -0.183912 1.379584 0.038273
  9   6.790376 -0.619176 0.015206 0.014378 0.322804 -1.228989
 10   8.637599 0.544015 -0.090417 -1.787192 0.274392 -0.730581
 11   6.790465 -0.619039 0.017802 0.053613 0.215694 -0.867344
 12   -2.022474 -0.104699 -2.873818 0.298873 1.361683 -2.901984
 13   1.167898 -0.537463 0.063297 2.076277 -0.580293 -1.095407
 14   7.002743 -0.617765 -0.183752 0.173931 -0.185947 -2.168903
 15   8.209042 0.615527 -0.255885 2.560696 0.102153 -0.345857
 16   7.002735 -0.617911 -0.183641 0.094748 -0.166026 -1.529327
 17   1.574674 0.609930 -0.000899 0.310622 -0.015233 0.117085
 18   -0.602177 0.511412 -0.000006 0.000000 0.000000 0.000000
 19   3.673773 0.177020 1.119313 -0.000002 -0.000014 -0.174510
 20   3.673767 0.176993 -1.117566 0.000007 -0.000003 -0.174546
 21   3.942357 1.330634 1.627658 0.000002 -0.000011 -0.000026
 22   -0.246060 -0.011889 0.516521 -0.000011 0.000031 0.000025
 23   3.942374 1.330659 -1.631083 0.000019 0.000002 -0.000024
 24   -0.246150 -0.011872 -0.516511 -0.000005 -0.000006 0.000048
 25   4.941364 1.997338 1.629330 0.000018 -0.000001 -0.000024
 26   4.941382 1.997366 -1.629410 -0.000001 0.000005 -0.000024
 27   2.918368 1.615358 1.514501 -0.000019 -0.000022 -0.000050
 28   2.920798 1.614964 -1.501142 -0.000002 -0.000009 -0.000024
 29   8.824059 0.150544 0.091743 0.000006 -0.000231 -0.174534
 30   2.111085 -0.561179 1.784320 -0.000008 -0.000682 0.000024
 31   2.121290 -0.561289 -1.853599 0.000000 0.000000 -0.000002
 32   -0.810489 -0.093824 3.127092 3.071592 -0.114878 1.239365
 33   14.298673 -0.408176 0.475484 0.000008 -0.000003 -1.896136
 34   15.835795 0.581398 0.242756 -0.214729 0.106889 -0.097869
 35   -0.815868 -0.091229 -3.114430 0.066464 3.132725 -1.010185
 36   14.294526 -0.410349 -0.463635 0.000021 -0.000024 -2.607695
 37   15.834409 0.579420 -0.284600 -0.006112 -0.035383 0.214458
 38   1.139685 -3.453749 -2.823813 0.000000 0.000000 0.000001
 39   -4.457742 -1.054854 -0.746180 0.000000 0.000000 0.000000
 40   1.118101 -3.449769 3.237290 0.000000 0.000001 0.000000
 41   -4.433840 -1.059130 0.959566 -0.000001 0.000000 0.000000
 42   -0.657468 1.697302 -2.688614 0.000000 0.000002 0.000000
 43   -0.664068 1.698578 2.869377 0.000000 0.000002 0.000000
time 10
  0   -0.967547 0.175787 -20.574476 0.000000 0.000000 -1.572114
  1   -1.093036 0.000002 -0.326057 -1.570757 -1.570379 -0.000171
  2   2.262337 0.113614 0.064702 0.173738 -0.015196 0.086565
  3   2.380047 0.353302 0.047440 0.235471 -0.034759 0.144165
  4   2.033756 0.190472 -0.000128 0.125658 0.017534 -0.138561
  5   2.451511 0.204909 -0.003447 0.000000 -0.000005 -0.017472
  6   7.247600 -0.397300 -0.109469 0.000001 0.000009 0.418409
  7   -2.022252 -0.104661 3.136172 -0.298879 -1.361862 -2.901749
  8   1.168026 -0.537438 -0.063437 0.185203 1.348741 0.425490
  9   6.790376 -0.619176 0.015206 0.055322 0.238912 -1.191331
 10   8.637599 0.544015 -0.090417 -1.824796 0.300929 -0.773843
 11   6.790465 -0.619039 0.017802 0.069992 0.151083 -0.846408
 12   -2.022474 -0.104699 -2.873818 0.298873 1.361683 -2.901984
 13   1.167898 -0.537463 0.063297 2.173846 -0.542509 -1.088264
 14   7.002743 -0.617765 -0.183752 0.173931 -0.185947 -2.168903
 15   8.209042 0.615527 -0.255885 2.560696 0.102153 -0.345857
 16   7.002735 -0.617911 -0.183641 0.094748 -0.166026 -1.529327
 17   1.574674 0.609930 -0.000899 0.389506 -0.021955 0.131462
 18   -0.602177 0.511412 -0.000006 0.000000 0.000000 0.000000
 19   3.673773 0.177020 1.119313 -0.000002 -0.000014 -0.174510
 20   3.673767 0.176993 -1.117566 0.000007 -0.000003 -0.174546
 21   3.942357 1.330634 1.627658 0.000002 -0.000011 -0.000026
 22   -0.246060 -0.011889 0.516521 -0.000011 0.000031 0.000025
 23   3.942374 1.330659 -1.631083 0.000019 0.000002 -0.000024
 24   -0.246150 -0.011872 -0.516511 -0.000005 -0.000006 0.000048
 25   4.941364 1.997338 1.629330 0.000018 -0.000001 -0.000024
 26   4.941382 1.997366 -1.629410 -0.000001 0.000005 -0.000024
 27   2.918368 1.615358 1.514501 -0.000019 -0.000022 -0.000050
 28   2.920798 1.614964 -1.501142 -0.000002 -0.000009 -0.000024
 29   8.824059 0.150544 0.091743 0.000006 -0.000231 -0.174534
 30   2.111085 -0.561179 1.784320 -0.000008 -0.000682 0.000024
 31   2.121290 -0.561289 -1.853599 0.000000 0.000000 -0.000002
 32   -0.810489 -0.093824 3.127092 3.071592 -0.114878 1.239365
 33   14.298673 -0.408176 0.475484 0.000008 -0.000003 -1.896136
 34   15.835795 0.581398 0.242756 -0.214729 0.106889 -0.097869
 35   -0.815868 -0.091229 -3.114430 0.066464 3.132725 -1.010185
 36   14.294526 -0.410349 -0.463635 0.000021 -0.000024 -2.607695
 37   15.834409 0.579420 -0.284600 -0.006112 -0.035383 0.214458
 38   1.139685 -3.453749 -2.823813 0.000000 0.000000 0.000001
 39   -4.457742 -1.054854 -0.746180 0.000000 0.000000 0.000000
 40   1.118101 -3.449769 3.237290 0.000000 0.000001 0.000000
 41   -4.433840 -1.059130 0.959566 -0.000001 0.000000 0.000000
 42   -0.657468 1.697302 -2.688614 0.000000 0.000002 0.000000
 43   -0.664068 1.698578 2.869377 0.000000 0.000002 0.000000
time 11
  0   -0.967547 0.175787 -20.574476 0.000000 0.000000 -1.572114
  1   -1.093036 0.000002 -0.326057 -1.570757 -1.570379 -0.000171
  2   2.262337 0.113614 0.064702 0.191151 -0.016706 0.086294
  3   2.380047 0.353302 0.047440 0.258917 -0.038247 0.143308
  4   2.033756 0.190472 -0.000128 0.138199 0.019247 -0.138416
  5   2.451511 0.204909 -0.003447 0.000000 -0.000005 -0.017472
  6   7.247600 -0.397300 -0.109469 0.000001 0.000009 0.418409
  7   -2.022252 -0.104661 3.136172 -0.298879 -1.361862 -2.901749
  8   1.168026 -0.537438 -0.063437 0.436680 1.295408 0.694600
  9   6.790376 -0.619176 0.015206 0.092327 0.153284 -1.157899
 10   8.637599 0.544015 -0.090417 -1.863985 0.325777 -0.818479
 11   6.790465 -0.619039 0.017802 0.084765 0.086274 -0.825933
 12   -2.022474 -0.104699 -2.873818 0.298873 1.361683 -2.901984
 13   1.167898 -0.537463 0.063297 2.269516 -0.505336 -1.076944
 14   7.002743 -0.617765 -0.183752 0.173931 -0.185947 -2.168903
 15   8.209042 0.615527 -0.255885 2.560696 0.102153 -0.345857
 16   7.002735 -0.617911 -0.183641 0.094748 -0.166026 -1.529327
 17   1.574674 0.609930 -0.000899 0.468269 -0.029765 0.145655
 18   -0.602177 0.511412 -0.000006 0.000000 0.000000 0.000000
 19   3.673773 0.177020 1.119313 -0.000002 -0.000014 -0.174510
 20   3.673767 0.176993 -1.117566 0.000007 -0.000003 -0.174546
 21   3.942357 1.330634 1.627658 0.000002 -0.000011 -0.000026
 22   -0.246060 -0.011889 0.516521 -0.000011 0.000031 0.000025
 23   3.942374 1.330659 -1.631083 0.000019 0.000002 -0.000024
 24   -0.246150 -0.011872 -0.516511 -0.000005 -0.000006 0.000048
 25   4.941364 1.997338 1.629330 0.000018 -0.000001 -0.000024
 26   4.941382 1.997366 -1.629410 -0.000001 0.000005 -0.000024
 27   2.918368 1.615358 1.514501 -0.000019 -0.000022 -0.000050
 28   2.920798 1.614964 -1.501142 -0.000002 -0.000009 -0.000024
 29   8.824059 0.150544 0.091743 0.000006 -0.000231 -0.174534
 30   2.111085 -0.561179 1.784320 -0.000008 -0.000682 0.000024
 31   2.121290 -0.561289 -1.853599 0.000000 0.000000 -0.000002
 32   -0.810489 -0.093824 3.127092 3.071592 -0.114878 1.239365
 33   14.298673 -0.408176 0.475484 0.000008 -0.000003 -1.896136
 34   15.835795 0.581398 0.242756 -0.214729 0.106889 -0.097869
 35   -0.815868 -0.091229 -3.114430 0.066464 3.132725 -1.010185
 36   14.294526 -0.410349 -0.463635 0.000021 -0.000024 -2.607695
 37   15.834409 0.579420 -0.284600 -0.006112 -0.035383 0.214458
 38   1.139685 -3.453749 -2.823813 0.000000 0.000000 0.000001
 39   -4.457742 -1.054854 -0.746180 0.000000 0.000000 0.000000
 40   1.118101 -3.449769 3.237290 0.000000 0.000001 0.000000
 41   -4.433840 -1.059130 0.959566 -0.000001 0.000000 0.000000
 42   -0.657468 1.697302 -2.688614 0.000000 0.000002 0.000000
 43   -0.664068 1.698578 2.869377 0.000000 0.000002 0.000000
time 12
  0   -0.967547 0.175787 -20.574476 0.000000 0.000000 -1.572114
  1   -1.093036 0.000002 -0.326057 -1.570757 -1.570379 -0.000171
  2   2.262337 0.113614 0.064702 0.191151 -0.016706 0.086294
  3   2.380047 0.353302 0.047440 0.258917 -0.038247 0.143308
  4   2.033756 0.190472 -0.000128 0.138199 0.019247 -0.138416
  5   2.451511 0.204909 -0.003447 0.000000 -0.000005 -0.017472
  6   7.247600 -0.397300 -0.109469 0.000001 0.000009 0.418409
  7   -2.022252 -0.104661 3.136172 -0.298879 -1.361862 -2.901749
  8   1.168026 -0.537438 -0.063437 0.436680 1.295408 0.694600
  9   6.790376 -0.619176 0.015206 0.092327 0.153284 -1.157899
 10   8.637599 0.544015 -0.090417 -1.863985 0.325777 -0.818479
 11   6.790465 -0.619039 0.017802 0.084765 0.086274 -0.825933
 12   -2.022474 -0.104699 -2.873818 0.298873 1.361683 -2.901984
 13   1.167898 -0.537463 0.063297 2.269516 -0.505336 -1.076944
 14   7.002743 -0.617765 -0.183752 0.173931 -0.185947 -2.168903
 15   8.209042 0.615527 -0.255885 2.560696 0.102153 -0.345857
 16   7.002735 -0.617911 -0.183641 0.094748 -0.166026 -1.529327
 17   1.574674 0.609930 -0.000899 0.468269 -0.029765 0.145655
 18   -0.602177 0.511412 -0.000006 0.000000 0.000000 0.000000
 19   3.673773 0.177020 1.119313 -0.000002 -0.000014 -0.174510
 20   3.673767 0.176993 -1.117566 0.000007 -0.000003 -0.174546
 21   3.942357 1.330634 1.627658 0.000002 -0.000011 -0.000026
 22   -0.246060 -0.011889 0.516521 -0.000011 0.000031 0.000025
 23   3.942374 1.330659 -1.631083 0.000019 0.000002 -0.000024
 24   -0.246150 -0.011872 -0.516511 -0.000005 -0.000006 0.000048
 25   4.941364 1.997338 1.629330 0.000018 -0.000001 -0.000024
 26   4.941382 1.997366 -1.629410 -0.000001 0.000005 -0.000024
 27   2.918368 1.615358 1.514501 -0.000019 -0.000022 -0.000050
 28   2.920798 1.614964 -1.501142 -0.000002 -0.000009 -0.000024
 29   8.824059 0.150544 0.091743 0.000006 -0.000231 -0.174534
 30   2.111085 -0.561179 1.784320 -0.000008 -0.000682 0.000024
 31   2.121290 -0.561289 -1.853599 0.000000 0.000000 -0.000002
 32   -0.810489 -0.093824 3.127092 3.071592 -0.114878 1.239365
 33   14.298673 -0.408176 0.475484 0.000008 -0.000003 -1.896136
 34   15.835795 0.581398 0.242756 -0.214729 0.106889 -0.097869
 35   -0.815868 -0.091229 -3.114430 0.066464 3.132725 -1.010185
 36   14.294526 -0.410349 -0.463635 0.000021 -0.000024 -2.607695
 37   15.834409 0.579420 -0.284600 -0.006112 -0.035383 0.214458
 38   1.139685 -3.453749 -2.823813 0.000000 0.000000 0.000001
 39   -4.457742 -1.054854 -0.746180 0.000000 0.000000 0.000000
 40   1.118101 -3.449769 3.237290 0.000000 0.000001 0.000000
 41   -4.433840 -1.059130 0.959566 -0.000001 0.000000 0.000000
 42   -0.657468 1.697302 -2.688614 0.000000 0.000002 0.000000
 43   -0.664068 1.698578 2.869377 0.000000 0.000002 0.000000
time 13
  0   -0.967547 0.175787 -20.574476 0.000000 0.000000 -1.572114
  1   -1.093036 0.000002 -0.326057 -1.570757 -1.570379 -0.000171
  2   2.262337 0.113614 0.064702 0.191151 -0.016706 0.086294
  3   2.380047 0.353302 0.047440 0.258917 -0.038247 0.143308
  4   2.033756 0.190472 -0.000128 0.138199 0.019247 -0.138416
  5   2.451511 0.204909 -0.003447 0.000000 -0.000005 -0.017472
  6   7.247600 -0.397300 -0.109469 0.000001 0.000009 0.418409
  7   -2.022252 -0.104661 3.136172 -0.298879 -1.361862 -2.901749
  8   1.168026 -0.537438 -0.063437 0.436680 1.295408 0.694600
  9   6.790376 -0.619176 0.015206 0.092327 0.153284 -1.157899
 10   8.637599 0.544015 -0.090417 -1.863985 0.325777 -0.818479
 11   6.790465 -0.619039 0.017802 0.084765 0.086274 -0.825933
 12   -2.022474 -0.104699 -2.873818 0.298873 1.361683 -2.901984
 13   1.167898 -0.537463 0.063297 2.269516 -0.505336 -1.076944
 14   7.002743 -0.617765 -0.183752 0.173931 -0.185947 -2.168903
 15   8.209042 0.615527 -0.255885 2.560696 0.102153 -0.345857
 16   7.002735 -0.617911 -0.183641 0.094748 -0.166026 -1.529327
 17   1.574674 0.609930 -0.000899 0.468269 -0.029765 0.145655
 18   -0.602177 0.511412 -0.000006 0.000000 0.000000 0.000000
 19   3.673773 0.177020 1.119313 -0.000002 -0.000014 -0.174510
 20   3.673767 0.176993 -1.117566 0.000007 -0.000003 -0.174546
 21   3.942357 1.330634 1.627658 0.000002 -0.000011 -0.000026
 22   -0.246060 -0.011889 0.516521 -0.000011 0.000031 0.000025
 23   3.942374 1.330659 -1.631083 0.000019 0.000002 -0.000024
 24   -0.246150 -0.011872 -0.516511 -0.000005 -0.000006 0.000048
 25   4.941364 1.997338 1.629330 0.000018 -0.000001 -0.000024
 26   4.941382 1.997366 -1.629410 -0.000001 0.000005 -0.000024
 27   2.918368 1.615358 1.514501 -0.000019 -0.000022 -0.000050
 28   2.920798 1.614964 -1.501142 -0.000002 -0.000009 -0.000024
 29   8.824059 0.150544 0.091743 0.000006 -0.000231 -0.174534
 30   2.111085 -0.561179 1.784320 -0.000008 -0.000682 0.000024
 31   2.121290 -0.561289 -1.853599 0.000000 0.000000 -0.000002
 32   -0.810489 -0.093824 3.127092 3.071592 -0.114878 1.239365
 33   14.298673 -0.408176 0.475484 0.000008 -0.000003 -1.896136
 34   15.835795 0.581398 0.242756 -0.214729 0.106889 -0.097869
 35   -0.815868 -0.091229 -3.114430 0.066464 3.132725 -1.010185
 36   14.294526 -0.410349 -0.463635 0.000021 -0.000024 -2.607695
 37   15.834409 0.579420 -0.284600 -0.006112 -0.035383 0.214458
 38   1.139685 -3.453749 -2.823813 0.000000 0.000000 0.000001
 39   -4.457742 -1.054854 -0.746180 0.000000 0.000000 0.000000
 40   1.118101 -3.449769 3.237290 0.000000 0.000001 0.000000
 41   -4.433840 -1.059130 0.959566 -0.000001 0.000000 0.000000
 42   -0.657468 1.697302 -2.688614 0.000000 0.000002 0.000000
 43   -0.664068 1.698578 2.869377 0.000000 0.000002 0.000000
time 14
  0   -0.967547 0.175787 -20.574476 0.000000 0.000000 -1.572114
  1   -1.093036 0.000002 -0.326057 -1.570757 -1.570379 -0.000171
  2   2.262337 0.113614 0.064702 0.191151 -0.016706 0.086294
  3   2.380047 0.353302 0.047440 0.258917 -0.038247 0.143308
  4   2.033756 0.190472 -0.000128 0.138199 0.019247 -0.138416
  5   2.451511 0.204909 -0.003447 0.000000 -0.000005 -0.017472
  6   7.247600 -0.397300 -0.109469 0.000001 0.000009 0.418409
  7   -2.022252 -0.104661 3.136172 -0.298879 -1.361862 -2.901749
  8   1.168026 -0.537438 -0.063437 0.436680 1.295408 0.694600
  9   6.790376 -0.619176 0.015206 0.092327 0.153284 -1.157899
 10   8.637599 0.544015 -0.090417 -1.863985 0.325777 -0.818479
 11   6.790465 -0.619039 0.017802 0.084765 0.086274 -0.825933
 12   -2.022474 -0.104699 -2.873818 0.298873 1.361683 -2.901984
 13   1.167898 -0.537463 0.063297 2.269516 -0.505336 -1.076944
 14   7.002743 -0.617765 -0.183752 0.173931 -0.185947 -2.168903
 15   8.209042 0.615527 -0.255885 2.560696 0.102153 -0.345857
 16   7.002735 -0.617911 -0.183641 0.094748 -0.166026 -1.529327
 17   1.574674 0.609930 -0.000899 0.468269 -0.029765 0.145655
 18   -0.602177 0.511412 -0.000006 0.000000 0.000000 0.000000
 19   3.673773 0.177020 1.119313 -0.000002 -0.000014 -0.174510
 20   3.673767 0.176993 -1.117566 0.000007 -0.000003 -0.174546
 21   3.942357 1.330634 1.627658 0.000002 -0.000011 -0.000026
 22   -0.246060 -0.011889 0.516521 -0.000011 0.000031 0.000025
 23   3.942374 1.330659 -1.631083 0.000019 0.000002 -0.000024
 24   -0.246150 -0.011872 -0.516511 -0.000005 -0.000006 0.000048
 25   4.941364 1.997338 1.629330 0.000018 -0.000001 -0.000024
 26   4.941382 1.997366 -1.629410 -0.000001 0.000005 -0.000024
 27   2.918368 1.615358 1.514501 -0.000019 -0.000022 -0.000050
 28   2.920798 1.614964 -1.501142 -0.000002 -0.000009 -0.000024
 29   8.824059 0.150544 0.091743 0.000006 -0.000231 -0.174534
 30   2.111085 -0.561179 1.784320 -0.000008 -0.000682 0.000024
 31   2.121290 -0.561289 -1.853599 0.000000 0.000000 -0.000002
 32   -0.810489 -0.093824 3.127092 3.071592 -0.114878 1.239365
 33   14.298673 -0.408176 0.475484 0.000008 -0.000003 -1.896136
 34   15.835795 0.581398 0.242756 -0.214729 0.106889 -0.097869
 35   -0.815868 -0.091229 -3.114430 0.066464 3.132725 -1.010185
 36   14.294526 -0.410349 -0.463635 0.000021 -0.000024 -2.607695
 37   15.834409 0.579420 -0.284600 -0.006112 -0.035383 0.214458
 38   1.139685 -3.453749 -2.823813 0.000000 0.000000 0.000001
 39   -4.457742 -1.054854 -0.746180 0.000000 0.000000 0.000000
 40   1.118101 -3.449769 3.237290 0.000000 0.000001 0.000000
 41   -4.433840 -1.059130 0.959566 -0.000001 0.000000 0.000000
 42   -0.657468 1.697302 -2.688614 0.000000 0.000002 0.000000
 43   -0.664068 1.698578 2.869377 0.000000 0.000002 0.000000
time 15
  0   -0.967547 0.175787 -20.574476 0.000000 0.000000 -1.572114
  1   -1.093036 0.000002 -0.326057 -1.570757 -1.570379 -0.000171
  2   2.262337 0.113614 0.064702 0.191151 -0.016706 0.086294
  3   2.380047 0.353302 0.047440 0.258917 -0.038247 0.143308
  4   2.033756 0.190472 -0.000128 0.138199 0.019247 -0.138416
  5   2.451511 0.204909 -0.003447 0.000000 -0.000005 -0.017472
  6   7.247600 -0.397300 -0.109469 0.000001 0.000009 0.418409
  7   -2.022252 -0.104661 3.136172 -0.298879 -1.361862 -2.901749
  8   1.168026 -0.537438 -0.063437 0.436680 1.295408 0.694600
  9   6.790376 -0.619176 0.015206 0.092327 0.153284 -1.157899
 10   8.637599 0.544015 -0.090417 -1.863985 0.325777 -0.818479
 11   6.790465 -0.619039 0.017802 0.084765 0.086274 -0.825933
 12   -2.022474 -0.104699 -2.873818 0.298873 1.361683 -2.901984
 13   1.167898 -0.537463 0.063297 2.269516 -0.505336 -1.076944
 14   7.002743 -0.617765 -0.183752 0.173931 -0.185947 -2.168903
 15   8.209042 0.615527 -0.255885 2.560696 0.102153 -0.345857
 16   7.002735 -0.617911 -0.183641 0.094748 -0.166026 -1.529327
 17   1.574674 0.609930 -0.000899 0.468269 -0.029765 0.145655
 18   -0.602177 0.511412 -0.000006 0.000000 0.000000 0.000000
 19   3.673773 0.177020 1.119313 -0.000002 -0.000014 -0.174510
 20   3.673767 0.176993 -1.117566 0.000007 -0.000003 -0.174546
 21   3.942357 1.330634 1.627658 0.000002 -0.000011 -0.000026
 22   -0.246060 -0.011889 0.516521 -0.000011 0.000031 0.000025
 23   3.942374 1.330659 -1.631083 0.000019 0.000002 -0.000024
 24   -0.246150 -0.011872 -0.516511 -0.000005 -0.000006 0.000048
 25   4.941364 1.997338 1.629330 0.000018 -0.000001 -0.000024
 26   4.941382 1.997366 -1.629410 -0.000001 0.000005 -0.000024
 27   2.918368 1.615358 1.514501 -0.000019 -0.000022 -0.000050
 28   2.920798 1.614964 -1.501142 -0.000002 -0.000009 -0.000024
 29   8.824059 0.150544 0.091743 0.000006 -0.000231 -0.174534
 30   2.111085 -0.561179 1.784320 -0.000008 -0.000682 0.000024
 31   2.121290 -0.561289 -1.853599 0.000000 0.000000 -0.000002
 32   -0.810489 -0.093824 3.127092 3.071592 -0.114878 1.239365
 33   14.298673 -0.408176 0.475484 0.000008 -0.000003 -1.896136
 34   15.835795 0.581398 0.242756 -0.214729 0.106889 -0.097869
 35   -0.815868 -0.091229 -3.114430 0.066464 3.132725 -1.010185
 36   14.294526 -0.410349 -0.463635 0.000021 -0.000024 -2.607695
 37   15.834409 0.579420 -0.284600 -0.006112 -0.035383 0.214458
 38   1.139685 -3.453749 -2.823813 0.000000 0.000000 0.000001
 39   -4.457742 -1.054854 -0.746180 0.000000 0.000000 0.000000
 40   1.118101 -3.449769 3.237290 0.000000 0.000001 0.000000
 41   -4.433840 -1.059130 0.959566 -0.000001 0.000000 0.000000
 42   -0.657468 1.697302 -2.688614 0.000000 0.000002 0.000000
 43   -0.664068 1.698578 2.869377 0.000000 0.000002 0.000000
time 16
  0   -0.967547 0.175787 -20.574476 0.000000 0.000000 -1.572114
  1   -1.093036 0.000002 -0.326057 -1.570757 -1.570379 -0.000171
  2   2.262337 0.113614 0.064702 0.175241 -0.015316 0.086529
  3   2.380047 0.353302 0.047440 0.237376 -0.035119 0.144063
  4   2.033756 0.190472 -0.000128 0.126672 0.017641 -0.138561
  5   2.451511 0.204909 -0.003447 0.000000 -0.000005 -0.017472
  6   7.247600 -0.397300 -0.109469 0.000001 0.000009 0.418409
  7   -2.022252 -0.104661 3.136172 -0.298879 -1.361862 -2.901749
  8   1.168026 -0.537438 -0.063437 0.210642 1.345018 0.452502
  9   6.790376 -0.619176 0.015206 0.058540 0.231771 -1.188312
 10   8.637599 0.544015 -0.090417 -1.827878 0.302900 -0.777388
 11   6.790465 -0.619039 0.017802 0.071277 0.145711 -0.844562
 12   -2.022474 -0.104699 -2.873818 0.298873 1.361683 -2.901984
 13   1.167898 -0.537463 0.063297 2.181859 -0.539356 -1.087356
 14   7.002743 -0.617765 -0.183752 0.173931 -0.185947 -2.168903
 15   8.209042 0.615527 -0.255885 2.560696 0.102153 -0.345857
 16   7.002735 -0.617911 -0.183641 0.094748 -0.166026 -1.529327
 17   1.574674 0.609930 -0.000899 0.396046 -0.022547 0.132793
 18   -0.602177 0.511412 -0.000006 0.000000 0.000000 0.000000
 19   3.673773 0.177020 1.119313 -0.000002 -0.000014 -0.174510
 20   3.673767 0.176993 -1.117566 0.000007 -0.000003 -0.174546
 21   3.942357 1.330634 1.627658 0.000002 -0.000011 -0.000026
 22   -0.246060 -0.011889 0.516521 -0.000011 0.000031 0.000025
 23   3.942374 1.330659 -1.631083 0.000019 0.000002 -0.000024
 24   -0.246150 -0.011872 -0.516511 -0.000005 -0.000006 0.000048
 25   4.941364 1.997338 1.629330 0.000018 -0.000001 -0.000024
 26   4.941382 1.997366 -1.629410 -0.000001 0.000005 -0.000024
 27   2.918368 1.615358 1.514501 -0.000019 -0.000022 -0.000050
 28   2.920798 1.614964 -1.501142 -0.000002 -0.000009 -0.000024
 29   8.824059 0.150544 0.091743 0.000006 -0.000231 -0.174534
 30   2.111085 -0.561179 1.784320 -0.000008 -0.000682 0.000024
 31   2.121290 -0.561289 -1.853599 0.000000 0.000000 -0.000002
 32   -0.810489 -0.093824 3.127092 3.071592 -0.114878 1.239365
 33   14.298673 -0.408176 0.475484 0.000008 -0.000003 -1.896136
 34   15.835795 0.581398 0.242756 -0.214729 0.106889 -0.097869
 35   -0.815868 -0.091229 -3.114430 0.066464 3.132725 -1.010185
 36   14.294526 -0.410349 -0.463635 0.000021 -0.000024 -2.607695
 37   15.834409 0.579420 -0.284600 -0.006112 -0.035383 0.214458
 38   1.139685 -3.453749 -2.823813 0.000000 0.000000 0.000001
 39   -4.457742 -1.054854 -0.746180 0.000000 0.000000 0.000000
 40   1.118101 -3.449769 3.237290 0.000000 0.000001 0.000000
 41   -4.433840 -1.059130 0.959566 -0.000001 0.000000 0.000000
 42   -0.657468 1.697302 -2.688614 0.000000 0.000002 0.000000
 43   -0.664068 1.698578 2.869377 0.000000 0.000002 0.000000
time 17
  0   -0.967547 0.175787 -20.574476 0.000000 0.000000 -1.572114
  1   -1.093036 0.000002 -0.326057 -1.570757 -1.570379 -0.000171
  2   2.262337 0.113614 0.064702 0.159269 -0.013889 0.086782
  3   2.380047 0.353302 0.047440 0.215759 -0.031979 0.144818
  4   2.033756 0.190472 -0.000128 0.115127 0.016035 -0.138706
  5   2.451511 0.204909 -0.003447 0.000000 -0.000005 -0.017472
  6   7.247600 -0.397300 -0.109469 0.000001 0.000009 0.418409
  7   -2.022252 -0.104661 3.136172 -0.298879 -1.361862 -2.901749
  8   1.168026 -0.537438 -0.063437 -0.114936 1.376414 0.110137
  9   6.790376 -0.619176 0.015206 0.021424 0.308922 -1.222197
 10   8.637599 0.544015 -0.090417 -1.793533 0.278756 -0.737526
 11   6.790465 -0.619039 0.017802 0.056445 0.204892 -0.863768
 12   -2.022474 -0.104699 -2.873818 0.298873 1.361683 -2.901984
 13   1.167898 -0.537463 0.063297 2.092586 -0.573987 -1.094499
 14   7.002743 -0.617765 -0.183752 0.173931 -0.185947 -2.168903
 15   8.209042 0.615527 -0.255885 2.560696 0.102153 -0.345857
 16   7.002735 -0.617911 -0.183641 0.094748 -0.166026 -1.529327
 17   1.574674 0.609930 -0.000899 0.323783 -0.016227 0.119450
 18   -0.602177 0.511412 -0.000006 0.000000 0.000000 0.000000
 19   3.673773 0.177020 1.119313 -0.000002 -0.000014 -0.174510
 20   3.673767 0.176993 -1.117566 0.000007 -0.000003 -0.174546
 21   3.942357 1.330634 1.627658 0.000002 -0.000011 -0.000026
 22   -0.246060 -0.011889 0.516521 -0.000011 0.000031 0.000025
 23   3.942374 1.330659 -1.631083 0.000019 0.000002 -0.000024
 24   -0.246150 -0.011872 -0.516511 -0.000005 -0.000006 0.000048
 25   4.941364 1.997338 1.629330 0.000018 -0.000001 -0.000024
 26   4.941382 1.997366 -1.629410 -0.000001 0.000005 -0.000024
 27   2.918368 1.615358 1.514501 -0.000019 -0.000022 -0.000050
 28   2.920798 1.614964 -1.501142 -0.000002 -0.000009 -0.000024
 29   8.824059 0.150544 0.091743 0.000006 -0.000231 -0.174534
 30   2.111085 -0.561179 1.784320 -0.000008 -0.000682 0.000024
 31   2.121290 -0.561289 -1.853599 0.000000 0.000000 -0.000002
 32   -0.810489 -0.093824 3.127092 3.071592 -0.114878 1.239365
 33   14.298673 -0.408176 0.475484 0.000008 -0.000003 -1.896136
 34   15.835795 0.581398 0.242756 -0.214729 0.106889 -0.097869
 35   -0.815868 -0.091229 -3.114430 0.066464 3.132725 -1.010185
 36   14.294526 -0.410349 -0.463635 0.000021 -0.000024 -2.607695
 37   15.834409 0.579420 -0.284600 -0.006112 -0.035383 0.214458
 38   1.139685 -3.453749 -2.823813 0.000000 0.000000 0.000001
 39   -4.457742 -1.054854 -0.746180 0.000000 0.000000 0.000000
 40   1.118101 -3.449769 3.237290 0.000000 0.000001 0.000000
 41   -4.433840 -1.059130 0.959566 -0.000001 0.000000 0.000000
 42   -0.657468 1.697302 -2.688614 0.000000 0.000002 0.000000
 43   -0.664068 1.698578 2.869377 0.000000 0.000002 0.000000
time 18
  0   -0.967547 0.175787 -20.574476 0.000000 0.000000 -1.572114
  1   -1.093036 0.000002 -0.326057 -1.570757 -1.570379 -0.000171
  2   2.262337 0.113614 0.064702 0.143359 -0.012547 0.086999
  3   2.380047 0.353302 0.047440 0.194158 -0.028791 0.145471
  4   2.033756 0.190472 -0.000128 0.103619 0.014442 -0.138887
  5   2.451511 0.204909 -0.003447 0.000000 -0.000005 -0.017472
  6   7.247600 -0.397300 -0.109469 0.000001 0.000009 0.418409
  7   -2.022252 -0.104661 3.136172 -0.298879 -1.361862 -2.901749
  8   1.168026 -0.537438 -0.063437 -0.506895 1.380389 -0.297324
  9   6.790376 -0.619176 0.015206 -0.018910 0.384873 -1.260308
 10   8.637599 0.544015 -0.090417 -1.760068 0.253275 -0.699039
 11   6.790465 -0.619039 0.017802 0.040358 0.264102 -0.883781
 12   -2.022474 -0.104699 -2.873818 0.298873 1.361712 -2.901984
 13   1.167898 -0.537463 0.063297 2.001836 -0.608974 -1.098010
 14   7.002743 -0.617765 -0.183752 0.173931 -0.185947 -2.168903
 15   8.209042 0.615527 -0.255885 2.560696 0.102153 -0.345857
 16   7.002735 -0.617911 -0.183641 0.094748 -0.166026 -1.529327
 17   1.574674 0.609930 -0.000899 0.251357 -0.010973 0.105701
 18   -0.602177 0.511412 -0.000006 0.000000 0.000000 0.000000
 19   3.673773 0.177020 1.119313 -0.000002 -0.000014 -0.174510
 20   3.673767 0.176993 -1.117566 0.000007 -0.000003 -0.174546
 21   3.942357 1.330634 1.627658 0.000002 -0.000011 -0.000026
 22   -0.246060 -0.011889 0.516521 -0.000011 0.000031 0.000025
 23   3.942374 1.330659 -1.631083 0.000019 0.000002 -0.000024
 24   -0.246150 -0.011872 -0.516511 -0.000005 -0.000006 0.000048
 25   4.941364 1.997338 1.629330 0.000018 -0.000001 -0.000024
 26   4.941382 1.997366 -1.629410 -0.000001 0.000005 -0.000024
 27   2.918368 1.615358 1.514501 -0.000019 -0.000022 -0.000050
 28   2.920798 1.614964 -1.501142 -0.000002 -0.000009 -0.000024
 29   8.824059 0.150544 0.091743 0.000006 -0.000231 -0.174534
 30   2.111085 -0.561179 1.784320 -0.000008 -0.000682 0.000024
 31   2.121290 -0.561289 -1.853599 0.000000 0.000000 -0.000002
 32   -0.810489 -0.093824 3.127092 3.071592 -0.114878 1.239365
 33   14.298673 -0.408176 0.475484 0.000008 -0.000003 -1.896136
 34   15.835795 0.581398 0.242756 -0.214729 0.106889 -0.097869
 35   -0.815868 -0.091229 -3.114430 0.066464 3.132725 -1.010185
 36   14.294526 -0.410349 -0.463635 0.000021 -0.000024 -2.607695
 37   15.834409 0.579420 -0.284600 -0.006112 -0.035383 0.214458
 38   1.139685 -3.453749 -2.823813 0.000000 0.000000 0.000001
 39   -4.457742 -1.054854 -0.746180 0.000000 0.000000 0.000000
 40   1.118101 -3.449769 3.237290 0.000000 0.000001 0.000000
 41   -4.433840 -1.059130 0.959566 -0.000001 0.000000 0.000000
 42   -0.657468 1.697302 -2.688614 0.000000 0.000002 0.000000
 43   -0.664068 1.698578 2.869377 0.000000 0.000002 0.000000
time 19
  0   -0.967547 0.175787 -20.574476 0.000000 0.000000 -1.572114
  1   -1.093036 0.000002 -0.326057 -1.570757 -1.570379 -0.000171
  2   2.262337 0.113614 0.064702 0.127387 -0.011193 0.087234
  3   2.380047 0.353302 0.047440 0.172647 -0.025603 0.146022
  4   2.033756 0.190472 -0.000128 0.092111 0.012860 -0.139141
  5   2.451511 0.204909 -0.003447 0.000000 -0.000005 -0.017472
  6   7.247600 -0.397300 -0.109469 0.000001 0.000009 0.418409
  7   -2.022252 -0.104661 3.136172 -0.298879 -1.361862 -2.901749
  8   1.168026 -0.537438 -0.063437 -0.858798 1.355886 -0.665183
  9   6.790376 -0.619176 0.015206 -0.064348 0.459155 -1.302947
 10   8.637599 0.544015 -0.090417 -1.728277 0.226808 -0.661420
 11   6.790465 -0.619039 0.017802 0.022519 0.323084 -0.904602
 12   -2.022474 -0.104699 -2.873818 0.298873 1.361683 -2.901984
 13   1.167898 -0.537463 0.063297 1.908767 -0.644215 -1.097768
 14   7.002743 -0.617765 -0.183752 0.173931 -0.185947 -2.168903
 15   8.209042 0.615527 -0.255885 2.560696 0.102153 -0.345857
 16   7.002735 -0.617911 -0.183641 0.094748 -0.166026 -1.529327
 17   1.574674 0.609930 -0.000899 0.178850 -0.006713 0.091655
 18   -0.602177 0.511412 -0.000006 0.000000 0.000000 0.000000
 19   3.673773 0.177020 1.119313 -0.000002 -0.000014 -0.174510
 20   3.673767 0.176993 -1.117566 0.000007 -0.000003 -0.174546
 21   3.942357 1.330634 1.627658 0.000002 -0.000011 -0.000026
 22   -0.246060 -0.011889 0.516521 -0.000011 0.000031 0.000025
 23   3.942374 1.330659 -1.631083 0.000019 0.000002 -0.000024
 24   -0.246150 -0.011872 -0.516511 -0.000005 -0.000006 0.000048
 25   4.941364 1.997338 1.629330 0.000018 -0.000001 -0.000024
 26   4.941382 1.997366 -1.629410 -0.000001 0.000005 -0.000024
 27   2.918368 1.615358 1.514501 -0.000019 -0.000022 -0.000050
 28   2.920798 1.614964 -1.501142 -0.000002 -0.000009 -0.000024
 29   8.824059 0.150544 0.091743 0.000006 -0.000231 -0.174534
 30   2.111085 -0.561179 1.784320 -0.000008 -0.000682 0.000024
 31   2.121290 -0.561289 -1.853599 0.000000 0.000000 -0.000002
 32   -0.810489 -0.093824 3.127092 3.071592 -0.114878 1.239365
 33   14.298673 -0.408176 0.475484 0.000008 -0.000003 -1.896136
 34   15.835795 0.581398 0.242756 -0.214729 0.106889 -0.097869
 35   -0.815868 -0.091229 -3.114430 0.066464 3.132725 -1.010185
 36   14.294526 -0.410349 -0.463635 0.000021 -0.000024 -2.607695
 37   15.834409 0.579420 -0.284600 -0.006112 -0.035383 0.214458
 38   1.139685 -3.453749 -2.823813 0.000000 0.000000 0.000001
 39   -4.457742 -1.054854 -0.746180 0.000000 0.000000 0.000000
 40   1.118101 -3.449769 3.237290 0.000000 0.000001 0.000000
 41   -4.433840 -1.059130 0.959566 -0.000001 0.000000 0.000000
 42   -0.657468 1.697302 -2.688614 0.000000 0.000002 0.000000
 43   -0.664068 1.698578 2.869377 0.000000 0.000002 0.000000
time 20
  0   -0.967547 0.175787 -20.574476 0.000000 0.000000 -1.572114
  1   -1.093036 0.000002 -0.326057 -1.570757 -1.570379 -0.000171
  2   2.262337 0.113614 0.064702 0.111503 -0.009755 0.087306
  3   2.380047 0.353302 0.047440 0.150925 -0.022391 0.146573
  4   2.033756 0.190472 -0.000128 0.080584 0.011242 -0.139177
  5   2.451511 0.204909 -0.003447 0.000000 -0.000005 -0.017472
  6   7.247600 -0.397300 -0.109469 0.000001 0.000009 0.418409
  7   -2.022252 -0.104661 3.136172 -0.298879 -1.361862 -2.901749
  8   1.168026 -0.537438 -0.063437 -1.111034 1.310452 -0.933660
  9   6.790376 -0.619176 0.015206 -0.115334 0.531368 -1.351171
 10   8.637599 0.544015 -0.090417 -1.697190 0.199074 -0.624886
 11   6.790465 -0.619039 0.017802 0.002899 0.381640 -0.926749
 12   -2.022474 -0.104699 -2.873818 0.298873 1.361712 -2.901984
 13   1.167898 -0.537463 0.063297 1.813096 -0.679202 -1.093107
 14   7.002743 -0.617765 -0.183752 0.173931 -0.185947 -2.168903
 15   8.209042 0.615527 -0.255885 2.560696 0.102153 -0.345857
 16   7.002735 -0.617911 -0.183641 0.094748 -0.166026 -1.529327
 17   1.574674 0.609930 -0.000899 0.106344 -0.003495 0.077315
 18   -0.602177 0.511412 -0.000006 0.000000 0.000000 0.000000
 19   3.673773 0.177020 1.119313 -0.000002 -0.000014 -0.174510
 20   3.673767 0.176993 -1.117566 0.000007 -0.000003 -0.174546
 21   3.942357 1.330634 1.627658 0.000002 -0.000011 -0.000026
 22   -0.246060 -0.011889 0.516521 -0.000011 0.000031 0.000025
 23   3.942374 1.330659 -1.631083 0.000019 0.000002 -0.000024
 24   -0.246150 -0.011872 -0.516511 -0.000005 -0.000006 0.000048
 25   4.941364 1.997338 1.629330 0.000018 -0.000001 -0.000024
 26   4.941382 1.997366 -1.629410 -0.000001 0.000005 -0.000024
 27   2.918368 1.615358 1.514501 -0.000019 -0.000022 -0.000050
 28   2.920798 1.614964 -1.501142 -0.000002 -0.000009 -0.000024
 29   8.824059 0.150544 0.091743 0.000006 -0.000231 -0.174534
 30   2.111085 -0.561179 1.784320 -0.000008 -0.000682 0.000024
 31   2.121290 -0.561289 -1.853599 0.000000 0.000000 -0.000002
 32   -0.810489 -0.093824 3.127092 3.071592 -0.114878 1.239365
 33   14.298673 -0.408176 0.475484 0.000008 -0.000003 -1.896136
 34   15.835795 0.581398 0.242756 -0.214729 0.106889 -0.097869
 35   -0.815868 -0.091229 -3.114430 0.066464 3.132725 -1.010185
 36   14.294526 -0.410349 -0.463635 0.000021 -0.000024 -2.607695
 37   15.834409 0.579420 -0.284600 -0.006112 -0.035383 0.214458
 38   1.139685 -3.453749 -2.823813 0.000000 0.000000 0.000001
 39   -4.457742 -1.054854 -0.746180 0.000000 0.000000 0.000000
 40   1.118101 -3.449769 3.237290 0.000000 0.000001 0.000000
 41   -4.433840 -1.059130 0.959566 -0.000001 0.000000 0.000000
 42   -0.657468 1.697302 -2.688614 0.000000 0.000002 0.000000
 43   -0.664068 1.698578 2.869377 0.000000 0.000002 0.000000
time 21
  0   -0.967547 0.175787 -20.574476 0.000000 0.000000 -1.572114
  1   -1.093036 0.000002 -0.326057 -1.570757 -1.570379 -0.000171
  2   2.262337 0.113614 0.064702 0.095492 -0.008341 0.087505
  3   2.380047 0.353302 0.047440 0.129414 -0.019203 0.147022
  4   2.033756 0.190472 -0.000128 0.069076 0.009660 -0.139286
  5   2.451511 0.204909 -0.003447 0.000000 -0.000005 -0.017472
  6   7.247600 -0.397300 -0.109469 0.000001 0.000009 0.418409
  7   -2.022252 -0.104661 3.136172 -0.298879 -1.361862 -2.901749
  8   1.168026 -0.537438 -0.063437 -1.278284 1.252943 -1.117179
  9   6.790376 -0.619176 0.015206 -0.172755 0.601378 -1.406187
 10   8.637599 0.544015 -0.090417 -1.667688 0.170355 -0.589582
 11   6.790465 -0.619039 0.017802 -0.018385 0.440111 -0.950165
 12   -2.022474 -0.104699 -2.873818 0.298873 1.361683 -2.901984
 13   1.167898 -0.537463 0.063297 1.714403 -0.713579 -1.084087
 14   7.002743 -0.617765 -0.183752 0.173931 -0.185947 -2.168903
 15   8.209042 0.615527 -0.255885 2.560696 0.102153 -0.345857
 16   7.002735 -0.617911 -0.183641 0.094748 -0.166026 -1.529327
 17   1.574674 0.609930 -0.000899 0.033755 -0.001294 0.062937
 18   -0.602177 0.511412 -0.000006 0.000000 0.000000 0.000000
 19   3.673773 0.177020 1.119313 -0.000002 -0.000014 -0.174510
 20   3.673767 0.176993 -1.117566 0.000007 -0.000003 -0.174546
 21   3.942357 1.330634 1.627658 0.000002 -0.000011 -0.000026
 22   -0.246060 -0.011889 0.516521 -0.000011 0.000031 0.000025
 23   3.942374 1.330659 -1.631083 0.000019 0.000002 -0.000024
 24   -0.246150 -0.011872 -0.516511 -0.000005 -0.000006 0.000048
 25   4.941364 1.997338 1.629330 0.000018 -0.000001 -0.000024
 26   4.941382 1.997366 -1.629410 -0.000001 0.000005 -0.000024
 27   2.918368 1.615358 1.514501 -0.000019 -0.000022 -0.000050
 28   2.920798 1.614964 -1.501142 -0.000002 -0.000009 -0.000024
 29   8.824059 0.150544 0.091743 0.000006 -0.000231 -0.174534
 30   2.111085 -0.561179 1.784320 -0.000008 -0.000682 0.000024
 31   2.121290 -0.561289 -1.853599 0.000000 0.000000 -0.000002
 32   -0.810489 -0.093824 3.127092 3.071592 -0.114878 1.239365
 33   14.298673 -0.408176 0.475484 0.000008 -0.000003 -1.896136
 34   15.835795 0.581398 0.242756 -0.214729 0.106889 -0.097869
 35   -0.815868 -0.091229 -3.114430 0.066464 3.132725 -1.010185
 36   14.294526 -0.410349 -0.463635 0.000021 -0.000024 -2.607695
 37   15.834409 0.579420 -0.284600 -0.006112 -0.035383 0.214458
 38   1.139685 -3.453749 -2.823813 0.000000 0.000000 0.000001
 39   -4.457742 -1.054854 -0.746180 0.000000 0.000000 0.000000
 40   1.118101 -3.449769 3.237290 0.000000 0.000001 0.000000
 41   -4.433840 -1.059130 0.959566 -0.000001 0.000000 0.000000
 42   -0.657468 1.697302 -2.688614 0.000000 0.000002 0.000000
 43   -0.664068 1.698578 2.869377 0.000000 0.000002 0.000000
time 22
  0   -0.967547 0.175787 -20.574476 0.000000 0.000000 -1.572114
  1   -1.093036 0.000002 -0.326057 -1.570757 -1.570379 -0.000171
  2   2.262337 0.113614 0.064702 0.079621 -0.006962 0.087577
  3   2.380047 0.353302 0.047440 0.107812 -0.016016 0.147430
  4   2.033756 0.190472 -0.000128 0.057568 0.008054 -0.139431
  5   2.451511 0.204909 -0.003447 0.000000 -0.000005 -0.017472
  6   7.247600 -0.397300 -0.109469 0.000001 0.000009 0.418409
  7   -2.022252 -0.104661 3.136172 -0.298879 -1.361862 -2.901749
  8   1.168026 -0.537438 -0.063437 -1.389531 1.188792 -1.244775
  9   6.790376 -0.619176 0.015206 -0.237944 0.668252 -1.468674
 10   8.637599 0.544015 -0.090417 -1.639683 0.140580 -0.555074
 11   6.790465 -0.619039 0.017802 -0.042093 0.498098 -0.974965
 12   -2.022474 -0.104699 -2.873818 0.298873 1.361683 -2.901984
 13   1.167898 -0.537463 0.063297 1.612125 -0.747142 -1.070043
 14   7.002743 -0.617765 -0.183752 0.173931 -0.185947 -2.168903
 15   8.209042 0.615527 -0.255885 2.560696 0.102153 -0.345857
 16   7.002735 -0.617911 -0.183641 0.094748 -0.166026 -1.529327
 17   1.574674 0.609930 -0.000899 -0.038467 -0.000158 0.048152
 18   -0.602177 0.511412 -0.000006 0.000000 0.000000 0.000000
 19   3.673773 0.177020 1.119313 -0.000002 -0.000014 -0.174510
 20   3.673767 0.176993 -1.117566 0.000007 -0.000003 -0.174546
 21   3.942357 1.330634 1.627658 0.000002 -0.000011 -0.000026
 22   -0.246060 -0.011889 0.516521 -0.000011 0.000031 0.000025
 23   3.942374 1.330659 -1.631083 0.000019 0.000002 -0.000024
 24   -0.246150 -0.011872 -0.516511 -0.000005 -0.000006 0.000048
 25   4.941364 1.997338 1.629330 0.000018 -0.000001 -0.000024
 26   4.941382 1.997366 -1.629410 -0.000001 0.000005 -0.000024
 27   2.918368 1.615358 1.514501 -0.000019 -0.000022 -0.000050
 28   2.920798 1.614964 -1.501142 -0.000002 -0.000009 -0.000024
 29   8.824059 0.150544 0.091743 0.000006 -0.000231 -0.174534
 30   2.111085 -0.561179 1.784320 -0.000008 -0.000682 0.000024
 31   2.121290 -0.561289 -1.853599 0.000000 0.000000 -0.000002
 32   -0.810489 -0.093824 3.127092 3.071592 -0.114878 1.239365
 33   14.298673 -0.408176 0.475484 0.000008 -0.000003 -1.896136
 34   15.835795 0.581398 0.242756 -0.214729 0.106889 -0.097869
 35   -0.815868 -0.091229 -3.114430 0.066464 3.132725 -1.010185
 36   14.294526 -0.410349 -0.463635 0.000021 -0.000024 -2.607695
 37   15.834409 0.579420 -0.284600 -0.006112 -0.035383 0.214458
 38   1.139685 -3.453749 -2.823813 0.000000 0.000000 0.000001
 39   -4.457742 -1.054854 -0.746180 0.000000 0.000000 0.000000
 40   1.118101 -3.449769 3.237290 0.000000 0.000001 0.000000
 41   -4.433840 -1.059130 0.959566 -0.000001 0.000000 0.000000
 42   -0.657468 1.697302 -2.688614 0.000000 0.000002 0.000000
 43   -0.664068 1.698578 2.869377 0.000000 0.000002 0.000000
time 23
  0   -0.967547 0.175787 -20.574476 0.000000 0.000000 -1.572114
  1   -1.093036 0.000002 -0.326057 -1.570757 -1.570379 -0.000171
  2   2.262337 0.113614 0.064702 0.063661 -0.005560 0.087740
  3   2.380047 0.353302 0.047440 0.086301 -0.012828 0.147736
  4   2.033756 0.190472 -0.000128 0.046023 0.006436 -0.139576
  5   2.451511 0.204909 -0.003447 0.000000 -0.000005 -0.017472
  6   7.247600 -0.397300 -0.109469 0.000001 0.000009 0.418409
  7   -2.022252 -0.104661 3.136172 -0.298879 -1.361862 -2.901749
  8   1.168026 -0.537438 -0.063437 -1.466164 1.121069 -1.337831
  9   6.790376 -0.619176 0.015206 -0.312342 0.731655 -1.540670
 10   8.637599 0.544015 -0.090417 -1.612912 0.109749 -0.521868
 11   6.790465 -0.619039 0.017802 -0.068223 0.555858 -1.001841
 12   -2.022474 -0.104699 -2.873818 0.298873 1.361712 -2.901984
 13   1.167898 -0.537463 0.063297 1.506051 -0.779382 -1.050914
 14   7.002743 -0.617765 -0.183752 0.173931 -0.185947 -2.168903
 15   8.209042 0.615527 -0.255885 2.560696 0.102153 -0.345857
 16   7.002735 -0.617911 -0.183641 0.094748 -0.166026 -1.529327
 17   1.574674 0.609930 -0.000899 -0.110934 -0.000087 0.033405
 18   -0.602177 0.511412 -0.000006 0.000000 0.000000 0.000000
 19   3.673773 0.177020 1.119313 -0.000002 -0.000014 -0.174510
 20   3.673767 0.176993 -1.117566 0.000007 -0.000003 -0.174546
 21   3.942357 1.330634 1.627658 0.000002 -0.000011 -0.000026
 22   -0.246060 -0.011889 0.516521 -0.000011 0.000031 0.000025
 23   3.942374 1.330659 -1.631083 0.000019 0.000002 -0.000024
 24   -0.246150 -0.011872 -0.516511 -0.000005 -0.000006 0.000048
 25   4.941364 1.997338 1.629330 0.000018 -0.000001 -0.000024
 26   4.941382 1.997366 -1.629410 -0.000001 0.000005 -0.000024
 27   2.918368 1.615358 1.514501 -0.000019 -0.000022 -0.000050
 28   2.920798 1.614964 -1.501142 -0.000002 -0.000009 -0.000024
 29   8.824059 0.150544 0.091743 0.000006 -0.000231 -0.174534
 30   2.111085 -0.561179 1.784320 -0.000008 -0.000682 0.000024
 31   2.121290 -0.561289 -1.853599 0.000000 0.000000 -0.000002
 32   -0.810489 -0.093824 3.127092 3.071592 -0.114878 1.239365
 33   14.298673 -0.408176 0.475484 0.000008 -0.000003 -1.896136
 34   15.835795 0.581398 0.242756 -0.214729 0.106889 -0.097869
 35   -0.815868 -0.091229 -3.114430 0.066464 3.132725 -1.010185
 36   14.294526 -0.410349 -0.463635 0.000021 -0.000024 -2.607695
 37   15.834409 0.579420 -0.284600 -0.006112 -0.035383 0.214458
 38   1.139685 -3.453749 -2.823813 0.000000 0.000000 0.000001
 39   -4.457742 -1.054854 -0.746180 0.000000 0.000000 0.000000
 40   1.118101 -3.449769 3.237290 0.000000 0.000001 0.000000
 41   -4.433840 -1.059130 0.959566 -0.000001 0.000000 0.000000
 42   -0.657468 1.697302 -2.688614 0.000000 0.000002 0.000000
 43   -0.664068 1.698578 2.869377 0.000000 0.000002 0.000000
time 24
  0   -0.967547 0.175787 -20.574476 0.000000 0.000000 -1.572114
  1   -1.093036 0.000002 -0.326057 -1.570757 -1.570379 -0.000171
  2   2.262337 0.113614 0.064702 0.047739 -0.004182 0.087794
  3   2.380047 0.353302 0.047440 0.064654 -0.009640 0.147981
  4   2.033756 0.190472 -0.000128 0.034533 0.004818 -0.139576
  5   2.451511 0.204909 -0.003447 0.000000 -0.000005 -0.017472
  6   7.247600 -0.397300 -0.109469 0.000001 0.000009 0.418409
  7   -2.022252 -0.104661 3.136172 -0.298879 -1.361862 -2.901749
  8   1.168026 -0.537438 -0.063437 -1.520142 1.051082 -1.408936
  9   6.790376 -0.619176 0.015206 -0.397226 0.790253 -1.623382
 10   8.637599 0.544015 -0.090417 -1.586492 0.078214 -0.489530
 11   6.790465 -0.619039 0.017802 -0.097244 0.612993 -1.031256
 12   -2.022474 -0.104699 -2.873818 0.298873 1.361683 -2.901984
 13   1.167898 -0.537463 0.063297 1.395619 -0.810047 -1.026337
 14   7.002743 -0.617765 -0.183752 0.173931 -0.185947 -2.168903
 15   8.209042 0.615527 -0.255885 2.560696 0.102153 -0.345857
 16   7.002735 -0.617911 -0.183641 0.094748 -0.166026 -1.529327
 17   1.574674 0.609930 -0.000899 -0.183562 -0.001081 0.018694
 18   -0.602177 0.511412 -0.000006 0.000000 0.000000 0.000000
 19   3.673773 0.177020 1.119313 -0.000002 -0.000014 -0.174510
 20   3.673767 0.176993 -1.117566 0.000007 -0.000003 -0.174546
 21   3.942357 1.330634 1.627658 0.000002 -0.000011 -0.000026
 22   -0.246060 -0.011889 0.516521 -0.000011 0.000031 0.000025
 23   3.942374 1.330659 -1.631083 0.000019 0.000002 -0.000024
 24   -0.246150 -0.011872 -0.516511 -0.000005 -0.000006 0.000048
 25   4.941364 1.997338 1.629330 0.000018 -0.000001 -0.000024
 26   4.941382 1.997366 -1.629410 -0.000001 0.000005 -0.000024
 27   2.918368 1.615358 1.514501 -0.000019 -0.000022 -0.000050
 28   2.920798 1.614964 -1.501142 -0.000002 -0.000009 -0.000024
 29   8.824059 0.150544 0.091743 0.000006 -0.000231 -0.174534
 30   2.111085 -0.561179 1.784320 -0.000008 -0.000682 0.000024
 31   2.121290 -0.561289 -1.853599 0.000000 0.000000 -0.000002
 32   -0.810489 -0.093824 3.127092 3.071592 -0.114878 1.239365
 33   14.298673 -0.408176 0.475484 0.000008 -0.000003 -1.896136
 34   15.835795 0.581398 0.242756 -0.214729 0.106889 -0.097869
 35   -0.815868 -0.091229 -3.114430 0.066464 3.132725 -1.010185
 36   14.294526 -0.410349 -0.463635 0.000021 -0.000024 -2.607695
 37   15.834409 0.579420 -0.284600 -0.006112 -0.035383 0.214458
 38   1.139685 -3.453749 -2.823813 0.000000 0.000000 0.000001
 39   -4.457742 -1.054854 -0.746180 0.000000 0.000000 0.000000
 40   1.118101 -3.449769 3.237290 0.000000 0.000001 0.000000
 41   -4.433840 -1.059130 0.959566 -0.000001 0.000000 0.000000
 42   -0.657468 1.697302 -2.688614 0.000000 0.000002 0.000000
 43   -0.664068 1.698578 2.869377 0.000000 0.000002 0.000000
time 25
  0   -0.967547 0.175787 -20.574476 0.000000 0.000000 -1.572114
  1   -1.093036 0.000002 -0.326057 -1.570757 -1.570379 -0.000171
  2   2.262337 0.113614 0.064702 0.031779 -0.002744 0.087812
  3   2.380047 0.353302 0.047440 0.043083 -0.006428 0.148124
  4   2.033756 0.190472 -0.000128 0.022988 0.003200 -0.139576
  5   2.451511 0.204909 -0.003447 0.000000 -0.000005 -0.017472
  6   7.247600 -0.397300 -0.109469 0.000001 0.000009 0.418409
  7   -2.022252 -0.104661 3.136172 -0.298879 -1.361862 -2.901749
  8   1.168026 -0.537438 -0.063437 -1.559376 0.979535 -1.465364
  9   6.790376 -0.619176 0.015206 -0.494537 0.843378 -1.718471
 10   8.637599 0.544015 -0.090417 -1.561922 0.045905 -0.458060
 11   6.790465 -0.619039 0.017802 -0.129623 0.669616 -1.063381
 12   -2.022474 -0.104699 -2.873818 0.298873 1.361683 -2.901984
 13   1.167898 -0.537463 0.063297 1.280407 -0.838626 -0.995888
 14   7.002743 -0.617765 -0.183752 0.173931 -0.185947 -2.168903
 15   8.209042 0.615527 -0.255885 2.560696 0.102153 -0.345857
 16   7.002735 -0.617911 -0.183641 0.094748 -0.166026 -1.529327
 17   1.574674 0.609930 -0.000899 -0.256069 -0.003140 0.004058
 18   -0.602177 0.511412 -0.000006 0.000000 0.000000 0.000000
 19   3.673773 0.177020 1.119313 -0.000002 -0.000014 -0.174510
 20   3.673767 0.176993 -1.117566 0.000007 -0.000003 -0.174546
 21   3.942357 1.330634 1.627658 0.000002 -0.000011 -0.000026
 22   -0.246060 -0.011889 0.516521 -0.000011 0.000031 0.000025
 23   3.942374 1.330659 -1.631083 0.000019 0.000002 -0.000024
 24   -0.246150 -0.011872 -0.516511 -0.000005 -0.000006 0.000048
 25   4.941364 1.997338 1.629330 0.000018 -0.000001 -0.000024
 26   4.941382 1.997366 -1.629410 -0.000001 0.000005 -0.000024
 27   2.918368 1.615358 1.514501 -0.000019 -0.000022 -0.000050
 28   2.920798 1.614964 -1.501142 -0.000002 -0.000009 -0.000024
 29   8.824059 0.150544 0.091743 0.000006 -0.000231 -0.174534
 30   2.111085 -0.561179 1.784320 -0.000008 -0.000682 0.000024
 31   2.121290 -0.561289 -1.853599 0.000000 0.000000 -0.000002
 32   -0.810489 -0.093824 3.127092 3.071592 -0.114878 1.239365
 33   14.298673 -0.408176 0.475484 0.000008 -0.000003 -1.896136
 34   15.835795 0.581398 0.242756 -0.214729 0.106889 -0.097869
 35   -0.815868 -0.091229 -3.114430 0.066464 3.132725 -1.010185
 36   14.294526 -0.410349 -0.463635 0.000021 -0.000024 -2.607695
 37   15.834409 0.579420 -0.284600 -0.006112 -0.035383 0.214458
 38   1.139685 -3.453749 -2.823813 0.000000 0.000000 0.000001
 39   -4.457742 -1.054854 -0.746180 0.000000 0.000000 0.000000
 40   1.118101 -3.449769 3.237290 0.000000 0.000001 0.000000
 41   -4.433840 -1.059130 0.959566 -0.000001 0.000000 0.000000
 42   -0.657468 1.697302 -2.688614 0.000000 0.000002 0.000000
 43   -0.664068 1.698578 2.869377 0.000000 0.000002 0.000000
time 26
  0   -0.967547 0.175787 -20.574476 0.000000 0.000000 -1.572114
  1   -1.093036 0.000002 -0.326057 -1.570757 -1.570379 -0.000171
  2   2.262337 0.113614 0.064702 0.015870 -0.001342 0.087848
  3   2.380047 0.353302 0.047440 0.021436 -0.003204 0.148226
  4   2.033756 0.190472 -0.000128 0.011480 0.001546 -0.139576
  5   2.451511 0.204909 -0.003447 0.000000 -0.000005 -0.017472
  6   7.247600 -0.397300 -0.109469 0.000001 0.000009 0.418409
  7   -2.022252 -0.104661 3.136172 -0.298879 -1.361862 -2.901749
  8   1.168026 -0.537438 -0.063437 -1.588232 0.907032 -1.511734
  9   6.790376 -0.619176 0.015206 -0.605108 0.889228 -1.826616
 10   8.637599 0.544015 -0.090417 -1.537440 0.013173 -0.427386
 11   6.790465 -0.619039 0.017802 -0.165914 0.725443 -1.098851
 12   -2.022474 -0.104699 -2.873818 0.298873 1.361683 -2.901984
 13   1.167898 -0.537463 0.063297 1.160485 -0.864460 -0.959870
 14   7.002743 -0.617765 -0.183752 0.173931 -0.185947 -2.168903
 15   8.209042 0.615527 -0.255885 2.560696 0.102153 -0.345857
 16   7.002735 -0.617911 -0.183641 0.094748 -0.166026 -1.529327
 17   1.574674 0.609930 -0.000899 -0.328576 -0.006264 -0.010283
 18   -0.602177 0.511412 -0.000006 0.000000 0.000000 0.000000
 19   3.673773 0.177020 1.119313 -0.000002 -0.000014 -0.174510
 20   3.673767 0.176993 -1.117566 0.000007 -0.000003 -0.174546
 21   3.942357 1.330634 1.627658 0.000002 -0.000011 -0.000026
 22   -0.246060 -0.011889 0.516521 -0.000011 0.000031 0.000025
 23   3.942374 1.330659 -1.631083 0.000019 0.000002 -0.000024
 24   -0.246150 -0.011872 -0.516511 -0.000005 -0.000006 0.000048
 25   4.941364 1.997338 1.629330 0.000018 -0.000001 -0.000024
 26   4.941382 1.997366 -1.629410 -0.000001 0.000005 -0.000024
 27   2.918368 1.615358 1.514501 -0.000019 -0.000022 -0.000050
 28   2.920798 1.614964 -1.501142 -0.000002 -0.000009 -0.000024
 29   8.824059 0.150544 0.091743 0.000006 -0.000231 -0.174534
 30   2.111085 -0.561179 1.784320 -0.000008 -0.000682 0.000024
 31   2.121290 -0.561289 -1.853599 0.000000 0.000000 -0.000002
 32   -0.810489 -0.093824 3.127092 3.071592 -0.114878 1.239365
 33   14.298673 -0.408176 0.475484 0.000008 -0.000003 -1.896136
 34   15.835795 0.581398 0.242756 -0.214729 0.106889 -0.097869
 35   -0.815868 -0.091229 -3.114430 0.066464 3.132725 -1.010185
 36   14.294526 -0.410349 -0.463635 0.000021 -0.000024 -2.607695
 37   15.834409 0.579420 -0.284600 -0.006112 -0.035383 0.214458
 38   1.139685 -3.453749 -2.823813 0.000000 0.000000 0.000001
 39   -4.457742 -1.054854 -0.746180 0.000000 0.000000 0.000000
 40   1.118101 -3.449769 3.237290 0.000000 0.000001 0.000000
 41   -4.433840 -1.059130 0.959566 -0.000001 0.000000 0.000000
 42   -0.657468 1.697302 -2.688614 0.000000 0.000002 0.000000
 43   -0.664068 1.698578 2.869377 0.000000 0.000002 0.000000
time 27
  0   -0.967547 0.175787 -20.574476 0.000000 0.000000 -1.572114
  1   -1.093036 0.000002 -0.326057 -1.570757 -1.570379 -0.000171
  2   2.262337 0.113614 0.064702 -0.000052 0.000061 0.087848
  3   2.380047 0.353302 0.047440 0.000000 -0.000040 0.148287
  4   2.033756 0.190472 -0.000128 -0.000010 0.000024 -0.139576
  5   2.451511 0.204909 -0.003447 0.000000 -0.000005 -0.017472
  6   7.247600 -0.397300 -0.109469 0.000001 0.000009 0.418409
  7   -2.022252 -0.104661 3.136172 -0.298879 -1.361862 -2.901749
  8   1.168026 -0.537438 -0.063437 -1.609874 0.834026 -1.551398
  9   6.790376 -0.619176 0.015206 -0.729327 0.926670 -1.948647
 10   8.637599 0.544015 -0.090417 -1.514543 -0.020544 -0.397291
 11   6.790465 -0.619039 0.017802 -0.206818 0.780474 -1.138531
 12   -2.022474 -0.104699 -2.873818 0.298873 1.361712 -2.901984
 13   1.167898 -0.537463 0.063297 1.035362 -0.887343 -0.918101
 14   7.002743 -0.617765 -0.183752 0.173931 -0.185947 -2.168903
 15   8.209042 0.615527 -0.255885 2.560696 0.102153 -0.345857
 16   7.002735 -0.617911 -0.183641 0.094748 -0.166026 -1.529327
 17   1.574674 0.609930 -0.000899 -0.401083 -0.010405 -0.024439
 18   -0.602177 0.511412 -0.000006 0.000000 0.000000 0.000000
 19   3.673773 0.177020 1.119313 -0.000002 -0.000014 -0.174510
 20   3.673767 0.176993 -1.117566 0.000007 -0.000003 -0.174546
 21   3.942357 1.330634 1.627658 0.000002 -0.000011 -0.000026
 22   -0.246060 -0.011889 0.516521 -0.000011 0.000031 0.000025
 23   3.942374 1.330659 -1.631083 0.000019 0.000002 -0.000024
 24   -0.246150 -0.011872 -0.516511 -0.000005 -0.000006 0.000048
 25   4.941364 1.997338 1.629330 0.000018 -0.000001 -0.000024
 26   4.941382 1.997366 -1.629410 -0.000001 0.000005 -0.000024
 27   2.918368 1.615358 1.514501 -0.000019 -0.000022 -0.000050
 28   2.920798 1.614964 -1.501142 -0.000002 -0.000009 -0.000024
 29   8.824059 0.150544 0.091743 0.000006 -0.000231 -0.174534
 30   2.111085 -0.561179 1.784320 -0.000008 -0.000682 0.000024
 31   2.121290 -0.561289 -1.853599 0.000000 0.000000 -0.000002
 32   -0.810489 -0.093824 3.127092 3.071592 -0.114878 1.239365
 33   14.298673 -0.408176 0.475484 0.000008 -0.000003 -1.896136
 34   15.835795 0.581398 0.242756 -0.214729 0.106889 -0.097869
 35   -0.815868 -0.091229 -3.114430 0.066464 3.132725 -1.010185
 36   14.294526 -0.410349 -0.463635 0.000021 -0.000024 -2.607695
 37   15.834409 0.579420 -0.284600 -0.006112 -0.035383 0.214458
 38   1.139685 -3.453749 -2.823813 0.000000 0.000000 0.000001
 39   -4.457742 -1.054854 -0.746180 0.000000 0.000000 0.000000
 40   1.118101 -3.449769 3.237290 0.000000 0.000001 0.000000
 41   -4.433840 -1.059130 0.959566 -0.000001 0.000000 0.000000
 42   -0.657468 1.697302 -2.688614 0.000000 0.000002 0.000000
 43   -0.664068 1.698578 2.869377 0.000000 0.000002 0.000000
time 28
  0   -0.967547 0.175787 -20.574476 0.000000 0.000000 -1.572114
  1   -1.093036 0.000002 -0.326057 -1.570757 -1.570379 -0.000171
  2   2.262337 0.113614 0.064702 -0.000052 0.000061 0.087848
  3   2.380047 0.353302 0.047440 0.000000 -0.000040 0.148287
  4   2.033756 0.190472 -0.000128 -0.000010 0.000024 -0.139576
  5   2.451511 0.204909 -0.003447 0.000000 -0.000005 -0.017472
  6   7.247600 -0.397300 -0.109469 0.000001 0.000009 0.418409
  7   -2.022252 -0.104661 3.136172 -0.298879 -1.361862 -2.901749
  8   1.168026 -0.537438 -0.063437 -1.590700 0.638203 -1.633953
  9   6.790376 -0.619176 0.015206 -0.419418 0.969851 -1.802542
 10   8.637599 0.544015 -0.090417 -1.285398 -0.000694 -0.370813
 11   6.790465 -0.619039 0.017802 -0.011787 0.744687 -1.071974
 12   -2.022474 -0.104699 -2.873818 0.298873 1.361712 -2.901984
 13   1.167898 -0.537463 0.063297 1.126814 -0.801910 -0.986505
 14   7.002743 -0.617765 -0.183752 0.173931 -0.185947 -2.116512
 15   8.209042 0.615527 -0.255885 2.371161 0.132719 -0.265453
 16   7.002735 -0.617911 -0.183641 0.095878 -0.164729 -1.492679
 17   1.574674 0.609930 -0.000899 -0.401083 -0.010405 -0.133548
 18   -0.602177 0.511412 -0.000006 0.000000 0.000000 0.000000
 19   3.673773 0.177020 1.119313 -0.000002 -0.000014 -0.174510
 20   3.673767 0.176993 -1.117566 0.000007 -0.000003 -0.174546
 21   3.942357 1.330634 1.627658 0.000002 -0.000011 -0.000026
 22   -0.246060 -0.011889 0.516521 -0.000011 0.000031 0.000025
 23   3.942374 1.330659 -1.631083 0.000019 0.000002 -0.000024
 24   -0.246150 -0.011872 -0.516511 -0.000005 -0.000006 0.000048
 25   4.941364 1.997338 1.629330 0.000018 -0.000001 -0.000024
 26   4.941382 1.997366 -1.629410 -0.000001 0.000005 -0.000024
 27   2.918368 1.615358 1.514501 -0.000019 -0.000022 -0.000050
 28   2.920798 1.614964 -1.501142 -0.000002 -0.000009 -0.000024
 29   8.824059 0.150544 0.091743 0.000006 -0.000231 -0.174534
 30   2.111085 -0.561179 1.784320 -0.000008 -0.000682 0.000024
 31   2.121290 -0.561289 -1.853599 0.000000 0.000000 -0.000002
 32   -0.810489 -0.093824 3.127092 3.071592 -0.114878 1.239365
 33   14.298673 -0.408176 0.475484 0.000008 -0.000003 -1.896136
 34   15.835795 0.581398 0.242756 -0.214729 0.106889 -0.097869
 35   -0.815868 -0.091229 -3.114430 0.066464 3.132725 -1.010185
 36   14.294526 -0.410349 -0.463635 0.000021 -0.000024 -2.607695
 37   15.834409 0.579420 -0.284600 -0.006112 -0.035383 0.214458
 38   1.139685 -3.453749 -2.823813 0.000000 0.000000 0.000001
 39   -4.457742 -1.054854 -0.746180 0.000000 0.000000 0.000000
 40   1.118101 -3.449769 3.237290 0.000000 0.000001 0.000000
 41   -4.433840 -1.059130 0.959566 -0.000001 0.000000 0.000000
 42   -0.657468 1.697302 -2.688614 0.000000 0.000002 0.000000
 43   -0.664068 1.698578 2.869377 0.000000 0.000002 0.000000
time 29
  0   -0.967547 0.175787 -20.574476 0.000000 0.000000 -1.572114
  1   -1.093036 0.000002 -0.326057 -1.570757 -1.570379 -0.000171
  2   2.262337 0.113614 0.064702 -0.000052 0.000061 0.087848
  3   2.380047 0.353302 0.047440 0.000000 -0.000040 0.148287
  4   2.033756 0.190472 -0.000128 -0.000010 0.000024 -0.139576
  5   2.451511 0.204909 -0.003447 0.000000 -0.000005 -0.017472
  6   7.247600 -0.397300 -0.109469 0.000001 0.000009 0.418409
  7   -2.022252 -0.104661 3.136172 -0.298879 -1.361862 -2.901749
  8   1.168026 -0.537438 -0.063437 -1.555959 0.444442 -1.711194
  9   6.790376 -0.619176 0.015206 -0.088426 0.983733 -1.633872
 10   8.637599 0.544015 -0.090417 -1.055813 0.012469 -0.340356
 11   6.790465 -0.619039 0.017802 0.173668 0.697558 -1.013319
 12   -2.022474 -0.104699 -2.873818 0.298873 1.361712 -2.901984
 13   1.167898 -0.537463 0.063297 1.203084 -0.712867 -1.038928
 14   7.002743 -0.617765 -0.183752 0.173931 -0.185947 -2.064039
 15   8.209042 0.615527 -0.255885 2.183494 0.177737 -0.191845
 16   7.002735 -0.617911 -0.183641 0.096913 -0.163545 -1.456086
 17   1.574674 0.609930 -0.000899 -0.401083 -0.010405 -0.242620
 18   -0.602177 0.511412 -0.000006 0.000000 0.000000 0.000000
 19   3.673773 0.177020 1.119313 -0.000002 -0.000014 -0.174510
 20   3.673767 0.176993 -1.117566 0.000007 -0.000003 -0.174546
 21   3.942357 1.330634 1.627658 0.000002 -0.000011 -0.000026
 22   -0.246060 -0.011889 0.516521 -0.000011 0.000031 0.000025
 23   3.942374 1.330659 -1.631083 0.000019 0.000002 -0.000024
 24   -0.246150 -0.011872 -0.516511 -0.000005 -0.000006 0.000048
 25   4.941364 1.997338 1.629330 0.000018 -0.000001 -0.000024
 26   4.941382 1.997366 -1.629410 -0.000001 0.000005 -0.000024
 27   2.918368 1.615358 1.514501 -0.000019 -0.000022 -0.000050
 28   2.920798 1.614964 -1.501142 -0.000002 -0.000009 -0.000024
 29   8.824059 0.150544 0.091743 0.000006 -0.000231 -0.174534
 30   2.111085 -0.561179 1.784320 -0.000008 -0.000682 0.000024
 31   2.121290 -0.561289 -1.853599 0.000000 0.000000 -0.000002
 32   -0.810489 -0.093824 3.127092 3.071592 -0.114878 1.239365
 33   14.298673 -0.408176 0.475484 0.000008 -0.000003 -1.896136
 34   15.835795 0.581398 0.242756 -0.214729 0.106889 -0.097869
 35   -0.815868 -0.091229 -3.114430 0.066464 3.132725 -1.010185
 36   14.294526 -0.410349 -0.463635 0.000021 -0.000024 -2.607695
 37   15.834409 0.579420 -0.284600 -0.006112 -0.035383 0.214458
 38   1.139685 -3.453749 -2.823813 0.000000 0.000000 0.000001
 39   -4.457742 -1.054854 -0.746180 0.000000 0.000000 0.000000
 40   1.118101 -3.449769 3.237290 0.000000 0.000001 0.000000
 41   -4.433840 -1.059130 0.959566 -0.000001 0.000000 0.000000
 42   -0.657468 1.697302 -2.688614 0.000000 0.000002 0.000000
 43   -0.664068 1.698578 2.869377 0.000000 0.000002 0.000000
time 30
  0   -0.967547 0.175787 -20.574476 0.000000 0.000000 -1.572114
  1   -1.093036 0.000002 -0.326057 -1.570757 -1.570379 -0.000171
  2   2.262337 0.113614 0.064702 -0.000052 0.000061 0.087848
  3   2.380047 0.353302 0.047440 0.000000 -0.000040 0.148287
  4   2.033756 0.190472 -0.000128 -0.000010 0.000024 -0.139576
  5   2.451511 0.204909 -0.003447 0.000000 -0.000005 -0.017472
  6   7.247600 -0.397300 -0.109469 0.000001 0.000009 0.418409
  7   -2.022252 -0.104661 3.136172 -0.298879 -1.361862 -2.901749
  8   1.168026 -0.537438 -0.063437 -1.508435 0.253449 -1.790396
  9   6.790376 -0.619176 0.015206 0.240846 0.966247 -1.466410
 10   8.637599 0.544015 -0.090417 -0.825788 0.018452 -0.307729
 11   6.790465 -0.619039 0.017802 0.348466 0.639883 -0.964872
 12   -2.022474 -0.104699 -2.873818 0.298873 1.361712 -2.901984
 13   1.167898 -0.537463 0.063297 1.268176 -0.621586 -1.079426
 14   7.002743 -0.617765 -0.183752 0.173931 -0.185947 -2.011648
 15   8.209042 0.615527 -0.255885 1.997769 0.235389 -0.127618
 16   7.002735 -0.617911 -0.183641 0.097996 -0.162417 -1.419659
 17   1.574674 0.609930 -0.000899 -0.401083 -0.010405 -0.351655
 18   -0.602177 0.511412 -0.000006 0.000000 0.000000 0.000000
 19   3.673773 0.177020 1.119313 -0.000002 -0.000014 -0.174510
 20   3.673767 0.176993 -1.117566 0.000007 -0.000003 -0.174546
 21   3.942357 1.330634 1.627658 0.000002 -0.000011 -0.000026
 22   -0.246060 -0.011889 0.516521 -0.000011 0.000031 0.000025
 23   3.942374 1.330659 -1.631083 0.000019 0.000002 -0.000024
 24   -0.246150 -0.011872 -0.516511 -0.000005 -0.000006 0.000048
 25   4.941364 1.997338 1.629330 0.000018 -0.000001 -0.000024
 26   4.941382 1.997366 -1.629410 -0.000001 0.000005 -0.000024
 27   2.918368 1.615358 1.514501 -0.000019 -0.000022 -0.000050
 28   2.920798 1.614964 -1.501142 -0.000002 -0.000009 -0.000024
 29   8.824059 0.150544 0.091743 0.000006 -0.000231 -0.174534
 30   2.111085 -0.561179 1.784320 -0.000008 -0.000682 0.000024
 31   2.121290 -0.561289 -1.853599 0.000000 0.000000 -0.000002
 32   -0.810489 -0.093824 3.127092 3.071592 -0.114878 1.239365
 33   14.298673 -0.408176 0.475484 0.000008 -0.000003 -1.896136
 34   15.835795 0.581398 0.242756 -0.214729 0.106889 -0.097869
 35   -0.815868 -0.091229 -3.114430 0.066464 3.132725 -1.010185
 36   14.294526 -0.410349 -0.463635 0.000021 -0.000024 -2.607695
 37   15.834409 0.579420 -0.284600 -0.006112 -0.035383 0.214458
 38   1.139685 -3.453749 -2.823813 0.000000 0.000000 0.000001
 39   -4.457742 -1.054854 -0.746180 0.000000 0.000000 0.000000
 40   1.118101 -3.449769 3.237290 0.000000 0.000001 0.000000
 41   -4.433840 -1.059130 0.959566 -0.000001 0.000000 0.000000
 42   -0.657468 1.697302 -2.688614 0.000000 0.000002 0.000000
 43   -0.664068 1.698578 2.869377 0.000000 0.000002 0.000000
time 31
  0   -0.967547 0.175787 -20.574476 0.000000 0.000000 -1.572114
  1   -1.093036 0.000002 -0.326057 -1.570757 -1.570379 -0.000171
  2   2.262337 0.113614 0.064702 -0.000052 0.000061 0.087848
  3   2.380047 0.353302 0.047440 0.000000 -0.000040 0.148287
  4   2.033756 0.190472 -0.000128 -0.000010 0.000024 -0.139576
  5   2.451511 0.204909 -0.003447 0.000000 -0.000005 -0.017472
  6   7.247600 -0.397300 -0.109469 0.000001 0.000009 0.418409
  7   -2.022252 -0.104661 3.136172 -0.298879 -1.361862 -2.901749
  8   1.168026 -0.537438 -0.063437 -1.447306 0.066783 -1.876304
  9   6.790376 -0.619176 0.015206 0.547371 0.920062 -1.324003
 10   8.637599 0.544015 -0.090417 -0.595410 0.017115 -0.274306
 11   6.790465 -0.619039 0.017802 0.512432 0.573226 -0.927671
 12   -2.022474 -0.104699 -2.873818 0.298873 1.361712 -2.901984
 13   1.167898 -0.537463 0.063297 1.325395 -0.528474 -1.110359
 14   7.002743 -0.617765 -0.183752 0.173931 -0.185947 -1.959257
 15   8.209042 0.615527 -0.255885 1.812835 0.303786 -0.074517
 16   7.002735 -0.617911 -0.183641 0.099079 -0.161233 -1.383066
 17   1.574674 0.609930 -0.000899 -0.401083 -0.010405 -0.460727
 18   -0.602177 0.511412 -0.000006 0.000000 0.000000 0.000000
 19   3.673773 0.177020 1.119313 -0.000002 -0.000014 -0.174510
 20   3.673767 0.176993 -1.117566 0.000007 -0.000003 -0.174546
 21   3.942357 1.330634 1.627658 0.000002 -0.000011 -0.000026
 22   -0.246060 -0.011889 0.516521 -0.000011 0.000031 0.000025
 23   3.942374 1.330659 -1.631083 0.000019 0.000002 -0.000024
 24   -0.246150 -0.011872 -0.516511 -0.000005 -0.000006 0.000048
 25   4.941364 1.997338 1.629330 0.000018 -0.000001 -0.000024
 26   4.941382 1.997366 -1.629410 -0.000001 0.000005 -0.000024
 27   2.918368 1.615358 1.514501 -0.000019 -0.000022 -0.000050
 28   2.920798 1.614964 -1.501142 -0.000002 -0.000009 -0.000024
 29   8.824059 0.150544 0.091743 0.000006 -0.000231 -0.174534
 30   2.111085 -0.561179 1.784320 -0.000008 -0.000682 0.000024
 31   2.121290 -0.561289 -1.853599 0.000000 0.000000 -0.000002
 32   -0.810489 -0.093824 3.127092 3.071592 -0.114878 1.239365
 33   14.298673 -0.408176 0.475484 0.000008 -0.000003 -1.896136
 34   15.835795 0.581398 0.242756 -0.214729 0.106889 -0.097869
 35   -0.815868 -0.091229 -3.114430 0.066464 3.132725 -1.010185
 36   14.294526 -0.410349 -0.463635 0.000021 -0.000024 -2.607695
 37   15.834409 0.579420 -0.284600 -0.006112 -0.035383 0.214458
 38   1.139685 -3.453749 -2.823813 0.000000 0.000000 0.000001
 39   -4.457742 -1.054854 -0.746180 0.000000 0.000000 0.000000
 40   1.118101 -3.449769 3.237290 0.000000 0.000001 0.000000
 41   -4.433840 -1.059130 0.959566 -0.000001 0.000000 0.000000
 42   -0.657468 1.697302 -2.688614 0.000000 0.000002 0.000000
 43   -0.664068 1.698578 2.869377 0.000000 0.000002 0.000000
time 32
  0   -0.967547 0.175787 -20.574476 0.000000 0.000000 -1.572114
  1   -1.093036 0.000002 -0.326057 -1.570757 -1.570379 -0.000171
  2   2.262337 0.113614 0.064702 -0.000052 0.000061 0.087848
  3   2.380047 0.353302 0.047440 0.000000 -0.000040 0.148287
  4   2.033756 0.190472 -0.000128 -0.000010 0.000024 -0.139576
  5   2.451511 0.204909 -0.003447 0.000000 -0.000005 -0.017472
  6   7.247600 -0.397300 -0.109469 0.000001 0.000009 0.418409
  7   -2.022252 -0.104661 3.136172 -0.298879 -1.361862 -2.901749
  8   1.168026 -0.537438 -0.063437 -1.510207 0.260342 -1.886425
  9   6.790376 -0.619176 0.015206 0.547482 0.920062 -1.527463
 10   8.637599 0.544015 -0.090417 -0.523109 0.026195 -0.350629
 11   6.790465 -0.619039 0.017802 0.542621 0.563675 -1.055941
 12   -2.022474 -0.104699 -2.873818 0.298873 1.361712 -2.901984
 13   1.167898 -0.537463 0.063297 1.325395 -0.528474 -1.110359
 14   7.002743 -0.617765 -0.183752 0.173931 -0.185947 -1.959257
 15   8.209042 0.615527 -0.255885 1.812835 0.303786 -0.074517
 16   7.002735 -0.617911 -0.183641 0.099079 -0.161233 -1.383066
 17   1.574674 0.609930 -0.000899 -0.401083 -0.010405 -0.460727
 18   -0.602177 0.511412 -0.000006 0.000000 0.000000 0.000000
 19   3.673773 0.177020 1.119313 -0.000002 -0.000014 -0.174510
 20   3.673767 0.176993 -1.117566 0.000007 -0.000003 -0.174546
 21   3.942357 1.330634 1.627658 0.000002 -0.000011 -0.000026
 22   -0.246060 -0.011889 0.516521 -0.000011 0.000031 0.000025
 23   3.942374 1.330659 -1.631083 0.000019 0.000002 -0.000024
 24   -0.246150 -0.011872 -0.516511 -0.000005 -0.000006 0.000048
 25   4.941364 1.997338 1.629330 0.000018 -0.000001 -0.000024
 26   4.941382 1.997366 -1.629410 -0.000001 0.000005 -0.000024
 27   2.918368 1.615358 1.514501 -0.000019 -0.000022 -0.000050
 28   2.920798 1.614964 -1.501142 -0.000002 -0.000009 -0.000024
 29   8.824059 0.150544 0.091743 0.000006 -0.000231 -0.174534
 30   2.111085 -0.561179 1.784320 -0.000008 -0.000682 0.000024
 31   2.121290 -0.561289 -1.853599 0.000000 0.000000 -0.000002
 32   -0.810489 -0.093824 3.127092 3.071592 -0.114878 1.239365
 33   14.298673 -0.408176 0.475484 0.000008 -0.000003 -1.896136
 34   15.835795 0.581398 0.242756 -0.214729 0.106889 -0.097869
 35   -0.815868 -0.091229 -3.114430 0.066464 3.132725 -1.010185
 36   14.294526 -0.410349 -0.463635 0.000021 -0.000024 -2.607695
 37   15.834409 0.579420 -0.284600 -0.006112 -0.035383 0.214458
 38   1.139685 -3.453749 -2.823813 0.000000 0.000000 0.000001
 39   -4.457742 -1.054854 -0.746180 0.000000 0.000000 0.000000
 40   1.118101 -3.449769 3.237290 0.000000 0.000001 0.000000
 41   -4.433840 -1.059130 0.959566 -0.000001 0.000000 0.000000
 42   -0.657468 1.697302 -2.688614 0.000000 0.000002 0.000000
 43   -0.664068 1.698578 2.869377 0.000000 0.000002 0.000000
time 33
  0   -0.967547 0.175787 -20.574476 0.000000 0.000000 -1.572114
  1   -1.093036 0.000002 -0.326057 -1.570757 -1.570379 -0.000171
  2   2.262337 0.113614 0.064702 -0.000052 0.000061 0.087848
  3   2.380047 0.353302 0.047440 0.000000 -0.000040 0.148287
  4   2.033756 0.190472 -0.000128 -0.000010 0.000024 -0.139576
  5   2.451511 0.204909 -0.003447 0.000000 -0.000005 -0.017472
  6   7.247600 -0.397300 -0.109469 0.000001 0.000009 0.418409
  7   -2.022252 -0.104661 3.136172 -0.298879 -1.361862 -2.901749
  8   1.168026 -0.537438 -0.063437 -1.580132 0.453096 -1.911160
  9   6.790376 -0.619176 0.015206 0.547482 0.920062 -1.731225
 10   8.637599 0.544015 -0.090417 -0.451512 0.040977 -0.426084
 11   6.790465 -0.619039 0.017802 0.574124 0.553982 -1.184325
 12   -2.022474 -0.104699 -2.873818 0.298873 1.361712 -2.901984
 13   1.167898 -0.537463 0.063297 1.325395 -0.528474 -1.110359
 14   7.002743 -0.617765 -0.183752 0.173931 -0.185947 -1.959257
 15   8.209042 0.615527 -0.255885 1.812835 0.303786 -0.074517
 16   7.002735 -0.617911 -0.183641 0.099079 -0.161233 -1.383066
 17   1.574674 0.609930 -0.000899 -0.401083 -0.010405 -0.460727
 18   -0.602177 0.511412 -0.000006 0.000000 0.000000 0.000000
 19   3.673773 0.177020 1.119313 -0.000002 -0.000014 -0.174510
 20   3.673767 0.176993 -1.117566 0.000007 -0.000003 -0.174546
 21   3.942357 1.330634 1.627658 0.000002 -0.000011 -0.000026
 22   -0.246060 -0.011889 0.516521 -0.000011 0.000031 0.000025
 23   3.942374 1.330659 -1.631083 0.000019 0.000002 -0.000024
 24   -0.246150 -0.011872 -0.516511 -0.000005 -0.000006 0.000048
 25   4.941364 1.997338 1.629330 0.000018 -0.000001 -0.000024
 26   4.941382 1.997366 -1.629410 -0.000001 0.000005 -0.000024
 27   2.918368 1.615358 1.514501 -0.000019 -0.000022 -0.000050
 28   2.920798 1.614964 -1.501142 -0.000002 -0.000009 -0.000024
 29   8.824059 0.150544 0.091743 0.000006 -0.000231 -0.174534
 30   2.111085 -0.561179 1.784320 -0.000008 -0.000682 0.000024
 31   2.121290 -0.561289 -1.853599 0.000000 0.000000 -0.000002
 32   -0.810489 -0.093824 3.127092 3.071592 -0.114878 1.239365
 33   14.298673 -0.408176 0.475484 0.000008 -0.000003 -1.896136
 34   15.835795 0.581398 0.242756 -0.214729 0.106889 -0.097869
 35   -0.815868 -0.091229 -3.114430 0.066464 3.132725 -1.010185
 36   14.294526 -0.410349 -0.463635 0.000021 -0.000024 -2.607695
 37   15.834409 0.579420 -0.284600 -0.006112 -0.035383 0.214458
 38   1.139685 -3.453749 -2.823813 0.000000 0.000000 0.000001
 39   -4.457742 -1.054854 -0.746180 0.000000 0.000000 0.000000
 40   1.118101 -3.449769 3.237290 0.000000 0.000001 0.000000
 41   -4.433840 -1.059130 0.959566 -0.000001 0.000000 0.000000
 42   -0.657468 1.697302 -2.688614 0.000000 0.000002 0.000000
 43   -0.664068 1.698578 2.869377 0.000000 0.000002 0.000000
time 34
  0   -0.967547 0.175787 -20.574476 0.000000 0.000000 -1.572114
  1   -1.093036 0.000002 -0.326057 -1.570757 -1.570379 -0.000171
  2   2.262337 0.113614 0.064702 -0.000052 0.000061 0.087848
  3   2.380047 0.353302 0.047440 0.000000 -0.000040 0.148287
  4   2.033756 0.190472 -0.000128 -0.000010 0.000024 -0.139576
  5   2.451511 0.204909 -0.003447 0.000000 -0.000005 -0.017472
  6   7.247600 -0.397300 -0.109469 0.000001 0.000009 0.418409
  7   -2.022252 -0.104661 3.136172 -0.298879 -1.361862 -2.901749
  8   1.168026 -0.537438 -0.063437 -1.664801 0.643486 -1.955379
  9   6.790376 -0.619176 0.015206 0.547482 0.920062 -1.934912
 10   8.637599 0.544015 -0.090417 -0.381501 0.060757 -0.500237
 11   6.790465 -0.619039 0.017802 0.607028 0.544232 -1.312248
 12   -2.022474 -0.104699 -2.873818 0.298873 1.361712 -2.901984
 13   1.167898 -0.537463 0.063297 1.325395 -0.528474 -1.110359
 14   7.002743 -0.617765 -0.183752 0.173931 -0.185947 -1.959257
 15   8.209042 0.615527 -0.255885 1.812835 0.303786 -0.074517
 16   7.002735 -0.617911 -0.183641 0.099079 -0.161233 -1.383066
 17   1.574674 0.609930 -0.000899 -0.401083 -0.010405 -0.460727
 18   -0.602177 0.511412 -0.000006 0.000000 0.000000 0.000000
 19   3.673773 0.177020 1.119313 -0.000002 -0.000014 -0.174510
 20   3.673767 0.176993 -1.117566 0.000007 -0.000003 -0.174546
 21   3.942357 1.330634 1.627658 0.000002 -0.000011 -0.000026
 22   -0.246060 -0.011889 0.516521 -0.000011 0.000031 0.000025
 23   3.942374 1.330659 -1.631083 0.000019 0.000002 -0.000024
 24   -0.246150 -0.011872 -0.516511 -0.000005 -0.000006 0.000048
 25   4.941364 1.997338 1.629330 0.000018 -0.000001 -0.000024
 26   4.941382 1.997366 -1.629410 -0.000001 0.000005 -0.000024
 27   2.918368 1.615358 1.514501 -0.000019 -0.000022 -0.000050
 28   2.920798 1.614964 -1.501142 -0.000002 -0.000009 -0.000024
 29   8.824059 0.150544 0.091743 0.000006 -0.000231 -0.174534
 30   2.111085 -0.561179 1.784320 -0.000008 -0.000682 0.000024
 31   2.121290 -0.561289 -1.853599 0.000000 0.000000 -0.000002
 32   -0.810489 -0.093824 3.127092 3.071592 -0.114878 1.239365
 33   14.298673 -0.408176 0.475484 0.000008 -0.000003 -1.896136
 34   15.835795 0.581398 0.242756 -0.214729 0.106889 -0.097869
 35   -0.815868 -0.091229 -3.114430 0.066464 3.132725 -1.010185
 36   14.294526 -0.410349 -0.463635 0.000021 -0.000024 -2.607695
 37   15.834409 0.579420 -0.284600 -0.006112 -0.035383 0.214458
 38   1.139685 -3.453749 -2.823813 0.000000 0.000000 0.000001
 39   -4.457742 -1.054854 -0.746180 0.000000 0.000000 0.000000
 40   1.118101 -3.449769 3.237290 0.000000 0.000001 0.000000
 41   -4.433840 -1.059130 0.959566 -0.000001 0.000000 0.000000
 42   -0.657468 1.697302 -2.688614 0.000000 0.000002 0.000000
 43   -0.664068 1.698578 2.869377 0.000000 0.000002 0.000000
time 35
  0   -0.967547 0.175787 -20.574476 0.000000 0.000000 -1.572114
  1   -1.093036 0.000002 -0.326057 -1.570757 -1.570379 -0.000171
  2   2.262337 0.113614 0.064702 -0.000052 0.000061 0.087848
  3   2.380047 0.353302 0.047440 0.000000 -0.000040 0.148287
  4   2.033756 0.190472 -0.000128 -0.000010 0.000024 -0.139576
  5   2.451511 0.204909 -0.003447 0.000000 -0.000005 -0.017472
  6   7.247600 -0.397300 -0.109469 0.000001 0.000009 0.418409
  7   -2.022252 -0.104661 3.136172 -0.298879 -1.361862 -2.901749
  8   1.168026 -0.537438 -0.063437 -1.580132 0.453096 -1.911160
  9   6.790376 -0.619176 0.015206 0.547482 0.920062 -1.731225
 10   8.637599 0.544015 -0.090417 -0.451512 0.040977 -0.426084
 11   6.790465 -0.619039 0.017802 0.574124 0.553982 -1.184325
 12   -2.022474 -0.104699 -2.873818 0.298873 1.361712 -2.901984
 13   1.167898 -0.537463 0.063297 1.325395 -0.528474 -1.110359
 14   7.002743 -0.617765 -0.183752 0.173931 -0.185947 -1.959257
 15   8.209042 0.615527 -0.255885 1.812835 0.303786 -0.074517
 16   7.002735 -0.617911 -0.183641 0.099079 -0.161233 -1.383066
 17   1.574674 0.609930 -0.000899 -0.401083 -0.010405 -0.460727
 18   -0.602177 0.511412 -0.000006 0.000000 0.000000 0.000000
 19   3.673773 0.177020 1.119313 -0.000002 -0.000014 -0.174510
 20   3.673767 0.176993 -1.117566 0.000007 -0.000003 -0.174546
 21   3.942357 1.330634 1.627658 0.000002 -0.000011 -0.000026
 22   -0.246060 -0.011889 0.516521 -0.000011 0.000031 0.000025
 23   3.942374 1.330659 -1.631083 0.000019 0.000002 -0.000024
 24   -0.246150 -0.011872 -0.516511 -0.000005 -0.000006 0.000048
 25   4.941364 1.997338 1.629330 0.000018 -0.000001 -0.000024
 26   4.941382 1.997366 -1.629410 -0.000001 0.000005 -0.000024
 27   2.918368 1.615358 1.514501 -0.000019 -0.000022 -0.000050
 28   2.920798 1.614964 -1.501142 -0.000002 -0.000009 -0.000024
 29   8.824059 0.150544 0.091743 0.000006 -0.000231 -0.174534
 30   2.111085 -0.561179 1.784320 -0.000008 -0.000682 0.000024
 31   2.121290 -0.561289 -1.853599 0.000000 0.000000 -0.000002
 32   -0.810489 -0.093824 3.127092 3.071592 -0.114878 1.239365
 33   14.298673 -0.408176 0.475484 0.000008 -0.000003 -1.896136
 34   15.835795 0.581398 0.242756 -0.214729 0.106889 -0.097869
 35   -0.815868 -0.091229 -3.114430 0.066464 3.132725 -1.010185
 36   14.294526 -0.410349 -0.463635 0.000021 -0.000024 -2.607695
 37   15.834409 0.579420 -0.284600 -0.006112 -0.035383 0.214458
 38   1.139685 -3.453749 -2.823813 0.000000 0.000000 0.000001
 39   -4.457742 -1.054854 -0.746180 0.000000 0.000000 0.000000
 40   1.118101 -3.449769 3.237290 0.000000 0.000001 0.000000
 41   -4.433840 -1.059130 0.959566 -0.000001 0.000000 0.000000
 42   -0.657468 1.697302 -2.688614 0.000000 0.000002 0.000000
 43   -0.664068 1.698578 2.869377 0.000000 0.000002 0.000000
time 36
  0   -0.967547 0.175787 -20.574476 0.000000 0.000000 -1.572114
  1   -1.093036 0.000002 -0.326057 -1.570757 -1.570379 -0.000171
  2   2.262337 0.113614 0.064702 -0.000052 0.000061 0.087848
  3   2.380047 0.353302 0.047440 0.000000 -0.000040 0.148287
  4   2.033756 0.190472 -0.000128 -0.000010 0.000024 -0.139576
  5   2.451511 0.204909 -0.003447 0.000000 -0.000005 -0.017472
  6   7.247600 -0.397300 -0.109469 0.000001 0.000009 0.418409
  7   -2.022252 -0.104661 3.136172 -0.298879 -1.361862 -2.901749
  8   1.168026 -0.537438 -0.063437 -1.510207 0.260342 -1.886425
  9   6.790376 -0.619176 0.015206 0.547482 0.920062 -1.527463
 10   8.637599 0.544015 -0.090417 -0.523109 0.026195 -0.350629
 11   6.790465 -0.619039 0.017802 0.542621 0.563675 -1.055941
 12   -2.022474 -0.104699 -2.873818 0.298873 1.361712 -2.901984
 13   1.167898 -0.537463 0.063297 1.325395 -0.528474 -1.110359
 14   7.002743 -0.617765 -0.183752 0.173931 -0.185947 -1.959257
 15   8.209042 0.615527 -0.255885 1.812835 0.303786 -0.074517
 16   7.002735 -0.617911 -0.183641 0.099079 -0.161233 -1.383066
 17   1.574674 0.609930 -0.000899 -0.401083 -0.010405 -0.460727
 18   -0.602177 0.511412 -0.000006 0.000000 0.000000 0.000000
 19   3.673773 0.177020 1.119313 -0.000002 -0.000014 -0.174510
 20   3.673767 0.176993 -1.117566 0.000007 -0.000003 -0.174546
 21   3.942357 1.330634 1.627658 0.000002 -0.000011 -0.000026
 22   -0.246060 -0.011889 0.516521 -0.000011 0.000031 0.000025
 23   3.942374 1.330659 -1.631083 0.000019 0.000002 -0.000024
 24   -0.246150 -0.011872 -0.516511 -0.000005 -0.000006 0.000048
 25   4.941364 1.997338 1.629330 0.000018 -0.000001 -0.000024
 26   4.941382 1.997366 -1.629410 -0.000001 0.000005 -0.000024
 27   2.918368 1.615358 1.514501 -0.000019 -0.000022 -0.000050
 28   2.920798 1.614964 -1.501142 -0.000002 -0.000009 -0.000024
 29   8.824059 0.150544 0.091743 0.000006 -0.000231 -0.174534
 30   2.111085 -0.561179 1.784320 -0.000008 -0.000682 0.000024
 31   2.121290 -0.561289 -1.853599 0.000000 0.000000 -0.000002
 32   -0.810489 -0.093824 3.127092 3.071592 -0.114878 1.239365
 33   14.298673 -0.408176 0.475484 0.000008 -0.000003 -1.896136
 34   15.835795 0.581398 0.242756 -0.214729 0.106889 -0.097869
 35   -0.815868 -0.091229 -3.114430 0.066464 3.132725 -1.010185
 36   14.294526 -0.410349 -0.463635 0.000021 -0.000024 -2.607695
 37   15.834409 0.579420 -0.284600 -0.006112 -0.035383 0.214458
 38   1.139685 -3.453749 -2.823813 0.000000 0.000000 0.000001
 39   -4.457742 -1.054854 -0.746180 0.000000 0.000000 0.000000
 40   1.118101 -3.449769 3.237290 0.000000 0.000001 0.000000
 41   -4.433840 -1.059130 0.959566 -0.000001 0.000000 0.000000
 42   -0.657468 1.697302 -2.688614 0.000000 0.000002 0.000000
 43   -0.664068 1.698578 2.869377 0.000000 0.000002 0.000000
time 37
  0   -0.967547 0.175787 -20.574476 0.000000 0.000000 -1.572114
  1   -1.093036 0.000002 -0.326057 -1.570757 -1.570379 -0.000171
  2   2.262337 0.113614 0.064702 -0.000052 0.000061 0.087848
  3   2.380047 0.353302 0.047440 0.000000 -0.000040 0.148287
  4   2.033756 0.190472 -0.000128 -0.000010 0.000024 -0.139576
  5   2.451511 0.204909 -0.003447 0.000000 -0.000005 -0.017472
  6   7.247600 -0.397300 -0.109469 0.000001 0.000009 0.418409
  7   -2.022252 -0.104661 3.136172 -0.298879 -1.361862 -2.901749
  8   1.168026 -0.537438 -0.063437 -1.447306 0.066783 -1.876304
  9   6.790376 -0.619176 0.015206 0.547371 0.920062 -1.324003
 10   8.637599 0.544015 -0.090417 -0.595410 0.017115 -0.274306
 11   6.790465 -0.619039 0.017802 0.512432 0.573226 -0.927671
 12   -2.022474 -0.104699 -2.873818 0.298873 1.361712 -2.901984
 13   1.167898 -0.537463 0.063297 1.325395 -0.528474 -1.110359
 14   7.002743 -0.617765 -0.183752 0.173931 -0.185947 -1.959257
 15   8.209042 0.615527 -0.255885 1.812835 0.303786 -0.074517
 16   7.002735 -0.617911 -0.183641 0.099079 -0.161233 -1.383066
 17   1.574674 0.609930 -0.000899 -0.401083 -0.010405 -0.460727
 18   -0.602177 0.511412 -0.000006 0.000000 0.000000 0.000000
 19   3.673773 0.177020 1.119313 -0.000002 -0.000014 -0.174510
 20   3.673767 0.176993 -1.117566 0.000007 -0.000003 -0.174546
 21   3.942357 1.330634 1.627658 0.000002 -0.000011 -0.000026
 22   -0.246060 -0.011889 0.516521 -0.000011 0.000031 0.000025
 23   3.942374 1.330659 -1.631083 0.000019 0.000002 -0.000024
 24   -0.246150 -0.011872 -0.516511 -0.000005 -0.000006 0.000048
 25   4.941364 1.997338 1.629330 0.000018 -0.000001 -0.000024
 26   4.941382 1.997366 -1.629410 -0.000001 0.000005 -0.000024
 27   2.918368 1.615358 1.514501 -0.000019 -0.000022 -0.000050
 28   2.920798 1.614964 -1.501142 -0.000002 -0.000009 -0.000024
 29   8.824059 0.150544 0.091743 0.000006 -0.000231 -0.174534
 30   2.111085 -0.561179 1.784320 -0.000008 -0.000682 0.000024
 31   2.121290 -0.561289 -1.853599 0.000000 0.000000 -0.000002
 32   -0.810489 -0.093824 3.127092 3.071592 -0.114878 1.239365
 33   14.298673 -0.408176 0.475484 0.000008 -0.000003 -1.896136
 34   15.835795 0.581398 0.242756 -0.214729 0.106889 -0.097869
 35   -0.815868 -0.091229 -3.114430 0.066464 3.132725 -1.010185
 36   14.294526 -0.410349 -0.463635 0.000021 -0.000024 -2.607695
 37   15.834409 0.579420 -0.284600 -0.006112 -0.035383 0.214458
 38   1.139685 -3.453749 -2.823813 0.000000 0.000000 0.000001
 39   -4.457742 -1.054854 -0.746180 0.000000 0.000000 0.000000
 40   1.118101 -3.449769 3.237290 0.000000 0.000001 0.000000
 41   -4.433840 -1.059130 0.959566 -0.000001 0.000000 0.000000
 42   -0.657468 1.697302 -2.688614 0.000000 0.000002 0.000000
 43   -0.664068 1.698578 2.869377 0.000000 0.000002 0.000000
time 38
  0   -0.967547 0.175787 -20.574476 0.000000 0.000000 -1.572114
  1   -1.093036 0.000002 -0.326057 -1.570757 -1.570379 -0.000171
  2   2.262337 0.113614 0.064702 -0.000052 0.000061 0.087848
  3   2.380047 0.353302 0.047440 0.000000 -0.000040 0.148287
  4   2.033756 0.190472 -0.000128 -0.000010 0.000024 -0.139576
  5   2.451511 0.204909 -0.003447 0.000000 -0.000005 -0.017472
  6   7.247600 -0.397300 -0.109469 0.000001 0.000009 0.418409
  7   -2.022252 -0.104661 3.136172 -0.298879 -1.361862 -2.901749
  8   1.168026 -0.537438 -0.063437 -1.447306 0.066783 -1.876304
  9   6.790376 -0.619176 0.015206 0.547371 0.920062 -1.324003
 10   8.637599 0.544015 -0.090417 -0.595410 0.017115 -0.274306
 11   6.790465 -0.619039 0.017802 0.512432 0.573226 -0.927671
 12   -2.022474 -0.104699 -2.873818 0.298873 1.361712 -2.901984
 13   1.167898 -0.537463 0.063297 1.325395 -0.528474 -1.110359
 14   7.002743 -0.617765 -0.183752 0.173931 -0.185947 -1.959257
 15   8.209042 0.615527 -0.255885 1.812835 0.303786 -0.074517
 16   7.002735 -0.617911 -0.183641 0.099079 -0.161233 -1.383066
 17   1.574674 0.609930 -0.000899 -0.401083 -0.010405 -0.460727
 18   -0.602177 0.511412 -0.000006 0.000000 0.000000 0.000000
 19   3.673773 0.177020 1.119313 -0.000002 -0.000014 -0.174510
 20   3.673767 0.176993 -1.117566 0.000007 -0.000003 -0.174546
 21   3.942357 1.330634 1.627658 0.000002 -0.000011 -0.000026
 22   -0.246060 -0.011889 0.516521 -0.000011 0.000031 0.000025
 23   3.942374 1.330659 -1.631083 0.000019 0.000002 -0.000024
 24   -0.246150 -0.011872 -0.516511 -0.000005 -0.000006 0.000048
 25   4.941364 1.997338 1.629330 0.000018 -0.000001 -0.000024
 26   4.941382 1.997366 -1.629410 -0.000001 0.000005 -0.000024
 27   2.918368 1.615358 1.514501 -0.000019 -0.000022 -0.000050
 28   2.920798 1.614964 -1.501142 -0.000002 -0.000009 -0.000024
 29   8.824059 0.150544 0.091743 0.000006 -0.000231 -0.174534
 30   2.111085 -0.561179 1.784320 -0.000008 -0.000682 0.000024
 31   2.121290 -0.561289 -1.853599 0.000000 0.000000 -0.000002
 32   -0.810489 -0.093824 3.127092 3.071592 -0.114878 1.239365
 33   14.298673 -0.408176 0.475484 0.000008 -0.000003 -1.896136
 34   15.835795 0.581398 0.242756 -0.214729 0.106889 -0.097869
 35   -0.815868 -0.091229 -3.114430 0.066464 3.132725 -1.010185
 36   14.294526 -0.410349 -0.463635 0.000021 -0.000024 -2.607695
 37   15.834409 0.579420 -0.284600 -0.006112 -0.035383 0.214458
 38   1.139685 -3.453749 -2.823813 0.000000 0.000000 0.000001
 39   -4.457742 -1.054854 -0.746180 0.000000 0.000000 0.000000
 40   1.118101 -3.449769 3.237290 0.000000 0.000001 0.000000
 41   -4.433840 -1.059130 0.959566 -0.000001 0.000000 0.000000
 42   -0.657468 1.697302 -2.688614 0.000000 0.000002 0.000000
 43   -0.664068 1.698578 2.869377 0.000000 0.000002 0.000000
time 39
  0   -0.967547 0.175787 -20.574476 0.000000 0.000000 -1.572114
  1   -1.093036 0.000002 -0.326057 -1.570757 -1.570379 -0.000171
  2   2.262337 0.113614 0.064702 -0.000052 0.000061 0.087848
  3   2.380047 0.353302 0.047440 0.000000 -0.000040 0.148287
  4   2.033756 0.190472 -0.000128 -0.000010 0.000024 -0.139576
  5   2.451511 0.204909 -0.003447 0.000000 -0.000005 -0.017472
  6   7.247600 -0.397300 -0.109469 0.000001 0.000009 0.418409
  7   -2.022252 -0.104661 3.136172 -0.298879 -1.361862 -2.901749
  8   1.168026 -0.537438 -0.063437 -1.609874 0.834026 -1.551398
  9   6.790376 -0.619176 0.015206 -0.729327 0.926670 -1.948647
 10   8.637599 0.544015 -0.090417 -1.514543 -0.020544 -0.397291
 11   6.790465 -0.619039 0.017802 -0.206818 0.780474 -1.138531
 12   -2.022474 -0.104699 -2.873818 0.298873 1.361712 -2.901984
 13   1.167898 -0.537463 0.063297 1.035362 -0.887343 -0.918101
 14   7.002743 -0.617765 -0.183752 0.173931 -0.185947 -2.168903
 15   8.209042 0.615527 -0.255885 2.560696 0.102153 -0.345857
 16   7.002735 -0.617911 -0.183641 0.094748 -0.166026 -1.529327
 17   1.574674 0.609930 -0.000899 -0.401083 -0.010405 -0.024439
 18   -0.602177 0.511412 -0.000006 0.000000 0.000000 0.000000
 19   3.673773 0.177020 1.119313 -0.000002 -0.000014 -0.174510
 20   3.673767 0.176993 -1.117566 0.000007 -0.000003 -0.174546
 21   3.942357 1.330634 1.627658 0.000002 -0.000011 -0.000026
 22   -0.246060 -0.011889 0.516521 -0.000011 0.000031 0.000025
 23   3.942374 1.330659 -1.631083 0.000019 0.000002 -0.000024
 24   -0.246150 -0.011872 -0.516511 -0.000005 -0.000006 0.000048
 25   4.941364 1.997338 1.629330 0.000018 -0.000001 -0.000024
 26   4.941382 1.997366 -1.629410 -0.000001 0.000005 -0.000024
 27   2.918368 1.615358 1.514501 -0.000019 -0.000022 -0.000050
 28   2.920798 1.614964 -1.501142 -0.000002 -0.000009 -0.000024
 29   8.824059 0.150544 0.091743 0.000006 -0.000231 -0.174534
 30   2.111085 -0.561179 1.784320 -0.000008 -0.000682 0.000024
 31   2.121290 -0.561289 -1.853599 0.000000 0.000000 -0.000002
 32   -0.810489 -0.093824 3.127092 3.071592 -0.114878 1.239365
 33   14.298673 -0.408176 0.475484 0.000008 -0.000003 -1.896136
 34   15.835795 0.581398 0.242756 -0.214729 0.106889 -0.097869
 35   -0.815868 -0.091229 -3.114430 0.066464 3.132725 -1.010185
 36   14.294526 -0.410349 -0.463635 0.000021 -0.000024 -2.607695
 37   15.834409 0.579420 -0.284600 -0.006112 -0.035383 0.214458
 38   1.139685 -3.453749 -2.823813 0.000000 0.000000 0.000001
 39   -4.457742 -1.054854 -0.746180 0.000000 0.000000 0.000000
 40   1.118101 -3.449769 3.237290 0.000000 0.000001 0.000000
 41   -4.433840 -1.059130 0.959566 -0.000001 0.000000 0.000000
 42   -0.657468 1.697302 -2.688614 0.000000 0.000002 0.000000
 43   -0.664068 1.698578 2.869377 0.000000 0.000002 0.000000
end
