version 1
nodes
  0 "Bip01" -1
  1 "Bip01 Pelvis" 0
  2 "Bip01 Spine" 1
  3 "Bip01 Spine1" 2
  4 "Bip01 Spine2" 3
  5 "Bip01 Spine3" 4
  6 "Bip01 Neck" 5
  7 "Bip01 L Arm" 6
  8 "Bip01 L Arm1" 7
  9 "Bip01 L Arm2" 8
 10 "Bip01 L Hand" 9
 11 "Bip06 L elbow2-smooth" 8
 12 "Bip01 R Arm" 6
 13 "Bip01 R Arm1" 12
 14 "Bip01 R Arm2" 13
 15 "Bip01 R Hand" 14
 16 "Bip06 R elbow2-smooth" 13
 17 "Bip01 Head" 6
 18 "Bip06 Head_helper" 17
 19 "Bip06 Head_eyes_l" 18
 20 "Bip06 Head_eyes_r" 18
 21 "Bip06 Head_blink_l" 18
 22 "Bip06 Head_blink_smooth_l1" 21
 23 "Bip06 Head_blink_r" 18
 24 "Bip06 Head_blink_smooth_r1" 23
 25 "Bip06 Head_L_eyebrow" 18
 26 "Bip06 Head_R_eyebrow" 18
 27 "Bip06 Head_blink_l_lid" 18
 28 "Bip06 Head_blink_r_lid" 18
 29 "Bip06 bunny" 18
 30 "Bip06 bunnyL" 29
 31 "Bip06 bunnyR" 29
 32 "Bip01 L Leg" 1
 33 "Bip01 L Leg1" 32
 34 "Bip01 L Foot" 33
 35 "Bip01 R Leg" 1
 36 "Bip01 R Leg1" 35
 37 "Bip01 R Foot" 36
 38 "Bip03 HairR1" 17
 39 "Bip03 HairR2" 38
 40 "Bip03 HairL1" 17
 41 "Bip03 HairL2" 40
 42 "Bip03 swingR" 17
 43 "Bip03 swingL" 17
end
skeleton
time 0
  0   -0.967547 0.175787 -20.574476 0.000000 0.000000 -1.572114
  1   -1.093036 0.000002 -0.326057 -0.001039 -1.569036 -1.569635
  2   2.262337 0.113614 0.064702 -0.057893 0.106604 -0.003374
  3   2.380047 0.353302 0.047440 -0.116093 -0.031643 -0.086091
  4   2.033756 0.190472 -0.000128 -0.136688 -0.080417 -0.035728
  5   2.451511 0.204909 -0.003447 -0.063572 -0.005841 -0.052862
  6   7.247600 -0.397300 -0.109469 -0.091897 0.032679 0.231838
  7   -2.022252 -0.104661 3.136172 1.691708 -1.064259 -5.090966
  8   1.168026 -0.537438 -0.063437 -1.136346 0.148896 -0.444847
  9   6.790376 -0.619176 0.015206 -0.000102 -0.000151 -1.044924
 10   8.637599 0.544015 -0.090417 -3.909379 0.493165 0.098991
 11   6.790465 -0.619039 0.017802 0.000534 -0.011509 -0.746688
 12   -2.022474 -0.104699 -2.873818 -1.513222 0.739178 -4.850986
 13   1.167898 -0.537463 0.063297 1.067135 0.304244 -1.419631
 14   7.002743 -0.617765 -0.183752 0.000115 0.000023 -0.385549
 15   8.209042 0.615527 -0.255885 1.841164 0.337605 0.337604
 16   7.002735 -0.617911 -0.183641 0.014533 0.002180 -0.288483
 17   1.574674 0.609930 -0.000899 0.327601 0.060477 -0.336242
 18   -0.602177 0.511412 -0.000006 0.000000 0.000000 0.000000
 19   3.673773 0.177020 1.119313 -0.000002 -0.000014 -0.174510
 20   3.673767 0.176993 -1.117566 0.000007 -0.000003 -0.174546
 21   3.942357 1.330634 1.627658 0.000002 -0.000011 -0.000026
 22   -0.246060 -0.011889 0.516521 -0.000011 0.000031 0.000025
 23   3.942374 1.330659 -1.631083 0.000019 0.000002 -0.000024
 24   -0.246150 -0.011872 -0.516511 -0.000005 -0.000006 0.000048
 25   4.941364 1.997338 1.629330 0.000018 -0.000001 -0.000024
 26   4.941382 1.997366 -1.629410 -0.000001 0.000005 -0.000024
 27   2.918368 1.615358 1.514501 -0.000019 -0.000022 -0.000050
 28   2.920798 1.614964 -1.501142 -0.000002 -0.000009 -0.000024
 29   8.824059 0.150544 0.091743 0.000006 -0.000231 -0.174534
 30   2.111085 -0.561179 1.784320 -0.000008 -0.000682 0.000024
 31   2.121290 -0.561289 -1.853599 0.000000 0.000000 -0.000002
 32   -0.810489 -0.093824 3.127092 3.071872 -0.114782 1.239365
 33   14.298673 -0.408176 0.475484 0.000248 0.000062 -1.896136
 34   15.835795 0.581398 0.242756 -0.214729 0.106889 -0.097869
 35   -0.815868 -0.091229 -3.114430 0.066464 3.132725 -1.010185
 36   14.294526 -0.410349 -0.463635 0.000033 -0.000000 -2.607695
 37   15.834409 0.579420 -0.284600 -0.006092 -0.035255 0.214458
 38   1.139685 -3.453749 -2.823813 0.000000 0.000000 0.000001
 39   -4.457742 -1.054854 -0.746180 0.000000 0.000000 0.000000
 40   1.118101 -3.449769 3.237290 0.000000 0.000001 0.000000
 41   -4.433840 -1.059130 0.959566 -0.000001 0.000000 0.000000
 42   -0.657468 1.697302 -2.688614 0.000000 0.000002 0.000000
 43   -0.664068 1.698578 2.869377 0.000000 0.000002 0.000000
time 1
  0   -0.967547 0.175787 -20.574476 0.000000 0.000000 -1.572114
  1   -1.093036 0.000002 -0.326057 -0.001039 -1.569036 -1.569635
  2   2.262337 0.113614 0.064702 -0.060696 0.107682 -0.013981
  3   2.380047 0.353302 0.047440 -0.071135 -0.043137 -0.076664
  4   2.033756 0.190472 -0.000128 -0.092020 -0.076581 -0.011769
  5   2.451511 0.204909 -0.003447 -0.045394 -0.022147 0.000087
  6   7.247600 -0.397300 -0.109469 -0.091897 0.032679 0.231838
  7   -2.022252 -0.104661 3.136172 1.678288 -1.078009 -5.074344
  8   1.168026 -0.537438 -0.063437 -1.155583 0.298128 -0.616852
  9   6.790376 -0.619176 0.015206 -0.000102 -0.000151 -1.080092
 10   8.637599 0.544015 -0.090417 -3.703043 0.603819 0.249033
 11   6.790465 -0.619039 0.017802 0.000680 -0.011566 -0.771373
 12   -2.022474 -0.104699 -2.873818 -1.493677 0.872950 -4.837965
 13   1.167898 -0.537463 0.063297 1.173841 0.084051 -1.281491
 14   7.002743 -0.617765 -0.183752 0.000115 0.000023 -0.695439
 15   8.209042 0.615527 -0.255885 1.835987 0.294479 0.293343
 16   7.002735 -0.617911 -0.183641 0.014392 0.003759 -0.505391
 17   1.574674 0.609930 -0.000899 0.268012 0.029024 -0.163043
 18   -0.602177 0.511412 -0.000006 0.000000 0.000000 0.000000
 19   3.673773 0.177020 1.119313 -0.000002 -0.000014 -0.174510
 20   3.673767 0.176993 -1.117566 0.000007 -0.000003 -0.174546
 21   3.942357 1.330634 1.627658 0.000002 -0.000011 -0.000026
 22   -0.246060 -0.011889 0.516521 -0.000011 0.000031 0.000025
 23   3.942374 1.330659 -1.631083 0.000019 0.000002 -0.000024
 24   -0.246150 -0.011872 -0.516511 -0.000005 -0.000006 0.000048
 25   4.941364 1.997338 1.629330 0.000018 -0.000001 -0.000024
 26   4.941382 1.997366 -1.629410 -0.000001 0.000005 -0.000024
 27   2.918368 1.615358 1.514501 -0.000019 -0.000022 -0.000050
 28   2.920798 1.614964 -1.501142 -0.000002 -0.000009 -0.000024
 29   8.824059 0.150544 0.091743 0.000006 -0.000231 -0.174534
 30   2.111085 -0.561179 1.784320 -0.000008 -0.000682 0.000024
 31   2.121290 -0.561289 -1.853599 0.000000 0.000000 -0.000002
 32   -0.810489 -0.093824 3.127092 3.071872 -0.114782 1.239365
 33   14.298673 -0.408176 0.475484 0.000248 0.000062 -1.896136
 34   15.835795 0.581398 0.242756 -0.214729 0.106889 -0.097869
 35   -0.815868 -0.091229 -3.114430 0.066464 3.132725 -1.010185
 36   14.294526 -0.410349 -0.463635 0.000033 -0.000000 -2.607695
 37   15.834409 0.579420 -0.284600 -0.006092 -0.035255 0.214458
 38   1.139685 -3.453749 -2.823813 0.000000 0.000000 0.000001
 39   -4.457742 -1.054854 -0.746180 0.000000 0.000000 0.000000
 40   1.118101 -3.449769 3.237290 0.000000 0.000001 0.000000
 41   -4.433840 -1.059130 0.959566 -0.000001 0.000000 0.000000
 42   -0.657468 1.697302 -2.688614 0.000000 0.000002 0.000000
 43   -0.664068 1.698578 2.869377 0.000000 0.000002 0.000000
time 2
  0   -0.967547 0.175787 -20.574476 0.000000 0.000000 -1.572114
  1   -1.093036 0.000002 -0.326057 -0.001039 -1.569036 -1.569635
  2   2.262337 0.113614 0.064702 -0.063765 0.109013 -0.025872
  3   2.380047 0.353302 0.047440 -0.027092 -0.058201 -0.065645
  4   2.033756 0.190472 -0.000128 -0.046301 -0.075167 0.015380
  5   2.451511 0.204909 -0.003447 -0.031324 -0.044564 0.057840
  6   7.247600 -0.397300 -0.109469 -0.091897 0.032679 0.231838
  7   -2.022252 -0.104661 3.136172 1.637356 -1.113869 -5.026072
  8   1.168026 -0.537438 -0.063437 -1.098631 0.560568 -0.783733
  9   6.790376 -0.619176 0.015206 -0.000102 -0.000151 -1.136919
 10   8.637599 0.544015 -0.090417 -3.312916 0.718485 0.463534
 11   6.790465 -0.619039 0.017802 0.000972 -0.011566 -0.811053
 12   -2.022474 -0.104699 -2.873818 -1.468959 0.996562 -4.819487
 13   1.167898 -0.537463 0.063297 1.286523 -0.159790 -1.213268
 14   7.002743 -0.617765 -0.183752 0.000172 0.000023 -0.986188
 15   8.209042 0.615527 -0.255885 1.832176 0.253472 0.253773
 16   7.002735 -0.617911 -0.183641 0.014156 0.005225 -0.709052
 17   1.574674 0.609930 -0.000899 0.237303 0.033568 0.076280
 18   -0.602177 0.511412 -0.000006 0.000000 0.000000 0.000000
 19   3.673773 0.177020 1.119313 -0.000002 -0.000014 -0.174510
 20   3.673767 0.176993 -1.117566 0.000007 -0.000003 -0.174546
 21   3.942357 1.330634 1.627658 0.000002 -0.000011 -0.000026
 22   -0.246060 -0.011889 0.516521 -0.000011 0.000031 0.000025
 23   3.942374 1.330659 -1.631083 0.000019 0.000002 -0.000024
 24   -0.246150 -0.011872 -0.516511 -0.000005 -0.000006 0.000048
 25   4.941364 1.997338 1.629330 0.000018 -0.000001 -0.000024
 26   4.941382 1.997366 -1.629410 -0.000001 0.000005 -0.000024
 27   2.918368 1.615358 1.514501 -0.000019 -0.000022 -0.000050
 28   2.920798 1.614964 -1.501142 -0.000002 -0.000009 -0.000024
 29   8.824059 0.150544 0.091743 0.000006 -0.000231 -0.174534
 30   2.111085 -0.561179 1.784320 -0.000008 -0.000682 0.000024
 31   2.121290 -0.561289 -1.853599 0.000000 0.000000 -0.000002
 32   -0.810489 -0.093824 3.127092 3.071872 -0.114782 1.239365
 33   14.298673 -0.408176 0.475484 0.000248 0.000062 -1.896136
 34   15.835795 0.581398 0.242756 -0.214729 0.106889 -0.097869
 35   -0.815868 -0.091229 -3.114430 0.066464 3.132725 -1.010185
 36   14.294526 -0.410349 -0.463635 0.000033 -0.000000 -2.607695
 37   15.834409 0.579420 -0.284600 -0.006092 -0.035255 0.214458
 38   1.139685 -3.453749 -2.823813 0.000000 0.000000 0.000001
 39   -4.457742 -1.054854 -0.746180 0.000000 0.000000 0.000000
 40   1.118101 -3.449769 3.237290 0.000000 0.000001 0.000000
 41   -4.433840 -1.059130 0.959566 -0.000001 0.000000 0.000000
 42   -0.657468 1.697302 -2.688614 0.000000 0.000002 0.000000
 43   -0.664068 1.698578 2.869377 0.000000 0.000002 0.000000
time 3
  0   -0.967547 0.175787 -20.574476 0.000000 0.000000 -1.572114
  1   -1.093036 0.000002 -0.326057 -0.001092 -1.569036 -1.569635
  2   2.262337 0.113614 0.064702 -0.066720 0.111577 -0.037239
  3   2.380047 0.353302 0.047440 -0.002250 -0.074476 -0.050116
  4   2.033756 0.190472 -0.000128 -0.002666 -0.079661 0.043290
  5   2.451511 0.204909 -0.003447 -0.026651 -0.072685 0.109302
  6   7.247600 -0.397300 -0.109469 -0.091897 0.032679 0.231838
  7   -2.022252 -0.104661 3.136172 1.564888 -1.162816 -4.944837
  8   1.168026 -0.537438 -0.063437 -0.908030 0.882831 -0.781835
  9   6.790376 -0.619176 0.015206 -0.000102 -0.000151 -1.204915
 10   8.637599 0.544015 -0.090417 -2.797208 0.742277 0.712615
 11   6.790465 -0.619039 0.017802 0.001235 -0.011651 -0.858635
 12   -2.022474 -0.104699 -2.873818 -1.434660 1.115502 -4.790860
 13   1.167898 -0.537463 0.063297 1.436390 -0.400426 -1.308187
 14   7.002743 -0.617765 -0.183752 0.000172 0.000023 -1.223969
 15   8.209042 0.615527 -0.255885 1.831457 0.211330 0.218532
 16   7.002735 -0.617911 -0.183641 0.013968 0.006522 -0.875403
 17   1.574674 0.609930 -0.000899 0.263259 0.057992 0.302370
 18   -0.602177 0.511412 -0.000006 0.000000 0.000000 0.000000
 19   3.673773 0.177020 1.119313 -0.000002 -0.000014 -0.174510
 20   3.673767 0.176993 -1.117566 0.000007 -0.000003 -0.174546
 21   3.942357 1.330634 1.627658 0.000002 -0.000011 -0.000026
 22   -0.246060 -0.011889 0.516521 -0.000011 0.000031 0.000025
 23   3.942374 1.330659 -1.631083 0.000019 0.000002 -0.000024
 24   -0.246150 -0.011872 -0.516511 -0.000005 -0.000006 0.000048
 25   4.941364 1.997338 1.629330 0.000018 -0.000001 -0.000024
 26   4.941382 1.997366 -1.629410 -0.000001 0.000005 -0.000024
 27   2.918368 1.615358 1.514501 -0.000019 -0.000022 -0.000050
 28   2.920798 1.614964 -1.501142 -0.000002 -0.000009 -0.000024
 29   8.824059 0.150544 0.091743 0.000006 -0.000231 -0.174534
 30   2.111085 -0.561179 1.784320 -0.000008 -0.000682 0.000024
 31   2.121290 -0.561289 -1.853599 0.000000 0.000000 -0.000002
 32   -0.810489 -0.093824 3.127092 3.071872 -0.114782 1.239365
 33   14.298673 -0.408176 0.475484 0.000248 0.000062 -1.896136
 34   15.835795 0.581398 0.242756 -0.214729 0.106889 -0.097869
 35   -0.815868 -0.091229 -3.114430 0.066464 3.132725 -1.010185
 36   14.294526 -0.410349 -0.463635 0.000033 -0.000000 -2.607695
 37   15.834409 0.579420 -0.284600 -0.006092 -0.035255 0.214458
 38   1.139685 -3.453749 -2.823813 0.000000 0.000000 0.000001
 39   -4.457742 -1.054854 -0.746180 0.000000 0.000000 0.000000
 40   1.118101 -3.449769 3.237290 0.000000 0.000001 0.000000
 41   -4.433840 -1.059130 0.959566 -0.000001 0.000000 0.000000
 42   -0.657468 1.697302 -2.688614 0.000000 0.000002 0.000000
 43   -0.664068 1.698578 2.869377 0.000000 0.000002 0.000000
time 4
  0   -0.967547 0.175787 -20.574476 0.000000 0.000000 -1.572114
  1   -1.093036 0.000002 -0.326057 -0.001092 -1.569036 -1.569635
  2   2.262337 0.113614 0.064702 -0.069051 0.115221 -0.046166
  3   2.380047 0.353302 0.047440 0.004620 -0.088019 -0.033996
  4   2.033756 0.190472 -0.000128 0.039144 -0.090579 0.066742
  5   2.451511 0.204909 -0.003447 -0.025778 -0.102452 0.145410
  6   7.247600 -0.397300 -0.109469 -0.091897 0.032679 0.231838
  7   -2.022252 -0.104661 3.136172 1.454555 -1.215165 -4.826788
  8   1.168026 -0.537438 -0.063437 -0.378373 1.132088 -0.370959
  9   6.790376 -0.619176 0.015206 -0.000102 -0.000151 -1.272987
 10   8.637599 0.544015 -0.090417 -2.311706 0.678644 0.868662
 11   6.790465 -0.619039 0.017802 0.001527 -0.011651 -0.906332
 12   -2.022474 -0.104699 -2.873818 -1.411475 1.173144 -4.770371
 13   1.167898 -0.537463 0.063297 1.544994 -0.588836 -1.433736
 14   7.002743 -0.617765 -0.183752 0.000172 0.000023 -1.412411
 15   8.209042 0.615527 -0.255885 1.777171 0.208001 0.175173
 16   7.002735 -0.617911 -0.183641 0.013733 0.007650 -1.007314
 17   1.574674 0.609930 -0.000899 0.307169 0.086084 0.441011
 18   -0.602177 0.511412 -0.000006 0.000000 0.000000 0.000000
 19   3.673773 0.177020 1.119313 -0.000002 -0.000014 -0.174510
 20   3.673767 0.176993 -1.117566 0.000007 -0.000003 -0.174546
 21   3.942357 1.330634 1.627658 0.000002 -0.000011 -0.000026
 22   -0.246060 -0.011889 0.516521 -0.000011 0.000031 0.000025
 23   3.942374 1.330659 -1.631083 0.000019 0.000002 -0.000024
 24   -0.246150 -0.011872 -0.516511 -0.000005 -0.000006 0.000048
 25   4.941364 1.997338 1.629330 0.000018 -0.000001 -0.000024
 26   4.941382 1.997366 -1.629410 -0.000001 0.000005 -0.000024
 27   2.918368 1.615358 1.514501 -0.000019 -0.000022 -0.000050
 28   2.920798 1.614964 -1.501142 -0.000002 -0.000009 -0.000024
 29   8.824059 0.150544 0.091743 0.000006 -0.000231 -0.174534
 30   2.111085 -0.561179 1.784320 -0.000008 -0.000682 0.000024
 31   2.121290 -0.561289 -1.853599 0.000000 0.000000 -0.000002
 32   -0.810489 -0.093824 3.127092 3.071872 -0.114782 1.239365
 33   14.298673 -0.408176 0.475484 0.000248 0.000062 -1.896136
 34   15.835795 0.581398 0.242756 -0.214729 0.106889 -0.097869
 35   -0.815868 -0.091229 -3.114430 0.066464 3.132725 -1.010185
 36   14.294526 -0.410349 -0.463635 0.000033 -0.000000 -2.607695
 37   15.834409 0.579420 -0.284600 -0.006092 -0.035255 0.214458
 38   1.139685 -3.453749 -2.823813 0.000000 0.000000 0.000001
 39   -4.457742 -1.054854 -0.746180 0.000000 0.000000 0.000000
 40   1.118101 -3.449769 3.237290 0.000000 0.000001 0.000000
 41   -4.433840 -1.059130 0.959566 -0.000001 0.000000 0.000000
 42   -0.657468 1.697302 -2.688614 0.000000 0.000002 0.000000
 43   -0.664068 1.698578 2.869377 0.000000 0.000002 0.000000
time 5
  0   -0.967547 0.175787 -20.574476 0.000000 0.000000 -1.572114
  1   -1.093036 0.000002 -0.326057 -0.001039 -1.569036 -1.569635
  2   2.262337 0.113614 0.064702 -0.070185 0.119104 -0.050539
  3   2.380047 0.353302 0.047440 0.009541 -0.095282 -0.026242
  4   2.033756 0.190472 -0.000128 0.079791 -0.103691 0.079211
  5   2.451511 0.204909 -0.003447 -0.014498 -0.126644 0.158858
  6   7.247600 -0.397300 -0.109469 -0.091897 0.032679 0.231838
  7   -2.022252 -0.104661 3.136172 1.305400 -1.261316 -4.672582
  8   1.168026 -0.537438 -0.063437 0.407381 1.114478 0.321300
  9   6.790376 -0.619176 0.015206 -0.000102 -0.000151 -1.331097
 10   8.637599 0.544015 -0.090417 -1.931530 0.624936 0.905123
 11   6.790465 -0.619039 0.017802 0.001731 -0.011708 -0.946993
 12   -2.022474 -0.104699 -2.873818 -1.452672 1.060821 -4.806179
 13   1.167898 -0.537463 0.063297 1.386411 -0.726292 -1.261454
 14   7.002743 -0.617765 -0.183752 0.000172 0.000023 -1.547720
 15   8.209042 0.615527 -0.255885 1.528027 0.316194 0.083163
 16   7.002735 -0.617911 -0.183641 0.013544 0.008383 -1.102025
 17   1.574674 0.609930 -0.000899 0.318259 0.136448 0.493791
 18   -0.602177 0.511412 -0.000006 0.000000 0.000000 0.000000
 19   3.673773 0.177020 1.119313 -0.000002 -0.000014 -0.174510
 20   3.673767 0.176993 -1.117566 0.000007 -0.000003 -0.174546
 21   3.942357 1.330634 1.627658 0.000002 -0.000011 -0.000026
 22   -0.246060 -0.011889 0.516521 -0.000011 0.000031 0.000025
 23   3.942374 1.330659 -1.631083 0.000019 0.000002 -0.000024
 24   -0.246150 -0.011872 -0.516511 -0.000005 -0.000006 0.000048
 25   4.941364 1.997338 1.629330 0.000018 -0.000001 -0.000024
 26   4.941382 1.997366 -1.629410 -0.000001 0.000005 -0.000024
 27   2.918368 1.615358 1.514501 -0.000019 -0.000022 -0.000050
 28   2.920798 1.614964 -1.501142 -0.000002 -0.000009 -0.000024
 29   8.824059 0.150544 0.091743 0.000006 -0.000231 -0.174534
 30   2.111085 -0.561179 1.784320 -0.000008 -0.000682 0.000024
 31   2.121290 -0.561289 -1.853599 0.000000 0.000000 -0.000002
 32   -0.810489 -0.093824 3.127092 3.071872 -0.114782 1.239365
 33   14.298673 -0.408176 0.475484 0.000248 0.000062 -1.896136
 34   15.835795 0.581398 0.242756 -0.214729 0.106889 -0.097869
 35   -0.815868 -0.091229 -3.114430 0.066464 3.132725 -1.010185
 36   14.294526 -0.410349 -0.463635 0.000033 -0.000000 -2.607695
 37   15.834409 0.579420 -0.284600 -0.006092 -0.035255 0.214458
 38   1.139685 -3.453749 -2.823813 0.000000 0.000000 0.000001
 39   -4.457742 -1.054854 -0.746180 0.000000 0.000000 0.000000
 40   1.118101 -3.449769 3.237290 0.000000 0.000001 0.000000
 41   -4.433840 -1.059130 0.959566 -0.000001 0.000000 0.000000
 42   -0.657468 1.697302 -2.688614 0.000000 0.000002 0.000000
 43   -0.664068 1.698578 2.869377 0.000000 0.000002 0.000000
time 6
  0   -0.967547 0.175787 -20.574476 0.000000 0.000000 -1.572114
  1   -1.093036 0.000002 -0.326057 -0.001092 -1.569036 -1.569635
  2   2.262337 0.113614 0.064702 -0.070503 0.122963 -0.051984
  3   2.380047 0.353302 0.047440 0.012391 -0.098170 -0.023630
  4   2.033756 0.190472 -0.000128 0.119037 -0.116970 0.084503
  5   2.451511 0.204909 -0.003447 0.003218 -0.145927 0.157496
  6   7.247600 -0.397300 -0.109469 -0.091897 0.032679 0.231838
  7   -2.022252 -0.104661 3.136172 1.136978 -1.294005 -4.500250
  8   1.168026 -0.537438 -0.063437 0.808073 0.931183 0.641271
  9   6.790376 -0.619176 0.015206 -0.000102 -0.000151 -1.375849
 10   8.637599 0.544015 -0.090417 -1.636161 0.608465 0.901940
 11   6.790465 -0.619039 0.017802 0.001965 -0.011708 -0.978368
 12   -2.022474 -0.104699 -2.873818 -1.480935 0.940633 -4.829061
 13   1.167898 -0.537463 0.063297 1.198022 -0.806131 -1.007995
 14   7.002743 -0.617765 -0.183752 0.000172 0.000023 -1.628575
 15   8.209042 0.615527 -0.255885 1.320444 0.387768 -0.031038
 16   7.002735 -0.617911 -0.183641 0.013450 0.008834 -1.158652
 17   1.574674 0.609930 -0.000899 0.309810 0.197816 0.512605
 18   -0.602177 0.511412 -0.000006 0.000000 0.000000 0.000000
 19   3.673773 0.177020 1.119313 -0.000002 -0.000014 -0.174510
 20   3.673767 0.176993 -1.117566 0.000007 -0.000003 -0.174546
 21   3.942357 1.330634 1.627658 0.000002 -0.000011 -0.000026
 22   -0.246060 -0.011889 0.516521 -0.000011 0.000031 0.000025
 23   3.942374 1.330659 -1.631083 0.000019 0.000002 -0.000024
 24   -0.246150 -0.011872 -0.516511 -0.000005 -0.000006 0.000048
 25   4.941364 1.997338 1.629330 0.000018 -0.000001 -0.000024
 26   4.941382 1.997366 -1.629410 -0.000001 0.000005 -0.000024
 27   2.918368 1.615358 1.514501 -0.000019 -0.000022 -0.000050
 28   2.920798 1.614964 -1.501142 -0.000002 -0.000009 -0.000024
 29   8.824059 0.150544 0.091743 0.000006 -0.000231 -0.174534
 30   2.111085 -0.561179 1.784320 -0.000008 -0.000682 0.000024
 31   2.121290 -0.561289 -1.853599 0.000000 0.000000 -0.000002
 32   -0.810489 -0.093824 3.127092 3.071872 -0.114782 1.239365
 33   14.298673 -0.408176 0.475484 0.000248 0.000062 -1.896136
 34   15.835795 0.581398 0.242756 -0.214729 0.106889 -0.097869
 35   -0.815868 -0.091229 -3.114430 0.066464 3.132725 -1.010185
 36   14.294526 -0.410349 -0.463635 0.000033 -0.000000 -2.607695
 37   15.834409 0.579420 -0.284600 -0.006092 -0.035255 0.214458
 38   1.139685 -3.453749 -2.823813 0.000000 0.000000 0.000001
 39   -4.457742 -1.054854 -0.746180 0.000000 0.000000 0.000000
 40   1.118101 -3.449769 3.237290 0.000000 0.000001 0.000000
 41   -4.433840 -1.059130 0.959566 -0.000001 0.000000 0.000000
 42   -0.657468 1.697302 -2.688614 0.000000 0.000002 0.000000
 43   -0.664068 1.698578 2.869377 0.000000 0.000002 0.000000
time 7
  0   -0.967547 0.175787 -20.574476 0.000000 0.000000 -1.572114
  1   -1.093036 0.000002 -0.326057 -0.001092 -1.569036 -1.569635
  2   2.262337 0.113614 0.064702 -0.070847 0.126630 -0.053285
  3   2.380047 0.353302 0.047440 0.012571 -0.100926 -0.020202
  4   2.033756 0.190472 -0.000128 0.156660 -0.130057 0.089469
  5   2.451511 0.204909 -0.003447 0.019188 -0.164048 0.155490
  6   7.247600 -0.397300 -0.109469 -0.091897 0.032679 0.231838
  7   -2.022252 -0.104661 3.136172 0.993095 -1.311330 -4.355906
  8   1.168026 -0.537438 -0.063437 0.957098 0.755536 0.738819
  9   6.790376 -0.619176 0.015206 -0.000102 -0.000151 -1.408602
 10   8.637599 0.544015 -0.090417 -1.430617 0.594668 0.891233
 11   6.790465 -0.619039 0.017802 0.002111 -0.011708 -1.001265
 12   -2.022474 -0.104699 -2.873818 -1.475091 0.944145 -4.821976
 13   1.167898 -0.537463 0.063297 1.274713 -0.866239 -0.962836
 14   7.002743 -0.617765 -0.183752 0.000172 0.000023 -1.659597
 15   8.209042 0.615527 -0.255885 1.422186 0.337984 -0.077584
 16   7.002735 -0.617911 -0.183641 0.013403 0.009003 -1.180454
 17   1.574674 0.609930 -0.000899 0.292871 0.258285 0.505471
 18   -0.602177 0.511412 -0.000006 0.000000 0.000000 0.000000
 19   3.673773 0.177020 1.119313 -0.000002 -0.000014 -0.174510
 20   3.673767 0.176993 -1.117566 0.000007 -0.000003 -0.174546
 21   3.942357 1.330634 1.627658 0.000002 -0.000011 -0.000026
 22   -0.246060 -0.011889 0.516521 -0.000011 0.000031 0.000025
 23   3.942374 1.330659 -1.631083 0.000019 0.000002 -0.000024
 24   -0.246150 -0.011872 -0.516511 -0.000005 -0.000006 0.000048
 25   4.941364 1.997338 1.629330 0.000018 -0.000001 -0.000024
 26   4.941382 1.997366 -1.629410 -0.000001 0.000005 -0.000024
 27   2.918368 1.615358 1.514501 -0.000019 -0.000022 -0.000050
 28   2.920798 1.614964 -1.501142 -0.000002 -0.000009 -0.000024
 29   8.824059 0.150544 0.091743 0.000006 -0.000231 -0.174534
 30   2.111085 -0.561179 1.784320 -0.000008 -0.000682 0.000024
 31   2.121290 -0.561289 -1.853599 0.000000 0.000000 -0.000002
 32   -0.810489 -0.093824 3.127092 3.071872 -0.114782 1.239365
 33   14.298673 -0.408176 0.475484 0.000248 0.000062 -1.896136
 34   15.835795 0.581398 0.242756 -0.214729 0.106889 -0.097869
 35   -0.815868 -0.091229 -3.114430 0.066464 3.132725 -1.010185
 36   14.294526 -0.410349 -0.463635 0.000033 -0.000000 -2.607695
 37   15.834409 0.579420 -0.284600 -0.006092 -0.035255 0.214458
 38   1.139685 -3.453749 -2.823813 0.000000 0.000000 0.000001
 39   -4.457742 -1.054854 -0.746180 0.000000 0.000000 0.000000
 40   1.118101 -3.449769 3.237290 0.000000 0.000001 0.000000
 41   -4.433840 -1.059130 0.959566 -0.000001 0.000000 0.000000
 42   -0.657468 1.697302 -2.688614 0.000000 0.000002 0.000000
 43   -0.664068 1.698578 2.869377 0.000000 0.000002 0.000000
time 8
  0   -0.967547 0.175787 -20.574476 0.000000 0.000000 -1.572114
  1   -1.093036 0.000002 -0.326057 -0.001039 -1.569036 -1.569635
  2   2.262337 0.113614 0.064702 -0.071140 0.129914 -0.054532
  3   2.380047 0.353302 0.047440 0.011611 -0.103323 -0.016529
  4   2.033756 0.190472 -0.000128 0.191037 -0.141047 0.094181
  5   2.451511 0.204909 -0.003447 0.033104 -0.178723 0.153211
  6   7.247600 -0.397300 -0.109469 -0.091897 0.032679 0.231838
  7   -2.022252 -0.104661 3.136172 0.933855 -1.316288 -4.296834
  8   1.168026 -0.537438 -0.063437 0.997661 0.666882 0.743437
  9   6.790376 -0.619176 0.015206 -0.000102 -0.000151 -1.422337
 10   8.637599 0.544015 -0.090417 -1.352504 0.582209 0.881033
 11   6.790465 -0.619039 0.017802 0.002140 -0.011708 -1.010839
 12   -2.022474 -0.104699 -2.873818 -1.459570 0.986491 -4.807232
 13   1.167898 -0.537463 0.063297 1.444403 -0.913634 -1.003576
 14   7.002743 -0.617765 -0.183752 0.000172 0.000023 -1.667023
 15   8.209042 0.615527 -0.255885 1.626822 0.261795 -0.109577
 16   7.002735 -0.617911 -0.183641 0.013356 0.009116 -1.185531
 17   1.574674 0.609930 -0.000899 0.258588 0.311701 0.469878
 18   -0.602177 0.511412 -0.000006 0.000000 0.000000 0.000000
 19   3.673773 0.177020 1.119313 -0.000002 -0.000014 -0.174510
 20   3.673767 0.176993 -1.117566 0.000007 -0.000003 -0.174546
 21   3.942357 1.330634 1.627658 0.000002 -0.000011 -0.000026
 22   -0.246060 -0.011889 0.516521 -0.000011 0.000031 0.000025
 23   3.942374 1.330659 -1.631083 0.000019 0.000002 -0.000024
 24   -0.246150 -0.011872 -0.516511 -0.000005 -0.000006 0.000048
 25   4.941364 1.997338 1.629330 0.000018 -0.000001 -0.000024
 26   4.941382 1.997366 -1.629410 -0.000001 0.000005 -0.000024
 27   2.918368 1.615358 1.514501 -0.000019 -0.000022 -0.000050
 28   2.920798 1.614964 -1.501142 -0.000002 -0.000009 -0.000024
 29   8.824059 0.150544 0.091743 0.000006 -0.000231 -0.174534
 30   2.111085 -0.561179 1.784320 -0.000008 -0.000682 0.000024
 31   2.121290 -0.561289 -1.853599 0.000000 0.000000 -0.000002
 32   -0.810489 -0.093824 3.127092 3.071872 -0.114782 1.239365
 33   14.298673 -0.408176 0.475484 0.000248 0.000062 -1.896136
 34   15.835795 0.581398 0.242756 -0.214729 0.106889 -0.097869
 35   -0.815868 -0.091229 -3.114430 0.066464 3.132725 -1.010185
 36   14.294526 -0.410349 -0.463635 0.000033 -0.000000 -2.607695
 37   15.834409 0.579420 -0.284600 -0.006092 -0.035255 0.214458
 38   1.139685 -3.453749 -2.823813 0.000000 0.000000 0.000001
 39   -4.457742 -1.054854 -0.746180 0.000000 0.000000 0.000000
 40   1.118101 -3.449769 3.237290 0.000000 0.000001 0.000000
 41   -4.433840 -1.059130 0.959566 -0.000001 0.000000 0.000000
 42   -0.657468 1.697302 -2.688614 0.000000 0.000002 0.000000
 43   -0.664068 1.698578 2.869377 0.000000 0.000002 0.000000
time 9
  0   -0.967547 0.175787 -20.574476 0.000000 0.000000 -1.572114
  1   -1.093036 0.000002 -0.326057 -0.001039 -1.569036 -1.569635
  2   2.262337 0.113614 0.064702 -0.071471 0.132239 -0.055653
  3   2.380047 0.353302 0.047440 0.010861 -0.105301 -0.013162
  4   2.033756 0.190472 -0.000128 0.220674 -0.148117 0.099038
  5   2.451511 0.204909 -0.003447 0.044675 -0.187653 0.151527
  6   7.247600 -0.397300 -0.109469 -0.091897 0.032679 0.231838
  7   -2.022252 -0.104661 3.136172 0.933855 -1.316288 -4.296834
  8   1.168026 -0.537438 -0.063437 1.003863 0.643033 0.719271
  9   6.790376 -0.619176 0.015206 -0.000102 -0.000151 -1.424450
 10   8.637599 0.544015 -0.090417 -1.350743 0.569609 0.873798
 11   6.790465 -0.619039 0.017802 0.002140 -0.011708 -1.012281
 12   -2.022474 -0.104699 -2.873818 -1.454492 1.028198 -4.804934
 13   1.167898 -0.537463 0.063297 1.553008 -0.934026 -1.044679
 14   7.002743 -0.617765 -0.183752 0.000172 0.000023 -1.677006
 15   8.209042 0.615527 -0.255885 1.759339 0.237962 -0.126957
 16   7.002735 -0.617911 -0.183641 0.013356 0.009116 -1.192596
 17   1.574674 0.609930 -0.000899 0.132340 0.352313 0.295459
 18   -0.602177 0.511412 -0.000006 0.000000 0.000000 0.000000
 19   3.673773 0.177020 1.119313 -0.000002 -0.000014 -0.174510
 20   3.673767 0.176993 -1.117566 0.000007 -0.000003 -0.174546
 21   3.942357 1.330634 1.627658 0.000002 -0.000011 -0.000026
 22   -0.246060 -0.011889 0.516521 -0.000011 0.000031 0.000025
 23   3.942374 1.330659 -1.631083 0.000019 0.000002 -0.000024
 24   -0.246150 -0.011872 -0.516511 -0.000005 -0.000006 0.000048
 25   4.941364 1.997338 1.629330 0.000018 -0.000001 -0.000024
 26   4.941382 1.997366 -1.629410 -0.000001 0.000005 -0.000024
 27   2.918368 1.615358 1.514501 -0.000019 -0.000022 -0.000050
 28   2.920798 1.614964 -1.501142 -0.000002 -0.000009 -0.000024
 29   8.824059 0.150544 0.091743 0.000006 -0.000231 -0.174534
 30   2.111085 -0.561179 1.784320 -0.000008 -0.000682 0.000024
 31   2.121290 -0.561289 -1.853599 0.000000 0.000000 -0.000002
 32   -0.810489 -0.093824 3.127092 3.071872 -0.114782 1.239365
 33   14.298673 -0.408176 0.475484 0.000248 0.000062 -1.896136
 34   15.835795 0.581398 0.242756 -0.214729 0.106889 -0.097869
 35   -0.815868 -0.091229 -3.114430 0.066464 3.132725 -1.010185
 36   14.294526 -0.410349 -0.463635 0.000033 -0.000000 -2.607695
 37   15.834409 0.579420 -0.284600 -0.006092 -0.035255 0.214458
 38   1.139685 -3.453749 -2.823813 0.000000 0.000000 0.000001
 39   -4.457742 -1.054854 -0.746180 0.000000 0.000000 0.000000
 40   1.118101 -3.449769 3.237290 0.000000 0.000001 0.000000
 41   -4.433840 -1.059130 0.959566 -0.000001 0.000000 0.000000
 42   -0.657468 1.697302 -2.688614 0.000000 0.000002 0.000000
 43   -0.664068 1.698578 2.869377 0.000000 0.000002 0.000000
time 10
  0   -0.967547 0.175787 -20.574476 0.000000 0.000000 -1.572114
  1   -1.093036 0.000002 -0.326057 -0.001039 -1.569036 -1.569635
  2   2.262337 0.113614 0.064702 -0.071713 0.133233 -0.056556
  3   2.380047 0.353302 0.047440 0.011716 -0.106859 -0.010754
  4   2.033756 0.190472 -0.000128 0.243801 -0.149316 0.104475
  5   2.451511 0.204909 -0.003447 0.053456 -0.188279 0.151156
  6   7.247600 -0.397300 -0.109469 -0.091897 0.032679 0.231838
  7   -2.022252 -0.104661 3.136172 0.933855 -1.316288 -4.296834
  8   1.168026 -0.537438 -0.063437 1.013228 0.632769 0.703456
  9   6.790376 -0.619176 0.015206 -0.000102 -0.000151 -1.426261
 10   8.637599 0.544015 -0.090417 -1.348893 0.558206 0.867504
 11   6.790465 -0.619039 0.017802 0.002169 -0.011708 -1.013665
 12   -2.022474 -0.104699 -2.873818 -1.471067 1.059283 -4.826859
 13   1.167898 -0.537463 0.063297 1.548228 -0.931992 -1.040926
 14   7.002743 -0.617765 -0.183752 0.000172 0.000023 -1.702995
 15   8.209042 0.615527 -0.255885 1.788675 0.275035 -0.114448
 16   7.002735 -0.617911 -0.183641 0.013309 0.009285 -1.210810
 17   1.574674 0.609930 -0.000899 -0.066942 0.333853 0.018510
 18   -0.602177 0.511412 -0.000006 0.000000 0.000000 0.000000
 19   3.673773 0.177020 1.119313 -0.000002 -0.000014 -0.174510
 20   3.673767 0.176993 -1.117566 0.000007 -0.000003 -0.174546
 21   3.942357 1.330634 1.627658 0.000002 -0.000011 -0.000026
 22   -0.246060 -0.011889 0.516521 -0.000011 0.000031 0.000025
 23   3.942374 1.330659 -1.631083 0.000019 0.000002 -0.000024
 24   -0.246150 -0.011872 -0.516511 -0.000005 -0.000006 0.000048
 25   4.941364 1.997338 1.629330 0.000018 -0.000001 -0.000024
 26   4.941382 1.997366 -1.629410 -0.000001 0.000005 -0.000024
 27   2.918368 1.615358 1.514501 -0.000019 -0.000022 -0.000050
 28   2.920798 1.614964 -1.501142 -0.000002 -0.000009 -0.000024
 29   8.824059 0.150544 0.091743 0.000006 -0.000231 -0.174534
 30   2.111085 -0.561179 1.784320 -0.000008 -0.000682 0.000024
 31   2.121290 -0.561289 -1.853599 0.000000 0.000000 -0.000002
 32   -0.810489 -0.093824 3.127092 3.071872 -0.114782 1.239365
 33   14.298673 -0.408176 0.475484 0.000248 0.000062 -1.896136
 34   15.835795 0.581398 0.242756 -0.214729 0.106889 -0.097869
 35   -0.815868 -0.091229 -3.114430 0.066464 3.132725 -1.010185
 36   14.294526 -0.410349 -0.463635 0.000033 -0.000000 -2.607695
 37   15.834409 0.579420 -0.284600 -0.006092 -0.035255 0.214458
 38   1.139685 -3.453749 -2.823813 0.000000 0.000000 0.000001
 39   -4.457742 -1.054854 -0.746180 0.000000 0.000000 0.000000
 40   1.118101 -3.449769 3.237290 0.000000 0.000001 0.000000
 41   -4.433840 -1.059130 0.959566 -0.000001 0.000000 0.000000
 42   -0.657468 1.697302 -2.688614 0.000000 0.000002 0.000000
 43   -0.664068 1.698578 2.869377 0.000000 0.000002 0.000000
time 11
  0   -0.967547 0.175787 -20.574476 0.000000 0.000000 -1.572114
  1   -1.093036 0.000002 -0.326057 -0.001039 -1.569036 -1.569635
  2   2.262337 0.113614 0.064702 -0.071905 0.129542 -0.057080
  3   2.380047 0.353302 0.047440 0.014941 -0.107290 -0.009346
  4   2.033756 0.190472 -0.000128 0.245645 -0.127516 0.113718
  5   2.451511 0.204909 -0.003447 0.050512 -0.154622 0.156381
  6   7.247600 -0.397300 -0.109469 -0.091897 0.032679 0.231838
  7   -2.022252 -0.104661 3.136172 1.146468 -1.334247 -4.514525
  8   1.168026 -0.537438 -0.063437 1.076888 0.651033 0.775573
  9   6.790376 -0.619176 0.015206 -0.000102 -0.000151 -1.557650
 10   8.637599 0.544015 -0.090417 -1.294293 0.533147 0.848261
 11   6.790465 -0.619039 0.017802 0.002753 -0.011793 -1.105599
 12   -2.022474 -0.104699 -2.873818 -1.500671 1.093038 -4.863049
 13   1.167898 -0.537463 0.063297 1.432383 -0.908651 -0.989653
 14   7.002743 -0.617765 -0.183752 0.000172 0.000023 -1.735337
 15   8.209042 0.615527 -0.255885 1.802193 0.330191 -0.081794
 16   7.002735 -0.617911 -0.183641 0.013262 0.009454 -1.233273
 17   1.574674 0.609930 -0.000899 -0.170320 0.239801 -0.139831
 18   -0.602177 0.511412 -0.000006 0.000000 0.000000 0.000000
 19   3.673773 0.177020 1.119313 -0.000002 -0.000014 -0.174510
 20   3.673767 0.176993 -1.117566 0.000007 -0.000003 -0.174546
 21   3.942357 1.330634 1.627658 0.000002 -0.000011 -0.000026
 22   -0.246060 -0.011889 0.516521 -0.000011 0.000031 0.000025
 23   3.942374 1.330659 -1.631083 0.000019 0.000002 -0.000024
 24   -0.246150 -0.011872 -0.516511 -0.000005 -0.000006 0.000048
 25   4.941364 1.997338 1.629330 0.000018 -0.000001 -0.000024
 26   4.941382 1.997366 -1.629410 -0.000001 0.000005 -0.000024
 27   2.918368 1.615358 1.514501 -0.000019 -0.000022 -0.000050
 28   2.920798 1.614964 -1.501142 -0.000002 -0.000009 -0.000024
 29   8.824059 0.150544 0.091743 0.000006 -0.000231 -0.174534
 30   2.111085 -0.561179 1.784320 -0.000008 -0.000682 0.000024
 31   2.121290 -0.561289 -1.853599 0.000000 0.000000 -0.000002
 32   -0.810489 -0.093824 3.127092 3.071872 -0.114782 1.239365
 33   14.298673 -0.408176 0.475484 0.000248 0.000062 -1.896136
 34   15.835795 0.581398 0.242756 -0.214729 0.106889 -0.097869
 35   -0.815868 -0.091229 -3.114430 0.066464 3.132725 -1.010185
 36   14.294526 -0.410349 -0.463635 0.000033 -0.000000 -2.607695
 37   15.834409 0.579420 -0.284600 -0.006092 -0.035255 0.214458
 38   1.139685 -3.453749 -2.823813 0.000000 0.000000 0.000001
 39   -4.457742 -1.054854 -0.746180 0.000000 0.000000 0.000000
 40   1.118101 -3.449769 3.237290 0.000000 0.000001 0.000000
 41   -4.433840 -1.059130 0.959566 -0.000001 0.000000 0.000000
 42   -0.657468 1.697302 -2.688614 0.000000 0.000002 0.000000
 43   -0.664068 1.698578 2.869377 0.000000 0.000002 0.000000
time 12
  0   -0.967547 0.175787 -20.574476 0.000000 0.000000 -1.572114
  1   -1.093036 0.000002 -0.326057 -0.001039 -1.569036 -1.569635
  2   2.262337 0.113614 0.064702 -0.071981 0.121644 -0.057207
  3   2.380047 0.353302 0.047440 0.016561 -0.106140 -0.007999
  4   2.033756 0.190472 -0.000128 0.225137 -0.086085 0.125498
  5   2.451511 0.204909 -0.003447 0.034799 -0.093927 0.165842
  6   7.247600 -0.397300 -0.109469 -0.091897 0.032679 0.231838
  7   -2.022252 -0.104661 3.136172 1.581663 -1.334304 -4.960427
  8   1.168026 -0.537438 -0.063437 1.202310 0.679511 0.938848
  9   6.790376 -0.619176 0.015206 -0.000102 -0.000151 -1.800278
 10   8.637599 0.544015 -0.090417 -1.194956 0.499219 0.815272
 11   6.790465 -0.619039 0.017802 0.003892 -0.011850 -1.275509
 12   -2.022474 -0.104699 -2.873818 -1.541581 1.126793 -4.910058
 13   1.167898 -0.537463 0.063297 1.242027 -0.859171 -0.926031
 14   7.002743 -0.617765 -0.183752 0.000172 0.000023 -1.769907
 15   8.209042 0.615527 -0.255885 1.804350 0.396393 -0.039938
 16   7.002735 -0.617911 -0.183641 0.013215 0.009680 -1.257613
 17   1.574674 0.609930 -0.000899 -0.159800 0.126129 -0.167700
 18   -0.602177 0.511412 -0.000006 0.000000 0.000000 0.000000
 19   3.673773 0.177020 1.119313 -0.000002 -0.000014 -0.174510
 20   3.673767 0.176993 -1.117566 0.000007 -0.000003 -0.174546
 21   3.942357 1.330634 1.627658 0.000002 -0.000011 -0.000026
 22   -0.246060 -0.011889 0.516521 -0.000011 0.000031 0.000025
 23   3.942374 1.330659 -1.631083 0.000019 0.000002 -0.000024
 24   -0.246150 -0.011872 -0.516511 -0.000005 -0.000006 0.000048
 25   4.941364 1.997338 1.629330 0.000018 -0.000001 -0.000024
 26   4.941382 1.997366 -1.629410 -0.000001 0.000005 -0.000024
 27   2.918368 1.615358 1.514501 -0.000019 -0.000022 -0.000050
 28   2.920798 1.614964 -1.501142 -0.000002 -0.000009 -0.000024
 29   8.824059 0.150544 0.091743 0.000006 -0.000231 -0.174534
 30   2.111085 -0.561179 1.784320 -0.000008 -0.000682 0.000024
 31   2.121290 -0.561289 -1.853599 0.000000 0.000000 -0.000002
 32   -0.810489 -0.093824 3.127092 3.071872 -0.114782 1.239365
 33   14.298673 -0.408176 0.475484 0.000248 0.000062 -1.896136
 34   15.835795 0.581398 0.242756 -0.214729 0.106889 -0.097869
 35   -0.815868 -0.091229 -3.114430 0.066464 3.132725 -1.010185
 36   14.294526 -0.410349 -0.463635 0.000033 -0.000000 -2.607695
 37   15.834409 0.579420 -0.284600 -0.006092 -0.035255 0.214458
 38   1.139685 -3.453749 -2.823813 0.000000 0.000000 0.000001
 39   -4.457742 -1.054854 -0.746180 0.000000 0.000000 0.000000
 40   1.118101 -3.449769 3.237290 0.000000 0.000001 0.000000
 41   -4.433840 -1.059130 0.959566 -0.000001 0.000000 0.000000
 42   -0.657468 1.697302 -2.688614 0.000000 0.000002 0.000000
 43   -0.664068 1.698578 2.869377 0.000000 0.000002 0.000000
time 13
  0   -0.967547 0.175787 -20.574476 0.000000 0.000000 -1.572114
  1   -1.093036 0.000002 -0.326057 -0.001039 -1.569036 -1.569635
  2   2.262337 0.113614 0.064702 -0.072006 0.114298 -0.057315
  3   2.380047 0.353302 0.047440 0.010171 -0.103994 -0.005714
  4   2.033756 0.190472 -0.000128 0.200996 -0.054554 0.135611
  5   2.451511 0.204909 -0.003447 0.017682 -0.053598 0.172479
  6   7.247600 -0.397300 -0.109469 -0.091897 0.032679 0.231838
  7   -2.022252 -0.104661 3.136172 1.792934 -1.316547 -5.178963
  8   1.168026 -0.537438 -0.063437 1.289131 0.699838 1.068722
  9   6.790376 -0.619176 0.015206 -0.000102 -0.000151 -1.931667
 10   8.637599 0.544015 -0.090417 -1.141853 0.479228 0.793062
 11   6.790465 -0.619039 0.017802 0.004505 -0.011907 -1.367443
 12   -2.022474 -0.104699 -2.873818 -1.588239 1.158052 -4.962141
 13   1.167898 -0.537463 0.063297 1.100595 -0.805114 -0.924578
 14   7.002743 -0.617765 -0.183752 0.000172 0.000023 -1.801589
 15   8.209042 0.615527 -0.255885 1.798166 0.466605 -0.000428
 16   7.002735 -0.617911 -0.183641 0.013168 0.009849 -1.279801
 17   1.574674 0.609930 -0.000899 -0.123038 0.039319 -0.181819
 18   -0.602177 0.511412 -0.000006 0.000000 0.000000 0.000000
 19   3.673773 0.177020 1.119313 -0.000002 -0.000014 -0.174510
 20   3.673767 0.176993 -1.117566 0.000007 -0.000003 -0.174546
 21   3.942357 1.330634 1.627658 0.000002 -0.000011 -0.000026
 22   -0.246060 -0.011889 0.516521 -0.000011 0.000031 0.000025
 23   3.942374 1.330659 -1.631083 0.000019 0.000002 -0.000024
 24   -0.246150 -0.011872 -0.516511 -0.000005 -0.000006 0.000048
 25   4.941364 1.997338 1.629330 0.000018 -0.000001 -0.000024
 26   4.941382 1.997366 -1.629410 -0.000001 0.000005 -0.000024
 27   2.918368 1.615358 1.514501 -0.000019 -0.000022 -0.000050
 28   2.920798 1.614964 -1.501142 -0.000002 -0.000009 -0.000024
 29   8.824059 0.150544 0.091743 0.000006 -0.000231 -0.174534
 30   2.111085 -0.561179 1.784320 -0.000008 -0.000682 0.000024
 31   2.121290 -0.561289 -1.853599 0.000000 0.000000 -0.000002
 32   -0.810489 -0.093824 3.127092 3.071872 -0.114782 1.239365
 33   14.298673 -0.408176 0.475484 0.000248 0.000062 -1.896136
 34   15.835795 0.581398 0.242756 -0.214729 0.106889 -0.097869
 35   -0.815868 -0.091229 -3.114430 0.066464 3.132725 -1.010185
 36   14.294526 -0.410349 -0.463635 0.000033 -0.000000 -2.607695
 37   15.834409 0.579420 -0.284600 -0.006092 -0.035255 0.214458
 38   1.139685 -3.453749 -2.823813 0.000000 0.000000 0.000001
 39   -4.457742 -1.054854 -0.746180 0.000000 0.000000 0.000000
 40   1.118101 -3.449769 3.237290 0.000000 0.000001 0.000000
 41   -4.433840 -1.059130 0.959566 -0.000001 0.000000 0.000000
 42   -0.657468 1.697302 -2.688614 0.000000 0.000002 0.000000
 43   -0.664068 1.698578 2.869377 0.000000 0.000002 0.000000
time 14
  0   -0.967547 0.175787 -20.574476 0.000000 0.000000 -1.572114
  1   -1.093036 0.000002 -0.326057 -0.001092 -1.569036 -1.569635
  2   2.262337 0.113614 0.064702 -0.072057 0.108653 -0.057568
  3   2.380047 0.353302 0.047440 -0.014656 -0.099296 -0.001143
  4   2.033756 0.190472 -0.000128 0.171451 -0.045661 0.143803
  5   2.451511 0.204909 -0.003447 -0.002636 -0.059826 0.174336
  6   7.247600 -0.397300 -0.109469 -0.091897 0.032679 0.231838
  7   -2.022252 -0.104661 3.136172 1.738582 -1.335601 -5.122052
  8   1.168026 -0.537438 -0.063437 1.276981 0.714077 1.113384
  9   6.790376 -0.619176 0.015206 -0.000102 -0.000151 -1.915668
 10   8.637599 0.544015 -0.090417 -1.157704 0.451987 0.737574
 11   6.790465 -0.619039 0.017802 0.004388 -0.011907 -1.356254
 12   -2.022474 -0.104699 -2.873818 -1.633460 1.184870 -5.010394
 13   1.167898 -0.537463 0.063297 1.045273 -0.768398 -1.013322
 14   7.002743 -0.617765 -0.183752 0.000172 0.000023 -1.825928
 15   8.209042 0.615527 -0.255885 1.783714 0.533942 0.025371
 16   7.002735 -0.617911 -0.183641 0.013121 0.010018 -1.296800
 17   1.574674 0.609930 -0.000899 -0.049557 0.010185 -0.180304
 18   -0.602177 0.511412 -0.000006 0.000000 0.000000 0.000000
 19   3.673773 0.177020 1.119313 -0.000002 -0.000014 -0.174510
 20   3.673767 0.176993 -1.117566 0.000007 -0.000003 -0.174546
 21   3.942357 1.330634 1.627658 0.000002 -0.000011 -0.000026
 22   -0.246060 -0.011889 0.516521 -0.000011 0.000031 0.000025
 23   3.942374 1.330659 -1.631083 0.000019 0.000002 -0.000024
 24   -0.246150 -0.011872 -0.516511 -0.000005 -0.000006 0.000048
 25   4.941364 1.997338 1.629330 0.000018 -0.000001 -0.000024
 26   4.941382 1.997366 -1.629410 -0.000001 0.000005 -0.000024
 27   2.918368 1.615358 1.514501 -0.000019 -0.000022 -0.000050
 28   2.920798 1.614964 -1.501142 -0.000002 -0.000009 -0.000024
 29   8.824059 0.150544 0.091743 0.000006 -0.000231 -0.174534
 30   2.111085 -0.561179 1.784320 -0.000008 -0.000682 0.000024
 31   2.121290 -0.561289 -1.853599 0.000000 0.000000 -0.000002
 32   -0.810489 -0.093824 3.127092 3.071872 -0.114782 1.239365
 33   14.298673 -0.408176 0.475484 0.000248 0.000062 -1.896136
 34   15.835795 0.581398 0.242756 -0.214729 0.106889 -0.097869
 35   -0.815868 -0.091229 -3.114430 0.066464 3.132725 -1.010185
 36   14.294526 -0.410349 -0.463635 0.000033 -0.000000 -2.607695
 37   15.834409 0.579420 -0.284600 -0.006092 -0.035255 0.214458
 38   1.139685 -3.453749 -2.823813 0.000000 0.000000 0.000001
 39   -4.457742 -1.054854 -0.746180 0.000000 0.000000 0.000000
 40   1.118101 -3.449769 3.237290 0.000000 0.000001 0.000000
 41   -4.433840 -1.059130 0.959566 -0.000001 0.000000 0.000000
 42   -0.657468 1.697302 -2.688614 0.000000 0.000002 0.000000
 43   -0.664068 1.698578 2.869377 0.000000 0.000002 0.000000
time 15
  0   -0.967547 0.175787 -20.574476 0.000000 0.000000 -1.572114
  1   -1.093036 0.000002 -0.326057 -0.001039 -1.569036 -1.569635
  2   2.262337 0.113614 0.064702 -0.072147 0.103775 -0.057695
  3   2.380047 0.353302 0.047440 -0.047523 -0.093304 0.004244
  4   2.033756 0.190472 -0.000128 0.137627 -0.046632 0.150944
  5   2.451511 0.204909 -0.003447 -0.025299 -0.086446 0.174906
  6   7.247600 -0.397300 -0.109469 -0.091897 0.032679 0.231838
  7   -2.022252 -0.104661 3.136172 1.555590 -1.378956 -4.933286
  8   1.168026 -0.537438 -0.063437 1.219839 0.719712 1.099593
  9   6.790376 -0.619176 0.015206 -0.000102 -0.000151 -1.873104
 10   8.637599 0.544015 -0.090417 -1.192578 0.392155 0.612708
 11   6.790465 -0.619039 0.017802 0.004213 -0.011850 -1.326436
 12   -2.022474 -0.104699 -2.873818 -1.664693 1.206028 -5.043616
 13   1.167898 -0.537463 0.063297 1.024326 -0.744650 -1.130033
 14   7.002743 -0.617765 -0.183752 0.000172 0.000023 -1.837809
 15   8.209042 0.615527 -0.255885 1.760058 0.590838 0.024409
 16   7.002735 -0.617911 -0.183641 0.013121 0.010018 -1.305134
 17   1.574674 0.609930 -0.000899 0.042814 0.004789 -0.169400
 18   -0.602177 0.511412 -0.000006 0.000000 0.000000 0.000000
 19   3.673773 0.177020 1.119313 -0.000002 -0.000014 -0.174510
 20   3.673767 0.176993 -1.117566 0.000007 -0.000003 -0.174546
 21   3.942357 1.330634 1.627658 0.000002 -0.000011 -0.000026
 22   -0.246060 -0.011889 0.516521 -0.000011 0.000031 0.000025
 23   3.942374 1.330659 -1.631083 0.000019 0.000002 -0.000024
 24   -0.246150 -0.011872 -0.516511 -0.000005 -0.000006 0.000048
 25   4.941364 1.997338 1.629330 0.000018 -0.000001 -0.000024
 26   4.941382 1.997366 -1.629410 -0.000001 0.000005 -0.000024
 27   2.918368 1.615358 1.514501 -0.000019 -0.000022 -0.000050
 28   2.920798 1.614964 -1.501142 -0.000002 -0.000009 -0.000024
 29   8.824059 0.150544 0.091743 0.000006 -0.000231 -0.174534
 30   2.111085 -0.561179 1.784320 -0.000008 -0.000682 0.000024
 31   2.121290 -0.561289 -1.853599 0.000000 0.000000 -0.000002
 32   -0.810489 -0.093824 3.127092 3.071872 -0.114782 1.239365
 33   14.298673 -0.408176 0.475484 0.000248 0.000062 -1.896136
 34   15.835795 0.581398 0.242756 -0.214729 0.106889 -0.097869
 35   -0.815868 -0.091229 -3.114430 0.066464 3.132725 -1.010185
 36   14.294526 -0.410349 -0.463635 0.000033 -0.000000 -2.607695
 37   15.834409 0.579420 -0.284600 -0.006092 -0.035255 0.214458
 38   1.139685 -3.453749 -2.823813 0.000000 0.000000 0.000001
 39   -4.457742 -1.054854 -0.746180 0.000000 0.000000 0.000000
 40   1.118101 -3.449769 3.237290 0.000000 0.000001 0.000000
 41   -4.433840 -1.059130 0.959566 -0.000001 0.000000 0.000000
 42   -0.657468 1.697302 -2.688614 0.000000 0.000002 0.000000
 43   -0.664068 1.698578 2.869377 0.000000 0.000002 0.000000
time 16
  0   -0.967547 0.175787 -20.574476 0.000000 0.000000 -1.572114
  1   -1.093036 0.000002 -0.326057 -0.001092 -1.569036 -1.569635
  2   2.262337 0.113614 0.064702 -0.072223 0.101630 -0.057948
  3   2.380047 0.353302 0.047440 -0.064114 -0.090548 0.007325
  4   2.033756 0.190472 -0.000128 0.121545 -0.048969 0.154713
  5   2.451511 0.204909 -0.003447 -0.036699 -0.102883 0.176169
  6   7.247600 -0.397300 -0.109469 -0.091897 0.032679 0.231838
  7   -2.022252 -0.104661 3.136172 1.173020 -1.419400 -4.546832
  8   1.168026 -0.537438 -0.063437 1.159849 0.725850 1.017481
  9   6.790376 -0.619176 0.015206 -0.000102 -0.000151 -1.817107
 10   8.637599 0.544015 -0.090417 -1.226395 0.311699 0.459555
 11   6.790465 -0.619039 0.017802 0.003921 -0.011850 -1.287217
 12   -2.022474 -0.104699 -2.873818 -1.668238 1.220308 -5.046968
 13   1.167898 -0.537463 0.063297 1.001691 -0.741751 -1.184696
 14   7.002743 -0.617765 -0.183752 0.000172 0.000023 -1.833106
 15   8.209042 0.615527 -0.255885 1.724969 0.628441 -0.016304
 16   7.002735 -0.617911 -0.183641 0.013121 0.010018 -1.301712
 17   1.574674 0.609930 -0.000899 0.092330 0.000907 -0.152657
 18   -0.602177 0.511412 -0.000006 0.000000 0.000000 0.000000
 19   3.673773 0.177020 1.119313 -0.000002 -0.000014 -0.174510
 20   3.673767 0.176993 -1.117566 0.000007 -0.000003 -0.174546
 21   3.942357 1.330634 1.627658 0.000002 -0.000011 -0.000026
 22   -0.246060 -0.011889 0.516521 -0.000011 0.000031 0.000025
 23   3.942374 1.330659 -1.631083 0.000019 0.000002 -0.000024
 24   -0.246150 -0.011872 -0.516511 -0.000005 -0.000006 0.000048
 25   4.941364 1.997338 1.629330 0.000018 -0.000001 -0.000024
 26   4.941382 1.997366 -1.629410 -0.000001 0.000005 -0.000024
 27   2.918368 1.615358 1.514501 -0.000019 -0.000022 -0.000050
 28   2.920798 1.614964 -1.501142 -0.000002 -0.000009 -0.000024
 29   8.824059 0.150544 0.091743 0.000006 -0.000231 -0.174534
 30   2.111085 -0.561179 1.784320 -0.000008 -0.000682 0.000024
 31   2.121290 -0.561289 -1.853599 0.000000 0.000000 -0.000002
 32   -0.810489 -0.093824 3.127092 3.071872 -0.114782 1.239365
 33   14.298673 -0.408176 0.475484 0.000248 0.000062 -1.896136
 34   15.835795 0.581398 0.242756 -0.214729 0.106889 -0.097869
 35   -0.815868 -0.091229 -3.114430 0.066464 3.132725 -1.010185
 36   14.294526 -0.410349 -0.463635 0.000033 -0.000000 -2.607695
 37   15.834409 0.579420 -0.284600 -0.006092 -0.035255 0.214458
 38   1.139685 -3.453749 -2.823813 0.000000 0.000000 0.000001
 39   -4.457742 -1.054854 -0.746180 0.000000 0.000000 0.000000
 40   1.118101 -3.449769 3.237290 0.000000 0.000001 0.000000
 41   -4.433840 -1.059130 0.959566 -0.000001 0.000000 0.000000
 42   -0.657468 1.697302 -2.688614 0.000000 0.000002 0.000000
 43   -0.664068 1.698578 2.869377 0.000000 0.000002 0.000000
time 17
  0   -0.967547 0.175787 -20.574476 0.000000 0.000000 -1.572114
  1   -1.093036 0.000002 -0.326057 -0.001039 -1.569036 -1.569635
  2   2.262337 0.113614 0.064702 -0.072299 0.101702 -0.058418
  3   2.380047 0.353302 0.047440 -0.064444 -0.091111 0.008264
  4   2.033756 0.190472 -0.000128 0.121822 -0.049209 0.155656
  5   2.451511 0.204909 -0.003447 -0.036767 -0.081537 0.177655
  6   7.247600 -0.397300 -0.109469 -0.091897 0.032679 0.231838
  7   -2.022252 -0.104661 3.136172 0.650882 -1.426491 -4.022982
  8   1.168026 -0.537438 -0.063437 1.139346 0.745624 0.919301
  9   6.790376 -0.619176 0.015206 -0.000102 -0.000151 -1.761035
 10   8.637599 0.544015 -0.090417 -1.247002 0.228005 0.313998
 11   6.790465 -0.619039 0.017802 0.003658 -0.011850 -1.248056
 12   -2.022474 -0.104699 -2.873818 -1.582203 1.228667 -4.955439
 13   1.167898 -0.537463 0.063297 0.881980 -0.794028 -1.113144
 14   7.002743 -0.617765 -0.183752 0.000172 0.000023 -1.766029
 15   8.209042 0.615527 -0.255885 1.593243 0.643043 -0.235685
 16   7.002735 -0.617911 -0.183641 0.013215 0.009680 -1.254909
 17   1.574674 0.609930 -0.000899 0.096432 -0.029339 -0.132809
 18   -0.602177 0.511412 -0.000006 0.000000 0.000000 0.000000
 19   3.673773 0.177020 1.119313 -0.000002 -0.000014 -0.174510
 20   3.673767 0.176993 -1.117566 0.000007 -0.000003 -0.174546
 21   3.942357 1.330634 1.627658 0.000002 -0.000011 -0.000026
 22   -0.246060 -0.011889 0.516521 -0.000011 0.000031 0.000025
 23   3.942374 1.330659 -1.631083 0.000019 0.000002 -0.000024
 24   -0.246150 -0.011872 -0.516511 -0.000005 -0.000006 0.000048
 25   4.941364 1.997338 1.629330 0.000018 -0.000001 -0.000024
 26   4.941382 1.997366 -1.629410 -0.000001 0.000005 -0.000024
 27   2.918368 1.615358 1.514501 -0.000019 -0.000022 -0.000050
 28   2.920798 1.614964 -1.501142 -0.000002 -0.000009 -0.000024
 29   8.824059 0.150544 0.091743 0.000006 -0.000231 -0.174534
 30   2.111085 -0.561179 1.784320 -0.000008 -0.000682 0.000024
 31   2.121290 -0.561289 -1.853599 0.000000 0.000000 -0.000002
 32   -0.810489 -0.093824 3.127092 3.071872 -0.114782 1.239365
 33   14.298673 -0.408176 0.475484 0.000248 0.000062 -1.896136
 34   15.835795 0.581398 0.242756 -0.214729 0.106889 -0.097869
 35   -0.815868 -0.091229 -3.114430 0.066464 3.132725 -1.010185
 36   14.294526 -0.410349 -0.463635 0.000033 -0.000000 -2.607695
 37   15.834409 0.579420 -0.284600 -0.006092 -0.035255 0.214458
 38   1.139685 -3.453749 -2.823813 0.000000 0.000000 0.000001
 39   -4.457742 -1.054854 -0.746180 0.000000 0.000000 0.000000
 40   1.118101 -3.449769 3.237290 0.000000 0.000001 0.000000
 41   -4.433840 -1.059130 0.959566 -0.000001 0.000000 0.000000
 42   -0.657468 1.697302 -2.688614 0.000000 0.000002 0.000000
 43   -0.664068 1.698578 2.869377 0.000000 0.000002 0.000000
time 18
  0   -0.967547 0.175787 -20.574476 0.000000 0.000000 -1.572114
  1   -1.093036 0.000002 -0.326057 -0.001039 -1.569036 -1.569635
  2   2.262337 0.113614 0.064702 -0.072401 0.101750 -0.058707
  3   2.380047 0.353302 0.047440 -0.064699 -0.091554 0.009019
  4   2.033756 0.190472 -0.000128 0.122006 -0.049424 0.156381
  5   2.451511 0.204909 -0.003447 -0.036750 -0.060361 0.178918
  6   7.247600 -0.397300 -0.109469 -0.091897 0.032679 0.231838
  7   -2.022252 -0.104661 3.136172 0.290073 -1.405794 -3.663012
  8   1.168026 -0.537438 -0.063437 1.130993 0.761473 0.848765
  9   6.790376 -0.619176 0.015206 -0.000102 -0.000151 -1.717943
 10   8.637599 0.544015 -0.090417 -1.254135 0.161486 0.204686
 11   6.790465 -0.619039 0.017802 0.003483 -0.011850 -1.217892
 12   -2.022474 -0.104699 -2.873818 -1.493390 1.229450 -4.861613
 13   1.167898 -0.537463 0.063297 0.763745 -0.835524 -1.025792
 14   7.002743 -0.617765 -0.183752 0.000172 0.000023 -1.707863
 15   8.209042 0.615527 -0.255885 1.491716 0.630029 -0.409722
 16   7.002735 -0.617911 -0.183641 0.013309 0.009285 -1.214066
 17   1.574674 0.609930 -0.000899 0.096838 -0.058710 -0.108932
 18   -0.602177 0.511412 -0.000006 0.000000 0.000000 0.000000
 19   3.673773 0.177020 1.119313 -0.000002 -0.000014 -0.174510
 20   3.673767 0.176993 -1.117566 0.000007 -0.000003 -0.174546
 21   3.942357 1.330634 1.627658 0.000002 -0.000011 -0.000026
 22   -0.246060 -0.011889 0.516521 -0.000011 0.000031 0.000025
 23   3.942374 1.330659 -1.631083 0.000019 0.000002 -0.000024
 24   -0.246150 -0.011872 -0.516511 -0.000005 -0.000006 0.000048
 25   4.941364 1.997338 1.629330 0.000018 -0.000001 -0.000024
 26   4.941382 1.997366 -1.629410 -0.000001 0.000005 -0.000024
 27   2.918368 1.615358 1.514501 -0.000019 -0.000022 -0.000050
 28   2.920798 1.614964 -1.501142 -0.000002 -0.000009 -0.000024
 29   8.824059 0.150544 0.091743 0.000006 -0.000231 -0.174534
 30   2.111085 -0.561179 1.784320 -0.000008 -0.000682 0.000024
 31   2.121290 -0.561289 -1.853599 0.000000 0.000000 -0.000002
 32   -0.810489 -0.093824 3.127092 3.071872 -0.114782 1.239365
 33   14.298673 -0.408176 0.475484 0.000248 0.000062 -1.896136
 34   15.835795 0.581398 0.242756 -0.214729 0.106889 -0.097869
 35   -0.815868 -0.091229 -3.114430 0.066464 3.132725 -1.010185
 36   14.294526 -0.410349 -0.463635 0.000033 -0.000000 -2.607695
 37   15.834409 0.579420 -0.284600 -0.006092 -0.035255 0.214458
 38   1.139685 -3.453749 -2.823813 0.000000 0.000000 0.000001
 39   -4.457742 -1.054854 -0.746180 0.000000 0.000000 0.000000
 40   1.118101 -3.449769 3.237290 0.000000 0.000001 0.000000
 41   -4.433840 -1.059130 0.959566 -0.000001 0.000000 0.000000
 42   -0.657468 1.697302 -2.688614 0.000000 0.000002 0.000000
 43   -0.664068 1.698578 2.869377 0.000000 0.000002 0.000000
time 19
  0   -0.967547 0.175787 -20.574476 0.000000 0.000000 -1.572114
  1   -1.093036 0.000002 -0.326057 -0.001039 -1.569036 -1.569635
  2   2.262337 0.113614 0.064702 -0.072465 0.101774 -0.058978
  3   2.380047 0.353302 0.047440 -0.064834 -0.091878 0.009631
  4   2.033756 0.190472 -0.000128 0.122283 -0.049604 0.156961
  5   2.451511 0.204909 -0.003447 -0.038804 -0.091316 0.180503
  6   7.247600 -0.397300 -0.109469 -0.091897 0.032679 0.231838
  7   -2.022252 -0.104661 3.136172 0.175139 -1.392735 -3.549376
  8   1.168026 -0.537438 -0.063437 1.098720 0.733599 0.801700
  9   6.790376 -0.619176 0.015206 -0.000102 -0.000151 -1.701340
 10   8.637599 0.544015 -0.090417 -1.254400 0.133189 0.160339
 11   6.790465 -0.619039 0.017802 0.003366 -0.011850 -1.206184
 12   -2.022474 -0.104699 -2.873818 -1.517246 1.226838 -4.886793
 13   1.167898 -0.537463 0.063297 0.857447 -0.801961 -1.091412
 14   7.002743 -0.617765 -0.183752 0.000172 0.000023 -1.780055
 15   8.209042 0.615527 -0.255885 1.660544 0.635780 -0.128941
 16   7.002735 -0.617911 -0.183641 0.013215 0.009736 -1.264678
 17   1.574674 0.609930 -0.000899 0.105369 -0.042498 -0.038078
 18   -0.602177 0.511412 -0.000006 0.000000 0.000000 0.000000
 19   3.673773 0.177020 1.119313 -0.000002 -0.000014 -0.174510
 20   3.673767 0.176993 -1.117566 0.000007 -0.000003 -0.174546
 21   3.942357 1.330634 1.627658 0.000002 -0.000011 -0.000026
 22   -0.246060 -0.011889 0.516521 -0.000011 0.000031 0.000025
 23   3.942374 1.330659 -1.631083 0.000019 0.000002 -0.000024
 24   -0.246150 -0.011872 -0.516511 -0.000005 -0.000006 0.000048
 25   4.941364 1.997338 1.629330 0.000018 -0.000001 -0.000024
 26   4.941382 1.997366 -1.629410 -0.000001 0.000005 -0.000024
 27   2.918368 1.615358 1.514501 -0.000019 -0.000022 -0.000050
 28   2.920798 1.614964 -1.501142 -0.000002 -0.000009 -0.000024
 29   8.824059 0.150544 0.091743 0.000006 -0.000231 -0.174534
 30   2.111085 -0.561179 1.784320 -0.000008 -0.000682 0.000024
 31   2.121290 -0.561289 -1.853599 0.000000 0.000000 -0.000002
 32   -0.810489 -0.093824 3.127092 3.071872 -0.114782 1.239365
 33   14.298673 -0.408176 0.475484 0.000248 0.000062 -1.896136
 34   15.835795 0.581398 0.242756 -0.214729 0.106889 -0.097869
 35   -0.815868 -0.091229 -3.114430 0.066464 3.132725 -1.010185
 36   14.294526 -0.410349 -0.463635 0.000033 -0.000000 -2.607695
 37   15.834409 0.579420 -0.284600 -0.006092 -0.035255 0.214458
 38   1.139685 -3.453749 -2.823813 0.000000 0.000000 0.000001
 39   -4.457742 -1.054854 -0.746180 0.000000 0.000000 0.000000
 40   1.118101 -3.449769 3.237290 0.000000 0.000001 0.000000
 41   -4.433840 -1.059130 0.959566 -0.000001 0.000000 0.000000
 42   -0.657468 1.697302 -2.688614 0.000000 0.000002 0.000000
 43   -0.664068 1.698578 2.869377 0.000000 0.000002 0.000000
time 20
  0   -0.967547 0.175787 -20.574476 0.000000 0.000000 -1.572114
  1   -1.093036 0.000002 -0.326057 -0.001039 -1.569036 -1.569635
  2   2.262337 0.113614 0.064702 -0.072529 0.101798 -0.059195
  3   2.380047 0.353302 0.047440 -0.064939 -0.092106 0.010080
  4   2.033756 0.190472 -0.000128 0.122375 -0.049772 0.157396
  5   2.451511 0.204909 -0.003447 -0.040858 -0.122062 0.181865
  6   7.247600 -0.397300 -0.109469 -0.091897 0.032679 0.231838
  7   -2.022252 -0.104661 3.136172 0.229778 -1.391928 -3.603001
  8   1.168026 -0.537438 -0.063437 1.052525 0.722882 0.746663
  9   6.790376 -0.619176 0.015206 -0.000102 -0.000151 -1.715226
 10   8.637599 0.544015 -0.090417 -1.245681 0.116084 0.179004
 11   6.790465 -0.619039 0.017802 0.003483 -0.011850 -1.215931
 12   -2.022474 -0.104699 -2.873818 -1.548574 1.223965 -4.919823
 13   1.167898 -0.537463 0.063297 0.951220 -0.762957 -1.152673
 14   7.002743 -0.617765 -0.183752 0.000172 0.000023 -1.845647
 15   8.209042 0.615527 -0.255885 1.819450 0.605516 0.137948
 16   7.002735 -0.617911 -0.183641 0.013121 0.010131 -1.310598
 17   1.574674 0.609930 -0.000899 0.119301 -0.036818 0.087479
 18   -0.602177 0.511412 -0.000006 0.000000 0.000000 0.000000
 19   3.673773 0.177020 1.119313 -0.000002 -0.000014 -0.174510
 20   3.673767 0.176993 -1.117566 0.000007 -0.000003 -0.174546
 21   3.942357 1.330634 1.627658 0.000002 -0.000011 -0.000026
 22   -0.246060 -0.011889 0.516521 -0.000011 0.000031 0.000025
 23   3.942374 1.330659 -1.631083 0.000019 0.000002 -0.000024
 24   -0.246150 -0.011872 -0.516511 -0.000005 -0.000006 0.000048
 25   4.941364 1.997338 1.629330 0.000018 -0.000001 -0.000024
 26   4.941382 1.997366 -1.629410 -0.000001 0.000005 -0.000024
 27   2.918368 1.615358 1.514501 -0.000019 -0.000022 -0.000050
 28   2.920798 1.614964 -1.501142 -0.000002 -0.000009 -0.000024
 29   8.824059 0.150544 0.091743 0.000006 -0.000231 -0.174534
 30   2.111085 -0.561179 1.784320 -0.000008 -0.000682 0.000024
 31   2.121290 -0.561289 -1.853599 0.000000 0.000000 -0.000002
 32   -0.810489 -0.093824 3.127092 3.071872 -0.114782 1.239365
 33   14.298673 -0.408176 0.475484 0.000248 0.000062 -1.896136
 34   15.835795 0.581398 0.242756 -0.214729 0.106889 -0.097869
 35   -0.815868 -0.091229 -3.114430 0.066464 3.132725 -1.010185
 36   14.294526 -0.410349 -0.463635 0.000033 -0.000000 -2.607695
 37   15.834409 0.579420 -0.284600 -0.006092 -0.035255 0.214458
 38   1.139685 -3.453749 -2.823813 0.000000 0.000000 0.000001
 39   -4.457742 -1.054854 -0.746180 0.000000 0.000000 0.000000
 40   1.118101 -3.449769 3.237290 0.000000 0.000001 0.000000
 41   -4.433840 -1.059130 0.959566 -0.000001 0.000000 0.000000
 42   -0.657468 1.697302 -2.688614 0.000000 0.000002 0.000000
 43   -0.664068 1.698578 2.869377 0.000000 0.000002 0.000000
time 21
  0   -0.967547 0.175787 -20.574476 0.000000 0.000000 -1.572114
  1   -1.093036 0.000002 -0.326057 -0.001092 -1.569036 -1.569635
  2   2.262337 0.113614 0.064702 -0.072580 0.101822 -0.059267
  3   2.380047 0.353302 0.047440 -0.065059 -0.092321 0.010386
  4   2.033756 0.190472 -0.000128 0.122486 -0.049832 0.157794
  5   2.451511 0.204909 -0.003447 -0.040687 -0.110912 0.182187
  6   7.247600 -0.397300 -0.109469 -0.091897 0.032679 0.231838
  7   -2.022252 -0.104661 3.136172 0.366088 -1.387864 -3.737767
  8   1.168026 -0.537438 -0.063437 0.989435 0.768668 0.635641
  9   6.790376 -0.619176 0.015206 -0.000102 -0.000151 -1.750922
 10   8.637599 0.544015 -0.090417 -1.225074 0.076102 0.228632
 11   6.790465 -0.619039 0.017802 0.003629 -0.011850 -1.240789
 12   -2.022474 -0.104699 -2.873818 -1.533629 1.228318 -4.904217
 13   1.167898 -0.537463 0.063297 0.927882 -0.776840 -1.142019
 14   7.002743 -0.617765 -0.183752 0.000172 0.000023 -1.791276
 15   8.209042 0.615527 -0.255885 1.758044 0.625263 0.020079
 16   7.002735 -0.617911 -0.183641 0.013168 0.009849 -1.272681
 17   1.574674 0.609930 -0.000899 0.117148 -0.073904 0.224900
 18   -0.602177 0.511412 -0.000006 0.000000 0.000000 0.000000
 19   3.673773 0.177020 1.119313 -0.000002 -0.000014 -0.174510
 20   3.673767 0.176993 -1.117566 0.000007 -0.000003 -0.174546
 21   3.942357 1.330634 1.627658 0.000002 -0.000011 -0.000026
 22   -0.246060 -0.011889 0.516521 -0.000011 0.000031 0.000025
 23   3.942374 1.330659 -1.631083 0.000019 0.000002 -0.000024
 24   -0.246150 -0.011872 -0.516511 -0.000005 -0.000006 0.000048
 25   4.941364 1.997338 1.629330 0.000018 -0.000001 -0.000024
 26   4.941382 1.997366 -1.629410 -0.000001 0.000005 -0.000024
 27   2.918368 1.615358 1.514501 -0.000019 -0.000022 -0.000050
 28   2.920798 1.614964 -1.501142 -0.000002 -0.000009 -0.000024
 29   8.824059 0.150544 0.091743 0.000006 -0.000231 -0.174534
 30   2.111085 -0.561179 1.784320 -0.000008 -0.000682 0.000024
 31   2.121290 -0.561289 -1.853599 0.000000 0.000000 -0.000002
 32   -0.810489 -0.093824 3.127092 3.071872 -0.114782 1.239365
 33   14.298673 -0.408176 0.475484 0.000248 0.000062 -1.896136
 34   15.835795 0.581398 0.242756 -0.214729 0.106889 -0.097869
 35   -0.815868 -0.091229 -3.114430 0.066464 3.132725 -1.010185
 36   14.294526 -0.410349 -0.463635 0.000033 -0.000000 -2.607695
 37   15.834409 0.579420 -0.284600 -0.006092 -0.035255 0.214458
 38   1.139685 -3.453749 -2.823813 0.000000 0.000000 0.000001
 39   -4.457742 -1.054854 -0.746180 0.000000 0.000000 0.000000
 40   1.118101 -3.449769 3.237290 0.000000 0.000001 0.000000
 41   -4.433840 -1.059130 0.959566 -0.000001 0.000000 0.000000
 42   -0.657468 1.697302 -2.688614 0.000000 0.000002 0.000000
 43   -0.664068 1.698578 2.869377 0.000000 0.000002 0.000000
time 22
  0   -0.967547 0.175787 -20.574476 0.000000 0.000000 -1.572114
  1   -1.093036 0.000002 -0.326057 -0.001039 -1.569036 -1.569635
  2   2.262337 0.113614 0.064702 -0.072580 0.101822 -0.059303
  3   2.380047 0.353302 0.047440 -0.065164 -0.092393 0.010529
  4   2.033756 0.190472 -0.000128 0.122486 -0.049892 0.157794
  5   2.451511 0.204909 -0.003447 -0.039694 -0.089736 0.182187
  6   7.247600 -0.397300 -0.109469 -0.091897 0.032679 0.231838
  7   -2.022252 -0.104661 3.136172 0.539208 -1.376967 -3.908407
  8   1.168026 -0.537438 -0.063437 0.882111 0.825171 0.464648
  9   6.790376 -0.619176 0.015206 -0.000102 -0.000151 -1.799297
 10   8.637599 0.544015 -0.090417 -1.201913 0.021901 0.296853
 11   6.790465 -0.619039 0.017802 0.003804 -0.011850 -1.274817
 12   -2.022474 -0.104699 -2.873818 -1.503641 1.233688 -4.872719
 13   1.167898 -0.537463 0.063297 0.869468 -0.805826 -1.108301
 14   7.002743 -0.617765 -0.183752 0.000172 0.000023 -1.693177
 15   8.209042 0.615527 -0.255885 1.623299 0.643119 -0.215780
 16   7.002735 -0.617911 -0.183641 0.013309 0.009229 -1.203855
 17   1.574674 0.609930 -0.000899 0.103256 -0.113380 0.342880
 18   -0.602177 0.511412 -0.000006 0.000000 0.000000 0.000000
 19   3.673773 0.177020 1.119313 -0.000002 -0.000014 -0.174510
 20   3.673767 0.176993 -1.117566 0.000007 -0.000003 -0.174546
 21   3.942357 1.330634 1.627658 0.000002 -0.000011 -0.000026
 22   -0.246060 -0.011889 0.516521 -0.000011 0.000031 0.000025
 23   3.942374 1.330659 -1.631083 0.000019 0.000002 -0.000024
 24   -0.246150 -0.011872 -0.516511 -0.000005 -0.000006 0.000048
 25   4.941364 1.997338 1.629330 0.000018 -0.000001 -0.000024
 26   4.941382 1.997366 -1.629410 -0.000001 0.000005 -0.000024
 27   2.918368 1.615358 1.514501 -0.000019 -0.000022 -0.000050
 28   2.920798 1.614964 -1.501142 -0.000002 -0.000009 -0.000024
 29   8.824059 0.150544 0.091743 0.000006 -0.000231 -0.174534
 30   2.111085 -0.561179 1.784320 -0.000008 -0.000682 0.000024
 31   2.121290 -0.561289 -1.853599 0.000000 0.000000 -0.000002
 32   -0.810489 -0.093824 3.127092 3.071872 -0.114782 1.239365
 33   14.298673 -0.408176 0.475484 0.000248 0.000062 -1.896136
 34   15.835795 0.581398 0.242756 -0.214729 0.106889 -0.097869
 35   -0.815868 -0.091229 -3.114430 0.066464 3.132725 -1.010185
 36   14.294526 -0.410349 -0.463635 0.000033 -0.000000 -2.607695
 37   15.834409 0.579420 -0.284600 -0.006092 -0.035255 0.214458
 38   1.139685 -3.453749 -2.823813 0.000000 0.000000 0.000001
 39   -4.457742 -1.054854 -0.746180 0.000000 0.000000 0.000000
 40   1.118101 -3.449769 3.237290 0.000000 0.000001 0.000000
 41   -4.433840 -1.059130 0.959566 -0.000001 0.000000 0.000000
 42   -0.657468 1.697302 -2.688614 0.000000 0.000002 0.000000
 43   -0.664068 1.698578 2.869377 0.000000 0.000002 0.000000
time 23
  0   -0.967547 0.175787 -20.574476 0.000000 0.000000 -1.572114
  1   -1.093036 0.000002 -0.326057 -0.001039 -1.569036 -1.569635
  2   2.262337 0.113614 0.064702 -0.072580 0.101822 -0.059303
  3   2.380047 0.353302 0.047440 -0.065059 -0.092381 0.010529
  4   2.033756 0.190472 -0.000128 0.122486 -0.049892 0.157794
  5   2.451511 0.204909 -0.003447 -0.039249 -0.078299 0.181989
  6   7.247600 -0.397300 -0.109469 -0.091897 0.032679 0.231838
  7   -2.022252 -0.104661 3.136172 0.702358 -1.359873 -4.069281
  8   1.168026 -0.537438 -0.063437 0.735680 0.853548 0.253485
  9   6.790376 -0.619176 0.015206 -0.000102 -0.000151 -1.851973
 10   8.637599 0.544015 -0.090417 -1.180337 -0.038353 0.369631
 11   6.790465 -0.619039 0.017802 0.004096 -0.011850 -1.311556
 12   -2.022474 -0.104699 -2.873818 -1.478540 1.228754 -4.846007
 13   1.167898 -0.537463 0.063297 0.800017 -0.825252 -1.057270
 14   7.002743 -0.617765 -0.183752 0.000172 0.000023 -1.616942
 15   8.209042 0.615527 -0.255885 1.527020 0.633737 -0.354336
 16   7.002735 -0.617911 -0.183641 0.013450 0.008721 -1.150484
 17   1.574674 0.609930 -0.000899 0.092817 -0.132952 0.404198
 18   -0.602177 0.511412 -0.000006 0.000000 0.000000 0.000000
 19   3.673773 0.177020 1.119313 -0.000002 -0.000014 -0.174510
 20   3.673767 0.176993 -1.117566 0.000007 -0.000003 -0.174546
 21   3.942357 1.330634 1.627658 0.000002 -0.000011 -0.000026
 22   -0.246060 -0.011889 0.516521 -0.000011 0.000031 0.000025
 23   3.942374 1.330659 -1.631083 0.000019 0.000002 -0.000024
 24   -0.246150 -0.011872 -0.516511 -0.000005 -0.000006 0.000048
 25   4.941364 1.997338 1.629330 0.000018 -0.000001 -0.000024
 26   4.941382 1.997366 -1.629410 -0.000001 0.000005 -0.000024
 27   2.918368 1.615358 1.514501 -0.000019 -0.000022 -0.000050
 28   2.920798 1.614964 -1.501142 -0.000002 -0.000009 -0.000024
 29   8.824059 0.150544 0.091743 0.000006 -0.000231 -0.174534
 30   2.111085 -0.561179 1.784320 -0.000008 -0.000682 0.000024
 31   2.121290 -0.561289 -1.853599 0.000000 0.000000 -0.000002
 32   -0.810489 -0.093824 3.127092 3.071872 -0.114782 1.239365
 33   14.298673 -0.408176 0.475484 0.000248 0.000062 -1.896136
 34   15.835795 0.581398 0.242756 -0.214729 0.106889 -0.097869
 35   -0.815868 -0.091229 -3.114430 0.066464 3.132725 -1.010185
 36   14.294526 -0.410349 -0.463635 0.000033 -0.000000 -2.607695
 37   15.834409 0.579420 -0.284600 -0.006092 -0.035255 0.214458
 38   1.139685 -3.453749 -2.823813 0.000000 0.000000 0.000001
 39   -4.457742 -1.054854 -0.746180 0.000000 0.000000 0.000000
 40   1.118101 -3.449769 3.237290 0.000000 0.000001 0.000000
 41   -4.433840 -1.059130 0.959566 -0.000001 0.000000 0.000000
 42   -0.657468 1.697302 -2.688614 0.000000 0.000002 0.000000
 43   -0.664068 1.698578 2.869377 0.000000 0.000002 0.000000
time 24
  0   -0.967547 0.175787 -20.574476 0.000000 0.000000 -1.572114
  1   -1.093036 0.000002 -0.326057 -0.001039 -1.569036 -1.569635
  2   2.262337 0.113614 0.064702 -0.072580 0.103116 -0.059357
  3   2.380047 0.353302 0.047440 -0.062029 -0.093855 0.011692
  4   2.033756 0.190472 -0.000128 0.102162 -0.052157 0.160948
  5   2.451511 0.204909 -0.003447 -0.050803 -0.079017 0.180404
  6   7.247600 -0.397300 -0.109469 -0.091897 0.032679 0.231838
  7   -2.022252 -0.104661 3.136172 0.828123 -1.339781 -4.192872
  8   1.168026 -0.537438 -0.063437 0.580580 0.841674 0.070346
  9   6.790376 -0.619176 0.015206 -0.000102 -0.000151 -1.900197
 10   8.637599 0.544015 -0.090417 -1.165278 -0.094102 0.436260
 11   6.790465 -0.619039 0.017802 0.004359 -0.011850 -1.345469
 12   -2.022474 -0.104699 -2.873818 -1.469630 1.190007 -4.834135
 13   1.167898 -0.537463 0.063297 0.667794 -0.809589 -0.965802
 14   7.002743 -0.617765 -0.183752 0.000172 0.000023 -1.593428
 15   8.209042 0.615527 -0.255885 1.536799 0.603549 -0.194912
 16   7.002735 -0.617911 -0.183641 0.013497 0.008665 -1.134092
 17   1.574674 0.609930 -0.000899 0.115199 -0.153543 0.416949
 18   -0.602177 0.511412 -0.000006 0.000000 0.000000 0.000000
 19   3.673773 0.177020 1.119313 -0.000002 -0.000014 -0.174510
 20   3.673767 0.176993 -1.117566 0.000007 -0.000003 -0.174546
 21   3.942357 1.330634 1.627658 0.000002 -0.000011 -0.000026
 22   -0.246060 -0.011889 0.516521 -0.000011 0.000031 0.000025
 23   3.942374 1.330659 -1.631083 0.000019 0.000002 -0.000024
 24   -0.246150 -0.011872 -0.516511 -0.000005 -0.000006 0.000048
 25   4.941364 1.997338 1.629330 0.000018 -0.000001 -0.000024
 26   4.941382 1.997366 -1.629410 -0.000001 0.000005 -0.000024
 27   2.918368 1.615358 1.514501 -0.000019 -0.000022 -0.000050
 28   2.920798 1.614964 -1.501142 -0.000002 -0.000009 -0.000024
 29   8.824059 0.150544 0.091743 0.000006 -0.000231 -0.174534
 30   2.111085 -0.561179 1.784320 -0.000008 -0.000682 0.000024
 31   2.121290 -0.561289 -1.853599 0.000000 0.000000 -0.000002
 32   -0.810489 -0.093824 3.127092 3.071872 -0.114782 1.239365
 33   14.298673 -0.408176 0.475484 0.000248 0.000062 -1.896136
 34   15.835795 0.581398 0.242756 -0.214729 0.106889 -0.097869
 35   -0.815868 -0.091229 -3.114430 0.066464 3.132725 -1.010185
 36   14.294526 -0.410349 -0.463635 0.000033 -0.000000 -2.607695
 37   15.834409 0.579420 -0.284600 -0.006092 -0.035255 0.214458
 38   1.139685 -3.453749 -2.823813 0.000000 0.000000 0.000001
 39   -4.457742 -1.054854 -0.746180 0.000000 0.000000 0.000000
 40   1.118101 -3.449769 3.237290 0.000000 0.000001 0.000000
 41   -4.433840 -1.059130 0.959566 -0.000001 0.000000 0.000000
 42   -0.657468 1.697302 -2.688614 0.000000 0.000002 0.000000
 43   -0.664068 1.698578 2.869377 0.000000 0.000002 0.000000
time 25
  0   -0.967547 0.175787 -20.574476 0.000000 0.000000 -1.572114
  1   -1.093036 0.000002 -0.326057 -0.001092 -1.569036 -1.569635
  2   2.262337 0.113614 0.064702 -0.072580 0.106316 -0.059484
  3   2.380047 0.353302 0.047440 -0.054814 -0.097367 0.014569
  4   2.033756 0.190472 -0.000128 0.053824 -0.057394 0.168741
  5   2.451511 0.204909 -0.003447 -0.078515 -0.080780 0.176714
  6   7.247600 -0.397300 -0.109469 -0.091897 0.032679 0.231838
  7   -2.022252 -0.104661 3.136172 0.906535 -1.323120 -4.269881
  8   1.168026 -0.537438 -0.063437 0.452247 0.808567 -0.026443
  9   6.790376 -0.619176 0.015206 -0.000102 -0.000151 -1.935063
 10   8.637599 0.544015 -0.090417 -1.157000 -0.134436 0.485816
 11   6.790465 -0.619039 0.017802 0.004505 -0.011907 -1.369750
 12   -2.022474 -0.104699 -2.873818 -1.469630 1.117476 -4.830114
 13   1.167898 -0.537463 0.063297 0.461832 -0.749989 -0.843522
 14   7.002743 -0.617765 -0.183752 0.000172 0.000023 -1.600606
 15   8.209042 0.615527 -0.255885 1.599139 0.538406 0.194417
 16   7.002735 -0.617911 -0.183641 0.013450 0.008665 -1.139059
 17   1.574674 0.609930 -0.000899 0.170686 -0.197823 0.416949
 18   -0.602177 0.511412 -0.000006 0.000000 0.000000 0.000000
 19   3.673773 0.177020 1.119313 -0.000002 -0.000014 -0.174510
 20   3.673767 0.176993 -1.117566 0.000007 -0.000003 -0.174546
 21   3.942357 1.330634 1.627658 0.000002 -0.000011 -0.000026
 22   -0.246060 -0.011889 0.516521 -0.000011 0.000031 0.000025
 23   3.942374 1.330659 -1.631083 0.000019 0.000002 -0.000024
 24   -0.246150 -0.011872 -0.516511 -0.000005 -0.000006 0.000048
 25   4.941364 1.997338 1.629330 0.000018 -0.000001 -0.000024
 26   4.941382 1.997366 -1.629410 -0.000001 0.000005 -0.000024
 27   2.918368 1.615358 1.514501 -0.000019 -0.000022 -0.000050
 28   2.920798 1.614964 -1.501142 -0.000002 -0.000009 -0.000024
 29   8.824059 0.150544 0.091743 0.000006 -0.000231 -0.174534
 30   2.111085 -0.561179 1.784320 -0.000008 -0.000682 0.000024
 31   2.121290 -0.561289 -1.853599 0.000000 0.000000 -0.000002
 32   -0.810489 -0.093824 3.127092 3.071872 -0.114782 1.239365
 33   14.298673 -0.408176 0.475484 0.000248 0.000062 -1.896136
 34   15.835795 0.581398 0.242756 -0.214729 0.106889 -0.097869
 35   -0.815868 -0.091229 -3.114430 0.066464 3.132725 -1.010185
 36   14.294526 -0.410349 -0.463635 0.000033 -0.000000 -2.607695
 37   15.834409 0.579420 -0.284600 -0.006092 -0.035255 0.214458
 38   1.139685 -3.453749 -2.823813 0.000000 0.000000 0.000001
 39   -4.457742 -1.054854 -0.746180 0.000000 0.000000 0.000000
 40   1.118101 -3.449769 3.237290 0.000000 0.000001 0.000000
 41   -4.433840 -1.059130 0.959566 -0.000001 0.000000 0.000000
 42   -0.657468 1.697302 -2.688614 0.000000 0.000002 0.000000
 43   -0.664068 1.698578 2.869377 0.000000 0.000002 0.000000
time 26
  0   -0.967547 0.175787 -20.574476 0.000000 0.000000 -1.572114
  1   -1.093036 0.000002 -0.326057 -0.001092 -1.569036 -1.569635
  2   2.262337 0.113614 0.064702 -0.072631 0.110115 -0.059538
  3   2.380047 0.353302 0.047440 -0.045918 -0.101645 0.017936
  4   2.033756 0.190472 -0.000128 -0.003883 -0.063219 0.177984
  5   2.451511 0.204909 -0.003447 -0.111465 -0.083156 0.172157
  6   7.247600 -0.397300 -0.109469 -0.091897 0.032679 0.231838
  7   -2.022252 -0.104661 3.136172 0.933855 -1.316288 -4.296834
  8   1.168026 -0.537438 -0.063437 0.383018 0.782102 -0.024735
  9   6.790376 -0.619176 0.015206 -0.000102 -0.000151 -1.948496
 10   8.637599 0.544015 -0.090417 -1.155591 -0.148373 0.506217
 11   6.790465 -0.619039 0.017802 0.004534 -0.011907 -1.379151
 12   -2.022474 -0.104699 -2.873818 -1.474037 1.035367 -4.829061
 13   1.167898 -0.537463 0.063297 0.263743 -0.661912 -0.744487
 14   7.002743 -0.617765 -0.183752 0.000172 0.000023 -1.623625
 15   8.209042 0.615527 -0.255885 1.644941 0.440805 0.638651
 16   7.002735 -0.617911 -0.183641 0.013450 0.008834 -1.155286
 17   1.574674 0.609930 -0.000899 0.238806 -0.248802 0.406453
 18   -0.602177 0.511412 -0.000006 0.000000 0.000000 0.000000
 19   3.673773 0.177020 1.119313 -0.000002 -0.000014 -0.174510
 20   3.673767 0.176993 -1.117566 0.000007 -0.000003 -0.174546
 21   3.942357 1.330634 1.627658 0.000002 -0.000011 -0.000026
 22   -0.246060 -0.011889 0.516521 -0.000011 0.000031 0.000025
 23   3.942374 1.330659 -1.631083 0.000019 0.000002 -0.000024
 24   -0.246150 -0.011872 -0.516511 -0.000005 -0.000006 0.000048
 25   4.941364 1.997338 1.629330 0.000018 -0.000001 -0.000024
 26   4.941382 1.997366 -1.629410 -0.000001 0.000005 -0.000024
 27   2.918368 1.615358 1.514501 -0.000019 -0.000022 -0.000050
 28   2.920798 1.614964 -1.501142 -0.000002 -0.000009 -0.000024
 29   8.824059 0.150544 0.091743 0.000006 -0.000231 -0.174534
 30   2.111085 -0.561179 1.784320 -0.000008 -0.000682 0.000024
 31   2.121290 -0.561289 -1.853599 0.000000 0.000000 -0.000002
 32   -0.810489 -0.093824 3.127092 3.071872 -0.114782 1.239365
 33   14.298673 -0.408176 0.475484 0.000248 0.000062 -1.896136
 34   15.835795 0.581398 0.242756 -0.214729 0.106889 -0.097869
 35   -0.815868 -0.091229 -3.114430 0.066464 3.132725 -1.010185
 36   14.294526 -0.410349 -0.463635 0.000033 -0.000000 -2.607695
 37   15.834409 0.579420 -0.284600 -0.006092 -0.035255 0.214458
 38   1.139685 -3.453749 -2.823813 0.000000 0.000000 0.000001
 39   -4.457742 -1.054854 -0.746180 0.000000 0.000000 0.000000
 40   1.118101 -3.449769 3.237290 0.000000 0.000001 0.000000
 41   -4.433840 -1.059130 0.959566 -0.000001 0.000000 0.000000
 42   -0.657468 1.697302 -2.688614 0.000000 0.000002 0.000000
 43   -0.664068 1.698578 2.869377 0.000000 0.000002 0.000000
time 27
  0   -0.967547 0.175787 -20.574476 0.000000 0.000000 -1.572114
  1   -1.093036 0.000002 -0.326057 -0.001092 -1.569036 -1.569635
  2   2.262337 0.113614 0.064702 -0.072592 0.113231 -0.059484
  3   2.380047 0.353302 0.047440 -0.038673 -0.105097 0.020487
  4   2.033756 0.190472 -0.000128 -0.052350 -0.067737 0.185922
  5   2.451511 0.204909 -0.003447 -0.138715 -0.085180 0.167897
  6   7.247600 -0.397300 -0.109469 -0.091897 0.032679 0.231838
  7   -2.022252 -0.104661 3.136172 0.933855 -1.316288 -4.296834
  8   1.168026 -0.537438 -0.063437 0.353023 0.770429 0.017903
  9   6.790376 -0.619176 0.015206 -0.000102 -0.000151 -1.947817
 10   8.637599 0.544015 -0.090417 -1.157352 -0.145276 0.508532
 11   6.790465 -0.619039 0.017802 0.004534 -0.011907 -1.378631
 12   -2.022474 -0.104699 -2.873818 -1.479019 0.968380 -4.828965
 13   1.167898 -0.537463 0.063297 0.123085 -0.579734 -0.689037
 14   7.002743 -0.617765 -0.183752 0.000172 0.000023 -1.647964
 15   8.209042 0.615527 -0.255885 1.650694 0.350165 0.994303
 16   7.002735 -0.617911 -0.183641 0.013403 0.008947 -1.172230
 17   1.574674 0.609930 -0.000899 0.296933 -0.289816 0.392629
 18   -0.602177 0.511412 -0.000006 0.000000 0.000000 0.000000
 19   3.673773 0.177020 1.119313 -0.000002 -0.000014 -0.174510
 20   3.673767 0.176993 -1.117566 0.000007 -0.000003 -0.174546
 21   3.942357 1.330634 1.627658 0.000002 -0.000011 -0.000026
 22   -0.246060 -0.011889 0.516521 -0.000011 0.000031 0.000025
 23   3.942374 1.330659 -1.631083 0.000019 0.000002 -0.000024
 24   -0.246150 -0.011872 -0.516511 -0.000005 -0.000006 0.000048
 25   4.941364 1.997338 1.629330 0.000018 -0.000001 -0.000024
 26   4.941382 1.997366 -1.629410 -0.000001 0.000005 -0.000024
 27   2.918368 1.615358 1.514501 -0.000019 -0.000022 -0.000050
 28   2.920798 1.614964 -1.501142 -0.000002 -0.000009 -0.000024
 29   8.824059 0.150544 0.091743 0.000006 -0.000231 -0.174534
 30   2.111085 -0.561179 1.784320 -0.000008 -0.000682 0.000024
 31   2.121290 -0.561289 -1.853599 0.000000 0.000000 -0.000002
 32   -0.810489 -0.093824 3.127092 3.071872 -0.114782 1.239365
 33   14.298673 -0.408176 0.475484 0.000248 0.000062 -1.896136
 34   15.835795 0.581398 0.242756 -0.214729 0.106889 -0.097869
 35   -0.815868 -0.091229 -3.114430 0.066464 3.132725 -1.010185
 36   14.294526 -0.410349 -0.463635 0.000033 -0.000000 -2.607695
 37   15.834409 0.579420 -0.284600 -0.006092 -0.035255 0.214458
 38   1.139685 -3.453749 -2.823813 0.000000 0.000000 0.000001
 39   -4.457742 -1.054854 -0.746180 0.000000 0.000000 0.000000
 40   1.118101 -3.449769 3.237290 0.000000 0.000001 0.000000
 41   -4.433840 -1.059130 0.959566 -0.000001 0.000000 0.000000
 42   -0.657468 1.697302 -2.688614 0.000000 0.000002 0.000000
 43   -0.664068 1.698578 2.869377 0.000000 0.000002 0.000000
time 28
  0   -0.967547 0.175787 -20.574476 0.000000 0.000000 -1.572114
  1   -1.093036 0.000002 -0.326057 -0.001039 -1.569036 -1.569635
  2   2.262337 0.113614 0.064702 -0.072529 0.114621 -0.059213
  3   2.380047 0.353302 0.047440 -0.035312 -0.106140 0.020997
  4   2.033756 0.190472 -0.000128 -0.072877 -0.069487 0.188713
  5   2.451511 0.204909 -0.003447 -0.149704 -0.085780 0.165000
  6   7.247600 -0.397300 -0.109469 -0.091897 0.032679 0.231838
  7   -2.022252 -0.104661 3.136172 0.933855 -1.316288 -4.296834
  8   1.168026 -0.537438 -0.063437 0.339671 0.765951 0.031504
  9   6.790376 -0.619176 0.015206 -0.000102 -0.000151 -1.947364
 10   8.637599 0.544015 -0.090417 -1.159906 -0.141123 0.511498
 11   6.790465 -0.619039 0.017802 0.004534 -0.011907 -1.378286
 12   -2.022474 -0.104699 -2.873818 -1.480935 0.940633 -4.829061
 13   1.167898 -0.537463 0.063297 0.069802 -0.544289 -0.673964
 14   7.002743 -0.617765 -0.183752 0.000172 0.000023 -1.659102
 15   8.209042 0.615527 -0.255885 1.643935 0.311957 1.140076
 16   7.002735 -0.617911 -0.183641 0.013403 0.009003 -1.180012
 17   1.574674 0.609930 -0.000899 0.321387 -0.306644 0.385459
 18   -0.602177 0.511412 -0.000006 0.000000 0.000000 0.000000
 19   3.673773 0.177020 1.119313 -0.000002 -0.000014 -0.174510
 20   3.673767 0.176993 -1.117566 0.000007 -0.000003 -0.174546
 21   3.446248 1.330634 1.627658 -0.073679 -0.386430 0.847736
 22   -0.457004 -0.031421 0.231356 -0.000011 0.000031 0.000025
 23   3.438452 1.330659 -1.631083 0.073700 0.386481 0.847601
 24   -0.453188 -0.039217 -0.235252 -0.000005 -0.000006 0.000048
 25   4.941364 1.997338 1.629330 0.000018 -0.000001 -0.000024
 26   4.941382 1.997366 -1.629410 -0.000001 0.000005 -0.000024
 27   3.160563 1.767707 1.553565 -0.163477 0.220806 -1.289362
 28   3.162993 1.771219 -1.540206 0.163480 -0.220897 -1.289338
 29   8.824059 0.150544 0.091743 0.000006 -0.000231 -0.174534
 30   2.111085 -0.561179 1.784320 -0.000008 -0.000682 0.000024
 31   2.121290 -0.561289 -1.853599 0.000000 0.000000 -0.000002
 32   -0.810489 -0.093824 3.127092 3.071872 -0.114782 1.239365
 33   14.298673 -0.408176 0.475484 0.000248 0.000062 -1.896136
 34   15.835795 0.581398 0.242756 -0.214729 0.106889 -0.097869
 35   -0.815868 -0.091229 -3.114430 0.066464 3.132725 -1.010185
 36   14.294526 -0.410349 -0.463635 0.000033 -0.000000 -2.607695
 37   15.834409 0.579420 -0.284600 -0.006092 -0.035255 0.214458
 38   1.139685 -3.453749 -2.823813 0.000000 0.000000 0.000001
 39   -4.457742 -1.054854 -0.746180 0.000000 0.000000 0.000000
 40   1.118101 -3.449769 3.237290 0.000000 0.000001 0.000000
 41   -4.433840 -1.059130 0.959566 -0.000001 0.000000 0.000000
 42   -0.657468 1.697302 -2.688614 0.000000 0.000002 0.000000
 43   -0.664068 1.698578 2.869377 0.000000 0.000002 0.000000
time 29
  0   -0.967547 0.175787 -20.574476 0.000000 0.000000 -1.572114
  1   -1.093036 0.000002 -0.326057 -0.001039 -1.569036 -1.569635
  2   2.262337 0.113614 0.064702 -0.072401 0.114561 -0.058851
  3   2.380047 0.353302 0.047440 -0.035012 -0.105624 0.020099
  4   2.033756 0.190472 -0.000128 -0.074094 -0.069151 0.190743
  5   2.451511 0.204909 -0.003447 -0.148232 -0.085167 0.162994
  6   7.247600 -0.397300 -0.109469 -0.091897 0.032679 0.231838
  7   -2.022252 -0.104661 3.136172 0.938168 -1.314875 -4.300872
  8   1.168026 -0.537438 -0.063437 0.283098 0.769875 -0.026443
  9   6.790376 -0.619176 0.015206 -0.000102 -0.000151 -1.884424
 10   8.637599 0.544015 -0.090417 -1.100991 -0.220875 0.539061
 11   6.790465 -0.619039 0.017802 0.004242 -0.011850 -1.334395
 12   -2.022474 -0.104699 -2.873818 -1.481510 0.938224 -4.829061
 13   1.167898 -0.537463 0.063297 0.054477 -0.551002 -0.662402
 14   7.002743 -0.617765 -0.183752 0.000172 0.000023 -1.667435
 15   8.209042 0.615527 -0.255885 1.660904 0.309384 1.198109
 16   7.002735 -0.617911 -0.183641 0.013356 0.009116 -1.185807
 17   1.574674 0.609930 -0.000899 0.320899 -0.305721 0.380321
 18   -0.602177 0.511412 -0.000006 0.000000 0.000000 0.000000
 19   3.673773 0.177020 1.119313 -0.000002 -0.000014 -0.174510
 20   3.673767 0.176993 -1.117566 0.000007 -0.000003 -0.174546
 21   3.700162 1.330634 1.627658 0.006354 -0.200741 0.411837
 22   -0.351532 -0.011889 0.371985 -0.000011 0.000031 0.000025
 23   3.692366 1.330659 -1.631083 -0.006333 0.200780 0.411810
 24   -0.347716 -0.019685 -0.379788 -0.000005 -0.000006 0.000048
 25   4.941364 1.997338 1.629330 0.000018 -0.000001 -0.000024
 26   4.941382 1.997366 -1.629410 -0.000001 0.000005 -0.000024
 27   3.031653 1.689579 1.522314 -0.043955 0.137309 -0.635381
 28   3.034083 1.693092 -1.520674 0.043934 -0.137340 -0.635435
 29   8.824059 0.150544 0.091743 0.000006 -0.000231 -0.174534
 30   2.111085 -0.561179 1.784320 -0.000008 -0.000682 0.000024
 31   2.121290 -0.561289 -1.853599 0.000000 0.000000 -0.000002
 32   -0.810489 -0.093824 3.127092 3.071872 -0.114782 1.239365
 33   14.298673 -0.408176 0.475484 0.000248 0.000062 -1.896136
 34   15.835795 0.581398 0.242756 -0.214729 0.106889 -0.097869
 35   -0.815868 -0.091229 -3.114430 0.066464 3.132725 -1.010185
 36   14.294526 -0.410349 -0.463635 0.000033 -0.000000 -2.607695
 37   15.834409 0.579420 -0.284600 -0.006092 -0.035255 0.214458
 38   1.139685 -3.453749 -2.823813 0.000000 0.000000 0.000001
 39   -4.457742 -1.054854 -0.746180 0.000000 0.000000 0.000000
 40   1.118101 -3.449769 3.237290 0.000000 0.000001 0.000000
 41   -4.433840 -1.059130 0.959566 -0.000001 0.000000 0.000000
 42   -0.657468 1.697302 -2.688614 0.000000 0.000002 0.000000
 43   -0.664068 1.698578 2.869377 0.000000 0.000002 0.000000
time 30
  0   -0.967547 0.175787 -20.574476 0.000000 0.000000 -1.572114
  1   -1.093036 0.000002 -0.326057 -0.001039 -1.569036 -1.569635
  2   2.262337 0.113614 0.064702 -0.072299 0.114442 -0.058418
  3   2.380047 0.353302 0.047440 -0.034652 -0.104977 0.018997
  4   2.033756 0.190472 -0.000128 -0.075975 -0.068767 0.192519
  5   2.451511 0.204909 -0.003447 -0.146469 -0.084383 0.160765
  6   7.247600 -0.397300 -0.109469 -0.091897 0.032679 0.231838
  7   -2.022252 -0.104661 3.136172 0.948042 -1.311531 -4.310545
  8   1.168026 -0.537438 -0.063437 0.162739 0.771586 -0.145056
  9   6.790376 -0.619176 0.015206 -0.000102 -0.000151 -1.747375
 10   8.637599 0.544015 -0.090417 -0.970126 -0.406213 0.579719
 11   6.790465 -0.619039 0.017802 0.003629 -0.011850 -1.238482
 12   -2.022474 -0.104699 -2.873818 -1.482947 0.932536 -4.829731
 13   1.167898 -0.537463 0.063297 0.017995 -0.568343 -0.631287
 14   7.002743 -0.617765 -0.183752 0.000172 0.000023 -1.686164
 15   8.209042 0.615527 -0.255885 1.698725 0.299776 1.326261
 16   7.002735 -0.617911 -0.183641 0.013309 0.009229 -1.198888
 17   1.574674 0.609930 -0.000899 0.321996 -0.302739 0.370231
 18   -0.602177 0.511412 -0.000006 0.000000 0.000000 0.000000
 19   3.673773 0.177020 1.119313 -0.000002 -0.000014 -0.174510
 20   3.673767 0.176993 -1.117566 0.000007 -0.000003 -0.174546
 21   3.942357 1.330634 1.627658 0.000002 -0.000011 -0.000026
 22   -0.246060 -0.011889 0.516521 -0.000011 0.000031 0.000025
 23   3.942374 1.330659 -1.631083 0.000019 0.000002 -0.000024
 24   -0.246150 -0.011872 -0.516511 -0.000005 -0.000006 0.000048
 25   4.941364 1.997338 1.629330 0.000018 -0.000001 -0.000024
 26   4.941382 1.997366 -1.629410 -0.000001 0.000005 -0.000024
 27   2.918368 1.615358 1.514501 -0.000019 -0.000022 -0.000050
 28   2.920798 1.614964 -1.501142 -0.000002 -0.000009 -0.000024
 29   8.824059 0.150544 0.091743 0.000006 -0.000231 -0.174534
 30   2.111085 -0.561179 1.784320 -0.000008 -0.000682 0.000024
 31   2.121290 -0.561289 -1.853599 0.000000 0.000000 -0.000002
 32   -0.810489 -0.093824 3.127092 3.071872 -0.114782 1.239365
 33   14.298673 -0.408176 0.475484 0.000248 0.000062 -1.896136
 34   15.835795 0.581398 0.242756 -0.214729 0.106889 -0.097869
 35   -0.815868 -0.091229 -3.114430 0.066464 3.132725 -1.010185
 36   14.294526 -0.410349 -0.463635 0.000033 -0.000000 -2.607695
 37   15.834409 0.579420 -0.284600 -0.006092 -0.035255 0.214458
 38   1.139685 -3.453749 -2.823813 0.000000 0.000000 0.000001
 39   -4.457742 -1.054854 -0.746180 0.000000 0.000000 0.000000
 40   1.118101 -3.449769 3.237290 0.000000 0.000001 0.000000
 41   -4.433840 -1.059130 0.959566 -0.000001 0.000000 0.000000
 42   -0.657468 1.697302 -2.688614 0.000000 0.000002 0.000000
 43   -0.664068 1.698578 2.869377 0.000000 0.000002 0.000000
time 31
  0   -0.967547 0.175787 -20.574476 0.000000 0.000000 -1.572114
  1   -1.093036 0.000002 -0.326057 -0.001092 -1.569036 -1.569635
  2   2.262337 0.113614 0.064702 -0.072147 0.114370 -0.057875
  3   2.380047 0.353302 0.047440 -0.034307 -0.104222 0.017773
  4   2.033756 0.190472 -0.000128 -0.078059 -0.068552 0.192483
  5   2.451511 0.204909 -0.003447 -0.144398 -0.083574 0.158115
  6   7.247600 -0.397300 -0.109469 -0.091897 0.032679 0.231838
  7   -2.022252 -0.104661 3.136172 0.956957 -1.308303 -4.319561
  8   1.168026 -0.537438 -0.063437 0.043645 0.763083 -0.262404
  9   6.790376 -0.619176 0.015206 -0.000102 -0.000151 -1.610326
 10   8.637599 0.544015 -0.090417 -0.836180 -0.595000 0.596430
 11   6.790465 -0.619039 0.017802 0.002957 -0.011793 -1.142337
 12   -2.022474 -0.104699 -2.873818 -1.484001 0.926847 -4.830880
 13   1.167898 -0.537463 0.063297 -0.020245 -0.587056 -0.599385
 14   7.002743 -0.617765 -0.183752 0.000172 0.000023 -1.704975
 15   8.209042 0.615527 -0.255885 1.734748 0.285703 1.453331
 16   7.002735 -0.617911 -0.183641 0.013309 0.009285 -1.212245
 17   1.574674 0.609930 -0.000899 0.323539 -0.297840 0.356703
 18   -0.602177 0.511412 -0.000006 0.000000 0.000000 0.000000
 19   3.673773 0.177020 1.119313 -0.000002 -0.000014 -0.174510
 20   3.673767 0.176993 -1.117566 0.000007 -0.000003 -0.174546
 21   3.942357 1.330634 1.627658 0.000002 -0.000011 -0.000026
 22   -0.246060 -0.011889 0.516521 -0.000011 0.000031 0.000025
 23   3.942374 1.330659 -1.631083 0.000019 0.000002 -0.000024
 24   -0.246150 -0.011872 -0.516511 -0.000005 -0.000006 0.000048
 25   4.941364 1.997338 1.629330 0.000018 -0.000001 -0.000024
 26   4.941382 1.997366 -1.629410 -0.000001 0.000005 -0.000024
 27   2.918368 1.615358 1.514501 -0.000019 -0.000022 -0.000050
 28   2.920798 1.614964 -1.501142 -0.000002 -0.000009 -0.000024
 29   8.824059 0.150544 0.091743 0.000006 -0.000231 -0.174534
 30   2.111085 -0.561179 1.784320 -0.000008 -0.000682 0.000024
 31   2.121290 -0.561289 -1.853599 0.000000 0.000000 -0.000002
 32   -0.810489 -0.093824 3.127092 3.071872 -0.114782 1.239365
 33   14.298673 -0.408176 0.475484 0.000248 0.000062 -1.896136
 34   15.835795 0.581398 0.242756 -0.214729 0.106889 -0.097869
 35   -0.815868 -0.091229 -3.114430 0.066464 3.132725 -1.010185
 36   14.294526 -0.410349 -0.463635 0.000033 -0.000000 -2.607695
 37   15.834409 0.579420 -0.284600 -0.006092 -0.035255 0.214458
 38   1.139685 -3.453749 -2.823813 0.000000 0.000000 0.000001
 39   -4.457742 -1.054854 -0.746180 0.000000 0.000000 0.000000
 40   1.118101 -3.449769 3.237290 0.000000 0.000001 0.000000
 41   -4.433840 -1.059130 0.959566 -0.000001 0.000000 0.000000
 42   -0.657468 1.697302 -2.688614 0.000000 0.000002 0.000000
 43   -0.664068 1.698578 2.869377 0.000000 0.000002 0.000000
time 32
  0   -0.967547 0.175787 -20.574476 0.000000 0.000000 -1.572114
  1   -1.093036 0.000002 -0.326057 -0.001039 -1.569036 -1.569635
  2   2.262337 0.113614 0.064702 -0.071981 0.114286 -0.057243
  3   2.380047 0.353302 0.047440 -0.033827 -0.103395 0.016365
  4   2.033756 0.190472 -0.000128 -0.079516 -0.068947 0.184110
  5   2.451511 0.204909 -0.003447 -0.142224 -0.082621 0.155267
  6   7.247600 -0.397300 -0.109469 -0.091897 0.032679 0.231838
  7   -2.022252 -0.104661 3.136172 0.961558 -1.306804 -4.323411
  8   1.168026 -0.537438 -0.063437 -0.005081 0.761171 -0.314404
  9   6.790376 -0.619176 0.015206 -0.000102 -0.000151 -1.547160
 10   8.637599 0.544015 -0.090417 -0.776736 -0.678976 0.599975
 11   6.790465 -0.619039 0.017802 0.002724 -0.011793 -1.098274
 12   -2.022474 -0.104699 -2.873818 -1.484480 0.924293 -4.831263
 13   1.167898 -0.537463 0.063297 -0.041404 -0.602261 -0.585644
 14   7.002743 -0.617765 -0.183752 0.000172 0.000023 -1.712978
 15   8.209042 0.615527 -0.255885 1.748769 0.278213 1.510221
 16   7.002735 -0.617911 -0.183641 0.013309 0.009285 -1.217764
 17   1.574674 0.609930 -0.000899 0.324920 -0.291591 0.346021
 18   -0.602177 0.511412 -0.000006 0.000000 0.000000 0.000000
 19   3.673773 0.177020 1.119313 -0.000002 -0.000014 -0.174510
 20   3.673767 0.176993 -1.117566 0.000007 -0.000003 -0.174546
 21   3.942357 1.330634 1.627658 0.000002 -0.000011 -0.000026
 22   -0.246060 -0.011889 0.516521 -0.000011 0.000031 0.000025
 23   3.942374 1.330659 -1.631083 0.000019 0.000002 -0.000024
 24   -0.246150 -0.011872 -0.516511 -0.000005 -0.000006 0.000048
 25   4.941364 1.997338 1.629330 0.000018 -0.000001 -0.000024
 26   4.941382 1.997366 -1.629410 -0.000001 0.000005 -0.000024
 27   2.918368 1.615358 1.514501 -0.000019 -0.000022 -0.000050
 28   2.920798 1.614964 -1.501142 -0.000002 -0.000009 -0.000024
 29   8.824059 0.150544 0.091743 0.000006 -0.000231 -0.174534
 30   2.111085 -0.561179 1.784320 -0.000008 -0.000682 0.000024
 31   2.121290 -0.561289 -1.853599 0.000000 0.000000 -0.000002
 32   -0.810489 -0.093824 3.127092 3.071872 -0.114782 1.239365
 33   14.298673 -0.408176 0.475484 0.000248 0.000062 -1.896136
 34   15.835795 0.581398 0.242756 -0.214729 0.106889 -0.097869
 35   -0.815868 -0.091229 -3.114430 0.066464 3.132725 -1.010185
 36   14.294526 -0.410349 -0.463635 0.000033 -0.000000 -2.607695
 37   15.834409 0.579420 -0.284600 -0.006092 -0.035255 0.214458
 38   1.139685 -3.453749 -2.823813 0.000000 0.000000 0.000001
 39   -4.457742 -1.054854 -0.746180 0.000000 0.000000 0.000000
 40   1.118101 -3.449769 3.237290 0.000000 0.000001 0.000000
 41   -4.433840 -1.059130 0.959566 -0.000001 0.000000 0.000000
 42   -0.657468 1.697302 -2.688614 0.000000 0.000002 0.000000
 43   -0.664068 1.698578 2.869377 0.000000 0.000002 0.000000
time 33
  0   -0.967547 0.175787 -20.574476 0.000000 0.000000 -1.572114
  1   -1.093036 0.000002 -0.326057 -0.001039 -1.569036 -1.569635
  2   2.262337 0.113614 0.064702 -0.071815 0.114202 -0.056538
  3   2.380047 0.353302 0.047440 -0.033467 -0.102460 0.014855
  4   2.033756 0.190472 -0.000128 -0.079184 -0.070505 0.161093
  5   2.451511 0.204909 -0.003447 -0.139588 -0.081446 0.151998
  6   7.247600 -0.397300 -0.109469 -0.091897 0.032679 0.231838
  7   -2.022252 -0.104661 3.136172 0.949959 -1.302249 -4.311296
  8   1.168026 -0.537438 -0.063437 0.069527 0.714580 -0.106657
  9   6.790376 -0.619176 0.015206 -0.000102 -0.000151 -1.719226
 10   8.637599 0.544015 -0.090417 -0.700912 -0.722266 0.104706
 11   6.790465 -0.619039 0.017802 0.003483 -0.011850 -1.218757
 12   -2.022474 -0.104699 -2.873818 -1.475569 0.968061 -4.824561
 13   1.167898 -0.537463 0.063297 0.117672 -0.706764 -0.696120
 14   7.002743 -0.617765 -0.183752 0.000172 0.000023 -1.657287
 15   8.209042 0.615527 -0.255885 1.770627 0.329964 1.192636
 16   7.002735 -0.617911 -0.183641 0.013403 0.009003 -1.178743
 17   1.574674 0.609930 -0.000899 0.323539 -0.283852 0.344986
 18   -0.602177 0.511412 -0.000006 0.000000 0.000000 0.000000
 19   3.673773 0.177020 1.119313 -0.000002 -0.000014 -0.174510
 20   3.673767 0.176993 -1.117566 0.000007 -0.000003 -0.174546
 21   3.942357 1.330634 1.627658 0.000002 -0.000011 -0.000026
 22   -0.246060 -0.011889 0.516521 -0.000011 0.000031 0.000025
 23   3.942374 1.330659 -1.631083 0.000019 0.000002 -0.000024
 24   -0.246150 -0.011872 -0.516511 -0.000005 -0.000006 0.000048
 25   4.941364 1.997338 1.629330 0.000018 -0.000001 -0.000024
 26   4.941382 1.997366 -1.629410 -0.000001 0.000005 -0.000024
 27   2.918368 1.615358 1.514501 -0.000019 -0.000022 -0.000050
 28   2.920798 1.614964 -1.501142 -0.000002 -0.000009 -0.000024
 29   8.824059 0.150544 0.091743 0.000006 -0.000231 -0.174534
 30   2.111085 -0.561179 1.784320 -0.000008 -0.000682 0.000024
 31   2.121290 -0.561289 -1.853599 0.000000 0.000000 -0.000002
 32   -0.810489 -0.093824 3.127092 3.071872 -0.114782 1.239365
 33   14.298673 -0.408176 0.475484 0.000248 0.000062 -1.896136
 34   15.835795 0.581398 0.242756 -0.214729 0.106889 -0.097869
 35   -0.815868 -0.091229 -3.114430 0.066464 3.132725 -1.010185
 36   14.294526 -0.410349 -0.463635 0.000033 -0.000000 -2.607695
 37   15.834409 0.579420 -0.284600 -0.006092 -0.035255 0.214458
 38   1.139685 -3.453749 -2.823813 0.000000 0.000000 0.000001
 39   -4.457742 -1.054854 -0.746180 0.000000 0.000000 0.000000
 40   1.118101 -3.449769 3.237290 0.000000 0.000001 0.000000
 41   -4.433840 -1.059130 0.959566 -0.000001 0.000000 0.000000
 42   -0.657468 1.697302 -2.688614 0.000000 0.000002 0.000000
 43   -0.664068 1.698578 2.869377 0.000000 0.000002 0.000000
time 34
  0   -0.967547 0.175787 -20.574476 0.000000 0.000000 -1.572114
  1   -1.093036 0.000002 -0.326057 -0.001039 -1.569036 -1.569635
  2   2.262337 0.113614 0.064702 -0.071624 0.114094 -0.055815
  3   2.380047 0.353302 0.047440 -0.032867 -0.101394 0.013161
  4   2.033756 0.190472 -0.000128 -0.078004 -0.072483 0.132494
  5   2.451511 0.204909 -0.003447 -0.136507 -0.080375 0.148308
  6   7.247600 -0.397300 -0.109469 -0.091897 0.032679 0.231838
  7   -2.022252 -0.104661 3.136172 0.938839 -1.297695 -4.299275
  8   1.168026 -0.537438 -0.063437 0.138123 0.656467 0.087806
  9   6.790376 -0.619176 0.015206 -0.000102 -0.000151 -1.891518
 10   8.637599 0.544015 -0.090417 -0.605274 -0.728038 -0.404236
 11   6.790465 -0.619039 0.017802 0.004242 -0.011850 -1.339413
 12   -2.022474 -0.104699 -2.873818 -1.465510 1.011742 -4.816423
 13   1.167898 -0.537463 0.063297 0.299242 -0.803944 -0.827117
 14   7.002743 -0.617765 -0.183752 0.000172 0.000023 -1.601596
 15   8.209042 0.615527 -0.255885 1.774007 0.386633 0.869879
 16   7.002735 -0.617911 -0.183641 0.013450 0.008665 -1.139721
 17   1.574674 0.609930 -0.000899 0.333166 -0.240637 0.273799
 18   -0.602177 0.511412 -0.000006 0.000000 0.000000 0.000000
 19   3.673773 0.177020 1.119313 -0.000002 -0.000014 -0.174510
 20   3.673767 0.176993 -1.117566 0.000007 -0.000003 -0.174546
 21   3.942357 1.330634 1.627658 0.000002 -0.000011 -0.000026
 22   -0.246060 -0.011889 0.516521 -0.000011 0.000031 0.000025
 23   3.942374 1.330659 -1.631083 0.000019 0.000002 -0.000024
 24   -0.246150 -0.011872 -0.516511 -0.000005 -0.000006 0.000048
 25   4.941364 1.997338 1.629330 0.000018 -0.000001 -0.000024
 26   4.941382 1.997366 -1.629410 -0.000001 0.000005 -0.000024
 27   2.918368 1.615358 1.514501 -0.000019 -0.000022 -0.000050
 28   2.920798 1.614964 -1.501142 -0.000002 -0.000009 -0.000024
 29   8.824059 0.150544 0.091743 0.000006 -0.000231 -0.174534
 30   2.111085 -0.561179 1.784320 -0.000008 -0.000682 0.000024
 31   2.121290 -0.561289 -1.853599 0.000000 0.000000 -0.000002
 32   -0.810489 -0.093824 3.127092 3.071872 -0.114782 1.239365
 33   14.298673 -0.408176 0.475484 0.000248 0.000062 -1.896136
 34   15.835795 0.581398 0.242756 -0.214729 0.106889 -0.097869
 35   -0.815868 -0.091229 -3.114430 0.066464 3.132725 -1.010185
 36   14.294526 -0.410349 -0.463635 0.000033 -0.000000 -2.607695
 37   15.834409 0.579420 -0.284600 -0.006092 -0.035255 0.214458
 38   1.139685 -3.453749 -2.823813 0.000000 0.000000 0.000001
 39   -4.457742 -1.054854 -0.746180 0.000000 0.000000 0.000000
 40   1.118101 -3.449769 3.237290 0.000000 0.000001 0.000000
 41   -4.433840 -1.059130 0.959566 -0.000001 0.000000 0.000000
 42   -0.657468 1.697302 -2.688614 0.000000 0.000002 0.000000
 43   -0.664068 1.698578 2.869377 0.000000 0.000002 0.000000
time 35
  0   -0.967547 0.175787 -20.574476 0.000000 0.000000 -1.572114
  1   -1.093036 0.000002 -0.326057 -0.001039 -1.569036 -1.569635
  2   2.262337 0.113614 0.064702 -0.071446 0.114070 -0.055111
  3   2.380047 0.353302 0.047440 -0.032372 -0.100339 0.011345
  4   2.033756 0.190472 -0.000128 -0.077377 -0.074268 0.104475
  5   2.451511 0.204909 -0.003447 -0.134265 -0.079083 0.144519
  6   7.247600 -0.397300 -0.109469 -0.091897 0.032679 0.231838
  7   -2.022252 -0.104661 3.136172 0.928487 -1.293025 -4.287912
  8   1.168026 -0.537438 -0.063437 0.125973 0.713624 -0.028910
  9   6.790376 -0.619176 0.015206 -0.000102 -0.000151 -1.802014
 10   8.637599 0.544015 -0.090417 -0.518882 -0.693617 -0.905871
 11   6.790465 -0.619039 0.017802 0.003892 -0.011850 -1.276720
 12   -2.022474 -0.104699 -2.873818 -1.453630 1.055452 -4.807232
 13   1.167898 -0.537463 0.063297 0.407213 -0.943994 -0.893887
 14   7.002743 -0.617765 -0.183752 0.000172 0.000023 -1.698375
 15   8.209042 0.615527 -0.255885 1.757613 0.442242 0.539425
 16   7.002735 -0.617911 -0.183641 0.013309 0.009285 -1.207498
 17   1.574674 0.609930 -0.000899 0.347302 -0.154821 0.117824
 18   -0.602177 0.511412 -0.000006 0.000000 0.000000 0.000000
 19   3.673773 0.177020 1.119313 -0.000002 -0.000014 -0.174510
 20   3.673767 0.176993 -1.117566 0.000007 -0.000003 -0.174546
 21   3.942357 1.330634 1.627658 0.000002 -0.000011 -0.000026
 22   -0.246060 -0.011889 0.516521 -0.000011 0.000031 0.000025
 23   3.942374 1.330659 -1.631083 0.000019 0.000002 -0.000024
 24   -0.246150 -0.011872 -0.516511 -0.000005 -0.000006 0.000048
 25   4.941364 1.997338 1.629330 0.000018 -0.000001 -0.000024
 26   4.941382 1.997366 -1.629410 -0.000001 0.000005 -0.000024
 27   2.918368 1.615358 1.514501 -0.000019 -0.000022 -0.000050
 28   2.920798 1.614964 -1.501142 -0.000002 -0.000009 -0.000024
 29   8.824059 0.150544 0.091743 0.000006 -0.000231 -0.174534
 30   2.111085 -0.561179 1.784320 -0.000008 -0.000682 0.000024
 31   2.121290 -0.561289 -1.853599 0.000000 0.000000 -0.000002
 32   -0.810489 -0.093824 3.127092 3.071872 -0.114782 1.239365
 33   14.298673 -0.408176 0.475484 0.000248 0.000062 -1.896136
 34   15.835795 0.581398 0.242756 -0.214729 0.106889 -0.097869
 35   -0.815868 -0.091229 -3.114430 0.066464 3.132725 -1.010185
 36   14.294526 -0.410349 -0.463635 0.000033 -0.000000 -2.607695
 37   15.834409 0.579420 -0.284600 -0.006092 -0.035255 0.214458
 38   1.139685 -3.453749 -2.823813 0.000000 0.000000 0.000001
 39   -4.457742 -1.054854 -0.746180 0.000000 0.000000 0.000000
 40   1.118101 -3.449769 3.237290 0.000000 0.000001 0.000000
 41   -4.433840 -1.059130 0.959566 -0.000001 0.000000 0.000000
 42   -0.657468 1.697302 -2.688614 0.000000 0.000002 0.000000
 43   -0.664068 1.698578 2.869377 0.000000 0.000002 0.000000
time 36
  0   -0.967547 0.175787 -20.574476 0.000000 0.000000 -1.572114
  1   -1.093036 0.000002 -0.326057 -0.001039 -1.569036 -1.569635
  2   2.262337 0.113614 0.064702 -0.071204 0.113926 -0.054243
  3   2.380047 0.353302 0.047440 -0.031667 -0.099093 0.009325
  4   2.033756 0.190472 -0.000128 -0.078594 -0.075599 0.083633
  5   2.451511 0.204909 -0.003447 -0.134025 -0.077555 0.140383
  6   7.247600 -0.397300 -0.109469 -0.091897 0.032679 0.231838
  7   -2.022252 -0.104661 3.136172 0.917942 -1.288442 -4.277206
  8   1.168026 -0.537438 -0.063437 0.090536 0.766756 -0.160302
  9   6.790376 -0.619176 0.015206 -0.000102 -0.000151 -1.712132
 10   8.637599 0.544015 -0.090417 -0.465955 -0.627591 -1.382258
 11   6.790465 -0.619039 0.017802 0.003454 -0.011850 -1.213797
 12   -2.022474 -0.104699 -2.873818 -1.440121 1.099162 -4.795743
 13   1.167898 -0.537463 0.063297 0.549278 -1.072550 -0.997038
 14   7.002743 -0.617765 -0.183752 0.000172 0.000023 -1.795401
 15   8.209042 0.615527 -0.255885 1.720799 0.491043 0.199168
 16   7.002735 -0.617911 -0.183641 0.013168 0.009849 -1.275385
 17   1.574674 0.609930 -0.000899 0.350024 -0.067159 -0.043659
 18   -0.602177 0.511412 -0.000006 0.000000 0.000000 0.000000
 19   3.673773 0.177020 1.119313 -0.000002 -0.000014 -0.174510
 20   3.673767 0.176993 -1.117566 0.000007 -0.000003 -0.174546
 21   3.942357 1.330634 1.627658 0.000002 -0.000011 -0.000026
 22   -0.246060 -0.011889 0.516521 -0.000011 0.000031 0.000025
 23   3.942374 1.330659 -1.631083 0.000019 0.000002 -0.000024
 24   -0.246150 -0.011872 -0.516511 -0.000005 -0.000006 0.000048
 25   4.941364 1.997338 1.629330 0.000018 -0.000001 -0.000024
 26   4.941382 1.997366 -1.629410 -0.000001 0.000005 -0.000024
 27   2.918368 1.615358 1.514501 -0.000019 -0.000022 -0.000050
 28   2.920798 1.614964 -1.501142 -0.000002 -0.000009 -0.000024
 29   8.824059 0.150544 0.091743 0.000006 -0.000231 -0.174534
 30   2.111085 -0.561179 1.784320 -0.000008 -0.000682 0.000024
 31   2.121290 -0.561289 -1.853599 0.000000 0.000000 -0.000002
 32   -0.810489 -0.093824 3.127092 3.071872 -0.114782 1.239365
 33   14.298673 -0.408176 0.475484 0.000248 0.000062 -1.896136
 34   15.835795 0.581398 0.242756 -0.214729 0.106889 -0.097869
 35   -0.815868 -0.091229 -3.114430 0.066464 3.132725 -1.010185
 36   14.294526 -0.410349 -0.463635 0.000033 -0.000000 -2.607695
 37   15.834409 0.579420 -0.284600 -0.006092 -0.035255 0.214458
 38   1.139685 -3.453749 -2.823813 0.000000 0.000000 0.000001
 39   -4.457742 -1.054854 -0.746180 0.000000 0.000000 0.000000
 40   1.118101 -3.449769 3.237290 0.000000 0.000001 0.000000
 41   -4.433840 -1.059130 0.959566 -0.000001 0.000000 0.000000
 42   -0.657468 1.697302 -2.688614 0.000000 0.000002 0.000000
 43   -0.664068 1.698578 2.869377 0.000000 0.000002 0.000000
time 37
  0   -0.967547 0.175787 -20.574476 0.000000 0.000000 -1.572114
  1   -1.093036 0.000002 -0.326057 -0.001039 -1.569036 -1.569635
  2   2.262337 0.113614 0.064702 -0.070962 0.113806 -0.053267
  3   2.380047 0.353302 0.047440 -0.031097 -0.097846 0.007223
  4   2.033756 0.190472 -0.000128 -0.083924 -0.075802 0.075695
  5   2.451511 0.204909 -0.003447 -0.139006 -0.075949 0.136321
  6   7.247600 -0.397300 -0.109469 -0.091897 0.032679 0.231838
  7   -2.022252 -0.104661 3.136172 0.925803 -1.294005 -4.285658
  8   1.168026 -0.537438 -0.063437 0.064717 0.756995 -0.222297
  9   6.790376 -0.619176 0.015206 -0.000102 -0.000151 -1.710547
 10   8.637599 0.544015 -0.090417 -0.547767 -0.492582 -1.250447
 11   6.790465 -0.619039 0.017802 0.003454 -0.011850 -1.212528
 12   -2.022474 -0.104699 -2.873818 -1.426133 1.098117 -4.779754
 13   1.167898 -0.537463 0.063297 0.523831 -1.072957 -0.980936
 14   7.002743 -0.617765 -0.183752 0.000172 0.000023 -1.790616
 15   8.209042 0.615527 -0.255885 1.742370 0.491724 0.197304
 16   7.002735 -0.617911 -0.183641 0.013168 0.009849 -1.272129
 17   1.574674 0.609930 -0.000899 0.354248 -0.019493 -0.134324
 18   -0.602177 0.511412 -0.000006 0.000000 0.000000 0.000000
 19   3.673773 0.177020 1.119313 -0.000002 -0.000014 -0.174510
 20   3.673767 0.176993 -1.117566 0.000007 -0.000003 -0.174546
 21   3.942357 1.330634 1.627658 0.000002 -0.000011 -0.000026
 22   -0.246060 -0.011889 0.516521 -0.000011 0.000031 0.000025
 23   3.942374 1.330659 -1.631083 0.000019 0.000002 -0.000024
 24   -0.246150 -0.011872 -0.516511 -0.000005 -0.000006 0.000048
 25   4.941364 1.997338 1.629330 0.000018 -0.000001 -0.000024
 26   4.941382 1.997366 -1.629410 -0.000001 0.000005 -0.000024
 27   2.918368 1.615358 1.514501 -0.000019 -0.000022 -0.000050
 28   2.920798 1.614964 -1.501142 -0.000002 -0.000009 -0.000024
 29   8.824059 0.150544 0.091743 0.000006 -0.000231 -0.174534
 30   2.111085 -0.561179 1.784320 -0.000008 -0.000682 0.000024
 31   2.121290 -0.561289 -1.853599 0.000000 0.000000 -0.000002
 32   -0.810489 -0.093824 3.127092 3.071872 -0.114782 1.239365
 33   14.298673 -0.408176 0.475484 0.000248 0.000062 -1.896136
 34   15.835795 0.581398 0.242756 -0.214729 0.106889 -0.097869
 35   -0.815868 -0.091229 -3.114430 0.066464 3.132725 -1.010185
 36   14.294526 -0.410349 -0.463635 0.000033 -0.000000 -2.607695
 37   15.834409 0.579420 -0.284600 -0.006092 -0.035255 0.214458
 38   1.139685 -3.453749 -2.823813 0.000000 0.000000 0.000001
 39   -4.457742 -1.054854 -0.746180 0.000000 0.000000 0.000000
 40   1.118101 -3.449769 3.237290 0.000000 0.000001 0.000000
 41   -4.433840 -1.059130 0.959566 -0.000001 0.000000 0.000000
 42   -0.657468 1.697302 -2.688614 0.000000 0.000002 0.000000
 43   -0.664068 1.698578 2.869377 0.000000 0.000002 0.000000
time 38
  0   -0.967547 0.175787 -20.574476 0.000000 0.000000 -1.572114
  1   -1.093036 0.000002 -0.326057 -0.001039 -1.569036 -1.569635
  2   2.262337 0.113614 0.064702 -0.070694 0.113627 -0.052310
  3   2.380047 0.353302 0.047440 -0.030377 -0.096456 0.004958
  4   2.033756 0.190472 -0.000128 -0.091891 -0.075323 0.076420
  5   2.451511 0.204909 -0.003447 -0.147205 -0.074213 0.132062
  6   7.247600 -0.397300 -0.109469 -0.091897 0.032679 0.231838
  7   -2.022252 -0.104661 3.136172 0.956957 -1.304123 -4.318716
  8   1.168026 -0.537438 -0.063437 -0.015459 0.722429 -0.354701
  9   6.790376 -0.619176 0.015206 -0.000102 -0.000151 -1.711830
 10   8.637599 0.544015 -0.090417 -0.649394 -0.192508 -1.035729
 11   6.790465 -0.619039 0.017802 0.003454 -0.011850 -1.213566
 12   -2.022474 -0.104699 -2.873818 -1.400074 1.095911 -4.750648
 13   1.167898 -0.537463 0.063297 0.480952 -1.062735 -0.949155
 14   7.002743 -0.617765 -0.183752 0.000172 0.000023 -1.782778
 15   8.209042 0.615527 -0.255885 1.785799 0.492707 0.195379
 16   7.002735 -0.617911 -0.183641 0.013215 0.009736 -1.266665
 17   1.574674 0.609930 -0.000899 0.366637 -0.006193 -0.158090
 18   -0.602177 0.511412 -0.000006 0.000000 0.000000 0.000000
 19   3.673773 0.177020 1.119313 -0.000002 -0.000014 -0.174510
 20   3.673767 0.176993 -1.117566 0.000007 -0.000003 -0.174546
 21   3.942357 1.330634 1.627658 0.000002 -0.000011 -0.000026
 22   -0.246060 -0.011889 0.516521 -0.000011 0.000031 0.000025
 23   3.942374 1.330659 -1.631083 0.000019 0.000002 -0.000024
 24   -0.246150 -0.011872 -0.516511 -0.000005 -0.000006 0.000048
 25   4.941364 1.997338 1.629330 0.000018 -0.000001 -0.000024
 26   4.941382 1.997366 -1.629410 -0.000001 0.000005 -0.000024
 27   2.918368 1.615358 1.514501 -0.000019 -0.000022 -0.000050
 28   2.920798 1.614964 -1.501142 -0.000002 -0.000009 -0.000024
 29   8.824059 0.150544 0.091743 0.000006 -0.000231 -0.174534
 30   2.111085 -0.561179 1.784320 -0.000008 -0.000682 0.000024
 31   2.121290 -0.561289 -1.853599 0.000000 0.000000 -0.000002
 32   -0.810489 -0.093824 3.127092 3.071872 -0.114782 1.239365
 33   14.298673 -0.408176 0.475484 0.000248 0.000062 -1.896136
 34   15.835795 0.581398 0.242756 -0.214729 0.106889 -0.097869
 35   -0.815868 -0.091229 -3.114430 0.066464 3.132725 -1.010185
 36   14.294526 -0.410349 -0.463635 0.000033 -0.000000 -2.607695
 37   15.834409 0.579420 -0.284600 -0.006092 -0.035255 0.214458
 38   1.139685 -3.453749 -2.823813 0.000000 0.000000 0.000001
 39   -4.457742 -1.054854 -0.746180 0.000000 0.000000 0.000000
 40   1.118101 -3.449769 3.237290 0.000000 0.000001 0.000000
 41   -4.433840 -1.059130 0.959566 -0.000001 0.000000 0.000000
 42   -0.657468 1.697302 -2.688614 0.000000 0.000002 0.000000
 43   -0.664068 1.698578 2.869377 0.000000 0.000002 0.000000
time 39
  0   -0.967547 0.175787 -20.574476 0.000000 0.000000 -1.572114
  1   -1.093036 0.000002 -0.326057 -0.001039 -1.569036 -1.569635
  2   2.262337 0.113614 0.064702 -0.070427 0.113471 -0.051207
  3   2.380047 0.353302 0.047440 -0.029747 -0.095018 0.002530
  4   2.033756 0.190472 -0.000128 -0.097885 -0.074952 0.077036
  5   2.451511 0.204909 -0.003447 -0.152186 -0.072333 0.127307
  6   7.247600 -0.397300 -0.109469 -0.091897 0.032679 0.231838
  7   -2.022252 -0.104661 3.136172 1.020510 -1.308130 -4.383986
  8   1.168026 -0.537438 -0.063437 -0.140628 0.678454 -0.471543
  9   6.790376 -0.619176 0.015206 -0.000102 -0.000151 -1.721339
 10   8.637599 0.544015 -0.090417 -0.715707 0.095319 -0.865069
 11   6.790465 -0.619039 0.017802 0.003483 -0.011850 -1.220199
 12   -2.022474 -0.104699 -2.873818 -1.385990 1.094634 -4.734756
 13   1.167898 -0.537463 0.063297 0.463378 -1.053785 -0.941467
 14   7.002743 -0.617765 -0.183752 0.000172 0.000023 -1.777910
 15   8.209042 0.615527 -0.255885 1.806651 0.493918 0.193455
 16   7.002735 -0.617911 -0.183641 0.013215 0.009680 -1.263188
 17   1.574674 0.609930 -0.000899 0.374477 0.005522 -0.171951
 18   -0.602177 0.511412 -0.000006 0.000000 0.000000 0.000000
 19   3.673773 0.177020 1.119313 -0.000002 -0.000014 -0.174510
 20   3.673767 0.176993 -1.117566 0.000007 -0.000003 -0.174546
 21   3.942357 1.330634 1.627658 0.000002 -0.000011 -0.000026
 22   -0.246060 -0.011889 0.516521 -0.000011 0.000031 0.000025
 23   3.942374 1.330659 -1.631083 0.000019 0.000002 -0.000024
 24   -0.246150 -0.011872 -0.516511 -0.000005 -0.000006 0.000048
 25   4.941364 1.997338 1.629330 0.000018 -0.000001 -0.000024
 26   4.941382 1.997366 -1.629410 -0.000001 0.000005 -0.000024
 27   2.918368 1.615358 1.514501 -0.000019 -0.000022 -0.000050
 28   2.920798 1.614964 -1.501142 -0.000002 -0.000009 -0.000024
 29   8.824059 0.150544 0.091743 0.000006 -0.000231 -0.174534
 30   2.111085 -0.561179 1.784320 -0.000008 -0.000682 0.000024
 31   2.121290 -0.561289 -1.853599 0.000000 0.000000 -0.000002
 32   -0.810489 -0.093824 3.127092 3.071872 -0.114782 1.239365
 33   14.298673 -0.408176 0.475484 0.000248 0.000062 -1.896136
 34   15.835795 0.581398 0.242756 -0.214729 0.106889 -0.097869
 35   -0.815868 -0.091229 -3.114430 0.066464 3.132725 -1.010185
 36   14.294526 -0.410349 -0.463635 0.000033 -0.000000 -2.607695
 37   15.834409 0.579420 -0.284600 -0.006092 -0.035255 0.214458
 38   1.139685 -3.453749 -2.823813 0.000000 0.000000 0.000001
 39   -4.457742 -1.054854 -0.746180 0.000000 0.000000 0.000000
 40   1.118101 -3.449769 3.237290 0.000000 0.000001 0.000000
 41   -4.433840 -1.059130 0.959566 -0.000001 0.000000 0.000000
 42   -0.657468 1.697302 -2.688614 0.000000 0.000002 0.000000
 43   -0.664068 1.698578 2.869377 0.000000 0.000002 0.000000
time 40
  0   -0.967547 0.175787 -20.574476 0.000000 0.000000 -1.572114
  1   -1.093036 0.000002 -0.326057 -0.001039 -1.569036 -1.569635
  2   2.262337 0.113614 0.064702 -0.070121 0.113363 -0.050105
  3   2.380047 0.353302 0.047440 -0.025277 -0.093544 -0.000980
  4   2.033756 0.190472 -0.000128 -0.099563 -0.074424 0.074354
  5   2.451511 0.204909 -0.003447 -0.150115 -0.069996 0.120323
  6   7.247600 -0.397300 -0.109469 -0.091897 0.032679 0.231838
  7   -2.022252 -0.104661 3.136172 1.116272 -1.299886 -4.480529
  8   1.168026 -0.537438 -0.063437 -0.341607 0.616517 -0.558779
  9   6.790376 -0.619176 0.015206 -0.000102 -0.000151 -1.761714
 10   8.637599 0.544015 -0.090417 -0.729357 0.368293 -0.785418
 11   6.790465 -0.619039 0.017802 0.003658 -0.011850 -1.248575
 12   -2.022474 -0.104699 -2.873818 -1.394038 1.081399 -4.742223
 13   1.167898 -0.537463 0.063297 0.528822 -1.021900 -0.994193
 14   7.002743 -0.617765 -0.183752 0.000172 0.000023 -1.726344
 15   8.209042 0.615527 -0.255885 1.811756 0.487563 0.200972
 16   7.002735 -0.617911 -0.183641 0.013309 0.009398 -1.226981
 17   1.574674 0.609930 -0.000899 0.367612 0.015368 -0.172986
 18   -0.602177 0.511412 -0.000006 0.000000 0.000000 0.000000
 19   3.673773 0.177020 1.119313 -0.000002 -0.000014 -0.174510
 20   3.673767 0.176993 -1.117566 0.000007 -0.000003 -0.174546
 21   3.942357 1.330634 1.627658 0.000002 -0.000011 -0.000026
 22   -0.246060 -0.011889 0.516521 -0.000011 0.000031 0.000025
 23   3.942374 1.330659 -1.631083 0.000019 0.000002 -0.000024
 24   -0.246150 -0.011872 -0.516511 -0.000005 -0.000006 0.000048
 25   4.941364 1.997338 1.629330 0.000018 -0.000001 -0.000024
 26   4.941382 1.997366 -1.629410 -0.000001 0.000005 -0.000024
 27   2.918368 1.615358 1.514501 -0.000019 -0.000022 -0.000050
 28   2.920798 1.614964 -1.501142 -0.000002 -0.000009 -0.000024
 29   8.824059 0.150544 0.091743 0.000006 -0.000231 -0.174534
 30   2.111085 -0.561179 1.784320 -0.000008 -0.000682 0.000024
 31   2.121290 -0.561289 -1.853599 0.000000 0.000000 -0.000002
 32   -0.810489 -0.093824 3.127092 3.071872 -0.114782 1.239365
 33   14.298673 -0.408176 0.475484 0.000248 0.000062 -1.896136
 34   15.835795 0.581398 0.242756 -0.214729 0.106889 -0.097869
 35   -0.815868 -0.091229 -3.114430 0.066464 3.132725 -1.010185
 36   14.294526 -0.410349 -0.463635 0.000033 -0.000000 -2.607695
 37   15.834409 0.579420 -0.284600 -0.006092 -0.035255 0.214458
 38   1.139685 -3.453749 -2.823813 0.000000 0.000000 0.000001
 39   -4.457742 -1.054854 -0.746180 0.000000 0.000000 0.000000
 40   1.118101 -3.449769 3.237290 0.000000 0.000001 0.000000
 41   -4.433840 -1.059130 0.959566 -0.000001 0.000000 0.000000
 42   -0.657468 1.697302 -2.688614 0.000000 0.000002 0.000000
 43   -0.664068 1.698578 2.869377 0.000000 0.000002 0.000000
time 41
  0   -0.967547 0.175787 -20.574476 0.000000 0.000000 -1.572114
  1   -1.093036 0.000002 -0.326057 -0.001039 -1.569036 -1.569635
  2   2.262337 0.113614 0.064702 -0.069293 0.112884 -0.046943
  3   2.380047 0.353302 0.047440 -0.019321 -0.089205 -0.009183
  4   2.033756 0.190472 -0.000128 -0.100688 -0.073621 0.066452
  5   2.451511 0.204909 -0.003447 -0.139588 -0.064317 0.103235
  6   7.247600 -0.397300 -0.109469 -0.091897 0.032679 0.231838
  7   -2.022252 -0.104661 3.136172 1.227468 -1.281869 -4.593225
  8   1.168026 -0.537438 -0.063437 -0.573593 0.522480 -0.616852
  9   6.790376 -0.619176 0.015206 -0.000102 -0.000151 -1.805787
 10   8.637599 0.544015 -0.090417 -0.753663 0.636410 -0.689417
 11   6.790465 -0.619039 0.017802 0.003892 -0.011850 -1.279258
 12   -2.022474 -0.104699 -2.873818 -1.413486 1.045584 -4.760414
 13   1.167898 -0.537463 0.063297 0.672504 -0.921669 -1.102550
 14   7.002743 -0.617765 -0.183752 0.000172 0.000023 -1.587240
 15   8.209042 0.615527 -0.255885 1.824123 0.470615 0.220697
 16   7.002735 -0.617911 -0.183641 0.013497 0.008552 -1.129676
 17   1.574674 0.609930 -0.000899 0.346937 0.022563 -0.175388
 18   -0.602177 0.511412 -0.000006 0.000000 0.000000 0.000000
 19   3.673773 0.177020 1.119313 -0.000002 -0.000014 -0.174510
 20   3.673767 0.176993 -1.117566 0.000007 -0.000003 -0.174546
 21   3.942357 1.330634 1.627658 0.000002 -0.000011 -0.000026
 22   -0.246060 -0.011889 0.516521 -0.000011 0.000031 0.000025
 23   3.942374 1.330659 -1.631083 0.000019 0.000002 -0.000024
 24   -0.246150 -0.011872 -0.516511 -0.000005 -0.000006 0.000048
 25   4.941364 1.997338 1.629330 0.000018 -0.000001 -0.000024
 26   4.941382 1.997366 -1.629410 -0.000001 0.000005 -0.000024
 27   2.918368 1.615358 1.514501 -0.000019 -0.000022 -0.000050
 28   2.920798 1.614964 -1.501142 -0.000002 -0.000009 -0.000024
 29   8.824059 0.150544 0.091743 0.000006 -0.000231 -0.174534
 30   2.111085 -0.561179 1.784320 -0.000008 -0.000682 0.000024
 31   2.121290 -0.561289 -1.853599 0.000000 0.000000 -0.000002
 32   -0.810489 -0.093824 3.127092 3.071872 -0.114782 1.239365
 33   14.298673 -0.408176 0.475484 0.000248 0.000062 -1.896136
 34   15.835795 0.581398 0.242756 -0.214729 0.106889 -0.097869
 35   -0.815868 -0.091229 -3.114430 0.066464 3.132725 -1.010185
 36   14.294526 -0.410349 -0.463635 0.000033 -0.000000 -2.607695
 37   15.834409 0.579420 -0.284600 -0.006092 -0.035255 0.214458
 38   1.139685 -3.453749 -2.823813 0.000000 0.000000 0.000001
 39   -4.457742 -1.054854 -0.746180 0.000000 0.000000 0.000000
 40   1.118101 -3.449769 3.237290 0.000000 0.000001 0.000000
 41   -4.433840 -1.059130 0.959566 -0.000001 0.000000 0.000000
 42   -0.657468 1.697302 -2.688614 0.000000 0.000002 0.000000
 43   -0.664068 1.698578 2.869377 0.000000 0.000002 0.000000
time 42
  0   -0.967547 0.175787 -20.574476 0.000000 0.000000 -1.572114
  1   -1.093036 0.000002 -0.326057 -0.001039 -1.569036 -1.569635
  2   2.262337 0.113614 0.064702 -0.067587 0.111973 -0.040473
  3   2.380047 0.353302 0.047440 -0.022457 -0.079702 -0.022467
  4   2.033756 0.190472 -0.000128 -0.104727 -0.073406 0.050648
  5   2.451511 0.204909 -0.003447 -0.123618 -0.054460 0.075052
  6   7.247600 -0.397300 -0.109469 -0.091897 0.032679 0.231838
  7   -2.022252 -0.104661 3.136172 1.339430 -1.256127 -4.707518
  8   1.168026 -0.537438 -0.063437 -0.736920 0.447964 -0.602998
  9   6.790376 -0.619176 0.015206 -0.000102 -0.000151 -1.787071
 10   8.637599 0.544015 -0.090417 -0.970126 0.757974 -0.512318
 11   6.790465 -0.619039 0.017802 0.003775 -0.011850 -1.266281
 12   -2.022474 -0.104699 -2.873818 -1.438588 0.993254 -4.783009
 13   1.167898 -0.537463 0.063297 0.818575 -0.741192 -1.216295
 14   7.002743 -0.617765 -0.183752 0.000172 0.000023 -1.381224
 15   8.209042 0.615527 -0.255885 1.833039 0.447766 0.244932
 16   7.002735 -0.617911 -0.183641 0.013780 0.007368 -0.985513
 17   1.574674 0.609930 -0.000899 0.327073 0.026397 -0.192797
 18   -0.602177 0.511412 -0.000006 0.000000 0.000000 0.000000
 19   3.673773 0.177020 1.119313 -0.000002 -0.000014 -0.174510
 20   3.673767 0.176993 -1.117566 0.000007 -0.000003 -0.174546
 21   3.942357 1.330634 1.627658 0.000002 -0.000011 -0.000026
 22   -0.246060 -0.011889 0.516521 -0.000011 0.000031 0.000025
 23   3.942374 1.330659 -1.631083 0.000019 0.000002 -0.000024
 24   -0.246150 -0.011872 -0.516511 -0.000005 -0.000006 0.000048
 25   4.941364 1.997338 1.629330 0.000018 -0.000001 -0.000024
 26   4.941382 1.997366 -1.629410 -0.000001 0.000005 -0.000024
 27   2.918368 1.615358 1.514501 -0.000019 -0.000022 -0.000050
 28   2.920798 1.614964 -1.501142 -0.000002 -0.000009 -0.000024
 29   8.824059 0.150544 0.091743 0.000006 -0.000231 -0.174534
 30   2.111085 -0.561179 1.784320 -0.000008 -0.000682 0.000024
 31   2.121290 -0.561289 -1.853599 0.000000 0.000000 -0.000002
 32   -0.810489 -0.093824 3.127092 3.071872 -0.114782 1.239365
 33   14.298673 -0.408176 0.475484 0.000248 0.000062 -1.896136
 34   15.835795 0.581398 0.242756 -0.214729 0.106889 -0.097869
 35   -0.815868 -0.091229 -3.114430 0.066464 3.132725 -1.010185
 36   14.294526 -0.410349 -0.463635 0.000033 -0.000000 -2.607695
 37   15.834409 0.579420 -0.284600 -0.006092 -0.035255 0.214458
 38   1.139685 -3.453749 -2.823813 0.000000 0.000000 0.000001
 39   -4.457742 -1.054854 -0.746180 0.000000 0.000000 0.000000
 40   1.118101 -3.449769 3.237290 0.000000 0.000001 0.000000
 41   -4.433840 -1.059130 0.959566 -0.000001 0.000000 0.000000
 42   -0.657468 1.697302 -2.688614 0.000000 0.000002 0.000000
 43   -0.664068 1.698578 2.869377 0.000000 0.000002 0.000000
time 43
  0   -0.967547 0.175787 -20.574476 0.000000 0.000000 -1.572114
  1   -1.093036 0.000002 -0.326057 -0.001092 -1.569036 -1.569635
  2   2.262337 0.113614 0.064702 -0.065268 0.110690 -0.031637
  3   2.380047 0.353302 0.047440 -0.038808 -0.067046 -0.037587
  4   2.033756 0.190472 -0.000128 -0.111938 -0.074244 0.030205
  5   2.451511 0.204909 -0.003447 -0.107511 -0.042684 0.042510
  6   7.247600 -0.397300 -0.109469 -0.091897 0.032679 0.231838
  7   -2.022252 -0.104661 3.136172 1.458294 -1.217269 -4.831202
  8   1.168026 -0.537438 -0.063437 -0.729706 0.553775 -0.474706
  9   6.790376 -0.619176 0.015206 -0.000102 -0.000151 -1.617873
 10   8.637599 0.544015 -0.090417 -1.916559 0.605649 -0.256364
 11   6.790465 -0.619039 0.017802 0.003016 -0.011793 -1.147644
 12   -2.022474 -0.104699 -2.873818 -1.462636 0.930040 -4.804934
 13   1.167898 -0.537463 0.063297 0.925281 -0.497301 -1.304494
 14   7.002743 -0.617765 -0.183752 0.000172 0.000023 -1.133048
 15   8.209042 0.615527 -0.255885 1.838935 0.420831 0.271092
 16   7.002735 -0.617911 -0.183641 0.014015 0.006071 -0.811821
 17   1.574674 0.609930 -0.000899 0.319437 0.030231 -0.223511
 18   -0.602177 0.511412 -0.000006 0.000000 0.000000 0.000000
 19   3.673773 0.177020 1.119313 -0.000002 -0.000014 -0.174510
 20   3.673767 0.176993 -1.117566 0.000007 -0.000003 -0.174546
 21   3.942357 1.330634 1.627658 0.000002 -0.000011 -0.000026
 22   -0.246060 -0.011889 0.516521 -0.000011 0.000031 0.000025
 23   3.942374 1.330659 -1.631083 0.000019 0.000002 -0.000024
 24   -0.246150 -0.011872 -0.516511 -0.000005 -0.000006 0.000048
 25   4.941364 1.997338 1.629330 0.000018 -0.000001 -0.000024
 26   4.941382 1.997366 -1.629410 -0.000001 0.000005 -0.000024
 27   2.918368 1.615358 1.514501 -0.000019 -0.000022 -0.000050
 28   2.920798 1.614964 -1.501142 -0.000002 -0.000009 -0.000024
 29   8.824059 0.150544 0.091743 0.000006 -0.000231 -0.174534
 30   2.111085 -0.561179 1.784320 -0.000008 -0.000682 0.000024
 31   2.121290 -0.561289 -1.853599 0.000000 0.000000 -0.000002
 32   -0.810489 -0.093824 3.127092 3.071872 -0.114782 1.239365
 33   14.298673 -0.408176 0.475484 0.000248 0.000062 -1.896136
 34   15.835795 0.581398 0.242756 -0.214729 0.106889 -0.097869
 35   -0.815868 -0.091229 -3.114430 0.066464 3.132725 -1.010185
 36   14.294526 -0.410349 -0.463635 0.000033 -0.000000 -2.607695
 37   15.834409 0.579420 -0.284600 -0.006092 -0.035255 0.214458
 38   1.139685 -3.453749 -2.823813 0.000000 0.000000 0.000001
 39   -4.457742 -1.054854 -0.746180 0.000000 0.000000 0.000000
 40   1.118101 -3.449769 3.237290 0.000000 0.000001 0.000000
 41   -4.433840 -1.059130 0.959566 -0.000001 0.000000 0.000000
 42   -0.657468 1.697302 -2.688614 0.000000 0.000002 0.000000
 43   -0.664068 1.698578 2.869377 0.000000 0.000002 0.000000
time 44
  0   -0.967547 0.175787 -20.574476 0.000000 0.000000 -1.572114
  1   -1.093036 0.000002 -0.326057 -0.001039 -1.569036 -1.569635
  2   2.262337 0.113614 0.064702 -0.062695 0.109372 -0.021806
  3   2.380047 0.353302 0.047440 -0.062524 -0.053671 -0.054320
  4   2.033756 0.190472 -0.000128 -0.120440 -0.075898 0.007188
  5   2.451511 0.204909 -0.003447 -0.091096 -0.029759 0.008185
  6   7.247600 -0.397300 -0.109469 -0.091897 0.032679 0.231838
  7   -2.022252 -0.104661 3.136172 1.561054 -1.167861 -4.941081
  8   1.168026 -0.537438 -0.063437 -0.720277 0.646857 -0.390886
  9   6.790376 -0.619176 0.015206 -0.000102 -0.000151 -1.390414
 10   8.637599 0.544015 -0.090417 -3.040443 0.526601 0.006897
 11   6.790465 -0.619039 0.017802 0.001994 -0.011708 -0.988519
 12   -2.022474 -0.104699 -2.873818 -1.484001 0.862472 -4.824274
 13   1.167898 -0.537463 0.063297 0.994591 -0.221322 -1.362789
 14   7.002743 -0.617765 -0.183752 0.000172 0.000023 -0.868123
 15   8.209042 0.615527 -0.255885 1.841811 0.391778 0.296470
 16   7.002735 -0.617911 -0.183641 0.014250 0.004661 -0.626263
 17   1.574674 0.609930 -0.000899 0.318827 0.036266 -0.260657
 18   -0.602177 0.511412 -0.000006 0.000000 0.000000 0.000000
 19   3.673773 0.177020 1.119313 -0.000002 -0.000014 -0.174510
 20   3.673767 0.176993 -1.117566 0.000007 -0.000003 -0.174546
 21   3.942357 1.330634 1.627658 0.000002 -0.000011 -0.000026
 22   -0.246060 -0.011889 0.516521 -0.000011 0.000031 0.000025
 23   3.942374 1.330659 -1.631083 0.000019 0.000002 -0.000024
 24   -0.246150 -0.011872 -0.516511 -0.000005 -0.000006 0.000048
 25   4.941364 1.997338 1.629330 0.000018 -0.000001 -0.000024
 26   4.941382 1.997366 -1.629410 -0.000001 0.000005 -0.000024
 27   2.918368 1.615358 1.514501 -0.000019 -0.000022 -0.000050
 28   2.920798 1.614964 -1.501142 -0.000002 -0.000009 -0.000024
 29   8.824059 0.150544 0.091743 0.000006 -0.000231 -0.174534
 30   2.111085 -0.561179 1.784320 -0.000008 -0.000682 0.000024
 31   2.121290 -0.561289 -1.853599 0.000000 0.000000 -0.000002
 32   -0.810489 -0.093824 3.127092 3.071872 -0.114782 1.239365
 33   14.298673 -0.408176 0.475484 0.000248 0.000062 -1.896136
 34   15.835795 0.581398 0.242756 -0.214729 0.106889 -0.097869
 35   -0.815868 -0.091229 -3.114430 0.066464 3.132725 -1.010185
 36   14.294526 -0.410349 -0.463635 0.000033 -0.000000 -2.607695
 37   15.834409 0.579420 -0.284600 -0.006092 -0.035255 0.214458
 38   1.139685 -3.453749 -2.823813 0.000000 0.000000 0.000001
 39   -4.457742 -1.054854 -0.746180 0.000000 0.000000 0.000000
 40   1.118101 -3.449769 3.237290 0.000000 0.000001 0.000000
 41   -4.433840 -1.059130 0.959566 -0.000001 0.000000 0.000000
 42   -0.657468 1.697302 -2.688614 0.000000 0.000002 0.000000
 43   -0.664068 1.698578 2.869377 0.000000 0.000002 0.000000
time 45
  0   -0.967547 0.175787 -20.574476 0.000000 0.000000 -1.572114
  1   -1.093036 0.000002 -0.326057 -0.001092 -1.569036 -1.569635
  2   2.262337 0.113614 0.064702 -0.060173 0.107946 -0.012102
  3   2.380047 0.353302 0.047440 -0.089601 -0.041363 -0.070991
  4   2.033756 0.190472 -0.000128 -0.129016 -0.078115 -0.015720
  5   2.451511 0.204909 -0.003447 -0.076119 -0.017121 -0.024654
  6   7.247600 -0.397300 -0.109469 -0.091897 0.032679 0.231838
  7   -2.022252 -0.104661 3.136172 1.635248 -1.117213 -5.023725
  8   1.168026 -0.537438 -0.063437 -0.929229 0.447813 -0.466672
  9   6.790376 -0.619176 0.015206 -0.000102 -0.000151 -1.213141
 10   8.637599 0.544015 -0.090417 -3.573588 0.527375 0.050448
 11   6.790465 -0.619039 0.017802 0.001264 -0.011651 -0.864460
 12   -2.022474 -0.104699 -2.873818 -1.500863 0.796704 -4.839784
 13   1.167898 -0.537463 0.063297 1.039087 0.055980 -1.399231
 14   7.002743 -0.617765 -0.183752 0.000115 0.000023 -0.610706
 15   8.209042 0.615527 -0.255885 1.842171 0.362876 0.319142
 16   7.002735 -0.617911 -0.183641 0.014439 0.003308 -0.446114
 17   1.574674 0.609930 -0.000899 0.322280 0.046490 -0.299651
 18   -0.602177 0.511412 -0.000006 0.000000 0.000000 0.000000
 19   3.673773 0.177020 1.119313 -0.000002 -0.000014 -0.174510
 20   3.673767 0.176993 -1.117566 0.000007 -0.000003 -0.174546
 21   3.942357 1.330634 1.627658 0.000002 -0.000011 -0.000026
 22   -0.246060 -0.011889 0.516521 -0.000011 0.000031 0.000025
 23   3.942374 1.330659 -1.631083 0.000019 0.000002 -0.000024
 24   -0.246150 -0.011872 -0.516511 -0.000005 -0.000006 0.000048
 25   4.941364 1.997338 1.629330 0.000018 -0.000001 -0.000024
 26   4.941382 1.997366 -1.629410 -0.000001 0.000005 -0.000024
 27   2.918368 1.615358 1.514501 -0.000019 -0.000022 -0.000050
 28   2.920798 1.614964 -1.501142 -0.000002 -0.000009 -0.000024
 29   8.824059 0.150544 0.091743 0.000006 -0.000231 -0.174534
 30   2.111085 -0.561179 1.784320 -0.000008 -0.000682 0.000024
 31   2.121290 -0.561289 -1.853599 0.000000 0.000000 -0.000002
 32   -0.810489 -0.093824 3.127092 3.071872 -0.114782 1.239365
 33   14.298673 -0.408176 0.475484 0.000248 0.000062 -1.896136
 34   15.835795 0.581398 0.242756 -0.214729 0.106889 -0.097869
 35   -0.815868 -0.091229 -3.114430 0.066464 3.132725 -1.010185
 36   14.294526 -0.410349 -0.463635 0.000033 -0.000000 -2.607695
 37   15.834409 0.579420 -0.284600 -0.006092 -0.035255 0.214458
 38   1.139685 -3.453749 -2.823813 0.000000 0.000000 0.000001
 39   -4.457742 -1.054854 -0.746180 0.000000 0.000000 0.000000
 40   1.118101 -3.449769 3.237290 0.000000 0.000001 0.000000
 41   -4.433840 -1.059130 0.959566 -0.000001 0.000000 0.000000
 42   -0.657468 1.697302 -2.688614 0.000000 0.000002 0.000000
 43   -0.664068 1.698578 2.869377 0.000000 0.000002 0.000000
time 46
  0   -0.967547 0.175787 -20.574476 0.000000 0.000000 -1.572114
  1   -1.093036 0.000002 -0.326057 -0.001039 -1.569036 -1.569635
  2   2.262337 0.113614 0.064702 -0.057893 0.106604 -0.003374
  3   2.380047 0.353302 0.047440 -0.116093 -0.031643 -0.086091
  4   2.033756 0.190472 -0.000128 -0.136688 -0.080417 -0.035728
  5   2.451511 0.204909 -0.003447 -0.063572 -0.005841 -0.052862
  6   7.247600 -0.397300 -0.109469 -0.091897 0.032679 0.231838
  7   -2.022252 -0.104661 3.136172 1.691708 -1.064259 -5.090966
  8   1.168026 -0.537438 -0.063437 -1.136346 0.148896 -0.444847
  9   6.790376 -0.619176 0.015206 -0.000102 -0.000151 -1.044924
 10   8.637599 0.544015 -0.090417 -3.909379 0.493165 0.098991
 11   6.790465 -0.619039 0.017802 0.000534 -0.011509 -0.746688
 12   -2.022474 -0.104699 -2.873818 -1.513222 0.739178 -4.850986
 13   1.167898 -0.537463 0.063297 1.067135 0.304244 -1.419631
 14   7.002743 -0.617765 -0.183752 0.000115 0.000023 -0.385549
 15   8.209042 0.615527 -0.255885 1.841164 0.337605 0.337604
 16   7.002735 -0.617911 -0.183641 0.014533 0.002180 -0.288483
 17   1.574674 0.609930 -0.000899 0.327601 0.060477 -0.336242
 18   -0.602177 0.511412 -0.000006 0.000000 0.000000 0.000000
 19   3.673773 0.177020 1.119313 -0.000002 -0.000014 -0.174510
 20   3.673767 0.176993 -1.117566 0.000007 -0.000003 -0.174546
 21   3.942357 1.330634 1.627658 0.000002 -0.000011 -0.000026
 22   -0.246060 -0.011889 0.516521 -0.000011 0.000031 0.000025
 23   3.942374 1.330659 -1.631083 0.000019 0.000002 -0.000024
 24   -0.246150 -0.011872 -0.516511 -0.000005 -0.000006 0.000048
 25   4.941364 1.997338 1.629330 0.000018 -0.000001 -0.000024
 26   4.941382 1.997366 -1.629410 -0.000001 0.000005 -0.000024
 27   2.918368 1.615358 1.514501 -0.000019 -0.000022 -0.000050
 28   2.920798 1.614964 -1.501142 -0.000002 -0.000009 -0.000024
 29   8.824059 0.150544 0.091743 0.000006 -0.000231 -0.174534
 30   2.111085 -0.561179 1.784320 -0.000008 -0.000682 0.000024
 31   2.121290 -0.561289 -1.853599 0.000000 0.000000 -0.000002
 32   -0.810489 -0.093824 3.127092 3.071872 -0.114782 1.239365
 33   14.298673 -0.408176 0.475484 0.000248 0.000062 -1.896136
 34   15.835795 0.581398 0.242756 -0.214729 0.106889 -0.097869
 35   -0.815868 -0.091229 -3.114430 0.066464 3.132725 -1.010185
 36   14.294526 -0.410349 -0.463635 0.000033 -0.000000 -2.607695
 37   15.834409 0.579420 -0.284600 -0.006092 -0.035255 0.214458
 38   1.139685 -3.453749 -2.823813 0.000000 0.000000 0.000001
 39   -4.457742 -1.054854 -0.746180 0.000000 0.000000 0.000000
 40   1.118101 -3.449769 3.237290 0.000000 0.000001 0.000000
 41   -4.433840 -1.059130 0.959566 -0.000001 0.000000 0.000000
 42   -0.657468 1.697302 -2.688614 0.000000 0.000002 0.000000
 43   -0.664068 1.698578 2.869377 0.000000 0.000002 0.000000
end
