version 1
nodes
  0 "Bip01" -1
  1 "Bip01 Pelvis" 0
  2 "Bip01 Spine" 1
  3 "Bip01 Spine1" 2
  4 "Bip01 Spine2" 3
  5 "Bip01 Spine3" 4
  6 "Bip01 Neck" 5
  7 "Bip01 L Arm" 6
  8 "Bip01 L Arm1" 7
  9 "Bip01 L Arm2" 8
 10 "Bip01 L Hand" 9
 11 "Bip06 L elbow2-smooth" 8
 12 "Bip01 R Arm" 6
 13 "Bip01 R Arm1" 12
 14 "Bip01 R Arm2" 13
 15 "Bip01 R Hand" 14
 16 "Bip06 R elbow2-smooth" 13
 17 "Bip01 Head" 6
 18 "Bip06 Head_helper" 17
 19 "Bip06 Head_eyes_l" 18
 20 "Bip06 Head_eyes_r" 18
 21 "Bip06 Head_blink_l" 18
 22 "Bip06 Head_blink_smooth_l1" 21
 23 "Bip06 Head_blink_r" 18
 24 "Bip06 Head_blink_smooth_r1" 23
 25 "Bip06 Head_L_eyebrow" 18
 26 "Bip06 Head_R_eyebrow" 18
 27 "Bip06 Head_blink_l_lid" 18
 28 "Bip06 Head_blink_r_lid" 18
 29 "Bip06 bunny" 18
 30 "Bip06 bunnyL" 29
 31 "Bip06 bunnyR" 29
 32 "Bip01 L Leg" 1
 33 "Bip01 L Leg1" 32
 34 "Bip01 L Foot" 33
 35 "Bip01 R Leg" 1
 36 "Bip01 R Leg1" 35
 37 "Bip01 R Foot" 36
 38 "Bip03 HairR1" 17
 39 "Bip03 HairR2" 38
 40 "Bip03 HairL1" 17
 41 "Bip03 HairL2" 40
 42 "Bip03 swingR" 17
 43 "Bip03 swingL" 17
end
skeleton
time 0
  0   -0.967547 0.175787 -20.574476 0.000000 0.000000 -1.572114
  1   -1.093036 0.000002 -0.326057 -1.570757 -1.570379 -0.000171
  2   2.262337 0.113614 0.064702 -0.000052 0.000061 0.192406
  3   2.380047 0.353302 0.047440 0.000000 -0.000040 0.060890
  4   2.033756 0.190472 -0.000128 -0.171729 0.030045 0.171351
  5   2.451511 0.204909 -0.003447 -0.138715 0.014421 0.103433
  6   7.247600 -0.397300 -0.109469 0.000001 0.000009 0.052298
  7   -2.022252 -0.104661 3.136172 0.914491 -1.249872 -4.083650
  8   1.168026 -0.537438 -0.063437 0.405356 0.867133 -0.353689
  9   6.790376 -0.619176 0.015206 0.006944 -0.221796 -1.844804
 10   8.637599 0.544015 -0.090417 -1.157000 0.836037 -0.671982
 11   6.790465 -0.619039 0.017802 -0.035699 -0.173732 -1.300367
 12   -2.022474 -0.104699 -2.873818 0.839417 1.276034 -2.377419
 13   1.167898 -0.537463 0.063297 -1.142351 -1.002119 0.310029
 14   7.002743 -0.617765 -0.183752 0.000229 0.000250 -1.839129
 15   8.209042 0.615527 -0.255885 1.598132 0.255515 0.214563
 16   7.002735 -0.617911 -0.183641 0.013168 0.010300 -1.306017
 17   1.574674 0.609930 -0.000899 0.249408 -0.190392 0.382760
 18   -0.602177 0.511412 -0.000006 0.000000 0.000000 0.000000
 19   3.673773 0.177020 1.119313 -0.000002 -0.000014 -0.174510
 20   3.673767 0.176993 -1.117566 0.000007 -0.000003 -0.174546
 21   3.942357 1.330634 1.627658 0.000002 -0.000011 -0.000026
 22   -0.246060 -0.011889 0.516521 -0.000011 0.000031 0.000025
 23   3.942374 1.330659 -1.631083 0.000019 0.000002 -0.000024
 24   -0.246150 -0.011872 -0.516511 -0.000005 -0.000006 0.000048
 25   4.941364 1.997338 1.629330 0.000018 -0.000001 -0.000024
 26   4.941382 1.997366 -1.629410 -0.000001 0.000005 -0.000024
 27   2.918368 1.615358 1.514501 -0.000019 -0.000022 -0.000050
 28   2.920798 1.614964 -1.501142 -0.000002 -0.000009 -0.000024
 29   8.824059 0.150544 0.091743 0.000006 -0.000231 -0.174534
 30   2.111085 -0.561179 1.784320 -0.000008 -0.000682 0.000024
 31   2.121290 -0.561289 -1.853599 0.000000 0.000000 -0.000002
 32   -0.810489 -0.093824 3.127092 3.071592 -0.114878 1.239365
 33   14.298673 -0.408176 0.475484 0.000008 -0.000003 -1.896136
 34   15.835795 0.581398 0.242756 -0.214729 0.106889 -0.097869
 35   -0.815868 -0.091229 -3.114430 0.066464 3.132725 -1.010185
 36   14.294526 -0.410349 -0.463635 0.000021 -0.000024 -2.607695
 37   15.834409 0.579420 -0.284600 -0.006112 -0.035383 0.214458
 38   1.139685 -3.453749 -2.823813 0.000000 0.000000 0.000001
 39   -4.457742 -1.054854 -0.746180 0.000000 0.000000 0.000000
 40   1.118101 -3.449769 3.237290 0.000000 0.000001 0.000000
 41   -4.433840 -1.059130 0.959566 -0.000001 0.000000 0.000000
 42   -0.657468 1.697302 -2.688614 0.000000 0.000002 0.000000
 43   -0.664068 1.698578 2.869377 0.000000 0.000002 0.000000
time 1
  0   -0.967547 0.175787 -20.574476 0.000000 0.000000 -1.572114
  1   -1.093036 0.000002 -0.326057 -1.570757 -1.570379 -0.000171
  2   2.262337 0.113614 0.064702 -0.000052 0.000061 0.192406
  3   2.380047 0.353302 0.047440 0.000000 -0.000040 0.060890
  4   2.033756 0.190472 -0.000128 -0.171729 0.030045 0.171351
  5   2.451511 0.204909 -0.003447 -0.138715 0.014421 0.103433
  6   7.247600 -0.397300 -0.109469 0.000001 0.000009 0.052298
  7   -2.022252 -0.104661 3.136172 0.914491 -1.249872 -4.083650
  8   1.168026 -0.537438 -0.063437 0.204820 0.858479 -0.521139
  9   6.790376 -0.619176 0.015206 0.006833 -0.272718 -1.723754
 10   8.637599 0.544015 -0.090417 -1.491030 0.785919 -0.642104
 11   6.790465 -0.619039 0.017802 -0.042852 -0.209519 -1.213105
 12   -2.022474 -0.104699 -2.873818 0.839417 1.276034 -2.377419
 13   1.167898 -0.537463 0.063297 -1.142351 -1.002119 0.310029
 14   7.002743 -0.617765 -0.183752 0.000229 0.000250 -1.839129
 15   8.209042 0.615527 -0.255885 1.598132 0.255515 0.214563
 16   7.002735 -0.617911 -0.183641 0.013168 0.010300 -1.306017
 17   1.574674 0.609930 -0.000899 0.249408 -0.190392 0.382760
 18   -0.602177 0.511412 -0.000006 0.000000 0.000000 0.000000
 19   3.673773 0.177020 1.119313 -0.000002 -0.000014 -0.174510
 20   3.673767 0.176993 -1.117566 0.000007 -0.000003 -0.174546
 21   3.942357 1.330634 1.627658 0.000002 -0.000011 -0.000026
 22   -0.246060 -0.011889 0.516521 -0.000011 0.000031 0.000025
 23   3.942374 1.330659 -1.631083 0.000019 0.000002 -0.000024
 24   -0.246150 -0.011872 -0.516511 -0.000005 -0.000006 0.000048
 25   4.941364 1.997338 1.629330 0.000018 -0.000001 -0.000024
 26   4.941382 1.997366 -1.629410 -0.000001 0.000005 -0.000024
 27   2.918368 1.615358 1.514501 -0.000019 -0.000022 -0.000050
 28   2.920798 1.614964 -1.501142 -0.000002 -0.000009 -0.000024
 29   8.824059 0.150544 0.091743 0.000006 -0.000231 -0.174534
 30   2.111085 -0.561179 1.784320 -0.000008 -0.000682 0.000024
 31   2.121290 -0.561289 -1.853599 0.000000 0.000000 -0.000002
 32   -0.810489 -0.093824 3.127092 3.071592 -0.114878 1.239365
 33   14.298673 -0.408176 0.475484 0.000008 -0.000003 -1.896136
 34   15.835795 0.581398 0.242756 -0.214729 0.106889 -0.097869
 35   -0.815868 -0.091229 -3.114430 0.066464 3.132725 -1.010185
 36   14.294526 -0.410349 -0.463635 0.000021 -0.000024 -2.607695
 37   15.834409 0.579420 -0.284600 -0.006112 -0.035383 0.214458
 38   1.139685 -3.453749 -2.823813 0.000000 0.000000 0.000001
 39   -4.457742 -1.054854 -0.746180 0.000000 0.000000 0.000000
 40   1.118101 -3.449769 3.237290 0.000000 0.000001 0.000000
 41   -4.433840 -1.059130 0.959566 -0.000001 0.000000 0.000000
 42   -0.657468 1.697302 -2.688614 0.000000 0.000002 0.000000
 43   -0.664068 1.698578 2.869377 0.000000 0.000002 0.000000
time 2
  0   -0.967547 0.175787 -20.574476 0.000000 0.000000 -1.572114
  1   -1.093036 0.000002 -0.326057 -1.570757 -1.570379 -0.000171
  2   2.262337 0.113614 0.064702 -0.000052 0.000061 0.192406
  3   2.380047 0.353302 0.047440 0.000000 -0.000040 0.060890
  4   2.033756 0.190472 -0.000128 -0.171729 0.030045 0.171351
  5   2.451511 0.204909 -0.003447 -0.138715 0.014421 0.103433
  6   7.247600 -0.397300 -0.109469 0.000001 0.000009 0.052298
  7   -2.022252 -0.104661 3.136172 0.914491 -1.249872 -4.083650
  8   1.168026 -0.537438 -0.063437 0.014219 0.828592 -0.679290
  9   6.790376 -0.619176 0.015206 0.000342 -0.323241 -1.600893
 10   8.637599 0.544015 -0.090417 -1.810970 0.744670 -0.592982
 11   6.790465 -0.619039 0.017802 -0.053187 -0.243544 -1.124574
 12   -2.022474 -0.104699 -2.873818 0.839417 1.276034 -2.377419
 13   1.167898 -0.537463 0.063297 -1.142351 -1.002119 0.310029
 14   7.002743 -0.617765 -0.183752 0.000229 0.000250 -1.839129
 15   8.209042 0.615527 -0.255885 1.598132 0.255515 0.214563
 16   7.002735 -0.617911 -0.183641 0.013168 0.010300 -1.306017
 17   1.574674 0.609930 -0.000899 0.249408 -0.190392 0.382760
 18   -0.602177 0.511412 -0.000006 0.000000 0.000000 0.000000
 19   3.673773 0.177020 1.119313 -0.000002 -0.000014 -0.174510
 20   3.673767 0.176993 -1.117566 0.000007 -0.000003 -0.174546
 21   3.942357 1.330634 1.627658 0.000002 -0.000011 -0.000026
 22   -0.246060 -0.011889 0.516521 -0.000011 0.000031 0.000025
 23   3.942374 1.330659 -1.631083 0.000019 0.000002 -0.000024
 24   -0.246150 -0.011872 -0.516511 -0.000005 -0.000006 0.000048
 25   4.941364 1.997338 1.629330 0.000018 -0.000001 -0.000024
 26   4.941382 1.997366 -1.629410 -0.000001 0.000005 -0.000024
 27   2.918368 1.615358 1.514501 -0.000019 -0.000022 -0.000050
 28   2.920798 1.614964 -1.501142 -0.000002 -0.000009 -0.000024
 29   8.824059 0.150544 0.091743 0.000006 -0.000231 -0.174534
 30   2.111085 -0.561179 1.784320 -0.000008 -0.000682 0.000024
 31   2.121290 -0.561289 -1.853599 0.000000 0.000000 -0.000002
 32   -0.810489 -0.093824 3.127092 3.071592 -0.114878 1.239365
 33   14.298673 -0.408176 0.475484 0.000008 -0.000003 -1.896136
 34   15.835795 0.581398 0.242756 -0.214729 0.106889 -0.097869
 35   -0.815868 -0.091229 -3.114430 0.066464 3.132725 -1.010185
 36   14.294526 -0.410349 -0.463635 0.000021 -0.000024 -2.607695
 37   15.834409 0.579420 -0.284600 -0.006112 -0.035383 0.214458
 38   1.139685 -3.453749 -2.823813 0.000000 0.000000 0.000001
 39   -4.457742 -1.054854 -0.746180 0.000000 0.000000 0.000000
 40   1.118101 -3.449769 3.237290 0.000000 0.000001 0.000000
 41   -4.433840 -1.059130 0.959566 -0.000001 0.000000 0.000000
 42   -0.657468 1.697302 -2.688614 0.000000 0.000002 0.000000
 43   -0.664068 1.698578 2.869377 0.000000 0.000002 0.000000
time 3
  0   -0.967547 0.175787 -20.574476 0.000000 0.000000 -1.572114
  1   -1.093036 0.000002 -0.326057 -1.570757 -1.570379 -0.000171
  2   2.262337 0.113614 0.064702 -0.000052 0.000061 0.192406
  3   2.380047 0.353302 0.047440 0.000000 -0.000040 0.060890
  4   2.033756 0.190472 -0.000128 -0.171729 0.030045 0.171351
  5   2.451511 0.204909 -0.003447 -0.138715 0.014421 0.103433
  6   7.247600 -0.397300 -0.109469 0.000001 0.000009 0.052298
  7   -2.022252 -0.104661 3.136172 0.914491 -1.249872 -4.083650
  8   1.168026 -0.537438 -0.063437 -0.160245 0.780190 -0.820171
  9   6.790376 -0.619176 0.015206 -0.012419 -0.372762 -1.475315
 10   8.637599 0.544015 -0.090417 -2.124304 0.716866 -0.530260
 11   6.790465 -0.619039 0.017802 -0.066501 -0.275892 -1.034428
 12   -2.022474 -0.104699 -2.873818 0.839417 1.276034 -2.377419
 13   1.167898 -0.537463 0.063297 -1.142351 -1.002119 0.310029
 14   7.002743 -0.617765 -0.183752 0.000229 0.000250 -1.839129
 15   8.209042 0.615527 -0.255885 1.598132 0.255515 0.214563
 16   7.002735 -0.617911 -0.183641 0.013168 0.010300 -1.306017
 17   1.574674 0.609930 -0.000899 0.249408 -0.190392 0.382760
 18   -0.602177 0.511412 -0.000006 0.000000 0.000000 0.000000
 19   3.673773 0.177020 1.119313 -0.000002 -0.000014 -0.174510
 20   3.673767 0.176993 -1.117566 0.000007 -0.000003 -0.174546
 21   3.942357 1.330634 1.627658 0.000002 -0.000011 -0.000026
 22   -0.246060 -0.011889 0.516521 -0.000011 0.000031 0.000025
 23   3.942374 1.330659 -1.631083 0.000019 0.000002 -0.000024
 24   -0.246150 -0.011872 -0.516511 -0.000005 -0.000006 0.000048
 25   4.941364 1.997338 1.629330 0.000018 -0.000001 -0.000024
 26   4.941382 1.997366 -1.629410 -0.000001 0.000005 -0.000024
 27   2.918368 1.615358 1.514501 -0.000019 -0.000022 -0.000050
 28   2.920798 1.614964 -1.501142 -0.000002 -0.000009 -0.000024
 29   8.824059 0.150544 0.091743 0.000006 -0.000231 -0.174534
 30   2.111085 -0.561179 1.784320 -0.000008 -0.000682 0.000024
 31   2.121290 -0.561289 -1.853599 0.000000 0.000000 -0.000002
 32   -0.810489 -0.093824 3.127092 3.071592 -0.114878 1.239365
 33   14.298673 -0.408176 0.475484 0.000008 -0.000003 -1.896136
 34   15.835795 0.581398 0.242756 -0.214729 0.106889 -0.097869
 35   -0.815868 -0.091229 -3.114430 0.066464 3.132725 -1.010185
 36   14.294526 -0.410349 -0.463635 0.000021 -0.000024 -2.607695
 37   15.834409 0.579420 -0.284600 -0.006112 -0.035383 0.214458
 38   1.139685 -3.453749 -2.823813 0.000000 0.000000 0.000001
 39   -4.457742 -1.054854 -0.746180 0.000000 0.000000 0.000000
 40   1.118101 -3.449769 3.237290 0.000000 0.000001 0.000000
 41   -4.433840 -1.059130 0.959566 -0.000001 0.000000 0.000000
 42   -0.657468 1.697302 -2.688614 0.000000 0.000002 0.000000
 43   -0.664068 1.698578 2.869377 0.000000 0.000002 0.000000
time 4
  0   -0.967547 0.175787 -20.574476 0.000000 0.000000 -1.572114
  1   -1.093036 0.000002 -0.326057 -1.570757 -1.570379 -0.000171
  2   2.262337 0.113614 0.064702 -0.000052 0.000061 0.192406
  3   2.380047 0.353302 0.047440 0.000000 -0.000040 0.060890
  4   2.033756 0.190472 -0.000128 -0.171729 0.030045 0.171351
  5   2.451511 0.204909 -0.003447 -0.138715 0.014421 0.103433
  6   7.247600 -0.397300 -0.109469 0.000001 0.000009 0.052298
  7   -2.022252 -0.104661 3.136172 0.914491 -1.249872 -4.083650
  8   1.168026 -0.537438 -0.063437 -0.315662 0.716341 -0.941378
  9   6.790376 -0.619176 0.015206 -0.032669 -0.420081 -1.346341
 10   8.637599 0.544015 -0.090417 -2.434028 0.704618 -0.460158
 11   6.790465 -0.619039 0.017802 -0.082880 -0.305909 -0.942898
 12   -2.022474 -0.104699 -2.873818 0.839417 1.276034 -2.377419
 13   1.167898 -0.537463 0.063297 -1.142351 -1.002119 0.310029
 14   7.002743 -0.617765 -0.183752 0.000229 0.000250 -1.839129
 15   8.209042 0.615527 -0.255885 1.598132 0.255515 0.214563
 16   7.002735 -0.617911 -0.183641 0.013168 0.010300 -1.306017
 17   1.574674 0.609930 -0.000899 0.249408 -0.190392 0.382760
 18   -0.602177 0.511412 -0.000006 0.000000 0.000000 0.000000
 19   3.673773 0.177020 1.119313 -0.000002 -0.000014 -0.174510
 20   3.673767 0.176993 -1.117566 0.000007 -0.000003 -0.174546
 21   3.942357 1.330634 1.627658 0.000002 -0.000011 -0.000026
 22   -0.246060 -0.011889 0.516521 -0.000011 0.000031 0.000025
 23   3.942374 1.330659 -1.631083 0.000019 0.000002 -0.000024
 24   -0.246150 -0.011872 -0.516511 -0.000005 -0.000006 0.000048
 25   4.941364 1.997338 1.629330 0.000018 -0.000001 -0.000024
 26   4.941382 1.997366 -1.629410 -0.000001 0.000005 -0.000024
 27   2.918368 1.615358 1.514501 -0.000019 -0.000022 -0.000050
 28   2.920798 1.614964 -1.501142 -0.000002 -0.000009 -0.000024
 29   8.824059 0.150544 0.091743 0.000006 -0.000231 -0.174534
 30   2.111085 -0.561179 1.784320 -0.000008 -0.000682 0.000024
 31   2.121290 -0.561289 -1.853599 0.000000 0.000000 -0.000002
 32   -0.810489 -0.093824 3.127092 3.071592 -0.114878 1.239365
 33   14.298673 -0.408176 0.475484 0.000008 -0.000003 -1.896136
 34   15.835795 0.581398 0.242756 -0.214729 0.106889 -0.097869
 35   -0.815868 -0.091229 -3.114430 0.066464 3.132725 -1.010185
 36   14.294526 -0.410349 -0.463635 0.000021 -0.000024 -2.607695
 37   15.834409 0.579420 -0.284600 -0.006112 -0.035383 0.214458
 38   1.139685 -3.453749 -2.823813 0.000000 0.000000 0.000001
 39   -4.457742 -1.054854 -0.746180 0.000000 0.000000 0.000000
 40   1.118101 -3.449769 3.237290 0.000000 0.000001 0.000000
 41   -4.433840 -1.059130 0.959566 -0.000001 0.000000 0.000000
 42   -0.657468 1.697302 -2.688614 0.000000 0.000002 0.000000
 43   -0.664068 1.698578 2.869377 0.000000 0.000002 0.000000
time 5
  0   -0.967547 0.175787 -20.574476 0.000000 0.000000 -1.572114
  1   -1.093036 0.000002 -0.326057 -1.570757 -1.570379 -0.000171
  2   2.262337 0.113614 0.064702 -0.000052 0.000061 0.192406
  3   2.380047 0.353302 0.047440 0.000000 -0.000040 0.060890
  4   2.033756 0.190472 -0.000128 -0.171729 0.030045 0.171351
  5   2.451511 0.204909 -0.003447 -0.138715 0.014421 0.103433
  6   7.247600 -0.397300 -0.109469 0.000001 0.000009 0.052298
  7   -2.022252 -0.104661 3.136172 0.914491 -1.249872 -4.083650
  8   1.168026 -0.537438 -0.063437 -0.452031 0.640517 -1.041899
  9   6.790376 -0.619176 0.015206 -0.059965 -0.464797 -1.213594
 10   8.637599 0.544015 -0.090417 -2.743048 0.708912 -0.388899
 11   6.790465 -0.619039 0.017802 -0.102091 -0.333709 -0.849753
 12   -2.022474 -0.104699 -2.873818 0.839417 1.276034 -2.377419
 13   1.167898 -0.537463 0.063297 -1.142351 -1.002119 0.310029
 14   7.002743 -0.617765 -0.183752 0.000229 0.000250 -1.839129
 15   8.209042 0.615527 -0.255885 1.598132 0.255515 0.214563
 16   7.002735 -0.617911 -0.183641 0.013168 0.010300 -1.306017
 17   1.574674 0.609930 -0.000899 0.249408 -0.190392 0.382760
 18   -0.602177 0.511412 -0.000006 0.000000 0.000000 0.000000
 19   3.673773 0.177020 1.119313 -0.000002 -0.000014 -0.174510
 20   3.673767 0.176993 -1.117566 0.000007 -0.000003 -0.174546
 21   3.942357 1.330634 1.627658 0.000002 -0.000011 -0.000026
 22   -0.246060 -0.011889 0.516521 -0.000011 0.000031 0.000025
 23   3.942374 1.330659 -1.631083 0.000019 0.000002 -0.000024
 24   -0.246150 -0.011872 -0.516511 -0.000005 -0.000006 0.000048
 25   4.941364 1.997338 1.629330 0.000018 -0.000001 -0.000024
 26   4.941382 1.997366 -1.629410 -0.000001 0.000005 -0.000024
 27   2.918368 1.615358 1.514501 -0.000019 -0.000022 -0.000050
 28   2.920798 1.614964 -1.501142 -0.000002 -0.000009 -0.000024
 29   8.824059 0.150544 0.091743 0.000006 -0.000231 -0.174534
 30   2.111085 -0.561179 1.784320 -0.000008 -0.000682 0.000024
 31   2.121290 -0.561289 -1.853599 0.000000 0.000000 -0.000002
 32   -0.810489 -0.093824 3.127092 3.071592 -0.114878 1.239365
 33   14.298673 -0.408176 0.475484 0.000008 -0.000003 -1.896136
 34   15.835795 0.581398 0.242756 -0.214729 0.106889 -0.097869
 35   -0.815868 -0.091229 -3.114430 0.066464 3.132725 -1.010185
 36   14.294526 -0.410349 -0.463635 0.000021 -0.000024 -2.607695
 37   15.834409 0.579420 -0.284600 -0.006112 -0.035383 0.214458
 38   1.139685 -3.453749 -2.823813 0.000000 0.000000 0.000001
 39   -4.457742 -1.054854 -0.746180 0.000000 0.000000 0.000000
 40   1.118101 -3.449769 3.237290 0.000000 0.000001 0.000000
 41   -4.433840 -1.059130 0.959566 -0.000001 0.000000 0.000000
 42   -0.657468 1.697302 -2.688614 0.000000 0.000002 0.000000
 43   -0.664068 1.698578 2.869377 0.000000 0.000002 0.000000
time 6
  0   -0.967547 0.175787 -20.574476 0.000000 0.000000 -1.572114
  1   -1.093036 0.000002 -0.326057 -1.570757 -1.570379 -0.000171
  2   2.262337 0.113614 0.064702 -0.000052 0.000061 0.192406
  3   2.380047 0.353302 0.047440 0.000000 -0.000040 0.060890
  4   2.033756 0.190472 -0.000128 -0.171729 0.030045 0.171351
  5   2.451511 0.204909 -0.003447 -0.138715 0.014421 0.103433
  6   7.247600 -0.397300 -0.109469 0.000001 0.000009 0.052298
  7   -2.022252 -0.104661 3.136172 0.914491 -1.249872 -4.083650
  8   1.168026 -0.537438 -0.063437 -0.352554 0.798756 -0.852371
  9   6.790376 -0.619176 0.015206 -0.059965 -0.464797 -1.271855
 10   8.637599 0.544015 -0.090417 -2.512406 0.626907 -0.257522
 11   6.790465 -0.619039 0.017802 -0.105098 -0.333766 -0.889664
 12   -2.022474 -0.104699 -2.873818 0.839417 1.276034 -2.377419
 13   1.167898 -0.537463 0.063297 -1.142351 -1.002119 0.310029
 14   7.002743 -0.617765 -0.183752 0.000229 0.000250 -1.839129
 15   8.209042 0.615527 -0.255885 1.598132 0.255515 0.214563
 16   7.002735 -0.617911 -0.183641 0.013168 0.010300 -1.306017
 17   1.574674 0.609930 -0.000899 0.249408 -0.190392 0.382760
 18   -0.602177 0.511412 -0.000006 0.000000 0.000000 0.000000
 19   3.673773 0.177020 1.119313 -0.000002 -0.000014 -0.174510
 20   3.673767 0.176993 -1.117566 0.000007 -0.000003 -0.174546
 21   3.942357 1.330634 1.627658 0.000002 -0.000011 -0.000026
 22   -0.246060 -0.011889 0.516521 -0.000011 0.000031 0.000025
 23   3.942374 1.330659 -1.631083 0.000019 0.000002 -0.000024
 24   -0.246150 -0.011872 -0.516511 -0.000005 -0.000006 0.000048
 25   4.941364 1.997338 1.629330 0.000018 -0.000001 -0.000024
 26   4.941382 1.997366 -1.629410 -0.000001 0.000005 -0.000024
 27   2.918368 1.615358 1.514501 -0.000019 -0.000022 -0.000050
 28   2.920798 1.614964 -1.501142 -0.000002 -0.000009 -0.000024
 29   8.824059 0.150544 0.091743 0.000006 -0.000231 -0.174534
 30   2.111085 -0.561179 1.784320 -0.000008 -0.000682 0.000024
 31   2.121290 -0.561289 -1.853599 0.000000 0.000000 -0.000002
 32   -0.810489 -0.093824 3.127092 3.071592 -0.114878 1.239365
 33   14.298673 -0.408176 0.475484 0.000008 -0.000003 -1.896136
 34   15.835795 0.581398 0.242756 -0.214729 0.106889 -0.097869
 35   -0.815868 -0.091229 -3.114430 0.066464 3.132725 -1.010185
 36   14.294526 -0.410349 -0.463635 0.000021 -0.000024 -2.607695
 37   15.834409 0.579420 -0.284600 -0.006112 -0.035383 0.214458
 38   1.139685 -3.453749 -2.823813 0.000000 0.000000 0.000001
 39   -4.457742 -1.054854 -0.746180 0.000000 0.000000 0.000000
 40   1.118101 -3.449769 3.237290 0.000000 0.000001 0.000000
 41   -4.433840 -1.059130 0.959566 -0.000001 0.000000 0.000000
 42   -0.657468 1.697302 -2.688614 0.000000 0.000002 0.000000
 43   -0.664068 1.698578 2.869377 0.000000 0.000002 0.000000
time 7
  0   -0.967547 0.175787 -20.574476 0.000000 0.000000 -1.572114
  1   -1.093036 0.000002 -0.326057 -1.570757 -1.570379 -0.000171
  2   2.262337 0.113614 0.064702 -0.000052 0.000061 0.192406
  3   2.380047 0.353302 0.047440 0.000000 -0.000040 0.060890
  4   2.033756 0.190472 -0.000128 -0.171729 0.030045 0.171351
  5   2.451511 0.204909 -0.003447 -0.138715 0.014421 0.103433
  6   7.247600 -0.397300 -0.109469 0.000001 0.000009 0.052298
  7   -2.022252 -0.104661 3.136172 0.914491 -1.249872 -4.083650
  8   1.168026 -0.537438 -0.063437 -0.185747 0.936919 -0.601037
  9   6.790376 -0.619176 0.015206 -0.059965 -0.464797 -1.330040
 10   8.637599 0.544015 -0.090417 -2.308888 0.524489 -0.158989
 11   6.790465 -0.619039 0.017802 -0.108222 -0.333908 -0.929402
 12   -2.022474 -0.104699 -2.873818 0.839417 1.276034 -2.377419
 13   1.167898 -0.537463 0.063297 -1.142351 -1.002119 0.310029
 14   7.002743 -0.617765 -0.183752 0.000229 0.000250 -1.839129
 15   8.209042 0.615527 -0.255885 1.598132 0.255515 0.214563
 16   7.002735 -0.617911 -0.183641 0.013168 0.010300 -1.306017
 17   1.574674 0.609930 -0.000899 0.249408 -0.190392 0.382760
 18   -0.602177 0.511412 -0.000006 0.000000 0.000000 0.000000
 19   3.673773 0.177020 1.119313 -0.000002 -0.000014 -0.174510
 20   3.673767 0.176993 -1.117566 0.000007 -0.000003 -0.174546
 21   3.942357 1.330634 1.627658 0.000002 -0.000011 -0.000026
 22   -0.246060 -0.011889 0.516521 -0.000011 0.000031 0.000025
 23   3.942374 1.330659 -1.631083 0.000019 0.000002 -0.000024
 24   -0.246150 -0.011872 -0.516511 -0.000005 -0.000006 0.000048
 25   4.941364 1.997338 1.629330 0.000018 -0.000001 -0.000024
 26   4.941382 1.997366 -1.629410 -0.000001 0.000005 -0.000024
 27   2.918368 1.615358 1.514501 -0.000019 -0.000022 -0.000050
 28   2.920798 1.614964 -1.501142 -0.000002 -0.000009 -0.000024
 29   8.824059 0.150544 0.091743 0.000006 -0.000231 -0.174534
 30   2.111085 -0.561179 1.784320 -0.000008 -0.000682 0.000024
 31   2.121290 -0.561289 -1.853599 0.000000 0.000000 -0.000002
 32   -0.810489 -0.093824 3.127092 3.071592 -0.114878 1.239365
 33   14.298673 -0.408176 0.475484 0.000008 -0.000003 -1.896136
 34   15.835795 0.581398 0.242756 -0.214729 0.106889 -0.097869
 35   -0.815868 -0.091229 -3.114430 0.066464 3.132725 -1.010185
 36   14.294526 -0.410349 -0.463635 0.000021 -0.000024 -2.607695
 37   15.834409 0.579420 -0.284600 -0.006112 -0.035383 0.214458
 38   1.139685 -3.453749 -2.823813 0.000000 0.000000 0.000001
 39   -4.457742 -1.054854 -0.746180 0.000000 0.000000 0.000000
 40   1.118101 -3.449769 3.237290 0.000000 0.000001 0.000000
 41   -4.433840 -1.059130 0.959566 -0.000001 0.000000 0.000000
 42   -0.657468 1.697302 -2.688614 0.000000 0.000002 0.000000
 43   -0.664068 1.698578 2.869377 0.000000 0.000002 0.000000
time 8
  0   -0.967547 0.175787 -20.574476 0.000000 0.000000 -1.572114
  1   -1.093036 0.000002 -0.326057 -1.570757 -1.570379 -0.000171
  2   2.262337 0.113614 0.064702 -0.000052 0.000061 0.192406
  3   2.380047 0.353302 0.047440 0.000000 -0.000040 0.060890
  4   2.033756 0.190472 -0.000128 -0.171729 0.030045 0.171351
  5   2.451511 0.204909 -0.003447 -0.138715 0.014421 0.103433
  6   7.247600 -0.397300 -0.109469 0.000001 0.000009 0.052298
  7   -2.022252 -0.104661 3.136172 0.914491 -1.249872 -4.083650
  8   1.168026 -0.537438 -0.063437 0.074716 1.038453 -0.258482
  9   6.790376 -0.619176 0.015206 -0.059965 -0.464797 -1.388301
 10   8.637599 0.544015 -0.090417 -2.129060 0.407852 -0.090117
 11   6.790465 -0.619039 0.017802 -0.111346 -0.333993 -0.969197
 12   -2.022474 -0.104699 -2.873818 0.839417 1.276034 -2.377419
 13   1.167898 -0.537463 0.063297 -1.142351 -1.002119 0.310029
 14   7.002743 -0.617765 -0.183752 0.000229 0.000250 -1.839129
 15   8.209042 0.615527 -0.255885 1.598132 0.255515 0.214563
 16   7.002735 -0.617911 -0.183641 0.013168 0.010300 -1.306017
 17   1.574674 0.609930 -0.000899 0.249408 -0.190392 0.382760
 18   -0.602177 0.511412 -0.000006 0.000000 0.000000 0.000000
 19   3.673773 0.177020 1.119313 -0.000002 -0.000014 -0.174510
 20   3.673767 0.176993 -1.117566 0.000007 -0.000003 -0.174546
 21   3.942357 1.330634 1.627658 0.000002 -0.000011 -0.000026
 22   -0.246060 -0.011889 0.516521 -0.000011 0.000031 0.000025
 23   3.942374 1.330659 -1.631083 0.000019 0.000002 -0.000024
 24   -0.246150 -0.011872 -0.516511 -0.000005 -0.000006 0.000048
 25   4.941364 1.997338 1.629330 0.000018 -0.000001 -0.000024
 26   4.941382 1.997366 -1.629410 -0.000001 0.000005 -0.000024
 27   2.918368 1.615358 1.514501 -0.000019 -0.000022 -0.000050
 28   2.920798 1.614964 -1.501142 -0.000002 -0.000009 -0.000024
 29   8.824059 0.150544 0.091743 0.000006 -0.000231 -0.174534
 30   2.111085 -0.561179 1.784320 -0.000008 -0.000682 0.000024
 31   2.121290 -0.561289 -1.853599 0.000000 0.000000 -0.000002
 32   -0.810489 -0.093824 3.127092 3.071592 -0.114878 1.239365
 33   14.298673 -0.408176 0.475484 0.000008 -0.000003 -1.896136
 34   15.835795 0.581398 0.242756 -0.214729 0.106889 -0.097869
 35   -0.815868 -0.091229 -3.114430 0.066464 3.132725 -1.010185
 36   14.294526 -0.410349 -0.463635 0.000021 -0.000024 -2.607695
 37   15.834409 0.579420 -0.284600 -0.006112 -0.035383 0.214458
 38   1.139685 -3.453749 -2.823813 0.000000 0.000000 0.000001
 39   -4.457742 -1.054854 -0.746180 0.000000 0.000000 0.000000
 40   1.118101 -3.449769 3.237290 0.000000 0.000001 0.000000
 41   -4.433840 -1.059130 0.959566 -0.000001 0.000000 0.000000
 42   -0.657468 1.697302 -2.688614 0.000000 0.000002 0.000000
 43   -0.664068 1.698578 2.869377 0.000000 0.000002 0.000000
time 9
  0   -0.967547 0.175787 -20.574476 0.000000 0.000000 -1.572114
  1   -1.093036 0.000002 -0.326057 -1.570757 -1.570379 -0.000171
  2   2.262337 0.113614 0.064702 -0.000052 0.000061 0.192406
  3   2.380047 0.353302 0.047440 0.000000 -0.000040 0.060890
  4   2.033756 0.190472 -0.000128 -0.171729 0.030045 0.171351
  5   2.451511 0.204909 -0.003447 -0.138715 0.014421 0.103433
  6   7.247600 -0.397300 -0.109469 0.000001 0.000009 0.052298
  7   -2.022252 -0.104661 3.136172 0.914491 -1.249872 -4.083650
  8   1.168026 -0.537438 -0.063437 0.418012 1.094654 -0.026949
  9   6.790376 -0.619176 0.015206 -0.059965 -0.464797 -1.446411
 10   8.637599 0.544015 -0.090417 -1.964907 0.282487 -0.045770
 11   6.790465 -0.619039 0.017802 -0.114470 -0.334192 -1.009051
 12   -2.022474 -0.104699 -2.873818 0.839417 1.276034 -2.377419
 13   1.167898 -0.537463 0.063297 -1.142351 -1.002119 0.310029
 14   7.002743 -0.617765 -0.183752 0.000229 0.000250 -1.839129
 15   8.209042 0.615527 -0.255885 1.598132 0.255515 0.214563
 16   7.002735 -0.617911 -0.183641 0.013168 0.010300 -1.306017
 17   1.574674 0.609930 -0.000899 0.249408 -0.190392 0.382760
 18   -0.602177 0.511412 -0.000006 0.000000 0.000000 0.000000
 19   3.673773 0.177020 1.119313 -0.000002 -0.000014 -0.174510
 20   3.673767 0.176993 -1.117566 0.000007 -0.000003 -0.174546
 21   3.942357 1.330634 1.627658 0.000002 -0.000011 -0.000026
 22   -0.246060 -0.011889 0.516521 -0.000011 0.000031 0.000025
 23   3.942374 1.330659 -1.631083 0.000019 0.000002 -0.000024
 24   -0.246150 -0.011872 -0.516511 -0.000005 -0.000006 0.000048
 25   4.941364 1.997338 1.629330 0.000018 -0.000001 -0.000024
 26   4.941382 1.997366 -1.629410 -0.000001 0.000005 -0.000024
 27   2.918368 1.615358 1.514501 -0.000019 -0.000022 -0.000050
 28   2.920798 1.614964 -1.501142 -0.000002 -0.000009 -0.000024
 29   8.824059 0.150544 0.091743 0.000006 -0.000231 -0.174534
 30   2.111085 -0.561179 1.784320 -0.000008 -0.000682 0.000024
 31   2.121290 -0.561289 -1.853599 0.000000 0.000000 -0.000002
 32   -0.810489 -0.093824 3.127092 3.071592 -0.114878 1.239365
 33   14.298673 -0.408176 0.475484 0.000008 -0.000003 -1.896136
 34   15.835795 0.581398 0.242756 -0.214729 0.106889 -0.097869
 35   -0.815868 -0.091229 -3.114430 0.066464 3.132725 -1.010185
 36   14.294526 -0.410349 -0.463635 0.000021 -0.000024 -2.607695
 37   15.834409 0.579420 -0.284600 -0.006112 -0.035383 0.214458
 38   1.139685 -3.453749 -2.823813 0.000000 0.000000 0.000001
 39   -4.457742 -1.054854 -0.746180 0.000000 0.000000 0.000000
 40   1.118101 -3.449769 3.237290 0.000000 0.000001 0.000000
 41   -4.433840 -1.059130 0.959566 -0.000001 0.000000 0.000000
 42   -0.657468 1.697302 -2.688614 0.000000 0.000002 0.000000
 43   -0.664068 1.698578 2.869377 0.000000 0.000002 0.000000
time 10
  0   -0.967547 0.175787 -20.574476 0.000000 0.000000 -1.572114
  1   -1.093036 0.000002 -0.326057 -1.570757 -1.570379 -0.000171
  2   2.262337 0.113614 0.064702 -0.000052 0.000061 0.192406
  3   2.380047 0.353302 0.047440 0.000000 -0.000040 0.060890
  4   2.033756 0.190472 -0.000128 -0.171729 0.030045 0.171351
  5   2.451511 0.204909 -0.003447 -0.138715 0.014421 0.103433
  6   7.247600 -0.397300 -0.109469 0.000001 0.000009 0.052298
  7   -2.022252 -0.104661 3.136172 0.914491 -1.249872 -4.083650
  8   1.168026 -0.537438 -0.063437 0.805162 1.107132 0.248424
  9   6.790376 -0.619176 0.015206 -0.059965 -0.464797 -1.504521
 10   8.637599 0.544015 -0.090417 -1.811058 0.152687 -0.025007
 11   6.790465 -0.619039 0.017802 -0.117623 -0.334306 -1.048616
 12   -2.022474 -0.104699 -2.873818 0.839417 1.276034 -2.377419
 13   1.167898 -0.537463 0.063297 -1.142351 -1.002119 0.310029
 14   7.002743 -0.617765 -0.183752 0.000229 0.000250 -1.839129
 15   8.209042 0.615527 -0.255885 1.598132 0.255515 0.214563
 16   7.002735 -0.617911 -0.183641 0.013168 0.010300 -1.306017
 17   1.574674 0.609930 -0.000899 0.249408 -0.190392 0.382760
 18   -0.602177 0.511412 -0.000006 0.000000 0.000000 0.000000
 19   3.673773 0.177020 1.119313 -0.000002 -0.000014 -0.174510
 20   3.673767 0.176993 -1.117566 0.000007 -0.000003 -0.174546
 21   3.942357 1.330634 1.627658 0.000002 -0.000011 -0.000026
 22   -0.246060 -0.011889 0.516521 -0.000011 0.000031 0.000025
 23   3.942374 1.330659 -1.631083 0.000019 0.000002 -0.000024
 24   -0.246150 -0.011872 -0.516511 -0.000005 -0.000006 0.000048
 25   4.941364 1.997338 1.629330 0.000018 -0.000001 -0.000024
 26   4.941382 1.997366 -1.629410 -0.000001 0.000005 -0.000024
 27   2.918368 1.615358 1.514501 -0.000019 -0.000022 -0.000050
 28   2.920798 1.614964 -1.501142 -0.000002 -0.000009 -0.000024
 29   8.824059 0.150544 0.091743 0.000006 -0.000231 -0.174534
 30   2.111085 -0.561179 1.784320 -0.000008 -0.000682 0.000024
 31   2.121290 -0.561289 -1.853599 0.000000 0.000000 -0.000002
 32   -0.810489 -0.093824 3.127092 3.071592 -0.114878 1.239365
 33   14.298673 -0.408176 0.475484 0.000008 -0.000003 -1.896136
 34   15.835795 0.581398 0.242756 -0.214729 0.106889 -0.097869
 35   -0.815868 -0.091229 -3.114430 0.066464 3.132725 -1.010185
 36   14.294526 -0.410349 -0.463635 0.000021 -0.000024 -2.607695
 37   15.834409 0.579420 -0.284600 -0.006112 -0.035383 0.214458
 38   1.139685 -3.453749 -2.823813 0.000000 0.000000 0.000001
 39   -4.457742 -1.054854 -0.746180 0.000000 0.000000 0.000000
 40   1.118101 -3.449769 3.237290 0.000000 0.000001 0.000000
 41   -4.433840 -1.059130 0.959566 -0.000001 0.000000 0.000000
 42   -0.657468 1.697302 -2.688614 0.000000 0.000002 0.000000
 43   -0.664068 1.698578 2.869377 0.000000 0.000002 0.000000
time 11
  0   -0.967547 0.175787 -20.574476 0.000000 0.000000 -1.572114
  1   -1.093036 0.000002 -0.326057 -1.570757 -1.570379 -0.000171
  2   2.262337 0.113614 0.064702 -0.000052 0.000061 0.192406
  3   2.380047 0.353302 0.047440 0.000000 -0.000040 0.060890
  4   2.033756 0.190472 -0.000128 -0.171729 0.030045 0.171351
  5   2.451511 0.204909 -0.003447 -0.138715 0.014421 0.103433
  6   7.247600 -0.397300 -0.109469 0.000001 0.000009 0.052298
  7   -2.022252 -0.104661 3.136172 0.914491 -1.249872 -4.083650
  8   1.168026 -0.537438 -0.063437 1.176998 1.072063 0.508804
  9   6.790376 -0.619176 0.015206 -0.059965 -0.464797 -1.563008
 10   8.637599 0.544015 -0.090417 -1.661700 0.020986 -0.023705
 11   6.790465 -0.619039 0.017802 -0.120864 -0.334562 -1.088700
 12   -2.022474 -0.104699 -2.873818 0.839417 1.276034 -2.377419
 13   1.167898 -0.537463 0.063297 -1.142351 -1.002119 0.310029
 14   7.002743 -0.617765 -0.183752 0.000229 0.000250 -1.839129
 15   8.209042 0.615527 -0.255885 1.598132 0.255515 0.214563
 16   7.002735 -0.617911 -0.183641 0.013168 0.010300 -1.306017
 17   1.574674 0.609930 -0.000899 0.249408 -0.190392 0.382760
 18   -0.602177 0.511412 -0.000006 0.000000 0.000000 0.000000
 19   3.673773 0.177020 1.119313 -0.000002 -0.000014 -0.174510
 20   3.673767 0.176993 -1.117566 0.000007 -0.000003 -0.174546
 21   3.942357 1.330634 1.627658 0.000002 -0.000011 -0.000026
 22   -0.246060 -0.011889 0.516521 -0.000011 0.000031 0.000025
 23   3.942374 1.330659 -1.631083 0.000019 0.000002 -0.000024
 24   -0.246150 -0.011872 -0.516511 -0.000005 -0.000006 0.000048
 25   4.941364 1.997338 1.629330 0.000018 -0.000001 -0.000024
 26   4.941382 1.997366 -1.629410 -0.000001 0.000005 -0.000024
 27   2.918368 1.615358 1.514501 -0.000019 -0.000022 -0.000050
 28   2.920798 1.614964 -1.501142 -0.000002 -0.000009 -0.000024
 29   8.824059 0.150544 0.091743 0.000006 -0.000231 -0.174534
 30   2.111085 -0.561179 1.784320 -0.000008 -0.000682 0.000024
 31   2.121290 -0.561289 -1.853599 0.000000 0.000000 -0.000002
 32   -0.810489 -0.093824 3.127092 3.071592 -0.114878 1.239365
 33   14.298673 -0.408176 0.475484 0.000008 -0.000003 -1.896136
 34   15.835795 0.581398 0.242756 -0.214729 0.106889 -0.097869
 35   -0.815868 -0.091229 -3.114430 0.066464 3.132725 -1.010185
 36   14.294526 -0.410349 -0.463635 0.000021 -0.000024 -2.607695
 37   15.834409 0.579420 -0.284600 -0.006112 -0.035383 0.214458
 38   1.139685 -3.453749 -2.823813 0.000000 0.000000 0.000001
 39   -4.457742 -1.054854 -0.746180 0.000000 0.000000 0.000000
 40   1.118101 -3.449769 3.237290 0.000000 0.000001 0.000000
 41   -4.433840 -1.059130 0.959566 -0.000001 0.000000 0.000000
 42   -0.657468 1.697302 -2.688614 0.000000 0.000002 0.000000
 43   -0.664068 1.698578 2.869377 0.000000 0.000002 0.000000
time 12
  0   -0.967547 0.175787 -20.574476 0.000000 0.000000 -1.572114
  1   -1.093036 0.000002 -0.326057 -1.570757 -1.570379 -0.000171
  2   2.262337 0.113614 0.064702 0.031346 -0.005956 0.192352
  3   2.380047 0.353302 0.047440 0.063724 -0.003827 0.060727
  4   2.033756 0.190472 -0.000128 -0.140192 0.024569 0.172402
  5   2.451511 0.204909 -0.003447 -0.077916 0.008142 0.104176
  6   7.247600 -0.397300 -0.109469 0.000001 0.000009 0.052298
  7   -2.022252 -0.104661 3.136172 0.914491 -1.249872 -4.083650
  8   1.168026 -0.537438 -0.063437 1.253757 1.049673 0.575923
  9   6.790376 -0.619176 0.015206 -0.059965 -0.464797 -1.563008
 10   8.637599 0.544015 -0.090417 -1.661700 0.020986 -0.023633
 11   6.790465 -0.619039 0.017802 -0.120864 -0.334562 -1.088700
 12   -2.022474 -0.104699 -2.873818 0.839417 1.276034 -2.377035
 13   1.167898 -0.537463 0.063297 -1.142351 -1.002119 0.309908
 14   7.002743 -0.617765 -0.183752 -0.033190 0.120350 -1.841109
 15   8.209042 0.615527 -0.255885 1.598132 0.255515 0.214563
 16   7.002735 -0.617911 -0.183641 0.012932 0.103848 -1.304582
 17   1.574674 0.609930 -0.000899 0.249408 -0.190392 0.382760
 18   -0.602177 0.511412 -0.000006 0.000000 0.000000 0.000000
 19   3.673773 0.177020 1.119313 -0.000002 -0.000014 -0.174510
 20   3.673767 0.176993 -1.117566 0.000007 -0.000003 -0.174546
 21   3.942357 1.330634 1.627658 0.000002 -0.000011 -0.000026
 22   -0.246060 -0.011889 0.516521 -0.000011 0.000031 0.000025
 23   3.942374 1.330659 -1.631083 0.000019 0.000002 -0.000024
 24   -0.246150 -0.011872 -0.516511 -0.000005 -0.000006 0.000048
 25   4.941364 1.997338 1.629330 0.000018 -0.000001 -0.000024
 26   4.941382 1.997366 -1.629410 -0.000001 0.000005 -0.000024
 27   2.918368 1.615358 1.514501 -0.000019 -0.000022 -0.000050
 28   2.920798 1.614964 -1.501142 -0.000002 -0.000009 -0.000024
 29   8.824059 0.150544 0.091743 0.000006 -0.000231 -0.174534
 30   2.111085 -0.561179 1.784320 -0.000008 -0.000682 0.000024
 31   2.121290 -0.561289 -1.853599 0.000000 0.000000 -0.000002
 32   -0.810489 -0.093824 3.127092 3.071592 -0.114878 1.239365
 33   14.298673 -0.408176 0.475484 0.000008 -0.000003 -1.896136
 34   15.835795 0.581398 0.242756 -0.214729 0.106889 -0.097869
 35   -0.815868 -0.091229 -3.114430 0.066464 3.132725 -1.010185
 36   14.294526 -0.410349 -0.463635 0.000021 -0.000024 -2.607695
 37   15.834409 0.579420 -0.284600 -0.006112 -0.035383 0.214458
 38   1.139685 -3.453749 -2.823813 0.000000 0.000000 0.000001
 39   -4.457742 -1.054854 -0.746180 0.000000 0.000000 0.000000
 40   1.118101 -3.449769 3.237290 0.000000 0.000001 0.000000
 41   -4.433840 -1.059130 0.959566 -0.000001 0.000000 0.000000
 42   -0.657468 1.697302 -2.688614 0.000000 0.000002 0.000000
 43   -0.664068 1.698578 2.869377 0.000000 0.000002 0.000000
time 13
  0   -0.967547 0.175787 -20.574476 0.000000 0.000000 -1.572114
  1   -1.093036 0.000002 -0.326057 -1.570757 -1.570379 -0.000171
  2   2.262337 0.113614 0.064702 0.062642 -0.012092 0.192063
  3   2.380047 0.353302 0.047440 0.127704 -0.007722 0.060380
  4   2.033756 0.190472 -0.000128 -0.108600 0.019092 0.173127
  5   2.451511 0.204909 -0.003447 -0.017134 0.001875 0.104473
  6   7.247600 -0.397300 -0.109469 0.000001 0.000009 0.052298
  7   -2.022252 -0.104661 3.136172 0.914491 -1.249872 -4.083650
  8   1.168026 -0.537438 -0.063437 1.324315 1.024868 0.636653
  9   6.790376 -0.619176 0.015206 -0.059965 -0.464797 -1.563008
 10   8.637599 0.544015 -0.090417 -1.661700 0.020986 -0.023633
 11   6.790465 -0.619039 0.017802 -0.120864 -0.334562 -1.088700
 12   -2.022474 -0.104699 -2.873818 0.839417 1.276034 -2.377419
 13   1.167898 -0.537463 0.063297 -1.142351 -1.002119 0.310029
 14   7.002743 -0.617765 -0.183752 -0.067520 0.240620 -1.847462
 15   8.209042 0.615527 -0.255885 1.598132 0.255515 0.214563
 16   7.002735 -0.617911 -0.183641 0.013121 0.197678 -1.301657
 17   1.574674 0.609930 -0.000899 0.249408 -0.190392 0.382760
 18   -0.602177 0.511412 -0.000006 0.000000 0.000000 0.000000
 19   3.673773 0.177020 1.119313 -0.000002 -0.000014 -0.174510
 20   3.673767 0.176993 -1.117566 0.000007 -0.000003 -0.174546
 21   3.942357 1.330634 1.627658 0.000002 -0.000011 -0.000026
 22   -0.246060 -0.011889 0.516521 -0.000011 0.000031 0.000025
 23   3.942374 1.330659 -1.631083 0.000019 0.000002 -0.000024
 24   -0.246150 -0.011872 -0.516511 -0.000005 -0.000006 0.000048
 25   4.941364 1.997338 1.629330 0.000018 -0.000001 -0.000024
 26   4.941382 1.997366 -1.629410 -0.000001 0.000005 -0.000024
 27   2.918368 1.615358 1.514501 -0.000019 -0.000022 -0.000050
 28   2.920798 1.614964 -1.501142 -0.000002 -0.000009 -0.000024
 29   8.824059 0.150544 0.091743 0.000006 -0.000231 -0.174534
 30   2.111085 -0.561179 1.784320 -0.000008 -0.000682 0.000024
 31   2.121290 -0.561289 -1.853599 0.000000 0.000000 -0.000002
 32   -0.810489 -0.093824 3.127092 3.071592 -0.114878 1.239365
 33   14.298673 -0.408176 0.475484 0.000008 -0.000003 -1.896136
 34   15.835795 0.581398 0.242756 -0.214729 0.106889 -0.097869
 35   -0.815868 -0.091229 -3.114430 0.066464 3.132725 -1.010185
 36   14.294526 -0.410349 -0.463635 0.000021 -0.000024 -2.607695
 37   15.834409 0.579420 -0.284600 -0.006112 -0.035383 0.214458
 38   1.139685 -3.453749 -2.823813 0.000000 0.000000 0.000001
 39   -4.457742 -1.054854 -0.746180 0.000000 0.000000 0.000000
 40   1.118101 -3.449769 3.237290 0.000000 0.000001 0.000000
 41   -4.433840 -1.059130 0.959566 -0.000001 0.000000 0.000000
 42   -0.657468 1.697302 -2.688614 0.000000 0.000002 0.000000
 43   -0.664068 1.698578 2.869377 0.000000 0.000002 0.000000
time 14
  0   -0.967547 0.175787 -20.574476 0.000000 0.000000 -1.572114
  1   -1.093036 0.000002 -0.326057 -1.570757 -1.570379 -0.000171
  2   2.262337 0.113614 0.064702 0.094180 -0.018252 0.191557
  3   2.380047 0.353302 0.047440 0.191533 -0.011461 0.059727
  4   2.033756 0.190472 -0.000128 -0.077045 0.013567 0.173417
  5   2.451511 0.204909 -0.003447 0.043460 -0.004261 0.104399
  6   7.247600 -0.397300 -0.109469 0.000001 0.000009 0.052298
  7   -2.022252 -0.104661 3.136172 0.914491 -1.249872 -4.083650
  8   1.168026 -0.537438 -0.063437 1.389051 0.998101 0.691500
  9   6.790376 -0.619176 0.015206 -0.059965 -0.464797 -1.563008
 10   8.637599 0.544015 -0.090417 -1.661700 0.020986 -0.023633
 11   6.790465 -0.619039 0.017802 -0.120864 -0.334562 -1.088700
 12   -2.022474 -0.104699 -2.873818 0.839417 1.276034 -2.377419
 13   1.167898 -0.537463 0.063297 -1.142351 -1.002119 0.309908
 14   7.002743 -0.617765 -0.183752 -0.103957 0.360890 -1.857858
 15   8.209042 0.615527 -0.255885 1.598132 0.255515 0.214563
 16   7.002735 -0.617911 -0.183641 0.014015 0.291451 -1.296469
 17   1.574674 0.609930 -0.000899 0.249408 -0.190392 0.382760
 18   -0.602177 0.511412 -0.000006 0.000000 0.000000 0.000000
 19   3.673773 0.177020 1.119313 -0.000002 -0.000014 -0.174510
 20   3.673767 0.176993 -1.117566 0.000007 -0.000003 -0.174546
 21   3.942357 1.330634 1.627658 0.000002 -0.000011 -0.000026
 22   -0.246060 -0.011889 0.516521 -0.000011 0.000031 0.000025
 23   3.942374 1.330659 -1.631083 0.000019 0.000002 -0.000024
 24   -0.246150 -0.011872 -0.516511 -0.000005 -0.000006 0.000048
 25   4.941364 1.997338 1.629330 0.000018 -0.000001 -0.000024
 26   4.941382 1.997366 -1.629410 -0.000001 0.000005 -0.000024
 27   2.918368 1.615358 1.514501 -0.000019 -0.000022 -0.000050
 28   2.920798 1.614964 -1.501142 -0.000002 -0.000009 -0.000024
 29   8.824059 0.150544 0.091743 0.000006 -0.000231 -0.174534
 30   2.111085 -0.561179 1.784320 -0.000008 -0.000682 0.000024
 31   2.121290 -0.561289 -1.853599 0.000000 0.000000 -0.000002
 32   -0.810489 -0.093824 3.127092 3.071592 -0.114878 1.239365
 33   14.298673 -0.408176 0.475484 0.000008 -0.000003 -1.896136
 34   15.835795 0.581398 0.242756 -0.214729 0.106889 -0.097869
 35   -0.815868 -0.091229 -3.114430 0.066464 3.132725 -1.010185
 36   14.294526 -0.410349 -0.463635 0.000021 -0.000024 -2.607695
 37   15.834409 0.579420 -0.284600 -0.006112 -0.035383 0.214458
 38   1.139685 -3.453749 -2.823813 0.000000 0.000000 0.000001
 39   -4.457742 -1.054854 -0.746180 0.000000 0.000000 0.000000
 40   1.118101 -3.449769 3.237290 0.000000 0.000001 0.000000
 41   -4.433840 -1.059130 0.959566 -0.000001 0.000000 0.000000
 42   -0.657468 1.697302 -2.688614 0.000000 0.000002 0.000000
 43   -0.664068 1.698578 2.869377 0.000000 0.000002 0.000000
time 15
  0   -0.967547 0.175787 -20.574476 0.000000 0.000000 -1.572114
  1   -1.093036 0.000002 -0.326057 -1.570757 -1.570379 -0.000171
  2   2.262337 0.113614 0.064702 0.125527 -0.024412 0.190852
  3   2.380047 0.353302 0.047440 0.255377 -0.015272 0.058931
  4   2.033756 0.190472 -0.000128 -0.045600 0.008126 0.173924
  5   2.451511 0.204909 -0.003447 0.104139 -0.010632 0.103854
  6   7.247600 -0.397300 -0.109469 0.000001 0.000009 0.052298
  7   -2.022252 -0.104661 3.136172 0.914491 -1.249872 -4.083650
  8   1.168026 -0.537438 -0.063437 1.448471 0.969120 0.740970
  9   6.790376 -0.619176 0.015206 -0.059965 -0.464797 -1.563008
 10   8.637599 0.544015 -0.090417 -1.661700 0.020986 -0.023633
 11   6.790465 -0.619039 0.017802 -0.120864 -0.334562 -1.088700
 12   -2.022474 -0.104699 -2.873818 0.839417 1.276034 -2.377035
 13   1.167898 -0.537463 0.063297 -1.142351 -1.002119 0.310029
 14   7.002743 -0.617765 -0.183752 -0.144038 0.480478 -1.874359
 15   8.209042 0.615527 -0.255885 1.598132 0.255515 0.214623
 16   7.002735 -0.617911 -0.183641 0.015710 0.385281 -1.289404
 17   1.574674 0.609930 -0.000899 0.249408 -0.190392 0.382760
 18   -0.602177 0.511412 -0.000006 0.000000 0.000000 0.000000
 19   3.673773 0.177020 1.119313 -0.000002 -0.000014 -0.174510
 20   3.673767 0.176993 -1.117566 0.000007 -0.000003 -0.174546
 21   3.942357 1.330634 1.627658 0.000002 -0.000011 -0.000026
 22   -0.246060 -0.011889 0.516521 -0.000011 0.000031 0.000025
 23   3.942374 1.330659 -1.631083 0.000019 0.000002 -0.000024
 24   -0.246150 -0.011872 -0.516511 -0.000005 -0.000006 0.000048
 25   4.941364 1.997338 1.629330 0.000018 -0.000001 -0.000024
 26   4.941382 1.997366 -1.629410 -0.000001 0.000005 -0.000024
 27   2.918368 1.615358 1.514501 -0.000019 -0.000022 -0.000050
 28   2.920798 1.614964 -1.501142 -0.000002 -0.000009 -0.000024
 29   8.824059 0.150544 0.091743 0.000006 -0.000231 -0.174534
 30   2.111085 -0.561179 1.784320 -0.000008 -0.000682 0.000024
 31   2.121290 -0.561289 -1.853599 0.000000 0.000000 -0.000002
 32   -0.810489 -0.093824 3.127092 3.071592 -0.114878 1.239365
 33   14.298673 -0.408176 0.475484 0.000008 -0.000003 -1.896136
 34   15.835795 0.581398 0.242756 -0.214729 0.106889 -0.097869
 35   -0.815868 -0.091229 -3.114430 0.066464 3.132725 -1.010185
 36   14.294526 -0.410349 -0.463635 0.000021 -0.000024 -2.607695
 37   15.834409 0.579420 -0.284600 -0.006112 -0.035383 0.214458
 38   1.139685 -3.453749 -2.823813 0.000000 0.000000 0.000001
 39   -4.457742 -1.054854 -0.746180 0.000000 0.000000 0.000000
 40   1.118101 -3.449769 3.237290 0.000000 0.000001 0.000000
 41   -4.433840 -1.059130 0.959566 -0.000001 0.000000 0.000000
 42   -0.657468 1.697302 -2.688614 0.000000 0.000002 0.000000
 43   -0.664068 1.698578 2.869377 0.000000 0.000002 0.000000
time 16
  0   -0.967547 0.175787 -20.574476 0.000000 0.000000 -1.572114
  1   -1.093036 0.000002 -0.326057 -1.570757 -1.570379 -0.000171
  2   2.262337 0.113614 0.064702 0.156899 -0.030440 0.190039
  3   2.380047 0.353302 0.047440 0.319206 -0.019060 0.057809
  4   2.033756 0.190472 -0.000128 -0.014082 0.002589 0.173924
  5   2.451511 0.204909 -0.003447 0.164887 -0.017108 0.103012
  6   7.247600 -0.397300 -0.109469 0.000001 0.000009 0.052298
  7   -2.022252 -0.104661 3.136172 0.914491 -1.249872 -4.083650
  8   1.168026 -0.537438 -0.063437 1.503082 0.939032 0.785568
  9   6.790376 -0.619176 0.015206 -0.059965 -0.464797 -1.563008
 10   8.637599 0.544015 -0.090417 -1.661700 0.020986 -0.023633
 11   6.790465 -0.619039 0.017802 -0.120864 -0.334562 -1.088700
 12   -2.022474 -0.104699 -2.873818 0.839417 1.276034 -2.377419
 13   1.167898 -0.537463 0.063297 -1.142351 -1.002119 0.310029
 14   7.002743 -0.617765 -0.183752 -0.189242 0.599329 -1.897708
 15   8.209042 0.615527 -0.255885 1.598132 0.255515 0.214563
 16   7.002735 -0.617911 -0.183641 0.018817 0.478829 -1.279911
 17   1.574674 0.609930 -0.000899 0.249408 -0.190392 0.382760
 18   -0.602177 0.511412 -0.000006 0.000000 0.000000 0.000000
 19   3.673773 0.177020 1.119313 -0.000002 -0.000014 -0.174510
 20   3.673767 0.176993 -1.117566 0.000007 -0.000003 -0.174546
 21   3.942357 1.330634 1.627658 0.000002 -0.000011 -0.000026
 22   -0.246060 -0.011889 0.516521 -0.000011 0.000031 0.000025
 23   3.942374 1.330659 -1.631083 0.000019 0.000002 -0.000024
 24   -0.246150 -0.011872 -0.516511 -0.000005 -0.000006 0.000048
 25   4.941364 1.997338 1.629330 0.000018 -0.000001 -0.000024
 26   4.941382 1.997366 -1.629410 -0.000001 0.000005 -0.000024
 27   2.918368 1.615358 1.514501 -0.000019 -0.000022 -0.000050
 28   2.920798 1.614964 -1.501142 -0.000002 -0.000009 -0.000024
 29   8.824059 0.150544 0.091743 0.000006 -0.000231 -0.174534
 30   2.111085 -0.561179 1.784320 -0.000008 -0.000682 0.000024
 31   2.121290 -0.561289 -1.853599 0.000000 0.000000 -0.000002
 32   -0.810489 -0.093824 3.127092 3.071592 -0.114878 1.239365
 33   14.298673 -0.408176 0.475484 0.000008 -0.000003 -1.896136
 34   15.835795 0.581398 0.242756 -0.214729 0.106889 -0.097869
 35   -0.815868 -0.091229 -3.114430 0.066464 3.132725 -1.010185
 36   14.294526 -0.410349 -0.463635 0.000021 -0.000024 -2.607695
 37   15.834409 0.579420 -0.284600 -0.006112 -0.035383 0.214458
 38   1.139685 -3.453749 -2.823813 0.000000 0.000000 0.000001
 39   -4.457742 -1.054854 -0.746180 0.000000 0.000000 0.000000
 40   1.118101 -3.449769 3.237290 0.000000 0.000001 0.000000
 41   -4.433840 -1.059130 0.959566 -0.000001 0.000000 0.000000
 42   -0.657468 1.697302 -2.688614 0.000000 0.000002 0.000000
 43   -0.664068 1.698578 2.869377 0.000000 0.000002 0.000000
time 17
  0   -0.967547 0.175787 -20.574476 0.000000 0.000000 -1.572114
  1   -1.093036 0.000002 -0.326057 -1.570757 -1.570379 -0.000171
  2   2.262337 0.113614 0.064702 0.188437 -0.036373 0.188973
  3   2.380047 0.353302 0.047440 0.383231 -0.022847 0.056462
  4   2.033756 0.190472 -0.000128 0.017271 -0.002720 0.173924
  5   2.451511 0.204909 -0.003447 0.225583 -0.023361 0.101749
  6   7.247600 -0.397300 -0.109469 0.000001 0.000009 0.052298
  7   -2.022252 -0.104661 3.136172 0.914491 -1.249872 -4.083650
  8   1.168026 -0.537438 -0.063437 1.553137 0.907636 0.825422
  9   6.790376 -0.619176 0.015206 -0.059965 -0.464797 -1.563008
 10   8.637599 0.544015 -0.090417 -1.661700 0.020986 -0.023633
 11   6.790465 -0.619039 0.017802 -0.120864 -0.334562 -1.088700
 12   -2.022474 -0.104699 -2.873818 0.839417 1.276034 -2.377419
 13   1.167898 -0.537463 0.063297 -1.142351 -1.002119 0.309908
 14   7.002743 -0.617765 -0.183752 -0.242531 0.717214 -1.930380
 15   8.209042 0.615527 -0.255885 1.598132 0.255515 0.214563
 16   7.002735 -0.617911 -0.183641 0.023760 0.572377 -1.267603
 17   1.574674 0.609930 -0.000899 0.249408 -0.190392 0.382760
 18   -0.602177 0.511412 -0.000006 0.000000 0.000000 0.000000
 19   3.673773 0.177020 1.119313 -0.000002 -0.000014 -0.174510
 20   3.673767 0.176993 -1.117566 0.000007 -0.000003 -0.174546
 21   3.942357 1.330634 1.627658 0.000002 -0.000011 -0.000026
 22   -0.246060 -0.011889 0.516521 -0.000011 0.000031 0.000025
 23   3.942374 1.330659 -1.631083 0.000019 0.000002 -0.000024
 24   -0.246150 -0.011872 -0.516511 -0.000005 -0.000006 0.000048
 25   4.941364 1.997338 1.629330 0.000018 -0.000001 -0.000024
 26   4.941382 1.997366 -1.629410 -0.000001 0.000005 -0.000024
 27   2.918368 1.615358 1.514501 -0.000019 -0.000022 -0.000050
 28   2.920798 1.614964 -1.501142 -0.000002 -0.000009 -0.000024
 29   8.824059 0.150544 0.091743 0.000006 -0.000231 -0.174534
 30   2.111085 -0.561179 1.784320 -0.000008 -0.000682 0.000024
 31   2.121290 -0.561289 -1.853599 0.000000 0.000000 -0.000002
 32   -0.810489 -0.093824 3.127092 3.071592 -0.114878 1.239365
 33   14.298673 -0.408176 0.475484 0.000008 -0.000003 -1.896136
 34   15.835795 0.581398 0.242756 -0.214729 0.106889 -0.097869
 35   -0.815868 -0.091229 -3.114430 0.066464 3.132725 -1.010185
 36   14.294526 -0.410349 -0.463635 0.000021 -0.000024 -2.607695
 37   15.834409 0.579420 -0.284600 -0.006112 -0.035383 0.214458
 38   1.139685 -3.453749 -2.823813 0.000000 0.000000 0.000001
 39   -4.457742 -1.054854 -0.746180 0.000000 0.000000 0.000000
 40   1.118101 -3.449769 3.237290 0.000000 0.000001 0.000000
 41   -4.433840 -1.059130 0.959566 -0.000001 0.000000 0.000000
 42   -0.657468 1.697302 -2.688614 0.000000 0.000002 0.000000
 43   -0.664068 1.698578 2.869377 0.000000 0.000002 0.000000
time 18
  0   -0.967547 0.175787 -20.574476 0.000000 0.000000 -1.572114
  1   -1.093036 0.000002 -0.326057 -1.570757 -1.570379 -0.000171
  2   2.262337 0.113614 0.064702 0.156899 -0.030440 0.190039
  3   2.380047 0.353302 0.047440 0.319206 -0.019060 0.057809
  4   2.033756 0.190472 -0.000128 -0.014082 0.002589 0.173924
  5   2.451511 0.204909 -0.003447 0.164887 -0.017108 0.103012
  6   7.247600 -0.397300 -0.109469 0.000001 0.000009 0.052298
  7   -2.022252 -0.104661 3.136172 0.914491 -1.249872 -4.083650
  8   1.168026 -0.537438 -0.063437 1.503082 0.939032 0.785568
  9   6.790376 -0.619176 0.015206 -0.059965 -0.464797 -1.563008
 10   8.637599 0.544015 -0.090417 -1.661700 0.020986 -0.023633
 11   6.790465 -0.619039 0.017802 -0.120864 -0.334562 -1.088700
 12   -2.022474 -0.104699 -2.873818 0.839417 1.276034 -2.377419
 13   1.167898 -0.537463 0.063297 -1.142351 -1.002119 0.310029
 14   7.002743 -0.617765 -0.183752 -0.189242 0.599329 -1.897708
 15   8.209042 0.615527 -0.255885 1.598132 0.255515 0.214563
 16   7.002735 -0.617911 -0.183641 0.018817 0.478829 -1.279911
 17   1.574674 0.609930 -0.000899 0.249408 -0.190392 0.382760
 18   -0.602177 0.511412 -0.000006 0.000000 0.000000 0.000000
 19   3.673773 0.177020 1.119313 -0.000002 -0.000014 -0.174510
 20   3.673767 0.176993 -1.117566 0.000007 -0.000003 -0.174546
 21   3.942357 1.330634 1.627658 0.000002 -0.000011 -0.000026
 22   -0.246060 -0.011889 0.516521 -0.000011 0.000031 0.000025
 23   3.942374 1.330659 -1.631083 0.000019 0.000002 -0.000024
 24   -0.246150 -0.011872 -0.516511 -0.000005 -0.000006 0.000048
 25   4.941364 1.997338 1.629330 0.000018 -0.000001 -0.000024
 26   4.941382 1.997366 -1.629410 -0.000001 0.000005 -0.000024
 27   2.918368 1.615358 1.514501 -0.000019 -0.000022 -0.000050
 28   2.920798 1.614964 -1.501142 -0.000002 -0.000009 -0.000024
 29   8.824059 0.150544 0.091743 0.000006 -0.000231 -0.174534
 30   2.111085 -0.561179 1.784320 -0.000008 -0.000682 0.000024
 31   2.121290 -0.561289 -1.853599 0.000000 0.000000 -0.000002
 32   -0.810489 -0.093824 3.127092 3.071592 -0.114878 1.239365
 33   14.298673 -0.408176 0.475484 0.000008 -0.000003 -1.896136
 34   15.835795 0.581398 0.242756 -0.214729 0.106889 -0.097869
 35   -0.815868 -0.091229 -3.114430 0.066464 3.132725 -1.010185
 36   14.294526 -0.410349 -0.463635 0.000021 -0.000024 -2.607695
 37   15.834409 0.579420 -0.284600 -0.006112 -0.035383 0.214458
 38   1.139685 -3.453749 -2.823813 0.000000 0.000000 0.000001
 39   -4.457742 -1.054854 -0.746180 0.000000 0.000000 0.000000
 40   1.118101 -3.449769 3.237290 0.000000 0.000001 0.000000
 41   -4.433840 -1.059130 0.959566 -0.000001 0.000000 0.000000
 42   -0.657468 1.697302 -2.688614 0.000000 0.000002 0.000000
 43   -0.664068 1.698578 2.869377 0.000000 0.000002 0.000000
time 19
  0   -0.967547 0.175787 -20.574476 0.000000 0.000000 -1.572114
  1   -1.093036 0.000002 -0.326057 -1.570757 -1.570379 -0.000171
  2   2.262337 0.113614 0.064702 0.125527 -0.024412 0.190852
  3   2.380047 0.353302 0.047440 0.255377 -0.015272 0.058931
  4   2.033756 0.190472 -0.000128 -0.045600 0.008126 0.173924
  5   2.451511 0.204909 -0.003447 0.104139 -0.010632 0.103854
  6   7.247600 -0.397300 -0.109469 0.000001 0.000009 0.052298
  7   -2.022252 -0.104661 3.136172 0.914491 -1.249872 -4.083650
  8   1.168026 -0.537438 -0.063437 1.448471 0.969120 0.740970
  9   6.790376 -0.619176 0.015206 -0.059965 -0.464797 -1.563008
 10   8.637599 0.544015 -0.090417 -1.661700 0.020986 -0.023633
 11   6.790465 -0.619039 0.017802 -0.120864 -0.334562 -1.088700
 12   -2.022474 -0.104699 -2.873818 0.839417 1.276034 -2.377035
 13   1.167898 -0.537463 0.063297 -1.142351 -1.002119 0.310029
 14   7.002743 -0.617765 -0.183752 -0.144038 0.480478 -1.874359
 15   8.209042 0.615527 -0.255885 1.598132 0.255515 0.214623
 16   7.002735 -0.617911 -0.183641 0.015710 0.385281 -1.289404
 17   1.574674 0.609930 -0.000899 0.249408 -0.190392 0.382760
 18   -0.602177 0.511412 -0.000006 0.000000 0.000000 0.000000
 19   3.673773 0.177020 1.119313 -0.000002 -0.000014 -0.174510
 20   3.673767 0.176993 -1.117566 0.000007 -0.000003 -0.174546
 21   3.942357 1.330634 1.627658 0.000002 -0.000011 -0.000026
 22   -0.246060 -0.011889 0.516521 -0.000011 0.000031 0.000025
 23   3.942374 1.330659 -1.631083 0.000019 0.000002 -0.000024
 24   -0.246150 -0.011872 -0.516511 -0.000005 -0.000006 0.000048
 25   4.941364 1.997338 1.629330 0.000018 -0.000001 -0.000024
 26   4.941382 1.997366 -1.629410 -0.000001 0.000005 -0.000024
 27   2.918368 1.615358 1.514501 -0.000019 -0.000022 -0.000050
 28   2.920798 1.614964 -1.501142 -0.000002 -0.000009 -0.000024
 29   8.824059 0.150544 0.091743 0.000006 -0.000231 -0.174534
 30   2.111085 -0.561179 1.784320 -0.000008 -0.000682 0.000024
 31   2.121290 -0.561289 -1.853599 0.000000 0.000000 -0.000002
 32   -0.810489 -0.093824 3.127092 3.071592 -0.114878 1.239365
 33   14.298673 -0.408176 0.475484 0.000008 -0.000003 -1.896136
 34   15.835795 0.581398 0.242756 -0.214729 0.106889 -0.097869
 35   -0.815868 -0.091229 -3.114430 0.066464 3.132725 -1.010185
 36   14.294526 -0.410349 -0.463635 0.000021 -0.000024 -2.607695
 37   15.834409 0.579420 -0.284600 -0.006112 -0.035383 0.214458
 38   1.139685 -3.453749 -2.823813 0.000000 0.000000 0.000001
 39   -4.457742 -1.054854 -0.746180 0.000000 0.000000 0.000000
 40   1.118101 -3.449769 3.237290 0.000000 0.000001 0.000000
 41   -4.433840 -1.059130 0.959566 -0.000001 0.000000 0.000000
 42   -0.657468 1.697302 -2.688614 0.000000 0.000002 0.000000
 43   -0.664068 1.698578 2.869377 0.000000 0.000002 0.000000
time 20
  0   -0.967547 0.175787 -20.574476 0.000000 0.000000 -1.572114
  1   -1.093036 0.000002 -0.326057 -1.570757 -1.570379 -0.000171
  2   2.262337 0.113614 0.064702 0.094180 -0.018252 0.191557
  3   2.380047 0.353302 0.047440 0.191533 -0.011461 0.059727
  4   2.033756 0.190472 -0.000128 -0.077045 0.013567 0.173417
  5   2.451511 0.204909 -0.003447 0.043460 -0.004261 0.104399
  6   7.247600 -0.397300 -0.109469 0.000001 0.000009 0.052298
  7   -2.022252 -0.104661 3.136172 0.914491 -1.249872 -4.083650
  8   1.168026 -0.537438 -0.063437 1.389051 0.998101 0.691500
  9   6.790376 -0.619176 0.015206 -0.059965 -0.464797 -1.563008
 10   8.637599 0.544015 -0.090417 -1.661700 0.020986 -0.023633
 11   6.790465 -0.619039 0.017802 -0.120864 -0.334562 -1.088700
 12   -2.022474 -0.104699 -2.873818 0.839417 1.276034 -2.377419
 13   1.167898 -0.537463 0.063297 -1.142351 -1.002119 0.309908
 14   7.002743 -0.617765 -0.183752 -0.103957 0.360890 -1.857858
 15   8.209042 0.615527 -0.255885 1.598132 0.255515 0.214563
 16   7.002735 -0.617911 -0.183641 0.014015 0.291451 -1.296469
 17   1.574674 0.609930 -0.000899 0.249408 -0.190392 0.382760
 18   -0.602177 0.511412 -0.000006 0.000000 0.000000 0.000000
 19   3.673773 0.177020 1.119313 -0.000002 -0.000014 -0.174510
 20   3.673767 0.176993 -1.117566 0.000007 -0.000003 -0.174546
 21   3.942357 1.330634 1.627658 0.000002 -0.000011 -0.000026
 22   -0.246060 -0.011889 0.516521 -0.000011 0.000031 0.000025
 23   3.942374 1.330659 -1.631083 0.000019 0.000002 -0.000024
 24   -0.246150 -0.011872 -0.516511 -0.000005 -0.000006 0.000048
 25   4.941364 1.997338 1.629330 0.000018 -0.000001 -0.000024
 26   4.941382 1.997366 -1.629410 -0.000001 0.000005 -0.000024
 27   2.918368 1.615358 1.514501 -0.000019 -0.000022 -0.000050
 28   2.920798 1.614964 -1.501142 -0.000002 -0.000009 -0.000024
 29   8.824059 0.150544 0.091743 0.000006 -0.000231 -0.174534
 30   2.111085 -0.561179 1.784320 -0.000008 -0.000682 0.000024
 31   2.121290 -0.561289 -1.853599 0.000000 0.000000 -0.000002
 32   -0.810489 -0.093824 3.127092 3.071592 -0.114878 1.239365
 33   14.298673 -0.408176 0.475484 0.000008 -0.000003 -1.896136
 34   15.835795 0.581398 0.242756 -0.214729 0.106889 -0.097869
 35   -0.815868 -0.091229 -3.114430 0.066464 3.132725 -1.010185
 36   14.294526 -0.410349 -0.463635 0.000021 -0.000024 -2.607695
 37   15.834409 0.579420 -0.284600 -0.006112 -0.035383 0.214458
 38   1.139685 -3.453749 -2.823813 0.000000 0.000000 0.000001
 39   -4.457742 -1.054854 -0.746180 0.000000 0.000000 0.000000
 40   1.118101 -3.449769 3.237290 0.000000 0.000001 0.000000
 41   -4.433840 -1.059130 0.959566 -0.000001 0.000000 0.000000
 42   -0.657468 1.697302 -2.688614 0.000000 0.000002 0.000000
 43   -0.664068 1.698578 2.869377 0.000000 0.000002 0.000000
time 21
  0   -0.967547 0.175787 -20.574476 0.000000 0.000000 -1.572114
  1   -1.093036 0.000002 -0.326057 -1.570757 -1.570379 -0.000171
  2   2.262337 0.113614 0.064702 0.062642 -0.012092 0.192063
  3   2.380047 0.353302 0.047440 0.127704 -0.007722 0.060380
  4   2.033756 0.190472 -0.000128 -0.108600 0.019092 0.173127
  5   2.451511 0.204909 -0.003447 -0.017134 0.001875 0.104473
  6   7.247600 -0.397300 -0.109469 0.000001 0.000009 0.052298
  7   -2.022252 -0.104661 3.136172 0.914491 -1.249872 -4.083650
  8   1.168026 -0.537438 -0.063437 1.324315 1.024868 0.636653
  9   6.790376 -0.619176 0.015206 -0.059965 -0.464797 -1.563008
 10   8.637599 0.544015 -0.090417 -1.661700 0.020986 -0.023633
 11   6.790465 -0.619039 0.017802 -0.120864 -0.334562 -1.088700
 12   -2.022474 -0.104699 -2.873818 0.839417 1.276034 -2.377419
 13   1.167898 -0.537463 0.063297 -1.142351 -1.002119 0.310029
 14   7.002743 -0.617765 -0.183752 -0.067520 0.240620 -1.847462
 15   8.209042 0.615527 -0.255885 1.598132 0.255515 0.214563
 16   7.002735 -0.617911 -0.183641 0.013121 0.197678 -1.301657
 17   1.574674 0.609930 -0.000899 0.249408 -0.190392 0.382760
 18   -0.602177 0.511412 -0.000006 0.000000 0.000000 0.000000
 19   3.673773 0.177020 1.119313 -0.000002 -0.000014 -0.174510
 20   3.673767 0.176993 -1.117566 0.000007 -0.000003 -0.174546
 21   3.942357 1.330634 1.627658 0.000002 -0.000011 -0.000026
 22   -0.246060 -0.011889 0.516521 -0.000011 0.000031 0.000025
 23   3.942374 1.330659 -1.631083 0.000019 0.000002 -0.000024
 24   -0.246150 -0.011872 -0.516511 -0.000005 -0.000006 0.000048
 25   4.941364 1.997338 1.629330 0.000018 -0.000001 -0.000024
 26   4.941382 1.997366 -1.629410 -0.000001 0.000005 -0.000024
 27   2.918368 1.615358 1.514501 -0.000019 -0.000022 -0.000050
 28   2.920798 1.614964 -1.501142 -0.000002 -0.000009 -0.000024
 29   8.824059 0.150544 0.091743 0.000006 -0.000231 -0.174534
 30   2.111085 -0.561179 1.784320 -0.000008 -0.000682 0.000024
 31   2.121290 -0.561289 -1.853599 0.000000 0.000000 -0.000002
 32   -0.810489 -0.093824 3.127092 3.071592 -0.114878 1.239365
 33   14.298673 -0.408176 0.475484 0.000008 -0.000003 -1.896136
 34   15.835795 0.581398 0.242756 -0.214729 0.106889 -0.097869
 35   -0.815868 -0.091229 -3.114430 0.066464 3.132725 -1.010185
 36   14.294526 -0.410349 -0.463635 0.000021 -0.000024 -2.607695
 37   15.834409 0.579420 -0.284600 -0.006112 -0.035383 0.214458
 38   1.139685 -3.453749 -2.823813 0.000000 0.000000 0.000001
 39   -4.457742 -1.054854 -0.746180 0.000000 0.000000 0.000000
 40   1.118101 -3.449769 3.237290 0.000000 0.000001 0.000000
 41   -4.433840 -1.059130 0.959566 -0.000001 0.000000 0.000000
 42   -0.657468 1.697302 -2.688614 0.000000 0.000002 0.000000
 43   -0.664068 1.698578 2.869377 0.000000 0.000002 0.000000
time 22
  0   -0.967547 0.175787 -20.574476 0.000000 0.000000 -1.572114
  1   -1.093036 0.000002 -0.326057 -1.570757 -1.570379 -0.000171
  2   2.262337 0.113614 0.064702 0.031346 -0.005956 0.192352
  3   2.380047 0.353302 0.047440 0.063724 -0.003827 0.060727
  4   2.033756 0.190472 -0.000128 -0.140192 0.024569 0.172402
  5   2.451511 0.204909 -0.003447 -0.077916 0.008142 0.104176
  6   7.247600 -0.397300 -0.109469 0.000001 0.000009 0.052298
  7   -2.022252 -0.104661 3.136172 0.914491 -1.249872 -4.083650
  8   1.168026 -0.537438 -0.063437 1.253757 1.049673 0.575923
  9   6.790376 -0.619176 0.015206 -0.059965 -0.464797 -1.563008
 10   8.637599 0.544015 -0.090417 -1.661700 0.020986 -0.023633
 11   6.790465 -0.619039 0.017802 -0.120864 -0.334562 -1.088700
 12   -2.022474 -0.104699 -2.873818 0.839417 1.276034 -2.377035
 13   1.167898 -0.537463 0.063297 -1.142351 -1.002119 0.309908
 14   7.002743 -0.617765 -0.183752 -0.033190 0.120350 -1.841109
 15   8.209042 0.615527 -0.255885 1.598132 0.255515 0.214563
 16   7.002735 -0.617911 -0.183641 0.012932 0.103848 -1.304582
 17   1.574674 0.609930 -0.000899 0.249408 -0.190392 0.382760
 18   -0.602177 0.511412 -0.000006 0.000000 0.000000 0.000000
 19   3.673773 0.177020 1.119313 -0.000002 -0.000014 -0.174510
 20   3.673767 0.176993 -1.117566 0.000007 -0.000003 -0.174546
 21   3.942357 1.330634 1.627658 0.000002 -0.000011 -0.000026
 22   -0.246060 -0.011889 0.516521 -0.000011 0.000031 0.000025
 23   3.942374 1.330659 -1.631083 0.000019 0.000002 -0.000024
 24   -0.246150 -0.011872 -0.516511 -0.000005 -0.000006 0.000048
 25   4.941364 1.997338 1.629330 0.000018 -0.000001 -0.000024
 26   4.941382 1.997366 -1.629410 -0.000001 0.000005 -0.000024
 27   2.918368 1.615358 1.514501 -0.000019 -0.000022 -0.000050
 28   2.920798 1.614964 -1.501142 -0.000002 -0.000009 -0.000024
 29   8.824059 0.150544 0.091743 0.000006 -0.000231 -0.174534
 30   2.111085 -0.561179 1.784320 -0.000008 -0.000682 0.000024
 31   2.121290 -0.561289 -1.853599 0.000000 0.000000 -0.000002
 32   -0.810489 -0.093824 3.127092 3.071592 -0.114878 1.239365
 33   14.298673 -0.408176 0.475484 0.000008 -0.000003 -1.896136
 34   15.835795 0.581398 0.242756 -0.214729 0.106889 -0.097869
 35   -0.815868 -0.091229 -3.114430 0.066464 3.132725 -1.010185
 36   14.294526 -0.410349 -0.463635 0.000021 -0.000024 -2.607695
 37   15.834409 0.579420 -0.284600 -0.006112 -0.035383 0.214458
 38   1.139685 -3.453749 -2.823813 0.000000 0.000000 0.000001
 39   -4.457742 -1.054854 -0.746180 0.000000 0.000000 0.000000
 40   1.118101 -3.449769 3.237290 0.000000 0.000001 0.000000
 41   -4.433840 -1.059130 0.959566 -0.000001 0.000000 0.000000
 42   -0.657468 1.697302 -2.688614 0.000000 0.000002 0.000000
 43   -0.664068 1.698578 2.869377 0.000000 0.000002 0.000000
time 23
  0   -0.967547 0.175787 -20.574476 0.000000 0.000000 -1.572114
  1   -1.093036 0.000002 -0.326057 -1.570757 -1.570379 -0.000171
  2   2.262337 0.113614 0.064702 -0.000052 0.000061 0.192406
  3   2.380047 0.353302 0.047440 0.000000 -0.000040 0.060890
  4   2.033756 0.190472 -0.000128 -0.171729 0.030045 0.171351
  5   2.451511 0.204909 -0.003447 -0.138715 0.014421 0.103433
  6   7.247600 -0.397300 -0.109469 0.000001 0.000009 0.052298
  7   -2.022252 -0.104661 3.136172 0.914491 -1.249872 -4.083650
  8   1.168026 -0.537438 -0.063437 1.176998 1.072063 0.508804
  9   6.790376 -0.619176 0.015206 -0.059965 -0.464797 -1.563008
 10   8.637599 0.544015 -0.090417 -1.661700 0.020986 -0.023705
 11   6.790465 -0.619039 0.017802 -0.120864 -0.334562 -1.088700
 12   -2.022474 -0.104699 -2.873818 0.839417 1.276034 -2.377419
 13   1.167898 -0.537463 0.063297 -1.142351 -1.002119 0.310029
 14   7.002743 -0.617765 -0.183752 0.000229 0.000250 -1.839129
 15   8.209042 0.615527 -0.255885 1.598132 0.255515 0.214563
 16   7.002735 -0.617911 -0.183641 0.013168 0.010300 -1.306017
 17   1.574674 0.609930 -0.000899 0.249408 -0.190392 0.382760
 18   -0.602177 0.511412 -0.000006 0.000000 0.000000 0.000000
 19   3.673773 0.177020 1.119313 -0.000002 -0.000014 -0.174510
 20   3.673767 0.176993 -1.117566 0.000007 -0.000003 -0.174546
 21   3.942357 1.330634 1.627658 0.000002 -0.000011 -0.000026
 22   -0.246060 -0.011889 0.516521 -0.000011 0.000031 0.000025
 23   3.942374 1.330659 -1.631083 0.000019 0.000002 -0.000024
 24   -0.246150 -0.011872 -0.516511 -0.000005 -0.000006 0.000048
 25   4.941364 1.997338 1.629330 0.000018 -0.000001 -0.000024
 26   4.941382 1.997366 -1.629410 -0.000001 0.000005 -0.000024
 27   2.918368 1.615358 1.514501 -0.000019 -0.000022 -0.000050
 28   2.920798 1.614964 -1.501142 -0.000002 -0.000009 -0.000024
 29   8.824059 0.150544 0.091743 0.000006 -0.000231 -0.174534
 30   2.111085 -0.561179 1.784320 -0.000008 -0.000682 0.000024
 31   2.121290 -0.561289 -1.853599 0.000000 0.000000 -0.000002
 32   -0.810489 -0.093824 3.127092 3.071592 -0.114878 1.239365
 33   14.298673 -0.408176 0.475484 0.000008 -0.000003 -1.896136
 34   15.835795 0.581398 0.242756 -0.214729 0.106889 -0.097869
 35   -0.815868 -0.091229 -3.114430 0.066464 3.132725 -1.010185
 36   14.294526 -0.410349 -0.463635 0.000021 -0.000024 -2.607695
 37   15.834409 0.579420 -0.284600 -0.006112 -0.035383 0.214458
 38   1.139685 -3.453749 -2.823813 0.000000 0.000000 0.000001
 39   -4.457742 -1.054854 -0.746180 0.000000 0.000000 0.000000
 40   1.118101 -3.449769 3.237290 0.000000 0.000001 0.000000
 41   -4.433840 -1.059130 0.959566 -0.000001 0.000000 0.000000
 42   -0.657468 1.697302 -2.688614 0.000000 0.000002 0.000000
 43   -0.664068 1.698578 2.869377 0.000000 0.000002 0.000000
time 24
  0   -0.967547 0.175787 -20.574476 0.000000 0.000000 -1.572114
  1   -1.093036 0.000002 -0.326057 -1.570757 -1.570379 -0.000171
  2   2.262337 0.113614 0.064702 -0.000052 0.000061 0.192406
  3   2.380047 0.353302 0.047440 0.000000 -0.000040 0.060890
  4   2.033756 0.190472 -0.000128 -0.171729 0.030045 0.171351
  5   2.451511 0.204909 -0.003447 -0.138715 0.014421 0.103433
  6   7.247600 -0.397300 -0.109469 0.000001 0.000009 0.052298
  7   -2.022252 -0.104661 3.136172 0.914491 -1.249872 -4.083650
  8   1.168026 -0.537438 -0.063437 1.176998 1.072063 0.508804
  9   6.790376 -0.619176 0.015206 -0.059965 -0.464797 -1.632891
 10   8.637599 0.544015 -0.090417 -0.927679 -0.034552 -0.148716
 11   6.790465 -0.619039 0.017802 -0.124835 -0.334789 -1.136455
 12   -2.022474 -0.104699 -2.873818 0.839417 1.276034 -2.377419
 13   1.167898 -0.537463 0.063297 -1.142351 -1.002119 0.310029
 14   7.002743 -0.617765 -0.183752 0.000229 0.000250 -1.839129
 15   8.209042 0.615527 -0.255885 1.598132 0.255515 0.214563
 16   7.002735 -0.617911 -0.183641 0.013168 0.010300 -1.306017
 17   1.574674 0.609930 -0.000899 0.249408 -0.190392 0.382760
 18   -0.602177 0.511412 -0.000006 0.000000 0.000000 0.000000
 19   3.673773 0.177020 1.119313 -0.000002 -0.000014 -0.174510
 20   3.673767 0.176993 -1.117566 0.000007 -0.000003 -0.174546
 21   3.942357 1.330634 1.627658 0.000002 -0.000011 -0.000026
 22   -0.246060 -0.011889 0.516521 -0.000011 0.000031 0.000025
 23   3.942374 1.330659 -1.631083 0.000019 0.000002 -0.000024
 24   -0.246150 -0.011872 -0.516511 -0.000005 -0.000006 0.000048
 25   4.941364 1.997338 1.629330 0.000018 -0.000001 -0.000024
 26   4.941382 1.997366 -1.629410 -0.000001 0.000005 -0.000024
 27   2.918368 1.615358 1.514501 -0.000019 -0.000022 -0.000050
 28   2.920798 1.614964 -1.501142 -0.000002 -0.000009 -0.000024
 29   8.824059 0.150544 0.091743 0.000006 -0.000231 -0.174534
 30   2.111085 -0.561179 1.784320 -0.000008 -0.000682 0.000024
 31   2.121290 -0.561289 -1.853599 0.000000 0.000000 -0.000002
 32   -0.810489 -0.093824 3.127092 3.071592 -0.114878 1.239365
 33   14.298673 -0.408176 0.475484 0.000008 -0.000003 -1.896136
 34   15.835795 0.581398 0.242756 -0.214729 0.106889 -0.097869
 35   -0.815868 -0.091229 -3.114430 0.066464 3.132725 -1.010185
 36   14.294526 -0.410349 -0.463635 0.000021 -0.000024 -2.607695
 37   15.834409 0.579420 -0.284600 -0.006112 -0.035383 0.214458
 38   1.139685 -3.453749 -2.823813 0.000000 0.000000 0.000001
 39   -4.457742 -1.054854 -0.746180 0.000000 0.000000 0.000000
 40   1.118101 -3.449769 3.237290 0.000000 0.000001 0.000000
 41   -4.433840 -1.059130 0.959566 -0.000001 0.000000 0.000000
 42   -0.657468 1.697302 -2.688614 0.000000 0.000002 0.000000
 43   -0.664068 1.698578 2.869377 0.000000 0.000002 0.000000
time 25
  0   -0.967547 0.175787 -20.574476 0.000000 0.000000 -1.572114
  1   -1.093036 0.000002 -0.326057 -1.570757 -1.570379 -0.000171
  2   2.262337 0.113614 0.064702 -0.000052 0.000061 0.192406
  3   2.380047 0.353302 0.047440 0.000000 -0.000040 0.060890
  4   2.033756 0.190472 -0.000128 -0.171729 0.030045 0.171351
  5   2.451511 0.204909 -0.003447 -0.138715 0.014421 0.103433
  6   7.247600 -0.397300 -0.109469 0.000001 0.000009 0.052298
  7   -2.022252 -0.104661 3.136172 0.914491 -1.249872 -4.083650
  8   1.168026 -0.537438 -0.063437 1.176998 1.072063 0.508804
  9   6.790376 -0.619176 0.015206 -0.059965 -0.464797 -1.702623
 10   8.637599 0.544015 -0.090417 -0.191633 0.007753 -0.279587
 11   6.790465 -0.619039 0.017802 -0.128747 -0.335102 -1.184036
 12   -2.022474 -0.104699 -2.873818 0.839417 1.276034 -2.377419
 13   1.167898 -0.537463 0.063297 -1.142351 -1.002119 0.310029
 14   7.002743 -0.617765 -0.183752 0.000229 0.000250 -1.839129
 15   8.209042 0.615527 -0.255885 1.598132 0.255515 0.214563
 16   7.002735 -0.617911 -0.183641 0.013168 0.010300 -1.306017
 17   1.574674 0.609930 -0.000899 0.249408 -0.190392 0.382760
 18   -0.602177 0.511412 -0.000006 0.000000 0.000000 0.000000
 19   3.673773 0.177020 1.119313 -0.000002 -0.000014 -0.174510
 20   3.673767 0.176993 -1.117566 0.000007 -0.000003 -0.174546
 21   3.942357 1.330634 1.627658 0.000002 -0.000011 -0.000026
 22   -0.246060 -0.011889 0.516521 -0.000011 0.000031 0.000025
 23   3.942374 1.330659 -1.631083 0.000019 0.000002 -0.000024
 24   -0.246150 -0.011872 -0.516511 -0.000005 -0.000006 0.000048
 25   4.941364 1.997338 1.629330 0.000018 -0.000001 -0.000024
 26   4.941382 1.997366 -1.629410 -0.000001 0.000005 -0.000024
 27   2.918368 1.615358 1.514501 -0.000019 -0.000022 -0.000050
 28   2.920798 1.614964 -1.501142 -0.000002 -0.000009 -0.000024
 29   8.824059 0.150544 0.091743 0.000006 -0.000231 -0.174534
 30   2.111085 -0.561179 1.784320 -0.000008 -0.000682 0.000024
 31   2.121290 -0.561289 -1.853599 0.000000 0.000000 -0.000002
 32   -0.810489 -0.093824 3.127092 3.071592 -0.114878 1.239365
 33   14.298673 -0.408176 0.475484 0.000008 -0.000003 -1.896136
 34   15.835795 0.581398 0.242756 -0.214729 0.106889 -0.097869
 35   -0.815868 -0.091229 -3.114430 0.066464 3.132725 -1.010185
 36   14.294526 -0.410349 -0.463635 0.000021 -0.000024 -2.607695
 37   15.834409 0.579420 -0.284600 -0.006112 -0.035383 0.214458
 38   1.139685 -3.453749 -2.823813 0.000000 0.000000 0.000001
 39   -4.457742 -1.054854 -0.746180 0.000000 0.000000 0.000000
 40   1.118101 -3.449769 3.237290 0.000000 0.000001 0.000000
 41   -4.433840 -1.059130 0.959566 -0.000001 0.000000 0.000000
 42   -0.657468 1.697302 -2.688614 0.000000 0.000002 0.000000
 43   -0.664068 1.698578 2.869377 0.000000 0.000002 0.000000
time 26
  0   -0.967547 0.175787 -20.574476 0.000000 0.000000 -1.572114
  1   -1.093036 0.000002 -0.326057 -1.570757 -1.570379 -0.000171
  2   2.262337 0.113614 0.064702 -0.000052 0.000061 0.192406
  3   2.380047 0.353302 0.047440 0.000000 -0.000040 0.060890
  4   2.033756 0.190472 -0.000128 -0.171729 0.030045 0.171351
  5   2.451511 0.204909 -0.003447 -0.138715 0.014421 0.103433
  6   7.247600 -0.397300 -0.109469 0.000001 0.000009 0.052298
  7   -2.022252 -0.104661 3.136172 0.914491 -1.249872 -4.083650
  8   1.168026 -0.537438 -0.063437 1.088342 1.093346 0.430361
  9   6.790376 -0.619176 0.015206 -0.080659 -0.415943 -1.728961
 10   8.637599 0.544015 -0.090417 -0.191633 0.007753 -0.279587
 11   6.790465 -0.619039 0.017802 -0.134528 -0.296529 -1.208087
 12   -2.022474 -0.104699 -2.873818 0.839417 1.276034 -2.377419
 13   1.167898 -0.537463 0.063297 -1.142351 -1.002119 0.310029
 14   7.002743 -0.617765 -0.183752 0.000229 0.000250 -1.839129
 15   8.209042 0.615527 -0.255885 1.598132 0.255515 0.214563
 16   7.002735 -0.617911 -0.183641 0.013168 0.010300 -1.306017
 17   1.574674 0.609930 -0.000899 0.249408 -0.190392 0.382760
 18   -0.602177 0.511412 -0.000006 0.000000 0.000000 0.000000
 19   3.673773 0.177020 1.119313 -0.000002 -0.000014 -0.174510
 20   3.673767 0.176993 -1.117566 0.000007 -0.000003 -0.174546
 21   3.942357 1.330634 1.627658 0.000002 -0.000011 -0.000026
 22   -0.246060 -0.011889 0.516521 -0.000011 0.000031 0.000025
 23   3.942374 1.330659 -1.631083 0.000019 0.000002 -0.000024
 24   -0.246150 -0.011872 -0.516511 -0.000005 -0.000006 0.000048
 25   4.941364 1.997338 1.629330 0.000018 -0.000001 -0.000024
 26   4.941382 1.997366 -1.629410 -0.000001 0.000005 -0.000024
 27   2.918368 1.615358 1.514501 -0.000019 -0.000022 -0.000050
 28   2.920798 1.614964 -1.501142 -0.000002 -0.000009 -0.000024
 29   8.824059 0.150544 0.091743 0.000006 -0.000231 -0.174534
 30   2.111085 -0.561179 1.784320 -0.000008 -0.000682 0.000024
 31   2.121290 -0.561289 -1.853599 0.000000 0.000000 -0.000002
 32   -0.810489 -0.093824 3.127092 3.071592 -0.114878 1.239365
 33   14.298673 -0.408176 0.475484 0.000008 -0.000003 -1.896136
 34   15.835795 0.581398 0.242756 -0.214729 0.106889 -0.097869
 35   -0.815868 -0.091229 -3.114430 0.066464 3.132725 -1.010185
 36   14.294526 -0.410349 -0.463635 0.000021 -0.000024 -2.607695
 37   15.834409 0.579420 -0.284600 -0.006112 -0.035383 0.214458
 38   1.139685 -3.453749 -2.823813 0.000000 0.000000 0.000001
 39   -4.457742 -1.054854 -0.746180 0.000000 0.000000 0.000000
 40   1.118101 -3.449769 3.237290 0.000000 0.000001 0.000000
 41   -4.433840 -1.059130 0.959566 -0.000001 0.000000 0.000000
 42   -0.657468 1.697302 -2.688614 0.000000 0.000002 0.000000
 43   -0.664068 1.698578 2.869377 0.000000 0.000002 0.000000
time 27
  0   -0.967547 0.175787 -20.574476 0.000000 0.000000 -1.572114
  1   -1.093036 0.000002 -0.326057 -1.570757 -1.570379 -0.000171
  2   2.262337 0.113614 0.064702 -0.000052 0.000061 0.192406
  3   2.380047 0.353302 0.047440 0.000000 -0.000040 0.060890
  4   2.033756 0.190472 -0.000128 -0.171729 0.030045 0.171351
  5   2.451511 0.204909 -0.003447 -0.138715 0.014421 0.103433
  6   7.247600 -0.397300 -0.109469 0.000001 0.000009 0.052298
  7   -2.022252 -0.104661 3.136172 0.914491 -1.249872 -4.083650
  8   1.168026 -0.537438 -0.063437 0.992915 1.111107 0.345086
  9   6.790376 -0.619176 0.015206 -0.102074 -0.367690 -1.755450
 10   8.637599 0.544015 -0.090417 -0.191633 0.007753 -0.279587
 11   6.790465 -0.619039 0.017802 -0.141097 -0.257899 -1.231387
 12   -2.022474 -0.104699 -2.873818 0.839417 1.276034 -2.377419
 13   1.167898 -0.537463 0.063297 -1.142351 -1.002119 0.310029
 14   7.002743 -0.617765 -0.183752 0.000229 0.000250 -1.839129
 15   8.209042 0.615527 -0.255885 1.598132 0.255515 0.214563
 16   7.002735 -0.617911 -0.183641 0.013168 0.010300 -1.306017
 17   1.574674 0.609930 -0.000899 0.249408 -0.190392 0.382760
 18   -0.602177 0.511412 -0.000006 0.000000 0.000000 0.000000
 19   3.673773 0.177020 1.119313 -0.000002 -0.000014 -0.174510
 20   3.673767 0.176993 -1.117566 0.000007 -0.000003 -0.174546
 21   3.942357 1.330634 1.627658 0.000002 -0.000011 -0.000026
 22   -0.246060 -0.011889 0.516521 -0.000011 0.000031 0.000025
 23   3.942374 1.330659 -1.631083 0.000019 0.000002 -0.000024
 24   -0.246150 -0.011872 -0.516511 -0.000005 -0.000006 0.000048
 25   4.941364 1.997338 1.629330 0.000018 -0.000001 -0.000024
 26   4.941382 1.997366 -1.629410 -0.000001 0.000005 -0.000024
 27   2.918368 1.615358 1.514501 -0.000019 -0.000022 -0.000050
 28   2.920798 1.614964 -1.501142 -0.000002 -0.000009 -0.000024
 29   8.824059 0.150544 0.091743 0.000006 -0.000231 -0.174534
 30   2.111085 -0.561179 1.784320 -0.000008 -0.000682 0.000024
 31   2.121290 -0.561289 -1.853599 0.000000 0.000000 -0.000002
 32   -0.810489 -0.093824 3.127092 3.071592 -0.114878 1.239365
 33   14.298673 -0.408176 0.475484 0.000008 -0.000003 -1.896136
 34   15.835795 0.581398 0.242756 -0.214729 0.106889 -0.097869
 35   -0.815868 -0.091229 -3.114430 0.066464 3.132725 -1.010185
 36   14.294526 -0.410349 -0.463635 0.000021 -0.000024 -2.607695
 37   15.834409 0.579420 -0.284600 -0.006112 -0.035383 0.214458
 38   1.139685 -3.453749 -2.823813 0.000000 0.000000 0.000001
 39   -4.457742 -1.054854 -0.746180 0.000000 0.000000 0.000000
 40   1.118101 -3.449769 3.237290 0.000000 0.000001 0.000000
 41   -4.433840 -1.059130 0.959566 -0.000001 0.000000 0.000000
 42   -0.657468 1.697302 -2.688614 0.000000 0.000002 0.000000
 43   -0.664068 1.698578 2.869377 0.000000 0.000002 0.000000
time 28
  0   -0.967547 0.175787 -20.574476 0.000000 0.000000 -1.572114
  1   -1.093036 0.000002 -0.326057 -1.570757 -1.570379 -0.000171
  2   2.262337 0.113614 0.064702 -0.000052 0.000061 0.192406
  3   2.380047 0.353302 0.047440 0.000000 -0.000040 0.060890
  4   2.033756 0.190472 -0.000128 -0.171729 0.030045 0.171351
  5   2.451511 0.204909 -0.003447 -0.138715 0.014421 0.103433
  6   7.247600 -0.397300 -0.109469 0.000001 0.000009 0.052298
  7   -2.022252 -0.104661 3.136172 0.914491 -1.249872 -4.083650
  8   1.168026 -0.537438 -0.063437 0.891097 1.124893 0.253485
  9   6.790376 -0.619176 0.015206 -0.124710 -0.320104 -1.783147
 10   8.637599 0.544015 -0.090417 -0.191633 0.007753 -0.279587
 11   6.790465 -0.619039 0.017802 -0.148659 -0.219184 -1.254977
 12   -2.022474 -0.104699 -2.873818 0.839417 1.276034 -2.377419
 13   1.167898 -0.537463 0.063297 -1.142351 -1.002119 0.310029
 14   7.002743 -0.617765 -0.183752 0.000229 0.000250 -1.839129
 15   8.209042 0.615527 -0.255885 1.598132 0.255515 0.214563
 16   7.002735 -0.617911 -0.183641 0.013168 0.010300 -1.306017
 17   1.574674 0.609930 -0.000899 0.249408 -0.190392 0.382760
 18   -0.602177 0.511412 -0.000006 0.000000 0.000000 0.000000
 19   3.673773 0.177020 1.119313 -0.000002 -0.000014 -0.174510
 20   3.673767 0.176993 -1.117566 0.000007 -0.000003 -0.174546
 21   3.942357 1.330634 1.627658 0.000002 -0.000011 -0.000026
 22   -0.246060 -0.011889 0.516521 -0.000011 0.000031 0.000025
 23   3.942374 1.330659 -1.631083 0.000019 0.000002 -0.000024
 24   -0.246150 -0.011872 -0.516511 -0.000005 -0.000006 0.000048
 25   4.941364 1.997338 1.629330 0.000018 -0.000001 -0.000024
 26   4.941382 1.997366 -1.629410 -0.000001 0.000005 -0.000024
 27   2.918368 1.615358 1.514501 -0.000019 -0.000022 -0.000050
 28   2.920798 1.614964 -1.501142 -0.000002 -0.000009 -0.000024
 29   8.824059 0.150544 0.091743 0.000006 -0.000231 -0.174534
 30   2.111085 -0.561179 1.784320 -0.000008 -0.000682 0.000024
 31   2.121290 -0.561289 -1.853599 0.000000 0.000000 -0.000002
 32   -0.810489 -0.093824 3.127092 3.071592 -0.114878 1.239365
 33   14.298673 -0.408176 0.475484 0.000008 -0.000003 -1.896136
 34   15.835795 0.581398 0.242756 -0.214729 0.106889 -0.097869
 35   -0.815868 -0.091229 -3.114430 0.066464 3.132725 -1.010185
 36   14.294526 -0.410349 -0.463635 0.000021 -0.000024 -2.607695
 37   15.834409 0.579420 -0.284600 -0.006112 -0.035383 0.214458
 38   1.139685 -3.453749 -2.823813 0.000000 0.000000 0.000001
 39   -4.457742 -1.054854 -0.746180 0.000000 0.000000 0.000000
 40   1.118101 -3.449769 3.237290 0.000000 0.000001 0.000000
 41   -4.433840 -1.059130 0.959566 -0.000001 0.000000 0.000000
 42   -0.657468 1.697302 -2.688614 0.000000 0.000002 0.000000
 43   -0.664068 1.698578 2.869377 0.000000 0.000002 0.000000
time 29
  0   -0.967547 0.175787 -20.574476 0.000000 0.000000 -1.572114
  1   -1.093036 0.000002 -0.326057 -1.570757 -1.570379 -0.000171
  2   2.262337 0.113614 0.064702 -0.000052 0.000061 0.192406
  3   2.380047 0.353302 0.047440 0.000000 -0.000040 0.060890
  4   2.033756 0.190472 -0.000128 -0.171729 0.030045 0.171351
  5   2.451511 0.204909 -0.003447 -0.138715 0.014421 0.103433
  6   7.247600 -0.397300 -0.109469 0.000001 0.000009 0.052298
  7   -2.022252 -0.104661 3.136172 0.914491 -1.249872 -4.083650
  8   1.168026 -0.537438 -0.063437 0.367198 1.112717 -0.257786
  9   6.790376 -0.619176 0.015206 -0.100576 -0.352807 -1.642702
 10   8.637599 0.544015 -0.090417 -0.774534 0.160078 -0.110663
 11   6.790465 -0.619039 0.017802 -0.132163 -0.247666 -1.154738
 12   -2.022474 -0.104699 -2.873818 0.839417 1.276034 -2.377419
 13   1.167898 -0.537463 0.063297 -1.142351 -1.002119 0.310029
 14   7.002743 -0.617765 -0.183752 0.000229 0.000250 -1.839129
 15   8.209042 0.615527 -0.255885 1.598132 0.255515 0.214563
 16   7.002735 -0.617911 -0.183641 0.013168 0.010300 -1.306017
 17   1.574674 0.609930 -0.000899 0.249408 -0.190392 0.382760
 18   -0.602177 0.511412 -0.000006 0.000000 0.000000 0.000000
 19   3.673773 0.177020 1.119313 -0.000002 -0.000014 -0.174510
 20   3.673767 0.176993 -1.117566 0.000007 -0.000003 -0.174546
 21   3.942357 1.330634 1.627658 0.000002 -0.000011 -0.000026
 22   -0.246060 -0.011889 0.516521 -0.000011 0.000031 0.000025
 23   3.942374 1.330659 -1.631083 0.000019 0.000002 -0.000024
 24   -0.246150 -0.011872 -0.516511 -0.000005 -0.000006 0.000048
 25   4.941364 1.997338 1.629330 0.000018 -0.000001 -0.000024
 26   4.941382 1.997366 -1.629410 -0.000001 0.000005 -0.000024
 27   2.918368 1.615358 1.514501 -0.000019 -0.000022 -0.000050
 28   2.920798 1.614964 -1.501142 -0.000002 -0.000009 -0.000024
 29   8.824059 0.150544 0.091743 0.000006 -0.000231 -0.174534
 30   2.111085 -0.561179 1.784320 -0.000008 -0.000682 0.000024
 31   2.121290 -0.561289 -1.853599 0.000000 0.000000 -0.000002
 32   -0.810489 -0.093824 3.127092 3.071592 -0.114878 1.239365
 33   14.298673 -0.408176 0.475484 0.000008 -0.000003 -1.896136
 34   15.835795 0.581398 0.242756 -0.214729 0.106889 -0.097869
 35   -0.815868 -0.091229 -3.114430 0.066464 3.132725 -1.010185
 36   14.294526 -0.410349 -0.463635 0.000021 -0.000024 -2.607695
 37   15.834409 0.579420 -0.284600 -0.006112 -0.035383 0.214458
 38   1.139685 -3.453749 -2.823813 0.000000 0.000000 0.000001
 39   -4.457742 -1.054854 -0.746180 0.000000 0.000000 0.000000
 40   1.118101 -3.449769 3.237290 0.000000 0.000001 0.000000
 41   -4.433840 -1.059130 0.959566 -0.000001 0.000000 0.000000
 42   -0.657468 1.697302 -2.688614 0.000000 0.000002 0.000000
 43   -0.664068 1.698578 2.869377 0.000000 0.000002 0.000000
time 30
  0   -0.967547 0.175787 -20.574476 0.000000 0.000000 -1.572114
  1   -1.093036 0.000002 -0.326057 -1.570757 -1.570379 -0.000171
  2   2.262337 0.113614 0.064702 -0.000052 0.000061 0.192406
  3   2.380047 0.353302 0.047440 0.000000 -0.000040 0.060890
  4   2.033756 0.190472 -0.000128 -0.171729 0.030045 0.171351
  5   2.451511 0.204909 -0.003447 -0.138715 0.014421 0.103433
  6   7.247600 -0.397300 -0.109469 0.000001 0.000009 0.052298
  7   -2.022252 -0.104661 3.136172 0.914491 -1.249872 -4.083650
  8   1.168026 -0.537438 -0.063437 -0.037544 1.000969 -0.652278
  9   6.790376 -0.619176 0.015206 -0.081602 -0.388179 -1.501427
 10   8.637599 0.544015 -0.090417 -1.355586 0.380752 -0.051051
 11   6.790465 -0.619039 0.017802 -0.118966 -0.276347 -1.053980
 12   -2.022474 -0.104699 -2.873818 0.839417 1.276034 -2.377419
 13   1.167898 -0.537463 0.063297 -1.142351 -1.002119 0.310029
 14   7.002743 -0.617765 -0.183752 0.000229 0.000250 -1.839129
 15   8.209042 0.615527 -0.255885 1.598132 0.255515 0.214563
 16   7.002735 -0.617911 -0.183641 0.013168 0.010300 -1.306017
 17   1.574674 0.609930 -0.000899 0.249408 -0.190392 0.382760
 18   -0.602177 0.511412 -0.000006 0.000000 0.000000 0.000000
 19   3.673773 0.177020 1.119313 -0.000002 -0.000014 -0.174510
 20   3.673767 0.176993 -1.117566 0.000007 -0.000003 -0.174546
 21   3.942357 1.330634 1.627658 0.000002 -0.000011 -0.000026
 22   -0.246060 -0.011889 0.516521 -0.000011 0.000031 0.000025
 23   3.942374 1.330659 -1.631083 0.000019 0.000002 -0.000024
 24   -0.246150 -0.011872 -0.516511 -0.000005 -0.000006 0.000048
 25   4.941364 1.997338 1.629330 0.000018 -0.000001 -0.000024
 26   4.941382 1.997366 -1.629410 -0.000001 0.000005 -0.000024
 27   2.918368 1.615358 1.514501 -0.000019 -0.000022 -0.000050
 28   2.920798 1.614964 -1.501142 -0.000002 -0.000009 -0.000024
 29   8.824059 0.150544 0.091743 0.000006 -0.000231 -0.174534
 30   2.111085 -0.561179 1.784320 -0.000008 -0.000682 0.000024
 31   2.121290 -0.561289 -1.853599 0.000000 0.000000 -0.000002
 32   -0.810489 -0.093824 3.127092 3.071592 -0.114878 1.239365
 33   14.298673 -0.408176 0.475484 0.000008 -0.000003 -1.896136
 34   15.835795 0.581398 0.242756 -0.214729 0.106889 -0.097869
 35   -0.815868 -0.091229 -3.114430 0.066464 3.132725 -1.010185
 36   14.294526 -0.410349 -0.463635 0.000021 -0.000024 -2.607695
 37   15.834409 0.579420 -0.284600 -0.006112 -0.035383 0.214458
 38   1.139685 -3.453749 -2.823813 0.000000 0.000000 0.000001
 39   -4.457742 -1.054854 -0.746180 0.000000 0.000000 0.000000
 40   1.118101 -3.449769 3.237290 0.000000 0.000001 0.000000
 41   -4.433840 -1.059130 0.959566 -0.000001 0.000000 0.000000
 42   -0.657468 1.697302 -2.688614 0.000000 0.000002 0.000000
 43   -0.664068 1.698578 2.869377 0.000000 0.000002 0.000000
time 31
  0   -0.967547 0.175787 -20.574476 0.000000 0.000000 -1.572114
  1   -1.093036 0.000002 -0.326057 -1.570757 -1.570379 -0.000171
  2   2.262337 0.113614 0.064702 -0.000052 0.000061 0.192406
  3   2.380047 0.353302 0.047440 0.000000 -0.000040 0.060890
  4   2.033756 0.190472 -0.000128 -0.171729 0.030045 0.171351
  5   2.451511 0.204909 -0.003447 -0.138715 0.014421 0.103433
  6   7.247600 -0.397300 -0.109469 0.000001 0.000009 0.052298
  7   -2.022252 -0.104661 3.136172 0.914491 -1.249872 -4.083650
  8   1.168026 -0.537438 -0.063437 -0.291299 0.833825 -0.893996
  9   6.790376 -0.619176 0.015206 -0.067732 -0.425754 -1.358567
 10   8.637599 0.544015 -0.090417 -1.994056 0.594809 -0.139890
 11   6.790465 -0.619039 0.017802 -0.108894 -0.305170 -0.952299
 12   -2.022474 -0.104699 -2.873818 0.839417 1.276034 -2.377419
 13   1.167898 -0.537463 0.063297 -1.142351 -1.002119 0.310029
 14   7.002743 -0.617765 -0.183752 0.000229 0.000250 -1.839129
 15   8.209042 0.615527 -0.255885 1.598132 0.255515 0.214563
 16   7.002735 -0.617911 -0.183641 0.013168 0.010300 -1.306017
 17   1.574674 0.609930 -0.000899 0.249408 -0.190392 0.382760
 18   -0.602177 0.511412 -0.000006 0.000000 0.000000 0.000000
 19   3.673773 0.177020 1.119313 -0.000002 -0.000014 -0.174510
 20   3.673767 0.176993 -1.117566 0.000007 -0.000003 -0.174546
 21   3.942357 1.330634 1.627658 0.000002 -0.000011 -0.000026
 22   -0.246060 -0.011889 0.516521 -0.000011 0.000031 0.000025
 23   3.942374 1.330659 -1.631083 0.000019 0.000002 -0.000024
 24   -0.246150 -0.011872 -0.516511 -0.000005 -0.000006 0.000048
 25   4.941364 1.997338 1.629330 0.000018 -0.000001 -0.000024
 26   4.941382 1.997366 -1.629410 -0.000001 0.000005 -0.000024
 27   2.918368 1.615358 1.514501 -0.000019 -0.000022 -0.000050
 28   2.920798 1.614964 -1.501142 -0.000002 -0.000009 -0.000024
 29   8.824059 0.150544 0.091743 0.000006 -0.000231 -0.174534
 30   2.111085 -0.561179 1.784320 -0.000008 -0.000682 0.000024
 31   2.121290 -0.561289 -1.853599 0.000000 0.000000 -0.000002
 32   -0.810489 -0.093824 3.127092 3.071592 -0.114878 1.239365
 33   14.298673 -0.408176 0.475484 0.000008 -0.000003 -1.896136
 34   15.835795 0.581398 0.242756 -0.214729 0.106889 -0.097869
 35   -0.815868 -0.091229 -3.114430 0.066464 3.132725 -1.010185
 36   14.294526 -0.410349 -0.463635 0.000021 -0.000024 -2.607695
 37   15.834409 0.579420 -0.284600 -0.006112 -0.035383 0.214458
 38   1.139685 -3.453749 -2.823813 0.000000 0.000000 0.000001
 39   -4.457742 -1.054854 -0.746180 0.000000 0.000000 0.000000
 40   1.118101 -3.449769 3.237290 0.000000 0.000001 0.000000
 41   -4.433840 -1.059130 0.959566 -0.000001 0.000000 0.000000
 42   -0.657468 1.697302 -2.688614 0.000000 0.000002 0.000000
 43   -0.664068 1.698578 2.869377 0.000000 0.000002 0.000000
time 32
  0   -0.967547 0.175787 -20.574476 0.000000 0.000000 -1.572114
  1   -1.093036 0.000002 -0.326057 -1.570757 -1.570379 -0.000171
  2   2.262337 0.113614 0.064702 -0.000052 0.000061 0.192406
  3   2.380047 0.353302 0.047440 0.000000 -0.000040 0.060890
  4   2.033756 0.190472 -0.000128 -0.171729 0.030045 0.171351
  5   2.451511 0.204909 -0.003447 -0.138715 0.014421 0.103433
  6   7.247600 -0.397300 -0.109469 0.000001 0.000009 0.052298
  7   -2.022252 -0.104661 3.136172 0.914491 -1.249872 -4.083650
  8   1.168026 -0.537438 -0.063437 -0.452031 0.640517 -1.041899
  9   6.790376 -0.619176 0.015206 -0.059965 -0.464797 -1.213594
 10   8.637599 0.544015 -0.090417 -2.743048 0.708912 -0.388899
 11   6.790465 -0.619039 0.017802 -0.102091 -0.333709 -0.849753
 12   -2.022474 -0.104699 -2.873818 0.839417 1.276034 -2.377419
 13   1.167898 -0.537463 0.063297 -1.142351 -1.002119 0.310029
 14   7.002743 -0.617765 -0.183752 0.000229 0.000250 -1.839129
 15   8.209042 0.615527 -0.255885 1.598132 0.255515 0.214563
 16   7.002735 -0.617911 -0.183641 0.013168 0.010300 -1.306017
 17   1.574674 0.609930 -0.000899 0.249408 -0.190392 0.382760
 18   -0.602177 0.511412 -0.000006 0.000000 0.000000 0.000000
 19   3.673773 0.177020 1.119313 -0.000002 -0.000014 -0.174510
 20   3.673767 0.176993 -1.117566 0.000007 -0.000003 -0.174546
 21   3.942357 1.330634 1.627658 0.000002 -0.000011 -0.000026
 22   -0.246060 -0.011889 0.516521 -0.000011 0.000031 0.000025
 23   3.942374 1.330659 -1.631083 0.000019 0.000002 -0.000024
 24   -0.246150 -0.011872 -0.516511 -0.000005 -0.000006 0.000048
 25   4.941364 1.997338 1.629330 0.000018 -0.000001 -0.000024
 26   4.941382 1.997366 -1.629410 -0.000001 0.000005 -0.000024
 27   2.918368 1.615358 1.514501 -0.000019 -0.000022 -0.000050
 28   2.920798 1.614964 -1.501142 -0.000002 -0.000009 -0.000024
 29   8.824059 0.150544 0.091743 0.000006 -0.000231 -0.174534
 30   2.111085 -0.561179 1.784320 -0.000008 -0.000682 0.000024
 31   2.121290 -0.561289 -1.853599 0.000000 0.000000 -0.000002
 32   -0.810489 -0.093824 3.127092 3.071592 -0.114878 1.239365
 33   14.298673 -0.408176 0.475484 0.000008 -0.000003 -1.896136
 34   15.835795 0.581398 0.242756 -0.214729 0.106889 -0.097869
 35   -0.815868 -0.091229 -3.114430 0.066464 3.132725 -1.010185
 36   14.294526 -0.410349 -0.463635 0.000021 -0.000024 -2.607695
 37   15.834409 0.579420 -0.284600 -0.006112 -0.035383 0.214458
 38   1.139685 -3.453749 -2.823813 0.000000 0.000000 0.000001
 39   -4.457742 -1.054854 -0.746180 0.000000 0.000000 0.000000
 40   1.118101 -3.449769 3.237290 0.000000 0.000001 0.000000
 41   -4.433840 -1.059130 0.959566 -0.000001 0.000000 0.000000
 42   -0.657468 1.697302 -2.688614 0.000000 0.000002 0.000000
 43   -0.664068 1.698578 2.869377 0.000000 0.000002 0.000000
time 33
  0   -0.967547 0.175787 -20.574476 0.000000 0.000000 -1.572114
  1   -1.093036 0.000002 -0.326057 -1.570757 -1.570379 -0.000171
  2   2.262337 0.113614 0.064702 -0.000052 0.000061 0.192406
  3   2.380047 0.353302 0.047440 0.000000 -0.000040 0.060890
  4   2.033756 0.190472 -0.000128 -0.171729 0.030045 0.171351
  5   2.451511 0.204909 -0.003447 -0.138715 0.014421 0.103433
  6   7.247600 -0.397300 -0.109469 0.000001 0.000009 0.052298
  7   -2.022252 -0.104661 3.136172 0.914491 -1.249872 -4.083650
  8   1.168026 -0.537438 -0.063437 -0.315662 0.716341 -0.941378
  9   6.790376 -0.619176 0.015206 -0.032669 -0.420081 -1.346341
 10   8.637599 0.544015 -0.090417 -2.434028 0.704618 -0.460158
 11   6.790465 -0.619039 0.017802 -0.082880 -0.305909 -0.942898
 12   -2.022474 -0.104699 -2.873818 0.839417 1.276034 -2.377419
 13   1.167898 -0.537463 0.063297 -1.142351 -1.002119 0.310029
 14   7.002743 -0.617765 -0.183752 0.000229 0.000250 -1.839129
 15   8.209042 0.615527 -0.255885 1.598132 0.255515 0.214563
 16   7.002735 -0.617911 -0.183641 0.013168 0.010300 -1.306017
 17   1.574674 0.609930 -0.000899 0.249408 -0.190392 0.382760
 18   -0.602177 0.511412 -0.000006 0.000000 0.000000 0.000000
 19   3.673773 0.177020 1.119313 -0.000002 -0.000014 -0.174510
 20   3.673767 0.176993 -1.117566 0.000007 -0.000003 -0.174546
 21   3.942357 1.330634 1.627658 0.000002 -0.000011 -0.000026
 22   -0.246060 -0.011889 0.516521 -0.000011 0.000031 0.000025
 23   3.942374 1.330659 -1.631083 0.000019 0.000002 -0.000024
 24   -0.246150 -0.011872 -0.516511 -0.000005 -0.000006 0.000048
 25   4.941364 1.997338 1.629330 0.000018 -0.000001 -0.000024
 26   4.941382 1.997366 -1.629410 -0.000001 0.000005 -0.000024
 27   2.918368 1.615358 1.514501 -0.000019 -0.000022 -0.000050
 28   2.920798 1.614964 -1.501142 -0.000002 -0.000009 -0.000024
 29   8.824059 0.150544 0.091743 0.000006 -0.000231 -0.174534
 30   2.111085 -0.561179 1.784320 -0.000008 -0.000682 0.000024
 31   2.121290 -0.561289 -1.853599 0.000000 0.000000 -0.000002
 32   -0.810489 -0.093824 3.127092 3.071592 -0.114878 1.239365
 33   14.298673 -0.408176 0.475484 0.000008 -0.000003 -1.896136
 34   15.835795 0.581398 0.242756 -0.214729 0.106889 -0.097869
 35   -0.815868 -0.091229 -3.114430 0.066464 3.132725 -1.010185
 36   14.294526 -0.410349 -0.463635 0.000021 -0.000024 -2.607695
 37   15.834409 0.579420 -0.284600 -0.006112 -0.035383 0.214458
 38   1.139685 -3.453749 -2.823813 0.000000 0.000000 0.000001
 39   -4.457742 -1.054854 -0.746180 0.000000 0.000000 0.000000
 40   1.118101 -3.449769 3.237290 0.000000 0.000001 0.000000
 41   -4.433840 -1.059130 0.959566 -0.000001 0.000000 0.000000
 42   -0.657468 1.697302 -2.688614 0.000000 0.000002 0.000000
 43   -0.664068 1.698578 2.869377 0.000000 0.000002 0.000000
time 34
  0   -0.967547 0.175787 -20.574476 0.000000 0.000000 -1.572114
  1   -1.093036 0.000002 -0.326057 -1.570757 -1.570379 -0.000171
  2   2.262337 0.113614 0.064702 -0.000052 0.000061 0.192406
  3   2.380047 0.353302 0.047440 0.000000 -0.000040 0.060890
  4   2.033756 0.190472 -0.000128 -0.171729 0.030045 0.171351
  5   2.451511 0.204909 -0.003447 -0.138715 0.014421 0.103433
  6   7.247600 -0.397300 -0.109469 0.000001 0.000009 0.052298
  7   -2.022252 -0.104661 3.136172 0.914491 -1.249872 -4.083650
  8   1.168026 -0.537438 -0.063437 -0.160245 0.780190 -0.820171
  9   6.790376 -0.619176 0.015206 -0.012419 -0.372762 -1.475315
 10   8.637599 0.544015 -0.090417 -2.124304 0.716866 -0.530260
 11   6.790465 -0.619039 0.017802 -0.066501 -0.275892 -1.034428
 12   -2.022474 -0.104699 -2.873818 0.839417 1.276034 -2.377419
 13   1.167898 -0.537463 0.063297 -1.142351 -1.002119 0.310029
 14   7.002743 -0.617765 -0.183752 0.000229 0.000250 -1.839129
 15   8.209042 0.615527 -0.255885 1.598132 0.255515 0.214563
 16   7.002735 -0.617911 -0.183641 0.013168 0.010300 -1.306017
 17   1.574674 0.609930 -0.000899 0.249408 -0.190392 0.382760
 18   -0.602177 0.511412 -0.000006 0.000000 0.000000 0.000000
 19   3.673773 0.177020 1.119313 -0.000002 -0.000014 -0.174510
 20   3.673767 0.176993 -1.117566 0.000007 -0.000003 -0.174546
 21   3.942357 1.330634 1.627658 0.000002 -0.000011 -0.000026
 22   -0.246060 -0.011889 0.516521 -0.000011 0.000031 0.000025
 23   3.942374 1.330659 -1.631083 0.000019 0.000002 -0.000024
 24   -0.246150 -0.011872 -0.516511 -0.000005 -0.000006 0.000048
 25   4.941364 1.997338 1.629330 0.000018 -0.000001 -0.000024
 26   4.941382 1.997366 -1.629410 -0.000001 0.000005 -0.000024
 27   2.918368 1.615358 1.514501 -0.000019 -0.000022 -0.000050
 28   2.920798 1.614964 -1.501142 -0.000002 -0.000009 -0.000024
 29   8.824059 0.150544 0.091743 0.000006 -0.000231 -0.174534
 30   2.111085 -0.561179 1.784320 -0.000008 -0.000682 0.000024
 31   2.121290 -0.561289 -1.853599 0.000000 0.000000 -0.000002
 32   -0.810489 -0.093824 3.127092 3.071592 -0.114878 1.239365
 33   14.298673 -0.408176 0.475484 0.000008 -0.000003 -1.896136
 34   15.835795 0.581398 0.242756 -0.214729 0.106889 -0.097869
 35   -0.815868 -0.091229 -3.114430 0.066464 3.132725 -1.010185
 36   14.294526 -0.410349 -0.463635 0.000021 -0.000024 -2.607695
 37   15.834409 0.579420 -0.284600 -0.006112 -0.035383 0.214458
 38   1.139685 -3.453749 -2.823813 0.000000 0.000000 0.000001
 39   -4.457742 -1.054854 -0.746180 0.000000 0.000000 0.000000
 40   1.118101 -3.449769 3.237290 0.000000 0.000001 0.000000
 41   -4.433840 -1.059130 0.959566 -0.000001 0.000000 0.000000
 42   -0.657468 1.697302 -2.688614 0.000000 0.000002 0.000000
 43   -0.664068 1.698578 2.869377 0.000000 0.000002 0.000000
time 35
  0   -0.967547 0.175787 -20.574476 0.000000 0.000000 -1.572114
  1   -1.093036 0.000002 -0.326057 -1.570757 -1.570379 -0.000171
  2   2.262337 0.113614 0.064702 -0.000052 0.000061 0.192406
  3   2.380047 0.353302 0.047440 0.000000 -0.000040 0.060890
  4   2.033756 0.190472 -0.000128 -0.171729 0.030045 0.171351
  5   2.451511 0.204909 -0.003447 -0.138715 0.014421 0.103433
  6   7.247600 -0.397300 -0.109469 0.000001 0.000009 0.052298
  7   -2.022252 -0.104661 3.136172 0.914491 -1.249872 -4.083650
  8   1.168026 -0.537438 -0.063437 0.014219 0.828592 -0.679290
  9   6.790376 -0.619176 0.015206 0.000342 -0.323241 -1.600893
 10   8.637599 0.544015 -0.090417 -1.810970 0.744670 -0.592982
 11   6.790465 -0.619039 0.017802 -0.053187 -0.243544 -1.124574
 12   -2.022474 -0.104699 -2.873818 0.839417 1.276034 -2.377419
 13   1.167898 -0.537463 0.063297 -1.142351 -1.002119 0.310029
 14   7.002743 -0.617765 -0.183752 0.000229 0.000250 -1.839129
 15   8.209042 0.615527 -0.255885 1.598132 0.255515 0.214563
 16   7.002735 -0.617911 -0.183641 0.013168 0.010300 -1.306017
 17   1.574674 0.609930 -0.000899 0.249408 -0.190392 0.382760
 18   -0.602177 0.511412 -0.000006 0.000000 0.000000 0.000000
 19   3.673773 0.177020 1.119313 -0.000002 -0.000014 -0.174510
 20   3.673767 0.176993 -1.117566 0.000007 -0.000003 -0.174546
 21   3.942357 1.330634 1.627658 0.000002 -0.000011 -0.000026
 22   -0.246060 -0.011889 0.516521 -0.000011 0.000031 0.000025
 23   3.942374 1.330659 -1.631083 0.000019 0.000002 -0.000024
 24   -0.246150 -0.011872 -0.516511 -0.000005 -0.000006 0.000048
 25   4.941364 1.997338 1.629330 0.000018 -0.000001 -0.000024
 26   4.941382 1.997366 -1.629410 -0.000001 0.000005 -0.000024
 27   2.918368 1.615358 1.514501 -0.000019 -0.000022 -0.000050
 28   2.920798 1.614964 -1.501142 -0.000002 -0.000009 -0.000024
 29   8.824059 0.150544 0.091743 0.000006 -0.000231 -0.174534
 30   2.111085 -0.561179 1.784320 -0.000008 -0.000682 0.000024
 31   2.121290 -0.561289 -1.853599 0.000000 0.000000 -0.000002
 32   -0.810489 -0.093824 3.127092 3.071592 -0.114878 1.239365
 33   14.298673 -0.408176 0.475484 0.000008 -0.000003 -1.896136
 34   15.835795 0.581398 0.242756 -0.214729 0.106889 -0.097869
 35   -0.815868 -0.091229 -3.114430 0.066464 3.132725 -1.010185
 36   14.294526 -0.410349 -0.463635 0.000021 -0.000024 -2.607695
 37   15.834409 0.579420 -0.284600 -0.006112 -0.035383 0.214458
 38   1.139685 -3.453749 -2.823813 0.000000 0.000000 0.000001
 39   -4.457742 -1.054854 -0.746180 0.000000 0.000000 0.000000
 40   1.118101 -3.449769 3.237290 0.000000 0.000001 0.000000
 41   -4.433840 -1.059130 0.959566 -0.000001 0.000000 0.000000
 42   -0.657468 1.697302 -2.688614 0.000000 0.000002 0.000000
 43   -0.664068 1.698578 2.869377 0.000000 0.000002 0.000000
time 36
  0   -0.967547 0.175787 -20.574476 0.000000 0.000000 -1.572114
  1   -1.093036 0.000002 -0.326057 -1.570757 -1.570379 -0.000171
  2   2.262337 0.113614 0.064702 -0.000052 0.000061 0.192406
  3   2.380047 0.353302 0.047440 0.000000 -0.000040 0.060890
  4   2.033756 0.190472 -0.000128 -0.171729 0.030045 0.171351
  5   2.451511 0.204909 -0.003447 -0.138715 0.014421 0.103433
  6   7.247600 -0.397300 -0.109469 0.000001 0.000009 0.052298
  7   -2.022252 -0.104661 3.136172 0.914491 -1.249872 -4.083650
  8   1.168026 -0.537438 -0.063437 0.204820 0.858479 -0.521139
  9   6.790376 -0.619176 0.015206 0.006833 -0.272718 -1.723754
 10   8.637599 0.544015 -0.090417 -1.491030 0.785919 -0.642104
 11   6.790465 -0.619039 0.017802 -0.042852 -0.209519 -1.213105
 12   -2.022474 -0.104699 -2.873818 0.839417 1.276034 -2.377419
 13   1.167898 -0.537463 0.063297 -1.142351 -1.002119 0.310029
 14   7.002743 -0.617765 -0.183752 0.000229 0.000250 -1.839129
 15   8.209042 0.615527 -0.255885 1.598132 0.255515 0.214563
 16   7.002735 -0.617911 -0.183641 0.013168 0.010300 -1.306017
 17   1.574674 0.609930 -0.000899 0.249408 -0.190392 0.382760
 18   -0.602177 0.511412 -0.000006 0.000000 0.000000 0.000000
 19   3.673773 0.177020 1.119313 -0.000002 -0.000014 -0.174510
 20   3.673767 0.176993 -1.117566 0.000007 -0.000003 -0.174546
 21   3.942357 1.330634 1.627658 0.000002 -0.000011 -0.000026
 22   -0.246060 -0.011889 0.516521 -0.000011 0.000031 0.000025
 23   3.942374 1.330659 -1.631083 0.000019 0.000002 -0.000024
 24   -0.246150 -0.011872 -0.516511 -0.000005 -0.000006 0.000048
 25   4.941364 1.997338 1.629330 0.000018 -0.000001 -0.000024
 26   4.941382 1.997366 -1.629410 -0.000001 0.000005 -0.000024
 27   2.918368 1.615358 1.514501 -0.000019 -0.000022 -0.000050
 28   2.920798 1.614964 -1.501142 -0.000002 -0.000009 -0.000024
 29   8.824059 0.150544 0.091743 0.000006 -0.000231 -0.174534
 30   2.111085 -0.561179 1.784320 -0.000008 -0.000682 0.000024
 31   2.121290 -0.561289 -1.853599 0.000000 0.000000 -0.000002
 32   -0.810489 -0.093824 3.127092 3.071592 -0.114878 1.239365
 33   14.298673 -0.408176 0.475484 0.000008 -0.000003 -1.896136
 34   15.835795 0.581398 0.242756 -0.214729 0.106889 -0.097869
 35   -0.815868 -0.091229 -3.114430 0.066464 3.132725 -1.010185
 36   14.294526 -0.410349 -0.463635 0.000021 -0.000024 -2.607695
 37   15.834409 0.579420 -0.284600 -0.006112 -0.035383 0.214458
 38   1.139685 -3.453749 -2.823813 0.000000 0.000000 0.000001
 39   -4.457742 -1.054854 -0.746180 0.000000 0.000000 0.000000
 40   1.118101 -3.449769 3.237290 0.000000 0.000001 0.000000
 41   -4.433840 -1.059130 0.959566 -0.000001 0.000000 0.000000
 42   -0.657468 1.697302 -2.688614 0.000000 0.000002 0.000000
 43   -0.664068 1.698578 2.869377 0.000000 0.000002 0.000000
time 37
  0   -0.967547 0.175787 -20.574476 0.000000 0.000000 -1.572114
  1   -1.093036 0.000002 -0.326057 -1.570757 -1.570379 -0.000171
  2   2.262337 0.113614 0.064702 -0.000052 0.000061 0.192406
  3   2.380047 0.353302 0.047440 0.000000 -0.000040 0.060890
  4   2.033756 0.190472 -0.000128 -0.171729 0.030045 0.171351
  5   2.451511 0.204909 -0.003447 -0.138715 0.014421 0.103433
  6   7.247600 -0.397300 -0.109469 0.000001 0.000009 0.052298
  7   -2.022252 -0.104661 3.136172 0.914491 -1.249872 -4.083650
  8   1.168026 -0.537438 -0.063437 0.405356 0.867133 -0.353689
  9   6.790376 -0.619176 0.015206 0.006944 -0.221796 -1.844804
 10   8.637599 0.544015 -0.090417 -1.157000 0.836037 -0.671982
 11   6.790465 -0.619039 0.017802 -0.035699 -0.173732 -1.300367
 12   -2.022474 -0.104699 -2.873818 0.839417 1.276034 -2.377419
 13   1.167898 -0.537463 0.063297 -1.142351 -1.002119 0.310029
 14   7.002743 -0.617765 -0.183752 0.000229 0.000250 -1.839129
 15   8.209042 0.615527 -0.255885 1.598132 0.255515 0.214563
 16   7.002735 -0.617911 -0.183641 0.013168 0.010300 -1.306017
 17   1.574674 0.609930 -0.000899 0.249408 -0.190392 0.382760
 18   -0.602177 0.511412 -0.000006 0.000000 0.000000 0.000000
 19   3.673773 0.177020 1.119313 -0.000002 -0.000014 -0.174510
 20   3.673767 0.176993 -1.117566 0.000007 -0.000003 -0.174546
 21   3.942357 1.330634 1.627658 0.000002 -0.000011 -0.000026
 22   -0.246060 -0.011889 0.516521 -0.000011 0.000031 0.000025
 23   3.942374 1.330659 -1.631083 0.000019 0.000002 -0.000024
 24   -0.246150 -0.011872 -0.516511 -0.000005 -0.000006 0.000048
 25   4.941364 1.997338 1.629330 0.000018 -0.000001 -0.000024
 26   4.941382 1.997366 -1.629410 -0.000001 0.000005 -0.000024
 27   2.918368 1.615358 1.514501 -0.000019 -0.000022 -0.000050
 28   2.920798 1.614964 -1.501142 -0.000002 -0.000009 -0.000024
 29   8.824059 0.150544 0.091743 0.000006 -0.000231 -0.174534
 30   2.111085 -0.561179 1.784320 -0.000008 -0.000682 0.000024
 31   2.121290 -0.561289 -1.853599 0.000000 0.000000 -0.000002
 32   -0.810489 -0.093824 3.127092 3.071592 -0.114878 1.239365
 33   14.298673 -0.408176 0.475484 0.000008 -0.000003 -1.896136
 34   15.835795 0.581398 0.242756 -0.214729 0.106889 -0.097869
 35   -0.815868 -0.091229 -3.114430 0.066464 3.132725 -1.010185
 36   14.294526 -0.410349 -0.463635 0.000021 -0.000024 -2.607695
 37   15.834409 0.579420 -0.284600 -0.006112 -0.035383 0.214458
 38   1.139685 -3.453749 -2.823813 0.000000 0.000000 0.000001
 39   -4.457742 -1.054854 -0.746180 0.000000 0.000000 0.000000
 40   1.118101 -3.449769 3.237290 0.000000 0.000001 0.000000
 41   -4.433840 -1.059130 0.959566 -0.000001 0.000000 0.000000
 42   -0.657468 1.697302 -2.688614 0.000000 0.000002 0.000000
 43   -0.664068 1.698578 2.869377 0.000000 0.000002 0.000000
time 38
  0   -0.967547 0.175787 -20.574476 0.000000 0.000000 -1.572114
  1   -1.093036 0.000002 -0.326057 -1.570757 -1.570379 -0.000171
  2   2.262337 0.113614 0.064702 -0.000052 0.000061 0.192406
  3   2.380047 0.353302 0.047440 0.000000 -0.000040 0.060890
  4   2.033756 0.190472 -0.000128 -0.171729 0.030045 0.171351
  5   2.451511 0.204909 -0.003447 -0.138715 0.014421 0.103433
  6   7.247600 -0.397300 -0.109469 0.000001 0.000009 0.052298
  7   -2.022252 -0.104661 3.136172 0.914491 -1.249872 -4.083650
  8   1.168026 -0.537438 -0.063437 0.405356 0.867133 -0.353689
  9   6.790376 -0.619176 0.015206 0.006944 -0.221796 -1.844804
 10   8.637599 0.544015 -0.090417 -1.157000 0.836037 -0.671982
 11   6.790465 -0.619039 0.017802 -0.035699 -0.173732 -1.300367
 12   -2.022474 -0.104699 -2.873818 0.839417 1.276034 -2.377419
 13   1.167898 -0.537463 0.063297 -1.142351 -1.002119 0.310029
 14   7.002743 -0.617765 -0.183752 0.000229 0.000250 -1.839129
 15   8.209042 0.615527 -0.255885 1.598132 0.255515 0.214563
 16   7.002735 -0.617911 -0.183641 0.013168 0.010300 -1.306017
 17   1.574674 0.609930 -0.000899 0.249408 -0.190392 0.382760
 18   -0.602177 0.511412 -0.000006 0.000000 0.000000 0.000000
 19   3.673773 0.177020 1.119313 -0.000002 -0.000014 -0.174510
 20   3.673767 0.176993 -1.117566 0.000007 -0.000003 -0.174546
 21   3.942357 1.330634 1.627658 0.000002 -0.000011 -0.000026
 22   -0.246060 -0.011889 0.516521 -0.000011 0.000031 0.000025
 23   3.942374 1.330659 -1.631083 0.000019 0.000002 -0.000024
 24   -0.246150 -0.011872 -0.516511 -0.000005 -0.000006 0.000048
 25   4.941364 1.997338 1.629330 0.000018 -0.000001 -0.000024
 26   4.941382 1.997366 -1.629410 -0.000001 0.000005 -0.000024
 27   2.918368 1.615358 1.514501 -0.000019 -0.000022 -0.000050
 28   2.920798 1.614964 -1.501142 -0.000002 -0.000009 -0.000024
 29   8.824059 0.150544 0.091743 0.000006 -0.000231 -0.174534
 30   2.111085 -0.561179 1.784320 -0.000008 -0.000682 0.000024
 31   2.121290 -0.561289 -1.853599 0.000000 0.000000 -0.000002
 32   -0.810489 -0.093824 3.127092 3.071592 -0.114878 1.239365
 33   14.298673 -0.408176 0.475484 0.000008 -0.000003 -1.896136
 34   15.835795 0.581398 0.242756 -0.214729 0.106889 -0.097869
 35   -0.815868 -0.091229 -3.114430 0.066464 3.132725 -1.010185
 36   14.294526 -0.410349 -0.463635 0.000021 -0.000024 -2.607695
 37   15.834409 0.579420 -0.284600 -0.006112 -0.035383 0.214458
 38   1.139685 -3.453749 -2.823813 0.000000 0.000000 0.000001
 39   -4.457742 -1.054854 -0.746180 0.000000 0.000000 0.000000
 40   1.118101 -3.449769 3.237290 0.000000 0.000001 0.000000
 41   -4.433840 -1.059130 0.959566 -0.000001 0.000000 0.000000
 42   -0.657468 1.697302 -2.688614 0.000000 0.000002 0.000000
 43   -0.664068 1.698578 2.869377 0.000000 0.000002 0.000000
time 39
  0   -0.967547 0.175787 -20.574476 0.000000 0.000000 -1.572114
  1   -1.093036 0.000002 -0.326057 -1.570757 -1.570379 -0.000171
  2   2.262337 0.113614 0.064702 -0.000052 0.000061 0.192406
  3   2.380047 0.353302 0.047440 0.000000 -0.000040 0.060890
  4   2.033756 0.190472 -0.000128 -0.171729 0.030045 0.171351
  5   2.451511 0.204909 -0.003447 -0.138715 0.014421 0.103433
  6   7.247600 -0.397300 -0.109469 0.000001 0.000009 0.052298
  7   -2.022252 -0.104661 3.136172 0.914491 -1.249872 -4.083650
  8   1.168026 -0.537438 -0.063437 0.405356 0.867133 -0.353689
  9   6.790376 -0.619176 0.015206 0.006944 -0.221796 -1.844804
 10   8.637599 0.544015 -0.090417 -1.157000 0.836037 -0.671982
 11   6.790465 -0.619039 0.017802 -0.035699 -0.173732 -1.300367
 12   -2.022474 -0.104699 -2.873818 0.839417 1.276034 -2.377419
 13   1.167898 -0.537463 0.063297 -1.142351 -1.002119 0.310029
 14   7.002743 -0.617765 -0.183752 0.000229 0.000250 -1.839129
 15   8.209042 0.615527 -0.255885 1.598132 0.255515 0.214563
 16   7.002735 -0.617911 -0.183641 0.013168 0.010300 -1.306017
 17   1.574674 0.609930 -0.000899 0.249408 -0.190392 0.382760
 18   -0.602177 0.511412 -0.000006 0.000000 0.000000 0.000000
 19   3.673773 0.177020 1.119313 -0.000002 -0.000014 -0.174510
 20   3.673767 0.176993 -1.117566 0.000007 -0.000003 -0.174546
 21   3.942357 1.330634 1.627658 0.000002 -0.000011 -0.000026
 22   -0.246060 -0.011889 0.516521 -0.000011 0.000031 0.000025
 23   3.942374 1.330659 -1.631083 0.000019 0.000002 -0.000024
 24   -0.246150 -0.011872 -0.516511 -0.000005 -0.000006 0.000048
 25   4.941364 1.997338 1.629330 0.000018 -0.000001 -0.000024
 26   4.941382 1.997366 -1.629410 -0.000001 0.000005 -0.000024
 27   2.918368 1.615358 1.514501 -0.000019 -0.000022 -0.000050
 28   2.920798 1.614964 -1.501142 -0.000002 -0.000009 -0.000024
 29   8.824059 0.150544 0.091743 0.000006 -0.000231 -0.174534
 30   2.111085 -0.561179 1.784320 -0.000008 -0.000682 0.000024
 31   2.121290 -0.561289 -1.853599 0.000000 0.000000 -0.000002
 32   -0.810489 -0.093824 3.127092 3.071592 -0.114878 1.239365
 33   14.298673 -0.408176 0.475484 0.000008 -0.000003 -1.896136
 34   15.835795 0.581398 0.242756 -0.214729 0.106889 -0.097869
 35   -0.815868 -0.091229 -3.114430 0.066464 3.132725 -1.010185
 36   14.294526 -0.410349 -0.463635 0.000021 -0.000024 -2.607695
 37   15.834409 0.579420 -0.284600 -0.006112 -0.035383 0.214458
 38   1.139685 -3.453749 -2.823813 0.000000 0.000000 0.000001
 39   -4.457742 -1.054854 -0.746180 0.000000 0.000000 0.000000
 40   1.118101 -3.449769 3.237290 0.000000 0.000001 0.000000
 41   -4.433840 -1.059130 0.959566 -0.000001 0.000000 0.000000
 42   -0.657468 1.697302 -2.688614 0.000000 0.000002 0.000000
 43   -0.664068 1.698578 2.869377 0.000000 0.000002 0.000000
end
