version 1
nodes
  0 "Bip01" -1
  1 "Bip01 Pelvis" 0
  2 "Bip01 Spine" 1
  3 "Bip01 Spine1" 2
  4 "Bip01 Spine2" 3
  5 "Bip01 Spine3" 4
  6 "Bip01 Neck" 5
  7 "Bip01 L Arm" 6
  8 "Bip01 L Arm1" 7
  9 "Bip01 L Arm2" 8
 10 "Bip01 L Hand" 9
 11 "Bip06 L elbow2-smooth" 8
 12 "Bip01 R Arm" 6
 13 "Bip01 R Arm1" 12
 14 "Bip01 R Arm2" 13
 15 "Bip01 R Hand" 14
 16 "Bip06 R elbow2-smooth" 13
 17 "Bip01 Head" 6
 18 "Bip06 Head_helper" 17
 19 "Bip06 Head_eyes_l" 18
 20 "Bip06 Head_eyes_r" 18
 21 "Bip06 Head_blink_l" 18
 22 "Bip06 Head_blink_smooth_l1" 21
 23 "Bip06 Head_blink_r" 18
 24 "Bip06 Head_blink_smooth_r1" 23
 25 "Bip06 Head_L_eyebrow" 18
 26 "Bip06 Head_R_eyebrow" 18
 27 "Bip06 Head_blink_l_lid" 18
 28 "Bip06 Head_blink_r_lid" 18
 29 "Bip06 bunny" 18
 30 "Bip06 bunnyL" 29
 31 "Bip06 bunnyR" 29
 32 "Bip01 L Leg" 1
 33 "Bip01 L Leg1" 32
 34 "Bip01 L Foot" 33
 35 "Bip01 R Leg" 1
 36 "Bip01 R Leg1" 35
 37 "Bip01 R Foot" 36
 38 "Bip03 HairR1" 17
 39 "Bip03 HairR2" 38
 40 "Bip03 HairL1" 17
 41 "Bip03 HairL2" 40
 42 "Bip03 swingR" 17
 43 "Bip03 swingL" 17
end
skeleton
time 0
  0   -0.967547 0.175787 -20.574476 0.000000 0.000000 -1.572114
  1   -1.093036 0.000002 -0.326057 -1.569027 -1.622749 -0.001768
  2   2.262337 0.113614 0.064702 0.156530 -0.101701 0.267147
  3   2.380047 0.353302 0.047440 0.067745 -0.046145 0.276781
  4   2.033756 0.190472 -0.000128 0.037392 -0.019751 -0.022027
  5   2.451511 0.204909 -0.003447 -0.206224 0.171767 -0.024084
  6   7.247600 -0.397300 -0.109469 0.056796 0.015853 0.258541
  7   -2.022252 -0.104661 3.136172 0.914971 -1.325829 -4.320312
  8   1.168026 -0.537438 -0.063437 -0.398686 0.631410 -0.758935
  9   6.790376 -0.619176 0.015206 0.106807 -0.059417 -1.179558
 10   8.637599 0.544015 -0.090417 -3.109398 -0.055669 0.573859
 11   6.790465 -0.619039 0.017802 0.069729 -0.066626 -0.840582
 12   -2.022474 -0.104699 -2.873818 -1.710297 1.469130 -5.017671
 13   1.167898 -0.537463 0.063297 -0.324759 -0.362693 -0.722876
 14   7.002743 -0.617765 -0.183752 -0.125876 0.036365 -2.089698
 15   8.209042 0.615527 -0.255885 3.042518 0.208682 1.005609
 16   7.002735 -0.617911 -0.183641 -0.071331 0.067365 -1.481254
 17   1.574674 0.609930 -0.000899 0.271546 -0.178464 0.378990
 18   -0.602177 0.511412 -0.000006 0.000000 0.000000 0.000000
 19   3.673773 0.177020 1.119313 -0.000002 -0.000014 -0.174510
 20   3.673767 0.176993 -1.117566 0.000007 -0.000003 -0.174546
 21   3.942357 1.330634 1.627658 0.000002 -0.000011 -0.000026
 22   -0.246060 -0.011889 0.516521 -0.000011 0.000031 0.000025
 23   3.942374 1.330659 -1.631083 0.000019 0.000002 -0.000024
 24   -0.246150 -0.011872 -0.516511 -0.000005 -0.000006 0.000048
 25   4.941364 1.997338 1.629330 0.000018 -0.000001 -0.000024
 26   4.941382 1.997366 -1.629410 -0.000001 0.000005 -0.000024
 27   2.918368 1.615358 1.514501 -0.000019 -0.000022 -0.000050
 28   2.920798 1.614964 -1.501142 -0.000002 -0.000009 -0.000024
 29   8.824059 0.150544 0.091743 0.000006 -0.000231 -0.174534
 30   2.111085 -0.561179 1.784320 -0.000008 -0.000682 0.000024
 31   2.121290 -0.561289 -1.853599 0.000000 0.000000 -0.000002
 32   -0.810489 -0.093824 3.127092 3.071872 -0.114782 1.239365
 33   14.298673 -0.408176 0.475484 0.000248 0.000062 -1.896136
 34   15.835795 0.581398 0.242756 -0.214729 0.106889 -0.097869
 35   -0.815868 -0.091229 -3.114430 0.066464 3.132725 -1.010185
 36   14.294526 -0.410349 -0.463635 0.000033 -0.000000 -2.607695
 37   15.834409 0.579420 -0.284600 -0.006092 -0.035255 0.214458
 38   1.139685 -3.453749 -2.823813 0.000000 0.000000 0.000001
 39   -4.457742 -1.054854 -0.746180 0.000000 0.000000 0.000000
 40   1.118101 -3.449769 3.237290 0.000000 0.000001 0.000000
 41   -4.433840 -1.059130 0.959566 -0.000001 0.000000 0.000000
 42   -0.657468 1.697302 -2.688614 0.000000 0.000002 0.000000
 43   -0.664068 1.698578 2.869377 0.000000 0.000002 0.000000
time 1
  0   -0.967547 0.175787 -20.574476 0.000000 0.000000 -1.572114
  1   -1.093036 0.000002 -0.326057 -1.569027 -1.622749 -0.001768
  2   2.262337 0.113614 0.064702 0.158542 -0.103750 0.268177
  3   2.380047 0.353302 0.047440 0.068855 -0.047583 0.275475
  4   2.033756 0.190472 -0.000128 0.038148 -0.019834 -0.024564
  5   2.451511 0.204909 -0.003447 -0.206532 0.177094 -0.027304
  6   7.247600 -0.397300 -0.109469 0.056796 0.015853 0.258541
  7   -2.022252 -0.104661 3.136172 0.969610 -1.328914 -4.371213
  8   1.168026 -0.537438 -0.063437 -0.383435 0.611939 -0.753874
  9   6.790376 -0.619176 0.015206 0.106419 -0.059150 -1.174049
 10   8.637599 0.544015 -0.090417 -3.075845 -0.094102 0.485237
 11   6.790465 -0.619039 0.017802 0.069496 -0.066313 -0.836661
 12   -2.022474 -0.104699 -2.873818 -1.625508 1.483265 -4.937248
 13   1.167898 -0.537463 0.063297 -0.299102 -0.400884 -0.724208
 14   7.002743 -0.617765 -0.183752 -0.125876 0.036365 -2.089863
 15   8.209042 0.615527 -0.255885 3.002468 0.229110 0.988049
 16   7.002735 -0.617911 -0.183641 -0.071378 0.067365 -1.481475
 17   1.574674 0.609930 -0.000899 0.272927 -0.188688 0.364908
 18   -0.602177 0.511412 -0.000006 0.000000 0.000000 0.000000
 19   3.673773 0.177020 1.119313 -0.000002 -0.000014 -0.174510
 20   3.673767 0.176993 -1.117566 0.000007 -0.000003 -0.174546
 21   3.942357 1.330634 1.627658 0.000002 -0.000011 -0.000026
 22   -0.246060 -0.011889 0.516521 -0.000011 0.000031 0.000025
 23   3.942374 1.330659 -1.631083 0.000019 0.000002 -0.000024
 24   -0.246150 -0.011872 -0.516511 -0.000005 -0.000006 0.000048
 25   4.941364 1.997338 1.629330 0.000018 -0.000001 -0.000024
 26   4.941382 1.997366 -1.629410 -0.000001 0.000005 -0.000024
 27   2.918368 1.615358 1.514501 -0.000019 -0.000022 -0.000050
 28   2.920798 1.614964 -1.501142 -0.000002 -0.000009 -0.000024
 29   8.824059 0.150544 0.091743 0.000006 -0.000231 -0.174534
 30   2.111085 -0.561179 1.784320 -0.000008 -0.000682 0.000024
 31   2.121290 -0.561289 -1.853599 0.000000 0.000000 -0.000002
 32   -0.810489 -0.093824 3.127092 3.071872 -0.114782 1.239365
 33   14.298673 -0.408176 0.475484 0.000248 0.000062 -1.896136
 34   15.835795 0.581398 0.242756 -0.214729 0.106889 -0.097869
 35   -0.815868 -0.091229 -3.114430 0.066464 3.132725 -1.010185
 36   14.294526 -0.410349 -0.463635 0.000033 -0.000000 -2.607695
 37   15.834409 0.579420 -0.284600 -0.006092 -0.035255 0.214458
 38   1.139685 -3.453749 -2.823813 0.000000 0.000000 0.000001
 39   -4.457742 -1.054854 -0.746180 0.000000 0.000000 0.000000
 40   1.118101 -3.449769 3.237290 0.000000 0.000001 0.000000
 41   -4.433840 -1.059130 0.959566 -0.000001 0.000000 0.000000
 42   -0.657468 1.697302 -2.688614 0.000000 0.000002 0.000000
 43   -0.664068 1.698578 2.869377 0.000000 0.000002 0.000000
time 2
  0   -0.967547 0.175787 -20.574476 0.000000 0.000000 -1.572114
  1   -1.093036 0.000002 -0.326057 -1.569027 -1.622749 -0.001768
  2   2.262337 0.113614 0.064702 0.161268 -0.105284 0.267834
  3   2.380047 0.353302 0.047440 0.070400 -0.048590 0.273965
  4   2.033756 0.190472 -0.000128 0.038775 -0.020206 -0.026594
  5   2.451511 0.204909 -0.003447 -0.206686 0.181402 -0.029632
  6   7.247600 -0.397300 -0.109469 0.056796 0.015853 0.258541
  7   -2.022252 -0.104661 3.136172 1.027125 -1.328712 -4.424556
  8   1.168026 -0.537438 -0.063437 -0.362616 0.584165 -0.738818
  9   6.790376 -0.619176 0.015206 0.107695 -0.059951 -1.193444
 10   8.637599 0.544015 -0.090417 -2.993240 -0.177726 0.408480
 11   6.790465 -0.619039 0.017802 0.070313 -0.067365 -0.850272
 12   -2.022474 -0.104699 -2.873818 -1.469630 1.492233 -4.783679
 13   1.167898 -0.537463 0.063297 -0.271266 -0.438667 -0.723663
 14   7.002743 -0.617765 -0.183752 -0.125876 0.036365 -2.089863
 15   8.209042 0.615527 -0.255885 2.961052 0.247798 0.968805
 16   7.002735 -0.617911 -0.183641 -0.071378 0.067365 -1.481475
 17   1.574674 0.609930 -0.000899 0.273698 -0.200663 0.352046
 18   -0.602177 0.511412 -0.000006 0.000000 0.000000 0.000000
 19   3.673773 0.177020 1.119313 -0.000002 -0.000014 -0.174510
 20   3.673767 0.176993 -1.117566 0.000007 -0.000003 -0.174546
 21   3.942357 1.330634 1.627658 0.000002 -0.000011 -0.000026
 22   -0.246060 -0.011889 0.516521 -0.000011 0.000031 0.000025
 23   3.942374 1.330659 -1.631083 0.000019 0.000002 -0.000024
 24   -0.246150 -0.011872 -0.516511 -0.000005 -0.000006 0.000048
 25   4.941364 1.997338 1.629330 0.000018 -0.000001 -0.000024
 26   4.941382 1.997366 -1.629410 -0.000001 0.000005 -0.000024
 27   2.918368 1.615358 1.514501 -0.000019 -0.000022 -0.000050
 28   2.920798 1.614964 -1.501142 -0.000002 -0.000009 -0.000024
 29   8.824059 0.150544 0.091743 0.000006 -0.000231 -0.174534
 30   2.111085 -0.561179 1.784320 -0.000008 -0.000682 0.000024
 31   2.121290 -0.561289 -1.853599 0.000000 0.000000 -0.000002
 32   -0.810489 -0.093824 3.127092 3.071872 -0.114782 1.239365
 33   14.298673 -0.408176 0.475484 0.000248 0.000062 -1.896136
 34   15.835795 0.581398 0.242756 -0.214729 0.106889 -0.097869
 35   -0.815868 -0.091229 -3.114430 0.066464 3.132725 -1.010185
 36   14.294526 -0.410349 -0.463635 0.000033 -0.000000 -2.607695
 37   15.834409 0.579420 -0.284600 -0.006092 -0.035255 0.214458
 38   1.139685 -3.453749 -2.823813 0.000000 0.000000 0.000001
 39   -4.457742 -1.054854 -0.746180 0.000000 0.000000 0.000000
 40   1.118101 -3.449769 3.237290 0.000000 0.000001 0.000000
 41   -4.433840 -1.059130 0.959566 -0.000001 0.000000 0.000000
 42   -0.657468 1.697302 -2.688614 0.000000 0.000002 0.000000
 43   -0.664068 1.698578 2.869377 0.000000 0.000002 0.000000
time 3
  0   -0.967547 0.175787 -20.574476 0.000000 0.000000 -1.572114
  1   -1.093036 0.000002 -0.326057 -1.569027 -1.622749 -0.001768
  2   2.262337 0.113614 0.064702 0.164223 -0.105464 0.266370
  3   2.380047 0.353302 0.047440 0.072290 -0.048697 0.272720
  4   2.033756 0.190472 -0.000128 0.039402 -0.020182 -0.027319
  5   2.451511 0.204909 -0.003447 -0.206378 0.183321 -0.030672
  6   7.247600 -0.397300 -0.109469 0.056796 0.015853 0.258541
  7   -2.022252 -0.104661 3.136172 1.064797 -1.326838 -4.456487
  8   1.168026 -0.537438 -0.063437 -0.335089 0.569675 -0.694852
  9   6.790376 -0.619176 0.015206 0.112577 -0.062954 -1.261591
 10   8.637599 0.544015 -0.090417 -2.779771 -0.272401 0.327454
 11   6.790465 -0.619039 0.017802 0.073291 -0.070975 -0.897854
 12   -2.022474 -0.104699 -2.873818 -1.272938 1.493104 -4.586931
 13   1.167898 -0.537463 0.063297 -0.244835 -0.470451 -0.724571
 14   7.002743 -0.617765 -0.183752 -0.125819 0.036365 -2.088873
 15   8.209042 0.615527 -0.255885 2.936029 0.268377 0.954372
 16   7.002735 -0.617911 -0.183641 -0.071284 0.067252 -1.480702
 17   1.574674 0.609930 -0.000899 0.273780 -0.215219 0.343693
 18   -0.602177 0.511412 -0.000006 0.000000 0.000000 0.000000
 19   3.673773 0.177020 1.119313 -0.000002 -0.000014 -0.174510
 20   3.673767 0.176993 -1.117566 0.000007 -0.000003 -0.174546
 21   3.942357 1.330634 1.627658 0.000002 -0.000011 -0.000026
 22   -0.246060 -0.011889 0.516521 -0.000011 0.000031 0.000025
 23   3.942374 1.330659 -1.631083 0.000019 0.000002 -0.000024
 24   -0.246150 -0.011872 -0.516511 -0.000005 -0.000006 0.000048
 25   4.941364 1.997338 1.629330 0.000018 -0.000001 -0.000024
 26   4.941382 1.997366 -1.629410 -0.000001 0.000005 -0.000024
 27   2.918368 1.615358 1.514501 -0.000019 -0.000022 -0.000050
 28   2.920798 1.614964 -1.501142 -0.000002 -0.000009 -0.000024
 29   8.824059 0.150544 0.091743 0.000006 -0.000231 -0.174534
 30   2.111085 -0.561179 1.784320 -0.000008 -0.000682 0.000024
 31   2.121290 -0.561289 -1.853599 0.000000 0.000000 -0.000002
 32   -0.810489 -0.093824 3.127092 3.071872 -0.114782 1.239365
 33   14.298673 -0.408176 0.475484 0.000248 0.000062 -1.896136
 34   15.835795 0.581398 0.242756 -0.214729 0.106889 -0.097869
 35   -0.815868 -0.091229 -3.114430 0.066464 3.132725 -1.010185
 36   14.294526 -0.410349 -0.463635 0.000033 -0.000000 -2.607695
 37   15.834409 0.579420 -0.284600 -0.006092 -0.035255 0.214458
 38   1.139685 -3.453749 -2.823813 0.000000 0.000000 0.000001
 39   -4.457742 -1.054854 -0.746180 0.000000 0.000000 0.000000
 40   1.118101 -3.449769 3.237290 0.000000 0.000001 0.000000
 41   -4.433840 -1.059130 0.959566 -0.000001 0.000000 0.000000
 42   -0.657468 1.697302 -2.688614 0.000000 0.000002 0.000000
 43   -0.664068 1.698578 2.869377 0.000000 0.000002 0.000000
time 4
  0   -0.967547 0.175787 -20.574476 0.000000 0.000000 -1.572114
  1   -1.093036 0.000002 -0.326057 -1.569027 -1.622749 -0.001768
  2   2.262337 0.113614 0.064702 0.166503 -0.105092 0.265340
  3   2.380047 0.353302 0.047440 0.074000 -0.048122 0.271700
  4   2.033756 0.190472 -0.000128 0.039937 -0.019930 -0.027500
  5   2.451511 0.204909 -0.003447 -0.206053 0.184483 -0.031118
  6   7.247600 -0.397300 -0.109469 0.056796 0.015853 0.258541
  7   -2.022252 -0.104661 3.136172 1.061346 -1.330038 -4.445217
  8   1.168026 -0.537438 -0.063437 -0.265164 0.574253 -0.628239
  9   6.790376 -0.619176 0.015206 0.121565 -0.067159 -1.382490
 10   8.637599 0.544015 -0.090417 -2.459039 -0.466045 0.273775
 11   6.790465 -0.619039 0.017802 0.078955 -0.077058 -0.982463
 12   -2.022474 -0.104699 -2.873818 -1.111215 1.490434 -4.425225
 13   1.167898 -0.537463 0.063297 -0.220584 -0.498013 -0.726569
 14   7.002743 -0.617765 -0.183752 -0.125819 0.036365 -2.088543
 15   8.209042 0.615527 -0.255885 2.915897 0.286384 0.944089
 16   7.002735 -0.617911 -0.183641 -0.071284 0.067252 -1.480371
 17   1.574674 0.609930 -0.000899 0.275283 -0.231194 0.337816
 18   -0.602177 0.511412 -0.000006 0.000000 0.000000 0.000000
 19   3.673773 0.177020 1.119313 -0.000002 -0.000014 -0.174510
 20   3.673767 0.176993 -1.117566 0.000007 -0.000003 -0.174546
 21   3.942357 1.330634 1.627658 0.000002 -0.000011 -0.000026
 22   -0.246060 -0.011889 0.516521 -0.000011 0.000031 0.000025
 23   3.942374 1.330659 -1.631083 0.000019 0.000002 -0.000024
 24   -0.246150 -0.011872 -0.516511 -0.000005 -0.000006 0.000048
 25   4.941364 1.997338 1.629330 0.000018 -0.000001 -0.000024
 26   4.941382 1.997366 -1.629410 -0.000001 0.000005 -0.000024
 27   2.918368 1.615358 1.514501 -0.000019 -0.000022 -0.000050
 28   2.920798 1.614964 -1.501142 -0.000002 -0.000009 -0.000024
 29   8.824059 0.150544 0.091743 0.000006 -0.000231 -0.174534
 30   2.111085 -0.561179 1.784320 -0.000008 -0.000682 0.000024
 31   2.121290 -0.561289 -1.853599 0.000000 0.000000 -0.000002
 32   -0.810489 -0.093824 3.127092 3.071872 -0.114782 1.239365
 33   14.298673 -0.408176 0.475484 0.000248 0.000062 -1.896136
 34   15.835795 0.581398 0.242756 -0.214729 0.106889 -0.097869
 35   -0.815868 -0.091229 -3.114430 0.066464 3.132725 -1.010185
 36   14.294526 -0.410349 -0.463635 0.000033 -0.000000 -2.607695
 37   15.834409 0.579420 -0.284600 -0.006092 -0.035255 0.214458
 38   1.139685 -3.453749 -2.823813 0.000000 0.000000 0.000001
 39   -4.457742 -1.054854 -0.746180 0.000000 0.000000 0.000000
 40   1.118101 -3.449769 3.237290 0.000000 0.000001 0.000000
 41   -4.433840 -1.059130 0.959566 -0.000001 0.000000 0.000000
 42   -0.657468 1.697302 -2.688614 0.000000 0.000002 0.000000
 43   -0.664068 1.698578 2.869377 0.000000 0.000002 0.000000
time 5
  0   -0.967547 0.175787 -20.574476 0.000000 0.000000 -1.572114
  1   -1.093036 0.000002 -0.326057 -1.569027 -1.622749 -0.001768
  2   2.262337 0.113614 0.064702 0.167917 -0.104073 0.264653
  3   2.380047 0.353302 0.047440 0.075065 -0.047128 0.271149
  4   2.033756 0.190472 -0.000128 0.040564 -0.017677 -0.027754
  5   2.451511 0.204909 -0.003447 -0.205659 0.182851 -0.030994
  6   7.247600 -0.397300 -0.109469 0.056796 0.015853 0.258541
  7   -2.022252 -0.104661 3.136172 1.020414 -1.333555 -4.397039
  8   1.168026 -0.537438 -0.063437 -0.187329 0.595536 -0.570925
  9   6.790376 -0.619176 0.015206 0.130941 -0.070295 -1.502936
 10   8.637599 0.544015 -0.090417 -2.206205 -0.634489 0.299819
 11   6.790465 -0.619039 0.017802 0.085057 -0.082743 -1.066668
 12   -2.022474 -0.104699 -2.873818 -1.014737 1.487270 -4.329388
 13   1.167898 -0.537463 0.063297 -0.198933 -0.520948 -0.728869
 14   7.002743 -0.617765 -0.183752 -0.125705 0.036365 -2.087553
 15   8.209042 0.615527 -0.255885 2.886488 0.302424 0.930738
 16   7.002735 -0.617911 -0.183641 -0.071190 0.067252 -1.479764
 17   1.574674 0.609930 -0.000899 0.279913 -0.246885 0.334452
 18   -0.602177 0.511412 -0.000006 0.000000 0.000000 0.000000
 19   3.673773 0.177020 1.119313 -0.000002 -0.000014 -0.174510
 20   3.673767 0.176993 -1.117566 0.000007 -0.000003 -0.174546
 21   3.942357 1.330634 1.627658 0.000002 -0.000011 -0.000026
 22   -0.246060 -0.011889 0.516521 -0.000011 0.000031 0.000025
 23   3.942374 1.330659 -1.631083 0.000019 0.000002 -0.000024
 24   -0.246150 -0.011872 -0.516511 -0.000005 -0.000006 0.000048
 25   4.941364 1.997338 1.629330 0.000018 -0.000001 -0.000024
 26   4.941382 1.997366 -1.629410 -0.000001 0.000005 -0.000024
 27   2.918368 1.615358 1.514501 -0.000019 -0.000022 -0.000050
 28   2.920798 1.614964 -1.501142 -0.000002 -0.000009 -0.000024
 29   8.824059 0.150544 0.091743 0.000006 -0.000231 -0.174534
 30   2.111085 -0.561179 1.784320 -0.000008 -0.000682 0.000024
 31   2.121290 -0.561289 -1.853599 0.000000 0.000000 -0.000002
 32   -0.810489 -0.093824 3.127092 3.071872 -0.114782 1.239365
 33   14.298673 -0.408176 0.475484 0.000248 0.000062 -1.896136
 34   15.835795 0.581398 0.242756 -0.214729 0.106889 -0.097869
 35   -0.815868 -0.091229 -3.114430 0.066464 3.132725 -1.010185
 36   14.294526 -0.410349 -0.463635 0.000033 -0.000000 -2.607695
 37   15.834409 0.579420 -0.284600 -0.006092 -0.035255 0.214458
 38   1.139685 -3.453749 -2.823813 0.000000 0.000000 0.000001
 39   -4.457742 -1.054854 -0.746180 0.000000 0.000000 0.000000
 40   1.118101 -3.449769 3.237290 0.000000 0.000001 0.000000
 41   -4.433840 -1.059130 0.959566 -0.000001 0.000000 0.000000
 42   -0.657468 1.697302 -2.688614 0.000000 0.000002 0.000000
 43   -0.664068 1.698578 2.869377 0.000000 0.000002 0.000000
time 6
  0   -0.967547 0.175787 -20.574476 0.000000 0.000000 -1.572114
  1   -1.093036 0.000002 -0.326057 -1.569027 -1.622749 -0.001768
  2   2.262337 0.113614 0.064702 0.167382 -0.102611 0.264075
  3   2.380047 0.353302 0.047440 0.075320 -0.045558 0.270802
  4   2.033756 0.190472 -0.000128 0.041283 -0.012176 -0.027899
  5   2.451511 0.204909 -0.003447 -0.205180 0.177734 -0.030003
  6   7.247600 -0.397300 -0.109469 0.056796 0.015853 0.258541
  7   -2.022252 -0.104661 3.136172 0.992041 -1.340185 -4.368114
  8   1.168026 -0.537438 -0.063437 -0.158916 0.655159 -0.550998
  9   6.790376 -0.619176 0.015206 0.136877 -0.071697 -1.576668
 10   8.637599 0.544015 -0.090417 -2.017394 -0.694532 0.237892
 11   6.790465 -0.619039 0.017802 0.089057 -0.086012 -1.118172
 12   -2.022474 -0.104699 -2.873818 -1.047983 1.487996 -4.365769
 13   1.167898 -0.537463 0.063297 -0.179180 -0.540475 -0.734983
 14   7.002743 -0.617765 -0.183752 -0.125649 0.036365 -2.087058
 15   8.209042 0.615527 -0.255885 2.867506 0.315740 0.924063
 16   7.002735 -0.617911 -0.183641 -0.071143 0.067252 -1.479378
 17   1.574674 0.609930 -0.000899 0.286859 -0.262860 0.333381
 18   -0.602177 0.511412 -0.000006 0.000000 0.000000 0.000000
 19   3.673773 0.177020 1.119313 -0.000002 -0.000014 -0.174510
 20   3.673767 0.176993 -1.117566 0.000007 -0.000003 -0.174546
 21   3.942357 1.330634 1.627658 0.000002 -0.000011 -0.000026
 22   -0.246060 -0.011889 0.516521 -0.000011 0.000031 0.000025
 23   3.942374 1.330659 -1.631083 0.000019 0.000002 -0.000024
 24   -0.246150 -0.011872 -0.516511 -0.000005 -0.000006 0.000048
 25   4.941364 1.997338 1.629330 0.000018 -0.000001 -0.000024
 26   4.941382 1.997366 -1.629410 -0.000001 0.000005 -0.000024
 27   2.918368 1.615358 1.514501 -0.000019 -0.000022 -0.000050
 28   2.920798 1.614964 -1.501142 -0.000002 -0.000009 -0.000024
 29   8.824059 0.150544 0.091743 0.000006 -0.000231 -0.174534
 30   2.111085 -0.561179 1.784320 -0.000008 -0.000682 0.000024
 31   2.121290 -0.561289 -1.853599 0.000000 0.000000 -0.000002
 32   -0.810489 -0.093824 3.127092 3.071872 -0.114782 1.239365
 33   14.298673 -0.408176 0.475484 0.000248 0.000062 -1.896136
 34   15.835795 0.581398 0.242756 -0.214729 0.106889 -0.097869
 35   -0.815868 -0.091229 -3.114430 0.066464 3.132725 -1.010185
 36   14.294526 -0.410349 -0.463635 0.000033 -0.000000 -2.607695
 37   15.834409 0.579420 -0.284600 -0.006092 -0.035255 0.214458
 38   1.139685 -3.453749 -2.823813 0.000000 0.000000 0.000001
 39   -4.457742 -1.054854 -0.746180 0.000000 0.000000 0.000000
 40   1.118101 -3.449769 3.237290 0.000000 0.000001 0.000000
 41   -4.433840 -1.059130 0.959566 -0.000001 0.000000 0.000000
 42   -0.657468 1.697302 -2.688614 0.000000 0.000002 0.000000
 43   -0.664068 1.698578 2.869377 0.000000 0.000002 0.000000
time 7
  0   -0.967547 0.175787 -20.574476 0.000000 0.000000 -1.572114
  1   -1.093036 0.000002 -0.326057 -1.569027 -1.622749 -0.001768
  2   2.262337 0.113614 0.064702 0.164465 -0.100730 0.264834
  3   2.380047 0.353302 0.047440 0.074120 -0.043712 0.270904
  4   2.033756 0.190472 -0.000128 0.041191 -0.009096 -0.028370
  5   2.451511 0.204909 -0.003447 -0.205488 0.175579 -0.029830
  6   7.247600 -0.397300 -0.109469 0.056796 0.015853 0.258541
  7   -2.022252 -0.104661 3.136172 0.919955 -1.341367 -4.294956
  8   1.168026 -0.537438 -0.063437 -0.178533 0.708190 -0.571431
  9   6.790376 -0.619176 0.015206 0.138486 -0.072031 -1.597723
 10   8.637599 0.544015 -0.090417 -1.850687 -0.711989 0.092480
 11   6.790465 -0.619039 0.017802 0.090196 -0.086893 -1.132994
 12   -2.022474 -0.104699 -2.873818 -1.016175 1.489476 -4.334654
 13   1.167898 -0.537463 0.063297 -0.166598 -0.546323 -0.742005
 14   7.002743 -0.617765 -0.183752 -0.125705 0.036365 -2.087223
 15   8.209042 0.615527 -0.255885 2.847086 0.322852 0.915042
 16   7.002735 -0.617911 -0.183641 -0.071190 0.067252 -1.479543
 17   1.574674 0.609930 -0.000899 0.295065 -0.279521 0.338149
 18   -0.602177 0.511412 -0.000006 0.000000 0.000000 0.000000
 19   3.673773 0.177020 1.119313 -0.000002 -0.000014 -0.174510
 20   3.673767 0.176993 -1.117566 0.000007 -0.000003 -0.174546
 21   3.942357 1.330634 1.627658 0.000002 -0.000011 -0.000026
 22   -0.246060 -0.011889 0.516521 -0.000011 0.000031 0.000025
 23   3.942374 1.330659 -1.631083 0.000019 0.000002 -0.000024
 24   -0.246150 -0.011872 -0.516511 -0.000005 -0.000006 0.000048
 25   4.941364 1.997338 1.629330 0.000018 -0.000001 -0.000024
 26   4.941382 1.997366 -1.629410 -0.000001 0.000005 -0.000024
 27   2.918368 1.615358 1.514501 -0.000019 -0.000022 -0.000050
 28   2.920798 1.614964 -1.501142 -0.000002 -0.000009 -0.000024
 29   8.824059 0.150544 0.091743 0.000006 -0.000231 -0.174534
 30   2.111085 -0.561179 1.784320 -0.000008 -0.000682 0.000024
 31   2.121290 -0.561289 -1.853599 0.000000 0.000000 -0.000002
 32   -0.810489 -0.093824 3.127092 3.071872 -0.114782 1.239365
 33   14.298673 -0.408176 0.475484 0.000248 0.000062 -1.896136
 34   15.835795 0.581398 0.242756 -0.214729 0.106889 -0.097869
 35   -0.815868 -0.091229 -3.114430 0.066464 3.132725 -1.010185
 36   14.294526 -0.410349 -0.463635 0.000033 -0.000000 -2.607695
 37   15.834409 0.579420 -0.284600 -0.006092 -0.035255 0.214458
 38   1.139685 -3.453749 -2.823813 0.000000 0.000000 0.000001
 39   -4.457742 -1.054854 -0.746180 0.000000 0.000000 0.000000
 40   1.118101 -3.449769 3.237290 0.000000 0.000001 0.000000
 41   -4.433840 -1.059130 0.959566 -0.000001 0.000000 0.000000
 42   -0.657468 1.697302 -2.688614 0.000000 0.000002 0.000000
 43   -0.664068 1.698578 2.869377 0.000000 0.000002 0.000000
time 8
  0   -0.967547 0.175787 -20.574476 0.000000 0.000000 -1.572114
  1   -1.093036 0.000002 -0.326057 -1.569027 -1.622749 -0.001768
  2   2.262337 0.113614 0.064702 0.161510 -0.099352 0.266569
  3   2.380047 0.353302 0.047440 0.071930 -0.042166 0.271516
  4   2.033756 0.190472 -0.000128 0.040435 -0.007922 -0.029095
  5   2.451511 0.204909 -0.003447 -0.206515 0.176389 -0.030697
  6   7.247600 -0.397300 -0.109469 0.056796 0.015853 0.258541
  7   -2.022252 -0.104661 3.136172 0.866371 -1.336236 -4.239734
  8   1.168026 -0.537438 -0.063437 -0.230170 0.718555 -0.608565
  9   6.790376 -0.619176 0.015206 0.137654 -0.071764 -1.586554
 10   8.637599 0.544015 -0.090417 -1.805950 -0.623649 0.004799
 11   6.790465 -0.619039 0.017802 0.089583 -0.086438 -1.125266
 12   -2.022474 -0.104699 -2.873818 -0.993277 1.495106 -4.310431
 13   1.167898 -0.537463 0.063297 -0.156264 -0.546374 -0.746182
 14   7.002743 -0.617765 -0.183752 -0.126218 0.036309 -2.092833
 15   8.209042 0.615527 -0.255885 2.821273 0.321566 0.905300
 16   7.002735 -0.617911 -0.183641 -0.071567 0.067421 -1.483462
 17   1.574674 0.609930 -0.000899 0.303920 -0.296065 0.348719
 18   -0.602177 0.511412 -0.000006 0.000000 0.000000 0.000000
 19   3.673773 0.177020 1.119313 -0.000002 -0.000014 -0.174510
 20   3.673767 0.176993 -1.117566 0.000007 -0.000003 -0.174546
 21   3.942357 1.330634 1.627658 0.000002 -0.000011 -0.000026
 22   -0.246060 -0.011889 0.516521 -0.000011 0.000031 0.000025
 23   3.942374 1.330659 -1.631083 0.000019 0.000002 -0.000024
 24   -0.246150 -0.011872 -0.516511 -0.000005 -0.000006 0.000048
 25   4.941364 1.997338 1.629330 0.000018 -0.000001 -0.000024
 26   4.941382 1.997366 -1.629410 -0.000001 0.000005 -0.000024
 27   2.918368 1.615358 1.514501 -0.000019 -0.000022 -0.000050
 28   2.920798 1.614964 -1.501142 -0.000002 -0.000009 -0.000024
 29   8.824059 0.150544 0.091743 0.000006 -0.000231 -0.174534
 30   2.111085 -0.561179 1.784320 -0.000008 -0.000682 0.000024
 31   2.121290 -0.561289 -1.853599 0.000000 0.000000 -0.000002
 32   -0.810489 -0.093824 3.127092 3.071872 -0.114782 1.239365
 33   14.298673 -0.408176 0.475484 0.000248 0.000062 -1.896136
 34   15.835795 0.581398 0.242756 -0.214729 0.106889 -0.097869
 35   -0.815868 -0.091229 -3.114430 0.066464 3.132725 -1.010185
 36   14.294526 -0.410349 -0.463635 0.000033 -0.000000 -2.607695
 37   15.834409 0.579420 -0.284600 -0.006092 -0.035255 0.214458
 38   1.139685 -3.453749 -2.823813 0.000000 0.000000 0.000001
 39   -4.457742 -1.054854 -0.746180 0.000000 0.000000 0.000000
 40   1.118101 -3.449769 3.237290 0.000000 0.000001 0.000000
 41   -4.433840 -1.059130 0.959566 -0.000001 0.000000 0.000000
 42   -0.657468 1.697302 -2.688614 0.000000 0.000002 0.000000
 43   -0.664068 1.698578 2.869377 0.000000 0.000002 0.000000
time 9
  0   -0.967547 0.175787 -20.574476 0.000000 0.000000 -1.572114
  1   -1.093036 0.000002 -0.326057 -1.569027 -1.622749 -0.001768
  2   2.262337 0.113614 0.064702 0.156212 -0.097338 0.268936
  3   2.380047 0.353302 0.047440 0.068660 -0.041387 0.272557
  4   2.033756 0.190472 -0.000128 0.039402 -0.007610 -0.029965
  5   2.451511 0.204909 -0.003447 -0.208004 0.181193 -0.032480
  6   7.247600 -0.397300 -0.109469 0.056796 0.015853 0.258541
  7   -2.022252 -0.104661 3.136172 0.855635 -1.330413 -4.234851
  8   1.168026 -0.537438 -0.063437 -0.249154 0.694555 -0.637728
  9   6.790376 -0.619176 0.015206 0.135823 -0.071497 -1.564593
 10   8.637599 0.544015 -0.090417 -1.841352 -0.565929 -0.028552
 11   6.790465 -0.619039 0.017802 0.088386 -0.085443 -1.109694
 12   -2.022474 -0.104699 -2.873818 -0.991552 1.506542 -4.310431
 13   1.167898 -0.537463 0.063297 -0.148743 -0.545255 -0.753325
 14   7.002743 -0.617765 -0.183752 -0.126503 0.036309 -2.096216
 15   8.209042 0.615527 -0.255885 2.792080 0.330039 0.902173
 16   7.002735 -0.617911 -0.183641 -0.071802 0.067534 -1.485780
 17   1.574674 0.609930 -0.000899 0.311475 -0.316584 0.366609
 18   -0.602177 0.511412 -0.000006 0.000000 0.000000 0.000000
 19   3.673773 0.177020 1.119313 -0.000002 -0.000014 -0.174510
 20   3.673767 0.176993 -1.117566 0.000007 -0.000003 -0.174546
 21   3.942357 1.330634 1.627658 0.000002 -0.000011 -0.000026
 22   -0.246060 -0.011889 0.516521 -0.000011 0.000031 0.000025
 23   3.942374 1.330659 -1.631083 0.000019 0.000002 -0.000024
 24   -0.246150 -0.011872 -0.516511 -0.000005 -0.000006 0.000048
 25   4.941364 1.997338 1.629330 0.000018 -0.000001 -0.000024
 26   4.941382 1.997366 -1.629410 -0.000001 0.000005 -0.000024
 27   2.918368 1.615358 1.514501 -0.000019 -0.000022 -0.000050
 28   2.920798 1.614964 -1.501142 -0.000002 -0.000009 -0.000024
 29   8.824059 0.150544 0.091743 0.000006 -0.000231 -0.174534
 30   2.111085 -0.561179 1.784320 -0.000008 -0.000682 0.000024
 31   2.121290 -0.561289 -1.853599 0.000000 0.000000 -0.000002
 32   -0.810489 -0.093824 3.127092 3.071872 -0.114782 1.239365
 33   14.298673 -0.408176 0.475484 0.000248 0.000062 -1.896136
 34   15.835795 0.581398 0.242756 -0.214729 0.106889 -0.097869
 35   -0.815868 -0.091229 -3.114430 0.066464 3.132725 -1.010185
 36   14.294526 -0.410349 -0.463635 0.000033 -0.000000 -2.607695
 37   15.834409 0.579420 -0.284600 -0.006092 -0.035255 0.214458
 38   1.139685 -3.453749 -2.823813 0.000000 0.000000 0.000001
 39   -4.457742 -1.054854 -0.746180 0.000000 0.000000 0.000000
 40   1.118101 -3.449769 3.237290 0.000000 0.000001 0.000000
 41   -4.433840 -1.059130 0.959566 -0.000001 0.000000 0.000000
 42   -0.657468 1.697302 -2.688614 0.000000 0.000002 0.000000
 43   -0.664068 1.698578 2.869377 0.000000 0.000002 0.000000
time 10
  0   -0.967547 0.175787 -20.574476 0.000000 0.000000 -1.572114
  1   -1.093036 0.000002 -0.326057 -1.569027 -1.622749 -0.001768
  2   2.262337 0.113614 0.064702 0.149957 -0.094797 0.270255
  3   2.380047 0.353302 0.047440 0.064939 -0.040368 0.273516
  4   2.033756 0.190472 -0.000128 0.038240 -0.007502 -0.029965
  5   2.451511 0.204909 -0.003447 -0.209904 0.189196 -0.034263
  6   7.247600 -0.397300 -0.109469 0.056796 0.015853 0.258541
  7   -2.022252 -0.104661 3.136172 0.899921 -1.328337 -4.288476
  8   1.168026 -0.537438 -0.063437 -0.234916 0.674530 -0.647470
  9   6.790376 -0.619176 0.015206 0.133160 -0.070829 -1.530557
 10   8.637599 0.544015 -0.090417 -1.922107 -0.523202 -0.054162
 11   6.790465 -0.619039 0.017802 0.086546 -0.084022 -1.085931
 12   -2.022474 -0.104699 -2.873818 -1.075288 1.519080 -4.399757
 13   1.167898 -0.537463 0.063297 -0.142627 -0.545001 -0.762587
 14   7.002743 -0.617765 -0.183752 -0.126503 0.036309 -2.096381
 15   8.209042 0.615527 -0.255885 2.764325 0.344188 0.896640
 16   7.002735 -0.617911 -0.183641 -0.071802 0.067534 -1.485946
 17   1.574674 0.609930 -0.000899 0.316715 -0.343493 0.391964
 18   -0.602177 0.511412 -0.000006 0.000000 0.000000 0.000000
 19   3.673773 0.177020 1.119313 -0.000002 -0.000014 -0.174510
 20   3.673767 0.176993 -1.117566 0.000007 -0.000003 -0.174546
 21   3.942357 1.330634 1.627658 0.000002 -0.000011 -0.000026
 22   -0.246060 -0.011889 0.516521 -0.000011 0.000031 0.000025
 23   3.942374 1.330659 -1.631083 0.000019 0.000002 -0.000024
 24   -0.246150 -0.011872 -0.516511 -0.000005 -0.000006 0.000048
 25   4.941364 1.997338 1.629330 0.000018 -0.000001 -0.000024
 26   4.941382 1.997366 -1.629410 -0.000001 0.000005 -0.000024
 27   2.918368 1.615358 1.514501 -0.000019 -0.000022 -0.000050
 28   2.920798 1.614964 -1.501142 -0.000002 -0.000009 -0.000024
 29   8.824059 0.150544 0.091743 0.000006 -0.000231 -0.174534
 30   2.111085 -0.561179 1.784320 -0.000008 -0.000682 0.000024
 31   2.121290 -0.561289 -1.853599 0.000000 0.000000 -0.000002
 32   -0.810489 -0.093824 3.127092 3.071872 -0.114782 1.239365
 33   14.298673 -0.408176 0.475484 0.000248 0.000062 -1.896136
 34   15.835795 0.581398 0.242756 -0.214729 0.106889 -0.097869
 35   -0.815868 -0.091229 -3.114430 0.066464 3.132725 -1.010185
 36   14.294526 -0.410349 -0.463635 0.000033 -0.000000 -2.607695
 37   15.834409 0.579420 -0.284600 -0.006092 -0.035255 0.214458
 38   1.139685 -3.453749 -2.823813 0.000000 0.000000 0.000001
 39   -4.457742 -1.054854 -0.746180 0.000000 0.000000 0.000000
 40   1.118101 -3.449769 3.237290 0.000000 0.000001 0.000000
 41   -4.433840 -1.059130 0.959566 -0.000001 0.000000 0.000000
 42   -0.657468 1.697302 -2.688614 0.000000 0.000002 0.000000
 43   -0.664068 1.698578 2.869377 0.000000 0.000002 0.000000
time 11
  0   -0.967547 0.175787 -20.574476 0.000000 0.000000 -1.572114
  1   -1.093036 0.000002 -0.326057 -1.569027 -1.622749 -0.001768
  2   2.262337 0.113614 0.064702 0.140519 -0.091705 0.271701
  3   2.380047 0.353302 0.047440 0.060889 -0.039385 0.272414
  4   2.033756 0.190472 -0.000128 0.036820 -0.008054 -0.031270
  5   2.451511 0.204909 -0.003447 -0.212198 0.199980 -0.037433
  6   7.247600 -0.397300 -0.109469 0.056796 0.015853 0.258541
  7   -2.022252 -0.104661 3.136172 0.942770 -1.328164 -4.333179
  8   1.168026 -0.537438 -0.063437 -0.227512 0.695511 -0.637032
  9   6.790376 -0.619176 0.015206 0.131052 -0.070295 -1.504068
 10   8.637599 0.544015 -0.090417 -1.852360 -0.554244 -0.090696
 11   6.790465 -0.619039 0.017802 0.085174 -0.082828 -1.067418
 12   -2.022474 -0.104699 -2.873818 -1.238543 1.517774 -4.565103
 13   1.167898 -0.537463 0.063297 -0.138410 -0.542255 -0.763253
 14   7.002743 -0.617765 -0.183752 -0.126730 0.036252 -2.098526
 15   8.209042 0.615527 -0.255885 2.744408 0.343280 0.896640
 16   7.002735 -0.617911 -0.183641 -0.071990 0.067647 -1.487491
 17   1.574674 0.609930 -0.000899 0.318259 -0.376343 0.425635
 18   -0.602177 0.511412 -0.000006 0.000000 0.000000 0.000000
 19   3.673773 0.177020 1.119313 -0.000002 -0.000014 -0.174510
 20   3.673767 0.176993 -1.117566 0.000007 -0.000003 -0.174546
 21   3.942357 1.330634 1.627658 0.000002 -0.000011 -0.000026
 22   -0.246060 -0.011889 0.516521 -0.000011 0.000031 0.000025
 23   3.942374 1.330659 -1.631083 0.000019 0.000002 -0.000024
 24   -0.246150 -0.011872 -0.516511 -0.000005 -0.000006 0.000048
 25   4.941364 1.997338 1.629330 0.000018 -0.000001 -0.000024
 26   4.941382 1.997366 -1.629410 -0.000001 0.000005 -0.000024
 27   2.918368 1.615358 1.514501 -0.000019 -0.000022 -0.000050
 28   2.920798 1.614964 -1.501142 -0.000002 -0.000009 -0.000024
 29   8.824059 0.150544 0.091743 0.000006 -0.000231 -0.174534
 30   2.111085 -0.561179 1.784320 -0.000008 -0.000682 0.000024
 31   2.121290 -0.561289 -1.853599 0.000000 0.000000 -0.000002
 32   -0.810489 -0.093824 3.127092 3.071872 -0.114782 1.239365
 33   14.298673 -0.408176 0.475484 0.000248 0.000062 -1.896136
 34   15.835795 0.581398 0.242756 -0.214729 0.106889 -0.097869
 35   -0.815868 -0.091229 -3.114430 0.066464 3.132725 -1.010185
 36   14.294526 -0.410349 -0.463635 0.000033 -0.000000 -2.607695
 37   15.834409 0.579420 -0.284600 -0.006092 -0.035255 0.214458
 38   1.139685 -3.453749 -2.823813 0.000000 0.000000 0.000001
 39   -4.457742 -1.054854 -0.746180 0.000000 0.000000 0.000000
 40   1.118101 -3.449769 3.237290 0.000000 0.000001 0.000000
 41   -4.433840 -1.059130 0.959566 -0.000001 0.000000 0.000000
 42   -0.657468 1.697302 -2.688614 0.000000 0.000002 0.000000
 43   -0.664068 1.698578 2.869377 0.000000 0.000002 0.000000
time 12
  0   -0.967547 0.175787 -20.574476 0.000000 0.000000 -1.572114
  1   -1.093036 0.000002 -0.326057 -1.569027 -1.622749 -0.001768
  2   2.262337 0.113614 0.064702 0.134545 -0.088014 0.271285
  3   2.380047 0.353302 0.047440 0.057724 -0.038247 0.271516
  4   2.033756 0.190472 -0.000128 0.035437 -0.009456 -0.032321
  5   2.451511 0.204909 -0.003447 -0.214303 0.210255 -0.040454
  6   7.247600 -0.397300 -0.109469 0.056796 0.015853 0.258541
  7   -2.022252 -0.104661 3.136172 0.946029 -1.331537 -4.334963
  8   1.168026 -0.537438 -0.063437 -0.176508 0.722731 -0.587689
  9   6.790376 -0.619176 0.015206 0.130719 -0.070229 -1.501276
 10   8.637599 0.544015 -0.090417 -1.816782 -0.551921 -0.128098
 11   6.790465 -0.619039 0.017802 0.084999 -0.082629 -1.065457
 12   -2.022474 -0.104699 -2.873818 -1.326494 1.508225 -4.654716
 13   1.167898 -0.537463 0.063297 -0.138339 -0.541543 -0.763253
 14   7.002743 -0.617765 -0.183752 -0.126901 0.036138 -2.101001
 15   8.209042 0.615527 -0.255885 2.742755 0.340934 0.908788
 16   7.002735 -0.617911 -0.183641 -0.072131 0.067703 -1.489202
 17   1.574674 0.609930 -0.000899 0.318746 -0.409737 0.462264
 18   -0.602177 0.511412 -0.000006 0.000000 0.000000 0.000000
 19   3.673773 0.177020 1.119313 -0.000002 -0.000014 -0.174510
 20   3.673767 0.176993 -1.117566 0.000007 -0.000003 -0.174546
 21   3.942357 1.330634 1.627658 0.000002 -0.000011 -0.000026
 22   -0.246060 -0.011889 0.516521 -0.000011 0.000031 0.000025
 23   3.942374 1.330659 -1.631083 0.000019 0.000002 -0.000024
 24   -0.246150 -0.011872 -0.516511 -0.000005 -0.000006 0.000048
 25   4.941364 1.997338 1.629330 0.000018 -0.000001 -0.000024
 26   4.941382 1.997366 -1.629410 -0.000001 0.000005 -0.000024
 27   2.918368 1.615358 1.514501 -0.000019 -0.000022 -0.000050
 28   2.920798 1.614964 -1.501142 -0.000002 -0.000009 -0.000024
 29   8.824059 0.150544 0.091743 0.000006 -0.000231 -0.174534
 30   2.111085 -0.561179 1.784320 -0.000008 -0.000682 0.000024
 31   2.121290 -0.561289 -1.853599 0.000000 0.000000 -0.000002
 32   -0.810489 -0.093824 3.127092 3.071872 -0.114782 1.239365
 33   14.298673 -0.408176 0.475484 0.000248 0.000062 -1.896136
 34   15.835795 0.581398 0.242756 -0.214729 0.106889 -0.097869
 35   -0.815868 -0.091229 -3.114430 0.066464 3.132725 -1.010185
 36   14.294526 -0.410349 -0.463635 0.000033 -0.000000 -2.607695
 37   15.834409 0.579420 -0.284600 -0.006092 -0.035255 0.214458
 38   1.139685 -3.453749 -2.823813 0.000000 0.000000 0.000001
 39   -4.457742 -1.054854 -0.746180 0.000000 0.000000 0.000000
 40   1.118101 -3.449769 3.237290 0.000000 0.000001 0.000000
 41   -4.433840 -1.059130 0.959566 -0.000001 0.000000 0.000000
 42   -0.657468 1.697302 -2.688614 0.000000 0.000002 0.000000
 43   -0.664068 1.698578 2.869377 0.000000 0.000002 0.000000
time 13
  0   -0.967547 0.175787 -20.574476 0.000000 0.000000 -1.572114
  1   -1.093036 0.000002 -0.326057 -1.569027 -1.622749 -0.001768
  2   2.262337 0.113614 0.064702 0.131029 -0.084011 0.270454
  3   2.380047 0.353302 0.047440 0.056089 -0.036821 0.270720
  4   2.033756 0.190472 -0.000128 0.034367 -0.011721 -0.032502
  5   2.451511 0.204909 -0.003447 -0.215621 0.216979 -0.042089
  6   7.247600 -0.397300 -0.109469 0.056796 0.015853 0.258541
  7   -2.022252 -0.104661 3.136172 0.916600 -1.343298 -4.305098
  8   1.168026 -0.537438 -0.063437 -0.108102 0.762278 -0.516268
  9   6.790376 -0.619176 0.015206 0.129110 -0.069761 -1.478711
 10   8.637599 0.544015 -0.090417 -1.821625 -0.497580 -0.235891
 11   6.790465 -0.619039 0.017802 0.083831 -0.081606 -1.049827
 12   -2.022474 -0.104699 -2.873818 -1.255022 1.498212 -4.584634
 13   1.167898 -0.537463 0.063297 -0.143822 -0.550595 -0.768822
 14   7.002743 -0.617765 -0.183752 -0.127357 0.036138 -2.106034
 15   8.209042 0.615527 -0.255885 2.780648 0.352208 0.942164
 16   7.002735 -0.617911 -0.183641 -0.072508 0.067929 -1.492679
 17   1.574674 0.609930 -0.000899 0.319924 -0.437072 0.497451
 18   -0.602177 0.511412 -0.000006 0.000000 0.000000 0.000000
 19   3.673773 0.177020 1.119313 -0.000002 -0.000014 -0.174510
 20   3.673767 0.176993 -1.117566 0.000007 -0.000003 -0.174546
 21   3.942357 1.330634 1.627658 0.000002 -0.000011 -0.000026
 22   -0.246060 -0.011889 0.516521 -0.000011 0.000031 0.000025
 23   3.942374 1.330659 -1.631083 0.000019 0.000002 -0.000024
 24   -0.246150 -0.011872 -0.516511 -0.000005 -0.000006 0.000048
 25   4.941364 1.997338 1.629330 0.000018 -0.000001 -0.000024
 26   4.941382 1.997366 -1.629410 -0.000001 0.000005 -0.000024
 27   2.918368 1.615358 1.514501 -0.000019 -0.000022 -0.000050
 28   2.920798 1.614964 -1.501142 -0.000002 -0.000009 -0.000024
 29   8.824059 0.150544 0.091743 0.000006 -0.000231 -0.174534
 30   2.111085 -0.561179 1.784320 -0.000008 -0.000682 0.000024
 31   2.121290 -0.561289 -1.853599 0.000000 0.000000 -0.000002
 32   -0.810489 -0.093824 3.127092 3.071872 -0.114782 1.239365
 33   14.298673 -0.408176 0.475484 0.000248 0.000062 -1.896136
 34   15.835795 0.581398 0.242756 -0.214729 0.106889 -0.097869
 35   -0.815868 -0.091229 -3.114430 0.066464 3.132725 -1.010185
 36   14.294526 -0.410349 -0.463635 0.000033 -0.000000 -2.607695
 37   15.834409 0.579420 -0.284600 -0.006092 -0.035255 0.214458
 38   1.139685 -3.453749 -2.823813 0.000000 0.000000 0.000001
 39   -4.457742 -1.054854 -0.746180 0.000000 0.000000 0.000000
 40   1.118101 -3.449769 3.237290 0.000000 0.000001 0.000000
 41   -4.433840 -1.059130 0.959566 -0.000001 0.000000 0.000000
 42   -0.657468 1.697302 -2.688614 0.000000 0.000002 0.000000
 43   -0.664068 1.698578 2.869377 0.000000 0.000002 0.000000
time 14
  0   -0.967547 0.175787 -20.574476 0.000000 0.000000 -1.572114
  1   -1.093036 0.000002 -0.326057 -1.569027 -1.622749 -0.001768
  2   2.262337 0.113614 0.064702 0.131781 -0.081279 0.270183
  3   2.380047 0.353302 0.047440 0.056884 -0.035455 0.270720
  4   2.033756 0.190472 -0.000128 0.034275 -0.012536 -0.031922
  5   2.451511 0.204909 -0.003447 -0.215467 0.215791 -0.041618
  6   7.247600 -0.397300 -0.109469 0.056796 0.015853 0.258541
  7   -2.022252 -0.104661 3.136172 0.899154 -1.359326 -4.281056
  8   1.168026 -0.537438 -0.063437 0.016940 0.798806 -0.395757
  9   6.790376 -0.619176 0.015206 0.126003 -0.068760 -1.441128
 10   8.637599 0.544015 -0.090417 -2.073139 -0.652861 -0.318074
 11   6.790465 -0.619039 0.017802 0.081904 -0.079872 -1.023470
 12   -2.022474 -0.104699 -2.873818 -1.184316 1.494120 -4.515892
 13   1.167898 -0.537463 0.063297 -0.132997 -0.581666 -0.770638
 14   7.002743 -0.617765 -0.183752 -0.127983 0.036025 -2.112387
 15   8.209042 0.615527 -0.255885 2.762025 0.355915 0.925506
 16   7.002735 -0.617911 -0.183641 -0.072979 0.068098 -1.497205
 17   1.574674 0.609930 -0.000899 0.325449 -0.451769 0.522104
 18   -0.602177 0.511412 -0.000006 0.000000 0.000000 0.000000
 19   3.673773 0.177020 1.119313 -0.000002 -0.000014 -0.174510
 20   3.673767 0.176993 -1.117566 0.000007 -0.000003 -0.174546
 21   3.942357 1.330634 1.627658 0.000002 -0.000011 -0.000026
 22   -0.246060 -0.011889 0.516521 -0.000011 0.000031 0.000025
 23   3.942374 1.330659 -1.631083 0.000019 0.000002 -0.000024
 24   -0.246150 -0.011872 -0.516511 -0.000005 -0.000006 0.000048
 25   4.941364 1.997338 1.629330 0.000018 -0.000001 -0.000024
 26   4.941382 1.997366 -1.629410 -0.000001 0.000005 -0.000024
 27   2.918368 1.615358 1.514501 -0.000019 -0.000022 -0.000050
 28   2.920798 1.614964 -1.501142 -0.000002 -0.000009 -0.000024
 29   8.824059 0.150544 0.091743 0.000006 -0.000231 -0.174534
 30   2.111085 -0.561179 1.784320 -0.000008 -0.000682 0.000024
 31   2.121290 -0.561289 -1.853599 0.000000 0.000000 -0.000002
 32   -0.810489 -0.093824 3.127092 3.071872 -0.114782 1.239365
 33   14.298673 -0.408176 0.475484 0.000248 0.000062 -1.896136
 34   15.835795 0.581398 0.242756 -0.214729 0.106889 -0.097869
 35   -0.815868 -0.091229 -3.114430 0.066464 3.132725 -1.010185
 36   14.294526 -0.410349 -0.463635 0.000033 -0.000000 -2.607695
 37   15.834409 0.579420 -0.284600 -0.006092 -0.035255 0.214458
 38   1.139685 -3.453749 -2.823813 0.000000 0.000000 0.000001
 39   -4.457742 -1.054854 -0.746180 0.000000 0.000000 0.000000
 40   1.118101 -3.449769 3.237290 0.000000 0.000001 0.000000
 41   -4.433840 -1.059130 0.959566 -0.000001 0.000000 0.000000
 42   -0.657468 1.697302 -2.688614 0.000000 0.000002 0.000000
 43   -0.664068 1.698578 2.869377 0.000000 0.000002 0.000000
time 15
  0   -0.967547 0.175787 -20.574476 0.000000 0.000000 -1.572114
  1   -1.093036 0.000002 -0.326057 -1.569027 -1.622749 -0.001768
  2   2.262337 0.113614 0.064702 0.141054 -0.081770 0.267924
  3   2.380047 0.353302 0.047440 0.062584 -0.035227 0.272006
  4   2.033756 0.190472 -0.000128 0.036193 -0.011038 -0.028334
  5   2.451511 0.204909 -0.003447 -0.211804 0.199680 -0.035551
  6   7.247600 -0.397300 -0.109469 0.056796 0.015853 0.258541
  7   -2.022252 -0.104661 3.136172 0.944591 -1.374632 -4.311954
  8   1.168026 -0.537438 -0.063437 0.294805 0.797347 -0.165679
  9   6.790376 -0.619176 0.015206 0.128888 -0.069695 -1.476900
 10   8.637599 0.544015 -0.090417 -2.171331 -0.848898 -0.359889
 11   6.790465 -0.619039 0.017802 0.083714 -0.081549 -1.048500
 12   -2.022474 -0.104699 -2.873818 -1.001325 1.497661 -4.338770
 13   1.167898 -0.537463 0.063297 -0.117392 -0.605516 -0.766764
 14   7.002743 -0.617765 -0.183752 -0.128723 0.035854 -2.121215
 15   8.209042 0.615527 -0.255885 2.698822 0.353343 0.897482
 16   7.002735 -0.617911 -0.183641 -0.073638 0.068380 -1.503331
 17   1.574674 0.609930 -0.000899 0.345068 -0.435581 0.528350
 18   -0.602177 0.511412 -0.000006 0.000000 0.000000 0.000000
 19   3.673773 0.177020 1.119313 -0.000002 -0.000014 -0.174510
 20   3.673767 0.176993 -1.117566 0.000007 -0.000003 -0.174546
 21   3.942357 1.330634 1.627658 0.000002 -0.000011 -0.000026
 22   -0.246060 -0.011889 0.516521 -0.000011 0.000031 0.000025
 23   3.942374 1.330659 -1.631083 0.000019 0.000002 -0.000024
 24   -0.246150 -0.011872 -0.516511 -0.000005 -0.000006 0.000048
 25   4.941364 1.997338 1.629330 0.000018 -0.000001 -0.000024
 26   4.941382 1.997366 -1.629410 -0.000001 0.000005 -0.000024
 27   2.918368 1.615358 1.514501 -0.000019 -0.000022 -0.000050
 28   2.920798 1.614964 -1.501142 -0.000002 -0.000009 -0.000024
 29   8.824059 0.150544 0.091743 0.000006 -0.000231 -0.174534
 30   2.111085 -0.561179 1.784320 -0.000008 -0.000682 0.000024
 31   2.121290 -0.561289 -1.853599 0.000000 0.000000 -0.000002
 32   -0.810489 -0.093824 3.127092 3.071872 -0.114782 1.239365
 33   14.298673 -0.408176 0.475484 0.000248 0.000062 -1.896136
 34   15.835795 0.581398 0.242756 -0.214729 0.106889 -0.097869
 35   -0.815868 -0.091229 -3.114430 0.066464 3.132725 -1.010185
 36   14.294526 -0.410349 -0.463635 0.000033 -0.000000 -2.607695
 37   15.834409 0.579420 -0.284600 -0.006092 -0.035255 0.214458
 38   1.139685 -3.453749 -2.823813 0.000000 0.000000 0.000001
 39   -4.457742 -1.054854 -0.746180 0.000000 0.000000 0.000000
 40   1.118101 -3.449769 3.237290 0.000000 0.000001 0.000000
 41   -4.433840 -1.059130 0.959566 -0.000001 0.000000 0.000000
 42   -0.657468 1.697302 -2.688614 0.000000 0.000002 0.000000
 43   -0.664068 1.698578 2.869377 0.000000 0.000002 0.000000
time 16
  0   -0.967547 0.175787 -20.574476 0.000000 0.000000 -1.572114
  1   -1.093036 0.000002 -0.326057 -1.569027 -1.622749 -0.001768
  2   2.262337 0.113614 0.064702 0.158492 -0.083867 0.265521
  3   2.380047 0.353302 0.047440 0.072650 -0.036138 0.273863
  4   2.033756 0.190472 -0.000128 0.039937 -0.007131 -0.024238
  5   2.451511 0.204909 -0.003447 -0.205608 0.170070 -0.025818
  6   7.247600 -0.397300 -0.109469 0.056796 0.015853 0.258541
  7   -2.022252 -0.104661 3.136172 1.053294 -1.395099 -4.393659
  8   1.168026 -0.537438 -0.063437 0.648859 0.753775 0.102925
  9   6.790376 -0.619176 0.015206 0.134214 -0.071163 -1.543915
 10   8.637599 0.544015 -0.090417 -2.240726 -0.971307 -0.427748
 11   6.790465 -0.619039 0.017802 0.087276 -0.084562 -1.095275
 12   -2.022474 -0.104699 -2.873818 -0.540972 1.500708 -3.885245
 13   1.167898 -0.537463 0.063297 -0.119782 -0.594786 -0.769064
 14   7.002743 -0.617765 -0.183752 -0.129805 0.035684 -2.132931
 15   8.209042 0.615527 -0.255885 2.676820 0.352889 0.893453
 16   7.002735 -0.617911 -0.183641 -0.074438 0.068718 -1.511555
 17   1.574674 0.609930 -0.000899 0.371999 -0.393880 0.524210
 18   -0.602177 0.511412 -0.000006 0.000000 0.000000 0.000000
 19   3.673773 0.177020 1.119313 -0.000002 -0.000014 -0.174510
 20   3.673767 0.176993 -1.117566 0.000007 -0.000003 -0.174546
 21   3.942357 1.330634 1.627658 0.000002 -0.000011 -0.000026
 22   -0.246060 -0.011889 0.516521 -0.000011 0.000031 0.000025
 23   3.942374 1.330659 -1.631083 0.000019 0.000002 -0.000024
 24   -0.246150 -0.011872 -0.516511 -0.000005 -0.000006 0.000048
 25   4.941364 1.997338 1.629330 0.000018 -0.000001 -0.000024
 26   4.941382 1.997366 -1.629410 -0.000001 0.000005 -0.000024
 27   2.918368 1.615358 1.514501 -0.000019 -0.000022 -0.000050
 28   2.920798 1.614964 -1.501142 -0.000002 -0.000009 -0.000024
 29   8.824059 0.150544 0.091743 0.000006 -0.000231 -0.174534
 30   2.111085 -0.561179 1.784320 -0.000008 -0.000682 0.000024
 31   2.121290 -0.561289 -1.853599 0.000000 0.000000 -0.000002
 32   -0.810489 -0.093824 3.127092 3.071872 -0.114782 1.239365
 33   14.298673 -0.408176 0.475484 0.000248 0.000062 -1.896136
 34   15.835795 0.581398 0.242756 -0.214729 0.106889 -0.097869
 35   -0.815868 -0.091229 -3.114430 0.066464 3.132725 -1.010185
 36   14.294526 -0.410349 -0.463635 0.000033 -0.000000 -2.607695
 37   15.834409 0.579420 -0.284600 -0.006092 -0.035255 0.214458
 38   1.139685 -3.453749 -2.823813 0.000000 0.000000 0.000001
 39   -4.457742 -1.054854 -0.746180 0.000000 0.000000 0.000000
 40   1.118101 -3.449769 3.237290 0.000000 0.000001 0.000000
 41   -4.433840 -1.059130 0.959566 -0.000001 0.000000 0.000000
 42   -0.657468 1.697302 -2.688614 0.000000 0.000002 0.000000
 43   -0.664068 1.698578 2.869377 0.000000 0.000002 0.000000
time 17
  0   -0.967547 0.175787 -20.574476 0.000000 0.000000 -1.572114
  1   -1.093036 0.000002 -0.326057 -1.569027 -1.622749 -0.001768
  2   2.262337 0.113614 0.064702 0.175674 -0.085425 0.265864
  3   2.380047 0.353302 0.047440 0.082386 -0.036941 0.276087
  4   2.033756 0.190472 -0.000128 0.043773 -0.004183 -0.021483
  5   2.451511 0.204909 -0.003447 -0.199942 0.141831 -0.017026
  6   7.247600 -0.397300 -0.109469 0.056796 0.015853 0.258541
  7   -2.022252 -0.104661 3.136172 1.232165 -1.421792 -4.532463
  8   1.168026 -0.537438 -0.063437 1.000635 0.670706 0.347996
  9   6.790376 -0.619176 0.015206 0.140428 -0.072298 -1.621420
 10   8.637599 0.544015 -0.090417 -2.143767 -1.016920 -0.534166
 11   6.790465 -0.619039 0.017802 0.091539 -0.087916 -1.149547
 12   -2.022474 -0.104699 -2.873818 -0.062799 1.489360 -3.412763
 13   1.167898 -0.537463 0.063297 -0.129904 -0.562342 -0.780929
 14   7.002743 -0.617765 -0.183752 -0.130886 0.035457 -2.145059
 15   8.209042 0.615527 -0.255885 2.686167 0.350846 0.910532
 16   7.002735 -0.617911 -0.183641 -0.075333 0.069113 -1.520110
 17   1.574674 0.609930 -0.000899 0.397712 -0.348416 0.522547
 18   -0.602177 0.511412 -0.000006 0.000000 0.000000 0.000000
 19   3.673773 0.177020 1.119313 -0.000002 -0.000014 -0.174510
 20   3.673767 0.176993 -1.117566 0.000007 -0.000003 -0.174546
 21   3.942357 1.330634 1.627658 0.000002 -0.000011 -0.000026
 22   -0.246060 -0.011889 0.516521 -0.000011 0.000031 0.000025
 23   3.942374 1.330659 -1.631083 0.000019 0.000002 -0.000024
 24   -0.246150 -0.011872 -0.516511 -0.000005 -0.000006 0.000048
 25   4.941364 1.997338 1.629330 0.000018 -0.000001 -0.000024
 26   4.941382 1.997366 -1.629410 -0.000001 0.000005 -0.000024
 27   2.918368 1.615358 1.514501 -0.000019 -0.000022 -0.000050
 28   2.920798 1.614964 -1.501142 -0.000002 -0.000009 -0.000024
 29   8.824059 0.150544 0.091743 0.000006 -0.000231 -0.174534
 30   2.111085 -0.561179 1.784320 -0.000008 -0.000682 0.000024
 31   2.121290 -0.561289 -1.853599 0.000000 0.000000 -0.000002
 32   -0.810489 -0.093824 3.127092 3.071872 -0.114782 1.239365
 33   14.298673 -0.408176 0.475484 0.000248 0.000062 -1.896136
 34   15.835795 0.581398 0.242756 -0.214729 0.106889 -0.097869
 35   -0.815868 -0.091229 -3.114430 0.066464 3.132725 -1.010185
 36   14.294526 -0.410349 -0.463635 0.000033 -0.000000 -2.607695
 37   15.834409 0.579420 -0.284600 -0.006092 -0.035255 0.214458
 38   1.139685 -3.453749 -2.823813 0.000000 0.000000 0.000001
 39   -4.457742 -1.054854 -0.746180 0.000000 0.000000 0.000000
 40   1.118101 -3.449769 3.237290 0.000000 0.000001 0.000000
 41   -4.433840 -1.059130 0.959566 -0.000001 0.000000 0.000000
 42   -0.657468 1.697302 -2.688614 0.000000 0.000002 0.000000
 43   -0.664068 1.698578 2.869377 0.000000 0.000002 0.000000
time 18
  0   -0.967547 0.175787 -20.574476 0.000000 0.000000 -1.572114
  1   -1.093036 0.000002 -0.326057 -1.569027 -1.622749 -0.001768
  2   2.262337 0.113614 0.064702 0.191927 -0.087115 0.266876
  3   2.380047 0.353302 0.047440 0.091611 -0.037576 0.278454
  4   2.033756 0.190472 -0.000128 0.046982 -0.002864 -0.018656
  5   2.451511 0.204909 -0.003447 -0.195697 0.128423 -0.011132
  6   7.247600 -0.397300 -0.109469 0.056796 0.015853 0.258541
  7   -2.022252 -0.104661 3.136172 1.468455 -1.450647 -4.729963
  8   1.168026 -0.537438 -0.063437 1.308305 0.598907 0.531957
  9   6.790376 -0.619176 0.015206 0.143202 -0.072565 -1.653418
 10   8.637599 0.544015 -0.090417 -2.093129 -1.054227 -0.533660
 11   6.790465 -0.619039 0.017802 0.093349 -0.089224 -1.171925
 12   -2.022474 -0.104699 -2.873818 3.327526 1.662981 -0.023241
 13   1.167898 -0.537463 0.063297 -0.130115 -0.528372 -0.800058
 14   7.002743 -0.617765 -0.183752 -0.132082 0.035173 -2.157435
 15   8.209042 0.615527 -0.255885 2.698822 0.340178 0.945171
 16   7.002735 -0.617911 -0.183641 -0.076227 0.069564 -1.528775
 17   1.574674 0.609930 -0.000899 0.411441 -0.325672 0.532231
 18   -0.602177 0.511412 -0.000006 0.000000 0.000000 0.000000
 19   3.673773 0.177020 1.119313 -0.000002 -0.000014 -0.174510
 20   3.673767 0.176993 -1.117566 0.000007 -0.000003 -0.174546
 21   3.942357 1.330634 1.627658 0.000002 -0.000011 -0.000026
 22   -0.246060 -0.011889 0.516521 -0.000011 0.000031 0.000025
 23   3.942374 1.330659 -1.631083 0.000019 0.000002 -0.000024
 24   -0.246150 -0.011872 -0.516511 -0.000005 -0.000006 0.000048
 25   4.941364 1.997338 1.629330 0.000018 -0.000001 -0.000024
 26   4.941382 1.997366 -1.629410 -0.000001 0.000005 -0.000024
 27   2.918368 1.615358 1.514501 -0.000019 -0.000022 -0.000050
 28   2.920798 1.614964 -1.501142 -0.000002 -0.000009 -0.000024
 29   8.824059 0.150544 0.091743 0.000006 -0.000231 -0.174534
 30   2.111085 -0.561179 1.784320 -0.000008 -0.000682 0.000024
 31   2.121290 -0.561289 -1.853599 0.000000 0.000000 -0.000002
 32   -0.810489 -0.093824 3.127092 3.071872 -0.114782 1.239365
 33   14.298673 -0.408176 0.475484 0.000248 0.000062 -1.896136
 34   15.835795 0.581398 0.242756 -0.214729 0.106889 -0.097869
 35   -0.815868 -0.091229 -3.114430 0.066464 3.132725 -1.010185
 36   14.294526 -0.410349 -0.463635 0.000033 -0.000000 -2.607695
 37   15.834409 0.579420 -0.284600 -0.006092 -0.035255 0.214458
 38   1.139685 -3.453749 -2.823813 0.000000 0.000000 0.000001
 39   -4.457742 -1.054854 -0.746180 0.000000 0.000000 0.000000
 40   1.118101 -3.449769 3.237290 0.000000 0.000001 0.000000
 41   -4.433840 -1.059130 0.959566 -0.000001 0.000000 0.000000
 42   -0.657468 1.697302 -2.688614 0.000000 0.000002 0.000000
 43   -0.664068 1.698578 2.869377 0.000000 0.000002 0.000000
time 19
  0   -0.967547 0.175787 -20.574476 0.000000 0.000000 -1.572114
  1   -1.093036 0.000002 -0.326057 -1.569027 -1.622749 -0.001768
  2   2.262337 0.113614 0.064702 0.203812 -0.088589 0.267762
  3   2.380047 0.353302 0.047440 0.098107 -0.039361 0.279454
  4   2.033756 0.190472 -0.000128 0.048771 -0.006448 -0.017786
  5   2.451511 0.204909 -0.003447 -0.194807 0.146766 -0.013113
  6   7.247600 -0.397300 -0.109469 0.056796 0.015853 0.258541
  7   -2.022252 -0.104661 3.136172 1.329365 -1.476678 -4.552466
  8   1.168026 -0.537438 -0.063437 1.482136 0.548643 0.634249
  9   6.790376 -0.619176 0.015206 0.142758 -0.072565 -1.649343
 10   8.637599 0.544015 -0.090417 -1.743512 -1.074218 -0.675310
 11   6.790465 -0.619039 0.017802 0.093086 -0.089025 -1.169099
 12   -2.022474 -0.104699 -2.873818 3.358664 1.658801 0.024630
 13   1.167898 -0.537463 0.063297 -0.122383 -0.493995 -0.811741
 14   7.002743 -0.617765 -0.183752 -0.132480 0.035003 -2.163458
 15   8.209042 0.615527 -0.255885 2.703352 0.336849 0.966520
 16   7.002735 -0.617911 -0.183641 -0.076651 0.069733 -1.532915
 17   1.574674 0.609930 -0.000899 0.392715 -0.349078 0.573184
 18   -0.602177 0.511412 -0.000006 0.000000 0.000000 0.000000
 19   3.673773 0.177020 1.119313 -0.000002 -0.000014 -0.174510
 20   3.673767 0.176993 -1.117566 0.000007 -0.000003 -0.174546
 21   3.942357 1.330634 1.627658 0.000002 -0.000011 -0.000026
 22   -0.246060 -0.011889 0.516521 -0.000011 0.000031 0.000025
 23   3.942374 1.330659 -1.631083 0.000019 0.000002 -0.000024
 24   -0.246150 -0.011872 -0.516511 -0.000005 -0.000006 0.000048
 25   4.941364 1.997338 1.629330 0.000018 -0.000001 -0.000024
 26   4.941382 1.997366 -1.629410 -0.000001 0.000005 -0.000024
 27   2.918368 1.615358 1.514501 -0.000019 -0.000022 -0.000050
 28   2.920798 1.614964 -1.501142 -0.000002 -0.000009 -0.000024
 29   8.824059 0.150544 0.091743 0.000006 -0.000231 -0.174534
 30   2.111085 -0.561179 1.784320 -0.000008 -0.000682 0.000024
 31   2.121290 -0.561289 -1.853599 0.000000 0.000000 -0.000002
 32   -0.810489 -0.093824 3.127092 3.071872 -0.114782 1.239365
 33   14.298673 -0.408176 0.475484 0.000248 0.000062 -1.896136
 34   15.835795 0.581398 0.242756 -0.214729 0.106889 -0.097869
 35   -0.815868 -0.091229 -3.114430 0.066464 3.132725 -1.010185
 36   14.294526 -0.410349 -0.463635 0.000033 -0.000000 -2.607695
 37   15.834409 0.579420 -0.284600 -0.006092 -0.035255 0.214458
 38   1.139685 -3.453749 -2.823813 0.000000 0.000000 0.000001
 39   -4.457742 -1.054854 -0.746180 0.000000 0.000000 0.000000
 40   1.118101 -3.449769 3.237290 0.000000 0.000001 0.000000
 41   -4.433840 -1.059130 0.959566 -0.000001 0.000000 0.000000
 42   -0.657468 1.697302 -2.688614 0.000000 0.000002 0.000000
 43   -0.664068 1.698578 2.869377 0.000000 0.000002 0.000000
time 20
  0   -0.967547 0.175787 -20.574476 0.000000 0.000000 -1.572114
  1   -1.093036 0.000002 -0.326057 -1.569027 -1.622749 -0.001768
  2   2.262337 0.113614 0.064702 0.210906 -0.092077 0.269153
  3   2.380047 0.353302 0.047440 0.101617 -0.040812 0.283535
  4   2.033756 0.190472 -0.000128 0.049029 -0.012056 -0.012639
  5   2.451511 0.204909 -0.003447 -0.195988 0.178608 -0.015887
  6   7.247600 -0.397300 -0.109469 0.056796 0.015853 0.258541
  7   -2.022252 -0.104661 3.136172 1.095375 -1.478695 -4.305474
  8   1.168026 -0.537438 -0.063437 1.598066 0.561373 0.617928
  9   6.790376 -0.619176 0.015206 0.137432 -0.071764 -1.584139
 10   8.637599 0.544015 -0.090417 -1.337357 -1.062181 -0.804372
 11   6.790465 -0.619039 0.017802 0.089495 -0.086353 -1.123536
 12   -2.022474 -0.104699 -2.873818 3.424196 1.643129 0.099787
 13   1.167898 -0.537463 0.063297 -0.110362 -0.484435 -0.813315
 14   7.002743 -0.617765 -0.183752 -0.132424 0.035003 -2.163128
 15   8.209042 0.615527 -0.255885 2.701195 0.344869 0.962190
 16   7.002735 -0.617911 -0.183641 -0.076651 0.069733 -1.532749
 17   1.574674 0.609930 -0.000899 0.358066 -0.379940 0.610034
 18   -0.602177 0.511412 -0.000006 0.000000 0.000000 0.000000
 19   3.673773 0.177020 1.119313 -0.000002 -0.000014 -0.174510
 20   3.673767 0.176993 -1.117566 0.000007 -0.000003 -0.174546
 21   3.942357 1.330634 1.627658 0.000002 -0.000011 -0.000026
 22   -0.246060 -0.011889 0.516521 -0.000011 0.000031 0.000025
 23   3.942374 1.330659 -1.631083 0.000019 0.000002 -0.000024
 24   -0.246150 -0.011872 -0.516511 -0.000005 -0.000006 0.000048
 25   4.941364 1.997338 1.629330 0.000018 -0.000001 -0.000024
 26   4.941382 1.997366 -1.629410 -0.000001 0.000005 -0.000024
 27   2.918368 1.615358 1.514501 -0.000019 -0.000022 -0.000050
 28   2.920798 1.614964 -1.501142 -0.000002 -0.000009 -0.000024
 29   8.824059 0.150544 0.091743 0.000006 -0.000231 -0.174534
 30   2.111085 -0.561179 1.784320 -0.000008 -0.000682 0.000024
 31   2.121290 -0.561289 -1.853599 0.000000 0.000000 -0.000002
 32   -0.810489 -0.093824 3.127092 3.071872 -0.114782 1.239365
 33   14.298673 -0.408176 0.475484 0.000248 0.000062 -1.896136
 34   15.835795 0.581398 0.242756 -0.214729 0.106889 -0.097869
 35   -0.815868 -0.091229 -3.114430 0.066464 3.132725 -1.010185
 36   14.294526 -0.410349 -0.463635 0.000033 -0.000000 -2.607695
 37   15.834409 0.579420 -0.284600 -0.006092 -0.035255 0.214458
 38   1.139685 -3.453749 -2.823813 0.000000 0.000000 0.000001
 39   -4.457742 -1.054854 -0.746180 0.000000 0.000000 0.000000
 40   1.118101 -3.449769 3.237290 0.000000 0.000001 0.000000
 41   -4.433840 -1.059130 0.959566 -0.000001 0.000000 0.000000
 42   -0.657468 1.697302 -2.688614 0.000000 0.000002 0.000000
 43   -0.664068 1.698578 2.869377 0.000000 0.000002 0.000000
time 21
  0   -0.967547 0.175787 -20.574476 0.000000 0.000000 -1.572114
  1   -1.093036 0.000002 -0.326057 -1.569027 -1.622749 -0.001768
  2   2.262337 0.113614 0.064702 0.207697 -0.092305 0.273815
  3   2.380047 0.353302 0.047440 0.099127 -0.040812 0.292187
  4   2.033756 0.190472 -0.000128 0.047775 -0.013531 -0.004411
  5   2.451511 0.204909 -0.003447 -0.197700 0.196951 -0.014574
  6   7.247600 -0.397300 -0.109469 0.056796 0.015853 0.258541
  7   -2.022252 -0.104661 3.136172 1.056553 -1.473968 -4.284061
  8   1.168026 -0.537438 -0.063437 1.679698 0.625171 0.499821
  9   6.790376 -0.619176 0.015206 0.131163 -0.070429 -1.507313
 10   8.637599 0.544015 -0.090417 -2.053060 -0.922104 -0.190531
 11   6.790465 -0.619039 0.017802 0.085320 -0.082942 -1.069725
 12   -2.022474 -0.104699 -2.873818 3.404747 1.626875 0.077958
 13   1.167898 -0.537463 0.063297 -0.090750 -0.496233 -0.809017
 14   7.002743 -0.617765 -0.183752 -0.132651 0.035003 -2.165108
 15   8.209042 0.615527 -0.255885 2.690409 0.354856 0.955034
 16   7.002735 -0.617911 -0.183641 -0.076792 0.069846 -1.534184
 17   1.574674 0.609930 -0.000899 0.332679 -0.403607 0.627553
 18   -0.602177 0.511412 -0.000006 0.000000 0.000000 0.000000
 19   3.673773 0.177020 1.119313 -0.000002 -0.000014 -0.174510
 20   3.673767 0.176993 -1.117566 0.000007 -0.000003 -0.174546
 21   3.942357 1.330634 1.627658 0.000002 -0.000011 -0.000026
 22   -0.246060 -0.011889 0.516521 -0.000011 0.000031 0.000025
 23   3.942374 1.330659 -1.631083 0.000019 0.000002 -0.000024
 24   -0.246150 -0.011872 -0.516511 -0.000005 -0.000006 0.000048
 25   4.941364 1.997338 1.629330 0.000018 -0.000001 -0.000024
 26   4.941382 1.997366 -1.629410 -0.000001 0.000005 -0.000024
 27   2.918368 1.615358 1.514501 -0.000019 -0.000022 -0.000050
 28   2.920798 1.614964 -1.501142 -0.000002 -0.000009 -0.000024
 29   8.824059 0.150544 0.091743 0.000006 -0.000231 -0.174534
 30   2.111085 -0.561179 1.784320 -0.000008 -0.000682 0.000024
 31   2.121290 -0.561289 -1.853599 0.000000 0.000000 -0.000002
 32   -0.810489 -0.093824 3.127092 3.071872 -0.114782 1.239365
 33   14.298673 -0.408176 0.475484 0.000248 0.000062 -1.896136
 34   15.835795 0.581398 0.242756 -0.214729 0.106889 -0.097869
 35   -0.815868 -0.091229 -3.114430 0.066464 3.132725 -1.010185
 36   14.294526 -0.410349 -0.463635 0.000033 -0.000000 -2.607695
 37   15.834409 0.579420 -0.284600 -0.006092 -0.035255 0.214458
 38   1.139685 -3.453749 -2.823813 0.000000 0.000000 0.000001
 39   -4.457742 -1.054854 -0.746180 0.000000 0.000000 0.000000
 40   1.118101 -3.449769 3.237290 0.000000 0.000001 0.000000
 41   -4.433840 -1.059130 0.959566 -0.000001 0.000000 0.000000
 42   -0.657468 1.697302 -2.688614 0.000000 0.000002 0.000000
 43   -0.664068 1.698578 2.869377 0.000000 0.000002 0.000000
time 22
  0   -0.967547 0.175787 -20.574476 0.000000 0.000000 -1.572114
  1   -1.093036 0.000002 -0.326057 -1.569027 -1.622749 -0.001768
  2   2.262337 0.113614 0.064702 0.203289 -0.090087 0.279399
  3   2.380047 0.353302 0.047440 0.096441 -0.040117 0.301186
  4   2.033756 0.190472 -0.000128 0.046484 -0.013734 0.003201
  5   2.451511 0.204909 -0.003447 -0.198128 0.201234 -0.010042
  6   7.247600 -0.397300 -0.109469 0.056796 0.015853 0.258541
  7   -2.022252 -0.104661 3.136172 1.064126 -1.459843 -4.310076
  8   1.168026 -0.537438 -0.063437 1.693430 0.648467 0.373553
  9   6.790376 -0.619176 0.015206 0.135601 -0.071497 -1.561046
 10   8.637599 0.544015 -0.090417 -2.349662 -0.632870 -0.014517
 11   6.790465 -0.619039 0.017802 0.088181 -0.085358 -1.107156
 12   -2.022474 -0.104699 -2.873818 3.349274 1.624321 0.021088
 13   1.167898 -0.537463 0.063297 -0.074723 -0.509302 -0.807322
 14   7.002743 -0.617765 -0.183752 -0.133278 0.034889 -2.172286
 15   8.209042 0.615527 -0.255885 2.686958 0.372030 0.970970
 16   7.002735 -0.617911 -0.183641 -0.077310 0.070015 -1.539317
 17   1.574674 0.609930 -0.000899 0.319437 -0.418044 0.643151
 18   -0.602177 0.511412 -0.000006 0.000000 0.000000 0.000000
 19   3.673773 0.177020 1.119313 -0.000002 -0.000014 -0.174510
 20   3.673767 0.176993 -1.117566 0.000007 -0.000003 -0.174546
 21   3.942357 1.330634 1.627658 0.000002 -0.000011 -0.000026
 22   -0.246060 -0.011889 0.516521 -0.000011 0.000031 0.000025
 23   3.942374 1.330659 -1.631083 0.000019 0.000002 -0.000024
 24   -0.246150 -0.011872 -0.516511 -0.000005 -0.000006 0.000048
 25   4.941364 1.997338 1.629330 0.000018 -0.000001 -0.000024
 26   4.941382 1.997366 -1.629410 -0.000001 0.000005 -0.000024
 27   2.918368 1.615358 1.514501 -0.000019 -0.000022 -0.000050
 28   2.920798 1.614964 -1.501142 -0.000002 -0.000009 -0.000024
 29   8.824059 0.150544 0.091743 0.000006 -0.000231 -0.174534
 30   2.111085 -0.561179 1.784320 -0.000008 -0.000682 0.000024
 31   2.121290 -0.561289 -1.853599 0.000000 0.000000 -0.000002
 32   -0.810489 -0.093824 3.127092 3.071872 -0.114782 1.239365
 33   14.298673 -0.408176 0.475484 0.000248 0.000062 -1.896136
 34   15.835795 0.581398 0.242756 -0.214729 0.106889 -0.097869
 35   -0.815868 -0.091229 -3.114430 0.066464 3.132725 -1.010185
 36   14.294526 -0.410349 -0.463635 0.000033 -0.000000 -2.607695
 37   15.834409 0.579420 -0.284600 -0.006092 -0.035255 0.214458
 38   1.139685 -3.453749 -2.823813 0.000000 0.000000 0.000001
 39   -4.457742 -1.054854 -0.746180 0.000000 0.000000 0.000000
 40   1.118101 -3.449769 3.237290 0.000000 0.000001 0.000000
 41   -4.433840 -1.059130 0.959566 -0.000001 0.000000 0.000000
 42   -0.657468 1.697302 -2.688614 0.000000 0.000002 0.000000
 43   -0.664068 1.698578 2.869377 0.000000 0.000002 0.000000
time 23
  0   -0.967547 0.175787 -20.574476 0.000000 0.000000 -1.572114
  1   -1.093036 0.000002 -0.326057 -1.569027 -1.622749 -0.001768
  2   2.262337 0.113614 0.064702 0.202309 -0.087786 0.283519
  3   2.380047 0.353302 0.047440 0.095676 -0.039314 0.309307
  4   2.033756 0.190472 -0.000128 0.045820 -0.013423 0.012480
  5   2.451511 0.204909 -0.003447 -0.196947 0.196468 -0.002959
  6   7.247600 -0.397300 -0.109469 0.056796 0.015853 0.258541
  7   -2.022252 -0.104661 3.136172 1.193917 -1.442778 -4.442212
  8   1.168026 -0.537438 -0.063437 1.656727 0.616266 0.289733
  9   6.790376 -0.619176 0.015206 0.147252 -0.072965 -1.703906
 10   8.637599 0.544015 -0.090417 -2.484049 -0.571912 0.130895
 11   6.790465 -0.619039 0.017802 0.096210 -0.091185 -1.207222
 12   -2.022474 -0.104699 -2.873818 3.429561 1.631548 0.099117
 13   1.167898 -0.537463 0.063297 -0.060594 -0.515659 -0.815555
 14   7.002743 -0.617765 -0.183752 -0.133790 0.034719 -2.177319
 15   8.209042 0.615527 -0.255885 2.677323 0.381488 0.976984
 16   7.002735 -0.617911 -0.183641 -0.077686 0.070128 -1.542684
 17   1.574674 0.609930 -0.000899 0.313628 -0.428410 0.654794
 18   -0.602177 0.511412 -0.000006 0.000000 0.000000 0.000000
 19   3.673773 0.177020 1.119313 -0.000002 -0.000014 -0.174510
 20   3.673767 0.176993 -1.117566 0.000007 -0.000003 -0.174546
 21   3.942357 1.330634 1.627658 0.000002 -0.000011 -0.000026
 22   -0.246060 -0.011889 0.516521 -0.000011 0.000031 0.000025
 23   3.942374 1.330659 -1.631083 0.000019 0.000002 -0.000024
 24   -0.246150 -0.011872 -0.516511 -0.000005 -0.000006 0.000048
 25   4.941364 1.997338 1.629330 0.000018 -0.000001 -0.000024
 26   4.941382 1.997366 -1.629410 -0.000001 0.000005 -0.000024
 27   2.918368 1.615358 1.514501 -0.000019 -0.000022 -0.000050
 28   2.920798 1.614964 -1.501142 -0.000002 -0.000009 -0.000024
 29   8.824059 0.150544 0.091743 0.000006 -0.000231 -0.174534
 30   2.111085 -0.561179 1.784320 -0.000008 -0.000682 0.000024
 31   2.121290 -0.561289 -1.853599 0.000000 0.000000 -0.000002
 32   -0.810489 -0.093824 3.127092 3.071872 -0.114782 1.239365
 33   14.298673 -0.408176 0.475484 0.000248 0.000062 -1.896136
 34   15.835795 0.581398 0.242756 -0.214729 0.106889 -0.097869
 35   -0.815868 -0.091229 -3.114430 0.066464 3.132725 -1.010185
 36   14.294526 -0.410349 -0.463635 0.000033 -0.000000 -2.607695
 37   15.834409 0.579420 -0.284600 -0.006092 -0.035255 0.214458
 38   1.139685 -3.453749 -2.823813 0.000000 0.000000 0.000001
 39   -4.457742 -1.054854 -0.746180 0.000000 0.000000 0.000000
 40   1.118101 -3.449769 3.237290 0.000000 0.000001 0.000000
 41   -4.433840 -1.059130 0.959566 -0.000001 0.000000 0.000000
 42   -0.657468 1.697302 -2.688614 0.000000 0.000002 0.000000
 43   -0.664068 1.698578 2.869377 0.000000 0.000002 0.000000
time 24
  0   -0.967547 0.175787 -20.574476 0.000000 0.000000 -1.572114
  1   -1.093036 0.000002 -0.326057 -1.569027 -1.622749 -0.001768
  2   2.262337 0.113614 0.064702 0.203582 -0.085377 0.286628
  3   2.380047 0.353302 0.047440 0.096366 -0.037001 0.317592
  4   2.033756 0.190472 -0.000128 0.045783 -0.011493 0.022158
  5   2.451511 0.204909 -0.003447 -0.195115 0.189771 0.005164
  6   7.247600 -0.397300 -0.109469 0.056796 0.015853 0.258541
  7   -2.022252 -0.104661 3.136172 1.463949 -1.434706 -4.697375
  8   1.168026 -0.537438 -0.063437 1.637300 0.532392 0.260064
  9   6.790376 -0.619176 0.015206 0.159069 -0.072831 -1.847596
 10   8.637599 0.544015 -0.090417 -2.470575 -0.504971 0.092480
 11   6.790465 -0.619039 0.017802 0.104765 -0.096472 -1.307980
 12   -2.022474 -0.104699 -2.873818 -2.757660 1.639762 0.190741
 13   1.167898 -0.537463 0.063297 -0.041685 -0.511997 -0.832565
 14   7.002743 -0.617765 -0.183752 -0.134075 0.034662 -2.180619
 15   8.209042 0.615527 -0.255885 2.648777 0.375586 0.970068
 16   7.002735 -0.617911 -0.183641 -0.077922 0.070297 -1.545057
 17   1.574674 0.609930 -0.000899 0.310419 -0.444030 0.657714
 18   -0.602177 0.511412 -0.000006 0.000000 0.000000 0.000000
 19   3.673773 0.177020 1.119313 -0.000002 -0.000014 -0.174510
 20   3.673767 0.176993 -1.117566 0.000007 -0.000003 -0.174546
 21   3.942357 1.330634 1.627658 0.000002 -0.000011 -0.000026
 22   -0.246060 -0.011889 0.516521 -0.000011 0.000031 0.000025
 23   3.942374 1.330659 -1.631083 0.000019 0.000002 -0.000024
 24   -0.246150 -0.011872 -0.516511 -0.000005 -0.000006 0.000048
 25   4.941364 1.997338 1.629330 0.000018 -0.000001 -0.000024
 26   4.941382 1.997366 -1.629410 -0.000001 0.000005 -0.000024
 27   2.918368 1.615358 1.514501 -0.000019 -0.000022 -0.000050
 28   2.920798 1.614964 -1.501142 -0.000002 -0.000009 -0.000024
 29   8.824059 0.150544 0.091743 0.000006 -0.000231 -0.174534
 30   2.111085 -0.561179 1.784320 -0.000008 -0.000682 0.000024
 31   2.121290 -0.561289 -1.853599 0.000000 0.000000 -0.000002
 32   -0.810489 -0.093824 3.127092 3.071872 -0.114782 1.239365
 33   14.298673 -0.408176 0.475484 0.000248 0.000062 -1.896136
 34   15.835795 0.581398 0.242756 -0.214729 0.106889 -0.097869
 35   -0.815868 -0.091229 -3.114430 0.066464 3.132725 -1.010185
 36   14.294526 -0.410349 -0.463635 0.000033 -0.000000 -2.607695
 37   15.834409 0.579420 -0.284600 -0.006092 -0.035255 0.214458
 38   1.139685 -3.453749 -2.823813 0.000000 0.000000 0.000001
 39   -4.457742 -1.054854 -0.746180 0.000000 0.000000 0.000000
 40   1.118101 -3.449769 3.237290 0.000000 0.000001 0.000000
 41   -4.433840 -1.059130 0.959566 -0.000001 0.000000 0.000000
 42   -0.657468 1.697302 -2.688614 0.000000 0.000002 0.000000
 43   -0.664068 1.698578 2.869377 0.000000 0.000002 0.000000
time 25
  0   -0.967547 0.175787 -20.574476 0.000000 0.000000 -1.572114
  1   -1.093036 0.000002 -0.326057 -1.569027 -1.622749 -0.001768
  2   2.262337 0.113614 0.064702 0.203328 -0.082106 0.290513
  3   2.380047 0.353302 0.047440 0.096471 -0.033501 0.325713
  4   2.033756 0.190472 -0.000128 0.045414 -0.009024 0.031474
  5   2.451511 0.204909 -0.003447 -0.194174 0.189092 0.012024
  6   7.247600 -0.397300 -0.109469 0.056796 0.015853 0.258541
  7   -2.022252 -0.104661 3.136172 1.745868 -1.434851 -4.955731
  8   1.168026 -0.537438 -0.063437 1.609773 0.438857 0.209519
  9   6.790376 -0.619176 0.015206 0.174770 -0.070028 -2.042906
 10   8.637599 0.544015 -0.090417 -2.448735 -0.455275 0.057755
 11   6.790465 -0.619039 0.017802 0.117144 -0.102413 -1.444958
 12   -2.022474 -0.104699 -2.873818 -2.740127 1.647917 0.207687
 13   1.167898 -0.537463 0.063297 -0.036694 -0.482147 -0.853026
 14   7.002743 -0.617765 -0.183752 -0.134132 0.034662 -2.181609
 15   8.209042 0.615527 -0.255885 2.631233 0.376419 0.969046
 16   7.002735 -0.617911 -0.183641 -0.078016 0.070297 -1.545775
 17   1.574674 0.609930 -0.000899 0.305991 -0.473329 0.659599
 18   -0.602177 0.511412 -0.000006 0.000000 0.000000 0.000000
 19   3.673773 0.177020 1.119313 -0.000002 -0.000014 -0.174510
 20   3.673767 0.176993 -1.117566 0.000007 -0.000003 -0.174546
 21   3.942357 1.330634 1.627658 0.000002 -0.000011 -0.000026
 22   -0.246060 -0.011889 0.516521 -0.000011 0.000031 0.000025
 23   3.942374 1.330659 -1.631083 0.000019 0.000002 -0.000024
 24   -0.246150 -0.011872 -0.516511 -0.000005 -0.000006 0.000048
 25   4.941364 1.997338 1.629330 0.000018 -0.000001 -0.000024
 26   4.941382 1.997366 -1.629410 -0.000001 0.000005 -0.000024
 27   2.918368 1.615358 1.514501 -0.000019 -0.000022 -0.000050
 28   2.920798 1.614964 -1.501142 -0.000002 -0.000009 -0.000024
 29   8.824059 0.150544 0.091743 0.000006 -0.000231 -0.174534
 30   2.111085 -0.561179 1.784320 -0.000008 -0.000682 0.000024
 31   2.121290 -0.561289 -1.853599 0.000000 0.000000 -0.000002
 32   -0.810489 -0.093824 3.127092 3.071872 -0.114782 1.239365
 33   14.298673 -0.408176 0.475484 0.000248 0.000062 -1.896136
 34   15.835795 0.581398 0.242756 -0.214729 0.106889 -0.097869
 35   -0.815868 -0.091229 -3.114430 0.066464 3.132725 -1.010185
 36   14.294526 -0.410349 -0.463635 0.000033 -0.000000 -2.607695
 37   15.834409 0.579420 -0.284600 -0.006092 -0.035255 0.214458
 38   1.139685 -3.453749 -2.823813 0.000000 0.000000 0.000001
 39   -4.457742 -1.054854 -0.746180 0.000000 0.000000 0.000000
 40   1.118101 -3.449769 3.237290 0.000000 0.000001 0.000000
 41   -4.433840 -1.059130 0.959566 -0.000001 0.000000 0.000000
 42   -0.657468 1.697302 -2.688614 0.000000 0.000002 0.000000
 43   -0.664068 1.698578 2.869377 0.000000 0.000002 0.000000
time 26
  0   -0.967547 0.175787 -20.574476 0.000000 0.000000 -1.572114
  1   -1.093036 0.000002 -0.326057 -1.569027 -1.622749 -0.001768
  2   2.262337 0.113614 0.064702 0.202168 -0.079877 0.293892
  3   2.380047 0.353302 0.047440 0.095976 -0.030577 0.333814
  4   2.033756 0.190472 -0.000128 0.044935 -0.006999 0.040825
  5   2.451511 0.204909 -0.003447 -0.194670 0.205072 0.015367
  6   7.247600 -0.397300 -0.109469 0.056796 0.015853 0.258541
  7   -2.022252 -0.104661 3.136172 1.961260 -1.434361 -5.143934
  8   1.168026 -0.537438 -0.063437 1.569843 0.368568 0.195412
  9   6.790376 -0.619176 0.015206 0.186476 -0.065824 -2.193237
 10   8.637599 0.544015 -0.090417 -2.348782 -0.479912 0.035690
 11   6.790465 -0.619039 0.017802 0.127071 -0.106023 -1.550445
 12   -2.022474 -0.104699 -2.873818 -2.732846 1.640952 0.215921
 13   1.167898 -0.537463 0.063297 -0.031071 -0.455907 -0.875666
 14   7.002743 -0.617765 -0.183752 -0.133961 0.034662 -2.179629
 15   8.209042 0.615527 -0.255885 2.623324 0.382396 0.966881
 16   7.002735 -0.617911 -0.183641 -0.077828 0.070184 -1.544340
 17   1.574674 0.609930 -0.000899 0.293115 -0.519409 0.664551
 18   -0.602177 0.511412 -0.000006 0.000000 0.000000 0.000000
 19   3.673773 0.177020 1.119313 -0.000002 -0.000014 -0.174510
 20   3.673767 0.176993 -1.117566 0.000007 -0.000003 -0.174546
 21   3.942357 1.330634 1.627658 0.000002 -0.000011 -0.000026
 22   -0.246060 -0.011889 0.516521 -0.000011 0.000031 0.000025
 23   3.942374 1.330659 -1.631083 0.000019 0.000002 -0.000024
 24   -0.246150 -0.011872 -0.516511 -0.000005 -0.000006 0.000048
 25   4.941364 1.997338 1.629330 0.000018 -0.000001 -0.000024
 26   4.941382 1.997366 -1.629410 -0.000001 0.000005 -0.000024
 27   2.918368 1.615358 1.514501 -0.000019 -0.000022 -0.000050
 28   2.920798 1.614964 -1.501142 -0.000002 -0.000009 -0.000024
 29   8.824059 0.150544 0.091743 0.000006 -0.000231 -0.174534
 30   2.111085 -0.561179 1.784320 -0.000008 -0.000682 0.000024
 31   2.121290 -0.561289 -1.853599 0.000000 0.000000 -0.000002
 32   -0.810489 -0.093824 3.127092 3.071872 -0.114782 1.239365
 33   14.298673 -0.408176 0.475484 0.000248 0.000062 -1.896136
 34   15.835795 0.581398 0.242756 -0.214729 0.106889 -0.097869
 35   -0.815868 -0.091229 -3.114430 0.066464 3.132725 -1.010185
 36   14.294526 -0.410349 -0.463635 0.000033 -0.000000 -2.607695
 37   15.834409 0.579420 -0.284600 -0.006092 -0.035255 0.214458
 38   1.139685 -3.453749 -2.823813 0.000000 0.000000 0.000001
 39   -4.457742 -1.054854 -0.746180 0.000000 0.000000 0.000000
 40   1.118101 -3.449769 3.237290 0.000000 0.000001 0.000000
 41   -4.433840 -1.059130 0.959566 -0.000001 0.000000 0.000000
 42   -0.657468 1.697302 -2.688614 0.000000 0.000002 0.000000
 43   -0.664068 1.698578 2.869377 0.000000 0.000002 0.000000
time 27
  0   -0.967547 0.175787 -20.574476 0.000000 0.000000 -1.572114
  1   -1.093036 0.000002 -0.326057 -1.569027 -1.622749 -0.001768
  2   2.262337 0.113614 0.064702 0.201391 -0.076904 0.297723
  3   2.380047 0.353302 0.047440 0.096141 -0.026898 0.338548
  4   2.033756 0.190472 -0.000128 0.044824 -0.004710 0.045574
  5   2.451511 0.204909 -0.003447 -0.195115 0.212409 0.016556
  6   7.247600 -0.397300 -0.109469 0.056796 0.015853 0.258541
  7   -2.022252 -0.104661 3.136172 2.137160 -1.430325 -5.300957
  8   1.168026 -0.537438 -0.063437 1.551998 0.332040 0.238429
  9   6.790376 -0.619176 0.015206 0.192856 -0.062553 -2.280100
 10   8.637599 0.544015 -0.090417 -2.259396 -0.519471 0.012178
 11   6.790465 -0.619039 0.017802 0.132939 -0.107700 -1.611523
 12   -2.022474 -0.104699 -2.873818 -2.680822 1.637846 -6.010506
 13   1.167898 -0.537463 0.063297 -0.019683 -0.453262 -0.898669
 14   7.002743 -0.617765 -0.183752 -0.133790 0.034719 -2.177071
 15   8.209042 0.615527 -0.255885 2.605995 0.388903 0.966640
 16   7.002735 -0.617911 -0.183641 -0.077639 0.070128 -1.542518
 17   1.574674 0.609930 -0.000899 0.279345 -0.548779 0.679816
 18   -0.602177 0.511412 -0.000006 0.000000 0.000000 0.000000
 19   3.673773 0.177020 1.119313 -0.000002 -0.000014 -0.174510
 20   3.673767 0.176993 -1.117566 0.000007 -0.000003 -0.174546
 21   3.942357 1.330634 1.627658 0.000002 -0.000011 -0.000026
 22   -0.246060 -0.011889 0.516521 -0.000011 0.000031 0.000025
 23   3.942374 1.330659 -1.631083 0.000019 0.000002 -0.000024
 24   -0.246150 -0.011872 -0.516511 -0.000005 -0.000006 0.000048
 25   4.941364 1.997338 1.629330 0.000018 -0.000001 -0.000024
 26   4.941382 1.997366 -1.629410 -0.000001 0.000005 -0.000024
 27   2.918368 1.615358 1.514501 -0.000019 -0.000022 -0.000050
 28   2.920798 1.614964 -1.501142 -0.000002 -0.000009 -0.000024
 29   8.824059 0.150544 0.091743 0.000006 -0.000231 -0.174534
 30   2.111085 -0.561179 1.784320 -0.000008 -0.000682 0.000024
 31   2.121290 -0.561289 -1.853599 0.000000 0.000000 -0.000002
 32   -0.810489 -0.093824 3.127092 3.071872 -0.114782 1.239365
 33   14.298673 -0.408176 0.475484 0.000248 0.000062 -1.896136
 34   15.835795 0.581398 0.242756 -0.214729 0.106889 -0.097869
 35   -0.815868 -0.091229 -3.114430 0.066464 3.132725 -1.010185
 36   14.294526 -0.410349 -0.463635 0.000033 -0.000000 -2.607695
 37   15.834409 0.579420 -0.284600 -0.006092 -0.035255 0.214458
 38   1.139685 -3.453749 -2.823813 0.000000 0.000000 0.000001
 39   -4.457742 -1.054854 -0.746180 0.000000 0.000000 0.000000
 40   1.118101 -3.449769 3.237290 0.000000 0.000001 0.000000
 41   -4.433840 -1.059130 0.959566 -0.000001 0.000000 0.000000
 42   -0.657468 1.697302 -2.688614 0.000000 0.000002 0.000000
 43   -0.664068 1.698578 2.869377 0.000000 0.000002 0.000000
time 28
  0   -0.967547 0.175787 -20.574476 0.000000 0.000000 -1.572114
  1   -1.093036 0.000002 -0.326057 -1.569027 -1.622749 -0.001768
  2   2.262337 0.113614 0.064702 0.202168 -0.075586 0.298916
  3   2.380047 0.353302 0.047440 0.097132 -0.024788 0.341160
  4   2.033756 0.190472 -0.000128 0.045230 -0.002085 0.048002
  5   2.451511 0.204909 -0.003447 -0.195218 0.216718 0.016977
  6   7.247600 -0.397300 -0.109469 0.056796 0.015853 0.258541
  7   -2.022252 -0.104661 3.136172 2.145116 -1.431132 -5.317674
  8   1.168026 -0.537438 -0.063437 1.574146 0.347084 0.327879
  9   6.790376 -0.619176 0.015206 0.195131 -0.061219 -2.312702
 10   8.637599 0.544015 -0.090417 -2.110302 -0.574587 0.044733
 11   6.790465 -0.619039 0.017802 0.135158 -0.108297 -1.634420
 12   -2.022474 -0.104699 -2.873818 -2.668080 1.634886 -5.997868
 13   1.167898 -0.537463 0.063297 -0.015465 -0.466179 -0.905570
 14   7.002743 -0.617765 -0.183752 -0.133562 0.034719 -2.175751
 15   8.209042 0.615527 -0.255885 2.592981 0.398209 0.964054
 16   7.002735 -0.617911 -0.183641 -0.077592 0.070128 -1.541635
 17   1.574674 0.609930 -0.000899 0.265209 -0.556873 0.693640
 18   -0.602177 0.511412 -0.000006 0.000000 0.000000 0.000000
 19   3.673773 0.177020 1.119313 -0.000002 -0.000014 -0.174510
 20   3.673767 0.176993 -1.117566 0.000007 -0.000003 -0.174546
 21   3.942357 1.330634 1.627658 0.000002 -0.000011 -0.000026
 22   -0.246060 -0.011889 0.516521 -0.000011 0.000031 0.000025
 23   3.942374 1.330659 -1.631083 0.000019 0.000002 -0.000024
 24   -0.246150 -0.011872 -0.516511 -0.000005 -0.000006 0.000048
 25   4.941364 1.997338 1.629330 0.000018 -0.000001 -0.000024
 26   4.941382 1.997366 -1.629410 -0.000001 0.000005 -0.000024
 27   2.918368 1.615358 1.514501 -0.000019 -0.000022 -0.000050
 28   2.920798 1.614964 -1.501142 -0.000002 -0.000009 -0.000024
 29   8.824059 0.150544 0.091743 0.000006 -0.000231 -0.174534
 30   2.111085 -0.561179 1.784320 -0.000008 -0.000682 0.000024
 31   2.121290 -0.561289 -1.853599 0.000000 0.000000 -0.000002
 32   -0.810489 -0.093824 3.127092 3.071872 -0.114782 1.239365
 33   14.298673 -0.408176 0.475484 0.000248 0.000062 -1.896136
 34   15.835795 0.581398 0.242756 -0.214729 0.106889 -0.097869
 35   -0.815868 -0.091229 -3.114430 0.066464 3.132725 -1.010185
 36   14.294526 -0.410349 -0.463635 0.000033 -0.000000 -2.607695
 37   15.834409 0.579420 -0.284600 -0.006092 -0.035255 0.214458
 38   1.139685 -3.453749 -2.823813 0.000000 0.000000 0.000001
 39   -4.457742 -1.054854 -0.746180 0.000000 0.000000 0.000000
 40   1.118101 -3.449769 3.237290 0.000000 0.000001 0.000000
 41   -4.433840 -1.059130 0.959566 -0.000001 0.000000 0.000000
 42   -0.657468 1.697302 -2.688614 0.000000 0.000002 0.000000
 43   -0.664068 1.698578 2.869377 0.000000 0.000002 0.000000
time 29
  0   -0.967547 0.175787 -20.574476 0.000000 0.000000 -1.572114
  1   -1.093036 0.000002 -0.326057 -1.569027 -1.622749 -0.001768
  2   2.262337 0.113614 0.064702 0.203582 -0.075850 0.299331
  3   2.380047 0.353302 0.047440 0.098197 -0.024333 0.341691
  4   2.033756 0.190472 -0.000128 0.046023 0.001043 0.047640
  5   2.451511 0.204909 -0.003447 -0.195115 0.217383 0.016209
  6   7.247600 -0.397300 -0.109469 0.056796 0.015853 0.258541
  7   -2.022252 -0.104661 3.136172 2.108307 -1.432343 -5.298609
  8   1.168026 -0.537438 -0.063437 1.642489 0.398153 0.497670
  9   6.790376 -0.619176 0.015206 0.190748 -0.063755 -2.250668
 10   8.637599 0.544015 -0.090417 -1.981111 -0.607600 0.055440
 11   6.790465 -0.619039 0.017802 0.130983 -0.107160 -1.590933
 12   -2.022474 -0.104699 -2.873818 -2.650452 1.627223 -5.985039
 13   1.167898 -0.537463 0.063297 -0.013567 -0.495775 -0.897882
 14   7.002743 -0.617765 -0.183752 -0.133562 0.034719 -2.175916
 15   8.209042 0.615527 -0.255885 2.590033 0.408801 0.956357
 16   7.002735 -0.617911 -0.183641 -0.077592 0.070128 -1.541801
 17   1.574674 0.609930 -0.000899 0.258832 -0.543265 0.693825
 18   -0.602177 0.511412 -0.000006 0.000000 0.000000 0.000000
 19   3.673773 0.177020 1.119313 -0.000002 -0.000014 -0.174510
 20   3.673767 0.176993 -1.117566 0.000007 -0.000003 -0.174546
 21   3.942357 1.330634 1.627658 0.000002 -0.000011 -0.000026
 22   -0.246060 -0.011889 0.516521 -0.000011 0.000031 0.000025
 23   3.942374 1.330659 -1.631083 0.000019 0.000002 -0.000024
 24   -0.246150 -0.011872 -0.516511 -0.000005 -0.000006 0.000048
 25   4.941364 1.997338 1.629330 0.000018 -0.000001 -0.000024
 26   4.941382 1.997366 -1.629410 -0.000001 0.000005 -0.000024
 27   2.918368 1.615358 1.514501 -0.000019 -0.000022 -0.000050
 28   2.920798 1.614964 -1.501142 -0.000002 -0.000009 -0.000024
 29   8.824059 0.150544 0.091743 0.000006 -0.000231 -0.174534
 30   2.111085 -0.561179 1.784320 -0.000008 -0.000682 0.000024
 31   2.121290 -0.561289 -1.853599 0.000000 0.000000 -0.000002
 32   -0.810489 -0.093824 3.127092 3.071872 -0.114782 1.239365
 33   14.298673 -0.408176 0.475484 0.000248 0.000062 -1.896136
 34   15.835795 0.581398 0.242756 -0.214729 0.106889 -0.097869
 35   -0.815868 -0.091229 -3.114430 0.066464 3.132725 -1.010185
 36   14.294526 -0.410349 -0.463635 0.000033 -0.000000 -2.607695
 37   15.834409 0.579420 -0.284600 -0.006092 -0.035255 0.214458
 38   1.139685 -3.453749 -2.823813 0.000000 0.000000 0.000001
 39   -4.457742 -1.054854 -0.746180 0.000000 0.000000 0.000000
 40   1.118101 -3.449769 3.237290 0.000000 0.000001 0.000000
 41   -4.433840 -1.059130 0.959566 -0.000001 0.000000 0.000000
 42   -0.657468 1.697302 -2.688614 0.000000 0.000002 0.000000
 43   -0.664068 1.698578 2.869377 0.000000 0.000002 0.000000
time 30
  0   -0.967547 0.175787 -20.574476 0.000000 0.000000 -1.572114
  1   -1.093036 0.000002 -0.326057 -1.569027 -1.622749 -0.001768
  2   2.262337 0.113614 0.064702 0.204436 -0.075514 0.300416
  3   2.380047 0.353302 0.047440 0.099157 -0.023937 0.339528
  4   2.033756 0.190472 -0.000128 0.046908 0.003607 0.042928
  5   2.451511 0.204909 -0.003447 -0.194790 0.206861 0.014971
  6   7.247600 -0.397300 -0.109469 0.056796 0.015853 0.258541
  7   -2.022252 -0.104661 3.136172 2.053476 -1.436205 -5.261701
  8   1.168026 -0.537438 -0.063437 1.698872 0.430203 0.679670
  9   6.790376 -0.619176 0.015206 0.181483 -0.067893 -2.128184
 10   8.637599 0.544015 -0.090417 -1.914974 -0.833201 0.100583
 11   6.790465 -0.619039 0.017802 0.122691 -0.104602 -1.504767
 12   -2.022474 -0.104699 -2.873818 -2.679098 1.627746 -6.021325
 13   1.167898 -0.537463 0.063297 -0.015676 -0.533000 -0.880569
 14   7.002743 -0.617765 -0.183752 -0.133790 0.034719 -2.177319
 15   8.209042 0.615527 -0.255885 2.592981 0.405548 0.943608
 16   7.002735 -0.617911 -0.183641 -0.077686 0.070128 -1.542684
 17   1.574674 0.609930 -0.000899 0.261066 -0.511244 0.682514
 18   -0.602177 0.511412 -0.000006 0.000000 0.000000 0.000000
 19   3.673773 0.177020 1.119313 -0.000002 -0.000014 -0.174510
 20   3.673767 0.176993 -1.117566 0.000007 -0.000003 -0.174546
 21   3.942357 1.330634 1.627658 0.000002 -0.000011 -0.000026
 22   -0.246060 -0.011889 0.516521 -0.000011 0.000031 0.000025
 23   3.942374 1.330659 -1.631083 0.000019 0.000002 -0.000024
 24   -0.246150 -0.011872 -0.516511 -0.000005 -0.000006 0.000048
 25   4.941364 1.997338 1.629330 0.000018 -0.000001 -0.000024
 26   4.941382 1.997366 -1.629410 -0.000001 0.000005 -0.000024
 27   2.918368 1.615358 1.514501 -0.000019 -0.000022 -0.000050
 28   2.920798 1.614964 -1.501142 -0.000002 -0.000009 -0.000024
 29   8.824059 0.150544 0.091743 0.000006 -0.000231 -0.174534
 30   2.111085 -0.561179 1.784320 -0.000008 -0.000682 0.000024
 31   2.121290 -0.561289 -1.853599 0.000000 0.000000 -0.000002
 32   -0.810489 -0.093824 3.127092 3.071872 -0.114782 1.239365
 33   14.298673 -0.408176 0.475484 0.000248 0.000062 -1.896136
 34   15.835795 0.581398 0.242756 -0.214729 0.106889 -0.097869
 35   -0.815868 -0.091229 -3.114430 0.066464 3.132725 -1.010185
 36   14.294526 -0.410349 -0.463635 0.000033 -0.000000 -2.607695
 37   15.834409 0.579420 -0.284600 -0.006092 -0.035255 0.214458
 38   1.139685 -3.453749 -2.823813 0.000000 0.000000 0.000001
 39   -4.457742 -1.054854 -0.746180 0.000000 0.000000 0.000000
 40   1.118101 -3.449769 3.237290 0.000000 0.000001 0.000000
 41   -4.433840 -1.059130 0.959566 -0.000001 0.000000 0.000000
 42   -0.657468 1.697302 -2.688614 0.000000 0.000002 0.000000
 43   -0.664068 1.698578 2.869377 0.000000 0.000002 0.000000
time 31
  0   -0.967547 0.175787 -20.574476 0.000000 0.000000 -1.572114
  1   -1.093036 0.000002 -0.326057 -1.569027 -1.622749 -0.001768
  2   2.262337 0.113614 0.064702 0.205939 -0.072854 0.304066
  3   2.380047 0.353302 0.047440 0.101227 -0.022631 0.333406
  4   2.033756 0.190472 -0.000128 0.048070 0.004818 0.032017
  5   2.451511 0.204909 -0.003447 -0.192616 0.173086 0.014773
  6   7.247600 -0.397300 -0.109469 0.056796 0.015853 0.258541
  7   -2.022252 -0.104661 3.136172 2.017913 -1.436868 -5.240946
  8   1.168026 -0.537438 -0.063437 1.660777 0.441524 0.843641
  9   6.790376 -0.619176 0.015206 0.169333 -0.071430 -1.974306
 10   8.637599 0.544015 -0.090417 -2.141917 -0.859879 0.267264
 11   6.790465 -0.619039 0.017802 0.112706 -0.100480 -1.396684
 12   -2.022474 -0.104699 -2.873818 -2.735145 1.653809 0.202230
 13   1.167898 -0.537463 0.063297 -0.027275 -0.560257 -0.860835
 14   7.002743 -0.617765 -0.183752 -0.133847 0.034719 -2.177979
 15   8.209042 0.615527 -0.255885 2.596792 0.396847 0.937774
 16   7.002735 -0.617911 -0.183641 -0.077733 0.070184 -1.543236
 17   1.574674 0.609930 -0.000899 0.272642 -0.457828 0.666030
 18   -0.602177 0.511412 -0.000006 0.000000 0.000000 0.000000
 19   3.673773 0.177020 1.119313 -0.000002 -0.000014 -0.174510
 20   3.673767 0.176993 -1.117566 0.000007 -0.000003 -0.174546
 21   3.942357 1.330634 1.627658 0.000002 -0.000011 -0.000026
 22   -0.246060 -0.011889 0.516521 -0.000011 0.000031 0.000025
 23   3.942374 1.330659 -1.631083 0.000019 0.000002 -0.000024
 24   -0.246150 -0.011872 -0.516511 -0.000005 -0.000006 0.000048
 25   4.941364 1.997338 1.629330 0.000018 -0.000001 -0.000024
 26   4.941382 1.997366 -1.629410 -0.000001 0.000005 -0.000024
 27   2.918368 1.615358 1.514501 -0.000019 -0.000022 -0.000050
 28   2.920798 1.614964 -1.501142 -0.000002 -0.000009 -0.000024
 29   8.824059 0.150544 0.091743 0.000006 -0.000231 -0.174534
 30   2.111085 -0.561179 1.784320 -0.000008 -0.000682 0.000024
 31   2.121290 -0.561289 -1.853599 0.000000 0.000000 -0.000002
 32   -0.810489 -0.093824 3.127092 3.071872 -0.114782 1.239365
 33   14.298673 -0.408176 0.475484 0.000248 0.000062 -1.896136
 34   15.835795 0.581398 0.242756 -0.214729 0.106889 -0.097869
 35   -0.815868 -0.091229 -3.114430 0.066464 3.132725 -1.010185
 36   14.294526 -0.410349 -0.463635 0.000033 -0.000000 -2.607695
 37   15.834409 0.579420 -0.284600 -0.006092 -0.035255 0.214458
 38   1.139685 -3.453749 -2.823813 0.000000 0.000000 0.000001
 39   -4.457742 -1.054854 -0.746180 0.000000 0.000000 0.000000
 40   1.118101 -3.449769 3.237290 0.000000 0.000001 0.000000
 41   -4.433840 -1.059130 0.959566 -0.000001 0.000000 0.000000
 42   -0.657468 1.697302 -2.688614 0.000000 0.000002 0.000000
 43   -0.664068 1.698578 2.869377 0.000000 0.000002 0.000000
time 32
  0   -0.967547 0.175787 -20.574476 0.000000 0.000000 -1.572114
  1   -1.093036 0.000002 -0.326057 -1.569027 -1.622749 -0.001768
  2   2.262337 0.113614 0.064702 0.206002 -0.070169 0.307120
  3   2.380047 0.353302 0.047440 0.102562 -0.020929 0.327468
  4   2.033756 0.190472 -0.000128 0.049029 0.006604 0.021578
  5   2.451511 0.204909 -0.003447 -0.190562 0.135917 0.015615
  6   7.247600 -0.397300 -0.109469 0.056796 0.015853 0.258541
  7   -2.022252 -0.104661 3.136172 1.794276 -1.448514 -5.050396
  8   1.168026 -0.537438 -0.063437 1.543898 0.444945 0.978829
  9   6.790376 -0.619176 0.015206 0.158015 -0.072965 -1.835295
 10   8.637599 0.544015 -0.090417 -2.620902 -0.543967 0.449282
 11   6.790465 -0.619039 0.017802 0.104064 -0.096046 -1.299271
 12   -2.022474 -0.104699 -2.873818 -2.773085 1.678944 0.159338
 13   1.167898 -0.537463 0.063297 -0.040701 -0.580954 -0.843764
 14   7.002743 -0.617765 -0.183752 -0.133619 0.034719 -2.176246
 15   8.209042 0.615527 -0.255885 2.606355 0.390189 0.934106
 16   7.002735 -0.617911 -0.183641 -0.077639 0.070128 -1.542187
 17   1.574674 0.609930 -0.000899 0.285519 -0.405453 0.635389
 18   -0.602177 0.511412 -0.000006 0.000000 0.000000 0.000000
 19   3.673773 0.177020 1.119313 -0.000002 -0.000014 -0.174510
 20   3.673767 0.176993 -1.117566 0.000007 -0.000003 -0.174546
 21   3.942357 1.330634 1.627658 0.000002 -0.000011 -0.000026
 22   -0.246060 -0.011889 0.516521 -0.000011 0.000031 0.000025
 23   3.942374 1.330659 -1.631083 0.000019 0.000002 -0.000024
 24   -0.246150 -0.011872 -0.516511 -0.000005 -0.000006 0.000048
 25   4.941364 1.997338 1.629330 0.000018 -0.000001 -0.000024
 26   4.941382 1.997366 -1.629410 -0.000001 0.000005 -0.000024
 27   2.918368 1.615358 1.514501 -0.000019 -0.000022 -0.000050
 28   2.920798 1.614964 -1.501142 -0.000002 -0.000009 -0.000024
 29   8.824059 0.150544 0.091743 0.000006 -0.000231 -0.174534
 30   2.111085 -0.561179 1.784320 -0.000008 -0.000682 0.000024
 31   2.121290 -0.561289 -1.853599 0.000000 0.000000 -0.000002
 32   -0.810489 -0.093824 3.127092 3.071872 -0.114782 1.239365
 33   14.298673 -0.408176 0.475484 0.000248 0.000062 -1.896136
 34   15.835795 0.581398 0.242756 -0.214729 0.106889 -0.097869
 35   -0.815868 -0.091229 -3.114430 0.066464 3.132725 -1.010185
 36   14.294526 -0.410349 -0.463635 0.000033 -0.000000 -2.607695
 37   15.834409 0.579420 -0.284600 -0.006092 -0.035255 0.214458
 38   1.139685 -3.453749 -2.823813 0.000000 0.000000 0.000001
 39   -4.457742 -1.054854 -0.746180 0.000000 0.000000 0.000000
 40   1.118101 -3.449769 3.237290 0.000000 0.000001 0.000000
 41   -4.433840 -1.059130 0.959566 -0.000001 0.000000 0.000000
 42   -0.657468 1.697302 -2.688614 0.000000 0.000002 0.000000
 43   -0.664068 1.698578 2.869377 0.000000 0.000002 0.000000
time 33
  0   -0.967547 0.175787 -20.574476 0.000000 0.000000 -1.572114
  1   -1.093036 0.000002 -0.326057 -1.569027 -1.622749 -0.001768
  2   2.262337 0.113614 0.064702 0.203035 -0.069318 0.306108
  3   2.380047 0.353302 0.047440 0.101347 -0.019982 0.325815
  4   2.033756 0.190472 -0.000128 0.049195 0.010559 0.018787
  5   2.451511 0.204909 -0.003447 -0.189929 0.115942 0.017299
  6   7.247600 -0.397300 -0.109469 0.056796 0.015853 0.258541
  7   -2.022252 -0.104661 3.136172 1.438930 -1.454395 -4.737476
  8   1.168026 -0.537438 -0.063437 1.444674 0.483939 1.046644
  9   6.790376 -0.619176 0.015206 0.148195 -0.073032 -1.714773
 10   8.637599 0.544015 -0.090417 -2.660443 -0.367991 0.399075
 11   6.790465 -0.619039 0.017802 0.096794 -0.091640 -1.214835
 12   -2.022474 -0.104699 -2.873818 -2.798474 1.679437 0.119797
 13   1.167898 -0.537463 0.063297 -0.048082 -0.599058 -0.833897
 14   7.002743 -0.617765 -0.183752 -0.133505 0.034775 -2.174101
 15   8.209042 0.615527 -0.255885 2.620735 0.386406 0.933264
 16   7.002735 -0.617911 -0.183641 -0.077451 0.070015 -1.540531
 17   1.574674 0.609930 -0.000899 0.294821 -0.377242 0.579615
 18   -0.602177 0.511412 -0.000006 0.000000 0.000000 0.000000
 19   3.673773 0.177020 1.119313 -0.000002 -0.000014 -0.174510
 20   3.673767 0.176993 -1.117566 0.000007 -0.000003 -0.174546
 21   3.942357 1.330634 1.627658 0.000002 -0.000011 -0.000026
 22   -0.246060 -0.011889 0.516521 -0.000011 0.000031 0.000025
 23   3.942374 1.330659 -1.631083 0.000019 0.000002 -0.000024
 24   -0.246150 -0.011872 -0.516511 -0.000005 -0.000006 0.000048
 25   4.941364 1.997338 1.629330 0.000018 -0.000001 -0.000024
 26   4.941382 1.997366 -1.629410 -0.000001 0.000005 -0.000024
 27   2.918368 1.615358 1.514501 -0.000019 -0.000022 -0.000050
 28   2.920798 1.614964 -1.501142 -0.000002 -0.000009 -0.000024
 29   8.824059 0.150544 0.091743 0.000006 -0.000231 -0.174534
 30   2.111085 -0.561179 1.784320 -0.000008 -0.000682 0.000024
 31   2.121290 -0.561289 -1.853599 0.000000 0.000000 -0.000002
 32   -0.810489 -0.093824 3.127092 3.071872 -0.114782 1.239365
 33   14.298673 -0.408176 0.475484 0.000248 0.000062 -1.896136
 34   15.835795 0.581398 0.242756 -0.214729 0.106889 -0.097869
 35   -0.815868 -0.091229 -3.114430 0.066464 3.132725 -1.010185
 36   14.294526 -0.410349 -0.463635 0.000033 -0.000000 -2.607695
 37   15.834409 0.579420 -0.284600 -0.006092 -0.035255 0.214458
 38   1.139685 -3.453749 -2.823813 0.000000 0.000000 0.000001
 39   -4.457742 -1.054854 -0.746180 0.000000 0.000000 0.000000
 40   1.118101 -3.449769 3.237290 0.000000 0.000001 0.000000
 41   -4.433840 -1.059130 0.959566 -0.000001 0.000000 0.000000
 42   -0.657468 1.697302 -2.688614 0.000000 0.000002 0.000000
 43   -0.664068 1.698578 2.869377 0.000000 0.000002 0.000000
time 34
  0   -0.967547 0.175787 -20.574476 0.000000 0.000000 -1.572114
  1   -1.093036 0.000002 -0.326057 -1.569027 -1.622749 -0.001768
  2   2.262337 0.113614 0.064702 0.196831 -0.070840 0.304482
  3   2.380047 0.353302 0.047440 0.097477 -0.020833 0.325815
  4   2.033756 0.190472 -0.000128 0.048771 0.015244 0.017772
  5   2.451511 0.204909 -0.003447 -0.190357 0.106920 0.017918
  6   7.247600 -0.397300 -0.109469 0.056796 0.015853 0.258541
  7   -2.022252 -0.104661 3.136172 1.196602 -1.441625 -4.522320
  8   1.168026 -0.537438 -0.063437 1.359499 0.551260 1.107627
  9   6.790376 -0.619176 0.015206 0.138930 -0.072031 -1.601723
 10   8.637599 0.544015 -0.090417 -2.584179 -0.267896 0.353715
 11   6.790465 -0.619039 0.017802 0.090342 -0.087035 -1.135763
 12   -2.022474 -0.104699 -2.873818 -2.822713 1.670382 0.085713
 13   1.167898 -0.537463 0.063297 -0.049980 -0.608923 -0.832202
 14   7.002743 -0.617765 -0.183752 -0.133391 0.034889 -2.173111
 15   8.209042 0.615527 -0.255885 2.637489 0.381715 0.937233
 16   7.002735 -0.617911 -0.183641 -0.077404 0.070015 -1.539759
 17   1.574674 0.609930 -0.000899 0.306195 -0.361054 0.515894
 18   -0.602177 0.511412 -0.000006 0.000000 0.000000 0.000000
 19   3.673773 0.177020 1.119313 -0.000002 -0.000014 -0.174510
 20   3.673767 0.176993 -1.117566 0.000007 -0.000003 -0.174546
 21   3.942357 1.330634 1.627658 0.000002 -0.000011 -0.000026
 22   -0.246060 -0.011889 0.516521 -0.000011 0.000031 0.000025
 23   3.942374 1.330659 -1.631083 0.000019 0.000002 -0.000024
 24   -0.246150 -0.011872 -0.516511 -0.000005 -0.000006 0.000048
 25   4.941364 1.997338 1.629330 0.000018 -0.000001 -0.000024
 26   4.941382 1.997366 -1.629410 -0.000001 0.000005 -0.000024
 27   2.918368 1.615358 1.514501 -0.000019 -0.000022 -0.000050
 28   2.920798 1.614964 -1.501142 -0.000002 -0.000009 -0.000024
 29   8.824059 0.150544 0.091743 0.000006 -0.000231 -0.174534
 30   2.111085 -0.561179 1.784320 -0.000008 -0.000682 0.000024
 31   2.121290 -0.561289 -1.853599 0.000000 0.000000 -0.000002
 32   -0.810489 -0.093824 3.127092 3.071872 -0.114782 1.239365
 33   14.298673 -0.408176 0.475484 0.000248 0.000062 -1.896136
 34   15.835795 0.581398 0.242756 -0.214729 0.106889 -0.097869
 35   -0.815868 -0.091229 -3.114430 0.066464 3.132725 -1.010185
 36   14.294526 -0.410349 -0.463635 0.000033 -0.000000 -2.607695
 37   15.834409 0.579420 -0.284600 -0.006092 -0.035255 0.214458
 38   1.139685 -3.453749 -2.823813 0.000000 0.000000 0.000001
 39   -4.457742 -1.054854 -0.746180 0.000000 0.000000 0.000000
 40   1.118101 -3.449769 3.237290 0.000000 0.000001 0.000000
 41   -4.433840 -1.059130 0.959566 -0.000001 0.000000 0.000000
 42   -0.657468 1.697302 -2.688614 0.000000 0.000002 0.000000
 43   -0.664068 1.698578 2.869377 0.000000 0.000002 0.000000
time 35
  0   -0.967547 0.175787 -20.574476 0.000000 0.000000 -1.572114
  1   -1.093036 0.000002 -0.326057 -1.569027 -1.622749 -0.001768
  2   2.262337 0.113614 0.064702 0.183024 -0.070816 0.307301
  3   2.380047 0.353302 0.047440 0.089511 -0.020570 0.326652
  4   2.033756 0.190472 -0.000128 0.046871 0.018996 0.015126
  5   2.451511 0.204909 -0.003447 -0.192719 0.101476 0.016779
  6   7.247600 -0.397300 -0.109469 0.056796 0.015853 0.258541
  7   -2.022252 -0.104661 3.136172 1.051185 -1.424444 -4.377224
  8   1.168026 -0.537438 -0.063437 1.315962 0.604995 1.046834
  9   6.790376 -0.619176 0.015206 0.132328 -0.070696 -1.521652
 10   8.637599 0.544015 -0.090417 -2.559169 -0.239599 0.432643
 11   6.790465 -0.619039 0.017802 0.086021 -0.083567 -1.079645
 12   -2.022474 -0.104699 -2.873818 3.385489 1.655522 0.016683
 13   1.167898 -0.537463 0.063297 -0.037608 -0.613551 -0.853147
 14   7.002743 -0.617765 -0.183752 -0.133221 0.034889 -2.171296
 15   8.209042 0.615527 -0.255885 2.645901 0.380202 0.942285
 16   7.002735 -0.617911 -0.183641 -0.077263 0.070015 -1.538489
 17   1.574674 0.609930 -0.000899 0.330607 -0.367160 0.446962
 18   -0.602177 0.511412 -0.000006 0.000000 0.000000 0.000000
 19   3.673773 0.177020 1.119313 -0.000002 -0.000014 -0.174510
 20   3.673767 0.176993 -1.117566 0.000007 -0.000003 -0.174546
 21   3.942357 1.330634 1.627658 0.000002 -0.000011 -0.000026
 22   -0.246060 -0.011889 0.516521 -0.000011 0.000031 0.000025
 23   3.942374 1.330659 -1.631083 0.000019 0.000002 -0.000024
 24   -0.246150 -0.011872 -0.516511 -0.000005 -0.000006 0.000048
 25   4.941364 1.997338 1.629330 0.000018 -0.000001 -0.000024
 26   4.941382 1.997366 -1.629410 -0.000001 0.000005 -0.000024
 27   2.918368 1.615358 1.514501 -0.000019 -0.000022 -0.000050
 28   2.920798 1.614964 -1.501142 -0.000002 -0.000009 -0.000024
 29   8.824059 0.150544 0.091743 0.000006 -0.000231 -0.174534
 30   2.111085 -0.561179 1.784320 -0.000008 -0.000682 0.000024
 31   2.121290 -0.561289 -1.853599 0.000000 0.000000 -0.000002
 32   -0.810489 -0.093824 3.127092 3.071872 -0.114782 1.239365
 33   14.298673 -0.408176 0.475484 0.000248 0.000062 -1.896136
 34   15.835795 0.581398 0.242756 -0.214729 0.106889 -0.097869
 35   -0.815868 -0.091229 -3.114430 0.066464 3.132725 -1.010185
 36   14.294526 -0.410349 -0.463635 0.000033 -0.000000 -2.607695
 37   15.834409 0.579420 -0.284600 -0.006092 -0.035255 0.214458
 38   1.139685 -3.453749 -2.823813 0.000000 0.000000 0.000001
 39   -4.457742 -1.054854 -0.746180 0.000000 0.000000 0.000000
 40   1.118101 -3.449769 3.237290 0.000000 0.000001 0.000000
 41   -4.433840 -1.059130 0.959566 -0.000001 0.000000 0.000000
 42   -0.657468 1.697302 -2.688614 0.000000 0.000002 0.000000
 43   -0.664068 1.698578 2.869377 0.000000 0.000002 0.000000
time 36
  0   -0.967547 0.175787 -20.574476 0.000000 0.000000 -1.572114
  1   -1.093036 0.000002 -0.326057 -1.569027 -1.622749 -0.001768
  2   2.262337 0.113614 0.064702 0.166121 -0.071979 0.315559
  3   2.380047 0.353302 0.047440 0.079970 -0.021397 0.328121
  4   2.033756 0.190472 -0.000128 0.044289 0.021081 0.010269
  5   2.451511 0.204909 -0.003447 -0.196125 0.100823 0.013064
  6   7.247600 -0.397300 -0.109469 0.056796 0.015853 0.258541
  7   -2.022252 -0.104661 3.136172 0.985714 -1.405592 -4.301435
  8   1.168026 -0.537438 -0.063437 1.303559 0.624467 0.913038
  9   6.790376 -0.619176 0.015206 0.131884 -0.070562 -1.514256
 10   8.637599 0.544015 -0.090417 -2.692939 -0.215666 0.536457
 11   6.790465 -0.619039 0.017802 0.085670 -0.083283 -1.074512
 12   -2.022474 -0.104699 -2.873818 3.361538 1.644812 0.005195
 13   1.167898 -0.537463 0.063297 -0.022143 -0.614517 -0.888378
 14   7.002743 -0.617765 -0.183752 -0.133391 0.034889 -2.173111
 15   8.209042 0.615527 -0.255885 2.646908 0.377024 0.942164
 16   7.002735 -0.617911 -0.183641 -0.077404 0.070015 -1.539814
 17   1.574674 0.609930 -0.000899 0.377320 -0.379514 0.361582
 18   -0.602177 0.511412 -0.000006 0.000000 0.000000 0.000000
 19   3.673773 0.177020 1.119313 -0.000002 -0.000014 -0.174510
 20   3.673767 0.176993 -1.117566 0.000007 -0.000003 -0.174546
 21   3.942357 1.330634 1.627658 0.000002 -0.000011 -0.000026
 22   -0.246060 -0.011889 0.516521 -0.000011 0.000031 0.000025
 23   3.942374 1.330659 -1.631083 0.000019 0.000002 -0.000024
 24   -0.246150 -0.011872 -0.516511 -0.000005 -0.000006 0.000048
 25   4.941364 1.997338 1.629330 0.000018 -0.000001 -0.000024
 26   4.941382 1.997366 -1.629410 -0.000001 0.000005 -0.000024
 27   2.918368 1.615358 1.514501 -0.000019 -0.000022 -0.000050
 28   2.920798 1.614964 -1.501142 -0.000002 -0.000009 -0.000024
 29   8.824059 0.150544 0.091743 0.000006 -0.000231 -0.174534
 30   2.111085 -0.561179 1.784320 -0.000008 -0.000682 0.000024
 31   2.121290 -0.561289 -1.853599 0.000000 0.000000 -0.000002
 32   -0.810489 -0.093824 3.127092 3.071872 -0.114782 1.239365
 33   14.298673 -0.408176 0.475484 0.000248 0.000062 -1.896136
 34   15.835795 0.581398 0.242756 -0.214729 0.106889 -0.097869
 35   -0.815868 -0.091229 -3.114430 0.066464 3.132725 -1.010185
 36   14.294526 -0.410349 -0.463635 0.000033 -0.000000 -2.607695
 37   15.834409 0.579420 -0.284600 -0.006092 -0.035255 0.214458
 38   1.139685 -3.453749 -2.823813 0.000000 0.000000 0.000001
 39   -4.457742 -1.054854 -0.746180 0.000000 0.000000 0.000000
 40   1.118101 -3.449769 3.237290 0.000000 0.000001 0.000000
 41   -4.433840 -1.059130 0.959566 -0.000001 0.000000 0.000000
 42   -0.657468 1.697302 -2.688614 0.000000 0.000002 0.000000
 43   -0.664068 1.698578 2.869377 0.000000 0.000002 0.000000
time 37
  0   -0.967547 0.175787 -20.574476 0.000000 0.000000 -1.572114
  1   -1.093036 0.000002 -0.326057 -1.569027 -1.622749 -0.001768
  2   2.262337 0.113614 0.064702 0.154734 -0.076509 0.323022
  3   2.380047 0.353302 0.047440 0.072980 -0.025375 0.329366
  4   2.033756 0.190472 -0.000128 0.042445 0.019223 0.005992
  5   2.451511 0.204909 -0.003447 -0.199360 0.113278 0.007566
  6   7.247600 -0.397300 -0.109469 0.056796 0.015853 0.258541
  7   -2.022252 -0.104661 3.136172 0.967980 -1.380167 -4.282089
  8   1.168026 -0.537438 -0.063437 1.222117 0.687863 0.856863
  9   6.790376 -0.619176 0.015206 0.136045 -0.071497 -1.566857
 10   8.637599 0.544015 -0.090417 -2.800642 -0.170335 0.573859
 11   6.790465 -0.619039 0.017802 0.088561 -0.085614 -1.111251
 12   -2.022474 -0.104699 -2.873818 -2.816869 1.643941 0.122765
 13   1.167898 -0.537463 0.063297 -0.017152 -0.604957 -0.915619
 14   7.002743 -0.617765 -0.183752 -0.133619 0.034719 -2.176246
 15   8.209042 0.615527 -0.255885 2.649928 0.376192 0.939759
 16   7.002735 -0.617911 -0.183641 -0.077639 0.070128 -1.542187
 17   1.574674 0.609930 -0.000899 0.419728 -0.377834 0.283372
 18   -0.602177 0.511412 -0.000006 0.000000 0.000000 0.000000
 19   3.673773 0.177020 1.119313 -0.000002 -0.000014 -0.174510
 20   3.673767 0.176993 -1.117566 0.000007 -0.000003 -0.174546
 21   3.942357 1.330634 1.627658 0.000002 -0.000011 -0.000026
 22   -0.246060 -0.011889 0.516521 -0.000011 0.000031 0.000025
 23   3.942374 1.330659 -1.631083 0.000019 0.000002 -0.000024
 24   -0.246150 -0.011872 -0.516511 -0.000005 -0.000006 0.000048
 25   4.941364 1.997338 1.629330 0.000018 -0.000001 -0.000024
 26   4.941382 1.997366 -1.629410 -0.000001 0.000005 -0.000024
 27   2.918368 1.615358 1.514501 -0.000019 -0.000022 -0.000050
 28   2.920798 1.614964 -1.501142 -0.000002 -0.000009 -0.000024
 29   8.824059 0.150544 0.091743 0.000006 -0.000231 -0.174534
 30   2.111085 -0.561179 1.784320 -0.000008 -0.000682 0.000024
 31   2.121290 -0.561289 -1.853599 0.000000 0.000000 -0.000002
 32   -0.810489 -0.093824 3.127092 3.071872 -0.114782 1.239365
 33   14.298673 -0.408176 0.475484 0.000248 0.000062 -1.896136
 34   15.835795 0.581398 0.242756 -0.214729 0.106889 -0.097869
 35   -0.815868 -0.091229 -3.114430 0.066464 3.132725 -1.010185
 36   14.294526 -0.410349 -0.463635 0.000033 -0.000000 -2.607695
 37   15.834409 0.579420 -0.284600 -0.006092 -0.035255 0.214458
 38   1.139685 -3.453749 -2.823813 0.000000 0.000000 0.000001
 39   -4.457742 -1.054854 -0.746180 0.000000 0.000000 0.000000
 40   1.118101 -3.449769 3.237290 0.000000 0.000001 0.000000
 41   -4.433840 -1.059130 0.959566 -0.000001 0.000000 0.000000
 42   -0.657468 1.697302 -2.688614 0.000000 0.000002 0.000000
 43   -0.664068 1.698578 2.869377 0.000000 0.000002 0.000000
time 38
  0   -0.967547 0.175787 -20.574476 0.000000 0.000000 -1.572114
  1   -1.093036 0.000002 -0.326057 -1.569027 -1.622749 -0.001768
  2   2.262337 0.113614 0.064702 0.146633 -0.081578 0.322968
  3   2.380047 0.353302 0.047440 0.067580 -0.028456 0.331100
  4   2.033756 0.190472 -0.000128 0.040767 0.018420 0.007623
  5   2.451511 0.204909 -0.003447 -0.201996 0.131008 0.004099
  6   7.247600 -0.397300 -0.109469 0.056796 0.015853 0.258541
  7   -2.022252 -0.104661 3.136172 1.009103 -1.355982 -4.341443
  8   1.168026 -0.537438 -0.063437 1.088595 0.789649 0.774751
  9   6.790376 -0.619176 0.015206 0.143202 -0.072565 -1.654852
 10   8.637599 0.544015 -0.090417 -2.927632 -0.081291 0.602001
 11   6.790465 -0.619039 0.017802 0.093407 -0.089309 -1.172963
 12   -2.022474 -0.104699 -2.873818 -2.801348 1.630242 0.135307
 13   1.167898 -0.537463 0.063297 -0.015465 -0.607296 -0.923670
 14   7.002743 -0.617765 -0.183752 -0.133505 0.034719 -2.175421
 15   8.209042 0.615527 -0.255885 2.653955 0.377327 0.938616
 16   7.002735 -0.617911 -0.183641 -0.077545 0.070128 -1.541414
 17   1.574674 0.609930 -0.000899 0.447146 -0.377881 0.218838
 18   -0.602177 0.511412 -0.000006 0.000000 0.000000 0.000000
 19   3.673773 0.177020 1.119313 -0.000002 -0.000014 -0.174510
 20   3.673767 0.176993 -1.117566 0.000007 -0.000003 -0.174546
 21   3.942357 1.330634 1.627658 0.000002 -0.000011 -0.000026
 22   -0.246060 -0.011889 0.516521 -0.000011 0.000031 0.000025
 23   3.942374 1.330659 -1.631083 0.000019 0.000002 -0.000024
 24   -0.246150 -0.011872 -0.516511 -0.000005 -0.000006 0.000048
 25   4.941364 1.997338 1.629330 0.000018 -0.000001 -0.000024
 26   4.941382 1.997366 -1.629410 -0.000001 0.000005 -0.000024
 27   2.918368 1.615358 1.514501 -0.000019 -0.000022 -0.000050
 28   2.920798 1.614964 -1.501142 -0.000002 -0.000009 -0.000024
 29   8.824059 0.150544 0.091743 0.000006 -0.000231 -0.174534
 30   2.111085 -0.561179 1.784320 -0.000008 -0.000682 0.000024
 31   2.121290 -0.561289 -1.853599 0.000000 0.000000 -0.000002
 32   -0.810489 -0.093824 3.127092 3.071872 -0.114782 1.239365
 33   14.298673 -0.408176 0.475484 0.000248 0.000062 -1.896136
 34   15.835795 0.581398 0.242756 -0.214729 0.106889 -0.097869
 35   -0.815868 -0.091229 -3.114430 0.066464 3.132725 -1.010185
 36   14.294526 -0.410349 -0.463635 0.000033 -0.000000 -2.607695
 37   15.834409 0.579420 -0.284600 -0.006092 -0.035255 0.214458
 38   1.139685 -3.453749 -2.823813 0.000000 0.000000 0.000001
 39   -4.457742 -1.054854 -0.746180 0.000000 0.000000 0.000000
 40   1.118101 -3.449769 3.237290 0.000000 0.000001 0.000000
 41   -4.433840 -1.059130 0.959566 -0.000001 0.000000 0.000000
 42   -0.657468 1.697302 -2.688614 0.000000 0.000002 0.000000
 43   -0.664068 1.698578 2.869377 0.000000 0.000002 0.000000
time 39
  0   -0.967547 0.175787 -20.574476 0.000000 0.000000 -1.572114
  1   -1.093036 0.000002 -0.326057 -1.569027 -1.622749 -0.001768
  2   2.262337 0.113614 0.064702 0.140595 -0.084670 0.317818
  3   2.380047 0.353302 0.047440 0.063514 -0.029666 0.331243
  4   2.033756 0.190472 -0.000128 0.039365 0.019127 0.011755
  5   2.451511 0.204909 -0.003447 -0.203451 0.144076 0.003455
  6   7.247600 -0.397300 -0.109469 0.056796 0.015853 0.258541
  7   -2.022252 -0.104661 3.136172 1.027796 -1.338945 -4.386333
  8   1.168026 -0.537438 -0.063437 0.836296 0.886202 0.525884
  9   6.790376 -0.619176 0.015206 0.150858 -0.073098 -1.747149
 10   8.637599 0.544015 -0.090417 -3.100679 -0.018855 0.623198
 11   6.790465 -0.619039 0.017802 0.098750 -0.092862 -1.237674
 12   -2.022474 -0.104699 -2.873818 3.271383 1.611057 -0.083653
 13   1.167898 -0.537463 0.063297 -0.013356 -0.618941 -0.917132
 14   7.002743 -0.617765 -0.183752 -0.133164 0.034889 -2.170470
 15   8.209042 0.615527 -0.255885 2.652445 0.375738 0.935068
 16   7.002735 -0.617911 -0.183641 -0.077216 0.069959 -1.537937
 17   1.574674 0.609930 -0.000899 0.465060 -0.380011 0.180288
 18   -0.602177 0.511412 -0.000006 0.000000 0.000000 0.000000
 19   3.673773 0.177020 1.119313 -0.000002 -0.000014 -0.174510
 20   3.673767 0.176993 -1.117566 0.000007 -0.000003 -0.174546
 21   3.942357 1.330634 1.627658 0.000002 -0.000011 -0.000026
 22   -0.246060 -0.011889 0.516521 -0.000011 0.000031 0.000025
 23   3.942374 1.330659 -1.631083 0.000019 0.000002 -0.000024
 24   -0.246150 -0.011872 -0.516511 -0.000005 -0.000006 0.000048
 25   4.941364 1.997338 1.629330 0.000018 -0.000001 -0.000024
 26   4.941382 1.997366 -1.629410 -0.000001 0.000005 -0.000024
 27   2.918368 1.615358 1.514501 -0.000019 -0.000022 -0.000050
 28   2.920798 1.614964 -1.501142 -0.000002 -0.000009 -0.000024
 29   8.824059 0.150544 0.091743 0.000006 -0.000231 -0.174534
 30   2.111085 -0.561179 1.784320 -0.000008 -0.000682 0.000024
 31   2.121290 -0.561289 -1.853599 0.000000 0.000000 -0.000002
 32   -0.810489 -0.093824 3.127092 3.071872 -0.114782 1.239365
 33   14.298673 -0.408176 0.475484 0.000248 0.000062 -1.896136
 34   15.835795 0.581398 0.242756 -0.214729 0.106889 -0.097869
 35   -0.815868 -0.091229 -3.114430 0.066464 3.132725 -1.010185
 36   14.294526 -0.410349 -0.463635 0.000033 -0.000000 -2.607695
 37   15.834409 0.579420 -0.284600 -0.006092 -0.035255 0.214458
 38   1.139685 -3.453749 -2.823813 0.000000 0.000000 0.000001
 39   -4.457742 -1.054854 -0.746180 0.000000 0.000000 0.000000
 40   1.118101 -3.449769 3.237290 0.000000 0.000001 0.000000
 41   -4.433840 -1.059130 0.959566 -0.000001 0.000000 0.000000
 42   -0.657468 1.697302 -2.688614 0.000000 0.000002 0.000000
 43   -0.664068 1.698578 2.869377 0.000000 0.000002 0.000000
time 40
  0   -0.967547 0.175787 -20.574476 0.000000 0.000000 -1.572114
  1   -1.093036 0.000002 -0.326057 -1.569027 -1.622749 -0.001768
  2   2.262337 0.113614 0.064702 0.138455 -0.085006 0.309541
  3   2.380047 0.353302 0.047440 0.061459 -0.029726 0.329590
  4   2.033756 0.190472 -0.000128 0.038517 0.020026 0.013930
  5   2.451511 0.204909 -0.003447 -0.204050 0.147523 0.003876
  6   7.247600 -0.397300 -0.109469 0.056796 0.015853 0.258541
  7   -2.022252 -0.104661 3.136172 1.038628 -1.334247 -4.418640
  8   1.168026 -0.537438 -0.063437 0.440097 0.910202 0.099003
  9   6.790376 -0.619176 0.015206 0.155130 -0.073098 -1.799674
 10   8.637599 0.544015 -0.090417 -3.277249 0.005993 0.648735
 11   6.790465 -0.619039 0.017802 0.101874 -0.094795 -1.274471
 12   -2.022474 -0.104699 -2.873818 -0.228066 1.535624 -3.589884
 13   1.167898 -0.537463 0.063297 -0.018769 -0.631248 -0.904662
 14   7.002743 -0.617765 -0.183752 -0.132480 0.035003 -2.163705
 15   8.209042 0.615527 -0.255885 2.652804 0.375813 0.931640
 16   7.002735 -0.617911 -0.183641 -0.076698 0.069733 -1.533080
 17   1.574674 0.609930 -0.000899 0.471965 -0.377266 0.168017
 18   -0.602177 0.511412 -0.000006 0.000000 0.000000 0.000000
 19   3.673773 0.177020 1.119313 -0.000002 -0.000014 -0.174510
 20   3.673767 0.176993 -1.117566 0.000007 -0.000003 -0.174546
 21   3.942357 1.330634 1.627658 0.000002 -0.000011 -0.000026
 22   -0.246060 -0.011889 0.516521 -0.000011 0.000031 0.000025
 23   3.942374 1.330659 -1.631083 0.000019 0.000002 -0.000024
 24   -0.246150 -0.011872 -0.516511 -0.000005 -0.000006 0.000048
 25   4.941364 1.997338 1.629330 0.000018 -0.000001 -0.000024
 26   4.941382 1.997366 -1.629410 -0.000001 0.000005 -0.000024
 27   2.918368 1.615358 1.514501 -0.000019 -0.000022 -0.000050
 28   2.920798 1.614964 -1.501142 -0.000002 -0.000009 -0.000024
 29   8.824059 0.150544 0.091743 0.000006 -0.000231 -0.174534
 30   2.111085 -0.561179 1.784320 -0.000008 -0.000682 0.000024
 31   2.121290 -0.561289 -1.853599 0.000000 0.000000 -0.000002
 32   -0.810489 -0.093824 3.127092 3.071872 -0.114782 1.239365
 33   14.298673 -0.408176 0.475484 0.000248 0.000062 -1.896136
 34   15.835795 0.581398 0.242756 -0.214729 0.106889 -0.097869
 35   -0.815868 -0.091229 -3.114430 0.066464 3.132725 -1.010185
 36   14.294526 -0.410349 -0.463635 0.000033 -0.000000 -2.607695
 37   15.834409 0.579420 -0.284600 -0.006092 -0.035255 0.214458
 38   1.139685 -3.453749 -2.823813 0.000000 0.000000 0.000001
 39   -4.457742 -1.054854 -0.746180 0.000000 0.000000 0.000000
 40   1.118101 -3.449769 3.237290 0.000000 0.000001 0.000000
 41   -4.433840 -1.059130 0.959566 -0.000001 0.000000 0.000000
 42   -0.657468 1.697302 -2.688614 0.000000 0.000002 0.000000
 43   -0.664068 1.698578 2.869377 0.000000 0.000002 0.000000
time 41
  0   -0.967547 0.175787 -20.574476 0.000000 0.000000 -1.572114
  1   -1.093036 0.000002 -0.326057 -1.569027 -1.622749 -0.001768
  2   2.262337 0.113614 0.064702 0.136341 -0.082417 0.307373
  3   2.380047 0.353302 0.047440 0.060394 -0.029834 0.322775
  4   2.033756 0.190472 -0.000128 0.038074 0.017809 0.007188
  5   2.451511 0.204909 -0.003447 -0.204427 0.141948 0.001672
  6   7.247600 -0.397300 -0.109469 0.056796 0.015853 0.258541
  7   -2.022252 -0.104661 3.136172 1.019073 -1.337619 -4.406619
  8   1.168026 -0.537438 -0.063437 0.088068 0.774605 -0.339835
  9   6.790376 -0.619176 0.015206 0.156739 -0.073032 -1.818541
 10   8.637599 0.544015 -0.090417 -3.519075 -0.039620 0.660238
 11   6.790465 -0.619039 0.017802 0.103013 -0.095449 -1.287621
 12   -2.022474 -0.104699 -2.873818 -0.244449 1.522505 -3.599841
 13   1.167898 -0.537463 0.063297 -0.035499 -0.640401 -0.891284
 14   7.002743 -0.617765 -0.183752 -0.131854 0.035173 -2.156775
 15   8.209042 0.615527 -0.255885 2.657334 0.377251 0.919192
 16   7.002735 -0.617911 -0.183641 -0.076180 0.069564 -1.528223
 17   1.574674 0.609930 -0.000899 0.467172 -0.372485 0.186424
 18   -0.602177 0.511412 -0.000006 0.000000 0.000000 0.000000
 19   3.673773 0.177020 1.119313 -0.000002 -0.000014 -0.174510
 20   3.673767 0.176993 -1.117566 0.000007 -0.000003 -0.174546
 21   3.942357 1.330634 1.627658 0.000002 -0.000011 -0.000026
 22   -0.246060 -0.011889 0.516521 -0.000011 0.000031 0.000025
 23   3.942374 1.330659 -1.631083 0.000019 0.000002 -0.000024
 24   -0.246150 -0.011872 -0.516511 -0.000005 -0.000006 0.000048
 25   4.941364 1.997338 1.629330 0.000018 -0.000001 -0.000024
 26   4.941382 1.997366 -1.629410 -0.000001 0.000005 -0.000024
 27   2.918368 1.615358 1.514501 -0.000019 -0.000022 -0.000050
 28   2.920798 1.614964 -1.501142 -0.000002 -0.000009 -0.000024
 29   8.824059 0.150544 0.091743 0.000006 -0.000231 -0.174534
 30   2.111085 -0.561179 1.784320 -0.000008 -0.000682 0.000024
 31   2.121290 -0.561289 -1.853599 0.000000 0.000000 -0.000002
 32   -0.810489 -0.093824 3.127092 3.071872 -0.114782 1.239365
 33   14.298673 -0.408176 0.475484 0.000248 0.000062 -1.896136
 34   15.835795 0.581398 0.242756 -0.214729 0.106889 -0.097869
 35   -0.815868 -0.091229 -3.114430 0.066464 3.132725 -1.010185
 36   14.294526 -0.410349 -0.463635 0.000033 -0.000000 -2.607695
 37   15.834409 0.579420 -0.284600 -0.006092 -0.035255 0.214458
 38   1.139685 -3.453749 -2.823813 0.000000 0.000000 0.000001
 39   -4.457742 -1.054854 -0.746180 0.000000 0.000000 0.000000
 40   1.118101 -3.449769 3.237290 0.000000 0.000001 0.000000
 41   -4.433840 -1.059130 0.959566 -0.000001 0.000000 0.000000
 42   -0.657468 1.697302 -2.688614 0.000000 0.000002 0.000000
 43   -0.664068 1.698578 2.869377 0.000000 0.000002 0.000000
time 42
  0   -0.967547 0.175787 -20.574476 0.000000 0.000000 -1.572114
  1   -1.093036 0.000002 -0.326057 -1.569027 -1.622749 -0.001768
  2   2.262337 0.113614 0.064702 0.134112 -0.081722 0.306180
  3   2.380047 0.353302 0.047440 0.059569 -0.029390 0.316388
  4   2.033756 0.190472 -0.000128 0.037392 0.013567 0.000881
  5   2.451511 0.204909 -0.003447 -0.205608 0.144233 -0.003083
  6   7.247600 -0.397300 -0.109469 0.056796 0.015853 0.258541
  7   -2.022252 -0.104661 3.136172 1.026933 -1.341972 -4.430849
  8   1.168026 -0.537438 -0.063437 -0.088295 0.583914 -0.585981
  9   6.790376 -0.619176 0.015206 0.155019 -0.073098 -1.798542
 10   8.637599 0.544015 -0.090417 -3.683845 -0.104731 0.720356
 11   6.790465 -0.619039 0.017802 0.101787 -0.094710 -1.273606
 12   -2.022474 -0.104699 -2.873818 -0.373118 1.522128 -3.725932
 13   1.167898 -0.537463 0.063297 -0.040490 -0.661607 -0.878632
 14   7.002743 -0.617765 -0.183752 -0.131570 0.035230 -2.152402
 15   8.209042 0.615527 -0.255885 2.647699 0.383985 0.912096
 16   7.002735 -0.617911 -0.183641 -0.075850 0.069395 -1.525298
 17   1.574674 0.609930 -0.000899 0.458642 -0.376130 0.207861
 18   -0.602177 0.511412 -0.000006 0.000000 0.000000 0.000000
 19   3.673773 0.177020 1.119313 -0.000002 -0.000014 -0.174510
 20   3.673767 0.176993 -1.117566 0.000007 -0.000003 -0.174546
 21   3.942357 1.330634 1.627658 0.000002 -0.000011 -0.000026
 22   -0.246060 -0.011889 0.516521 -0.000011 0.000031 0.000025
 23   3.942374 1.330659 -1.631083 0.000019 0.000002 -0.000024
 24   -0.246150 -0.011872 -0.516511 -0.000005 -0.000006 0.000048
 25   4.941364 1.997338 1.629330 0.000018 -0.000001 -0.000024
 26   4.941382 1.997366 -1.629410 -0.000001 0.000005 -0.000024
 27   2.918368 1.615358 1.514501 -0.000019 -0.000022 -0.000050
 28   2.920798 1.614964 -1.501142 -0.000002 -0.000009 -0.000024
 29   8.824059 0.150544 0.091743 0.000006 -0.000231 -0.174534
 30   2.111085 -0.561179 1.784320 -0.000008 -0.000682 0.000024
 31   2.121290 -0.561289 -1.853599 0.000000 0.000000 -0.000002
 32   -0.810489 -0.093824 3.127092 3.071872 -0.114782 1.239365
 33   14.298673 -0.408176 0.475484 0.000248 0.000062 -1.896136
 34   15.835795 0.581398 0.242756 -0.214729 0.106889 -0.097869
 35   -0.815868 -0.091229 -3.114430 0.066464 3.132725 -1.010185
 36   14.294526 -0.410349 -0.463635 0.000033 -0.000000 -2.607695
 37   15.834409 0.579420 -0.284600 -0.006092 -0.035255 0.214458
 38   1.139685 -3.453749 -2.823813 0.000000 0.000000 0.000001
 39   -4.457742 -1.054854 -0.746180 0.000000 0.000000 0.000000
 40   1.118101 -3.449769 3.237290 0.000000 0.000001 0.000000
 41   -4.433840 -1.059130 0.959566 -0.000001 0.000000 0.000000
 42   -0.657468 1.697302 -2.688614 0.000000 0.000002 0.000000
 43   -0.664068 1.698578 2.869377 0.000000 0.000002 0.000000
time 43
  0   -0.967547 0.175787 -20.574476 0.000000 0.000000 -1.572114
  1   -1.093036 0.000002 -0.326057 -1.569027 -1.622749 -0.001768
  2   2.262337 0.113614 0.064702 0.132532 -0.082226 0.305512
  3   2.380047 0.353302 0.047440 0.058759 -0.029858 0.312633
  4   2.033756 0.190472 -0.000128 0.037189 0.011889 -0.003106
  5   2.451511 0.204909 -0.003447 -0.206327 0.144729 -0.005832
  6   7.247600 -0.397300 -0.109469 0.056796 0.015853 0.258541
  7   -2.022252 -0.104661 3.136172 1.055978 -1.344855 -4.465596
  8   1.168026 -0.537438 -0.063437 -0.127529 0.496367 -0.647217
  9   6.790376 -0.619176 0.015206 0.153743 -0.073098 -1.783977
 10   8.637599 0.544015 -0.090417 -3.729815 -0.119865 0.754213
 11   6.790465 -0.619039 0.017802 0.100940 -0.094255 -1.263339
 12   -2.022474 -0.104699 -2.873818 -0.523726 1.522853 -3.879788
 13   1.167898 -0.537463 0.063297 -0.033953 -0.676812 -0.867857
 14   7.002743 -0.617765 -0.183752 -0.131740 0.035230 -2.154629
 15   8.209042 0.615527 -0.255885 2.624331 0.389583 0.924183
 16   7.002735 -0.617911 -0.183641 -0.076039 0.069451 -1.526788
 17   1.574674 0.609930 -0.000899 0.451574 -0.375680 0.217656
 18   -0.602177 0.511412 -0.000006 0.000000 0.000000 0.000000
 19   3.673773 0.177020 1.119313 -0.000002 -0.000014 -0.174510
 20   3.673767 0.176993 -1.117566 0.000007 -0.000003 -0.174546
 21   3.942357 1.330634 1.627658 0.000002 -0.000011 -0.000026
 22   -0.246060 -0.011889 0.516521 -0.000011 0.000031 0.000025
 23   3.942374 1.330659 -1.631083 0.000019 0.000002 -0.000024
 24   -0.246150 -0.011872 -0.516511 -0.000005 -0.000006 0.000048
 25   4.941364 1.997338 1.629330 0.000018 -0.000001 -0.000024
 26   4.941382 1.997366 -1.629410 -0.000001 0.000005 -0.000024
 27   2.918368 1.615358 1.514501 -0.000019 -0.000022 -0.000050
 28   2.920798 1.614964 -1.501142 -0.000002 -0.000009 -0.000024
 29   8.824059 0.150544 0.091743 0.000006 -0.000231 -0.174534
 30   2.111085 -0.561179 1.784320 -0.000008 -0.000682 0.000024
 31   2.121290 -0.561289 -1.853599 0.000000 0.000000 -0.000002
 32   -0.810489 -0.093824 3.127092 3.071872 -0.114782 1.239365
 33   14.298673 -0.408176 0.475484 0.000248 0.000062 -1.896136
 34   15.835795 0.581398 0.242756 -0.214729 0.106889 -0.097869
 35   -0.815868 -0.091229 -3.114430 0.066464 3.132725 -1.010185
 36   14.294526 -0.410349 -0.463635 0.000033 -0.000000 -2.607695
 37   15.834409 0.579420 -0.284600 -0.006092 -0.035255 0.214458
 38   1.139685 -3.453749 -2.823813 0.000000 0.000000 0.000001
 39   -4.457742 -1.054854 -0.746180 0.000000 0.000000 0.000000
 40   1.118101 -3.449769 3.237290 0.000000 0.000001 0.000000
 41   -4.433840 -1.059130 0.959566 -0.000001 0.000000 0.000000
 42   -0.657468 1.697302 -2.688614 0.000000 0.000002 0.000000
 43   -0.664068 1.698578 2.869377 0.000000 0.000002 0.000000
time 44
  0   -0.967547 0.175787 -20.574476 0.000000 0.000000 -1.572114
  1   -1.093036 0.000002 -0.326057 -1.569027 -1.622749 -0.001768
  2   2.262337 0.113614 0.064702 0.131806 -0.082369 0.305096
  3   2.380047 0.353302 0.047440 0.058204 -0.030625 0.310715
  4   2.033756 0.190472 -0.000128 0.036820 0.009899 -0.005027
  5   2.451511 0.204909 -0.003447 -0.206481 0.143476 -0.006872
  6   7.247600 -0.397300 -0.109469 0.056796 0.015853 0.258541
  7   -2.022252 -0.104661 3.136172 1.061346 -1.347420 -4.464657
  8   1.168026 -0.537438 -0.063437 -0.070260 0.494304 -0.626341
  9   6.790376 -0.619176 0.015206 0.156517 -0.073032 -1.818013
 10   8.637599 0.544015 -0.090417 -3.784239 -0.094806 0.773891
 11   6.790465 -0.619039 0.017802 0.102984 -0.095449 -1.287217
 12   -2.022474 -0.104699 -2.873818 -0.584755 1.514611 -3.941253
 13   1.167898 -0.537463 0.063297 -0.034093 -0.662319 -0.855084
 14   7.002743 -0.617765 -0.183752 -0.131513 0.035230 -2.151907
 15   8.209042 0.615527 -0.255885 2.620879 0.383379 0.917568
 16   7.002735 -0.617911 -0.183641 -0.075850 0.069395 -1.524912
 17   1.574674 0.609930 -0.000899 0.444628 -0.372130 0.221463
 18   -0.602177 0.511412 -0.000006 0.000000 0.000000 0.000000
 19   3.673773 0.177020 1.119313 -0.000002 -0.000014 -0.174510
 20   3.673767 0.176993 -1.117566 0.000007 -0.000003 -0.174546
 21   3.942357 1.330634 1.627658 0.000002 -0.000011 -0.000026
 22   -0.246060 -0.011889 0.516521 -0.000011 0.000031 0.000025
 23   3.942374 1.330659 -1.631083 0.000019 0.000002 -0.000024
 24   -0.246150 -0.011872 -0.516511 -0.000005 -0.000006 0.000048
 25   4.941364 1.997338 1.629330 0.000018 -0.000001 -0.000024
 26   4.941382 1.997366 -1.629410 -0.000001 0.000005 -0.000024
 27   2.918368 1.615358 1.514501 -0.000019 -0.000022 -0.000050
 28   2.920798 1.614964 -1.501142 -0.000002 -0.000009 -0.000024
 29   8.824059 0.150544 0.091743 0.000006 -0.000231 -0.174534
 30   2.111085 -0.561179 1.784320 -0.000008 -0.000682 0.000024
 31   2.121290 -0.561289 -1.853599 0.000000 0.000000 -0.000002
 32   -0.810489 -0.093824 3.127092 3.071872 -0.114782 1.239365
 33   14.298673 -0.408176 0.475484 0.000248 0.000062 -1.896136
 34   15.835795 0.581398 0.242756 -0.214729 0.106889 -0.097869
 35   -0.815868 -0.091229 -3.114430 0.066464 3.132725 -1.010185
 36   14.294526 -0.410349 -0.463635 0.000033 -0.000000 -2.607695
 37   15.834409 0.579420 -0.284600 -0.006092 -0.035255 0.214458
 38   1.139685 -3.453749 -2.823813 0.000000 0.000000 0.000001
 39   -4.457742 -1.054854 -0.746180 0.000000 0.000000 0.000000
 40   1.118101 -3.449769 3.237290 0.000000 0.000001 0.000000
 41   -4.433840 -1.059130 0.959566 -0.000001 0.000000 0.000000
 42   -0.657468 1.697302 -2.688614 0.000000 0.000002 0.000000
 43   -0.664068 1.698578 2.869377 0.000000 0.000002 0.000000
time 45
  0   -0.967547 0.175787 -20.574476 0.000000 0.000000 -1.572114
  1   -1.093036 0.000002 -0.326057 -1.569027 -1.622749 -0.001768
  2   2.262337 0.113614 0.064702 0.120814 -0.082885 0.305096
  3   2.380047 0.353302 0.047440 0.048273 -0.029402 0.310797
  4   2.033756 0.190472 -0.000128 0.026400 0.006699 -0.004411
  5   2.451511 0.204909 -0.003447 -0.216203 0.137470 -0.006228
  6   7.247600 -0.397300 -0.109469 0.056796 0.015853 0.258541
  7   -2.022252 -0.104661 3.136172 1.060771 -1.349726 -4.461652
  8   1.168026 -0.537438 -0.063437 -0.119429 0.508694 -0.635324
  9   6.790376 -0.619176 0.015206 0.152134 -0.078905 -1.763299
 10   8.637599 0.544015 -0.090417 -3.760461 -0.090794 0.739672
 11   6.790465 -0.619039 0.017802 0.098663 -0.097581 -1.248748
 12   -2.022474 -0.104699 -2.873818 -0.629881 1.523753 -3.987784
 13   1.167898 -0.537463 0.063297 -0.033953 -0.672642 -0.866404
 14   7.002743 -0.617765 -0.183752 -0.130772 0.035457 -2.144399
 15   8.209042 0.615527 -0.255885 2.611172 0.362422 0.913058
 16   7.002735 -0.617911 -0.183641 -0.075285 0.069113 -1.519613
 17   1.574674 0.609930 -0.000899 0.433417 -0.355823 0.233216
 18   -0.602177 0.511412 -0.000006 0.000000 0.000000 0.000000
 19   3.673773 0.177020 1.119313 -0.000002 -0.000014 -0.174510
 20   3.673767 0.176993 -1.117566 0.000007 -0.000003 -0.174546
 21   3.942357 1.330634 1.627658 0.000002 -0.000011 -0.000026
 22   -0.246060 -0.011889 0.516521 -0.000011 0.000031 0.000025
 23   3.942374 1.330659 -1.631083 0.000019 0.000002 -0.000024
 24   -0.246150 -0.011872 -0.516511 -0.000005 -0.000006 0.000048
 25   4.941364 1.997338 1.629330 0.000018 -0.000001 -0.000024
 26   4.941382 1.997366 -1.629410 -0.000001 0.000005 -0.000024
 27   2.918368 1.615358 1.514501 -0.000019 -0.000022 -0.000050
 28   2.920798 1.614964 -1.501142 -0.000002 -0.000009 -0.000024
 29   8.824059 0.150544 0.091743 0.000006 -0.000231 -0.174534
 30   2.111085 -0.561179 1.784320 -0.000008 -0.000682 0.000024
 31   2.121290 -0.561289 -1.853599 0.000000 0.000000 -0.000002
 32   -0.810489 -0.093824 3.127092 3.071872 -0.114782 1.239365
 33   14.298673 -0.408176 0.475484 0.000248 0.000062 -1.896136
 34   15.835795 0.581398 0.242756 -0.214729 0.106889 -0.097869
 35   -0.815868 -0.091229 -3.114430 0.066464 3.132725 -1.010185
 36   14.294526 -0.410349 -0.463635 0.000033 -0.000000 -2.607695
 37   15.834409 0.579420 -0.284600 -0.006092 -0.035255 0.214458
 38   1.139685 -3.453749 -2.823813 0.000000 0.000000 0.000001
 39   -4.457742 -1.054854 -0.746180 0.000000 0.000000 0.000000
 40   1.118101 -3.449769 3.237290 0.000000 0.000001 0.000000
 41   -4.433840 -1.059130 0.959566 -0.000001 0.000000 0.000000
 42   -0.657468 1.697302 -2.688614 0.000000 0.000002 0.000000
 43   -0.664068 1.698578 2.869377 0.000000 0.000002 0.000000
time 46
  0   -0.967547 0.175787 -20.574476 0.000000 0.000000 -1.572114
  1   -1.093036 0.000002 -0.326057 -1.569027 -1.622749 -0.001768
  2   2.262337 0.113614 0.064702 0.101313 -0.083328 0.305132
  3   2.380047 0.353302 0.047440 0.030332 -0.027209 0.311001
  4   2.033756 0.190472 -0.000128 0.006888 0.003344 -0.002816
  5   2.451511 0.204909 -0.003447 -0.234741 0.128945 -0.004792
  6   7.247600 -0.397300 -0.109469 0.056796 0.015853 0.258541
  7   -2.022252 -0.104661 3.136172 1.058662 -1.352263 -4.458083
  8   1.168026 -0.537438 -0.063437 -0.215046 0.536618 -0.652784
  9   6.790376 -0.619176 0.015206 0.142037 -0.088449 -1.643230
 10   8.637599 0.544015 -0.090417 -3.726204 -0.098185 0.667617
 11   6.790465 -0.619039 0.017802 0.089787 -0.100082 -1.164312
 12   -2.022474 -0.104699 -2.873818 -0.800321 1.541022 -4.161075
 13   1.167898 -0.537463 0.063297 -0.033601 -0.692780 -0.888560
 14   7.002743 -0.617765 -0.183752 -0.129975 0.035514 -2.134746
 15   8.209042 0.615527 -0.255885 2.599668 0.333822 0.912096
 16   7.002735 -0.617911 -0.183641 -0.074579 0.068831 -1.512880
 17   1.574674 0.609930 -0.000899 0.419484 -0.329577 0.248296
 18   -0.602177 0.511412 -0.000006 0.000000 0.000000 0.000000
 19   3.673773 0.177020 1.119313 -0.000002 -0.000014 -0.174510
 20   3.673767 0.176993 -1.117566 0.000007 -0.000003 -0.174546
 21   3.942357 1.330634 1.627658 0.000002 -0.000011 -0.000026
 22   -0.246060 -0.011889 0.516521 -0.000011 0.000031 0.000025
 23   3.942374 1.330659 -1.631083 0.000019 0.000002 -0.000024
 24   -0.246150 -0.011872 -0.516511 -0.000005 -0.000006 0.000048
 25   4.941364 1.997338 1.629330 0.000018 -0.000001 -0.000024
 26   4.941382 1.997366 -1.629410 -0.000001 0.000005 -0.000024
 27   2.918368 1.615358 1.514501 -0.000019 -0.000022 -0.000050
 28   2.920798 1.614964 -1.501142 -0.000002 -0.000009 -0.000024
 29   8.824059 0.150544 0.091743 0.000006 -0.000231 -0.174534
 30   2.111085 -0.561179 1.784320 -0.000008 -0.000682 0.000024
 31   2.121290 -0.561289 -1.853599 0.000000 0.000000 -0.000002
 32   -0.810489 -0.093824 3.127092 3.071872 -0.114782 1.239365
 33   14.298673 -0.408176 0.475484 0.000248 0.000062 -1.896136
 34   15.835795 0.581398 0.242756 -0.214729 0.106889 -0.097869
 35   -0.815868 -0.091229 -3.114430 0.066464 3.132725 -1.010185
 36   14.294526 -0.410349 -0.463635 0.000033 -0.000000 -2.607695
 37   15.834409 0.579420 -0.284600 -0.006092 -0.035255 0.214458
 38   1.139685 -3.453749 -2.823813 0.000000 0.000000 0.000001
 39   -4.457742 -1.054854 -0.746180 0.000000 0.000000 0.000000
 40   1.118101 -3.449769 3.237290 0.000000 0.000001 0.000000
 41   -4.433840 -1.059130 0.959566 -0.000001 0.000000 0.000000
 42   -0.657468 1.697302 -2.688614 0.000000 0.000002 0.000000
 43   -0.664068 1.698578 2.869377 0.000000 0.000002 0.000000
time 47
  0   -0.967547 0.175787 -20.574476 0.000000 0.000000 -1.572114
  1   -1.093036 0.000002 -0.326057 -1.569027 -1.622749 -0.001768
  2   2.262337 0.113614 0.064702 0.078946 -0.083820 0.305277
  3   2.380047 0.353302 0.047440 0.009781 -0.024668 0.311123
  4   2.033756 0.190472 -0.000128 -0.015668 0.000048 -0.001185
  5   2.451511 0.204909 -0.003447 -0.256188 0.119689 -0.003182
  6   7.247600 -0.397300 -0.109469 0.056796 0.015853 0.258541
  7   -2.022252 -0.104661 3.136172 1.055978 -1.354656 -4.454327
  8   1.168026 -0.537438 -0.063437 -0.326736 0.568970 -0.673913
  9   6.790376 -0.619176 0.015206 0.129110 -0.098994 -1.497578
 10   8.637599 0.544015 -0.090417 -3.686487 -0.108321 0.580659
 11   6.790465 -0.619039 0.017802 0.079189 -0.102811 -1.061939
 12   -2.022474 -0.104699 -2.873818 -1.538611 1.556637 -4.902015
 13   1.167898 -0.537463 0.063297 -0.032687 -0.716121 -0.914832
 14   7.002743 -0.617765 -0.183752 -0.129065 0.035798 -2.124598
 15   8.209042 0.615527 -0.255885 2.587804 0.303332 0.913419
 16   7.002735 -0.617911 -0.183641 -0.073873 0.068549 -1.505815
 17   1.574674 0.609930 -0.000899 0.405064 -0.297414 0.266075
 18   -0.602177 0.511412 -0.000006 0.000000 0.000000 0.000000
 19   3.673773 0.177020 1.119313 -0.000002 -0.000014 -0.174510
 20   3.673767 0.176993 -1.117566 0.000007 -0.000003 -0.174546
 21   3.942357 1.330634 1.627658 0.000002 -0.000011 -0.000026
 22   -0.246060 -0.011889 0.516521 -0.000011 0.000031 0.000025
 23   3.942374 1.330659 -1.631083 0.000019 0.000002 -0.000024
 24   -0.246150 -0.011872 -0.516511 -0.000005 -0.000006 0.000048
 25   4.941364 1.997338 1.629330 0.000018 -0.000001 -0.000024
 26   4.941382 1.997366 -1.629410 -0.000001 0.000005 -0.000024
 27   2.918368 1.615358 1.514501 -0.000019 -0.000022 -0.000050
 28   2.920798 1.614964 -1.501142 -0.000002 -0.000009 -0.000024
 29   8.824059 0.150544 0.091743 0.000006 -0.000231 -0.174534
 30   2.111085 -0.561179 1.784320 -0.000008 -0.000682 0.000024
 31   2.121290 -0.561289 -1.853599 0.000000 0.000000 -0.000002
 32   -0.810489 -0.093824 3.127092 3.071872 -0.114782 1.239365
 33   14.298673 -0.408176 0.475484 0.000248 0.000062 -1.896136
 34   15.835795 0.581398 0.242756 -0.214729 0.106889 -0.097869
 35   -0.815868 -0.091229 -3.114430 0.066464 3.132725 -1.010185
 36   14.294526 -0.410349 -0.463635 0.000033 -0.000000 -2.607695
 37   15.834409 0.579420 -0.284600 -0.006092 -0.035255 0.214458
 38   1.139685 -3.453749 -2.823813 0.000000 0.000000 0.000001
 39   -4.457742 -1.054854 -0.746180 0.000000 0.000000 0.000000
 40   1.118101 -3.449769 3.237290 0.000000 0.000001 0.000000
 41   -4.433840 -1.059130 0.959566 -0.000001 0.000000 0.000000
 42   -0.657468 1.697302 -2.688614 0.000000 0.000002 0.000000
 43   -0.664068 1.698578 2.869377 0.000000 0.000002 0.000000
time 48
  0   -0.967547 0.175787 -20.574476 0.000000 0.000000 -1.572114
  1   -1.093036 0.000002 -0.326057 -1.569027 -1.622749 -0.001768
  2   2.262337 0.113614 0.064702 0.055993 -0.084239 0.305349
  3   2.380047 0.353302 0.047440 -0.011461 -0.022092 0.311327
  4   2.033756 0.190472 -0.000128 -0.038998 -0.003092 0.000555
  5   2.451511 0.204909 -0.003447 -0.278457 0.110419 -0.001498
  6   7.247600 -0.397300 -0.109469 0.056796 0.015853 0.258541
  7   -2.022252 -0.104661 3.136172 1.053294 -1.356875 -4.450758
  8   1.168026 -0.537438 -0.063437 -0.442792 0.602580 -0.696244
  9   6.790376 -0.619176 0.015206 0.115129 -0.109071 -1.349511
 10   8.637599 0.544015 -0.090417 -3.644920 -0.116416 0.492110
 11   6.790465 -0.619039 0.017802 0.068503 -0.105540 -0.958124
 12   -2.022474 -0.104699 -2.873818 -2.824725 1.549091 0.091361
 13   1.167898 -0.537463 0.063297 -0.031000 -0.740175 -0.942678
 14   7.002743 -0.617765 -0.183752 -0.128211 0.035968 -2.114532
 15   8.209042 0.615527 -0.255885 2.576012 0.273749 0.916606
 16   7.002735 -0.617911 -0.183641 -0.073120 0.068098 -1.498695
 17   1.574674 0.609930 -0.000899 0.391619 -0.261819 0.286033
 18   -0.602177 0.511412 -0.000006 0.000000 0.000000 0.000000
 19   3.673773 0.177020 1.119313 -0.000002 -0.000014 -0.174510
 20   3.673767 0.176993 -1.117566 0.000007 -0.000003 -0.174546
 21   3.942357 1.330634 1.627658 0.000002 -0.000011 -0.000026
 22   -0.246060 -0.011889 0.516521 -0.000011 0.000031 0.000025
 23   3.942374 1.330659 -1.631083 0.000019 0.000002 -0.000024
 24   -0.246150 -0.011872 -0.516511 -0.000005 -0.000006 0.000048
 25   4.941364 1.997338 1.629330 0.000018 -0.000001 -0.000024
 26   4.941382 1.997366 -1.629410 -0.000001 0.000005 -0.000024
 27   2.918368 1.615358 1.514501 -0.000019 -0.000022 -0.000050
 28   2.920798 1.614964 -1.501142 -0.000002 -0.000009 -0.000024
 29   8.824059 0.150544 0.091743 0.000006 -0.000231 -0.174534
 30   2.111085 -0.561179 1.784320 -0.000008 -0.000682 0.000024
 31   2.121290 -0.561289 -1.853599 0.000000 0.000000 -0.000002
 32   -0.810489 -0.093824 3.127092 3.071872 -0.114782 1.239365
 33   14.298673 -0.408176 0.475484 0.000248 0.000062 -1.896136
 34   15.835795 0.581398 0.242756 -0.214729 0.106889 -0.097869
 35   -0.815868 -0.091229 -3.114430 0.066464 3.132725 -1.010185
 36   14.294526 -0.410349 -0.463635 0.000033 -0.000000 -2.607695
 37   15.834409 0.579420 -0.284600 -0.006092 -0.035255 0.214458
 38   1.139685 -3.453749 -2.823813 0.000000 0.000000 0.000001
 39   -4.457742 -1.054854 -0.746180 0.000000 0.000000 0.000000
 40   1.118101 -3.449769 3.237290 0.000000 0.000001 0.000000
 41   -4.433840 -1.059130 0.959566 -0.000001 0.000000 0.000000
 42   -0.657468 1.697302 -2.688614 0.000000 0.000002 0.000000
 43   -0.664068 1.698578 2.869377 0.000000 0.000002 0.000000
time 49
  0   -0.967547 0.175787 -20.574476 0.000000 0.000000 -1.572114
  1   -1.093036 0.000002 -0.326057 -1.569027 -1.622749 -0.001768
  2   2.262337 0.113614 0.064702 0.033677 -0.084622 0.305367
  3   2.380047 0.353302 0.047440 -0.032072 -0.019539 0.311470
  4   2.033756 0.190472 -0.000128 -0.061756 -0.005980 0.002331
  5   2.451511 0.204909 -0.003447 -0.300127 0.101502 0.000186
  6   7.247600 -0.397300 -0.109469 0.056796 0.015853 0.258541
  7   -2.022252 -0.104661 3.136172 1.049939 -1.359008 -4.447189
  8   1.168026 -0.537438 -0.063437 -0.556950 0.635234 -0.718638
  9   6.790376 -0.619176 0.015206 0.101925 -0.117814 -1.215103
 10   8.637599 0.544015 -0.090417 -3.605379 -0.118739 0.410795
 11   6.790465 -0.619039 0.017802 0.058868 -0.107956 -0.863998
 12   -2.022474 -0.104699 -2.873818 -0.005314 1.611783 -3.374083
 13   1.167898 -0.537463 0.063297 -0.029032 -0.763618 -0.970403
 14   7.002743 -0.617765 -0.183752 -0.127300 0.036025 -2.105044
 15   8.209042 0.615527 -0.255885 2.564579 0.245830 0.921056
 16   7.002735 -0.617911 -0.183641 -0.072461 0.067816 -1.492072
 17   1.574674 0.609930 -0.000899 0.379880 -0.224094 0.308136
 18   -0.602177 0.511412 -0.000006 0.000000 0.000000 0.000000
 19   3.673773 0.177020 1.119313 -0.000002 -0.000014 -0.174510
 20   3.673767 0.176993 -1.117566 0.000007 -0.000003 -0.174546
 21   3.446248 1.330634 1.627658 -0.073679 -0.386430 0.847736
 22   -0.457004 -0.031421 0.231356 -0.000011 0.000031 0.000025
 23   3.438452 1.330659 -1.631083 0.073700 0.386481 0.847601
 24   -0.453188 -0.039217 -0.235252 -0.000005 -0.000006 0.000048
 25   4.941364 1.997338 1.629330 0.000018 -0.000001 -0.000024
 26   4.941382 1.997366 -1.629410 -0.000001 0.000005 -0.000024
 27   3.160563 1.767707 1.553565 -0.163477 0.220806 -1.289323
 28   3.162993 1.771219 -1.540206 0.163480 -0.220897 -1.289299
 29   8.824059 0.150544 0.091743 0.000006 -0.000231 -0.174534
 30   2.111085 -0.561179 1.784320 -0.000008 -0.000682 0.000024
 31   2.121290 -0.561289 -1.853599 0.000000 0.000000 -0.000002
 32   -0.810489 -0.093824 3.127092 3.071872 -0.114782 1.239365
 33   14.298673 -0.408176 0.475484 0.000248 0.000062 -1.896136
 34   15.835795 0.581398 0.242756 -0.214729 0.106889 -0.097869
 35   -0.815868 -0.091229 -3.114430 0.066464 3.132725 -1.010185
 36   14.294526 -0.410349 -0.463635 0.000033 -0.000000 -2.607695
 37   15.834409 0.579420 -0.284600 -0.006092 -0.035255 0.214458
 38   1.139685 -3.453749 -2.823813 0.000000 0.000000 0.000001
 39   -4.457742 -1.054854 -0.746180 0.000000 0.000000 0.000000
 40   1.118101 -3.449769 3.237290 0.000000 0.000001 0.000000
 41   -4.433840 -1.059130 0.959566 -0.000001 0.000000 0.000000
 42   -0.657468 1.697302 -2.688614 0.000000 0.000002 0.000000
 43   -0.664068 1.698578 2.869377 0.000000 0.000002 0.000000
time 50
  0   -0.967547 0.175787 -20.574476 0.000000 0.000000 -1.572114
  1   -1.093036 0.000002 -0.326057 -1.569027 -1.622749 -0.001768
  2   2.262337 0.113614 0.064702 0.012813 -0.084946 0.305403
  3   2.380047 0.353302 0.047440 -0.051423 -0.017118 0.311572
  4   2.033756 0.190472 -0.000128 -0.083057 -0.008641 0.003817
  5   2.451511 0.204909 -0.003447 -0.320479 0.093329 0.001771
  6   7.247600 -0.397300 -0.109469 0.056796 0.015853 0.258541
  7   -2.022252 -0.104661 3.136172 1.047255 -1.360882 -4.443809
  8   1.168026 -0.537438 -0.063437 -0.664337 0.665725 -0.740273
  9   6.790376 -0.619176 0.015206 0.090940 -0.124488 -1.106732
 10   8.637599 0.544015 -0.090417 -3.571210 -0.113037 0.344455
 11   6.790465 -0.619039 0.017802 0.051073 -0.109889 -0.787983
 12   -2.022474 -0.104699 -2.873818 -0.108307 1.631432 -3.479303
 13   1.167898 -0.537463 0.063297 -0.026572 -0.785332 -0.997159
 14   7.002743 -0.617765 -0.183752 -0.126503 0.036252 -2.096216
 15   8.209042 0.615527 -0.255885 2.553938 0.220711 0.926228
 16   7.002735 -0.617911 -0.183641 -0.071802 0.067534 -1.485835
 17   1.574674 0.609930 -0.000899 0.370740 -0.185493 0.332050
 18   -0.602177 0.511412 -0.000006 0.000000 0.000000 0.000000
 19   3.673773 0.177020 1.119313 -0.000002 -0.000014 -0.174510
 20   3.673767 0.176993 -1.117566 0.000007 -0.000003 -0.174546
 21   3.700162 1.330634 1.627658 0.006354 -0.200741 0.411837
 22   -0.351532 -0.011889 0.371985 -0.000011 0.000031 0.000025
 23   3.692366 1.330659 -1.631083 -0.006333 0.200780 0.411810
 24   -0.347716 -0.019685 -0.379788 -0.000005 -0.000006 0.000048
 25   4.941364 1.997338 1.629330 0.000018 -0.000001 -0.000024
 26   4.941382 1.997366 -1.629410 -0.000001 0.000005 -0.000024
 27   3.031653 1.689579 1.522314 -0.043955 0.137309 -0.635381
 28   3.034083 1.693092 -1.520674 0.043934 -0.137340 -0.635435
 29   8.824059 0.150544 0.091743 0.000006 -0.000231 -0.174534
 30   2.111085 -0.561179 1.784320 -0.000008 -0.000682 0.000024
 31   2.121290 -0.561289 -1.853599 0.000000 0.000000 -0.000002
 32   -0.810489 -0.093824 3.127092 3.071872 -0.114782 1.239365
 33   14.298673 -0.408176 0.475484 0.000248 0.000062 -1.896136
 34   15.835795 0.581398 0.242756 -0.214729 0.106889 -0.097869
 35   -0.815868 -0.091229 -3.114430 0.066464 3.132725 -1.010185
 36   14.294526 -0.410349 -0.463635 0.000033 -0.000000 -2.607695
 37   15.834409 0.579420 -0.284600 -0.006092 -0.035255 0.214458
 38   1.139685 -3.453749 -2.823813 0.000000 0.000000 0.000001
 39   -4.457742 -1.054854 -0.746180 0.000000 0.000000 0.000000
 40   1.118101 -3.449769 3.237290 0.000000 0.000001 0.000000
 41   -4.433840 -1.059130 0.959566 -0.000001 0.000000 0.000000
 42   -0.657468 1.697302 -2.688614 0.000000 0.000002 0.000000
 43   -0.664068 1.698578 2.869377 0.000000 0.000002 0.000000
time 51
  0   -0.967547 0.175787 -20.574476 0.000000 0.000000 -1.572114
  1   -1.093036 0.000002 -0.326057 -1.569027 -1.622749 -0.001768
  2   2.262337 0.113614 0.064702 -0.005797 -0.085282 0.305421
  3   2.380047 0.353302 0.047440 -0.068840 -0.015021 0.311674
  4   2.033756 0.190472 -0.000128 -0.102182 -0.010942 0.005267
  5   2.451511 0.204909 -0.003447 -0.338657 0.085992 0.003158
  6   7.247600 -0.397300 -0.109469 0.056796 0.015853 0.258541
  7   -2.022252 -0.104661 3.136172 1.044858 -1.362439 -4.440615
  8   1.168026 -0.537438 -0.063437 -0.761283 0.692945 -0.760200
  9   6.790376 -0.619176 0.015206 0.083506 -0.128626 -1.034585
 10   8.637599 0.544015 -0.090417 -3.545671 -0.097551 0.299385
 11   6.790465 -0.619039 0.017802 0.045934 -0.111168 -0.737517
 12   -2.022474 -0.104699 -2.873818 -0.154582 1.649340 -3.527652
 13   1.167898 -0.537463 0.063297 -0.024041 -0.804758 -1.021494
 14   7.002743 -0.617765 -0.183752 -0.125819 0.036365 -2.088543
 15   8.209042 0.615527 -0.255885 2.544303 0.198846 0.931520
 16   7.002735 -0.617911 -0.183641 -0.071284 0.067252 -1.480482
 17   1.574674 0.609930 -0.000899 0.364769 -0.146727 0.357849
 18   -0.602177 0.511412 -0.000006 0.000000 0.000000 0.000000
 19   3.673773 0.177020 1.119313 -0.000002 -0.000014 -0.174510
 20   3.673767 0.176993 -1.117566 0.000007 -0.000003 -0.174546
 21   3.942357 1.330634 1.627658 0.000002 -0.000011 -0.000026
 22   -0.246060 -0.011889 0.516521 -0.000011 0.000031 0.000025
 23   3.942374 1.330659 -1.631083 0.000019 0.000002 -0.000024
 24   -0.246150 -0.011872 -0.516511 -0.000005 -0.000006 0.000048
 25   4.941364 1.997338 1.629330 0.000018 -0.000001 -0.000024
 26   4.941382 1.997366 -1.629410 -0.000001 0.000005 -0.000024
 27   2.918368 1.615358 1.514501 -0.000019 -0.000022 -0.000050
 28   2.920798 1.614964 -1.501142 -0.000002 -0.000009 -0.000024
 29   8.824059 0.150544 0.091743 0.000006 -0.000231 -0.174534
 30   2.111085 -0.561179 1.784320 -0.000008 -0.000682 0.000024
 31   2.121290 -0.561289 -1.853599 0.000000 0.000000 -0.000002
 32   -0.810489 -0.093824 3.127092 3.071872 -0.114782 1.239365
 33   14.298673 -0.408176 0.475484 0.000248 0.000062 -1.896136
 34   15.835795 0.581398 0.242756 -0.214729 0.106889 -0.097869
 35   -0.815868 -0.091229 -3.114430 0.066464 3.132725 -1.010185
 36   14.294526 -0.410349 -0.463635 0.000033 -0.000000 -2.607695
 37   15.834409 0.579420 -0.284600 -0.006092 -0.035255 0.214458
 38   1.139685 -3.453749 -2.823813 0.000000 0.000000 0.000001
 39   -4.457742 -1.054854 -0.746180 0.000000 0.000000 0.000000
 40   1.118101 -3.449769 3.237290 0.000000 0.000001 0.000000
 41   -4.433840 -1.059130 0.959566 -0.000001 0.000000 0.000000
 42   -0.657468 1.697302 -2.688614 0.000000 0.000002 0.000000
 43   -0.664068 1.698578 2.869377 0.000000 0.000002 0.000000
time 52
  0   -0.967547 0.175787 -20.574476 0.000000 0.000000 -1.572114
  1   -1.093036 0.000002 -0.326057 -1.569027 -1.622749 -0.001768
  2   2.262337 0.113614 0.064702 -0.021617 -0.085497 0.305475
  3   2.380047 0.353302 0.047440 -0.083556 -0.013175 0.311756
  4   2.033756 0.190472 -0.000128 -0.118393 -0.012823 0.006427
  5   2.451511 0.204909 -0.003447 -0.354165 0.079830 0.004322
  6   7.247600 -0.397300 -0.109469 0.056796 0.015853 0.258541
  7   -2.022252 -0.104661 3.136172 1.042558 -1.363794 -4.438268
  8   1.168026 -0.537438 -0.063437 -0.843990 0.716089 -0.777597
  9   6.790376 -0.619176 0.015206 0.080732 -0.130161 -1.008398
 10   8.637599 0.544015 -0.090417 -3.530172 -0.070803 0.281154
 11   6.790465 -0.619039 0.017802 0.044066 -0.111623 -0.719177
 12   -2.022474 -0.104699 -2.873818 -0.178917 1.664635 -3.553406
 13   1.167898 -0.537463 0.063297 -0.021440 -0.821031 -1.042742
 14   7.002743 -0.617765 -0.183752 -0.125136 0.036536 -2.082025
 15   8.209042 0.615527 -0.255885 2.536106 0.180688 0.936632
 16   7.002735 -0.617911 -0.183641 -0.070813 0.067083 -1.475845
 17   1.574674 0.609930 -0.000899 0.362697 -0.108552 0.385533
 18   -0.602177 0.511412 -0.000006 0.000000 0.000000 0.000000
 19   3.673773 0.177020 1.119313 -0.000002 -0.000014 -0.174510
 20   3.673767 0.176993 -1.117566 0.000007 -0.000003 -0.174546
 21   3.942357 1.330634 1.627658 0.000002 -0.000011 -0.000026
 22   -0.246060 -0.011889 0.516521 -0.000011 0.000031 0.000025
 23   3.942374 1.330659 -1.631083 0.000019 0.000002 -0.000024
 24   -0.246150 -0.011872 -0.516511 -0.000005 -0.000006 0.000048
 25   4.941364 1.997338 1.629330 0.000018 -0.000001 -0.000024
 26   4.941382 1.997366 -1.629410 -0.000001 0.000005 -0.000024
 27   2.918368 1.615358 1.514501 -0.000019 -0.000022 -0.000050
 28   2.920798 1.614964 -1.501142 -0.000002 -0.000009 -0.000024
 29   8.824059 0.150544 0.091743 0.000006 -0.000231 -0.174534
 30   2.111085 -0.561179 1.784320 -0.000008 -0.000682 0.000024
 31   2.121290 -0.561289 -1.853599 0.000000 0.000000 -0.000002
 32   -0.810489 -0.093824 3.127092 3.071872 -0.114782 1.239365
 33   14.298673 -0.408176 0.475484 0.000248 0.000062 -1.896136
 34   15.835795 0.581398 0.242756 -0.214729 0.106889 -0.097869
 35   -0.815868 -0.091229 -3.114430 0.066464 3.132725 -1.010185
 36   14.294526 -0.410349 -0.463635 0.000033 -0.000000 -2.607695
 37   15.834409 0.579420 -0.284600 -0.006092 -0.035255 0.214458
 38   1.139685 -3.453749 -2.823813 0.000000 0.000000 0.000001
 39   -4.457742 -1.054854 -0.746180 0.000000 0.000000 0.000000
 40   1.118101 -3.449769 3.237290 0.000000 0.000001 0.000000
 41   -4.433840 -1.059130 0.959566 -0.000001 0.000000 0.000000
 42   -0.657468 1.697302 -2.688614 0.000000 0.000002 0.000000
 43   -0.664068 1.698578 2.869377 0.000000 0.000002 0.000000
time 53
  0   -0.967547 0.175787 -20.574476 0.000000 0.000000 -1.572114
  1   -1.093036 0.000002 -0.326057 -1.569027 -1.622749 -0.001768
  2   2.262337 0.113614 0.064702 -0.033985 -0.085689 0.305421
  3   2.380047 0.353302 0.047440 -0.094956 -0.011797 0.311776
  4   2.033756 0.190472 -0.000128 -0.131063 -0.014310 0.007333
  5   2.451511 0.204909 -0.003447 -0.366198 0.075052 0.005263
  6   7.247600 -0.397300 -0.109469 0.056796 0.015853 0.258541
  7   -2.022252 -0.104661 3.136172 1.040641 -1.364802 -4.436108
  8   1.168026 -0.537438 -0.063437 -0.908726 0.734102 -0.791514
  9   6.790376 -0.619176 0.015206 0.089775 -0.114678 -1.085903
 10   8.637599 0.544015 -0.090417 -3.506218 0.037669 0.378457
 11   6.790465 -0.619039 0.017802 0.051569 -0.102612 -0.773680
 12   -2.022474 -0.104699 -2.873818 -0.192425 1.676680 -3.568055
 13   1.167898 -0.537463 0.063297 -0.019261 -0.833744 -1.059510
 14   7.002743 -0.617765 -0.183752 -0.124795 0.036593 -2.077075
 15   8.209042 0.615527 -0.255885 2.529562 0.166918 0.940841
 16   7.002735 -0.617911 -0.183641 -0.070437 0.066914 -1.472368
 17   1.574674 0.609930 -0.000899 0.396940 -0.058284 0.427188
 18   -0.602177 0.511412 -0.000006 0.000000 0.000000 0.000000
 19   3.673773 0.177020 1.119313 -0.000002 -0.000014 -0.174510
 20   3.673767 0.176993 -1.117566 0.000007 -0.000003 -0.174546
 21   3.942357 1.330634 1.627658 0.000002 -0.000011 -0.000026
 22   -0.246060 -0.011889 0.516521 -0.000011 0.000031 0.000025
 23   3.942374 1.330659 -1.631083 0.000019 0.000002 -0.000024
 24   -0.246150 -0.011872 -0.516511 -0.000005 -0.000006 0.000048
 25   4.941364 1.997338 1.629330 0.000018 -0.000001 -0.000024
 26   4.941382 1.997366 -1.629410 -0.000001 0.000005 -0.000024
 27   2.918368 1.615358 1.514501 -0.000019 -0.000022 -0.000050
 28   2.920798 1.614964 -1.501142 -0.000002 -0.000009 -0.000024
 29   8.824059 0.150544 0.091743 0.000006 -0.000231 -0.174534
 30   2.111085 -0.561179 1.784320 -0.000008 -0.000682 0.000024
 31   2.121290 -0.561289 -1.853599 0.000000 0.000000 -0.000002
 32   -0.810489 -0.093824 3.127092 3.071872 -0.114782 1.239365
 33   14.298673 -0.408176 0.475484 0.000248 0.000062 -1.896136
 34   15.835795 0.581398 0.242756 -0.214729 0.106889 -0.097869
 35   -0.815868 -0.091229 -3.114430 0.066464 3.132725 -1.010185
 36   14.294526 -0.410349 -0.463635 0.000033 -0.000000 -2.607695
 37   15.834409 0.579420 -0.284600 -0.006092 -0.035255 0.214458
 38   1.139685 -3.453749 -2.823813 0.000000 0.000000 0.000001
 39   -4.457742 -1.054854 -0.746180 0.000000 0.000000 0.000000
 40   1.118101 -3.449769 3.237290 0.000000 0.000001 0.000000
 41   -4.433840 -1.059130 0.959566 -0.000001 0.000000 0.000000
 42   -0.657468 1.697302 -2.688614 0.000000 0.000002 0.000000
 43   -0.664068 1.698578 2.869377 0.000000 0.000002 0.000000
time 54
  0   -0.967547 0.175787 -20.574476 0.000000 0.000000 -1.572114
  1   -1.093036 0.000002 -0.326057 -1.569027 -1.622749 -0.001768
  2   2.262337 0.113614 0.064702 -0.042073 -0.085845 0.305421
  3   2.380047 0.353302 0.047440 -0.102562 -0.010826 0.311776
  4   2.033756 0.190472 -0.000128 -0.139344 -0.015232 0.007913
  5   2.451511 0.204909 -0.003447 -0.374106 0.071905 0.005907
  6   7.247600 -0.397300 -0.109469 0.056796 0.015853 0.258541
  7   -2.022252 -0.104661 3.136172 1.039778 -1.365466 -4.434793
  8   1.168026 -0.537438 -0.063437 -0.951314 0.745775 -0.800750
  9   6.790376 -0.619176 0.015206 0.108860 -0.081241 -1.251554
 10   8.637599 0.544015 -0.090417 -3.412693 0.196822 0.604822
 11   6.790465 -0.619039 0.017802 0.068299 -0.083340 -0.890414
 12   -2.022474 -0.104699 -2.873818 -0.199419 1.684517 -3.575810
 13   1.167898 -0.537463 0.063297 -0.017644 -0.842186 -1.070709
 14   7.002743 -0.617765 -0.183752 -0.124453 0.036593 -2.073692
 15   8.209042 0.615527 -0.255885 2.525248 0.157990 0.943728
 16   7.002735 -0.617911 -0.183641 -0.070201 0.066801 -1.470050
 17   1.574674 0.609930 -0.000899 0.470097 -0.003069 0.476346
 18   -0.602177 0.511412 -0.000006 0.000000 0.000000 0.000000
 19   3.673773 0.177020 1.119313 -0.000002 -0.000014 -0.174510
 20   3.673767 0.176993 -1.117566 0.000007 -0.000003 -0.174546
 21   3.942357 1.330634 1.627658 0.000002 -0.000011 -0.000026
 22   -0.246060 -0.011889 0.516521 -0.000011 0.000031 0.000025
 23   3.942374 1.330659 -1.631083 0.000019 0.000002 -0.000024
 24   -0.246150 -0.011872 -0.516511 -0.000005 -0.000006 0.000048
 25   4.941364 1.997338 1.629330 0.000018 -0.000001 -0.000024
 26   4.941382 1.997366 -1.629410 -0.000001 0.000005 -0.000024
 27   2.918368 1.615358 1.514501 -0.000019 -0.000022 -0.000050
 28   2.920798 1.614964 -1.501142 -0.000002 -0.000009 -0.000024
 29   8.824059 0.150544 0.091743 0.000006 -0.000231 -0.174534
 30   2.111085 -0.561179 1.784320 -0.000008 -0.000682 0.000024
 31   2.121290 -0.561289 -1.853599 0.000000 0.000000 -0.000002
 32   -0.810489 -0.093824 3.127092 3.071872 -0.114782 1.239365
 33   14.298673 -0.408176 0.475484 0.000248 0.000062 -1.896136
 34   15.835795 0.581398 0.242756 -0.214729 0.106889 -0.097869
 35   -0.815868 -0.091229 -3.114430 0.066464 3.132725 -1.010185
 36   14.294526 -0.410349 -0.463635 0.000033 -0.000000 -2.607695
 37   15.834409 0.579420 -0.284600 -0.006092 -0.035255 0.214458
 38   1.139685 -3.453749 -2.823813 0.000000 0.000000 0.000001
 39   -4.457742 -1.054854 -0.746180 0.000000 0.000000 0.000000
 40   1.118101 -3.449769 3.237290 0.000000 0.000001 0.000000
 41   -4.433840 -1.059130 0.959566 -0.000001 0.000000 0.000000
 42   -0.657468 1.697302 -2.688614 0.000000 0.000002 0.000000
 43   -0.664068 1.698578 2.869377 0.000000 0.000002 0.000000
time 55
  0   -0.967547 0.175787 -20.574476 0.000000 0.000000 -1.572114
  1   -1.093036 0.000002 -0.326057 -1.569027 -1.622749 -0.001768
  2   2.262337 0.113614 0.064702 -0.045003 -0.085893 0.305421
  3   2.380047 0.353302 0.047440 -0.105217 -0.010527 0.311776
  4   2.033756 0.190472 -0.000128 -0.142387 -0.015616 0.008203
  5   2.451511 0.204909 -0.003447 -0.376999 0.070808 0.006105
  6   7.247600 -0.397300 -0.109469 0.056796 0.015853 0.258541
  7   -2.022252 -0.104661 3.136172 1.039203 -1.365783 -4.434511
  8   1.168026 -0.537438 -0.063437 -0.966881 0.750102 -0.803913
  9   6.790376 -0.619176 0.015206 0.117404 -0.065357 -1.328833
 10   8.637599 0.544015 -0.090417 -3.347173 0.249685 0.718692
 11   6.790465 -0.619039 0.017802 0.076415 -0.074386 -0.944859
 12   -2.022474 -0.104699 -2.873818 -0.201910 1.687448 -3.578395
 13   1.167898 -0.537463 0.063297 -0.017152 -0.845085 -1.074704
 14   7.002743 -0.617765 -0.183752 -0.124339 0.036593 -2.072537
 15   8.209042 0.615527 -0.255885 2.523666 0.154888 0.944931
 16   7.002735 -0.617911 -0.183641 -0.070107 0.066688 -1.469222
 17   1.574674 0.609930 -0.000899 0.504380 0.018302 0.495935
 18   -0.602177 0.511412 -0.000006 0.000000 0.000000 0.000000
 19   3.673773 0.177020 1.119313 -0.000002 -0.000014 -0.174510
 20   3.673767 0.176993 -1.117566 0.000007 -0.000003 -0.174546
 21   3.942357 1.330634 1.627658 0.000002 -0.000011 -0.000026
 22   -0.246060 -0.011889 0.516521 -0.000011 0.000031 0.000025
 23   3.942374 1.330659 -1.631083 0.000019 0.000002 -0.000024
 24   -0.246150 -0.011872 -0.516511 -0.000005 -0.000006 0.000048
 25   4.941364 1.997338 1.629330 0.000018 -0.000001 -0.000024
 26   4.941382 1.997366 -1.629410 -0.000001 0.000005 -0.000024
 27   2.918368 1.615358 1.514501 -0.000019 -0.000022 -0.000050
 28   2.920798 1.614964 -1.501142 -0.000002 -0.000009 -0.000024
 29   8.824059 0.150544 0.091743 0.000006 -0.000231 -0.174534
 30   2.111085 -0.561179 1.784320 -0.000008 -0.000682 0.000024
 31   2.121290 -0.561289 -1.853599 0.000000 0.000000 -0.000002
 32   -0.810489 -0.093824 3.127092 3.071872 -0.114782 1.239365
 33   14.298673 -0.408176 0.475484 0.000248 0.000062 -1.896136
 34   15.835795 0.581398 0.242756 -0.214729 0.106889 -0.097869
 35   -0.815868 -0.091229 -3.114430 0.066464 3.132725 -1.010185
 36   14.294526 -0.410349 -0.463635 0.000033 -0.000000 -2.607695
 37   15.834409 0.579420 -0.284600 -0.006092 -0.035255 0.214458
 38   1.139685 -3.453749 -2.823813 0.000000 0.000000 0.000001
 39   -4.457742 -1.054854 -0.746180 0.000000 0.000000 0.000000
 40   1.118101 -3.449769 3.237290 0.000000 0.000001 0.000000
 41   -4.433840 -1.059130 0.959566 -0.000001 0.000000 0.000000
 42   -0.657468 1.697302 -2.688614 0.000000 0.000002 0.000000
 43   -0.664068 1.698578 2.869377 0.000000 0.000002 0.000000
time 56
  0   -0.967547 0.175787 -20.574476 0.000000 0.000000 -1.572114
  1   -1.093036 0.000002 -0.326057 -1.569027 -1.622749 -0.001768
  2   2.262337 0.113614 0.064702 0.156530 -0.101701 0.267147
  3   2.380047 0.353302 0.047440 0.067745 -0.046145 0.276781
  4   2.033756 0.190472 -0.000128 0.037392 -0.019751 -0.022027
  5   2.451511 0.204909 -0.003447 -0.206224 0.171767 -0.024084
  6   7.247600 -0.397300 -0.109469 0.056796 0.015853 0.258541
  7   -2.022252 -0.104661 3.136172 0.914971 -1.325829 -4.320312
  8   1.168026 -0.537438 -0.063437 -0.398686 0.631410 -0.758935
  9   6.790376 -0.619176 0.015206 0.106807 -0.059417 -1.179558
 10   8.637599 0.544015 -0.090417 -3.109398 -0.055669 0.573859
 11   6.790465 -0.619039 0.017802 0.069729 -0.066626 -0.840582
 12   -2.022474 -0.104699 -2.873818 -1.710297 1.469130 -5.017671
 13   1.167898 -0.537463 0.063297 -0.324759 -0.362693 -0.722876
 14   7.002743 -0.617765 -0.183752 -0.125876 0.036365 -2.089698
 15   8.209042 0.615527 -0.255885 3.042518 0.208682 1.005609
 16   7.002735 -0.617911 -0.183641 -0.071331 0.067365 -1.481254
 17   1.574674 0.609930 -0.000899 0.271546 -0.178464 0.378990
 18   -0.602177 0.511412 -0.000006 0.000000 0.000000 0.000000
 19   3.673773 0.177020 1.119313 -0.000002 -0.000014 -0.174510
 20   3.673767 0.176993 -1.117566 0.000007 -0.000003 -0.174546
 21   3.942357 1.330634 1.627658 0.000002 -0.000011 -0.000026
 22   -0.246060 -0.011889 0.516521 -0.000011 0.000031 0.000025
 23   3.942374 1.330659 -1.631083 0.000019 0.000002 -0.000024
 24   -0.246150 -0.011872 -0.516511 -0.000005 -0.000006 0.000048
 25   4.941364 1.997338 1.629330 0.000018 -0.000001 -0.000024
 26   4.941382 1.997366 -1.629410 -0.000001 0.000005 -0.000024
 27   2.918368 1.615358 1.514501 -0.000019 -0.000022 -0.000050
 28   2.920798 1.614964 -1.501142 -0.000002 -0.000009 -0.000024
 29   8.824059 0.150544 0.091743 0.000006 -0.000231 -0.174534
 30   2.111085 -0.561179 1.784320 -0.000008 -0.000682 0.000024
 31   2.121290 -0.561289 -1.853599 0.000000 0.000000 -0.000002
 32   -0.810489 -0.093824 3.127092 3.071872 -0.114782 1.239365
 33   14.298673 -0.408176 0.475484 0.000248 0.000062 -1.896136
 34   15.835795 0.581398 0.242756 -0.214729 0.106889 -0.097869
 35   -0.815868 -0.091229 -3.114430 0.066464 3.132725 -1.010185
 36   14.294526 -0.410349 -0.463635 0.000033 -0.000000 -2.607695
 37   15.834409 0.579420 -0.284600 -0.006092 -0.035255 0.214458
 38   1.139685 -3.453749 -2.823813 0.000000 0.000000 0.000001
 39   -4.457742 -1.054854 -0.746180 0.000000 0.000000 0.000000
 40   1.118101 -3.449769 3.237290 0.000000 0.000001 0.000000
 41   -4.433840 -1.059130 0.959566 -0.000001 0.000000 0.000000
 42   -0.657468 1.697302 -2.688614 0.000000 0.000002 0.000000
 43   -0.664068 1.698578 2.869377 0.000000 0.000002 0.000000
end
