version 1
nodes
  0 "Bip01" -1
  1 "Bip01 Pelvis" 0
  2 "Bip01 Spine" 1
  3 "Bip01 Spine1" 2
  4 "Bip01 Spine2" 3
  5 "Bip01 Spine3" 4
  6 "Bip01 Neck" 5
  7 "Bip01 L Arm" 6
  8 "Bip01 L Arm1" 7
  9 "Bip01 L Arm2" 8
 10 "Bip01 L Hand" 9
 11 "Bip06 L elbow2-smooth" 8
 12 "Bip01 R Arm" 6
 13 "Bip01 R Arm1" 12
 14 "Bip01 R Arm2" 13
 15 "Bip01 R Hand" 14
 16 "Bip06 R elbow2-smooth" 13
 17 "Bip01 Head" 6
 18 "Bip06 Head_helper" 17
 19 "Bip06 Head_eyes_l" 18
 20 "Bip06 Head_eyes_r" 18
 21 "Bip06 Head_blink_l" 18
 22 "Bip06 Head_blink_smooth_l1" 21
 23 "Bip06 Head_blink_r" 18
 24 "Bip06 Head_blink_smooth_r1" 23
 25 "Bip06 Head_L_eyebrow" 18
 26 "Bip06 Head_R_eyebrow" 18
 27 "Bip06 Head_blink_l_lid" 18
 28 "Bip06 Head_blink_r_lid" 18
 29 "Bip06 bunny" 18
 30 "Bip06 bunnyL" 29
 31 "Bip06 bunnyR" 29
 32 "Bip01 L Leg" 1
 33 "Bip01 L Leg1" 32
 34 "Bip01 L Foot" 33
 35 "Bip01 R Leg" 1
 36 "Bip01 R Leg1" 35
 37 "Bip01 R Foot" 36
 38 "Bip03 HairR1" 17
 39 "Bip03 HairR2" 38
 40 "Bip03 HairL1" 17
 41 "Bip03 HairL2" 40
 42 "Bip03 swingR" 17
 43 "Bip03 swingL" 17
end
skeleton
time 0
  0   -0.381591 0.433607 -3.265354 0.000000 0.000000 -1.571069
  1   -1.093036 0.000002 -0.326057 -0.634900 -1.644373 -0.935801
  2   2.262337 0.113614 0.064702 -0.130624 0.077529 0.086077
  3   2.380047 0.353302 0.047440 -0.201689 0.038646 0.114781
  4   2.033756 0.190472 -0.000128 -0.199854 0.069762 -0.179339
  5   2.451511 0.204909 -0.003447 -0.172521 -0.088457 -0.191152
  6   7.247600 -0.397300 -0.109469 0.000001 0.000033 0.156829
  7   -2.022252 -0.104661 3.136172 2.121248 -1.403401 -5.365006
  8   1.168026 -0.537438 -0.063437 0.644809 1.111308 2.094363
  9   6.790376 -0.619176 0.015206 0.029524 0.003519 -0.977305
 10   8.637599 0.544015 -0.090417 -1.201032 -0.262335 -0.548852
 11   6.790465 -0.619039 0.017802 0.021555 -0.011708 -0.699510
 12   -2.022474 -0.104699 -2.873818 -2.298648 1.367808 -5.500589
 13   1.167898 -0.537463 0.063297 -0.446087 -1.412960 1.008721
 14   7.002743 -0.617765 -0.183752 0.001710 -0.067551 -0.962014
 15   8.209042 0.615527 -0.255885 1.929821 0.196652 -0.266295
 16   7.002735 -0.617911 -0.183641 0.008837 -0.042536 -0.692163
 17   1.574674 0.609930 -0.000899 0.633837 -0.256281 0.389598
 18   -0.602177 0.511412 -0.000006 0.000000 0.000000 0.000000
 19   3.677679 0.177020 1.119313 -0.000002 -0.000014 -0.174510
 20   3.673767 0.176993 -1.117566 0.000007 -0.000003 -0.174546
 21   3.942357 1.330634 1.627658 0.000002 -0.000011 -0.000026
 22   -0.246060 -0.011889 0.516521 -0.000011 0.000031 0.000025
 23   3.942374 1.330659 -1.631083 0.000019 0.000002 -0.000024
 24   -0.246150 -0.011872 -0.516511 -0.000005 -0.000006 0.000048
 25   4.941364 1.997338 1.629330 0.000018 -0.000001 -0.000024
 26   4.941382 1.997366 -1.629410 -0.000001 0.000005 -0.000024
 27   2.918368 1.615358 1.514501 -0.000019 -0.000022 -0.000050
 28   2.920798 1.614964 -1.501142 -0.000002 -0.000009 -0.000024
 29   8.824059 0.150544 0.091743 0.000006 -0.000231 -0.174534
 30   2.111085 -0.561179 1.784320 -0.000008 -0.000682 0.000024
 31   2.121290 -0.561289 -1.853599 0.000000 0.000000 -0.000002
 32   -0.810489 -0.093824 3.127092 0.595398 -2.993865 -0.311193
 33   14.298673 -0.408176 0.475484 -0.003563 -0.072909 -0.548115
 34   15.835795 0.581398 0.242756 -0.142687 -0.149448 0.229064
 35   -0.815868 -0.091229 -3.114430 -0.193179 3.014395 -0.033967
 36   14.294526 -0.410349 -0.463635 0.004419 0.068660 -0.514303
 37   15.834409 0.579420 -0.284600 0.213668 0.100119 0.349223
 38   1.139685 -3.453749 -2.823813 0.000000 0.000000 0.000001
 39   -4.457742 -1.054854 -0.746180 0.000000 0.000000 0.000000
 40   1.118101 -3.449769 3.237290 0.000000 0.000001 0.000000
 41   -4.433840 -1.059130 0.959566 -0.000001 0.000000 0.000000
 42   -0.657468 1.697302 -2.688614 0.000000 0.000002 0.000000
 43   -0.664068 1.698578 2.869377 0.000000 0.000002 0.000000
time 1
  0   -0.389404 0.433607 -0.737933 0.000000 0.000000 -1.571069
  1   -1.093036 0.000002 -0.326057 -0.765330 -1.649698 -0.805589
  2   2.262337 0.113614 0.064702 -0.131694 0.092666 0.092366
  3   2.380047 0.353302 0.047440 -0.198268 0.034068 0.111904
  4   2.033756 0.190472 -0.000128 -0.198028 0.057286 -0.175352
  5   2.451511 0.204909 -0.003447 -0.172846 -0.095350 -0.180874
  6   7.247600 -0.397300 -0.109469 0.000001 0.000033 0.156829
  7   -2.022252 -0.104661 3.136172 2.101788 -1.409570 -5.312321
  8   1.168026 -0.537438 -0.063437 0.300690 1.156239 1.751428
  9   6.790376 -0.619176 0.015206 0.028470 0.000316 -0.938968
 10   8.637599 0.544015 -0.090417 -1.201032 -0.262335 -0.548852
 11   6.790465 -0.619039 0.017802 0.020300 -0.013868 -0.672691
 12   -2.022474 -0.104699 -2.873818 -2.360060 1.346214 -5.533619
 13   1.167898 -0.537463 0.063297 -0.407707 -1.435742 0.993224
 14   7.002743 -0.617765 -0.183752 0.005809 -0.049891 -0.772169
 15   8.209042 0.615527 -0.255885 1.929821 0.196652 -0.266295
 16   7.002735 -0.617911 -0.183641 0.014486 -0.031202 -0.559314
 17   1.574674 0.609930 -0.000899 0.623925 -0.221609 0.335820
 18   -0.602177 0.511412 -0.000006 0.000000 0.000000 0.000000
 19   3.677679 0.177020 1.119313 -0.000002 -0.000014 -0.174510
 20   3.677673 0.176993 -1.117566 0.000007 -0.000003 -0.174546
 21   3.942357 1.330634 1.627658 0.000002 -0.000011 -0.000026
 22   -0.246060 -0.011889 0.516521 -0.000011 0.000031 0.000025
 23   3.942374 1.330659 -1.631083 0.000019 0.000002 -0.000024
 24   -0.246150 -0.011872 -0.516511 -0.000005 -0.000006 0.000048
 25   4.941364 1.997338 1.629330 0.000018 -0.000001 -0.000024
 26   4.941382 1.997366 -1.629410 -0.000001 0.000005 -0.000024
 27   2.918368 1.615358 1.514501 -0.000019 -0.000022 -0.000050
 28   2.920798 1.614964 -1.501142 -0.000002 -0.000009 -0.000024
 29   8.824059 0.150544 0.091743 0.001254 -0.001062 -0.136229
 30   2.111085 -0.561179 1.784320 0.000223 -0.000072 0.001418
 31   2.121290 -0.561289 -1.853599 0.000230 0.000622 0.001381
 32   -0.810489 -0.093824 3.127092 0.534812 -2.998162 -0.275105
 33   14.298673 -0.408176 0.475484 -0.004798 -0.069032 -0.517626
 34   15.835795 0.581398 0.242756 0.085262 -0.178342 -0.123095
 35   -0.815868 -0.091229 -3.114430 -0.187194 3.018424 0.184370
 36   14.294526 -0.410349 -0.463635 0.009045 0.017222 -0.122598
 37   15.834409 0.579420 -0.284600 0.222928 0.118138 0.090035
 38   1.139685 -3.453749 -2.823813 0.001074 -0.003651 0.011365
 39   -4.457742 -1.054854 -0.746180 -0.000264 -0.001031 0.002272
 40   1.118101 -3.449769 3.237290 -0.001473 0.004050 0.011180
 41   -4.433840 -1.059130 0.959566 -0.000636 -0.000060 0.004011
 42   -0.649655 1.716834 -2.688614 -0.000156 0.000539 -0.008992
 43   -0.656255 1.718110 2.869377 -0.000150 0.000536 -0.008992
time 2
  0   -0.412842 0.433607 2.352005 0.000000 0.000000 -1.571069
  1   -1.093036 0.000002 -0.326057 -0.985158 -1.666738 -0.585569
  2   2.262337 0.113614 0.064702 -0.134408 0.128296 0.108196
  3   2.380047 0.353302 0.047440 -0.190513 0.023198 0.105415
  4   2.033756 0.190472 -0.000128 -0.193823 0.027816 -0.165529
  5   2.451511 0.204909 -0.003447 -0.173411 -0.111460 -0.155960
  6   7.247600 -0.397300 -0.109469 0.000001 0.000033 0.156829
  7   -2.022252 -0.104661 3.136172 2.088464 -1.412654 -5.281517
  8   1.168026 -0.537438 -0.063437 0.201656 1.163786 1.626046
  9   6.790376 -0.619176 0.015206 0.028914 0.002451 -0.952854
 10   8.637599 0.544015 -0.090417 -1.201032 -0.262335 -0.548852
 11   6.790465 -0.619039 0.017802 0.021030 -0.012390 -0.682265
 12   -2.022474 -0.104699 -2.873818 -2.389665 1.334227 -5.548172
 13   1.167898 -0.537463 0.063297 -0.414033 -1.484002 1.045526
 14   7.002743 -0.617765 -0.183752 0.010420 -0.038250 -0.641563
 15   8.209042 0.615527 -0.255885 1.929821 0.196652 -0.266295
 16   7.002735 -0.617911 -0.183641 0.019287 -0.023815 -0.467860
 17   1.574674 0.609930 -0.000899 0.596710 -0.146088 0.213701
 18   -0.602177 0.511412 -0.000006 0.000000 0.000000 0.000000
 19   3.673773 0.177020 1.119313 -0.000002 -0.000014 -0.174510
 20   3.673767 0.176993 -1.117566 0.000007 -0.000003 -0.174546
 21   3.942357 1.330634 1.627658 0.000002 -0.000011 -0.000026
 22   -0.246060 -0.011889 0.516521 -0.000011 0.000031 0.000025
 23   3.942374 1.330659 -1.631083 0.000019 0.000002 -0.000024
 24   -0.246150 -0.011872 -0.516511 -0.000005 -0.000006 0.000048
 25   4.941364 1.997338 1.629330 0.000018 -0.000001 -0.000024
 26   4.941382 1.997366 -1.629410 -0.000001 0.000005 -0.000024
 27   2.918368 1.615358 1.514501 -0.000019 -0.000022 -0.000050
 28   2.920798 1.614964 -1.501142 -0.000002 -0.000009 -0.000024
 29   8.824059 0.150544 0.091743 0.004819 -0.003341 -0.032259
 30   2.111085 -0.553366 1.784320 0.000928 0.001701 0.005235
 31   2.117383 -0.553476 -1.853599 0.000950 0.002383 0.005202
 32   -0.810489 -0.093824 3.127092 0.368434 -2.964640 -0.061078
 33   14.298673 -0.408176 0.475484 -0.009316 -0.017076 -0.122779
 34   15.835795 0.581398 0.242756 0.299065 -0.013324 -0.798483
 35   -0.815868 -0.091229 -3.114430 -0.246604 3.025076 0.229998
 36   14.294526 -0.410349 -0.463635 0.009081 0.017234 -0.122598
 37   15.834409 0.579420 -0.284600 0.198320 0.185121 -0.272028
 38   1.159217 -3.465468 -2.823813 0.004020 -0.013605 0.042278
 39   -4.457742 -1.054854 -0.746180 -0.000983 -0.003823 0.008442
 40   1.137633 -3.457582 3.237290 -0.005557 0.015125 0.041789
 41   -4.433840 -1.059130 0.959566 -0.002422 -0.000252 0.014976
 42   -0.618404 1.771523 -2.688614 -0.000563 0.001980 -0.033499
 43   -0.613285 1.772799 2.869377 -0.000575 0.001995 -0.033499
time 3
  0   -0.424561 0.433607 2.211376 0.000000 0.000000 -1.571069
  1   -1.093036 0.000002 -0.326057 -1.123973 -1.690677 -0.446744
  2   2.262337 0.113614 0.064702 -0.137707 0.170482 0.129393
  3   2.380047 0.353302 0.047440 -0.181302 0.010578 0.099069
  4   2.033756 0.190472 -0.000128 -0.189194 -0.006555 -0.153495
  5   2.451511 0.204909 -0.003447 -0.173582 -0.130143 -0.126118
  6   7.247600 -0.397300 -0.109469 0.000001 0.000033 0.156829
  7   -2.022252 -0.104661 3.136172 2.068046 -1.413980 -5.244891
  8   1.168026 -0.537438 -0.063437 0.129327 1.172138 1.527423
  9   6.790376 -0.619176 0.015206 0.031244 0.011461 -1.027340
 10   8.637599 0.544015 -0.090417 -1.201032 -0.262335 -0.548852
 11   6.790465 -0.619039 0.017802 0.023891 -0.006506 -0.734461
 12   -2.022474 -0.104699 -2.873818 -2.412754 1.322066 -5.557172
 13   1.167898 -0.537463 0.063297 -1.082530 -1.535261 1.767706
 14   7.002743 -0.617765 -0.183752 0.014975 -0.029846 -0.542639
 15   8.209042 0.615527 -0.255885 1.929821 0.196652 -0.266295
 16   7.002735 -0.617911 -0.183641 0.023336 -0.018571 -0.398482
 17   1.574674 0.609930 -0.000899 0.586677 -0.080933 0.074653
 18   -0.602177 0.511412 -0.000006 0.000000 0.000000 0.000000
 19   3.673773 0.177020 1.119313 -0.000002 -0.000014 -0.174510
 20   3.673767 0.176993 -1.117566 0.000007 -0.000003 -0.174546
 21   3.942357 1.330634 1.627658 0.000002 -0.000011 -0.000026
 22   -0.246060 -0.011889 0.516521 -0.000011 0.000031 0.000025
 23   3.942374 1.330659 -1.631083 0.000019 0.000002 -0.000024
 24   -0.246150 -0.011872 -0.516511 -0.000005 -0.000006 0.000048
 25   4.941364 1.997338 1.629330 0.000018 -0.000001 -0.000024
 26   4.941382 1.997366 -1.629410 -0.000001 0.000005 -0.000024
 27   2.918368 1.615358 1.514501 -0.000019 -0.000022 -0.000050
 28   2.920798 1.614964 -1.501142 -0.000002 -0.000009 -0.000024
 29   8.824059 0.150544 0.091743 0.010166 -0.006759 0.121067
 30   2.111085 -0.541647 1.784320 0.001972 0.004229 0.010874
 31   2.113477 -0.530038 -1.853599 0.001977 0.004921 0.010843
 32   -0.810489 -0.093824 3.127092 0.203174 -2.952893 0.009563
 33   14.298673 -0.408176 0.475484 -0.010311 -0.029651 -0.217104
 34   15.835795 0.581398 0.242756 0.218282 -0.029504 -0.416819
 35   -0.815868 -0.091229 -3.114430 -0.318600 3.031634 0.273983
 36   14.294526 -0.410349 -0.463635 0.009105 0.017234 -0.122598
 37   15.834409 0.579420 -0.284600 0.160393 0.252130 -0.530608
 38   1.182655 -3.492813 -2.823813 0.008420 -0.028295 0.087916
 39   -4.457742 -1.054854 -0.746180 -0.002049 -0.007982 0.017557
 40   1.168884 -3.477114 3.237290 -0.011577 0.031417 0.086754
 41   -4.433840 -1.059130 0.959566 -0.005047 -0.000515 0.031103
 42   -0.575434 1.857463 -2.680801 -0.001186 0.004142 -0.069548
 43   -0.558596 1.854833 2.877190 -0.001187 0.004145 -0.069548
time 4
  0   -0.432374 0.433607 5.063025 0.000000 0.000000 -1.571069
  1   -1.093036 0.000002 -0.326057 -1.177738 -1.711097 -0.392985
  2   2.262337 0.113614 0.064702 -0.140865 0.205069 0.151331
  3   2.380047 0.353302 0.047440 -0.174252 0.000559 0.096110
  4   2.033756 0.190472 -0.000128 -0.185690 -0.033940 -0.142693
  5   2.451511 0.204909 -0.003447 -0.173274 -0.144530 -0.100535
  6   7.247600 -0.397300 -0.109469 0.000001 0.000033 0.156829
  7   -2.022252 -0.104661 3.136172 2.023472 -1.413951 -5.172390
  8   1.168026 -0.537438 -0.063437 -0.153727 1.189597 1.258187
  9   6.790376 -0.619176 0.015206 0.033463 0.029415 -1.188765
 10   8.637599 0.544015 -0.090417 -1.201032 -0.262335 -0.548852
 11   6.790465 -0.619039 0.017802 0.028621 0.005262 -0.847446
 12   -2.022474 -0.104699 -2.873818 -2.445233 1.299369 -5.565597
 13   1.167898 -0.537463 0.063297 0.722904 -1.670683 0.003299
 14   7.002743 -0.617765 -0.183752 0.019188 -0.023429 -0.461949
 15   8.209042 0.615527 -0.255885 1.929821 0.196652 -0.266295
 16   7.002735 -0.617911 -0.183641 0.026914 -0.014511 -0.342075
 17   1.574674 0.609930 -0.000899 0.588951 -0.049266 -0.010542
 18   -0.602177 0.511412 -0.000006 0.000000 0.000000 0.000000
 19   3.673773 0.177020 1.119313 -0.000002 -0.000014 -0.174510
 20   3.673767 0.176993 -1.117566 0.000007 -0.000003 -0.174546
 21   3.942357 1.330634 1.627658 0.000002 -0.000011 -0.000026
 22   -0.246060 -0.011889 0.516521 -0.000011 0.000031 0.000025
 23   3.942374 1.330659 -1.631083 0.000019 0.000002 -0.000024
 24   -0.246150 -0.011872 -0.516511 -0.000005 -0.000006 0.000048
 25   4.941364 1.997338 1.629330 0.000018 -0.000001 -0.000024
 26   4.941382 1.997366 -1.629410 -0.000001 0.000005 -0.000024
 27   2.918368 1.615358 1.514501 -0.000019 -0.000022 -0.000050
 28   2.920798 1.614964 -1.501142 -0.000002 -0.000009 -0.000024
 29   8.824059 0.150544 0.091743 0.016493 -0.010866 0.307226
 30   2.111085 -0.522115 1.776507 0.003206 0.007397 0.017714
 31   2.101758 -0.510506 -1.861412 0.003233 0.008055 0.017684
 32   -0.810489 -0.093824 3.127092 0.116676 -2.955854 -0.135020
 33   14.298673 -0.408176 0.475484 -0.000963 -0.080574 -0.608934
 34   15.835795 0.581398 0.242756 0.217592 -0.074358 -0.357898
 35   -0.815868 -0.091229 -3.114430 -0.392532 3.041565 0.298906
 36   14.294526 -0.410349 -0.463635 0.009129 0.017234 -0.122598
 37   15.834409 0.579420 -0.284600 0.138878 0.278800 -0.646918
 38   1.213906 -3.516251 -2.823813 0.013724 -0.046093 0.143329
 39   -4.457742 -1.054854 -0.746180 -0.003392 -0.012991 0.028635
 40   1.200135 -3.488833 3.237290 -0.018860 0.051192 0.141434
 41   -4.433840 -1.059130 0.959566 -0.008210 -0.000863 0.050679
 42   -0.520745 1.959029 -2.680801 -0.001942 0.006733 -0.113377
 43   -0.488281 1.960305 2.877190 -0.001962 0.006734 -0.113377
time 5
  0   -0.420655 0.433607 8.477192 0.000000 0.000000 -1.571069
  1   -1.093036 0.000002 -0.326057 -1.162122 -1.713551 -0.408566
  2   2.262337 0.113614 0.064702 -0.143617 0.206519 0.187129
  3   2.380047 0.353302 0.047440 -0.176067 0.003256 0.115271
  4   2.033756 0.190472 -0.000128 -0.186778 -0.028308 -0.133595
  5   2.451511 0.204909 -0.003447 -0.174010 -0.138042 -0.088475
  6   7.247600 -0.397300 -0.109469 0.000001 0.000033 0.156829
  7   -2.022252 -0.104661 3.136172 1.898857 -1.378985 -5.041756
  8   1.168026 -0.537438 -0.063437 -0.259785 1.186528 1.136790
  9   6.790376 -0.619176 0.015206 0.033574 0.037156 -1.243177
 10   8.637599 0.544015 -0.090417 -1.201032 -0.262335 -0.548852
 11   6.790465 -0.619039 0.017802 0.030227 0.010549 -0.885626
 12   -2.022474 -0.104699 -2.873818 -2.386791 1.266137 -5.504610
 13   1.167898 -0.537463 0.063297 0.408900 -1.729927 0.400468
 14   7.002743 -0.617765 -0.183752 0.009111 -0.040919 -0.673245
 15   8.209042 0.615527 -0.255885 1.929821 0.196652 -0.266295
 16   7.002735 -0.617911 -0.183641 0.018063 -0.025563 -0.489937
 17   1.574674 0.609930 -0.000899 0.591307 -0.058923 -0.034197
 18   -0.602177 0.511412 -0.000006 0.000000 0.000000 0.000000
 19   3.673773 0.177020 1.119313 -0.000002 -0.000014 -0.174510
 20   3.673767 0.176993 -1.117566 0.000007 -0.000003 -0.174546
 21   3.942357 1.330634 1.627658 0.000002 -0.000011 -0.000026
 22   -0.246060 -0.011889 0.516521 -0.000011 0.000031 0.000025
 23   3.938468 1.330659 -1.631083 0.000019 0.000002 -0.000024
 24   -0.246150 -0.011872 -0.516511 -0.000005 -0.000006 0.000048
 25   4.941364 1.997338 1.629330 0.000018 -0.000001 -0.000024
 26   4.941382 1.997366 -1.629410 -0.000001 0.000005 -0.000024
 27   2.918368 1.615358 1.514501 -0.000019 -0.000022 -0.000050
 28   2.920798 1.614964 -1.501142 -0.000002 -0.000009 -0.000024
 29   8.824059 0.150544 0.091743 0.023534 -0.015328 0.509747
 30   2.111085 -0.502583 1.776507 0.004562 0.010797 0.025155
 31   2.097852 -0.490974 -1.861412 0.004566 0.011448 0.025126
 32   -0.810489 -0.093824 3.127092 0.240178 -2.984028 -0.345518
 33   14.298673 -0.408176 0.475484 0.017877 -0.113415 -0.895799
 34   15.835795 0.581398 0.242756 0.110196 -0.228516 -0.353752
 35   -0.815868 -0.091229 -3.114430 -0.363311 3.088784 0.255688
 36   14.294526 -0.410349 -0.463635 0.009261 0.017258 -0.122598
 37   15.834409 0.579420 -0.284600 0.140080 0.276778 -0.671762
 38   1.245157 -3.539689 -2.823813 0.019470 -0.065495 0.203629
 39   -4.457742 -1.054854 -0.746180 -0.004866 -0.018468 0.040694
 40   1.235292 -3.512271 3.237290 -0.026774 0.072702 0.200940
 41   -4.433840 -1.059130 0.959566 -0.011686 -0.001210 0.071993
 42   -0.466056 2.076220 -2.669082 -0.002768 0.009585 -0.161053
 43   -0.414060 2.077496 2.888909 -0.002774 0.009574 -0.161053
time 6
  0   -0.444093 0.433607 12.610131 0.000000 0.000000 -1.571069
  1   -1.093036 0.000002 -0.326057 -1.172393 -1.690723 -0.398501
  2   2.262337 0.113614 0.064702 -0.148189 0.204290 0.231963
  3   2.380047 0.353302 0.047440 -0.178992 0.002117 0.132330
  4   2.033756 0.190472 -0.000128 -0.185653 -0.026018 -0.132109
  5   2.451511 0.204909 -0.003447 -0.172110 -0.134138 -0.096201
  6   7.247600 -0.397300 -0.109469 0.000001 0.000033 0.156829
  7   -2.022252 -0.104661 3.136172 1.829743 -1.368002 -4.961929
  8   1.168026 -0.537438 -0.063437 -0.258836 1.195685 1.063661
  9   6.790376 -0.619176 0.015206 0.033907 0.040427 -1.246271
 10   8.637599 0.544015 -0.090417 -1.201032 -0.262335 -0.548852
 11   6.790465 -0.619039 0.017802 0.030811 0.012880 -0.887703
 12   -2.022474 -0.104699 -2.873818 -2.367821 1.248548 -5.478473
 13   1.167898 -0.537463 0.063297 0.345425 -1.745386 0.527833
 14   7.002743 -0.617765 -0.183752 0.005012 -0.052219 -0.798571
 15   8.209042 0.615527 -0.255885 1.929821 0.196652 -0.266295
 16   7.002735 -0.617911 -0.183641 0.013638 -0.032668 -0.577804
 17   1.574674 0.609930 -0.000899 0.596669 -0.077454 -0.055117
 18   -0.602177 0.511412 -0.000006 0.000000 0.000000 0.000000
 19   3.677679 0.177020 1.119313 -0.000002 -0.000014 -0.174510
 20   3.677673 0.176993 -1.117566 0.000007 -0.000003 -0.174546
 21   3.942357 1.330634 1.627658 0.000002 -0.000011 -0.000026
 22   -0.246060 -0.011889 0.516521 -0.000011 0.000031 0.000025
 23   3.942374 1.330659 -1.631083 0.000019 0.000002 -0.000024
 24   -0.246150 -0.011872 -0.516511 -0.000005 -0.000006 0.000048
 25   4.941364 1.997338 1.629330 0.000018 -0.000001 -0.000024
 26   4.941382 1.997366 -1.629410 -0.000001 0.000005 -0.000024
 27   2.918368 1.615358 1.514501 -0.000019 -0.000022 -0.000050
 28   2.920798 1.614964 -1.501142 -0.000002 -0.000009 -0.000024
 29   8.824059 0.150544 0.091743 0.030485 -0.019815 0.712323
 30   2.111085 -0.490864 1.772601 0.005918 0.014197 0.032595
 31   2.082226 -0.467536 -1.861412 0.005945 0.014867 0.032568
 32   -0.810489 -0.093824 3.127092 0.252109 -3.012106 -0.590453
 33   14.298673 -0.408176 0.475484 0.048114 -0.141551 -1.209898
 34   15.835795 0.581398 0.242756 0.077349 -0.269563 -0.332274
 35   -0.815868 -0.091229 -3.114430 -0.323088 3.137316 0.178344
 36   14.294526 -0.410349 -0.463635 0.009620 0.017306 -0.122598
 37   15.834409 0.579420 -0.284600 0.158068 0.265132 -0.659898
 38   1.276408 -3.570940 -2.823813 0.025259 -0.084872 0.263807
 39   -4.457742 -1.054854 -0.746180 -0.006364 -0.023945 0.052726
 40   1.274356 -3.531803 3.237290 -0.034731 0.094249 0.260446
 41   -4.433840 -1.059130 0.959566 -0.015150 -0.001594 0.093336
 42   -0.403554 2.189505 -2.661269 -0.003595 0.012437 -0.208729
 43   -0.339839 2.182968 2.892815 -0.003611 0.012430 -0.208729
time 7
  0   -0.475344 0.433607 16.528219 0.000000 0.000000 -1.571069
  1   -1.093036 0.000002 -0.326057 -1.184498 -1.648818 -0.386259
  2   2.262337 0.113614 0.064702 -0.157653 0.197531 0.258690
  3   2.380047 0.353302 0.047440 -0.185037 0.002573 0.149634
  4   2.033756 0.190472 -0.000128 -0.185985 -0.019966 -0.130043
  5   2.451511 0.204909 -0.003447 -0.168293 -0.130952 -0.103210
  6   7.247600 -0.397300 -0.109469 0.000001 0.000033 0.156829
  7   -2.022252 -0.104661 3.136172 1.801753 -1.366157 -4.921734
  8   1.168026 -0.537438 -0.063437 -0.204731 1.209270 1.020391
  9   6.790376 -0.619176 0.015206 0.034018 0.043497 -1.248837
 10   8.637599 0.544015 -0.090417 -1.201032 -0.262335 -0.548852
 11   6.790465 -0.619039 0.017802 0.031307 0.015012 -0.889664
 12   -2.022474 -0.104699 -2.873818 -2.360348 1.239173 -5.466888
 13   1.167898 -0.537463 0.063297 0.370168 -1.735724 0.542906
 14   7.002743 -0.617765 -0.183752 0.002450 -0.063349 -0.917709
 15   8.209042 0.615527 -0.255885 1.929821 0.196652 -0.266295
 16   7.002735 -0.617911 -0.183641 0.010014 -0.039773 -0.661200
 17   1.574674 0.609930 -0.000899 0.601503 -0.088388 -0.071491
 18   -0.602177 0.511412 -0.000006 0.000000 0.000000 0.000000
 19   3.673773 0.177020 1.119313 -0.000002 -0.000014 -0.174510
 20   3.673767 0.176993 -1.117566 0.000007 -0.000003 -0.174546
 21   3.942357 1.330634 1.627658 0.000002 -0.000011 -0.000026
 22   -0.246060 -0.011889 0.516521 -0.000011 0.000031 0.000025
 23   3.938468 1.330659 -1.631083 0.000019 0.000002 -0.000024
 24   -0.246150 -0.011872 -0.516511 -0.000005 -0.000006 0.000048
 25   4.941364 1.997338 1.629330 0.000018 -0.000001 -0.000024
 26   4.941382 1.997366 -1.629410 -0.000001 0.000005 -0.000024
 27   2.918368 1.615358 1.514501 -0.000019 -0.000022 -0.000050
 28   2.920798 1.614964 -1.501142 -0.000002 -0.000009 -0.000024
 29   8.824059 0.150544 0.091743 0.036902 -0.023898 0.898481
 30   2.111085 -0.471332 1.772601 0.007179 0.017335 0.039435
 31   2.070507 -0.448004 -1.865318 0.007186 0.017976 0.039391
 32   -0.810489 -0.093824 3.127092 0.260871 -3.048684 -0.847058
 33   14.298673 -0.408176 0.475484 0.084715 -0.158715 -1.517645
 34   15.835795 0.581398 0.242756 -0.020501 -0.257117 -0.106866
 35   -0.815868 -0.091229 -3.114430 -0.288763 3.186783 0.085006
 36   14.294526 -0.410349 -0.463635 0.008985 0.017210 -0.122598
 37   15.834409 0.579420 -0.284600 0.198714 0.233522 -0.607015
 38   1.307659 -3.598285 -2.823813 0.030542 -0.102695 0.319281
 39   -4.457742 -1.054854 -0.746180 -0.007802 -0.028979 0.063804
 40   1.305607 -3.551335 3.237290 -0.042014 0.114024 0.315003
 41   -4.433840 -1.059130 0.959566 -0.018313 -0.001918 0.112912
 42   -0.352771 2.287164 -2.657363 -0.004350 0.015043 -0.252558
 43   -0.273431 2.288440 2.900628 -0.004373 0.015034 -0.252558
time 8
  0   -0.506595 0.433607 19.153299 0.000000 0.000000 -1.571069
  1   -1.093036 0.000002 -0.326057 -1.133300 -1.610617 -0.437502
  2   2.262337 0.113614 0.064702 -0.163424 0.189777 0.274014
  3   2.380047 0.353302 0.047440 -0.190423 0.007007 0.166958
  4   2.033756 0.190472 -0.000128 -0.186483 -0.011697 -0.126237
  5   2.451511 0.204909 -0.003447 -0.161669 -0.123015 -0.107049
  6   7.247600 -0.397300 -0.109469 0.000001 0.000033 0.156829
  7   -2.022252 -0.104661 3.136172 1.865690 -1.372326 -4.973105
  8   1.168026 -0.537438 -0.063437 -0.179229 1.232314 0.976678
  9   6.790376 -0.619176 0.015206 0.033907 0.049904 -1.282571
 10   8.637599 0.544015 -0.090417 -1.201032 -0.262335 -0.548852
 11   6.790465 -0.619039 0.017802 0.032446 0.019418 -0.913253
 12   -2.022474 -0.104699 -2.873818 -2.347031 1.233601 -5.470335
 13   1.167898 -0.537463 0.063297 0.464644 -1.715128 0.469175
 14   7.002743 -0.617765 -0.183752 0.000969 -0.081520 -1.107306
 15   8.209042 0.615527 -0.255885 1.929821 0.196652 -0.266295
 16   7.002735 -0.617911 -0.183641 0.005495 -0.051671 -0.793607
 17   1.574674 0.609930 -0.000899 0.604428 -0.091015 -0.079844
 18   -0.602177 0.511412 -0.000006 0.000000 0.000000 0.000000
 19   3.677679 0.177020 1.119313 -0.000002 -0.000014 -0.174510
 20   3.677673 0.176993 -1.117566 0.000007 -0.000003 -0.174546
 21   3.942357 1.330634 1.627658 0.000002 -0.000011 -0.000026
 22   -0.246060 -0.011889 0.516521 -0.000011 0.000031 0.000025
 23   3.942374 1.330659 -1.631083 0.000019 0.000002 -0.000024
 24   -0.246150 -0.011872 -0.516511 -0.000005 -0.000006 0.000048
 25   4.941364 1.997338 1.629330 0.000018 -0.000001 -0.000024
 26   4.941382 1.997366 -1.629410 -0.000001 0.000005 -0.000024
 27   2.918368 1.615358 1.514501 -0.000019 -0.000022 -0.000050
 28   2.924704 1.614964 -1.501142 -0.000002 -0.000009 -0.000024
 29   8.824059 0.150544 0.091743 0.042160 -0.027269 1.051808
 30   2.111085 -0.455707 1.764788 0.008196 0.019893 0.045053
 31   2.058788 -0.436285 -1.873131 0.008228 0.020592 0.045032
 32   -0.810489 -0.093824 3.127092 0.273454 -3.091566 -1.098768
 33   14.298673 -0.408176 0.475484 0.121712 -0.164143 -1.801652
 34   15.835795 0.581398 0.242756 -0.114118 -0.227442 0.074837
 35   -0.815868 -0.091229 -3.114430 -0.263855 3.240561 -0.063327
 36   14.294526 -0.410349 -0.463635 0.012029 0.039489 -0.195053
 37   15.834409 0.579420 -0.284600 0.271652 0.119546 -0.404563
 38   1.331097 -3.613910 -2.823813 0.034920 -0.117373 0.364857
 39   -4.457742 -1.054854 -0.746180 -0.009048 -0.033113 0.072919
 40   1.336858 -3.566960 3.237290 -0.048013 0.130304 0.360030
 41   -4.433840 -1.059130 0.959566 -0.020938 -0.002181 0.129038
 42   -0.309801 2.373104 -2.649550 -0.004998 0.017190 -0.288607
 43   -0.218742 2.374380 2.900628 -0.004998 0.017200 -0.288607
time 9
  0   -0.494876 0.433607 20.020514 0.000000 0.000000 -1.571069
  1   -1.093036 0.000002 -0.326057 -0.977665 -1.614229 -0.592972
  2   2.262337 0.113614 0.064702 -0.162748 0.184468 0.295609
  3   2.380047 0.353302 0.047440 -0.192148 0.012268 0.187037
  4   2.033756 0.190472 -0.000128 -0.184141 -0.004985 -0.118915
  5   2.451511 0.204909 -0.003447 -0.151296 -0.114228 -0.104745
  6   7.247600 -0.397300 -0.109469 0.000001 0.000033 0.156829
  7   -2.022252 -0.104661 3.136172 2.082137 -1.382012 -5.219534
  8   1.168026 -0.537438 -0.063437 -0.064628 1.257320 1.007043
  9   6.790376 -0.619176 0.015206 0.033685 0.055643 -1.308985
 10   8.637599 0.544015 -0.090417 -1.201032 -0.262335 -0.548852
 11   6.790465 -0.619039 0.017802 0.033351 0.023397 -0.931536
 12   -2.022474 -0.104699 -2.873818 -2.365905 1.233891 -5.478281
 13   1.167898 -0.537463 0.063297 0.496276 -1.706534 0.459792
 14   7.002743 -0.617765 -0.183752 0.002108 -0.094978 -1.248473
 15   8.209042 0.615527 -0.255885 1.929821 0.196652 -0.266295
 16   7.002735 -0.617911 -0.183641 0.003188 -0.060862 -0.892292
 17   1.574674 0.609930 -0.000899 0.605687 -0.094565 -0.079474
 18   -0.602177 0.511412 -0.000006 0.000000 0.000000 0.000000
 19   3.677679 0.177020 1.119313 -0.000002 -0.000014 -0.174510
 20   3.673767 0.176993 -1.117566 0.000007 -0.000003 -0.174546
 21   3.942357 1.330634 1.627658 0.000002 -0.000011 -0.000026
 22   -0.246060 -0.011889 0.516521 -0.000011 0.000031 0.000025
 23   3.942374 1.330659 -1.631083 0.000019 0.000002 -0.000024
 24   -0.246150 -0.011872 -0.516511 -0.000005 -0.000006 0.000048
 25   4.941364 1.997338 1.629330 0.000018 -0.000001 -0.000024
 26   4.941382 1.997366 -1.629410 -0.000001 0.000005 -0.000024
 27   2.918368 1.615358 1.514501 -0.000019 -0.000022 -0.000050
 28   2.924704 1.614964 -1.501142 -0.000002 -0.000009 -0.000024
 29   8.824059 0.150544 0.091743 0.045725 -0.029524 1.155778
 30   2.111085 -0.447894 1.764788 0.008915 0.021636 0.048870
 31   2.047069 -0.424566 -1.873131 0.008902 0.022301 0.048853
 32   -0.810489 -0.093824 3.127092 -2.837215 0.007846 1.837616
 33   14.298673 -0.408176 0.475484 0.153663 -0.160447 -2.046118
 34   15.835795 0.581398 0.242756 -0.191612 -0.217217 0.169173
 35   -0.815868 -0.091229 -3.114430 -0.216151 3.309235 -0.421562
 36   14.294526 -0.410349 -0.463635 -0.007518 0.141226 -0.716451
 37   15.834409 0.579420 -0.284600 0.289719 0.091007 -0.149532
 38   1.350629 -3.633442 -2.816000 0.037888 -0.127314 0.395771
 39   -4.457742 -1.054854 -0.746180 -0.010019 -0.035930 0.079117
 40   1.356390 -3.574773 3.237290 -0.052075 0.141367 0.390577
 41   -4.433840 -1.059130 0.959566 -0.022724 -0.002385 0.140004
 42   -0.278550 2.435606 -2.649550 -0.005405 0.018646 -0.313115
 43   -0.179678 2.429069 2.908441 -0.005410 0.018643 -0.313115
time 10
  0   -0.444093 0.433607 20.020514 0.000000 0.000000 -1.571069
  1   -1.093036 0.000002 -0.326057 -1.020478 -1.652198 -0.550246
  2   2.262337 0.113614 0.064702 -0.155934 0.178811 0.318649
  3   2.380047 0.353302 0.047440 -0.190948 0.018165 0.214544
  4   2.033756 0.190472 -0.000128 -0.180526 0.004638 -0.107606
  5   2.451511 0.204909 -0.003447 -0.139400 -0.105807 -0.100040
  6   7.247600 -0.397300 -0.109469 0.000001 0.000033 0.156829
  7   -2.022252 -0.104661 3.136172 2.039289 -1.418564 -5.156424
  8   1.168026 -0.537438 -0.063437 -0.067792 1.252138 0.940809
  9   6.790376 -0.619176 0.015206 0.033574 0.060449 -1.326493
 10   8.637599 0.544015 -0.090417 -1.201032 -0.262335 -0.548852
 11   6.790465 -0.619039 0.017802 0.034022 0.026865 -0.943936
 12   -2.022474 -0.104699 -2.873818 -2.293953 1.269010 -5.403890
 13   1.167898 -0.537463 0.063297 0.634826 -1.656546 0.322923
 14   7.002743 -0.617765 -0.183752 0.003759 -0.102587 -1.329741
 15   8.209042 0.615527 -0.255885 1.929821 0.196652 -0.266295
 16   7.002735 -0.617911 -0.183641 0.002293 -0.066219 -0.949030
 17   1.574674 0.609930 -0.000899 0.605321 -0.101168 -0.066501
 18   -0.602177 0.511412 -0.000006 0.000000 0.000000 0.000000
 19   3.677679 0.177020 1.119313 -0.000002 -0.000014 -0.174510
 20   3.677673 0.176993 -1.117566 0.000007 -0.000003 -0.174546
 21   3.942357 1.338447 1.627658 0.000002 -0.000011 -0.000026
 22   -0.246060 -0.011889 0.516521 -0.000011 0.000031 0.000025
 23   3.942374 1.330659 -1.631083 0.000019 0.000002 -0.000024
 24   -0.246150 -0.011872 -0.516511 -0.000005 -0.000006 0.000048
 25   4.941364 1.997338 1.629330 0.000018 -0.000001 -0.000024
 26   4.941382 1.997366 -1.629410 -0.000001 0.000005 -0.000024
 27   2.918368 1.623171 1.514501 -0.000019 -0.000022 -0.000050
 28   2.920798 1.614964 -1.501142 -0.000002 -0.000009 -0.000024
 29   8.824059 0.150544 0.091743 0.047062 -0.030378 1.194082
 30   2.111085 -0.447894 1.764788 0.009159 0.022276 0.050285
 31   2.035350 -0.416753 -1.873131 0.009178 0.022975 0.050254
 32   -0.810489 -0.093824 3.127092 -2.807575 -6.228893 1.753770
 33   14.298673 -0.408176 0.475484 0.170309 -0.155290 -2.178555
 34   15.835795 0.581398 0.242756 -0.237316 -0.224343 0.224345
 35   -0.815868 -0.091229 -3.114430 -0.167303 3.326661 -0.598270
 36   14.294526 -0.410349 -0.463635 -0.034159 0.205859 -0.926400
 37   15.834409 0.579420 -0.284600 0.295531 0.093694 -0.025211
 38   1.350629 -3.633442 -2.816000 0.039004 -0.131002 0.407257
 39   -4.457742 -1.054854 -0.746180 -0.010606 -0.036948 0.081389
 40   1.360296 -3.574773 3.245103 -0.053591 0.145440 0.401941
 41   -4.433840 -1.059130 0.959566 -0.023383 -0.002457 0.144015
 42   -0.266831 2.455138 -2.649550 -0.005573 0.019183 -0.322148
 43   -0.167959 2.456414 2.912347 -0.005560 0.019193 -0.322148
time 11
  0   -0.389404 0.433607 20.012701 0.000000 0.000000 -1.571069
  1   -1.093036 0.000002 -0.326057 -1.057212 -1.701095 -0.513519
  2   2.262337 0.113614 0.064702 -0.149310 0.171752 0.338852
  3   2.380047 0.353302 0.047440 -0.191698 0.022024 0.240561
  4   2.033756 0.190472 -0.000128 -0.177446 0.013639 -0.096587
  5   2.451511 0.204909 -0.003447 -0.128890 -0.096577 -0.095087
  6   7.247600 -0.397300 -0.109469 0.000001 0.000033 0.156829
  7   -2.022252 -0.104661 3.136172 2.017433 -1.438771 -5.120737
  8   1.168026 -0.537438 -0.063437 -0.051339 1.256314 0.891846
  9   6.790376 -0.619176 0.015206 0.033685 0.062718 -1.320531
 10   8.637599 0.544015 -0.090417 -1.201032 -0.262335 -0.548852
 11   6.790465 -0.619039 0.017802 0.034402 0.028400 -0.939553
 12   -2.022474 -0.104699 -2.873818 -2.253715 1.291997 -5.368945
 13   1.167898 -0.537463 0.063297 0.837484 -1.638086 0.118739
 14   7.002743 -0.617765 -0.183752 0.004442 -0.105199 -1.358370
 15   8.209042 0.615527 -0.255885 1.929821 0.196652 -0.266295
 16   7.002735 -0.617911 -0.183641 0.002058 -0.068080 -0.968955
 17   1.574674 0.609930 -0.000899 0.603737 -0.111463 -0.039039
 18   -0.602177 0.511412 -0.000006 0.000000 0.000000 0.000000
 19   3.673773 0.177020 1.119313 -0.000002 -0.000014 -0.174510
 20   3.673767 0.176993 -1.117566 0.000007 -0.000003 -0.174546
 21   3.942357 1.330634 1.627658 0.000002 -0.000011 -0.000026
 22   -0.246060 -0.011889 0.516521 -0.000011 0.000031 0.000025
 23   3.938468 1.330659 -1.631083 0.000019 0.000002 -0.000024
 24   -0.246150 -0.011872 -0.516511 -0.000005 -0.000006 0.000048
 25   4.941364 1.997338 1.629330 0.000018 -0.000001 -0.000024
 26   4.941382 1.997366 -1.629410 -0.000001 0.000005 -0.000024
 27   2.918368 1.615358 1.514501 -0.000019 -0.000022 -0.000050
 28   2.920798 1.614964 -1.501142 -0.000002 -0.000009 -0.000024
 29   8.824059 0.150544 0.091743 0.046170 -0.029737 1.161679
 30   2.103272 -0.455707 1.764788 0.008887 0.022130 0.040100
 31   2.019724 -0.428472 -1.873131 0.008887 0.022793 0.040101
 32   -0.810489 -0.093824 3.127092 -2.777561 -6.198236 1.758950
 33   14.298673 -0.408176 0.475484 0.177632 -0.152201 -2.238659
 34   15.835795 0.581398 0.242756 -0.245505 -0.248942 0.254996
 35   -0.815868 -0.091229 -3.114430 -0.140370 3.318885 -0.706945
 36   14.294526 -0.410349 -0.463635 -0.095676 0.242832 -1.325520
 37   15.834409 0.579420 -0.284600 0.286487 0.110869 0.096880
 38   1.350629 -3.629536 -2.816000 0.037552 -0.128604 0.392044
 39   -4.457742 -1.054854 -0.746180 -0.010942 -0.036793 0.081277
 40   1.360296 -3.574773 3.245103 -0.053191 0.140716 0.383063
 41   -4.433840 -1.059130 0.959566 -0.023011 -0.002385 0.140060
 42   -0.290269 2.427793 -2.649550 -0.005249 0.018692 -0.308598
 43   -0.187491 2.425163 2.908441 -0.005248 0.018690 -0.308598
time 12
  0   -0.358153 0.433607 19.973637 0.000000 0.000000 -1.571069
  1   -1.093036 0.000002 -0.326057 -1.061980 -1.719895 -0.508777
  2   2.262337 0.113614 0.064702 -0.145757 0.160978 0.341617
  3   2.380047 0.353302 0.047440 -0.194593 0.023606 0.248764
  4   2.033756 0.190472 -0.000128 -0.174606 0.017390 -0.091440
  5   2.451511 0.204909 -0.003447 -0.118209 -0.084644 -0.090505
  6   7.247600 -0.397300 -0.109469 0.000001 0.000033 0.156829
  7   -2.022252 -0.104661 3.136172 2.039864 -1.451051 -5.137172
  8   1.168026 -0.537438 -0.063437 -0.002613 1.257924 0.894566
  9   6.790376 -0.619176 0.015206 0.034018 0.064253 -1.304985
 10   8.637599 0.544015 -0.090417 -1.201032 -0.262335 -0.548852
 11   6.790465 -0.619039 0.017802 0.034694 0.029480 -0.928825
 12   -2.022474 -0.104699 -2.873818 -2.234745 1.302300 -5.355350
 13   1.167898 -0.537463 0.063297 1.077749 -1.633103 -0.125277
 14   7.002743 -0.617765 -0.183752 0.004898 -0.106562 -1.373716
 15   8.209042 0.615527 -0.255885 1.929821 0.196652 -0.266295
 16   7.002735 -0.617911 -0.183641 0.001917 -0.069095 -0.979662
 17   1.574674 0.609930 -0.000899 0.600894 -0.123509 -0.000636
 18   -0.602177 0.511412 -0.000006 0.000000 0.000000 0.000000
 19   3.673773 0.177020 1.119313 -0.000002 -0.000014 -0.174510
 20   3.673767 0.176993 -1.117566 0.000007 -0.000003 -0.174546
 21   3.942357 1.330634 1.627658 0.000002 -0.000011 -0.000026
 22   -0.246060 -0.011889 0.516521 -0.000011 0.000031 0.000025
 23   3.942374 1.330659 -1.631083 0.000019 0.000002 -0.000024
 24   -0.246150 -0.011872 -0.516511 -0.000005 -0.000006 0.000048
 25   4.941364 1.997338 1.629330 0.000018 -0.000001 -0.000024
 26   4.941382 1.997366 -1.629410 -0.000001 0.000005 -0.000024
 27   2.918368 1.615358 1.514501 -0.000019 -0.000022 -0.000050
 28   2.920798 1.614964 -1.501142 -0.000002 -0.000009 -0.000024
 29   8.824059 0.150544 0.091743 0.043497 -0.028052 1.073160
 30   2.095459 -0.490864 1.764788 0.008115 0.021723 0.012504
 31   2.008005 -0.467536 -1.873131 0.008121 0.022431 0.012462
 32   -0.810489 -0.093824 3.127092 -2.767308 -6.187635 1.775913
 33   14.298673 -0.408176 0.475484 0.179070 -0.151632 -2.250013
 34   15.835795 0.581398 0.242756 -0.203688 -0.230712 0.262626
 35   -0.815868 -0.091229 -3.114430 -0.120039 3.311764 -0.805761
 36   14.294526 -0.410349 -0.463635 -0.153778 0.268718 -1.606843
 37   15.834409 0.579420 -0.284600 0.277267 0.123846 0.200312
 38   1.327191 -3.610004 -2.823813 0.033615 -0.122108 0.350928
 39   -4.457742 -1.054854 -0.746180 -0.011194 -0.036301 0.080940
 40   1.340764 -3.555241 3.237290 -0.052075 0.127701 0.331988
 41   -4.433840 -1.059130 0.959566 -0.022017 -0.002181 0.129291
 42   -0.329333 2.341853 -2.649550 -0.004398 0.017374 -0.271879
 43   -0.242180 2.335316 2.908441 -0.004398 0.017357 -0.271879
time 13
  0   -0.369872 0.433607 19.903322 0.000000 0.000000 -1.571069
  1   -1.093036 0.000002 -0.326057 -1.061561 -1.712625 -0.509116
  2   2.262337 0.113614 0.064702 -0.143680 0.154278 0.331118
  3   2.380047 0.353302 0.047440 -0.199138 0.023006 0.238745
  4   2.033756 0.190472 -0.000128 -0.171231 0.012117 -0.091295
  5   2.451511 0.204909 -0.003447 -0.105166 -0.075727 -0.083645
  6   7.247600 -0.397300 -0.109469 0.000001 0.000033 0.156829
  7   -2.022252 -0.104661 3.136172 2.233114 -1.452579 -5.330258
  8   1.168026 -0.537438 -0.063437 0.104521 1.239207 1.006727
  9   6.790376 -0.619176 0.015206 0.034129 0.066856 -1.308079
 10   8.637599 0.544015 -0.090417 -1.201032 -0.262335 -0.548852
 11   6.790465 -0.619039 0.017802 0.035161 0.031328 -0.930844
 12   -2.022474 -0.104699 -2.873818 -2.227655 1.302678 -5.340414
 13   1.167898 -0.537463 0.063297 1.486088 -1.630051 -0.542301
 14   7.002743 -0.617765 -0.183752 0.005923 -0.109969 -1.409771
 15   8.209042 0.615527 -0.255885 1.929821 0.196652 -0.266295
 16   7.002735 -0.617911 -0.183641 0.001682 -0.071463 -1.004941
 17   1.574674 0.609930 -0.000899 0.596954 -0.133946 0.043458
 18   -0.602177 0.511412 -0.000006 0.000000 0.000000 0.000000
 19   3.673773 0.177020 1.119313 -0.000002 -0.000014 -0.174510
 20   3.673767 0.176993 -1.117566 0.000007 -0.000003 -0.174546
 21   3.942357 1.330634 1.627658 0.000002 -0.000011 -0.000026
 22   -0.246060 -0.011889 0.516521 -0.000011 0.000031 0.000025
 23   3.942374 1.330659 -1.631083 0.000019 0.000002 -0.000024
 24   -0.246150 -0.011872 -0.516511 -0.000005 -0.000006 0.000048
 25   4.941364 1.997338 1.629330 0.000018 -0.000001 -0.000024
 26   4.941382 1.997366 -1.629410 -0.000001 0.000005 -0.000024
 27   2.918368 1.623171 1.514501 -0.000019 -0.000022 -0.000050
 28   2.920798 1.614964 -1.501142 -0.000002 -0.000009 -0.000024
 29   8.824059 0.150544 0.091743 0.039576 -0.025536 0.941936
 30   2.083740 -0.541647 1.764788 0.006908 0.021142 -0.028173
 31   1.996286 -0.518319 -1.873131 0.006895 0.021835 -0.028205
 32   -0.810489 -0.093824 3.127092 -2.778027 -6.186584 1.762934
 33   14.298673 -0.408176 0.475484 0.178075 -0.152188 -2.241359
 34   15.835795 0.581398 0.242756 -0.137258 -0.222610 0.271888
 35   -0.815868 -0.091229 -3.114430 -0.103404 3.304456 -0.872752
 36   14.294526 -0.410349 -0.463635 -0.192704 0.254672 -1.853870
 37   15.834409 0.579420 -0.284600 0.274962 0.130219 0.250355
 38   1.307659 -3.582659 -2.823813 0.027848 -0.112552 0.290322
 39   -4.457742 -1.054854 -0.746180 -0.011385 -0.035546 0.080407
 40   1.317326 -3.539616 3.237290 -0.050349 0.108191 0.256597
 41   -4.433840 -1.059130 0.959566 -0.020423 -0.001918 0.113389
 42   -0.403554 2.220756 -2.657363 -0.003128 0.015365 -0.217804
 43   -0.316401 2.214219 2.900628 -0.003124 0.015380 -0.217804
time 14
  0   -0.381591 0.433607 19.766600 0.000000 0.000000 -1.571069
  1   -1.093036 0.000002 -0.326057 -1.065177 -1.702855 -0.505632
  2   2.262337 0.113614 0.064702 -0.140865 0.139633 0.317565
  3   2.380047 0.353302 0.047440 -0.201914 0.022084 0.228032
  4   2.033756 0.190472 -0.000128 -0.166362 0.007562 -0.092781
  5   2.451511 0.204909 -0.003447 -0.091815 -0.075492 -0.080475
  6   7.247600 -0.397300 -0.109469 0.000001 0.000033 0.156829
  7   -2.022252 -0.104661 3.136172 2.409205 -1.448226 -5.495264
  8   1.168026 -0.537438 -0.063437 0.190392 1.224465 1.120026
  9   6.790376 -0.619176 0.015206 0.034351 0.068191 -1.303249
 10   8.637599 0.544015 -0.090417 -1.201032 -0.262335 -0.548852
 11   6.790465 -0.619039 0.017802 0.035365 0.032266 -0.927441
 12   -2.022474 -0.104699 -2.873818 -2.221332 1.304245 -5.338690
 13   1.167898 -0.537463 0.063297 -1.081054 -1.498851 1.986176
 14   7.002743 -0.617765 -0.183752 0.006606 -0.112013 -1.432955
 15   8.209042 0.615527 -0.255885 1.929821 0.196652 -0.266295
 16   7.002735 -0.617911 -0.183641 0.001587 -0.073042 -1.021002
 17   1.574674 0.609930 -0.000899 0.592039 -0.141544 0.086887
 18   -0.602177 0.511412 -0.000006 0.000000 0.000000 0.000000
 19   3.673773 0.177020 1.119313 -0.000002 -0.000014 -0.174510
 20   3.673767 0.184806 -1.117566 0.000007 -0.000003 -0.174546
 21   3.938451 1.338447 1.627658 0.000002 -0.000011 -0.000026
 22   -0.246060 -0.011889 0.516521 -0.000011 0.000031 0.000025
 23   3.938468 1.330659 -1.631083 0.000019 0.000002 -0.000024
 24   -0.246150 -0.011872 -0.516511 -0.000005 -0.000006 0.000048
 25   4.941364 1.997338 1.629330 0.000018 -0.000001 -0.000024
 26   4.941382 1.997366 -1.629410 -0.000001 0.000005 -0.000024
 27   2.918368 1.623171 1.514501 -0.000019 -0.000022 -0.000050
 28   2.920798 1.622777 -1.501142 -0.000002 -0.000009 -0.000024
 29   8.824059 0.150544 0.091743 0.034585 -0.022474 0.781475
 30   2.072021 -0.588524 1.764788 0.005335 0.020416 -0.077576
 31   1.984567 -0.569102 -1.873131 0.005317 0.021110 -0.077624
 32   -0.810489 -0.093824 3.127092 -2.788467 -6.187157 1.760430
 33   14.298673 -0.408176 0.475484 0.175654 -0.154812 -2.212299
 34   15.835795 0.581398 0.242756 -0.063307 -0.229077 0.288294
 35   -0.815868 -0.091229 -3.114430 -0.093371 3.294151 -0.899483
 36   14.294526 -0.410349 -0.463635 -0.202483 0.227467 -2.003337
 37   15.834409 0.579420 -0.284600 0.270391 0.135312 0.266478
 38   1.276408 -3.555315 -2.823813 0.020839 -0.100960 0.216581
 39   -4.457742 -1.054854 -0.746180 -0.011541 -0.034576 0.079706
 40   1.293888 -3.512271 3.237290 -0.048055 0.083933 0.165261
 41   -4.433840 -1.059130 0.959566 -0.018337 -0.001594 0.094037
 42   -0.481681 2.076220 -2.657363 -0.001570 0.012958 -0.152103
 43   -0.414060 2.057964 2.900628 -0.001562 0.012932 -0.152103
time 15
  0   -0.389404 0.433607 19.493153 0.000000 0.000000 -1.571069
  1   -1.093036 0.000002 -0.326057 -1.076653 -1.692668 -0.494116
  2   2.262337 0.113614 0.064702 -0.137414 0.126786 0.300777
  3   2.380047 0.353302 0.047440 -0.204149 0.020885 0.217564
  4   2.033756 0.190472 -0.000128 -0.161235 0.003512 -0.094956
  5   2.451511 0.204909 -0.003447 -0.080073 -0.075401 -0.078890
  6   7.247600 -0.397300 -0.109469 0.000001 0.000033 0.156829
  7   -2.022252 -0.104661 3.136172 2.470458 -1.452060 -5.546072
  8   1.168026 -0.537438 -0.063437 0.221906 1.219031 1.161778
  9   6.790376 -0.619176 0.015206 0.034462 0.068191 -1.295174
 10   8.637599 0.544015 -0.090417 -1.201032 -0.262335 -0.548852
 11   6.790465 -0.619039 0.017802 0.035424 0.032266 -0.921789
 12   -2.022474 -0.104699 -2.873818 -2.189045 1.312691 -5.306043
 13   1.167898 -0.537463 0.063297 -0.785608 -1.482934 1.665584
 14   7.002743 -0.617765 -0.183752 0.006663 -0.112183 -1.435100
 15   8.209042 0.615527 -0.255885 1.929821 0.196652 -0.266295
 16   7.002735 -0.617911 -0.183641 0.001587 -0.073211 -1.022492
 17   1.574674 0.609930 -0.000899 0.587002 -0.147011 0.125438
 18   -0.602177 0.511412 -0.000006 0.000000 0.000000 0.000000
 19   3.673773 0.177020 1.119313 -0.000002 -0.000014 -0.174510
 20   3.677673 0.176993 -1.117566 0.000007 -0.000003 -0.174546
 21   3.942357 1.330634 1.627658 0.000002 -0.000011 -0.000026
 22   -0.246060 -0.011889 0.516521 -0.000011 0.000031 0.000025
 23   3.942374 1.330659 -1.631083 0.000019 0.000002 -0.000024
 24   -0.246150 -0.011872 -0.516511 -0.000005 -0.000006 0.000048
 25   4.941364 1.997338 1.629330 0.000018 -0.000001 -0.000024
 26   4.941382 1.997366 -1.629410 -0.000001 0.000005 -0.000024
 27   2.918368 1.615358 1.514501 -0.000019 -0.000022 -0.000050
 28   2.920798 1.614964 -1.501142 -0.000002 -0.000009 -0.000024
 29   8.824059 0.150544 0.091743 0.028881 -0.019126 0.604973
 30   2.060302 -0.647119 1.764788 0.003450 0.019631 -0.131354
 31   1.976754 -0.643323 -1.873131 0.003417 0.020333 -0.131373
 32   -0.810489 -0.093824 3.127092 -2.798347 -6.189736 1.770334
 33   14.298673 -0.408176 0.475484 0.171508 -0.159025 -2.164025
 34   15.835795 0.581398 0.242756 0.010414 -0.217632 0.295615
 35   -0.815868 -0.091229 -3.114430 -0.084305 3.282065 -0.909836
 36   14.294526 -0.410349 -0.463635 -0.199211 0.197626 -2.115727
 37   15.834409 0.579420 -0.284600 0.263120 0.141071 0.263791
 38   1.245157 -3.516251 -2.823813 0.013198 -0.088331 0.136486
 39   -4.457742 -1.054854 -0.746180 -0.011649 -0.033425 0.078837
 40   1.262637 -3.481020 3.237290 -0.045277 0.056675 0.065738
 41   -4.433840 -1.059130 0.959566 -0.015857 -0.001210 0.072947
 42   -0.575434 1.908246 -2.661269 0.000156 0.010275 -0.080589
 43   -0.519532 1.889990 2.892815 0.000150 0.010280 -0.080589
time 16
  0   -0.401123 0.433607 19.055639 0.000000 0.000000 -1.571069
  1   -1.093036 0.000002 -0.326057 -1.104689 -1.682296 -0.466099
  2   2.262337 0.113614 0.064702 -0.134942 0.107251 0.281405
  3   2.380047 0.353302 0.047440 -0.206159 0.019519 0.207953
  4   2.033756 0.190472 -0.000128 -0.156514 0.000024 -0.097457
  5   2.451511 0.204909 -0.003447 -0.070984 -0.075518 -0.079608
  6   7.247600 -0.397300 -0.109469 0.000001 0.000033 0.156829
  7   -2.022252 -0.104661 3.136172 2.527973 -1.454770 -5.597818
  8   1.168026 -0.537438 -0.063437 0.254875 1.211333 1.203593
  9   6.790376 -0.619176 0.015206 0.034739 0.068191 -1.288005
 10   8.637599 0.544015 -0.090417 -1.201032 -0.262335 -0.548852
 11   6.790465 -0.619039 0.017802 0.035453 0.032266 -0.916771
 12   -2.022474 -0.104699 -2.873818 -2.167009 1.320266 -5.282012
 13   1.167898 -0.537463 0.063297 -0.542460 -1.455727 1.388940
 14   7.002743 -0.617765 -0.183752 0.006663 -0.112183 -1.435430
 15   8.209042 0.615527 -0.255885 1.929821 0.196652 -0.266295
 16   7.002735 -0.617911 -0.183641 0.001587 -0.073211 -1.022713
 17   1.574674 0.609930 -0.000899 0.582127 -0.150703 0.157113
 18   -0.602177 0.511412 -0.000006 0.000000 0.000000 0.000000
 19   3.677679 0.177020 1.119313 -0.000002 -0.000014 -0.174510
 20   3.677673 0.176993 -1.117566 0.000007 -0.000003 -0.174546
 21   3.942357 1.330634 1.627658 0.000002 -0.000011 -0.000026
 22   -0.246060 -0.011889 0.516521 -0.000011 0.000031 0.000025
 23   3.942374 1.330659 -1.631083 0.000019 0.000002 -0.000024
 24   -0.246150 -0.011872 -0.516511 -0.000005 -0.000006 0.000048
 25   4.941364 1.997338 1.629330 0.000018 -0.000001 -0.000024
 26   4.941382 1.997366 -1.629410 -0.000001 0.000005 -0.000024
 27   2.918368 1.615358 1.514501 -0.000019 -0.000022 -0.000050
 28   2.920798 1.614964 -1.501142 -0.000002 -0.000009 -0.000024
 29   8.824059 0.150544 0.091743 0.022821 -0.015779 0.426003
 30   2.048583 -0.709621 1.764788 0.001294 0.018817 -0.185132
 31   1.972848 -0.705825 -1.873131 0.001241 0.019530 -0.185141
 32   -0.810489 -0.093824 3.127092 -2.809159 -6.196326 1.795892
 33   14.298673 -0.408176 0.475484 0.165803 -0.164311 -2.100983
 34   15.835795 0.581398 0.242756 0.074566 -0.161479 0.306508
 35   -0.815868 -0.091229 -3.114430 -0.078056 3.263702 -0.917723
 36   14.294526 -0.410349 -0.463635 -0.187670 0.156986 -2.263727
 37   15.834409 0.579420 -0.284600 0.255909 0.148213 0.253447
 38   1.213906 -3.485000 -2.823813 0.005557 -0.075702 0.056330
 39   -4.457742 -1.054854 -0.746180 -0.011733 -0.032155 0.077827
 40   1.223573 -3.457582 3.237290 -0.042077 0.028199 -0.033663
 41   -4.433840 -1.059130 0.959566 -0.013016 -0.000863 0.051772
 42   -0.657468 1.748085 -2.669082 0.001930 0.007561 -0.009075
 43   -0.632817 1.729829 2.888909 0.001937 0.007550 -0.009075
time 17
  0   -0.412842 0.433607 18.395464 0.000000 0.000000 -1.571069
  1   -1.093036 0.000002 -0.326057 -1.145405 -1.673267 -0.425405
  2   2.262337 0.113614 0.064702 -0.132522 0.091120 0.259738
  3   2.380047 0.353302 0.047440 -0.207944 0.018201 0.198893
  4   2.033756 0.190472 -0.000128 -0.151903 -0.002852 -0.099958
  5   2.451511 0.204909 -0.003447 -0.064719 -0.075740 -0.081094
  6   7.247600 -0.397300 -0.109469 0.000001 0.000033 0.156829
  7   -2.022252 -0.104661 3.136172 2.640510 -1.447967 -5.720281
  8   1.168026 -0.537438 -0.063437 0.342392 1.176616 1.299559
  9   6.790376 -0.619176 0.015206 0.034850 0.067189 -1.277741
 10   8.637599 0.544015 -0.090417 -1.201032 -0.262335 -0.548852
 11   6.790465 -0.619039 0.017802 0.035336 0.031612 -0.909677
 12   -2.022474 -0.104699 -2.873818 -2.210601 1.316696 -5.322606
 13   1.167898 -0.537463 0.063297 -0.359625 -1.392619 1.138205
 14   7.002743 -0.617765 -0.183752 0.006150 -0.110707 -1.418269
 15   8.209042 0.615527 -0.255885 1.929821 0.196652 -0.266295
 16   7.002735 -0.617911 -0.183641 0.001634 -0.072027 -1.010736
 17   1.574674 0.609930 -0.000899 0.577090 -0.152904 0.183984
 18   -0.602177 0.511412 -0.000006 0.000000 0.000000 0.000000
 19   3.677679 0.177020 1.119313 -0.000002 -0.000014 -0.174510
 20   3.677673 0.176993 -1.117566 0.000007 -0.000003 -0.174546
 21   3.942357 1.330634 1.627658 0.000002 -0.000011 -0.000026
 22   -0.246060 -0.011889 0.516521 -0.000011 0.000031 0.000025
 23   3.942374 1.330659 -1.631083 0.000019 0.000002 -0.000024
 24   -0.246150 -0.011872 -0.516511 -0.000005 -0.000006 0.000048
 25   4.941364 1.997338 1.629330 0.000018 -0.000001 -0.000024
 26   4.941382 1.997366 -1.629410 -0.000001 0.000005 -0.000024
 27   2.918368 1.615358 1.514501 -0.000019 -0.000022 -0.000050
 28   2.924704 1.614964 -1.501142 -0.000002 -0.000009 -0.000024
 29   8.824059 0.150544 0.091743 0.016850 -0.012693 0.257709
 30   2.036864 -0.772123 1.772601 -0.001011 0.018091 -0.234536
 31   1.965035 -0.772233 -1.865318 -0.001073 0.018779 -0.234560
 32   -0.810489 -0.093824 3.127092 0.324812 -3.217632 -1.290709
 33   14.298673 -0.408176 0.475484 0.158013 -0.170747 -2.018806
 34   15.835795 0.581398 0.242756 0.123744 -0.082972 0.310125
 35   -0.815868 -0.091229 -3.114430 -0.072159 3.244777 -0.910986
 36   14.294526 -0.410349 -0.463635 -0.177291 0.139548 -2.310691
 37   15.834409 0.579420 -0.284600 0.250156 0.157427 0.230784
 38   1.178749 -3.453749 -2.823813 -0.001389 -0.064097 -0.017228
 39   -4.457742 -1.054854 -0.746180 -0.011769 -0.030788 0.076733
 40   1.192322 -3.441956 3.237290 -0.038583 0.000254 -0.125183
 41   -4.433840 -1.059130 0.959566 -0.009936 -0.000515 0.032197
 42   -0.739502 1.615268 -2.672988 0.003619 0.004970 0.056542
 43   -0.722664 1.585293 2.881096 0.003611 0.004992 0.056542
time 18
  0   -0.432374 0.433607 17.411058 0.000000 0.000000 -1.571069
  1   -1.093036 0.000002 -0.326057 -1.194873 -1.666182 -0.375904
  2   2.262337 0.113614 0.064702 -0.131643 0.070434 0.237890
  3   2.380047 0.353302 0.047440 -0.209264 0.017230 0.190343
  4   2.033756 0.190472 -0.000128 -0.147274 -0.005117 -0.102314
  5   2.451511 0.204909 -0.003447 -0.061655 -0.076132 -0.083001
  6   7.247600 -0.397300 -0.109469 0.000001 0.000033 0.156829
  7   -2.022252 -0.104661 3.136172 2.572163 -1.455433 -5.638482
  8   1.168026 -0.537438 -0.063437 0.329989 1.141698 1.321890
  9   6.790376 -0.619176 0.015206 0.035072 0.065855 -1.263025
 10   8.637599 0.544015 -0.090417 -1.201032 -0.262335 -0.548852
 11   6.790465 -0.619039 0.017802 0.035161 0.030617 -0.899411
 12   -2.022474 -0.104699 -2.873818 -2.299798 1.306799 -5.388668
 13   1.167898 -0.537463 0.063297 -0.202448 -1.353614 0.928089
 14   7.002743 -0.617765 -0.183752 0.005296 -0.108152 -1.390960
 15   8.209042 0.615527 -0.255885 1.929821 0.196652 -0.266295
 16   7.002735 -0.617911 -0.183641 0.001823 -0.070279 -0.991694
 17   1.574674 0.609930 -0.000899 0.571891 -0.154182 0.207122
 18   -0.602177 0.511412 -0.000006 0.000000 0.000000 0.000000
 19   3.677679 0.177020 1.119313 -0.000002 -0.000014 -0.174510
 20   3.677673 0.176993 -1.117566 0.000007 -0.000003 -0.174546
 21   3.942357 1.330634 1.627658 0.000002 -0.000011 -0.000026
 22   -0.246060 -0.011889 0.516521 -0.000011 0.000031 0.000025
 23   3.942374 1.330659 -1.631083 0.000019 0.000002 -0.000024
 24   -0.246150 -0.011872 -0.516511 -0.000005 -0.000006 0.000048
 25   4.941364 1.997338 1.629330 0.000018 -0.000001 -0.000024
 26   4.941382 1.997366 -1.629410 -0.000001 0.000005 -0.000024
 27   2.918368 1.623171 1.514501 -0.000019 -0.000022 -0.000050
 28   2.924704 1.614964 -1.501142 -0.000002 -0.000009 -0.000024
 29   8.824059 0.150544 0.091743 0.011057 -0.010201 0.113503
 30   2.029051 -0.815093 1.772601 -0.003493 0.017452 -0.275234
 31   1.957222 -0.823016 -1.865318 -0.003509 0.018131 -0.275263
 32   -0.810489 -0.093824 3.127092 0.319406 -3.205598 -1.219670
 33   14.298673 -0.408176 0.475484 0.147574 -0.178127 -1.914874
 34   15.835795 0.581398 0.242756 0.149391 -0.004002 0.294424
 35   -0.815868 -0.091229 -3.114430 -0.069079 3.220230 -0.875765
 36   14.294526 -0.410349 -0.463635 -0.164744 0.126162 -2.325136
 37   15.834409 0.579420 -0.284600 0.245566 0.167614 0.195039
 38   1.159217 -3.422498 -2.823813 -0.007199 -0.054529 -0.077772
 39   -4.457742 -1.054854 -0.746180 -0.011793 -0.029386 0.075499
 40   1.157165 -3.418518 3.237290 -0.034794 -0.025366 -0.200390
 41   -4.433840 -1.059130 0.959566 -0.006676 -0.000252 0.015930
 42   -0.813723 1.490264 -2.680801 0.005105 0.002762 0.110659
 43   -0.800791 1.456383 2.877190 0.005098 0.002764 0.110659
time 19
  0   -0.444093 0.433607 16.051641 0.000000 0.000000 -1.571069
  1   -1.093036 0.000002 -0.326057 -1.252359 -1.660394 -0.318322
  2   2.262337 0.113614 0.064702 -0.132803 0.044559 0.215085
  3   2.380047 0.353302 0.047440 -0.210419 0.016379 0.181997
  4   2.033756 0.190472 -0.000128 -0.143106 -0.007179 -0.104670
  5   2.451511 0.204909 -0.003447 -0.060611 -0.076628 -0.084908
  6   7.247600 -0.397300 -0.109469 0.000001 0.000033 0.156829
  7   -2.022252 -0.104661 3.136172 2.591718 -1.450532 -5.659801
  8   1.168026 -0.537438 -0.063437 0.279238 1.107937 1.302722
  9   6.790376 -0.619176 0.015206 0.035294 0.065121 -1.254950
 10   8.637599 0.544015 -0.090417 -1.201032 -0.262335 -0.548852
 11   6.790465 -0.619039 0.017802 0.035073 0.030077 -0.893759
 12   -2.022474 -0.104699 -2.873818 -2.381713 1.289501 -5.466984
 13   1.167898 -0.537463 0.063297 -0.101576 -1.323967 0.804598
 14   7.002743 -0.617765 -0.183752 0.004898 -0.106846 -1.375366
 15   8.209042 0.615527 -0.255885 1.929821 0.196652 -0.266295
 16   7.002735 -0.617911 -0.183641 0.001917 -0.069151 -0.980821
 17   1.574674 0.609930 -0.000899 0.566570 -0.154963 0.227192
 18   -0.602177 0.511412 -0.000006 0.000000 0.000000 0.000000
 19   3.673773 0.177020 1.119313 -0.000002 -0.000014 -0.174510
 20   3.673767 0.176993 -1.117566 0.000007 -0.000003 -0.174546
 21   3.942357 1.330634 1.627658 0.000002 -0.000011 -0.000026
 22   -0.246060 -0.011889 0.516521 -0.000011 0.000031 0.000025
 23   3.942374 1.330659 -1.631083 0.000019 0.000002 -0.000024
 24   -0.246150 -0.011872 -0.516511 -0.000005 -0.000006 0.000048
 25   4.941364 1.997338 1.629330 0.000018 -0.000001 -0.000024
 26   4.941382 1.997366 -1.629410 -0.000001 0.000005 -0.000024
 27   2.918368 1.615358 1.514501 -0.000019 -0.000022 -0.000050
 28   2.920798 1.614964 -1.501142 -0.000002 -0.000009 -0.000024
 29   8.824059 0.150544 0.091743 0.005888 -0.008444 0.006904
 30   2.017332 -0.846344 1.772601 -0.006029 0.016987 -0.302852
 31   1.953316 -0.858173 -1.865318 -0.006037 0.017691 -0.302902
 32   -0.810489 -0.093824 3.127092 0.319033 -3.186020 -1.099337
 33   14.298673 -0.408176 0.475484 0.133936 -0.185908 -1.786725
 34   15.835795 0.581398 0.242756 0.147942 0.069942 0.265890
 35   -0.815868 -0.091229 -3.114430 -0.066086 3.195590 -0.767527
 36   14.294526 -0.410349 -0.463635 -0.153011 0.116874 -2.316716
 37   15.834409 0.579420 -0.284600 0.241724 0.177724 0.154376
 38   1.139685 -3.399060 -2.823813 -0.011114 -0.048046 -0.118950
 39   -4.457742 -1.054854 -0.746180 -0.011805 -0.028020 0.074237
 40   1.118101 -3.406799 3.237290 -0.030879 -0.046936 -0.251526
 41   -4.433840 -1.059130 0.959566 -0.003345 -0.000060 0.004628
 42   -0.856693 1.404324 -2.680801 0.006268 0.001106 0.147378
 43   -0.851574 1.370443 2.877190 0.006260 0.001100 0.147378
time 20
  0   -0.451906 0.433607 14.215649 0.000000 0.000000 -1.571069
  1   -1.093036 0.000002 -0.326057 -1.315294 -1.655903 -0.255418
  2   2.262337 0.113614 0.064702 -0.136293 0.010955 0.191322
  3   2.380047 0.353302 0.047440 -0.211529 0.015432 0.173243
  4   2.033756 0.190472 -0.000128 -0.139860 -0.008988 -0.106845
  5   2.451511 0.204909 -0.003447 -0.059755 -0.077046 -0.086270
  6   7.247600 -0.397300 -0.109469 0.000001 0.000033 0.156829
  7   -2.022252 -0.104661 3.136172 2.644536 -1.440904 -5.723192
  8   1.168026 -0.537438 -0.063437 0.228487 1.069346 1.281846
  9   6.790376 -0.619176 0.015206 0.035516 0.064053 -1.244460
 10   8.637599 0.544015 -0.090417 -1.201032 -0.262335 -0.548852
 11   6.790465 -0.619039 0.017802 0.034927 0.029338 -0.886492
 12   -2.022474 -0.104699 -2.873818 -2.462861 1.267820 -5.546545
 13   1.167898 -0.537463 0.063297 -0.014551 -1.296964 0.694243
 14   7.002743 -0.617765 -0.183752 0.004385 -0.105028 -1.356555
 15   8.209042 0.615527 -0.255885 1.929821 0.196652 -0.266295
 16   7.002735 -0.617911 -0.183641 0.002058 -0.067967 -0.967630
 17   1.574674 0.609930 -0.000899 0.561248 -0.155886 0.244970
 18   -0.602177 0.511412 -0.000006 0.000000 0.000000 0.000000
 19   3.677679 0.177020 1.119313 -0.000002 -0.000014 -0.174510
 20   3.677673 0.176993 -1.117566 0.000007 -0.000003 -0.174546
 21   3.942357 1.330634 1.627658 0.000002 -0.000011 -0.000026
 22   -0.246060 -0.011889 0.516521 -0.000011 0.000031 0.000025
 23   3.942374 1.330659 -1.631083 0.000019 0.000002 -0.000024
 24   -0.246150 -0.011872 -0.516511 -0.000005 -0.000006 0.000048
 25   4.941364 1.997338 1.629330 0.000018 -0.000001 -0.000024
 26   4.941382 1.997366 -1.629410 -0.000001 0.000005 -0.000024
 27   2.918368 1.623171 1.514501 -0.000019 -0.000022 -0.000050
 28   2.920798 1.622777 -1.501142 -0.000002 -0.000009 -0.000024
 29   8.824059 0.150544 0.091743 0.001699 -0.007803 -0.048997
 30   2.017332 -0.858063 1.772601 -0.008564 0.016754 -0.313015
 31   1.953316 -0.877705 -1.865318 -0.008565 0.017458 -0.313055
 32   -0.810489 -0.093824 3.127092 0.317728 -3.164149 -0.965001
 33   14.298673 -0.408176 0.475484 0.116702 -0.193210 -1.634122
 34   15.835795 0.581398 0.242756 0.144469 0.123923 0.225227
 35   -0.815868 -0.091229 -3.114430 -0.060013 3.172449 -0.670245
 36   14.294526 -0.410349 -0.463635 -0.144394 0.112775 -2.289140
 37   15.834409 0.579420 -0.284600 0.238355 0.186401 0.118834
 38   1.139685 -3.383434 -2.823813 -0.012545 -0.045660 -0.134101
 39   -4.457742 -1.054854 -0.746180 -0.011805 -0.026690 0.072891
 40   1.098569 -3.398986 3.237290 -0.026859 -0.062698 -0.270343
 41   -4.433840 -1.059130 0.959566 -0.000001 0.000000 0.000000
 42   -0.876225 1.380886 -2.680801 0.006963 0.000186 0.160886
 43   -0.875012 1.339192 2.877190 0.006972 0.000206 0.160886
time 21
  0   -0.455812 0.433607 11.813231 0.000000 0.000000 -1.571069
  1   -1.093036 0.000002 -0.326057 -1.382631 -1.652615 -0.187965
  2   2.262337 0.113614 0.064702 -0.137273 0.009085 0.164396
  3   2.380047 0.353302 0.047440 -0.212549 0.014593 0.164326
  4   2.033756 0.190472 -0.000128 -0.137518 -0.010654 -0.108766
  5   2.451511 0.204909 -0.003447 -0.059173 -0.077359 -0.086790
  6   7.247600 -0.397300 -0.109469 0.000001 0.000033 0.156829
  7   -2.022252 -0.104661 3.136172 2.773082 -1.434879 -5.878807
  8   1.168026 -0.537438 -0.063437 0.205010 1.020843 1.288109
  9   6.790376 -0.619176 0.015206 0.035904 0.061917 -1.221895
 10   8.637599 0.544015 -0.090417 -1.201032 -0.262335 -0.548852
 11   6.790465 -0.619039 0.017802 0.034635 0.027917 -0.870689
 12   -2.022474 -0.104699 -2.873818 -2.552441 1.244340 -5.645254
 13   1.167898 -0.537463 0.063297 0.068185 -1.265690 0.556708
 14   7.002743 -0.617765 -0.183752 0.003474 -0.101394 -1.318025
 15   8.209042 0.615527 -0.255885 1.929821 0.196652 -0.266295
 16   7.002735 -0.617911 -0.183641 0.002388 -0.065373 -0.940862
 17   1.574674 0.609930 -0.000899 0.555805 -0.156738 0.261528
 18   -0.602177 0.511412 -0.000006 0.000000 0.000000 0.000000
 19   3.677679 0.177020 1.119313 -0.000002 -0.000014 -0.174510
 20   3.677673 0.176993 -1.117566 0.000007 -0.000003 -0.174546
 21   3.942357 1.330634 1.627658 0.000002 -0.000011 -0.000026
 22   -0.246060 -0.011889 0.516521 -0.000011 0.000031 0.000025
 23   3.942374 1.330659 -1.631083 0.000019 0.000002 -0.000024
 24   -0.246150 -0.011872 -0.516511 -0.000005 -0.000006 0.000048
 25   4.941364 1.997338 1.629330 0.000018 -0.000001 -0.000024
 26   4.941382 1.997366 -1.629410 -0.000001 0.000005 -0.000024
 27   2.918368 1.623171 1.514501 -0.000019 -0.000022 -0.000050
 28   2.920798 1.622777 -1.501142 -0.000002 -0.000009 -0.000024
 29   8.824059 0.150544 0.091743 -0.001598 -0.008159 -0.074373
 30   2.017332 -0.858063 1.776507 -0.011060 0.016667 -0.312951
 31   1.953316 -0.877705 -1.861412 -0.011001 0.017354 -0.313019
 32   -0.810489 -0.093824 3.127092 0.313254 -3.147245 -0.853434
 33   14.298673 -0.408176 0.475484 0.096532 -0.198638 -1.463178
 34   15.835795 0.581398 0.242756 0.144032 0.141713 0.175215
 35   -0.815868 -0.091229 -3.114430 -0.052532 3.150526 -0.616181
 36   14.294526 -0.410349 -0.463635 -0.138461 0.112020 -2.252913
 37   15.834409 0.579420 -0.284600 0.234986 0.194105 0.089528
 38   1.139685 -3.371715 -2.823813 -0.012398 -0.045889 -0.133674
 39   -4.457742 -1.054854 -0.746180 -0.011793 -0.025443 0.071517
 40   1.075131 -3.398986 3.237290 -0.022775 -0.074725 -0.269549
 41   -4.433840 -1.059130 0.959566 0.003295 -0.000156 -0.000701
 42   -0.876225 1.380886 -2.680801 0.007394 -0.000228 0.160677
 43   -0.875012 1.339192 2.877190 0.007409 -0.000218 0.160677
time 22
  0   -0.463625 0.433607 8.715481 0.000000 0.000000 -1.571069
  1   -1.093036 0.000002 -0.326057 -1.449340 -1.651226 -0.121383
  2   2.262337 0.113614 0.064702 -0.137949 0.007407 0.137127
  3   2.380047 0.353302 0.047440 -0.213194 0.013431 0.155286
  4   2.033756 0.190472 -0.000128 -0.135969 -0.012500 -0.110832
  5   2.451511 0.204909 -0.003447 -0.058437 -0.077620 -0.087806
  6   7.247600 -0.397300 -0.109469 0.000001 0.000033 0.156829
  7   -2.022252 -0.104661 3.136172 2.714800 -1.477859 -5.821895
  8   1.168026 -0.537438 -0.063437 0.055605 0.957296 1.205997
  9   6.790376 -0.619176 0.015206 0.036237 0.059381 -1.195406
 10   8.637599 0.544015 -0.090417 -1.201032 -0.262335 -0.548852
 11   6.790465 -0.619039 0.017802 0.034256 0.026126 -0.852060
 12   -2.022474 -0.104699 -2.873818 -2.489975 1.317683 -5.590873
 13   1.167898 -0.537463 0.063297 0.228807 -1.159458 0.320199
 14   7.002743 -0.617765 -0.183752 0.002677 -0.097874 -1.279330
 15   8.209042 0.615527 -0.255885 1.929821 0.196652 -0.266295
 16   7.002735 -0.617911 -0.183641 0.002811 -0.062892 -0.913762
 17   1.574674 0.609930 -0.000899 0.550484 -0.157519 0.277976
 18   -0.602177 0.511412 -0.000006 0.000000 0.000000 0.000000
 19   3.673773 0.177020 1.119313 -0.000002 -0.000014 -0.174510
 20   3.673767 0.176993 -1.117566 0.000007 -0.000003 -0.174546
 21   3.942357 1.330634 1.627658 0.000002 -0.000011 -0.000026
 22   -0.246060 -0.011889 0.516521 -0.000011 0.000031 0.000025
 23   3.942374 1.330659 -1.631083 0.000019 0.000002 -0.000024
 24   -0.246150 -0.011872 -0.516511 -0.000005 -0.000006 0.000048
 25   4.941364 1.997338 1.629330 0.000018 -0.000001 -0.000024
 26   4.941382 1.997366 -1.629410 -0.000001 0.000005 -0.000024
 27   2.918368 1.615358 1.514501 -0.000019 -0.000022 -0.000050
 28   2.924704 1.614964 -1.501142 -0.000002 -0.000009 -0.000024
 29   8.824059 0.150544 0.091743 -0.004985 -0.009204 -0.098837
 30   2.017332 -0.858063 1.776507 -0.013460 0.016580 -0.312758
 31   1.953316 -0.877705 -1.861412 -0.013407 0.017250 -0.312855
 32   -0.810489 -0.093824 3.127092 0.307848 -3.131487 -0.745851
 33   14.298673 -0.408176 0.475484 0.074648 -0.201029 -1.282309
 34   15.835795 0.581398 0.242756 0.145941 0.138931 0.123218
 35   -0.815868 -0.091229 -3.114430 -0.044258 3.126635 -0.506739
 36   14.294526 -0.410349 -0.463635 -0.132877 0.110941 -2.219389
 37   15.834409 0.579420 -0.284600 0.231479 0.201886 0.060526
 38   1.139685 -3.359996 -2.823813 -0.011893 -0.046539 -0.132085
 39   -4.457742 -1.054854 -0.746180 -0.011757 -0.024317 0.070114
 40   1.047786 -3.398986 3.229477 -0.018734 -0.086245 -0.266922
 41   -4.433840 -1.059130 0.959566 0.006519 -0.000599 -0.001402
 42   -0.876225 1.380886 -2.680801 0.007826 -0.000688 0.160091
 43   -0.875012 1.339192 2.877190 0.007809 -0.000673 0.160091
time 23
  0   -0.475344 0.433607 4.816924 0.000000 0.000000 -1.571069
  1   -1.093036 0.000002 -0.326057 -1.515000 -1.652337 -0.055624
  2   2.262337 0.113614 0.064702 -0.138191 0.005849 0.110039
  3   2.380047 0.353302 0.047440 -0.213539 0.011681 0.145920
  4   2.033756 0.190472 -0.000128 -0.135102 -0.014741 -0.113188
  5   2.451511 0.204909 -0.003447 -0.057513 -0.077934 -0.089069
  6   7.247600 -0.397300 -0.109469 0.000001 0.000033 0.156829
  7   -2.022252 -0.104661 3.136172 2.623831 -1.489967 -5.735401
  8   1.168026 -0.537438 -0.063437 -0.066653 0.891787 1.142104
  9   6.790376 -0.619176 0.015206 0.036348 0.057913 -1.181218
 10   8.637599 0.544015 -0.090417 -1.201032 -0.262335 -0.548852
 11   6.790465 -0.619039 0.017802 0.034051 0.025188 -0.842140
 12   -2.022474 -0.104699 -2.873818 -2.472825 1.338087 -5.577373
 13   1.167898 -0.537463 0.063297 0.294110 -1.066702 0.231939
 14   7.002743 -0.617765 -0.183752 0.002450 -0.096000 -1.259776
 15   8.209042 0.615527 -0.255885 1.929821 0.196652 -0.266295
 16   7.002735 -0.617911 -0.183641 0.003047 -0.061595 -0.900185
 17   1.574674 0.609930 -0.000899 0.545163 -0.158371 0.295274
 18   -0.602177 0.511412 -0.000006 0.000000 0.000000 0.000000
 19   3.673773 0.177020 1.119313 -0.000002 -0.000014 -0.174510
 20   3.673767 0.184806 -1.117566 0.000007 -0.000003 -0.174546
 21   3.942357 1.338447 1.627658 0.000002 -0.000011 -0.000026
 22   -0.246060 -0.011889 0.516521 -0.000011 0.000031 0.000025
 23   3.942374 1.330659 -1.631083 0.000019 0.000002 -0.000024
 24   -0.246150 -0.011872 -0.516511 -0.000005 -0.000006 0.000048
 25   4.941364 1.997338 1.629330 0.000018 -0.000001 -0.000024
 26   4.941382 1.997366 -1.629410 -0.000001 0.000005 -0.000024
 27   2.918368 1.623171 1.514501 -0.000019 -0.000022 -0.000050
 28   2.920798 1.622777 -1.501142 -0.000002 -0.000009 -0.000024
 29   8.824059 0.150544 0.091743 -0.008193 -0.010866 -0.122227
 30   2.017332 -0.858063 1.776507 -0.015806 0.016493 -0.312436
 31   1.953316 -0.877705 -1.861412 -0.015736 0.017199 -0.312600
 32   -0.810489 -0.093824 3.127092 0.302442 -3.112195 -0.618061
 33   14.298673 -0.408176 0.475484 0.052596 -0.199957 -1.099773
 34   15.835795 0.581398 0.242756 0.147068 0.135734 0.068310
 35   -0.815868 -0.091229 -3.114430 -0.034665 3.104524 -0.400583
 36   14.294526 -0.410349 -0.463635 -0.127507 0.109671 -2.188028
 37   15.834409 0.579420 -0.284600 0.228031 0.209155 0.033147
 38   1.139685 -3.352183 -2.823813 -0.011072 -0.047636 -0.129703
 39   -4.457742 -1.054854 -0.746180 -0.011685 -0.023262 0.068656
 40   1.024348 -3.406799 3.229477 -0.014629 -0.097320 -0.262706
 41   -4.433840 -1.059130 0.959566 0.009671 -0.001342 -0.002075
 42   -0.868412 1.380886 -2.680801 0.008221 -0.001133 0.159129
 43   -0.871106 1.343098 2.877190 0.008234 -0.001128 0.159129
time 24
  0   -0.475344 0.433607 -0.019161 0.000000 0.000000 -1.571069
  1   -1.093036 0.000002 -0.326057 -1.568660 -1.654606 -0.002107
  2   2.262337 0.113614 0.064702 -0.138050 0.004387 0.083457
  3   2.380047 0.353302 0.047440 -0.213539 0.009644 0.136860
  4   2.033756 0.190472 -0.000128 -0.134604 -0.016922 -0.115689
  5   2.451511 0.204909 -0.003447 -0.056537 -0.078156 -0.089638
  6   7.247600 -0.397300 -0.109469 0.000001 0.000021 0.156829
  7   -2.022252 -0.104661 3.136172 2.525960 -1.493512 -5.647404
  8   1.168026 -0.537438 -0.063437 -0.173787 0.823762 1.093267
  9   6.790376 -0.619176 0.015206 0.036570 0.056378 -1.165068
 10   8.637599 0.544015 -0.090417 -1.201032 -0.262335 -0.548852
 11   6.790465 -0.619039 0.017802 0.033818 0.024108 -0.830835
 12   -2.022474 -0.104699 -2.873818 -2.465831 1.347084 -5.573352
 13   1.167898 -0.537463 0.063297 0.331577 -0.983862 0.183814
 14   7.002743 -0.617765 -0.183752 0.002051 -0.094523 -1.244100
 15   8.209042 0.615527 -0.255885 1.929821 0.196652 -0.266295
 16   7.002735 -0.617911 -0.183641 0.003235 -0.060580 -0.889201
 17   1.574674 0.609930 -0.000899 0.539801 -0.159578 0.313902
 18   -0.602177 0.511412 -0.000006 0.000000 0.000000 0.000000
 19   3.673773 0.177020 1.119313 -0.000002 -0.000014 -0.174510
 20   3.673767 0.176993 -1.117566 0.000007 -0.000003 -0.174546
 21   3.942357 1.330634 1.627658 0.000002 -0.000011 -0.000026
 22   -0.246060 -0.011889 0.516521 -0.000011 0.000031 0.000025
 23   3.942374 1.330659 -1.631083 0.000019 0.000002 -0.000024
 24   -0.246150 -0.011872 -0.516511 -0.000005 -0.000006 0.000048
 25   4.941364 1.997338 1.629330 0.000018 -0.000001 -0.000024
 26   4.941382 1.997366 -1.629410 -0.000001 0.000005 -0.000024
 27   2.918368 1.615358 1.514501 -0.000019 -0.000022 -0.000050
 28   2.920798 1.614964 -1.501142 -0.000002 -0.000009 -0.000024
 29   8.824059 0.150544 0.091743 -0.011312 -0.013121 -0.144652
 30   2.017332 -0.858063 1.776507 -0.018084 0.016434 -0.311986
 31   1.953316 -0.877705 -1.861412 -0.017988 0.017121 -0.312273
 32   -0.810489 -0.093824 3.127092 0.296290 -3.098538 -0.518162
 33   14.298673 -0.408176 0.475484 0.032043 -0.195588 -0.924938
 34   15.835795 0.581398 0.242756 0.147068 0.128584 0.016754
 35   -0.815868 -0.091229 -3.114430 -0.025599 3.088597 -0.351394
 36   14.294526 -0.410349 -0.463635 -0.122318 0.108125 -2.158057
 37   15.834409 0.579420 -0.284600 0.225312 0.215759 0.005768
 38   1.139685 -3.340464 -2.831626 -0.009935 -0.049106 -0.126220
 39   -4.457742 -1.054854 -0.746180 -0.011577 -0.022315 0.067198
 40   1.004816 -3.410705 3.221664 -0.010567 -0.107912 -0.257025
 41   -4.433840 -1.059130 0.959566 0.012763 -0.002385 -0.002748
 42   -0.868412 1.380886 -2.680801 0.008641 -0.001562 0.157749
 43   -0.871106 1.343098 2.877190 0.008646 -0.001551 0.157749
time 25
  0   -0.475344 0.433607 -0.773090 0.000000 0.000000 -1.571069
  1   -1.093036 0.000002 -0.326057 -1.597063 -1.656134 0.026152
  2   2.262337 0.113614 0.064702 -0.137808 0.002769 0.058320
  3   2.380047 0.353302 0.047440 -0.213269 0.008086 0.128514
  4   2.033756 0.190472 -0.000128 -0.134051 -0.018456 -0.118154
  5   2.451511 0.204909 -0.003447 -0.055955 -0.078182 -0.089490
  6   7.247600 -0.397300 -0.109469 0.000001 0.000021 0.156829
  7   -2.022252 -0.104661 3.136172 2.277496 -1.500286 -5.416189
  8   1.168026 -0.537438 -0.063437 -0.273960 0.752366 1.059043
  9   6.790376 -0.619176 0.015206 0.036681 0.053241 -1.131938
 10   8.637599 0.544015 -0.090417 -1.201032 -0.262335 -0.548852
 11   6.790465 -0.619039 0.017802 0.033234 0.021919 -0.807708
 12   -2.022474 -0.104699 -2.873818 -2.452802 1.368185 -5.565980
 13   1.167898 -0.537463 0.063297 0.374667 -0.906159 0.117589
 14   7.002743 -0.617765 -0.183752 0.001767 -0.092082 -1.218111
 15   8.209042 0.615527 -0.255885 1.929821 0.196652 -0.266295
 16   7.002735 -0.617911 -0.183641 0.003612 -0.058832 -0.871098
 17   1.574674 0.609930 -0.000899 0.534398 -0.161211 0.334748
 18   -0.602177 0.511412 -0.000006 0.000000 0.000000 0.000000
 19   3.677679 0.177020 1.119313 -0.000002 -0.000014 -0.174510
 20   3.673767 0.176993 -1.117566 0.000007 -0.000003 -0.174546
 21   3.942357 1.330634 1.627658 0.000002 -0.000011 -0.000026
 22   -0.246060 -0.011889 0.516521 -0.000011 0.000031 0.000025
 23   3.942374 1.330659 -1.631083 0.000019 0.000002 -0.000024
 24   -0.246150 -0.011872 -0.516511 -0.000005 -0.000006 0.000048
 25   4.941364 1.997338 1.629330 0.000018 -0.000001 -0.000024
 26   4.941382 1.997366 -1.629410 -0.000001 0.000005 -0.000024
 27   2.918368 1.615358 1.514501 -0.000019 -0.000022 -0.000050
 28   2.920798 1.614964 -1.501142 -0.000002 -0.000009 -0.000024
 29   8.824059 0.150544 0.091743 -0.014342 -0.016017 -0.166219
 30   2.017332 -0.854157 1.776507 -0.020308 0.016347 -0.311407
 31   1.953316 -0.885518 -1.861412 -0.020179 0.017043 -0.311818
 32   -0.810489 -0.093824 3.127092 0.290977 -3.088892 -0.444960
 33   14.298673 -0.408176 0.475484 0.014330 -0.188945 -0.766380
 34   15.835795 0.581398 0.242756 0.145872 0.118554 -0.021836
 35   -0.815868 -0.091229 -3.114430 -0.014598 3.078479 -0.256522
 36   14.294526 -0.410349 -0.463635 -0.117069 0.106243 -2.128395
 37   15.834409 0.579420 -0.284600 0.223657 0.221364 -0.023385
 38   1.139685 -3.336558 -2.831626 -0.008546 -0.050998 -0.122005
 39   -4.457742 -1.054854 -0.746180 -0.011457 -0.021440 0.065711
 40   0.981378 -3.410705 3.217758 -0.006462 -0.118083 -0.249693
 41   -4.433840 -1.059130 0.959566 0.015783 -0.003667 -0.003365
 42   -0.868412 1.384792 -2.680801 0.009024 -0.001976 0.156035
 43   -0.863293 1.350911 2.877190 0.009021 -0.001991 0.156035
time 26
  0   -0.475344 0.433607 -1.257480 0.000000 0.000000 -1.571069
  1   -1.093036 0.000002 -0.326057 -1.615456 -1.657153 0.044830
  2   2.262337 0.113614 0.064702 -0.137465 0.001007 0.034123
  3   2.380047 0.353302 0.047440 -0.212804 0.006468 0.120454
  4   2.033756 0.190472 -0.000128 -0.133387 -0.019762 -0.120655
  5   2.451511 0.204909 -0.003447 -0.055493 -0.078182 -0.088499
  6   7.247600 -0.397300 -0.109469 0.000001 0.000021 0.156829
  7   -2.022252 -0.104661 3.136172 2.048300 -1.499249 -5.203287
  8   1.168026 -0.537438 -0.063437 -0.364957 0.683335 1.039306
  9   6.790376 -0.619176 0.015206 0.036903 0.049904 -1.097374
 10   8.637599 0.544015 -0.090417 -1.201032 -0.262335 -0.548852
 11   6.790465 -0.619039 0.017802 0.032621 0.019645 -0.783542
 12   -2.022474 -0.104699 -2.873818 -2.443317 1.388473 -5.566746
 13   1.167898 -0.537463 0.063297 0.407705 -0.832015 0.061352
 14   7.002743 -0.617765 -0.183752 0.001653 -0.090548 -1.202930
 15   8.209042 0.615527 -0.255885 1.929821 0.196652 -0.266295
 16   7.002735 -0.617911 -0.183641 0.003847 -0.057817 -0.860501
 17   1.574674 0.609930 -0.000899 0.528955 -0.163057 0.356370
 18   -0.602177 0.511412 -0.000006 0.000000 0.000000 0.000000
 19   3.673773 0.177020 1.119313 -0.000002 -0.000014 -0.174510
 20   3.673767 0.176993 -1.117566 0.000007 -0.000003 -0.174546
 21   3.942357 1.330634 1.627658 0.000002 -0.000011 -0.000026
 22   -0.246060 -0.011889 0.516521 -0.000011 0.000031 0.000025
 23   3.942374 1.330659 -1.631083 0.000019 0.000002 -0.000024
 24   -0.246150 -0.011872 -0.516511 -0.000005 -0.000006 0.000048
 25   4.941364 1.997338 1.629330 0.000018 -0.000001 -0.000024
 26   4.941382 1.997366 -1.629410 -0.000001 0.000005 -0.000024
 27   2.918368 1.615358 1.514501 -0.000019 -0.000022 -0.000050
 28   2.920798 1.614964 -1.501142 -0.000002 -0.000009 -0.000024
 29   8.824059 0.150544 0.091743 -0.017194 -0.019459 -0.186605
 30   2.017332 -0.854157 1.776507 -0.022437 0.016260 -0.310721
 31   1.953316 -0.885518 -1.861412 -0.022309 0.016991 -0.311272
 32   -0.810489 -0.093824 3.127092 0.286876 -3.082397 -0.393560
 33   14.298673 -0.408176 0.475484 -0.000040 -0.181203 -0.628863
 34   15.835795 0.581398 0.242756 0.145481 0.109720 -0.050326
 35   -0.815868 -0.091229 -3.114430 -0.004828 3.073232 -0.168442
 36   14.294526 -0.410349 -0.463635 -0.111844 0.104158 -2.099738
 37   15.834409 0.579420 -0.284600 0.222731 0.226432 -0.053604
 38   1.147498 -3.328745 -2.831626 -0.006862 -0.053215 -0.116873
 39   -4.457742 -1.054854 -0.746180 -0.011325 -0.020661 0.064197
 40   0.961846 -3.418518 3.209945 -0.002421 -0.127796 -0.241079
 41   -4.433840 -1.059130 0.959566 0.018719 -0.005213 -0.003954
 42   -0.864506 1.392605 -2.680801 0.009432 -0.002390 0.153943
 43   -0.863293 1.350911 2.877190 0.009421 -0.002399 0.153943
time 27
  0   -0.475344 0.433607 -1.452798 0.000000 0.000000 -1.571069
  1   -1.093036 0.000002 -0.326057 -1.627404 -1.657986 0.056540
  2   2.262337 0.113614 0.064702 -0.136930 -0.000718 0.011029
  3   2.380047 0.353302 0.047440 -0.212309 0.005005 0.112904
  4   2.033756 0.190472 -0.000128 -0.132760 -0.020973 -0.123011
  5   2.451511 0.204909 -0.003447 -0.055065 -0.078169 -0.086840
  6   7.247600 -0.397300 -0.109469 0.000001 0.000021 0.156829
  7   -2.022252 -0.104661 3.136172 1.946019 -1.496193 -5.109843
  8   1.168026 -0.537438 -0.063437 -0.442349 0.616115 1.028678
  9   6.790376 -0.619176 0.015206 0.037014 0.048169 -1.079790
 10   8.637599 0.544015 -0.090417 -1.201032 -0.262335 -0.548852
 11   6.790465 -0.619039 0.017802 0.032241 0.018565 -0.771200
 12   -2.022474 -0.104699 -2.873818 -2.438431 1.400837 -5.569618
 13   1.167898 -0.537463 0.063297 0.422045 -0.746786 0.029511
 14   7.002743 -0.617765 -0.183752 0.001539 -0.090037 -1.197402
 15   8.209042 0.615527 -0.255885 1.929821 0.196652 -0.266295
 16   7.002735 -0.617911 -0.183641 0.003941 -0.057479 -0.856582
 17   1.574674 0.609930 -0.000899 0.523797 -0.164903 0.377179
 18   -0.602177 0.511412 -0.000006 0.000000 0.000000 0.000000
 19   3.673773 0.177020 1.119313 -0.000002 -0.000014 -0.174510
 20   3.673767 0.176993 -1.117566 0.000007 -0.000003 -0.174546
 21   3.942357 1.330634 1.627658 0.000002 -0.000011 -0.000026
 22   -0.246060 -0.011889 0.516521 -0.000011 0.000031 0.000025
 23   3.942374 1.330659 -1.631083 0.000019 0.000002 -0.000024
 24   -0.246150 -0.011872 -0.516511 -0.000005 -0.000006 0.000048
 25   4.941364 1.997338 1.629330 0.000018 -0.000001 -0.000024
 26   4.941382 1.997366 -1.629410 -0.000001 0.000005 -0.000024
 27   2.918368 1.615358 1.514501 -0.000019 -0.000022 -0.000050
 28   2.920798 1.614964 -1.501142 -0.000002 -0.000009 -0.000024
 29   8.824059 0.150544 0.091743 -0.019868 -0.023399 -0.206294
 30   2.017332 -0.854157 1.776507 -0.024525 0.016202 -0.309949
 31   1.953316 -0.885518 -1.861412 -0.024362 0.016940 -0.310653
 32   -0.810489 -0.093824 3.127092 0.283800 -3.076571 -0.351836
 33   14.298673 -0.408176 0.475484 -0.010862 -0.173578 -0.516197
 34   15.835795 0.581398 0.242756 0.143848 0.101764 -0.070437
 35   -0.815868 -0.091229 -3.114430 0.001069 3.072201 -0.126648
 36   14.294526 -0.410349 -0.463635 -0.107182 0.102013 -2.074556
 37   15.834409 0.579420 -0.284600 0.222278 0.230681 -0.081135
 38   1.147498 -3.317026 -2.831626 -0.004904 -0.055806 -0.110947
 39   -4.457742 -1.054854 -0.746180 -0.011182 -0.019954 0.062654
 40   0.938408 -3.430237 3.206039 0.001642 -0.137075 -0.231121
 41   -4.433840 -1.059130 0.959566 0.021595 -0.007023 -0.004515
 42   -0.856693 1.400418 -2.680801 0.009791 -0.002804 0.151476
 43   -0.855480 1.362630 2.877190 0.009808 -0.002807 0.151476
time 28
  0   -0.475344 0.433607 -1.491862 0.000000 0.000000 -1.571069
  1   -1.093036 0.000002 -0.326057 -1.635526 -1.659144 0.064814
  2   2.262337 0.113614 0.064702 -0.136535 -0.002180 -0.010855
  3   2.380047 0.353302 0.047440 -0.211724 0.003615 0.105864
  4   2.033756 0.190472 -0.000128 -0.132059 -0.021956 -0.125222
  5   2.451511 0.204909 -0.003447 -0.054774 -0.078064 -0.084487
  6   7.247600 -0.397300 -0.109469 0.000001 0.000021 0.156829
  7   -2.022252 -0.104661 3.136172 1.877864 -1.490312 -5.050396
  8   1.168026 -0.537438 -0.063437 -0.511135 0.552970 1.028868
  9   6.790376 -0.619176 0.015206 0.037014 0.046567 -1.063187
 10   8.637599 0.544015 -0.090417 -1.201032 -0.262335 -0.548852
 11   6.790465 -0.619039 0.017802 0.031920 0.017485 -0.759665
 12   -2.022474 -0.104699 -2.873818 -2.438335 1.414362 -5.581107
 13   1.167898 -0.537463 0.063297 0.427458 -0.666997 0.000696
 14   7.002743 -0.617765 -0.183752 0.001539 -0.089981 -1.196577
 15   8.209042 0.615527 -0.255885 1.929821 0.196652 -0.266295
 16   7.002735 -0.617911 -0.183641 0.003941 -0.057479 -0.856086
 17   1.574674 0.609930 -0.000899 0.518800 -0.166536 0.397212
 18   -0.602177 0.511412 -0.000006 0.000000 0.000000 0.000000
 19   3.673773 0.177020 1.119313 -0.000002 -0.000014 -0.174510
 20   3.673767 0.176993 -1.117566 0.000007 -0.000003 -0.174546
 21   3.942357 1.330634 1.627658 0.000002 -0.000011 -0.000026
 22   -0.246060 -0.011889 0.516521 -0.000011 0.000031 0.000025
 23   3.942374 1.330659 -1.631083 0.000019 0.000002 -0.000024
 24   -0.246150 -0.011872 -0.516511 -0.000005 -0.000006 0.000048
 25   4.941364 1.997338 1.629330 0.000018 -0.000001 -0.000024
 26   4.941382 1.997366 -1.629410 -0.000001 0.000005 -0.000024
 27   2.918368 1.615358 1.514501 -0.000019 -0.000022 -0.000050
 28   2.920798 1.614964 -1.501142 -0.000002 -0.000009 -0.000024
 29   8.824059 0.150544 0.091743 -0.022452 -0.027886 -0.225017
 30   2.017332 -0.846344 1.776507 -0.026532 0.016144 -0.309048
 31   1.953316 -0.889424 -1.861412 -0.026369 0.016914 -0.309962
 32   -0.810489 -0.093824 3.127092 0.282029 -3.071796 -0.320073
 33   14.298673 -0.408176 0.475484 -0.018508 -0.167064 -0.430447
 34   15.835795 0.581398 0.242756 0.142514 0.094492 -0.083138
 35   -0.815868 -0.091229 -3.114430 0.005822 3.071358 -0.052263
 36   14.294526 -0.410349 -0.463635 -0.103083 0.099891 -2.052696
 37   15.834409 0.579420 -0.284600 0.221943 0.234162 -0.105675
 38   1.155311 -3.309213 -2.835532 -0.002715 -0.058722 -0.104165
 39   -4.457742 -1.054854 -0.746180 -0.011002 -0.019307 0.061112
 40   0.918876 -3.438050 3.198226 0.005683 -0.145932 -0.219818
 41   -4.433840 -1.059130 0.959566 0.024412 -0.009024 -0.005020
 42   -0.848880 1.404324 -2.680801 0.010187 -0.003218 0.148674
 43   -0.851574 1.362630 2.877190 0.010183 -0.003215 0.148674
time 29
  0   -0.475344 0.433607 -1.491862 0.000000 0.000000 -1.571069
  1   -1.093036 0.000002 -0.326057 -1.640661 -1.660394 0.069798
  2   2.262337 0.113614 0.064702 -0.136000 -0.003595 -0.031040
  3   2.380047 0.353302 0.047440 -0.211184 0.002489 0.099681
  4   2.033756 0.190472 -0.000128 -0.131524 -0.022711 -0.127143
  5   2.451511 0.204909 -0.003447 -0.054620 -0.077986 -0.081614
  6   7.247600 -0.397300 -0.109469 0.000001 0.000021 0.156829
  7   -2.022252 -0.104661 3.136172 1.785074 -1.477687 -4.974420
  8   1.168026 -0.537438 -0.063437 -0.574289 0.498832 1.043734
  9   6.790376 -0.619176 0.015206 0.036903 0.043563 -1.032623
 10   8.637599 0.544015 -0.090417 -1.201032 -0.262335 -0.548852
 11   6.790465 -0.619039 0.017802 0.031278 0.015495 -0.738209
 12   -2.022474 -0.104699 -2.873818 -2.449353 1.439032 -5.614808
 13   1.167898 -0.537463 0.063297 0.427950 -0.612178 -0.045795
 14   7.002743 -0.617765 -0.183752 0.001539 -0.090037 -1.197567
 15   8.209042 0.615527 -0.255885 1.929821 0.196652 -0.266295
 16   7.002735 -0.617911 -0.183641 0.003941 -0.057479 -0.856803
 17   1.574674 0.609930 -0.000899 0.514088 -0.167956 0.415951
 18   -0.602177 0.511412 -0.000006 0.000000 0.000000 0.000000
 19   3.673773 0.177020 1.119313 -0.000002 -0.000014 -0.174510
 20   3.673767 0.176993 -1.117566 0.000007 -0.000003 -0.174546
 21   3.942357 1.330634 1.627658 0.000002 -0.000011 -0.000026
 22   -0.246060 -0.011889 0.516521 -0.000011 0.000031 0.000025
 23   3.938468 1.330659 -1.631083 0.000019 0.000002 -0.000024
 24   -0.246150 -0.011872 -0.516511 -0.000005 -0.000006 0.000048
 25   4.941364 1.997338 1.629330 0.000018 -0.000001 -0.000024
 26   4.941382 1.997366 -1.629410 -0.000001 0.000005 -0.000024
 27   2.918368 1.615358 1.514501 -0.000019 -0.000022 -0.000050
 28   2.920798 1.614964 -1.501142 -0.000002 -0.000009 -0.000024
 29   8.824059 0.150544 0.091743 -0.024948 -0.032800 -0.242882
 30   2.017332 -0.846344 1.776507 -0.028498 0.016086 -0.308062
 31   1.953316 -0.889424 -1.861412 -0.028284 0.016862 -0.309198
 32   -0.810489 -0.093824 3.127092 0.281097 -3.068549 -0.297931
 33   14.298673 -0.408176 0.475484 -0.023398 -0.162334 -0.372248
 34   15.835795 0.581398 0.242756 0.140375 0.087366 -0.090327
 35   -0.815868 -0.091229 -3.114430 0.008550 3.071733 0.009963
 36   14.294526 -0.410349 -0.463635 -0.099236 0.097770 -2.032767
 37   15.834409 0.579420 -0.284600 0.221687 0.237310 -0.128592
 38   1.159217 -3.305307 -2.843345 -0.000316 -0.061952 -0.096773
 39   -4.457742 -1.054854 -0.746180 -0.010786 -0.018756 0.059541
 40   0.899344 -3.449769 3.198226 0.009746 -0.154367 -0.207416
 41   -4.433840 -1.059130 0.959566 0.027132 -0.011266 -0.005525
 42   -0.844974 1.412137 -2.680801 0.010534 -0.003586 0.145537
 43   -0.851574 1.370443 2.877190 0.010533 -0.003591 0.145537
time 30
  0   -0.475344 0.433607 -1.491862 0.000000 0.000000 -1.571069
  1   -1.093036 0.000002 -0.326057 -1.645535 -1.662061 0.074782
  2   2.262337 0.113614 0.064702 -0.135477 -0.004805 -0.049328
  3   2.380047 0.353302 0.047440 -0.210659 0.001542 0.094192
  4   2.033756 0.190472 -0.000128 -0.130934 -0.023274 -0.129028
  5   2.451511 0.204909 -0.003447 -0.054449 -0.077855 -0.078469
  6   7.247600 -0.397300 -0.109469 0.000001 0.000021 0.156829
  7   -2.022252 -0.104661 3.136172 1.773571 -1.469413 -4.971321
  8   1.168026 -0.537438 -0.063437 -0.623458 0.457776 1.051199
  9   6.790376 -0.619176 0.015206 0.036681 0.041228 -1.008247
 10   8.637599 0.544015 -0.090417 -1.201032 -0.262335 -0.548852
 11   6.790465 -0.619039 0.017802 0.030694 0.013960 -0.721138
 12   -2.022474 -0.104699 -2.873818 -2.472538 1.450090 -5.650328
 13   1.167898 -0.537463 0.063297 0.425631 -0.566817 -0.067648
 14   7.002743 -0.617765 -0.183752 0.001653 -0.090776 -1.204745
 15   8.209042 0.615527 -0.255885 1.929821 0.196652 -0.266295
 16   7.002735 -0.617911 -0.183641 0.003800 -0.057930 -0.861660
 17   1.574674 0.609930 -0.000899 0.509580 -0.169234 0.433397
 18   -0.602177 0.511412 -0.000006 0.000000 0.000000 0.000000
 19   3.673773 0.177020 1.119313 -0.000002 -0.000014 -0.174510
 20   3.677673 0.176993 -1.117566 0.000007 -0.000003 -0.174546
 21   3.942357 1.330634 1.627658 0.000002 -0.000011 -0.000026
 22   -0.246060 -0.011889 0.516521 -0.000011 0.000031 0.000025
 23   3.942374 1.330659 -1.631083 0.000019 0.000002 -0.000024
 24   -0.246150 -0.011872 -0.516511 -0.000005 -0.000006 0.000048
 25   4.941364 1.997338 1.629330 0.000018 -0.000001 -0.000024
 26   4.941382 1.997366 -1.629410 -0.000001 0.000005 -0.000024
 27   2.918368 1.615358 1.514501 -0.000019 -0.000022 -0.000050
 28   2.920798 1.614964 -1.501142 -0.000002 -0.000009 -0.000024
 29   8.824059 0.150544 0.091743 -0.027265 -0.038236 -0.259942
 30   2.017332 -0.846344 1.776507 -0.030383 0.015999 -0.306969
 31   1.953316 -0.889424 -1.861412 -0.030169 0.016836 -0.308324
 32   -0.810489 -0.093824 3.127092 0.281097 -3.066257 -0.280683
 33   14.298673 -0.408176 0.475484 -0.026694 -0.158805 -0.330723
 34   15.835795 0.581398 0.242756 0.139984 0.081387 -0.093106
 35   -0.815868 -0.091229 -3.114430 0.009430 3.072576 0.031052
 36   14.294526 -0.410349 -0.463635 -0.095592 0.095637 -2.014151
 37   15.834409 0.579420 -0.284600 0.221411 0.240407 -0.151053
 38   1.167030 -3.297494 -2.843345 0.002294 -0.065483 -0.088586
 39   -4.457742 -1.054854 -0.746180 -0.010570 -0.018253 0.057943
 40   0.879812 -3.449769 3.186507 0.013745 -0.162417 -0.193792
 41   -4.433840 -1.059130 0.959566 0.029817 -0.013686 -0.006058
 42   -0.837161 1.416043 -2.680801 0.010906 -0.003969 0.142024
 43   -0.843761 1.382162 2.877190 0.010895 -0.003984 0.142024
time 31
  0   -0.475344 0.433607 -1.491862 0.000000 0.000000 -1.571069
  1   -1.093036 0.000002 -0.326057 -1.646950 -1.663728 0.076040
  2   2.262337 0.113614 0.064702 -0.134841 -0.005872 -0.065429
  3   2.380047 0.353302 0.047440 -0.210059 0.000715 0.089458
  4   2.033756 0.190472 -0.000128 -0.130399 -0.023646 -0.130623
  5   2.451511 0.204909 -0.003447 -0.054432 -0.077725 -0.075126
  6   7.247600 -0.397300 -0.109469 0.000001 0.000021 0.156829
  7   -2.022252 -0.104661 3.136172 1.808079 -1.465637 -5.007665
  8   1.168026 -0.537438 -0.063437 -0.657313 0.430656 1.052211
  9   6.790376 -0.619176 0.015206 0.036681 0.039626 -0.991493
 10   8.637599 0.544015 -0.090417 -1.201032 -0.262335 -0.548852
 11   6.790465 -0.619039 0.017802 0.030314 0.012880 -0.709314
 12   -2.022474 -0.104699 -2.873818 -2.497735 1.448813 -5.677423
 13   1.167898 -0.537463 0.063297 0.423240 -0.529084 -0.070493
 14   7.002743 -0.617765 -0.183752 0.001767 -0.091798 -1.215801
 15   8.209042 0.615527 -0.255885 1.929821 0.196652 -0.266295
 16   7.002735 -0.617911 -0.183641 0.003659 -0.058663 -0.869387
 17   1.574674 0.609930 -0.000899 0.505436 -0.170157 0.449106
 18   -0.602177 0.511412 -0.000006 0.000000 0.000000 0.000000
 19   3.673773 0.177020 1.119313 -0.000002 -0.000014 -0.174510
 20   3.673767 0.176993 -1.117566 0.000007 -0.000003 -0.174546
 21   3.942357 1.330634 1.627658 0.000002 -0.000011 -0.000026
 22   -0.246060 -0.011889 0.516521 -0.000011 0.000031 0.000025
 23   3.942374 1.330659 -1.631083 0.000019 0.000002 -0.000024
 24   -0.246150 -0.011872 -0.516511 -0.000005 -0.000006 0.000048
 25   4.941364 1.997338 1.629330 0.000018 -0.000001 -0.000024
 26   4.941382 1.997366 -1.629410 -0.000001 0.000005 -0.000024
 27   2.918368 1.615358 1.514501 -0.000019 -0.000022 -0.000050
 28   2.920798 1.614964 -1.501142 -0.000002 -0.000009 -0.000024
 29   8.824059 0.150544 0.091743 -0.029493 -0.044028 -0.276143
 30   2.017332 -0.842438 1.776507 -0.032200 0.015940 -0.305789
 31   1.953316 -0.889424 -1.853599 -0.031977 0.016784 -0.307378
 32   -0.810489 -0.093824 3.127092 0.281097 -3.064251 -0.265599
 33   14.298673 -0.408176 0.475484 -0.029438 -0.155665 -0.294835
 34   15.835795 0.581398 0.242756 0.138028 0.076189 -0.093458
 35   -0.815868 -0.091229 -3.114430 0.009694 3.073794 0.042062
 36   14.294526 -0.410349 -0.463635 -0.092237 0.093480 -1.997003
 37   15.834409 0.579420 -0.284600 0.221155 0.243248 -0.172500
 38   1.170936 -3.289681 -2.843345 0.005136 -0.069279 -0.079727
 39   -4.457742 -1.054854 -0.746180 -0.010343 -0.017785 0.056316
 40   0.864187 -3.461488 3.178694 0.017744 -0.170069 -0.179068
 41   -4.433840 -1.059130 0.959566 0.032405 -0.016311 -0.006507
 42   -0.837161 1.423856 -2.680801 0.011266 -0.004368 0.138219
 43   -0.839855 1.386068 2.877190 0.011245 -0.004345 0.138219
time 32
  0   -0.475344 0.433607 -1.491862 0.000000 0.000000 -1.571069
  1   -1.093036 0.000002 -0.326057 -1.647055 -1.665580 0.076379
  2   2.262337 0.113614 0.064702 -0.134267 -0.006627 -0.079362
  3   2.380047 0.353302 0.047440 -0.209489 0.000056 0.085479
  4   2.033756 0.190472 -0.000128 -0.129938 -0.023885 -0.132109
  5   2.451511 0.204909 -0.003447 -0.054432 -0.077555 -0.071758
  6   7.247600 -0.397300 -0.109469 0.000001 0.000021 0.156829
  7   -2.022252 -0.104661 3.136172 1.829360 -1.463706 -5.028608
  8   1.168026 -0.537438 -0.063437 -0.676044 0.415461 1.053666
  9   6.790376 -0.619176 0.015206 0.036681 0.038892 -0.984173
 10   8.637599 0.544015 -0.090417 -1.201032 -0.262335 -0.548852
 11   6.790465 -0.619039 0.017802 0.030139 0.012425 -0.704297
 12   -2.022474 -0.104699 -2.873818 -2.508945 1.447217 -5.688911
 13   1.167898 -0.537463 0.063297 0.420148 -0.502488 -0.070251
 14   7.002743 -0.617765 -0.183752 0.001823 -0.092422 -1.221906
 15   8.209042 0.615527 -0.255885 1.929821 0.196652 -0.266295
 16   7.002735 -0.617911 -0.183641 0.003565 -0.059114 -0.873747
 17   1.574674 0.609930 -0.000899 0.501740 -0.170796 0.462781
 18   -0.602177 0.511412 -0.000006 0.000000 0.000000 0.000000
 19   3.673773 0.177020 1.119313 -0.000002 -0.000014 -0.174510
 20   3.673767 0.176993 -1.117566 0.000007 -0.000003 -0.174546
 21   3.942357 1.330634 1.627658 0.000002 -0.000011 -0.000026
 22   -0.246060 -0.011889 0.516521 -0.000011 0.000031 0.000025
 23   3.942374 1.330659 -1.631083 0.000019 0.000002 -0.000024
 24   -0.246150 -0.011872 -0.516511 -0.000005 -0.000006 0.000048
 25   4.941364 1.997338 1.629330 0.000018 -0.000001 -0.000024
 26   4.941382 1.997366 -1.629410 -0.000001 0.000005 -0.000024
 27   2.918368 1.615358 1.514501 -0.000019 -0.000022 -0.000050
 28   2.924704 1.614964 -1.501142 -0.000002 -0.000009 -0.000024
 29   8.824059 0.150544 0.091743 -0.031632 -0.050247 -0.291487
 30   2.017332 -0.834625 1.776507 -0.033963 0.015911 -0.304546
 31   1.953316 -0.889424 -1.853599 -0.033739 0.016758 -0.306396
 32   -0.810489 -0.093824 3.127092 0.281656 -3.062628 -0.251824
 33   14.298673 -0.408176 0.475484 -0.031691 -0.152912 -0.264108
 34   15.835795 0.581398 0.242756 0.138074 0.070332 -0.093150
 35   -0.815868 -0.091229 -3.114430 0.009518 3.075293 0.041952
 36   14.294526 -0.410349 -0.463635 -0.089097 0.091334 -1.981554
 37   15.834409 0.579420 -0.284600 0.220879 0.245935 -0.192882
 38   1.178749 -3.285775 -2.843345 0.008188 -0.073328 -0.070319
 39   -4.457742 -1.054854 -0.746180 -0.010079 -0.017414 0.054689
 40   0.852468 -3.477114 3.174788 0.021744 -0.177348 -0.163489
 41   -4.433840 -1.059130 0.959566 0.034946 -0.019103 -0.006955
 42   -0.825442 1.435575 -2.680801 0.011601 -0.004736 0.134120
 43   -0.832042 1.393881 2.877190 0.011595 -0.004737 0.134120
time 33
  0   -0.475344 0.433607 -1.491862 0.000000 0.000000 -1.571069
  1   -1.093036 0.000002 -0.326057 -1.644487 -1.667664 0.073669
  2   2.262337 0.113614 0.064702 -0.133822 -0.007190 -0.090511
  3   2.380047 0.353302 0.047440 -0.209054 -0.000448 0.082418
  4   2.033756 0.190472 -0.000128 -0.129551 -0.024113 -0.133269
  5   2.451511 0.204909 -0.003447 -0.054483 -0.077438 -0.068018
  6   7.247600 -0.397300 -0.109469 0.000001 0.000021 0.156829
  7   -2.022252 -0.104661 3.136172 1.857446 -1.461947 -5.056876
  8   1.168026 -0.537438 -0.063437 -0.681233 0.410480 1.055627
  9   6.790376 -0.619176 0.015206 0.036570 0.038424 -0.979494
 10   8.637599 0.544015 -0.090417 -1.201032 -0.262335 -0.548852
 11   6.790465 -0.619039 0.017802 0.029964 0.012141 -0.700952
 12   -2.022474 -0.104699 -2.873818 -2.524465 1.444576 -5.704613
 13   1.167898 -0.537463 0.063297 0.418460 -0.492266 -0.069464
 14   7.002743 -0.617765 -0.183752 0.001937 -0.093104 -1.229084
 15   8.209042 0.615527 -0.255885 1.929821 0.196652 -0.266295
 16   7.002735 -0.617911 -0.183641 0.003470 -0.059565 -0.878825
 17   1.574674 0.609930 -0.000899 0.498490 -0.171080 0.474313
 18   -0.602177 0.511412 -0.000006 0.000000 0.000000 0.000000
 19   3.673773 0.177020 1.119313 -0.000002 -0.000014 -0.174510
 20   3.673767 0.176993 -1.117566 0.000007 -0.000003 -0.174546
 21   3.942357 1.330634 1.627658 0.000002 -0.000011 -0.000026
 22   -0.246060 -0.011889 0.516521 -0.000011 0.000031 0.000025
 23   3.942374 1.330659 -1.631083 0.000019 0.000002 -0.000024
 24   -0.246150 -0.011872 -0.516511 -0.000005 -0.000006 0.000048
 25   4.941364 1.997338 1.629330 0.000018 -0.000001 -0.000024
 26   4.941382 1.997366 -1.629410 -0.000001 0.000005 -0.000024
 27   2.918368 1.615358 1.514501 -0.000019 -0.000022 -0.000050
 28   2.920798 1.614964 -1.501142 -0.000002 -0.000009 -0.000024
 29   8.824059 0.150544 0.091743 -0.033682 -0.056799 -0.306133
 30   2.017332 -0.834625 1.776507 -0.035658 0.015853 -0.303216
 31   1.953316 -0.889424 -1.853599 -0.035424 0.016732 -0.305322
 32   -0.810489 -0.093824 3.127092 0.282775 -3.061004 -0.238845
 33   14.298673 -0.408176 0.475484 -0.033633 -0.150404 -0.237033
 34   15.835795 0.581398 0.242756 0.135038 0.067892 -0.094164
 35   -0.815868 -0.091229 -3.114430 0.009342 3.077354 0.041788
 36   14.294526 -0.410349 -0.463635 -0.086220 0.089321 -1.967650
 37   15.834409 0.579420 -0.284600 0.220623 0.248393 -0.211642
 38   1.182655 -3.277962 -2.851158 0.011430 -0.077618 -0.060238
 39   -4.457742 -1.054854 -0.746180 -0.009815 -0.017054 0.053063
 40   0.832936 -3.488833 3.166975 0.025680 -0.184253 -0.146871
 41   -4.433840 -1.059130 0.959566 0.037415 -0.022088 -0.007348
 42   -0.821536 1.443388 -2.680801 0.011949 -0.005104 0.129687
 43   -0.820323 1.405600 2.877190 0.011932 -0.005098 0.129687
time 34
  0   -0.475344 0.433607 -1.491862 0.000000 0.000000 -1.571069
  1   -1.093036 0.000002 -0.326057 -1.638461 -1.670025 0.067572
  2   2.262337 0.113614 0.064702 -0.133529 -0.007621 -0.098734
  3   2.380047 0.353302 0.047440 -0.208799 -0.000879 0.080153
  4   2.033756 0.190472 -0.000128 -0.129182 -0.024329 -0.134030
  5   2.451511 0.204909 -0.003447 -0.054483 -0.077333 -0.064254
  6   7.247600 -0.397300 -0.109469 0.000001 0.000021 0.156829
  7   -2.022252 -0.104661 3.136172 1.913236 -1.458286 -5.111815
  8   1.168026 -0.537438 -0.063437 -0.677879 0.408769 1.059296
  9   6.790376 -0.619176 0.015206 0.036459 0.037624 -0.970966
 10   8.637599 0.544015 -0.090417 -1.201032 -0.262335 -0.548852
 11   6.790465 -0.619039 0.017802 0.029789 0.011601 -0.695184
 12   -2.022474 -0.104699 -2.873818 -2.550046 1.438161 -5.728931
 13   1.167898 -0.537463 0.063297 0.418039 -0.513218 -0.066498
 14   7.002743 -0.617765 -0.183752 0.002051 -0.094467 -1.243110
 15   8.209042 0.615527 -0.255885 1.929821 0.196652 -0.266295
 16   7.002735 -0.617911 -0.183641 0.003282 -0.060524 -0.888539
 17   1.574674 0.609930 -0.000899 0.495728 -0.171009 0.483221
 18   -0.602177 0.511412 -0.000006 0.000000 0.000000 0.000000
 19   3.673773 0.177020 1.119313 -0.000002 -0.000014 -0.174510
 20   3.673767 0.176993 -1.117566 0.000007 -0.000003 -0.174546
 21   3.942357 1.330634 1.627658 0.000002 -0.000011 -0.000026
 22   -0.246060 -0.011889 0.516521 -0.000011 0.000031 0.000025
 23   3.938468 1.330659 -1.631083 0.000019 0.000002 -0.000024
 24   -0.246150 -0.011872 -0.516511 -0.000005 -0.000006 0.000048
 25   4.941364 1.997338 1.629330 0.000018 -0.000001 -0.000024
 26   4.941382 1.997366 -1.629410 -0.000001 0.000005 -0.000024
 27   2.918368 1.615358 1.514501 -0.000019 -0.000022 -0.000050
 28   2.920798 1.614964 -1.501142 -0.000002 -0.000009 -0.000024
 29   8.824059 0.150544 0.091743 -0.035553 -0.063706 -0.319974
 30   2.017332 -0.826812 1.776507 -0.037299 0.015795 -0.301801
 31   1.953316 -0.889424 -1.853599 -0.037064 0.016706 -0.304176
 32   -0.810489 -0.093824 3.127092 0.284173 -3.059476 -0.226380
 33   14.298673 -0.408176 0.475484 -0.035311 -0.148091 -0.212261
 34   15.835795 0.581398 0.242756 0.128759 0.063109 -0.098530
 35   -0.815868 -0.091229 -3.114430 0.009166 3.079228 0.041678
 36   14.294526 -0.410349 -0.463635 -0.083692 0.087403 -1.955523
 37   15.834409 0.579420 -0.284600 0.220426 0.250594 -0.228982
 38   1.190468 -3.274056 -2.855064 0.014819 -0.082125 -0.049669
 39   -4.457742 -1.054854 -0.746180 -0.009552 -0.016766 0.051408
 40   0.825123 -3.500552 3.155256 0.029595 -0.190772 -0.129459
 41   -4.433840 -1.059130 0.959566 0.039812 -0.025204 -0.007769
 42   -0.805910 1.455107 -2.680801 0.012260 -0.005441 0.124920
 43   -0.812510 1.413413 2.877190 0.012282 -0.005459 0.124920
time 35
  0   -0.475344 0.433607 -1.491862 0.000000 0.000000 -1.571069
  1   -1.093036 0.000002 -0.326057 -1.630862 -1.672989 0.060024
  2   2.262337 0.113614 0.064702 -0.133529 -0.007777 -0.103830
  3   2.380047 0.353302 0.047440 -0.208724 -0.001155 0.078888
  4   2.033756 0.190472 -0.000128 -0.129053 -0.024592 -0.134465
  5   2.451511 0.204909 -0.003447 -0.054620 -0.077255 -0.060192
  6   7.247600 -0.397300 -0.109469 0.000001 0.000021 0.156829
  7   -2.022252 -0.104661 3.136172 1.972668 -1.454597 -5.169291
  8   1.168026 -0.537438 -0.063437 -0.667501 0.404090 1.064104
  9   6.790376 -0.619176 0.015206 0.036348 0.037090 -0.965608
 10   8.637599 0.544015 -0.090417 -1.201032 -0.262335 -0.548852
 11   6.790465 -0.619039 0.017802 0.029672 0.011288 -0.691320
 12   -2.022474 -0.104699 -2.873818 -2.572465 1.430209 -5.749707
 13   1.167898 -0.537463 0.063297 0.420429 -0.554917 -0.062987
 14   7.002743 -0.617765 -0.183752 0.002336 -0.095545 -1.255651
 15   8.209042 0.615527 -0.255885 1.929821 0.196652 -0.266295
 16   7.002735 -0.617911 -0.183641 0.003094 -0.061313 -0.897315
 17   1.574674 0.609930 -0.000899 0.493575 -0.170583 0.489504
 18   -0.602177 0.511412 -0.000006 0.000000 0.000000 0.000000
 19   3.673773 0.177020 1.119313 -0.000002 -0.000014 -0.174510
 20   3.677673 0.176993 -1.117566 0.000007 -0.000003 -0.174546
 21   3.942357 1.330634 1.627658 0.000002 -0.000011 -0.000026
 22   -0.246060 -0.011889 0.516521 -0.000011 0.000031 0.000025
 23   3.942374 1.330659 -1.631083 0.000019 0.000002 -0.000024
 24   -0.246150 -0.011872 -0.516511 -0.000005 -0.000006 0.000048
 25   4.941364 1.997338 1.629330 0.000018 -0.000001 -0.000024
 26   4.941382 1.997366 -1.629410 -0.000001 0.000005 -0.000024
 27   2.918368 1.615358 1.514501 -0.000019 -0.000022 -0.000050
 28   2.920798 1.614964 -1.501142 -0.000002 -0.000009 -0.000024
 29   8.824059 0.150544 0.091743 -0.037336 -0.070947 -0.333010
 30   2.021238 -0.822906 1.776507 -0.038872 0.015737 -0.300321
 31   1.953316 -0.897237 -1.853599 -0.038642 0.016706 -0.302975
 32   -0.810489 -0.093824 3.127092 0.286503 -3.058139 -0.213971
 33   14.298673 -0.408176 0.475484 -0.036857 -0.145894 -0.188918
 34   15.835795 0.581398 0.242756 0.117419 0.055568 -0.110217
 35   -0.815868 -0.091229 -3.114430 0.008990 3.081383 0.041678
 36   14.294526 -0.410349 -0.463635 -0.081463 0.085702 -1.945095
 37   15.834409 0.579420 -0.284600 0.220307 0.252385 -0.243787
 38   1.202187 -3.266243 -2.855064 0.018355 -0.086812 -0.038550
 39   -4.457742 -1.054854 -0.746180 -0.009240 -0.016527 0.049753
 40   0.805591 -3.512271 3.147443 0.033447 -0.196954 -0.111253
 41   -4.433840 -1.059130 0.959566 0.042137 -0.028439 -0.008161
 42   -0.802004 1.466826 -2.680801 0.012596 -0.005794 0.119901
 43   -0.808604 1.425132 2.877190 0.012607 -0.005804 0.119901
time 36
  0   -0.463625 0.433607 -1.491862 0.000000 0.000000 -1.571069
  1   -1.093036 0.000002 -0.326057 -1.616399 -1.676693 0.045604
  2   2.262337 0.113614 0.064702 -0.133974 -0.007765 -0.105239
  3   2.380047 0.353302 0.047440 -0.208964 -0.001239 0.078949
  4   2.033756 0.190472 -0.000128 -0.129108 -0.024916 -0.134175
  5   2.451511 0.204909 -0.003447 -0.054740 -0.077177 -0.056131
  6   7.247600 -0.397300 -0.109469 0.000001 0.000021 0.156829
  7   -2.022252 -0.104661 3.136172 2.001617 -1.452579 -5.197371
  8   1.168026 -0.537438 -0.063437 -0.653263 0.397046 1.067963
  9   6.790376 -0.619176 0.015206 0.036348 0.036823 -0.963419
 10   8.637599 0.544015 -0.090417 -1.201032 -0.262335 -0.548852
 11   6.790465 -0.619039 0.017802 0.029643 0.011089 -0.689763
 12   -2.022474 -0.104699 -2.873818 -2.583003 1.425884 -5.758994
 13   1.167898 -0.537463 0.063297 0.422959 -0.598702 -0.060989
 14   7.002743 -0.617765 -0.183752 0.002450 -0.096227 -1.261426
 15   8.209042 0.615527 -0.255885 1.929821 0.196652 -0.266295
 16   7.002735 -0.617911 -0.183641 0.003000 -0.061708 -0.901454
 17   1.574674 0.609930 -0.000899 0.491991 -0.169731 0.492683
 18   -0.602177 0.511412 -0.000006 0.000000 0.000000 0.000000
 19   3.673773 0.177020 1.119313 -0.000002 -0.000014 -0.174510
 20   3.673767 0.176993 -1.117566 0.000007 -0.000003 -0.174546
 21   3.942357 1.338447 1.627658 0.000002 -0.000011 -0.000026
 22   -0.246060 -0.011889 0.516521 -0.000011 0.000031 0.000025
 23   3.942374 1.330659 -1.631083 0.000019 0.000002 -0.000024
 24   -0.246150 -0.011872 -0.516511 -0.000005 -0.000006 0.000048
 25   4.941364 1.997338 1.629330 0.000018 -0.000001 -0.000024
 26   4.941382 1.997366 -1.629410 -0.000001 0.000005 -0.000024
 27   2.918368 1.615358 1.514501 -0.000019 -0.000022 -0.000050
 28   2.920798 1.614964 -1.501142 -0.000002 -0.000009 -0.000024
 29   8.824059 0.150544 0.091743 -0.039118 -0.078448 -0.345457
 30   2.021238 -0.822906 1.776507 -0.040377 0.015708 -0.298777
 31   1.953316 -0.897237 -1.853599 -0.040159 0.016681 -0.301683
 32   -0.810489 -0.093824 3.127092 0.290138 -3.056802 -0.201334
 33   14.298673 -0.408176 0.475484 -0.038223 -0.143852 -0.167957
 34   15.835795 0.581398 0.242756 0.099086 0.044074 -0.131828
 35   -0.815868 -0.091229 -3.114430 0.008902 3.083725 0.041678
 36   14.294526 -0.410349 -0.463635 -0.079629 0.084216 -1.936521
 37   15.834409 0.579420 -0.284600 0.220288 0.253819 -0.256057
 38   1.210000 -3.266243 -2.855064 0.022017 -0.091717 -0.026942
 39   -4.457742 -1.054854 -0.746180 -0.008941 -0.016299 0.048098
 40   0.793872 -3.531803 3.143537 0.037299 -0.202799 -0.092375
 41   -4.433840 -1.059130 0.959566 0.044402 -0.031819 -0.008498
 42   -0.794191 1.478545 -2.680801 0.012907 -0.006131 0.114548
 43   -0.800791 1.436851 2.877190 0.012919 -0.006118 0.114548
time 37
  0   -0.463625 0.433607 -1.491862 0.000000 0.000000 -1.571069
  1   -1.093036 0.000002 -0.326057 -1.601517 -1.680675 0.030652
  2   2.262337 0.113614 0.064702 -0.134509 -0.007657 -0.104589
  3   2.380047 0.353302 0.047440 -0.209414 -0.001227 0.079541
  4   2.033756 0.190472 -0.000128 -0.129182 -0.025180 -0.133740
  5   2.451511 0.204909 -0.003447 -0.054911 -0.077124 -0.052218
  6   7.247600 -0.397300 -0.109469 0.000001 0.000021 0.156829
  7   -2.022252 -0.104661 3.136172 2.030853 -1.450849 -5.225169
  8   1.168026 -0.537438 -0.063437 -0.634975 0.387587 1.072138
  9   6.790376 -0.619176 0.015206 0.036348 0.036823 -0.962740
 10   8.637599 0.544015 -0.090417 -1.201032 -0.262335 -0.548852
 11   6.790465 -0.619039 0.017802 0.029584 0.011089 -0.689359
 12   -2.022474 -0.104699 -2.873818 -2.592009 1.421444 -5.766270
 13   1.167898 -0.537463 0.063297 0.425841 -0.638672 -0.059415
 14   7.002743 -0.617765 -0.183752 0.002450 -0.096568 -1.265634
 15   8.209042 0.615527 -0.255885 1.929821 0.196652 -0.266295
 16   7.002735 -0.617911 -0.183641 0.003000 -0.061990 -0.904214
 17   1.574674 0.609930 -0.000899 0.491016 -0.168382 0.492757
 18   -0.602177 0.511412 -0.000006 0.000000 0.000000 0.000000
 19   3.677679 0.177020 1.119313 -0.000002 -0.000014 -0.174510
 20   3.673767 0.176993 -1.117566 0.000007 -0.000003 -0.174546
 21   3.942357 1.330634 1.627658 0.000002 -0.000011 -0.000026
 22   -0.246060 -0.011889 0.516521 -0.000011 0.000031 0.000025
 23   3.942374 1.330659 -1.631083 0.000019 0.000002 -0.000024
 24   -0.246150 -0.011872 -0.516511 -0.000005 -0.000006 0.000048
 25   4.941364 1.997338 1.629330 0.000018 -0.000001 -0.000024
 26   4.941382 1.997366 -1.629410 -0.000001 0.000005 -0.000024
 27   2.918368 1.615358 1.514501 -0.000019 -0.000022 -0.000050
 28   2.920798 1.614964 -1.501142 -0.000002 -0.000009 -0.000024
 29   8.824059 0.150544 0.091743 -0.040722 -0.086186 -0.357045
 30   2.021238 -0.815093 1.784320 -0.041855 0.015650 -0.297169
 31   1.953316 -0.897237 -1.853599 -0.041599 0.016681 -0.300373
 32   -0.810489 -0.093824 3.127092 0.294146 -3.055561 -0.189722
 33   14.298673 -0.408176 0.475484 -0.039253 -0.142223 -0.151045
 34   15.835795 0.581398 0.242756 0.077602 0.030359 -0.155202
 35   -0.815868 -0.091229 -3.114430 0.008638 3.086161 0.041678
 36   14.294526 -0.410349 -0.463635 -0.078215 0.083017 -1.929878
 37   15.834409 0.579420 -0.284600 0.220347 0.254766 -0.265234
 38   1.213906 -3.254524 -2.862877 0.025806 -0.096766 -0.014845
 39   -4.457742 -1.054854 -0.746180 -0.008641 -0.016107 0.046416
 40   0.782153 -3.543522 3.131818 0.041088 -0.208306 -0.072825
 41   -4.433840 -1.059130 0.959566 0.046583 -0.035331 -0.008834
 42   -0.782472 1.486358 -2.680801 0.013231 -0.006453 0.108944
 43   -0.789072 1.448570 2.877190 0.013219 -0.006463 0.108944
time 38
  0   -0.455812 0.433607 -1.491862 0.000000 0.000000 -1.571069
  1   -1.093036 0.000002 -0.326057 -1.588364 -1.684472 0.017636
  2   2.262337 0.113614 0.064702 -0.135044 -0.007621 -0.104065
  3   2.380047 0.353302 0.047440 -0.209849 -0.001143 0.080255
  4   2.033756 0.190472 -0.000128 -0.129385 -0.025455 -0.133269
  5   2.451511 0.204909 -0.003447 -0.055048 -0.077098 -0.049048
  6   7.247600 -0.397300 -0.109469 0.000001 0.000021 0.156829
  7   -2.022252 -0.104661 3.136172 2.085109 -1.447159 -5.276821
  8   1.168026 -0.537438 -0.063437 -0.610865 0.375260 1.078401
  9   6.790376 -0.619176 0.015206 0.036348 0.036823 -0.962136
 10   8.637599 0.544015 -0.090417 -1.201032 -0.262335 -0.548852
 11   6.790465 -0.619039 0.017802 0.029584 0.011061 -0.688897
 12   -2.022474 -0.104699 -2.873818 -2.606764 1.412766 -5.778334
 13   1.167898 -0.537463 0.063297 0.429567 -0.667658 -0.056691
 14   7.002743 -0.617765 -0.183752 0.002564 -0.097135 -1.272152
 15   8.209042 0.615527 -0.255885 1.929821 0.196652 -0.266295
 16   7.002735 -0.617911 -0.183641 0.002905 -0.062328 -0.908795
 17   1.574674 0.609930 -0.000899 0.490610 -0.166962 0.490835
 18   -0.602177 0.511412 -0.000006 0.000000 0.000000 0.000000
 19   3.677679 0.177020 1.119313 -0.000002 -0.000014 -0.174510
 20   3.673767 0.176993 -1.117566 0.000007 -0.000003 -0.174546
 21   3.942357 1.330634 1.627658 0.000002 -0.000011 -0.000026
 22   -0.246060 -0.011889 0.516521 -0.000011 0.000031 0.000025
 23   3.942374 1.330659 -1.631083 0.000019 0.000002 -0.000024
 24   -0.246150 -0.011872 -0.516511 -0.000005 -0.000006 0.000048
 25   4.941364 1.997338 1.629330 0.000018 -0.000001 -0.000024
 26   4.941382 1.997366 -1.629410 -0.000001 0.000005 -0.000024
 27   2.918368 1.615358 1.514501 -0.000019 -0.000022 -0.000050
 28   2.920798 1.614964 -1.501142 -0.000002 -0.000009 -0.000024
 29   8.824059 0.150544 0.091743 -0.042237 -0.094162 -0.368043
 30   2.021238 -0.815093 1.784320 -0.043238 0.015621 -0.295518
 31   1.953316 -0.897237 -1.853599 -0.043024 0.016681 -0.298990
 32   -0.810489 -0.093824 3.127092 0.298154 -3.054701 -0.180216
 33   14.298673 -0.408176 0.475484 -0.039913 -0.141176 -0.140326
 34   15.835795 0.581398 0.242756 0.055613 0.016912 -0.172490
 35   -0.815868 -0.091229 -3.114430 0.008550 3.088129 0.041678
 36   14.294526 -0.410349 -0.463635 -0.077292 0.082250 -1.925784
 37   15.834409 0.579420 -0.284600 0.220485 0.255278 -0.271014
 38   1.221719 -3.254524 -2.862877 0.029721 -0.101984 -0.002382
 39   -4.457742 -1.054854 -0.746180 -0.008305 -0.015951 0.044761
 40   0.770434 -3.563054 3.124005 0.044792 -0.213475 -0.052725
 41   -4.433840 -1.059130 0.959566 0.048704 -0.038926 -0.009171
 42   -0.770753 1.505890 -2.680801 0.013531 -0.006775 0.103047
 43   -0.777353 1.460289 2.877190 0.013519 -0.006777 0.103047
time 39
  0   -0.455812 0.433607 -1.491862 0.000000 0.000000 -1.571069
  1   -1.093036 0.000002 -0.326057 -1.579193 -1.687343 0.008490
  2   2.262337 0.113614 0.064702 -0.135528 -0.007442 -0.103775
  3   2.380047 0.353302 0.047440 -0.210164 -0.001143 0.080765
  4   2.033756 0.190472 -0.000128 -0.129477 -0.025707 -0.132870
  5   2.451511 0.204909 -0.003447 -0.055065 -0.077085 -0.046893
  6   7.247600 -0.397300 -0.109469 0.000001 0.000021 0.156829
  7   -2.022252 -0.104661 3.136172 2.131408 -1.443816 -5.321054
  8   1.168026 -0.537438 -0.063437 -0.583528 0.360870 1.084094
  9   6.790376 -0.619176 0.015206 0.036348 0.036823 -0.963419
 10   8.637599 0.544015 -0.090417 -1.201032 -0.262335 -0.548852
 11   6.790465 -0.619039 0.017802 0.029643 0.011089 -0.689763
 12   -2.022474 -0.104699 -2.873818 -2.618452 1.404726 -5.787142
 13   1.167898 -0.537463 0.063297 0.431254 -0.687084 -0.053604
 14   7.002743 -0.617765 -0.183752 0.002620 -0.097419 -1.275782
 15   8.209042 0.615527 -0.255885 1.929821 0.196652 -0.266295
 16   7.002735 -0.617911 -0.183641 0.002858 -0.062610 -0.911389
 17   1.574674 0.609930 -0.000899 0.490448 -0.165826 0.488728
 18   -0.602177 0.511412 -0.000006 0.000000 0.000000 0.000000
 19   3.673773 0.177020 1.119313 -0.000002 -0.000014 -0.174510
 20   3.673767 0.176993 -1.117566 0.000007 -0.000003 -0.174546
 21   3.942357 1.330634 1.627658 0.000002 -0.000011 -0.000026
 22   -0.246060 -0.011889 0.516521 -0.000011 0.000031 0.000025
 23   3.942374 1.330659 -1.631083 0.000019 0.000002 -0.000024
 24   -0.246150 -0.011872 -0.516511 -0.000005 -0.000006 0.000048
 25   4.941364 1.997338 1.629330 0.000018 -0.000001 -0.000024
 26   4.941382 1.997366 -1.629410 -0.000001 0.000005 -0.000024
 27   2.918368 1.615358 1.514501 -0.000019 -0.000022 -0.000050
 28   2.920798 1.614964 -1.501142 -0.000002 -0.000009 -0.000024
 29   8.824059 0.150544 0.091743 -0.043663 -0.102352 -0.378289
 30   2.021238 -0.803374 1.784320 -0.044594 0.015592 -0.293803
 31   1.953316 -0.897237 -1.853599 -0.044357 0.016681 -0.297553
 32   -0.810489 -0.093824 3.127092 0.301510 -3.054224 -0.174353
 33   14.298673 -0.408176 0.475484 -0.040044 -0.140957 -0.138103
 34   15.835795 0.581398 0.242756 0.036889 0.006638 -0.176283
 35   -0.815868 -0.091229 -3.114430 0.008550 3.089253 0.041678
 36   14.294526 -0.410349 -0.463635 -0.076920 0.081950 -1.924239
 37   15.834409 0.579420 -0.284600 0.220682 0.255278 -0.272890
 38   1.233438 -3.246711 -2.862877 0.033763 -0.107298 0.010326
 39   -4.457742 -1.054854 -0.746180 -0.007982 -0.015844 0.043078
 40   0.758715 -3.574773 3.112286 0.048476 -0.218356 -0.032136
 41   -4.433840 -1.059130 0.959566 0.050766 -0.042605 -0.009451
 42   -0.759034 1.517609 -2.680801 0.013818 -0.007097 0.096899
 43   -0.769540 1.475915 2.877190 0.013831 -0.007091 0.096899
time 40
  0   -0.455812 0.433607 -1.491862 0.000000 0.000000 -1.571069
  1   -1.093036 0.000002 -0.326057 -1.579193 -1.687343 0.008490
  2   2.262337 0.113614 0.064702 -0.135528 -0.007442 -0.103775
  3   2.380047 0.353302 0.047440 -0.210164 -0.001143 0.080765
  4   2.033756 0.190472 -0.000128 -0.129477 -0.025707 -0.132870
  5   2.451511 0.204909 -0.003447 -0.055168 -0.077072 -0.046200
  6   7.247600 -0.397300 -0.109469 0.000001 0.000021 0.156829
  7   -2.022252 -0.104661 3.136172 2.152210 -1.442115 -5.340683
  8   1.168026 -0.537438 -0.063437 -0.556950 0.346128 1.088459
  9   6.790376 -0.619176 0.015206 0.036348 0.037023 -0.964476
 10   8.637599 0.544015 -0.090417 -1.201032 -0.262335 -0.548852
 11   6.790465 -0.619039 0.017802 0.029643 0.011203 -0.690455
 12   -2.022474 -0.104699 -2.873818 -2.623530 1.400924 -5.790780
 13   1.167898 -0.537463 0.063297 0.431465 -0.697662 -0.051909
 14   7.002743 -0.617765 -0.183752 0.002677 -0.097590 -1.277020
 15   8.209042 0.615527 -0.255885 1.929821 0.196652 -0.266295
 16   7.002735 -0.617911 -0.183641 0.002858 -0.062723 -0.912217
 17   1.574674 0.609930 -0.000899 0.490326 -0.165684 0.488765
 18   -0.602177 0.511412 -0.000006 0.000000 0.000000 0.000000
 19   3.677679 0.177020 1.119313 -0.000002 -0.000014 -0.174510
 20   3.673767 0.176993 -1.117566 0.000007 -0.000003 -0.174546
 21   3.942357 1.330634 1.627658 0.000002 -0.000011 -0.000026
 22   -0.246060 -0.011889 0.516521 -0.000011 0.000031 0.000025
 23   3.942374 1.330659 -1.631083 0.000019 0.000002 -0.000024
 24   -0.246150 -0.011872 -0.516511 -0.000005 -0.000006 0.000048
 25   4.941364 1.997338 1.629330 0.000018 -0.000001 -0.000024
 26   4.941382 1.997366 -1.629410 -0.000001 0.000005 -0.000024
 27   2.918368 1.615358 1.514501 -0.000019 -0.000022 -0.000050
 28   2.920798 1.614964 -1.501142 -0.000002 -0.000009 -0.000024
 29   8.824059 0.150544 0.091743 -0.045000 -0.110708 -0.388000
 30   2.029051 -0.803374 1.784320 -0.045896 0.015563 -0.292066
 31   1.957222 -0.897237 -1.853599 -0.045659 0.016681 -0.296079
 32   -0.810489 -0.093824 3.127092 0.301510 -3.054224 -0.174353
 33   14.298673 -0.408176 0.475484 -0.040044 -0.140957 -0.138103
 34   15.835795 0.581398 0.242756 0.036889 0.006638 -0.176283
 35   -0.815868 -0.091229 -3.114430 0.008550 3.089253 0.041788
 36   14.294526 -0.410349 -0.463635 -0.076920 0.081950 -1.924239
 37   15.834409 0.579420 -0.284600 0.220682 0.255278 -0.272890
 38   1.245157 -3.242805 -2.866783 0.037825 -0.112745 0.023522
 39   -4.457742 -1.054854 -0.746180 -0.007634 -0.015724 0.041424
 40   0.750902 -3.598211 3.104473 0.052118 -0.222911 -0.011058
 41   -4.433840 -1.059130 0.959566 0.052743 -0.046356 -0.009732
 42   -0.751221 1.529328 -2.680801 0.014118 -0.007419 0.090459
 43   -0.757821 1.487634 2.877190 0.014106 -0.007404 0.090459
time 41
  0   -0.455812 0.433607 -1.491862 0.000000 0.000000 -1.571069
  1   -1.093036 0.000002 -0.326057 -1.579612 -1.687158 0.008974
  2   2.262337 0.113614 0.064702 -0.135477 -0.007454 -0.103812
  3   2.380047 0.353302 0.047440 -0.210149 -0.001155 0.080704
  4   2.033756 0.190472 -0.000128 -0.129477 -0.025695 -0.132870
  5   2.451511 0.204909 -0.003447 -0.055168 -0.077059 -0.046249
  6   7.247600 -0.397300 -0.109469 0.000001 0.000021 0.156829
  7   -2.022252 -0.104661 3.136172 2.166780 -1.440933 -5.354300
  8   1.168026 -0.537438 -0.063437 -0.529423 0.330631 1.092318
  9   6.790376 -0.619176 0.015206 0.036348 0.037090 -0.966136
 10   8.637599 0.544015 -0.090417 -1.201032 -0.262335 -0.548852
 11   6.790465 -0.619039 0.017802 0.029672 0.011288 -0.691724
 12   -2.022474 -0.104699 -2.873818 -2.627075 1.397992 -5.793078
 13   1.167898 -0.537463 0.063297 0.430762 -0.700865 -0.050093
 14   7.002743 -0.617765 -0.183752 0.002677 -0.097646 -1.277185
 15   8.209042 0.615527 -0.255885 1.929821 0.196652 -0.266295
 16   7.002735 -0.617911 -0.183641 0.002858 -0.062723 -0.912382
 17   1.574674 0.609930 -0.000899 0.490326 -0.165755 0.488876
 18   -0.602177 0.511412 -0.000006 0.000000 0.000000 0.000000
 19   3.673773 0.177020 1.119313 -0.000002 -0.000014 -0.174510
 20   3.673767 0.176993 -1.117566 0.000007 -0.000003 -0.174546
 21   3.465780 1.412668 1.627658 -0.073679 -0.386430 0.847736
 22   -0.457004 -0.031421 0.231356 -0.000011 0.000031 0.000025
 23   3.461890 1.404880 -1.631083 0.073700 0.386481 0.847601
 24   -0.453188 -0.039217 -0.235252 -0.000005 -0.000006 0.000048
 25   4.941364 1.997338 1.629330 0.000018 -0.000001 -0.000024
 26   4.941382 1.997366 -1.629410 -0.000001 0.000005 -0.000024
 27   3.160563 1.771613 1.553565 -0.163477 0.220806 -1.289362
 28   3.162993 1.779032 -1.540206 0.163480 -0.220897 -1.289338
 29   8.824059 0.150544 0.091743 -0.046248 -0.119158 -0.397013
 30   2.029051 -0.799468 1.784320 -0.047130 0.015534 -0.290265
 31   1.957222 -0.897237 -1.853599 -0.046916 0.016681 -0.294532
 32   -0.810489 -0.093824 3.127092 0.301137 -3.054224 -0.174694
 33   14.298673 -0.408176 0.475484 -0.040008 -0.140982 -0.138500
 34   15.835795 0.581398 0.242756 0.037234 0.006687 -0.176195
 35   -0.815868 -0.091229 -3.114430 0.008550 3.089159 0.042062
 36   14.294526 -0.410349 -0.463635 -0.076956 0.081974 -1.924471
 37   15.834409 0.579420 -0.284600 0.220662 0.255227 -0.272585
 38   1.252970 -3.242805 -2.866783 0.041993 -0.118276 0.036963
 39   -4.457742 -1.054854 -0.746180 -0.007311 -0.015628 0.039741
 40   0.739183 -3.613837 3.092754 0.055675 -0.227189 0.010203
 41   -4.433840 -1.059130 0.959566 0.054685 -0.050191 -0.009984
 42   -0.731689 1.541047 -2.680801 0.014393 -0.007710 0.083809
 43   -0.746102 1.507166 2.877190 0.014406 -0.007702 0.083809
time 42
  0   -0.455812 0.433607 -1.491862 0.000000 0.000000 -1.571069
  1   -1.093036 0.000002 -0.326057 -1.580346 -1.686880 0.009700
  2   2.262337 0.113614 0.064702 -0.135465 -0.007454 -0.103812
  3   2.380047 0.353302 0.047440 -0.210119 -0.001155 0.080663
  4   2.033756 0.190472 -0.000128 -0.129440 -0.025671 -0.132979
  5   2.451511 0.204909 -0.003447 -0.055168 -0.077059 -0.046249
  6   7.247600 -0.397300 -0.109469 0.000001 0.000021 0.156829
  7   -2.022252 -0.104661 3.136172 2.190265 -1.439117 -5.376276
  8   1.168026 -0.537438 -0.063437 -0.498922 0.313323 1.096620
  9   6.790376 -0.619176 0.015206 0.036459 0.037423 -0.969834
 10   8.637599 0.544015 -0.090417 -1.201032 -0.262335 -0.548852
 11   6.790465 -0.619039 0.017802 0.029789 0.011544 -0.694204
 12   -2.022474 -0.104699 -2.873818 -2.632057 1.393581 -5.796429
 13   1.167898 -0.537463 0.063297 0.429567 -0.698272 -0.047853
 14   7.002743 -0.617765 -0.183752 0.002677 -0.097590 -1.277020
 15   8.209042 0.615527 -0.255885 1.929821 0.196652 -0.266295
 16   7.002735 -0.617911 -0.183641 0.002858 -0.062723 -0.912327
 17   1.574674 0.609930 -0.000899 0.490326 -0.165826 0.489060
 18   -0.602177 0.511412 -0.000006 0.000000 0.000000 0.000000
 19   3.677679 0.177020 1.119313 -0.000002 -0.000014 -0.174510
 20   3.673767 0.176993 -1.117566 0.000007 -0.000003 -0.174546
 21   3.704068 1.369698 1.627658 0.006354 -0.200741 0.411837
 22   -0.351532 -0.011889 0.371985 -0.000011 0.000031 0.000025
 23   3.711898 1.369723 -1.631083 -0.006333 0.200780 0.411810
 24   -0.347716 -0.019685 -0.379788 -0.000005 -0.000006 0.000048
 25   4.941364 1.997338 1.629330 0.000018 -0.000001 -0.000024
 26   4.941382 1.997366 -1.629410 -0.000001 0.000005 -0.000024
 27   3.031653 1.697392 1.522314 -0.043955 0.137309 -0.635381
 28   3.034083 1.693092 -1.520674 0.043934 -0.137340 -0.635435
 29   8.824059 0.150544 0.091743 -0.047406 -0.127752 -0.405435
 30   2.029051 -0.791655 1.784320 -0.048323 0.015475 -0.288442
 31   1.957222 -0.897237 -1.853599 -0.048111 0.016681 -0.292949
 32   -0.810489 -0.093824 3.127092 0.300857 -3.054224 -0.175264
 33   14.298673 -0.408176 0.475484 -0.039985 -0.141034 -0.139056
 34   15.835795 0.581398 0.242756 0.037717 0.006760 -0.175930
 35   -0.815868 -0.091229 -3.114430 0.008550 3.089159 0.042171
 36   14.294526 -0.410349 -0.463635 -0.077004 0.082010 -1.924548
 37   15.834409 0.579420 -0.284600 0.220662 0.255201 -0.272383
 38   1.256876 -3.234992 -2.874596 0.046203 -0.123892 0.050771
 39   -4.457742 -1.054854 -0.746180 -0.006951 -0.015532 0.038086
 40   0.731370 -3.629462 3.084941 0.059169 -0.231166 0.031830
 41   -4.433840 -1.059130 0.959566 0.056518 -0.054062 -0.010237
 42   -0.719970 1.560579 -2.680801 0.014669 -0.008017 0.076909
 43   -0.738289 1.518885 2.877190 0.014681 -0.008001 0.076909
time 43
  0   -0.455812 0.433607 -1.491862 0.000000 0.000000 -1.571069
  1   -1.093036 0.000002 -0.326057 -1.581394 -1.686695 0.010474
  2   2.262337 0.113614 0.064702 -0.135427 -0.007466 -0.103848
  3   2.380047 0.353302 0.047440 -0.210089 -0.001155 0.080663
  4   2.033756 0.190472 -0.000128 -0.129440 -0.025647 -0.132979
  5   2.451511 0.204909 -0.003447 -0.055168 -0.077059 -0.046299
  6   7.247600 -0.397300 -0.109469 0.000001 0.000021 0.156829
  7   -2.022252 -0.104661 3.136172 2.199755 -1.438425 -5.384916
  8   1.168026 -0.537438 -0.063437 -0.469433 0.296367 1.099783
  9   6.790376 -0.619176 0.015206 0.036570 0.037891 -0.973909
 10   8.637599 0.544015 -0.090417 -1.201032 -0.262335 -0.548852
 11   6.790465 -0.619039 0.017802 0.029876 0.011800 -0.697203
 12   -2.022474 -0.104699 -2.873818 -2.633590 1.391810 -5.797194
 13   1.167898 -0.537463 0.063297 0.427880 -0.689169 -0.046945
 14   7.002743 -0.617765 -0.183752 0.002620 -0.097419 -1.275782
 15   8.209042 0.615527 -0.255885 1.929821 0.196652 -0.266295
 16   7.002735 -0.617911 -0.183641 0.002858 -0.062610 -0.911389
 17   1.574674 0.609930 -0.000899 0.490326 -0.165968 0.489208
 18   -0.602177 0.511412 -0.000006 0.000000 0.000000 0.000000
 19   3.673773 0.177020 1.119313 -0.000002 -0.000014 -0.174510
 20   3.673767 0.176993 -1.117566 0.000007 -0.000003 -0.174546
 21   3.942357 1.330634 1.627658 0.000002 -0.000011 -0.000026
 22   -0.246060 -0.011889 0.516521 -0.000011 0.000031 0.000025
 23   3.942374 1.330659 -1.631083 0.000019 0.000002 -0.000024
 24   -0.246150 -0.011872 -0.516511 -0.000005 -0.000006 0.000048
 25   4.941364 1.997338 1.629330 0.000018 -0.000001 -0.000024
 26   4.941382 1.997366 -1.629410 -0.000001 0.000005 -0.000024
 27   2.918368 1.615358 1.514501 -0.000019 -0.000022 -0.000050
 28   2.920798 1.614964 -1.501142 -0.000002 -0.000009 -0.000024
 29   8.824059 0.150544 0.091743 -0.048476 -0.136440 -0.413322
 30   2.029051 -0.783842 1.784320 -0.049435 0.015475 -0.286598
 31   1.957222 -0.897237 -1.853599 -0.049229 0.016681 -0.291348
 32   -0.810489 -0.093824 3.127092 0.300671 -3.054319 -0.175548
 33   14.298673 -0.408176 0.475484 -0.039961 -0.141060 -0.139532
 34   15.835795 0.581398 0.242756 0.038177 0.006809 -0.175798
 35   -0.815868 -0.091229 -3.114430 0.008550 3.089159 0.042336
 36   14.294526 -0.410349 -0.463635 -0.077052 0.082046 -1.924857
 37   15.834409 0.579420 -0.284600 0.220623 0.255201 -0.272028
 38   1.264689 -3.234992 -2.874596 0.050476 -0.129556 0.064700
 39   -4.457742 -1.054854 -0.746180 -0.006604 -0.015460 0.036403
 40   0.727464 -3.648994 3.081035 0.062600 -0.234865 0.053702
 41   -4.433840 -1.059130 0.959566 0.058304 -0.057969 -0.010433
 42   -0.708251 1.572298 -2.680801 0.014957 -0.008293 0.069758
 43   -0.726570 1.534510 2.877190 0.014943 -0.008299 0.069758
time 44
  0   -0.455812 0.433607 -1.491862 0.000000 0.000000 -1.571069
  1   -1.093036 0.000002 -0.326057 -1.582180 -1.686417 0.011345
  2   2.262337 0.113614 0.064702 -0.135376 -0.007478 -0.103884
  3   2.380047 0.353302 0.047440 -0.210059 -0.001155 0.080602
  4   2.033756 0.190472 -0.000128 -0.129440 -0.025635 -0.132979
  5   2.451511 0.204909 -0.003447 -0.055168 -0.077059 -0.046299
  6   7.247600 -0.397300 -0.109469 0.000001 0.000021 0.156829
  7   -2.022252 -0.104661 3.136172 2.196400 -1.438713 -5.382004
  8   1.168026 -0.537438 -0.063437 -0.473230 0.298581 1.099340
  9   6.790376 -0.619176 0.015206 0.036459 0.037891 -0.973683
 10   8.637599 0.544015 -0.090417 -1.201032 -0.262335 -0.548852
 11   6.790465 -0.619039 0.017802 0.029876 0.011800 -0.697030
 12   -2.022474 -0.104699 -2.873818 -2.633015 1.392536 -5.796812
 13   1.167898 -0.537463 0.063297 0.427458 -0.686016 -0.047066
 14   7.002743 -0.617765 -0.183752 0.002620 -0.097419 -1.275287
 15   8.209042 0.615527 -0.255885 1.929821 0.196652 -0.266295
 16   7.002735 -0.617911 -0.183641 0.002858 -0.062610 -0.910947
 17   1.574674 0.609930 -0.000899 0.490407 -0.166039 0.489356
 18   -0.602177 0.511412 -0.000006 0.000000 0.000000 0.000000
 19   3.673773 0.177020 1.119313 -0.000002 -0.000014 -0.174510
 20   3.673767 0.176993 -1.117566 0.000007 -0.000003 -0.174546
 21   3.942357 1.330634 1.627658 0.000002 -0.000011 -0.000026
 22   -0.246060 -0.011889 0.516521 -0.000011 0.000031 0.000025
 23   3.938468 1.330659 -1.631083 0.000019 0.000002 -0.000024
 24   -0.246150 -0.011872 -0.516511 -0.000005 -0.000006 0.000048
 25   4.941364 1.997338 1.629330 0.000018 -0.000001 -0.000024
 26   4.941382 1.997366 -1.629410 -0.000001 0.000005 -0.000024
 27   2.918368 1.615358 1.514501 -0.000019 -0.000022 -0.000050
 28   2.920798 1.614964 -1.501142 -0.000002 -0.000009 -0.000024
 29   8.824059 0.150544 0.091743 -0.049456 -0.145199 -0.420618
 30   2.029051 -0.783842 1.784320 -0.050520 0.015446 -0.284711
 31   1.957222 -0.897237 -1.853599 -0.050317 0.016681 -0.289692
 32   -0.810489 -0.093824 3.127092 0.300578 -3.054319 -0.175947
 33   14.298673 -0.408176 0.475484 -0.039937 -0.141112 -0.139929
 34   15.835795 0.581398 0.242756 0.038683 0.006882 -0.175533
 35   -0.815868 -0.091229 -3.114430 0.008550 3.089159 0.042445
 36   14.294526 -0.410349 -0.463635 -0.077100 0.082094 -1.925166
 37   15.834409 0.579420 -0.284600 0.220623 0.255201 -0.271724
 38   1.276408 -3.234992 -2.874596 0.054749 -0.135244 0.078874
 39   -4.457742 -1.054854 -0.746180 -0.006256 -0.015388 0.034749
 40   0.715745 -3.660713 3.069316 0.065947 -0.238324 0.075696
 41   -4.433840 -1.059130 0.959566 0.060042 -0.061912 -0.010685
 42   -0.696532 1.591830 -2.680801 0.015208 -0.008584 0.062355
 43   -0.714851 1.550136 2.877190 0.015218 -0.008597 0.062355
time 45
  0   -0.455812 0.433607 -1.491862 0.000000 0.000000 -1.571069
  1   -1.093036 0.000002 -0.326057 -1.583071 -1.686139 0.012216
  2   2.262337 0.113614 0.064702 -0.135325 -0.007478 -0.103938
  3   2.380047 0.353302 0.047440 -0.210029 -0.001167 0.080500
  4   2.033756 0.190472 -0.000128 -0.129440 -0.025611 -0.133015
  5   2.451511 0.204909 -0.003447 -0.055168 -0.077059 -0.046299
  6   7.247600 -0.397300 -0.109469 0.000001 0.000021 0.156829
  7   -2.022252 -0.104661 3.136172 2.191703 -1.439088 -5.377497
  8   1.168026 -0.537438 -0.063437 -0.478925 0.301801 1.098644
  9   6.790376 -0.619176 0.015206 0.036459 0.037891 -0.973230
 10   8.637599 0.544015 -0.090417 -1.201032 -0.262335 -0.548852
 11   6.790465 -0.619039 0.017802 0.029818 0.011743 -0.696684
 12   -2.022474 -0.104699 -2.873818 -2.632057 1.393436 -5.796142
 13   1.167898 -0.537463 0.063297 0.427247 -0.683830 -0.047369
 14   7.002743 -0.617765 -0.183752 0.002620 -0.097419 -1.274792
 15   8.209042 0.615527 -0.255885 1.929821 0.196652 -0.266295
 16   7.002735 -0.617911 -0.183641 0.002858 -0.062610 -0.910616
 17   1.574674 0.609930 -0.000899 0.490407 -0.166181 0.489504
 18   -0.602177 0.511412 -0.000006 0.000000 0.000000 0.000000
 19   3.677679 0.177020 1.119313 -0.000002 -0.000014 -0.174510
 20   3.673767 0.176993 -1.117566 0.000007 -0.000003 -0.174546
 21   3.942357 1.338447 1.627658 0.000002 -0.000011 -0.000026
 22   -0.246060 -0.011889 0.516521 -0.000011 0.000031 0.000025
 23   3.942374 1.330659 -1.631083 0.000019 0.000002 -0.000024
 24   -0.246150 -0.011872 -0.516511 -0.000005 -0.000006 0.000048
 25   4.941364 1.997338 1.629330 0.000018 -0.000001 -0.000024
 26   4.941382 1.997366 -1.629410 -0.000001 0.000005 -0.000024
 27   2.918368 1.623171 1.514501 -0.000019 -0.000022 -0.000050
 28   2.920798 1.614964 -1.501142 -0.000002 -0.000009 -0.000024
 29   8.824059 0.150544 0.091743 -0.050347 -0.153935 -0.427324
 30   2.029051 -0.779936 1.784320 -0.051564 0.015417 -0.282803
 31   1.957222 -0.897237 -1.853599 -0.051359 0.016681 -0.288000
 32   -0.810489 -0.093824 3.127092 0.300298 -3.054319 -0.176516
 33   14.298673 -0.408176 0.475484 -0.039901 -0.141176 -0.140485
 34   15.835795 0.581398 0.242756 0.039235 0.006931 -0.175401
 35   -0.815868 -0.091229 -3.114430 0.008550 3.089066 0.042719
 36   14.294526 -0.410349 -0.463635 -0.077160 0.082130 -1.925398
 37   15.834409 0.579420 -0.284600 0.220623 0.255150 -0.271521
 38   1.284221 -3.231086 -2.882409 0.059043 -0.140968 0.093170
 39   -4.457742 -1.054854 -0.746180 -0.005884 -0.015304 0.033122
 40   0.707932 -3.680245 3.057597 0.069188 -0.241505 0.097812
 41   -4.433840 -1.059130 0.959566 0.061696 -0.065867 -0.010854
 42   -0.684813 1.603549 -2.680801 0.015460 -0.008860 0.054744
 43   -0.703132 1.565761 2.877190 0.015468 -0.008864 0.054744
time 46
  0   -0.455812 0.433607 -1.491862 0.000000 0.000000 -1.571069
  1   -1.093036 0.000002 -0.326057 -1.583857 -1.685861 0.012990
  2   2.262337 0.113614 0.064702 -0.135286 -0.007490 -0.103956
  3   2.380047 0.353302 0.047440 -0.209999 -0.001167 0.080500
  4   2.033756 0.190472 -0.000128 -0.129440 -0.025551 -0.133124
  5   2.451511 0.204909 -0.003447 -0.055168 -0.077059 -0.046299
  6   7.247600 -0.397300 -0.109469 0.000001 0.000021 0.156829
  7   -2.022252 -0.104661 3.136172 2.186335 -1.439607 -5.372519
  8   1.168026 -0.537438 -0.063437 -0.485190 0.305323 1.097885
  9   6.790376 -0.619176 0.015206 0.036459 0.037690 -0.972777
 10   8.637599 0.544015 -0.090417 -1.201032 -0.262335 -0.548852
 11   6.790465 -0.619039 0.017802 0.029818 0.011743 -0.696338
 12   -2.022474 -0.104699 -2.873818 -2.630620 1.394422 -5.795280
 13   1.167898 -0.537463 0.063297 0.427036 -0.681796 -0.047732
 14   7.002743 -0.617765 -0.183752 0.002620 -0.097363 -1.274462
 15   8.209042 0.615527 -0.255885 1.929821 0.196652 -0.266295
 16   7.002735 -0.617911 -0.183641 0.002858 -0.062554 -0.910395
 17   1.574674 0.609930 -0.000899 0.490407 -0.166252 0.489652
 18   -0.602177 0.511412 -0.000006 0.000000 0.000000 0.000000
 19   3.673773 0.177020 1.119313 -0.000002 -0.000014 -0.174510
 20   3.673767 0.176993 -1.117566 0.000007 -0.000003 -0.174546
 21   3.942357 1.330634 1.627658 0.000002 -0.000011 -0.000026
 22   -0.246060 -0.011889 0.516521 -0.000011 0.000031 0.000025
 23   3.942374 1.330659 -1.631083 0.000019 0.000002 -0.000024
 24   -0.246150 -0.011872 -0.516511 -0.000005 -0.000006 0.000048
 25   4.941364 1.997338 1.629330 0.000018 -0.000001 -0.000024
 26   4.941382 1.997366 -1.629410 -0.000001 0.000005 -0.000024
 27   2.918368 1.615358 1.514501 -0.000019 -0.000022 -0.000050
 28   2.920798 1.614964 -1.501142 -0.000002 -0.000009 -0.000024
 29   8.824059 0.150544 0.091743 -0.051238 -0.162718 -0.433601
 30   2.029051 -0.772123 1.784320 -0.052527 0.015388 -0.280894
 31   1.957222 -0.897237 -1.853599 -0.052355 0.016681 -0.286290
 32   -0.810489 -0.093824 3.127092 0.300112 -3.054415 -0.176800
 33   14.298673 -0.408176 0.475484 -0.039889 -0.141228 -0.140882
 34   15.835795 0.581398 0.242756 0.039741 0.007004 -0.175269
 35   -0.815868 -0.091229 -3.114430 0.008550 3.088878 0.042829
 36   14.294526 -0.410349 -0.463635 -0.077208 0.082166 -1.925475
 37   15.834409 0.579420 -0.284600 0.220623 0.255150 -0.271166
 38   1.295940 -3.223273 -2.886315 0.063337 -0.146680 0.107588
 39   -4.457742 -1.054854 -0.746180 -0.005549 -0.015220 0.031467
 40   0.707932 -3.699777 3.049784 0.072409 -0.244445 0.119929
 41   -4.433840 -1.059130 0.959566 0.063278 -0.069810 -0.011022
 42   -0.665281 1.623081 -2.680801 0.015724 -0.009121 0.046923
 43   -0.691413 1.585293 2.877190 0.015718 -0.009130 0.046923
time 47
  0   -0.455812 0.433607 -1.491862 0.000000 0.000000 -1.571069
  1   -1.093036 0.000002 -0.326057 -1.584643 -1.685676 0.013958
  2   2.262337 0.113614 0.064702 -0.135274 -0.007502 -0.103992
  3   2.380047 0.353302 0.047440 -0.209969 -0.001167 0.080398
  4   2.033756 0.190472 -0.000128 -0.129385 -0.025527 -0.133124
  5   2.451511 0.204909 -0.003447 -0.055168 -0.077059 -0.046348
  6   7.247600 -0.397300 -0.109469 0.000001 0.000021 0.156829
  7   -2.022252 -0.104661 3.136172 2.180775 -1.440097 -5.367260
  8   1.168026 -0.537438 -0.063437 -0.491518 0.308996 1.097126
  9   6.790376 -0.619176 0.015206 0.036459 0.037690 -0.972249
 10   8.637599 0.544015 -0.090417 -1.201032 -0.262335 -0.548852
 11   6.790465 -0.619039 0.017802 0.029818 0.011686 -0.696107
 12   -2.022474 -0.104699 -2.873818 -2.629566 1.395496 -5.794514
 13   1.167898 -0.537463 0.063297 0.427036 -0.680067 -0.048095
 14   7.002743 -0.617765 -0.183752 0.002620 -0.097363 -1.273967
 15   8.209042 0.615527 -0.255885 1.929821 0.196652 -0.266295
 16   7.002735 -0.617911 -0.183641 0.002858 -0.062554 -0.910119
 17   1.574674 0.609930 -0.000899 0.490407 -0.166394 0.489800
 18   -0.602177 0.511412 -0.000006 0.000000 0.000000 0.000000
 19   3.673773 0.177020 1.119313 -0.000002 -0.000014 -0.174510
 20   3.673767 0.176993 -1.117566 0.000007 -0.000003 -0.174546
 21   3.942357 1.330634 1.627658 0.000002 -0.000011 -0.000026
 22   -0.246060 -0.011889 0.516521 -0.000011 0.000031 0.000025
 23   3.942374 1.330659 -1.631083 0.000019 0.000002 -0.000024
 24   -0.246150 -0.011872 -0.516511 -0.000005 -0.000006 0.000048
 25   4.941364 1.997338 1.629330 0.000018 -0.000001 -0.000024
 26   4.941382 1.997366 -1.629410 -0.000001 0.000005 -0.000024
 27   2.918368 1.615358 1.514501 -0.000019 -0.000022 -0.000050
 28   2.920798 1.614964 -1.501142 -0.000002 -0.000009 -0.000024
 29   8.824059 0.150544 0.091743 -0.052040 -0.171429 -0.439341
 30   2.036864 -0.768217 1.784320 -0.053449 0.015359 -0.278965
 31   1.957222 -0.905050 -1.853599 -0.053274 0.016681 -0.284543
 32   -0.810489 -0.093824 3.127092 0.299832 -3.054415 -0.177370
 33   14.298673 -0.408176 0.475484 -0.039853 -0.141280 -0.141438
 34   15.835795 0.581398 0.242756 0.040293 0.007053 -0.175004
 35   -0.815868 -0.091229 -3.114430 0.008550 3.088878 0.043102
 36   14.294526 -0.410349 -0.463635 -0.077268 0.082214 -1.925784
 37   15.834409 0.579420 -0.284600 0.220623 0.255150 -0.270862
 38   1.307659 -3.223273 -2.886315 0.067610 -0.152367 0.122190
 39   -4.457742 -1.054854 -0.746180 -0.005177 -0.015149 0.029869
 40   0.696213 -3.715402 3.038065 0.075503 -0.247169 0.141923
 41   -4.433840 -1.059130 0.959566 0.064800 -0.073753 -0.011218
 42   -0.657468 1.638706 -2.680801 0.015963 -0.009397 0.038894
 43   -0.675787 1.604825 2.877190 0.015955 -0.009381 0.038894
time 48
  0   -0.455812 0.433607 -1.491862 0.000000 0.000000 -1.571069
  1   -1.093036 0.000002 -0.326057 -1.585429 -1.685352 0.014684
  2   2.262337 0.113614 0.064702 -0.135235 -0.007502 -0.104028
  3   2.380047 0.353302 0.047440 -0.209939 -0.001179 0.080398
  4   2.033756 0.190472 -0.000128 -0.129385 -0.025515 -0.133124
  5   2.451511 0.204909 -0.003447 -0.055065 -0.077059 -0.046373
  6   7.247600 -0.397300 -0.109469 0.000001 0.000021 0.156829
  7   -2.022252 -0.104661 3.136172 2.174928 -1.440587 -5.361813
  8   1.168026 -0.537438 -0.063437 -0.497846 0.312669 1.096177
  9   6.790376 -0.619176 0.015206 0.036459 0.037624 -0.971796
 10   8.637599 0.544015 -0.090417 -1.201032 -0.262335 -0.548852
 11   6.790465 -0.619039 0.017802 0.029818 0.011686 -0.695645
 12   -2.022474 -0.104699 -2.873818 -2.628129 1.396570 -5.793461
 13   1.167898 -0.537463 0.063297 0.426966 -0.678541 -0.048640
 14   7.002743 -0.617765 -0.183752 0.002620 -0.097363 -1.273802
 15   8.209042 0.615527 -0.255885 1.929821 0.196652 -0.266295
 16   7.002735 -0.617911 -0.183641 0.002858 -0.062441 -0.909899
 17   1.574674 0.609930 -0.000899 0.490448 -0.166465 0.489947
 18   -0.602177 0.511412 -0.000006 0.000000 0.000000 0.000000
 19   3.673773 0.177020 1.119313 -0.000002 -0.000014 -0.174510
 20   3.673767 0.176993 -1.117566 0.000007 -0.000003 -0.174546
 21   3.942357 1.330634 1.627658 0.000002 -0.000011 -0.000026
 22   -0.246060 -0.011889 0.516521 -0.000011 0.000031 0.000025
 23   3.942374 1.330659 -1.631083 0.000019 0.000002 -0.000024
 24   -0.246150 -0.011872 -0.516511 -0.000005 -0.000006 0.000048
 25   4.941364 1.997338 1.629330 0.000018 -0.000001 -0.000024
 26   4.941382 1.997366 -1.629410 -0.000001 0.000005 -0.000024
 27   2.918368 1.615358 1.514501 -0.000019 -0.000022 -0.000050
 28   2.920798 1.614964 -1.501142 -0.000002 -0.000009 -0.000024
 29   8.824059 0.150544 0.091743 -0.052753 -0.180118 -0.444545
 30   2.036864 -0.760404 1.784320 -0.054344 0.015359 -0.277035
 31   1.957222 -0.905050 -1.853599 -0.054163 0.016681 -0.282778
 32   -0.810489 -0.093824 3.127092 0.299646 -3.054415 -0.177654
 33   14.298673 -0.408176 0.475484 -0.039829 -0.141319 -0.141914
 34   15.835795 0.581398 0.242756 0.040822 0.007126 -0.174916
 35   -0.815868 -0.091229 -3.114430 0.008638 3.088784 0.043322
 36   14.294526 -0.410349 -0.463635 -0.077316 0.082250 -1.926093
 37   15.834409 0.579420 -0.284600 0.220623 0.255099 -0.270507
 38   1.315472 -3.223273 -2.886315 0.071883 -0.158019 0.136669
 39   -4.457742 -1.054854 -0.746180 -0.004842 -0.015029 0.028242
 40   0.696213 -3.734934 3.030252 0.078513 -0.249639 0.163733
 41   -4.433840 -1.059130 0.959566 0.066250 -0.077660 -0.011359
 42   -0.649655 1.658238 -2.680801 0.016203 -0.009642 0.030655
 43   -0.664068 1.616544 2.877190 0.016205 -0.009664 0.030655
time 49
  0   -0.455812 0.433607 -1.491862 0.000000 0.000000 -1.571069
  1   -1.093036 0.000002 -0.326057 -1.586320 -1.685074 0.015555
  2   2.262337 0.113614 0.064702 -0.135184 -0.007514 -0.104083
  3   2.380047 0.353302 0.047440 -0.209924 -0.001179 0.080357
  4   2.033756 0.190472 -0.000128 -0.129385 -0.025491 -0.133160
  5   2.451511 0.204909 -0.003447 -0.055065 -0.077046 -0.046423
  6   7.247600 -0.397300 -0.109469 0.000001 0.000021 0.156829
  7   -2.022252 -0.104661 3.136172 2.169464 -1.441077 -5.356554
  8   1.168026 -0.537438 -0.063437 -0.504364 0.316342 1.095418
  9   6.790376 -0.619176 0.015206 0.036459 0.037624 -0.971268
 10   8.637599 0.544015 -0.090417 -1.201032 -0.262335 -0.548852
 11   6.790465 -0.619039 0.017802 0.029818 0.011629 -0.695415
 12   -2.022474 -0.104699 -2.873818 -2.626979 1.397644 -5.792695
 13   1.167898 -0.537463 0.063297 0.426755 -0.676863 -0.049064
 14   7.002743 -0.617765 -0.183752 0.002620 -0.097306 -1.273472
 15   8.209042 0.615527 -0.255885 1.929821 0.196652 -0.266295
 16   7.002735 -0.617911 -0.183641 0.002905 -0.062441 -0.909733
 17   1.574674 0.609930 -0.000899 0.490448 -0.166536 0.490132
 18   -0.602177 0.511412 -0.000006 0.000000 0.000000 0.000000
 19   3.673773 0.177020 1.119313 -0.000002 -0.000014 -0.174510
 20   3.673767 0.176993 -1.117566 0.000007 -0.000003 -0.174546
 21   3.942357 1.330634 1.627658 0.000002 -0.000011 -0.000026
 22   -0.246060 -0.011889 0.516521 -0.000011 0.000031 0.000025
 23   3.942374 1.330659 -1.631083 0.000019 0.000002 -0.000024
 24   -0.246150 -0.011872 -0.516511 -0.000005 -0.000006 0.000048
 25   4.941364 1.997338 1.629330 0.000018 -0.000001 -0.000024
 26   4.941382 1.997366 -1.629410 -0.000001 0.000005 -0.000024
 27   2.918368 1.615358 1.514501 -0.000019 -0.000022 -0.000050
 28   2.920798 1.614964 -1.501142 -0.000002 -0.000009 -0.000024
 29   8.824059 0.150544 0.091743 -0.053466 -0.188735 -0.449427
 30   2.036864 -0.760404 1.784320 -0.055171 0.015330 -0.275084
 31   1.957222 -0.905050 -1.853599 -0.055021 0.016655 -0.280958
 32   -0.810489 -0.093824 3.127092 0.299366 -3.054510 -0.178110
 33   14.298673 -0.408176 0.475484 -0.039805 -0.141370 -0.142311
 34   15.835795 0.581398 0.242756 0.041374 0.007224 -0.174651
 35   -0.815868 -0.091229 -3.114430 0.008638 3.088784 0.043486
 36   14.294526 -0.410349 -0.463635 -0.077364 0.082298 -1.926402
 37   15.834409 0.579420 -0.284600 0.220563 0.255099 -0.270202
 38   1.327191 -3.223273 -2.894128 0.076071 -0.163647 0.151271
 39   -4.457742 -1.054854 -0.746180 -0.004482 -0.014909 0.026643
 40   0.688400 -3.746653 3.022439 0.081460 -0.251917 0.185483
 41   -4.433840 -1.059130 0.959566 0.067628 -0.081543 -0.011499
 42   -0.630123 1.677770 -2.680801 0.016443 -0.009903 0.022249
 43   -0.656255 1.636076 2.877190 0.016430 -0.009915 0.022249
time 50
  0   -0.455812 0.433607 -1.491862 0.000000 0.000000 -1.571069
  1   -1.093036 0.000002 -0.326057 -1.587054 -1.684889 0.016281
  2   2.262337 0.113614 0.064702 -0.135134 -0.007514 -0.104083
  3   2.380047 0.353302 0.047440 -0.209894 -0.001179 0.080296
  4   2.033756 0.190472 -0.000128 -0.129385 -0.025467 -0.133269
  5   2.451511 0.204909 -0.003447 -0.055065 -0.077046 -0.046423
  6   7.247600 -0.397300 -0.109469 0.000001 0.000021 0.156829
  7   -2.022252 -0.104661 3.136172 2.163521 -1.441481 -5.351013
  8   1.168026 -0.537438 -0.063437 -0.510945 0.320065 1.094469
  9   6.790376 -0.619176 0.015206 0.036459 0.037624 -0.970815
 10   8.637599 0.544015 -0.090417 -1.201032 -0.262335 -0.548852
 11   6.790465 -0.619039 0.017802 0.029789 0.011601 -0.694896
 12   -2.022474 -0.104699 -2.873818 -2.625542 1.398776 -5.791738
 13   1.167898 -0.537463 0.063297 0.426755 -0.675388 -0.049548
 14   7.002743 -0.617765 -0.183752 0.002564 -0.097306 -1.273142
 15   8.209042 0.615527 -0.255885 1.929821 0.196652 -0.266295
 16   7.002735 -0.617911 -0.183641 0.002905 -0.062441 -0.909457
 17   1.574674 0.609930 -0.000899 0.490448 -0.166678 0.490317
 18   -0.602177 0.511412 -0.000006 0.000000 0.000000 0.000000
 19   3.673773 0.177020 1.119313 -0.000002 -0.000014 -0.174510
 20   3.673767 0.176993 -1.117566 0.000007 -0.000003 -0.174546
 21   3.942357 1.330634 1.627658 0.000002 -0.000011 -0.000026
 22   -0.246060 -0.011889 0.516521 -0.000011 0.000031 0.000025
 23   3.942374 1.330659 -1.631083 0.000019 0.000002 -0.000024
 24   -0.246150 -0.011872 -0.516511 -0.000005 -0.000006 0.000048
 25   4.941364 1.997338 1.629330 0.000018 -0.000001 -0.000024
 26   4.941382 1.997366 -1.629410 -0.000001 0.000005 -0.000024
 27   2.918368 1.615358 1.514501 -0.000019 -0.000022 -0.000050
 28   2.920798 1.614964 -1.501142 -0.000002 -0.000009 -0.000024
 29   8.824059 0.150544 0.091743 -0.054001 -0.197209 -0.453719
 30   2.040770 -0.748685 1.784320 -0.055944 0.015301 -0.273154
 31   1.957222 -0.905050 -1.853599 -0.055818 0.016655 -0.279157
 32   -0.810489 -0.093824 3.127092 0.299086 -3.054510 -0.178622
 33   14.298673 -0.408176 0.475484 -0.039769 -0.141409 -0.142867
 34   15.835795 0.581398 0.242756 0.041904 0.007297 -0.174519
 35   -0.815868 -0.091229 -3.114430 0.008638 3.088784 0.043869
 36   14.294526 -0.410349 -0.463635 -0.077412 0.082346 -1.926479
 37   15.834409 0.579420 -0.284600 0.220563 0.255073 -0.270000
 38   1.331097 -3.215460 -2.894128 0.080218 -0.169178 0.165873
 39   -4.457742 -1.054854 -0.746180 -0.004147 -0.014741 0.025073
 40   0.684494 -3.766185 3.018533 0.084302 -0.253965 0.206805
 41   -4.433840 -1.059130 0.959566 0.068946 -0.085366 -0.011639
 42   -0.618404 1.697302 -2.680801 0.016671 -0.010148 0.013634
 43   -0.644536 1.659514 2.877190 0.016680 -0.010135 0.013634
time 51
  0   -0.455812 0.433607 -1.491862 0.000000 0.000000 -1.571069
  1   -1.093036 0.000002 -0.326057 -1.587997 -1.684565 0.017297
  2   2.262337 0.113614 0.064702 -0.135134 -0.007526 -0.104101
  3   2.380047 0.353302 0.047440 -0.209864 -0.001191 0.080255
  4   2.033756 0.190472 -0.000128 -0.129348 -0.025455 -0.133269
  5   2.451511 0.204909 -0.003447 -0.055065 -0.077046 -0.046423
  6   7.247600 -0.397300 -0.109469 0.000001 0.000021 0.156829
  7   -2.022252 -0.104661 3.136172 2.157482 -1.441971 -5.345472
  8   1.168026 -0.537438 -0.063437 -0.517463 0.323738 1.093520
  9   6.790376 -0.619176 0.015206 0.036459 0.037624 -0.970362
 10   8.637599 0.544015 -0.090417 -1.201032 -0.262335 -0.548852
 11   6.790465 -0.619039 0.017802 0.029789 0.011544 -0.694665
 12   -2.022474 -0.104699 -2.873818 -2.624105 1.399879 -5.790780
 13   1.167898 -0.537463 0.063297 0.426755 -0.673964 -0.049972
 14   7.002743 -0.617765 -0.183752 0.002564 -0.097306 -1.272812
 15   8.209042 0.615527 -0.255885 1.929821 0.196652 -0.266295
 16   7.002735 -0.617911 -0.183641 0.002905 -0.062441 -0.909236
 17   1.574674 0.609930 -0.000899 0.490448 -0.166749 0.490502
 18   -0.602177 0.511412 -0.000006 0.000000 0.000000 0.000000
 19   3.673773 0.177020 1.119313 -0.000002 -0.000014 -0.174510
 20   3.673767 0.176993 -1.117566 0.000007 -0.000003 -0.174546
 21   3.942357 1.330634 1.627658 0.000002 -0.000011 -0.000026
 22   -0.246060 -0.011889 0.516521 -0.000011 0.000031 0.000025
 23   3.942374 1.330659 -1.631083 0.000019 0.000002 -0.000024
 24   -0.246150 -0.011872 -0.516511 -0.000005 -0.000006 0.000048
 25   4.941364 1.997338 1.629330 0.000018 -0.000001 -0.000024
 26   4.941382 1.997366 -1.629410 -0.000001 0.000005 -0.000024
 27   2.918368 1.615358 1.514501 -0.000019 -0.000022 -0.000050
 28   2.920798 1.614964 -1.501142 -0.000002 -0.000009 -0.000024
 29   8.824059 0.150544 0.091743 -0.054536 -0.205565 -0.457689
 30   2.040770 -0.748685 1.784320 -0.056690 0.015301 -0.271245
 31   1.957222 -0.905050 -1.853599 -0.056538 0.016655 -0.277301
 32   -0.810489 -0.093824 3.127092 0.298900 -3.054510 -0.179134
 33   14.298673 -0.408176 0.475484 -0.039745 -0.141474 -0.143343
 34   15.835795 0.581398 0.242756 0.042456 0.007370 -0.174387
 35   -0.815868 -0.091229 -3.114430 0.008638 3.088784 0.044088
 36   14.294526 -0.410349 -0.463635 -0.077472 0.082382 -1.926788
 37   15.834409 0.579420 -0.284600 0.220563 0.255073 -0.269645
 38   1.338910 -3.215460 -2.898034 0.084323 -0.174613 0.180291
 39   -4.457742 -1.054854 -0.746180 -0.003799 -0.014561 0.023530
 40   0.676681 -3.785717 3.006814 0.087038 -0.255833 0.227883
 41   -4.433840 -1.059130 0.959566 0.070217 -0.089129 -0.011751
 42   -0.598872 1.705115 -2.680801 0.016886 -0.010378 0.004809
 43   -0.632817 1.671233 2.877190 0.016892 -0.010386 0.004809
time 52
  0   -0.455812 0.433607 -1.491862 0.000000 0.000000 -1.571069
  1   -1.093036 0.000002 -0.326057 -1.588888 -1.684287 0.017926
  2   2.262337 0.113614 0.064702 -0.135083 -0.007538 -0.104137
  3   2.380047 0.353302 0.047440 -0.209834 -0.001191 0.080194
  4   2.033756 0.190472 -0.000128 -0.129348 -0.025431 -0.133269
  5   2.451511 0.204909 -0.003447 -0.055065 -0.077046 -0.046423
  6   7.247600 -0.397300 -0.109469 0.000001 0.000021 0.156829
  7   -2.022252 -0.104661 3.136172 2.151539 -1.442461 -5.339837
  8   1.168026 -0.537438 -0.063437 -0.523791 0.327260 1.092571
  9   6.790376 -0.619176 0.015206 0.036459 0.037423 -0.969834
 10   8.637599 0.544015 -0.090417 -1.201032 -0.262335 -0.548852
 11   6.790465 -0.619039 0.017802 0.029789 0.011544 -0.694319
 12   -2.022474 -0.104699 -2.873818 -2.622955 1.401011 -5.789823
 13   1.167898 -0.537463 0.063297 0.426755 -0.672489 -0.050456
 14   7.002743 -0.617765 -0.183752 0.002564 -0.097135 -1.272482
 15   8.209042 0.615527 -0.255885 1.929821 0.196652 -0.266295
 16   7.002735 -0.617911 -0.183641 0.002905 -0.062441 -0.908960
 17   1.574674 0.609930 -0.000899 0.490448 -0.166891 0.490576
 18   -0.602177 0.511412 -0.000006 0.000000 0.000000 0.000000
 19   3.673773 0.177020 1.119313 -0.000002 -0.000014 -0.174510
 20   3.673767 0.176993 -1.117566 0.000007 -0.000003 -0.174546
 21   3.942357 1.330634 1.627658 0.000002 -0.000011 -0.000026
 22   -0.246060 -0.011889 0.516521 -0.000011 0.000031 0.000025
 23   3.942374 1.330659 -1.631083 0.000019 0.000002 -0.000024
 24   -0.246150 -0.011872 -0.516511 -0.000005 -0.000006 0.000048
 25   4.941364 1.997338 1.629330 0.000018 -0.000001 -0.000024
 26   4.941382 1.997366 -1.629410 -0.000001 0.000005 -0.000024
 27   2.918368 1.615358 1.514501 -0.000019 -0.000022 -0.000050
 28   2.920798 1.614964 -1.501142 -0.000002 -0.000009 -0.000024
 29   8.824059 0.150544 0.091743 -0.055071 -0.213731 -0.461229
 30   2.040770 -0.740872 1.784320 -0.057395 0.015301 -0.269337
 31   1.965035 -0.905050 -1.853599 -0.057258 0.016655 -0.275445
 32   -0.810489 -0.093824 3.127092 0.298620 -3.054605 -0.179476
 33   14.298673 -0.408176 0.475484 -0.039709 -0.141525 -0.143740
 34   15.835795 0.581398 0.242756 0.043031 0.007468 -0.174122
 35   -0.815868 -0.091229 -3.114430 0.008638 3.088784 0.044253
 36   14.294526 -0.410349 -0.463635 -0.077520 0.082418 -1.927020
 37   15.834409 0.579420 -0.284600 0.220563 0.255022 -0.269341
 38   1.350629 -3.215460 -2.898034 0.088343 -0.179939 0.194648
 39   -4.457742 -1.054854 -0.746180 -0.003488 -0.014358 0.021988
 40   0.676681 -3.797436 2.995095 0.089627 -0.257508 0.248410
 41   -4.433840 -1.059130 0.959566 0.071391 -0.092821 -0.011835
 42   -0.583247 1.728553 -2.680801 0.017114 -0.010608 -0.004098
 43   -0.613285 1.690765 2.877190 0.017117 -0.010605 -0.004098
time 53
  0   -0.455812 0.433607 -1.491862 0.000000 0.000000 -1.571069
  1   -1.093036 0.000002 -0.326057 -1.589621 -1.684102 0.018797
  2   2.262337 0.113614 0.064702 -0.135044 -0.007538 -0.104173
  3   2.380047 0.353302 0.047440 -0.209804 -0.001191 0.080153
  4   2.033756 0.190472 -0.000128 -0.129348 -0.025419 -0.133269
  5   2.451511 0.204909 -0.003447 -0.055065 -0.077046 -0.046472
  6   7.247600 -0.397300 -0.109469 0.000001 0.000021 0.156829
  7   -2.022252 -0.104661 3.136172 2.145883 -1.442951 -5.334296
  8   1.168026 -0.537438 -0.063437 -0.530119 0.330782 1.091685
  9   6.790376 -0.619176 0.015206 0.036459 0.037423 -0.969381
 10   8.637599 0.544015 -0.090417 -1.201032 -0.262335 -0.548852
 11   6.790465 -0.619039 0.017802 0.029789 0.011487 -0.694031
 12   -2.022474 -0.104699 -2.873818 -2.621518 1.402085 -5.788674
 13   1.167898 -0.537463 0.063297 0.426544 -0.671066 -0.050880
 14   7.002743 -0.617765 -0.183752 0.002564 -0.097135 -1.272152
 15   8.209042 0.615527 -0.255885 1.929821 0.196652 -0.266295
 16   7.002735 -0.617911 -0.183641 0.002905 -0.062328 -0.908795
 17   1.574674 0.609930 -0.000899 0.490529 -0.166962 0.490724
 18   -0.602177 0.511412 -0.000006 0.000000 0.000000 0.000000
 19   3.673773 0.177020 1.119313 -0.000002 -0.000014 -0.174510
 20   3.673767 0.176993 -1.117566 0.000007 -0.000003 -0.174546
 21   3.942357 1.330634 1.627658 0.000002 -0.000011 -0.000026
 22   -0.246060 -0.011889 0.516521 -0.000011 0.000031 0.000025
 23   3.942374 1.330659 -1.631083 0.000019 0.000002 -0.000024
 24   -0.246150 -0.011872 -0.516511 -0.000005 -0.000006 0.000048
 25   4.941364 1.997338 1.629330 0.000018 -0.000001 -0.000024
 26   4.941382 1.997366 -1.629410 -0.000001 0.000005 -0.000024
 27   2.918368 1.615358 1.514501 -0.000019 -0.000022 -0.000050
 28   2.920798 1.614964 -1.501142 -0.000002 -0.000009 -0.000024
 29   8.824059 0.150544 0.091743 -0.055516 -0.221707 -0.464395
 30   2.040770 -0.740872 1.784320 -0.058046 0.015272 -0.267429
 31   1.965035 -0.905050 -1.853599 -0.057917 0.016655 -0.273589
 32   -0.810489 -0.093824 3.127092 0.298434 -3.054605 -0.179874
 33   14.298673 -0.408176 0.475484 -0.039685 -0.141551 -0.144296
 34   15.835795 0.581398 0.242756 0.043560 0.007590 -0.174034
 35   -0.815868 -0.091229 -3.114430 0.008638 3.088784 0.044636
 36   14.294526 -0.410349 -0.463635 -0.077544 0.082454 -1.927329
 37   15.834409 0.579420 -0.284600 0.220563 0.255022 -0.269138
 38   1.358442 -3.211554 -2.898034 0.092237 -0.185145 0.208822
 39   -4.457742 -1.054854 -0.746180 -0.003164 -0.014106 0.020473
 40   0.676681 -3.816968 2.987282 0.092174 -0.259027 0.268510
 41   -4.433840 -1.059130 0.959566 0.072530 -0.096404 -0.011919
 42   -0.571528 1.748085 -2.680801 0.017330 -0.010838 -0.013215
 43   -0.601566 1.706391 2.877190 0.017317 -0.010841 -0.013215
time 54
  0   -0.455812 0.433607 -1.491862 0.000000 0.000000 -1.571069
  1   -1.093036 0.000002 -0.326057 -1.590460 -1.683824 0.019523
  2   2.262337 0.113614 0.064702 -0.134993 -0.007550 -0.104209
  3   2.380047 0.353302 0.047440 -0.209774 -0.001203 0.080112
  4   2.033756 0.190472 -0.000128 -0.129311 -0.025395 -0.133305
  5   2.451511 0.204909 -0.003447 -0.055065 -0.077033 -0.046522
  6   7.247600 -0.397300 -0.109469 0.000001 0.000021 0.156829
  7   -2.022252 -0.104661 3.136172 2.139940 -1.443441 -5.328849
  8   1.168026 -0.537438 -0.063437 -0.536384 0.334304 1.090800
  9   6.790376 -0.619176 0.015206 0.036348 0.037357 -0.969004
 10   8.637599 0.544015 -0.090417 -1.201032 -0.262335 -0.548852
 11   6.790465 -0.619039 0.017802 0.029789 0.011487 -0.693627
 12   -2.022474 -0.104699 -2.873818 -2.620081 1.403159 -5.787908
 13   1.167898 -0.537463 0.063297 0.426544 -0.669693 -0.051364
 14   7.002743 -0.617765 -0.183752 0.002564 -0.097135 -1.271822
 15   8.209042 0.615527 -0.255885 1.929821 0.196652 -0.266295
 16   7.002735 -0.617911 -0.183641 0.002905 -0.062328 -0.908574
 17   1.574674 0.609930 -0.000899 0.490529 -0.167033 0.490835
 18   -0.602177 0.511412 -0.000006 0.000000 0.000000 0.000000
 19   3.673773 0.177020 1.119313 -0.000002 -0.000014 -0.174510
 20   3.673767 0.176993 -1.117566 0.000007 -0.000003 -0.174546
 21   3.942357 1.330634 1.627658 0.000002 -0.000011 -0.000026
 22   -0.246060 -0.011889 0.516521 -0.000011 0.000031 0.000025
 23   3.942374 1.330659 -1.631083 0.000019 0.000002 -0.000024
 24   -0.246150 -0.011872 -0.516511 -0.000005 -0.000006 0.000048
 25   4.941364 1.997338 1.629330 0.000018 -0.000001 -0.000024
 26   4.941382 1.997366 -1.629410 -0.000001 0.000005 -0.000024
 27   2.918368 1.615358 1.514501 -0.000019 -0.000022 -0.000050
 28   2.920798 1.614964 -1.501142 -0.000002 -0.000009 -0.000024
 29   8.824059 0.150544 0.091743 -0.055873 -0.229469 -0.467292
 30   2.040770 -0.736966 1.784320 -0.058629 0.015272 -0.265563
 31   1.965035 -0.905050 -1.853599 -0.058530 0.016629 -0.271715
 32   -0.810489 -0.093824 3.127092 0.298061 -3.054605 -0.180386
 33   14.298673 -0.408176 0.475484 -0.039661 -0.141603 -0.144693
 34   15.835795 0.581398 0.242756 0.044112 0.007663 -0.173769
 35   -0.815868 -0.091229 -3.114430 0.008638 3.088597 0.045020
 36   14.294526 -0.410349 -0.463635 -0.077592 0.082490 -1.927638
 37   15.834409 0.579420 -0.284600 0.220544 0.255022 -0.268783
 38   1.370161 -3.211554 -2.898034 0.096047 -0.190194 0.222935
 39   -4.457742 -1.054854 -0.746180 -0.002840 -0.013806 0.018987
 40   0.672775 -3.828687 2.983376 0.094552 -0.260352 0.288122
 41   -4.433840 -1.059130 0.959566 0.073572 -0.099916 -0.012004
 42   -0.551996 1.767617 -2.680801 0.017521 -0.011068 -0.022500
 43   -0.589847 1.725923 2.877190 0.017517 -0.011060 -0.022500
time 55
  0   -0.455812 0.433607 -1.491862 0.000000 0.000000 -1.571069
  1   -1.093036 0.000002 -0.326057 -1.591246 -1.683639 0.020394
  2   2.262337 0.113614 0.064702 -0.134942 -0.007562 -0.104245
  3   2.380047 0.353302 0.047440 -0.209744 -0.001203 0.080092
  4   2.033756 0.190472 -0.000128 -0.129311 -0.025383 -0.133414
  5   2.451511 0.204909 -0.003447 -0.055065 -0.077033 -0.046522
  6   7.247600 -0.397300 -0.109469 0.000001 0.000021 0.156829
  7   -2.022252 -0.104661 3.136172 2.133996 -1.443816 -5.323308
  8   1.168026 -0.537438 -0.063437 -0.542459 0.337675 1.089851
  9   6.790376 -0.619176 0.015206 0.036348 0.037357 -0.968551
 10   8.637599 0.544015 -0.090417 -1.201032 -0.262335 -0.548852
 11   6.790465 -0.619039 0.017802 0.029730 0.011430 -0.693338
 12   -2.022474 -0.104699 -2.873818 -2.618739 1.404204 -5.786855
 13   1.167898 -0.537463 0.063297 0.426544 -0.668269 -0.051788
 14   7.002743 -0.617765 -0.183752 0.002564 -0.097079 -1.271492
 15   8.209042 0.615527 -0.255885 1.929821 0.196652 -0.266295
 16   7.002735 -0.617911 -0.183641 0.002905 -0.062328 -0.908353
 17   1.574674 0.609930 -0.000899 0.490529 -0.167175 0.491019
 18   -0.602177 0.511412 -0.000006 0.000000 0.000000 0.000000
 19   3.677679 0.177020 1.119313 -0.000002 -0.000014 -0.174510
 20   3.673767 0.176993 -1.117566 0.000007 -0.000003 -0.174546
 21   3.942357 1.330634 1.627658 0.000002 -0.000011 -0.000026
 22   -0.246060 -0.011889 0.516521 -0.000011 0.000031 0.000025
 23   3.942374 1.330659 -1.631083 0.000019 0.000002 -0.000024
 24   -0.246150 -0.011872 -0.516511 -0.000005 -0.000006 0.000048
 25   4.941364 1.997338 1.629330 0.000018 -0.000001 -0.000024
 26   4.941382 1.997366 -1.629410 -0.000001 0.000005 -0.000024
 27   2.918368 1.615358 1.514501 -0.000019 -0.000022 -0.000050
 28   2.920798 1.614964 -1.501142 -0.000002 -0.000009 -0.000024
 29   8.824059 0.150544 0.091743 -0.056229 -0.236923 -0.469706
 30   2.048583 -0.729153 1.784320 -0.059212 0.015243 -0.263740
 31   1.965035 -0.905050 -1.853599 -0.059112 0.016629 -0.269841
 32   -0.810489 -0.093824 3.127092 0.298061 -3.054701 -0.180785
 33   14.298673 -0.408176 0.475484 -0.039625 -0.141642 -0.145249
 34   15.835795 0.581398 0.242756 0.044664 0.007785 -0.173681
 35   -0.815868 -0.091229 -3.114430 0.008726 3.088597 0.045239
 36   14.294526 -0.410349 -0.463635 -0.077640 0.082526 -1.927947
 37   15.834409 0.579420 -0.284600 0.220544 0.254971 -0.268631
 38   1.377974 -3.211554 -2.905847 0.099731 -0.195099 0.236742
 39   -4.457742 -1.054854 -0.746180 -0.002541 -0.013483 0.017529
 40   0.664962 -3.848219 2.975563 0.096868 -0.261521 0.307000
 41   -4.433840 -1.059130 0.959566 0.074567 -0.103283 -0.012088
 42   -0.532464 1.783242 -2.680801 0.017725 -0.011283 -0.031909
 43   -0.570315 1.749361 2.877190 0.017717 -0.011264 -0.031909
time 56
  0   -0.463625 0.433607 -1.491862 0.000000 0.000000 -1.571069
  1   -1.093036 0.000002 -0.326057 -1.591980 -1.683361 0.021168
  2   2.262337 0.113614 0.064702 -0.134942 -0.007562 -0.104263
  3   2.380047 0.353302 0.047440 -0.209729 -0.001203 0.080051
  4   2.033756 0.190472 -0.000128 -0.129311 -0.025359 -0.133414
  5   2.451511 0.204909 -0.003447 -0.055065 -0.077033 -0.046522
  6   7.247600 -0.397300 -0.109469 0.000001 0.000021 0.156829
  7   -2.022252 -0.104661 3.136172 2.128053 -1.444306 -5.317768
  8   1.168026 -0.537438 -0.063437 -0.548597 0.341046 1.088839
  9   6.790376 -0.619176 0.015206 0.036348 0.037357 -0.968098
 10   8.637599 0.544015 -0.090417 -1.201032 -0.262335 -0.548852
 11   6.790465 -0.619039 0.017802 0.029730 0.011402 -0.693050
 12   -2.022474 -0.104699 -2.873818 -2.617302 1.405161 -5.785993
 13   1.167898 -0.537463 0.063297 0.426544 -0.666896 -0.052151
 14   7.002743 -0.617765 -0.183752 0.002564 -0.097079 -1.271162
 15   8.209042 0.615527 -0.255885 1.929821 0.196652 -0.266295
 16   7.002735 -0.617911 -0.183641 0.002905 -0.062272 -0.908077
 17   1.574674 0.609930 -0.000899 0.490529 -0.167246 0.491167
 18   -0.602177 0.511412 -0.000006 0.000000 0.000000 0.000000
 19   3.673773 0.177020 1.119313 -0.000002 -0.000014 -0.174510
 20   3.677673 0.176993 -1.117566 0.000007 -0.000003 -0.174546
 21   3.942357 1.330634 1.627658 0.000002 -0.000011 -0.000026
 22   -0.246060 -0.011889 0.516521 -0.000011 0.000031 0.000025
 23   3.942374 1.330659 -1.631083 0.000019 0.000002 -0.000024
 24   -0.246150 -0.011872 -0.516511 -0.000005 -0.000006 0.000048
 25   4.941364 1.997338 1.629330 0.000018 -0.000001 -0.000024
 26   4.941382 1.997366 -1.629410 -0.000001 0.000005 -0.000024
 27   2.918368 1.615358 1.514501 -0.000019 -0.000022 -0.000050
 28   2.920798 1.614964 -1.501142 -0.000002 -0.000009 -0.000024
 29   8.824059 0.150544 0.091743 -0.056586 -0.244163 -0.471905
 30   2.048583 -0.729153 1.784320 -0.059714 0.015243 -0.261918
 31   1.965035 -0.905050 -1.853599 -0.059633 0.016603 -0.267985
 32   -0.810489 -0.093824 3.127092 0.297595 -3.054701 -0.181126
 33   14.298673 -0.408176 0.475484 -0.039601 -0.141706 -0.145646
 34   15.835795 0.581398 0.242756 0.045239 0.007956 -0.173549
 35   -0.815868 -0.091229 -3.114430 0.008726 3.088503 0.045513
 36   14.294526 -0.410349 -0.463635 -0.077675 0.082550 -1.928024
 37   15.834409 0.579420 -0.284600 0.220504 0.254971 -0.268276
 38   1.381880 -3.211554 -2.905847 0.103267 -0.199798 0.250305
 39   -4.457742 -1.054854 -0.746180 -0.002241 -0.013087 0.016098
 40   0.664962 -3.859938 2.971657 0.099036 -0.262557 0.325206
 41   -4.433840 -1.059130 0.959566 0.075502 -0.106555 -0.012144
 42   -0.520745 1.802774 -2.680801 0.017929 -0.011482 -0.041487
 43   -0.558596 1.768893 2.877190 0.017917 -0.011500 -0.041487
time 57
  0   -0.463625 0.433607 -1.491862 0.000000 0.000000 -1.571069
  1   -1.093036 0.000002 -0.326057 -1.592766 -1.683176 0.021894
  2   2.262337 0.113614 0.064702 -0.134892 -0.007574 -0.104318
  3   2.380047 0.353302 0.047440 -0.209699 -0.001203 0.080010
  4   2.033756 0.190472 -0.000128 -0.129311 -0.025347 -0.133414
  5   2.451511 0.204909 -0.003447 -0.055065 -0.077033 -0.046522
  6   7.247600 -0.397300 -0.109469 0.000001 0.000021 0.156829
  7   -2.022252 -0.104661 3.136172 2.122302 -1.444767 -5.312133
  8   1.168026 -0.537438 -0.063437 -0.554419 0.344367 1.087890
  9   6.790376 -0.619176 0.015206 0.036348 0.037357 -0.967721
 10   8.637599 0.544015 -0.090417 -1.201032 -0.262335 -0.548852
 11   6.790465 -0.619039 0.017802 0.029730 0.011402 -0.692762
 12   -2.022474 -0.104699 -2.873818 -2.615961 1.406206 -5.784940
 13   1.167898 -0.537463 0.063297 0.426544 -0.665523 -0.052696
 14   7.002743 -0.617765 -0.183752 0.002564 -0.097079 -1.270832
 15   8.209042 0.615527 -0.255885 1.929821 0.196652 -0.266295
 16   7.002735 -0.617911 -0.183641 0.002905 -0.062272 -0.907912
 17   1.574674 0.609930 -0.000899 0.490529 -0.167317 0.491352
 18   -0.602177 0.511412 -0.000006 0.000000 0.000000 0.000000
 19   3.677679 0.177020 1.119313 -0.000002 -0.000014 -0.174510
 20   3.673767 0.176993 -1.117566 0.000007 -0.000003 -0.174546
 21   3.942357 1.330634 1.627658 0.000002 -0.000011 -0.000026
 22   -0.246060 -0.011889 0.516521 -0.000011 0.000031 0.000025
 23   3.942374 1.330659 -1.631083 0.000019 0.000002 -0.000024
 24   -0.246150 -0.011872 -0.516511 -0.000005 -0.000006 0.000048
 25   4.941364 1.997338 1.629330 0.000018 -0.000001 -0.000024
 26   4.941382 1.997366 -1.629410 -0.000001 0.000005 -0.000024
 27   2.918368 1.615358 1.514501 -0.000019 -0.000022 -0.000050
 28   2.920798 1.614964 -1.501142 -0.000002 -0.000009 -0.000024
 29   8.824059 0.150544 0.091743 -0.056764 -0.251070 -0.473837
 30   2.048583 -0.721340 1.784320 -0.060202 0.015243 -0.260160
 31   1.965035 -0.905050 -1.853599 -0.060108 0.016577 -0.266093
 32   -0.810489 -0.093824 3.127092 0.297502 -3.054701 -0.181639
 33   14.298673 -0.408176 0.475484 -0.039565 -0.141745 -0.146122
 34   15.835795 0.581398 0.242756 0.045768 0.008078 -0.173284
 35   -0.815868 -0.091229 -3.114430 0.008726 3.088503 0.045896
 36   14.294526 -0.410349 -0.463635 -0.077711 0.082586 -1.928333
 37   15.834409 0.579420 -0.284600 0.220485 0.254971 -0.268124
 38   1.389693 -3.211554 -2.909753 0.106656 -0.204305 0.263685
 39   -4.457742 -1.054854 -0.746180 -0.001965 -0.012656 0.014696
 40   0.664962 -3.871657 2.963844 0.101078 -0.263449 0.342618
 41   -4.433840 -1.059130 0.959566 0.076365 -0.109671 -0.012200
 42   -0.501213 1.830119 -2.680801 0.018121 -0.011697 -0.051189
 43   -0.539064 1.784518 2.877190 0.018104 -0.011704 -0.051189
time 58
  0   -0.463625 0.433607 -1.491862 0.000000 0.000000 -1.571069
  1   -1.093036 0.000002 -0.326057 -1.593447 -1.682944 0.022668
  2   2.262337 0.113614 0.064702 -0.134892 -0.007574 -0.104336
  3   2.380047 0.353302 0.047440 -0.209669 -0.001215 0.079949
  4   2.033756 0.190472 -0.000128 -0.129274 -0.025323 -0.133450
  5   2.451511 0.204909 -0.003447 -0.055065 -0.077020 -0.046522
  6   7.247600 -0.397300 -0.109469 0.000001 0.000021 0.156829
  7   -2.022252 -0.104661 3.136172 2.116646 -1.445142 -5.306780
  8   1.168026 -0.537438 -0.063437 -0.560304 0.347587 1.086751
  9   6.790376 -0.619176 0.015206 0.036348 0.037290 -0.967117
 10   8.637599 0.544015 -0.090417 -1.201032 -0.262335 -0.548852
 11   6.790465 -0.619039 0.017802 0.029672 0.011345 -0.692531
 12   -2.022474 -0.104699 -2.873818 -2.614524 1.407222 -5.783791
 13   1.167898 -0.537463 0.063297 0.426544 -0.664099 -0.053059
 14   7.002743 -0.617765 -0.183752 0.002564 -0.097079 -1.270502
 15   8.209042 0.615527 -0.255885 1.929821 0.196652 -0.266295
 16   7.002735 -0.617911 -0.183641 0.002905 -0.062272 -0.907746
 17   1.574674 0.609930 -0.000899 0.490610 -0.167459 0.491463
 18   -0.602177 0.511412 -0.000006 0.000000 0.000000 0.000000
 19   3.673773 0.177020 1.119313 -0.000002 -0.000014 -0.174510
 20   3.673767 0.176993 -1.117566 0.000007 -0.000003 -0.174546
 21   3.942357 1.330634 1.627658 0.000002 -0.000011 -0.000026
 22   -0.246060 -0.011889 0.516521 -0.000011 0.000031 0.000025
 23   3.942374 1.330659 -1.631083 0.000019 0.000002 -0.000024
 24   -0.246150 -0.011872 -0.516511 -0.000005 -0.000006 0.000048
 25   4.941364 1.997338 1.629330 0.000018 -0.000001 -0.000024
 26   4.941382 1.997366 -1.629410 -0.000001 0.000005 -0.000024
 27   2.918368 1.615358 1.514501 -0.000019 -0.000022 -0.000050
 28   2.920798 1.614964 -1.501142 -0.000002 -0.000009 -0.000024
 29   8.824059 0.150544 0.091743 -0.057031 -0.257670 -0.475500
 30   2.048583 -0.717434 1.784320 -0.060636 0.015243 -0.258444
 31   1.965035 -0.905050 -1.853599 -0.060552 0.016525 -0.264200
 32   -0.810489 -0.093824 3.127092 0.297129 -3.054796 -0.181980
 33   14.298673 -0.408176 0.475484 -0.039541 -0.141784 -0.146519
 34   15.835795 0.581398 0.242756 0.046320 0.008273 -0.173240
 35   -0.815868 -0.091229 -3.114430 0.008726 3.088503 0.046170
 36   14.294526 -0.410349 -0.463635 -0.077759 0.082610 -1.928642
 37   15.834409 0.579420 -0.284600 0.220485 0.254945 -0.267769
 38   1.393599 -3.211554 -2.909753 0.109855 -0.208595 0.276698
 39   -4.457742 -1.054854 -0.746180 -0.001714 -0.012140 0.013322
 40   0.664962 -3.891189 2.956031 0.102993 -0.264220 0.359236
 41   -4.433840 -1.059130 0.959566 0.077168 -0.112619 -0.012256
 42   -0.477775 1.845744 -2.680801 0.018288 -0.011896 -0.061017
 43   -0.527345 1.811863 2.877190 0.018304 -0.011876 -0.061017
time 59
  0   -0.463625 0.433607 -1.491862 0.000000 0.000000 -1.571069
  1   -1.093036 0.000002 -0.326057 -1.594233 -1.682759 0.023394
  2   2.262337 0.113614 0.064702 -0.134841 -0.007586 -0.104336
  3   2.380047 0.353302 0.047440 -0.209654 -0.001215 0.079908
  4   2.033756 0.190472 -0.000128 -0.129274 -0.025311 -0.133450
  5   2.451511 0.204909 -0.003447 -0.055065 -0.077020 -0.046571
  6   7.247600 -0.397300 -0.109469 0.000001 0.000021 0.156829
  7   -2.022252 -0.104661 3.136172 2.110607 -1.445603 -5.301426
  8   1.168026 -0.537438 -0.063437 -0.566189 0.350757 1.085929
  9   6.790376 -0.619176 0.015206 0.036348 0.037156 -0.966815
 10   8.637599 0.544015 -0.090417 -1.201032 -0.262335 -0.548852
 11   6.790465 -0.619039 0.017802 0.029672 0.011345 -0.692243
 12   -2.022474 -0.104699 -2.873818 -2.613087 1.408267 -5.782834
 13   1.167898 -0.537463 0.063297 0.426544 -0.662726 -0.053483
 14   7.002743 -0.617765 -0.183752 0.002564 -0.096908 -1.270337
 15   8.209042 0.615527 -0.255885 1.929821 0.196652 -0.266295
 16   7.002735 -0.617911 -0.183641 0.002905 -0.062272 -0.907470
 17   1.574674 0.609930 -0.000899 0.490610 -0.167530 0.491537
 18   -0.602177 0.511412 -0.000006 0.000000 0.000000 0.000000
 19   3.673773 0.177020 1.119313 -0.000002 -0.000014 -0.174510
 20   3.673767 0.176993 -1.117566 0.000007 -0.000003 -0.174546
 21   3.942357 1.330634 1.627658 0.000002 -0.000011 -0.000026
 22   -0.246060 -0.011889 0.516521 -0.000011 0.000031 0.000025
 23   3.942374 1.330659 -1.631083 0.000019 0.000002 -0.000024
 24   -0.246150 -0.011872 -0.516511 -0.000005 -0.000006 0.000048
 25   4.941364 1.997338 1.629330 0.000018 -0.000001 -0.000024
 26   4.941382 1.997366 -1.629410 -0.000001 0.000005 -0.000024
 27   2.918368 1.615358 1.514501 -0.000019 -0.000022 -0.000050
 28   2.920798 1.614964 -1.501142 -0.000002 -0.000009 -0.000024
 29   8.824059 0.150544 0.091743 -0.057209 -0.263842 -0.476841
 30   2.052489 -0.717434 1.784320 -0.061029 0.015243 -0.256750
 31   1.965035 -0.905050 -1.853599 -0.060966 0.016499 -0.262326
 32   -0.810489 -0.093824 3.127092 0.297129 -3.054796 -0.182550
 33   14.298673 -0.408176 0.475484 -0.039505 -0.141810 -0.146916
 34   15.835795 0.581398 0.242756 0.046872 0.008444 -0.173108
 35   -0.815868 -0.091229 -3.114430 0.008726 3.088503 0.046553
 36   14.294526 -0.410349 -0.463635 -0.077795 0.082634 -1.928951
 37   15.834409 0.579420 -0.284600 0.220485 0.254894 -0.267617
 38   1.401412 -3.211554 -2.913660 0.112907 -0.212644 0.289222
 39   -4.457742 -1.054854 -0.746180 -0.001450 -0.011577 0.011976
 40   0.657149 -3.902908 2.952125 0.104782 -0.264871 0.374876
 41   -4.433840 -1.059130 0.959566 0.077899 -0.115436 -0.012256
 42   -0.466056 1.873089 -2.680801 0.018468 -0.012080 -0.070970
 43   -0.507813 1.831395 2.877190 0.018479 -0.012065 -0.070970
time 60
  0   -0.463625 0.433607 -1.491862 0.000000 0.000000 -1.571069
  1   -1.093036 0.000002 -0.326057 -1.594862 -1.682574 0.024023
  2   2.262337 0.113614 0.064702 -0.134841 -0.007586 -0.104354
  3   2.380047 0.353302 0.047440 -0.209624 -0.001215 0.079908
  4   2.033756 0.190472 -0.000128 -0.129274 -0.025287 -0.133559
  5   2.451511 0.204909 -0.003447 -0.055065 -0.077020 -0.046621
  6   7.247600 -0.397300 -0.109469 0.000001 0.000021 0.156829
  7   -2.022252 -0.104661 3.136172 2.105143 -1.446006 -5.295979
  8   1.168026 -0.537438 -0.063437 -0.571568 0.353826 1.084790
  9   6.790376 -0.619176 0.015206 0.036348 0.037090 -0.966438
 10   8.637599 0.544015 -0.090417 -1.201032 -0.262335 -0.548852
 11   6.790465 -0.619039 0.017802 0.029672 0.011345 -0.691897
 12   -2.022474 -0.104699 -2.873818 -2.611746 1.409283 -5.781589
 13   1.167898 -0.537463 0.063297 0.426544 -0.661353 -0.053967
 14   7.002743 -0.617765 -0.183752 0.002564 -0.096908 -1.270007
 15   8.209042 0.615527 -0.255885 1.929821 0.196652 -0.266295
 16   7.002735 -0.617911 -0.183641 0.002905 -0.062272 -0.907249
 17   1.574674 0.609930 -0.000899 0.490610 -0.167601 0.491648
 18   -0.602177 0.511412 -0.000006 0.000000 0.000000 0.000000
 19   3.673773 0.177020 1.119313 -0.000002 -0.000014 -0.174510
 20   3.673767 0.176993 -1.117566 0.000007 -0.000003 -0.174546
 21   3.942357 1.330634 1.627658 0.000002 -0.000011 -0.000026
 22   -0.246060 -0.011889 0.516521 -0.000011 0.000031 0.000025
 23   3.942374 1.330659 -1.631083 0.000019 0.000002 -0.000024
 24   -0.246150 -0.011872 -0.516511 -0.000005 -0.000006 0.000048
 25   4.941364 1.997338 1.629330 0.000018 -0.000001 -0.000024
 26   4.941382 1.997366 -1.629410 -0.000001 0.000005 -0.000024
 27   2.918368 1.615358 1.514501 -0.000019 -0.000022 -0.000050
 28   2.920798 1.614964 -1.501142 -0.000002 -0.000009 -0.000024
 29   8.824059 0.150544 0.091743 -0.057388 -0.269657 -0.477968
 30   2.052489 -0.709621 1.784320 -0.061381 0.015214 -0.255142
 31   1.965035 -0.905050 -1.853599 -0.061349 0.016473 -0.260470
 32   -0.810489 -0.093824 3.127092 0.296849 -3.054892 -0.182834
 33   14.298673 -0.408176 0.475484 -0.039469 -0.141848 -0.147313
 34   15.835795 0.581398 0.242756 0.047401 0.008639 -0.172843
 35   -0.815868 -0.091229 -3.114430 0.008726 3.088316 0.046937
 36   14.294526 -0.410349 -0.463635 -0.077831 0.082658 -1.929260
 37   15.834409 0.579420 -0.284600 0.220485 0.254894 -0.267262
 38   1.409225 -3.211554 -2.913660 0.115770 -0.216440 0.301502
 39   -4.457742 -1.054854 -0.746180 -0.001210 -0.010966 0.010685
 40   0.657149 -3.914627 2.944312 0.106424 -0.265413 0.389539
 41   -4.433840 -1.059130 0.959566 0.078570 -0.118036 -0.012284
 42   -0.446524 1.888714 -2.680801 0.018636 -0.012264 -0.081049
 43   -0.488281 1.854833 2.877190 0.018654 -0.012269 -0.081049
time 61
  0   -0.463625 0.433607 -1.491862 0.000000 0.000000 -1.571069
  1   -1.093036 0.000002 -0.326057 -1.595595 -1.682342 0.024652
  2   2.262337 0.113614 0.064702 -0.134751 -0.007586 -0.104390
  3   2.380047 0.353302 0.047440 -0.209609 -0.001215 0.079847
  4   2.033756 0.190472 -0.000128 -0.129274 -0.025275 -0.133559
  5   2.451511 0.204909 -0.003447 -0.055065 -0.077020 -0.046621
  6   7.247600 -0.397300 -0.109469 0.000001 0.000021 0.156829
  7   -2.022252 -0.104661 3.136172 2.099296 -1.446352 -5.290533
  8   1.168026 -0.537438 -0.063437 -0.577200 0.356744 1.083841
  9   6.790376 -0.619176 0.015206 0.036348 0.037090 -0.966136
 10   8.637599 0.544015 -0.090417 -1.201032 -0.262335 -0.548852
 11   6.790465 -0.619039 0.017802 0.029672 0.011288 -0.691724
 12   -2.022474 -0.104699 -2.873818 -2.610500 1.410241 -5.780919
 13   1.167898 -0.537463 0.063297 0.426544 -0.660132 -0.054391
 14   7.002743 -0.617765 -0.183752 0.002564 -0.096908 -1.269677
 15   8.209042 0.615527 -0.255885 1.929821 0.196652 -0.266295
 16   7.002735 -0.617911 -0.183641 0.002953 -0.062159 -0.907084
 17   1.574674 0.609930 -0.000899 0.490610 -0.167672 0.491759
 18   -0.602177 0.511412 -0.000006 0.000000 0.000000 0.000000
 19   3.673773 0.177020 1.119313 -0.000002 -0.000014 -0.174510
 20   3.673767 0.176993 -1.117566 0.000007 -0.000003 -0.174546
 21   3.942357 1.330634 1.627658 0.000002 -0.000011 -0.000026
 22   -0.246060 -0.011889 0.516521 -0.000011 0.000031 0.000025
 23   3.938468 1.330659 -1.631083 0.000019 0.000002 -0.000024
 24   -0.246150 -0.011872 -0.516511 -0.000005 -0.000006 0.000048
 25   4.941364 1.997338 1.629330 0.000018 -0.000001 -0.000024
 26   4.941382 1.997366 -1.629410 -0.000001 0.000005 -0.000024
 27   2.918368 1.615358 1.514501 -0.000019 -0.000022 -0.000050
 28   2.920798 1.614964 -1.501142 -0.000002 -0.000009 -0.000024
 29   8.824059 0.150544 0.091743 -0.057477 -0.275070 -0.478880
 30   2.060302 -0.709621 1.784320 -0.061707 0.015214 -0.253577
 31   1.965035 -0.905050 -1.853599 -0.061671 0.016447 -0.258614
 32   -0.810489 -0.093824 3.127092 0.296663 -3.054892 -0.183290
 33   14.298673 -0.408176 0.475484 -0.039445 -0.141887 -0.147869
 34   15.835795 0.581398 0.242756 0.047953 0.008908 -0.172799
 35   -0.815868 -0.091229 -3.114430 0.008902 3.088316 0.047320
 36   14.294526 -0.410349 -0.463635 -0.077867 0.082670 -1.929337
 37   15.834409 0.579420 -0.284600 0.220465 0.254894 -0.267110
 38   1.413131 -3.211554 -2.913660 0.118401 -0.219959 0.313355
 39   -4.457742 -1.054854 -0.746180 -0.001007 -0.010259 0.009423
 40   0.657149 -3.922440 2.940406 0.107961 -0.265847 0.403163
 41   -4.433840 -1.059130 0.959566 0.079157 -0.120469 -0.012340
 42   -0.426992 1.916059 -2.680801 0.018828 -0.012448 -0.091212
 43   -0.476562 1.874365 2.877190 0.018804 -0.012457 -0.091212
time 62
  0   -0.463625 0.433607 -1.491862 0.000000 0.000000 -1.571069
  1   -1.093036 0.000002 -0.326057 -1.596119 -1.682157 0.025475
  2   2.262337 0.113614 0.064702 -0.134751 -0.007597 -0.104408
  3   2.380047 0.353302 0.047440 -0.209579 -0.001227 0.079806
  4   2.033756 0.190472 -0.000128 -0.129274 -0.025263 -0.133559
  5   2.451511 0.204909 -0.003447 -0.055065 -0.077007 -0.046621
  6   7.247600 -0.397300 -0.109469 0.000001 0.000021 0.156829
  7   -2.022252 -0.104661 3.136172 2.093928 -1.446785 -5.285274
  8   1.168026 -0.537438 -0.063437 -0.582389 0.359763 1.083019
  9   6.790376 -0.619176 0.015206 0.036348 0.037090 -0.965683
 10   8.637599 0.544015 -0.090417 -1.201032 -0.262335 -0.548852
 11   6.790465 -0.619039 0.017802 0.029672 0.011288 -0.691320
 12   -2.022474 -0.104699 -2.873818 -2.608967 1.411198 -5.779770
 13   1.167898 -0.537463 0.063297 0.426544 -0.658759 -0.054754
 14   7.002743 -0.617765 -0.183752 0.002564 -0.096908 -1.269347
 15   8.209042 0.615527 -0.255885 1.929821 0.196652 -0.266295
 16   7.002735 -0.617911 -0.183641 0.002953 -0.062159 -0.906863
 17   1.574674 0.609930 -0.000899 0.490610 -0.167743 0.491832
 18   -0.602177 0.511412 -0.000006 0.000000 0.000000 0.000000
 19   3.673773 0.177020 1.119313 -0.000002 -0.000014 -0.174510
 20   3.673767 0.176993 -1.117566 0.000007 -0.000003 -0.174546
 21   3.942357 1.330634 1.627658 0.000002 -0.000011 -0.000026
 22   -0.246060 -0.011889 0.516521 -0.000011 0.000031 0.000025
 23   3.942374 1.330659 -1.631083 0.000019 0.000002 -0.000024
 24   -0.246150 -0.011872 -0.516511 -0.000005 -0.000006 0.000048
 25   4.941364 1.997338 1.629330 0.000018 -0.000001 -0.000024
 26   4.941382 1.997366 -1.629410 -0.000001 0.000005 -0.000024
 27   2.918368 1.615358 1.514501 -0.000019 -0.000022 -0.000050
 28   2.920798 1.614964 -1.501142 -0.000002 -0.000009 -0.000024
 29   8.824059 0.150544 0.091743 -0.057566 -0.280031 -0.479631
 30   2.060302 -0.705715 1.784320 -0.061992 0.015214 -0.252054
 31   1.965035 -0.905050 -1.853599 -0.061962 0.016422 -0.256795
 32   -0.810489 -0.093824 3.127092 0.296383 -3.054892 -0.183745
 33   14.298673 -0.408176 0.475484 -0.039421 -0.141939 -0.148266
 34   15.835795 0.581398 0.242756 0.048482 0.009152 -0.172667
 35   -0.815868 -0.091229 -3.114430 0.008902 3.088316 0.047704
 36   14.294526 -0.410349 -0.463635 -0.077903 0.082682 -1.929646
 37   15.834409 0.579420 -0.284600 0.220426 0.254894 -0.266958
 38   1.420944 -3.211554 -2.917566 0.120843 -0.223189 0.324596
 39   -4.457742 -1.054854 -0.746180 -0.000803 -0.009480 0.008189
 40   0.657149 -3.934159 2.932593 0.109329 -0.266221 0.415626
 41   -4.433840 -1.059130 0.959566 0.079709 -0.122698 -0.012368
 42   -0.407460 1.935591 -2.680801 0.018984 -0.012632 -0.101458
 43   -0.457030 1.897803 2.877190 0.018979 -0.012630 -0.101458
time 63
  0   -0.463625 0.433607 -1.491862 0.000000 0.000000 -1.571069
  1   -1.093036 0.000002 -0.326057 -1.596696 -1.682018 0.026104
  2   2.262337 0.113614 0.064702 -0.134700 -0.007597 -0.104426
  3   2.380047 0.353302 0.047440 -0.209564 -0.001227 0.079745
  4   2.033756 0.190472 -0.000128 -0.129274 -0.025251 -0.133559
  5   2.451511 0.204909 -0.003447 -0.055065 -0.077007 -0.046621
  6   7.247600 -0.397300 -0.109469 0.000001 0.000021 0.156829
  7   -2.022252 -0.104661 3.136172 2.088464 -1.447159 -5.280015
  8   1.168026 -0.537438 -0.063437 -0.587578 0.362480 1.081880
  9   6.790376 -0.619176 0.015206 0.036348 0.037090 -0.965306
 10   8.637599 0.544015 -0.090417 -1.201032 -0.262335 -0.548852
 11   6.790465 -0.619039 0.017802 0.029672 0.011288 -0.691147
 12   -2.022474 -0.104699 -2.873818 -2.607530 1.412098 -5.778717
 13   1.167898 -0.537463 0.063297 0.426474 -0.657386 -0.055178
 14   7.002743 -0.617765 -0.183752 0.002564 -0.096795 -1.269017
 15   8.209042 0.615527 -0.255885 1.929821 0.196652 -0.266295
 16   7.002735 -0.617911 -0.183641 0.002953 -0.062159 -0.906642
 17   1.574674 0.609930 -0.000899 0.490691 -0.167814 0.492017
 18   -0.602177 0.511412 -0.000006 0.000000 0.000000 0.000000
 19   3.673773 0.177020 1.119313 -0.000002 -0.000014 -0.174510
 20   3.673767 0.176993 -1.117566 0.000007 -0.000003 -0.174546
 21   3.942357 1.330634 1.627658 0.000002 -0.000011 -0.000026
 22   -0.246060 -0.011889 0.516521 -0.000011 0.000031 0.000025
 23   3.938468 1.330659 -1.631083 0.000019 0.000002 -0.000024
 24   -0.246150 -0.011872 -0.516511 -0.000005 -0.000006 0.000048
 25   4.941364 1.997338 1.629330 0.000018 -0.000001 -0.000024
 26   4.941382 1.997366 -1.629410 -0.000001 0.000005 -0.000024
 27   2.918368 1.615358 1.514501 -0.000019 -0.000022 -0.000050
 28   2.920798 1.614964 -1.501142 -0.000002 -0.000009 -0.000024
 29   8.824059 0.150544 0.091743 -0.057655 -0.284494 -0.480221
 30   2.060302 -0.705715 1.784320 -0.062236 0.015214 -0.250618
 31   1.972848 -0.905050 -1.853599 -0.062207 0.016370 -0.254957
 32   -0.810489 -0.093824 3.127092 0.296197 -3.054987 -0.184086
 33   14.298673 -0.408176 0.475484 -0.039385 -0.141978 -0.148663
 34   15.835795 0.581398 0.242756 0.049034 0.009420 -0.172446
 35   -0.815868 -0.091229 -3.114430 0.008902 3.088316 0.048087
 36   14.294526 -0.410349 -0.463635 -0.077951 0.082706 -1.929878
 37   15.834409 0.579420 -0.284600 0.220426 0.254843 -0.266755
 38   1.424850 -3.211554 -2.917566 0.123032 -0.226105 0.335471
 39   -4.457742 -1.054854 -0.746180 -0.000611 -0.008629 0.007011
 40   0.653243 -3.941972 2.932593 0.110550 -0.266498 0.426806
 41   -4.433840 -1.059130 0.959566 0.080188 -0.124736 -0.012396
 42   -0.391835 1.959029 -2.680801 0.019127 -0.012785 -0.111830
 43   -0.445311 1.921241 2.877190 0.019141 -0.012787 -0.111830
time 64
  0   -0.463625 0.433607 -1.491862 0.000000 0.000000 -1.571069
  1   -1.093036 0.000002 -0.326057 -1.597325 -1.681879 0.026733
  2   2.262337 0.113614 0.064702 -0.134700 -0.007609 -0.104462
  3   2.380047 0.353302 0.047440 -0.209549 -0.001227 0.079745
  4   2.033756 0.190472 -0.000128 -0.129274 -0.025239 -0.133595
  5   2.451511 0.204909 -0.003447 -0.055065 -0.077007 -0.046621
  6   7.247600 -0.397300 -0.109469 0.000001 0.000021 0.156829
  7   -2.022252 -0.104661 3.136172 2.083096 -1.447505 -5.275131
  8   1.168026 -0.537438 -0.063437 -0.592767 0.365197 1.081121
  9   6.790376 -0.619176 0.015206 0.036348 0.037090 -0.965004
 10   8.637599 0.544015 -0.090417 -1.201032 -0.262335 -0.548852
 11   6.790465 -0.619039 0.017802 0.029643 0.011231 -0.690974
 12   -2.022474 -0.104699 -2.873818 -2.606285 1.412998 -5.777568
 13   1.167898 -0.537463 0.063297 0.426474 -0.655962 -0.055541
 14   7.002743 -0.617765 -0.183752 0.002564 -0.096795 -1.268852
 15   8.209042 0.615527 -0.255885 1.929821 0.196652 -0.266295
 16   7.002735 -0.617911 -0.183641 0.002953 -0.062159 -0.906477
 17   1.574674 0.609930 -0.000899 0.490691 -0.167885 0.492128
 18   -0.602177 0.511412 -0.000006 0.000000 0.000000 0.000000
 19   3.677679 0.177020 1.119313 -0.000002 -0.000014 -0.174510
 20   3.673767 0.176993 -1.117566 0.000007 -0.000003 -0.174546
 21   3.942357 1.330634 1.627658 0.000002 -0.000011 -0.000026
 22   -0.246060 -0.011889 0.516521 -0.000011 0.000031 0.000025
 23   3.942374 1.330659 -1.631083 0.000019 0.000002 -0.000024
 24   -0.246150 -0.011872 -0.516511 -0.000005 -0.000006 0.000048
 25   4.941364 1.997338 1.629330 0.000018 -0.000001 -0.000024
 26   4.941382 1.997366 -1.629410 -0.000001 0.000005 -0.000024
 27   2.918368 1.615358 1.514501 -0.000019 -0.000022 -0.000050
 28   2.920798 1.614964 -1.501142 -0.000002 -0.000009 -0.000024
 29   8.824059 0.150544 0.091743 -0.057744 -0.288482 -0.480704
 30   2.060302 -0.697902 1.784320 -0.062453 0.015214 -0.249267
 31   1.972848 -0.905050 -1.853599 -0.062437 0.016318 -0.253174
 32   -0.810489 -0.093824 3.127092 0.295917 -3.054987 -0.184656
 33   14.298673 -0.408176 0.475484 -0.039361 -0.142016 -0.149060
 34   15.835795 0.581398 0.242756 0.049609 0.009713 -0.172358
 35   -0.815868 -0.091229 -3.114430 0.008902 3.088223 0.048470
 36   14.294526 -0.410349 -0.463635 -0.077987 0.082718 -1.930187
 37   15.834409 0.579420 -0.284600 0.220426 0.254843 -0.266450
 38   1.424850 -3.211554 -2.917566 0.124947 -0.228696 0.345735
 39   -4.457742 -1.054854 -0.746180 -0.000455 -0.007670 0.005862
 40   0.653243 -3.945878 2.924780 0.111602 -0.266703 0.436887
 41   -4.433840 -1.059130 0.959566 0.080583 -0.126509 -0.012396
 42   -0.372303 1.982467 -2.680801 0.019283 -0.012954 -0.122243
 43   -0.421873 1.940773 2.877190 0.019291 -0.012943 -0.122243
time 65
  0   -0.463625 0.433607 -1.491862 0.000000 0.000000 -1.571069
  1   -1.093036 0.000002 -0.326057 -1.598058 -1.681694 0.027217
  2   2.262337 0.113614 0.064702 -0.134650 -0.007621 -0.104498
  3   2.380047 0.353302 0.047440 -0.209519 -0.001227 0.079704
  4   2.033756 0.190472 -0.000128 -0.129219 -0.025227 -0.133595
  5   2.451511 0.204909 -0.003447 -0.055065 -0.077007 -0.046621
  6   7.247600 -0.397300 -0.109469 0.000001 0.000021 0.156829
  7   -2.022252 -0.104661 3.136172 2.077728 -1.447851 -5.269872
  8   1.168026 -0.537438 -0.063437 -0.597513 0.367763 1.080172
  9   6.790376 -0.619176 0.015206 0.036348 0.037023 -0.964702
 10   8.637599 0.544015 -0.090417 -1.201032 -0.262335 -0.548852
 11   6.790465 -0.619039 0.017802 0.029643 0.011203 -0.690743
 12   -2.022474 -0.104699 -2.873818 -2.604943 1.413956 -5.776706
 13   1.167898 -0.537463 0.063297 0.426333 -0.654538 -0.055904
 14   7.002743 -0.617765 -0.183752 0.002507 -0.096795 -1.268439
 15   8.209042 0.615527 -0.255885 1.929821 0.196652 -0.266295
 16   7.002735 -0.617911 -0.183641 0.002953 -0.062159 -0.906311
 17   1.574674 0.609930 -0.000899 0.490691 -0.167956 0.492202
 18   -0.602177 0.511412 -0.000006 0.000000 0.000000 0.000000
 19   3.673773 0.177020 1.119313 -0.000002 -0.000014 -0.174510
 20   3.677673 0.176993 -1.117566 0.000007 -0.000003 -0.174546
 21   3.942357 1.330634 1.627658 0.000002 -0.000011 -0.000026
 22   -0.246060 -0.011889 0.516521 -0.000011 0.000031 0.000025
 23   3.942374 1.330659 -1.631083 0.000019 0.000002 -0.000024
 24   -0.246150 -0.011872 -0.516511 -0.000005 -0.000006 0.000048
 25   4.941364 1.997338 1.629330 0.000018 -0.000001 -0.000024
 26   4.941382 1.997366 -1.629410 -0.000001 0.000005 -0.000024
 27   2.918368 1.615358 1.514501 -0.000019 -0.000022 -0.000050
 28   2.920798 1.614964 -1.501142 -0.000002 -0.000009 -0.000024
 29   8.824059 0.150544 0.091743 -0.057833 -0.291900 -0.481026
 30   2.068115 -0.697902 1.784320 -0.062629 0.015214 -0.247980
 31   1.972848 -0.905050 -1.853599 -0.062605 0.016240 -0.251391
 32   -0.810489 -0.093824 3.127092 0.295824 -3.054987 -0.184940
 33   14.298673 -0.408176 0.475484 -0.039337 -0.142029 -0.149457
 34   15.835795 0.581398 0.242756 0.050115 0.010079 -0.172270
 35   -0.815868 -0.091229 -3.114430 0.008902 3.088223 0.048854
 36   14.294526 -0.410349 -0.463635 -0.078023 0.082729 -1.930496
 37   15.834409 0.579420 -0.284600 0.220426 0.254843 -0.266248
 38   1.432663 -3.203741 -2.917566 0.126631 -0.230925 0.355449
 39   -4.457742 -1.054854 -0.746180 -0.000324 -0.006639 0.004768
 40   0.653243 -3.957597 2.924780 0.112528 -0.266835 0.445440
 41   -4.433840 -1.059130 0.959566 0.080955 -0.128055 -0.012396
 42   -0.352771 2.001999 -2.680801 0.019451 -0.013107 -0.132740
 43   -0.410154 1.960305 2.877190 0.019441 -0.013100 -0.132740
time 66
  0   -0.463625 0.433607 -1.491862 0.000000 0.000000 -1.571069
  1   -1.093036 0.000002 -0.326057 -1.598425 -1.681555 0.027749
  2   2.262337 0.113614 0.064702 -0.134650 -0.007621 -0.104516
  3   2.380047 0.353302 0.047440 -0.209504 -0.001227 0.079704
  4   2.033756 0.190472 -0.000128 -0.129219 -0.025215 -0.133740
  5   2.451511 0.204909 -0.003447 -0.055065 -0.077007 -0.046670
  6   7.247600 -0.397300 -0.109469 0.000001 0.000021 0.156829
  7   -2.022252 -0.104661 3.136172 2.072360 -1.448197 -5.265082
  8   1.168026 -0.537438 -0.063437 -0.602259 0.370329 1.079160
  9   6.790376 -0.619176 0.015206 0.036348 0.037023 -0.964476
 10   8.637599 0.544015 -0.090417 -1.201032 -0.262335 -0.548852
 11   6.790465 -0.619039 0.017802 0.029643 0.011203 -0.690455
 12   -2.022474 -0.104699 -2.873818 -2.603506 1.414768 -5.775749
 13   1.167898 -0.537463 0.063297 0.426333 -0.653165 -0.056328
 14   7.002743 -0.617765 -0.183752 0.002507 -0.096795 -1.268109
 15   8.209042 0.615527 -0.255885 1.929821 0.196652 -0.266295
 16   7.002735 -0.617911 -0.183641 0.002953 -0.062159 -0.906035
 17   1.574674 0.609930 -0.000899 0.490691 -0.168027 0.492350
 18   -0.602177 0.511412 -0.000006 0.000000 0.000000 0.000000
 19   3.673773 0.177020 1.119313 -0.000002 -0.000014 -0.174510
 20   3.673767 0.176993 -1.117566 0.000007 -0.000003 -0.174546
 21   3.942357 1.330634 1.627658 0.000002 -0.000011 -0.000026
 22   -0.246060 -0.011889 0.516521 -0.000011 0.000031 0.000025
 23   3.942374 1.330659 -1.631083 0.000019 0.000002 -0.000024
 24   -0.246150 -0.011872 -0.516511 -0.000005 -0.000006 0.000048
 25   4.941364 1.997338 1.629330 0.000018 -0.000001 -0.000024
 26   4.941382 1.997366 -1.629410 -0.000001 0.000005 -0.000024
 27   2.918368 1.615358 1.514501 -0.000019 -0.000022 -0.000050
 28   2.920798 1.614964 -1.501142 -0.000002 -0.000009 -0.000024
 29   8.824059 0.150544 0.091743 -0.057833 -0.294748 -0.481186
 30   2.072021 -0.697902 1.784320 -0.062765 0.015214 -0.246758
 31   1.972848 -0.905050 -1.853599 -0.062743 0.016188 -0.249626
 32   -0.810489 -0.093824 3.127092 0.295451 -3.055083 -0.185453
 33   14.298673 -0.408176 0.475484 -0.039313 -0.142068 -0.149854
 34   15.835795 0.581398 0.242756 0.050667 0.010445 -0.172049
 35   -0.815868 -0.091229 -3.114430 0.008990 3.088129 0.049237
 36   14.294526 -0.410349 -0.463635 -0.078059 0.082741 -1.930805
 37   15.834409 0.579420 -0.284600 0.220426 0.254843 -0.266096
 38   1.432663 -3.203741 -2.917566 0.128063 -0.232805 0.364552
 39   -4.457742 -1.054854 -0.746180 -0.000204 -0.005525 0.003674
 40   0.653243 -3.965410 2.920874 0.113286 -0.266956 0.452710
 41   -4.433840 -1.059130 0.959566 0.081231 -0.129362 -0.012424
 42   -0.329333 2.025437 -2.680801 0.019595 -0.013276 -0.143321
 43   -0.390622 1.983743 2.877190 0.019591 -0.013273 -0.143321
time 67
  0   -0.463625 0.433607 -1.491862 0.000000 0.000000 -1.571069
  1   -1.093036 0.000002 -0.326057 -1.598897 -1.681370 0.028281
  2   2.262337 0.113614 0.064702 -0.134650 -0.007621 -0.104516
  3   2.380047 0.353302 0.047440 -0.209489 -0.001227 0.079643
  4   2.033756 0.190472 -0.000128 -0.129219 -0.025204 -0.133740
  5   2.451511 0.204909 -0.003447 -0.055065 -0.076994 -0.046670
  6   7.247600 -0.397300 -0.109469 0.000001 0.000021 0.156829
  7   -2.022252 -0.104661 3.136172 2.067567 -1.448514 -5.260293
  8   1.168026 -0.537438 -0.063437 -0.606562 0.372593 1.078401
  9   6.790376 -0.619176 0.015206 0.036348 0.037023 -0.964174
 10   8.637599 0.544015 -0.090417 -1.201032 -0.262335 -0.548852
 11   6.790465 -0.619039 0.017802 0.029643 0.011203 -0.690282
 12   -2.022474 -0.104699 -2.873818 -2.602261 1.415581 -5.774600
 13   1.167898 -0.537463 0.063297 0.426333 -0.651792 -0.056691
 14   7.002743 -0.617765 -0.183752 0.002507 -0.096738 -1.267944
 15   8.209042 0.615527 -0.255885 1.929821 0.196652 -0.266295
 16   7.002735 -0.617911 -0.183641 0.002953 -0.062159 -0.905814
 17   1.574674 0.609930 -0.000899 0.490691 -0.168098 0.492424
 18   -0.602177 0.511412 -0.000006 0.000000 0.000000 0.000000
 19   3.673773 0.177020 1.119313 -0.000002 -0.000014 -0.174510
 20   3.673767 0.176993 -1.117566 0.000007 -0.000003 -0.174546
 21   3.942357 1.330634 1.627658 0.000002 -0.000011 -0.000026
 22   -0.246060 -0.011889 0.516521 -0.000011 0.000031 0.000025
 23   3.942374 1.330659 -1.631083 0.000019 0.000002 -0.000024
 24   -0.246150 -0.011872 -0.516511 -0.000005 -0.000006 0.000048
 25   4.941364 1.997338 1.629330 0.000018 -0.000001 -0.000024
 26   4.941382 1.997366 -1.629410 -0.000001 0.000005 -0.000024
 27   2.918368 1.615358 1.514501 -0.000019 -0.000022 -0.000050
 28   2.920798 1.614964 -1.501142 -0.000002 -0.000009 -0.000024
 29   8.824059 0.150544 0.091743 -0.057833 -0.297027 -0.481294
 30   2.072021 -0.697902 1.784320 -0.062887 0.015214 -0.245643
 31   1.976754 -0.905050 -1.853599 -0.062881 0.016137 -0.247897
 32   -0.810489 -0.093824 3.127092 0.295358 -3.055083 -0.185908
 33   14.298673 -0.408176 0.475484 -0.039289 -0.142094 -0.150092
 34   15.835795 0.581398 0.242756 0.051173 0.010860 -0.171961
 35   -0.815868 -0.091229 -3.114430 0.008990 3.088129 0.049621
 36   14.294526 -0.410349 -0.463635 -0.078095 0.082741 -1.931114
 37   15.834409 0.579420 -0.284600 0.220366 0.254817 -0.265893
 38   1.436569 -3.203741 -2.917566 0.129157 -0.234287 0.372983
 39   -4.457742 -1.054854 -0.746180 -0.000120 -0.004290 0.002664
 40   0.653243 -3.965410 2.920874 0.113918 -0.267004 0.458453
 41   -4.433840 -1.059130 0.959566 0.081446 -0.130380 -0.012424
 42   -0.317614 2.044969 -2.672988 0.019739 -0.013414 -0.153985
 43   -0.371090 2.007181 2.877190 0.019716 -0.013430 -0.153985
time 68
  0   -0.463625 0.433607 -1.491862 0.000000 0.000000 -1.571069
  1   -1.093036 0.000002 -0.326057 -1.599578 -1.681231 0.028765
  2   2.262337 0.113614 0.064702 -0.134599 -0.007621 -0.104534
  3   2.380047 0.353302 0.047440 -0.209474 -0.001227 0.079643
  4   2.033756 0.190472 -0.000128 -0.129219 -0.025204 -0.133740
  5   2.451511 0.204909 -0.003447 -0.055065 -0.076994 -0.046720
  6   7.247600 -0.397300 -0.109469 0.000001 0.000021 0.156829
  7   -2.022252 -0.104661 3.136172 2.062391 -1.448860 -5.255691
  8   1.168026 -0.537438 -0.063437 -0.610865 0.374958 1.077452
  9   6.790376 -0.619176 0.015206 0.036348 0.036889 -0.963872
 10   8.637599 0.544015 -0.090417 -1.201032 -0.262335 -0.548852
 11   6.790465 -0.619039 0.017802 0.029643 0.011146 -0.690109
 12   -2.022474 -0.104699 -2.873818 -2.601015 1.416394 -5.773547
 13   1.167898 -0.537463 0.063297 0.426333 -0.650521 -0.056994
 14   7.002743 -0.617765 -0.183752 0.002507 -0.096738 -1.267614
 15   8.209042 0.615527 -0.255885 1.929821 0.196652 -0.266295
 16   7.002735 -0.617911 -0.183641 0.002953 -0.062159 -0.905704
 17   1.574674 0.609930 -0.000899 0.490854 -0.168169 0.492461
 18   -0.602177 0.511412 -0.000006 0.000000 0.000000 0.000000
 19   3.673773 0.177020 1.119313 -0.000002 -0.000014 -0.174510
 20   3.677673 0.176993 -1.117566 0.000007 -0.000003 -0.174546
 21   3.942357 1.330634 1.627658 0.000002 -0.000011 -0.000026
 22   -0.246060 -0.011889 0.516521 -0.000011 0.000031 0.000025
 23   3.942374 1.330659 -1.631083 0.000019 0.000002 -0.000024
 24   -0.246150 -0.011872 -0.516511 -0.000005 -0.000006 0.000048
 25   4.941364 1.997338 1.629330 0.000018 -0.000001 -0.000024
 26   4.941382 1.997366 -1.629410 -0.000001 0.000005 -0.000024
 27   2.918368 1.615358 1.514501 -0.000019 -0.000022 -0.000050
 28   2.920798 1.614964 -1.501142 -0.000002 -0.000009 -0.000024
 29   8.824059 0.150544 0.091743 -0.057833 -0.298713 -0.481455
 30   2.072021 -0.697902 1.784320 -0.062968 0.015214 -0.244614
 31   1.976754 -0.905050 -1.853599 -0.062958 0.016059 -0.246205
 32   -0.810489 -0.093824 3.127092 0.295078 -3.055179 -0.186420
 33   14.298673 -0.408176 0.475484 -0.039265 -0.142120 -0.150489
 34   15.835795 0.581398 0.242756 0.051679 0.011299 -0.171961
 35   -0.815868 -0.091229 -3.114430 0.008990 3.088129 0.050004
 36   14.294526 -0.410349 -0.463635 -0.078119 0.082753 -1.931191
 37   15.834409 0.579420 -0.284600 0.220347 0.254817 -0.265741
 38   1.436569 -3.203741 -2.917566 0.129978 -0.235384 0.380742
 39   -4.457742 -1.054854 -0.746180 -0.000048 -0.002960 0.001739
 40   0.653243 -3.969316 2.913061 0.114339 -0.267028 0.462730
 41   -4.433840 -1.059130 0.959566 0.081602 -0.131123 -0.012424
 42   -0.298082 2.068407 -2.672988 0.019858 -0.013552 -0.164650
 43   -0.359371 2.034526 2.877190 0.019866 -0.013555 -0.164650
time 69
  0   -0.463625 0.433607 -1.491862 0.000000 0.000000 -1.571069
  1   -1.093036 0.000002 -0.326057 -1.599840 -1.681092 0.029104
  2   2.262337 0.113614 0.064702 -0.134599 -0.007621 -0.104571
  3   2.380047 0.353302 0.047440 -0.209459 -0.001227 0.079602
  4   2.033756 0.190472 -0.000128 -0.129219 -0.025204 -0.133740
  5   2.451511 0.204909 -0.003447 -0.055065 -0.076994 -0.046720
  6   7.247600 -0.397300 -0.109469 0.000001 0.000021 0.156829
  7   -2.022252 -0.104661 3.136172 2.057790 -1.449148 -5.251089
  8   1.168026 -0.537438 -0.063437 -0.614915 0.377021 1.076693
  9   6.790376 -0.619176 0.015206 0.036348 0.036823 -0.963570
 10   8.637599 0.544015 -0.090417 -1.201032 -0.262335 -0.548852
 11   6.790465 -0.619039 0.017802 0.029643 0.011146 -0.689936
 12   -2.022474 -0.104699 -2.873818 -2.599482 1.417177 -5.772685
 13   1.167898 -0.537463 0.063297 0.426263 -0.648995 -0.057357
 14   7.002743 -0.617765 -0.183752 0.002507 -0.096738 -1.267284
 15   8.209042 0.615527 -0.255885 1.929821 0.196652 -0.266295
 16   7.002735 -0.617911 -0.183641 0.002953 -0.062046 -0.905483
 17   1.574674 0.609930 -0.000899 0.490854 -0.168169 0.492498
 18   -0.602177 0.511412 -0.000006 0.000000 0.000000 0.000000
 19   3.673773 0.177020 1.119313 -0.000002 -0.000014 -0.174510
 20   3.677673 0.176993 -1.117566 0.000007 -0.000003 -0.174546
 21   3.942357 1.330634 1.627658 0.000002 -0.000011 -0.000026
 22   -0.246060 -0.011889 0.516521 -0.000011 0.000031 0.000025
 23   3.942374 1.330659 -1.631083 0.000019 0.000002 -0.000024
 24   -0.246150 -0.011872 -0.516511 -0.000005 -0.000006 0.000048
 25   4.941364 1.997338 1.629330 0.000018 -0.000001 -0.000024
 26   4.941382 1.997366 -1.629410 -0.000001 0.000005 -0.000024
 27   2.918368 1.615358 1.514501 -0.000019 -0.000022 -0.000050
 28   2.920798 1.614964 -1.501142 -0.000002 -0.000009 -0.000024
 29   8.824059 0.150544 0.091743 -0.057833 -0.299710 -0.481455
 30   2.079834 -0.693996 1.784320 -0.063009 0.015214 -0.243692
 31   1.976754 -0.905050 -1.853599 -0.063004 0.015955 -0.244531
 32   -0.810489 -0.093824 3.127092 0.294892 -3.055179 -0.186762
 33   14.298673 -0.408176 0.475484 -0.039241 -0.142146 -0.150886
 34   15.835795 0.581398 0.242756 0.052231 0.011836 -0.171873
 35   -0.815868 -0.091229 -3.114430 0.008990 3.087941 0.050388
 36   14.294526 -0.410349 -0.463635 -0.078143 0.082753 -1.931500
 37   15.834409 0.579420 -0.284600 0.220347 0.254766 -0.265741
 38   1.444382 -3.203741 -2.917566 0.130483 -0.236047 0.387707
 39   -4.457742 -1.054854 -0.746180 -0.000012 -0.001522 0.000813
 40   0.653243 -3.969316 2.913061 0.114591 -0.267040 0.465296
 41   -4.433840 -1.059130 0.959566 0.081710 -0.131603 -0.012424
 42   -0.278550 2.095752 -2.672988 0.019990 -0.013705 -0.175398
 43   -0.339839 2.054058 2.877190 0.019991 -0.013697 -0.175398
time 70
  0   -0.463625 0.433607 -1.491862 0.000000 0.000000 -1.571069
  1   -1.093036 0.000002 -0.326057 -1.600364 -1.681046 0.029491
  2   2.262337 0.113614 0.064702 -0.134599 -0.007621 -0.104589
  3   2.380047 0.353302 0.047440 -0.209459 -0.001227 0.079602
  4   2.033756 0.190472 -0.000128 -0.129219 -0.025204 -0.133740
  5   2.451511 0.204909 -0.003447 -0.055065 -0.076994 -0.046720
  6   7.247600 -0.397300 -0.109469 0.000001 0.000021 0.156829
  7   -2.022252 -0.104661 3.136172 2.053284 -1.449379 -5.246769
  8   1.168026 -0.537438 -0.063437 -0.618775 0.379134 1.075807
  9   6.790376 -0.619176 0.015206 0.036348 0.036823 -0.963419
 10   8.637599 0.544015 -0.090417 -1.201032 -0.262335 -0.548852
 11   6.790465 -0.619039 0.017802 0.029643 0.011089 -0.689763
 12   -2.022474 -0.104699 -2.873818 -2.598524 1.417903 -5.771632
 13   1.167898 -0.537463 0.063297 0.426263 -0.647572 -0.057720
 14   7.002743 -0.617765 -0.183752 0.002507 -0.096738 -1.266954
 15   8.209042 0.615527 -0.255885 1.929821 0.196652 -0.266295
 16   7.002735 -0.617911 -0.183641 0.002953 -0.062046 -0.905262
 17   1.574674 0.609930 -0.000899 0.490854 -0.168240 0.492572
 18   -0.602177 0.511412 -0.000006 0.000000 0.000000 0.000000
 19   3.673773 0.177020 1.119313 -0.000002 -0.000014 -0.174510
 20   3.677673 0.176993 -1.117566 0.000007 -0.000003 -0.174546
 21   3.942357 1.330634 1.627658 0.000002 -0.000011 -0.000026
 22   -0.246060 -0.011889 0.516521 -0.000011 0.000031 0.000025
 23   3.942374 1.330659 -1.631083 0.000019 0.000002 -0.000024
 24   -0.246150 -0.011872 -0.516511 -0.000005 -0.000006 0.000048
 25   4.941364 1.997338 1.629330 0.000018 -0.000001 -0.000024
 26   4.941382 1.997366 -1.629410 -0.000001 0.000005 -0.000024
 27   2.918368 1.615358 1.514501 -0.000019 -0.000022 -0.000050
 28   2.920798 1.614964 -1.501142 -0.000002 -0.000009 -0.000024
 29   8.824059 0.150544 0.091743 -0.057833 -0.300090 -0.481455
 30   2.079834 -0.693996 1.784320 -0.063009 0.015214 -0.242855
 31   1.976754 -0.905050 -1.853599 -0.063019 0.015878 -0.242930
 32   -0.810489 -0.093824 3.127092 0.294799 -3.055179 -0.187160
 33   14.298673 -0.408176 0.475484 -0.039229 -0.142184 -0.151204
 34   15.835795 0.581398 0.242756 0.052760 0.012422 -0.171785
 35   -0.815868 -0.091229 -3.114430 0.008990 3.087941 0.050771
 36   14.294526 -0.410349 -0.463635 -0.078167 0.082753 -1.931809
 37   15.834409 0.579420 -0.284600 0.220347 0.254766 -0.265589
 38   1.444382 -3.203741 -2.917566 0.130673 -0.236263 0.393938
 39   -4.457742 -1.054854 -0.746180 0.000000 0.000000 0.000000
 40   0.653243 -3.969316 2.913061 0.114675 -0.267040 0.466090
 41   -4.433840 -1.059130 0.959566 0.081734 -0.131759 -0.012424
 42   -0.255112 2.119190 -2.672988 0.020110 -0.013828 -0.186146
 43   -0.320307 2.077496 2.877190 0.020128 -0.013854 -0.186146
time 71
  0   -0.463625 0.433607 -1.491862 0.000000 0.000000 -1.571069
  1   -1.093036 0.000002 -0.326057 -1.600574 -1.680953 0.029878
  2   2.262337 0.113614 0.064702 -0.134560 -0.007633 -0.104589
  3   2.380047 0.353302 0.047440 -0.209444 -0.001227 0.079541
  4   2.033756 0.190472 -0.000128 -0.129219 -0.025204 -0.133740
  5   2.451511 0.204909 -0.003447 -0.055065 -0.076994 -0.046720
  6   7.247600 -0.397300 -0.109469 0.000001 0.000021 0.156829
  7   -2.022252 -0.104661 3.136172 2.048970 -1.449696 -5.242543
  8   1.168026 -0.537438 -0.063437 -0.622129 0.380895 1.075048
  9   6.790376 -0.619176 0.015206 0.036348 0.036823 -0.963193
 10   8.637599 0.544015 -0.090417 -1.201032 -0.262335 -0.548852
 11   6.790465 -0.619039 0.017802 0.029643 0.011089 -0.689763
 12   -2.022474 -0.104699 -2.873818 -2.596991 1.418628 -5.770674
 13   1.167898 -0.537463 0.063297 0.426052 -0.646148 -0.058023
 14   7.002743 -0.617765 -0.183752 0.002507 -0.096568 -1.266789
 15   8.209042 0.615527 -0.255885 1.929821 0.196652 -0.266295
 16   7.002735 -0.617911 -0.183641 0.002953 -0.061990 -0.905152
 17   1.574674 0.609930 -0.000899 0.490935 -0.168240 0.492609
 18   -0.602177 0.511412 -0.000006 0.000000 0.000000 0.000000
 19   3.673773 0.177020 1.119313 -0.000002 -0.000014 -0.174510
 20   3.673767 0.176993 -1.117566 0.000007 -0.000003 -0.174546
 21   3.942357 1.330634 1.627658 0.000002 -0.000011 -0.000026
 22   -0.246060 -0.011889 0.516521 -0.000011 0.000031 0.000025
 23   3.942374 1.330659 -1.631083 0.000019 0.000002 -0.000024
 24   -0.246150 -0.011872 -0.516511 -0.000005 -0.000006 0.000048
 25   4.941364 1.997338 1.629330 0.000018 -0.000001 -0.000024
 26   4.941382 1.997366 -1.629410 -0.000001 0.000005 -0.000024
 27   2.918368 1.615358 1.514501 -0.000019 -0.000022 -0.000050
 28   2.920798 1.614964 -1.501142 -0.000002 -0.000009 -0.000024
 29   8.824059 0.150544 0.091743 -0.057744 -0.299520 -0.481347
 30   2.079834 -0.693996 1.784320 -0.062887 0.015359 -0.242083
 31   1.976754 -0.905050 -1.853599 -0.062958 0.015722 -0.241347
 32   -0.810489 -0.093824 3.127092 0.294426 -3.055274 -0.187616
 33   14.298673 -0.408176 0.475484 -0.039206 -0.142197 -0.151442
 34   15.835795 0.581398 0.242756 0.053266 0.012983 -0.171652
 35   -0.815868 -0.091229 -3.114430 0.009078 3.087941 0.051154
 36   14.294526 -0.410349 -0.463635 -0.078179 0.082753 -1.932118
 37   15.834409 0.579420 -0.284600 0.220307 0.254766 -0.265386
 38   1.436569 -3.211554 -2.917566 0.130420 -0.235902 0.399681
 39   -4.457742 -1.054854 -0.746180 -0.000096 0.001726 -0.000757
 40   0.653243 -3.969316 2.913061 0.114381 -0.266631 0.466029
 41   -4.433840 -1.059130 0.959566 0.081590 -0.131531 -0.012424
 42   -0.235580 2.138722 -2.672988 0.020254 -0.013966 -0.196936
 43   -0.304682 2.100934 2.877190 0.020253 -0.013963 -0.196936
time 72
  0   -0.463625 0.433607 -1.491862 0.000000 0.000000 -1.571069
  1   -1.093036 0.000002 -0.326057 -1.600993 -1.680814 0.030120
  2   2.262337 0.113614 0.064702 -0.134548 -0.007645 -0.104589
  3   2.380047 0.353302 0.047440 -0.209429 -0.001227 0.079541
  4   2.033756 0.190472 -0.000128 -0.129219 -0.025192 -0.133740
  5   2.451511 0.204909 -0.003447 -0.055065 -0.076968 -0.046720
  6   7.247600 -0.397300 -0.109469 0.000001 0.000021 0.156829
  7   -2.022252 -0.104661 3.136172 2.044849 -1.449984 -5.238692
  8   1.168026 -0.537438 -0.063437 -0.625483 0.382656 1.074352
  9   6.790376 -0.619176 0.015206 0.036348 0.036823 -0.963042
 10   8.637599 0.544015 -0.090417 -1.201032 -0.262335 -0.548852
 11   6.790465 -0.619039 0.017802 0.029643 0.011089 -0.689532
 12   -2.022474 -0.104699 -2.873818 -2.596129 1.419325 -5.769813
 13   1.167898 -0.537463 0.063297 0.426052 -0.644673 -0.058386
 14   7.002743 -0.617765 -0.183752 0.002507 -0.096568 -1.266624
 15   8.209042 0.615527 -0.255885 1.929821 0.196652 -0.266295
 16   7.002735 -0.617911 -0.183641 0.002953 -0.061990 -0.904931
 17   1.574674 0.609930 -0.000899 0.490935 -0.168311 0.492683
 18   -0.602177 0.511412 -0.000006 0.000000 0.000000 0.000000
 19   3.673773 0.177020 1.119313 -0.000002 -0.000014 -0.174510
 20   3.677673 0.176993 -1.117566 0.000007 -0.000003 -0.174546
 21   3.942357 1.330634 1.627658 0.000002 -0.000011 -0.000026
 22   -0.246060 -0.011889 0.516521 -0.000011 0.000031 0.000025
 23   3.942374 1.330659 -1.631083 0.000019 0.000002 -0.000024
 24   -0.246150 -0.011872 -0.516511 -0.000005 -0.000006 0.000048
 25   4.941364 1.997338 1.629330 0.000018 -0.000001 -0.000024
 26   4.941382 1.997366 -1.629410 -0.000001 0.000005 -0.000024
 27   2.918368 1.615358 1.514501 -0.000019 -0.000022 -0.000050
 28   2.920798 1.614964 -1.501142 -0.000002 -0.000009 -0.000024
 29   8.824059 0.150544 0.091743 -0.057299 -0.297834 -0.481133
 30   2.079834 -0.693996 1.784320 -0.062453 0.015824 -0.241354
 31   1.976754 -0.905050 -1.853599 -0.062743 0.015463 -0.239782
 32   -0.810489 -0.093824 3.127092 0.294333 -3.055274 -0.187957
 33   14.298673 -0.408176 0.475484 -0.039206 -0.142223 -0.151680
 34   15.835795 0.581398 0.242756 0.053703 0.013642 -0.171608
 35   -0.815868 -0.091229 -3.114430 0.009078 3.087941 0.051538
 36   14.294526 -0.410349 -0.463635 -0.078203 0.082753 -1.932427
 37   15.834409 0.579420 -0.284600 0.220288 0.254766 -0.265386
 38   1.436569 -3.211554 -2.917566 0.129768 -0.234781 0.405302
 39   -4.457742 -1.054854 -0.746180 -0.000395 0.003691 -0.001571
 40   0.657149 -3.969316 2.913061 0.113476 -0.265353 0.465785
 41   -4.433840 -1.059130 0.959566 0.081207 -0.130860 -0.012396
 42   -0.216048 2.162160 -2.672988 0.020374 -0.014104 -0.207767
 43   -0.285150 2.120466 2.877190 0.020353 -0.014105 -0.207767
time 73
  0   -0.463625 0.433607 -1.491862 0.000000 0.000000 -1.571069
  1   -1.093036 0.000002 -0.326057 -1.601098 -1.680768 0.030410
  2   2.262337 0.113614 0.064702 -0.134548 -0.007645 -0.104589
  3   2.380047 0.353302 0.047440 -0.209429 -0.001227 0.079541
  4   2.033756 0.190472 -0.000128 -0.129182 -0.025192 -0.133740
  5   2.451511 0.204909 -0.003447 -0.055065 -0.076968 -0.046720
  6   7.247600 -0.397300 -0.109469 0.000001 0.000021 0.156829
  7   -2.022252 -0.104661 3.136172 2.040918 -1.450186 -5.234936
  8   1.168026 -0.537438 -0.063437 -0.628457 0.384115 1.073846
  9   6.790376 -0.619176 0.015206 0.036348 0.036823 -0.962891
 10   8.637599 0.544015 -0.090417 -1.201032 -0.262335 -0.548852
 11   6.790465 -0.619039 0.017802 0.029643 0.011089 -0.689417
 12   -2.022474 -0.104699 -2.873818 -2.594979 1.419935 -5.768760
 13   1.167898 -0.537463 0.063297 0.426052 -0.643249 -0.058689
 14   7.002743 -0.617765 -0.183752 0.002507 -0.096568 -1.266129
 15   8.209042 0.615527 -0.255885 1.929821 0.196652 -0.266295
 16   7.002735 -0.617911 -0.183641 0.002953 -0.061990 -0.904766
 17   1.574674 0.609930 -0.000899 0.490935 -0.168311 0.492720
 18   -0.602177 0.511412 -0.000006 0.000000 0.000000 0.000000
 19   3.673773 0.177020 1.119313 -0.000002 -0.000014 -0.174510
 20   3.673767 0.176993 -1.117566 0.000007 -0.000003 -0.174546
 21   3.942357 1.330634 1.627658 0.000002 -0.000011 -0.000026
 22   -0.246060 -0.011889 0.516521 -0.000011 0.000031 0.000025
 23   3.942374 1.330659 -1.631083 0.000019 0.000002 -0.000024
 24   -0.246150 -0.011872 -0.516511 -0.000005 -0.000006 0.000048
 25   4.941364 1.997338 1.629330 0.000018 -0.000001 -0.000024
 26   4.941382 1.997366 -1.629410 -0.000001 0.000005 -0.000024
 27   2.918368 1.615358 1.514501 -0.000019 -0.000022 -0.000050
 28   2.920798 1.614964 -1.501142 -0.000002 -0.000009 -0.000024
 29   8.824059 0.150544 0.091743 -0.056586 -0.295152 -0.480811
 30   2.083740 -0.697902 1.784320 -0.061748 0.016580 -0.240647
 31   1.984567 -0.905050 -1.853599 -0.062452 0.015101 -0.238290
 32   -0.810489 -0.093824 3.127092 0.294053 -3.055370 -0.188526
 33   14.298673 -0.408176 0.475484 -0.039194 -0.142236 -0.151839
 34   15.835795 0.581398 0.242756 0.054233 0.014374 -0.171608
 35   -0.815868 -0.091229 -3.114430 0.009078 3.087941 0.051921
 36   14.294526 -0.410349 -0.463635 -0.078215 0.082741 -1.932504
 37   15.834409 0.579420 -0.284600 0.220288 0.254766 -0.265234
 38   1.436569 -3.211554 -2.917566 0.128652 -0.232986 0.410617
 39   -4.457742 -1.054854 -0.746180 -0.000911 0.005920 -0.002328
 40   0.657149 -3.965410 2.913061 0.111960 -0.263317 0.465357
 41   -4.433840 -1.059130 0.959566 0.080559 -0.129757 -0.012368
 42   -0.196516 2.189505 -2.672988 0.020482 -0.014211 -0.218599
 43   -0.273431 2.143904 2.877190 0.020478 -0.014214 -0.218599
time 74
  0   -0.463625 0.433607 -1.491862 0.000000 0.000000 -1.571069
  1   -1.093036 0.000002 -0.326057 -1.601255 -1.680768 0.030604
  2   2.262337 0.113614 0.064702 -0.134509 -0.007645 -0.104589
  3   2.380047 0.353302 0.047440 -0.209414 -0.001227 0.079541
  4   2.033756 0.190472 -0.000128 -0.129182 -0.025180 -0.133740
  5   2.451511 0.204909 -0.003447 -0.055065 -0.076968 -0.046720
  6   7.247600 -0.397300 -0.109469 0.000001 0.000021 0.156829
  7   -2.022252 -0.104661 3.136172 2.037084 -1.450388 -5.231367
  8   1.168026 -0.537438 -0.063437 -0.630925 0.385524 1.073087
  9   6.790376 -0.619176 0.015206 0.036348 0.036823 -0.962891
 10   8.637599 0.544015 -0.090417 -1.201032 -0.262335 -0.548852
 11   6.790465 -0.619039 0.017802 0.029584 0.011089 -0.689417
 12   -2.022474 -0.104699 -2.873818 -2.593925 1.420457 -5.767898
 13   1.167898 -0.537463 0.063297 0.425841 -0.641825 -0.058931
 14   7.002743 -0.617765 -0.183752 0.002507 -0.096568 -1.265964
 15   8.209042 0.615527 -0.255885 1.929821 0.196652 -0.266295
 16   7.002735 -0.617911 -0.183641 0.003000 -0.061990 -0.904600
 17   1.574674 0.609930 -0.000899 0.491016 -0.168382 0.492720
 18   -0.602177 0.511412 -0.000006 0.000000 0.000000 0.000000
 19   3.673773 0.177020 1.119313 -0.000002 -0.000014 -0.174510
 20   3.673767 0.176993 -1.117566 0.000007 -0.000003 -0.174546
 21   3.942357 1.338447 1.627658 0.000002 -0.000011 -0.000026
 22   -0.246060 -0.011889 0.516521 -0.000011 0.000031 0.000025
 23   3.942374 1.330659 -1.631083 0.000019 0.000002 -0.000024
 24   -0.246150 -0.011872 -0.516511 -0.000005 -0.000006 0.000048
 25   4.941364 1.997338 1.629330 0.000018 -0.000001 -0.000024
 26   4.941382 1.997366 -1.629410 -0.000001 0.000005 -0.000024
 27   2.918368 1.615358 1.514501 -0.000019 -0.000022 -0.000050
 28   2.920798 1.622777 -1.501142 -0.000002 -0.000009 -0.000024
 29   8.824059 0.150544 0.091743 -0.055694 -0.291401 -0.480274
 30   2.091553 -0.697902 1.784320 -0.060785 0.017626 -0.239939
 31   1.984567 -0.905050 -1.853599 -0.062023 0.014634 -0.236816
 32   -0.810489 -0.093824 3.127092 0.294053 -3.055370 -0.188868
 33   14.298673 -0.408176 0.475484 -0.039182 -0.142249 -0.151918
 34   15.835795 0.581398 0.242756 0.054739 0.015155 -0.171652
 35   -0.815868 -0.091229 -3.114430 0.009078 3.087941 0.052414
 36   14.294526 -0.410349 -0.463635 -0.078227 0.082729 -1.932736
 37   15.834409 0.579420 -0.284600 0.220288 0.254766 -0.265234
 38   1.432663 -3.211554 -2.913660 0.127115 -0.230491 0.415810
 39   -4.457742 -1.054854 -0.746180 -0.001606 0.008365 -0.003057
 40   0.664962 -3.965410 2.920874 0.109918 -0.260473 0.464746
 41   -4.433840 -1.059130 0.959566 0.079685 -0.128259 -0.012340
 42   -0.180891 2.212943 -2.672988 0.020590 -0.014334 -0.229472
 43   -0.253899 2.171249 2.877190 0.020578 -0.014340 -0.229472
time 75
  0   -0.463625 0.433607 -1.491862 0.000000 0.000000 -1.571069
  1   -1.093036 0.000002 -0.326057 -1.601360 -1.680675 0.030604
  2   2.262337 0.113614 0.064702 -0.134509 -0.007657 -0.104589
  3   2.380047 0.353302 0.047440 -0.209414 -0.001227 0.079541
  4   2.033756 0.190472 -0.000128 -0.129182 -0.025180 -0.133740
  5   2.451511 0.204909 -0.003447 -0.055065 -0.076968 -0.046720
  6   7.247600 -0.397300 -0.109469 0.000001 0.000021 0.156829
  7   -2.022252 -0.104661 3.136172 2.033729 -1.450647 -5.228268
  8   1.168026 -0.537438 -0.063437 -0.633203 0.386631 1.072644
  9   6.790376 -0.619176 0.015206 0.036348 0.036823 -0.962740
 10   8.637599 0.544015 -0.090417 -1.201032 -0.262335 -0.548852
 11   6.790465 -0.619039 0.017802 0.029584 0.011089 -0.689417
 12   -2.022474 -0.104699 -2.873818 -2.593063 1.421008 -5.767132
 13   1.167898 -0.537463 0.063297 0.425841 -0.640299 -0.059173
 14   7.002743 -0.617765 -0.183752 0.002507 -0.096568 -1.265799
 15   8.209042 0.615527 -0.255885 1.929821 0.196652 -0.266295
 16   7.002735 -0.617911 -0.183641 0.003000 -0.061990 -0.904324
 17   1.574674 0.609930 -0.000899 0.491016 -0.168382 0.492757
 18   -0.602177 0.511412 -0.000006 0.000000 0.000000 0.000000
 19   3.673773 0.177020 1.119313 -0.000002 -0.000014 -0.174510
 20   3.673767 0.176993 -1.117566 0.000007 -0.000003 -0.174546
 21   3.942357 1.330634 1.627658 0.000002 -0.000011 -0.000026
 22   -0.246060 -0.011889 0.516521 -0.000011 0.000031 0.000025
 23   3.942374 1.330659 -1.631083 0.000019 0.000002 -0.000024
 24   -0.246150 -0.011872 -0.516511 -0.000005 -0.000006 0.000048
 25   4.941364 1.997338 1.629330 0.000018 -0.000001 -0.000024
 26   4.941382 1.997366 -1.629410 -0.000001 0.000005 -0.000024
 27   2.918368 1.615358 1.514501 -0.000019 -0.000022 -0.000050
 28   2.920798 1.614964 -1.501142 -0.000002 -0.000009 -0.000024
 29   8.824059 0.150544 0.091743 -0.054447 -0.286725 -0.479738
 30   2.091553 -0.697902 1.776507 -0.059592 0.018963 -0.239296
 31   1.984567 -0.905050 -1.853599 -0.061456 0.014064 -0.235415
 32   -0.810489 -0.093824 3.127092 0.293960 -3.055465 -0.189152
 33   14.298673 -0.408176 0.475484 -0.039194 -0.142249 -0.151839
 34   15.835795 0.581398 0.242756 0.055153 0.016009 -0.171873
 35   -0.815868 -0.091229 -3.114430 0.009078 3.087941 0.052798
 36   14.294526 -0.410349 -0.463635 -0.078227 0.082718 -1.933045
 37   15.834409 0.579420 -0.284600 0.220288 0.254766 -0.265234
 38   1.432663 -3.215460 -2.909753 0.125221 -0.227358 0.420820
 39   -4.457742 -1.054854 -0.738367 -0.002481 0.011062 -0.003758
 40   0.664962 -3.961504 2.924780 0.107350 -0.256906 0.463952
 41   -4.433840 -1.059130 0.959566 0.078558 -0.126378 -0.012256
 42   -0.161359 2.236381 -2.672988 0.020685 -0.014441 -0.240304
 43   -0.234367 2.194687 2.881096 0.020703 -0.014450 -0.240304
time 76
  0   -0.463625 0.433607 -1.491862 0.000000 0.000000 -1.571069
  1   -1.093036 0.000002 -0.326057 -1.601517 -1.680675 0.030652
  2   2.262337 0.113614 0.064702 -0.134509 -0.007657 -0.104589
  3   2.380047 0.353302 0.047440 -0.209414 -0.001227 0.079541
  4   2.033756 0.190472 -0.000128 -0.129182 -0.025180 -0.133740
  5   2.451511 0.204909 -0.003447 -0.055065 -0.076968 -0.046720
  6   7.247600 -0.397300 -0.109469 0.000001 0.000021 0.156829
  7   -2.022252 -0.104661 3.136172 2.030853 -1.450849 -5.225169
  8   1.168026 -0.537438 -0.063437 -0.634975 0.387587 1.072138
  9   6.790376 -0.619176 0.015206 0.036348 0.036823 -0.962740
 10   8.637599 0.544015 -0.090417 -1.201032 -0.262335 -0.548852
 11   6.790465 -0.619039 0.017802 0.029584 0.011089 -0.689359
 12   -2.022474 -0.104699 -2.873818 -2.592009 1.421444 -5.766270
 13   1.167898 -0.537463 0.063297 0.425841 -0.638672 -0.059415
 14   7.002743 -0.617765 -0.183752 0.002450 -0.096568 -1.265634
 15   8.209042 0.615527 -0.255885 1.929821 0.196652 -0.266295
 16   7.002735 -0.617911 -0.183641 0.003000 -0.061990 -0.904214
 17   1.574674 0.609930 -0.000899 0.491016 -0.168382 0.492757
 18   -0.602177 0.511412 -0.000006 0.000000 0.000000 0.000000
 19   3.677679 0.177020 1.119313 -0.000002 -0.000014 -0.174510
 20   3.673767 0.176993 -1.117566 0.000007 -0.000003 -0.174546
 21   3.942357 1.330634 1.627658 0.000002 -0.000011 -0.000026
 22   -0.246060 -0.011889 0.516521 -0.000011 0.000031 0.000025
 23   3.942374 1.330659 -1.631083 0.000019 0.000002 -0.000024
 24   -0.246150 -0.011872 -0.516511 -0.000005 -0.000006 0.000048
 25   4.941364 1.997338 1.629330 0.000018 -0.000001 -0.000024
 26   4.941382 1.997366 -1.629410 -0.000001 0.000005 -0.000024
 27   2.918368 1.615358 1.514501 -0.000019 -0.000022 -0.000050
 28   2.920798 1.614964 -1.501142 -0.000002 -0.000009 -0.000024
 29   8.824059 0.150544 0.091743 -0.053021 -0.281052 -0.478987
 30   2.091553 -0.697902 1.776507 -0.058141 0.020532 -0.238653
 31   1.984567 -0.897237 -1.845786 -0.060828 0.013443 -0.234014
 32   -0.810489 -0.093824 3.127092 0.294146 -3.055561 -0.189722
 33   14.298673 -0.408176 0.475484 -0.039253 -0.142223 -0.151045
 34   15.835795 0.581398 0.242756 0.055613 0.016912 -0.172490
 35   -0.815868 -0.091229 -3.114430 0.009166 3.087941 0.053291
 36   14.294526 -0.410349 -0.463635 -0.078239 0.082694 -1.933431
 37   15.834409 0.579420 -0.284600 0.220347 0.254766 -0.265234
 38   1.424850 -3.223273 -2.905847 0.122927 -0.223586 0.425585
 39   -4.465555 -1.054854 -0.738367 -0.003511 0.013938 -0.004431
 40   0.664962 -3.957597 2.924780 0.104256 -0.252616 0.462974
 41   -4.433840 -1.059130 0.959566 0.077216 -0.124088 -0.012256
 42   -0.141827 2.255913 -2.672988 0.020793 -0.014564 -0.251136
 43   -0.218742 2.218125 2.881096 0.020803 -0.014560 -0.251136
time 77
  0   -0.463625 0.433607 -1.491862 0.000000 0.000000 -1.571069
  1   -1.093036 0.000002 -0.326057 -1.601307 -1.680768 0.030604
  2   2.262337 0.113614 0.064702 -0.134509 -0.007645 -0.104589
  3   2.380047 0.353302 0.047440 -0.209414 -0.001227 0.079541
  4   2.033756 0.190472 -0.000128 -0.129182 -0.025180 -0.133740
  5   2.451511 0.204909 -0.003447 -0.055065 -0.076994 -0.046720
  6   7.247600 -0.397300 -0.109469 0.000001 0.000021 0.156829
  7   -2.022252 -0.104661 3.136172 2.027978 -1.451022 -5.222539
  8   1.168026 -0.537438 -0.063437 -0.636557 0.388392 1.071885
  9   6.790376 -0.619176 0.015206 0.036348 0.036823 -0.962740
 10   8.637599 0.544015 -0.090417 -1.201032 -0.262335 -0.548852
 11   6.790465 -0.619039 0.017802 0.029584 0.011089 -0.689359
 12   -2.022474 -0.104699 -2.873818 -2.591147 1.421908 -5.765600
 13   1.167898 -0.537463 0.063297 0.425771 -0.637147 -0.059597
 14   7.002743 -0.617765 -0.183752 0.002450 -0.096568 -1.265304
 15   8.209042 0.615527 -0.255885 1.929821 0.196652 -0.266295
 16   7.002735 -0.617911 -0.183641 0.003000 -0.061877 -0.904048
 17   1.574674 0.609930 -0.000899 0.491016 -0.168382 0.492757
 18   -0.602177 0.511412 -0.000006 0.000000 0.000000 0.000000
 19   3.673773 0.177020 1.119313 -0.000002 -0.000014 -0.174510
 20   3.673767 0.176993 -1.117566 0.000007 -0.000003 -0.174546
 21   3.942357 1.330634 1.627658 0.000002 -0.000011 -0.000026
 22   -0.246060 -0.011889 0.516521 -0.000011 0.000031 0.000025
 23   3.938468 1.330659 -1.631083 0.000019 0.000002 -0.000024
 24   -0.246150 -0.011872 -0.516511 -0.000005 -0.000006 0.000048
 25   4.941364 1.997338 1.629330 0.000018 -0.000001 -0.000024
 26   4.941382 1.997366 -1.629410 -0.000001 0.000005 -0.000024
 27   2.918368 1.615358 1.514501 -0.000019 -0.000022 -0.000050
 28   2.920798 1.614964 -1.501142 -0.000002 -0.000009 -0.000024
 29   8.824059 0.150544 0.091743 -0.051417 -0.274524 -0.478129
 30   2.095459 -0.705715 1.776507 -0.056446 0.022363 -0.238031
 31   1.988473 -0.897237 -1.845786 -0.060062 0.012718 -0.232649
 32   -0.810489 -0.093824 3.127092 0.295078 -3.055561 -0.189152
 33   14.298673 -0.408176 0.475484 -0.039409 -0.142184 -0.149060
 34   15.835795 0.581398 0.242756 0.052622 0.016595 -0.173681
 35   -0.815868 -0.091229 -3.114430 0.009166 3.088223 0.054989
 36   14.294526 -0.410349 -0.463635 -0.078227 0.082694 -1.933431
 37   15.834409 0.579420 -0.284600 0.220485 0.254766 -0.265234
 38   1.424850 -3.231086 -2.898034 0.120232 -0.219236 0.430228
 39   -4.465555 -1.054854 -0.734461 -0.004746 0.017018 -0.005076
 40   0.676681 -3.945878 2.924780 0.100678 -0.247639 0.461936
 41   -4.433840 -1.059130 0.959566 0.075658 -0.121476 -0.012172
 42   -0.118389 2.279351 -2.672988 0.020889 -0.014656 -0.261967
 43   -0.199210 2.237657 2.881096 0.020903 -0.014654 -0.261967
time 78
  0   -0.463625 0.433607 -1.491862 0.000000 0.000000 -1.571069
  1   -1.093036 0.000002 -0.326057 -1.601098 -1.680768 0.030362
  2   2.262337 0.113614 0.064702 -0.134548 -0.007633 -0.104589
  3   2.380047 0.353302 0.047440 -0.209429 -0.001227 0.079541
  4   2.033756 0.190472 -0.000128 -0.129182 -0.025192 -0.133740
  5   2.451511 0.204909 -0.003447 -0.055065 -0.077007 -0.046720
  6   7.247600 -0.397300 -0.109469 0.000001 0.000021 0.156829
  7   -2.022252 -0.104661 3.136172 2.025198 -1.451195 -5.219910
  8   1.168026 -0.537438 -0.063437 -0.638139 0.389197 1.071379
  9   6.790376 -0.619176 0.015206 0.036348 0.036823 -0.962740
 10   8.637599 0.544015 -0.090417 -1.201032 -0.262335 -0.548852
 11   6.790465 -0.619039 0.017802 0.029584 0.011089 -0.689359
 12   -2.022474 -0.104699 -2.873818 -2.589997 1.422256 -5.764643
 13   1.167898 -0.537463 0.063297 0.425631 -0.635468 -0.059839
 14   7.002743 -0.617765 -0.183752 0.002450 -0.096568 -1.265139
 15   8.209042 0.615527 -0.255885 1.929821 0.196652 -0.266295
 16   7.002735 -0.617911 -0.183641 0.003000 -0.061877 -0.903883
 17   1.574674 0.609930 -0.000899 0.490935 -0.168311 0.492720
 18   -0.602177 0.511412 -0.000006 0.000000 0.000000 0.000000
 19   3.677679 0.177020 1.119313 -0.000002 -0.000014 -0.174510
 20   3.673767 0.176993 -1.117566 0.000007 -0.000003 -0.174546
 21   3.942357 1.330634 1.627658 0.000002 -0.000011 -0.000026
 22   -0.246060 -0.011889 0.516521 -0.000011 0.000031 0.000025
 23   3.942374 1.330659 -1.631083 0.000019 0.000002 -0.000024
 24   -0.246150 -0.011872 -0.516511 -0.000005 -0.000006 0.000048
 25   4.941364 1.997338 1.629330 0.000018 -0.000001 -0.000024
 26   4.941382 1.997366 -1.629410 -0.000001 0.000005 -0.000024
 27   2.918368 1.615358 1.514501 -0.000019 -0.000022 -0.000050
 28   2.920798 1.614964 -1.501142 -0.000002 -0.000009 -0.000024
 29   8.824059 0.150544 0.091743 -0.049545 -0.267094 -0.477163
 30   2.103272 -0.705715 1.776507 -0.054561 0.024426 -0.237452
 31   1.988473 -0.897237 -1.845786 -0.059204 0.011889 -0.231339
 32   -0.810489 -0.093824 3.127092 0.295638 -3.055561 -0.188697
 33   14.298673 -0.408176 0.475484 -0.039493 -0.142133 -0.148107
 34   15.835795 0.581398 0.242756 0.051127 0.016424 -0.174078
 35   -0.815868 -0.091229 -3.114430 0.009342 3.088316 0.055975
 36   14.294526 -0.410349 -0.463635 -0.078215 0.082682 -1.933354
 37   15.834409 0.579420 -0.284600 0.220544 0.254766 -0.265234
 38   1.420944 -3.234992 -2.894128 0.117222 -0.214295 0.434688
 39   -4.465555 -1.054854 -0.726648 -0.006112 0.020314 -0.005721
 40   0.676681 -3.945878 2.932593 0.096594 -0.241999 0.460714
 41   -4.433840 -1.059130 0.959566 0.073896 -0.118492 -0.012116
 42   -0.098857 2.302789 -2.672988 0.020985 -0.014763 -0.272757
 43   -0.179678 2.265002 2.881096 0.020978 -0.014764 -0.272757
time 79
  0   -0.463625 0.433607 -1.491862 0.000000 0.000000 -1.571069
  1   -1.093036 0.000002 -0.326057 -1.600783 -1.680907 0.029975
  2   2.262337 0.113614 0.064702 -0.134560 -0.007621 -0.104589
  3   2.380047 0.353302 0.047440 -0.209444 -0.001227 0.079541
  4   2.033756 0.190472 -0.000128 -0.129219 -0.025204 -0.133740
  5   2.451511 0.204909 -0.003447 -0.055065 -0.077007 -0.046720
  6   7.247600 -0.397300 -0.109469 0.000001 0.000021 0.156829
  7   -2.022252 -0.104661 3.136172 2.022418 -1.451368 -5.217186
  8   1.168026 -0.537438 -0.063437 -0.639721 0.390002 1.071126
  9   6.790376 -0.619176 0.015206 0.036348 0.036823 -0.962740
 10   8.637599 0.544015 -0.090417 -1.201032 -0.262335 -0.548852
 11   6.790465 -0.619039 0.017802 0.029584 0.011089 -0.689417
 12   -2.022474 -0.104699 -2.873818 -2.589327 1.422692 -5.764068
 13   1.167898 -0.537463 0.063297 0.425560 -0.633689 -0.059960
 14   7.002743 -0.617765 -0.183752 0.002450 -0.096454 -1.264809
 15   8.209042 0.615527 -0.255885 1.929821 0.196652 -0.266295
 16   7.002735 -0.617911 -0.183641 0.003000 -0.061877 -0.903717
 17   1.574674 0.609930 -0.000899 0.490935 -0.168311 0.492646
 18   -0.602177 0.511412 -0.000006 0.000000 0.000000 0.000000
 19   3.673773 0.177020 1.119313 -0.000002 -0.000014 -0.174510
 20   3.673767 0.176993 -1.117566 0.000007 -0.000003 -0.174546
 21   3.942357 1.330634 1.627658 0.000002 -0.000011 -0.000026
 22   -0.246060 -0.011889 0.516521 -0.000011 0.000031 0.000025
 23   3.942374 1.330659 -1.631083 0.000019 0.000002 -0.000024
 24   -0.246150 -0.011872 -0.516511 -0.000005 -0.000006 0.000048
 25   4.941364 1.997338 1.629330 0.000018 -0.000001 -0.000024
 26   4.941382 1.997366 -1.629410 -0.000001 0.000005 -0.000024
 27   2.918368 1.615358 1.514501 -0.000019 -0.000022 -0.000050
 28   2.924704 1.614964 -1.501142 -0.000002 -0.000009 -0.000024
 29   8.824059 0.150544 0.091743 -0.047406 -0.258857 -0.476090
 30   2.103272 -0.709621 1.772601 -0.052432 0.026751 -0.236873
 31   1.996286 -0.897237 -1.845786 -0.058254 0.010956 -0.230084
 32   -0.810489 -0.093824 3.127092 0.296104 -3.055465 -0.188299
 33   14.298673 -0.408176 0.475484 -0.039541 -0.142094 -0.147313
 34   15.835795 0.581398 0.242756 0.049977 0.016253 -0.174387
 35   -0.815868 -0.091229 -3.114430 0.009342 3.088316 0.056742
 36   14.294526 -0.410349 -0.463635 -0.078191 0.082658 -1.933122
 37   15.834409 0.579420 -0.284600 0.220623 0.254817 -0.265386
 38   1.413131 -3.242805 -2.886315 0.113897 -0.208812 0.438965
 39   -4.473368 -1.062667 -0.718835 -0.007634 0.023765 -0.006338
 40   0.684494 -3.934159 2.932593 0.092111 -0.235757 0.459370
 41   -4.433840 -1.059130 0.959566 0.071943 -0.115184 -0.012032
 42   -0.079325 2.330134 -2.672988 0.021081 -0.014855 -0.283505
 43   -0.167959 2.288440 2.881096 0.021078 -0.014858 -0.283505
time 80
  0   -0.463625 0.433607 -1.491862 0.000000 0.000000 -1.571069
  1   -1.093036 0.000002 -0.326057 -1.600207 -1.681092 0.029394
  2   2.262337 0.113614 0.064702 -0.134599 -0.007621 -0.104589
  3   2.380047 0.353302 0.047440 -0.209459 -0.001227 0.079541
  4   2.033756 0.190472 -0.000128 -0.129219 -0.025204 -0.133740
  5   2.451511 0.204909 -0.003447 -0.055065 -0.077007 -0.046720
  6   7.247600 -0.397300 -0.109469 0.000001 0.000021 0.156829
  7   -2.022252 -0.104661 3.136172 2.019638 -1.451512 -5.214651
  8   1.168026 -0.537438 -0.063437 -0.641303 0.390807 1.070683
  9   6.790376 -0.619176 0.015206 0.036348 0.036823 -0.962740
 10   8.637599 0.544015 -0.090417 -1.201032 -0.262335 -0.548852
 11   6.790465 -0.619039 0.017802 0.029584 0.011089 -0.689417
 12   -2.022474 -0.104699 -2.873818 -2.588464 1.423127 -5.763398
 13   1.167898 -0.537463 0.063297 0.425349 -0.631960 -0.060202
 14   7.002743 -0.617765 -0.183752 0.002450 -0.096454 -1.264644
 15   8.209042 0.615527 -0.255885 1.929821 0.196652 -0.266295
 16   7.002735 -0.617911 -0.183641 0.003000 -0.061877 -0.903496
 17   1.574674 0.609930 -0.000899 0.490854 -0.168240 0.492535
 18   -0.602177 0.511412 -0.000006 0.000000 0.000000 0.000000
 19   3.673773 0.177020 1.119313 -0.000002 -0.000014 -0.174510
 20   3.673767 0.176993 -1.117566 0.000007 -0.000003 -0.174546
 21   3.942357 1.330634 1.627658 0.000002 -0.000011 -0.000026
 22   -0.246060 -0.011889 0.516521 -0.000011 0.000031 0.000025
 23   3.942374 1.330659 -1.631083 0.000019 0.000002 -0.000024
 24   -0.246150 -0.011872 -0.516511 -0.000005 -0.000006 0.000048
 25   4.941364 1.997338 1.629330 0.000018 -0.000001 -0.000024
 26   4.941382 1.997366 -1.629410 -0.000001 0.000005 -0.000024
 27   2.918368 1.615358 1.514501 -0.000019 -0.000022 -0.000050
 28   2.920798 1.614964 -1.501142 -0.000002 -0.000009 -0.000024
 29   8.824059 0.150544 0.091743 -0.045178 -0.249884 -0.474910
 30   2.103272 -0.709621 1.764788 -0.050113 0.029250 -0.236337
 31   1.996286 -0.897237 -1.845786 -0.057212 0.009998 -0.228828
 32   -0.810489 -0.093824 3.127092 0.296383 -3.055465 -0.187673
 33   14.298673 -0.408176 0.475484 -0.039601 -0.142055 -0.146678
 34   15.835795 0.581398 0.242756 0.048919 0.016131 -0.174519
 35   -0.815868 -0.091229 -3.114430 0.009342 3.088503 0.057399
 36   14.294526 -0.410349 -0.463635 -0.078155 0.082646 -1.933045
 37   15.834409 0.579420 -0.284600 0.220623 0.254843 -0.265589
 38   1.409225 -3.254524 -2.874596 0.110213 -0.202799 0.443058
 39   -4.473368 -1.062667 -0.714929 -0.009312 0.027409 -0.006871
 40   0.688400 -3.930253 2.940406 0.087164 -0.228900 0.457842
 41   -4.433840 -1.059130 0.959566 0.069785 -0.111553 -0.011947
 42   -0.063700 2.349666 -2.672988 0.021177 -0.014947 -0.294253
 43   -0.148427 2.311878 2.881096 0.021165 -0.014968 -0.294253
time 81
  0   -0.463625 0.433607 -1.491862 0.000000 0.000000 -1.571069
  1   -1.093036 0.000002 -0.326057 -1.599421 -1.681277 0.028523
  2   2.262337 0.113614 0.064702 -0.134599 -0.007621 -0.104589
  3   2.380047 0.353302 0.047440 -0.209474 -0.001227 0.079541
  4   2.033756 0.190472 -0.000128 -0.129219 -0.025204 -0.133740
  5   2.451511 0.204909 -0.003447 -0.055065 -0.077020 -0.046720
  6   7.247600 -0.397300 -0.109469 0.000001 0.000021 0.156829
  7   -2.022252 -0.104661 3.136172 2.017146 -1.451685 -5.212115
  8   1.168026 -0.537438 -0.063437 -0.642695 0.391612 1.070430
  9   6.790376 -0.619176 0.015206 0.036348 0.036823 -0.962891
 10   8.637599 0.544015 -0.090417 -1.201032 -0.262335 -0.548852
 11   6.790465 -0.619039 0.017802 0.029584 0.011089 -0.689417
 12   -2.022474 -0.104699 -2.873818 -2.587506 1.423446 -5.762441
 13   1.167898 -0.537463 0.063297 0.425349 -0.630180 -0.060384
 14   7.002743 -0.617765 -0.183752 0.002450 -0.096454 -1.264314
 15   8.209042 0.615527 -0.255885 1.929821 0.196652 -0.266295
 16   7.002735 -0.617911 -0.183641 0.003000 -0.061877 -0.903331
 17   1.574674 0.609930 -0.000899 0.490854 -0.168098 0.492461
 18   -0.602177 0.511412 -0.000006 0.000000 0.000000 0.000000
 19   3.673773 0.177020 1.119313 -0.000002 -0.000014 -0.174510
 20   3.673767 0.176993 -1.117566 0.000007 -0.000003 -0.174546
 21   3.942357 1.330634 1.627658 0.000002 -0.000011 -0.000026
 22   -0.246060 -0.011889 0.516521 -0.000011 0.000031 0.000025
 23   3.942374 1.330659 -1.631083 0.000019 0.000002 -0.000024
 24   -0.246150 -0.011872 -0.516511 -0.000005 -0.000006 0.000048
 25   4.941364 1.997338 1.629330 0.000018 -0.000001 -0.000024
 26   4.941382 1.997366 -1.629410 -0.000001 0.000005 -0.000024
 27   2.918368 1.615358 1.514501 -0.000019 -0.000022 -0.000050
 28   2.920798 1.614964 -1.501142 -0.000002 -0.000009 -0.000024
 29   8.824059 0.150544 0.091743 -0.042683 -0.240104 -0.473676
 30   2.111085 -0.717434 1.764788 -0.047618 0.031982 -0.235801
 31   1.996286 -0.889424 -1.845786 -0.056078 0.008936 -0.227609
 32   -0.810489 -0.093824 3.127092 0.296663 -3.055465 -0.187046
 33   14.298673 -0.408176 0.475484 -0.039649 -0.142029 -0.146122
 34   15.835795 0.581398 0.242756 0.047976 0.016058 -0.174828
 35   -0.815868 -0.091229 -3.114430 0.009342 3.088503 0.058056
 36   14.294526 -0.410349 -0.463635 -0.078119 0.082610 -1.932813
 37   15.834409 0.579420 -0.284600 0.220662 0.254843 -0.265741
 38   1.401412 -3.258430 -2.866783 0.106256 -0.196316 0.446968
 39   -4.477274 -1.062667 -0.707116 -0.011134 0.031196 -0.007432
 40   0.696213 -3.914627 2.944312 0.081839 -0.221489 0.456254
 41   -4.433840 -1.059130 0.959566 0.067460 -0.107634 -0.011863
 42   -0.044168 2.373104 -2.672988 0.021261 -0.015039 -0.304918
 43   -0.128895 2.331410 2.881096 0.021240 -0.015062 -0.304918
time 82
  0   -0.463625 0.433607 -1.491862 0.000000 0.000000 -1.571069
  1   -1.093036 0.000002 -0.326057 -1.598425 -1.681555 0.027749
  2   2.262337 0.113614 0.064702 -0.134650 -0.007621 -0.104589
  3   2.380047 0.353302 0.047440 -0.209504 -0.001227 0.079541
  4   2.033756 0.190472 -0.000128 -0.129219 -0.025215 -0.133740
  5   2.451511 0.204909 -0.003447 -0.055065 -0.077020 -0.046720
  6   7.247600 -0.397300 -0.109469 0.000001 0.000021 0.156829
  7   -2.022252 -0.104661 3.136172 2.014653 -1.451772 -5.209673
  8   1.168026 -0.537438 -0.063437 -0.644024 0.392216 1.069987
  9   6.790376 -0.619176 0.015206 0.036348 0.036823 -0.962891
 10   8.637599 0.544015 -0.090417 -1.201032 -0.262335 -0.548852
 11   6.790465 -0.619039 0.017802 0.029584 0.011089 -0.689417
 12   -2.022474 -0.104699 -2.873818 -2.586836 1.423882 -5.761962
 13   1.167898 -0.537463 0.063297 0.425138 -0.628349 -0.060626
 14   7.002743 -0.617765 -0.183752 0.002450 -0.096454 -1.263984
 15   8.209042 0.615527 -0.255885 1.929821 0.196652 -0.266295
 16   7.002735 -0.617911 -0.183641 0.003000 -0.061877 -0.903165
 17   1.574674 0.609930 -0.000899 0.490854 -0.168027 0.492350
 18   -0.602177 0.511412 -0.000006 0.000000 0.000000 0.000000
 19   3.677679 0.177020 1.119313 -0.000002 -0.000014 -0.174510
 20   3.677673 0.176993 -1.117566 0.000007 -0.000003 -0.174546
 21   3.942357 1.330634 1.627658 0.000002 -0.000011 -0.000026
 22   -0.246060 -0.011889 0.516521 -0.000011 0.000031 0.000025
 23   3.942374 1.330659 -1.631083 0.000019 0.000002 -0.000024
 24   -0.246150 -0.011872 -0.516511 -0.000005 -0.000006 0.000048
 25   4.941364 1.997338 1.629330 0.000018 -0.000001 -0.000024
 26   4.941382 1.997366 -1.629410 -0.000001 0.000005 -0.000024
 27   2.918368 1.615358 1.514501 -0.000019 -0.000022 -0.000050
 28   2.920798 1.614964 -1.501142 -0.000002 -0.000009 -0.000024
 29   8.824059 0.150544 0.091743 -0.040009 -0.229659 -0.472335
 30   2.111085 -0.717434 1.756975 -0.044933 0.034917 -0.235308
 31   2.004099 -0.889424 -1.845786 -0.054883 0.007770 -0.226463
 32   -0.810489 -0.093824 3.127092 0.297129 -3.055370 -0.186762
 33   14.298673 -0.408176 0.475484 -0.039685 -0.141978 -0.145487
 34   15.835795 0.581398 0.242756 0.047125 0.015936 -0.174960
 35   -0.815868 -0.091229 -3.114430 0.009342 3.088503 0.058823
 36   14.294526 -0.410349 -0.463635 -0.078071 0.082562 -1.932736
 37   15.834409 0.579420 -0.284600 0.220682 0.254843 -0.266096
 38   1.393599 -3.266243 -2.862877 0.101983 -0.189351 0.450756
 39   -4.485087 -1.062667 -0.695397 -0.013063 0.035151 -0.007965
 40   0.700119 -3.910721 2.952125 0.076071 -0.213560 0.454482
 41   -4.433840 -1.059130 0.959566 0.064979 -0.103415 -0.011751
 42   -0.024636 2.396542 -2.672988 0.021333 -0.015131 -0.315582
 43   -0.117176 2.354848 2.881096 0.021340 -0.015125 -0.315582
time 83
  0   -0.463625 0.433607 -1.491862 0.000000 0.000000 -1.571069
  1   -1.093036 0.000002 -0.326057 -1.597325 -1.681833 0.026733
  2   2.262337 0.113614 0.064702 -0.134700 -0.007609 -0.104589
  3   2.380047 0.353302 0.047440 -0.209549 -0.001227 0.079541
  4   2.033756 0.190472 -0.000128 -0.129274 -0.025239 -0.133740
  5   2.451511 0.204909 -0.003447 -0.055065 -0.077020 -0.046720
  6   7.247600 -0.397300 -0.109469 0.000001 0.000021 0.156829
  7   -2.022252 -0.104661 3.136172 2.012257 -1.452002 -5.207325
  8   1.168026 -0.537438 -0.063437 -0.645543 0.392920 1.069734
  9   6.790376 -0.619176 0.015206 0.036348 0.036823 -0.962891
 10   8.637599 0.544015 -0.090417 -1.201032 -0.262335 -0.548852
 11   6.790465 -0.619039 0.017802 0.029584 0.011089 -0.689417
 12   -2.022474 -0.104699 -2.873818 -2.585974 1.424259 -5.761196
 13   1.167898 -0.537463 0.063297 0.425138 -0.626315 -0.060747
 14   7.002743 -0.617765 -0.183752 0.002450 -0.096454 -1.263819
 15   8.209042 0.615527 -0.255885 1.929821 0.196652 -0.266295
 16   7.002735 -0.617911 -0.183641 0.003000 -0.061877 -0.902889
 17   1.574674 0.609930 -0.000899 0.490691 -0.167885 0.492128
 18   -0.602177 0.511412 -0.000006 0.000000 0.000000 0.000000
 19   3.673773 0.177020 1.119313 -0.000002 -0.000014 -0.174510
 20   3.673767 0.176993 -1.117566 0.000007 -0.000003 -0.174546
 21   3.942357 1.330634 1.627658 0.000002 -0.000011 -0.000026
 22   -0.246060 -0.011889 0.516521 -0.000011 0.000031 0.000025
 23   3.942374 1.330659 -1.631083 0.000019 0.000002 -0.000024
 24   -0.246150 -0.011872 -0.516511 -0.000005 -0.000006 0.000048
 25   4.941364 1.997338 1.629330 0.000018 -0.000001 -0.000024
 26   4.941382 1.997366 -1.629410 -0.000001 0.000005 -0.000024
 27   2.918368 1.615358 1.514501 -0.000019 -0.000022 -0.000050
 28   2.920798 1.614964 -1.501142 -0.000002 -0.000009 -0.000024
 29   8.824059 0.150544 0.091743 -0.037246 -0.218526 -0.470832
 30   2.111085 -0.721340 1.753069 -0.042072 0.038026 -0.234836
 31   2.004099 -0.889424 -1.845786 -0.053596 0.006605 -0.225335
 32   -0.810489 -0.093824 3.127092 0.297222 -3.055370 -0.186193
 33   14.298673 -0.408176 0.475484 -0.039709 -0.141900 -0.144931
 34   15.835795 0.581398 0.242756 0.046320 0.015814 -0.175048
 35   -0.815868 -0.091229 -3.114430 0.009342 3.088503 0.059316
 36   14.294526 -0.410349 -0.463635 -0.077999 0.082514 -1.932427
 37   15.834409 0.579420 -0.284600 0.220682 0.254894 -0.266400
 38   1.381880 -3.274056 -2.851158 0.097436 -0.181927 0.454422
 39   -4.488993 -1.070480 -0.687584 -0.015149 0.039238 -0.008498
 40   0.707932 -3.899002 2.956031 0.069988 -0.205088 0.452649
 41   -4.433840 -1.059130 0.959566 0.062343 -0.098945 -0.011639
 42   -0.001198 2.416074 -2.672988 0.021404 -0.015223 -0.326163
 43   -0.093738 2.374380 2.881096 0.021415 -0.015219 -0.326163
time 84
  0   -0.463625 0.433607 -1.491862 0.000000 0.000000 -1.571069
  1   -1.093036 0.000002 -0.326057 -1.596172 -1.682157 0.025523
  2   2.262337 0.113614 0.064702 -0.134751 -0.007597 -0.104589
  3   2.380047 0.353302 0.047440 -0.209579 -0.001227 0.079541
  4   2.033756 0.190472 -0.000128 -0.129274 -0.025275 -0.133740
  5   2.451511 0.204909 -0.003447 -0.055065 -0.077033 -0.046720
  6   7.247600 -0.397300 -0.109469 0.000001 0.000021 0.156829
  7   -2.022252 -0.104661 3.136172 2.009573 -1.452089 -5.204978
  8   1.168026 -0.537438 -0.063437 -0.646745 0.393675 1.069228
  9   6.790376 -0.619176 0.015206 0.036348 0.036823 -0.962891
 10   8.637599 0.544015 -0.090417 -1.201032 -0.262335 -0.548852
 11   6.790465 -0.619039 0.017802 0.029584 0.011089 -0.689417
 12   -2.022474 -0.104699 -2.873818 -2.585015 1.424578 -5.760526
 13   1.167898 -0.537463 0.063297 0.424857 -0.624484 -0.060989
 14   7.002743 -0.617765 -0.183752 0.002450 -0.096284 -1.263489
 15   8.209042 0.615527 -0.255885 1.929821 0.196652 -0.266295
 16   7.002735 -0.617911 -0.183641 0.003000 -0.061821 -0.902779
 17   1.574674 0.609930 -0.000899 0.490691 -0.167743 0.491832
 18   -0.602177 0.511412 -0.000006 0.000000 0.000000 0.000000
 19   3.673773 0.177020 1.119313 -0.000002 -0.000014 -0.174510
 20   3.677673 0.176993 -1.117566 0.000007 -0.000003 -0.174546
 21   3.942357 1.330634 1.627658 0.000002 -0.000011 -0.000026
 22   -0.246060 -0.011889 0.516521 -0.000011 0.000031 0.000025
 23   3.942374 1.330659 -1.631083 0.000019 0.000002 -0.000024
 24   -0.246150 -0.011872 -0.516511 -0.000005 -0.000006 0.000048
 25   4.941364 1.997338 1.629330 0.000018 -0.000001 -0.000024
 26   4.941382 1.997366 -1.629410 -0.000001 0.000005 -0.000024
 27   2.918368 1.615358 1.514501 -0.000019 -0.000022 -0.000050
 28   2.924704 1.614964 -1.501142 -0.000002 -0.000009 -0.000024
 29   8.824059 0.150544 0.091743 -0.034216 -0.206775 -0.469277
 30   2.111085 -0.729153 1.753069 -0.039048 0.041310 -0.234364
 31   2.004099 -0.885518 -1.837973 -0.052217 0.005362 -0.224225
 32   -0.810489 -0.093824 3.127092 0.297595 -3.055274 -0.185509
 33   14.298673 -0.408176 0.475484 -0.039733 -0.141848 -0.144534
 34   15.835795 0.581398 0.242756 0.045561 0.015692 -0.175269
 35   -0.815868 -0.091229 -3.114430 0.009342 3.088597 0.059973
 36   14.294526 -0.410349 -0.463635 -0.077939 0.082454 -1.932350
 37   15.834409 0.579420 -0.284600 0.220682 0.254894 -0.266755
 38   1.377974 -3.285775 -2.843345 0.092658 -0.174107 0.457782
 39   -4.496806 -1.074386 -0.683678 -0.017330 0.043444 -0.009003
 40   0.715745 -3.891189 2.963844 0.063547 -0.196171 0.450755
 41   -4.433840 -1.059130 0.959566 0.059538 -0.094223 -0.011555
 42   0.018334 2.443419 -2.672988 0.021476 -0.015300 -0.336660
 43   -0.082019 2.397818 2.881096 0.021490 -0.015281 -0.336660
time 85
  0   -0.463625 0.433607 -1.491862 0.000000 0.000000 -1.571069
  1   -1.093036 0.000002 -0.326057 -1.594966 -1.682481 0.024120
  2   2.262337 0.113614 0.064702 -0.134802 -0.007597 -0.104589
  3   2.380047 0.353302 0.047440 -0.209624 -0.001227 0.079602
  4   2.033756 0.190472 -0.000128 -0.129274 -0.025299 -0.133740
  5   2.451511 0.204909 -0.003447 -0.055065 -0.077033 -0.046720
  6   7.247600 -0.397300 -0.109469 0.000001 0.000021 0.156829
  7   -2.022252 -0.104661 3.136172 2.007560 -1.452233 -5.202724
  8   1.168026 -0.537438 -0.063437 -0.648074 0.394329 1.068975
  9   6.790376 -0.619176 0.015206 0.036348 0.036823 -0.962891
 10   8.637599 0.544015 -0.090417 -1.201032 -0.262335 -0.548852
 11   6.790465 -0.619039 0.017802 0.029584 0.011089 -0.689417
 12   -2.022474 -0.104699 -2.873818 -2.584440 1.424956 -5.759856
 13   1.167898 -0.537463 0.063297 0.424857 -0.622399 -0.061110
 14   7.002743 -0.617765 -0.183752 0.002450 -0.096284 -1.263159
 15   8.209042 0.615527 -0.255885 1.929821 0.196652 -0.266295
 16   7.002735 -0.617911 -0.183641 0.003000 -0.061821 -0.902558
 17   1.574674 0.609930 -0.000899 0.490691 -0.167601 0.491648
 18   -0.602177 0.511412 -0.000006 0.000000 0.000000 0.000000
 19   3.673773 0.177020 1.119313 -0.000002 -0.000014 -0.174510
 20   3.673767 0.176993 -1.117566 0.000007 -0.000003 -0.174546
 21   3.942357 1.330634 1.627658 0.000002 -0.000011 -0.000026
 22   -0.246060 -0.011889 0.516521 -0.000011 0.000031 0.000025
 23   3.942374 1.330659 -1.631083 0.000019 0.000002 -0.000024
 24   -0.246150 -0.011872 -0.516511 -0.000005 -0.000006 0.000048
 25   4.941364 1.997338 1.629330 0.000018 -0.000001 -0.000024
 26   4.941382 1.997366 -1.629410 -0.000001 0.000005 -0.000024
 27   2.918368 1.615358 1.514501 -0.000019 -0.000022 -0.000050
 28   2.920798 1.614964 -1.501142 -0.000002 -0.000009 -0.000024
 29   8.824059 0.150544 0.091743 -0.031097 -0.194432 -0.467721
 30   2.111085 -0.729153 1.745256 -0.035875 0.044768 -0.233935
 31   2.008005 -0.885518 -1.837973 -0.050792 0.004041 -0.223151
 32   -0.810489 -0.093824 3.127092 0.297688 -3.055274 -0.184940
 33   14.298673 -0.408176 0.475484 -0.039757 -0.141784 -0.144058
 34   15.835795 0.581398 0.242756 0.044848 0.015521 -0.175401
 35   -0.815868 -0.091229 -3.114430 0.009430 3.088597 0.060466
 36   14.294526 -0.410349 -0.463635 -0.077855 0.082382 -1.932118
 37   15.834409 0.579420 -0.284600 0.220682 0.254945 -0.267262
 38   1.370161 -3.297494 -2.831626 0.087627 -0.165876 0.461081
 39   -4.496806 -1.074386 -0.671959 -0.019619 0.047795 -0.009451
 40   0.727464 -3.879470 2.971657 0.056769 -0.186795 0.448678
 41   -4.433840 -1.059130 0.959566 0.056602 -0.089237 -0.011443
 42   0.037866 2.466857 -2.672988 0.021548 -0.015361 -0.347073
 43   -0.062487 2.425163 2.881096 0.021540 -0.015376 -0.347073
time 86
  0   -0.463625 0.433607 -1.491862 0.000000 0.000000 -1.571069
  1   -1.093036 0.000002 -0.326057 -1.593552 -1.682944 0.022862
  2   2.262337 0.113614 0.064702 -0.134841 -0.007586 -0.104589
  3   2.380047 0.353302 0.047440 -0.209669 -0.001227 0.079602
  4   2.033756 0.190472 -0.000128 -0.129274 -0.025335 -0.133740
  5   2.451511 0.204909 -0.003447 -0.055065 -0.077033 -0.046720
  6   7.247600 -0.397300 -0.109469 0.000001 0.000021 0.156829
  7   -2.022252 -0.104661 3.136172 2.005068 -1.452406 -5.200469
  8   1.168026 -0.537438 -0.063437 -0.649403 0.394983 1.068722
  9   6.790376 -0.619176 0.015206 0.036348 0.036823 -0.963042
 10   8.637599 0.544015 -0.090417 -1.201032 -0.262335 -0.548852
 11   6.790465 -0.619039 0.017802 0.029643 0.011089 -0.689417
 12   -2.022474 -0.104699 -2.873818 -2.583483 1.425362 -5.759281
 13   1.167898 -0.537463 0.063297 0.424646 -0.620314 -0.061292
 14   7.002743 -0.617765 -0.183752 0.002450 -0.096284 -1.262994
 15   8.209042 0.615527 -0.255885 1.929821 0.196652 -0.266295
 16   7.002735 -0.617911 -0.183641 0.003000 -0.061821 -0.902337
 17   1.574674 0.609930 -0.000899 0.490691 -0.167459 0.491463
 18   -0.602177 0.511412 -0.000006 0.000000 0.000000 0.000000
 19   3.673773 0.177020 1.119313 -0.000002 -0.000014 -0.174510
 20   3.673767 0.176993 -1.117566 0.000007 -0.000003 -0.174546
 21   3.942357 1.330634 1.627658 0.000002 -0.000011 -0.000026
 22   -0.246060 -0.011889 0.516521 -0.000011 0.000031 0.000025
 23   3.938468 1.330659 -1.631083 0.000019 0.000002 -0.000024
 24   -0.246150 -0.011872 -0.516511 -0.000005 -0.000006 0.000048
 25   4.941364 1.997338 1.629330 0.000018 -0.000001 -0.000024
 26   4.941382 1.997366 -1.629410 -0.000001 0.000005 -0.000024
 27   2.918368 1.615358 1.514501 -0.000019 -0.000022 -0.000050
 28   2.920798 1.614964 -1.501142 -0.000002 -0.000009 -0.000024
 29   8.824059 0.150544 0.091743 -0.027889 -0.181566 -0.466058
 30   2.118898 -0.736966 1.745256 -0.032552 0.048372 -0.233506
 31   2.015818 -0.877705 -1.837973 -0.049306 0.002668 -0.222114
 32   -0.810489 -0.093824 3.127092 0.298061 -3.055179 -0.184314
 33   14.298673 -0.408176 0.475484 -0.039781 -0.141719 -0.143502
 34   15.835795 0.581398 0.242756 0.044158 0.015399 -0.175401
 35   -0.815868 -0.091229 -3.114430 0.009430 3.088597 0.061124
 36   14.294526 -0.410349 -0.463635 -0.077783 0.082310 -1.931809
 37   15.834409 0.579420 -0.284600 0.220682 0.254971 -0.267769
 38   1.358442 -3.309213 -2.823813 0.082386 -0.157284 0.464258
 39   -4.504619 -1.074386 -0.664146 -0.022016 0.052253 -0.009872
 40   0.739183 -3.867751 2.975563 0.049739 -0.176998 0.446662
 41   -4.433840 -1.059130 0.959566 0.053534 -0.084072 -0.011302
 42   0.057398 2.490295 -2.672988 0.021608 -0.015453 -0.357445
 43   -0.050768 2.448601 2.881096 0.021615 -0.015438 -0.357445
time 87
  0   -0.463625 0.433607 -1.491862 0.000000 0.000000 -1.571069
  1   -1.093036 0.000002 -0.326057 -1.592137 -1.683361 0.021410
  2   2.262337 0.113614 0.064702 -0.134930 -0.007586 -0.104571
  3   2.380047 0.353302 0.047440 -0.209714 -0.001227 0.079643
  4   2.033756 0.190472 -0.000128 -0.129311 -0.025371 -0.133740
  5   2.451511 0.204909 -0.003447 -0.055065 -0.077046 -0.046720
  6   7.247600 -0.397300 -0.109469 0.000001 0.000021 0.156829
  7   -2.022252 -0.104661 3.136172 2.002767 -1.452550 -5.198403
  8   1.168026 -0.537438 -0.063437 -0.650542 0.395587 1.068279
  9   6.790376 -0.619176 0.015206 0.036348 0.036823 -0.963042
 10   8.637599 0.544015 -0.090417 -1.201032 -0.262335 -0.548852
 11   6.790465 -0.619039 0.017802 0.029643 0.011089 -0.689532
 12   -2.022474 -0.104699 -2.873818 -2.583003 1.425652 -5.758707
 13   1.167898 -0.537463 0.063297 0.424646 -0.618229 -0.061413
 14   7.002743 -0.617765 -0.183752 0.002450 -0.096284 -1.262664
 15   8.209042 0.615527 -0.255885 1.929821 0.196652 -0.266295
 16   7.002735 -0.617911 -0.183641 0.003000 -0.061708 -0.902116
 17   1.574674 0.609930 -0.000899 0.490691 -0.167317 0.491204
 18   -0.602177 0.511412 -0.000006 0.000000 0.000000 0.000000
 19   3.673773 0.177020 1.119313 -0.000002 -0.000014 -0.174510
 20   3.673767 0.176993 -1.117566 0.000007 -0.000003 -0.174546
 21   3.942357 1.330634 1.627658 0.000002 -0.000011 -0.000026
 22   -0.246060 -0.011889 0.516521 -0.000011 0.000031 0.000025
 23   3.942374 1.330659 -1.631083 0.000019 0.000002 -0.000024
 24   -0.246150 -0.011872 -0.516511 -0.000005 -0.000006 0.000048
 25   4.941364 1.997338 1.629330 0.000018 -0.000001 -0.000024
 26   4.941382 1.997366 -1.629410 -0.000001 0.000005 -0.000024
 27   2.918368 1.623171 1.514501 -0.000019 -0.000022 -0.000050
 28   2.920798 1.614964 -1.501142 -0.000002 -0.000009 -0.000024
 29   8.824059 0.150544 0.091743 -0.024502 -0.168154 -0.464341
 30   2.118898 -0.740872 1.741350 -0.029122 0.052120 -0.233121
 31   2.015818 -0.877705 -1.837973 -0.047774 0.001243 -0.221132
 32   -0.810489 -0.093824 3.127092 0.298434 -3.055179 -0.183745
 33   14.298673 -0.408176 0.475484 -0.039805 -0.141642 -0.143105
 34   15.835795 0.581398 0.242756 0.043468 0.015228 -0.175489
 35   -0.815868 -0.091229 -3.114430 0.009430 3.088784 0.061507
 36   14.294526 -0.410349 -0.463635 -0.077699 0.082214 -1.931500
 37   15.834409 0.579420 -0.284600 0.220662 0.254971 -0.268276
 38   1.350629 -3.320932 -2.816000 0.076934 -0.148379 0.467313
 39   -4.508525 -1.082199 -0.652427 -0.024497 0.056807 -0.010321
 40   0.746996 -3.852125 2.983376 0.042393 -0.166840 0.444463
 41   -4.433840 -1.059130 0.959566 0.050346 -0.078679 -0.011190
 42   0.073023 2.509827 -2.672988 0.021680 -0.015499 -0.367691
 43   -0.031236 2.468133 2.881096 0.021690 -0.015517 -0.367691
time 88
  0   -0.455812 0.433607 -1.491862 0.000000 0.000000 -1.571069
  1   -1.093036 0.000002 -0.326057 -1.590565 -1.683731 0.020007
  2   2.262337 0.113614 0.064702 -0.134993 -0.007586 -0.104534
  3   2.380047 0.353302 0.047440 -0.209774 -0.001227 0.079643
  4   2.033756 0.190472 -0.000128 -0.129311 -0.025407 -0.133740
  5   2.451511 0.204909 -0.003447 -0.055065 -0.077046 -0.046670
  6   7.247600 -0.397300 -0.109469 0.000001 0.000021 0.156829
  7   -2.022252 -0.104661 3.136172 2.000754 -1.452694 -5.196243
  8   1.168026 -0.537438 -0.063437 -0.651681 0.396241 1.068026
  9   6.790376 -0.619176 0.015206 0.036348 0.036823 -0.963042
 10   8.637599 0.544015 -0.090417 -1.201032 -0.262335 -0.548852
 11   6.790465 -0.619039 0.017802 0.029643 0.011089 -0.689590
 12   -2.022474 -0.104699 -2.873818 -2.582237 1.425913 -5.757941
 13   1.167898 -0.537463 0.063297 0.424435 -0.616094 -0.061534
 14   7.002743 -0.617765 -0.183752 0.002450 -0.096227 -1.262334
 15   8.209042 0.615527 -0.255885 1.929821 0.196652 -0.266295
 16   7.002735 -0.617911 -0.183641 0.003000 -0.061708 -0.902006
 17   1.574674 0.609930 -0.000899 0.490691 -0.167104 0.490871
 18   -0.602177 0.511412 -0.000006 0.000000 0.000000 0.000000
 19   3.677679 0.177020 1.119313 -0.000002 -0.000014 -0.174510
 20   3.673767 0.176993 -1.117566 0.000007 -0.000003 -0.174546
 21   3.942357 1.330634 1.627658 0.000002 -0.000011 -0.000026
 22   -0.246060 -0.011889 0.516521 -0.000011 0.000031 0.000025
 23   3.942374 1.330659 -1.631083 0.000019 0.000002 -0.000024
 24   -0.246150 -0.011872 -0.516511 -0.000005 -0.000006 0.000048
 25   4.941364 1.997338 1.629330 0.000018 -0.000001 -0.000024
 26   4.941382 1.997366 -1.629410 -0.000001 0.000005 -0.000024
 27   2.918368 1.615358 1.514501 -0.000019 -0.000022 -0.000050
 28   2.920798 1.614964 -1.501142 -0.000002 -0.000009 -0.000024
 29   8.824059 0.150544 0.091743 -0.020937 -0.154291 -0.462517
 30   2.118898 -0.740872 1.733537 -0.025569 0.055985 -0.232735
 31   2.019724 -0.873799 -1.834067 -0.046165 -0.000155 -0.220149
 32   -0.810489 -0.093824 3.127092 0.298527 -3.055083 -0.183176
 33   14.298673 -0.408176 0.475484 -0.039829 -0.141564 -0.142708
 34   15.835795 0.581398 0.242756 0.042847 0.015033 -0.175710
 35   -0.815868 -0.091229 -3.114430 0.009430 3.088784 0.062110
 36   14.294526 -0.410349 -0.463635 -0.077628 0.082142 -1.931191
 37   15.834409 0.579420 -0.284600 0.220662 0.255022 -0.268783
 38   1.338910 -3.336558 -2.804281 0.071272 -0.139136 0.470123
 39   -4.516338 -1.086105 -0.640708 -0.027061 0.061445 -0.010713
 40   0.758715 -3.840406 2.987282 0.034773 -0.156295 0.442141
 41   -4.433840 -1.059130 0.959566 0.047051 -0.073094 -0.011022
 42   0.092555 2.533265 -2.672988 0.021740 -0.015576 -0.377854
 43   -0.011704 2.491571 2.881096 0.021740 -0.015580 -0.377854
time 89
  0   -0.455812 0.433607 -1.491862 0.000000 0.000000 -1.571069
  1   -1.093036 0.000002 -0.326057 -1.589150 -1.684241 0.018410
  2   2.262337 0.113614 0.064702 -0.135044 -0.007574 -0.104498
  3   2.380047 0.353302 0.047440 -0.209819 -0.001227 0.079704
  4   2.033756 0.190472 -0.000128 -0.129348 -0.025443 -0.133595
  5   2.451511 0.204909 -0.003447 -0.055065 -0.077046 -0.046670
  6   7.247600 -0.397300 -0.109469 0.000001 0.000021 0.156829
  7   -2.022252 -0.104661 3.136172 1.998837 -1.452752 -5.194271
  8   1.168026 -0.537438 -0.063437 -0.652820 0.396744 1.067773
  9   6.790376 -0.619176 0.015206 0.036348 0.036823 -0.963193
 10   8.637599 0.544015 -0.090417 -1.201032 -0.262335 -0.548852
 11   6.790465 -0.619039 0.017802 0.029643 0.011089 -0.689590
 12   -2.022474 -0.104699 -2.873818 -2.581470 1.426233 -5.757270
 13   1.167898 -0.537463 0.063297 0.424365 -0.613958 -0.061655
 14   7.002743 -0.617765 -0.183752 0.002450 -0.096227 -1.262169
 15   8.209042 0.615527 -0.255885 1.929821 0.196652 -0.266295
 16   7.002735 -0.617911 -0.183641 0.003000 -0.061708 -0.901785
 17   1.574674 0.609930 -0.000899 0.490691 -0.166962 0.490613
 18   -0.602177 0.511412 -0.000006 0.000000 0.000000 0.000000
 19   3.673773 0.177020 1.119313 -0.000002 -0.000014 -0.174510
 20   3.673767 0.176993 -1.117566 0.000007 -0.000003 -0.174546
 21   3.942357 1.330634 1.627658 0.000002 -0.000011 -0.000026
 22   -0.246060 -0.011889 0.516521 -0.000011 0.000031 0.000025
 23   3.942374 1.330659 -1.631083 0.000019 0.000002 -0.000024
 24   -0.246150 -0.011872 -0.516511 -0.000005 -0.000006 0.000048
 25   4.941364 1.997338 1.629330 0.000018 -0.000001 -0.000024
 26   4.941382 1.997366 -1.629410 -0.000001 0.000005 -0.000024
 27   2.918368 1.615358 1.514501 -0.000019 -0.000022 -0.000050
 28   2.920798 1.614964 -1.501142 -0.000002 -0.000009 -0.000024
 29   8.824059 0.150544 0.091743 -0.017373 -0.140000 -0.460586
 30   2.122804 -0.748685 1.725724 -0.021881 0.059996 -0.232370
 31   2.019724 -0.873799 -1.834067 -0.044510 -0.001684 -0.219221
 32   -0.810489 -0.093824 3.127092 0.298807 -3.055083 -0.182550
 33   14.298673 -0.408176 0.475484 -0.039841 -0.141499 -0.142311
 34   15.835795 0.581398 0.242756 0.042249 0.014789 -0.175754
 35   -0.815868 -0.091229 -3.114430 0.009518 3.088784 0.062657
 36   14.294526 -0.410349 -0.463635 -0.077544 0.082070 -1.930882
 37   15.834409 0.579420 -0.284600 0.220623 0.255022 -0.269188
 38   1.327191 -3.348277 -2.792562 0.065484 -0.129616 0.472811
 39   -4.520244 -1.086105 -0.632895 -0.029734 0.066179 -0.011078
 40   0.762621 -3.828687 2.995095 0.026964 -0.145450 0.439758
 41   -4.433840 -1.059130 0.959566 0.043671 -0.067341 -0.010910
 42   0.112087 2.552797 -2.672988 0.021800 -0.015637 -0.387933
 43   0.000015 2.511103 2.881096 0.021790 -0.015627 -0.387933
time 90
  0   -0.455812 0.433607 -1.491862 0.000000 0.000000 -1.571069
  1   -1.093036 0.000002 -0.326057 -1.587735 -1.684611 0.017007
  2   2.262337 0.113614 0.064702 -0.135134 -0.007562 -0.104462
  3   2.380047 0.353302 0.047440 -0.209864 -0.001227 0.079745
  4   2.033756 0.190472 -0.000128 -0.129348 -0.025479 -0.133559
  5   2.451511 0.204909 -0.003447 -0.055065 -0.077046 -0.046621
  6   7.247600 -0.397300 -0.109469 0.000001 0.000021 0.156829
  7   -2.022252 -0.104661 3.136172 1.996728 -1.452896 -5.192393
  8   1.168026 -0.537438 -0.063437 -0.653959 0.397348 1.067520
  9   6.790376 -0.619176 0.015206 0.036348 0.036823 -0.963193
 10   8.637599 0.544015 -0.090417 -1.201032 -0.262335 -0.548852
 11   6.790465 -0.619039 0.017802 0.029643 0.011089 -0.689705
 12   -2.022474 -0.104699 -2.873818 -2.580992 1.426581 -5.756792
 13   1.167898 -0.537463 0.063297 0.424154 -0.611771 -0.061776
 14   7.002743 -0.617765 -0.183752 0.002450 -0.096227 -1.261839
 15   8.209042 0.615527 -0.255885 1.929821 0.196652 -0.266295
 16   7.002735 -0.617911 -0.183641 0.003000 -0.061708 -0.901620
 17   1.574674 0.609930 -0.000899 0.490610 -0.166749 0.490428
 18   -0.602177 0.511412 -0.000006 0.000000 0.000000 0.000000
 19   3.673773 0.177020 1.119313 -0.000002 -0.000014 -0.174510
 20   3.677673 0.176993 -1.117566 0.000007 -0.000003 -0.174546
 21   3.942357 1.330634 1.627658 0.000002 -0.000011 -0.000026
 22   -0.246060 -0.011889 0.516521 -0.000011 0.000031 0.000025
 23   3.942374 1.330659 -1.631083 0.000019 0.000002 -0.000024
 24   -0.246150 -0.011872 -0.516511 -0.000005 -0.000006 0.000048
 25   4.941364 1.997338 1.629330 0.000018 -0.000001 -0.000024
 26   4.941382 1.997366 -1.629410 -0.000001 0.000005 -0.000024
 27   2.918368 1.615358 1.514501 -0.000019 -0.000022 -0.000050
 28   2.920798 1.614964 -1.501142 -0.000002 -0.000009 -0.000024
 29   8.824059 0.150544 0.091743 -0.013629 -0.125330 -0.458762
 30   2.130617 -0.752591 1.721818 -0.018111 0.064093 -0.232027
 31   2.027537 -0.865986 -1.834067 -0.042825 -0.003212 -0.218311
 32   -0.810489 -0.093824 3.127092 0.298993 -3.054987 -0.181866
 33   14.298673 -0.408176 0.475484 -0.039853 -0.141435 -0.141914
 34   15.835795 0.581398 0.242756 0.041650 0.014496 -0.175842
 35   -0.815868 -0.091229 -3.114430 0.009518 3.088784 0.063041
 36   14.294526 -0.410349 -0.463635 -0.077484 0.081986 -1.930496
 37   15.834409 0.579420 -0.284600 0.220623 0.255073 -0.269695
 38   1.319378 -3.359996 -2.780843 0.059506 -0.119831 0.475377
 39   -4.528057 -1.086105 -0.621176 -0.032442 0.070973 -0.011471
 40   0.778247 -3.816968 3.006814 0.018902 -0.134291 0.437376
 41   -4.433840 -1.059130 0.959566 0.040159 -0.061445 -0.010770
 42   0.123806 2.576235 -2.672988 0.021860 -0.015683 -0.397886
 43   0.019547 2.530635 2.881096 0.021865 -0.015689 -0.397886
time 91
  0   -0.455812 0.433607 -1.491862 0.000000 0.000000 -1.571069
  1   -1.093036 0.000002 -0.326057 -1.586320 -1.685074 0.015652
  2   2.262337 0.113614 0.064702 -0.135184 -0.007562 -0.104408
  3   2.380047 0.353302 0.047440 -0.209909 -0.001227 0.079806
  4   2.033756 0.190472 -0.000128 -0.129385 -0.025515 -0.133559
  5   2.451511 0.204909 -0.003447 -0.055065 -0.077059 -0.046621
  6   7.247600 -0.397300 -0.109469 0.000001 0.000021 0.156829
  7   -2.022252 -0.104661 3.136172 1.994811 -1.453040 -5.190609
  8   1.168026 -0.537438 -0.063437 -0.655098 0.397851 1.067267
  9   6.790376 -0.619176 0.015206 0.036348 0.036823 -0.963344
 10   8.637599 0.544015 -0.090417 -1.201032 -0.262335 -0.548852
 11   6.790465 -0.619039 0.017802 0.029643 0.011089 -0.689763
 12   -2.022474 -0.104699 -2.873818 -2.580321 1.426842 -5.756409
 13   1.167898 -0.537463 0.063297 0.423943 -0.609635 -0.061897
 14   7.002743 -0.617765 -0.183752 0.002450 -0.096227 -1.261426
 15   8.209042 0.615527 -0.255885 1.929821 0.196652 -0.266295
 16   7.002735 -0.617911 -0.183641 0.003047 -0.061708 -0.901454
 17   1.574674 0.609930 -0.000899 0.490610 -0.166607 0.490132
 18   -0.602177 0.511412 -0.000006 0.000000 0.000000 0.000000
 19   3.673773 0.177020 1.119313 -0.000002 -0.000014 -0.174510
 20   3.673767 0.176993 -1.117566 0.000007 -0.000003 -0.174546
 21   3.942357 1.330634 1.627658 0.000002 -0.000011 -0.000026
 22   -0.246060 -0.011889 0.516521 -0.000011 0.000031 0.000025
 23   3.942374 1.330659 -1.631083 0.000019 0.000002 -0.000024
 24   -0.246150 -0.011872 -0.516511 -0.000005 -0.000006 0.000048
 25   4.941364 1.997338 1.629330 0.000018 -0.000001 -0.000024
 26   4.941382 1.997366 -1.629410 -0.000001 0.000005 -0.000024
 27   2.918368 1.615358 1.514501 -0.000019 -0.000022 -0.000050
 28   2.920798 1.614964 -1.501142 -0.000002 -0.000009 -0.000024
 29   8.824059 0.150544 0.091743 -0.009797 -0.110280 -0.456777
 30   2.130617 -0.760404 1.714005 -0.014260 0.068307 -0.231705
 31   2.027537 -0.865986 -1.834067 -0.041078 -0.004792 -0.217438
 32   -0.810489 -0.093824 3.127092 0.299273 -3.054987 -0.181297
 33   14.298673 -0.408176 0.475484 -0.039877 -0.141344 -0.141517
 34   15.835795 0.581398 0.242756 0.041075 0.014228 -0.175842
 35   -0.815868 -0.091229 -3.114430 0.009518 3.088784 0.063534
 36   14.294526 -0.410349 -0.463635 -0.077400 0.081927 -1.930187
 37   15.834409 0.579420 -0.284600 0.220623 0.255099 -0.270152
 38   1.307659 -3.371715 -2.765217 0.053359 -0.109805 0.477821
 39   -4.535870 -1.093918 -0.609457 -0.035259 0.075827 -0.011807
 40   0.782153 -3.797436 3.010720 0.010672 -0.122867 0.434932
 41   -4.433840 -1.059130 0.959566 0.036600 -0.055393 -0.010629
 42   0.147244 2.595767 -2.672988 0.021908 -0.015760 -0.407714
 43   0.031266 2.554073 2.881096 0.021915 -0.015737 -0.407714
time 92
  0   -0.455812 0.433607 -1.491862 0.000000 0.000000 -1.571069
  1   -1.093036 0.000002 -0.326057 -1.585272 -1.685491 0.014442
  2   2.262337 0.113614 0.064702 -0.135235 -0.007550 -0.104372
  3   2.380047 0.353302 0.047440 -0.209954 -0.001227 0.079908
  4   2.033756 0.190472 -0.000128 -0.129385 -0.025551 -0.133559
  5   2.451511 0.204909 -0.003447 -0.055065 -0.077059 -0.046621
  6   7.247600 -0.397300 -0.109469 0.000001 0.000021 0.156829
  7   -2.022252 -0.104661 3.136172 1.992894 -1.453098 -5.189012
  8   1.168026 -0.537438 -0.063437 -0.655984 0.398304 1.067014
  9   6.790376 -0.619176 0.015206 0.036348 0.036823 -0.963344
 10   8.637599 0.544015 -0.090417 -1.201032 -0.262335 -0.548852
 11   6.790465 -0.619039 0.017802 0.029643 0.011089 -0.689763
 12   -2.022474 -0.104699 -2.873818 -2.579554 1.427045 -5.755739
 13   1.167898 -0.537463 0.063297 0.423943 -0.607296 -0.062018
 14   7.002743 -0.617765 -0.183752 0.002450 -0.096056 -1.261261
 15   8.209042 0.615527 -0.255885 1.929821 0.196652 -0.266295
 16   7.002735 -0.617911 -0.183641 0.003047 -0.061708 -0.901178
 17   1.574674 0.609930 -0.000899 0.490610 -0.166465 0.489874
 18   -0.602177 0.511412 -0.000006 0.000000 0.000000 0.000000
 19   3.673773 0.177020 1.119313 -0.000002 -0.000014 -0.174510
 20   3.673767 0.176993 -1.117566 0.000007 -0.000003 -0.174546
 21   3.942357 1.330634 1.627658 0.000002 -0.000011 -0.000026
 22   -0.246060 -0.011889 0.516521 -0.000011 0.000031 0.000025
 23   3.942374 1.330659 -1.631083 0.000019 0.000002 -0.000024
 24   -0.246150 -0.011872 -0.516511 -0.000005 -0.000006 0.000048
 25   4.941364 1.997338 1.629330 0.000018 -0.000001 -0.000024
 26   4.941382 1.997366 -1.629410 -0.000001 0.000005 -0.000024
 27   2.918368 1.615358 1.514501 -0.000019 -0.000022 -0.000050
 28   2.920798 1.614964 -1.501142 -0.000002 -0.000009 -0.000024
 29   8.824059 0.150544 0.091743 -0.005876 -0.094946 -0.454792
 30   2.130617 -0.768217 1.710099 -0.010314 0.072608 -0.231384
 31   2.027537 -0.858173 -1.834067 -0.039316 -0.006398 -0.216601
 32   -0.810489 -0.093824 3.127092 0.299366 -3.054892 -0.180785
 33   14.298673 -0.408176 0.475484 -0.039889 -0.141293 -0.141120
 34   15.835795 0.581398 0.242756 0.040546 0.013813 -0.175886
 35   -0.815868 -0.091229 -3.114430 0.009518 3.088784 0.064027
 36   14.294526 -0.410349 -0.463635 -0.077328 0.081867 -1.929955
 37   15.834409 0.579420 -0.284600 0.220623 0.255099 -0.270659
 38   1.295940 -3.383434 -2.753498 0.047129 -0.099586 0.480204
 39   -4.539776 -1.093918 -0.601644 -0.038111 0.080740 -0.012144
 40   0.793872 -3.785717 3.018533 0.002231 -0.111202 0.432366
 41   -4.433840 -1.059130 0.959566 0.032945 -0.049221 -0.010461
 42   0.162870 2.615299 -2.669082 0.021968 -0.015806 -0.417416
 43   0.050798 2.577511 2.881096 0.021965 -0.015815 -0.417416
time 93
  0   -0.455812 0.433607 -1.491862 0.000000 0.000000 -1.571069
  1   -1.093036 0.000002 -0.326057 -1.583962 -1.685815 0.013184
  2   2.262337 0.113614 0.064702 -0.135286 -0.007538 -0.104336
  3   2.380047 0.353302 0.047440 -0.209999 -0.001227 0.079949
  4   2.033756 0.190472 -0.000128 -0.129440 -0.025611 -0.133414
  5   2.451511 0.204909 -0.003447 -0.055065 -0.077059 -0.046571
  6   7.247600 -0.397300 -0.109469 0.000001 0.000021 0.156829
  7   -2.022252 -0.104661 3.136172 1.991360 -1.453242 -5.187134
  8   1.168026 -0.537438 -0.063437 -0.657060 0.398807 1.066824
  9   6.790376 -0.619176 0.015206 0.036348 0.036823 -0.963344
 10   8.637599 0.544015 -0.090417 -1.201032 -0.262335 -0.548852
 11   6.790465 -0.619039 0.017802 0.029643 0.011089 -0.689763
 12   -2.022474 -0.104699 -2.873818 -2.578979 1.427336 -5.755356
 13   1.167898 -0.537463 0.063297 0.423733 -0.605058 -0.062200
 14   7.002743 -0.617765 -0.183752 0.002450 -0.096056 -1.261014
 15   8.209042 0.615527 -0.255885 1.929821 0.196652 -0.266295
 16   7.002735 -0.617911 -0.183641 0.003047 -0.061595 -0.900957
 17   1.574674 0.609930 -0.000899 0.490610 -0.166323 0.489652
 18   -0.602177 0.511412 -0.000006 0.000000 0.000000 0.000000
 19   3.673773 0.177020 1.119313 -0.000002 -0.000014 -0.174510
 20   3.673767 0.176993 -1.117566 0.000007 -0.000003 -0.174546
 21   3.942357 1.338447 1.627658 0.000002 -0.000011 -0.000026
 22   -0.246060 -0.011889 0.516521 -0.000011 0.000031 0.000025
 23   3.942374 1.330659 -1.631083 0.000019 0.000002 -0.000024
 24   -0.246150 -0.011872 -0.516511 -0.000005 -0.000006 0.000048
 25   4.941364 1.997338 1.629330 0.000018 -0.000001 -0.000024
 26   4.941382 1.997366 -1.629410 -0.000001 0.000005 -0.000024
 27   2.918368 1.623171 1.514501 -0.000019 -0.000022 -0.000050
 28   2.920798 1.614964 -1.501142 -0.000002 -0.000009 -0.000024
 29   8.824059 0.150544 0.091743 -0.001955 -0.079350 -0.452807
 30   2.138430 -0.772123 1.710099 -0.006300 0.076967 -0.231105
 31   2.035350 -0.854267 -1.834067 -0.037508 -0.008004 -0.215782
 32   -0.810489 -0.093824 3.127092 0.299739 -3.054892 -0.180102
 33   14.298673 -0.408176 0.475484 -0.039889 -0.141228 -0.140723
 34   15.835795 0.581398 0.242756 0.039994 0.013349 -0.175974
 35   -0.815868 -0.091229 -3.114430 0.009518 3.088784 0.064575
 36   14.294526 -0.410349 -0.463635 -0.077244 0.081795 -1.929878
 37   15.834409 0.579420 -0.284600 0.220623 0.255150 -0.271166
 38   1.288127 -3.399060 -2.741779 0.040751 -0.089162 0.482342
 39   -4.547589 -1.097824 -0.589925 -0.040999 0.085714 -0.012452
 40   0.805591 -3.773998 3.026346 -0.006273 -0.099320 0.429800
 41   -4.433840 -1.059130 0.959566 0.029217 -0.042929 -0.010349
 42   0.178495 2.638737 -2.669082 0.022004 -0.015867 -0.426993
 43   0.062517 2.597043 2.881096 0.021990 -0.015846 -0.426993
time 94
  0   -0.455812 0.433607 -1.491862 0.000000 0.000000 -1.571069
  1   -1.093036 0.000002 -0.326057 -1.582966 -1.686232 0.012071
  2   2.262337 0.113614 0.064702 -0.135325 -0.007526 -0.104281
  3   2.380047 0.353302 0.047440 -0.210044 -0.001215 0.080010
  4   2.033756 0.190472 -0.000128 -0.129440 -0.025635 -0.133414
  5   2.451511 0.204909 -0.003447 -0.055065 -0.077059 -0.046522
  6   7.247600 -0.397300 -0.109469 0.000001 0.000021 0.156829
  7   -2.022252 -0.104661 3.136172 1.989443 -1.453386 -5.185537
  8   1.168026 -0.537438 -0.063437 -0.657946 0.399310 1.066571
  9   6.790376 -0.619176 0.015206 0.036348 0.036823 -0.963419
 10   8.637599 0.544015 -0.090417 -1.201032 -0.262335 -0.548852
 11   6.790465 -0.619039 0.017802 0.029643 0.011089 -0.689763
 12   -2.022474 -0.104699 -2.873818 -2.578501 1.427655 -5.754877
 13   1.167898 -0.537463 0.063297 0.423662 -0.602872 -0.062321
 14   7.002743 -0.617765 -0.183752 0.002450 -0.096056 -1.260601
 15   8.209042 0.615527 -0.255885 1.929821 0.196652 -0.266295
 16   7.002735 -0.617911 -0.183641 0.003047 -0.061595 -0.900847
 17   1.574674 0.609930 -0.000899 0.490529 -0.166181 0.489504
 18   -0.602177 0.511412 -0.000006 0.000000 0.000000 0.000000
 19   3.677679 0.177020 1.119313 -0.000002 -0.000014 -0.174510
 20   3.677673 0.176993 -1.117566 0.000007 -0.000003 -0.174546
 21   3.942357 1.330634 1.627658 0.000002 -0.000011 -0.000026
 22   -0.246060 -0.011889 0.516521 -0.000011 0.000031 0.000025
 23   3.942374 1.330659 -1.631083 0.000019 0.000002 -0.000024
 24   -0.246150 -0.011872 -0.516511 -0.000005 -0.000006 0.000048
 25   4.941364 1.997338 1.629330 0.000018 -0.000001 -0.000024
 26   4.941382 1.997366 -1.629410 -0.000001 0.000005 -0.000024
 27   2.918368 1.615358 1.514501 -0.000019 -0.000022 -0.000050
 28   2.920798 1.614964 -1.501142 -0.000002 -0.000009 -0.000024
 29   8.824059 0.150544 0.091743 0.001967 -0.063493 -0.450661
 30   2.142336 -0.772123 1.702286 -0.002205 0.081413 -0.230826
 31   2.039256 -0.854267 -1.826254 -0.035654 -0.009661 -0.215018
 32   -0.810489 -0.093824 3.127092 0.299832 -3.054796 -0.179476
 33   14.298673 -0.408176 0.475484 -0.039913 -0.141176 -0.140326
 34   15.835795 0.581398 0.242756 0.039488 0.012861 -0.176107
 35   -0.815868 -0.091229 -3.114430 0.009606 3.088784 0.064958
 36   14.294526 -0.410349 -0.463635 -0.077184 0.081735 -1.929569
 37   15.834409 0.579420 -0.284600 0.220563 0.255150 -0.271521
 38   1.276408 -3.414685 -2.730060 0.034310 -0.078606 0.484419
 39   -4.551495 -1.105637 -0.578206 -0.043947 0.090687 -0.012761
 40   0.813404 -3.754466 3.038065 -0.014966 -0.087294 0.427234
 41   -4.433840 -1.059130 0.959566 0.025442 -0.036541 -0.010209
 42   0.198027 2.658269 -2.669082 0.022052 -0.015913 -0.436403
 43   0.082049 2.616575 2.881096 0.022040 -0.015893 -0.436403
time 95
  0   -0.455812 0.433607 -1.491862 0.000000 0.000000 -1.571069
  1   -1.093036 0.000002 -0.326057 -1.581813 -1.686463 0.011200
  2   2.262337 0.113614 0.064702 -0.135376 -0.007514 -0.104227
  3   2.380047 0.353302 0.047440 -0.210074 -0.001215 0.080112
  4   2.033756 0.190472 -0.000128 -0.129440 -0.025659 -0.133305
  5   2.451511 0.204909 -0.003447 -0.055168 -0.077059 -0.046522
  6   7.247600 -0.397300 -0.109469 0.000001 0.000021 0.156829
  7   -2.022252 -0.104661 3.136172 1.988101 -1.453415 -5.184035
  8   1.168026 -0.537438 -0.063437 -0.658705 0.399763 1.066318
  9   6.790376 -0.619176 0.015206 0.036348 0.036823 -0.963419
 10   8.637599 0.544015 -0.090417 -1.201032 -0.262335 -0.548852
 11   6.790465 -0.619039 0.017802 0.029643 0.011089 -0.689878
 12   -2.022474 -0.104699 -2.873818 -2.578022 1.427858 -5.754303
 13   1.167898 -0.537463 0.063297 0.423451 -0.600482 -0.062321
 14   7.002743 -0.617765 -0.183752 0.002450 -0.096056 -1.260436
 15   8.209042 0.615527 -0.255885 1.929821 0.196652 -0.266295
 16   7.002735 -0.617911 -0.183641 0.003047 -0.061595 -0.900626
 17   1.574674 0.609930 -0.000899 0.490529 -0.166039 0.489282
 18   -0.602177 0.511412 -0.000006 0.000000 0.000000 0.000000
 19   3.673773 0.177020 1.119313 -0.000002 -0.000014 -0.174510
 20   3.677673 0.176993 -1.117566 0.000007 -0.000003 -0.174546
 21   3.942357 1.330634 1.627658 0.000002 -0.000011 -0.000026
 22   -0.246060 -0.011889 0.516521 -0.000011 0.000031 0.000025
 23   3.942374 1.330659 -1.631083 0.000019 0.000002 -0.000024
 24   -0.246150 -0.011872 -0.516511 -0.000005 -0.000006 0.000048
 25   4.941364 1.997338 1.629330 0.000018 -0.000001 -0.000024
 26   4.941382 1.997366 -1.629410 -0.000001 0.000005 -0.000024
 27   2.918368 1.615358 1.514501 -0.000019 -0.000022 -0.000050
 28   2.920798 1.614964 -1.501142 -0.000002 -0.000009 -0.000024
 29   8.824059 0.150544 0.091743 0.005888 -0.047398 -0.448568
 30   2.142336 -0.783842 1.698380 0.001877 0.085917 -0.230569
 31   2.039256 -0.854267 -1.826254 -0.033800 -0.011345 -0.214272
 32   -0.810489 -0.093824 3.127092 0.300205 -3.054701 -0.178907
 33   14.298673 -0.408176 0.475484 -0.039925 -0.141112 -0.139929
 34   15.835795 0.581398 0.242756 0.039051 0.012251 -0.176151
 35   -0.815868 -0.091229 -3.114430 0.009606 3.088878 0.065451
 36   14.294526 -0.410349 -0.463635 -0.077112 0.081675 -1.929569
 37   15.834409 0.579420 -0.284600 0.220563 0.255201 -0.271876
 38   1.264689 -3.422498 -2.718341 0.027764 -0.067905 0.486374
 39   -4.559308 -1.105637 -0.566487 -0.046932 0.095709 -0.013013
 40   0.825123 -3.746653 3.041971 -0.023743 -0.075086 0.424546
 41   -4.433840 -1.059130 0.959566 0.021631 -0.030081 -0.010040
 42   0.209746 2.677801 -2.669082 0.022100 -0.015959 -0.445687
 43   0.097674 2.632200 2.881096 0.022090 -0.015940 -0.445687
time 96
  0   -0.455812 0.433607 -1.491862 0.000000 0.000000 -1.571069
  1   -1.093036 0.000002 -0.326057 -1.581027 -1.686741 0.010232
  2   2.262337 0.113614 0.064702 -0.135427 -0.007502 -0.104155
  3   2.380047 0.353302 0.047440 -0.210104 -0.001203 0.080194
  4   2.033756 0.190472 -0.000128 -0.129440 -0.025683 -0.133269
  5   2.451511 0.204909 -0.003447 -0.055168 -0.077059 -0.046423
  6   7.247600 -0.397300 -0.109469 0.000001 0.000021 0.156829
  7   -2.022252 -0.104661 3.136172 1.986663 -1.453559 -5.182626
  8   1.168026 -0.537438 -0.063437 -0.659591 0.400115 1.066065
  9   6.790376 -0.619176 0.015206 0.036348 0.036823 -0.963570
 10   8.637599 0.544015 -0.090417 -1.201032 -0.262335 -0.548852
 11   6.790465 -0.619039 0.017802 0.029643 0.011146 -0.689936
 12   -2.022474 -0.104699 -2.873818 -2.577542 1.428061 -5.753920
 13   1.167898 -0.537463 0.063297 0.423240 -0.598295 -0.062442
 14   7.002743 -0.617765 -0.183752 0.002450 -0.096000 -1.260106
 15   8.209042 0.615527 -0.255885 1.929821 0.196652 -0.266295
 16   7.002735 -0.617911 -0.183641 0.003047 -0.061595 -0.900461
 17   1.574674 0.609930 -0.000899 0.490529 -0.165968 0.489134
 18   -0.602177 0.511412 -0.000006 0.000000 0.000000 0.000000
 19   3.673773 0.177020 1.119313 -0.000002 -0.000014 -0.174510
 20   3.673767 0.176993 -1.117566 0.000007 -0.000003 -0.174546
 21   3.942357 1.330634 1.627658 0.000002 -0.000011 -0.000026
 22   -0.246060 -0.011889 0.516521 -0.000011 0.000031 0.000025
 23   3.942374 1.330659 -1.631083 0.000019 0.000002 -0.000024
 24   -0.246150 -0.011872 -0.516511 -0.000005 -0.000006 0.000048
 25   4.941364 1.997338 1.629330 0.000018 -0.000001 -0.000024
 26   4.941382 1.997366 -1.629410 -0.000001 0.000005 -0.000024
 27   2.918368 1.615358 1.514501 -0.000019 -0.000022 -0.000050
 28   2.920798 1.614964 -1.501142 -0.000002 -0.000009 -0.000024
 29   8.824059 0.150544 0.091743 0.010077 -0.031233 -0.446530
 30   2.142336 -0.783842 1.690567 0.006040 0.090451 -0.230312
 31   2.039256 -0.846454 -1.826254 -0.031931 -0.013003 -0.213544
 32   -0.810489 -0.093824 3.127092 0.300298 -3.054701 -0.178110
 33   14.298673 -0.408176 0.475484 -0.039949 -0.141060 -0.139691
 34   15.835795 0.581398 0.242756 0.038591 0.011641 -0.176195
 35   -0.815868 -0.091229 -3.114430 0.009606 3.088878 0.065944
 36   14.294526 -0.410349 -0.463635 -0.077064 0.081627 -1.929260
 37   15.834409 0.579420 -0.284600 0.220623 0.255201 -0.272078
 38   1.252970 -3.438123 -2.698809 0.021154 -0.057108 0.488268
 39   -4.567121 -1.113450 -0.554768 -0.049952 0.100718 -0.013294
 40   0.836842 -3.731028 3.049784 -0.032626 -0.062783 0.421919
 41   -4.433840 -1.059130 0.959566 0.017772 -0.023574 -0.009872
 42   0.229278 2.693426 -2.669082 0.022136 -0.015990 -0.454804
 43   0.109393 2.651732 2.881096 0.022115 -0.015988 -0.454804
time 97
  0   -0.455812 0.433607 -1.491862 0.000000 0.000000 -1.571069
  1   -1.093036 0.000002 -0.326057 -1.580346 -1.686926 0.009700
  2   2.262337 0.113614 0.064702 -0.135465 -0.007490 -0.104083
  3   2.380047 0.353302 0.047440 -0.210134 -0.001191 0.080296
  4   2.033756 0.190472 -0.000128 -0.129440 -0.025695 -0.133160
  5   2.451511 0.204909 -0.003447 -0.055168 -0.077059 -0.046423
  6   7.247600 -0.397300 -0.109469 0.000001 0.000021 0.156829
  7   -2.022252 -0.104661 3.136172 1.985225 -1.453588 -5.181311
  8   1.168026 -0.537438 -0.063437 -0.660414 0.400568 1.065812
  9   6.790376 -0.619176 0.015206 0.036348 0.036823 -0.963721
 10   8.637599 0.544015 -0.090417 -1.201032 -0.262335 -0.548852
 11   6.790465 -0.619039 0.017802 0.029643 0.011146 -0.690051
 12   -2.022474 -0.104699 -2.873818 -2.576967 1.428206 -5.753537
 13   1.167898 -0.537463 0.063297 0.423170 -0.595956 -0.062563
 14   7.002743 -0.617765 -0.183752 0.002450 -0.096000 -1.259941
 15   8.209042 0.615527 -0.255885 1.929821 0.196652 -0.266295
 16   7.002735 -0.617911 -0.183641 0.003047 -0.061595 -0.900295
 17   1.574674 0.609930 -0.000899 0.490448 -0.165826 0.489023
 18   -0.602177 0.511412 -0.000006 0.000000 0.000000 0.000000
 19   3.673773 0.177020 1.119313 -0.000002 -0.000014 -0.174510
 20   3.673767 0.176993 -1.117566 0.000007 -0.000003 -0.174546
 21   3.942357 1.330634 1.627658 0.000002 -0.000011 -0.000026
 22   -0.246060 -0.011889 0.516521 -0.000011 0.000031 0.000025
 23   3.942374 1.330659 -1.631083 0.000019 0.000002 -0.000024
 24   -0.246150 -0.011872 -0.516511 -0.000005 -0.000006 0.000048
 25   4.941364 1.997338 1.629330 0.000018 -0.000001 -0.000024
 26   4.941382 1.997366 -1.629410 -0.000001 0.000005 -0.000024
 27   2.918368 1.615358 1.514501 -0.000019 -0.000022 -0.000050
 28   2.920798 1.614964 -1.501142 -0.000002 -0.000009 -0.000024
 29   8.824059 0.150544 0.091743 0.014265 -0.014877 -0.444384
 30   2.150149 -0.791655 1.682754 0.010244 0.095013 -0.230097
 31   2.047069 -0.846454 -1.826254 -0.030062 -0.014738 -0.212871
 32   -0.810489 -0.093824 3.127092 0.300578 -3.054605 -0.177427
 33   14.298673 -0.408176 0.475484 -0.039961 -0.141034 -0.139294
 34   15.835795 0.581398 0.242756 0.038177 0.010860 -0.176239
 35   -0.815868 -0.091229 -3.114430 0.009606 3.088878 0.066327
 36   14.294526 -0.410349 -0.463635 -0.077028 0.081579 -1.929260
 37   15.834409 0.579420 -0.284600 0.220623 0.255201 -0.272383
 38   1.245157 -3.449842 -2.687090 0.014524 -0.046226 0.490040
 39   -4.571027 -1.117356 -0.535236 -0.052984 0.105740 -0.013490
 40   0.852468 -3.711496 3.057597 -0.041593 -0.050358 0.419231
 41   -4.433840 -1.059130 0.959566 0.013889 -0.016994 -0.009732
 42   0.248810 2.712958 -2.669082 0.022160 -0.016036 -0.463796
 43   0.125019 2.671264 2.881096 0.022152 -0.016035 -0.463796
time 98
  0   -0.455812 0.433607 -1.491862 0.000000 0.000000 -1.571069
  1   -1.093036 0.000002 -0.326057 -1.579875 -1.687065 0.009071
  2   2.262337 0.113614 0.064702 -0.135477 -0.007478 -0.104028
  3   2.380047 0.353302 0.047440 -0.210149 -0.001179 0.080398
  4   2.033756 0.190472 -0.000128 -0.129477 -0.025707 -0.133124
  5   2.451511 0.204909 -0.003447 -0.055168 -0.077059 -0.046373
  6   7.247600 -0.397300 -0.109469 0.000001 0.000021 0.156829
  7   -2.022252 -0.104661 3.136172 1.983979 -1.453732 -5.180090
  8   1.168026 -0.537438 -0.063437 -0.661110 0.400870 1.065685
  9   6.790376 -0.619176 0.015206 0.036348 0.036889 -0.963872
 10   8.637599 0.544015 -0.090417 -1.201032 -0.262335 -0.548852
 11   6.790465 -0.619039 0.017802 0.029643 0.011146 -0.690109
 12   -2.022474 -0.104699 -2.873818 -2.576488 1.428409 -5.753154
 13   1.167898 -0.537463 0.063297 0.423030 -0.593769 -0.062563
 14   7.002743 -0.617765 -0.183752 0.002450 -0.096000 -1.259611
 15   8.209042 0.615527 -0.255885 1.929821 0.196652 -0.266295
 16   7.002735 -0.617911 -0.183641 0.003047 -0.061595 -0.900074
 17   1.574674 0.609930 -0.000899 0.490448 -0.165755 0.488876
 18   -0.602177 0.511412 -0.000006 0.000000 0.000000 0.000000
 19   3.673773 0.177020 1.119313 -0.000002 -0.000014 -0.174510
 20   3.673767 0.176993 -1.117566 0.000007 -0.000003 -0.174546
 21   3.942357 1.330634 1.627658 0.000002 -0.000011 -0.000026
 22   -0.246060 -0.011889 0.516521 -0.000011 0.000031 0.000025
 23   3.942374 1.330659 -1.631083 0.000019 0.000002 -0.000024
 24   -0.246150 -0.011872 -0.516511 -0.000005 -0.000006 0.000048
 25   4.941364 1.997338 1.629330 0.000018 -0.000001 -0.000024
 26   4.941382 1.997366 -1.629410 -0.000001 0.000005 -0.000024
 27   2.918368 1.615358 1.514501 -0.000019 -0.000022 -0.000050
 28   2.920798 1.614964 -1.501142 -0.000002 -0.000009 -0.000024
 29   8.824059 0.150544 0.091743 0.018365 0.001454 -0.442292
 30   2.154055 -0.799468 1.678848 0.014461 0.099605 -0.229861
 31   2.050975 -0.842548 -1.822348 -0.028162 -0.016422 -0.212216
 32   -0.810489 -0.093824 3.127092 0.300671 -3.054510 -0.176743
 33   14.298673 -0.408176 0.475484 -0.039985 -0.141008 -0.138897
 34   15.835795 0.581398 0.242756 0.037786 0.009957 -0.176239
 35   -0.815868 -0.091229 -3.114430 0.009606 3.089066 0.066875
 36   14.294526 -0.410349 -0.463635 -0.076992 0.081531 -1.929260
 37   15.834409 0.579420 -0.284600 0.220623 0.255227 -0.272535
 38   1.233438 -3.461562 -2.671464 0.007809 -0.035284 0.491567
 39   -4.582746 -1.117356 -0.527423 -0.056028 0.110774 -0.013742
 40   0.864187 -3.699777 3.069316 -0.050602 -0.037898 0.416481
 41   -4.433840 -1.059130 0.959566 0.009994 -0.010403 -0.009592
 42   0.260529 2.732490 -2.669082 0.022195 -0.016051 -0.472578
 43   0.136738 2.690796 2.881096 0.022202 -0.016050 -0.472578
time 99
  0   -0.455812 0.433607 -1.491862 0.000000 0.000000 -1.571069
  1   -1.093036 0.000002 -0.326057 -1.579455 -1.687204 0.008684
  2   2.262337 0.113614 0.064702 -0.135477 -0.007466 -0.103956
  3   2.380047 0.353302 0.047440 -0.210164 -0.001167 0.080500
  4   2.033756 0.190472 -0.000128 -0.129477 -0.025707 -0.133015
  5   2.451511 0.204909 -0.003447 -0.055168 -0.077059 -0.046299
  6   7.247600 -0.397300 -0.109469 0.000001 0.000021 0.156829
  7   -2.022252 -0.104661 3.136172 1.982733 -1.453761 -5.178963
  8   1.168026 -0.537438 -0.063437 -0.661616 0.401222 1.065622
  9   6.790376 -0.619176 0.015206 0.036348 0.036889 -0.963872
 10   8.637599 0.544015 -0.090417 -1.201032 -0.262335 -0.548852
 11   6.790465 -0.619039 0.017802 0.029643 0.011146 -0.690109
 12   -2.022474 -0.104699 -2.873818 -2.576010 1.428613 -5.752771
 13   1.167898 -0.537463 0.063297 0.422748 -0.591532 -0.062684
 14   7.002743 -0.617765 -0.183752 0.002450 -0.096000 -1.259446
 15   8.209042 0.615527 -0.255885 1.929821 0.196652 -0.266295
 16   7.002735 -0.617911 -0.183641 0.003047 -0.061595 -0.900019
 17   1.574674 0.609930 -0.000899 0.490407 -0.165755 0.488802
 18   -0.602177 0.511412 -0.000006 0.000000 0.000000 0.000000
 19   3.673773 0.177020 1.119313 -0.000002 -0.000014 -0.174510
 20   3.673767 0.176993 -1.117566 0.000007 -0.000003 -0.174546
 21   3.942357 1.330634 1.627658 0.000002 -0.000011 -0.000026
 22   -0.246060 -0.011889 0.516521 -0.000011 0.000031 0.000025
 23   3.942374 1.330659 -1.631083 0.000019 0.000002 -0.000024
 24   -0.246150 -0.011872 -0.516511 -0.000005 -0.000006 0.000048
 25   4.941364 1.997338 1.629330 0.000018 -0.000001 -0.000024
 26   4.941382 1.997366 -1.629410 -0.000001 0.000005 -0.000024
 27   2.918368 1.615358 1.514501 -0.000019 -0.000022 -0.000050
 28   2.920798 1.614964 -1.501142 -0.000002 -0.000009 -0.000024
 29   8.824059 0.150544 0.091743 0.022554 0.017929 -0.440146
 30   2.154055 -0.803374 1.671035 0.018692 0.104196 -0.229668
 31   2.050975 -0.834735 -1.822348 -0.026262 -0.018131 -0.211579
 32   -0.810489 -0.093824 3.127092 0.300857 -3.054415 -0.175947
 33   14.298673 -0.408176 0.475484 -0.039996 -0.140982 -0.138659
 34   15.835795 0.581398 0.242756 0.037418 0.008981 -0.176239
 35   -0.815868 -0.091229 -3.114430 0.009606 3.089066 0.067259
 36   14.294526 -0.410349 -0.463635 -0.076968 0.081495 -1.929260
 37   15.834409 0.579420 -0.284600 0.220623 0.255227 -0.272738
 38   1.221719 -3.473281 -2.659745 0.001137 -0.024330 0.493156
 39   -4.590559 -1.117356 -0.515704 -0.059072 0.115759 -0.013967
 40   0.875906 -3.680245 3.081035 -0.059611 -0.025414 0.413732
 41   -4.433840 -1.059130 0.959566 0.006075 -0.003775 -0.009451
 42   0.280061 2.755928 -2.669082 0.022219 -0.016097 -0.481194
 43   0.156270 2.714234 2.881096 0.022227 -0.016097 -0.481194
time 100
  0   -0.455812 0.433607 -1.491862 0.000000 0.000000 -1.571069
  1   -1.093036 0.000002 -0.326057 -1.579246 -1.687343 0.008587
  2   2.262337 0.113614 0.064702 -0.135516 -0.007454 -0.103848
  3   2.380047 0.353302 0.047440 -0.210164 -0.001155 0.080663
  4   2.033756 0.190472 -0.000128 -0.129477 -0.025707 -0.132979
  5   2.451511 0.204909 -0.003447 -0.055168 -0.077059 -0.046299
  6   7.247600 -0.397300 -0.109469 0.000001 0.000021 0.156829
  7   -2.022252 -0.104661 3.136172 1.981582 -1.453876 -5.177836
  8   1.168026 -0.537438 -0.063437 -0.662312 0.401524 1.065306
  9   6.790376 -0.619176 0.015206 0.036348 0.036889 -0.964023
 10   8.637599 0.544015 -0.090417 -1.201032 -0.262335 -0.548852
 11   6.790465 -0.619039 0.017802 0.029643 0.011146 -0.690109
 12   -2.022474 -0.104699 -2.873818 -2.575818 1.428845 -5.752388
 13   1.167898 -0.537463 0.063297 0.422748 -0.589192 -0.062684
 14   7.002743 -0.617765 -0.183752 0.002450 -0.095943 -1.259116
 15   8.209042 0.615527 -0.255885 1.929821 0.196652 -0.266295
 16   7.002735 -0.617911 -0.183641 0.003047 -0.061539 -0.899743
 17   1.574674 0.609930 -0.000899 0.490326 -0.165684 0.488765
 18   -0.602177 0.511412 -0.000006 0.000000 0.000000 0.000000
 19   3.673773 0.177020 1.119313 -0.000002 -0.000014 -0.174510
 20   3.673767 0.176993 -1.117566 0.000007 -0.000003 -0.174546
 21   3.942357 1.330634 1.627658 0.000002 -0.000011 -0.000026
 22   -0.246060 -0.011889 0.516521 -0.000011 0.000031 0.000025
 23   3.942374 1.330659 -1.631083 0.000019 0.000002 -0.000024
 24   -0.246150 -0.011872 -0.516511 -0.000005 -0.000006 0.000048
 25   4.941364 1.997338 1.629330 0.000018 -0.000001 -0.000024
 26   4.941382 1.997366 -1.629410 -0.000001 0.000005 -0.000024
 27   2.918368 1.615358 1.514501 -0.000019 -0.000022 -0.000050
 28   2.920798 1.614964 -1.501142 -0.000002 -0.000009 -0.000024
 29   8.824059 0.150544 0.091743 0.026742 0.034355 -0.438000
 30   2.154055 -0.811187 1.671035 0.022909 0.108788 -0.229475
 31   2.058788 -0.834735 -1.822348 -0.024362 -0.019815 -0.210942
 32   -0.810489 -0.093824 3.127092 0.301137 -3.054319 -0.175264
 33   14.298673 -0.408176 0.475484 -0.040020 -0.140970 -0.138341
 34   15.835795 0.581398 0.242756 0.037073 0.007907 -0.176239
 35   -0.815868 -0.091229 -3.114430 0.009694 3.089066 0.067642
 36   14.294526 -0.410349 -0.463635 -0.076956 0.081459 -1.929260
 37   15.834409 0.579420 -0.284600 0.220662 0.255227 -0.272738
 38   1.213906 -3.485000 -2.644120 -0.005536 -0.013364 0.494561
 39   -4.590559 -1.125169 -0.503985 -0.062128 0.120745 -0.014163
 40   0.879812 -3.668526 3.084941 -0.068620 -0.012905 0.411105
 41   -4.433840 -1.059130 0.959566 0.002168 0.002804 -0.009255
 42   0.291780 2.775460 -2.669082 0.022255 -0.016143 -0.489600
 43   0.167989 2.725953 2.881096 0.022252 -0.016129 -0.489600
time 101
  0   -0.455812 0.433607 -1.491862 0.000000 0.000000 -1.571069
  1   -1.093036 0.000002 -0.326057 -1.579193 -1.687343 0.008490
  2   2.262337 0.113614 0.064702 -0.135528 -0.007442 -0.103775
  3   2.380047 0.353302 0.047440 -0.210164 -0.001143 0.080765
  4   2.033756 0.190472 -0.000128 -0.129477 -0.025707 -0.132870
  5   2.451511 0.204909 -0.003447 -0.055168 -0.077072 -0.046200
  6   7.247600 -0.397300 -0.109469 0.000001 0.000021 0.156829
  7   -2.022252 -0.104661 3.136172 1.980624 -1.453905 -5.176804
  8   1.168026 -0.537438 -0.063437 -0.662945 0.401826 1.065306
  9   6.790376 -0.619176 0.015206 0.036348 0.036889 -0.964023
 10   8.637599 0.544015 -0.090417 -1.201032 -0.262335 -0.548852
 11   6.790465 -0.619039 0.017802 0.029643 0.011203 -0.690282
 12   -2.022474 -0.104699 -2.873818 -2.575531 1.428990 -5.752005
 13   1.167898 -0.537463 0.063297 0.422538 -0.587056 -0.062805
 14   7.002743 -0.617765 -0.183752 0.002393 -0.095943 -1.258951
 15   8.209042 0.615527 -0.255885 1.929821 0.196652 -0.266295
 16   7.002735 -0.617911 -0.183641 0.003047 -0.061539 -0.899522
 17   1.574674 0.609930 -0.000899 0.490326 -0.165684 0.488765
 18   -0.602177 0.511412 -0.000006 0.000000 0.000000 0.000000
 19   3.677679 0.177020 1.119313 -0.000002 -0.000014 -0.174510
 20   3.673767 0.176993 -1.117566 0.000007 -0.000003 -0.174546
 21   3.942357 1.330634 1.627658 0.000002 -0.000011 -0.000026
 22   -0.246060 -0.011889 0.516521 -0.000011 0.000031 0.000025
 23   3.942374 1.330659 -1.631083 0.000019 0.000002 -0.000024
 24   -0.246150 -0.011872 -0.516511 -0.000005 -0.000006 0.000048
 25   4.941364 1.997338 1.629330 0.000018 -0.000001 -0.000024
 26   4.941382 1.997366 -1.629410 -0.000001 0.000005 -0.000024
 27   2.918368 1.615358 1.514501 -0.000019 -0.000022 -0.000050
 28   2.920798 1.614964 -1.501142 -0.000002 -0.000009 -0.000024
 29   8.824059 0.150544 0.091743 0.030842 0.050782 -0.435854
 30   2.161868 -0.815093 1.659316 0.027140 0.113379 -0.229304
 31   2.058788 -0.826922 -1.822348 -0.022462 -0.021498 -0.210378
 32   -0.810489 -0.093824 3.127092 0.301510 -3.054224 -0.174353
 33   14.298673 -0.408176 0.475484 -0.040044 -0.140957 -0.138103
 34   15.835795 0.581398 0.242756 0.036889 0.006638 -0.176283
 35   -0.815868 -0.091229 -3.114430 0.009694 3.089066 0.068025
 36   14.294526 -0.410349 -0.463635 -0.076956 0.081447 -1.929337
 37   15.834409 0.579420 -0.284600 0.220682 0.255278 -0.272890
 38   1.202187 -3.504532 -2.636307 -0.012230 -0.002434 0.495905
 39   -4.602278 -1.129075 -0.492266 -0.065172 0.125670 -0.014359
 40   0.895438 -3.652900 3.092754 -0.077608 -0.000457 0.408417
 41   -4.433840 -1.059130 0.959566 -0.001715 0.009420 -0.009143
 42   0.303499 2.787179 -2.669082 0.022279 -0.016174 -0.497838
 43   0.179708 2.745485 2.881096 0.022277 -0.016176 -0.497838
time 102
  0   -0.455812 0.433607 -1.491862 0.000000 0.000000 -1.571069
  1   -1.093036 0.000002 -0.326057 -1.579350 -1.687297 0.008587
  2   2.262337 0.113614 0.064702 -0.135516 -0.007454 -0.103685
  3   2.380047 0.353302 0.047440 -0.210164 -0.001131 0.080908
  4   2.033756 0.190472 -0.000128 -0.129477 -0.025695 -0.132834
  5   2.451511 0.204909 -0.003447 -0.055185 -0.077059 -0.046200
  6   7.247600 -0.397300 -0.109469 0.000001 0.000021 0.156829
  7   -2.022252 -0.104661 3.136172 1.979665 -1.454020 -5.175864
  8   1.168026 -0.537438 -0.063437 -0.663388 0.402178 1.065116
  9   6.790376 -0.619176 0.015206 0.036348 0.037023 -0.964174
 10   8.637599 0.544015 -0.090417 -1.201032 -0.262335 -0.548852
 11   6.790465 -0.619039 0.017802 0.029643 0.011203 -0.690397
 12   -2.022474 -0.104699 -2.873818 -2.575051 1.429106 -5.751813
 13   1.167898 -0.537463 0.063297 0.422467 -0.584921 -0.062805
 14   7.002743 -0.617765 -0.183752 0.002393 -0.095943 -1.258786
 15   8.209042 0.615527 -0.255885 1.929821 0.196652 -0.266295
 16   7.002735 -0.617911 -0.183641 0.003047 -0.061539 -0.899412
 17   1.574674 0.609930 -0.000899 0.490448 -0.165684 0.488765
 18   -0.602177 0.511412 -0.000006 0.000000 0.000000 0.000000
 19   3.673773 0.177020 1.119313 -0.000002 -0.000014 -0.174510
 20   3.673767 0.176993 -1.117566 0.000007 -0.000003 -0.174546
 21   3.942357 1.330634 1.627658 0.000002 -0.000011 -0.000026
 22   -0.246060 -0.011889 0.516521 -0.000011 0.000031 0.000025
 23   3.942374 1.330659 -1.631083 0.000019 0.000002 -0.000024
 24   -0.246150 -0.011872 -0.516511 -0.000005 -0.000006 0.000048
 25   4.941364 1.997338 1.629330 0.000018 -0.000001 -0.000024
 26   4.941382 1.997366 -1.629410 -0.000001 0.000005 -0.000024
 27   2.918368 1.615358 1.514501 -0.000019 -0.000022 -0.000050
 28   2.920798 1.614964 -1.501142 -0.000002 -0.000009 -0.000024
 29   8.824059 0.150544 0.091743 0.035030 0.067114 -0.433762
 30   2.165774 -0.822906 1.659316 0.031330 0.117971 -0.229132
 31   2.058788 -0.826922 -1.822348 -0.020562 -0.023208 -0.209814
 32   -0.810489 -0.093824 3.127092 0.300764 -3.054319 -0.175719
 33   14.298673 -0.408176 0.475484 -0.039901 -0.141008 -0.140088
 34   15.835795 0.581398 0.242756 0.037326 0.006687 -0.176151
 35   -0.815868 -0.091229 -3.114430 0.009694 3.089066 0.067368
 36   14.294526 -0.410349 -0.463635 -0.076968 0.081459 -1.929569
 37   15.834409 0.579420 -0.284600 0.220563 0.255227 -0.272738
 38   1.190468 -3.516251 -2.620682 -0.018860 0.008411 0.497127
 39   -4.610091 -1.129075 -0.480547 -0.068204 0.130548 -0.014528
 40   0.907157 -3.637275 3.104473 -0.086554 0.011919 0.405729
 41   -4.433840 -1.059130 0.959566 -0.005598 0.015975 -0.008975
 42   0.323031 2.806711 -2.669082 0.022303 -0.016189 -0.505868
 43   0.191427 2.765017 2.881096 0.022327 -0.016192 -0.505868
time 103
  0   -0.455812 0.433607 -1.491862 0.000000 0.000000 -1.571069
  1   -1.093036 0.000002 -0.326057 -1.579770 -1.687158 0.008974
  2   2.262337 0.113614 0.064702 -0.135477 -0.007466 -0.103559
  3   2.380047 0.353302 0.047440 -0.210149 -0.001107 0.081051
  4   2.033756 0.190472 -0.000128 -0.129477 -0.025671 -0.132689
  5   2.451511 0.204909 -0.003447 -0.055185 -0.077059 -0.046101
  6   7.247600 -0.397300 -0.109469 0.000001 0.000021 0.156829
  7   -2.022252 -0.104661 3.136172 1.978707 -1.454078 -5.175019
  8   1.168026 -0.537438 -0.063437 -0.664021 0.402329 1.065053
  9   6.790376 -0.619176 0.015206 0.036348 0.037023 -0.964174
 10   8.637599 0.544015 -0.090417 -1.201032 -0.262335 -0.548852
 11   6.790465 -0.619039 0.017802 0.029643 0.011203 -0.690455
 12   -2.022474 -0.104699 -2.873818 -2.574860 1.429251 -5.751622
 13   1.167898 -0.537463 0.063297 0.422327 -0.582836 -0.062805
 14   7.002743 -0.617765 -0.183752 0.002393 -0.095943 -1.258291
 15   8.209042 0.615527 -0.255885 1.929821 0.196652 -0.266295
 16   7.002735 -0.617911 -0.183641 0.003047 -0.061539 -0.899246
 17   1.574674 0.609930 -0.000899 0.490529 -0.165755 0.488839
 18   -0.602177 0.511412 -0.000006 0.000000 0.000000 0.000000
 19   3.673773 0.177020 1.119313 -0.000002 -0.000014 -0.174510
 20   3.673767 0.176993 -1.117566 0.000007 -0.000003 -0.174546
 21   3.942357 1.330634 1.627658 0.000002 -0.000011 -0.000026
 22   -0.246060 -0.011889 0.516521 -0.000011 0.000031 0.000025
 23   3.942374 1.330659 -1.631083 0.000019 0.000002 -0.000024
 24   -0.246150 -0.011872 -0.516511 -0.000005 -0.000006 0.000048
 25   4.941364 1.997338 1.629330 0.000018 -0.000001 -0.000024
 26   4.941382 1.997366 -1.629410 -0.000001 0.000005 -0.000024
 27   2.918368 1.615358 1.514501 -0.000019 -0.000022 -0.000050
 28   2.920798 1.614964 -1.501142 -0.000002 -0.000009 -0.000024
 29   8.824059 0.150544 0.091743 0.039130 0.083327 -0.431616
 30   2.165774 -0.826812 1.647597 0.035493 0.122504 -0.228982
 31   2.066601 -0.823016 -1.822348 -0.018693 -0.024865 -0.209286
 32   -0.810489 -0.093824 3.127092 0.300205 -3.054510 -0.177370
 33   14.298673 -0.408176 0.475484 -0.039745 -0.141086 -0.142073
 34   15.835795 0.581398 0.242756 0.037924 0.006760 -0.175842
 35   -0.815868 -0.091229 -3.114430 0.009606 3.088878 0.066766
 36   14.294526 -0.410349 -0.463635 -0.077004 0.081507 -1.929569
 37   15.834409 0.579420 -0.284600 0.220426 0.255201 -0.272535
 38   1.178749 -3.527970 -2.605056 -0.025448 0.019221 0.498288
 39   -4.613997 -1.136888 -0.464921 -0.071224 0.135402 -0.014696
 40   0.918876 -3.625556 3.112286 -0.095437 0.024247 0.402979
 41   -4.433840 -1.059130 0.959566 -0.009457 0.022495 -0.008834
 42   0.334750 2.826243 -2.669082 0.022327 -0.016220 -0.513689
 43   0.203146 2.776736 2.881096 0.022327 -0.016223 -0.513689
time 104
  0   -0.455812 0.433607 -1.491862 0.000000 0.000000 -1.571069
  1   -1.093036 0.000002 -0.326057 -1.580346 -1.686880 0.009700
  2   2.262337 0.113614 0.064702 -0.135465 -0.007466 -0.103378
  3   2.380047 0.353302 0.047440 -0.210134 -0.001083 0.081255
  4   2.033756 0.190472 -0.000128 -0.129477 -0.025647 -0.132544
  5   2.451511 0.204909 -0.003447 -0.055185 -0.077046 -0.046002
  6   7.247600 -0.397300 -0.109469 0.000001 0.000021 0.156829
  7   -2.022252 -0.104661 3.136172 1.977940 -1.454078 -5.174362
  8   1.168026 -0.537438 -0.063437 -0.664337 0.402530 1.064863
  9   6.790376 -0.619176 0.015206 0.036348 0.037023 -0.964325
 10   8.637599 0.544015 -0.090417 -1.201032 -0.262335 -0.548852
 11   6.790465 -0.619039 0.017802 0.029643 0.011203 -0.690455
 12   -2.022474 -0.104699 -2.873818 -2.574476 1.429309 -5.751335
 13   1.167898 -0.537463 0.063297 0.422045 -0.580700 -0.062926
 14   7.002743 -0.617765 -0.183752 0.002393 -0.095943 -1.258126
 15   8.209042 0.615527 -0.255885 1.929821 0.196652 -0.266295
 16   7.002735 -0.617911 -0.183641 0.003047 -0.061426 -0.899136
 17   1.574674 0.609930 -0.000899 0.490610 -0.165897 0.488913
 18   -0.602177 0.511412 -0.000006 0.000000 0.000000 0.000000
 19   3.673773 0.177020 1.119313 -0.000002 -0.000014 -0.174510
 20   3.673767 0.176993 -1.117566 0.000007 -0.000003 -0.174546
 21   3.942357 1.330634 1.627658 0.000002 -0.000011 -0.000026
 22   -0.246060 -0.011889 0.516521 -0.000011 0.000031 0.000025
 23   3.942374 1.330659 -1.631083 0.000019 0.000002 -0.000024
 24   -0.246150 -0.011872 -0.516511 -0.000005 -0.000006 0.000048
 25   4.941364 1.997338 1.629330 0.000018 -0.000001 -0.000024
 26   4.941382 1.997366 -1.629410 -0.000001 0.000005 -0.000024
 27   2.918368 1.615358 1.514501 -0.000019 -0.000022 -0.000050
 28   2.920798 1.614964 -1.501142 -0.000002 -0.000009 -0.000024
 29   8.824059 0.150544 0.091743 0.043229 0.099374 -0.429523
 30   2.169681 -0.834625 1.647597 0.039615 0.126979 -0.228853
 31   2.070507 -0.823016 -1.822348 -0.016839 -0.026549 -0.208795
 32   -0.810489 -0.093824 3.127092 0.299459 -3.054701 -0.178907
 33   14.298673 -0.408176 0.475484 -0.039577 -0.141202 -0.144296
 34   15.835795 0.581398 0.242756 0.038591 0.006858 -0.175666
 35   -0.815868 -0.091229 -3.114430 0.009606 3.088784 0.066108
 36   14.294526 -0.410349 -0.463635 -0.077076 0.081579 -1.929878
 37   15.834409 0.579420 -0.284600 0.220347 0.255150 -0.272028
 38   1.167030 -3.547502 -2.593337 -0.032016 0.029922 0.499265
 39   -4.621810 -1.136888 -0.453202 -0.074221 0.140160 -0.014836
 40   0.930595 -3.613837 3.116192 -0.104214 0.036430 0.400352
 41   -4.433840 -1.059130 0.959566 -0.013268 0.028967 -0.008638
 42   0.346469 2.837962 -2.669082 0.022351 -0.016235 -0.521300
 43   0.214865 2.796268 2.881096 0.022352 -0.016239 -0.521300
time 105
  0   -0.455812 0.433607 -1.491862 0.000000 0.000000 -1.571069
  1   -1.093036 0.000002 -0.326057 -1.581447 -1.686602 0.010716
  2   2.262337 0.113614 0.064702 -0.135427 -0.007478 -0.103215
  3   2.380047 0.353302 0.047440 -0.210089 -0.001059 0.081520
  4   2.033756 0.190472 -0.000128 -0.129440 -0.025611 -0.132399
  5   2.451511 0.204909 -0.003447 -0.055185 -0.077033 -0.045878
  6   7.247600 -0.397300 -0.109469 0.000001 0.000021 0.156829
  7   -2.022252 -0.104661 3.136172 1.977269 -1.454193 -5.173610
  8   1.168026 -0.537438 -0.063437 -0.664780 0.402782 1.064800
  9   6.790376 -0.619176 0.015206 0.036348 0.037023 -0.964476
 10   8.637599 0.544015 -0.090417 -1.201032 -0.262335 -0.548852
 11   6.790465 -0.619039 0.017802 0.029643 0.011203 -0.690455
 12   -2.022474 -0.104699 -2.873818 -2.574093 1.429396 -5.750952
 13   1.167898 -0.537463 0.063297 0.422045 -0.578666 -0.062926
 14   7.002743 -0.617765 -0.183752 0.002393 -0.095773 -1.258126
 15   8.209042 0.615527 -0.255885 1.929821 0.196652 -0.266295
 16   7.002735 -0.617911 -0.183641 0.003094 -0.061426 -0.898915
 17   1.574674 0.609930 -0.000899 0.490691 -0.166039 0.489097
 18   -0.602177 0.511412 -0.000006 0.000000 0.000000 0.000000
 19   3.673773 0.177020 1.119313 -0.000002 -0.000014 -0.174510
 20   3.673767 0.176993 -1.117566 0.000007 -0.000003 -0.174546
 21   3.942357 1.330634 1.627658 0.000002 -0.000011 -0.000026
 22   -0.246060 -0.011889 0.516521 -0.000011 0.000031 0.000025
 23   3.942374 1.330659 -1.631083 0.000019 0.000002 -0.000024
 24   -0.246150 -0.011872 -0.516511 -0.000005 -0.000006 0.000048
 25   4.941364 1.997338 1.629330 0.000018 -0.000001 -0.000024
 26   4.941382 1.997366 -1.629410 -0.000001 0.000005 -0.000024
 27   2.918368 1.615358 1.514501 -0.000019 -0.000022 -0.000050
 28   2.920798 1.614964 -1.501142 -0.000002 -0.000009 -0.000024
 29   8.824059 0.150544 0.091743 0.047240 0.115231 -0.427485
 30   2.169681 -0.834625 1.635878 0.043697 0.131426 -0.228725
 31   2.070507 -0.815203 -1.814535 -0.015000 -0.028181 -0.208322
 32   -0.810489 -0.093824 3.127092 0.298900 -3.054892 -0.180386
 33   14.298673 -0.408176 0.475484 -0.039421 -0.141319 -0.146440
 34   15.835795 0.581398 0.242756 0.039281 0.006931 -0.175401
 35   -0.815868 -0.091229 -3.114430 0.009606 3.088784 0.065341
 36   14.294526 -0.410349 -0.463635 -0.077184 0.081675 -1.930187
 37   15.834409 0.579420 -0.284600 0.220229 0.255073 -0.271521
 38   1.159217 -3.559221 -2.581618 -0.038457 0.040478 0.500243
 39   -4.625716 -1.144701 -0.441483 -0.077157 0.144846 -0.014976
 40   0.938408 -3.598211 3.124005 -0.112907 0.048493 0.397725
 41   -4.433840 -1.059130 0.959566 -0.017031 0.035355 -0.008526
 42   0.366001 2.857494 -2.669082 0.022375 -0.016266 -0.528702
 43   0.230491 2.815800 2.881096 0.022377 -0.016254 -0.528702
time 106
  0   -0.455812 0.433607 -1.491862 0.000000 0.000000 -1.571069
  1   -1.093036 0.000002 -0.326057 -1.582704 -1.686278 0.011926
  2   2.262337 0.113614 0.064702 -0.135376 -0.007478 -0.103035
  3   2.380047 0.353302 0.047440 -0.210059 -0.001023 0.081765
  4   2.033756 0.190472 -0.000128 -0.129440 -0.025527 -0.132145
  5   2.451511 0.204909 -0.003447 -0.055185 -0.077020 -0.045779
  6   7.247600 -0.397300 -0.109469 0.000001 0.000021 0.156829
  7   -2.022252 -0.104661 3.136172 1.976598 -1.454251 -5.173141
  8   1.168026 -0.537438 -0.063437 -0.665223 0.402983 1.064610
  9   6.790376 -0.619176 0.015206 0.036348 0.037023 -0.964476
 10   8.637599 0.544015 -0.090417 -1.201032 -0.262335 -0.548852
 11   6.790465 -0.619039 0.017802 0.029643 0.011203 -0.690455
 12   -2.022474 -0.104699 -2.873818 -2.573997 1.429512 -5.750952
 13   1.167898 -0.537463 0.063297 0.421835 -0.576784 -0.062987
 14   7.002743 -0.617765 -0.183752 0.002393 -0.095773 -1.257796
 15   8.209042 0.615527 -0.255885 1.929821 0.196652 -0.266295
 16   7.002735 -0.617911 -0.183641 0.003094 -0.061426 -0.898860
 17   1.574674 0.609930 -0.000899 0.490854 -0.166181 0.489282
 18   -0.602177 0.511412 -0.000006 0.000000 0.000000 0.000000
 19   3.673773 0.177020 1.119313 -0.000002 -0.000014 -0.174510
 20   3.673767 0.176993 -1.117566 0.000007 -0.000003 -0.174546
 21   3.942357 1.330634 1.627658 0.000002 -0.000011 -0.000026
 22   -0.246060 -0.011889 0.516521 -0.000011 0.000031 0.000025
 23   3.942374 1.330659 -1.631083 0.000019 0.000002 -0.000024
 24   -0.246150 -0.011872 -0.516511 -0.000005 -0.000006 0.000048
 25   4.941364 1.997338 1.629330 0.000018 -0.000001 -0.000024
 26   4.941382 1.997366 -1.629410 -0.000001 0.000005 -0.000024
 27   2.918368 1.615358 1.514501 -0.000019 -0.000022 -0.000050
 28   2.920798 1.614964 -1.501142 -0.000002 -0.000009 -0.000024
 29   8.824059 0.150544 0.091743 0.051161 0.130827 -0.425392
 30   2.173587 -0.846344 1.635878 0.047724 0.135785 -0.228596
 31   2.070507 -0.815203 -1.814535 -0.013192 -0.029787 -0.207867
 32   -0.810489 -0.093824 3.127092 0.298154 -3.055083 -0.181980
 33   14.298673 -0.408176 0.475484 -0.039277 -0.141487 -0.148504
 34   15.835795 0.581398 0.242756 0.039948 0.007004 -0.175092
 35   -0.815868 -0.091229 -3.114430 0.009518 3.088784 0.064575
 36   14.294526 -0.410349 -0.463635 -0.077316 0.081783 -1.930805
 37   15.834409 0.579420 -0.284600 0.220169 0.254971 -0.270659
 38   1.147498 -3.570940 -2.562086 -0.044835 0.050890 0.501098
 39   -4.633529 -1.148607 -0.429764 -0.080057 0.149436 -0.015089
 40   0.950127 -3.582586 3.135724 -0.121474 0.060350 0.395159
 41   -4.433840 -1.059130 0.959566 -0.020746 0.041622 -0.008386
 42   0.377720 2.873119 -2.669082 0.022399 -0.016281 -0.535854
 43   0.242210 2.827519 2.881096 0.022402 -0.016286 -0.535854
time 107
  0   -0.455812 0.433607 -1.491862 0.000000 0.000000 -1.571069
  1   -1.093036 0.000002 -0.326057 -1.584119 -1.685769 0.013474
  2   2.262337 0.113614 0.064702 -0.135286 -0.007478 -0.102800
  3   2.380047 0.353302 0.047440 -0.209999 -0.000987 0.082071
  4   2.033756 0.190472 -0.000128 -0.129440 -0.025479 -0.131964
  5   2.451511 0.204909 -0.003447 -0.055202 -0.077007 -0.045680
  6   7.247600 -0.397300 -0.109469 0.000001 0.000021 0.156829
  7   -2.022252 -0.104661 3.136172 1.976023 -1.454251 -5.172390
  8   1.168026 -0.537438 -0.063437 -0.665476 0.403134 1.064610
  9   6.790376 -0.619176 0.015206 0.036348 0.037023 -0.964551
 10   8.637599 0.544015 -0.090417 -1.201032 -0.262335 -0.548852
 11   6.790465 -0.619039 0.017802 0.029643 0.011203 -0.690628
 12   -2.022474 -0.104699 -2.873818 -2.573806 1.429599 -5.750569
 13   1.167898 -0.537463 0.063297 0.421835 -0.574903 -0.062987
 14   7.002743 -0.617765 -0.183752 0.002393 -0.095773 -1.257631
 15   8.209042 0.615527 -0.255885 1.929821 0.196652 -0.266295
 16   7.002735 -0.617911 -0.183641 0.003094 -0.061426 -0.898639
 17   1.574674 0.609930 -0.000899 0.490935 -0.166394 0.489504
 18   -0.602177 0.511412 -0.000006 0.000000 0.000000 0.000000
 19   3.677679 0.177020 1.119313 -0.000002 -0.000014 -0.174510
 20   3.673767 0.176993 -1.117566 0.000007 -0.000003 -0.174546
 21   3.942357 1.330634 1.627658 0.000002 -0.000011 -0.000026
 22   -0.246060 -0.011889 0.516521 -0.000011 0.000031 0.000025
 23   3.942374 1.330659 -1.631083 0.000019 0.000002 -0.000024
 24   -0.246150 -0.011872 -0.516511 -0.000005 -0.000006 0.000048
 25   4.941364 1.997338 1.629330 0.000018 -0.000001 -0.000024
 26   4.941382 1.997366 -1.629410 -0.000001 0.000005 -0.000024
 27   2.918368 1.623171 1.514501 -0.000019 -0.000022 -0.000050
 28   2.920798 1.614964 -1.501142 -0.000002 -0.000009 -0.000024
 29   8.824059 0.150544 0.091743 0.055083 0.146161 -0.423407
 30   2.173587 -0.846344 1.628065 0.051670 0.140086 -0.228489
 31   2.078320 -0.811297 -1.814535 -0.011430 -0.031367 -0.207467
 32   -0.810489 -0.093824 3.127092 0.297595 -3.055179 -0.183517
 33   14.298673 -0.408176 0.475484 -0.039146 -0.141655 -0.150648
 34   15.835795 0.581398 0.242756 0.040684 0.007126 -0.174916
 35   -0.815868 -0.091229 -3.114430 0.009518 3.088784 0.063917
 36   14.294526 -0.410349 -0.463635 -0.077472 0.081903 -1.931191
 37   15.834409 0.579420 -0.284600 0.220150 0.254894 -0.269645
 38   1.139685 -3.582659 -2.550367 -0.051065 0.061108 0.501892
 39   -4.641342 -1.148607 -0.421951 -0.082897 0.153930 -0.015201
 40   0.961846 -3.570867 3.143537 -0.129915 0.072015 0.392716
 41   -4.433840 -1.059130 0.959566 -0.024414 0.047819 -0.008245
 42   0.389439 2.888745 -2.669082 0.022411 -0.016312 -0.542754
 43   0.253929 2.839238 2.881096 0.022427 -0.016286 -0.542754
time 108
  0   -0.455812 0.433607 -1.491862 0.000000 0.000000 -1.571069
  1   -1.093036 0.000002 -0.326057 -1.586058 -1.685167 0.015216
  2   2.262337 0.113614 0.064702 -0.135235 -0.007478 -0.102529
  3   2.380047 0.353302 0.047440 -0.209939 -0.000951 0.082377
  4   2.033756 0.190472 -0.000128 -0.129440 -0.025419 -0.131819
  5   2.451511 0.204909 -0.003447 -0.055202 -0.077007 -0.045506
  6   7.247600 -0.397300 -0.109469 0.000001 0.000021 0.156829
  7   -2.022252 -0.104661 3.136172 1.975352 -1.454251 -5.171920
  8   1.168026 -0.537438 -0.063437 -0.665856 0.403285 1.064547
  9   6.790376 -0.619176 0.015206 0.036348 0.037023 -0.964551
 10   8.637599 0.544015 -0.090417 -1.201032 -0.262335 -0.548852
 11   6.790465 -0.619039 0.017802 0.029643 0.011203 -0.690743
 12   -2.022474 -0.104699 -2.873818 -2.573519 1.429716 -5.750569
 13   1.167898 -0.537463 0.063297 0.421624 -0.572970 -0.062987
 14   7.002743 -0.617765 -0.183752 0.002393 -0.095773 -1.257466
 15   8.209042 0.615527 -0.255885 1.929821 0.196652 -0.266295
 16   7.002735 -0.617911 -0.183641 0.003094 -0.061426 -0.898584
 17   1.574674 0.609930 -0.000899 0.491016 -0.166678 0.489726
 18   -0.602177 0.511412 -0.000006 0.000000 0.000000 0.000000
 19   3.673773 0.177020 1.119313 -0.000002 -0.000014 -0.174510
 20   3.673767 0.176993 -1.117566 0.000007 -0.000003 -0.174546
 21   3.942357 1.330634 1.627658 0.000002 -0.000011 -0.000026
 22   -0.246060 -0.011889 0.516521 -0.000011 0.000031 0.000025
 23   3.942374 1.330659 -1.631083 0.000019 0.000002 -0.000024
 24   -0.246150 -0.011872 -0.516511 -0.000005 -0.000006 0.000048
 25   4.941364 1.997338 1.629330 0.000018 -0.000001 -0.000024
 26   4.941382 1.997366 -1.629410 -0.000001 0.000005 -0.000024
 27   2.918368 1.615358 1.514501 -0.000019 -0.000022 -0.000050
 28   2.920798 1.614964 -1.501142 -0.000002 -0.000009 -0.000024
 29   8.824059 0.150544 0.091743 0.058826 0.161235 -0.421530
 30   2.173587 -0.854157 1.620252 0.055507 0.144299 -0.228403
 31   2.078320 -0.811297 -1.814535 -0.009699 -0.032921 -0.207048
 32   -0.810489 -0.093824 3.127092 0.297129 -3.055370 -0.185282
 33   14.298673 -0.408176 0.475484 -0.039026 -0.141848 -0.152871
 34   15.835795 0.581398 0.242756 0.041397 0.007224 -0.174607
 35   -0.815868 -0.091229 -3.114430 0.009518 3.088784 0.063260
 36   14.294526 -0.410349 -0.463635 -0.077628 0.082046 -1.932041
 37   15.834409 0.579420 -0.284600 0.220110 0.254766 -0.268631
 38   1.131872 -3.598285 -2.538648 -0.057190 0.071147 0.502625
 39   -4.645248 -1.148607 -0.410232 -0.085714 0.158316 -0.015313
 40   0.969659 -3.555241 3.147443 -0.138124 0.083439 0.390211
 41   -4.433840 -1.059130 0.959566 -0.027973 0.053859 -0.008077
 42   0.401158 2.904370 -2.669082 0.022423 -0.016327 -0.549404
 43   0.265648 2.858770 2.881096 0.022427 -0.016301 -0.549404
time 109
  0   -0.455812 0.433607 -1.491862 0.000000 0.000000 -1.571069
  1   -1.093036 0.000002 -0.326057 -1.588102 -1.684472 0.017297
  2   2.262337 0.113614 0.064702 -0.135134 -0.007466 -0.102239
  3   2.380047 0.353302 0.047440 -0.209879 -0.000903 0.082765
  4   2.033756 0.190472 -0.000128 -0.129440 -0.025347 -0.131529
  5   2.451511 0.204909 -0.003447 -0.055202 -0.076994 -0.045358
  6   7.247600 -0.397300 -0.109469 0.000001 0.000021 0.156829
  7   -2.022252 -0.104661 3.136172 1.974777 -1.454366 -5.171544
  8   1.168026 -0.537438 -0.063437 -0.666109 0.403436 1.064357
  9   6.790376 -0.619176 0.015206 0.036348 0.037023 -0.964702
 10   8.637599 0.544015 -0.090417 -1.201032 -0.262335 -0.548852
 11   6.790465 -0.619039 0.017802 0.029643 0.011203 -0.690743
 12   -2.022474 -0.104699 -2.873818 -2.573519 1.429774 -5.750473
 13   1.167898 -0.537463 0.063297 0.421553 -0.571241 -0.062987
 14   7.002743 -0.617765 -0.183752 0.002393 -0.095773 -1.257301
 15   8.209042 0.615527 -0.255885 1.929821 0.196652 -0.266295
 16   7.002735 -0.617911 -0.183641 0.003094 -0.061426 -0.898363
 17   1.574674 0.609930 -0.000899 0.491138 -0.166962 0.490058
 18   -0.602177 0.511412 -0.000006 0.000000 0.000000 0.000000
 19   3.677679 0.177020 1.119313 -0.000002 -0.000014 -0.174510
 20   3.673767 0.176993 -1.117566 0.000007 -0.000003 -0.174546
 21   3.942357 1.330634 1.627658 0.000002 -0.000011 -0.000026
 22   -0.246060 -0.011889 0.516521 -0.000011 0.000031 0.000025
 23   3.942374 1.330659 -1.631083 0.000019 0.000002 -0.000024
 24   -0.246150 -0.011872 -0.516511 -0.000005 -0.000006 0.000048
 25   4.941364 1.997338 1.629330 0.000018 -0.000001 -0.000024
 26   4.941382 1.997366 -1.629410 -0.000001 0.000005 -0.000024
 27   2.918368 1.615358 1.514501 -0.000019 -0.000022 -0.000050
 28   2.920798 1.614964 -1.501142 -0.000002 -0.000009 -0.000024
 29   8.824059 0.150544 0.091743 0.062569 0.175905 -0.419545
 30   2.181400 -0.858063 1.616346 0.059291 0.148397 -0.228317
 31   2.082226 -0.803484 -1.814535 -0.007983 -0.034423 -0.206666
 32   -0.810489 -0.093824 3.127092 0.296570 -3.055561 -0.186819
 33   14.298673 -0.408176 0.475484 -0.038894 -0.142068 -0.155015
 34   15.835795 0.581398 0.242756 0.042134 0.007346 -0.174475
 35   -0.815868 -0.091229 -3.114430 0.009430 3.088597 0.062657
 36   14.294526 -0.410349 -0.463635 -0.077807 0.082226 -1.932736
 37   15.834409 0.579420 -0.284600 0.220110 0.254638 -0.267262
 38   1.120153 -3.610004 -2.526929 -0.063168 0.080920 0.503297
 39   -4.656967 -1.156420 -0.398513 -0.088422 0.162607 -0.015397
 40   0.981378 -3.543522 3.155256 -0.146207 0.094586 0.387828
 41   -4.433840 -1.059130 0.959566 -0.031473 0.059755 -0.007965
 42   0.408971 2.912183 -2.669082 0.022435 -0.016327 -0.555844
 43   0.273461 2.870489 2.881096 0.022452 -0.016333 -0.555844
time 110
  0   -0.455812 0.433607 -1.491862 0.000000 0.000000 -1.571069
  1   -1.093036 0.000002 -0.326057 -1.590460 -1.683824 0.019523
  2   2.262337 0.113614 0.064702 -0.135044 -0.007466 -0.101950
  3   2.380047 0.353302 0.047440 -0.209804 -0.000855 0.083132
  4   2.033756 0.190472 -0.000128 -0.129385 -0.025275 -0.131384
  5   2.451511 0.204909 -0.003447 -0.055219 -0.076968 -0.045209
  6   7.247600 -0.397300 -0.109469 0.000001 0.000021 0.156829
  7   -2.022252 -0.104661 3.136172 1.974585 -1.454395 -5.170981
  8   1.168026 -0.537438 -0.063437 -0.666362 0.403486 1.064357
  9   6.790376 -0.619176 0.015206 0.036348 0.037090 -0.964853
 10   8.637599 0.544015 -0.090417 -1.201032 -0.262335 -0.548852
 11   6.790465 -0.619039 0.017802 0.029643 0.011231 -0.690801
 12   -2.022474 -0.104699 -2.873818 -2.573327 1.429832 -5.750377
 13   1.167898 -0.537463 0.063297 0.421343 -0.569665 -0.062987
 14   7.002743 -0.617765 -0.183752 0.002393 -0.095773 -1.257136
 15   8.209042 0.615527 -0.255885 1.929821 0.196652 -0.266295
 16   7.002735 -0.617911 -0.183641 0.003094 -0.061426 -0.898308
 17   1.574674 0.609930 -0.000899 0.491219 -0.167246 0.490465
 18   -0.602177 0.511412 -0.000006 0.000000 0.000000 0.000000
 19   3.673773 0.177020 1.119313 -0.000002 -0.000014 -0.174510
 20   3.673767 0.176993 -1.117566 0.000007 -0.000003 -0.174546
 21   3.942357 1.330634 1.627658 0.000002 -0.000011 -0.000026
 22   -0.246060 -0.011889 0.516521 -0.000011 0.000031 0.000025
 23   3.942374 1.330659 -1.631083 0.000019 0.000002 -0.000024
 24   -0.246150 -0.011872 -0.516511 -0.000005 -0.000006 0.000048
 25   4.941364 1.997338 1.629330 0.000018 -0.000001 -0.000024
 26   4.941382 1.997366 -1.629410 -0.000001 0.000005 -0.000024
 27   2.918368 1.615358 1.514501 -0.000019 -0.000022 -0.000050
 28   2.920798 1.614964 -1.501142 -0.000002 -0.000009 -0.000024
 29   8.824059 0.150544 0.091743 0.066223 0.190172 -0.417721
 30   2.181400 -0.865876 1.616346 0.062966 0.152407 -0.228232
 31   2.082226 -0.803484 -1.814535 -0.006359 -0.035873 -0.206302
 32   -0.810489 -0.093824 3.127092 0.295917 -3.055656 -0.188526
 33   14.298673 -0.408176 0.475484 -0.038762 -0.142301 -0.157079
 34   15.835795 0.581398 0.242756 0.042847 0.007468 -0.174166
 35   -0.815868 -0.091229 -3.114430 0.009430 3.088597 0.061891
 36   14.294526 -0.410349 -0.463635 -0.078047 0.082454 -1.933663
 37   15.834409 0.579420 -0.284600 0.220110 0.254510 -0.265893
 38   1.108434 -3.621723 -2.519116 -0.068999 0.090452 0.503908
 39   -4.656967 -1.160326 -0.386794 -0.091095 0.166754 -0.015481
 40   0.993097 -3.523990 3.166975 -0.154016 0.105468 0.385384
 41   -4.433840 -1.059130 0.959566 -0.034864 0.065520 -0.007825
 42   0.420690 2.923902 -2.669082 0.022459 -0.016358 -0.561992
 43   0.285180 2.882208 2.888909 0.022452 -0.016333 -0.561992
time 111
  0   -0.463625 0.433607 -1.491862 0.000000 0.000000 -1.571069
  1   -1.093036 0.000002 -0.326057 -1.592923 -1.683083 0.022233
  2   2.262337 0.113614 0.064702 -0.134942 -0.007454 -0.101643
  3   2.380047 0.353302 0.047440 -0.209729 -0.000759 0.083520
  4   2.033756 0.190472 -0.000128 -0.129385 -0.025204 -0.131094
  5   2.451511 0.204909 -0.003447 -0.055219 -0.076928 -0.045036
  6   7.247600 -0.397300 -0.109469 0.000001 0.000021 0.156829
  7   -2.022252 -0.104661 3.136172 1.974010 -1.454424 -5.170887
  8   1.168026 -0.537438 -0.063437 -0.666552 0.403587 1.064357
  9   6.790376 -0.619176 0.015206 0.036348 0.037090 -0.964853
 10   8.637599 0.544015 -0.090417 -1.201032 -0.262335 -0.548852
 11   6.790465 -0.619039 0.017802 0.029643 0.011231 -0.690801
 12   -2.022474 -0.104699 -2.873818 -2.573135 1.429948 -5.750090
 13   1.167898 -0.537463 0.063297 0.421343 -0.567987 -0.062987
 14   7.002743 -0.617765 -0.183752 0.002393 -0.095716 -1.256971
 15   8.209042 0.615527 -0.255885 1.929821 0.196652 -0.266295
 16   7.002735 -0.617911 -0.183641 0.003094 -0.061426 -0.898198
 17   1.574674 0.609930 -0.000899 0.491301 -0.167601 0.490761
 18   -0.602177 0.511412 -0.000006 0.000000 0.000000 0.000000
 19   3.673773 0.177020 1.119313 -0.000002 -0.000014 -0.174510
 20   3.673767 0.176993 -1.117566 0.000007 -0.000003 -0.174546
 21   3.942357 1.330634 1.627658 0.000002 -0.000011 -0.000026
 22   -0.246060 -0.011889 0.516521 -0.000011 0.000031 0.000025
 23   3.942374 1.330659 -1.631083 0.000019 0.000002 -0.000024
 24   -0.246150 -0.011872 -0.516511 -0.000005 -0.000006 0.000048
 25   4.941364 1.997338 1.629330 0.000018 -0.000001 -0.000024
 26   4.941382 1.997366 -1.629410 -0.000001 0.000005 -0.000024
 27   2.918368 1.615358 1.514501 -0.000019 -0.000022 -0.000050
 28   2.920798 1.614964 -1.501142 -0.000002 -0.000009 -0.000024
 29   8.824059 0.150544 0.091743 0.069698 0.204035 -0.415897
 30   2.185306 -0.865876 1.604627 0.066532 0.156272 -0.228167
 31   2.082226 -0.799578 -1.814535 -0.004750 -0.037324 -0.205993
 32   -0.810489 -0.093824 3.127092 0.295358 -3.055943 -0.190063
 33   14.298673 -0.408176 0.475484 -0.038618 -0.142533 -0.159223
 34   15.835795 0.581398 0.242756 0.043606 0.007590 -0.174034
 35   -0.815868 -0.091229 -3.114430 0.009430 3.088503 0.061233
 36   14.294526 -0.410349 -0.463635 -0.078287 0.082658 -1.934358
 37   15.834409 0.579420 -0.284600 0.220150 0.254382 -0.264372
 38   1.100621 -3.633442 -2.507397 -0.074619 0.099670 0.504397
 39   -4.664780 -1.160326 -0.378981 -0.093672 0.170756 -0.015565
 40   1.000910 -3.512271 3.174788 -0.161636 0.115988 0.383185
 41   -4.433840 -1.059130 0.959566 -0.038172 0.071105 -0.007685
 42   0.432409 2.943434 -2.669082 0.022459 -0.016358 -0.567889
 43   0.289086 2.893927 2.888909 0.022477 -0.016348 -0.567889
time 112
  0   -0.463625 0.433607 -1.491862 0.000000 0.000000 -1.571069
  1   -1.093036 0.000002 -0.326057 -1.595805 -1.682203 0.024991
  2   2.262337 0.113614 0.064702 -0.134841 -0.007454 -0.101300
  3   2.380047 0.353302 0.047440 -0.209639 -0.000711 0.083928
  4   2.033756 0.190472 -0.000128 -0.129348 -0.025156 -0.130804
  5   2.451511 0.204909 -0.003447 -0.055219 -0.076915 -0.044838
  6   7.247600 -0.397300 -0.109469 0.000001 0.000021 0.156829
  7   -2.022252 -0.104661 3.136172 1.973914 -1.454424 -5.170417
  8   1.168026 -0.537438 -0.063437 -0.666742 0.403788 1.064294
  9   6.790376 -0.619176 0.015206 0.036348 0.037090 -0.965004
 10   8.637599 0.544015 -0.090417 -1.201032 -0.262335 -0.548852
 11   6.790465 -0.619039 0.017802 0.029643 0.011231 -0.690974
 12   -2.022474 -0.104699 -2.873818 -2.573040 1.430006 -5.750090
 13   1.167898 -0.537463 0.063297 0.421132 -0.566563 -0.062987
 14   7.002743 -0.617765 -0.183752 0.002393 -0.095716 -1.256806
 15   8.209042 0.615527 -0.255885 1.929821 0.196652 -0.266295
 16   7.002735 -0.617911 -0.183641 0.003094 -0.061426 -0.898032
 17   1.574674 0.609930 -0.000899 0.491382 -0.167885 0.491167
 18   -0.602177 0.511412 -0.000006 0.000000 0.000000 0.000000
 19   3.673773 0.177020 1.119313 -0.000002 -0.000014 -0.174510
 20   3.673767 0.176993 -1.117566 0.000007 -0.000003 -0.174546
 21   3.942357 1.330634 1.627658 0.000002 -0.000011 -0.000026
 22   -0.246060 -0.011889 0.516521 -0.000011 0.000031 0.000025
 23   3.942374 1.330659 -1.631083 0.000019 0.000002 -0.000024
 24   -0.246150 -0.011872 -0.516511 -0.000005 -0.000006 0.000048
 25   4.941364 1.997338 1.629330 0.000018 -0.000001 -0.000024
 26   4.941382 1.997366 -1.629410 -0.000001 0.000005 -0.000024
 27   2.918368 1.615358 1.514501 -0.000019 -0.000022 -0.000050
 28   2.920798 1.614964 -1.501142 -0.000002 -0.000009 -0.000024
 29   8.824059 0.150544 0.091743 0.073085 0.217447 -0.414234
 30   2.185306 -0.877595 1.604627 0.069963 0.160021 -0.228103
 31   2.090039 -0.799578 -1.814535 -0.003187 -0.038697 -0.205684
 32   -0.810489 -0.093824 3.127092 0.294799 -3.056134 -0.191714
 33   14.298673 -0.408176 0.475484 -0.038510 -0.142805 -0.161287
 34   15.835795 0.581398 0.242756 0.044342 0.007761 -0.173725
 35   -0.815868 -0.091229 -3.114430 0.009430 3.088503 0.060576
 36   14.294526 -0.410349 -0.463635 -0.078514 0.082873 -1.935517
 37   15.834409 0.579420 -0.284600 0.220169 0.254203 -0.262699
 38   1.096715 -3.645161 -2.495678 -0.080113 0.108612 0.504947
 39   -4.672593 -1.168139 -0.367262 -0.096140 0.174615 -0.015621
 40   1.004816 -3.500552 3.178694 -0.168982 0.126171 0.380924
 41   -4.433840 -1.059130 0.959566 -0.041360 0.076486 -0.007572
 42   0.440222 2.955153 -2.669082 0.022471 -0.016373 -0.573493
 43   0.304712 2.909553 2.888909 0.022477 -0.016380 -0.573493
time 113
  0   -0.463625 0.433607 -1.491862 0.000000 0.000000 -1.571069
  1   -1.093036 0.000002 -0.326057 -1.598687 -1.681370 0.027846
  2   2.262337 0.113614 0.064702 -0.134700 -0.007442 -0.100993
  3   2.380047 0.353302 0.047440 -0.209549 -0.000651 0.084336
  4   2.033756 0.190472 -0.000128 -0.129348 -0.025072 -0.130478
  5   2.451511 0.204909 -0.003447 -0.055219 -0.076902 -0.044664
  6   7.247600 -0.397300 -0.109469 0.000001 0.000021 0.156829
  7   -2.022252 -0.104661 3.136172 1.973818 -1.454424 -5.170135
  8   1.168026 -0.537438 -0.063437 -0.666805 0.403788 1.064294
  9   6.790376 -0.619176 0.015206 0.036348 0.037090 -0.965004
 10   8.637599 0.544015 -0.090417 -1.201032 -0.262335 -0.548852
 11   6.790465 -0.619039 0.017802 0.029643 0.011231 -0.690974
 12   -2.022474 -0.104699 -2.873818 -2.573040 1.430035 -5.750090
 13   1.167898 -0.537463 0.063297 0.421132 -0.565139 -0.062987
 14   7.002743 -0.617765 -0.183752 0.002393 -0.095716 -1.256641
 15   8.209042 0.615527 -0.255885 1.929821 0.196652 -0.266295
 16   7.002735 -0.617911 -0.183641 0.003094 -0.061313 -0.898032
 17   1.574674 0.609930 -0.000899 0.491422 -0.168311 0.491537
 18   -0.602177 0.511412 -0.000006 0.000000 0.000000 0.000000
 19   3.677679 0.177020 1.119313 -0.000002 -0.000014 -0.174510
 20   3.673767 0.176993 -1.117566 0.000007 -0.000003 -0.174546
 21   3.942357 1.330634 1.627658 0.000002 -0.000011 -0.000026
 22   -0.246060 -0.011889 0.516521 -0.000011 0.000031 0.000025
 23   3.942374 1.330659 -1.631083 0.000019 0.000002 -0.000024
 24   -0.246150 -0.011872 -0.516511 -0.000005 -0.000006 0.000048
 25   4.941364 1.997338 1.629330 0.000018 -0.000001 -0.000024
 26   4.941382 1.997366 -1.629410 -0.000001 0.000005 -0.000024
 27   2.918368 1.615358 1.514501 -0.000019 -0.000022 -0.000050
 28   2.920798 1.614964 -1.501142 -0.000002 -0.000009 -0.000024
 29   8.824059 0.150544 0.091743 0.076382 0.230313 -0.412571
 30   2.185306 -0.877595 1.596814 0.073285 0.163624 -0.228039
 31   2.090039 -0.791765 -1.810629 -0.001701 -0.040018 -0.205374
 32   -0.810489 -0.093824 3.127092 0.294333 -3.056229 -0.193479
 33   14.298673 -0.408176 0.475484 -0.038403 -0.143076 -0.163431
 34   15.835795 0.581398 0.242756 0.045055 0.007907 -0.173593
 35   -0.815868 -0.091229 -3.114430 0.009342 3.088503 0.059973
 36   14.294526 -0.410349 -0.463635 -0.078790 0.083137 -1.936521
 37   15.834409 0.579420 -0.284600 0.220229 0.254075 -0.260975
 38   1.081089 -3.660787 -2.480052 -0.085354 0.117192 0.505375
 39   -4.676499 -1.168139 -0.355543 -0.098537 0.178343 -0.015678
 40   1.016535 -3.488833 3.186507 -0.176012 0.135956 0.378786
 41   -4.433840 -1.059130 0.959566 -0.044428 0.081675 -0.007404
 42   0.451941 2.966872 -2.669082 0.022483 -0.016373 -0.578846
 43   0.308618 2.921272 2.888909 0.022502 -0.016380 -0.578846
time 114
  0   -0.463625 0.433607 -1.491862 0.000000 0.000000 -1.571069
  1   -1.093036 0.000002 -0.326057 -1.601779 -1.680490 0.030991
  2   2.262337 0.113614 0.064702 -0.134599 -0.007430 -0.100667
  3   2.380047 0.353302 0.047440 -0.209459 -0.000603 0.084724
  4   2.033756 0.190472 -0.000128 -0.129311 -0.024976 -0.130188
  5   2.451511 0.204909 -0.003447 -0.055219 -0.076889 -0.044516
  6   7.247600 -0.397300 -0.109469 0.000001 0.000021 0.156829
  7   -2.022252 -0.104661 3.136172 1.973339 -1.454424 -5.169948
  8   1.168026 -0.537438 -0.063437 -0.666995 0.403939 1.064104
  9   6.790376 -0.619176 0.015206 0.036348 0.037090 -0.965155
 10   8.637599 0.544015 -0.090417 -1.201032 -0.262335 -0.548852
 11   6.790465 -0.619039 0.017802 0.029643 0.011231 -0.690974
 12   -2.022474 -0.104699 -2.873818 -2.572944 1.430093 -5.749898
 13   1.167898 -0.537463 0.063297 0.421061 -0.563766 -0.062987
 14   7.002743 -0.617765 -0.183752 0.002393 -0.095716 -1.256476
 15   8.209042 0.615527 -0.255885 1.929821 0.196652 -0.266295
 16   7.002735 -0.617911 -0.183641 0.003094 -0.061313 -0.897922
 17   1.574674 0.609930 -0.000899 0.491504 -0.168666 0.492017
 18   -0.602177 0.511412 -0.000006 0.000000 0.000000 0.000000
 19   3.673773 0.177020 1.119313 -0.000002 -0.000014 -0.174510
 20   3.673767 0.176993 -1.117566 0.000007 -0.000003 -0.174546
 21   3.465780 1.412668 1.627658 -0.073679 -0.386430 0.847736
 22   -0.457004 -0.031421 0.235262 -0.000011 0.000031 0.000025
 23   3.457984 1.404880 -1.631083 0.073700 0.386481 0.847730
 24   -0.453188 -0.039217 -0.235252 -0.000005 -0.000006 0.000048
 25   4.941364 1.997338 1.629330 0.000018 -0.000001 -0.000024
 26   4.941382 1.997366 -1.629410 -0.000001 0.000005 -0.000024
 27   3.160563 1.771613 1.553565 -0.163477 0.220806 -1.289323
 28   3.162993 1.779032 -1.540206 0.163480 -0.220897 -1.289299
 29   8.824059 0.150544 0.091743 0.079502 0.242656 -0.410907
 30   2.185306 -0.885408 1.596814 0.076458 0.167082 -0.227996
 31   2.090039 -0.791765 -1.810629 -0.000276 -0.041287 -0.205138
 32   -0.810489 -0.093824 3.127092 0.293680 -3.056420 -0.194959
 33   14.298673 -0.408176 0.475484 -0.038295 -0.143348 -0.165654
 34   15.835795 0.581398 0.242756 0.045814 0.008151 -0.173284
 35   -0.815868 -0.091229 -3.114430 0.009342 3.088316 0.059207
 36   14.294526 -0.410349 -0.463635 -0.079078 0.083389 -1.937525
 37   15.834409 0.579420 -0.284600 0.220288 0.253896 -0.259302
 38   1.077183 -3.664693 -2.468333 -0.090385 0.125410 0.505680
 39   -4.684312 -1.168139 -0.347730 -0.100826 0.181866 -0.015734
 40   1.024348 -3.481020 3.190413 -0.182769 0.145319 0.376831
 41   -4.433840 -1.059130 0.959566 -0.047340 0.086637 -0.007320
 42   0.463660 2.974685 -2.669082 0.022495 -0.016373 -0.583864
 43   0.316431 2.932991 2.888909 0.022502 -0.016396 -0.583864
time 115
  0   -0.463625 0.433607 -1.491862 0.000000 0.000000 -1.571069
  1   -1.093036 0.000002 -0.326057 -1.604923 -1.679610 0.033991
  2   2.262337 0.113614 0.064702 -0.134458 -0.007418 -0.100306
  3   2.380047 0.353302 0.047440 -0.209369 -0.000543 0.085132
  4   2.033756 0.190472 -0.000128 -0.129274 -0.024892 -0.129934
  5   2.451511 0.204909 -0.003447 -0.055219 -0.076876 -0.044293
  6   7.247600 -0.397300 -0.109469 0.000001 0.000021 0.156829
  7   -2.022252 -0.104661 3.136172 1.973243 -1.454453 -5.169760
  8   1.168026 -0.537438 -0.063437 -0.667058 0.403939 1.064104
  9   6.790376 -0.619176 0.015206 0.036348 0.037090 -0.965155
 10   8.637599 0.544015 -0.090417 -1.201032 -0.262335 -0.548852
 11   6.790465 -0.619039 0.017802 0.029643 0.011231 -0.691031
 12   -2.022474 -0.104699 -2.873818 -2.572944 1.430122 -5.749803
 13   1.167898 -0.537463 0.063297 0.420850 -0.562596 -0.062987
 14   7.002743 -0.617765 -0.183752 0.002393 -0.095716 -1.256476
 15   8.209042 0.615527 -0.255885 1.929821 0.196652 -0.266295
 16   7.002735 -0.617911 -0.183641 0.003094 -0.061313 -0.897756
 17   1.574674 0.609930 -0.000899 0.491585 -0.169021 0.492461
 18   -0.602177 0.511412 -0.000006 0.000000 0.000000 0.000000
 19   3.677679 0.177020 1.119313 -0.000002 -0.000014 -0.174510
 20   3.673767 0.176993 -1.117566 0.000007 -0.000003 -0.174546
 21   3.704068 1.369698 1.627658 0.006354 -0.200741 0.411837
 22   -0.351532 -0.011889 0.371985 -0.000011 0.000031 0.000025
 23   3.711898 1.369723 -1.631083 -0.006333 0.200780 0.411810
 24   -0.347716 -0.011872 -0.379788 -0.000005 -0.000006 0.000048
 25   4.941364 1.997338 1.629330 0.000018 -0.000001 -0.000024
 26   4.941382 1.997366 -1.629410 -0.000001 0.000005 -0.000024
 27   3.031653 1.689579 1.522314 -0.043955 0.137309 -0.635381
 28   3.034083 1.693092 -1.520674 0.043934 -0.137340 -0.635435
 29   8.824059 0.150544 0.091743 0.082443 0.254407 -0.409352
 30   2.193119 -0.889314 1.592908 0.079482 0.170366 -0.227953
 31   2.097852 -0.791765 -1.810629 0.001042 -0.042452 -0.204883
 32   -0.810489 -0.093824 3.127092 0.293214 -3.056516 -0.196552
 33   14.298673 -0.408176 0.475484 -0.038187 -0.143632 -0.167639
 34   15.835795 0.581398 0.242756 0.046550 0.008371 -0.173152
 35   -0.815868 -0.091229 -3.114430 0.009342 3.088316 0.058659
 36   14.294526 -0.410349 -0.463635 -0.079329 0.083616 -1.938452
 37   15.834409 0.579420 -0.284600 0.220307 0.253691 -0.257426
 38   1.065464 -3.676412 -2.464427 -0.095163 0.133231 0.506047
 39   -4.688218 -1.172045 -0.336011 -0.103020 0.185246 -0.015790
 40   1.036067 -3.469301 3.198226 -0.189210 0.154261 0.374876
 41   -4.433840 -1.059130 0.959566 -0.050157 0.091371 -0.007208
 42   0.471473 2.986404 -2.669082 0.022495 -0.016404 -0.588632
 43   0.328150 2.944710 2.888909 0.022502 -0.016396 -0.588632
time 116
  0   -0.463625 0.433607 -1.491862 0.000000 0.000000 -1.571069
  1   -1.093036 0.000002 -0.326057 -1.607910 -1.678777 0.037233
  2   2.262337 0.113614 0.064702 -0.134357 -0.007406 -0.099999
  3   2.380047 0.353302 0.047440 -0.209279 -0.000495 0.085540
  4   2.033756 0.190472 -0.000128 -0.129274 -0.024760 -0.129644
  5   2.451511 0.204909 -0.003447 -0.055219 -0.076863 -0.044144
  6   7.247600 -0.397300 -0.109469 0.000001 0.000021 0.156829
  7   -2.022252 -0.104661 3.136172 1.973147 -1.454539 -5.169666
  8   1.168026 -0.537438 -0.063437 -0.667248 0.403939 1.064104
  9   6.790376 -0.619176 0.015206 0.036348 0.037090 -0.965155
 10   8.637599 0.544015 -0.090417 -1.201032 -0.262335 -0.548852
 11   6.790465 -0.619039 0.017802 0.029643 0.011288 -0.691031
 12   -2.022474 -0.104699 -2.873818 -2.572848 1.430151 -5.749803
 13   1.167898 -0.537463 0.063297 0.420850 -0.561477 -0.062987
 14   7.002743 -0.617765 -0.183752 0.002393 -0.095716 -1.256311
 15   8.209042 0.615527 -0.255885 1.929821 0.196652 -0.266295
 16   7.002735 -0.617911 -0.183641 0.003094 -0.061313 -0.897756
 17   1.574674 0.609930 -0.000899 0.491707 -0.169376 0.492793
 18   -0.602177 0.511412 -0.000006 0.000000 0.000000 0.000000
 19   3.677679 0.177020 1.119313 -0.000002 -0.000014 -0.174510
 20   3.673767 0.176993 -1.117566 0.000007 -0.000003 -0.174546
 21   3.942357 1.330634 1.627658 0.000002 -0.000011 -0.000026
 22   -0.246060 -0.011889 0.516521 -0.000011 0.000031 0.000025
 23   3.942374 1.330659 -1.631083 0.000019 0.000002 -0.000024
 24   -0.246150 -0.011872 -0.516511 -0.000005 -0.000006 0.000048
 25   4.941364 1.997338 1.629330 0.000018 -0.000001 -0.000024
 26   4.941382 1.997366 -1.629410 -0.000001 0.000005 -0.000024
 27   2.918368 1.615358 1.514501 -0.000019 -0.000022 -0.000050
 28   2.920798 1.614964 -1.501142 -0.000002 -0.000009 -0.000024
 29   8.824059 0.150544 0.091743 0.085294 0.265540 -0.407957
 30   2.193119 -0.889314 1.585095 0.082330 0.173476 -0.227910
 31   2.097852 -0.783952 -1.810629 0.002329 -0.043592 -0.204665
 32   -0.810489 -0.093824 3.127092 0.292748 -3.056707 -0.198203
 33   14.298673 -0.408176 0.475484 -0.038079 -0.143916 -0.169624
 34   15.835795 0.581398 0.242756 0.047263 0.008639 -0.172887
 35   -0.815868 -0.091229 -3.114430 0.009342 3.088316 0.058056
 36   14.294526 -0.410349 -0.463635 -0.079617 0.083892 -1.939379
 37   15.834409 0.579420 -0.284600 0.220366 0.253563 -0.255702
 38   1.057651 -3.688131 -2.452708 -0.099667 0.140642 0.506291
 39   -4.688218 -1.172045 -0.328198 -0.105093 0.188422 -0.015818
 40   1.043880 -3.457582 3.206039 -0.195314 0.162696 0.372982
 41   -4.433840 -1.059130 0.959566 -0.052781 0.095841 -0.007124
 42   0.475379 2.998123 -2.669082 0.022507 -0.016404 -0.593065
 43   0.335963 2.952523 2.888909 0.022502 -0.016396 -0.593065
time 117
  0   -0.463625 0.433607 -1.491862 0.000000 0.000000 -1.571069
  1   -1.093036 0.000002 -0.326057 -1.611106 -1.677897 0.040330
  2   2.262337 0.113614 0.064702 -0.134255 -0.007406 -0.099691
  3   2.380047 0.353302 0.047440 -0.209189 -0.000448 0.085948
  4   2.033756 0.190472 -0.000128 -0.129274 -0.024676 -0.129463
  5   2.451511 0.204909 -0.003447 -0.055219 -0.076850 -0.043996
  6   7.247600 -0.397300 -0.109469 0.000001 0.000021 0.156829
  7   -2.022252 -0.104661 3.136172 1.972763 -1.454539 -5.169572
  8   1.168026 -0.537438 -0.063437 -0.667248 0.404090 1.064104
  9   6.790376 -0.619176 0.015206 0.036348 0.037090 -0.965306
 10   8.637599 0.544015 -0.090417 -1.201032 -0.262335 -0.548852
 11   6.790465 -0.619039 0.017802 0.029643 0.011288 -0.691031
 12   -2.022474 -0.104699 -2.873818 -2.572848 1.430151 -5.749803
 13   1.167898 -0.537463 0.063297 0.420850 -0.560409 -0.062987
 14   7.002743 -0.617765 -0.183752 0.002393 -0.095716 -1.256146
 15   8.209042 0.615527 -0.255885 1.929821 0.196652 -0.266295
 16   7.002735 -0.617911 -0.183641 0.003094 -0.061313 -0.897701
 17   1.574674 0.609930 -0.000899 0.491747 -0.169731 0.493311
 18   -0.602177 0.511412 -0.000006 0.000000 0.000000 0.000000
 19   3.673773 0.177020 1.119313 -0.000002 -0.000014 -0.174510
 20   3.677673 0.176993 -1.117566 0.000007 -0.000003 -0.174546
 21   3.942357 1.330634 1.627658 0.000002 -0.000011 -0.000026
 22   -0.246060 -0.011889 0.516521 -0.000011 0.000031 0.000025
 23   3.942374 1.330659 -1.631083 0.000019 0.000002 -0.000024
 24   -0.246150 -0.011872 -0.516511 -0.000005 -0.000006 0.000048
 25   4.941364 1.997338 1.629330 0.000018 -0.000001 -0.000024
 26   4.941382 1.997366 -1.629410 -0.000001 0.000005 -0.000024
 27   2.918368 1.615358 1.514501 -0.000019 -0.000022 -0.000050
 28   2.920798 1.614964 -1.501142 -0.000002 -0.000009 -0.000024
 29   8.824059 0.150544 0.091743 0.087879 0.275984 -0.406616
 30   2.193119 -0.897127 1.585095 0.085028 0.176411 -0.227889
 31   2.101758 -0.780046 -1.810629 0.003555 -0.044706 -0.204465
 32   -0.810489 -0.093824 3.127092 0.292189 -3.056802 -0.199854
 33   14.298673 -0.408176 0.475484 -0.037947 -0.144175 -0.171768
 34   15.835795 0.581398 0.242756 0.048022 0.008932 -0.172755
 35   -0.815868 -0.091229 -3.114430 0.009342 3.088316 0.057399
 36   14.294526 -0.410349 -0.463635 -0.079869 0.084132 -1.940306
 37   15.834409 0.579420 -0.284600 0.220426 0.253435 -0.254029
 38   1.053745 -3.695944 -2.444895 -0.103940 0.147619 0.506474
 39   -4.696031 -1.179858 -0.324292 -0.107022 0.191394 -0.015846
 40   1.047786 -3.449769 3.206039 -0.201061 0.170662 0.371271
 41   -4.433840 -1.059130 0.959566 -0.055286 0.100035 -0.007011
 42   0.483192 3.005936 -2.669082 0.022507 -0.016404 -0.597163
 43   0.339869 2.956429 2.888909 0.022527 -0.016396 -0.597163
time 118
  0   -0.463625 0.433607 -1.491862 0.000000 0.000000 -1.571069
  1   -1.093036 0.000002 -0.326057 -1.614093 -1.677110 0.043330
  2   2.262337 0.113614 0.064702 -0.134153 -0.007394 -0.099402
  3   2.380047 0.353302 0.047440 -0.209114 -0.000424 0.086295
  4   2.033756 0.190472 -0.000128 -0.129219 -0.024592 -0.129173
  5   2.451511 0.204909 -0.003447 -0.055219 -0.076837 -0.043773
  6   7.247600 -0.397300 -0.109469 0.000001 0.000021 0.156829
  7   -2.022252 -0.104661 3.136172 1.972668 -1.454568 -5.169572
  8   1.168026 -0.537438 -0.063437 -0.667248 0.404090 1.064104
  9   6.790376 -0.619176 0.015206 0.036348 0.037090 -0.965306
 10   8.637599 0.544015 -0.090417 -1.201032 -0.262335 -0.548852
 11   6.790465 -0.619039 0.017802 0.029643 0.011288 -0.691031
 12   -2.022474 -0.104699 -2.873818 -2.572560 1.430180 -5.749803
 13   1.167898 -0.537463 0.063297 0.420640 -0.559494 -0.062987
 14   7.002743 -0.617765 -0.183752 0.002393 -0.095716 -1.256146
 15   8.209042 0.615527 -0.255885 1.929821 0.196652 -0.266295
 16   7.002735 -0.617911 -0.183641 0.003094 -0.061313 -0.897591
 17   1.574674 0.609930 -0.000899 0.491829 -0.170086 0.493607
 18   -0.602177 0.511412 -0.000006 0.000000 0.000000 0.000000
 19   3.673773 0.177020 1.119313 -0.000002 -0.000014 -0.174510
 20   3.673767 0.176993 -1.117566 0.000007 -0.000003 -0.174546
 21   3.942357 1.338447 1.627658 0.000002 -0.000011 -0.000026
 22   -0.246060 -0.011889 0.516521 -0.000011 0.000031 0.000025
 23   3.938468 1.330659 -1.631083 0.000019 0.000002 -0.000024
 24   -0.246150 -0.011872 -0.516511 -0.000005 -0.000006 0.000048
 25   4.941364 1.997338 1.629330 0.000018 -0.000001 -0.000024
 26   4.941382 1.997366 -1.629410 -0.000001 0.000005 -0.000024
 27   2.918368 1.623171 1.514501 -0.000019 -0.000022 -0.000050
 28   2.920798 1.622777 -1.501142 -0.000002 -0.000009 -0.000024
 29   8.824059 0.150544 0.091743 0.090374 0.285741 -0.405274
 30   2.197025 -0.897127 1.577282 0.087537 0.179142 -0.227846
 31   2.101758 -0.780046 -1.802816 0.004658 -0.045664 -0.204283
 32   -0.810489 -0.093824 3.127092 0.291816 -3.056993 -0.201562
 33   14.298673 -0.408176 0.475484 -0.037827 -0.144433 -0.173832
 34   15.835795 0.581398 0.242756 0.048735 0.009298 -0.172490
 35   -0.815868 -0.091229 -3.114430 0.009342 3.088223 0.056906
 36   14.294526 -0.410349 -0.463635 -0.080120 0.084347 -1.941310
 37   15.834409 0.579420 -0.284600 0.220465 0.253256 -0.252305
 38   1.045932 -3.707663 -2.433176 -0.107919 0.154127 0.506780
 39   -4.696031 -1.179858 -0.316479 -0.108832 0.194162 -0.015874
 40   1.055599 -3.449769 3.217758 -0.206386 0.178073 0.369744
 41   -4.433840 -1.059130 0.959566 -0.057611 0.103966 -0.006927
 42   0.494911 3.009842 -2.669082 0.022507 -0.016419 -0.600969
 43   0.347682 2.968148 2.888909 0.022527 -0.016396 -0.600969
time 119
  0   -0.463625 0.433607 -1.491862 0.000000 0.000000 -1.571069
  1   -1.093036 0.000002 -0.326057 -1.617028 -1.676369 0.046233
  2   2.262337 0.113614 0.064702 -0.134025 -0.007394 -0.099131
  3   2.380047 0.353302 0.047440 -0.209024 -0.000388 0.086642
  4   2.033756 0.190472 -0.000128 -0.129219 -0.024520 -0.128919
  5   2.451511 0.204909 -0.003447 -0.055219 -0.076824 -0.043674
  6   7.247600 -0.397300 -0.109469 0.000001 0.000021 0.156829
  7   -2.022252 -0.104661 3.136172 1.972668 -1.454568 -5.169384
  8   1.168026 -0.537438 -0.063437 -0.667438 0.404090 1.064104
  9   6.790376 -0.619176 0.015206 0.036348 0.037090 -0.965306
 10   8.637599 0.544015 -0.090417 -1.201032 -0.262335 -0.548852
 11   6.790465 -0.619039 0.017802 0.029672 0.011288 -0.691147
 12   -2.022474 -0.104699 -2.873818 -2.572560 1.430180 -5.749803
 13   1.167898 -0.537463 0.063297 0.420640 -0.558579 -0.062987
 14   7.002743 -0.617765 -0.183752 0.002393 -0.095716 -1.255981
 15   8.209042 0.615527 -0.255885 1.929821 0.196652 -0.266295
 16   7.002735 -0.617911 -0.183641 0.003094 -0.061313 -0.897480
 17   1.574674 0.609930 -0.000899 0.491910 -0.170441 0.494013
 18   -0.602177 0.511412 -0.000006 0.000000 0.000000 0.000000
 19   3.673773 0.177020 1.119313 -0.000002 -0.000014 -0.174510
 20   3.673767 0.176993 -1.117566 0.000007 -0.000003 -0.174546
 21   3.942357 1.330634 1.627658 0.000002 -0.000011 -0.000026
 22   -0.246060 -0.011889 0.516521 -0.000011 0.000031 0.000025
 23   3.942374 1.330659 -1.631083 0.000019 0.000002 -0.000024
 24   -0.246150 -0.011872 -0.516511 -0.000005 -0.000006 0.000048
 25   4.941364 1.997338 1.629330 0.000018 -0.000001 -0.000024
 26   4.941382 1.997366 -1.629410 -0.000001 0.000005 -0.000024
 27   2.918368 1.615358 1.514501 -0.000019 -0.000022 -0.000050
 28   2.920798 1.614964 -1.501142 -0.000002 -0.000009 -0.000024
 29   8.824059 0.150544 0.091743 0.092691 0.294785 -0.404148
 30   2.197025 -0.897127 1.573376 0.089842 0.181671 -0.227824
 31   2.101758 -0.780046 -1.802816 0.005700 -0.046623 -0.204119
 32   -0.810489 -0.093824 3.127092 0.291257 -3.057089 -0.202985
 33   14.298673 -0.408176 0.475484 -0.037707 -0.144679 -0.175817
 34   15.835795 0.581398 0.242756 0.049471 0.009713 -0.172358
 35   -0.815868 -0.091229 -3.114430 0.009342 3.088223 0.056139
 36   14.294526 -0.410349 -0.463635 -0.080384 0.084575 -1.941928
 37   15.834409 0.579420 -0.284600 0.220485 0.253128 -0.250784
 38   1.038119 -3.715476 -2.425363 -0.111581 0.160128 0.506902
 39   -4.703844 -1.179858 -0.312573 -0.110522 0.196715 -0.015902
 40   1.059505 -3.441956 3.217758 -0.211354 0.184905 0.368278
 41   -4.433840 -1.059130 0.959566 -0.059732 0.107598 -0.006815
 42   0.502724 3.017655 -2.669082 0.022519 -0.016419 -0.604482
 43   0.351588 2.975961 2.888909 0.022527 -0.016396 -0.604482
time 120
  0   -0.475344 0.433607 -1.491862 0.000000 0.000000 -1.571069
  1   -1.093036 0.000002 -0.326057 -1.619805 -1.675721 0.048943
  2   2.262337 0.113614 0.064702 -0.133962 -0.007394 -0.098878
  3   2.380047 0.353302 0.047440 -0.208949 -0.000340 0.086948
  4   2.033756 0.190472 -0.000128 -0.129182 -0.024448 -0.128738
  5   2.451511 0.204909 -0.003447 -0.055219 -0.076824 -0.043525
  6   7.247600 -0.397300 -0.109469 0.000001 0.000021 0.156829
  7   -2.022252 -0.104661 3.136172 1.972668 -1.454568 -5.169384
  8   1.168026 -0.537438 -0.063437 -0.667438 0.404090 1.064104
  9   6.790376 -0.619176 0.015206 0.036348 0.037090 -0.965457
 10   8.637599 0.544015 -0.090417 -1.201032 -0.262335 -0.548852
 11   6.790465 -0.619039 0.017802 0.029672 0.011288 -0.691147
 12   -2.022474 -0.104699 -2.873818 -2.572560 1.430209 -5.749803
 13   1.167898 -0.537463 0.063297 0.420640 -0.557765 -0.062987
 14   7.002743 -0.617765 -0.183752 0.002393 -0.095716 -1.255981
 15   8.209042 0.615527 -0.255885 1.929821 0.196652 -0.266295
 16   7.002735 -0.617911 -0.183641 0.003094 -0.061313 -0.897480
 17   1.574674 0.609930 -0.000899 0.491991 -0.170725 0.494383
 18   -0.602177 0.511412 -0.000006 0.000000 0.000000 0.000000
 19   3.673773 0.177020 1.119313 -0.000002 -0.000014 -0.174510
 20   3.677673 0.176993 -1.117566 0.000007 -0.000003 -0.174546
 21   3.942357 1.330634 1.627658 0.000002 -0.000011 -0.000026
 22   -0.246060 -0.011889 0.516521 -0.000011 0.000031 0.000025
 23   3.942374 1.330659 -1.631083 0.000019 0.000002 -0.000024
 24   -0.246150 -0.011872 -0.516511 -0.000005 -0.000006 0.000048
 25   4.941364 1.997338 1.629330 0.000018 -0.000001 -0.000024
 26   4.941382 1.997366 -1.629410 -0.000001 0.000005 -0.000024
 27   2.918368 1.615358 1.514501 -0.000019 -0.000022 -0.000050
 28   2.920798 1.622777 -1.501142 -0.000002 -0.000009 -0.000024
 29   8.824059 0.150544 0.091743 0.094741 0.302975 -0.403129
 30   2.197025 -0.901033 1.573376 0.091971 0.183966 -0.227824
 31   2.101758 -0.780046 -1.802816 0.006650 -0.047426 -0.203955
 32   -0.810489 -0.093824 3.127092 0.290511 -3.057280 -0.204521
 33   14.298673 -0.408176 0.475484 -0.037600 -0.144912 -0.177643
 34   15.835795 0.581398 0.242756 0.050184 0.010177 -0.172226
 35   -0.815868 -0.091229 -3.114430 0.009342 3.088129 0.055591
 36   14.294526 -0.410349 -0.463635 -0.080600 0.084815 -1.942623
 37   15.834409 0.579420 -0.284600 0.220485 0.253000 -0.249415
 38   1.034213 -3.723289 -2.421457 -0.114949 0.165611 0.506963
 39   -4.707750 -1.179858 -0.304760 -0.112056 0.199040 -0.015930
 40   1.067318 -3.430237 3.221664 -0.215837 0.191160 0.366873
 41   -4.433840 -1.059130 0.959566 -0.061710 0.110893 -0.006731
 42   0.506630 3.029374 -2.669082 0.022519 -0.016419 -0.607619
 43   0.359401 2.979867 2.888909 0.022527 -0.016427 -0.607619
time 121
  0   -0.475344 0.433607 -1.491862 0.000000 0.000000 -1.571069
  1   -1.093036 0.000002 -0.326057 -1.622216 -1.675026 0.051459
  2   2.262337 0.113614 0.064702 -0.133873 -0.007382 -0.098643
  3   2.380047 0.353302 0.047440 -0.208889 -0.000304 0.087254
  4   2.033756 0.190472 -0.000128 -0.129182 -0.024425 -0.128593
  5   2.451511 0.204909 -0.003447 -0.055219 -0.076824 -0.043401
  6   7.247600 -0.397300 -0.109469 0.000001 0.000021 0.156829
  7   -2.022252 -0.104661 3.136172 1.972668 -1.454568 -5.169291
  8   1.168026 -0.537438 -0.063437 -0.667501 0.404090 1.064104
  9   6.790376 -0.619176 0.015206 0.036348 0.037090 -0.965457
 10   8.637599 0.544015 -0.090417 -1.201032 -0.262335 -0.548852
 11   6.790465 -0.619039 0.017802 0.029672 0.011288 -0.691204
 12   -2.022474 -0.104699 -2.873818 -2.572465 1.430209 -5.749707
 13   1.167898 -0.537463 0.063297 0.420640 -0.557104 -0.062987
 14   7.002743 -0.617765 -0.183752 0.002393 -0.095545 -1.255816
 15   8.209042 0.615527 -0.255885 1.929821 0.196652 -0.266295
 16   7.002735 -0.617911 -0.183641 0.003094 -0.061313 -0.897480
 17   1.574674 0.609930 -0.000899 0.491991 -0.171009 0.494642
 18   -0.602177 0.511412 -0.000006 0.000000 0.000000 0.000000
 19   3.673773 0.177020 1.119313 -0.000002 -0.000014 -0.174510
 20   3.673767 0.176993 -1.117566 0.000007 -0.000003 -0.174546
 21   3.942357 1.330634 1.627658 0.000002 -0.000011 -0.000026
 22   -0.246060 -0.011889 0.516521 -0.000011 0.000031 0.000025
 23   3.942374 1.330659 -1.631083 0.000019 0.000002 -0.000024
 24   -0.246150 -0.011872 -0.516511 -0.000005 -0.000006 0.000048
 25   4.941364 1.997338 1.629330 0.000018 -0.000001 -0.000024
 26   4.941382 1.997366 -1.629410 -0.000001 0.000005 -0.000024
 27   2.918368 1.615358 1.514501 -0.000019 -0.000022 -0.000050
 28   2.920798 1.614964 -1.501142 -0.000002 -0.000009 -0.000024
 29   8.824059 0.150544 0.091743 0.096613 0.310405 -0.402163
 30   2.200932 -0.908846 1.573376 0.093856 0.186030 -0.227803
 31   2.101758 -0.780046 -1.802816 0.007508 -0.048203 -0.203846
 32   -0.810489 -0.093824 3.127092 0.290045 -3.057375 -0.206058
 33   14.298673 -0.408176 0.475484 -0.037504 -0.145131 -0.179628
 34   15.835795 0.581398 0.242756 0.050920 0.010689 -0.172005
 35   -0.815868 -0.091229 -3.114430 0.009166 3.088129 0.054989
 36   14.294526 -0.410349 -0.463635 -0.080779 0.084995 -1.943164
 37   15.834409 0.579420 -0.284600 0.220504 0.252872 -0.248046
 38   1.026400 -3.727195 -2.413644 -0.117938 0.170552 0.507085
 39   -4.707750 -1.187671 -0.300854 -0.113410 0.201137 -0.015930
 40   1.075131 -3.430237 3.229477 -0.219921 0.196775 0.365651
 41   -4.433840 -1.059130 0.959566 -0.063459 0.113890 -0.006703
 42   0.506630 3.029374 -2.669082 0.022519 -0.016419 -0.610421
 43   0.359401 2.987680 2.888909 0.022527 -0.016427 -0.610421
time 122
  0   -0.475344 0.433607 -1.491862 0.000000 0.000000 -1.571069
  1   -1.093036 0.000002 -0.326057 -1.624417 -1.674517 0.053685
  2   2.262337 0.113614 0.064702 -0.133783 -0.007382 -0.098445
  3   2.380047 0.353302 0.047440 -0.208844 -0.000268 0.087499
  4   2.033756 0.190472 -0.000128 -0.129145 -0.024365 -0.128448
  5   2.451511 0.204909 -0.003447 -0.055219 -0.076811 -0.043302
  6   7.247600 -0.397300 -0.109469 0.000001 0.000021 0.156829
  7   -2.022252 -0.104661 3.136172 1.972668 -1.454597 -5.169291
  8   1.168026 -0.537438 -0.063437 -0.667501 0.404090 1.064104
  9   6.790376 -0.619176 0.015206 0.036348 0.037090 -0.965457
 10   8.637599 0.544015 -0.090417 -1.201032 -0.262335 -0.548852
 11   6.790465 -0.619039 0.017802 0.029672 0.011288 -0.691204
 12   -2.022474 -0.104699 -2.873818 -2.572465 1.430209 -5.749707
 13   1.167898 -0.537463 0.063297 0.420569 -0.556596 -0.062987
 14   7.002743 -0.617765 -0.183752 0.002393 -0.095545 -1.255816
 15   8.209042 0.615527 -0.255885 1.929821 0.196652 -0.266295
 16   7.002735 -0.617911 -0.183641 0.003094 -0.061313 -0.897425
 17   1.574674 0.609930 -0.000899 0.492113 -0.171222 0.494937
 18   -0.602177 0.511412 -0.000006 0.000000 0.000000 0.000000
 19   3.677679 0.177020 1.119313 -0.000002 -0.000014 -0.174510
 20   3.673767 0.176993 -1.117566 0.000007 -0.000003 -0.174546
 21   3.942357 1.330634 1.627658 0.000002 -0.000011 -0.000026
 22   -0.246060 -0.011889 0.516521 -0.000011 0.000031 0.000025
 23   3.942374 1.330659 -1.631083 0.000019 0.000002 -0.000024
 24   -0.246150 -0.011872 -0.516511 -0.000005 -0.000006 0.000048
 25   4.941364 1.997338 1.629330 0.000018 -0.000001 -0.000024
 26   4.941382 1.997366 -1.629410 -0.000001 0.000005 -0.000024
 27   2.918368 1.615358 1.514501 -0.000019 -0.000022 -0.000050
 28   2.920798 1.614964 -1.501142 -0.000002 -0.000009 -0.000024
 29   8.824059 0.150544 0.091743 0.098306 0.316932 -0.401251
 30   2.200932 -0.908846 1.565563 0.095551 0.187860 -0.227803
 31   2.101758 -0.772233 -1.802816 0.008274 -0.048876 -0.203737
 32   -0.810489 -0.093824 3.127092 0.289579 -3.057566 -0.207595
 33   14.298673 -0.408176 0.475484 -0.037384 -0.145299 -0.181613
 34   15.835795 0.581398 0.242756 0.051633 0.011299 -0.171961
 35   -0.815868 -0.091229 -3.114430 0.009166 3.087941 0.054605
 36   14.294526 -0.410349 -0.463635 -0.080959 0.085162 -1.943859
 37   15.834409 0.579420 -0.284600 0.220485 0.252744 -0.247032
 38   1.022494 -3.735008 -2.405831 -0.120611 0.174914 0.507146
 39   -4.715563 -1.187671 -0.293041 -0.114645 0.202995 -0.015958
 40   1.079037 -3.418518 3.229477 -0.223478 0.201752 0.364551
 41   -4.433840 -1.059130 0.959566 -0.065017 0.116514 -0.006619
 42   0.514443 3.041093 -2.669082 0.022519 -0.016419 -0.612888
 43   0.363307 2.991586 2.888909 0.022527 -0.016427 -0.612888
time 123
  0   -0.475344 0.433607 -1.491862 0.000000 0.000000 -1.571069
  1   -1.093036 0.000002 -0.326057 -1.626408 -1.674054 0.055572
  2   2.262337 0.113614 0.064702 -0.133720 -0.007394 -0.098264
  3   2.380047 0.353302 0.047440 -0.208799 -0.000244 0.087703
  4   2.033756 0.190472 -0.000128 -0.129145 -0.024317 -0.128303
  5   2.451511 0.204909 -0.003447 -0.055219 -0.076811 -0.043203
  6   7.247600 -0.397300 -0.109469 0.000001 0.000021 0.156829
  7   -2.022252 -0.104661 3.136172 1.972668 -1.454597 -5.169291
  8   1.168026 -0.537438 -0.063437 -0.667501 0.404090 1.064104
  9   6.790376 -0.619176 0.015206 0.036348 0.037090 -0.965457
 10   8.637599 0.544015 -0.090417 -1.201032 -0.262335 -0.548852
 11   6.790465 -0.619039 0.017802 0.029672 0.011288 -0.691320
 12   -2.022474 -0.104699 -2.873818 -2.572465 1.430209 -5.749707
 13   1.167898 -0.537463 0.063297 0.420569 -0.556036 -0.062987
 14   7.002743 -0.617765 -0.183752 0.002393 -0.095545 -1.255816
 15   8.209042 0.615527 -0.255885 1.929821 0.196652 -0.266295
 16   7.002735 -0.617911 -0.183641 0.003094 -0.061313 -0.897425
 17   1.574674 0.609930 -0.000899 0.492194 -0.171435 0.495196
 18   -0.602177 0.511412 -0.000006 0.000000 0.000000 0.000000
 19   3.677679 0.177020 1.119313 -0.000002 -0.000014 -0.174510
 20   3.673767 0.176993 -1.117566 0.000007 -0.000003 -0.174546
 21   3.942357 1.330634 1.627658 0.000002 -0.000011 -0.000026
 22   -0.246060 -0.011889 0.516521 -0.000011 0.000031 0.000025
 23   3.942374 1.330659 -1.631083 0.000019 0.000002 -0.000024
 24   -0.246150 -0.011872 -0.516511 -0.000005 -0.000006 0.000048
 25   4.941364 1.997338 1.629330 0.000018 -0.000001 -0.000024
 26   4.941382 1.997366 -1.629410 -0.000001 0.000005 -0.000024
 27   2.918368 1.615358 1.514501 -0.000019 -0.000022 -0.000050
 28   2.920798 1.614964 -1.501142 -0.000002 -0.000009 -0.000024
 29   8.824059 0.150544 0.091743 0.099732 0.322606 -0.400500
 30   2.200932 -0.908846 1.565563 0.097002 0.189459 -0.227781
 31   2.105664 -0.772233 -1.802816 0.008933 -0.049472 -0.203646
 32   -0.810489 -0.093824 3.127092 0.289020 -3.057662 -0.209132
 33   14.298673 -0.408176 0.475484 -0.037252 -0.145467 -0.183360
 34   15.835795 0.581398 0.242756 0.052323 0.012007 -0.171829
 35   -0.815868 -0.091229 -3.114430 0.009166 3.087941 0.054058
 36   14.294526 -0.410349 -0.463635 -0.081115 0.085330 -1.944168
 37   15.834409 0.579420 -0.284600 0.220485 0.252616 -0.246018
 38   1.022494 -3.738914 -2.401925 -0.122927 0.178674 0.507207
 39   -4.715563 -1.191577 -0.293041 -0.115675 0.204577 -0.015958
 40   1.079037 -3.418518 3.237290 -0.226593 0.206042 0.363696
 41   -4.433840 -1.059130 0.959566 -0.066372 0.118779 -0.006591
 42   0.518349 3.041093 -2.669082 0.022519 -0.016419 -0.614979
 43   0.371120 2.999399 2.888909 0.022527 -0.016427 -0.614979
time 124
  0   -0.475344 0.433607 -1.491862 0.000000 0.000000 -1.571069
  1   -1.093036 0.000002 -0.326057 -1.628032 -1.673637 0.057169
  2   2.262337 0.113614 0.064702 -0.133669 -0.007394 -0.098137
  3   2.380047 0.353302 0.047440 -0.208754 -0.000220 0.087846
  4   2.033756 0.190472 -0.000128 -0.129145 -0.024281 -0.128158
  5   2.451511 0.204909 -0.003447 -0.055219 -0.076798 -0.043129
  6   7.247600 -0.397300 -0.109469 0.000001 0.000021 0.156829
  7   -2.022252 -0.104661 3.136172 1.972668 -1.454597 -5.169291
  8   1.168026 -0.537438 -0.063437 -0.667501 0.404090 1.064104
  9   6.790376 -0.619176 0.015206 0.036348 0.037090 -0.965457
 10   8.637599 0.544015 -0.090417 -1.201032 -0.262335 -0.548852
 11   6.790465 -0.619039 0.017802 0.029672 0.011288 -0.691320
 12   -2.022474 -0.104699 -2.873818 -2.572465 1.430209 -5.749707
 13   1.167898 -0.537463 0.063297 0.420569 -0.555629 -0.062987
 14   7.002743 -0.617765 -0.183752 0.002336 -0.095545 -1.255816
 15   8.209042 0.615527 -0.255885 1.929821 0.196652 -0.266295
 16   7.002735 -0.617911 -0.183641 0.003094 -0.061313 -0.897425
 17   1.574674 0.609930 -0.000899 0.492316 -0.171648 0.495381
 18   -0.602177 0.511412 -0.000006 0.000000 0.000000 0.000000
 19   3.673773 0.177020 1.119313 -0.000002 -0.000014 -0.174510
 20   3.673767 0.176993 -1.117566 0.000007 -0.000003 -0.174546
 21   3.942357 1.330634 1.627658 0.000002 -0.000011 -0.000026
 22   -0.246060 -0.011889 0.516521 -0.000011 0.000031 0.000025
 23   3.942374 1.330659 -1.631083 0.000019 0.000002 -0.000024
 24   -0.246150 -0.011872 -0.516511 -0.000005 -0.000006 0.000048
 25   4.941364 1.997338 1.629330 0.000018 -0.000001 -0.000024
 26   4.941382 1.997366 -1.629410 -0.000001 0.000005 -0.000024
 27   2.918368 1.615358 1.514501 -0.000019 -0.000022 -0.000050
 28   2.920798 1.614964 -1.501142 -0.000002 -0.000009 -0.000024
 29   8.824059 0.150544 0.091743 0.100890 0.327306 -0.399910
 30   2.200932 -0.908846 1.561657 0.098209 0.190766 -0.227781
 31   2.105664 -0.772233 -1.802816 0.009469 -0.049938 -0.203573
 32   -0.810489 -0.093824 3.127092 0.288367 -3.057757 -0.210328
 33   14.298673 -0.408176 0.475484 -0.037120 -0.145597 -0.185186
 34   15.835795 0.581398 0.242756 0.053036 0.012788 -0.171652
 35   -0.815868 -0.091229 -3.114430 0.009166 3.087941 0.053455
 36   14.294526 -0.410349 -0.463635 -0.081259 0.085486 -1.944400
 37   15.834409 0.579420 -0.284600 0.220426 0.252565 -0.245156
 38   1.014681 -3.738914 -2.401925 -0.124821 0.181819 0.507330
 39   -4.719469 -1.191577 -0.285228 -0.116550 0.205895 -0.015958
 40   1.079037 -3.410705 3.237290 -0.229161 0.209621 0.362840
 41   -4.433840 -1.059130 0.959566 -0.067474 0.120697 -0.006535
 42   0.518349 3.048906 -2.669082 0.022519 -0.016419 -0.616694
 43   0.371120 2.999399 2.888909 0.022527 -0.016427 -0.616694
time 125
  0   -0.475344 0.433607 -1.491862 0.000000 0.000000 -1.571069
  1   -1.093036 0.000002 -0.326057 -1.629133 -1.673313 0.058330
  2   2.262337 0.113614 0.064702 -0.133631 -0.007394 -0.098011
  3   2.380047 0.353302 0.047440 -0.208724 -0.000196 0.088009
  4   2.033756 0.190472 -0.000128 -0.129145 -0.024245 -0.128158
  5   2.451511 0.204909 -0.003447 -0.055219 -0.076785 -0.043030
  6   7.247600 -0.397300 -0.109469 0.000001 0.000021 0.156829
  7   -2.022252 -0.104661 3.136172 1.972668 -1.454597 -5.169291
  8   1.168026 -0.537438 -0.063437 -0.667501 0.404090 1.064104
  9   6.790376 -0.619176 0.015206 0.036348 0.037090 -0.965608
 10   8.637599 0.544015 -0.090417 -1.201032 -0.262335 -0.548852
 11   6.790465 -0.619039 0.017802 0.029672 0.011288 -0.691320
 12   -2.022474 -0.104699 -2.873818 -2.572465 1.430209 -5.749707
 13   1.167898 -0.537463 0.063297 0.420429 -0.555324 -0.062987
 14   7.002743 -0.617765 -0.183752 0.002336 -0.095545 -1.255651
 15   8.209042 0.615527 -0.255885 1.929821 0.196652 -0.266295
 16   7.002735 -0.617911 -0.183641 0.003094 -0.061313 -0.897315
 17   1.574674 0.609930 -0.000899 0.492397 -0.171790 0.495455
 18   -0.602177 0.511412 -0.000006 0.000000 0.000000 0.000000
 19   3.673773 0.177020 1.119313 -0.000002 -0.000014 -0.174510
 20   3.673767 0.176993 -1.117566 0.000007 -0.000003 -0.174546
 21   3.942357 1.330634 1.627658 0.000002 -0.000011 -0.000026
 22   -0.246060 -0.011889 0.516521 -0.000011 0.000031 0.000025
 23   3.942374 1.330659 -1.631083 0.000019 0.000002 -0.000024
 24   -0.246150 -0.011872 -0.516511 -0.000005 -0.000006 0.000048
 25   4.941364 1.997338 1.629330 0.000018 -0.000001 -0.000024
 26   4.941382 1.997366 -1.629410 -0.000001 0.000005 -0.000024
 27   2.918368 1.623171 1.514501 -0.000019 -0.000022 -0.000050
 28   2.920798 1.614964 -1.501142 -0.000002 -0.000009 -0.000024
 29   8.824059 0.150544 0.091743 0.101871 0.331033 -0.399427
 30   2.200932 -0.916659 1.561657 0.099158 0.191813 -0.227781
 31   2.105664 -0.772233 -1.802816 0.009898 -0.050301 -0.203500
 32   -0.810489 -0.093824 3.127092 0.287808 -3.057948 -0.211751
 33   14.298673 -0.408176 0.475484 -0.037000 -0.145739 -0.186774
 34   15.835795 0.581398 0.242756 0.053703 0.013642 -0.171608
 35   -0.815868 -0.091229 -3.114430 0.009166 3.087941 0.053072
 36   14.294526 -0.410349 -0.463635 -0.081355 0.085606 -1.944477
 37   15.834409 0.579420 -0.284600 0.220426 0.252488 -0.244649
 38   1.014681 -3.746727 -2.394112 -0.126358 0.184289 0.507330
 39   -4.719469 -1.191577 -0.281322 -0.117245 0.206950 -0.015958
 40   1.086850 -3.410705 3.237290 -0.231203 0.212453 0.362229
 41   -4.433840 -1.059130 0.959566 -0.068361 0.122195 -0.006507
 42   0.526162 3.048906 -2.669082 0.022519 -0.016419 -0.618074
 43   0.371120 3.007212 2.888909 0.022527 -0.016427 -0.618074
time 126
  0   -0.475344 0.433607 -1.491862 0.000000 0.000000 -1.571069
  1   -1.093036 0.000002 -0.326057 -1.630024 -1.673174 0.059298
  2   2.262337 0.113614 0.064702 -0.133580 -0.007406 -0.097939
  3   2.380047 0.353302 0.047440 -0.208724 -0.000184 0.088111
  4   2.033756 0.190472 -0.000128 -0.129145 -0.024221 -0.128013
  5   2.451511 0.204909 -0.003447 -0.055219 -0.076772 -0.043030
  6   7.247600 -0.397300 -0.109469 0.000001 0.000021 0.156829
  7   -2.022252 -0.104661 3.136172 1.972668 -1.454597 -5.169291
  8   1.168026 -0.537438 -0.063437 -0.667501 0.404090 1.064104
  9   6.790376 -0.619176 0.015206 0.036348 0.037090 -0.965608
 10   8.637599 0.544015 -0.090417 -1.201032 -0.262335 -0.548852
 11   6.790465 -0.619039 0.017802 0.029672 0.011288 -0.691320
 12   -2.022474 -0.104699 -2.873818 -2.572465 1.430209 -5.749707
 13   1.167898 -0.537463 0.063297 0.420429 -0.555222 -0.062987
 14   7.002743 -0.617765 -0.183752 0.002336 -0.095545 -1.255651
 15   8.209042 0.615527 -0.255885 1.929821 0.196652 -0.266295
 16   7.002735 -0.617911 -0.183641 0.003094 -0.061313 -0.897315
 17   1.574674 0.609930 -0.000899 0.492600 -0.171861 0.495529
 18   -0.602177 0.511412 -0.000006 0.000000 0.000000 0.000000
 19   3.673773 0.177020 1.119313 -0.000002 -0.000014 -0.174510
 20   3.673767 0.176993 -1.117566 0.000007 -0.000003 -0.174546
 21   3.942357 1.330634 1.627658 0.000002 -0.000011 -0.000026
 22   -0.246060 -0.011889 0.516521 -0.000011 0.000031 0.000025
 23   3.942374 1.330659 -1.631083 0.000019 0.000002 -0.000024
 24   -0.246150 -0.011872 -0.516511 -0.000005 -0.000006 0.000048
 25   4.941364 1.997338 1.629330 0.000018 -0.000001 -0.000024
 26   4.941382 1.997366 -1.629410 -0.000001 0.000005 -0.000024
 27   2.918368 1.615358 1.514501 -0.000019 -0.000022 -0.000050
 28   2.920798 1.614964 -1.501142 -0.000002 -0.000009 -0.000024
 29   8.824059 0.150544 0.091743 0.102495 0.333763 -0.399105
 30   2.200932 -0.916659 1.561657 0.099863 0.192568 -0.227781
 31   2.105664 -0.772233 -1.802816 0.010220 -0.050585 -0.203482
 32   -0.810489 -0.093824 3.127092 0.287249 -3.058044 -0.212832
 33   14.298673 -0.408176 0.475484 -0.036892 -0.145803 -0.188203
 34   15.835795 0.581398 0.242756 0.054348 0.014618 -0.171608
 35   -0.815868 -0.091229 -3.114430 0.009078 3.087941 0.052688
 36   14.294526 -0.410349 -0.463635 -0.081415 0.085702 -1.944400
 37   15.834409 0.579420 -0.284600 0.220347 0.252437 -0.244142
 38   1.014681 -3.746727 -2.394112 -0.127452 0.186109 0.507330
 39   -4.719469 -1.191577 -0.281322 -0.117761 0.207705 -0.015958
 40   1.086850 -3.406799 3.237290 -0.232719 0.214526 0.361863
 41   -4.433840 -1.059130 0.959566 -0.069008 0.123273 -0.006479
 42   0.526162 3.052812 -2.669082 0.022531 -0.016419 -0.619036
 43   0.371120 3.007212 2.888909 0.022527 -0.016427 -0.619036
time 127
  0   -0.475344 0.433607 -1.491862 0.000000 0.000000 -1.571069
  1   -1.093036 0.000002 -0.326057 -1.630600 -1.673035 0.059830
  2   2.262337 0.113614 0.064702 -0.133580 -0.007418 -0.097902
  3   2.380047 0.353302 0.047440 -0.208724 -0.000184 0.088152
  4   2.033756 0.190472 -0.000128 -0.129145 -0.024209 -0.128013
  5   2.451511 0.204909 -0.003447 -0.055219 -0.076772 -0.043030
  6   7.247600 -0.397300 -0.109469 0.000001 0.000021 0.156829
  7   -2.022252 -0.104661 3.136172 1.972668 -1.454597 -5.169291
  8   1.168026 -0.537438 -0.063437 -0.667501 0.404090 1.064104
  9   6.790376 -0.619176 0.015206 0.036348 0.037090 -0.965608
 10   8.637599 0.544015 -0.090417 -1.201032 -0.262335 -0.548852
 11   6.790465 -0.619039 0.017802 0.029672 0.011288 -0.691320
 12   -2.022474 -0.104699 -2.873818 -2.572465 1.430209 -5.749707
 13   1.167898 -0.537463 0.063297 0.420429 -0.554968 -0.062987
 14   7.002743 -0.617765 -0.183752 0.002336 -0.095545 -1.255651
 15   8.209042 0.615527 -0.255885 1.929821 0.196652 -0.266295
 16   7.002735 -0.617911 -0.183641 0.003094 -0.061313 -0.897315
 17   1.574674 0.609930 -0.000899 0.492722 -0.171932 0.495603
 18   -0.602177 0.511412 -0.000006 0.000000 0.000000 0.000000
 19   3.677679 0.177020 1.119313 -0.000002 -0.000014 -0.174510
 20   3.677673 0.176993 -1.117566 0.000007 -0.000003 -0.174546
 21   3.942357 1.330634 1.627658 0.000002 -0.000011 -0.000026
 22   -0.246060 -0.011889 0.516521 -0.000011 0.000031 0.000025
 23   3.942374 1.330659 -1.631083 0.000019 0.000002 -0.000024
 24   -0.246150 -0.011872 -0.516511 -0.000005 -0.000006 0.000048
 25   4.941364 1.997338 1.629330 0.000018 -0.000001 -0.000024
 26   4.941382 1.997366 -1.629410 -0.000001 0.000005 -0.000024
 27   2.918368 1.615358 1.514501 -0.000019 -0.000022 -0.000050
 28   2.920798 1.614964 -1.501142 -0.000002 -0.000009 -0.000024
 29   8.824059 0.150544 0.091743 0.102940 0.335401 -0.398837
 30   2.200932 -0.916659 1.561657 0.100297 0.193033 -0.227781
 31   2.105664 -0.772233 -1.802816 0.010419 -0.050767 -0.203464
 32   -0.810489 -0.093824 3.127092 0.286876 -3.058139 -0.213971
 33   14.298673 -0.408176 0.475484 -0.036809 -0.145894 -0.189394
 34   15.835795 0.581398 0.242756 0.055038 0.015741 -0.171829
 35   -0.815868 -0.091229 -3.114430 0.009078 3.087941 0.052688
 36   14.294526 -0.410349 -0.463635 -0.081451 0.085774 -1.944168
 37   15.834409 0.579420 -0.284600 0.220288 0.252385 -0.243939
 38   1.014681 -3.750633 -2.394112 -0.128147 0.187206 0.507330
 39   -4.719469 -1.191577 -0.281322 -0.118060 0.208160 -0.015958
 40   1.086850 -3.406799 3.237290 -0.233624 0.215779 0.361496
 41   -4.433840 -1.059130 0.959566 -0.069416 0.123945 -0.006451
 42   0.526162 3.052812 -2.669082 0.022531 -0.016419 -0.619621
 43   0.378933 3.007212 2.888909 0.022527 -0.016427 -0.619621
time 128
  0   -0.475344 0.433607 -1.491862 0.000000 0.000000 -1.571069
  1   -1.093036 0.000002 -0.326057 -1.630862 -1.672989 0.060024
  2   2.262337 0.113614 0.064702 -0.133580 -0.007418 -0.097902
  3   2.380047 0.353302 0.047440 -0.208724 -0.000184 0.088152
  4   2.033756 0.190472 -0.000128 -0.129145 -0.024209 -0.128013
  5   2.451511 0.204909 -0.003447 -0.055219 -0.076772 -0.043030
  6   7.247600 -0.397300 -0.109469 0.000001 0.000021 0.156829
  7   -2.022252 -0.104661 3.136172 1.972668 -1.454597 -5.169291
  8   1.168026 -0.537438 -0.063437 -0.667501 0.404090 1.064104
  9   6.790376 -0.619176 0.015206 0.036348 0.037090 -0.965608
 10   8.637599 0.544015 -0.090417 -1.201032 -0.262335 -0.548852
 11   6.790465 -0.619039 0.017802 0.029672 0.011288 -0.691320
 12   -2.022474 -0.104699 -2.873818 -2.572465 1.430209 -5.749707
 13   1.167898 -0.537463 0.063297 0.420429 -0.554917 -0.062987
 14   7.002743 -0.617765 -0.183752 0.002336 -0.095545 -1.255651
 15   8.209042 0.615527 -0.255885 1.929821 0.196652 -0.266295
 16   7.002735 -0.617911 -0.183641 0.003094 -0.061313 -0.897315
 17   1.574674 0.609930 -0.000899 0.492803 -0.172003 0.495603
 18   -0.602177 0.511412 -0.000006 0.000000 0.000000 0.000000
 19   3.673773 0.177020 1.119313 -0.000002 -0.000014 -0.174510
 20   3.673767 0.176993 -1.117566 0.000007 -0.000003 -0.174546
 21   3.942357 1.330634 1.627658 0.000002 -0.000011 -0.000026
 22   -0.246060 -0.011889 0.516521 -0.000011 0.000031 0.000025
 23   3.942374 1.330659 -1.631083 0.000019 0.000002 -0.000024
 24   -0.246150 -0.011872 -0.516511 -0.000005 -0.000006 0.000048
 25   4.941364 1.997338 1.629330 0.000018 -0.000001 -0.000024
 26   4.941382 1.997366 -1.629410 -0.000001 0.000005 -0.000024
 27   2.918368 1.615358 1.514501 -0.000019 -0.000022 -0.000050
 28   2.920798 1.614964 -1.501142 -0.000002 -0.000009 -0.000024
 29   8.824059 0.150544 0.091743 0.103119 0.335947 -0.398837
 30   2.200932 -0.916659 1.561657 0.100446 0.193178 -0.227781
 31   2.105664 -0.772233 -1.802816 0.010465 -0.050819 -0.203464
 32   -0.810489 -0.093824 3.127092 0.286503 -3.058139 -0.213971
 33   14.298673 -0.408176 0.475484 -0.036857 -0.145894 -0.188918
 34   15.835795 0.581398 0.242756 0.055613 0.016912 -0.172490
 35   -0.815868 -0.091229 -3.114430 0.009166 3.087941 0.053291
 36   14.294526 -0.410349 -0.463635 -0.081463 0.085810 -1.943859
 37   15.834409 0.579420 -0.284600 0.220307 0.252385 -0.243787
 38   1.014681 -3.750633 -2.394112 -0.128357 0.187567 0.507330
 39   -4.719469 -1.191577 -0.281322 -0.118168 0.208316 -0.015958
 40   1.086850 -3.406799 3.237290 -0.233918 0.216213 0.361435
 41   -4.433840 -1.059130 0.959566 -0.069548 0.124160 -0.006451
 42   0.526162 3.052812 -2.669082 0.022531 -0.016419 -0.619831
 43   0.378933 3.007212 2.888909 0.022527 -0.016427 -0.619831
end
