version 1
nodes
  0 "Bip01" -1
  1 "Bip01 Pelvis" 0
  2 "Bip01 Spine" 1
  3 "Bip01 Spine1" 2
  4 "Bip01 Spine2" 3
  5 "Bip01 Spine3" 4
  6 "Bip01 Neck" 5
  7 "Bip01 L Arm" 6
  8 "Bip01 L Arm1" 7
  9 "Bip01 L Arm2" 8
 10 "Bip01 L Hand" 9
 11 "Bip06 L elbow2-smooth" 8
 12 "Bip01 R Arm" 6
 13 "Bip01 R Arm1" 12
 14 "Bip01 R Arm2" 13
 15 "Bip01 R Hand" 14
 16 "Bip06 R elbow2-smooth" 13
 17 "Bip01 Head" 6
 18 "Bip06 Head_helper" 17
 19 "Bip06 Head_eyes_l" 18
 20 "Bip06 Head_eyes_r" 18
 21 "Bip06 Head_blink_l" 18
 22 "Bip06 Head_blink_smooth_l1" 21
 23 "Bip06 Head_blink_r" 18
 24 "Bip06 Head_blink_smooth_r1" 23
 25 "Bip06 Head_L_eyebrow" 18
 26 "Bip06 Head_R_eyebrow" 18
 27 "Bip06 Head_blink_l_lid" 18
 28 "Bip06 Head_blink_r_lid" 18
 29 "Bip06 bunny" 18
 30 "Bip06 bunnyL" 29
 31 "Bip06 bunnyR" 29
 32 "Bip01 L Leg" 1
 33 "Bip01 L Leg1" 32
 34 "Bip01 L Foot" 33
 35 "Bip01 R Leg" 1
 36 "Bip01 R Leg1" 35
 37 "Bip01 R Foot" 36
 38 "Bip03 HairR1" 17
 39 "Bip03 HairR2" 38
 40 "Bip03 HairL1" 17
 41 "Bip03 HairL2" 40
 42 "Bip03 swingR" 17
 43 "Bip03 swingL" 17
end
skeleton
time 0
  0 0.000000 -0.557378 35.841309 0.000000 0.000000 -1.570795
  1 -1.093036 0.000002 -0.326057 -1.586320 -1.567184 0.015555
  2 2.262337 0.113614 0.056889 -0.000065 0.003680 -0.016710
  3 2.380047 0.353302 0.047440 0.000000 -0.000076 0.026221
  4 2.033756 0.190472 -0.000128 -0.000010 0.000072 -0.139576
  5 2.451511 0.204909 -0.003447 0.000000 -0.000005 -0.017472
  6 7.247600 -0.397300 -0.109469 0.000001 -0.000003 0.156829
  7 -2.022252 -0.104661 3.136172 -0.299358 -1.362237 -2.901279
  8 1.168026 -0.537438 -0.063437 0.032634 0.453851 0.022521
  9 6.790376 -0.619176 0.015206 -0.010477 -0.035190 -0.050489
 10 8.637599 0.544015 -0.090417 -1.640476 0.041470 -0.021824
 11 6.790465 -0.619039 0.017802 -0.010473 -0.035301 -0.050494
 12 -2.022474 -0.104699 -2.873818 0.299448 1.362322 -2.901218
 13 1.167898 -0.537463 0.063297 -0.033812 -0.454025 0.020612
 14 7.002743 -0.617765 -0.183752 0.048622 0.002181 -0.062045
 15 8.209042 0.615527 -0.255885 1.605179 -0.024955 -0.020634
 16 7.002735 -0.617911 -0.183641 0.048662 0.002180 -0.062027
 17 1.574674 0.609930 -0.000899 0.000000 0.000008 0.165097
 18 -0.602177 0.511412 -0.000006 0.000000 0.000000 0.000000
 19 3.646428 0.364526 1.119313 -0.000002 -0.000913 -0.174510
 20 3.646422 0.364499 -1.117566 0.000007 -0.000231 -0.174534
 21 3.805634 1.330634 1.627658 0.000026 -0.000011 -0.000026
 22 -0.246060 -0.011889 0.516521 -0.000027 0.000031 0.000025
 23 3.805651 1.330659 -1.631083 0.000031 0.000002 -0.000024
 24 -0.246150 -0.011872 -0.516511 -0.000029 -0.000006 0.000048
 25 4.941364 1.997338 1.629330 0.000018 -0.000001 -0.000024
 26 4.941382 1.997366 -1.629410 0.000011 0.000005 -0.000024
 27 2.930087 1.603639 1.514501 -0.000019 -0.000022 -0.000050
 28 2.932517 1.603245 -1.501142 -0.000002 -0.000009 -0.000024
 29 8.824059 0.150544 0.091743 0.000006 -0.000231 -0.174534
 30 2.111085 -0.561179 1.784320 -0.000008 -0.000682 0.000024
 31 2.121290 -0.561289 -1.853599 0.000000 0.000000 -0.000002
 32 -0.802676 -0.093824 3.127092 0.029339 -3.107706 -0.005351
 33 14.298673 -0.408176 0.518454 -0.008489 -0.020139 -0.122779
 34 15.835795 0.581398 0.242756 -0.000811 0.023965 0.068310
 35 -0.831494 -0.091229 -3.114430 -0.029296 3.119983 -0.005210
 36 14.294526 -0.410349 -0.455822 0.009069 0.015448 -0.122598
 37 15.834409 0.579420 -0.284600 0.000804 -0.024172 0.068081
 38 1.139685 -3.453749 -2.823813 0.000000 0.000000 0.000001
 39 -4.457742 -1.054854 -0.746180 0.000000 0.000000 0.000000
 40 1.118101 -3.449769 3.237290 0.000000 0.000001 0.000000
 41 -4.433840 -1.059130 0.959566 -0.000001 0.000000 0.000000
 42 -0.657468 1.697302 -2.688614 0.000000 0.000002 0.000000
 43 -0.664068 1.698578 2.869377 0.000000 0.000002 0.000000
end
triangles
hair1.bmp
 39 -2.734255 6.877229 50.163910 -0.758394 -0.615241 -0.215215 0.023438 0.527344
 38 -2.309268 5.350019 53.261719 -0.376800 -0.870402 -0.316895 0.023438 0.687500
 39 -2.704159 6.953207 50.137047 -0.586820 0.739600 0.329598 0.023438 0.527344
hair1.bmp
 39 -2.704159 6.953207 50.137047 -0.586820 0.739600 0.329598 0.023438 0.527344
 38 -2.309268 5.350019 53.261719 -0.376800 -0.870402 -0.316895 0.023438 0.687500
 38 -2.183136 5.025534 54.331627 -0.662496 -0.130588 -0.737595 0.023438 0.757813
hair1.bmp
 38 -2.309268 5.350019 53.261719 -0.376800 -0.870402 -0.316895 0.023438 0.687500
 38 -1.994205 4.972418 54.627571 0.571016 -0.802690 -0.172131 0.023438 0.781250
 38 -2.183136 5.025534 54.331627 -0.662496 -0.130588 -0.737595 0.023438 0.757813
hair1.bmp
 38 -2.183136 5.025534 54.331627 -0.662496 -0.130588 -0.737595 0.023438 0.757813
 38 -1.994205 4.972418 54.627571 0.571016 -0.802690 -0.172131 0.023438 0.781250
 38 -1.741325 4.832060 56.594715 -0.026336 -0.067480 0.997373 0.023438 0.933594
hair1.bmp
 38 -1.994205 4.972418 54.627571 0.571016 -0.802690 -0.172131 0.023438 0.781250
 38 -2.032836 5.070998 54.248905 -0.864093 -0.169305 0.474004 0.023438 0.753906
 38 -1.741325 4.832060 56.594715 -0.026336 -0.067480 0.997373 0.023438 0.933594
hair1.bmp
 38 -1.741325 4.832060 56.594715 -0.026336 -0.067480 0.997373 0.023438 0.933594
 38 -2.032836 5.070998 54.248905 -0.864093 -0.169305 0.474004 0.023438 0.753906
 38 -2.183136 5.025534 54.331627 -0.662496 -0.130588 -0.737595 0.023438 0.757813
hair1.bmp
 38 -2.032836 5.070998 54.248905 -0.864093 -0.169305 0.474004 0.023438 0.753906
 39 -2.593600 7.052203 49.982525 0.856550 0.504809 0.107190 0.023438 0.515625
 38 -2.183136 5.025534 54.331627 -0.662496 -0.130588 -0.737595 0.023438 0.757813
hair1.bmp
 38 -2.183136 5.025534 54.331627 -0.662496 -0.130588 -0.737595 0.023438 0.757813
 39 -2.593600 7.052203 49.982525 0.856550 0.504809 0.107190 0.023438 0.515625
 39 -2.704159 6.953207 50.137047 -0.586820 0.739600 0.329598 0.023438 0.527344
hair1.bmp
 39 -2.593600 7.052203 49.982525 0.856550 0.504809 0.107190 0.023438 0.515625
 39 -2.698796 7.352060 48.654247 -0.965295 0.243199 -0.095183 0.023438 0.460938
 39 -2.704159 6.953207 50.137047 -0.586820 0.739600 0.329598 0.023438 0.527344
hair1.bmp
 39 -2.704159 6.953207 50.137047 -0.586820 0.739600 0.329598 0.023438 0.527344
 39 -2.698796 7.352060 48.654247 -0.965295 0.243199 -0.095183 0.023438 0.460938
 39 -2.734255 6.877229 50.163910 -0.758394 -0.615241 -0.215215 0.023438 0.527344
hair1.bmp
 39 -2.698796 7.352060 48.654247 -0.965295 0.243199 -0.095183 0.023438 0.460938
 39 -2.648527 7.334929 48.580223 0.002815 -0.972855 -0.231399 0.023438 0.457031
 39 -2.734255 6.877229 50.163910 -0.758394 -0.615241 -0.215215 0.023438 0.527344
hair1.bmp
 39 -2.734255 6.877229 50.163910 -0.758394 -0.615241 -0.215215 0.023438 0.527344
 39 -2.648527 7.334929 48.580223 0.002815 -0.972855 -0.231399 0.023438 0.457031
 39 -2.593600 7.052203 49.982525 0.856550 0.504809 0.107190 0.023438 0.515625
hair1.bmp
 39 -2.648527 7.334929 48.580223 0.002815 -0.972855 -0.231399 0.023438 0.457031
 39 -2.508017 7.451839 48.439198 0.768594 0.625800 0.132804 0.023438 0.449219
 39 -2.593600 7.052203 49.982525 0.856550 0.504809 0.107190 0.023438 0.515625
hair1.bmp
 39 -2.593600 7.052203 49.982525 0.856550 0.504809 0.107190 0.023438 0.515625
 39 -2.508017 7.451839 48.439198 0.768594 0.625800 0.132804 0.023438 0.449219
 39 -2.698796 7.352060 48.654247 -0.965295 0.243199 -0.095183 0.023438 0.460938
hair1.bmp
 39 -2.508017 7.451839 48.439198 0.768594 0.625800 0.132804 0.023438 0.449219
 39 -2.323131 7.460971 47.090149 -0.946252 -0.193404 -0.259233 0.023438 0.390625
 39 -2.698796 7.352060 48.654247 -0.965295 0.243199 -0.095183 0.023438 0.460938
hair1.bmp
 39 -2.698796 7.352060 48.654247 -0.965295 0.243199 -0.095183 0.023438 0.460938
 39 -2.323131 7.460971 47.090149 -0.946252 -0.193404 -0.259233 0.023438 0.390625
 39 -2.648527 7.334929 48.580223 0.002815 -0.972855 -0.231399 0.023438 0.457031
hair1.bmp
 39 -2.323131 7.460971 47.090149 -0.946252 -0.193404 -0.259233 0.023438 0.390625
 39 -2.202798 7.457224 46.998463 0.905902 -0.234220 0.352820 0.023438 0.386719
 39 -2.648527 7.334929 48.580223 0.002815 -0.972855 -0.231399 0.023438 0.457031
hair1.bmp
 39 -2.648527 7.334929 48.580223 0.002815 -0.972855 -0.231399 0.023438 0.457031
 39 -2.202798 7.457224 46.998463 0.905902 -0.234220 0.352820 0.023438 0.386719
 39 -2.508017 7.451839 48.439198 0.768594 0.625800 0.132804 0.023438 0.449219
hair1.bmp
 39 -2.202798 7.457224 46.998463 0.905902 -0.234220 0.352820 0.023438 0.386719
 39 -2.242937 7.501121 47.036697 0.096002 0.974853 -0.201110 0.023438 0.386719
 39 -2.508017 7.451839 48.439198 0.768594 0.625800 0.132804 0.023438 0.449219
hair1.bmp
 39 -2.508017 7.451839 48.439198 0.768594 0.625800 0.132804 0.023438 0.449219
 39 -2.242937 7.501121 47.036697 0.096002 0.974853 -0.201110 0.023438 0.386719
 39 -2.323131 7.460971 47.090149 -0.946252 -0.193404 -0.259233 0.023438 0.390625
hair1.bmp
 39 -2.242937 7.501121 47.036697 0.096002 0.974853 -0.201110 0.023438 0.386719
 39 -1.678643 7.125064 45.853416 0.398870 -0.222560 -0.889590 0.023438 0.343750
 39 -2.323131 7.460971 47.090149 -0.946252 -0.193404 -0.259233 0.023438 0.390625
hair1.bmp
 39 -2.323131 7.460971 47.090149 -0.946252 -0.193404 -0.259233 0.023438 0.390625
 39 -1.678643 7.125064 45.853416 0.398870 -0.222560 -0.889590 0.023438 0.343750
 39 -2.202798 7.457224 46.998463 0.905902 -0.234220 0.352820 0.023438 0.386719
hair1.bmp
 39 -1.678643 7.125064 45.853416 0.398870 -0.222560 -0.889590 0.023438 0.343750
 39 -2.242937 7.501121 47.036697 0.096002 0.974853 -0.201110 0.023438 0.386719
 39 -2.202798 7.457224 46.998463 0.905902 -0.234220 0.352820 0.023438 0.386719
hair1.bmp
 38 -3.893413 3.689389 54.410194 -0.773619 -0.591828 0.226392 0.023438 0.777344
 38 -3.970193 4.103647 53.519188 0.763635 0.614209 0.199020 0.023438 0.730469
 38 -4.298536 4.104585 53.060940 -0.678792 -0.730595 -0.073981 0.023438 0.710938
hair1.bmp
 38 -4.298536 4.104585 53.060940 -0.678792 -0.730595 -0.073981 0.023438 0.710938
 38 -3.970193 4.103647 53.519188 0.763635 0.614209 0.199020 0.023438 0.730469
 39 -5.623226 5.910693 49.877964 -0.986318 -0.075199 -0.146703 0.023438 0.550781
hair1.bmp
 38 -3.970193 4.103647 53.519188 0.763635 0.614209 0.199020 0.023438 0.730469
 39 -5.434022 5.891427 50.098717 0.402197 0.838109 0.368526 0.023438 0.562500
 39 -5.623226 5.910693 49.877964 -0.986318 -0.075199 -0.146703 0.023438 0.550781
hair1.bmp
 39 -5.623226 5.910693 49.877964 -0.986318 -0.075199 -0.146703 0.023438 0.550781
 39 -5.434022 5.891427 50.098717 0.402197 0.838109 0.368526 0.023438 0.562500
 39 -5.857812 6.403433 48.380707 -0.503652 0.823477 0.261190 0.023438 0.476563
hair1.bmp
 39 -5.434022 5.891427 50.098717 0.402197 0.838109 0.368526 0.023438 0.562500
 39 -5.876395 6.484100 47.988728 0.274409 -0.945941 -0.172901 0.023438 0.460938
 39 -5.857812 6.403433 48.380707 -0.503652 0.823477 0.261190 0.023438 0.476563
hair1.bmp
 39 -5.857812 6.403433 48.380707 -0.503652 0.823477 0.261190 0.023438 0.476563
 39 -5.876395 6.484100 47.988728 0.274409 -0.945941 -0.172901 0.023438 0.460938
 39 -5.711943 6.481825 46.759480 -0.662867 0.709882 -0.238066 0.023438 0.402344
hair1.bmp
 39 -5.876395 6.484100 47.988728 0.274409 -0.945941 -0.172901 0.023438 0.460938
 39 -5.470797 6.416844 46.443844 0.058884 -0.898504 -0.434997 0.023438 0.386719
 39 -5.711943 6.481825 46.759480 -0.662867 0.709882 -0.238066 0.023438 0.402344
hair1.bmp
 39 -5.711943 6.481825 46.759480 -0.662867 0.709882 -0.238066 0.023438 0.402344
 39 -5.470797 6.416844 46.443844 0.058884 -0.898504 -0.434997 0.023438 0.386719
 39 -5.008523 6.092800 45.818226 0.602821 0.351611 -0.716223 0.023438 0.355469
hair1.bmp
 39 -5.470797 6.416844 46.443844 0.058884 -0.898504 -0.434997 0.023438 0.386719
 39 -5.038526 5.930016 45.819313 0.274408 -0.778618 -0.564317 0.023438 0.355469
 39 -5.008523 6.092800 45.818226 0.602821 0.351611 -0.716223 0.023438 0.355469
hair1.bmp
 39 -5.008523 6.092800 45.818226 0.602821 0.351611 -0.716223 0.023438 0.355469
 39 -5.038526 5.930016 45.819313 0.274408 -0.778618 -0.564317 0.023438 0.355469
 39 -5.591108 6.279261 46.530426 -0.023501 -0.675699 -0.736803 0.023438 0.390625
hair1.bmp
 39 -5.038526 5.930016 45.819313 0.274408 -0.778618 -0.564317 0.023438 0.355469
 39 -5.470797 6.416844 46.443844 0.058884 -0.898504 -0.434997 0.023438 0.386719
 39 -5.591108 6.279261 46.530426 -0.023501 -0.675699 -0.736803 0.023438 0.390625
hair1.bmp
 39 -5.591108 6.279261 46.530426 -0.023501 -0.675699 -0.736803 0.023438 0.390625
 39 -5.470797 6.416844 46.443844 0.058884 -0.898504 -0.434997 0.023438 0.386719
 39 -5.926004 6.340792 47.881481 0.598979 0.764795 0.237303 0.023438 0.453125
hair1.bmp
 39 -5.470797 6.416844 46.443844 0.058884 -0.898504 -0.434997 0.023438 0.386719
 39 -5.876395 6.484100 47.988728 0.274409 -0.945941 -0.172901 0.023438 0.460938
 39 -5.926004 6.340792 47.881481 0.598979 0.764795 0.237303 0.023438 0.453125
hair1.bmp
 39 -5.926004 6.340792 47.881481 0.598979 0.764795 0.237303 0.023438 0.453125
 39 -5.876395 6.484100 47.988728 0.274409 -0.945941 -0.172901 0.023438 0.460938
 39 -5.623226 5.910693 49.877964 -0.986318 -0.075199 -0.146703 0.023438 0.550781
hair1.bmp
 39 -5.876395 6.484100 47.988728 0.274409 -0.945941 -0.172901 0.023438 0.460938
 39 -5.532961 5.954385 49.804867 0.348395 -0.884077 -0.311494 0.023438 0.550781
 39 -5.623226 5.910693 49.877964 -0.986318 -0.075199 -0.146703 0.023438 0.550781
hair1.bmp
 39 -5.623226 5.910693 49.877964 -0.986318 -0.075199 -0.146703 0.023438 0.550781
 39 -5.532961 5.954385 49.804867 0.348395 -0.884077 -0.311494 0.023438 0.550781
 38 -4.298536 4.104585 53.060940 -0.678792 -0.730595 -0.073981 0.023438 0.710938
hair1.bmp
 39 -5.532961 5.954385 49.804867 0.348395 -0.884077 -0.311494 0.023438 0.550781
 39 -5.434022 5.891427 50.098717 0.402197 0.838109 0.368526 0.023438 0.562500
 38 -4.298536 4.104585 53.060940 -0.678792 -0.730595 -0.073981 0.023438 0.710938
hair1.bmp
 38 -4.298536 4.104585 53.060940 -0.678792 -0.730595 -0.073981 0.023438 0.710938
 39 -5.434022 5.891427 50.098717 0.402197 0.838109 0.368526 0.023438 0.562500
 38 -4.108832 4.161088 53.142918 0.751827 -0.462015 -0.470423 0.023438 0.714844
hair1.bmp
 39 -5.434022 5.891427 50.098717 0.402197 0.838109 0.368526 0.023438 0.562500
 38 -3.970193 4.103647 53.519188 0.763635 0.614209 0.199020 0.023438 0.730469
 38 -4.108832 4.161088 53.142918 0.751827 -0.462015 -0.470423 0.023438 0.714844
hair1.bmp
 38 -4.108832 4.161088 53.142918 0.751827 -0.462015 -0.470423 0.023438 0.714844
 38 -3.970193 4.103647 53.519188 0.763635 0.614209 0.199020 0.023438 0.730469
 38 -3.685289 3.575865 54.929035 0.247997 -0.292612 0.923513 0.023438 0.804688
hair1.bmp
 38 -3.970193 4.103647 53.519188 0.763635 0.614209 0.199020 0.023438 0.730469
 38 -3.893413 3.689389 54.410194 -0.773619 -0.591828 0.226392 0.023438 0.777344
 38 -3.685289 3.575865 54.929035 0.247997 -0.292612 0.923513 0.023438 0.804688
hair1.bmp
 38 -3.685289 3.575865 54.929035 0.247997 -0.292612 0.923513 0.023438 0.804688
 38 -3.893413 3.689389 54.410194 -0.773619 -0.591828 0.226392 0.023438 0.777344
 38 -4.108832 4.161088 53.142918 0.751827 -0.462015 -0.470423 0.023438 0.714844
hair1.bmp
 38 -3.893413 3.689389 54.410194 -0.773619 -0.591828 0.226392 0.023438 0.777344
 38 -4.298536 4.104585 53.060940 -0.678792 -0.730595 -0.073981 0.023438 0.710938
 38 -4.108832 4.161088 53.142918 0.751827 -0.462015 -0.470423 0.023438 0.714844
hair1.bmp
 17 2.574572 1.272864 56.041454 0.611408 -0.667113 -0.425606 0.820313 0.589844
 17 3.428365 0.751024 57.759251 0.656712 -0.714755 -0.240530 0.812500 0.699219
 17 2.992989 0.441866 56.482784 0.958502 0.010301 -0.284901 0.886719 0.617188
hair1.bmp
 17 2.992989 0.441866 56.482784 0.958502 0.010301 -0.284901 0.886719 0.617188
 17 3.428365 0.751024 57.759251 0.656712 -0.714755 -0.240530 0.812500 0.699219
 17 3.078075 -0.687063 57.844723 0.939095 -0.343423 0.012687 0.890625 0.734375
hair1.bmp
 17 3.428365 0.751024 57.759251 0.656712 -0.714755 -0.240530 0.812500 0.699219
 17 3.693016 0.769863 59.236885 0.919941 -0.242092 0.308384 0.785156 0.761719
 17 3.078075 -0.687063 57.844723 0.939095 -0.343423 0.012687 0.890625 0.734375
hair1.bmp
 17 3.078075 -0.687063 57.844723 0.939095 -0.343423 0.012687 0.890625 0.734375
 17 3.693016 0.769863 59.236885 0.919941 -0.242092 0.308384 0.785156 0.761719
 17 2.428158 -0.265196 60.580345 0.731637 -0.387813 0.560632 0.828125 0.855469
hair1.bmp
 17 3.693016 0.769863 59.236885 0.919941 -0.242092 0.308384 0.785156 0.761719
 17 2.385804 1.722520 61.222294 0.621564 0.046228 0.781998 0.722656 0.863281
 17 2.428158 -0.265196 60.580345 0.731637 -0.387813 0.560632 0.828125 0.855469
hair1.bmp
 17 2.428158 -0.265196 60.580345 0.731637 -0.387813 0.560632 0.828125 0.855469
 17 2.385804 1.722520 61.222294 0.621564 0.046228 0.781998 0.722656 0.863281
 17 1.594661 0.353736 61.542171 0.414199 -0.202408 0.887395 0.785156 0.906250
hair1.bmp
 17 2.385804 1.722520 61.222294 0.621564 0.046228 0.781998 0.722656 0.863281
 17 1.004038 2.895100 61.702583 0.226798 0.333684 0.914996 0.636719 0.902344
 17 1.594661 0.353736 61.542171 0.414199 -0.202408 0.887395 0.785156 0.906250
hair1.bmp
 17 1.594661 0.353736 61.542171 0.414199 -0.202408 0.887395 0.785156 0.906250
 17 1.004038 2.895100 61.702583 0.226798 0.333684 0.914996 0.636719 0.902344
 17 -0.016791 0.891113 61.937836 -0.026275 -0.067520 0.997372 0.722656 0.964844
hair1.bmp
 17 1.004038 2.895100 61.702583 0.226798 0.333684 0.914996 0.636719 0.902344
 17 -1.315307 3.038741 61.516823 -0.350518 0.385846 0.853382 0.636719 0.890625
 17 -0.016791 0.891113 61.937836 -0.026275 -0.067520 0.997372 0.722656 0.964844
hair1.bmp
 17 -0.016791 0.891113 61.937836 -0.026275 -0.067520 0.997372 0.722656 0.964844
 17 -1.315307 3.038741 61.516823 -0.350518 0.385846 0.853382 0.636719 0.890625
 17 -2.045085 1.829360 61.459175 -0.528393 0.115698 0.841079 0.714844 0.871094
hair1.bmp
 17 -1.315307 3.038741 61.516823 -0.350518 0.385846 0.853382 0.636719 0.890625
 17 -3.326334 3.341809 59.034077 -0.809599 0.472703 0.347996 0.667969 0.750000
 17 -2.045085 1.829360 61.459175 -0.528393 0.115698 0.841079 0.714844 0.871094
hair1.bmp
 17 -2.045085 1.829360 61.459175 -0.528393 0.115698 0.841079 0.714844 0.871094
 17 -3.326334 3.341809 59.034077 -0.809599 0.472703 0.347996 0.667969 0.750000
 17 -3.210872 1.702868 60.294212 -0.811424 0.082296 0.578635 0.734375 0.812500
hair1.bmp
 17 -3.326334 3.341809 59.034077 -0.809599 0.472703 0.347996 0.667969 0.750000
 17 -3.924943 1.204315 58.657524 -0.956450 -0.130100 0.261301 0.757813 0.722656
 17 -3.210872 1.702868 60.294212 -0.811424 0.082296 0.578635 0.734375 0.812500
hair1.bmp
 17 -3.210872 1.702868 60.294212 -0.811424 0.082296 0.578635 0.734375 0.812500
 17 -3.924943 1.204315 58.657524 -0.956450 -0.130100 0.261301 0.757813 0.722656
 17 -3.168546 0.252713 59.657532 -0.853299 -0.374808 0.362491 0.804688 0.785156
hair1.bmp
 17 -3.924943 1.204315 58.657524 -0.956450 -0.130100 0.261301 0.757813 0.722656
 17 -4.098779 0.900634 56.956242 -0.361112 -0.923626 -0.128504 0.761719 0.660156
 17 -3.168546 0.252713 59.657532 -0.853299 -0.374808 0.362491 0.804688 0.785156
hair1.bmp
 17 -3.168546 0.252713 59.657532 -0.853299 -0.374808 0.362491 0.804688 0.785156
 17 -4.098779 0.900634 56.956242 -0.361112 -0.923626 -0.128504 0.761719 0.660156
 17 -3.411427 0.779460 57.688816 -0.518817 -0.790615 -0.325202 0.812500 0.695313
hair1.bmp
 17 -4.098779 0.900634 56.956242 -0.361112 -0.923626 -0.128504 0.761719 0.660156
 17 -3.234390 1.759727 55.742245 -0.059710 -0.944899 -0.321870 0.792969 0.613281
 17 -3.411427 0.779460 57.688816 -0.518817 -0.790615 -0.325202 0.812500 0.695313
hair1.bmp
 17 -3.411427 0.779460 57.688816 -0.518817 -0.790615 -0.325202 0.812500 0.695313
 17 -3.234390 1.759727 55.742245 -0.059710 -0.944899 -0.321870 0.792969 0.613281
 17 -2.696841 1.068704 56.422558 -0.701881 -0.527712 -0.478418 0.839844 0.597656
hair1.bmp
 17 -3.234390 1.759727 55.742245 -0.059710 -0.944899 -0.321870 0.792969 0.613281
 17 -2.423501 1.356792 55.499958 -0.373870 -0.896696 -0.236975 0.789063 0.558594
 17 -2.696841 1.068704 56.422558 -0.701881 -0.527712 -0.478418 0.839844 0.597656
hair1.bmp
 40 4.858110 5.100871 51.544399 0.338577 0.815778 0.468906 0.023438 0.636719
 40 5.291147 5.455301 50.705437 0.501288 0.652599 0.568177 0.023438 0.593750
 41 5.523867 5.987492 49.832867 -0.645088 0.762275 0.052905 0.023438 0.550781
hair1.bmp
 41 5.523867 5.987492 49.832867 -0.645088 0.762275 0.052905 0.023438 0.550781
 40 5.291147 5.455301 50.705437 0.501288 0.652599 0.568177 0.023438 0.593750
 41 5.684844 6.066597 49.563183 0.548076 0.770670 0.325085 0.023438 0.539063
hair1.bmp
 40 5.291147 5.455301 50.705437 0.501288 0.652599 0.568177 0.023438 0.593750
 41 5.694747 5.990621 49.590191 0.659887 -0.751358 0.003302 0.023438 0.539063
 41 5.684844 6.066597 49.563183 0.548076 0.770670 0.325085 0.023438 0.539063
hair1.bmp
 41 5.684844 6.066597 49.563183 0.548076 0.770670 0.325085 0.023438 0.539063
 41 5.694747 5.990621 49.590191 0.659887 -0.751358 0.003302 0.023438 0.539063
 41 5.930954 6.339851 47.875771 0.840147 -0.542332 0.005399 0.023438 0.453125
hair1.bmp
 41 5.694747 5.990621 49.590191 0.659887 -0.751358 0.003302 0.023438 0.539063
 41 5.819010 6.385564 48.411942 -0.575397 0.802031 0.160202 0.023438 0.476563
 41 5.930954 6.339851 47.875771 0.840147 -0.542332 0.005399 0.023438 0.453125
hair1.bmp
 41 5.930954 6.339851 47.875771 0.840147 -0.542332 0.005399 0.023438 0.453125
 41 5.819010 6.385564 48.411942 -0.575397 0.802031 0.160202 0.023438 0.476563
 41 5.744486 6.342515 46.900154 -0.492683 0.843768 0.212883 0.023438 0.406250
hair1.bmp
 41 5.819010 6.385564 48.411942 -0.575397 0.802031 0.160202 0.023438 0.476563
 41 5.674802 6.531075 46.811901 -0.050906 -0.958476 0.280592 0.023438 0.406250
 41 5.744486 6.342515 46.900154 -0.492683 0.843768 0.212883 0.023438 0.406250
hair1.bmp
 41 5.744486 6.342515 46.900154 -0.492683 0.843768 0.212883 0.023438 0.406250
 41 5.674802 6.531075 46.811901 -0.050906 -0.958476 0.280592 0.023438 0.406250
 41 5.098286 6.002472 45.851063 -0.162208 -0.781305 -0.602703 0.023438 0.359375
hair1.bmp
 41 5.674802 6.531075 46.811901 -0.050906 -0.958476 0.280592 0.023438 0.406250
 41 4.998380 6.139269 45.824509 -0.743329 0.120305 -0.658019 0.023438 0.359375
 41 5.098286 6.002472 45.851063 -0.162208 -0.781305 -0.602703 0.023438 0.359375
hair1.bmp
 41 5.098286 6.002472 45.851063 -0.162208 -0.781305 -0.602703 0.023438 0.359375
 41 4.998380 6.139269 45.824509 -0.743329 0.120305 -0.658019 0.023438 0.359375
 41 5.565815 6.449164 46.532593 0.505782 0.698996 -0.505558 0.023438 0.390625
hair1.bmp
 41 4.998380 6.139269 45.824509 -0.743329 0.120305 -0.658019 0.023438 0.359375
 41 5.674802 6.531075 46.811901 -0.050906 -0.958476 0.280592 0.023438 0.406250
 41 5.565815 6.449164 46.532593 0.505782 0.698996 -0.505558 0.023438 0.390625
hair1.bmp
 41 5.565815 6.449164 46.532593 0.505782 0.698996 -0.505558 0.023438 0.390625
 41 5.674802 6.531075 46.811901 -0.050906 -0.958476 0.280592 0.023438 0.406250
 41 5.930954 6.339851 47.875771 0.840147 -0.542332 0.005399 0.023438 0.453125
hair1.bmp
 41 5.674802 6.531075 46.811901 -0.050906 -0.958476 0.280592 0.023438 0.406250
 41 5.879758 6.422750 48.205479 0.587989 0.785204 0.194227 0.023438 0.468750
 41 5.930954 6.339851 47.875771 0.840147 -0.542332 0.005399 0.023438 0.453125
hair1.bmp
 41 5.930954 6.339851 47.875771 0.840147 -0.542332 0.005399 0.023438 0.453125
 41 5.879758 6.422750 48.205479 0.587989 0.785204 0.194227 0.023438 0.468750
 41 5.684844 6.066597 49.563183 0.548076 0.770670 0.325085 0.023438 0.539063
hair1.bmp
 41 5.879758 6.422750 48.205479 0.587989 0.785204 0.194227 0.023438 0.468750
 41 5.819010 6.385564 48.411942 -0.575397 0.802031 0.160202 0.023438 0.476563
 41 5.684844 6.066597 49.563183 0.548076 0.770670 0.325085 0.023438 0.539063
hair1.bmp
 41 5.684844 6.066597 49.563183 0.548076 0.770670 0.325085 0.023438 0.539063
 41 5.819010 6.385564 48.411942 -0.575397 0.802031 0.160202 0.023438 0.476563
 41 5.523867 5.987492 49.832867 -0.645088 0.762275 0.052905 0.023438 0.550781
hair1.bmp
 41 5.819010 6.385564 48.411942 -0.575397 0.802031 0.160202 0.023438 0.476563
 41 5.694747 5.990621 49.590191 0.659887 -0.751358 0.003302 0.023438 0.539063
 41 5.523867 5.987492 49.832867 -0.645088 0.762275 0.052905 0.023438 0.550781
hair1.bmp
 41 5.523867 5.987492 49.832867 -0.645088 0.762275 0.052905 0.023438 0.550781
 41 5.694747 5.990621 49.590191 0.659887 -0.751358 0.003302 0.023438 0.539063
 40 5.231730 5.575750 50.544003 -0.924360 -0.030791 -0.380277 0.023438 0.593750
hair1.bmp
 41 5.694747 5.990621 49.590191 0.659887 -0.751358 0.003302 0.023438 0.539063
 40 5.261150 5.394478 50.704548 -0.599634 -0.576331 -0.555231 0.023438 0.593750
 40 5.231730 5.575750 50.544003 -0.924360 -0.030791 -0.380277 0.023438 0.593750
hair1.bmp
 41 1.249782 7.978089 48.184036 0.880524 0.409512 -0.238702 0.023438 0.417969
 41 1.014202 7.811254 46.964378 0.727636 0.509409 -0.459400 0.023438 0.359375
 41 1.022788 7.944350 47.354137 -0.373914 0.925321 -0.063004 0.023438 0.378906
hair1.bmp
 41 1.022788 7.944350 47.354137 -0.373914 0.925321 -0.063004 0.023438 0.378906
 41 1.014202 7.811254 46.964378 0.727636 0.509409 -0.459400 0.023438 0.359375
 41 0.756991 7.492304 46.194824 -0.219121 -0.306305 -0.926371 0.023438 0.324219
hair1.bmp
 41 1.014202 7.811254 46.964378 0.727636 0.509409 -0.459400 0.023438 0.359375
 41 1.199726 7.954864 48.200001 0.300499 -0.945806 -0.123091 0.023438 0.417969
 41 0.756991 7.492304 46.194824 -0.219121 -0.306305 -0.926371 0.023438 0.324219
hair1.bmp
 41 0.756991 7.492304 46.194824 -0.219121 -0.306305 -0.926371 0.023438 0.324219
 41 1.199726 7.954864 48.200001 0.300499 -0.945806 -0.123091 0.023438 0.417969
 41 1.022788 7.944350 47.354137 -0.373914 0.925321 -0.063004 0.023438 0.378906
hair1.bmp
 41 1.199726 7.954864 48.200001 0.300499 -0.945806 -0.123091 0.023438 0.417969
 41 1.136966 7.899032 48.961933 -0.575397 0.802031 0.160202 0.023438 0.449219
 41 1.022788 7.944350 47.354137 -0.373914 0.925321 -0.063004 0.023438 0.378906
hair1.bmp
 41 1.022788 7.944350 47.354137 -0.373914 0.925321 -0.063004 0.023438 0.378906
 41 1.136966 7.899032 48.961933 -0.575397 0.802031 0.160202 0.023438 0.449219
 41 1.249782 7.978089 48.184036 0.880524 0.409512 -0.238702 0.023438 0.417969
hair1.bmp
 41 1.136966 7.899032 48.961933 -0.575397 0.802031 0.160202 0.023438 0.449219
 41 1.294822 7.579031 49.555214 0.989599 0.043511 0.137119 0.023438 0.484375
 41 1.249782 7.978089 48.184036 0.880524 0.409512 -0.238702 0.023438 0.417969
hair1.bmp
 41 1.249782 7.978089 48.184036 0.880524 0.409512 -0.238702 0.023438 0.417969
 41 1.294822 7.579031 49.555214 0.989599 0.043511 0.137119 0.023438 0.484375
 41 1.199726 7.954864 48.200001 0.300499 -0.945806 -0.123091 0.023438 0.417969
hair1.bmp
 41 1.294822 7.579031 49.555214 0.989599 0.043511 0.137119 0.023438 0.484375
 41 1.204807 7.547733 49.559418 -0.056136 -0.896926 -0.438604 0.023438 0.484375
 41 1.199726 7.954864 48.200001 0.300499 -0.945806 -0.123091 0.023438 0.417969
hair1.bmp
 41 1.199726 7.954864 48.200001 0.300499 -0.945806 -0.123091 0.023438 0.417969
 41 1.204807 7.547733 49.559418 -0.056136 -0.896926 -0.438604 0.023438 0.484375
 41 1.136966 7.899032 48.961933 -0.575397 0.802031 0.160202 0.023438 0.449219
hair1.bmp
 41 1.204807 7.547733 49.559418 -0.056136 -0.896926 -0.438604 0.023438 0.484375
 40 0.903185 5.902063 52.893497 -0.947950 0.251275 -0.195581 0.023438 0.656250
 41 1.136966 7.899032 48.961933 -0.575397 0.802031 0.160202 0.023438 0.449219
hair1.bmp
 41 1.136966 7.899032 48.961933 -0.575397 0.802031 0.160202 0.023438 0.449219
 40 0.903185 5.902063 52.893497 -0.947950 0.251275 -0.195581 0.023438 0.656250
 41 1.294822 7.579031 49.555214 0.989599 0.043511 0.137119 0.023438 0.484375
hair1.bmp
 40 0.903185 5.902063 52.893497 -0.947950 0.251275 -0.195581 0.023438 0.656250
 40 1.207378 6.344450 51.734592 -0.722486 0.332697 0.606074 0.023438 0.597656
 41 1.294822 7.579031 49.555214 0.989599 0.043511 0.137119 0.023438 0.484375
hair1.bmp
 41 1.294822 7.579031 49.555214 0.989599 0.043511 0.137119 0.023438 0.484375
 40 1.207378 6.344450 51.734592 -0.722486 0.332697 0.606074 0.023438 0.597656
 41 1.204807 7.547733 49.559418 -0.056136 -0.896926 -0.438604 0.023438 0.484375
hair1.bmp
 40 1.207378 6.344450 51.734592 -0.722486 0.332697 0.606074 0.023438 0.597656
 40 1.092405 5.690486 53.110134 0.348418 -0.884067 -0.311496 0.023438 0.664063
 41 1.204807 7.547733 49.559418 -0.056136 -0.896926 -0.438604 0.023438 0.484375
hair1.bmp
 41 1.204807 7.547733 49.559418 -0.056136 -0.896926 -0.438604 0.023438 0.484375
 40 1.092405 5.690486 53.110134 0.348418 -0.884067 -0.311496 0.023438 0.664063
 40 0.903185 5.902063 52.893497 -0.947950 0.251275 -0.195581 0.023438 0.656250
hair1.bmp
 40 1.092405 5.690486 53.110134 0.348418 -0.884067 -0.311496 0.023438 0.664063
 40 0.966724 5.103071 54.680500 0.903593 -0.427403 -0.029099 0.023438 0.753906
 40 0.903185 5.902063 52.893497 -0.947950 0.251275 -0.195581 0.023438 0.656250
hair1.bmp
 17 1.884979 2.339050 53.162270 -0.004504 -0.778045 -0.628193 0.207031 0.441406
 41 2.583014 5.029076 50.066380 0.944518 -0.306524 -0.118022 0.207031 0.242188
 40 2.350147 3.433239 53.744976 0.325172 -0.520077 0.789799 0.222656 0.429688
hair1.bmp
 40 2.350147 3.433239 53.744976 0.325172 -0.520077 0.789799 0.222656 0.429688
 41 2.583014 5.029076 50.066380 0.944518 -0.306524 -0.118022 0.207031 0.242188
 41 3.015754 6.660000 49.304657 0.944420 0.320305 0.073997 0.226563 0.199219
hair1.bmp
 41 2.583014 5.029076 50.066380 0.944518 -0.306524 -0.118022 0.207031 0.242188
 41 1.917777 6.576025 45.983379 0.629702 -0.232629 -0.741188 0.230469 0.078125
 41 3.015754 6.660000 49.304657 0.944420 0.320305 0.073997 0.226563 0.199219
hair1.bmp
 41 3.015754 6.660000 49.304657 0.944420 0.320305 0.073997 0.226563 0.199219
 41 1.917777 6.576025 45.983379 0.629702 -0.232629 -0.741188 0.230469 0.078125
 41 2.601122 7.170650 47.820133 0.786741 0.558961 -0.261919 0.238281 0.136719
hair1.bmp
 41 1.917777 6.576025 45.983379 0.629702 -0.232629 -0.741188 0.230469 0.078125
 41 0.976222 7.372846 46.407822 -0.516707 0.831563 -0.203758 0.273438 0.074219
 41 2.601122 7.170650 47.820133 0.786741 0.558961 -0.261919 0.238281 0.136719
hair1.bmp
 41 2.601122 7.170650 47.820133 0.786741 0.558961 -0.261919 0.238281 0.136719
 41 0.976222 7.372846 46.407822 -0.516707 0.831563 -0.203758 0.273438 0.074219
 41 1.897031 7.516192 48.946613 -0.108472 0.966527 0.232506 0.285156 0.164063
hair1.bmp
 41 0.976222 7.372846 46.407822 -0.516707 0.831563 -0.203758 0.273438 0.074219
 41 1.324314 6.516717 49.699505 -0.959090 0.278531 0.050673 0.316406 0.214844
 41 1.897031 7.516192 48.946613 -0.108472 0.966527 0.232506 0.285156 0.164063
hair1.bmp
 41 1.897031 7.516192 48.946613 -0.108472 0.966527 0.232506 0.285156 0.164063
 41 1.324314 6.516717 49.699505 -0.959090 0.278531 0.050673 0.316406 0.214844
 40 1.310021 5.399232 53.769768 -0.277482 0.934878 0.221377 0.289063 0.398438
hair1.bmp
 41 1.324314 6.516717 49.699505 -0.959090 0.278531 0.050673 0.316406 0.214844
 40 0.772505 4.271877 53.087456 -0.997727 0.019483 0.064507 0.312500 0.386719
 40 1.310021 5.399232 53.769768 -0.277482 0.934878 0.221377 0.289063 0.398438
hair1.bmp
 40 1.310021 5.399232 53.769768 -0.277482 0.934878 0.221377 0.289063 0.398438
 40 0.772505 4.271877 53.087456 -0.997727 0.019483 0.064507 0.312500 0.386719
 40 0.807036 5.189669 54.593895 0.150493 0.965875 0.210801 0.289063 0.433594
hair1.bmp
 40 0.772505 4.271877 53.087456 -0.997727 0.019483 0.064507 0.312500 0.386719
 40 1.420440 3.884762 53.660275 0.660284 -0.297916 0.689399 0.308594 0.437500
 40 0.807036 5.189669 54.593895 0.150493 0.965875 0.210801 0.289063 0.433594
hair1.bmp
 17 -4.098779 0.900634 56.956242 -0.361112 -0.923626 -0.128504 0.761719 0.660156
 17 -3.924943 1.204315 58.657524 -0.956450 -0.130100 0.261301 0.757813 0.722656
 17 -4.819699 1.250171 54.445885 -0.515328 -0.855116 -0.056691 0.765625 0.535156
hair1.bmp
 17 -4.819699 1.250171 54.445885 -0.515328 -0.855116 -0.056691 0.765625 0.535156
 17 -3.924943 1.204315 58.657524 -0.956450 -0.130100 0.261301 0.757813 0.722656
 38 -4.434611 2.511147 54.744934 -0.848521 0.412611 0.331307 0.691406 0.535156
hair1.bmp
 17 -3.924943 1.204315 58.657524 -0.956450 -0.130100 0.261301 0.757813 0.722656
 17 -4.107968 2.333978 56.726368 -0.930947 0.329726 0.156902 0.691406 0.628906
 38 -4.434611 2.511147 54.744934 -0.848521 0.412611 0.331307 0.691406 0.535156
hair1.bmp
 38 -4.434611 2.511147 54.744934 -0.848521 0.412611 0.331307 0.691406 0.535156
 17 -4.107968 2.333978 56.726368 -0.930947 0.329726 0.156902 0.691406 0.628906
 38 -3.084721 4.153378 54.770931 -0.586816 0.739601 0.329603 0.566406 0.554688
hair1.bmp
 17 -4.107968 2.333978 56.726368 -0.930947 0.329726 0.156902 0.691406 0.628906
 17 -3.326334 3.341809 59.034077 -0.809599 0.472703 0.347996 0.667969 0.750000
 38 -3.084721 4.153378 54.770931 -0.586816 0.739601 0.329603 0.566406 0.554688
hair1.bmp
 38 -3.084721 4.153378 54.770931 -0.586816 0.739601 0.329603 0.566406 0.554688
 17 -3.326334 3.341809 59.034077 -0.809599 0.472703 0.347996 0.667969 0.750000
 17 -2.722295 4.396957 57.915371 -0.635988 0.762084 0.121442 0.605469 0.707031
hair1.bmp
 17 -3.326334 3.341809 59.034077 -0.809599 0.472703 0.347996 0.667969 0.750000
 17 -1.231730 4.406272 60.523560 -0.319686 0.739460 0.592452 0.582031 0.832031
 17 -2.722295 4.396957 57.915371 -0.635988 0.762084 0.121442 0.605469 0.707031
hair1.bmp
 17 -2.722295 4.396957 57.915371 -0.635988 0.762084 0.121442 0.605469 0.707031
 17 -1.231730 4.406272 60.523560 -0.319686 0.739460 0.592452 0.582031 0.832031
 17 -1.186365 5.079712 59.039501 -0.212195 0.946394 0.243540 0.546875 0.761719
hair1.bmp
 17 -1.231730 4.406272 60.523560 -0.319686 0.739460 0.592452 0.582031 0.832031
 17 -0.004432 5.094836 58.507988 -0.013508 0.992645 0.120305 0.496094 0.746094
 17 -1.186365 5.079712 59.039501 -0.212195 0.946394 0.243540 0.546875 0.761719
hair1.bmp
 17 -1.186365 5.079712 59.039501 -0.212195 0.946394 0.243540 0.546875 0.761719
 17 -0.004432 5.094836 58.507988 -0.013508 0.992645 0.120305 0.496094 0.746094
 38 -1.024057 5.071633 54.587971 -0.219779 0.959615 0.175602 0.480469 0.570313
hair1.bmp
 17 -0.004432 5.094836 58.507988 -0.013508 0.992645 0.120305 0.496094 0.746094
 40 0.807036 5.189669 54.593895 0.150493 0.965875 0.210801 0.472656 0.574219
 38 -1.024057 5.071633 54.587971 -0.219779 0.959615 0.175602 0.480469 0.570313
hair1.bmp
 38 -3.084721 4.153378 54.770931 -0.586816 0.739601 0.329603 0.617188 0.437500
 39 -5.028391 6.435938 48.541965 0.106114 0.989094 0.102137 0.621094 0.148438
 38 -3.794774 3.357361 54.787724 -0.699399 0.577390 0.421262 0.578125 0.437500
hair1.bmp
 38 -3.794774 3.357361 54.787724 -0.699399 0.577390 0.421262 0.578125 0.437500
 39 -5.028391 6.435938 48.541965 0.106114 0.989094 0.102137 0.621094 0.148438
 39 -5.806929 5.572958 48.140038 -0.979114 -0.199007 -0.041629 0.558594 0.132813
hair1.bmp
 39 -5.028391 6.435938 48.541965 0.106114 0.989094 0.102137 0.621094 0.148438
 39 -5.051612 6.091696 46.671364 -0.129897 0.767472 -0.627785 0.601563 0.078125
 39 -5.806929 5.572958 48.140038 -0.979114 -0.199007 -0.041629 0.558594 0.132813
hair1.bmp
 39 -5.806929 5.572958 48.140038 -0.979114 -0.199007 -0.041629 0.558594 0.132813
 39 -5.051612 6.091696 46.671364 -0.129897 0.767472 -0.627785 0.601563 0.078125
 39 -4.377820 4.755287 45.630684 0.338327 -0.444608 -0.829372 0.597656 0.035156
hair1.bmp
 39 -5.051612 6.091696 46.671364 -0.129897 0.767472 -0.627785 0.601563 0.078125
 39 -5.028391 6.435938 48.541965 0.106114 0.989094 0.102137 0.621094 0.148438
 39 -4.377820 4.755287 45.630684 0.338327 -0.444608 -0.829372 0.597656 0.035156
hair1.bmp
 39 -4.377820 4.755287 45.630684 0.338327 -0.444608 -0.829372 0.597656 0.035156
 39 -5.028391 6.435938 48.541965 0.106114 0.989094 0.102137 0.621094 0.148438
 39 -4.887534 5.533028 48.308910 0.793403 -0.561210 -0.235703 0.648438 0.144531
hair1.bmp
 39 -5.028391 6.435938 48.541965 0.106114 0.989094 0.102137 0.621094 0.148438
 38 -2.739277 3.600528 53.270557 0.952614 0.285852 -0.104001 0.632813 0.386719
 39 -4.887534 5.533028 48.308910 0.793403 -0.561210 -0.235703 0.648438 0.144531
hair1.bmp
 39 -4.887534 5.533028 48.308910 0.793403 -0.561210 -0.235703 0.648438 0.144531
 38 -2.739277 3.600528 53.270557 0.952614 0.285852 -0.104001 0.632813 0.386719
 17 -2.526361 1.904996 53.525448 0.058852 -0.898508 -0.434994 0.648438 0.425781
hair1.bmp
 38 -2.739277 3.600528 53.270557 0.952614 0.285852 -0.104001 0.632813 0.386719
 38 -3.084721 4.153378 54.770931 -0.586816 0.739601 0.329603 0.617188 0.437500
 17 -2.526361 1.904996 53.525448 0.058852 -0.898508 -0.434994 0.648438 0.425781
hair1.bmp
 17 -2.526361 1.904996 53.525448 0.058852 -0.898508 -0.434994 0.648438 0.425781
 38 -3.084721 4.153378 54.770931 -0.586816 0.739601 0.329603 0.617188 0.437500
 38 -3.252624 2.884906 54.196659 -0.599196 -0.529737 0.600286 0.632813 0.445313
hair1.bmp
 41 1.452627 6.411397 47.405045 -0.704266 -0.701549 -0.108806 0.257813 0.675781
 41 2.583014 5.029076 50.066380 -0.016107 -0.859787 -0.510398 0.214844 0.761719
 40 1.428887 4.243577 51.326954 -0.689757 -0.485153 -0.537458 0.257813 0.800781
hair1.bmp
 40 1.428887 4.243577 51.326954 -0.689757 -0.485153 -0.537458 0.257813 0.800781
 41 2.583014 5.029076 50.066380 -0.016107 -0.859787 -0.510398 0.214844 0.761719
 17 0.631522 1.353362 54.118393 0.084566 -0.737976 -0.669507 0.273438 0.914063
hair1.bmp
 41 2.583014 5.029076 50.066380 -0.016107 -0.859787 -0.510398 0.214844 0.761719
 17 1.884979 2.339050 53.162270 -0.004504 -0.778045 -0.628193 0.234375 0.867188
 17 0.631522 1.353362 54.118393 0.084566 -0.737976 -0.669507 0.273438 0.914063
hair1.bmp
 17 0.631522 1.353362 54.118393 0.084566 -0.737976 -0.669507 0.273438 0.914063
 17 1.884979 2.339050 53.162270 -0.004504 -0.778045 -0.628193 0.234375 0.867188
 17 2.633862 2.019427 53.473259 -0.014042 -0.891638 -0.452532 0.214844 0.871094
hair1.bmp
 17 1.884979 2.339050 53.162270 -0.004504 -0.778045 -0.628193 0.234375 0.867188
 41 3.058049 5.808231 48.674023 0.058932 -0.898500 -0.435000 0.203125 0.718750
 17 2.633862 2.019427 53.473259 -0.014042 -0.891638 -0.452532 0.214844 0.871094
hair1.bmp
 17 2.633862 2.019427 53.473259 -0.014042 -0.891638 -0.452532 0.214844 0.871094
 41 3.058049 5.808231 48.674023 0.058932 -0.898500 -0.435000 0.203125 0.718750
 41 4.415566 5.878386 49.362160 0.988425 -0.136068 -0.067087 0.160156 0.703125
hair1.bmp
 41 3.058049 5.808231 48.674023 0.058932 -0.898500 -0.435000 0.203125 0.718750
 41 3.343402 5.891360 47.196404 -0.505429 -0.846175 0.168903 0.175781 0.664063
 41 4.415566 5.878386 49.362160 0.988425 -0.136068 -0.067087 0.160156 0.703125
hair1.bmp
 41 4.415566 5.878386 49.362160 0.988425 -0.136068 -0.067087 0.160156 0.703125
 41 3.343402 5.891360 47.196404 -0.505429 -0.846175 0.168903 0.175781 0.664063
 41 4.184691 5.660843 46.842999 0.855478 -0.515079 -0.053398 0.171875 0.644531
hair1.bmp
 41 3.343402 5.891360 47.196404 -0.505429 -0.846175 0.168903 0.175781 0.664063
 41 2.471477 4.604619 44.970276 -0.460081 -0.581258 -0.671167 0.199219 0.621094
 41 4.184691 5.660843 46.842999 0.855478 -0.515079 -0.053398 0.171875 0.644531
hair1.bmp
 39 -7.150437 3.353244 46.353992 0.101192 -0.068802 -0.992485 0.085938 0.632813
 39 -7.287971 3.283752 48.434078 0.776876 -0.597223 -0.199471 0.093750 0.695313
 39 -7.639282 3.157411 48.796181 -0.916678 -0.398975 0.022810 0.082031 0.718750
hair1.bmp
 39 -7.639282 3.157411 48.796181 -0.916678 -0.398975 0.022810 0.082031 0.718750
 39 -7.287971 3.283752 48.434078 0.776876 -0.597223 -0.199471 0.093750 0.695313
 17 -4.819699 1.250171 54.445885 -0.515328 -0.855116 -0.056691 0.167969 0.886719
hair1.bmp
 39 -7.287971 3.283752 48.434078 0.776876 -0.597223 -0.199471 0.093750 0.695313
 17 -4.476016 2.124825 53.425854 0.161620 -0.895848 -0.413926 0.175781 0.867188
 17 -4.819699 1.250171 54.445885 -0.515328 -0.855116 -0.056691 0.167969 0.886719
hair1.bmp
 17 -4.819699 1.250171 54.445885 -0.515328 -0.855116 -0.056691 0.167969 0.886719
 17 -4.476016 2.124825 53.425854 0.161620 -0.895848 -0.413926 0.175781 0.867188
 17 -3.234390 1.759727 55.742245 -0.059710 -0.944899 -0.321870 0.175781 0.925781
hair1.bmp
 17 -4.476016 2.124825 53.425854 0.161620 -0.895848 -0.413926 0.175781 0.867188
 17 -3.505982 1.953984 53.418949 -0.059710 -0.944899 -0.321870 0.191406 0.867188
 17 -3.234390 1.759727 55.742245 -0.059710 -0.944899 -0.321870 0.175781 0.925781
hair1.bmp
 17 -3.234390 1.759727 55.742245 -0.059710 -0.944899 -0.321870 0.175781 0.925781
 17 -3.505982 1.953984 53.418949 -0.059710 -0.944899 -0.321870 0.191406 0.867188
 17 -2.423501 1.356792 55.499958 -0.373870 -0.896696 -0.236975 0.207031 0.914063
hair1.bmp
 17 -3.505982 1.953984 53.418949 -0.059710 -0.944899 -0.321870 0.191406 0.867188
 17 -2.526361 1.904996 53.525448 0.058852 -0.898508 -0.434994 0.214844 0.875000
 17 -2.423501 1.356792 55.499958 -0.373870 -0.896696 -0.236975 0.207031 0.914063
hair1.bmp
 17 -2.423501 1.356792 55.499958 -0.373870 -0.896696 -0.236975 0.207031 0.914063
 17 -2.526361 1.904996 53.525448 0.058852 -0.898508 -0.434994 0.214844 0.875000
 17 -1.597544 1.683794 53.854794 -0.116706 -0.858817 -0.498812 0.242188 0.890625
hair1.bmp
 17 -2.526361 1.904996 53.525448 0.058852 -0.898508 -0.434994 0.214844 0.875000
 39 -3.060622 5.624071 49.165070 -0.166309 -0.908821 -0.382603 0.203125 0.730469
 17 -1.597544 1.683794 53.854794 -0.116706 -0.858817 -0.498812 0.242188 0.890625
hair1.bmp
 17 -0.678415 1.325587 54.098495 -0.271180 -0.551997 -0.788518 0.074219 0.460938
 38 -1.430513 4.007243 53.612640 -0.574794 0.079926 0.814386 0.093750 0.441406
 38 -1.025992 3.347536 52.367588 -0.569310 -0.655109 -0.496707 0.074219 0.375000
hair1.bmp
 38 -1.025992 3.347536 52.367588 -0.569310 -0.655109 -0.496707 0.074219 0.375000
 38 -1.430513 4.007243 53.612640 -0.574794 0.079926 0.814386 0.093750 0.441406
 39 -1.426232 6.585138 47.951885 -0.863865 -0.401506 -0.304188 0.082031 0.171875
hair1.bmp
 38 -1.430513 4.007243 53.612640 -0.574794 0.079926 0.814386 0.093750 0.441406
 38 -1.024057 5.071633 54.587971 -0.219779 0.959615 0.175602 0.117188 0.457031
 39 -1.426232 6.585138 47.951885 -0.863865 -0.401506 -0.304188 0.082031 0.171875
hair1.bmp
 39 -1.426232 6.585138 47.951885 -0.863865 -0.401506 -0.304188 0.082031 0.171875
 38 -1.024057 5.071633 54.587971 -0.219779 0.959615 0.175602 0.117188 0.457031
 39 -0.969378 7.933752 48.815960 -0.532227 0.840111 0.104634 0.136719 0.199219
hair1.bmp
 38 -1.024057 5.071633 54.587971 -0.219779 0.959615 0.175602 0.117188 0.457031
 41 1.188025 7.911012 48.669617 0.600391 0.796866 0.067350 0.132813 0.195313
 39 -0.969378 7.933752 48.815960 -0.532227 0.840111 0.104634 0.136719 0.199219
hair1.bmp
 39 -0.969378 7.933752 48.815960 -0.532227 0.840111 0.104634 0.136719 0.199219
 41 1.188025 7.911012 48.669617 0.600391 0.796866 0.067350 0.132813 0.195313
 39 -0.780468 7.370185 46.357994 -0.560968 0.621891 -0.546412 0.136719 0.109375
hair1.bmp
 41 1.188025 7.911012 48.669617 0.600391 0.796866 0.067350 0.132813 0.195313
 41 0.746457 7.353941 46.342625 0.564890 0.603108 -0.563170 0.132813 0.113281
 39 -0.780468 7.370185 46.357994 -0.560968 0.621891 -0.546412 0.136719 0.109375
hair1.bmp
 39 -0.780468 7.370185 46.357994 -0.560968 0.621891 -0.546412 0.136719 0.109375
 41 0.746457 7.353941 46.342625 0.564890 0.603108 -0.563170 0.132813 0.113281
 39 -0.016378 6.028257 45.235363 0.036008 -0.641091 -0.766620 0.152344 0.050781
hair1.bmp
 41 0.746457 7.353941 46.342625 0.564890 0.603108 -0.563170 0.132813 0.113281
 41 0.686510 6.777010 46.330059 0.705698 -0.661307 -0.254291 0.105469 0.113281
 39 -0.016378 6.028257 45.235363 0.036008 -0.641091 -0.766620 0.152344 0.050781
hair1.bmp
 17 1.004038 2.895100 61.702583 0.226798 0.333684 0.914996 0.636719 0.902344
 17 1.248592 4.453541 60.439430 0.308763 0.765896 0.563976 0.589844 0.835938
 17 -1.231730 4.406272 60.523560 -0.319686 0.739460 0.592452 0.582031 0.832031
hair1.bmp
 17 -1.231730 4.406272 60.523560 -0.319686 0.739460 0.592452 0.582031 0.832031
 17 1.248592 4.453541 60.439430 0.308763 0.765896 0.563976 0.589844 0.835938
 17 0.984185 5.117916 58.891659 0.150521 0.965875 0.210782 0.539063 0.753906
hair1.bmp
 17 1.248592 4.453541 60.439430 0.308763 0.765896 0.563976 0.589844 0.835938
 17 2.267030 4.700568 58.109974 0.520769 0.844640 0.124023 0.582031 0.710938
 17 0.984185 5.117916 58.891659 0.150521 0.965875 0.210782 0.539063 0.753906
hair1.bmp
 17 0.984185 5.117916 58.891659 0.150521 0.965875 0.210782 0.539063 0.753906
 17 2.267030 4.700568 58.109974 0.520769 0.844640 0.124023 0.582031 0.710938
 40 3.096384 4.212425 54.781990 0.548116 0.770650 0.325065 0.570313 0.550781
hair1.bmp
 17 2.267030 4.700568 58.109974 0.520769 0.844640 0.124023 0.582031 0.710938
 17 3.396624 3.531779 58.228928 0.822368 0.525040 0.219190 0.648438 0.707031
 40 3.096384 4.212425 54.781990 0.548116 0.770650 0.325065 0.570313 0.550781
hair1.bmp
 40 3.096384 4.212425 54.781990 0.548116 0.770650 0.325065 0.570313 0.550781
 17 3.396624 3.531779 58.228928 0.822368 0.525040 0.219190 0.648438 0.707031
 40 3.836439 3.239274 54.772163 0.747814 0.592006 0.300504 0.644531 0.542969
hair1.bmp
 17 3.396624 3.531779 58.228928 0.822368 0.525040 0.219190 0.648438 0.707031
 17 4.088824 1.933223 57.628864 0.959032 0.183530 0.215811 0.710938 0.679688
 40 3.836439 3.239274 54.772163 0.747814 0.592006 0.300504 0.644531 0.542969
hair1.bmp
 40 3.836439 3.239274 54.772163 0.747814 0.592006 0.300504 0.644531 0.542969
 17 4.088824 1.933223 57.628864 0.959032 0.183530 0.215811 0.710938 0.679688
 40 4.416512 2.572004 54.755821 0.835266 0.450616 0.315081 0.699219 0.539063
hair1.bmp
 17 4.088824 1.933223 57.628864 0.959032 0.183530 0.215811 0.710938 0.679688
 17 4.800311 1.253855 54.461033 0.520181 -0.848913 -0.093588 0.765625 0.535156
 40 4.416512 2.572004 54.755821 0.835266 0.450616 0.315081 0.699219 0.539063
hair1.bmp
 17 3.078075 -0.687063 57.844723 0.939095 -0.343423 0.012687 0.890625 0.734375
 17 2.428158 -0.265196 60.580345 0.731637 -0.387813 0.560632 0.828125 0.855469
 17 2.463592 -1.408364 59.084415 0.833963 -0.421383 0.356289 0.898438 0.808594
hair1.bmp
 17 2.463592 -1.408364 59.084415 0.833963 -0.421383 0.356289 0.898438 0.808594
 17 2.428158 -0.265196 60.580345 0.731637 -0.387813 0.560632 0.828125 0.855469
 17 1.631576 -2.129141 59.642654 0.577872 -0.667840 0.469099 0.921875 0.871094
hair1.bmp
 17 2.428158 -0.265196 60.580345 0.731637 -0.387813 0.560632 0.828125 0.855469
 17 1.257753 -1.688923 60.695915 0.415584 -0.640897 0.645400 0.878906 0.910156
 17 1.631576 -2.129141 59.642654 0.577872 -0.667840 0.469099 0.921875 0.871094
hair1.bmp
 17 1.631576 -2.129141 59.642654 0.577872 -0.667840 0.469099 0.921875 0.871094
 17 1.257753 -1.688923 60.695915 0.415584 -0.640897 0.645400 0.878906 0.910156
 17 0.041106 -2.569870 59.770981 -0.006200 -0.832701 0.553688 0.964844 0.949219
hair1.bmp
 17 1.257753 -1.688923 60.695915 0.415584 -0.640897 0.645400 0.878906 0.910156
 17 -0.004437 -1.482993 61.297390 -0.026100 -0.571015 0.820525 0.867188 0.972656
 17 0.041106 -2.569870 59.770981 -0.006200 -0.832701 0.553688 0.964844 0.949219
hair1.bmp
 17 0.041106 -2.569870 59.770981 -0.006200 -0.832701 0.553688 0.964844 0.949219
 17 -0.004437 -1.482993 61.297390 -0.026100 -0.571015 0.820525 0.867188 0.972656
 17 -1.651508 -1.612414 60.485783 -0.527707 -0.613276 0.587723 0.875000 0.894531
hair1.bmp
 17 -0.004437 -1.482993 61.297390 -0.026100 -0.571015 0.820525 0.867188 0.972656
 17 -1.814673 -0.061657 61.353497 -0.516627 -0.275842 0.810560 0.800781 0.898438
 17 -1.651508 -1.612414 60.485783 -0.527707 -0.613276 0.587723 0.875000 0.894531
hair1.bmp
 17 -1.651508 -1.612414 60.485783 -0.527707 -0.613276 0.587723 0.875000 0.894531
 17 -1.814673 -0.061657 61.353497 -0.516627 -0.275842 0.810560 0.800781 0.898438
 17 -3.168546 0.252713 59.657532 -0.853299 -0.374808 0.362491 0.804688 0.785156
hair1.bmp
 17 -1.814673 -0.061657 61.353497 -0.516627 -0.275842 0.810560 0.800781 0.898438
 17 -3.210872 1.702868 60.294212 -0.811424 0.082296 0.578635 0.734375 0.812500
 17 -3.168546 0.252713 59.657532 -0.853299 -0.374808 0.362491 0.804688 0.785156
hair1.bmp
 17 3.743920 2.032827 53.459366 -0.021807 -0.952232 -0.304597 0.824219 0.414063
 40 3.836439 3.239274 54.772163 0.747814 0.592006 0.300504 0.792969 0.437500
 40 3.905425 2.842027 52.292881 -0.886895 -0.103069 -0.450327 0.812500 0.355469
hair1.bmp
 40 3.905425 2.842027 52.292881 -0.886895 -0.103069 -0.450327 0.812500 0.355469
 40 3.836439 3.239274 54.772163 0.747814 0.592006 0.300504 0.792969 0.437500
 41 6.307746 5.072309 48.766762 -0.124029 0.988801 0.082998 0.781250 0.164063
hair1.bmp
 40 3.836439 3.239274 54.772163 0.747814 0.592006 0.300504 0.792969 0.437500
 41 6.857637 4.345205 48.800510 0.970447 -0.182405 0.157990 0.738281 0.164063
 41 6.307746 5.072309 48.766762 -0.124029 0.988801 0.082998 0.781250 0.164063
hair1.bmp
 41 6.307746 5.072309 48.766762 -0.124029 0.988801 0.082998 0.781250 0.164063
 41 6.857637 4.345205 48.800510 0.970447 -0.182405 0.157990 0.738281 0.164063
 41 6.693635 4.460200 47.144104 0.851804 0.211402 -0.479311 0.761719 0.097656
hair1.bmp
 41 6.857637 4.345205 48.800510 0.970447 -0.182405 0.157990 0.738281 0.164063
 41 5.828503 4.010490 45.800152 -0.268123 -0.196813 -0.943067 0.773438 0.042969
 41 6.693635 4.460200 47.144104 0.851804 0.211402 -0.479311 0.761719 0.097656
hair1.bmp
 41 6.693635 4.460200 47.144104 0.851804 0.211402 -0.479311 0.761719 0.097656
 41 5.828503 4.010490 45.800152 -0.268123 -0.196813 -0.943067 0.773438 0.042969
 41 6.307746 5.072309 48.766762 -0.124029 0.988801 0.082998 0.781250 0.164063
hair1.bmp
 41 5.828503 4.010490 45.800152 -0.268123 -0.196813 -0.943067 0.773438 0.042969
 41 6.236664 4.042486 49.068943 -0.312876 -0.875481 -0.368297 0.812500 0.160156
 41 6.307746 5.072309 48.766762 -0.124029 0.988801 0.082998 0.781250 0.164063
hair1.bmp
 41 6.307746 5.072309 48.766762 -0.124029 0.988801 0.082998 0.781250 0.164063
 41 6.236664 4.042486 49.068943 -0.312876 -0.875481 -0.368297 0.812500 0.160156
 40 3.905425 2.842027 52.292881 -0.886895 -0.103069 -0.450327 0.812500 0.355469
hair1.bmp
 41 3.707935 6.971941 48.702843 0.152323 0.982734 0.105035 0.449219 0.175781
 40 2.146691 4.644263 54.693676 0.312493 0.918208 0.243396 0.472656 0.468750
 40 3.096384 4.212425 54.781990 0.548116 0.770650 0.325065 0.425781 0.472656
hair1.bmp
 41 3.707935 6.971941 48.702843 0.152323 0.982734 0.105035 0.449219 0.175781
 40 1.852645 4.106350 53.051422 -0.957161 0.192327 0.216455 0.484375 0.410156
 40 2.146691 4.644263 54.693676 0.312493 0.918208 0.243396 0.472656 0.468750
hair1.bmp
 41 3.707935 6.971941 48.702843 0.152323 0.982734 0.105035 0.449219 0.175781
 41 2.951619 6.473643 47.685844 -0.936194 0.351364 0.009211 0.476563 0.144531
 40 1.852645 4.106350 53.051422 -0.957161 0.192327 0.216455 0.484375 0.410156
hair1.bmp
 41 3.707935 6.971941 48.702843 0.152323 0.982734 0.105035 0.449219 0.175781
 41 3.494640 6.796779 46.851810 0.083599 0.934801 -0.345194 0.425781 0.105469
 41 2.951619 6.473643 47.685844 -0.936194 0.351364 0.009211 0.476563 0.144531
hair1.bmp
 41 3.707935 6.971941 48.702843 0.152323 0.982734 0.105035 0.449219 0.175781
 41 3.796863 6.327861 46.240192 0.491034 0.552615 -0.673426 0.394531 0.101563
 41 3.494640 6.796779 46.851810 0.083599 0.934801 -0.345194 0.425781 0.105469
hair1.bmp
 41 3.707935 6.971941 48.702843 0.152323 0.982734 0.105035 0.449219 0.175781
 41 4.415566 5.878386 49.362160 0.988425 -0.136068 -0.067087 0.398438 0.203125
 41 3.796863 6.327861 46.240192 0.491034 0.552615 -0.673426 0.394531 0.101563
hair1.bmp
 41 3.707935 6.971941 48.702843 0.152323 0.982734 0.105035 0.449219 0.175781
 40 3.096384 4.212425 54.781990 0.548116 0.770650 0.325065 0.425781 0.472656
 41 4.415566 5.878386 49.362160 0.988425 -0.136068 -0.067087 0.398438 0.203125
hair1.bmp
 39 -3.551864 6.730460 46.740906 -0.220790 0.879927 -0.420690 0.417969 0.109375
 39 -2.435308 4.555462 44.941322 0.425022 -0.594180 -0.682866 0.378906 0.039063
 39 -4.150569 5.787964 46.386284 -0.821883 -0.332812 -0.462326 0.390625 0.105469
hair1.bmp
 39 -3.551864 6.730460 46.740906 -0.220790 0.879927 -0.420690 0.417969 0.109375
 39 -3.263250 5.990590 47.127033 0.281623 -0.958291 -0.048660 0.425781 0.074219
 39 -2.435308 4.555462 44.941322 0.425022 -0.594180 -0.682866 0.378906 0.039063
hair1.bmp
 39 -3.551864 6.730460 46.740906 -0.220790 0.879927 -0.420690 0.417969 0.109375
 39 -2.067044 5.943604 45.415924 0.554972 -0.285069 -0.781499 0.457031 0.054688
 39 -3.263250 5.990590 47.127033 0.281623 -0.958291 -0.048660 0.425781 0.074219
hair1.bmp
 39 -3.551864 6.730460 46.740906 -0.220790 0.879927 -0.420690 0.417969 0.109375
 39 -2.460352 6.439907 46.326797 0.846383 0.531443 0.034709 0.468750 0.093750
 39 -2.067044 5.943604 45.415924 0.554972 -0.285069 -0.781499 0.457031 0.054688
hair1.bmp
 39 -3.551864 6.730460 46.740906 -0.220790 0.879927 -0.420690 0.417969 0.109375
 39 -3.211384 6.602957 49.371117 0.511977 0.832398 0.212116 0.460938 0.199219
 39 -2.460352 6.439907 46.326797 0.846383 0.531443 0.034709 0.468750 0.093750
hair1.bmp
 39 -3.551864 6.730460 46.740906 -0.220790 0.879927 -0.420690 0.417969 0.109375
 39 -4.289422 6.649345 48.826889 -0.693218 0.715911 0.083187 0.417969 0.179688
 39 -3.211384 6.602957 49.371117 0.511977 0.832398 0.212116 0.460938 0.199219
hair1.bmp
 39 -3.551864 6.730460 46.740906 -0.220790 0.879927 -0.420690 0.417969 0.109375
 39 -4.150569 5.787964 46.386284 -0.821883 -0.332812 -0.462326 0.390625 0.105469
 39 -4.289422 6.649345 48.826889 -0.693218 0.715911 0.083187 0.417969 0.179688
hair1.bmp
 39 -6.200212 4.097940 49.051880 0.109689 -0.912985 -0.392972 0.718750 0.175781
 39 -6.829638 4.400848 48.890724 -0.996928 -0.069912 0.035309 0.738281 0.167969
 39 -5.888578 3.974826 45.840427 0.248668 -0.235780 -0.939453 0.769531 0.042969
hair1.bmp
 39 -5.888578 3.974826 45.840427 0.248668 -0.235780 -0.939453 0.769531 0.042969
 39 -6.829638 4.400848 48.890724 -0.996928 -0.069912 0.035309 0.738281 0.167969
 39 -6.612510 4.470549 46.922729 -0.814894 0.297587 -0.497383 0.765625 0.089844
hair1.bmp
 39 -6.829638 4.400848 48.890724 -0.996928 -0.069912 0.035309 0.738281 0.167969
 39 -6.231465 4.930393 49.394581 -0.155395 0.968475 0.194700 0.785156 0.187500
 39 -6.612510 4.470549 46.922729 -0.814894 0.297587 -0.497383 0.765625 0.089844
hair1.bmp
 39 -6.612510 4.470549 46.922729 -0.814894 0.297587 -0.497383 0.765625 0.089844
 39 -6.231465 4.930393 49.394581 -0.155395 0.968475 0.194700 0.785156 0.187500
 39 -6.326956 4.900360 48.149239 0.058009 0.995758 -0.071426 0.800781 0.140625
hair1.bmp
 39 -6.231465 4.930393 49.394581 -0.155395 0.968475 0.194700 0.785156 0.187500
 38 -3.817676 3.140858 52.828335 0.879166 0.459666 -0.125595 0.808594 0.375000
 39 -6.326956 4.900360 48.149239 0.058009 0.995758 -0.071426 0.800781 0.140625
hair1.bmp
 39 -6.326956 4.900360 48.149239 0.058009 0.995758 -0.071426 0.800781 0.140625
 38 -3.817676 3.140858 52.828335 0.879166 0.459666 -0.125595 0.808594 0.375000
 17 -3.505982 1.953984 53.418949 -0.059710 -0.944899 -0.321870 0.824219 0.421875
hair1.bmp
 38 -3.817676 3.140858 52.828335 0.879166 0.459666 -0.125595 0.808594 0.375000
 38 -4.180888 3.326748 53.713955 -0.141866 0.945467 0.293201 0.800781 0.402344
 17 -3.505982 1.953984 53.418949 -0.059710 -0.944899 -0.321870 0.824219 0.421875
hair1.bmp
 39 -2.672311 7.106103 49.626156 -0.660491 0.729774 0.176584 0.250000 0.199219
 38 -2.361128 3.447638 53.782932 -0.460962 -0.282412 0.841283 0.222656 0.433594
 38 -2.194556 4.670280 54.724899 -0.387976 0.884186 0.260173 0.242188 0.437500
hair1.bmp
 39 -2.672311 7.106103 49.626156 -0.660491 0.729774 0.176584 0.250000 0.199219
 39 -2.868116 6.002922 48.471882 -0.838713 -0.410291 -0.358081 0.214844 0.179688
 38 -2.361128 3.447638 53.782932 -0.460962 -0.282412 0.841283 0.222656 0.433594
hair1.bmp
 39 -2.672311 7.106103 49.626156 -0.660491 0.729774 0.176584 0.250000 0.199219
 39 -2.089875 6.768814 46.194260 -0.770885 0.036791 -0.635911 0.230469 0.082031
 39 -2.868116 6.002922 48.471882 -0.838713 -0.410291 -0.358081 0.214844 0.179688
hair1.bmp
 39 -2.672311 7.106103 49.626156 -0.660491 0.729774 0.176584 0.250000 0.199219
 39 -0.849793 7.241041 46.171940 0.505361 0.844155 -0.178920 0.296875 0.070313
 39 -2.089875 6.768814 46.194260 -0.770885 0.036791 -0.635911 0.230469 0.082031
hair1.bmp
 39 -2.672311 7.106103 49.626156 -0.660491 0.729774 0.176584 0.250000 0.199219
 39 -1.508402 7.412693 48.547539 0.529613 0.848218 0.006098 0.296875 0.160156
 39 -0.849793 7.241041 46.171940 0.505361 0.844155 -0.178920 0.296875 0.070313
hair1.bmp
 39 -2.672311 7.106103 49.626156 -0.660491 0.729774 0.176584 0.250000 0.199219
 38 -1.300819 5.405383 53.691914 0.529094 0.764179 0.368903 0.289063 0.394531
 39 -1.508402 7.412693 48.547539 0.529613 0.848218 0.006098 0.296875 0.160156
hair1.bmp
 39 -2.672311 7.106103 49.626156 -0.660491 0.729774 0.176584 0.250000 0.199219
 38 -2.194556 4.670280 54.724899 -0.387976 0.884186 0.260173 0.242188 0.437500
 38 -1.300819 5.405383 53.691914 0.529094 0.764179 0.368903 0.289063 0.394531
hair1.bmp
 41 4.658211 5.012381 45.874557 -0.225526 -0.550654 -0.803690 0.609375 0.011719
 41 4.527163 5.427927 46.162216 -0.737286 0.447384 -0.506218 0.609375 0.054688
 41 5.197074 5.332275 46.188076 0.757438 -0.073073 -0.648805 0.570313 0.054688
hair1.bmp
 41 5.197074 5.332275 46.188076 0.757438 -0.073073 -0.648805 0.570313 0.054688
 41 4.527163 5.427927 46.162216 -0.737286 0.447384 -0.506218 0.609375 0.054688
 41 5.042995 6.268138 47.310982 -0.055190 0.955224 -0.290691 0.609375 0.097656
hair1.bmp
 41 4.527163 5.427927 46.162216 -0.737286 0.447384 -0.506218 0.609375 0.054688
 41 4.667104 5.222883 48.940323 -0.446529 -0.740208 -0.502697 0.648438 0.167969
 41 5.042995 6.268138 47.310982 -0.055190 0.955224 -0.290691 0.609375 0.097656
hair1.bmp
 41 5.042995 6.268138 47.310982 -0.055190 0.955224 -0.290691 0.609375 0.097656
 41 4.667104 5.222883 48.940323 -0.446529 -0.740208 -0.502697 0.648438 0.167969
 40 2.761684 3.662324 53.320290 -0.955022 0.273203 -0.115294 0.632813 0.386719
hair1.bmp
 41 4.667104 5.222883 48.940323 -0.446529 -0.740208 -0.502697 0.648438 0.167969
 17 2.633862 2.019427 53.473259 -0.014042 -0.891638 -0.452532 0.648438 0.429688
 40 2.761684 3.662324 53.320290 -0.955022 0.273203 -0.115294 0.632813 0.386719
hair1.bmp
 40 2.761684 3.662324 53.320290 -0.955022 0.273203 -0.115294 0.632813 0.386719
 17 2.633862 2.019427 53.473259 -0.014042 -0.891638 -0.452532 0.648438 0.429688
 40 3.096384 4.212425 54.781990 0.548116 0.770650 0.325065 0.617188 0.437500
hair1.bmp
 17 2.633862 2.019427 53.473259 -0.014042 -0.891638 -0.452532 0.648438 0.429688
 40 3.259358 2.896105 53.966614 0.697094 -0.508072 0.505887 0.632813 0.445313
 40 3.096384 4.212425 54.781990 0.548116 0.770650 0.325065 0.617188 0.437500
hair1.bmp
 17 -1.597544 1.683794 53.854794 -0.116706 -0.858817 -0.498812 0.511719 0.468750
 38 -1.888293 4.158154 52.998016 0.984775 0.173393 0.012395 0.484375 0.406250
 38 -2.361128 3.447638 53.782932 -0.460962 -0.282412 0.841283 0.488281 0.464844
hair1.bmp
 38 -2.361128 3.447638 53.782932 -0.460962 -0.282412 0.841283 0.488281 0.464844
 38 -1.888293 4.158154 52.998016 0.984775 0.173393 0.012395 0.484375 0.406250
 38 -2.194556 4.670280 54.724899 -0.387976 0.884186 0.260173 0.472656 0.468750
hair1.bmp
 38 -1.888293 4.158154 52.998016 0.984775 0.173393 0.012395 0.484375 0.406250
 39 -3.211384 6.602957 49.371117 0.511977 0.832398 0.212116 0.460938 0.199219
 38 -2.194556 4.670280 54.724899 -0.387976 0.884186 0.260173 0.472656 0.468750
hair1.bmp
 38 -2.194556 4.670280 54.724899 -0.387976 0.884186 0.260173 0.472656 0.468750
 39 -3.211384 6.602957 49.371117 0.511977 0.832398 0.212116 0.460938 0.199219
 38 -3.084721 4.153378 54.770931 -0.586816 0.739601 0.329603 0.425781 0.472656
hair1.bmp
 39 -3.211384 6.602957 49.371117 0.511977 0.832398 0.212116 0.460938 0.199219
 39 -4.289422 6.649345 48.826889 -0.693218 0.715911 0.083187 0.417969 0.179688
 38 -3.084721 4.153378 54.770931 -0.586816 0.739601 0.329603 0.425781 0.472656
hair1.bmp
 38 -3.084721 4.153378 54.770931 -0.586816 0.739601 0.329603 0.425781 0.472656
 39 -4.289422 6.649345 48.826889 -0.693218 0.715911 0.083187 0.417969 0.179688
 39 -4.341691 5.804382 49.457050 -0.918249 -0.394978 -0.028493 0.394531 0.226563
hair1.bmp
 39 -4.289422 6.649345 48.826889 -0.693218 0.715911 0.083187 0.417969 0.179688
 39 -4.150569 5.787964 46.386284 -0.821883 -0.332812 -0.462326 0.390625 0.105469
 39 -4.341691 5.804382 49.457050 -0.918249 -0.394978 -0.028493 0.394531 0.226563
hair1.bmp
 17 0.041106 -2.569870 59.770981 -0.006200 -0.832701 0.553688 0.964844 0.949219
 17 -1.651508 -1.612414 60.485783 -0.527707 -0.613276 0.587723 0.875000 0.894531
 17 -1.598504 -2.144342 59.658714 -0.475134 -0.748125 0.463203 0.921875 0.871094
hair1.bmp
 17 -1.598504 -2.144342 59.658714 -0.475134 -0.748125 0.463203 0.921875 0.871094
 17 -1.651508 -1.612414 60.485783 -0.527707 -0.613276 0.587723 0.875000 0.894531
 17 -2.476484 -1.413749 59.096054 -0.834005 -0.461703 0.302103 0.898438 0.808594
hair1.bmp
 17 -1.651508 -1.612414 60.485783 -0.527707 -0.613276 0.587723 0.875000 0.894531
 17 -3.168546 0.252713 59.657532 -0.853299 -0.374808 0.362491 0.804688 0.785156
 17 -2.476484 -1.413749 59.096054 -0.834005 -0.461703 0.302103 0.898438 0.808594
hair1.bmp
 17 -2.476484 -1.413749 59.096054 -0.834005 -0.461703 0.302103 0.898438 0.808594
 17 -3.168546 0.252713 59.657532 -0.853299 -0.374808 0.362491 0.804688 0.785156
 17 -3.051706 -0.627319 57.772327 -0.955521 -0.294209 -0.020498 0.894531 0.726563
hair1.bmp
 17 -3.168546 0.252713 59.657532 -0.853299 -0.374808 0.362491 0.804688 0.785156
 17 -3.411427 0.779460 57.688816 -0.518817 -0.790615 -0.325202 0.812500 0.695313
 17 -3.051706 -0.627319 57.772327 -0.955521 -0.294209 -0.020498 0.894531 0.726563
hair1.bmp
 17 -3.051706 -0.627319 57.772327 -0.955521 -0.294209 -0.020498 0.894531 0.726563
 17 -3.411427 0.779460 57.688816 -0.518817 -0.790615 -0.325202 0.812500 0.695313
 17 -3.036921 0.363041 56.446785 -0.931308 -0.125599 -0.341891 0.890625 0.617188
hair1.bmp
 17 -3.411427 0.779460 57.688816 -0.518817 -0.790615 -0.325202 0.812500 0.695313
 17 -2.696841 1.068704 56.422558 -0.701881 -0.527712 -0.478418 0.839844 0.597656
 17 -3.036921 0.363041 56.446785 -0.931308 -0.125599 -0.341891 0.890625 0.617188
hair1.bmp
 17 -2.423501 1.356792 55.499958 -0.373870 -0.896696 -0.236975 0.207031 0.914063
 17 -1.597544 1.683794 53.854794 -0.116706 -0.858817 -0.498812 0.242188 0.890625
 17 -0.678415 1.325587 54.098495 0.104626 -0.856330 -0.505719 0.269531 0.914063
hair1.bmp
 17 -0.678415 1.325587 54.098495 0.104626 -0.856330 -0.505719 0.269531 0.914063
 17 -1.597544 1.683794 53.854794 -0.116706 -0.858817 -0.498812 0.242188 0.890625
 38 -1.471889 4.263110 51.230137 0.685535 -0.497346 -0.531684 0.253906 0.804688
hair1.bmp
 17 -1.597544 1.683794 53.854794 -0.116706 -0.858817 -0.498812 0.242188 0.890625
 39 -2.868116 6.002922 48.471882 -0.838713 -0.410291 -0.358081 0.210938 0.714844
 38 -1.471889 4.263110 51.230137 0.685535 -0.497346 -0.531684 0.253906 0.804688
hair1.bmp
 38 -1.471889 4.263110 51.230137 0.685535 -0.497346 -0.531684 0.253906 0.804688
 39 -2.868116 6.002922 48.471882 -0.838713 -0.410291 -0.358081 0.210938 0.714844
 39 -1.576513 6.123758 48.030907 0.626736 -0.756706 -0.186007 0.250000 0.699219
hair1.bmp
 39 -2.868116 6.002922 48.471882 -0.838713 -0.410291 -0.358081 0.210938 0.714844
 39 -2.089875 6.768814 46.194260 -0.770885 0.036791 -0.635911 0.234375 0.644531
 39 -1.576513 6.123758 48.030907 0.626736 -0.756706 -0.186007 0.250000 0.699219
hair1.bmp
 39 -1.576513 6.123758 48.030907 0.626736 -0.756706 -0.186007 0.250000 0.699219
 39 -2.089875 6.768814 46.194260 -0.770885 0.036791 -0.635911 0.234375 0.644531
 39 -0.386693 6.449687 45.320000 0.610133 -0.261522 -0.747893 0.277344 0.625000
hair1.bmp
 41 0.390250 6.413747 45.298378 -0.638698 -0.270284 -0.720425 0.316406 0.027344
 41 1.452627 6.411397 47.405045 -0.704266 -0.701549 -0.108806 0.328125 0.105469
 41 0.976222 7.372846 46.407822 -0.516707 0.831563 -0.203758 0.273438 0.074219
hair1.bmp
 41 0.976222 7.372846 46.407822 -0.516707 0.831563 -0.203758 0.273438 0.074219
 41 1.452627 6.411397 47.405045 -0.704266 -0.701549 -0.108806 0.328125 0.105469
 41 1.324314 6.516717 49.699505 -0.959090 0.278531 0.050673 0.316406 0.214844
hair1.bmp
 41 1.452627 6.411397 47.405045 -0.704266 -0.701549 -0.108806 0.328125 0.105469
 40 1.428887 4.243577 51.326954 -0.689757 -0.485153 -0.537458 0.335938 0.308594
 41 1.324314 6.516717 49.699505 -0.959090 0.278531 0.050673 0.316406 0.214844
hair1.bmp
 41 1.324314 6.516717 49.699505 -0.959090 0.278531 0.050673 0.316406 0.214844
 40 1.428887 4.243577 51.326954 -0.689757 -0.485153 -0.537458 0.335938 0.308594
 40 0.772505 4.271877 53.087456 -0.997727 0.019483 0.064507 0.312500 0.386719
hair1.bmp
 40 1.428887 4.243577 51.326954 -0.689757 -0.485153 -0.537458 0.335938 0.308594
 17 0.631522 1.353362 54.118393 0.084566 -0.737976 -0.669507 0.324219 0.421875
 40 0.772505 4.271877 53.087456 -0.997727 0.019483 0.064507 0.312500 0.386719
hair1.bmp
 40 0.772505 4.271877 53.087456 -0.997727 0.019483 0.064507 0.312500 0.386719
 17 0.631522 1.353362 54.118393 0.084566 -0.737976 -0.669507 0.324219 0.421875
 40 1.420440 3.884762 53.660275 0.660284 -0.297916 0.689399 0.308594 0.437500
hair1.bmp
 39 -0.047935 6.531465 48.424763 -0.009313 -0.909781 -0.414985 0.300781 0.710938
 41 0.686510 6.777010 46.330059 0.705698 -0.661307 -0.254291 0.289063 0.652344
 41 1.440876 6.609065 47.887630 0.830486 -0.442783 -0.337989 0.257813 0.703125
hair1.bmp
 39 -0.047935 6.531465 48.424763 -0.009313 -0.909781 -0.414985 0.300781 0.710938
 39 -0.800760 6.704884 46.441441 -0.700889 -0.652317 -0.288508 0.285156 0.648438
 41 0.686510 6.777010 46.330059 0.705698 -0.661307 -0.254291 0.289063 0.652344
hair1.bmp
 39 -0.047935 6.531465 48.424763 -0.009313 -0.909781 -0.414985 0.300781 0.710938
 39 -1.426232 6.585138 47.951885 -0.863865 -0.401506 -0.304188 0.257813 0.703125
 39 -0.800760 6.704884 46.441441 -0.700889 -0.652317 -0.288508 0.285156 0.648438
hair1.bmp
 39 -0.047935 6.531465 48.424763 -0.009313 -0.909781 -0.414985 0.300781 0.710938
 38 -1.025992 3.347536 52.367588 -0.569310 -0.655109 -0.496707 0.269531 0.839844
 39 -1.426232 6.585138 47.951885 -0.863865 -0.401506 -0.304188 0.257813 0.703125
hair1.bmp
 39 -0.047935 6.531465 48.424763 -0.009313 -0.909781 -0.414985 0.300781 0.710938
 17 0.625289 2.821864 53.071842 0.508480 -0.600726 -0.616908 0.292969 0.851563
 38 -1.025992 3.347536 52.367588 -0.569310 -0.655109 -0.496707 0.269531 0.839844
hair1.bmp
 39 -0.047935 6.531465 48.424763 -0.009313 -0.909781 -0.414985 0.300781 0.710938
 41 1.440876 6.609065 47.887630 0.830486 -0.442783 -0.337989 0.257813 0.703125
 17 0.625289 2.821864 53.071842 0.508480 -0.600726 -0.616908 0.292969 0.851563
hair1.bmp
 17 2.938843 2.788912 60.379765 0.758620 0.352121 0.548185 0.683594 0.812500
 17 3.396624 3.531779 58.228928 0.822368 0.525040 0.219190 0.648438 0.707031
 17 1.248592 4.453541 60.439430 0.308763 0.765896 0.563976 0.589844 0.835938
hair1.bmp
 17 2.938843 2.788912 60.379765 0.758620 0.352121 0.548185 0.683594 0.812500
 17 4.088824 1.933223 57.628864 0.959032 0.183530 0.215811 0.710938 0.679688
 17 3.396624 3.531779 58.228928 0.822368 0.525040 0.219190 0.648438 0.707031
hair1.bmp
 17 2.938843 2.788912 60.379765 0.758620 0.352121 0.548185 0.683594 0.812500
 17 3.693016 0.769863 59.236885 0.919941 -0.242092 0.308384 0.785156 0.761719
 17 4.088824 1.933223 57.628864 0.959032 0.183530 0.215811 0.710938 0.679688
hair1.bmp
 17 2.938843 2.788912 60.379765 0.758620 0.352121 0.548185 0.683594 0.812500
 17 2.385804 1.722520 61.222294 0.621564 0.046228 0.781998 0.722656 0.863281
 17 3.693016 0.769863 59.236885 0.919941 -0.242092 0.308384 0.785156 0.761719
hair1.bmp
 17 2.938843 2.788912 60.379765 0.758620 0.352121 0.548185 0.683594 0.812500
 17 1.004038 2.895100 61.702583 0.226798 0.333684 0.914996 0.636719 0.902344
 17 2.385804 1.722520 61.222294 0.621564 0.046228 0.781998 0.722656 0.863281
hair1.bmp
 17 2.938843 2.788912 60.379765 0.758620 0.352121 0.548185 0.683594 0.812500
 17 1.248592 4.453541 60.439430 0.308763 0.765896 0.563976 0.589844 0.835938
 17 1.004038 2.895100 61.702583 0.226798 0.333684 0.914996 0.636719 0.902344
hair1.bmp
 17 2.428158 -0.265196 60.580345 0.731637 -0.387813 0.560632 0.828125 0.855469
 17 1.594661 0.353736 61.542171 0.414199 -0.202408 0.887395 0.785156 0.906250
 17 1.257753 -1.688923 60.695915 0.415584 -0.640897 0.645400 0.878906 0.910156
hair1.bmp
 17 1.257753 -1.688923 60.695915 0.415584 -0.640897 0.645400 0.878906 0.910156
 17 1.594661 0.353736 61.542171 0.414199 -0.202408 0.887395 0.785156 0.906250
 17 -0.004437 -1.482993 61.297390 -0.026100 -0.571015 0.820525 0.867188 0.972656
hair1.bmp
 17 1.594661 0.353736 61.542171 0.414199 -0.202408 0.887395 0.785156 0.906250
 17 -0.016791 0.891113 61.937836 -0.026275 -0.067520 0.997372 0.722656 0.964844
 17 -0.004437 -1.482993 61.297390 -0.026100 -0.571015 0.820525 0.867188 0.972656
hair1.bmp
 17 -0.004437 -1.482993 61.297390 -0.026100 -0.571015 0.820525 0.867188 0.972656
 17 -0.016791 0.891113 61.937836 -0.026275 -0.067520 0.997372 0.722656 0.964844
 17 -1.814673 -0.061657 61.353497 -0.516627 -0.275842 0.810560 0.800781 0.898438
hair1.bmp
 17 -0.016791 0.891113 61.937836 -0.026275 -0.067520 0.997372 0.722656 0.964844
 17 -2.045085 1.829360 61.459175 -0.528393 0.115698 0.841079 0.714844 0.871094
 17 -1.814673 -0.061657 61.353497 -0.516627 -0.275842 0.810560 0.800781 0.898438
hair1.bmp
 17 -1.814673 -0.061657 61.353497 -0.516627 -0.275842 0.810560 0.800781 0.898438
 17 -2.045085 1.829360 61.459175 -0.528393 0.115698 0.841079 0.714844 0.871094
 17 -3.210872 1.702868 60.294212 -0.811424 0.082296 0.578635 0.734375 0.812500
hair1.bmp
 17 4.088824 1.933223 57.628864 0.959032 0.183530 0.215811 0.710938 0.679688
 17 3.693016 0.769863 59.236885 0.919941 -0.242092 0.308384 0.785156 0.761719
 17 4.800311 1.253855 54.461033 0.520181 -0.848913 -0.093588 0.765625 0.535156
hair1.bmp
 17 4.800311 1.253855 54.461033 0.520181 -0.848913 -0.093588 0.765625 0.535156
 17 3.693016 0.769863 59.236885 0.919941 -0.242092 0.308384 0.785156 0.761719
 17 4.061502 0.897006 56.893673 0.109237 -0.974869 -0.194161 0.757813 0.660156
hair1.bmp
 17 3.693016 0.769863 59.236885 0.919941 -0.242092 0.308384 0.785156 0.761719
 17 3.428365 0.751024 57.759251 0.656712 -0.714755 -0.240530 0.812500 0.699219
 17 4.061502 0.897006 56.893673 0.109237 -0.974869 -0.194161 0.757813 0.660156
hair1.bmp
 17 4.061502 0.897006 56.893673 0.109237 -0.974869 -0.194161 0.757813 0.660156
 17 3.428365 0.751024 57.759251 0.656712 -0.714755 -0.240530 0.812500 0.699219
 17 3.185676 1.765133 55.735966 0.078969 -0.960150 -0.268096 0.792969 0.617188
hair1.bmp
 17 3.428365 0.751024 57.759251 0.656712 -0.714755 -0.240530 0.812500 0.699219
 17 2.574572 1.272864 56.041454 0.611408 -0.667113 -0.425606 0.820313 0.589844
 17 3.185676 1.765133 55.735966 0.078969 -0.960150 -0.268096 0.792969 0.617188
hair1.bmp
 17 3.185676 1.765133 55.735966 0.078969 -0.960150 -0.268096 0.792969 0.617188
 17 2.574572 1.272864 56.041454 0.611408 -0.667113 -0.425606 0.820313 0.589844
 17 2.406509 1.348791 55.505833 0.367616 -0.907727 -0.202215 0.789063 0.558594
hair1.bmp
 17 2.406509 1.348791 55.505833 0.367616 -0.907727 -0.202215 0.207031 0.914063
 17 2.633862 2.019427 53.473259 -0.014042 -0.891638 -0.452532 0.214844 0.871094
 17 3.743920 2.032827 53.459366 -0.021807 -0.952232 -0.304597 0.183594 0.863281
hair1.bmp
 17 3.743920 2.032827 53.459366 -0.021807 -0.952232 -0.304597 0.183594 0.863281
 17 2.633862 2.019427 53.473259 -0.014042 -0.891638 -0.452532 0.214844 0.871094
 41 5.789133 5.537590 48.381203 0.977990 -0.199291 -0.061799 0.128906 0.707031
hair1.bmp
 17 2.633862 2.019427 53.473259 -0.014042 -0.891638 -0.452532 0.214844 0.871094
 41 4.667104 5.222883 48.940323 -0.446529 -0.740208 -0.502697 0.160156 0.714844
 41 5.789133 5.537590 48.381203 0.977990 -0.199291 -0.061799 0.128906 0.707031
hair1.bmp
 41 5.789133 5.537590 48.381203 0.977990 -0.199291 -0.061799 0.128906 0.707031
 41 4.667104 5.222883 48.940323 -0.446529 -0.740208 -0.502697 0.160156 0.714844
 41 5.197074 5.332275 46.188076 0.757438 -0.073073 -0.648805 0.128906 0.660156
hair1.bmp
 41 4.667104 5.222883 48.940323 -0.446529 -0.740208 -0.502697 0.160156 0.714844
 41 4.658211 5.012381 45.874557 -0.225526 -0.550654 -0.803690 0.152344 0.632813
 41 5.197074 5.332275 46.188076 0.757438 -0.073073 -0.648805 0.128906 0.660156
hair1.bmp
 41 5.177073 6.370450 48.945412 0.150492 0.965876 0.210796 0.613281 0.164063
 41 5.789133 5.537590 48.381203 0.977990 -0.199291 -0.061799 0.558594 0.140625
 41 5.042995 6.268138 47.310982 -0.055190 0.955224 -0.290691 0.609375 0.097656
hair1.bmp
 41 5.177073 6.370450 48.945412 0.150492 0.965876 0.210796 0.613281 0.164063
 40 3.836439 3.239274 54.772163 0.747814 0.592006 0.300504 0.578125 0.441406
 41 5.789133 5.537590 48.381203 0.977990 -0.199291 -0.061799 0.558594 0.140625
hair1.bmp
 41 5.177073 6.370450 48.945412 0.150492 0.965876 0.210796 0.613281 0.164063
 40 3.096384 4.212425 54.781990 0.548116 0.770650 0.325065 0.617188 0.437500
 40 3.836439 3.239274 54.772163 0.747814 0.592006 0.300504 0.578125 0.441406
hair1.bmp
 41 5.177073 6.370450 48.945412 0.150492 0.965876 0.210796 0.613281 0.164063
 40 2.761684 3.662324 53.320290 -0.955022 0.273203 -0.115294 0.632813 0.386719
 40 3.096384 4.212425 54.781990 0.548116 0.770650 0.325065 0.617188 0.437500
hair1.bmp
 41 5.177073 6.370450 48.945412 0.150492 0.965876 0.210796 0.613281 0.164063
 41 5.042995 6.268138 47.310982 -0.055190 0.955224 -0.290691 0.609375 0.097656
 40 2.761684 3.662324 53.320290 -0.955022 0.273203 -0.115294 0.632813 0.386719
hair1.bmp
 38 -0.758523 4.218211 53.063709 0.976838 0.057740 0.206045 0.312500 0.386719
 39 -1.508402 7.412693 48.547539 0.529613 0.848218 0.006098 0.296875 0.160156
 38 -1.300819 5.405383 53.691914 0.529094 0.764179 0.368903 0.289063 0.394531
hair1.bmp
 38 -0.758523 4.218211 53.063709 0.976838 0.057740 0.206045 0.312500 0.386719
 38 -1.471889 4.263110 51.230137 0.685535 -0.497346 -0.531684 0.335938 0.312500
 39 -1.508402 7.412693 48.547539 0.529613 0.848218 0.006098 0.296875 0.160156
hair1.bmp
 38 -0.758523 4.218211 53.063709 0.976838 0.057740 0.206045 0.312500 0.386719
 17 -0.678415 1.325587 54.098495 0.104626 -0.856330 -0.505719 0.324219 0.441406
 38 -1.471889 4.263110 51.230137 0.685535 -0.497346 -0.531684 0.335938 0.312500
hair1.bmp
 38 -0.758523 4.218211 53.063709 0.976838 0.057740 0.206045 0.312500 0.386719
 38 -1.430513 4.007243 53.612640 -0.574794 0.079926 0.814386 0.308594 0.437500
 17 -0.678415 1.325587 54.098495 0.104626 -0.856330 -0.505719 0.324219 0.441406
hair1.bmp
 38 -0.758523 4.218211 53.063709 0.976838 0.057740 0.206045 0.312500 0.386719
 38 -1.300819 5.405383 53.691914 0.529094 0.764179 0.368903 0.289063 0.394531
 38 -1.430513 4.007243 53.612640 -0.574794 0.079926 0.814386 0.308594 0.437500
hair1.bmp
 41 7.286438 3.655329 49.135178 0.511984 0.832396 0.212107 0.902344 0.183594
 41 7.590693 3.175534 47.962776 0.881680 -0.463574 -0.087972 0.929688 0.136719
 41 7.481887 3.702630 47.630463 0.242686 0.935224 -0.257798 0.894531 0.128906
hair1.bmp
 41 7.286438 3.655329 49.135178 0.511984 0.832396 0.212107 0.902344 0.183594
 41 7.244807 2.842237 49.588223 0.650699 -0.754404 0.086405 0.941406 0.207031
 41 7.590693 3.175534 47.962776 0.881680 -0.463574 -0.087972 0.929688 0.136719
hair1.bmp
 41 7.286438 3.655329 49.135178 0.511984 0.832396 0.212107 0.902344 0.183594
 17 4.800311 1.253855 54.461033 0.520181 -0.848913 -0.093588 0.941406 0.441406
 41 7.244807 2.842237 49.588223 0.650699 -0.754404 0.086405 0.941406 0.207031
hair1.bmp
 41 7.286438 3.655329 49.135178 0.511984 0.832396 0.212107 0.902344 0.183594
 40 4.416512 2.572004 54.755821 0.835266 0.450616 0.315081 0.878906 0.437500
 17 4.800311 1.253855 54.461033 0.520181 -0.848913 -0.093588 0.941406 0.441406
hair1.bmp
 41 7.286438 3.655329 49.135178 0.511984 0.832396 0.212107 0.902344 0.183594
 41 7.481887 3.702630 47.630463 0.242686 0.935224 -0.257798 0.894531 0.128906
 40 4.416512 2.572004 54.755821 0.835266 0.450616 0.315081 0.878906 0.437500
hair1.bmp
 39 -7.308372 3.721329 48.543209 0.017093 0.981710 -0.189613 0.906250 0.164063
 17 -4.476016 2.124825 53.425854 0.161620 -0.895848 -0.413926 0.855469 0.417969
 39 -7.287971 3.283752 48.434078 0.776876 -0.597223 -0.199471 0.867188 0.156250
hair1.bmp
 39 -7.308372 3.721329 48.543209 0.017093 0.981710 -0.189613 0.906250 0.164063
 38 -4.434611 2.511147 54.744934 -0.848521 0.412611 0.331307 0.878906 0.437500
 17 -4.476016 2.124825 53.425854 0.161620 -0.895848 -0.413926 0.855469 0.417969
hair1.bmp
 39 -7.308372 3.721329 48.543209 0.017093 0.981710 -0.189613 0.906250 0.164063
 39 -7.639282 3.157411 48.796181 -0.916678 -0.398975 0.022810 0.921875 0.179688
 38 -4.434611 2.511147 54.744934 -0.848521 0.412611 0.331307 0.878906 0.437500
hair1.bmp
 39 -7.308372 3.721329 48.543209 0.017093 0.981710 -0.189613 0.906250 0.164063
 39 -7.150437 3.353244 46.353992 0.101192 -0.068802 -0.992485 0.906250 0.082031
 39 -7.639282 3.157411 48.796181 -0.916678 -0.398975 0.022810 0.921875 0.179688
hair1.bmp
 39 -7.308372 3.721329 48.543209 0.017093 0.981710 -0.189613 0.906250 0.164063
 39 -7.287971 3.283752 48.434078 0.776876 -0.597223 -0.199471 0.867188 0.156250
 39 -7.150437 3.353244 46.353992 0.101192 -0.068802 -0.992485 0.906250 0.082031
hair1.bmp
 38 -4.180888 3.326748 53.713955 -0.141866 0.945467 0.293201 0.800781 0.402344
 39 -6.231465 4.930393 49.394581 -0.155395 0.968475 0.194700 0.785156 0.187500
 38 -3.794774 3.357361 54.787724 -0.699399 0.577390 0.421262 0.781250 0.445313
hair1.bmp
 38 -3.794774 3.357361 54.787724 -0.699399 0.577390 0.421262 0.781250 0.445313
 39 -6.231465 4.930393 49.394581 -0.155395 0.968475 0.194700 0.785156 0.187500
 38 -4.434611 2.511147 54.744934 -0.848521 0.412611 0.331307 0.746094 0.449219
hair1.bmp
 39 -6.231465 4.930393 49.394581 -0.155395 0.968475 0.194700 0.785156 0.187500
 39 -6.829638 4.400848 48.890724 -0.996928 -0.069912 0.035309 0.738281 0.167969
 38 -4.434611 2.511147 54.744934 -0.848521 0.412611 0.331307 0.746094 0.449219
hair1.bmp
 38 -4.434611 2.511147 54.744934 -0.848521 0.412611 0.331307 0.746094 0.449219
 39 -6.829638 4.400848 48.890724 -0.996928 -0.069912 0.035309 0.738281 0.167969
 17 -4.476016 2.124825 53.425854 0.161620 -0.895848 -0.413926 0.722656 0.414063
hair1.bmp
 39 -6.829638 4.400848 48.890724 -0.996928 -0.069912 0.035309 0.738281 0.167969
 39 -6.200212 4.097940 49.051880 0.109689 -0.912985 -0.392972 0.718750 0.175781
 17 -4.476016 2.124825 53.425854 0.161620 -0.895848 -0.413926 0.722656 0.414063
hair1.bmp
 41 2.109237 6.038626 45.582573 -0.544050 -0.151972 -0.825175 0.449219 0.058594
 41 3.494640 6.796779 46.851810 0.083599 0.934801 -0.345194 0.425781 0.105469
 41 3.343402 5.891360 47.196404 -0.505429 -0.846175 0.168903 0.417969 0.078125
hair1.bmp
 41 3.343402 5.891360 47.196404 -0.505429 -0.846175 0.168903 0.417969 0.078125
 41 3.494640 6.796779 46.851810 0.083599 0.934801 -0.345194 0.425781 0.105469
 41 2.471477 4.604619 44.970276 -0.460081 -0.581258 -0.671167 0.382813 0.042969
hair1.bmp
 41 3.494640 6.796779 46.851810 0.083599 0.934801 -0.345194 0.425781 0.105469
 41 3.796863 6.327861 46.240192 0.491034 0.552615 -0.673426 0.394531 0.101563
 41 2.471477 4.604619 44.970276 -0.460081 -0.581258 -0.671167 0.382813 0.042969
hair1.bmp
 41 2.471477 4.604619 44.970276 -0.460081 -0.581258 -0.671167 0.382813 0.042969
 41 3.796863 6.327861 46.240192 0.491034 0.552615 -0.673426 0.394531 0.101563
 41 4.184691 5.660843 46.842999 0.855478 -0.515079 -0.053398 0.382813 0.113281
hair1.bmp
 41 3.796863 6.327861 46.240192 0.491034 0.552615 -0.673426 0.394531 0.101563
 41 4.415566 5.878386 49.362160 0.988425 -0.136068 -0.067087 0.398438 0.203125
 41 4.184691 5.660843 46.842999 0.855478 -0.515079 -0.053398 0.382813 0.113281
hair1.bmp
 39 -3.263250 5.990590 47.127033 0.281623 -0.958291 -0.048660 0.187500 0.652344
 39 -4.150569 5.787964 46.386284 -0.821883 -0.332812 -0.462326 0.167969 0.652344
 39 -2.435308 4.555462 44.941322 0.425022 -0.594180 -0.682866 0.199219 0.621094
hair1.bmp
 39 -3.263250 5.990590 47.127033 0.281623 -0.958291 -0.048660 0.187500 0.652344
 39 -4.341691 5.804382 49.457050 -0.918249 -0.394978 -0.028493 0.167969 0.726563
 39 -4.150569 5.787964 46.386284 -0.821883 -0.332812 -0.462326 0.167969 0.652344
hair1.bmp
 39 -3.263250 5.990590 47.127033 0.281623 -0.958291 -0.048660 0.187500 0.652344
 39 -3.060622 5.624071 49.165070 -0.166309 -0.908821 -0.382603 0.203125 0.730469
 39 -4.341691 5.804382 49.457050 -0.918249 -0.394978 -0.028493 0.167969 0.726563
hair1.bmp
 39 -3.263250 5.990590 47.127033 0.281623 -0.958291 -0.048660 0.187500 0.652344
 39 -2.460352 6.439907 46.326797 0.846383 0.531443 0.034709 0.207031 0.644531
 39 -3.060622 5.624071 49.165070 -0.166309 -0.908821 -0.382603 0.203125 0.730469
hair1.bmp
 39 -3.263250 5.990590 47.127033 0.281623 -0.958291 -0.048660 0.187500 0.652344
 39 -2.067044 5.943604 45.415924 0.554972 -0.285069 -0.781499 0.207031 0.625000
 39 -2.460352 6.439907 46.326797 0.846383 0.531443 0.034709 0.207031 0.644531
hair1.bmp
 40 1.026434 5.261533 54.760029 0.939112 -0.343377 0.012704 0.023438 0.718750
 40 1.207378 6.344450 51.734592 -0.722486 0.332697 0.606074 0.023438 0.597656
 40 0.903185 5.902063 52.893497 -0.947950 0.251275 -0.195581 0.023438 0.656250
hair1.bmp
 40 1.026434 5.261533 54.760029 0.939112 -0.343377 0.012704 0.023438 0.718750
 40 1.092405 5.690486 53.110134 0.348418 -0.884067 -0.311496 0.023438 0.664063
 40 1.207378 6.344450 51.734592 -0.722486 0.332697 0.606074 0.023438 0.597656
hair1.bmp
 40 1.026434 5.261533 54.760029 0.939112 -0.343377 0.012704 0.023438 0.718750
 40 0.966724 5.103071 54.680500 0.903593 -0.427403 -0.029099 0.023438 0.753906
 40 1.092405 5.690486 53.110134 0.348418 -0.884067 -0.311496 0.023438 0.664063
hair1.bmp
 40 1.026434 5.261533 54.760029 0.939112 -0.343377 0.012704 0.023438 0.718750
 17 0.764225 5.058860 58.880238 -0.097470 -0.058488 0.993518 0.023438 0.933594
 40 0.966724 5.103071 54.680500 0.903593 -0.427403 -0.029099 0.023438 0.753906
hair1.bmp
 40 1.026434 5.261533 54.760029 0.939112 -0.343377 0.012704 0.023438 0.718750
 40 0.832681 5.207102 55.796078 -0.898291 0.436184 0.053080 0.023438 0.777344
 17 0.764225 5.058860 58.880238 -0.097470 -0.058488 0.993518 0.023438 0.933594
hair1.bmp
 41 7.126276 3.249593 46.419846 -0.214200 -0.084318 -0.973144 0.085938 0.640625
 41 7.244807 2.842237 49.588223 0.650699 -0.754404 0.086405 0.089844 0.738281
 41 7.481887 3.702630 47.630463 0.242686 0.935224 -0.257798 0.097656 0.714844
hair1.bmp
 41 7.481887 3.702630 47.630463 0.242686 0.935224 -0.257798 0.097656 0.714844
 41 7.244807 2.842237 49.588223 0.650699 -0.754404 0.086405 0.089844 0.738281
 17 4.463815 2.017684 53.489727 -0.232997 -0.871452 -0.431605 0.171875 0.867188
hair1.bmp
 41 7.244807 2.842237 49.588223 0.650699 -0.754404 0.086405 0.089844 0.738281
 17 4.800311 1.253855 54.461033 0.520181 -0.848913 -0.093588 0.167969 0.886719
 17 4.463815 2.017684 53.489727 -0.232997 -0.871452 -0.431605 0.171875 0.867188
hair1.bmp
 17 4.463815 2.017684 53.489727 -0.232997 -0.871452 -0.431605 0.171875 0.867188
 17 4.800311 1.253855 54.461033 0.520181 -0.848913 -0.093588 0.167969 0.886719
 17 3.185676 1.765133 55.735966 0.078969 -0.960150 -0.268096 0.175781 0.921875
hair1.bmp
 17 4.800311 1.253855 54.461033 0.520181 -0.848913 -0.093588 0.167969 0.886719
 17 4.061502 0.897006 56.893673 0.109237 -0.974869 -0.194161 0.183594 0.968750
 17 3.185676 1.765133 55.735966 0.078969 -0.960150 -0.268096 0.175781 0.921875
hair1.bmp
 41 1.188025 7.911012 48.669617 0.600391 0.796866 0.067350 0.132813 0.195313
 41 1.440876 6.609065 47.887630 0.830486 -0.442783 -0.337989 0.085938 0.175781
 41 0.746457 7.353941 46.342625 0.564890 0.603108 -0.563170 0.132813 0.113281
hair1.bmp
 41 1.188025 7.911012 48.669617 0.600391 0.796866 0.067350 0.132813 0.195313
 40 1.420440 3.884762 53.660275 0.660284 -0.297916 0.689399 0.097656 0.449219
 41 1.440876 6.609065 47.887630 0.830486 -0.442783 -0.337989 0.085938 0.175781
hair1.bmp
 41 1.188025 7.911012 48.669617 0.600391 0.796866 0.067350 0.132813 0.195313
 40 0.807036 5.189669 54.593895 0.150493 0.965875 0.210801 0.128906 0.453125
 40 1.420440 3.884762 53.660275 0.660284 -0.297916 0.689399 0.097656 0.449219
hair1.bmp
 41 1.188025 7.911012 48.669617 0.600391 0.796866 0.067350 0.132813 0.195313
 38 -1.024057 5.071633 54.587971 -0.219779 0.959615 0.175602 0.117188 0.457031
 40 0.807036 5.189669 54.593895 0.150493 0.965875 0.210801 0.128906 0.453125
hair1.bmp
 17 3.743920 2.032827 53.459366 -0.021807 -0.952232 -0.304597 0.714844 0.394531
 41 6.236664 4.042486 49.068943 -0.312876 -0.875481 -0.368297 0.710938 0.214844
 17 4.463815 2.017684 53.489727 -0.232997 -0.871452 -0.431605 0.718750 0.441406
hair1.bmp
 17 4.463815 2.017684 53.489727 -0.232997 -0.871452 -0.431605 0.718750 0.441406
 41 6.236664 4.042486 49.068943 -0.312876 -0.875481 -0.368297 0.710938 0.214844
 40 4.416512 2.572004 54.755821 0.835266 0.450616 0.315081 0.746094 0.449219
hair1.bmp
 41 6.236664 4.042486 49.068943 -0.312876 -0.875481 -0.368297 0.710938 0.214844
 41 6.857637 4.345205 48.800510 0.970447 -0.182405 0.157990 0.738281 0.164063
 40 4.416512 2.572004 54.755821 0.835266 0.450616 0.315081 0.746094 0.449219
hair1.bmp
 40 4.416512 2.572004 54.755821 0.835266 0.450616 0.315081 0.746094 0.449219
 41 6.857637 4.345205 48.800510 0.970447 -0.182405 0.157990 0.738281 0.164063
 40 3.836439 3.239274 54.772163 0.747814 0.592006 0.300504 0.792969 0.437500
hair1.bmp
 41 3.015754 6.660000 49.304657 0.944420 0.320305 0.073997 0.226563 0.199219
 40 2.146691 4.644263 54.693676 0.312493 0.918208 0.243396 0.242188 0.437500
 40 2.350147 3.433239 53.744976 0.325172 -0.520077 0.789799 0.222656 0.429688
hair1.bmp
 41 3.015754 6.660000 49.304657 0.944420 0.320305 0.073997 0.226563 0.199219
 40 1.310021 5.399232 53.769768 -0.277482 0.934878 0.221377 0.289063 0.398438
 40 2.146691 4.644263 54.693676 0.312493 0.918208 0.243396 0.242188 0.437500
hair1.bmp
 41 3.015754 6.660000 49.304657 0.944420 0.320305 0.073997 0.226563 0.199219
 41 1.897031 7.516192 48.946613 -0.108472 0.966527 0.232506 0.285156 0.164063
 40 1.310021 5.399232 53.769768 -0.277482 0.934878 0.221377 0.289063 0.398438
hair1.bmp
 41 3.015754 6.660000 49.304657 0.944420 0.320305 0.073997 0.226563 0.199219
 41 2.601122 7.170650 47.820133 0.786741 0.558961 -0.261919 0.238281 0.136719
 41 1.897031 7.516192 48.946613 -0.108472 0.966527 0.232506 0.285156 0.164063
hair1.bmp
 41 3.058049 5.808231 48.674023 0.058932 -0.898500 -0.435000 0.484375 0.195313
 17 1.884979 2.339050 53.162270 -0.004504 -0.778045 -0.628193 0.507813 0.429688
 41 2.951619 6.473643 47.685844 -0.936194 0.351364 0.009211 0.476563 0.144531
hair1.bmp
 41 2.951619 6.473643 47.685844 -0.936194 0.351364 0.009211 0.476563 0.144531
 17 1.884979 2.339050 53.162270 -0.004504 -0.778045 -0.628193 0.507813 0.429688
 40 1.852645 4.106350 53.051422 -0.957161 0.192327 0.216455 0.484375 0.410156
hair1.bmp
 17 1.884979 2.339050 53.162270 -0.004504 -0.778045 -0.628193 0.507813 0.429688
 40 2.350147 3.433239 53.744976 0.325172 -0.520077 0.789799 0.488281 0.468750
 40 1.852645 4.106350 53.051422 -0.957161 0.192327 0.216455 0.484375 0.410156
hair1.bmp
 40 1.852645 4.106350 53.051422 -0.957161 0.192327 0.216455 0.484375 0.410156
 40 2.350147 3.433239 53.744976 0.325172 -0.520077 0.789799 0.488281 0.468750
 40 2.146691 4.644263 54.693676 0.312493 0.918208 0.243396 0.472656 0.468750
hair1.bmp
 17 0.984185 5.117916 58.891659 0.150521 0.965875 0.210782 0.539063 0.753906
 17 -0.004432 5.094836 58.507988 -0.013508 0.992645 0.120305 0.496094 0.746094
 17 -1.231730 4.406272 60.523560 -0.319686 0.739460 0.592452 0.582031 0.832031
hair1.bmp
 17 0.984185 5.117916 58.891659 0.150521 0.965875 0.210782 0.539063 0.753906
 40 0.807036 5.189669 54.593895 0.150493 0.965875 0.210801 0.472656 0.574219
 17 -0.004432 5.094836 58.507988 -0.013508 0.992645 0.120305 0.496094 0.746094
hair1.bmp
 17 0.984185 5.117916 58.891659 0.150521 0.965875 0.210782 0.539063 0.753906
 40 2.146691 4.644263 54.693676 0.312493 0.918208 0.243396 0.523438 0.562500
 40 0.807036 5.189669 54.593895 0.150493 0.965875 0.210801 0.472656 0.574219
hair1.bmp
 17 0.984185 5.117916 58.891659 0.150521 0.965875 0.210782 0.539063 0.753906
 40 3.096384 4.212425 54.781990 0.548116 0.770650 0.325065 0.570313 0.550781
 40 2.146691 4.644263 54.693676 0.312493 0.918208 0.243396 0.523438 0.562500
hair1.bmp
 40 4.232312 4.141429 53.147633 0.916696 0.034302 0.398110 0.023438 0.710938
 40 4.242530 4.091230 53.087837 0.905922 -0.234189 0.352791 0.023438 0.710938
 40 4.595058 4.491538 52.388924 0.890206 -0.305883 0.337594 0.023438 0.675781
hair1.bmp
 40 4.232312 4.141429 53.147633 0.916696 0.034302 0.398110 0.023438 0.710938
 40 3.808029 3.725026 54.331100 0.605504 0.669811 0.429788 0.023438 0.773438
 40 4.242530 4.091230 53.087837 0.905922 -0.234189 0.352791 0.023438 0.710938
hair1.bmp
 40 4.232312 4.141429 53.147633 0.916696 0.034302 0.398110 0.023438 0.710938
 40 3.889925 3.971812 53.806801 0.446106 0.783055 0.433375 0.023438 0.742188
 40 3.808029 3.725026 54.331100 0.605504 0.669811 0.429788 0.023438 0.773438
hair1.bmp
 40 4.232312 4.141429 53.147633 0.916696 0.034302 0.398110 0.023438 0.710938
 40 4.424563 4.517727 52.525105 -0.193592 0.899675 0.391290 0.023438 0.675781
 40 3.889925 3.971812 53.806801 0.446106 0.783055 0.433375 0.023438 0.742188
hair1.bmp
 17 -1.597544 1.683794 53.854794 -0.116706 -0.858817 -0.498812 0.511719 0.468750
 39 -3.060622 5.624071 49.165070 0.987246 0.155763 -0.032906 0.488281 0.210938
 38 -1.888293 4.158154 52.998016 0.984775 0.173393 0.012395 0.484375 0.406250
hair1.bmp
 38 -1.888293 4.158154 52.998016 0.984775 0.173393 0.012395 0.484375 0.406250
 39 -3.060622 5.624071 49.165070 0.987246 0.155763 -0.032906 0.488281 0.210938
 39 -3.211384 6.602957 49.371117 0.511977 0.832398 0.212116 0.460938 0.199219
hair1.bmp
 39 -3.060622 5.624071 49.165070 0.987246 0.155763 -0.032906 0.488281 0.210938
 39 -2.460352 6.439907 46.326797 0.846383 0.531443 0.034709 0.468750 0.093750
 39 -3.211384 6.602957 49.371117 0.511977 0.832398 0.212116 0.460938 0.199219
hair1.bmp
 39 -4.377820 4.755287 45.630684 0.338327 -0.444608 -0.829372 0.160156 0.628906
 39 -4.887534 5.533028 48.308910 0.793403 -0.561210 -0.235703 0.156250 0.695313
 39 -5.806929 5.572958 48.140038 -0.979114 -0.199007 -0.041629 0.136719 0.726563
hair1.bmp
 39 -5.806929 5.572958 48.140038 -0.979114 -0.199007 -0.041629 0.136719 0.726563
 39 -4.887534 5.533028 48.308910 0.793403 -0.561210 -0.235703 0.156250 0.695313
 17 -3.505982 1.953984 53.418949 -0.059710 -0.944899 -0.321870 0.191406 0.867188
hair1.bmp
 39 -4.887534 5.533028 48.308910 0.793403 -0.561210 -0.235703 0.156250 0.695313
 17 -2.526361 1.904996 53.525448 0.058852 -0.898508 -0.434994 0.214844 0.875000
 17 -3.505982 1.953984 53.418949 -0.059710 -0.944899 -0.321870 0.191406 0.867188
hair1.bmp
 39 -0.969378 7.933752 48.815960 -0.532227 0.840111 0.104634 0.136719 0.199219
 39 -0.780468 7.370185 46.357994 -0.560968 0.621891 -0.546412 0.136719 0.109375
 39 -1.426232 6.585138 47.951885 -0.863865 -0.401506 -0.304188 0.082031 0.171875
hair1.bmp
 39 -1.426232 6.585138 47.951885 -0.863865 -0.401506 -0.304188 0.082031 0.171875
 39 -0.780468 7.370185 46.357994 -0.560968 0.621891 -0.546412 0.136719 0.109375
 39 -0.800760 6.704884 46.441441 -0.700889 -0.652317 -0.288508 0.109375 0.109375
hair1.bmp
 39 -0.780468 7.370185 46.357994 -0.560968 0.621891 -0.546412 0.136719 0.109375
 39 -0.016378 6.028257 45.235363 0.036008 -0.641091 -0.766620 0.152344 0.050781
 39 -0.800760 6.704884 46.441441 -0.700889 -0.652317 -0.288508 0.109375 0.109375
hair1.bmp
 38 -1.025992 3.347536 52.367588 -0.569310 -0.655109 -0.496707 0.269531 0.839844
 17 0.625289 2.821864 53.071842 0.508480 -0.600726 -0.616908 0.292969 0.851563
 17 -0.678415 1.325587 54.098495 -0.271180 -0.551997 -0.788518 0.269531 0.914063
hair1.bmp
 17 -0.678415 1.325587 54.098495 -0.271180 -0.551997 -0.788518 0.269531 0.914063
 17 0.625289 2.821864 53.071842 0.508480 -0.600726 -0.616908 0.292969 0.851563
 17 -0.028224 1.253943 54.047314 -0.000004 -0.503005 -0.864284 0.300781 0.914063
hair1.bmp
 17 0.625289 2.821864 53.071842 0.508480 -0.600726 -0.616908 0.292969 0.851563
 17 0.631522 1.353362 54.118393 0.084566 -0.737976 -0.669507 0.273438 0.914063
 17 -0.028224 1.253943 54.047314 -0.000004 -0.503005 -0.864284 0.300781 0.914063
hair1.bmp
 38 -3.084721 4.153378 54.770931 -0.586816 0.739601 0.329603 0.566406 0.554688
 17 -2.722295 4.396957 57.915371 -0.635988 0.762084 0.121442 0.605469 0.707031
 38 -2.194556 4.670280 54.724899 -0.387976 0.884186 0.260173 0.527344 0.562500
hair1.bmp
 38 -2.194556 4.670280 54.724899 -0.387976 0.884186 0.260173 0.527344 0.562500
 17 -2.722295 4.396957 57.915371 -0.635988 0.762084 0.121442 0.605469 0.707031
 38 -1.024057 5.071633 54.587971 -0.219779 0.959615 0.175602 0.480469 0.570313
hair1.bmp
 17 -2.722295 4.396957 57.915371 -0.635988 0.762084 0.121442 0.605469 0.707031
 17 -1.186365 5.079712 59.039501 -0.212195 0.946394 0.243540 0.546875 0.761719
 38 -1.024057 5.071633 54.587971 -0.219779 0.959615 0.175602 0.480469 0.570313
hair1.bmp
 39 -5.591108 6.279261 46.530426 -0.023501 -0.675699 -0.736803 0.023438 0.390625
 39 -5.926004 6.340792 47.881481 0.598979 0.764795 0.237303 0.023438 0.453125
 39 -5.711943 6.481825 46.759480 -0.662867 0.709882 -0.238066 0.023438 0.402344
hair1.bmp
 39 -5.711943 6.481825 46.759480 -0.662867 0.709882 -0.238066 0.023438 0.402344
 39 -5.926004 6.340792 47.881481 0.598979 0.764795 0.237303 0.023438 0.453125
 39 -5.857812 6.403433 48.380707 -0.503652 0.823477 0.261190 0.023438 0.476563
hair1.bmp
 39 -5.926004 6.340792 47.881481 0.598979 0.764795 0.237303 0.023438 0.453125
 39 -5.623226 5.910693 49.877964 -0.986318 -0.075199 -0.146703 0.023438 0.550781
 39 -5.857812 6.403433 48.380707 -0.503652 0.823477 0.261190 0.023438 0.476563
hair1.bmp
 38 -1.994205 4.972418 54.627571 0.571016 -0.802690 -0.172131 0.023438 0.781250
 38 -2.309268 5.350019 53.261719 -0.376800 -0.870402 -0.316895 0.023438 0.687500
 38 -2.032836 5.070998 54.248905 -0.864093 -0.169305 0.474004 0.023438 0.753906
hair1.bmp
 38 -2.032836 5.070998 54.248905 -0.864093 -0.169305 0.474004 0.023438 0.753906
 38 -2.309268 5.350019 53.261719 -0.376800 -0.870402 -0.316895 0.023438 0.687500
 39 -2.593600 7.052203 49.982525 0.856550 0.504809 0.107190 0.023438 0.515625
hair1.bmp
 38 -2.309268 5.350019 53.261719 -0.376800 -0.870402 -0.316895 0.023438 0.687500
 39 -2.734255 6.877229 50.163910 -0.758394 -0.615241 -0.215215 0.023438 0.527344
 39 -2.593600 7.052203 49.982525 0.856550 0.504809 0.107190 0.023438 0.515625
hair1.bmp
 17 2.406509 1.348791 55.505833 0.367616 -0.907727 -0.202215 0.207031 0.914063
 17 3.743920 2.032827 53.459366 -0.021807 -0.952232 -0.304597 0.183594 0.863281
 17 3.185676 1.765133 55.735966 0.078969 -0.960150 -0.268096 0.175781 0.921875
hair1.bmp
 17 3.185676 1.765133 55.735966 0.078969 -0.960150 -0.268096 0.175781 0.921875
 17 3.743920 2.032827 53.459366 -0.021807 -0.952232 -0.304597 0.183594 0.863281
 17 4.463815 2.017684 53.489727 -0.232997 -0.871452 -0.431605 0.171875 0.867188
hair1.bmp
 41 1.440876 6.609065 47.887630 0.830486 -0.442783 -0.337989 0.085938 0.175781
 40 1.420440 3.884762 53.660275 0.660284 -0.297916 0.689399 0.097656 0.449219
 17 0.625289 2.821864 53.071842 0.508480 -0.600726 -0.616908 0.074219 0.343750
hair1.bmp
 17 0.625289 2.821864 53.071842 0.508480 -0.600726 -0.616908 0.074219 0.343750
 40 1.420440 3.884762 53.660275 0.660284 -0.297916 0.689399 0.097656 0.449219
 17 0.631522 1.353362 54.118393 0.084566 -0.737976 -0.669507 0.074219 0.457031
hair1.bmp
 40 3.096384 4.212425 54.781990 0.548116 0.770650 0.325065 0.425781 0.472656
 40 3.259358 2.896105 53.966614 0.697094 -0.508072 0.505887 0.398438 0.464844
 41 4.415566 5.878386 49.362160 0.988425 -0.136068 -0.067087 0.398438 0.203125
hair1.bmp
 41 4.415566 5.878386 49.362160 0.988425 -0.136068 -0.067087 0.398438 0.203125
 40 3.259358 2.896105 53.966614 0.697094 -0.508072 0.505887 0.398438 0.464844
 17 2.633862 2.019427 53.473259 -0.014042 -0.891638 -0.452532 0.378906 0.449219
hair1.bmp
 38 -3.794774 3.357361 54.787724 -0.699399 0.577390 0.421262 0.578125 0.437500
 39 -5.806929 5.572958 48.140038 -0.979114 -0.199007 -0.041629 0.558594 0.132813
 38 -4.180888 3.326748 53.713955 -0.141866 0.945467 0.293201 0.554688 0.425781
hair1.bmp
 38 -4.180888 3.326748 53.713955 -0.141866 0.945467 0.293201 0.554688 0.425781
 39 -5.806929 5.572958 48.140038 -0.979114 -0.199007 -0.041629 0.558594 0.132813
 17 -3.505982 1.953984 53.418949 -0.059710 -0.944899 -0.321870 0.535156 0.425781
hair1.bmp
 38 -2.194556 4.670280 54.724899 -0.387976 0.884186 0.260173 0.242188 0.437500
 38 -1.024057 5.071633 54.587971 -0.219779 0.959615 0.175602 0.289063 0.433594
 38 -1.300819 5.405383 53.691914 0.529094 0.764179 0.368903 0.289063 0.394531
hair1.bmp
 38 -1.300819 5.405383 53.691914 0.529094 0.764179 0.368903 0.289063 0.394531
 38 -1.024057 5.071633 54.587971 -0.219779 0.959615 0.175602 0.289063 0.433594
 38 -1.430513 4.007243 53.612640 -0.574794 0.079926 0.814386 0.308594 0.437500
hair1.bmp
 39 -6.200212 4.097940 49.051880 0.109689 -0.912985 -0.392972 0.812500 0.156250
 39 -5.888578 3.974826 45.840427 0.248668 -0.235780 -0.939453 0.800781 0.066406
 39 -6.326956 4.900360 48.149239 0.058009 0.995758 -0.071426 0.800781 0.140625
hair1.bmp
 39 -6.326956 4.900360 48.149239 0.058009 0.995758 -0.071426 0.800781 0.140625
 39 -5.888578 3.974826 45.840427 0.248668 -0.235780 -0.939453 0.800781 0.066406
 39 -6.612510 4.470549 46.922729 -0.814894 0.297587 -0.497383 0.765625 0.089844
hair1.bmp
 17 -2.526361 1.904996 53.525448 0.058852 -0.898508 -0.434994 0.378906 0.468750
 38 -3.252624 2.884906 54.196659 -0.599196 -0.529737 0.600286 0.398438 0.472656
 39 -4.341691 5.804382 49.457050 -0.918249 -0.394978 -0.028493 0.394531 0.226563
hair1.bmp
 39 -4.341691 5.804382 49.457050 -0.918249 -0.394978 -0.028493 0.394531 0.226563
 38 -3.252624 2.884906 54.196659 -0.599196 -0.529737 0.600286 0.398438 0.472656
 38 -3.084721 4.153378 54.770931 -0.586816 0.739601 0.329603 0.425781 0.472656
hair1.bmp
 41 0.390250 6.413747 45.298378 -0.638698 -0.270284 -0.720425 0.273438 0.628906
 41 1.917777 6.576025 45.983379 0.629702 -0.232629 -0.741188 0.230469 0.648438
 41 1.452627 6.411397 47.405045 -0.704266 -0.701549 -0.108806 0.257813 0.675781
hair1.bmp
 41 1.452627 6.411397 47.405045 -0.704266 -0.701549 -0.108806 0.257813 0.675781
 41 1.917777 6.576025 45.983379 0.629702 -0.232629 -0.741188 0.230469 0.648438
 41 2.583014 5.029076 50.066380 -0.016107 -0.859787 -0.510398 0.214844 0.761719
hair1.bmp
 38 -1.471889 4.263110 51.230137 0.685535 -0.497346 -0.531684 0.335938 0.312500
 39 -1.576513 6.123758 48.030907 0.626736 -0.756706 -0.186007 0.332031 0.156250
 39 -1.508402 7.412693 48.547539 0.529613 0.848218 0.006098 0.296875 0.160156
hair1.bmp
 39 -1.508402 7.412693 48.547539 0.529613 0.848218 0.006098 0.296875 0.160156
 39 -1.576513 6.123758 48.030907 0.626736 -0.756706 -0.186007 0.332031 0.156250
 39 -0.849793 7.241041 46.171940 0.505361 0.844155 -0.178920 0.296875 0.070313
hair1.bmp
 17 -4.476016 2.124825 53.425854 0.161620 -0.895848 -0.413926 0.175781 0.867188
 39 -6.200212 4.097940 49.051880 0.109689 -0.912985 -0.392972 0.113281 0.714844
 17 -3.505982 1.953984 53.418949 -0.059710 -0.944899 -0.321870 0.191406 0.867188
hair1.bmp
 17 -3.505982 1.953984 53.418949 -0.059710 -0.944899 -0.321870 0.191406 0.867188
 39 -6.200212 4.097940 49.051880 0.109689 -0.912985 -0.392972 0.113281 0.714844
 39 -6.326956 4.900360 48.149239 0.058009 0.995758 -0.071426 0.136719 0.738281
hair1.bmp
 41 3.058049 5.808231 48.674023 0.058932 -0.898500 -0.435000 0.203125 0.718750
 41 2.951619 6.473643 47.685844 -0.936194 0.351364 0.009211 0.203125 0.660156
 41 3.343402 5.891360 47.196404 -0.505429 -0.846175 0.168903 0.175781 0.664063
hair1.bmp
 41 3.343402 5.891360 47.196404 -0.505429 -0.846175 0.168903 0.175781 0.664063
 41 2.951619 6.473643 47.685844 -0.936194 0.351364 0.009211 0.203125 0.660156
 41 2.109237 6.038626 45.582573 -0.544050 -0.151972 -0.825175 0.207031 0.628906
hair1.bmp
 17 1.004038 2.895100 61.702583 0.226798 0.333684 0.914996 0.636719 0.902344
 17 -1.231730 4.406272 60.523560 -0.319686 0.739460 0.592452 0.582031 0.832031
 17 -1.315307 3.038741 61.516823 -0.350518 0.385846 0.853382 0.636719 0.890625
hair1.bmp
 17 -1.315307 3.038741 61.516823 -0.350518 0.385846 0.853382 0.636719 0.890625
 17 -1.231730 4.406272 60.523560 -0.319686 0.739460 0.592452 0.582031 0.832031
 17 -3.326334 3.341809 59.034077 -0.809599 0.472703 0.347996 0.667969 0.750000
hair1.bmp
 17 2.794551 0.143222 56.052395 0.915404 -0.105803 -0.388383 0.914063 0.625000
 17 2.992989 0.441866 56.482784 0.958502 0.010301 -0.284901 0.886719 0.617188
 17 2.933232 0.189515 56.416847 0.941911 -0.152401 -0.299295 0.910156 0.644531
hair1.bmp
 17 2.933232 0.189515 56.416847 0.941911 -0.152401 -0.299295 0.910156 0.644531
 17 2.992989 0.441866 56.482784 0.958502 0.010301 -0.284901 0.886719 0.617188
 17 3.078075 -0.687063 57.844723 0.939095 -0.343423 0.012687 0.890625 0.734375
hair1.bmp
 41 5.930954 6.339851 47.875771 0.840147 -0.542332 0.005399 0.023438 0.453125
 41 5.744486 6.342515 46.900154 -0.492683 0.843768 0.212883 0.023438 0.406250
 41 5.565815 6.449164 46.532593 0.505782 0.698996 -0.505558 0.023438 0.390625
hair1.bmp
 41 5.565815 6.449164 46.532593 0.505782 0.698996 -0.505558 0.023438 0.390625
 41 5.744486 6.342515 46.900154 -0.492683 0.843768 0.212883 0.023438 0.406250
 41 5.098286 6.002472 45.851063 -0.162208 -0.781305 -0.602703 0.023438 0.359375
hair1.bmp
 41 4.658211 5.012381 45.874557 -0.225526 -0.550654 -0.803690 0.152344 0.632813
 41 4.667104 5.222883 48.940323 -0.446529 -0.740208 -0.502697 0.160156 0.714844
 41 4.527163 5.427927 46.162216 -0.737286 0.447384 -0.506218 0.160156 0.640625
hair1.bmp
 41 7.126276 3.249593 46.419846 -0.214200 -0.084318 -0.973144 0.085938 0.640625
 41 7.590693 3.175534 47.962776 0.881680 -0.463574 -0.087972 0.074219 0.656250
 41 7.244807 2.842237 49.588223 0.650699 -0.754404 0.086405 0.089844 0.738281
hair1.bmp
 41 0.746457 7.353941 46.342625 0.564890 0.603108 -0.563170 0.132813 0.113281
 41 1.440876 6.609065 47.887630 0.830486 -0.442783 -0.337989 0.085938 0.175781
 41 0.686510 6.777010 46.330059 0.705698 -0.661307 -0.254291 0.105469 0.113281
hair1.bmp
 17 0.631522 1.353362 54.118393 0.084566 -0.737976 -0.669507 0.273438 0.914063
 17 2.633862 2.019427 53.473259 -0.014042 -0.891638 -0.452532 0.214844 0.871094
 17 2.406509 1.348791 55.505833 0.367616 -0.907727 -0.202215 0.207031 0.914063
hair1.bmp
 17 -2.526361 1.904996 53.525448 0.058852 -0.898508 -0.434994 0.214844 0.875000
 39 -4.341691 5.804382 49.457050 -0.918249 -0.394978 -0.028493 0.167969 0.726563
 39 -3.060622 5.624071 49.165070 -0.166309 -0.908821 -0.382603 0.203125 0.730469
hair1.bmp
 41 5.197074 5.332275 46.188076 0.757438 -0.073073 -0.648805 0.570313 0.054688
 41 5.042995 6.268138 47.310982 -0.055190 0.955224 -0.290691 0.609375 0.097656
 41 5.789133 5.537590 48.381203 0.977990 -0.199291 -0.061799 0.558594 0.140625
hair1.bmp
 41 7.126276 3.249593 46.419846 -0.214200 -0.084318 -0.973144 0.906250 0.070313
 41 7.481887 3.702630 47.630463 0.242686 0.935224 -0.257798 0.894531 0.128906
 41 7.590693 3.175534 47.962776 0.881680 -0.463574 -0.087972 0.929688 0.136719
hair1.bmp
 39 -6.231465 4.930393 49.394581 -0.155395 0.968475 0.194700 0.785156 0.187500
 38 -4.180888 3.326748 53.713955 -0.141866 0.945467 0.293201 0.800781 0.402344
 38 -3.817676 3.140858 52.828335 0.879166 0.459666 -0.125595 0.808594 0.375000
hair1.bmp
 41 0.976222 7.372846 46.407822 -0.516707 0.831563 -0.203758 0.273438 0.074219
 41 1.917777 6.576025 45.983379 0.629702 -0.232629 -0.741188 0.230469 0.078125
 41 0.390250 6.413747 45.298378 -0.638698 -0.270284 -0.720425 0.238281 0.035156
hair1.bmp
 38 -2.361128 3.447638 53.782932 -0.460962 -0.282412 0.841283 0.222656 0.433594
 39 -2.868116 6.002922 48.471882 -0.838713 -0.410291 -0.358081 0.214844 0.179688
 17 -1.597544 1.683794 53.854794 -0.116706 -0.858817 -0.498812 0.207031 0.445313
hair1.bmp
 41 2.951619 6.473643 47.685844 -0.936194 0.351364 0.009211 0.476563 0.144531
 41 3.494640 6.796779 46.851810 0.083599 0.934801 -0.345194 0.425781 0.105469
 41 2.109237 6.038626 45.582573 -0.544050 -0.151972 -0.825175 0.464844 0.062500
hair1.bmp
 40 3.836439 3.239274 54.772163 0.747814 0.592006 0.300504 0.578125 0.441406
 17 3.743920 2.032827 53.459366 -0.021807 -0.952232 -0.304597 0.535156 0.429688
 41 5.789133 5.537590 48.381203 0.977990 -0.199291 -0.061799 0.558594 0.140625
hair1.bmp
 38 -2.739277 3.600528 53.270557 0.952614 0.285852 -0.104001 0.632813 0.386719
 39 -5.028391 6.435938 48.541965 0.106114 0.989094 0.102137 0.621094 0.148438
 38 -3.084721 4.153378 54.770931 -0.586816 0.739601 0.329603 0.617188 0.437500
hair1.bmp
 40 4.416512 2.572004 54.755821 0.835266 0.450616 0.315081 0.878906 0.437500
 41 7.481887 3.702630 47.630463 0.242686 0.935224 -0.257798 0.894531 0.128906
 17 4.463815 2.017684 53.489727 -0.232997 -0.871452 -0.431605 0.843750 0.417969
hair1.bmp
 39 -7.639282 3.157411 48.796181 -0.916678 -0.398975 0.022810 0.921875 0.179688
 17 -4.819699 1.250171 54.445885 -0.515328 -0.855116 -0.056691 0.945313 0.445313
 38 -4.434611 2.511147 54.744934 -0.848521 0.412611 0.331307 0.878906 0.437500
hair1.bmp
 40 1.310021 5.399232 53.769768 -0.277482 0.934878 0.221377 0.289063 0.398438
 40 0.807036 5.189669 54.593895 0.150493 0.965875 0.210801 0.289063 0.433594
 40 2.146691 4.644263 54.693676 0.312493 0.918208 0.243396 0.242188 0.437500
hair1.bmp
 17 3.743920 2.032827 53.459366 -0.021807 -0.952232 -0.304597 0.183594 0.863281
 40 3.905425 2.842027 52.292881 -0.886895 -0.103069 -0.450327 0.164063 0.800781
 41 6.236664 4.042486 49.068943 -0.312876 -0.875481 -0.368297 0.117188 0.718750
hair1.bmp
 39 -0.800760 6.704884 46.441441 -0.700889 -0.652317 -0.288508 0.285156 0.648438
 39 -0.016378 6.028257 45.235363 0.036008 -0.641091 -0.766620 0.304688 0.625000
 41 0.686510 6.777010 46.330059 0.705698 -0.661307 -0.254291 0.289063 0.652344
hair1.bmp
 41 6.236664 4.042486 49.068943 -0.312876 -0.875481 -0.368297 0.117188 0.718750
 41 5.828503 4.010490 45.800152 -0.268123 -0.196813 -0.943067 0.117188 0.636719
 41 6.857637 4.345205 48.800510 0.970447 -0.182405 0.157990 0.097656 0.656250
hair1.bmp
 39 -1.576513 6.123758 48.030907 0.626736 -0.756706 -0.186007 0.250000 0.699219
 39 -0.386693 6.449687 45.320000 0.610133 -0.261522 -0.747893 0.277344 0.625000
 39 -0.849793 7.241041 46.171940 0.505361 0.844155 -0.178920 0.265625 0.660156
hair1.bmp
 39 -0.386693 6.449687 45.320000 0.610133 -0.261522 -0.747893 0.238281 0.035156
 39 -2.089875 6.768814 46.194260 -0.770885 0.036791 -0.635911 0.230469 0.082031
 39 -0.849793 7.241041 46.171940 0.505361 0.844155 -0.178920 0.250000 0.066406
hair1.bmp
 17 -3.234390 1.759727 55.742245 -0.059710 -0.944899 -0.321870 0.175781 0.925781
 17 -4.098779 0.900634 56.956242 -0.361112 -0.923626 -0.128504 0.183594 0.968750
 17 -4.819699 1.250171 54.445885 -0.515328 -0.855116 -0.056691 0.167969 0.886719
hair1.bmp
 17 2.267030 4.700568 58.109974 0.520769 0.844640 0.124023 0.582031 0.710938
 17 1.248592 4.453541 60.439430 0.308763 0.765896 0.563976 0.589844 0.835938
 17 3.396624 3.531779 58.228928 0.822368 0.525040 0.219190 0.648438 0.707031
hair1.bmp
 17 -3.326334 3.341809 59.034077 -0.809599 0.472703 0.347996 0.667969 0.750000
 17 -4.107968 2.333978 56.726368 -0.930947 0.329726 0.156902 0.691406 0.628906
 17 -3.924943 1.204315 58.657524 -0.956450 -0.130100 0.261301 0.757813 0.722656
hair1.bmp
 17 -3.036921 0.363041 56.446785 -0.931308 -0.125599 -0.341891 0.890625 0.617188
 17 -2.896438 0.244732 56.314240 -0.832812 -0.442499 -0.332595 0.910156 0.640625
 17 -3.051706 -0.627319 57.772327 -0.955521 -0.294209 -0.020498 0.894531 0.726563
hair1.bmp
 40 0.966724 5.103071 54.680500 0.903593 -0.427403 -0.029099 0.023438 0.753906
 17 0.764225 5.058860 58.880238 -0.097470 -0.058488 0.993518 0.023438 0.933594
 40 0.832681 5.207102 55.796078 -0.898291 0.436184 0.053080 0.023438 0.777344
hair1.bmp
 40 5.231730 5.575750 50.544003 -0.924360 -0.030791 -0.380277 0.023438 0.593750
 40 4.858110 5.100871 51.544399 0.338577 0.815778 0.468906 0.023438 0.636719
 41 5.523867 5.987492 49.832867 -0.645088 0.762275 0.052905 0.023438 0.550781
hair1.bmp
 39 -5.876395 6.484100 47.988728 0.274409 -0.945941 -0.172901 0.023438 0.460938
 39 -5.434022 5.891427 50.098717 0.402197 0.838109 0.368526 0.023438 0.562500
 39 -5.532961 5.954385 49.804867 0.348395 -0.884077 -0.311494 0.023438 0.550781
hair1.bmp
 41 5.819010 6.385564 48.411942 -0.575397 0.802031 0.160202 0.023438 0.476563
 41 5.879758 6.422750 48.205479 0.587989 0.785204 0.194227 0.023438 0.468750
 41 5.674802 6.531075 46.811901 -0.050906 -0.958476 0.280592 0.023438 0.406250
hair1.bmp
 39 -5.591108 6.279261 46.530426 -0.023501 -0.675699 -0.736803 0.023438 0.390625
 39 -5.711943 6.481825 46.759480 -0.662867 0.709882 -0.238066 0.023438 0.402344
 39 -5.008523 6.092800 45.818226 0.602821 0.351611 -0.716223 0.023438 0.355469
hair1.bmp
 41 1.014202 7.811254 46.964378 0.727636 0.509409 -0.459400 0.023438 0.359375
 41 1.249782 7.978089 48.184036 0.880524 0.409512 -0.238702 0.023438 0.417969
 41 1.199726 7.954864 48.200001 0.300499 -0.945806 -0.123091 0.023438 0.417969
hair1.bmp
 40 4.162426 4.136899 53.116081 -0.931786 0.052516 -0.359190 0.023438 0.710938
 40 3.889925 3.971812 53.806801 0.446106 0.783055 0.433375 0.023438 0.742188
 40 4.424563 4.517727 52.525105 -0.193592 0.899675 0.391290 0.023438 0.675781
hair2.bmp
 17 2.060649 -1.127803 59.895477 -0.571987 0.820199 -0.010211 0.820313 0.847656
 17 1.879371 -1.252371 60.248352 0.570910 0.316117 0.757715 0.843750 0.875000
 17 2.885951 -0.589381 58.430595 -0.273563 0.933080 0.233508 0.792969 0.730469
hair2.bmp
 17 2.885951 -0.589381 58.430595 -0.273563 0.933080 0.233508 0.792969 0.730469
 17 1.879371 -1.252371 60.248352 0.570910 0.316117 0.757715 0.843750 0.875000
 17 3.065661 -0.542720 58.510765 0.451886 0.789775 0.414794 0.808594 0.734375
hair2.bmp
 17 1.879371 -1.252371 60.248352 0.570910 0.316117 0.757715 0.843750 0.875000
 17 2.450853 -1.493722 59.841217 0.776487 -0.061719 0.627104 0.855469 0.828125
 17 3.065661 -0.542720 58.510765 0.451886 0.789775 0.414794 0.808594 0.734375
hair2.bmp
 17 3.065661 -0.542720 58.510765 0.451886 0.789775 0.414794 0.808594 0.734375
 17 2.450853 -1.493722 59.841217 0.776487 -0.061719 0.627104 0.855469 0.828125
 17 3.145401 -0.870839 58.584110 0.915111 0.098018 0.391106 0.828125 0.738281
hair2.bmp
 17 2.450853 -1.493722 59.841217 0.776487 -0.061719 0.627104 0.855469 0.828125
 17 3.277825 -1.584038 57.917767 0.952560 -0.251066 0.172035 0.863281 0.699219
 17 3.145401 -0.870839 58.584110 0.915111 0.098018 0.391106 0.828125 0.738281
hair2.bmp
 17 3.145401 -0.870839 58.584110 0.915111 0.098018 0.391106 0.828125 0.738281
 17 3.277825 -1.584038 57.917767 0.952560 -0.251066 0.172035 0.863281 0.699219
 17 3.310867 -0.131263 57.071743 0.548044 0.820390 0.163118 0.808594 0.636719
hair2.bmp
 17 3.277825 -1.584038 57.917767 0.952560 -0.251066 0.172035 0.863281 0.699219
 17 3.488008 -0.579442 55.101883 0.993063 0.092008 -0.073221 0.832031 0.546875
 17 3.310867 -0.131263 57.071743 0.548044 0.820390 0.163118 0.808594 0.636719
hair2.bmp
 17 3.310867 -0.131263 57.071743 0.548044 0.820390 0.163118 0.808594 0.636719
 17 3.488008 -0.579442 55.101883 0.993063 0.092008 -0.073221 0.832031 0.546875
 17 3.171267 -0.000633 54.198967 0.203386 0.882395 -0.424279 0.804688 0.496094
hair2.bmp
 17 3.488008 -0.579442 55.101883 0.993063 0.092008 -0.073221 0.832031 0.546875
 43 3.164508 -0.589910 53.133694 0.939802 0.230795 -0.252002 0.832031 0.449219
 17 3.171267 -0.000633 54.198967 0.203386 0.882395 -0.424279 0.804688 0.496094
hair2.bmp
 17 3.171267 -0.000633 54.198967 0.203386 0.882395 -0.424279 0.804688 0.496094
 43 3.164508 -0.589910 53.133694 0.939802 0.230795 -0.252002 0.832031 0.449219
 43 2.856473 -0.441549 52.590275 0.297411 0.891004 -0.343014 0.824219 0.417969
hair2.bmp
 43 3.164508 -0.589910 53.133694 0.939802 0.230795 -0.252002 0.832031 0.449219
 43 2.957683 -1.042324 52.259026 0.939082 -0.072798 -0.335896 0.851563 0.402344
 43 2.856473 -0.441549 52.590275 0.297411 0.891004 -0.343014 0.824219 0.417969
hair2.bmp
 43 2.856473 -0.441549 52.590275 0.297411 0.891004 -0.343014 0.824219 0.417969
 43 2.957683 -1.042324 52.259026 0.939082 -0.072798 -0.335896 0.851563 0.402344
 43 2.559799 -0.733940 51.672947 0.799433 0.293880 -0.523968 0.828125 0.371094
hair2.bmp
 43 2.957683 -1.042324 52.259026 0.939082 -0.072798 -0.335896 0.851563 0.402344
 43 2.620383 -1.335290 51.514175 0.857462 -0.230996 -0.459783 0.859375 0.363281
 43 2.559799 -0.733940 51.672947 0.799433 0.293880 -0.523968 0.828125 0.371094
hair2.bmp
 43 2.559799 -0.733940 51.672947 0.799433 0.293880 -0.523968 0.828125 0.371094
 43 2.620383 -1.335290 51.514175 0.857462 -0.230996 -0.459783 0.859375 0.363281
 43 2.132125 -1.126892 51.031712 0.698833 0.147568 -0.699897 0.843750 0.335938
hair2.bmp
 43 2.620383 -1.335290 51.514175 0.857462 -0.230996 -0.459783 0.859375 0.363281
 43 2.142441 -1.711111 50.946964 0.689583 -0.583067 -0.429543 0.863281 0.332031
 43 2.132125 -1.126892 51.031712 0.698833 0.147568 -0.699897 0.843750 0.335938
hair2.bmp
 43 2.132125 -1.126892 51.031712 0.698833 0.147568 -0.699897 0.843750 0.335938
 43 2.142441 -1.711111 50.946964 0.689583 -0.583067 -0.429543 0.863281 0.332031
 43 1.524250 -1.712937 50.446526 -0.430242 0.738645 -0.518937 0.863281 0.269531
hair2.bmp
 43 2.142441 -1.711111 50.946964 0.689583 -0.583067 -0.429543 0.863281 0.332031
 43 1.773656 -1.874521 50.611412 0.587676 -0.704396 -0.398075 0.875000 0.285156
 43 1.524250 -1.712937 50.446526 -0.430242 0.738645 -0.518937 0.863281 0.269531
hair2.bmp
 43 1.524250 -1.712937 50.446526 -0.430242 0.738645 -0.518937 0.863281 0.269531
 43 1.773656 -1.874521 50.611412 0.587676 -0.704396 -0.398075 0.875000 0.285156
 43 1.275200 -2.031840 50.185040 -0.635883 -0.413767 -0.651498 0.878906 0.222656
hair2.bmp
 43 1.773656 -1.874521 50.611412 0.587676 -0.704396 -0.398075 0.875000 0.285156
 43 2.250712 -1.603789 51.423889 -0.811143 -0.363773 0.457947 0.902344 0.347656
 43 1.275200 -2.031840 50.185040 -0.635883 -0.413767 -0.651498 0.878906 0.222656
hair2.bmp
 43 1.275200 -2.031840 50.185040 -0.635883 -0.413767 -0.651498 0.878906 0.222656
 43 2.250712 -1.603789 51.423889 -0.811143 -0.363773 0.457947 0.902344 0.347656
 43 1.524250 -1.712937 50.446526 -0.430242 0.738645 -0.518937 0.910156 0.269531
hair2.bmp
 43 2.250712 -1.603789 51.423889 -0.811143 -0.363773 0.457947 0.902344 0.347656
 43 2.559799 -0.733940 51.672947 -0.933360 0.157198 0.322689 0.960938 0.363281
 43 1.524250 -1.712937 50.446526 -0.430242 0.738645 -0.518937 0.910156 0.269531
hair2.bmp
 17 -1.719287 -2.569688 59.876411 -0.642198 0.717719 0.269187 0.289063 0.417969
 17 -2.098075 -2.784080 59.541813 -0.861064 0.268892 0.431585 0.300781 0.367188
 17 -1.350794 -2.410600 60.292469 -0.048398 0.892303 -0.448836 0.359375 0.476563
hair2.bmp
 17 -1.350794 -2.410600 60.292469 -0.048398 0.892303 -0.448836 0.359375 0.476563
 17 -2.098075 -2.784080 59.541813 -0.861064 0.268892 0.431585 0.300781 0.367188
 17 -1.042459 -2.178089 60.751999 -0.651020 0.063295 0.756417 0.445313 0.519531
hair2.bmp
 17 -2.098075 -2.784080 59.541813 -0.861064 0.268892 0.431585 0.300781 0.367188
 17 -1.079784 -3.377091 60.017963 -0.308005 -0.685408 0.659809 0.464844 0.417969
 17 -1.042459 -2.178089 60.751999 -0.651020 0.063295 0.756417 0.445313 0.519531
hair2.bmp
 17 -1.042459 -2.178089 60.751999 -0.651020 0.063295 0.756417 0.445313 0.519531
 17 -1.079784 -3.377091 60.017963 -0.308005 -0.685408 0.659809 0.464844 0.417969
 17 -0.582605 -2.571556 60.794643 -0.167477 -0.466698 0.868415 0.507813 0.507813
hair2.bmp
 17 -1.079784 -3.377091 60.017963 -0.308005 -0.685408 0.659809 0.464844 0.417969
 17 -0.098978 -3.601097 59.798325 0.109724 -0.839061 0.532857 0.554688 0.394531
 17 -0.582605 -2.571556 60.794643 -0.167477 -0.466698 0.868415 0.507813 0.507813
hair2.bmp
 17 -0.582605 -2.571556 60.794643 -0.167477 -0.466698 0.868415 0.507813 0.507813
 17 -0.098978 -3.601097 59.798325 0.109724 -0.839061 0.532857 0.554688 0.394531
 17 0.718989 -2.878249 60.358074 0.637286 -0.395491 0.661402 0.632813 0.453125
hair2.bmp
 17 -0.098978 -3.601097 59.798325 0.109724 -0.839061 0.532857 0.554688 0.394531
 17 0.682885 -3.589520 59.285046 0.394198 -0.861999 0.318694 0.625000 0.343750
 17 0.718989 -2.878249 60.358074 0.637286 -0.395491 0.661402 0.632813 0.453125
hair2.bmp
 17 0.718989 -2.878249 60.358074 0.637286 -0.395491 0.661402 0.632813 0.453125
 17 0.682885 -3.589520 59.285046 0.394198 -0.861999 0.318694 0.625000 0.343750
 17 1.063341 -3.393869 59.159050 0.904864 -0.399099 0.148126 0.671875 0.328125
hair2.bmp
 17 0.682885 -3.589520 59.285046 0.394198 -0.861999 0.318694 0.625000 0.343750
 17 0.765768 -3.720685 58.489540 0.111097 -0.992116 0.058001 0.644531 0.261719
 17 1.063341 -3.393869 59.159050 0.904864 -0.399099 0.148126 0.671875 0.328125
hair2.bmp
 17 1.063341 -3.393869 59.159050 0.904864 -0.399099 0.148126 0.671875 0.328125
 17 0.765768 -3.720685 58.489540 0.111097 -0.992116 0.058001 0.644531 0.261719
 17 0.946016 -3.596485 58.421093 0.842215 -0.506591 -0.184498 0.656250 0.261719
hair2.bmp
 17 0.765768 -3.720685 58.489540 0.111097 -0.992116 0.058001 0.644531 0.261719
 17 0.686912 -3.724848 58.173527 0.090812 -0.988874 -0.117822 0.632813 0.230469
 17 0.946016 -3.596485 58.421093 0.842215 -0.506591 -0.184498 0.656250 0.261719
hair2.bmp
 17 0.946016 -3.596485 58.421093 0.842215 -0.506591 -0.184498 0.656250 0.261719
 17 0.686912 -3.724848 58.173527 0.090812 -0.988874 -0.117822 0.632813 0.230469
 17 0.618320 -3.573517 57.783920 0.734597 -0.429215 -0.525492 0.628906 0.191406
hair2.bmp
 17 0.686912 -3.724848 58.173527 0.090812 -0.988874 -0.117822 0.632813 0.230469
 17 0.389274 -3.566854 57.520115 0.381187 -0.679775 -0.626580 0.601563 0.167969
 17 0.618320 -3.573517 57.783920 0.734597 -0.429215 -0.525492 0.628906 0.191406
hair2.bmp
 17 0.618320 -3.573517 57.783920 0.734597 -0.429215 -0.525492 0.628906 0.191406
 17 0.389274 -3.566854 57.520115 0.381187 -0.679775 -0.626580 0.601563 0.167969
 17 0.518844 -3.364492 57.638271 0.733504 0.306817 -0.606494 0.625000 0.167969
hair2.bmp
 17 0.389274 -3.566854 57.520115 0.381187 -0.679775 -0.626580 0.601563 0.167969
 17 -0.118976 -3.317317 57.034817 0.453087 -0.189600 -0.871071 0.550781 0.113281
 17 0.518844 -3.364492 57.638271 0.733504 0.306817 -0.606494 0.625000 0.167969
hair2.bmp
 17 0.518844 -3.364492 57.638271 0.733504 0.306817 -0.606494 0.625000 0.167969
 17 -0.118976 -3.317317 57.034817 0.453087 -0.189600 -0.871071 0.550781 0.113281
 17 -0.268756 -3.204733 56.973244 0.397002 0.099588 -0.912399 0.539063 0.097656
hair2.bmp
 17 -0.118976 -3.317317 57.034817 0.453087 -0.189600 -0.871071 0.550781 0.113281
 17 -0.528427 -3.198643 56.881954 -0.813689 -0.387923 -0.432926 0.511719 0.093750
 17 -0.268756 -3.204733 56.973244 0.397002 0.099588 -0.912399 0.539063 0.097656
hair2.bmp
 17 -0.268756 -3.204733 56.973244 0.397002 0.099588 -0.912399 0.539063 0.097656
 17 -0.528427 -3.198643 56.881954 -0.813689 -0.387923 -0.432926 0.511719 0.093750
 17 -0.368781 -3.165367 56.979965 -0.242793 0.966817 0.079482 0.523438 0.089844
hair2.bmp
 17 -0.528427 -3.198643 56.881954 -0.813689 -0.387923 -0.432926 0.511719 0.093750
 17 -0.398784 -3.216348 56.980846 -0.464308 0.283019 0.839237 0.511719 0.097656
 17 -0.368781 -3.165367 56.979965 -0.242793 0.966817 0.079482 0.523438 0.089844
hair2.bmp
 17 -3.202810 0.048783 55.312622 0.056031 0.997446 0.044285 0.789063 0.554688
 17 -3.280859 -0.239576 57.536438 -0.576214 0.779191 0.246656 0.804688 0.675781
 17 -3.080306 -0.242540 57.384220 0.167893 0.969803 0.176900 0.781250 0.664063
hair2.bmp
 17 -3.080306 -0.242540 57.384220 0.167893 0.969803 0.176900 0.781250 0.664063
 17 -3.280859 -0.239576 57.536438 -0.576214 0.779191 0.246656 0.804688 0.675781
 17 -2.806247 -0.771678 59.027481 -0.768810 0.329582 0.548002 0.816406 0.777344
hair2.bmp
 17 -3.280859 -0.239576 57.536438 -0.576214 0.779191 0.246656 0.804688 0.675781
 17 -3.144699 -0.938837 58.599918 -0.904429 0.150508 0.399193 0.828125 0.742188
 17 -2.806247 -0.771678 59.027481 -0.768810 0.329582 0.548002 0.816406 0.777344
hair2.bmp
 17 -2.806247 -0.771678 59.027481 -0.768810 0.329582 0.548002 0.816406 0.777344
 17 -3.144699 -0.938837 58.599918 -0.904429 0.150508 0.399193 0.828125 0.742188
 17 -2.419266 -1.491034 59.864723 -0.764858 -0.112604 0.634282 0.855469 0.828125
hair2.bmp
 17 -3.144699 -0.938837 58.599918 -0.904429 0.150508 0.399193 0.828125 0.742188
 17 -3.381811 -1.405417 57.803879 -0.965679 -0.203601 0.161279 0.851563 0.691406
 17 -2.419266 -1.491034 59.864723 -0.764858 -0.112604 0.634282 0.855469 0.828125
hair2.bmp
 17 -2.419266 -1.491034 59.864723 -0.764858 -0.112604 0.634282 0.855469 0.828125
 17 -3.381811 -1.405417 57.803879 -0.965679 -0.203601 0.161279 0.851563 0.691406
 17 -2.983402 -2.002967 58.246490 -0.467989 -0.872989 0.137391 0.882813 0.722656
hair2.bmp
 17 -3.381811 -1.405417 57.803879 -0.965679 -0.203601 0.161279 0.851563 0.691406
 17 -3.336364 -1.683684 56.301014 -0.603481 -0.788569 -0.118194 0.875000 0.613281
 17 -2.983402 -2.002967 58.246490 -0.467989 -0.872989 0.137391 0.882813 0.722656
hair2.bmp
 17 -2.983402 -2.002967 58.246490 -0.467989 -0.872989 0.137391 0.882813 0.722656
 17 -3.336364 -1.683684 56.301014 -0.603481 -0.788569 -0.118194 0.875000 0.613281
 17 -2.892703 -1.947870 58.053520 0.256802 -0.952448 -0.163996 0.902344 0.714844
hair2.bmp
 17 -3.336364 -1.683684 56.301014 -0.603481 -0.788569 -0.118194 0.875000 0.613281
 17 -3.054411 -1.525473 55.761505 0.815469 -0.578502 -0.018595 0.902344 0.585938
 17 -2.892703 -1.947870 58.053520 0.256802 -0.952448 -0.163996 0.902344 0.714844
hair2.bmp
 17 -2.892703 -1.947870 58.053520 0.256802 -0.952448 -0.163996 0.902344 0.714844
 17 -3.054411 -1.525473 55.761505 0.815469 -0.578502 -0.018595 0.902344 0.585938
 17 -3.066438 -0.802638 56.318249 0.996337 0.084296 -0.014400 0.945313 0.609375
hair2.bmp
 17 -3.054411 -1.525473 55.761505 0.815469 -0.578502 -0.018595 0.902344 0.585938
 42 -2.876557 -1.424617 53.974277 0.978107 -0.177882 0.108003 0.898438 0.492188
 17 -3.066438 -0.802638 56.318249 0.996337 0.084296 -0.014400 0.945313 0.609375
hair2.bmp
 17 -3.066438 -0.802638 56.318249 0.996337 0.084296 -0.014400 0.945313 0.609375
 42 -2.876557 -1.424617 53.974277 0.978107 -0.177882 0.108003 0.898438 0.492188
 42 -2.590125 -1.135427 52.198433 0.971035 0.023199 0.237809 0.929688 0.390625
hair2.bmp
 42 -2.876557 -1.424617 53.974277 0.978107 -0.177882 0.108003 0.898438 0.492188
 42 -2.408013 -1.599815 51.617676 0.212109 -0.960021 0.182671 0.882813 0.363281
 42 -2.590125 -1.135427 52.198433 0.971035 0.023199 0.237809 0.929688 0.390625
hair2.bmp
 42 -2.590125 -1.135427 52.198433 0.971035 0.023199 0.237809 0.929688 0.390625
 42 -2.408013 -1.599815 51.617676 0.212109 -0.960021 0.182671 0.882813 0.363281
 42 -2.276687 -0.994968 51.249416 0.882597 0.082701 0.462799 0.957031 0.351563
hair2.bmp
 42 -2.408013 -1.599815 51.617676 0.212109 -0.960021 0.182671 0.882813 0.363281
 42 -1.282842 -2.023721 50.194126 0.669882 -0.398182 -0.626665 0.878906 0.226563
 42 -2.276687 -0.994968 51.249416 0.882597 0.082701 0.462799 0.957031 0.351563
hair2.bmp
 17 -2.048041 -2.824095 56.771111 0.279702 -0.744590 -0.606096 0.335938 0.089844
 17 -1.890833 -3.328907 57.544510 0.046517 -0.901200 -0.430900 0.351563 0.167969
 17 -2.227671 -2.826076 56.668495 -0.663470 -0.442286 -0.603482 0.316406 0.085938
hair2.bmp
 17 -2.227671 -2.826076 56.668495 -0.663470 -0.442286 -0.603482 0.316406 0.085938
 17 -1.890833 -3.328907 57.544510 0.046517 -0.901200 -0.430900 0.351563 0.167969
 17 -2.231326 -3.414524 57.680286 -0.719902 -0.657989 -0.220890 0.328125 0.187500
hair2.bmp
 17 -1.890833 -3.328907 57.544510 0.046517 -0.901200 -0.430900 0.351563 0.167969
 17 -1.743653 -3.570747 58.324543 0.621214 -0.710265 0.331084 0.367188 0.246094
 17 -2.231326 -3.414524 57.680286 -0.719902 -0.657989 -0.220890 0.328125 0.187500
hair2.bmp
 17 -2.231326 -3.414524 57.680286 -0.719902 -0.657989 -0.220890 0.328125 0.187500
 17 -1.743653 -3.570747 58.324543 0.621214 -0.710265 0.331084 0.367188 0.246094
 17 -1.954889 -3.591583 58.665493 -0.364306 -0.926014 0.098891 0.363281 0.277344
hair2.bmp
 17 -1.743653 -3.570747 58.324543 0.621214 -0.710265 0.331084 0.367188 0.246094
 17 -1.703366 -3.505600 58.244965 -0.837233 0.296916 0.459218 0.378906 0.242188
 17 -1.954889 -3.591583 58.665493 -0.364306 -0.926014 0.098891 0.363281 0.277344
hair2.bmp
 17 -1.954889 -3.591583 58.665493 -0.364306 -0.926014 0.098891 0.363281 0.277344
 17 -1.703366 -3.505600 58.244965 -0.837233 0.296916 0.459218 0.378906 0.242188
 17 -1.577311 -3.549196 59.334923 -0.399335 -0.824546 0.400819 0.410156 0.339844
hair2.bmp
 17 -1.703366 -3.505600 58.244965 -0.837233 0.296916 0.459218 0.378906 0.242188
 17 -1.724436 -3.721502 58.541348 -0.797125 -0.594005 0.108398 0.402344 0.265625
 17 -1.577311 -3.549196 59.334923 -0.399335 -0.824546 0.400819 0.410156 0.339844
hair2.bmp
 17 -1.577311 -3.549196 59.334923 -0.399335 -0.824546 0.400819 0.410156 0.339844
 17 -1.724436 -3.721502 58.541348 -0.797125 -0.594005 0.108398 0.402344 0.265625
 17 -0.756857 -3.851733 59.212337 -0.119535 -0.956916 0.264619 0.503906 0.328125
hair2.bmp
 17 -1.724436 -3.721502 58.541348 -0.797125 -0.594005 0.108398 0.402344 0.265625
 17 -0.982435 -3.804805 57.990532 -0.245784 -0.959177 -0.139889 0.453125 0.207031
 17 -0.756857 -3.851733 59.212337 -0.119535 -0.956916 0.264619 0.503906 0.328125
hair2.bmp
 17 -0.756857 -3.851733 59.212337 -0.119535 -0.956916 0.264619 0.503906 0.328125
 17 -0.982435 -3.804805 57.990532 -0.245784 -0.959177 -0.139889 0.453125 0.207031
 17 -0.373173 -3.973466 58.196087 0.067212 -0.976029 -0.207004 0.519531 0.230469
hair2.bmp
 17 -0.982435 -3.804805 57.990532 -0.245784 -0.959177 -0.139889 0.453125 0.207031
 17 -0.910742 -3.751110 57.522903 -0.153128 -0.908291 -0.389306 0.468750 0.167969
 17 -0.373173 -3.973466 58.196087 0.067212 -0.976029 -0.207004 0.519531 0.230469
hair2.bmp
 17 -0.373173 -3.973466 58.196087 0.067212 -0.976029 -0.207004 0.519531 0.230469
 17 -0.910742 -3.751110 57.522903 -0.153128 -0.908291 -0.389306 0.468750 0.167969
 17 -0.609619 -3.451157 57.212173 0.185097 -0.776678 -0.602088 0.492188 0.140625
hair2.bmp
 17 -0.910742 -3.751110 57.522903 -0.153128 -0.908291 -0.389306 0.468750 0.167969
 17 -1.139253 -3.443299 57.110065 -0.185589 -0.750585 -0.634176 0.441406 0.121094
 17 -0.609619 -3.451157 57.212173 0.185097 -0.776678 -0.602088 0.492188 0.140625
hair2.bmp
 17 -0.609619 -3.451157 57.212173 0.185097 -0.776678 -0.602088 0.492188 0.140625
 17 -1.139253 -3.443299 57.110065 -0.185589 -0.750585 -0.634176 0.441406 0.121094
 17 -1.278419 -3.147674 56.878250 -0.075801 -0.641427 -0.763430 0.425781 0.097656
hair2.bmp
 17 -1.139253 -3.443299 57.110065 -0.185589 -0.750585 -0.634176 0.441406 0.121094
 17 -1.618065 -2.957347 56.779175 -0.233198 -0.720014 -0.653605 0.398438 0.089844
 17 -1.278419 -3.147674 56.878250 -0.075801 -0.641427 -0.763430 0.425781 0.097656
hair2.bmp
 17 -0.931528 -3.841045 57.740341 0.726702 -0.193993 -0.658992 0.070313 0.750000
 17 -0.673151 -4.002997 58.189690 0.974634 -0.090900 -0.204513 0.070313 0.777344
 17 -0.802568 -3.994352 58.028206 -0.091818 -0.932533 -0.349215 0.070313 0.769531
hair2.bmp
 17 -0.802568 -3.994352 58.028206 -0.091818 -0.932533 -0.349215 0.070313 0.769531
 17 -0.673151 -4.002997 58.189690 0.974634 -0.090900 -0.204513 0.070313 0.777344
 17 -0.495607 -4.074188 58.868446 -0.061919 -0.982727 0.174395 0.070313 0.816406
hair2.bmp
 17 -0.673151 -4.002997 58.189690 0.974634 -0.090900 -0.204513 0.070313 0.777344
 17 -0.395916 -3.998001 58.953636 0.999427 -0.030515 -0.014614 0.070313 0.820313
 17 -0.495607 -4.074188 58.868446 -0.061919 -0.982727 0.174395 0.070313 0.816406
hair2.bmp
 17 -0.495607 -4.074188 58.868446 -0.061919 -0.982727 0.174395 0.070313 0.816406
 17 -0.395916 -3.998001 58.953636 0.999427 -0.030515 -0.014614 0.070313 0.820313
 17 -0.238685 -3.708579 59.717518 0.323015 0.415016 0.850543 0.070313 0.867188
hair2.bmp
 17 -0.395916 -3.998001 58.953636 0.999427 -0.030515 -0.014614 0.070313 0.820313
 17 -0.387514 -3.863915 59.394375 -0.796012 -0.121193 0.593023 0.070313 0.843750
 17 -0.238685 -3.708579 59.717518 0.323015 0.415016 0.850543 0.070313 0.867188
hair2.bmp
 17 -0.238685 -3.708579 59.717518 0.323015 0.415016 0.850543 0.070313 0.867188
 17 -0.387514 -3.863915 59.394375 -0.796012 -0.121193 0.593023 0.070313 0.843750
 17 -0.495607 -4.074188 58.868446 -0.061919 -0.982727 0.174395 0.070313 0.816406
hair2.bmp
 17 -0.387514 -3.863915 59.394375 -0.796012 -0.121193 0.593023 0.070313 0.843750
 17 -0.753215 -4.016381 58.207314 0.973047 0.215797 -0.081311 0.070313 0.777344
 17 -0.495607 -4.074188 58.868446 -0.061919 -0.982727 0.174395 0.070313 0.816406
hair2.bmp
 17 -0.495607 -4.074188 58.868446 -0.061919 -0.982727 0.174395 0.070313 0.816406
 17 -0.753215 -4.016381 58.207314 0.973047 0.215797 -0.081311 0.070313 0.777344
 17 -0.802568 -3.994352 58.028206 -0.091818 -0.932533 -0.349215 0.070313 0.769531
hair2.bmp
 17 -0.753215 -4.016381 58.207314 0.973047 0.215797 -0.081311 0.070313 0.777344
 17 -1.369617 -3.502148 57.210411 -0.651904 0.322166 -0.686463 0.070313 0.714844
 17 -0.802568 -3.994352 58.028206 -0.091818 -0.932533 -0.349215 0.070313 0.769531
hair2.bmp
 17 -0.802568 -3.994352 58.028206 -0.091818 -0.932533 -0.349215 0.070313 0.769531
 17 -1.369617 -3.502148 57.210411 -0.651904 0.322166 -0.686463 0.070313 0.714844
 17 -0.931528 -3.841045 57.740341 0.726702 -0.193993 -0.658992 0.070313 0.750000
hair2.bmp
 17 -1.369617 -3.502148 57.210411 -0.651904 0.322166 -0.686463 0.070313 0.714844
 17 -0.753215 -4.016381 58.207314 0.973047 0.215797 -0.081311 0.070313 0.777344
 17 -0.931528 -3.841045 57.740341 0.726702 -0.193993 -0.658992 0.070313 0.750000
hair2.bmp
 17 -0.931528 -3.841045 57.740341 0.726702 -0.193993 -0.658992 0.070313 0.750000
 17 -0.753215 -4.016381 58.207314 0.973047 0.215797 -0.081311 0.070313 0.777344
 17 -0.802315 -3.930977 57.958324 0.147606 0.958550 0.243708 0.070313 0.761719
hair2.bmp
 17 -0.753215 -4.016381 58.207314 0.973047 0.215797 -0.081311 0.070313 0.777344
 17 -0.673151 -4.002997 58.189690 0.974634 -0.090900 -0.204513 0.070313 0.777344
 17 -0.802315 -3.930977 57.958324 0.147606 0.958550 0.243708 0.070313 0.761719
hair2.bmp
 17 3.175422 -1.510361 58.580933 0.563801 -0.825550 0.024415 0.046875 0.925781
 17 3.265883 -1.375539 58.453106 0.807307 0.516700 0.285090 0.039063 0.921875
 17 2.863176 -1.561093 59.200634 -0.972550 -0.031190 -0.230593 0.050781 0.968750
hair2.bmp
 17 2.863176 -1.561093 59.200634 -0.972550 -0.031190 -0.230593 0.050781 0.968750
 17 3.265883 -1.375539 58.453106 0.807307 0.516700 0.285090 0.039063 0.921875
 17 3.469971 -1.162072 57.323776 0.068702 0.953022 0.295008 0.031250 0.855469
hair2.bmp
 17 3.265883 -1.375539 58.453106 0.807307 0.516700 0.285090 0.039063 0.921875
 17 3.642560 -1.073952 56.608692 0.888096 0.437467 0.141097 0.031250 0.812500
 17 3.469971 -1.162072 57.323776 0.068702 0.953022 0.295008 0.031250 0.855469
hair2.bmp
 17 3.469971 -1.162072 57.323776 0.068702 0.953022 0.295008 0.031250 0.855469
 17 3.642560 -1.073952 56.608692 0.888096 0.437467 0.141097 0.031250 0.812500
 17 3.475699 -0.978963 55.741203 -0.467486 0.882368 -0.053698 0.027344 0.765625
hair2.bmp
 17 3.642560 -1.073952 56.608692 0.888096 0.437467 0.141097 0.031250 0.812500
 43 3.402595 -0.979791 53.663891 0.654294 0.752813 0.071923 0.031250 0.644531
 17 3.475699 -0.978963 55.741203 -0.467486 0.882368 -0.053698 0.027344 0.765625
hair2.bmp
 17 3.475699 -0.978963 55.741203 -0.467486 0.882368 -0.053698 0.027344 0.765625
 43 3.402595 -0.979791 53.663891 0.654294 0.752813 0.071923 0.031250 0.644531
 17 3.508255 -1.116223 55.035866 -0.958616 -0.282784 0.033000 0.035156 0.722656
hair2.bmp
 43 3.402595 -0.979791 53.663891 0.654294 0.752813 0.071923 0.031250 0.644531
 43 3.056775 -1.117885 52.509968 0.555172 0.830102 -0.052097 0.035156 0.578125
 17 3.508255 -1.116223 55.035866 -0.958616 -0.282784 0.033000 0.035156 0.722656
hair2.bmp
 17 3.508255 -1.116223 55.035866 -0.958616 -0.282784 0.033000 0.035156 0.722656
 43 3.056775 -1.117885 52.509968 0.555172 0.830102 -0.052097 0.035156 0.578125
 43 3.274036 -1.152259 53.266613 -0.461904 -0.884172 0.069894 0.042969 0.621094
hair2.bmp
 43 3.056775 -1.117885 52.509968 0.555172 0.830102 -0.052097 0.035156 0.578125
 43 2.808447 -1.248434 52.048676 -0.296505 0.855733 -0.424036 0.039063 0.554688
 43 3.274036 -1.152259 53.266613 -0.461904 -0.884172 0.069894 0.042969 0.621094
hair2.bmp
 43 3.274036 -1.152259 53.266613 -0.461904 -0.884172 0.069894 0.042969 0.621094
 43 2.808447 -1.248434 52.048676 -0.296505 0.855733 -0.424036 0.039063 0.554688
 43 2.927662 -1.287386 52.265633 -0.826908 -0.428716 0.363902 0.046875 0.566406
hair2.bmp
 43 2.808447 -1.248434 52.048676 -0.296505 0.855733 -0.424036 0.039063 0.554688
 43 2.341697 -1.646330 51.152390 -0.704666 0.694357 0.145991 0.058594 0.503906
 43 2.927662 -1.287386 52.265633 -0.826908 -0.428716 0.363902 0.046875 0.566406
hair2.bmp
 42 -1.904190 -1.928230 50.564674 -0.119219 0.549469 -0.826965 0.062500 0.460938
 42 -2.617657 -1.470309 51.518288 -0.314612 0.832079 -0.456797 0.054688 0.527344
 42 -2.004624 -1.827833 50.683979 0.007293 0.903470 -0.428589 0.058594 0.476563
hair2.bmp
 42 -2.004624 -1.827833 50.683979 0.007293 0.903470 -0.428589 0.058594 0.476563
 42 -2.617657 -1.470309 51.518288 -0.314612 0.832079 -0.456797 0.054688 0.527344
 42 -2.386708 -1.514618 51.257137 0.308475 0.913685 -0.264619 0.046875 0.511719
hair2.bmp
 42 -2.617657 -1.470309 51.518288 -0.314612 0.832079 -0.456797 0.054688 0.527344
 42 -3.041280 -1.111587 52.516068 -0.642230 -0.763934 -0.062813 0.035156 0.582031
 42 -2.386708 -1.514618 51.257137 0.308475 0.913685 -0.264619 0.046875 0.511719
hair2.bmp
 42 -2.386708 -1.514618 51.257137 0.308475 0.913685 -0.264619 0.046875 0.511719
 42 -3.041280 -1.111587 52.516068 -0.642230 -0.763934 -0.062813 0.035156 0.582031
 42 -3.121315 -1.113358 52.525620 0.848729 -0.414277 0.328685 0.039063 0.582031
hair2.bmp
 42 -3.041280 -1.111587 52.516068 -0.642230 -0.763934 -0.062813 0.035156 0.582031
 42 -3.427750 -0.955336 54.300564 -0.067113 -0.991233 0.113808 0.027344 0.679688
 42 -3.121315 -1.113358 52.525620 0.848729 -0.414277 0.328685 0.039063 0.582031
hair2.bmp
 42 -3.121315 -1.113358 52.525620 0.848729 -0.414277 0.328685 0.039063 0.582031
 42 -3.427750 -0.955336 54.300564 -0.067113 -0.991233 0.113808 0.027344 0.679688
 42 -3.478150 -1.127756 54.411610 0.978107 -0.177882 0.108003 0.035156 0.687500
hair2.bmp
 42 -3.427750 -0.955336 54.300564 -0.067113 -0.991233 0.113808 0.027344 0.679688
 17 -3.605082 -1.009949 55.943703 0.760031 -0.647247 -0.058510 0.027344 0.773438
 42 -3.478150 -1.127756 54.411610 0.978107 -0.177882 0.108003 0.035156 0.687500
hair2.bmp
 42 -3.478150 -1.127756 54.411610 0.978107 -0.177882 0.108003 0.035156 0.687500
 17 -3.605082 -1.009949 55.943703 0.760031 -0.647247 -0.058510 0.027344 0.773438
 17 -3.544061 -1.162524 55.662460 0.938516 0.342258 0.045252 0.039063 0.757813
hair2.bmp
 17 -3.605082 -1.009949 55.943703 0.760031 -0.647247 -0.058510 0.027344 0.773438
 17 -3.501183 -1.242060 57.629623 0.897755 -0.373388 -0.233703 0.039063 0.871094
 17 -3.544061 -1.162524 55.662460 0.938516 0.342258 0.045252 0.039063 0.757813
hair2.bmp
 17 -3.544061 -1.162524 55.662460 0.938516 0.342258 0.045252 0.039063 0.757813
 17 -3.501183 -1.242060 57.629623 0.897755 -0.373388 -0.233703 0.039063 0.871094
 17 -3.480917 -1.310172 57.556480 0.899579 0.420203 -0.119109 0.042969 0.867188
hair2.bmp
 17 -3.501183 -1.242060 57.629623 0.897755 -0.373388 -0.233703 0.039063 0.871094
 17 -2.986055 -1.555292 58.977299 -0.318094 0.914449 0.250199 0.050781 0.953125
 17 -3.480917 -1.310172 57.556480 0.899579 0.420203 -0.119109 0.042969 0.867188
hair2.bmp
 17 -0.458571 -3.093922 56.921368 -0.103898 0.602788 0.791108 0.085938 0.703125
 17 -0.059000 -3.226966 57.041126 0.575084 0.288816 -0.765418 0.085938 0.726563
 17 -0.588334 -3.061845 56.855545 0.609843 0.214991 -0.762805 0.085938 0.691406
hair2.bmp
 17 -0.588334 -3.061845 56.855545 0.609843 0.214991 -0.762805 0.085938 0.691406
 17 -0.059000 -3.226966 57.041126 0.575084 0.288816 -0.765418 0.085938 0.726563
 17 -0.158915 -3.243111 57.017540 -0.160591 -0.883968 -0.439102 0.085938 0.722656
hair2.bmp
 17 -0.059000 -3.226966 57.041126 0.575084 0.288816 -0.765418 0.085938 0.726563
 17 0.389743 -3.441873 57.390190 0.225013 -0.814527 -0.534710 0.085938 0.761719
 17 -0.158915 -3.243111 57.017540 -0.160591 -0.883968 -0.439102 0.085938 0.722656
hair2.bmp
 17 -0.158915 -3.243111 57.017540 -0.160591 -0.883968 -0.439102 0.085938 0.722656
 17 0.389743 -3.441873 57.390190 0.225013 -0.814527 -0.534710 0.085938 0.761719
 17 0.538893 -3.494208 57.625168 -0.189090 -0.976987 -0.098701 0.085938 0.773438
hair2.bmp
 17 0.389743 -3.441873 57.390190 0.225013 -0.814527 -0.534710 0.085938 0.761719
 17 0.698400 -3.528838 57.761765 0.355701 -0.852478 -0.383090 0.085938 0.785156
 17 0.538893 -3.494208 57.625168 -0.189090 -0.976987 -0.098701 0.085938 0.773438
hair2.bmp
 17 0.538893 -3.494208 57.625168 -0.189090 -0.976987 -0.098701 0.085938 0.773438
 17 0.698400 -3.528838 57.761765 0.355701 -0.852478 -0.383090 0.085938 0.785156
 17 0.866048 -3.533893 58.411743 -0.260387 -0.953623 0.151002 0.085938 0.820313
hair2.bmp
 17 0.698400 -3.528838 57.761765 0.355701 -0.852478 -0.383090 0.085938 0.785156
 17 0.946180 -3.567947 58.375423 0.492809 -0.866830 -0.075799 0.085938 0.820313
 17 0.866048 -3.533893 58.411743 -0.260387 -0.953623 0.151002 0.085938 0.820313
hair2.bmp
 17 0.866048 -3.533893 58.411743 -0.260387 -0.953623 0.151002 0.085938 0.820313
 17 0.946180 -3.567947 58.375423 0.492809 -0.866830 -0.075799 0.085938 0.820313
 17 1.013552 -3.434228 59.100807 0.831021 -0.547429 0.098620 0.085938 0.855469
hair2.bmp
 17 0.946180 -3.567947 58.375423 0.492809 -0.866830 -0.075799 0.085938 0.820313
 17 1.075051 -3.420683 58.686882 0.953997 0.230608 -0.191598 0.085938 0.839844
 17 1.013552 -3.434228 59.100807 0.831021 -0.547429 0.098620 0.085938 0.855469
hair2.bmp
 17 1.013552 -3.434228 59.100807 0.831021 -0.547429 0.098620 0.085938 0.855469
 17 1.075051 -3.420683 58.686882 0.953997 0.230608 -0.191598 0.085938 0.839844
 17 1.081995 -3.196408 59.529942 0.412515 -0.817697 0.401501 0.085938 0.886719
hair2.bmp
 17 1.075051 -3.420683 58.686882 0.953997 0.230608 -0.191598 0.085938 0.839844
 17 0.965781 -3.465778 58.485321 -0.449192 0.890399 0.073600 0.085938 0.828125
 17 1.081995 -3.196408 59.529942 0.412515 -0.817697 0.401501 0.085938 0.886719
hair2.bmp
 17 2.450853 -1.493722 59.841217 0.776487 -0.061719 0.627104 0.855469 0.828125
 17 3.006781 -2.002096 58.207359 0.467091 -0.875520 0.123659 0.882813 0.722656
 17 3.277825 -1.584038 57.917767 0.952560 -0.251066 0.172035 0.863281 0.699219
hair2.bmp
 17 3.277825 -1.584038 57.917767 0.952560 -0.251066 0.172035 0.863281 0.699219
 17 3.006781 -2.002096 58.207359 0.467091 -0.875520 0.123659 0.882813 0.722656
 17 3.344057 -1.660568 56.197258 0.622491 -0.775910 -0.102317 0.878906 0.605469
hair2.bmp
 17 3.006781 -2.002096 58.207359 0.467091 -0.875520 0.123659 0.882813 0.722656
 17 2.887152 -1.953095 58.103973 -0.560288 -0.807034 -0.186475 0.902344 0.718750
 17 3.344057 -1.660568 56.197258 0.622491 -0.775910 -0.102317 0.878906 0.605469
hair2.bmp
 17 3.344057 -1.660568 56.197258 0.622491 -0.775910 -0.102317 0.878906 0.605469
 17 2.887152 -1.953095 58.103973 -0.560288 -0.807034 -0.186475 0.902344 0.718750
 17 3.064317 -1.607039 56.124592 -0.765299 -0.642413 0.040291 0.902344 0.601563
hair2.bmp
 17 2.887152 -1.953095 58.103973 -0.560288 -0.807034 -0.186475 0.902344 0.718750
 17 3.043715 -0.813379 56.287621 -0.999920 0.012604 -0.001227 0.945313 0.609375
 17 3.064317 -1.607039 56.124592 -0.765299 -0.642413 0.040291 0.902344 0.601563
hair2.bmp
 17 3.064317 -1.607039 56.124592 -0.765299 -0.642413 0.040291 0.902344 0.601563
 17 3.043715 -0.813379 56.287621 -0.999920 0.012604 -0.001227 0.945313 0.609375
 17 2.940095 -1.441845 54.528164 -0.517312 -0.849417 0.104304 0.898438 0.523438
hair2.bmp
 17 3.043715 -0.813379 56.287621 -0.999920 0.012604 -0.001227 0.945313 0.609375
 43 2.686028 -1.429660 52.716709 -0.868879 -0.427785 0.249098 0.898438 0.421875
 17 2.940095 -1.441845 54.528164 -0.517312 -0.849417 0.104304 0.898438 0.523438
hair2.bmp
 17 2.940095 -1.441845 54.528164 -0.517312 -0.849417 0.104304 0.898438 0.523438
 43 2.686028 -1.429660 52.716709 -0.868879 -0.427785 0.249098 0.898438 0.421875
 43 3.003725 -1.401647 53.352856 0.622482 -0.775920 -0.102296 0.878906 0.457031
hair2.bmp
 43 2.686028 -1.429660 52.716709 -0.868879 -0.427785 0.249098 0.898438 0.421875
 43 2.142441 -1.711111 50.946964 0.689583 -0.583067 -0.429543 0.863281 0.332031
 43 3.003725 -1.401647 53.352856 0.622482 -0.775920 -0.102296 0.878906 0.457031
hair2.bmp
 43 3.003725 -1.401647 53.352856 0.622482 -0.775920 -0.102296 0.878906 0.457031
 43 2.142441 -1.711111 50.946964 0.689583 -0.583067 -0.429543 0.863281 0.332031
 43 2.620383 -1.335290 51.514175 0.857462 -0.230996 -0.459783 0.859375 0.363281
hair2.bmp
 17 2.724226 -1.743843 56.149551 0.939089 -0.072793 -0.335878 0.648438 0.621094
 17 2.882594 -1.835132 56.601089 0.861397 -0.430164 -0.270101 0.640625 0.648438
 17 2.762568 -1.907568 56.607944 0.505301 -0.816942 -0.277988 0.632813 0.644531
hair2.bmp
 17 2.762568 -1.907568 56.607944 0.505301 -0.816942 -0.277988 0.632813 0.644531
 17 2.882594 -1.835132 56.601089 0.861397 -0.430164 -0.270101 0.640625 0.648438
 17 2.780232 -2.044115 57.254044 0.760031 -0.647247 -0.058510 0.621094 0.687500
hair2.bmp
 17 2.882594 -1.835132 56.601089 0.861397 -0.430164 -0.270101 0.640625 0.648438
 17 2.908070 -1.948197 57.850914 0.942619 -0.311901 0.119110 0.628906 0.730469
 17 2.780232 -2.044115 57.254044 0.760031 -0.647247 -0.058510 0.621094 0.687500
hair2.bmp
 17 2.780232 -2.044115 57.254044 0.760031 -0.647247 -0.058510 0.621094 0.687500
 17 2.908070 -1.948197 57.850914 0.942619 -0.311901 0.119110 0.628906 0.730469
 17 2.666901 -2.179257 58.174255 0.865245 -0.459173 0.201273 0.605469 0.746094
hair2.bmp
 17 2.908070 -1.948197 57.850914 0.942619 -0.311901 0.119110 0.628906 0.730469
 17 2.644795 -1.724708 58.753822 0.877866 -0.339295 0.337980 0.632813 0.785156
 17 2.666901 -2.179257 58.174255 0.865245 -0.459173 0.201273 0.605469 0.746094
hair2.bmp
 17 2.666901 -2.179257 58.174255 0.865245 -0.459173 0.201273 0.605469 0.746094
 17 2.644795 -1.724708 58.753822 0.877866 -0.339295 0.337980 0.632813 0.785156
 17 2.365237 -2.607733 58.634590 0.744678 -0.594879 0.302612 0.578125 0.777344
hair2.bmp
 17 2.644795 -1.724708 58.753822 0.877866 -0.339295 0.337980 0.632813 0.785156
 17 2.542688 -1.321141 59.334087 0.816287 -0.364253 0.448326 0.644531 0.824219
 17 2.365237 -2.607733 58.634590 0.744678 -0.594879 0.302612 0.578125 0.777344
hair2.bmp
 17 2.365237 -2.607733 58.634590 0.744678 -0.594879 0.302612 0.578125 0.777344
 17 2.542688 -1.321141 59.334087 0.816287 -0.364253 0.448326 0.644531 0.824219
 17 1.670182 -2.411959 60.028820 0.576886 -0.562284 0.592486 0.554688 0.875000
hair2.bmp
 17 2.542688 -1.321141 59.334087 0.816287 -0.364253 0.448326 0.644531 0.824219
 17 2.250860 -1.391764 59.838516 0.770824 -0.369289 0.519092 0.628906 0.859375
 17 1.670182 -2.411959 60.028820 0.576886 -0.562284 0.592486 0.554688 0.875000
hair2.bmp
 17 1.670182 -2.411959 60.028820 0.576886 -0.562284 0.592486 0.554688 0.875000
 17 2.250860 -1.391764 59.838516 0.770824 -0.369289 0.519092 0.628906 0.859375
 17 1.729193 -1.535813 60.298424 0.658172 -0.291912 0.693972 0.597656 0.894531
hair2.bmp
 17 -0.582605 -2.571556 60.794643 -0.167477 -0.466698 0.868415 0.507813 0.507813
 17 0.236940 -2.227855 60.920406 0.450068 -0.197458 0.870890 0.578125 0.523438
 17 -0.043561 -1.693632 61.056145 0.028304 -0.182898 0.982724 0.554688 0.554688
hair2.bmp
 17 -0.043561 -1.693632 61.056145 0.028304 -0.182898 0.982724 0.554688 0.554688
 17 0.236940 -2.227855 60.920406 0.450068 -0.197458 0.870890 0.578125 0.523438
 17 0.407684 -2.241651 60.715328 0.769792 0.057822 0.635670 0.613281 0.519531
hair2.bmp
 17 0.236940 -2.227855 60.920406 0.450068 -0.197458 0.870890 0.578125 0.523438
 17 0.718989 -2.878249 60.358074 0.637286 -0.395491 0.661402 0.632813 0.453125
 17 0.407684 -2.241651 60.715328 0.769792 0.057822 0.635670 0.613281 0.519531
hair2.bmp
 17 0.407684 -2.241651 60.715328 0.769792 0.057822 0.635670 0.613281 0.519531
 17 0.718989 -2.878249 60.358074 0.637286 -0.395491 0.661402 0.632813 0.453125
 17 0.900306 -2.812733 59.994572 0.926259 -0.088285 0.366402 0.671875 0.433594
hair2.bmp
 17 0.718989 -2.878249 60.358074 0.637286 -0.395491 0.661402 0.632813 0.453125
 17 1.063341 -3.393869 59.159050 0.904864 -0.399099 0.148126 0.671875 0.328125
 17 0.900306 -2.812733 59.994572 0.926259 -0.088285 0.366402 0.671875 0.433594
hair2.bmp
 17 0.900306 -2.812733 59.994572 0.926259 -0.088285 0.366402 0.671875 0.433594
 17 1.063341 -3.393869 59.159050 0.904864 -0.399099 0.148126 0.671875 0.328125
 17 1.003180 -2.985037 59.201900 0.986839 0.156133 0.042080 0.726563 0.332031
hair2.bmp
 17 1.063341 -3.393869 59.159050 0.904864 -0.399099 0.148126 0.671875 0.328125
 17 0.976036 -3.351423 58.414486 0.918629 0.207529 -0.336233 0.675781 0.265625
 17 1.003180 -2.985037 59.201900 0.986839 0.156133 0.042080 0.726563 0.332031
hair2.bmp
 17 1.003180 -2.985037 59.201900 0.986839 0.156133 0.042080 0.726563 0.332031
 17 0.976036 -3.351423 58.414486 0.918629 0.207529 -0.336233 0.675781 0.265625
 17 0.895916 -3.225248 58.447056 0.757274 0.554786 -0.344599 0.691406 0.265625
hair2.bmp
 17 0.976036 -3.351423 58.414486 0.918629 0.207529 -0.336233 0.675781 0.265625
 17 0.697249 -3.291226 58.078846 0.637309 0.649124 -0.415302 0.679688 0.238281
 17 0.895916 -3.225248 58.447056 0.757274 0.554786 -0.344599 0.691406 0.265625
hair2.bmp
 17 -2.276601 -2.731171 59.134102 -0.674897 -0.588711 0.444897 0.320313 0.785156
 17 -1.691088 -1.744110 60.370499 -0.663209 -0.242115 0.708191 0.273438 0.875000
 17 -2.308898 -1.381207 59.762955 -0.764469 -0.288569 0.576468 0.238281 0.843750
hair2.bmp
 17 -2.276601 -2.731171 59.134102 -0.674897 -0.588711 0.444897 0.320313 0.785156
 17 -1.220927 -2.488346 60.329754 -0.569670 -0.442558 0.692545 0.328125 0.878906
 17 -1.691088 -1.744110 60.370499 -0.663209 -0.242115 0.708191 0.273438 0.875000
hair2.bmp
 17 -2.276601 -2.731171 59.134102 -0.674897 -0.588711 0.444897 0.320313 0.785156
 17 -2.066623 -2.864426 59.141369 -0.488287 -0.744273 0.455668 0.335938 0.789063
 17 -1.220927 -2.488346 60.329754 -0.569670 -0.442558 0.692545 0.328125 0.878906
hair2.bmp
 17 -2.276601 -2.731171 59.134102 -0.674897 -0.588711 0.444897 0.320313 0.785156
 17 -2.492445 -3.002521 57.987156 -0.911915 -0.400013 0.091655 0.347656 0.699219
 17 -2.066623 -2.864426 59.141369 -0.488287 -0.744273 0.455668 0.335938 0.789063
hair2.bmp
 17 -2.276601 -2.731171 59.134102 -0.674897 -0.588711 0.444897 0.320313 0.785156
 17 -2.532783 -2.826147 58.079704 -0.717521 -0.683407 0.134605 0.328125 0.703125
 17 -2.492445 -3.002521 57.987156 -0.911915 -0.400013 0.091655 0.347656 0.699219
hair2.bmp
 17 -2.276601 -2.731171 59.134102 -0.674897 -0.588711 0.444897 0.320313 0.785156
 17 -2.712494 -2.761004 57.999329 -0.827212 -0.550717 0.111496 0.316406 0.691406
 17 -2.532783 -2.826147 58.079704 -0.717521 -0.683407 0.134605 0.328125 0.703125
hair2.bmp
 17 -2.276601 -2.731171 59.134102 -0.674897 -0.588711 0.444897 0.320313 0.785156
 17 -2.653432 -2.512768 58.257572 -0.931378 -0.278809 0.234094 0.300781 0.714844
 17 -2.712494 -2.761004 57.999329 -0.827212 -0.550717 0.111496 0.316406 0.691406
hair2.bmp
 17 -2.276601 -2.731171 59.134102 -0.674897 -0.588711 0.444897 0.320313 0.785156
 17 -2.616027 -2.153671 58.972591 -0.861712 -0.325782 0.388996 0.277344 0.773438
 17 -2.653432 -2.512768 58.257572 -0.931378 -0.278809 0.234094 0.300781 0.714844
hair2.bmp
 17 -2.276601 -2.731171 59.134102 -0.674897 -0.588711 0.444897 0.320313 0.785156
 17 -2.308898 -1.381207 59.762955 -0.764469 -0.288569 0.576468 0.238281 0.843750
 17 -2.616027 -2.153671 58.972591 -0.861712 -0.325782 0.388996 0.277344 0.773438
hair2.bmp
 17 -2.066818 -3.290966 59.196716 -0.697937 -0.544134 0.465619 0.343750 0.332031
 17 -2.182279 -3.309389 57.943230 -0.963360 0.243982 0.111400 0.316406 0.199219
 17 -2.231326 -3.414524 57.680286 -0.719902 -0.657989 -0.220890 0.328125 0.187500
hair2.bmp
 17 -2.066818 -3.290966 59.196716 -0.697937 -0.544134 0.465619 0.343750 0.332031
 17 -2.112973 -3.262523 58.134804 0.299520 0.954046 -0.009212 0.304688 0.230469
 17 -2.182279 -3.309389 57.943230 -0.963360 0.243982 0.111400 0.316406 0.199219
hair2.bmp
 17 -2.066818 -3.290966 59.196716 -0.697937 -0.544134 0.465619 0.343750 0.332031
 17 -2.132525 -3.382605 58.011524 -0.328829 -0.939881 -0.092173 0.296875 0.199219
 17 -2.112973 -3.262523 58.134804 0.299520 0.954046 -0.009212 0.304688 0.230469
hair2.bmp
 17 -2.066818 -3.290966 59.196716 -0.697937 -0.544134 0.465619 0.343750 0.332031
 17 -2.492891 -3.106046 58.110779 -0.911915 -0.400013 0.091655 0.261719 0.222656
 17 -2.132525 -3.382605 58.011524 -0.328829 -0.939881 -0.092173 0.296875 0.199219
hair2.bmp
 17 -2.066818 -3.290966 59.196716 -0.697937 -0.544134 0.465619 0.343750 0.332031
 17 -2.098075 -2.784080 59.541813 -0.861064 0.268892 0.431585 0.300781 0.367188
 17 -2.492891 -3.106046 58.110779 -0.911915 -0.400013 0.091655 0.261719 0.222656
hair2.bmp
 17 -2.066818 -3.290966 59.196716 -0.697937 -0.544134 0.465619 0.343750 0.332031
 17 -1.079784 -3.377091 60.017963 -0.308005 -0.685408 0.659809 0.464844 0.417969
 17 -2.098075 -2.784080 59.541813 -0.861064 0.268892 0.431585 0.300781 0.367188
hair2.bmp
 17 -2.066818 -3.290966 59.196716 -0.697937 -0.544134 0.465619 0.343750 0.332031
 17 -1.577311 -3.549196 59.334923 -0.399335 -0.824546 0.400819 0.410156 0.339844
 17 -1.079784 -3.377091 60.017963 -0.308005 -0.685408 0.659809 0.464844 0.417969
hair2.bmp
 17 -2.066818 -3.290966 59.196716 -0.697937 -0.544134 0.465619 0.343750 0.332031
 17 -1.954889 -3.591583 58.665493 -0.364306 -0.926014 0.098891 0.363281 0.277344
 17 -1.577311 -3.549196 59.334923 -0.399335 -0.824546 0.400819 0.410156 0.339844
hair2.bmp
 17 -2.066818 -3.290966 59.196716 -0.697937 -0.544134 0.465619 0.343750 0.332031
 17 -2.231326 -3.414524 57.680286 -0.719902 -0.657989 -0.220890 0.328125 0.187500
 17 -1.954889 -3.591583 58.665493 -0.364306 -0.926014 0.098891 0.363281 0.277344
hair2.bmp
 17 -2.892703 -1.947870 58.053520 0.256802 -0.952448 -0.163996 0.902344 0.714844
 17 -2.297818 -2.008749 59.467205 -0.697937 -0.544134 0.465619 0.902344 0.812500
 17 -2.983402 -2.002967 58.246490 -0.467989 -0.872989 0.137391 0.882813 0.722656
hair2.bmp
 17 -2.983402 -2.002967 58.246490 -0.467989 -0.872989 0.137391 0.882813 0.722656
 17 -2.297818 -2.008749 59.467205 -0.697937 -0.544134 0.465619 0.902344 0.812500
 17 -2.419266 -1.491034 59.864723 -0.764858 -0.112604 0.634282 0.855469 0.828125
hair2.bmp
 17 -2.297818 -2.008749 59.467205 -0.697937 -0.544134 0.465619 0.902344 0.812500
 17 -1.531458 -1.853932 60.473248 -0.525076 -0.496398 0.691292 0.906250 0.890625
 17 -2.419266 -1.491034 59.864723 -0.764858 -0.112604 0.634282 0.855469 0.828125
hair2.bmp
 17 -2.419266 -1.491034 59.864723 -0.764858 -0.112604 0.634282 0.855469 0.828125
 17 -1.531458 -1.853932 60.473248 -0.525076 -0.496398 0.691292 0.906250 0.890625
 17 -1.711614 -1.617727 60.515091 -0.555794 -0.102381 0.824992 0.867188 0.886719
hair2.bmp
 17 -1.531458 -1.853932 60.473248 -0.525076 -0.496398 0.691292 0.906250 0.890625
 17 -0.842907 -1.783417 60.874527 -0.345297 -0.004418 0.938483 0.902344 0.937500
 17 -1.711614 -1.617727 60.515091 -0.555794 -0.102381 0.824992 0.867188 0.886719
hair2.bmp
 17 -1.711614 -1.617727 60.515091 -0.555794 -0.102381 0.824992 0.867188 0.886719
 17 -0.842907 -1.783417 60.874527 -0.345297 -0.004418 0.938483 0.902344 0.937500
 17 -0.583274 -1.567672 60.975246 0.077625 0.570227 0.817811 0.882813 0.960938
hair2.bmp
 17 -0.842907 -1.783417 60.874527 -0.345297 -0.004418 0.938483 0.902344 0.937500
 17 -0.333361 -1.714309 61.000572 -0.055002 0.392989 0.917897 0.906250 0.972656
 17 -0.583274 -1.567672 60.975246 0.077625 0.570227 0.817811 0.882813 0.960938
hair2.bmp
 17 -0.583274 -1.567672 60.975246 0.077625 0.570227 0.817811 0.882813 0.960938
 17 -0.333361 -1.714309 61.000572 -0.055002 0.392989 0.917897 0.906250 0.972656
 17 -0.563024 -1.555277 60.906425 0.284102 0.908108 0.307612 0.882813 0.968750
hair2.bmp
 17 -0.333361 -1.714309 61.000572 -0.055002 0.392989 0.917897 0.906250 0.972656
 17 -0.003390 -1.674937 61.008850 -0.063396 0.174293 0.982651 0.906250 0.984375
 17 -0.563024 -1.555277 60.906425 0.284102 0.908108 0.307612 0.882813 0.968750
hair2.bmp
 42 -2.276687 -0.994968 51.249416 0.882597 0.082701 0.462799 0.843750 0.328125
 42 -1.282842 -2.023721 50.194126 0.669882 -0.398182 -0.626665 0.878906 0.226563
 42 -1.653915 -1.680612 50.488201 -0.155812 0.583569 -0.796975 0.863281 0.269531
hair2.bmp
 42 -1.653915 -1.680612 50.488201 -0.155812 0.583569 -0.796975 0.863281 0.269531
 42 -1.282842 -2.023721 50.194126 0.669882 -0.398182 -0.626665 0.878906 0.226563
 42 -1.744260 -1.880787 50.583950 -0.617526 -0.679754 -0.395721 0.875000 0.281250
hair2.bmp
 42 -1.282842 -2.023721 50.194126 0.669882 -0.398182 -0.626665 0.878906 0.226563
 42 -2.408013 -1.599815 51.617676 0.212109 -0.960021 0.182671 0.882813 0.363281
 42 -1.744260 -1.880787 50.583950 -0.617526 -0.679754 -0.395721 0.875000 0.281250
hair2.bmp
 42 -1.744260 -1.880787 50.583950 -0.617526 -0.679754 -0.395721 0.875000 0.281250
 42 -2.408013 -1.599815 51.617676 0.212109 -0.960021 0.182671 0.882813 0.363281
 42 -2.637567 -1.272687 51.492805 -0.870333 -0.079985 -0.485925 0.859375 0.363281
hair2.bmp
 42 -2.408013 -1.599815 51.617676 0.212109 -0.960021 0.182671 0.882813 0.363281
 42 -3.054265 -1.381964 53.341190 -0.735594 -0.666472 -0.121314 0.878906 0.460938
 42 -2.637567 -1.272687 51.492805 -0.870333 -0.079985 -0.485925 0.859375 0.363281
hair2.bmp
 42 -2.637567 -1.272687 51.492805 -0.870333 -0.079985 -0.485925 0.859375 0.363281
 42 -3.054265 -1.381964 53.341190 -0.735594 -0.666472 -0.121314 0.878906 0.460938
 42 -3.203865 -0.599551 53.227394 -0.957417 0.150738 -0.246232 0.835938 0.453125
hair2.bmp
 42 -3.054265 -1.381964 53.341190 -0.735594 -0.666472 -0.121314 0.878906 0.460938
 17 -3.512518 -0.607876 55.234005 -0.990864 0.102791 -0.087311 0.832031 0.554688
 42 -3.203865 -0.599551 53.227394 -0.957417 0.150738 -0.246232 0.835938 0.453125
hair2.bmp
 42 -3.203865 -0.599551 53.227394 -0.957417 0.150738 -0.246232 0.835938 0.453125
 17 -3.512518 -0.607876 55.234005 -0.990864 0.102791 -0.087311 0.832031 0.554688
 17 -3.202810 0.048783 55.312622 0.056031 0.997446 0.044285 0.789063 0.554688
hair2.bmp
 17 -3.512518 -0.607876 55.234005 -0.990864 0.102791 -0.087311 0.832031 0.554688
 17 -3.280859 -0.239576 57.536438 -0.576214 0.779191 0.246656 0.804688 0.675781
 17 -3.202810 0.048783 55.312622 0.056031 0.997446 0.044285 0.789063 0.554688
hair2.bmp
 17 -0.069422 -3.420840 57.158619 -0.157489 -0.934884 -0.318103 0.554688 0.125000
 17 0.686912 -3.724848 58.173527 0.090812 -0.988874 -0.117822 0.632813 0.230469
 17 0.765768 -3.720685 58.489540 0.111097 -0.992116 0.058001 0.644531 0.261719
hair2.bmp
 17 -0.069422 -3.420840 57.158619 -0.157489 -0.934884 -0.318103 0.554688 0.125000
 17 0.389274 -3.566854 57.520115 0.381187 -0.679775 -0.626580 0.601563 0.167969
 17 0.686912 -3.724848 58.173527 0.090812 -0.988874 -0.117822 0.632813 0.230469
hair2.bmp
 17 -0.069422 -3.420840 57.158619 -0.157489 -0.934884 -0.318103 0.554688 0.125000
 17 -0.118976 -3.317317 57.034817 0.453087 -0.189600 -0.871071 0.550781 0.113281
 17 0.389274 -3.566854 57.520115 0.381187 -0.679775 -0.626580 0.601563 0.167969
hair2.bmp
 17 -0.069422 -3.420840 57.158619 -0.157489 -0.934884 -0.318103 0.554688 0.125000
 17 -0.528427 -3.198643 56.881954 -0.813689 -0.387923 -0.432926 0.511719 0.093750
 17 -0.118976 -3.317317 57.034817 0.453087 -0.189600 -0.871071 0.550781 0.113281
hair2.bmp
 17 -0.069422 -3.420840 57.158619 -0.157489 -0.934884 -0.318103 0.554688 0.125000
 17 -0.189422 -3.309038 57.157978 -0.657071 -0.338087 0.673762 0.542969 0.125000
 17 -0.528427 -3.198643 56.881954 -0.813689 -0.387923 -0.432926 0.511719 0.093750
hair2.bmp
 17 -0.069422 -3.420840 57.158619 -0.157489 -0.934884 -0.318103 0.554688 0.125000
 17 0.079447 -3.436359 57.471344 -0.610694 -0.779305 0.140487 0.574219 0.160156
 17 -0.189422 -3.309038 57.157978 -0.657071 -0.338087 0.673762 0.542969 0.125000
hair2.bmp
 17 -0.069422 -3.420840 57.158619 -0.157489 -0.934884 -0.318103 0.554688 0.125000
 17 0.308283 -3.514470 57.793419 -0.861712 -0.325782 0.388996 0.597656 0.195313
 17 0.079447 -3.436359 57.471344 -0.610694 -0.779305 0.140487 0.574219 0.160156
hair2.bmp
 17 -0.069422 -3.420840 57.158619 -0.157489 -0.934884 -0.318103 0.554688 0.125000
 17 0.765768 -3.720685 58.489540 0.111097 -0.992116 0.058001 0.644531 0.261719
 17 0.308283 -3.514470 57.793419 -0.861712 -0.325782 0.388996 0.597656 0.195313
hair2.bmp
 17 -0.013655 -1.718627 61.082237 0.061693 -0.509916 0.858009 0.511719 0.980469
 17 0.407659 -2.314085 60.722618 0.243804 -0.513416 0.822778 0.507813 0.933594
 17 1.157573 -1.748758 60.745754 0.439997 -0.423545 0.791841 0.562500 0.925781
hair2.bmp
 17 1.157573 -1.748758 60.745754 0.439997 -0.423545 0.791841 0.562500 0.925781
 17 0.407659 -2.314085 60.722618 0.243804 -0.513416 0.822778 0.507813 0.933594
 17 1.670182 -2.411959 60.028820 0.576886 -0.562284 0.592486 0.554688 0.875000
hair2.bmp
 17 0.407659 -2.314085 60.722618 0.243804 -0.513416 0.822778 0.507813 0.933594
 17 0.820235 -2.816276 60.013969 0.063235 -0.898363 0.434678 0.496094 0.875000
 17 1.670182 -2.411959 60.028820 0.576886 -0.562284 0.592486 0.554688 0.875000
hair2.bmp
 17 1.670182 -2.411959 60.028820 0.576886 -0.562284 0.592486 0.554688 0.875000
 17 0.820235 -2.816276 60.013969 0.063235 -0.898363 0.434678 0.496094 0.875000
 17 1.733105 -2.825783 59.223034 0.478814 -0.779421 0.404030 0.535156 0.820313
hair2.bmp
 17 0.820235 -2.816276 60.013969 0.063235 -0.898363 0.434678 0.496094 0.875000
 17 1.716046 -3.208312 58.412426 0.046812 -0.994949 0.088804 0.507813 0.773438
 17 1.733105 -2.825783 59.223034 0.478814 -0.779421 0.404030 0.535156 0.820313
hair2.bmp
 17 1.733105 -2.825783 59.223034 0.478814 -0.779421 0.404030 0.535156 0.820313
 17 1.716046 -3.208312 58.412426 0.046812 -0.994949 0.088804 0.507813 0.773438
 17 1.896530 -3.052034 58.278625 0.926975 -0.369794 0.062999 0.515625 0.761719
hair2.bmp
 17 1.716046 -3.208312 58.412426 0.046812 -0.994949 0.088804 0.507813 0.773438
 17 1.779728 -3.045620 57.395386 0.798537 -0.537735 -0.270517 0.503906 0.714844
 17 1.896530 -3.052034 58.278625 0.926975 -0.369794 0.062999 0.515625 0.761719
hair2.bmp
 17 1.896530 -3.052034 58.278625 0.926975 -0.369794 0.062999 0.515625 0.761719
 17 1.779728 -3.045620 57.395386 0.798537 -0.537735 -0.270517 0.503906 0.714844
 17 1.917947 -2.859562 57.886585 0.968025 -0.231922 -0.095601 0.519531 0.734375
hair2.bmp
 17 -2.603056 -1.630810 55.388565 0.876473 0.479784 0.040018 0.121094 0.121094
 17 -2.261901 -2.152845 55.072350 0.855871 0.251385 0.451985 0.101563 0.097656
 17 -2.060955 -2.359938 54.812286 0.802537 0.458821 0.381336 0.097656 0.082031
hair2.bmp
 17 -2.603056 -1.630810 55.388565 0.876473 0.479784 0.040018 0.121094 0.121094
 17 -2.352322 -2.072132 55.188148 0.373408 -0.663432 0.648401 0.105469 0.105469
 17 -2.261901 -2.152845 55.072350 0.855871 0.251385 0.451985 0.101563 0.097656
hair2.bmp
 17 -2.603056 -1.630810 55.388565 0.876473 0.479784 0.040018 0.121094 0.121094
 17 -2.704988 -1.767563 55.922428 0.293777 -0.942300 0.160517 0.113281 0.148438
 17 -2.352322 -2.072132 55.188148 0.373408 -0.663432 0.648401 0.105469 0.105469
hair2.bmp
 17 -2.603056 -1.630810 55.388565 0.876473 0.479784 0.040018 0.121094 0.121094
 17 -2.818823 -1.256676 56.979183 0.956802 0.284914 0.057915 0.128906 0.187500
 17 -2.704988 -1.767563 55.922428 0.293777 -0.942300 0.160517 0.113281 0.148438
hair2.bmp
 17 -2.603056 -1.630810 55.388565 0.876473 0.479784 0.040018 0.121094 0.121094
 17 -3.074713 -1.072743 55.842880 0.652789 0.733687 -0.188599 0.140625 0.132813
 17 -2.818823 -1.256676 56.979183 0.956802 0.284914 0.057915 0.128906 0.187500
hair2.bmp
 17 -2.603056 -1.630810 55.388565 0.876473 0.479784 0.040018 0.121094 0.121094
 17 -2.401407 -1.843629 54.934422 0.086654 0.447489 -0.890081 0.121094 0.097656
 17 -3.074713 -1.072743 55.842880 0.652789 0.733687 -0.188599 0.140625 0.132813
hair2.bmp
 17 -2.603056 -1.630810 55.388565 0.876473 0.479784 0.040018 0.121094 0.121094
 17 -2.180949 -2.146175 54.809666 0.847021 0.502510 0.173319 0.105469 0.082031
 17 -2.401407 -1.843629 54.934422 0.086654 0.447489 -0.890081 0.121094 0.097656
hair2.bmp
 17 -2.603056 -1.630810 55.388565 0.876473 0.479784 0.040018 0.121094 0.121094
 17 -2.060955 -2.359938 54.812286 0.755103 0.408099 0.513102 0.097656 0.082031
 17 -2.180949 -2.146175 54.809666 0.847021 0.502510 0.173319 0.105469 0.082031
hair2.bmp
 17 2.764316 -1.658024 56.124493 -0.908215 0.283109 0.308212 0.191406 0.289063
 17 2.546811 -1.645888 55.434967 -0.897336 0.402481 0.181100 0.195313 0.265625
 17 2.347798 -2.074822 55.164028 -0.355596 -0.663182 0.658590 0.183594 0.246094
hair2.bmp
 17 2.347798 -2.074822 55.164028 -0.355596 -0.663182 0.658590 0.183594 0.246094
 17 2.546811 -1.645888 55.434967 -0.897336 0.402481 0.181100 0.195313 0.265625
 17 2.089041 -2.338421 54.821011 -0.719902 -0.657989 -0.220890 0.179688 0.218750
hair2.bmp
 17 2.546811 -1.645888 55.434967 -0.897336 0.402481 0.181100 0.195313 0.265625
 17 2.328700 -1.938438 54.914158 -0.214316 0.539222 -0.814437 0.195313 0.238281
 17 2.089041 -2.338421 54.821011 -0.719902 -0.657989 -0.220890 0.179688 0.218750
hair2.bmp
 17 2.089041 -2.338421 54.821011 -0.719902 -0.657989 -0.220890 0.179688 0.218750
 17 2.328700 -1.938438 54.914158 -0.214316 0.539222 -0.814437 0.195313 0.238281
 17 2.238836 -2.196101 54.877640 0.672580 -0.500198 -0.545378 0.191406 0.222656
hair2.bmp
 17 2.328700 -1.938438 54.914158 -0.214316 0.539222 -0.814437 0.195313 0.238281
 17 2.488293 -1.826425 55.026333 0.370892 0.363708 -0.854492 0.199219 0.246094
 17 2.238836 -2.196101 54.877640 0.672580 -0.500198 -0.545378 0.191406 0.222656
hair2.bmp
 17 2.238836 -2.196101 54.877640 0.672580 -0.500198 -0.545378 0.191406 0.222656
 17 2.488293 -1.826425 55.026333 0.370892 0.363708 -0.854492 0.199219 0.246094
 17 2.468242 -1.971296 55.040840 0.744700 -0.531905 -0.403112 0.203125 0.238281
hair2.bmp
 17 2.488293 -1.826425 55.026333 0.370892 0.363708 -0.854492 0.199219 0.246094
 17 2.727710 -1.672284 55.187019 0.641536 0.092110 -0.761543 0.210938 0.265625
 17 2.468242 -1.971296 55.040840 0.744700 -0.531905 -0.403112 0.203125 0.238281
hair2.bmp
 17 -0.098978 -3.601097 59.798325 0.109724 -0.839061 0.532857 0.554688 0.394531
 17 0.225278 -3.918107 58.624798 0.247188 -0.968288 0.036297 0.582031 0.277344
 17 0.682885 -3.589520 59.285046 0.394198 -0.861999 0.318694 0.625000 0.343750
hair2.bmp
 17 0.682885 -3.589520 59.285046 0.394198 -0.861999 0.318694 0.625000 0.343750
 17 0.225278 -3.918107 58.624798 0.247188 -0.968288 0.036297 0.582031 0.277344
 17 0.606148 -3.681526 58.384239 0.560951 -0.819221 -0.119207 0.621094 0.250000
hair2.bmp
 17 0.225278 -3.918107 58.624798 0.247188 -0.968288 0.036297 0.582031 0.277344
 17 0.048508 -3.849102 57.732277 0.091998 -0.953079 -0.288403 0.562500 0.199219
 17 0.606148 -3.681526 58.384239 0.560951 -0.819221 -0.119207 0.621094 0.250000
hair2.bmp
 17 0.606148 -3.681526 58.384239 0.560951 -0.819221 -0.119207 0.621094 0.250000
 17 0.048508 -3.849102 57.732277 0.091998 -0.953079 -0.288403 0.562500 0.199219
 17 0.059319 -3.686732 57.507515 0.602157 -0.279200 -0.747966 0.558594 0.175781
hair2.bmp
 17 0.048508 -3.849102 57.732277 0.091998 -0.953079 -0.288403 0.562500 0.199219
 17 -0.718509 -3.294307 56.904697 -0.109097 -0.512778 -0.851561 0.480469 0.109375
 17 0.059319 -3.686732 57.507515 0.602157 -0.279200 -0.747966 0.558594 0.175781
hair2.bmp
 17 0.059319 -3.686732 57.507515 0.602157 -0.279200 -0.747966 0.558594 0.175781
 17 -0.718509 -3.294307 56.904697 -0.109097 -0.512778 -0.851561 0.480469 0.109375
 17 -0.778419 -3.208489 56.879280 -0.514364 0.699867 -0.495597 0.472656 0.101563
hair2.bmp
 17 -0.718509 -3.294307 56.904697 -0.109097 -0.512778 -0.851561 0.480469 0.109375
 17 -0.728965 -3.327167 57.030838 -0.861712 -0.325782 0.388996 0.476563 0.109375
 17 -0.778419 -3.208489 56.879280 -0.514364 0.699867 -0.495597 0.472656 0.101563
hair2.bmp
 17 1.640279 -3.099570 57.242928 0.011611 -0.924831 -0.380202 0.488281 0.707031
 17 1.779728 -3.045620 57.395386 0.798537 -0.537735 -0.270517 0.503906 0.714844
 17 1.716046 -3.208312 58.412426 0.046812 -0.994949 0.088804 0.507813 0.773438
hair2.bmp
 17 1.640279 -3.099570 57.242928 0.011611 -0.924831 -0.380202 0.488281 0.707031
 17 1.640886 -2.906685 57.074417 0.553099 0.705194 -0.443603 0.488281 0.687500
 17 1.779728 -3.045620 57.395386 0.798537 -0.537735 -0.270517 0.503906 0.714844
hair2.bmp
 17 1.640279 -3.099570 57.242928 0.011611 -0.924831 -0.380202 0.488281 0.707031
 17 1.491461 -2.939180 56.915619 0.520966 -0.652958 -0.549764 0.480469 0.683594
 17 1.640886 -2.906685 57.074417 0.553099 0.705194 -0.443603 0.488281 0.687500
hair2.bmp
 17 1.640279 -3.099570 57.242928 0.011611 -0.924831 -0.380202 0.488281 0.707031
 17 1.560562 -3.024583 57.164680 -0.642228 -0.763937 -0.062801 0.480469 0.699219
 17 1.491461 -2.939180 56.915619 0.520966 -0.652958 -0.549764 0.480469 0.683594
hair2.bmp
 17 1.640279 -3.099570 57.242928 0.011611 -0.924831 -0.380202 0.488281 0.707031
 17 1.580204 -3.042289 57.263172 -0.709870 -0.704316 0.004891 0.480469 0.714844
 17 1.560562 -3.024583 57.164680 -0.642228 -0.763937 -0.062801 0.480469 0.699219
hair2.bmp
 17 1.640279 -3.099570 57.242928 0.011611 -0.924831 -0.380202 0.488281 0.707031
 17 1.587128 -3.063076 58.112949 -0.703486 -0.707685 -0.065494 0.484375 0.757813
 17 1.580204 -3.042289 57.263172 -0.709870 -0.704316 0.004891 0.480469 0.714844
hair2.bmp
 17 1.640279 -3.099570 57.242928 0.011611 -0.924831 -0.380202 0.488281 0.707031
 17 1.716046 -3.208312 58.412426 0.046812 -0.994949 0.088804 0.507813 0.773438
 17 1.587128 -3.063076 58.112949 -0.703486 -0.707685 -0.065494 0.484375 0.757813
hair2.bmp
 17 2.931726 -1.471552 56.839409 0.655906 -0.745828 0.116308 0.667969 0.660156
 17 2.724226 -1.743843 56.149551 0.939089 -0.072793 -0.335878 0.648438 0.621094
 17 2.743567 -1.583404 56.330894 0.918629 0.207529 -0.336233 0.656250 0.628906
hair2.bmp
 17 2.931726 -1.471552 56.839409 0.655906 -0.745828 0.116308 0.667969 0.660156
 17 2.882594 -1.835132 56.601089 0.861397 -0.430164 -0.270101 0.640625 0.648438
 17 2.724226 -1.743843 56.149551 0.939089 -0.072793 -0.335878 0.648438 0.621094
hair2.bmp
 17 2.931726 -1.471552 56.839409 0.655906 -0.745828 0.116308 0.667969 0.660156
 17 2.908070 -1.948197 57.850914 0.942619 -0.311901 0.119110 0.628906 0.730469
 17 2.882594 -1.835132 56.601089 0.861397 -0.430164 -0.270101 0.640625 0.648438
hair2.bmp
 17 2.931726 -1.471552 56.839409 0.655906 -0.745828 0.116308 0.667969 0.660156
 17 2.816628 -1.714911 58.248177 0.966788 -0.177610 0.183784 0.636719 0.753906
 17 2.908070 -1.948197 57.850914 0.942619 -0.311901 0.119110 0.628906 0.730469
hair2.bmp
 17 2.931726 -1.471552 56.839409 0.655906 -0.745828 0.116308 0.667969 0.660156
 17 2.886298 -1.497397 58.338364 0.877647 -0.479112 0.013707 0.652344 0.761719
 17 2.816628 -1.714911 58.248177 0.966788 -0.177610 0.183784 0.636719 0.753906
hair2.bmp
 17 2.931726 -1.471552 56.839409 0.655906 -0.745828 0.116308 0.667969 0.660156
 17 3.209381 -1.323663 57.486816 0.466407 -0.884480 0.012602 0.679688 0.710938
 17 2.886298 -1.497397 58.338364 0.877647 -0.479112 0.013707 0.652344 0.761719
hair2.bmp
 17 2.931726 -1.471552 56.839409 0.655906 -0.745828 0.116308 0.667969 0.660156
 17 2.764316 -1.658024 56.124493 0.620008 -0.784589 0.003251 0.679688 0.593750
 17 3.209381 -1.323663 57.486816 0.466407 -0.884480 0.012602 0.679688 0.710938
hair2.bmp
 17 -3.381453 -1.224927 57.704262 -0.703486 -0.707685 -0.065494 0.035156 0.875000
 17 -3.164652 -1.505926 58.589272 -0.574894 0.709083 0.408286 0.050781 0.925781
 17 -2.986055 -1.555292 58.977299 -0.318094 0.914449 0.250199 0.050781 0.953125
hair2.bmp
 17 -3.381453 -1.224927 57.704262 -0.703486 -0.707685 -0.065494 0.035156 0.875000
 17 -3.480917 -1.310172 57.556480 -0.727834 0.658822 0.190293 0.042969 0.867188
 17 -3.164652 -1.505926 58.589272 -0.574894 0.709083 0.408286 0.050781 0.925781
hair2.bmp
 17 -3.381453 -1.224927 57.704262 -0.703486 -0.707685 -0.065494 0.035156 0.875000
 17 -3.542646 -1.132836 55.271542 -0.673387 0.734754 0.081770 0.035156 0.734375
 17 -3.480917 -1.310172 57.556480 -0.727834 0.658822 0.190293 0.042969 0.867188
hair2.bmp
 17 -3.381453 -1.224927 57.704262 -0.703486 -0.707685 -0.065494 0.035156 0.875000
 42 -3.427750 -0.955336 54.300564 -0.067113 -0.991233 0.113808 0.027344 0.679688
 17 -3.542646 -1.132836 55.271542 -0.673387 0.734754 0.081770 0.035156 0.734375
hair2.bmp
 17 -3.381453 -1.224927 57.704262 -0.703486 -0.707685 -0.065494 0.035156 0.875000
 17 -3.605082 -1.009949 55.943703 0.760031 -0.647247 -0.058510 0.027344 0.773438
 42 -3.427750 -0.955336 54.300564 -0.067113 -0.991233 0.113808 0.027344 0.679688
hair2.bmp
 17 -3.381453 -1.224927 57.704262 -0.703486 -0.707685 -0.065494 0.035156 0.875000
 17 -3.501183 -1.242060 57.629623 0.897755 -0.373388 -0.233703 0.039063 0.871094
 17 -3.605082 -1.009949 55.943703 0.760031 -0.647247 -0.058510 0.027344 0.773438
hair2.bmp
 17 -3.381453 -1.224927 57.704262 -0.703486 -0.707685 -0.065494 0.035156 0.875000
 17 -2.986055 -1.555292 58.977299 -0.318094 0.914449 0.250199 0.050781 0.953125
 17 -3.501183 -1.242060 57.629623 0.897755 -0.373388 -0.233703 0.039063 0.871094
hair2.bmp
 17 -0.458571 -3.093922 56.921368 -0.103898 0.602788 0.791108 0.085938 0.703125
 17 0.399803 -3.367667 57.373096 0.602157 -0.279200 -0.747966 0.085938 0.757813
 17 -0.059000 -3.226966 57.041126 0.575084 0.288816 -0.765418 0.085938 0.726563
hair2.bmp
 17 -0.059000 -3.226966 57.041126 0.575084 0.288816 -0.765418 0.085938 0.726563
 17 0.399803 -3.367667 57.373096 0.602157 -0.279200 -0.747966 0.085938 0.757813
 17 0.389743 -3.441873 57.390190 0.225013 -0.814527 -0.534710 0.085938 0.761719
hair2.bmp
 17 0.399803 -3.367667 57.373096 0.602157 -0.279200 -0.747966 0.085938 0.757813
 17 0.758270 -3.443799 57.797604 0.804298 -0.211780 -0.555206 0.085938 0.789063
 17 0.389743 -3.441873 57.390190 0.225013 -0.814527 -0.534710 0.085938 0.761719
hair2.bmp
 17 0.389743 -3.441873 57.390190 0.225013 -0.814527 -0.534710 0.085938 0.761719
 17 0.758270 -3.443799 57.797604 0.804298 -0.211780 -0.555206 0.085938 0.789063
 17 0.698400 -3.528838 57.761765 0.355701 -0.852478 -0.383090 0.085938 0.785156
hair2.bmp
 17 0.758270 -3.443799 57.797604 0.804298 -0.211780 -0.555206 0.085938 0.789063
 17 0.817871 -3.453433 57.907852 0.755212 -0.544515 -0.364908 0.085938 0.796875
 17 0.698400 -3.528838 57.761765 0.355701 -0.852478 -0.383090 0.085938 0.785156
hair2.bmp
 17 0.698400 -3.528838 57.761765 0.355701 -0.852478 -0.383090 0.085938 0.785156
 17 0.817871 -3.453433 57.907852 0.755212 -0.544515 -0.364908 0.085938 0.796875
 17 0.946180 -3.567947 58.375423 0.492809 -0.866830 -0.075799 0.085938 0.820313
hair2.bmp
 17 0.817871 -3.453433 57.907852 0.755212 -0.544515 -0.364908 0.085938 0.796875
 17 0.877395 -3.456766 58.039555 0.755212 -0.544515 -0.364908 0.085938 0.804688
 17 0.946180 -3.567947 58.375423 0.492809 -0.866830 -0.075799 0.085938 0.820313
hair2.bmp
 17 -2.777599 -2.487133 56.646198 -0.677788 -0.617500 -0.399122 0.316406 0.593750
 17 -2.589050 -2.630391 57.047855 -0.066725 -0.946859 -0.314653 0.328125 0.621094
 17 -2.579571 -2.676633 57.191978 -0.280997 -0.939257 -0.197071 0.328125 0.667969
hair2.bmp
 17 -2.777599 -2.487133 56.646198 -0.677788 -0.617500 -0.399122 0.316406 0.593750
 17 -2.596992 -2.406049 56.478550 0.640236 -0.606210 -0.471812 0.324219 0.585938
 17 -2.589050 -2.630391 57.047855 -0.066725 -0.946859 -0.314653 0.328125 0.621094
hair2.bmp
 17 -2.777599 -2.487133 56.646198 -0.677788 -0.617500 -0.399122 0.316406 0.593750
 17 -2.606135 -2.200771 56.241112 0.669867 -0.398186 -0.626678 0.324219 0.558594
 17 -2.596992 -2.406049 56.478550 0.640236 -0.606210 -0.471812 0.324219 0.585938
hair2.bmp
 17 -2.777599 -2.487133 56.646198 -0.677788 -0.617500 -0.399122 0.316406 0.593750
 17 -2.645773 -2.081103 56.140568 0.030503 0.631972 -0.774391 0.316406 0.550781
 17 -2.606135 -2.200771 56.241112 0.669867 -0.398186 -0.626678 0.324219 0.558594
hair2.bmp
 17 -2.777599 -2.487133 56.646198 -0.677788 -0.617500 -0.399122 0.316406 0.593750
 17 -2.818807 -2.384551 56.979485 -0.983487 -0.172509 -0.054714 0.304688 0.617188
 17 -2.645773 -2.081103 56.140568 0.030503 0.631972 -0.774391 0.316406 0.550781
hair2.bmp
 17 -2.777599 -2.487133 56.646198 -0.677788 -0.617500 -0.399122 0.316406 0.593750
 17 -2.712494 -2.761004 57.999329 -0.827212 -0.550717 0.111496 0.316406 0.691406
 17 -2.818807 -2.384551 56.979485 -0.983487 -0.172509 -0.054714 0.304688 0.617188
hair2.bmp
 17 -2.777599 -2.487133 56.646198 -0.677788 -0.617500 -0.399122 0.316406 0.593750
 17 -2.579571 -2.676633 57.191978 -0.423927 -0.891052 -0.162210 0.328125 0.667969
 17 -2.712494 -2.761004 57.999329 -0.827212 -0.550717 0.111496 0.316406 0.691406
hair2.bmp
 17 -1.897962 -2.779413 56.749210 0.065891 -0.735694 -0.674102 0.359375 0.078125
 17 -1.729319 -3.284064 57.126415 -0.143613 -0.763225 -0.629970 0.386719 0.132813
 17 -2.028594 -2.932932 56.924328 -0.987876 -0.074688 -0.136096 0.355469 0.097656
hair2.bmp
 17 -2.028594 -2.932932 56.924328 -0.987876 -0.074688 -0.136096 0.355469 0.097656
 17 -1.729319 -3.284064 57.126415 -0.143613 -0.763225 -0.629970 0.386719 0.132813
 17 -1.861204 -3.489714 57.647778 -0.748767 -0.643443 -0.159149 0.386719 0.179688
hair2.bmp
 17 -1.729319 -3.284064 57.126415 -0.143613 -0.763225 -0.629970 0.386719 0.132813
 17 -1.030999 -3.530058 57.592720 -0.923967 0.081490 0.373690 0.449219 0.171875
 17 -1.861204 -3.489714 57.647778 -0.748767 -0.643443 -0.159149 0.386719 0.179688
hair2.bmp
 17 -1.861204 -3.489714 57.647778 -0.748767 -0.643443 -0.159149 0.386719 0.179688
 17 -1.030999 -3.530058 57.592720 -0.923967 0.081490 0.373690 0.449219 0.171875
 17 -0.982435 -3.804805 57.990532 -0.245784 -0.959177 -0.139889 0.453125 0.207031
hair2.bmp
 17 -1.030999 -3.530058 57.592720 -0.923967 0.081490 0.373690 0.449219 0.171875
 17 -1.378959 -3.164393 57.027287 -0.730705 0.072704 0.678811 0.417969 0.113281
 17 -0.982435 -3.804805 57.990532 -0.245784 -0.959177 -0.139889 0.453125 0.207031
hair2.bmp
 17 -0.982435 -3.804805 57.990532 -0.245784 -0.959177 -0.139889 0.453125 0.207031
 17 -1.378959 -3.164393 57.027287 -0.730705 0.072704 0.678811 0.417969 0.113281
 17 -1.309247 -3.341341 57.107471 -0.789356 -0.610851 -0.061471 0.429688 0.125000
hair2.bmp
 17 -1.378959 -3.164393 57.027287 -0.730705 0.072704 0.678811 0.417969 0.113281
 17 -1.618065 -2.957347 56.779175 -0.681590 0.103314 0.724404 0.398438 0.089844
 17 -1.309247 -3.341341 57.107471 -0.789356 -0.610851 -0.061471 0.429688 0.125000
hair2.bmp
 43 2.856473 -0.441549 52.590275 0.297411 0.891004 -0.343014 0.824219 0.417969
 43 2.844418 -0.340323 53.157116 -0.436901 0.887583 -0.145991 0.800781 0.441406
 43 2.974562 -0.282258 53.117229 -0.436901 0.887583 -0.145991 0.816406 0.441406
hair2.bmp
 43 2.974562 -0.282258 53.117229 -0.436901 0.887583 -0.145991 0.816406 0.441406
 43 2.844418 -0.340323 53.157116 -0.436901 0.887583 -0.145991 0.800781 0.441406
 17 3.171267 -0.000633 54.198967 0.203386 0.882395 -0.424279 0.804688 0.496094
hair2.bmp
 43 2.844418 -0.340323 53.157116 -0.436901 0.887583 -0.145991 0.800781 0.441406
 17 3.049949 0.045655 54.562477 0.299520 0.954046 -0.009212 0.785156 0.519531
 17 3.171267 -0.000633 54.198967 0.203386 0.882395 -0.424279 0.804688 0.496094
hair2.bmp
 17 3.171267 -0.000633 54.198967 0.203386 0.882395 -0.424279 0.804688 0.496094
 17 3.049949 0.045655 54.562477 0.299520 0.954046 -0.009212 0.785156 0.519531
 17 3.310867 -0.131263 57.071743 0.548044 0.820390 0.163118 0.808594 0.636719
hair2.bmp
 17 3.049949 0.045655 54.562477 0.299520 0.954046 -0.009212 0.785156 0.519531
 17 3.049163 -0.277080 57.542435 -0.131591 0.957709 0.255887 0.785156 0.671875
 17 3.310867 -0.131263 57.071743 0.548044 0.820390 0.163118 0.808594 0.636719
hair2.bmp
 17 3.310867 -0.131263 57.071743 0.548044 0.820390 0.163118 0.808594 0.636719
 17 3.049163 -0.277080 57.542435 -0.131591 0.957709 0.255887 0.785156 0.671875
 17 3.065661 -0.542720 58.510765 0.451886 0.789775 0.414794 0.808594 0.734375
hair2.bmp
 17 3.049163 -0.277080 57.542435 -0.131591 0.957709 0.255887 0.785156 0.671875
 17 2.885951 -0.589381 58.430595 -0.273563 0.933080 0.233508 0.792969 0.730469
 17 3.065661 -0.542720 58.510765 0.451886 0.789775 0.414794 0.808594 0.734375
hair2.bmp
 17 1.457749 -1.739900 60.697632 0.411599 -0.298790 0.860994 0.878906 0.906250
 17 0.576921 -1.537346 60.923935 0.228894 0.245509 0.941983 0.886719 0.968750
 17 0.516682 -1.732210 60.990265 0.279596 0.278804 0.918746 0.910156 0.960938
hair2.bmp
 17 1.457749 -1.739900 60.697632 0.411599 -0.298790 0.860994 0.878906 0.906250
 17 1.879371 -1.252371 60.248352 0.570910 0.316117 0.757715 0.843750 0.875000
 17 0.576921 -1.537346 60.923935 0.228894 0.245509 0.941983 0.886719 0.968750
hair2.bmp
 17 1.457749 -1.739900 60.697632 0.411599 -0.298790 0.860994 0.878906 0.906250
 17 2.450853 -1.493722 59.841217 0.776487 -0.061719 0.627104 0.855469 0.828125
 17 1.879371 -1.252371 60.248352 0.570910 0.316117 0.757715 0.843750 0.875000
hair2.bmp
 17 1.457749 -1.739900 60.697632 0.411599 -0.298790 0.860994 0.878906 0.906250
 17 2.282088 -2.022065 59.501701 0.699020 -0.549012 0.458211 0.902344 0.812500
 17 2.450853 -1.493722 59.841217 0.776487 -0.061719 0.627104 0.855469 0.828125
hair2.bmp
 17 1.457749 -1.739900 60.697632 0.411599 -0.298790 0.860994 0.878906 0.906250
 17 1.498446 -1.847587 60.505672 0.414293 -0.764682 0.493581 0.906250 0.894531
 17 2.282088 -2.022065 59.501701 0.699020 -0.549012 0.458211 0.902344 0.812500
hair2.bmp
 17 1.457749 -1.739900 60.697632 0.411599 -0.298790 0.860994 0.878906 0.906250
 17 0.516682 -1.732210 60.990265 0.279596 0.278804 0.918746 0.910156 0.960938
 17 1.498446 -1.847587 60.505672 0.414293 -0.764682 0.493581 0.906250 0.894531
hair2.bmp
 17 2.411015 -2.666144 57.039192 0.266196 -0.906363 -0.328093 0.558594 0.679688
 17 2.353263 -2.229026 56.416542 -0.011799 -0.777177 -0.629172 0.570313 0.640625
 17 2.482162 -2.344737 56.721333 0.652976 -0.626566 -0.425484 0.570313 0.656250
hair2.bmp
 17 2.411015 -2.666144 57.039192 0.266196 -0.906363 -0.328093 0.558594 0.679688
 17 2.331970 -2.496693 56.774734 -0.706913 -0.489631 -0.510427 0.554688 0.660156
 17 2.353263 -2.229026 56.416542 -0.011799 -0.777177 -0.629172 0.570313 0.640625
hair2.bmp
 17 2.411015 -2.666144 57.039192 0.266196 -0.906363 -0.328093 0.558594 0.679688
 17 2.138912 -2.709791 57.619671 -0.905487 -0.326081 -0.271596 0.546875 0.687500
 17 2.331970 -2.496693 56.774734 -0.706913 -0.489631 -0.510427 0.554688 0.660156
hair2.bmp
 17 2.411015 -2.666144 57.039192 0.266196 -0.906363 -0.328093 0.558594 0.679688
 17 2.287903 -2.851486 57.899536 0.294965 -0.953170 -0.066807 0.554688 0.734375
 17 2.138912 -2.709791 57.619671 -0.905487 -0.326081 -0.271596 0.546875 0.687500
hair2.bmp
 17 2.411015 -2.666144 57.039192 0.266196 -0.906363 -0.328093 0.558594 0.679688
 17 2.540287 -2.458263 57.239632 0.868504 -0.493103 -0.050500 0.574219 0.691406
 17 2.287903 -2.851486 57.899536 0.294965 -0.953170 -0.066807 0.554688 0.734375
hair2.bmp
 17 2.411015 -2.666144 57.039192 0.266196 -0.906363 -0.328093 0.558594 0.679688
 17 2.482162 -2.344737 56.721333 0.652976 -0.626566 -0.425484 0.570313 0.656250
 17 2.540287 -2.458263 57.239632 0.868504 -0.493103 -0.050500 0.574219 0.691406
hair2.bmp
 42 -2.095738 -1.151081 50.988293 -0.689148 0.151371 -0.708634 0.843750 0.335938
 42 -2.637567 -1.272687 51.492805 -0.870333 -0.079985 -0.485925 0.859375 0.363281
 42 -2.276687 -0.994968 51.249416 -0.648606 0.444285 -0.617997 0.843750 0.355469
hair2.bmp
 42 -2.276687 -0.994968 51.249416 -0.648606 0.444285 -0.617997 0.843750 0.355469
 42 -2.637567 -1.272687 51.492805 -0.870333 -0.079985 -0.485925 0.859375 0.363281
 42 -2.851477 -0.429934 52.568264 -0.247413 0.869345 -0.427816 0.824219 0.414063
hair2.bmp
 42 -2.637567 -1.272687 51.492805 -0.870333 -0.079985 -0.485925 0.859375 0.363281
 42 -3.203865 -0.599551 53.227394 -0.957417 0.150738 -0.246232 0.835938 0.453125
 42 -2.851477 -0.429934 52.568264 -0.247413 0.869345 -0.427816 0.824219 0.414063
hair2.bmp
 42 -2.851477 -0.429934 52.568264 -0.247413 0.869345 -0.427816 0.824219 0.414063
 42 -3.203865 -0.599551 53.227394 -0.957417 0.150738 -0.246232 0.835938 0.453125
 42 -3.095730 -0.122764 53.740307 -0.502806 0.594523 -0.627478 0.808594 0.476563
hair2.bmp
 42 -3.203865 -0.599551 53.227394 -0.957417 0.150738 -0.246232 0.835938 0.453125
 17 -3.202810 0.048783 55.312622 0.056031 0.997446 0.044285 0.789063 0.554688
 42 -3.095730 -0.122764 53.740307 -0.502806 0.594523 -0.627478 0.808594 0.476563
hair2.bmp
 42 -3.095730 -0.122764 53.740307 -0.502806 0.594523 -0.627478 0.808594 0.476563
 17 -3.202810 0.048783 55.312622 0.056031 0.997446 0.044285 0.789063 0.554688
 42 -2.946110 -0.161923 53.845570 0.809363 0.587270 0.006820 0.785156 0.492188
hair2.bmp
 17 -2.735841 -2.033665 56.158939 0.449493 -0.478232 -0.754487 0.265625 0.550781
 17 -2.897328 -2.229679 56.570156 -0.457482 -0.847561 -0.268982 0.269531 0.585938
 17 -2.755331 -1.804955 56.017124 -0.831897 0.229710 -0.505154 0.253906 0.539063
hair2.bmp
 17 -2.755331 -1.804955 56.017124 -0.831897 0.229710 -0.505154 0.253906 0.539063
 17 -2.897328 -2.229679 56.570156 -0.457482 -0.847561 -0.268982 0.269531 0.585938
 17 -2.849975 -1.791846 57.299377 -0.740662 0.666226 -0.086962 0.242188 0.632813
hair2.bmp
 17 -2.897328 -2.229679 56.570156 -0.457482 -0.847561 -0.268982 0.269531 0.585938
 17 -3.009422 -1.957599 57.147053 -0.931168 0.304111 -0.201102 0.257813 0.628906
 17 -2.849975 -1.791846 57.299377 -0.740662 0.666226 -0.086962 0.242188 0.632813
hair2.bmp
 17 -2.849975 -1.791846 57.299377 -0.740662 0.666226 -0.086962 0.242188 0.632813
 17 -3.009422 -1.957599 57.147053 -0.931168 0.304111 -0.201102 0.257813 0.628906
 17 -2.863479 -1.833880 58.267181 -0.953695 -0.253415 0.162008 0.246094 0.710938
hair2.bmp
 17 -3.009422 -1.957599 57.147053 -0.931168 0.304111 -0.201102 0.257813 0.628906
 17 -2.653432 -2.512768 58.257572 -0.931378 -0.278809 0.234094 0.300781 0.714844
 17 -2.863479 -1.833880 58.267181 -0.953695 -0.253415 0.162008 0.246094 0.710938
hair2.bmp
 17 -2.863479 -1.833880 58.267181 -0.953695 -0.253415 0.162008 0.246094 0.710938
 17 -2.653432 -2.512768 58.257572 -0.931378 -0.278809 0.234094 0.300781 0.714844
 17 -2.616027 -2.153671 58.972591 -0.861712 -0.325782 0.388996 0.277344 0.773438
hair2.bmp
 17 -3.133794 -1.291452 55.589947 -0.753203 -0.010804 -0.657700 0.171875 0.511719
 17 -3.357495 -1.201013 56.611305 -0.809685 -0.560485 -0.173974 0.187500 0.585938
 17 -3.366755 -1.042184 56.406155 -0.933797 -0.307105 -0.183600 0.167969 0.574219
hair2.bmp
 17 -3.133794 -1.291452 55.589947 -0.753203 -0.010804 -0.657700 0.171875 0.511719
 17 -2.704988 -1.767563 55.922428 0.293777 -0.942300 0.160517 0.226563 0.519531
 17 -3.357495 -1.201013 56.611305 -0.809685 -0.560485 -0.173974 0.187500 0.585938
hair2.bmp
 17 -3.133794 -1.291452 55.589947 -0.753203 -0.010804 -0.657700 0.171875 0.511719
 17 -2.452092 -2.030214 55.124203 -0.735114 -0.627789 -0.255908 0.230469 0.429688
 17 -2.704988 -1.767563 55.922428 0.293777 -0.942300 0.160517 0.226563 0.519531
hair2.bmp
 17 -3.133794 -1.291452 55.589947 -0.753203 -0.010804 -0.657700 0.171875 0.511719
 17 -2.060955 -2.359938 54.812286 -0.723904 -0.338404 -0.601203 0.257813 0.371094
 17 -2.452092 -2.030214 55.124203 -0.735114 -0.627789 -0.255908 0.230469 0.429688
hair2.bmp
 17 -3.133794 -1.291452 55.589947 -0.753203 -0.010804 -0.657700 0.171875 0.511719
 17 -2.401407 -1.843629 54.934422 0.086654 0.447489 -0.890081 0.203125 0.417969
 17 -2.060955 -2.359938 54.812286 -0.723904 -0.338404 -0.601203 0.257813 0.371094
hair2.bmp
 17 -3.133794 -1.291452 55.589947 -0.753203 -0.010804 -0.657700 0.171875 0.511719
 17 -3.074713 -1.072743 55.842880 0.652789 0.733687 -0.188599 0.160156 0.531250
 17 -2.401407 -1.843629 54.934422 0.086654 0.447489 -0.890081 0.203125 0.417969
hair2.bmp
 17 3.534003 -1.195439 56.210499 0.271694 -0.954823 -0.120395 0.039063 0.789063
 17 3.420310 -1.175663 57.229706 0.154221 -0.988008 0.007493 0.031250 0.847656
 17 3.508255 -1.116223 55.035866 -0.958616 -0.282784 0.033000 0.035156 0.722656
hair2.bmp
 17 3.534003 -1.195439 56.210499 0.271694 -0.954823 -0.120395 0.039063 0.789063
 17 3.469971 -1.162072 57.323776 0.068702 0.953022 0.295008 0.031250 0.855469
 17 3.420310 -1.175663 57.229706 0.154221 -0.988008 0.007493 0.031250 0.847656
hair2.bmp
 17 3.534003 -1.195439 56.210499 0.271694 -0.954823 -0.120395 0.039063 0.789063
 17 3.175422 -1.510361 58.580933 0.563801 -0.825550 0.024415 0.046875 0.925781
 17 3.469971 -1.162072 57.323776 0.068702 0.953022 0.295008 0.031250 0.855469
hair2.bmp
 17 3.534003 -1.195439 56.210499 0.271694 -0.954823 -0.120395 0.039063 0.789063
 17 3.642560 -1.073952 56.608692 0.888096 0.437467 0.141097 0.031250 0.812500
 17 3.175422 -1.510361 58.580933 0.563801 -0.825550 0.024415 0.046875 0.925781
hair2.bmp
 17 3.534003 -1.195439 56.210499 0.271694 -0.954823 -0.120395 0.039063 0.789063
 43 3.402595 -0.979791 53.663891 0.654294 0.752813 0.071923 0.031250 0.644531
 17 3.642560 -1.073952 56.608692 0.888096 0.437467 0.141097 0.031250 0.812500
hair2.bmp
 17 3.534003 -1.195439 56.210499 0.271694 -0.954823 -0.120395 0.039063 0.789063
 43 3.429660 -1.105298 54.474579 0.939630 -0.335487 -0.067407 0.035156 0.687500
 43 3.402595 -0.979791 53.663891 0.654294 0.752813 0.071923 0.031250 0.644531
hair2.bmp
 17 1.146547 -3.346316 58.273773 0.781405 -0.622805 0.038996 0.042969 0.222656
 17 1.193383 -3.127352 59.146503 0.508113 -0.797496 0.325301 0.042969 0.269531
 17 1.133614 -3.197236 59.082912 0.607031 -0.740927 0.287300 0.042969 0.265625
hair2.bmp
 17 1.146547 -3.346316 58.273773 0.781405 -0.622805 0.038996 0.042969 0.222656
 17 1.205904 -3.266382 58.450935 0.521596 -0.836370 0.168593 0.042969 0.234375
 17 1.193383 -3.127352 59.146503 0.508113 -0.797496 0.325301 0.042969 0.269531
hair2.bmp
 17 1.146547 -3.346316 58.273773 0.781405 -0.622805 0.038996 0.042969 0.222656
 17 1.147784 -3.325482 57.932064 0.694296 -0.718768 -0.036404 0.042969 0.203125
 17 1.205904 -3.266382 58.450935 0.521596 -0.836370 0.168593 0.042969 0.234375
hair2.bmp
 17 1.146547 -3.346316 58.273773 0.781405 -0.622805 0.038996 0.042969 0.222656
 17 1.108108 -3.370371 57.842560 0.435707 -0.878020 -0.198091 0.042969 0.199219
 17 1.147784 -3.325482 57.932064 0.694296 -0.718768 -0.036404 0.042969 0.203125
hair2.bmp
 17 1.146547 -3.346316 58.273773 0.781405 -0.622805 0.038996 0.042969 0.222656
 17 0.959745 -3.339904 57.390278 -0.428313 -0.896231 0.115405 0.042969 0.167969
 17 1.108108 -3.370371 57.842560 0.435707 -0.878020 -0.198091 0.042969 0.199219
hair2.bmp
 17 1.146547 -3.346316 58.273773 0.781405 -0.622805 0.038996 0.042969 0.222656
 17 0.909541 -3.309389 57.446388 -0.580112 -0.800399 0.151099 0.042969 0.171875
 17 0.959745 -3.339904 57.390278 -0.428313 -0.896231 0.115405 0.042969 0.167969
hair2.bmp
 17 -3.280859 -0.239576 57.536438 -0.576214 0.779191 0.246656 0.804688 0.675781
 17 -3.512518 -0.607876 55.234005 -0.990864 0.102791 -0.087311 0.832031 0.554688
 17 -3.381811 -1.405417 57.803879 -0.965679 -0.203601 0.161279 0.851563 0.691406
hair2.bmp
 17 -3.381811 -1.405417 57.803879 -0.965679 -0.203601 0.161279 0.851563 0.691406
 17 -3.512518 -0.607876 55.234005 -0.990864 0.102791 -0.087311 0.832031 0.554688
 17 -3.336364 -1.683684 56.301014 -0.603481 -0.788569 -0.118194 0.875000 0.613281
hair2.bmp
 17 -3.512518 -0.607876 55.234005 -0.990864 0.102791 -0.087311 0.832031 0.554688
 42 -3.054265 -1.381964 53.341190 -0.735594 -0.666472 -0.121314 0.878906 0.460938
 17 -3.336364 -1.683684 56.301014 -0.603481 -0.788569 -0.118194 0.875000 0.613281
hair2.bmp
 17 -3.336364 -1.683684 56.301014 -0.603481 -0.788569 -0.118194 0.875000 0.613281
 42 -3.054265 -1.381964 53.341190 -0.735594 -0.666472 -0.121314 0.878906 0.460938
 17 -3.054411 -1.525473 55.761505 0.815469 -0.578502 -0.018595 0.902344 0.585938
hair2.bmp
 42 -3.054265 -1.381964 53.341190 -0.735594 -0.666472 -0.121314 0.878906 0.460938
 42 -2.907260 -1.418892 54.168247 0.017919 -0.998528 -0.051202 0.898438 0.503906
 17 -3.054411 -1.525473 55.761505 0.815469 -0.578502 -0.018595 0.902344 0.585938
hair2.bmp
 17 2.780752 -2.384261 57.111565 0.743825 -0.656638 -0.124704 0.597656 0.683594
 17 2.819982 -2.056507 57.323082 0.978108 -0.177887 0.107990 0.613281 0.695313
 17 2.365237 -2.607733 58.634590 0.744678 -0.594879 0.302612 0.578125 0.777344
hair2.bmp
 17 2.780752 -2.384261 57.111565 0.743825 -0.656638 -0.124704 0.597656 0.683594
 17 2.644166 -1.929854 56.166599 0.744700 -0.531905 -0.403112 0.621094 0.628906
 17 2.819982 -2.056507 57.323082 0.978108 -0.177887 0.107990 0.613281 0.695313
hair2.bmp
 17 2.780752 -2.384261 57.111565 0.743825 -0.656638 -0.124704 0.597656 0.683594
 17 2.622457 -2.289431 56.640343 -0.277818 -0.789274 -0.547599 0.597656 0.656250
 17 2.644166 -1.929854 56.166599 0.744700 -0.531905 -0.403112 0.621094 0.628906
hair2.bmp
 17 2.780752 -2.384261 57.111565 0.743825 -0.656638 -0.124704 0.597656 0.683594
 17 2.550431 -2.451180 57.200298 -0.687095 -0.707659 -0.164680 0.585938 0.687500
 17 2.622457 -2.289431 56.640343 -0.277818 -0.789274 -0.547599 0.597656 0.656250
hair2.bmp
 17 2.780752 -2.384261 57.111565 0.743825 -0.656638 -0.124704 0.597656 0.683594
 17 2.365237 -2.607733 58.634590 0.744678 -0.594879 0.302612 0.578125 0.777344
 17 2.550431 -2.451180 57.200298 -0.687095 -0.707659 -0.164680 0.585938 0.687500
hair2.bmp
 17 -2.589344 -2.797497 57.129559 -0.440913 -0.874826 -0.200689 0.363281 0.640625
 17 -2.456607 -2.376728 56.372566 0.238920 0.266507 -0.933751 0.390625 0.589844
 17 -2.379005 -2.699281 57.036221 0.249599 -0.893502 -0.373301 0.378906 0.636719
hair2.bmp
 17 -2.589344 -2.797497 57.129559 -0.440913 -0.874826 -0.200689 0.363281 0.640625
 17 -2.708318 -2.512702 56.845062 -0.590079 -0.702997 -0.396991 0.363281 0.617188
 17 -2.456607 -2.376728 56.372566 0.238920 0.266507 -0.933751 0.390625 0.589844
hair2.bmp
 17 -2.589344 -2.797497 57.129559 -0.440913 -0.874826 -0.200689 0.363281 0.640625
 17 -2.532783 -2.826147 58.079704 -0.717521 -0.683407 0.134605 0.328125 0.703125
 17 -2.708318 -2.512702 56.845062 -0.590079 -0.702997 -0.396991 0.363281 0.617188
hair2.bmp
 17 -2.589344 -2.797497 57.129559 -0.440913 -0.874826 -0.200689 0.363281 0.640625
 17 -2.492445 -3.002521 57.987156 -0.911915 -0.400013 0.091655 0.347656 0.699219
 17 -2.532783 -2.826147 58.079704 -0.717521 -0.683407 0.134605 0.328125 0.703125
hair2.bmp
 17 -2.589344 -2.797497 57.129559 -0.440913 -0.874826 -0.200689 0.363281 0.640625
 17 -2.379005 -2.699281 57.036221 0.249599 -0.893502 -0.373301 0.378906 0.636719
 17 -2.492445 -3.002521 57.987156 -0.911915 -0.400013 0.091655 0.347656 0.699219
hair2.bmp
 17 3.344057 -1.660568 56.197258 0.622491 -0.775910 -0.102317 0.878906 0.605469
 17 3.488008 -0.579442 55.101883 0.993063 0.092008 -0.073221 0.832031 0.546875
 17 3.277825 -1.584038 57.917767 0.952560 -0.251066 0.172035 0.863281 0.699219
hair2.bmp
 17 3.344057 -1.660568 56.197258 0.622491 -0.775910 -0.102317 0.878906 0.605469
 43 2.957683 -1.042324 52.259026 0.939082 -0.072798 -0.335896 0.851563 0.402344
 17 3.488008 -0.579442 55.101883 0.993063 0.092008 -0.073221 0.832031 0.546875
hair2.bmp
 17 3.344057 -1.660568 56.197258 0.622491 -0.775910 -0.102317 0.878906 0.605469
 43 3.003725 -1.401647 53.352856 0.622482 -0.775920 -0.102296 0.878906 0.457031
 43 2.957683 -1.042324 52.259026 0.939082 -0.072798 -0.335896 0.851563 0.402344
hair2.bmp
 17 3.344057 -1.660568 56.197258 0.622491 -0.775910 -0.102317 0.878906 0.605469
 17 2.949690 -1.441639 54.640003 -0.254619 -0.965621 -0.052401 0.898438 0.527344
 43 3.003725 -1.401647 53.352856 0.622482 -0.775920 -0.102296 0.878906 0.457031
hair2.bmp
 17 3.344057 -1.660568 56.197258 0.622491 -0.775910 -0.102317 0.878906 0.605469
 17 3.064317 -1.607039 56.124592 -0.765299 -0.642413 0.040291 0.902344 0.601563
 17 2.949690 -1.441639 54.640003 -0.254619 -0.965621 -0.052401 0.898438 0.527344
hair2.bmp
 43 3.056775 -1.117885 52.509968 0.555172 0.830102 -0.052097 0.035156 0.578125
 43 2.341697 -1.646330 51.152390 -0.704666 0.694357 0.145991 0.058594 0.503906
 43 2.808447 -1.248434 52.048676 -0.296505 0.855733 -0.424036 0.039063 0.554688
hair2.bmp
 43 3.056775 -1.117885 52.509968 0.555172 0.830102 -0.052097 0.035156 0.578125
 43 2.749122 -1.377576 51.862656 0.377203 0.776983 -0.503998 0.050781 0.542969
 43 2.341697 -1.646330 51.152390 -0.704666 0.694357 0.145991 0.058594 0.503906
hair2.bmp
 43 3.056775 -1.117885 52.509968 0.555172 0.830102 -0.052097 0.035156 0.578125
 43 2.927662 -1.287386 52.265633 0.893193 -0.307281 -0.328307 0.046875 0.574219
 43 2.749122 -1.377576 51.862656 0.377203 0.776983 -0.503998 0.050781 0.542969
hair2.bmp
 43 3.056775 -1.117885 52.509968 0.555172 0.830102 -0.052097 0.035156 0.578125
 43 3.194548 -1.147155 53.124996 0.873400 -0.443316 -0.201600 0.042969 0.613281
 43 2.927662 -1.287386 52.265633 0.893193 -0.307281 -0.328307 0.046875 0.574219
hair2.bmp
 43 3.056775 -1.117885 52.509968 0.555172 0.830102 -0.052097 0.035156 0.578125
 43 3.402595 -0.979791 53.663891 0.654294 0.752813 0.071923 0.031250 0.644531
 43 3.194548 -1.147155 53.124996 0.873400 -0.443316 -0.201600 0.042969 0.613281
hair2.bmp
 42 -3.121315 -1.113358 52.525620 0.848729 -0.414277 0.328685 0.039063 0.582031
 42 -2.326471 -1.594342 51.192211 0.854280 0.357880 0.376998 0.054688 0.507813
 42 -2.386708 -1.514618 51.257137 0.308475 0.913685 -0.264619 0.046875 0.511719
hair2.bmp
 42 -3.121315 -1.113358 52.525620 0.848729 -0.414277 0.328685 0.039063 0.582031
 42 -2.748930 -1.381111 51.869160 0.613287 -0.561816 0.555195 0.050781 0.542969
 42 -2.326471 -1.594342 51.192211 0.854280 0.357880 0.376998 0.054688 0.507813
hair2.bmp
 42 -3.121315 -1.113358 52.525620 0.848729 -0.414277 0.328685 0.039063 0.582031
 42 -2.990776 -1.259423 52.377888 0.895416 0.302796 0.326412 0.046875 0.574219
 42 -2.748930 -1.381111 51.869160 0.613287 -0.561816 0.555195 0.050781 0.542969
hair2.bmp
 42 -3.121315 -1.113358 52.525620 0.848729 -0.414277 0.328685 0.039063 0.582031
 42 -3.244136 -1.131594 53.304260 0.330499 0.941948 0.059191 0.039063 0.625000
 42 -2.990776 -1.259423 52.377888 0.895416 0.302796 0.326412 0.046875 0.574219
hair2.bmp
 42 -3.121315 -1.113358 52.525620 0.848729 -0.414277 0.328685 0.039063 0.582031
 42 -3.478150 -1.127756 54.411610 0.978107 -0.177882 0.108003 0.035156 0.687500
 42 -3.244136 -1.131594 53.304260 0.330499 0.941948 0.059191 0.039063 0.625000
hair2.bmp
 17 3.145826 -1.165965 55.706367 0.148718 0.615335 -0.774110 0.730469 0.585938
 17 3.026130 -1.455915 55.623291 0.798537 -0.537735 -0.270517 0.714844 0.574219
 17 2.727710 -1.672284 55.187019 0.641536 0.092110 -0.761543 0.722656 0.523438
hair2.bmp
 17 2.727710 -1.672284 55.187019 0.641536 0.092110 -0.761543 0.722656 0.523438
 17 3.026130 -1.455915 55.623291 0.798537 -0.537735 -0.270517 0.714844 0.574219
 17 2.468242 -1.971296 55.040840 0.744700 -0.531905 -0.403112 0.714844 0.484375
hair2.bmp
 17 3.026130 -1.455915 55.623291 0.798537 -0.537735 -0.270517 0.714844 0.574219
 17 2.764316 -1.658024 56.124493 0.620008 -0.784589 0.003251 0.679688 0.593750
 17 2.468242 -1.971296 55.040840 0.744700 -0.531905 -0.403112 0.714844 0.484375
hair2.bmp
 17 2.468242 -1.971296 55.040840 0.744700 -0.531905 -0.403112 0.714844 0.484375
 17 2.764316 -1.658024 56.124493 0.620008 -0.784589 0.003251 0.679688 0.593750
 17 2.238836 -2.196101 54.877640 0.672580 -0.500198 -0.545378 0.707031 0.464844
hair2.bmp
 17 2.764316 -1.658024 56.124493 0.620008 -0.784589 0.003251 0.679688 0.593750
 17 2.347798 -2.074822 55.164028 -0.355596 -0.663182 0.658590 0.687500 0.531250
 17 2.238836 -2.196101 54.877640 0.672580 -0.500198 -0.545378 0.707031 0.464844
hair2.bmp
 17 -1.079784 -3.377091 60.017963 -0.308005 -0.685408 0.659809 0.464844 0.417969
 17 -0.756857 -3.851733 59.212337 -0.119535 -0.956916 0.264619 0.503906 0.328125
 17 -0.098978 -3.601097 59.798325 0.109724 -0.839061 0.532857 0.554688 0.394531
hair2.bmp
 17 -0.098978 -3.601097 59.798325 0.109724 -0.839061 0.532857 0.554688 0.394531
 17 -0.756857 -3.851733 59.212337 -0.119535 -0.956916 0.264619 0.503906 0.328125
 17 0.225278 -3.918107 58.624798 0.247188 -0.968288 0.036297 0.582031 0.277344
hair2.bmp
 17 -0.756857 -3.851733 59.212337 -0.119535 -0.956916 0.264619 0.503906 0.328125
 17 -0.373173 -3.973466 58.196087 0.067212 -0.976029 -0.207004 0.519531 0.230469
 17 0.225278 -3.918107 58.624798 0.247188 -0.968288 0.036297 0.582031 0.277344
hair2.bmp
 17 0.225278 -3.918107 58.624798 0.247188 -0.968288 0.036297 0.582031 0.277344
 17 -0.373173 -3.973466 58.196087 0.067212 -0.976029 -0.207004 0.519531 0.230469
 17 -0.023785 -3.830936 58.365242 0.139996 -0.915314 -0.377626 0.562500 0.246094
hair2.bmp
 17 -0.373173 -3.973466 58.196087 0.067212 -0.976029 -0.207004 0.519531 0.230469
 17 -0.062917 -3.808126 58.125351 0.345497 -0.882972 -0.317793 0.554688 0.226563
 17 -0.023785 -3.830936 58.365242 0.139996 -0.915314 -0.377626 0.562500 0.246094
hair2.bmp
 17 0.681158 -3.249399 56.999126 -0.364306 -0.926014 0.098891 0.042969 0.136719
 17 0.481440 -3.174414 56.920448 -0.297312 -0.953341 -0.052412 0.042969 0.125000
 17 0.491596 -3.187015 56.877575 -0.252594 -0.436313 0.863613 0.042969 0.121094
hair2.bmp
 17 0.681158 -3.249399 56.999126 -0.364306 -0.926014 0.098891 0.042969 0.136719
 17 0.601145 -3.229716 57.002380 -0.297312 -0.953341 -0.052412 0.042969 0.132813
 17 0.481440 -3.174414 56.920448 -0.297312 -0.953341 -0.052412 0.042969 0.125000
hair2.bmp
 17 0.681158 -3.249399 56.999126 -0.364306 -0.926014 0.098891 0.042969 0.136719
 17 0.730646 -3.254503 57.140636 -0.570180 -0.793268 0.213591 0.042969 0.148438
 17 0.601145 -3.229716 57.002380 -0.297312 -0.953341 -0.052412 0.042969 0.132813
hair2.bmp
 17 0.681158 -3.249399 56.999126 -0.364306 -0.926014 0.098891 0.042969 0.136719
 17 0.959745 -3.339904 57.390278 -0.428313 -0.896231 0.115405 0.042969 0.167969
 17 0.730646 -3.254503 57.140636 -0.570180 -0.793268 0.213591 0.042969 0.148438
hair2.bmp
 17 0.681158 -3.249399 56.999126 -0.364306 -0.926014 0.098891 0.042969 0.136719
 17 0.870337 -3.290121 57.226181 0.211484 -0.875157 -0.435172 0.042969 0.160156
 17 0.959745 -3.339904 57.390278 -0.428313 -0.896231 0.115405 0.042969 0.167969
hair2.bmp
 17 -2.132525 -3.382605 58.011524 -0.328829 -0.939881 -0.092173 0.296875 0.199219
 17 -2.349184 -2.982720 57.086941 -0.124980 -0.824034 -0.552583 0.281250 0.128906
 17 -2.169388 -2.789420 57.142689 0.706490 -0.471705 -0.527604 0.296875 0.125000
hair2.bmp
 17 -2.169388 -2.789420 57.142689 0.706490 -0.471705 -0.527604 0.296875 0.125000
 17 -2.349184 -2.982720 57.086941 -0.124980 -0.824034 -0.552583 0.281250 0.128906
 17 -2.477274 -2.481035 56.556938 -0.930152 -0.365708 -0.032787 0.273438 0.093750
hair2.bmp
 17 -2.349184 -2.982720 57.086941 -0.124980 -0.824034 -0.552583 0.281250 0.128906
 17 -2.492891 -3.106046 58.110779 -0.911915 -0.400013 0.091655 0.261719 0.222656
 17 -2.477274 -2.481035 56.556938 -0.930152 -0.365708 -0.032787 0.273438 0.093750
hair2.bmp
 17 -2.477274 -2.481035 56.556938 -0.930152 -0.365708 -0.032787 0.273438 0.093750
 17 -2.492891 -3.106046 58.110779 -0.911915 -0.400013 0.091655 0.261719 0.222656
 17 -2.498950 -2.615234 57.020424 -0.942550 -0.302194 -0.142404 0.253906 0.117188
hair2.bmp
 17 -2.492891 -3.106046 58.110779 -0.911915 -0.400013 0.091655 0.261719 0.222656
 17 -2.492290 -2.903319 57.944038 -0.974423 0.195106 0.111509 0.226563 0.203125
 17 -2.498950 -2.615234 57.020424 -0.942550 -0.302194 -0.142404 0.253906 0.117188
hair2.bmp
 17 -3.080306 -0.242540 57.384220 0.993063 0.092008 -0.073221 0.984375 0.667969
 17 -3.066438 -0.802638 56.318249 0.996337 0.084296 -0.014400 0.945313 0.609375
 17 -3.202810 0.048783 55.312622 0.056031 0.997446 0.044285 0.988281 0.570313
hair2.bmp
 17 -3.202810 0.048783 55.312622 0.056031 0.997446 0.044285 0.988281 0.570313
 17 -3.066438 -0.802638 56.318249 0.996337 0.084296 -0.014400 0.945313 0.609375
 42 -2.946110 -0.161923 53.845570 0.809363 0.587270 0.006820 0.988281 0.484375
hair2.bmp
 17 -3.066438 -0.802638 56.318249 0.996337 0.084296 -0.014400 0.945313 0.609375
 42 -2.590125 -1.135427 52.198433 0.971035 0.023199 0.237809 0.929688 0.390625
 42 -2.946110 -0.161923 53.845570 0.809363 0.587270 0.006820 0.988281 0.484375
hair2.bmp
 42 -2.946110 -0.161923 53.845570 0.809363 0.587270 0.006820 0.988281 0.484375
 42 -2.590125 -1.135427 52.198433 0.971035 0.023199 0.237809 0.929688 0.390625
 42 -2.925374 -0.216858 53.642712 0.956809 0.284889 0.057915 0.980469 0.417969
hair2.bmp
 42 -2.590125 -1.135427 52.198433 0.971035 0.023199 0.237809 0.929688 0.390625
 42 -2.276687 -0.994968 51.249416 0.882597 0.082701 0.462799 0.957031 0.351563
 42 -2.925374 -0.216858 53.642712 0.956809 0.284889 0.057915 0.980469 0.417969
hair2.bmp
 17 -1.897962 -2.779413 56.749210 0.065891 -0.735694 -0.674102 0.359375 0.078125
 17 -2.028594 -2.932932 56.924328 -0.987876 -0.074688 -0.136096 0.355469 0.097656
 17 -2.077401 -2.680421 56.593639 0.027399 -0.791614 -0.610407 0.335938 0.062500
hair2.bmp
 17 -2.077401 -2.680421 56.593639 0.027399 -0.791614 -0.610407 0.335938 0.062500
 17 -2.028594 -2.932932 56.924328 -0.987876 -0.074688 -0.136096 0.355469 0.097656
 17 -1.910044 -3.187993 57.325939 -0.829297 0.345499 0.439200 0.367188 0.140625
hair2.bmp
 17 -2.028594 -2.932932 56.924328 -0.987876 -0.074688 -0.136096 0.355469 0.097656
 17 -1.861204 -3.489714 57.647778 -0.748767 -0.643443 -0.159149 0.386719 0.179688
 17 -1.910044 -3.187993 57.325939 -0.829297 0.345499 0.439200 0.367188 0.140625
hair2.bmp
 17 -1.910044 -3.187993 57.325939 -0.829297 0.345499 0.439200 0.367188 0.140625
 17 -1.861204 -3.489714 57.647778 -0.748767 -0.643443 -0.159149 0.386719 0.179688
 17 -1.724436 -3.721502 58.541348 -0.797125 -0.594005 0.108398 0.402344 0.265625
hair2.bmp
 17 -1.861204 -3.489714 57.647778 -0.748767 -0.643443 -0.159149 0.386719 0.179688
 17 -0.982435 -3.804805 57.990532 -0.245784 -0.959177 -0.139889 0.453125 0.207031
 17 -1.724436 -3.721502 58.541348 -0.797125 -0.594005 0.108398 0.402344 0.265625
hair2.bmp
 17 -2.207992 -2.730208 56.756939 -0.975403 0.206910 0.076013 0.304688 0.082031
 17 -2.182279 -3.309389 57.943230 -0.963360 0.243982 0.111400 0.316406 0.199219
 17 -2.139553 -2.817956 57.188469 -0.882624 0.401129 0.245092 0.296875 0.121094
hair2.bmp
 17 -2.207992 -2.730208 56.756939 -0.975403 0.206910 0.076013 0.304688 0.082031
 17 -2.231326 -3.414524 57.680286 -0.719902 -0.657989 -0.220890 0.328125 0.187500
 17 -2.182279 -3.309389 57.943230 -0.963360 0.243982 0.111400 0.316406 0.199219
hair2.bmp
 17 -2.207992 -2.730208 56.756939 -0.975403 0.206910 0.076013 0.304688 0.082031
 17 -2.227671 -2.826076 56.668495 -0.663470 -0.442286 -0.603482 0.316406 0.085938
 17 -2.231326 -3.414524 57.680286 -0.719902 -0.657989 -0.220890 0.328125 0.187500
hair2.bmp
 17 -2.207992 -2.730208 56.756939 -0.975403 0.206910 0.076013 0.304688 0.082031
 17 -2.197009 -2.549143 56.484737 -0.386315 -0.501811 -0.773916 0.308594 0.050781
 17 -2.227671 -2.826076 56.668495 -0.663470 -0.442286 -0.603482 0.316406 0.085938
hair2.bmp
 17 -1.162640 -1.739732 60.799946 -0.481811 -0.374413 0.792258 0.285156 0.902344
 17 -0.682578 -2.224535 60.785587 -0.332690 -0.395984 0.855870 0.324219 0.914063
 17 -0.583382 -1.735767 61.005966 -0.186216 -0.367007 0.911389 0.308594 0.937500
hair2.bmp
 17 -1.162640 -1.739732 60.799946 -0.481811 -0.374413 0.792258 0.285156 0.902344
 17 -1.220927 -2.488346 60.329754 -0.569670 -0.442558 0.692545 0.328125 0.878906
 17 -0.682578 -2.224535 60.785587 -0.332690 -0.395984 0.855870 0.324219 0.914063
hair2.bmp
 17 -1.162640 -1.739732 60.799946 -0.481811 -0.374413 0.792258 0.285156 0.902344
 17 -1.691088 -1.744110 60.370499 -0.663209 -0.242115 0.708191 0.273438 0.875000
 17 -1.220927 -2.488346 60.329754 -0.569670 -0.442558 0.692545 0.328125 0.878906
hair2.bmp
 17 -1.162640 -1.739732 60.799946 -0.481811 -0.374413 0.792258 0.285156 0.902344
 17 -1.730928 -1.542946 60.325260 -0.622306 0.045310 0.781462 0.261719 0.878906
 17 -1.691088 -1.744110 60.370499 -0.663209 -0.242115 0.708191 0.273438 0.875000
hair2.bmp
 43 2.250712 -1.603789 51.423889 -0.811143 -0.363773 0.457947 0.902344 0.347656
 43 2.686028 -1.429660 52.716709 -0.868879 -0.427785 0.249098 0.898438 0.421875
 43 2.559799 -0.733940 51.672947 -0.933360 0.157198 0.322689 0.960938 0.363281
hair2.bmp
 43 2.559799 -0.733940 51.672947 -0.933360 0.157198 0.322689 0.960938 0.363281
 43 2.686028 -1.429660 52.716709 -0.868879 -0.427785 0.249098 0.898438 0.421875
 17 3.049949 0.045655 54.562477 -0.991938 0.106095 0.069298 0.988281 0.527344
hair2.bmp
 43 2.686028 -1.429660 52.716709 -0.868879 -0.427785 0.249098 0.898438 0.421875
 17 3.043715 -0.813379 56.287621 -0.999920 0.012604 -0.001227 0.945313 0.609375
 17 3.049949 0.045655 54.562477 -0.991938 0.106095 0.069298 0.988281 0.527344
hair2.bmp
 17 3.049949 0.045655 54.562477 -0.991938 0.106095 0.069298 0.988281 0.527344
 17 3.043715 -0.813379 56.287621 -0.999920 0.012604 -0.001227 0.945313 0.609375
 17 3.049163 -0.277080 57.542435 -0.999920 0.012604 -0.001227 0.984375 0.675781
hair2.bmp
 17 -2.098075 -2.784080 59.541813 -0.861064 0.268892 0.431585 0.300781 0.367188
 17 -2.492290 -2.903319 57.944038 -0.974423 0.195106 0.111509 0.226563 0.203125
 17 -2.492891 -3.106046 58.110779 -0.911915 -0.400013 0.091655 0.261719 0.222656
hair2.bmp
 17 -2.098075 -2.784080 59.541813 -0.861064 0.268892 0.431585 0.300781 0.367188
 17 -2.294727 -2.892232 58.617348 0.628125 0.740595 -0.238699 0.230469 0.277344
 17 -2.492290 -2.903319 57.944038 -0.974423 0.195106 0.111509 0.226563 0.203125
hair2.bmp
 17 -2.098075 -2.784080 59.541813 -0.861064 0.268892 0.431585 0.300781 0.367188
 17 -1.927844 -2.691176 59.477856 -0.506979 0.860844 0.043814 0.265625 0.371094
 17 -2.294727 -2.892232 58.617348 0.628125 0.740595 -0.238699 0.230469 0.277344
hair2.bmp
 17 -2.098075 -2.784080 59.541813 -0.861064 0.268892 0.431585 0.300781 0.367188
 17 -1.719287 -2.569688 59.876411 -0.642198 0.717719 0.269187 0.289063 0.417969
 17 -1.927844 -2.691176 59.477856 -0.506979 0.860844 0.043814 0.265625 0.371094
hair2.bmp
 17 -3.058323 -1.618281 56.842140 -0.671982 -0.737177 -0.070781 0.218750 0.597656
 17 -2.849975 -1.791846 57.299377 -0.732897 -0.677913 0.057414 0.242188 0.632813
 17 -3.310157 -1.292670 57.346874 -0.732897 -0.677913 0.057414 0.199219 0.640625
hair2.bmp
 17 -3.058323 -1.618281 56.842140 -0.671982 -0.737177 -0.070781 0.218750 0.597656
 17 -2.848553 -1.772002 56.906689 -0.572134 -0.818239 -0.056107 0.238281 0.597656
 17 -2.849975 -1.791846 57.299377 -0.732897 -0.677913 0.057414 0.242188 0.632813
hair2.bmp
 17 -3.058323 -1.618281 56.842140 -0.671982 -0.737177 -0.070781 0.218750 0.597656
 17 -2.704988 -1.767563 55.922428 0.293777 -0.942300 0.160517 0.226563 0.519531
 17 -2.848553 -1.772002 56.906689 -0.572134 -0.818239 -0.056107 0.238281 0.597656
hair2.bmp
 17 -3.058323 -1.618281 56.842140 -0.671982 -0.737177 -0.070781 0.218750 0.597656
 17 -3.357495 -1.201013 56.611305 -0.809685 -0.560485 -0.173974 0.187500 0.585938
 17 -2.704988 -1.767563 55.922428 0.293777 -0.942300 0.160517 0.226563 0.519531
hair2.bmp
 17 0.518844 -3.364492 57.638271 0.733504 0.306817 -0.606494 0.625000 0.167969
 17 0.976036 -3.351423 58.414486 0.918629 0.207529 -0.336233 0.675781 0.265625
 17 0.618320 -3.573517 57.783920 0.734597 -0.429215 -0.525492 0.628906 0.191406
hair2.bmp
 17 0.518844 -3.364492 57.638271 0.733504 0.306817 -0.606494 0.625000 0.167969
 17 0.697249 -3.291226 58.078846 0.637309 0.649124 -0.415302 0.664063 0.207031
 17 0.976036 -3.351423 58.414486 0.918629 0.207529 -0.336233 0.675781 0.265625
hair2.bmp
 17 0.518844 -3.364492 57.638271 0.733504 0.306817 -0.606494 0.625000 0.167969
 17 0.478614 -3.294611 57.701504 0.622860 0.638353 -0.452273 0.632813 0.164063
 17 0.697249 -3.291226 58.078846 0.637309 0.649124 -0.415302 0.664063 0.207031
hair2.bmp
 17 0.518844 -3.364492 57.638271 0.733504 0.306817 -0.606494 0.625000 0.167969
 17 0.169662 -3.262950 57.411423 0.566603 0.675198 -0.472301 0.609375 0.132813
 17 0.478614 -3.294611 57.701504 0.622860 0.638353 -0.452273 0.632813 0.164063
hair2.bmp
 17 0.048508 -3.849102 57.732277 0.091998 -0.953079 -0.288403 0.562500 0.199219
 17 -0.728965 -3.327167 57.030838 -0.861712 -0.325782 0.388996 0.476563 0.109375
 17 -0.718509 -3.294307 56.904697 -0.109097 -0.512778 -0.851561 0.480469 0.109375
hair2.bmp
 17 0.048508 -3.849102 57.732277 0.091998 -0.953079 -0.288403 0.562500 0.199219
 17 -0.270967 -3.640079 57.585835 -0.537449 -0.842422 -0.038387 0.535156 0.171875
 17 -0.728965 -3.327167 57.030838 -0.861712 -0.325782 0.388996 0.476563 0.109375
hair2.bmp
 17 0.048508 -3.849102 57.732277 0.091998 -0.953079 -0.288403 0.562500 0.199219
 17 -0.023785 -3.830936 58.365242 0.139996 -0.915314 -0.377626 0.562500 0.246094
 17 -0.270967 -3.640079 57.585835 -0.537449 -0.842422 -0.038387 0.535156 0.171875
hair2.bmp
 17 0.048508 -3.849102 57.732277 0.091998 -0.953079 -0.288403 0.562500 0.199219
 17 0.225278 -3.918107 58.624798 0.247188 -0.968288 0.036297 0.582031 0.277344
 17 -0.023785 -3.830936 58.365242 0.139996 -0.915314 -0.377626 0.562500 0.246094
hair2.bmp
 17 -2.730867 -2.110697 57.547260 0.986651 0.135790 -0.089899 0.093750 0.210938
 17 -2.887552 -1.783248 56.630188 0.905509 0.422588 0.038391 0.101563 0.179688
 17 -2.849975 -1.791846 57.299377 0.946269 0.320901 -0.039979 0.101563 0.199219
hair2.bmp
 17 -2.730867 -2.110697 57.547260 0.986651 0.135790 -0.089899 0.093750 0.210938
 17 -2.735841 -2.033665 56.158939 0.449493 -0.478232 -0.754487 0.093750 0.164063
 17 -2.887552 -1.783248 56.630188 0.905509 0.422588 0.038391 0.101563 0.179688
hair2.bmp
 17 -2.730867 -2.110697 57.547260 0.986651 0.135790 -0.089899 0.093750 0.210938
 17 -2.897328 -2.229679 56.570156 -0.457482 -0.847561 -0.268982 0.089844 0.175781
 17 -2.735841 -2.033665 56.158939 0.449493 -0.478232 -0.754487 0.093750 0.164063
hair2.bmp
 17 -2.730867 -2.110697 57.547260 0.986651 0.135790 -0.089899 0.093750 0.210938
 17 -2.769747 -2.410902 57.239098 -0.474397 -0.869380 -0.138298 0.082031 0.199219
 17 -2.897328 -2.229679 56.570156 -0.457482 -0.847561 -0.268982 0.089844 0.175781
hair2.bmp
 17 -0.238685 -3.708579 59.717518 0.911253 -0.399301 -0.100878 0.070313 0.867188
 17 -0.299424 -3.592820 59.921013 0.315688 -0.808599 0.496496 0.070313 0.875000
 17 -0.387514 -3.863915 59.394375 -0.066821 -0.850751 0.521304 0.070313 0.843750
hair2.bmp
 17 -0.238685 -3.708579 59.717518 0.911253 -0.399301 -0.100878 0.070313 0.867188
 17 -0.160879 -3.288866 60.321659 0.778402 -0.234031 0.582512 0.070313 0.898438
 17 -0.299424 -3.592820 59.921013 0.315688 -0.808599 0.496496 0.070313 0.875000
hair2.bmp
 17 -0.238685 -3.708579 59.717518 0.911253 -0.399301 -0.100878 0.070313 0.867188
 17 -0.191031 -3.225285 60.363472 0.643813 0.460470 -0.611124 0.070313 0.898438
 17 -0.160879 -3.288866 60.321659 0.778402 -0.234031 0.582512 0.070313 0.898438
hair2.bmp
 17 -0.238685 -3.708579 59.717518 0.911253 -0.399301 -0.100878 0.070313 0.867188
 17 -0.387514 -3.863915 59.394375 0.484807 0.719841 -0.496780 0.070313 0.843750
 17 -0.191031 -3.225285 60.363472 0.643813 0.460470 -0.611124 0.070313 0.898438
hair2.bmp
 42 -3.427750 -0.955336 54.300564 -0.067113 -0.991233 0.113808 0.027344 0.679688
 42 -3.041280 -1.111587 52.516068 -0.642230 -0.763934 -0.062813 0.035156 0.582031
 42 -3.243682 -1.149715 53.179073 -0.865595 0.484398 -0.126900 0.042969 0.617188
hair2.bmp
 42 -3.243682 -1.149715 53.179073 -0.865595 0.484398 -0.126900 0.042969 0.617188
 42 -3.041280 -1.111587 52.516068 -0.642230 -0.763934 -0.062813 0.035156 0.582031
 42 -2.990776 -1.259423 52.377888 -0.925684 0.002387 -0.378291 0.046875 0.574219
hair2.bmp
 42 -3.041280 -1.111587 52.516068 -0.642230 -0.763934 -0.062813 0.035156 0.582031
 42 -2.617657 -1.470309 51.518288 -0.314612 0.832079 -0.456797 0.054688 0.527344
 42 -2.990776 -1.259423 52.377888 -0.925684 0.002387 -0.378291 0.046875 0.574219
hair2.bmp
 17 0.606148 -3.681526 58.384239 0.560951 -0.819221 -0.119207 0.621094 0.250000
 17 0.059319 -3.686732 57.507515 0.602157 -0.279200 -0.747966 0.558594 0.175781
 17 0.108622 -3.579044 57.699795 0.723716 0.516912 -0.457206 0.578125 0.179688
hair2.bmp
 17 0.108622 -3.579044 57.699795 0.723716 0.516912 -0.457206 0.578125 0.179688
 17 0.059319 -3.686732 57.507515 0.602157 -0.279200 -0.747966 0.558594 0.175781
 17 -0.299939 -3.416106 57.300884 0.637309 0.649124 -0.415302 0.531250 0.140625
hair2.bmp
 17 0.059319 -3.686732 57.507515 0.602157 -0.279200 -0.747966 0.558594 0.175781
 17 -0.778419 -3.208489 56.879280 -0.514364 0.699867 -0.495597 0.472656 0.101563
 17 -0.299939 -3.416106 57.300884 0.637309 0.649124 -0.415302 0.531250 0.140625
hair2.bmp
 17 1.670182 -2.411959 60.028820 0.576886 -0.562284 0.592486 0.554688 0.875000
 17 1.733105 -2.825783 59.223034 0.478814 -0.779421 0.404030 0.535156 0.820313
 17 2.365237 -2.607733 58.634590 0.744678 -0.594879 0.302612 0.578125 0.777344
hair2.bmp
 17 2.365237 -2.607733 58.634590 0.744678 -0.594879 0.302612 0.578125 0.777344
 17 1.733105 -2.825783 59.223034 0.478814 -0.779421 0.404030 0.535156 0.820313
 17 2.287903 -2.851486 57.899536 0.294965 -0.953170 -0.066807 0.554688 0.734375
hair2.bmp
 17 1.733105 -2.825783 59.223034 0.478814 -0.779421 0.404030 0.535156 0.820313
 17 2.138912 -2.709791 57.619671 -0.905487 -0.326081 -0.271596 0.546875 0.687500
 17 2.287903 -2.851486 57.899536 0.294965 -0.953170 -0.066807 0.554688 0.734375
hair2.bmp
 17 2.328700 -1.938438 54.914158 -0.214316 0.539222 -0.814437 0.195313 0.238281
 17 2.975210 -1.013601 55.875412 -0.012988 0.711370 -0.702698 0.214844 0.292969
 17 2.488293 -1.826425 55.026333 0.370892 0.363708 -0.854492 0.199219 0.246094
hair2.bmp
 17 2.488293 -1.826425 55.026333 0.370892 0.363708 -0.854492 0.199219 0.246094
 17 2.975210 -1.013601 55.875412 -0.012988 0.711370 -0.702698 0.214844 0.292969
 17 2.727710 -1.672284 55.187019 0.641536 0.092110 -0.761543 0.210938 0.265625
hair2.bmp
 17 2.975210 -1.013601 55.875412 -0.012988 0.711370 -0.702698 0.214844 0.292969
 17 3.145826 -1.165965 55.706367 0.148718 0.615335 -0.774110 0.218750 0.285156
 17 2.727710 -1.672284 55.187019 0.641536 0.092110 -0.761543 0.210938 0.265625
hair2.bmp
 17 0.982638 -3.276341 59.352631 -0.892373 0.260805 -0.368308 0.085938 0.875000
 17 1.013552 -3.434228 59.100807 0.831021 -0.547429 0.098620 0.085938 0.855469
 17 0.890119 -2.974528 60.046715 -0.121506 -0.833105 0.539604 0.085938 0.929688
hair2.bmp
 17 0.890119 -2.974528 60.046715 -0.121506 -0.833105 0.539604 0.085938 0.929688
 17 1.013552 -3.434228 59.100807 0.831021 -0.547429 0.098620 0.085938 0.855469
 17 1.061516 -3.138920 59.662136 0.180994 -0.889671 0.419199 0.085938 0.898438
hair2.bmp
 17 1.013552 -3.434228 59.100807 0.831021 -0.547429 0.098620 0.085938 0.855469
 17 1.081995 -3.196408 59.529942 0.412515 -0.817697 0.401501 0.085938 0.886719
 17 1.061516 -3.138920 59.662136 0.180994 -0.889671 0.419199 0.085938 0.898438
hair2.bmp
 17 -0.583274 -1.567672 60.975246 0.077625 0.570227 0.817811 0.882813 0.960938
 17 -1.910583 -1.230972 60.228329 -0.601177 0.300698 0.740383 0.843750 0.875000
 17 -1.711614 -1.617727 60.515091 -0.555794 -0.102381 0.824992 0.867188 0.886719
hair2.bmp
 17 -1.711614 -1.617727 60.515091 -0.555794 -0.102381 0.824992 0.867188 0.886719
 17 -1.910583 -1.230972 60.228329 -0.601177 0.300698 0.740383 0.843750 0.875000
 17 -2.419266 -1.491034 59.864723 -0.764858 -0.112604 0.634282 0.855469 0.828125
hair2.bmp
 17 -1.910583 -1.230972 60.228329 -0.601177 0.300698 0.740383 0.843750 0.875000
 17 -2.806247 -0.771678 59.027481 -0.768810 0.329582 0.548002 0.816406 0.777344
 17 -2.419266 -1.491034 59.864723 -0.764858 -0.112604 0.634282 0.855469 0.828125
hair2.bmp
 17 -3.001860 -1.611104 57.819054 -0.928877 -0.319685 0.187051 0.230469 0.675781
 17 -2.616027 -2.153671 58.972591 -0.861712 -0.325782 0.388996 0.277344 0.773438
 17 -2.974664 -1.323454 58.592304 -0.931378 -0.278809 0.234094 0.222656 0.738281
hair2.bmp
 17 -2.974664 -1.323454 58.592304 -0.931378 -0.278809 0.234094 0.222656 0.738281
 17 -2.616027 -2.153671 58.972591 -0.861712 -0.325782 0.388996 0.277344 0.773438
 17 -2.726602 -1.399380 59.128216 -0.857992 -0.238371 0.455004 0.230469 0.785156
hair2.bmp
 17 -2.616027 -2.153671 58.972591 -0.861712 -0.325782 0.388996 0.277344 0.773438
 17 -2.308898 -1.381207 59.762955 -0.764469 -0.288569 0.576468 0.238281 0.843750
 17 -2.726602 -1.399380 59.128216 -0.857992 -0.238371 0.455004 0.230469 0.785156
hair2.bmp
 17 -0.982435 -3.804805 57.990532 -0.245784 -0.959177 -0.139889 0.453125 0.207031
 17 -1.309247 -3.341341 57.107471 -0.789356 -0.610851 -0.061471 0.429688 0.125000
 17 -0.910742 -3.751110 57.522903 -0.153128 -0.908291 -0.389306 0.468750 0.167969
hair2.bmp
 17 -0.910742 -3.751110 57.522903 -0.153128 -0.908291 -0.389306 0.468750 0.167969
 17 -1.309247 -3.341341 57.107471 -0.789356 -0.610851 -0.061471 0.429688 0.125000
 17 -1.139253 -3.443299 57.110065 -0.185589 -0.750585 -0.634176 0.441406 0.121094
hair2.bmp
 17 -1.309247 -3.341341 57.107471 -0.789356 -0.610851 -0.061471 0.429688 0.125000
 17 -1.618065 -2.957347 56.779175 -0.233198 -0.720014 -0.653605 0.398438 0.089844
 17 -1.139253 -3.443299 57.110065 -0.185589 -0.750585 -0.634176 0.441406 0.121094
hair2.bmp
 42 -3.095730 -0.122764 53.740307 0.758221 0.649215 -0.060177 0.808594 0.476563
 42 -2.925374 -0.216858 53.642712 0.439507 0.889526 -0.124806 0.792969 0.464844
 42 -2.973451 -0.284029 53.112263 0.439507 0.889526 -0.124806 0.816406 0.441406
hair2.bmp
 42 -2.973451 -0.284029 53.112263 0.439507 0.889526 -0.124806 0.816406 0.441406
 42 -2.925374 -0.216858 53.642712 0.439507 0.889526 -0.124806 0.792969 0.464844
 42 -2.851477 -0.429934 52.568264 -0.247413 0.869345 -0.427816 0.824219 0.414063
hair2.bmp
 42 -2.925374 -0.216858 53.642712 0.439507 0.889526 -0.124806 0.792969 0.464844
 42 -2.276687 -0.994968 51.249416 -0.648606 0.444285 -0.617997 0.843750 0.355469
 42 -2.851477 -0.429934 52.568264 -0.247413 0.869345 -0.427816 0.824219 0.414063
hair2.bmp
 17 1.075051 -3.420683 58.686882 0.953997 0.230608 -0.191598 0.085938 0.839844
 17 0.877395 -3.456766 58.039555 -0.293396 0.951099 0.096593 0.085938 0.804688
 17 0.965781 -3.465778 58.485321 -0.449192 0.890399 0.073600 0.085938 0.828125
hair2.bmp
 17 0.965781 -3.465778 58.485321 -0.449192 0.890399 0.073600 0.085938 0.828125
 17 0.877395 -3.456766 58.039555 -0.293396 0.951099 0.096593 0.085938 0.804688
 17 0.717571 -3.498896 57.990753 -0.229684 0.905110 0.357801 0.085938 0.796875
hair2.bmp
 17 0.877395 -3.456766 58.039555 -0.293396 0.951099 0.096593 0.085938 0.804688
 17 0.329555 -3.380063 57.441734 -0.265703 0.853796 0.447699 0.085938 0.757813
 17 0.717571 -3.498896 57.990753 -0.229684 0.905110 0.357801 0.085938 0.796875
hair2.bmp
 17 2.540287 -2.458263 57.239632 -0.865593 0.484403 -0.126896 0.164063 0.335938
 17 2.498580 -2.380469 57.710701 -0.969732 0.044901 -0.240009 0.164063 0.347656
 17 2.550431 -2.451180 57.200298 -0.687095 -0.707659 -0.164680 0.164063 0.339844
hair2.bmp
 17 2.550431 -2.451180 57.200298 -0.687095 -0.707659 -0.164680 0.164063 0.339844
 17 2.498580 -2.380469 57.710701 -0.969732 0.044901 -0.240009 0.164063 0.347656
 17 2.622457 -2.289431 56.640343 -0.277818 -0.789274 -0.547599 0.164063 0.332031
hair2.bmp
 17 2.498580 -2.380469 57.710701 -0.969732 0.044901 -0.240009 0.164063 0.347656
 17 2.644166 -1.929854 56.166599 0.744700 -0.531905 -0.403112 0.171875 0.320313
 17 2.622457 -2.289431 56.640343 -0.277818 -0.789274 -0.547599 0.164063 0.332031
hair2.bmp
 17 0.308283 -3.514470 57.793419 -0.861712 -0.325782 0.388996 0.597656 0.195313
 17 0.765768 -3.720685 58.489540 0.111097 -0.992116 0.058001 0.644531 0.261719
 17 0.615766 -3.659864 58.489780 -0.397929 -0.916980 0.028288 0.632813 0.261719
hair2.bmp
 17 0.615766 -3.659864 58.489780 -0.397929 -0.916980 0.028288 0.632813 0.261719
 17 0.765768 -3.720685 58.489540 0.111097 -0.992116 0.058001 0.644531 0.261719
 17 0.634376 -3.617115 58.873478 -0.364306 -0.926014 0.098891 0.628906 0.300781
hair2.bmp
 17 0.765768 -3.720685 58.489540 0.111097 -0.992116 0.058001 0.644531 0.261719
 17 0.682885 -3.589520 59.285046 0.394198 -0.861999 0.318694 0.625000 0.343750
 17 0.634376 -3.617115 58.873478 -0.364306 -0.926014 0.098891 0.628906 0.300781
hair2.bmp
 17 2.819982 -2.056507 57.323082 0.978108 -0.177887 0.107990 0.171875 0.339844
 17 2.506819 -2.000333 58.195705 -0.899501 -0.227291 0.373145 0.171875 0.355469
 17 2.666901 -2.179257 58.174255 0.865245 -0.459173 0.201273 0.171875 0.355469
hair2.bmp
 17 2.666901 -2.179257 58.174255 0.865245 -0.459173 0.201273 0.171875 0.355469
 17 2.506819 -2.000333 58.195705 -0.899501 -0.227291 0.373145 0.171875 0.355469
 17 2.718473 -2.111191 57.739620 -0.719902 -0.657989 -0.220890 0.175781 0.343750
hair2.bmp
 17 2.506819 -2.000333 58.195705 -0.899501 -0.227291 0.373145 0.171875 0.355469
 17 2.780232 -2.044115 57.254044 -0.719902 -0.657989 -0.220890 0.175781 0.332031
 17 2.718473 -2.111191 57.739620 -0.719902 -0.657989 -0.220890 0.175781 0.343750
hair2.bmp
 17 2.157643 -2.569611 57.970097 -0.831102 0.510403 -0.220812 0.156250 0.351563
 17 2.411170 -2.455138 56.995869 -0.748378 0.654504 0.107490 0.164063 0.332031
 17 2.138912 -2.709791 57.619671 -0.905487 -0.326081 -0.271596 0.156250 0.343750
hair2.bmp
 17 2.138912 -2.709791 57.619671 -0.905487 -0.326081 -0.271596 0.156250 0.343750
 17 2.411170 -2.455138 56.995869 -0.748378 0.654504 0.107490 0.164063 0.332031
 17 2.331970 -2.496693 56.774734 -0.706913 -0.489631 -0.510427 0.160156 0.328125
hair2.bmp
 17 2.411170 -2.455138 56.995869 -0.748378 0.654504 0.107490 0.164063 0.332031
 17 2.353263 -2.229026 56.416542 -0.011799 -0.777177 -0.629172 0.167969 0.320313
 17 2.331970 -2.496693 56.774734 -0.706913 -0.489631 -0.510427 0.160156 0.328125
hair2.bmp
 17 1.587128 -3.063076 58.112949 -0.703486 -0.707685 -0.065494 0.484375 0.757813
 17 1.716046 -3.208312 58.412426 0.046812 -0.994949 0.088804 0.507813 0.773438
 17 1.313670 -2.950401 59.067009 -0.810157 0.187314 -0.555482 0.480469 0.808594
hair2.bmp
 17 1.313670 -2.950401 59.067009 -0.810157 0.187314 -0.555482 0.480469 0.808594
 17 1.716046 -3.208312 58.412426 0.046812 -0.994949 0.088804 0.507813 0.773438
 17 0.780659 -2.734206 59.896500 -0.689172 -0.685675 -0.234291 0.484375 0.867188
hair2.bmp
 17 1.716046 -3.208312 58.412426 0.046812 -0.994949 0.088804 0.507813 0.773438
 17 0.820235 -2.816276 60.013969 0.063235 -0.898363 0.434678 0.496094 0.875000
 17 0.780659 -2.734206 59.896500 -0.689172 -0.685675 -0.234291 0.484375 0.867188
hair2.bmp
 17 -0.160879 -3.288866 60.321659 0.244492 0.634996 -0.732806 0.070313 0.898438
 17 -0.191031 -3.225285 60.363472 0.966140 0.091911 0.241095 0.070313 0.898438
 17 -0.152028 -2.888471 60.637581 0.940046 0.340900 0.010001 0.070313 0.917969
hair2.bmp
 17 -0.152028 -2.888471 60.637581 0.940046 0.340900 0.010001 0.070313 0.917969
 17 -0.191031 -3.225285 60.363472 0.966140 0.091911 0.241095 0.070313 0.898438
 17 -0.142285 -2.779220 60.708073 0.465397 -0.519757 0.716420 0.070313 0.921875
hair2.bmp
 17 -0.191031 -3.225285 60.363472 0.966140 0.091911 0.241095 0.070313 0.898438
 17 -0.160879 -3.288866 60.321659 -0.215086 -0.480584 0.850163 0.070313 0.898438
 17 -0.142285 -2.779220 60.708073 0.465397 -0.519757 0.716420 0.070313 0.921875
hair2.bmp
 17 -0.387514 -3.863915 59.394375 -0.796012 -0.121193 0.593023 0.070313 0.843750
 17 -0.395916 -3.998001 58.953636 0.999427 -0.030515 -0.014614 0.070313 0.820313
 17 -0.753215 -4.016381 58.207314 0.973047 0.215797 -0.081311 0.070313 0.777344
hair2.bmp
 17 -0.753215 -4.016381 58.207314 0.973047 0.215797 -0.081311 0.070313 0.777344
 17 -0.395916 -3.998001 58.953636 0.999427 -0.030515 -0.014614 0.070313 0.820313
 17 -0.673151 -4.002997 58.189690 0.974634 -0.090900 -0.204513 0.070313 0.777344
hair2.bmp
 17 2.450853 -1.493722 59.841217 0.776487 -0.061719 0.627104 0.855469 0.828125
 17 2.282088 -2.022065 59.501701 0.699020 -0.549012 0.458211 0.902344 0.812500
 17 3.006781 -2.002096 58.207359 0.467091 -0.875520 0.123659 0.882813 0.722656
hair2.bmp
 17 3.006781 -2.002096 58.207359 0.467091 -0.875520 0.123659 0.882813 0.722656
 17 2.282088 -2.022065 59.501701 0.699020 -0.549012 0.458211 0.902344 0.812500
 17 2.887152 -1.953095 58.103973 -0.560288 -0.807034 -0.186475 0.902344 0.718750
hair2.bmp
 17 -1.897962 -2.779413 56.749210 0.065891 -0.735694 -0.674102 0.359375 0.078125
 17 -1.349400 -3.165956 57.149040 0.247790 -0.626875 -0.738666 0.414063 0.125000
 17 -1.729319 -3.284064 57.126415 -0.143613 -0.763225 -0.629970 0.386719 0.132813
hair2.bmp
 17 -1.729319 -3.284064 57.126415 -0.143613 -0.763225 -0.629970 0.386719 0.132813
 17 -1.349400 -3.165956 57.149040 0.247790 -0.626875 -0.738666 0.414063 0.125000
 17 -1.030999 -3.530058 57.592720 -0.923967 0.081490 0.373690 0.449219 0.171875
hair2.bmp
 42 -1.744260 -1.880787 50.583950 -0.617526 -0.679754 -0.395721 0.875000 0.281250
 42 -2.637567 -1.272687 51.492805 -0.870333 -0.079985 -0.485925 0.859375 0.363281
 42 -1.653915 -1.680612 50.488201 -0.155812 0.583569 -0.796975 0.863281 0.269531
hair2.bmp
 42 -1.653915 -1.680612 50.488201 -0.155812 0.583569 -0.796975 0.863281 0.269531
 42 -2.637567 -1.272687 51.492805 -0.870333 -0.079985 -0.485925 0.859375 0.363281
 42 -2.095738 -1.151081 50.988293 -0.689148 0.151371 -0.708634 0.843750 0.335938
hair2.bmp
 17 0.970607 -2.879074 59.911770 -0.013385 -0.994724 -0.101709 0.042969 0.324219
 17 1.133614 -3.197236 59.082912 0.607031 -0.740927 0.287300 0.042969 0.265625
 17 1.091858 -2.989726 59.567162 0.696392 -0.672222 0.251308 0.042969 0.300781
hair2.bmp
 17 1.091858 -2.989726 59.567162 0.696392 -0.672222 0.251308 0.042969 0.300781
 17 1.133614 -3.197236 59.082912 0.607031 -0.740927 0.287300 0.042969 0.265625
 17 1.193383 -3.127352 59.146503 0.508113 -0.797496 0.325301 0.042969 0.269531
hair2.bmp
 17 0.959745 -3.339904 57.390278 -0.428313 -0.896231 0.115405 0.042969 0.167969
 17 1.108331 -3.318607 57.780750 0.897755 -0.243792 -0.366880 0.042969 0.195313
 17 1.108108 -3.370371 57.842560 0.435707 -0.878020 -0.198091 0.042969 0.199219
hair2.bmp
 17 1.108108 -3.370371 57.842560 0.435707 -0.878020 -0.198091 0.042969 0.199219
 17 1.108331 -3.318607 57.780750 0.897755 -0.243792 -0.366880 0.042969 0.195313
 17 1.147784 -3.325482 57.932064 0.694296 -0.718768 -0.036404 0.042969 0.203125
hair2.bmp
 17 -3.009422 -1.957599 57.147053 -0.931168 0.304111 -0.201102 0.257813 0.628906
 17 -2.897328 -2.229679 56.570156 -0.457482 -0.847561 -0.268982 0.269531 0.585938
 17 -2.653432 -2.512768 58.257572 -0.931378 -0.278809 0.234094 0.300781 0.714844
hair2.bmp
 17 -2.653432 -2.512768 58.257572 -0.931378 -0.278809 0.234094 0.300781 0.714844
 17 -2.897328 -2.229679 56.570156 -0.457482 -0.847561 -0.268982 0.269531 0.585938
 17 -2.769747 -2.410902 57.239098 -0.474397 -0.869380 -0.138298 0.285156 0.605469
hair2.bmp
 17 -2.596992 -2.406049 56.478550 0.640236 -0.606210 -0.471812 0.074219 0.203125
 17 -2.606135 -2.200771 56.241112 0.669867 -0.398186 -0.626678 0.078125 0.195313
 17 -2.579571 -2.676633 57.191978 0.973454 0.210020 0.090991 0.074219 0.214844
hair2.bmp
 17 -2.579571 -2.676633 57.191978 0.973454 0.210020 0.090991 0.074219 0.214844
 17 -2.606135 -2.200771 56.241112 0.669867 -0.398186 -0.626678 0.078125 0.195313
 17 -2.629867 -2.508332 57.272877 0.973454 0.210020 0.090991 0.078125 0.214844
hair2.bmp
 43 1.773656 -1.874521 50.611412 0.587676 -0.704396 -0.398075 0.875000 0.285156
 43 2.142441 -1.711111 50.946964 0.689583 -0.583067 -0.429543 0.863281 0.332031
 43 2.250712 -1.603789 51.423889 -0.811143 -0.363773 0.457947 0.902344 0.347656
hair2.bmp
 43 2.250712 -1.603789 51.423889 -0.811143 -0.363773 0.457947 0.902344 0.347656
 43 2.142441 -1.711111 50.946964 0.689583 -0.583067 -0.429543 0.863281 0.332031
 43 2.686028 -1.429660 52.716709 -0.868879 -0.427785 0.249098 0.898438 0.421875
hair2.bmp
 42 -2.907260 -1.418892 54.168247 0.017919 -0.998528 -0.051202 0.898438 0.503906
 42 -3.054265 -1.381964 53.341190 -0.735594 -0.666472 -0.121314 0.878906 0.460938
 42 -2.876557 -1.424617 53.974277 -0.196213 -0.980407 -0.017396 0.898438 0.492188
hair2.bmp
 42 -2.876557 -1.424617 53.974277 -0.196213 -0.980407 -0.017396 0.898438 0.492188
 42 -3.054265 -1.381964 53.341190 -0.735594 -0.666472 -0.121314 0.878906 0.460938
 42 -2.408013 -1.599815 51.617676 0.212109 -0.960021 0.182671 0.882813 0.363281
hair2.bmp
 42 -1.904190 -1.928230 50.564674 -0.119219 0.549469 -0.826965 0.062500 0.460938
 42 -2.004624 -1.827833 50.683979 0.007293 0.903470 -0.428589 0.058594 0.476563
 42 -2.326471 -1.594342 51.192211 0.854280 0.357880 0.376998 0.054688 0.507813
hair2.bmp
 42 -2.326471 -1.594342 51.192211 0.854280 0.357880 0.376998 0.054688 0.507813
 42 -2.004624 -1.827833 50.683979 0.007293 0.903470 -0.428589 0.058594 0.476563
 42 -2.386708 -1.514618 51.257137 0.308475 0.913685 -0.264619 0.046875 0.511719
hair2.bmp
 17 -3.310157 -1.292670 57.346874 -0.732897 -0.677913 0.057414 0.199219 0.640625
 17 -2.849975 -1.791846 57.299377 -0.732897 -0.677913 0.057414 0.242188 0.632813
 17 -3.001860 -1.611104 57.819054 -0.783293 -0.621012 -0.028224 0.230469 0.675781
hair2.bmp
 17 -3.001860 -1.611104 57.819054 -0.783293 -0.621012 -0.028224 0.230469 0.675781
 17 -2.849975 -1.791846 57.299377 -0.732897 -0.677913 0.057414 0.242188 0.632813
 17 -2.863479 -1.833880 58.267181 -0.823418 -0.565307 -0.049102 0.246094 0.710938
hair2.bmp
 17 2.863176 -1.561093 59.200634 -0.972550 -0.031190 -0.230593 0.050781 0.968750
 17 3.469971 -1.162072 57.323776 0.068702 0.953022 0.295008 0.031250 0.855469
 17 3.044502 -1.566242 58.834579 -0.783835 -0.519216 -0.340614 0.050781 0.945313
hair2.bmp
 17 3.044502 -1.566242 58.834579 -0.783835 -0.519216 -0.340614 0.050781 0.945313
 17 3.469971 -1.162072 57.323776 0.068702 0.953022 0.295008 0.031250 0.855469
 17 3.175422 -1.510361 58.580933 0.563801 -0.825550 0.024415 0.046875 0.925781
hair2.bmp
 17 1.144048 -3.185830 58.963074 0.843090 -0.536990 0.028990 0.042969 0.257813
 17 1.146547 -3.346316 58.273773 0.831021 -0.547429 0.098620 0.042969 0.222656
 17 1.177045 -3.321526 58.136093 0.328705 -0.944430 0.002113 0.042969 0.218750
hair2.bmp
 17 1.177045 -3.321526 58.136093 0.328705 -0.944430 0.002113 0.042969 0.218750
 17 1.146547 -3.346316 58.273773 0.831021 -0.547429 0.098620 0.042969 0.222656
 17 0.929427 -3.304859 57.477757 0.277593 -0.959301 0.051797 0.042969 0.171875
hair2.bmp
 17 1.640886 -2.906685 57.074417 0.553099 0.705194 -0.443603 0.488281 0.687500
 17 1.760054 -2.927724 57.304756 0.927597 -0.110309 -0.356926 0.503906 0.707031
 17 1.779728 -3.045620 57.395386 0.798537 -0.537735 -0.270517 0.503906 0.714844
hair2.bmp
 17 1.779728 -3.045620 57.395386 0.798537 -0.537735 -0.270517 0.503906 0.714844
 17 1.760054 -2.927724 57.304756 0.927597 -0.110309 -0.356926 0.503906 0.707031
 17 1.917947 -2.859562 57.886585 0.974634 -0.090900 -0.204513 0.519531 0.734375
hair2.bmp
 17 0.601145 -3.229716 57.002380 0.148704 0.987017 -0.060699 0.042969 0.132813
 17 0.491596 -3.187015 56.877575 -0.252594 -0.436313 0.863613 0.042969 0.121094
 17 0.361642 -3.144108 56.864506 0.247687 0.912910 0.324417 0.042969 0.117188
hair2.bmp
 17 0.361642 -3.144108 56.864506 0.247687 0.912910 0.324417 0.042969 0.117188
 17 0.491596 -3.187015 56.877575 -0.252594 -0.436313 0.863613 0.042969 0.121094
 17 0.281771 -3.117343 56.828388 -0.510707 -0.649650 0.563146 0.042969 0.105469
hair2.bmp
 17 -0.398784 -3.216348 56.980846 -0.464308 0.283019 0.839237 0.773438 0.070313
 17 -0.189422 -3.309038 57.157978 -0.657071 -0.338087 0.673762 0.761719 0.082031
 17 -0.368781 -3.165367 56.979965 -0.242793 0.966817 0.079482 0.773438 0.070313
hair2.bmp
 17 -0.368781 -3.165367 56.979965 -0.242793 0.966817 0.079482 0.773438 0.070313
 17 -0.189422 -3.309038 57.157978 -0.657071 -0.338087 0.673762 0.761719 0.082031
 17 -0.099291 -3.231290 57.121487 -0.228003 0.601110 0.765951 0.761719 0.078125
hair2.bmp
 17 -2.704988 -1.767563 55.922428 0.293777 -0.942300 0.160517 0.226563 0.519531
 17 -2.452092 -2.030214 55.124203 -0.735114 -0.627789 -0.255908 0.230469 0.429688
 17 -2.352322 -2.072132 55.188148 0.373408 -0.663432 0.648401 0.238281 0.429688
hair2.bmp
 17 -2.352322 -2.072132 55.188148 0.373408 -0.663432 0.648401 0.238281 0.429688
 17 -2.452092 -2.030214 55.124203 -0.735114 -0.627789 -0.255908 0.230469 0.429688
 17 -2.060955 -2.359938 54.812286 -0.723904 -0.338404 -0.601203 0.257813 0.371094
hair2.bmp
 17 0.618320 -3.573517 57.783920 0.734597 -0.429215 -0.525492 0.628906 0.191406
 17 0.976036 -3.351423 58.414486 0.918629 0.207529 -0.336233 0.675781 0.265625
 17 0.946016 -3.596485 58.421093 0.842215 -0.506591 -0.184498 0.656250 0.261719
hair2.bmp
 17 0.946016 -3.596485 58.421093 0.842215 -0.506591 -0.184498 0.656250 0.261719
 17 0.976036 -3.351423 58.414486 0.918629 0.207529 -0.336233 0.675781 0.265625
 17 1.063341 -3.393869 59.159050 0.904864 -0.399099 0.148126 0.671875 0.328125
hair2.bmp
 17 -0.588334 -3.061845 56.855545 0.609843 0.214991 -0.762805 0.085938 0.691406
 17 -0.158915 -3.243111 57.017540 -0.160591 -0.883968 -0.439102 0.085938 0.722656
 17 -0.458571 -3.093922 56.921368 -0.103898 0.602788 0.791108 0.085938 0.710938
hair2.bmp
 17 -0.458571 -3.093922 56.921368 -0.103898 0.602788 0.791108 0.085938 0.710938
 17 -0.158915 -3.243111 57.017540 -0.160591 -0.883968 -0.439102 0.085938 0.722656
 17 0.010359 -3.258836 57.218536 -0.488287 -0.744273 0.455668 0.085938 0.738281
hair2.bmp
 17 -0.299424 -3.592820 59.921013 0.315688 -0.808599 0.496496 0.070313 0.875000
 17 -0.160879 -3.288866 60.321659 0.778402 -0.234031 0.582512 0.070313 0.898438
 17 -0.191031 -3.225285 60.363472 -0.488287 -0.744273 0.455668 0.070313 0.898438
hair2.bmp
 17 -1.042459 -2.178089 60.751999 -0.651020 0.063295 0.756417 0.445313 0.519531
 17 -0.582605 -2.571556 60.794643 -0.167477 -0.466698 0.868415 0.507813 0.507813
 17 -0.043561 -1.693632 61.056145 0.028304 -0.182898 0.982724 0.554688 0.554688
hair2.bmp
 17 -0.268756 -3.204733 56.973244 -0.013385 -0.994724 -0.101709 0.539063 0.097656
 17 0.169662 -3.262950 57.411423 -0.055381 -0.988543 -0.140411 0.609375 0.132813
 17 -0.149261 -3.219678 57.113235 0.022507 -0.991673 -0.126801 0.562500 0.093750
hair2.bmp
 17 3.265883 -1.375539 58.453106 0.807307 0.516700 0.285090 0.039063 0.921875
 17 3.175422 -1.510361 58.580933 0.563801 -0.825550 0.024415 0.046875 0.925781
 17 3.642560 -1.073952 56.608692 0.888096 0.437467 0.141097 0.031250 0.812500
hair2.bmp
 17 -3.542646 -1.132836 55.271542 -0.673387 0.734754 0.081770 0.035156 0.734375
 42 -3.427750 -0.955336 54.300564 -0.067113 -0.991233 0.113808 0.027344 0.679688
 42 -3.243682 -1.149715 53.179073 -0.865595 0.484398 -0.126900 0.042969 0.617188
hair2.bmp
 43 2.957683 -1.042324 52.259026 0.939082 -0.072798 -0.335896 0.851563 0.402344
 43 3.003725 -1.401647 53.352856 0.622482 -0.775920 -0.102296 0.878906 0.457031
 43 2.620383 -1.335290 51.514175 0.857462 -0.230996 -0.459783 0.859375 0.363281
hair2.bmp
 17 -2.818807 -2.384551 56.979485 -0.983487 -0.172509 -0.054714 0.304688 0.617188
 17 -2.712494 -2.761004 57.999329 -0.827212 -0.550717 0.111496 0.316406 0.691406
 17 -2.653432 -2.512768 58.257572 -0.931378 -0.278809 0.234094 0.300781 0.714844
hair2.bmp
 17 1.640886 -2.906685 57.074417 0.553099 0.705194 -0.443603 0.128906 0.324219
 17 1.491461 -2.939180 56.915619 0.520966 -0.652958 -0.549764 0.121094 0.324219
 17 1.760054 -2.927724 57.304756 0.927597 -0.110309 -0.356926 0.128906 0.332031
hair2.bmp
 17 3.488008 -0.579442 55.101883 0.993063 0.092008 -0.073221 0.832031 0.546875
 43 2.957683 -1.042324 52.259026 0.939082 -0.072798 -0.335896 0.851563 0.402344
 43 3.164508 -0.589910 53.133694 0.939802 0.230795 -0.252002 0.832031 0.449219
hair2.bmp
 17 0.236940 -2.227855 60.920406 0.450068 -0.197458 0.870890 0.578125 0.523438
 17 -0.582605 -2.571556 60.794643 -0.167477 -0.466698 0.868415 0.507813 0.507813
 17 0.718989 -2.878249 60.358074 0.637286 -0.395491 0.661402 0.632813 0.453125
hair2.bmp
 17 3.122642 -0.805674 56.583950 -0.169208 -0.942925 0.286812 0.214844 0.316406
 17 2.975210 -1.013601 55.875412 -0.169208 -0.942925 0.286812 0.214844 0.292969
 17 3.233050 -0.866702 56.471764 -0.169208 -0.942925 0.286812 0.218750 0.312500
hair2.bmp
 17 3.508255 -1.116223 55.035866 -0.958616 -0.282784 0.033000 0.035156 0.722656
 17 3.420310 -1.175663 57.229706 0.154221 -0.988008 0.007493 0.031250 0.847656
 17 3.475699 -0.978963 55.741203 -0.467486 0.882368 -0.053698 0.027344 0.765625
hair2.bmp
 17 0.399803 -3.367667 57.373096 0.036718 0.983723 0.175901 0.085938 0.757813
 17 0.329555 -3.380063 57.441734 0.083590 0.978568 0.188193 0.085938 0.757813
 17 0.758270 -3.443799 57.797604 0.055400 0.992341 0.110412 0.085938 0.789063
hair2.bmp
 17 3.026130 -1.455915 55.623291 0.798537 -0.537735 -0.270517 0.714844 0.574219
 17 3.209381 -1.323663 57.486816 0.466407 -0.884480 0.012602 0.679688 0.710938
 17 2.764316 -1.658024 56.124493 0.620008 -0.784589 0.003251 0.679688 0.593750
hair2.bmp
 17 2.546811 -1.645888 55.434967 -0.897336 0.402481 0.181100 0.195313 0.265625
 17 2.975210 -1.013601 55.875412 -0.860049 0.504741 0.074510 0.214844 0.292969
 17 2.328700 -1.938438 54.914158 -0.214316 0.539222 -0.814437 0.195313 0.238281
hair2.bmp
 17 1.917947 -2.859562 57.886585 0.968025 -0.231922 -0.095601 0.519531 0.734375
 17 1.733105 -2.825783 59.223034 0.478814 -0.779421 0.404030 0.535156 0.820313
 17 1.896530 -3.052034 58.278625 0.926975 -0.369794 0.062999 0.515625 0.761719
hair2.bmp
 17 2.819982 -2.056507 57.323082 0.978108 -0.177887 0.107990 0.613281 0.695313
 17 2.644166 -1.929854 56.166599 0.744700 -0.531905 -0.403112 0.621094 0.628906
 17 2.703551 -1.889289 56.336681 0.865411 -0.468495 -0.177698 0.621094 0.632813
hair2.bmp
 17 0.900306 -2.812733 59.994572 0.926259 -0.088285 0.366402 0.671875 0.433594
 17 1.003180 -2.985037 59.201900 0.986839 0.156133 0.042080 0.726563 0.332031
 17 0.881407 -2.808825 59.690392 0.819791 0.572201 -0.022999 0.703125 0.410156
hair2.bmp
 17 0.576921 -1.537346 60.923935 0.228894 0.245509 0.941983 0.886719 0.968750
 17 1.879371 -1.252371 60.248352 0.570910 0.316117 0.757715 0.843750 0.875000
 17 1.418543 -1.385221 60.476799 -0.516962 0.381163 -0.766463 0.847656 0.910156
hair2.bmp
 17 1.081995 -3.196408 59.529942 -0.087610 0.910870 -0.403288 0.085938 0.890625
 17 0.982638 -3.276341 59.352631 -0.892373 0.260805 -0.368308 0.085938 0.875000
 17 0.890119 -2.974528 60.046715 -0.121506 -0.833105 0.539604 0.085938 0.929688
hair2.bmp
 17 1.052091 -3.008629 59.502651 0.235699 0.971332 0.030992 0.042969 0.292969
 17 0.869930 -2.800914 60.098194 0.482333 0.870743 -0.095717 0.042969 0.343750
 17 0.970607 -2.879074 59.911770 0.556196 0.565024 -0.609421 0.042969 0.324219
hair2.bmp
 17 -2.704988 -1.767563 55.922428 0.293777 -0.942300 0.160517 0.113281 0.148438
 17 -2.818823 -1.256676 56.979183 0.956802 0.284914 0.057915 0.128906 0.187500
 17 -2.848553 -1.772002 56.906689 0.983384 -0.099407 0.151901 0.113281 0.183594
hair2.bmp
 17 -1.549668 -3.037024 57.222313 0.077879 0.903481 0.421494 0.820313 0.082031
 17 -1.897962 -2.779413 56.749210 0.077879 0.903481 0.421494 0.832031 0.058594
 17 -2.077401 -2.680421 56.593639 0.111187 0.874888 0.471390 0.839844 0.054688
hair2.bmp
 17 -1.724436 -3.721502 58.541348 -0.797125 -0.594005 0.108398 0.402344 0.265625
 17 -1.703366 -3.505600 58.244965 -0.837233 0.296916 0.459218 0.378906 0.242188
 17 -1.910044 -3.187993 57.325939 -0.829297 0.345499 0.439200 0.367188 0.140625
hair2.bmp
 17 -3.144699 -0.938837 58.599918 -0.904429 0.150508 0.399193 0.828125 0.742188
 17 -3.280859 -0.239576 57.536438 -0.576214 0.779191 0.246656 0.804688 0.675781
 17 -3.381811 -1.405417 57.803879 -0.965679 -0.203601 0.161279 0.851563 0.691406
hair2.bmp
 17 0.730646 -3.254503 57.140636 -0.570180 -0.793268 0.213591 0.042969 0.148438
 17 0.959745 -3.339904 57.390278 -0.428313 -0.896231 0.115405 0.042969 0.167969
 17 0.909541 -3.309389 57.446388 -0.580112 -0.800399 0.151099 0.042969 0.171875
hair2.bmp
 17 -0.682578 -2.224535 60.785587 -0.332690 -0.395984 0.855870 0.324219 0.914063
 17 -0.013655 -1.718627 61.082237 -0.105728 -0.387520 0.915778 0.332031 0.972656
 17 -0.583382 -1.735767 61.005966 -0.186216 -0.367007 0.911389 0.308594 0.937500
hair2.bmp
 17 -3.137370 -0.838833 56.575657 0.849124 0.516033 -0.112689 0.148438 0.175781
 17 -2.818823 -1.256676 56.979183 0.956802 0.284914 0.057915 0.128906 0.187500
 17 -3.074713 -1.072743 55.842880 0.652789 0.733687 -0.188599 0.140625 0.132813
hair2.bmp
 17 2.908070 -1.948197 57.850914 0.942619 -0.311901 0.119110 0.628906 0.730469
 17 2.816628 -1.714911 58.248177 0.966788 -0.177610 0.183784 0.636719 0.753906
 17 2.644795 -1.724708 58.753822 0.877866 -0.339295 0.337980 0.632813 0.785156
hair2.bmp
 17 -1.042459 -2.178089 60.751999 -0.651020 0.063295 0.756417 0.445313 0.519531
 17 -0.941952 -2.112160 60.611813 -0.591298 0.804122 -0.061279 0.437500 0.531250
 17 -1.350794 -2.410600 60.292469 -0.048398 0.892303 -0.448836 0.359375 0.476563
hair2.bmp
 17 -0.609619 -3.451157 57.212173 0.185097 -0.776678 -0.602088 0.492188 0.140625
 17 -0.062917 -3.808126 58.125351 0.345497 -0.882972 -0.317793 0.554688 0.226563
 17 -0.373173 -3.973466 58.196087 0.067212 -0.976029 -0.207004 0.519531 0.230469
hair2.bmp
 17 -1.801385 -3.274959 57.696789 0.871189 -0.391385 -0.296392 0.363281 0.171875
 17 -1.732650 -3.419207 58.047028 0.861025 -0.365892 -0.353212 0.375000 0.214844
 17 -1.890833 -3.328907 57.544510 0.871189 -0.391385 -0.296392 0.351563 0.167969
hair2.bmp
 17 -2.169388 -2.789420 57.142689 0.706490 -0.471705 -0.527604 0.847656 0.078125
 17 -2.477274 -2.481035 56.556938 -0.930152 -0.365708 -0.032787 0.847656 0.062500
 17 -2.437990 -2.455624 56.754704 0.925880 0.345987 -0.151788 0.851563 0.062500
hair2.bmp
 17 2.949690 -1.441639 54.640003 -0.254619 -0.965621 -0.052401 0.898438 0.527344
 17 2.940095 -1.441845 54.528164 -0.517312 -0.849417 0.104304 0.898438 0.523438
 43 3.003725 -1.401647 53.352856 0.622482 -0.775920 -0.102296 0.878906 0.457031
hair2.bmp
 17 0.491596 -3.187015 56.877575 -0.252594 -0.436313 0.863613 0.042969 0.121094
 17 0.481440 -3.174414 56.920448 -0.297312 -0.953341 -0.052412 0.042969 0.125000
 17 0.281771 -3.117343 56.828388 -0.510707 -0.649650 0.563146 0.042969 0.109375
hair2.bmp
 17 -0.728965 -3.327167 57.030838 -0.861712 -0.325782 0.388996 0.785156 0.074219
 17 0.108622 -3.579044 57.699795 -0.297286 0.711886 0.636270 0.750000 0.101563
 17 -0.778419 -3.208489 56.879280 -0.514364 0.699867 -0.495597 0.789063 0.070313
hair2.bmp
 43 3.402595 -0.979791 53.663891 0.654294 0.752813 0.071923 0.031250 0.644531
 43 3.429660 -1.105298 54.474579 0.939630 -0.335487 -0.067407 0.035156 0.687500
 43 3.194548 -1.147155 53.124996 0.873400 -0.443316 -0.201600 0.042969 0.613281
hair2.bmp
 17 1.075051 -3.420683 58.686882 0.953997 0.230608 -0.191598 0.085938 0.839844
 17 0.946180 -3.567947 58.375423 0.492809 -0.866830 -0.075799 0.085938 0.820313
 17 0.877395 -3.456766 58.039555 0.811623 -0.468845 -0.348501 0.085938 0.804688
hair2.bmp
 17 -2.456607 -2.376728 56.372566 0.238920 0.266507 -0.933751 0.390625 0.589844
 17 -2.708318 -2.512702 56.845062 -0.590079 -0.702997 -0.396991 0.363281 0.617188
 17 -2.526798 -2.365898 56.425064 -0.449216 -0.676994 -0.582996 0.382813 0.589844
hair2.bmp
 17 -2.606135 -2.200771 56.241112 0.669867 -0.398186 -0.626678 0.078125 0.195313
 17 -2.645773 -2.081103 56.140568 0.030503 0.631972 -0.774391 0.078125 0.191406
 17 -2.818807 -2.384551 56.979485 -0.983487 -0.172509 -0.054714 0.078125 0.210938
hair2.bmp
 17 -2.579571 -2.676633 57.191978 -0.423927 -0.891052 -0.162210 0.328125 0.667969
 17 -2.532783 -2.826147 58.079704 -0.717521 -0.683407 0.134605 0.328125 0.703125
 17 -2.712494 -2.761004 57.999329 -0.827212 -0.550717 0.111496 0.316406 0.691406
hair2.bmp
 17 2.365237 -2.607733 58.634590 0.744678 -0.594879 0.302612 0.578125 0.777344
 17 2.819982 -2.056507 57.323082 0.978108 -0.177887 0.107990 0.613281 0.695313
 17 2.666901 -2.179257 58.174255 0.865245 -0.459173 0.201273 0.605469 0.746094
hair2.bmp
 17 -0.189422 -3.309038 57.157978 -0.657071 -0.338087 0.673762 0.542969 0.125000
 17 -0.398784 -3.216348 56.980846 -0.464308 0.283019 0.839237 0.511719 0.097656
 17 -0.528427 -3.198643 56.881954 -0.813689 -0.387923 -0.432926 0.511719 0.093750
hair2.bmp
 17 -2.492290 -2.903319 57.944038 -0.974423 0.195106 0.111509 0.226563 0.203125
 17 -2.294727 -2.892232 58.617348 0.628125 0.740595 -0.238699 0.230469 0.277344
 17 -2.372745 -2.885197 58.069660 -0.156318 0.987619 -0.013181 0.210938 0.226563
hair2.bmp
 17 -1.189825 -3.248024 57.266941 -0.622701 0.443695 0.644498 0.433594 0.136719
 17 -1.378959 -3.164393 57.027287 -0.730705 0.072704 0.678811 0.417969 0.113281
 17 -1.030999 -3.530058 57.592720 -0.923967 0.081490 0.373690 0.449219 0.171875
hair2.bmp
 17 -2.048041 -2.824095 56.771111 0.279702 -0.744590 -0.606096 0.335938 0.089844
 17 -2.227671 -2.826076 56.668495 -0.663470 -0.442286 -0.603482 0.316406 0.085938
 17 -2.197009 -2.549143 56.484737 -0.386315 -0.501811 -0.773916 0.308594 0.050781
hair2.bmp
 17 -2.496944 -2.312158 56.465321 -0.753507 0.392874 -0.527140 0.281250 0.066406
 17 -2.477274 -2.481035 56.556938 -0.930152 -0.365708 -0.032787 0.273438 0.093750
 17 -2.498950 -2.615234 57.020424 -0.942550 -0.302194 -0.142404 0.253906 0.117188
hair2.bmp
 17 -2.349184 -2.982720 57.086941 -0.124980 -0.824034 -0.552583 0.281250 0.128906
 17 -2.132525 -3.382605 58.011524 -0.328829 -0.939881 -0.092173 0.296875 0.199219
 17 -2.492891 -3.106046 58.110779 -0.911915 -0.400013 0.091655 0.261719 0.222656
hair2.bmp
 43 2.844418 -0.340323 53.157116 -0.436901 0.887583 -0.145991 0.800781 0.441406
 43 2.856473 -0.441549 52.590275 0.297411 0.891004 -0.343014 0.824219 0.417969
 43 2.559799 -0.733940 51.672947 0.799433 0.293880 -0.523968 0.828125 0.371094
hair2.bmp
 17 1.091858 -2.989726 59.567162 -0.158008 0.877182 -0.453415 0.042969 0.316406
 17 1.021667 -2.978896 59.619659 -0.135811 0.919925 -0.367822 0.042969 0.304688
 17 0.869930 -2.800914 60.098194 0.010788 0.938580 -0.344892 0.042969 0.339844
hair2.bmp
 17 3.310867 -0.131263 57.071743 0.548044 0.820390 0.163118 0.808594 0.636719
 17 3.065661 -0.542720 58.510765 0.451886 0.789775 0.414794 0.808594 0.734375
 17 3.145401 -0.870839 58.584110 0.915111 0.098018 0.391106 0.828125 0.738281
hair2.bmp
 43 1.524250 -1.712937 50.446526 -0.706306 0.707022 0.035375 0.863281 0.269531
 43 2.559799 -0.733940 51.672947 -0.706306 0.707022 0.035375 0.832031 0.359375
 43 2.102258 -1.160948 50.994991 -0.706306 0.707022 0.035375 0.843750 0.335938
hair2.bmp
 17 0.682885 -3.589520 59.285046 0.394198 -0.861999 0.318694 0.625000 0.343750
 17 0.606148 -3.681526 58.384239 0.560951 -0.819221 -0.119207 0.621094 0.250000
 17 0.615766 -3.659864 58.489780 0.925700 0.360293 -0.115188 0.632813 0.265625
hair2.bmp
 17 0.516682 -1.732210 60.990265 0.279596 0.278804 0.918746 0.910156 0.960938
 17 0.576921 -1.537346 60.923935 0.228894 0.245509 0.941983 0.886719 0.968750
 17 -0.003390 -1.674937 61.008850 0.088515 0.310519 0.946437 0.906250 0.984375
hair2.bmp
 17 -0.952476 -1.436604 60.753635 0.210679 0.951072 0.225999 0.867188 0.941406
 17 -0.583274 -1.567672 60.975246 0.077625 0.570227 0.817811 0.882813 0.960938
 17 -0.563024 -1.555277 60.906425 0.284102 0.908108 0.307612 0.882813 0.968750
hair2.bmp
 17 0.361642 -3.144108 56.864506 -0.406942 -0.397218 0.822567 0.042969 0.117188
 17 0.281771 -3.117343 56.828388 -0.330369 -0.129999 0.934857 0.042969 0.105469
 17 0.191837 -3.103961 56.810150 -0.330369 -0.129999 0.934857 0.042969 0.101563
hair2.bmp
 17 2.287903 -2.851486 57.899536 0.294965 -0.953170 -0.066807 0.554688 0.734375
 17 2.540287 -2.458263 57.239632 0.868504 -0.493103 -0.050500 0.574219 0.691406
 17 2.365237 -2.607733 58.634590 0.744678 -0.594879 0.302612 0.578125 0.777344
hair2.bmp
 17 -2.759478 -2.428034 57.164928 0.555401 0.829943 -0.052195 0.085938 0.156250
 17 -2.818807 -2.384551 56.979485 -0.983487 -0.172509 -0.054714 0.062500 0.253906
 17 -2.653432 -2.512768 58.257572 -0.931378 -0.278809 0.234094 0.074219 0.230469
hair2.bmp
 17 2.887152 -1.953095 58.103973 -0.560288 -0.807034 -0.186475 0.902344 0.718750
 17 2.856717 -1.242701 58.221508 -0.993207 -0.029870 -0.112466 0.945313 0.722656
 17 3.043715 -0.813379 56.287621 -0.999920 0.012604 -0.001227 0.945313 0.609375
hair2.bmp
 17 2.347798 -2.074822 55.164028 -0.355596 -0.663182 0.658590 0.687500 0.507813
 17 2.089041 -2.338421 54.821011 -0.719902 -0.657989 -0.220890 0.699219 0.457031
 17 2.238836 -2.196101 54.877640 0.672580 -0.500198 -0.545378 0.707031 0.464844
hair2.bmp
 17 -2.060955 -2.359938 54.812286 0.755103 0.408099 0.513102 0.097656 0.082031
 17 -1.940612 -2.434349 54.718048 0.702806 0.421972 0.572715 0.093750 0.066406
 17 -2.180949 -2.146175 54.809666 0.847021 0.502510 0.173319 0.105469 0.082031
hair2.bmp
 17 -1.940612 -2.434349 54.718048 -0.693561 -0.576060 -0.432583 0.253906 0.343750
 17 -2.060955 -2.359938 54.812286 -0.723904 -0.338404 -0.601203 0.257813 0.371094
 17 -2.401407 -1.843629 54.934422 0.086654 0.447489 -0.890081 0.203125 0.417969
hair2.bmp
 17 -2.755331 -1.804955 56.017124 0.962298 0.204798 0.178997 0.101563 0.152344
 17 -2.887552 -1.783248 56.630188 0.905509 0.422588 0.038391 0.101563 0.179688
 17 -2.735841 -2.033665 56.158939 0.449493 -0.478232 -0.754487 0.093750 0.164063
hair2.bmp
 17 -2.379005 -2.699281 57.036221 0.249599 -0.893502 -0.373301 0.066406 0.210938
 17 -2.456607 -2.376728 56.372566 0.238920 0.266507 -0.933751 0.066406 0.203125
 17 -2.526798 -2.365898 56.425064 -0.449216 -0.676994 -0.582996 0.070313 0.199219
hair2.bmp
 17 0.407659 -2.314085 60.722618 0.243804 -0.513416 0.822778 0.507813 0.933594
 17 -0.013655 -1.718627 61.082237 0.061693 -0.509916 0.858009 0.511719 0.980469
 17 0.157361 -2.084964 60.803577 -0.422917 -0.660687 0.620188 0.503906 0.949219
hair2.bmp
 17 1.157573 -1.748758 60.745754 0.439997 -0.423545 0.791841 0.562500 0.925781
 17 1.670182 -2.411959 60.028820 0.576886 -0.562284 0.592486 0.554688 0.875000
 17 1.729193 -1.535813 60.298424 0.658172 -0.291912 0.693972 0.597656 0.894531
hair2.bmp
 17 -0.756857 -3.851733 59.212337 -0.119535 -0.956916 0.264619 0.503906 0.328125
 17 -1.079784 -3.377091 60.017963 -0.308005 -0.685408 0.659809 0.464844 0.417969
 17 -1.577311 -3.549196 59.334923 -0.399335 -0.824546 0.400819 0.410156 0.339844
hair2.bmp
 17 -2.197009 -2.549143 56.484737 0.406867 0.751522 0.519301 0.847656 0.050781
 17 -2.207992 -2.730208 56.756939 0.406867 0.751522 0.519301 0.843750 0.066406
 17 -2.048041 -2.824095 56.771111 0.389407 0.774304 0.498814 0.839844 0.066406
hair2.bmp
 17 -2.496944 -2.312158 56.465321 0.962986 -0.081612 -0.256899 0.851563 0.046875
 17 -2.437990 -2.455624 56.754704 0.945007 -0.035596 -0.325108 0.851563 0.062500
 17 -2.477274 -2.481035 56.556938 0.921605 -0.003492 -0.388114 0.847656 0.062500
end
