version 1
nodes
  0 "Bip01" -1
  1 "Bip01 Pelvis" 0
  2 "Bip01 Spine" 1
  3 "Bip01 Spine1" 2
  4 "Bip01 Spine2" 3
  5 "Bip01 Spine3" 4
  6 "Bip01 Neck" 5
  7 "Bip01 L Arm" 6
  8 "Bip01 L Arm1" 7
  9 "Bip01 L Arm2" 8
 10 "Bip01 L Hand" 9
 11 "Bip06 L elbow2-smooth" 8
 12 "Bip01 R Arm" 6
 13 "Bip01 R Arm1" 12
 14 "Bip01 R Arm2" 13
 15 "Bip01 R Hand" 14
 16 "Bip06 R elbow2-smooth" 13
 17 "Bip01 Head" 6
 18 "Bip06 Head_helper" 17
 19 "Bip06 Head_eyes_l" 18
 20 "Bip06 Head_eyes_r" 18
 21 "Bip06 Head_blink_l" 18
 22 "Bip06 Head_blink_smooth_l1" 21
 23 "Bip06 Head_blink_r" 18
 24 "Bip06 Head_blink_smooth_r1" 23
 25 "Bip06 Head_L_eyebrow" 18
 26 "Bip06 Head_R_eyebrow" 18
 27 "Bip06 Head_blink_l_lid" 18
 28 "Bip06 Head_blink_r_lid" 18
 29 "Bip06 bunny" 18
 30 "Bip06 bunnyL" 29
 31 "Bip06 bunnyR" 29
 32 "Bip01 L Leg" 1
 33 "Bip01 L Leg1" 32
 34 "Bip01 L Foot" 33
 35 "Bip01 R Leg" 1
 36 "Bip01 R Leg1" 35
 37 "Bip01 R Foot" 36
 38 "Bip03 HairR1" 17
 39 "Bip03 HairR2" 38
 40 "Bip03 HairL1" 17
 41 "Bip03 HairL2" 40
 42 "Bip03 swingR" 17
 43 "Bip03 swingL" 17
end
skeleton
time 0
  0   -0.401123 2.578204 -27.160614 0.000000 0.058410 -1.414701
  1   -1.093036 0.000002 -0.326057 -3.088648 -0.049940 1.521002
  2   2.262337 0.113614 0.064702 0.023066 -0.067269 0.032967
  3   2.380047 0.353302 0.047440 -0.003990 0.246795 0.046035
  4   2.033756 0.190472 -0.000128 -0.007498 0.046884 -0.085423
  5   2.451511 0.204909 -0.003447 -0.037931 0.168582 -0.101353
  6   7.247600 -0.397300 -0.109469 0.000001 0.000033 0.156829
  7   -2.022252 -0.104661 3.136172 -3.159376 -1.117905 -0.137780
  8   1.168026 -0.537438 -0.063437 0.091928 -0.000588 -0.132024
  9   6.790376 -0.619176 0.015206 -0.311843 -2.222133 0.008602
 10   8.637599 0.544015 -0.090417 1.245145 0.798519 0.092697
 11   6.790465 -0.619039 0.017802 -0.229153 -0.625920 -0.060472
 12   -2.022474 -0.104699 -2.873818 0.289676 1.392420 -2.874219
 13   1.167898 -0.537463 0.063297 0.308661 -1.158746 -0.371835
 14   7.002743 -0.617765 -0.183752 -0.000055 -1.128742 -1.907856
 15   8.209042 0.615527 -0.255885 1.605323 -0.085634 0.023567
 16   7.002735 -0.617911 -0.183641 -0.369878 -0.772762 -0.961890
 17   1.574674 0.609930 -0.000899 0.103947 0.302826 -0.116361
 18   -0.602177 0.511412 -0.000006 0.000000 0.000000 0.000000
 19   3.673773 0.177020 1.119313 -0.000002 -0.000014 -0.174510
 20   3.677673 0.176993 -1.117566 0.000007 -0.000003 -0.174546
 21   3.942357 1.330634 1.627658 0.000002 -0.000011 -0.000026
 22   -0.246060 -0.011889 0.516521 -0.000011 0.000031 0.000025
 23   3.942374 1.330659 -1.631083 0.000019 0.000002 -0.000024
 24   -0.246150 -0.011872 -0.516511 -0.000005 -0.000006 0.000048
 25   4.941364 1.997338 1.629330 0.000018 -0.000001 -0.000024
 26   4.941382 1.997366 -1.629410 -0.000001 0.000005 -0.000024
 27   2.918368 1.615358 1.514501 -0.000019 -0.000022 -0.000050
 28   2.924704 1.614964 -1.501142 -0.000002 -0.000009 -0.000024
 29   8.824059 0.150544 0.091743 0.000006 -0.000231 -0.174534
 30   2.111085 -0.561179 1.784320 -0.000008 -0.000682 0.000024
 31   2.121290 -0.561289 -1.853599 0.000000 0.000000 -0.000002
 32   -0.802676 -0.093824 3.127092 0.044066 -3.092712 0.195926
 33   14.298673 -0.408176 0.518454 -0.017394 -0.094868 -0.116030
 34   15.835795 0.581398 0.242756 -0.000811 0.023965 0.068310
 35   -0.831494 -0.091229 -3.114430 0.052734 3.300803 -0.139028
 36   14.294526 -0.410349 -0.455822 -0.024907 -0.122567 -0.965254
 37   15.834409 0.579420 -0.284600 0.108714 -0.048462 0.061439
 38   2.151435 -3.172490 -2.636307 0.047171 -0.352576 0.132882
 39   -4.457742 -1.054854 -0.746180 0.000000 0.000000 0.000000
 40   0.102445 -3.731028 3.049784 0.047171 -0.352563 0.132881
 41   -4.433840 -1.059130 0.959566 -0.000001 0.000000 0.000000
 42   -0.075419 1.634800 -3.036281 -0.073370 -0.113856 0.012463
 43   -0.484375 1.772799 3.185793 0.026750 0.338341 -0.074985
time 1
  0   -0.401123 2.578204 -27.160614 0.000000 0.058410 -1.414701
  1   -1.093036 0.000002 -0.326057 -3.088648 -0.049940 1.521002
  2   2.262337 0.113614 0.064702 0.023066 -0.067269 0.032967
  3   2.380047 0.353302 0.047440 -0.003990 0.246795 0.046035
  4   2.033756 0.190472 -0.000128 -0.007498 0.046884 -0.085459
  5   2.451511 0.204909 -0.003447 -0.037965 0.168582 -0.101253
  6   7.247600 -0.397300 -0.109469 0.000013 0.000033 0.156829
  7   -2.022252 -0.104661 3.136172 -3.159376 -1.117905 -0.137780
  8   1.168026 -0.537438 -0.063437 0.091928 -0.000588 -0.132024
  9   6.790376 -0.619176 0.015206 -0.311843 -2.222133 0.008602
 10   8.637599 0.544015 -0.090417 1.245145 0.798519 0.092697
 11   6.790465 -0.619039 0.017802 -0.229153 -0.625920 -0.060472
 12   -2.022474 -0.104699 -2.873818 0.289676 1.392420 -2.874219
 13   1.167898 -0.537463 0.063297 0.308661 -1.158746 -0.371835
 14   7.002743 -0.617765 -0.183752 -0.000169 -1.128742 -1.907691
 15   8.209042 0.615527 -0.255885 1.605323 -0.085710 0.023868
 16   7.002735 -0.617911 -0.183641 -0.369926 -0.772762 -0.961835
 17   1.574674 0.609930 -0.000899 0.103947 0.302826 -0.116361
 18   -0.602177 0.511412 -0.000006 0.000000 0.000000 0.000000
 19   3.673773 0.177020 1.119313 -0.000002 -0.000014 -0.174510
 20   3.677673 0.176993 -1.117566 0.000007 -0.000003 -0.174546
 21   3.942357 1.330634 1.627658 0.000002 -0.000011 -0.000026
 22   -0.246060 -0.011889 0.516521 -0.000011 0.000031 0.000025
 23   3.942374 1.330659 -1.631083 0.000019 0.000002 -0.000024
 24   -0.246150 -0.011872 -0.516511 -0.000005 -0.000006 0.000048
 25   4.941364 1.997338 1.629330 0.000018 -0.000001 -0.000024
 26   4.941382 1.997366 -1.629410 -0.000001 0.000005 -0.000024
 27   2.918368 1.615358 1.514501 -0.000019 -0.000022 -0.000050
 28   2.924704 1.614964 -1.501142 -0.000002 -0.000009 -0.000024
 29   8.824059 0.150544 0.091743 0.000006 -0.000421 -0.174534
 30   2.111085 -0.561179 1.784320 -0.000008 -0.000682 0.000024
 31   2.121290 -0.561289 -1.853599 0.000000 0.000000 -0.000002
 32   -0.802676 -0.093824 3.127092 0.044066 -3.092712 0.195926
 33   14.298673 -0.408176 0.518454 -0.017394 -0.094868 -0.116030
 34   15.835795 0.581398 0.242756 -0.000811 0.023965 0.068310
 35   -0.831494 -0.091229 -3.114430 0.052734 3.300803 -0.139028
 36   14.294526 -0.410349 -0.455822 -0.024907 -0.122567 -0.965099
 37   15.834409 0.579420 -0.284600 0.108773 -0.048462 0.061338
 38   2.151435 -3.172490 -2.636307 0.047171 -0.352576 0.132882
 39   -4.457742 -1.054854 -0.746180 0.000036 0.000000 -0.000140
 40   0.102445 -3.731028 3.049784 0.047171 -0.352563 0.132881
 41   -4.433840 -1.059130 0.959566 0.000035 0.000000 -0.000140
 42   -0.075419 1.634800 -3.036281 -0.073334 -0.113641 0.012421
 43   -0.484375 1.772799 3.185793 0.026725 0.338168 -0.074985
time 2
  0   -0.401123 2.578204 -27.160614 0.000000 0.058410 -1.414701
  1   -1.093036 0.000002 -0.326057 -3.088648 -0.049940 1.521002
  2   2.262337 0.113614 0.064702 0.023066 -0.067269 0.032967
  3   2.380047 0.353302 0.047440 -0.003990 0.246783 0.045994
  4   2.033756 0.190472 -0.000128 -0.007461 0.046884 -0.085568
  5   2.451511 0.204909 -0.003447 -0.038051 0.168608 -0.101031
  6   7.247600 -0.397300 -0.109469 0.000049 0.000021 0.156766
  7   -2.022252 -0.104661 3.136172 -3.159376 -1.117905 -0.137780
  8   1.168026 -0.537438 -0.063437 0.091928 -0.000588 -0.132024
  9   6.790376 -0.619176 0.015206 -0.311843 -2.221999 0.008602
 10   8.637599 0.544015 -0.090417 1.245145 0.798519 0.092697
 11   6.790465 -0.619039 0.017802 -0.229153 -0.625920 -0.060472
 12   -2.022474 -0.104699 -2.873818 0.289676 1.392420 -2.874219
 13   1.167898 -0.537463 0.063297 0.308661 -1.158746 -0.371835
 14   7.002743 -0.617765 -0.183752 -0.000511 -1.128856 -1.907361
 15   8.209042 0.615527 -0.255885 1.605251 -0.085710 0.024710
 16   7.002735 -0.617911 -0.183641 -0.370114 -0.772706 -0.961780
 17   1.574674 0.609930 -0.000899 0.103947 0.302826 -0.116361
 18   -0.602177 0.511412 -0.000006 0.000000 0.000000 0.000000
 19   3.673773 0.177020 1.119313 -0.000002 -0.000014 -0.174510
 20   3.673767 0.176993 -1.117566 0.000007 -0.000003 -0.174546
 21   3.942357 1.330634 1.627658 0.000002 -0.000011 -0.000026
 22   -0.246060 -0.011889 0.516521 -0.000011 0.000031 0.000025
 23   3.942374 1.330659 -1.631083 0.000019 0.000002 -0.000024
 24   -0.246150 -0.011872 -0.516511 -0.000005 -0.000006 0.000048
 25   4.941364 1.997338 1.629330 0.000018 -0.000001 -0.000024
 26   4.941382 1.997366 -1.629410 -0.000001 0.000005 -0.000024
 27   2.918368 1.615358 1.514501 -0.000019 -0.000022 -0.000050
 28   2.924704 1.614964 -1.501142 -0.000002 -0.000009 -0.000024
 29   8.824059 0.150544 0.091743 0.000006 -0.000967 -0.174480
 30   2.111085 -0.561179 1.784320 -0.000008 -0.000682 0.000024
 31   2.121290 -0.561289 -1.853599 0.000000 0.000000 -0.000002
 32   -0.802676 -0.093824 3.127092 0.044066 -3.092712 0.195926
 33   14.298673 -0.408176 0.518454 -0.017394 -0.094868 -0.116030
 34   15.835795 0.581398 0.242756 -0.000811 0.023965 0.068310
 35   -0.831494 -0.091229 -3.114430 0.052734 3.300803 -0.139028
 36   14.294526 -0.410349 -0.455822 -0.024907 -0.122555 -0.965022
 37   15.834409 0.579420 -0.284600 0.108851 -0.048462 0.060932
 38   2.151435 -3.172490 -2.636307 0.047171 -0.352576 0.132882
 39   -4.457742 -1.054854 -0.746180 0.000144 -0.000012 -0.000729
 40   0.102445 -3.731028 3.049784 0.047171 -0.352563 0.132881
 41   -4.433840 -1.059130 0.959566 0.000143 -0.000012 -0.000729
 42   -0.075419 1.634800 -3.036281 -0.073238 -0.113074 0.012295
 43   -0.484375 1.772799 3.185793 0.026625 0.337619 -0.074943
time 3
  0   -0.401123 2.578204 -27.160614 0.000000 0.058410 -1.414701
  1   -1.093036 0.000002 -0.326057 -3.088648 -0.049940 1.521002
  2   2.262337 0.113614 0.064702 0.023066 -0.067269 0.032967
  3   2.380047 0.353302 0.047440 -0.003990 0.246771 0.045933
  4   2.033756 0.190472 -0.000128 -0.007424 0.046872 -0.085640
  5   2.451511 0.204909 -0.003447 -0.038136 0.168634 -0.100684
  6   7.247600 -0.397300 -0.109469 0.000109 0.000009 0.156607
  7   -2.022252 -0.104661 3.136172 -3.159376 -1.117905 -0.137780
  8   1.168026 -0.537438 -0.063437 0.091928 -0.000588 -0.132024
  9   6.790376 -0.619176 0.015206 -0.311843 -2.222133 0.008602
 10   8.637599 0.544015 -0.090417 1.245145 0.798519 0.092697
 11   6.790465 -0.619039 0.017802 -0.229153 -0.625920 -0.060472
 12   -2.022474 -0.104699 -2.873818 0.289676 1.392420 -2.874219
 13   1.167898 -0.537463 0.063297 0.308661 -1.158746 -0.371835
 14   7.002743 -0.617765 -0.183752 -0.000966 -1.128970 -1.906866
 15   8.209042 0.615527 -0.255885 1.605251 -0.085937 0.026033
 16   7.002735 -0.617911 -0.183641 -0.370396 -0.772593 -0.961559
 17   1.574674 0.609930 -0.000899 0.103947 0.302826 -0.116361
 18   -0.602177 0.511412 -0.000006 0.000000 0.000000 0.000000
 19   3.677679 0.177020 1.119313 -0.000002 -0.000014 -0.174510
 20   3.677673 0.176993 -1.117566 0.000007 -0.000003 -0.174546
 21   3.942357 1.330634 1.627658 0.000002 -0.000011 -0.000026
 22   -0.246060 -0.011889 0.516521 -0.000011 0.000031 0.000025
 23   3.942374 1.330659 -1.631083 0.000019 0.000002 -0.000024
 24   -0.246150 -0.011872 -0.516511 -0.000005 -0.000006 0.000048
 25   4.941364 1.997338 1.629330 0.000018 -0.000001 -0.000024
 26   4.941382 1.997366 -1.629410 -0.000001 0.000005 -0.000024
 27   2.918368 1.615358 1.514501 -0.000019 -0.000022 -0.000050
 28   2.924704 1.614964 -1.501142 -0.000002 -0.000009 -0.000024
 29   8.824059 0.150544 0.091743 -0.000172 -0.001893 -0.174480
 30   2.111085 -0.561179 1.784320 -0.000008 -0.000682 0.000024
 31   2.121290 -0.561289 -1.853599 0.000000 0.000000 -0.000002
 32   -0.802676 -0.093824 3.127092 0.044066 -3.092712 0.195926
 33   14.298673 -0.408176 0.518454 -0.017394 -0.094868 -0.116030
 34   15.835795 0.581398 0.242756 -0.000811 0.023965 0.068310
 35   -0.831494 -0.091229 -3.114430 0.052734 3.300803 -0.139028
 36   14.294526 -0.410349 -0.455822 -0.024919 -0.122543 -0.964713
 37   15.834409 0.579420 -0.284600 0.109029 -0.048488 0.060374
 38   2.151435 -3.172490 -2.636307 0.047171 -0.352576 0.132882
 39   -4.457742 -1.054854 -0.746180 0.000312 -0.000024 -0.001655
 40   0.102445 -3.731028 3.049784 0.047171 -0.352563 0.132881
 41   -4.433840 -1.059130 0.959566 0.000311 -0.000024 -0.001655
 42   -0.075419 1.634800 -3.036281 -0.073058 -0.112139 0.012086
 43   -0.484375 1.772799 3.185793 0.026500 0.336756 -0.074902
time 4
  0   -0.401123 2.578204 -27.160614 0.000000 0.058410 -1.414701
  1   -1.093036 0.000002 -0.326057 -3.088648 -0.049940 1.521002
  2   2.262337 0.113614 0.064702 0.023066 -0.067269 0.032967
  3   2.380047 0.353302 0.047440 -0.004005 0.246759 0.045831
  4   2.033756 0.190472 -0.000128 -0.007424 0.046848 -0.085785
  5   2.451511 0.204909 -0.003447 -0.038308 0.168673 -0.100189
  6   7.247600 -0.397300 -0.109469 0.000193 -0.000003 0.156481
  7   -2.022252 -0.104661 3.136172 -3.159376 -1.117905 -0.137780
  8   1.168026 -0.537438 -0.063437 0.091928 -0.000588 -0.132024
  9   6.790376 -0.619176 0.015206 -0.311843 -2.222133 0.008602
 10   8.637599 0.544015 -0.090417 1.245145 0.798519 0.092697
 11   6.790465 -0.619039 0.017802 -0.229153 -0.625920 -0.060472
 12   -2.022474 -0.104699 -2.873818 0.289676 1.392420 -2.874219
 13   1.167898 -0.537463 0.063297 0.308661 -1.158746 -0.371835
 14   7.002743 -0.617765 -0.183752 -0.001593 -1.129026 -1.906371
 15   8.209042 0.615527 -0.255885 1.605179 -0.086164 0.027837
 16   7.002735 -0.617911 -0.183641 -0.370773 -0.772424 -0.961228
 17   1.574674 0.609930 -0.000899 0.103947 0.302826 -0.116361
 18   -0.602177 0.511412 -0.000006 0.000000 0.000000 0.000000
 19   3.673773 0.177020 1.119313 -0.000002 -0.000014 -0.174510
 20   3.677673 0.176993 -1.117566 0.000007 -0.000003 -0.174546
 21   3.942357 1.330634 1.627658 0.000002 -0.000011 -0.000026
 22   -0.246060 -0.011889 0.516521 -0.000011 0.000031 0.000025
 23   3.942374 1.330659 -1.631083 0.000019 0.000002 -0.000024
 24   -0.246150 -0.011872 -0.516511 -0.000005 -0.000006 0.000048
 25   4.941364 1.997338 1.629330 0.000018 -0.000001 -0.000024
 26   4.941382 1.997366 -1.629410 -0.000001 0.000005 -0.000024
 27   2.918368 1.615358 1.514501 -0.000019 -0.000022 -0.000050
 28   2.924704 1.614964 -1.501142 -0.000002 -0.000009 -0.000024
 29   8.824059 0.150544 0.091743 -0.000440 -0.003151 -0.174319
 30   2.111085 -0.561179 1.784320 -0.000008 -0.000682 0.000024
 31   2.121290 -0.561289 -1.853599 0.000000 0.000000 -0.000002
 32   -0.802676 -0.093824 3.127092 0.044066 -3.092712 0.195926
 33   14.298673 -0.408176 0.518454 -0.017394 -0.094868 -0.116030
 34   15.835795 0.581398 0.242756 -0.000811 0.023965 0.068310
 35   -0.831494 -0.091229 -3.114430 0.052734 3.300803 -0.139028
 36   14.294526 -0.410349 -0.455822 -0.024931 -0.122519 -0.964327
 37   15.834409 0.579420 -0.284600 0.109285 -0.048539 0.059512
 38   2.151435 -3.172490 -2.636307 0.047171 -0.352576 0.132882
 39   -4.457742 -1.054854 -0.746180 0.000539 -0.000048 -0.002917
 40   0.102445 -3.731028 3.049784 0.047171 -0.352563 0.132881
 41   -4.433840 -1.059130 0.959566 0.000538 -0.000048 -0.002917
 42   -0.075419 1.634800 -3.028468 -0.072818 -0.110851 0.011835
 43   -0.484375 1.772799 3.185793 0.026288 0.335579 -0.074818
time 5
  0   -0.401123 2.578204 -27.160614 0.000000 0.058410 -1.414701
  1   -1.093036 0.000002 -0.326057 -3.088648 -0.049940 1.521002
  2   2.262337 0.113614 0.064702 0.023066 -0.067269 0.032967
  3   2.380047 0.353302 0.047440 -0.004005 0.246747 0.045688
  4   2.033756 0.190472 -0.000128 -0.007369 0.046824 -0.086003
  5   2.451511 0.204909 -0.003447 -0.038513 0.168725 -0.099545
  6   7.247600 -0.397300 -0.109469 0.000289 -0.000027 0.156227
  7   -2.022252 -0.104661 3.136172 -3.159376 -1.117905 -0.137780
  8   1.168026 -0.537438 -0.063437 0.091928 -0.000588 -0.132024
  9   6.790376 -0.619176 0.015206 -0.311843 -2.222133 0.008602
 10   8.637599 0.544015 -0.090417 1.245145 0.798519 0.092697
 11   6.790465 -0.619039 0.017802 -0.229153 -0.625920 -0.060472
 12   -2.022474 -0.104699 -2.873818 0.289676 1.392420 -2.874219
 13   1.167898 -0.537463 0.063297 0.308661 -1.158746 -0.371835
 14   7.002743 -0.617765 -0.183752 -0.002447 -1.129254 -1.905546
 15   8.209042 0.615527 -0.255885 1.605107 -0.086542 0.030122
 16   7.002735 -0.617911 -0.183641 -0.371244 -0.772311 -0.960897
 17   1.574674 0.609930 -0.000899 0.103947 0.302826 -0.116361
 18   -0.602177 0.511412 -0.000006 0.000000 0.000000 0.000000
 19   3.677679 0.177020 1.119313 -0.000002 -0.000014 -0.174510
 20   3.677673 0.176993 -1.117566 0.000007 -0.000003 -0.174546
 21   3.942357 1.330634 1.627658 0.000002 -0.000011 -0.000026
 22   -0.246060 -0.011889 0.516521 -0.000011 0.000031 0.000025
 23   3.942374 1.330659 -1.631083 0.000019 0.000002 -0.000024
 24   -0.246150 -0.011872 -0.516511 -0.000005 -0.000006 0.000048
 25   4.941364 1.997338 1.629330 0.000018 -0.000001 -0.000024
 26   4.941382 1.997366 -1.629410 -0.000001 0.000005 -0.000024
 27   2.918368 1.615358 1.514501 -0.000019 -0.000022 -0.000050
 28   2.924704 1.614964 -1.501142 -0.000002 -0.000009 -0.000024
 29   8.824059 0.150544 0.091743 -0.000707 -0.004694 -0.174212
 30   2.111085 -0.561179 1.784320 -0.000008 -0.000682 0.000024
 31   2.121290 -0.561289 -1.853599 0.000000 0.000000 -0.000002
 32   -0.802676 -0.093824 3.127092 0.044066 -3.092712 0.195926
 33   14.298673 -0.408176 0.518454 -0.017394 -0.094868 -0.116030
 34   15.835795 0.581398 0.242756 -0.000811 0.023965 0.068310
 35   -0.831494 -0.091229 -3.114430 0.052734 3.300803 -0.139028
 36   14.294526 -0.410349 -0.455822 -0.024943 -0.122483 -0.963709
 37   15.834409 0.579420 -0.284600 0.109561 -0.048590 0.058498
 38   2.151435 -3.172490 -2.636307 0.047171 -0.352576 0.132882
 39   -4.457742 -1.054854 -0.746180 0.000851 -0.000084 -0.004515
 40   0.102445 -3.731028 3.049784 0.047171 -0.352563 0.132881
 41   -4.433840 -1.059130 0.959566 0.000850 -0.000084 -0.004515
 42   -0.075419 1.634800 -3.024562 -0.072543 -0.109241 0.011543
 43   -0.484375 1.772799 3.185793 0.026063 0.334104 -0.074776
time 6
  0   -0.401123 2.578204 -27.160614 0.000000 0.058410 -1.414701
  1   -1.093036 0.000002 -0.326057 -3.088648 -0.049940 1.521002
  2   2.262337 0.113614 0.064702 0.023066 -0.067269 0.032967
  3   2.380047 0.353302 0.047440 -0.004005 0.246735 0.045545
  4   2.033756 0.190472 -0.000128 -0.007295 0.046800 -0.086184
  5   2.451511 0.204909 -0.003447 -0.038718 0.168817 -0.098802
  6   7.247600 -0.397300 -0.109469 0.000408 -0.000063 0.155942
  7   -2.022252 -0.104661 3.136172 -3.159376 -1.117905 -0.137780
  8   1.168026 -0.537438 -0.063437 0.091928 -0.000588 -0.132024
  9   6.790376 -0.619176 0.015206 -0.311843 -2.222133 0.008602
 10   8.637599 0.544015 -0.090417 1.245145 0.798519 0.092697
 11   6.790465 -0.619039 0.017802 -0.229153 -0.625920 -0.060472
 12   -2.022474 -0.104699 -2.873818 0.289676 1.392420 -2.874219
 13   1.167898 -0.537463 0.063297 0.308661 -1.158746 -0.371835
 14   7.002743 -0.617765 -0.183752 -0.003471 -1.129481 -1.904556
 15   8.209042 0.615527 -0.255885 1.605035 -0.086996 0.032828
 16   7.002735 -0.617911 -0.183641 -0.371808 -0.772029 -0.960400
 17   1.574674 0.609930 -0.000899 0.103947 0.302826 -0.116361
 18   -0.602177 0.511412 -0.000006 0.000000 0.000000 0.000000
 19   3.673773 0.177020 1.119313 -0.000002 -0.000014 -0.174510
 20   3.677673 0.176993 -1.117566 0.000007 -0.000003 -0.174546
 21   3.942357 1.330634 1.627658 0.000002 -0.000011 -0.000026
 22   -0.246060 -0.011889 0.516521 -0.000011 0.000031 0.000025
 23   3.942374 1.330659 -1.631083 0.000019 0.000002 -0.000024
 24   -0.246150 -0.011872 -0.516511 -0.000005 -0.000006 0.000048
 25   4.941364 1.997338 1.629330 0.000018 -0.000001 -0.000024
 26   4.941382 1.997366 -1.629410 -0.000001 0.000005 -0.000024
 27   2.918368 1.615358 1.514501 -0.000019 -0.000022 -0.000050
 28   2.924704 1.614964 -1.501142 -0.000002 -0.000009 -0.000024
 29   8.824059 0.150544 0.091743 -0.000974 -0.006617 -0.174051
 30   2.111085 -0.561179 1.784320 -0.000008 -0.000682 0.000024
 31   2.121290 -0.561289 -1.853599 0.000000 0.000000 -0.000002
 32   -0.802676 -0.093824 3.127092 0.044066 -3.092712 0.195926
 33   14.298673 -0.408176 0.518454 -0.017394 -0.094868 -0.116030
 34   15.835795 0.581398 0.242756 -0.000811 0.023965 0.068310
 35   -0.831494 -0.091229 -3.114430 0.052734 3.300803 -0.139028
 36   14.294526 -0.410349 -0.455822 -0.024967 -0.122459 -0.963091
 37   15.834409 0.579420 -0.284600 0.109896 -0.048616 0.057281
 38   2.151435 -3.172490 -2.636307 0.047171 -0.352576 0.132882
 39   -4.457742 -1.054854 -0.746180 0.001198 -0.000120 -0.006394
 40   0.102445 -3.731028 3.049784 0.047171 -0.352563 0.132881
 41   -4.433840 -1.059130 0.959566 0.001197 -0.000120 -0.006394
 42   -0.075419 1.634800 -3.024562 -0.072195 -0.107309 0.011166
 43   -0.484375 1.772799 3.185793 0.025763 0.332331 -0.074651
time 7
  0   -0.401123 2.578204 -27.160614 0.000000 0.058410 -1.414701
  1   -1.093036 0.000002 -0.326057 -3.088648 -0.049940 1.521002
  2   2.262337 0.113614 0.064702 0.023066 -0.067269 0.032967
  3   2.380047 0.353302 0.047440 -0.004020 0.246711 0.045382
  4   2.033756 0.190472 -0.000128 -0.007258 0.046776 -0.086474
  5   2.451511 0.204909 -0.003447 -0.038992 0.168895 -0.097935
  6   7.247600 -0.397300 -0.109469 0.000552 -0.000099 0.155625
  7   -2.022252 -0.104661 3.136172 -3.159376 -1.117905 -0.137780
  8   1.168026 -0.537438 -0.063437 0.091928 -0.000588 -0.132024
  9   6.790376 -0.619176 0.015206 -0.311843 -2.222133 0.008602
 10   8.637599 0.544015 -0.090417 1.245145 0.798519 0.092697
 11   6.790465 -0.619039 0.017802 -0.229153 -0.625920 -0.060472
 12   -2.022474 -0.104699 -2.873818 0.289676 1.392420 -2.874219
 13   1.167898 -0.537463 0.063297 0.308661 -1.158746 -0.371835
 14   7.002743 -0.617765 -0.183752 -0.004667 -1.129708 -1.903483
 15   8.209042 0.615527 -0.255885 1.604891 -0.087298 0.035955
 16   7.002735 -0.617911 -0.183641 -0.372515 -0.771747 -0.959848
 17   1.574674 0.609930 -0.000899 0.103947 0.302826 -0.116361
 18   -0.602177 0.511412 -0.000006 0.000000 0.000000 0.000000
 19   3.677679 0.177020 1.119313 -0.000002 -0.000014 -0.174510
 20   3.677673 0.176993 -1.117566 0.000007 -0.000003 -0.174546
 21   3.942357 1.330634 1.627658 0.000002 -0.000011 -0.000026
 22   -0.246060 -0.011889 0.516521 -0.000011 0.000031 0.000025
 23   3.942374 1.330659 -1.631083 0.000019 0.000002 -0.000024
 24   -0.246150 -0.011872 -0.516511 -0.000005 -0.000006 0.000048
 25   4.941364 1.997338 1.629330 0.000018 -0.000001 -0.000024
 26   4.941382 1.997366 -1.629410 -0.000001 0.000005 -0.000024
 27   2.918368 1.615358 1.514501 -0.000019 -0.000022 -0.000050
 28   2.924704 1.614964 -1.501142 -0.000002 -0.000009 -0.000024
 29   8.824059 0.150544 0.091743 -0.001420 -0.008777 -0.173890
 30   2.111085 -0.561179 1.784320 -0.000008 -0.000682 0.000024
 31   2.121290 -0.561289 -1.853599 0.000000 0.000000 -0.000002
 32   -0.802676 -0.093824 3.127092 0.044066 -3.092712 0.195926
 33   14.298673 -0.408176 0.518454 -0.017394 -0.094868 -0.116030
 34   15.835795 0.581398 0.242756 -0.000811 0.023965 0.068310
 35   -0.831494 -0.091229 -3.114430 0.052734 3.300803 -0.139028
 36   14.294526 -0.410349 -0.455822 -0.024991 -0.122411 -0.962473
 37   15.834409 0.579420 -0.284600 0.110290 -0.048718 0.055963
 38   2.151435 -3.172490 -2.636307 0.047171 -0.352576 0.132882
 39   -4.457742 -1.054854 -0.746180 0.001630 -0.000168 -0.008582
 40   0.102445 -3.731028 3.049784 0.047171 -0.352563 0.132881
 41   -4.433840 -1.059130 0.959566 0.001629 -0.000168 -0.008582
 42   -0.075419 1.634800 -3.016749 -0.071800 -0.105086 0.010706
 43   -0.484375 1.772799 3.185793 0.025438 0.330291 -0.074567
time 8
  0   -0.401123 2.578204 -27.160614 0.000000 0.058410 -1.414701
  1   -1.093036 0.000002 -0.326057 -3.088648 -0.049940 1.521002
  2   2.262337 0.113614 0.064702 0.023066 -0.067269 0.032967
  3   2.380047 0.353302 0.047440 -0.004020 0.246687 0.045239
  4   2.033756 0.190472 -0.000128 -0.007166 0.046740 -0.086764
  5   2.451511 0.204909 -0.003447 -0.039283 0.168973 -0.096944
  6   7.247600 -0.397300 -0.109469 0.000708 -0.000135 0.155340
  7   -2.022252 -0.104661 3.136172 -3.159376 -1.117905 -0.137780
  8   1.168026 -0.537438 -0.063437 0.091928 -0.000588 -0.132024
  9   6.790376 -0.619176 0.015206 -0.311843 -2.222133 0.008602
 10   8.637599 0.544015 -0.090417 1.245145 0.798519 0.092697
 11   6.790465 -0.619039 0.017802 -0.229153 -0.625920 -0.060472
 12   -2.022474 -0.104699 -2.873818 0.289676 1.392420 -2.874219
 13   1.167898 -0.537463 0.063297 0.308661 -1.158746 -0.371835
 14   7.002743 -0.617765 -0.183752 -0.005919 -1.129935 -1.902163
 15   8.209042 0.615527 -0.255885 1.604819 -0.087904 0.039443
 16   7.002735 -0.617911 -0.183641 -0.373221 -0.771465 -0.959296
 17   1.574674 0.609930 -0.000899 0.103947 0.302826 -0.116361
 18   -0.602177 0.511412 -0.000006 0.000000 0.000000 0.000000
 19   3.673773 0.177020 1.119313 -0.000002 -0.000014 -0.174510
 20   3.677673 0.176993 -1.117566 0.000007 -0.000003 -0.174546
 21   3.942357 1.330634 1.627658 0.000002 -0.000011 -0.000026
 22   -0.246060 -0.011889 0.516521 -0.000011 0.000031 0.000025
 23   3.942374 1.330659 -1.631083 0.000019 0.000002 -0.000024
 24   -0.246150 -0.011872 -0.516511 -0.000005 -0.000006 0.000048
 25   4.941364 1.997338 1.629330 0.000018 -0.000001 -0.000024
 26   4.941382 1.997366 -1.629410 -0.000001 0.000005 -0.000024
 27   2.918368 1.615358 1.514501 -0.000019 -0.000022 -0.000050
 28   2.924704 1.614964 -1.501142 -0.000002 -0.000009 -0.000024
 29   8.824059 0.150544 0.091743 -0.001866 -0.011198 -0.173729
 30   2.111085 -0.561179 1.784320 -0.000008 -0.000682 0.000024
 31   2.121290 -0.561289 -1.853599 0.000000 0.000000 -0.000002
 32   -0.802676 -0.093824 3.127092 0.044066 -3.092712 0.195926
 33   14.298673 -0.408176 0.518454 -0.017394 -0.094868 -0.116030
 34   15.835795 0.581398 0.242756 -0.000811 0.023965 0.068310
 35   -0.831494 -0.091229 -3.114430 0.052734 3.300803 -0.139028
 36   14.294526 -0.410349 -0.455822 -0.025015 -0.122363 -0.961623
 37   15.834409 0.579420 -0.284600 0.110743 -0.048795 0.054391
 38   2.151435 -3.172490 -2.636307 0.047171 -0.352576 0.132882
 39   -4.457742 -1.047041 -0.746180 0.002073 -0.000204 -0.011022
 40   0.102445 -3.731028 3.049784 0.047171 -0.352563 0.132881
 41   -4.433840 -1.066943 0.959566 0.002072 -0.000204 -0.011022
 42   -0.075419 1.634800 -3.012843 -0.071344 -0.102602 0.010204
 43   -0.484375 1.772799 3.185793 0.025051 0.327969 -0.074442
time 9
  0   -0.401123 2.578204 -27.160614 0.000000 0.058410 -1.414701
  1   -1.093036 0.000002 -0.326057 -3.088648 -0.049940 1.521002
  2   2.262337 0.113614 0.064702 0.023066 -0.067269 0.032967
  3   2.380047 0.353302 0.047440 -0.004020 0.246651 0.045035
  4   2.033756 0.190472 -0.000128 -0.007092 0.046692 -0.087054
  5   2.451511 0.204909 -0.003447 -0.039626 0.169078 -0.095879
  6   7.247600 -0.397300 -0.109469 0.000900 -0.000183 0.154928
  7   -2.022252 -0.104661 3.136172 -3.159376 -1.117905 -0.137780
  8   1.168026 -0.537438 -0.063437 0.091928 -0.000588 -0.132024
  9   6.790376 -0.619176 0.015206 -0.311843 -2.222133 0.008602
 10   8.637599 0.544015 -0.090417 1.245145 0.798519 0.092697
 11   6.790465 -0.619039 0.017802 -0.229153 -0.625920 -0.060472
 12   -2.022474 -0.104699 -2.873818 0.289676 1.392420 -2.874219
 13   1.167898 -0.537463 0.063297 0.308661 -1.158746 -0.371835
 14   7.002743 -0.617765 -0.183752 -0.007457 -1.130276 -1.900843
 15   8.209042 0.615527 -0.255885 1.604676 -0.088358 0.043352
 16   7.002735 -0.617911 -0.183641 -0.374068 -0.771183 -0.958689
 17   1.574674 0.609930 -0.000899 0.103947 0.302826 -0.116361
 18   -0.602177 0.511412 -0.000006 0.000000 0.000000 0.000000
 19   3.677679 0.177020 1.119313 -0.000002 -0.000014 -0.174510
 20   3.677673 0.176993 -1.117566 0.000007 -0.000003 -0.174546
 21   3.942357 1.330634 1.627658 0.000002 -0.000011 -0.000026
 22   -0.246060 -0.011889 0.516521 -0.000011 0.000031 0.000025
 23   3.942374 1.330659 -1.631083 0.000019 0.000002 -0.000024
 24   -0.246150 -0.011872 -0.516511 -0.000005 -0.000006 0.000048
 25   4.941364 1.997338 1.629330 0.000018 -0.000001 -0.000024
 26   4.941382 1.997366 -1.629410 -0.000001 0.000005 -0.000024
 27   2.918368 1.615358 1.514501 -0.000019 -0.000022 -0.000050
 28   2.924704 1.614964 -1.501142 -0.000002 -0.000009 -0.000024
 29   8.824059 0.150544 0.091743 -0.002311 -0.013880 -0.173407
 30   2.111085 -0.561179 1.784320 -0.000008 -0.000682 0.000024
 31   2.121290 -0.561289 -1.853599 0.000000 0.000000 -0.000002
 32   -0.802676 -0.093824 3.127092 0.044066 -3.092712 0.195926
 33   14.298673 -0.408176 0.518454 -0.017394 -0.094868 -0.116030
 34   15.835795 0.581398 0.242756 -0.000811 0.023965 0.068310
 35   -0.831494 -0.091229 -3.114430 0.052734 3.300803 -0.139028
 36   14.294526 -0.410349 -0.455822 -0.025039 -0.122315 -0.960851
 37   15.834409 0.579420 -0.284600 0.111216 -0.048871 0.052566
 38   2.151435 -3.172490 -2.636307 0.047171 -0.352576 0.132882
 39   -4.457742 -1.047041 -0.746180 0.002601 -0.000264 -0.013714
 40   0.102445 -3.731028 3.049784 0.047171 -0.352563 0.132881
 41   -4.433840 -1.066943 0.959566 0.002600 -0.000264 -0.013714
 42   -0.075419 1.634800 -3.005030 -0.070865 -0.099842 0.009702
 43   -0.484375 1.772799 3.185793 0.024626 0.325458 -0.074316
time 10
  0   -0.401123 2.578204 -27.160614 0.000000 0.058410 -1.414701
  1   -1.093036 0.000002 -0.326057 -3.088648 -0.049940 1.521002
  2   2.262337 0.113614 0.064702 0.023066 -0.067269 0.032967
  3   2.380047 0.353302 0.047440 -0.004035 0.246627 0.044790
  4   2.033756 0.190472 -0.000128 -0.007037 0.046656 -0.087380
  5   2.451511 0.204909 -0.003447 -0.039985 0.169169 -0.094715
  6   7.247600 -0.397300 -0.109469 0.001092 -0.000231 0.154548
  7   -2.022252 -0.104661 3.136172 -3.159376 -1.117905 -0.137780
  8   1.168026 -0.537438 -0.063437 0.091928 -0.000588 -0.132024
  9   6.790376 -0.619176 0.015206 -0.311843 -2.222133 0.008602
 10   8.637599 0.544015 -0.090417 1.245145 0.798519 0.092697
 11   6.790465 -0.619039 0.017802 -0.229153 -0.625920 -0.060472
 12   -2.022474 -0.104699 -2.873818 0.289676 1.392420 -2.874219
 13   1.167898 -0.537463 0.063297 0.308661 -1.158746 -0.371835
 14   7.002743 -0.617765 -0.183752 -0.008994 -1.130560 -1.899358
 15   8.209042 0.615527 -0.255885 1.604532 -0.089039 0.047622
 16   7.002735 -0.617911 -0.183641 -0.374963 -0.770845 -0.957916
 17   1.574674 0.609930 -0.000899 0.103947 0.302826 -0.116361
 18   -0.602177 0.511412 -0.000006 0.000000 0.000000 0.000000
 19   3.677679 0.177020 1.119313 -0.000002 -0.000014 -0.174510
 20   3.677673 0.176993 -1.117566 0.000007 -0.000003 -0.174546
 21   3.942357 1.330634 1.627658 0.000002 -0.000011 -0.000026
 22   -0.246060 -0.011889 0.516521 -0.000011 0.000031 0.000025
 23   3.942374 1.330659 -1.631083 0.000019 0.000002 -0.000024
 24   -0.246150 -0.011872 -0.516511 -0.000005 -0.000006 0.000048
 25   4.941364 1.997338 1.629330 0.000018 -0.000001 -0.000024
 26   4.941382 1.997366 -1.629410 -0.000001 0.000005 -0.000024
 27   2.918368 1.623171 1.514501 -0.000019 -0.000022 -0.000050
 28   2.924704 1.614964 -1.501142 -0.000002 -0.000009 -0.000024
 29   8.824059 0.150544 0.091743 -0.002935 -0.016824 -0.173246
 30   2.111085 -0.561179 1.784320 -0.000008 -0.000682 0.000024
 31   2.121290 -0.561289 -1.853599 0.000000 0.000000 -0.000002
 32   -0.802676 -0.093824 3.127092 0.044066 -3.092712 0.195926
 33   14.298673 -0.408176 0.518454 -0.017394 -0.094868 -0.116030
 34   15.835795 0.581398 0.242756 -0.000811 0.023965 0.068310
 35   -0.831494 -0.091229 -3.114430 0.052734 3.300803 -0.139028
 36   14.294526 -0.410349 -0.455822 -0.025063 -0.122267 -0.959924
 37   15.834409 0.579420 -0.284600 0.111748 -0.048974 0.050690
 38   2.151435 -3.172490 -2.636307 0.047171 -0.352576 0.132882
 39   -4.457742 -1.047041 -0.746180 0.003164 -0.000324 -0.016631
 40   0.102445 -3.731028 3.049784 0.047171 -0.352563 0.132881
 41   -4.433840 -1.066943 0.959566 0.003163 -0.000324 -0.016631
 42   -0.075419 1.638706 -2.997217 -0.070338 -0.096883 0.009075
 43   -0.484375 1.772799 3.185793 0.024189 0.322712 -0.074149
time 11
  0   -0.401123 2.578204 -27.160614 0.000000 0.058410 -1.414701
  1   -1.093036 0.000002 -0.326057 -3.088648 -0.049940 1.521002
  2   2.262337 0.113614 0.064702 0.023066 -0.067269 0.032967
  3   2.380047 0.353302 0.047440 -0.004035 0.246591 0.044586
  4   2.033756 0.190472 -0.000128 -0.006926 0.046608 -0.087779
  5   2.451511 0.204909 -0.003447 -0.040379 0.169300 -0.093502
  6   7.247600 -0.397300 -0.109469 0.001295 -0.000279 0.154073
  7   -2.022252 -0.104661 3.136172 -3.159376 -1.117905 -0.137780
  8   1.168026 -0.537438 -0.063437 0.091928 -0.000588 -0.132024
  9   6.790376 -0.619176 0.015206 -0.311843 -2.222133 0.008602
 10   8.637599 0.544015 -0.090417 1.245145 0.798519 0.092697
 11   6.790465 -0.619039 0.017802 -0.229153 -0.625920 -0.060472
 12   -2.022474 -0.104699 -2.873818 0.289676 1.392420 -2.874219
 13   1.167898 -0.537463 0.063297 0.308661 -1.158746 -0.371835
 14   7.002743 -0.617765 -0.183752 -0.010645 -1.130844 -1.897708
 15   8.209042 0.615527 -0.255885 1.604244 -0.089644 0.052132
 16   7.002735 -0.617911 -0.183641 -0.375904 -0.770450 -0.957254
 17   1.574674 0.609930 -0.000899 0.103947 0.302826 -0.116361
 18   -0.602177 0.511412 -0.000006 0.000000 0.000000 0.000000
 19   3.673773 0.177020 1.119313 -0.000002 -0.000014 -0.174510
 20   3.673767 0.176993 -1.117566 0.000007 -0.000003 -0.174546
 21   3.938451 1.330634 1.627658 0.000002 -0.000011 -0.000026
 22   -0.246060 -0.011889 0.516521 -0.000011 0.000031 0.000025
 23   3.942374 1.330659 -1.631083 0.000019 0.000002 -0.000024
 24   -0.246150 -0.011872 -0.516511 -0.000005 -0.000006 0.000048
 25   4.941364 1.997338 1.629330 0.000018 -0.000001 -0.000024
 26   4.941382 1.997366 -1.629410 -0.000001 0.000005 -0.000024
 27   2.918368 1.615358 1.514501 -0.000019 -0.000022 -0.000050
 28   2.924704 1.614964 -1.501142 -0.000002 -0.000009 -0.000024
 29   8.824059 0.150544 0.091743 -0.003470 -0.019934 -0.172978
 30   2.111085 -0.561179 1.784320 -0.000008 -0.000682 0.000024
 31   2.121290 -0.561289 -1.853599 0.000000 0.000000 -0.000002
 32   -0.802676 -0.093824 3.127092 0.044066 -3.092712 0.195926
 33   14.298673 -0.408176 0.518454 -0.017394 -0.094868 -0.116030
 34   15.835795 0.581398 0.242756 -0.000811 0.023965 0.068310
 35   -0.831494 -0.091229 -3.114430 0.052734 3.300803 -0.139028
 36   14.294526 -0.410349 -0.455822 -0.025099 -0.122207 -0.958765
 37   15.834409 0.579420 -0.284600 0.112339 -0.049051 0.048662
 38   2.151435 -3.172490 -2.636307 0.047171 -0.352576 0.132882
 39   -4.457742 -1.047041 -0.746180 0.003739 -0.000384 -0.019772
 40   0.102445 -3.731028 3.049784 0.047171 -0.352563 0.132881
 41   -4.433840 -1.066943 0.959566 0.003738 -0.000384 -0.019772
 42   -0.075419 1.638706 -2.993311 -0.069750 -0.093648 0.008490
 43   -0.484375 1.772799 3.185793 0.023689 0.319731 -0.074023
time 12
  0   -0.401123 2.578204 -27.160614 0.000000 0.058410 -1.414701
  1   -1.093036 0.000002 -0.326057 -3.088648 -0.049940 1.521002
  2   2.262337 0.113614 0.064702 0.023066 -0.067269 0.032967
  3   2.380047 0.353302 0.047440 -0.004050 0.246567 0.044321
  4   2.033756 0.190472 -0.000128 -0.006834 0.046560 -0.088214
  5   2.451511 0.204909 -0.003447 -0.040755 0.169404 -0.092165
  6   7.247600 -0.397300 -0.109469 0.001511 -0.000339 0.153598
  7   -2.022252 -0.104661 3.136172 -3.159376 -1.117905 -0.137780
  8   1.168026 -0.537438 -0.063437 0.091928 -0.000588 -0.132024
  9   6.790376 -0.619176 0.015206 -0.311843 -2.222133 0.008602
 10   8.637599 0.544015 -0.090417 1.245145 0.798519 0.092697
 11   6.790465 -0.619039 0.017802 -0.229153 -0.625920 -0.060472
 12   -2.022474 -0.104699 -2.873818 0.289676 1.392420 -2.874219
 13   1.167898 -0.537463 0.063297 0.308661 -1.158746 -0.371835
 14   7.002743 -0.617765 -0.183752 -0.012467 -1.131241 -1.896058
 15   8.209042 0.615527 -0.255885 1.604028 -0.090325 0.056943
 16   7.002735 -0.617911 -0.183641 -0.376940 -0.770112 -0.956426
 17   1.574674 0.609930 -0.000899 0.103947 0.302826 -0.116361
 18   -0.602177 0.511412 -0.000006 0.000000 0.000000 0.000000
 19   3.673773 0.177020 1.119313 -0.000002 -0.000014 -0.174510
 20   3.673767 0.176993 -1.117566 0.000007 -0.000003 -0.174546
 21   3.938451 1.330634 1.627658 0.000002 -0.000011 -0.000026
 22   -0.246060 -0.011889 0.516521 -0.000011 0.000031 0.000025
 23   3.942374 1.330659 -1.631083 0.000019 0.000002 -0.000024
 24   -0.246150 -0.011872 -0.516511 -0.000005 -0.000006 0.000048
 25   4.941364 1.997338 1.629330 0.000018 -0.000001 -0.000024
 26   4.941382 1.997366 -1.629410 -0.000001 0.000005 -0.000024
 27   2.918368 1.615358 1.514501 -0.000019 -0.000022 -0.000050
 28   2.920798 1.614964 -1.501142 -0.000002 -0.000009 -0.000024
 29   8.824059 0.150544 0.091743 -0.004094 -0.023281 -0.172656
 30   2.111085 -0.561179 1.784320 -0.000008 -0.000682 0.000024
 31   2.121290 -0.561289 -1.853599 0.000000 0.000000 -0.000002
 32   -0.802676 -0.093824 3.127092 0.044066 -3.092712 0.195926
 33   14.298673 -0.408176 0.518454 -0.017394 -0.094868 -0.116030
 34   15.835795 0.581398 0.242756 -0.000811 0.023965 0.068310
 35   -0.831494 -0.091229 -3.114430 0.052734 3.300803 -0.139028
 36   14.294526 -0.410349 -0.455822 -0.025123 -0.122135 -0.957761
 37   15.834409 0.579420 -0.284600 0.112950 -0.049179 0.046583
 38   2.151435 -3.172490 -2.636307 0.047171 -0.352576 0.132882
 39   -4.457742 -1.043135 -0.746180 0.004374 -0.000431 -0.023138
 40   0.102445 -3.731028 3.049784 0.047171 -0.352563 0.132881
 41   -4.433840 -1.070849 0.959566 0.004373 -0.000431 -0.023138
 42   -0.075419 1.638706 -2.985498 -0.069139 -0.090244 0.007821
 43   -0.484375 1.772799 3.185793 0.023177 0.316608 -0.073856
time 13
  0   -0.401123 2.578204 -27.160614 0.000000 0.058410 -1.414701
  1   -1.093036 0.000002 -0.326057 -3.088648 -0.049940 1.521002
  2   2.262337 0.113614 0.064702 0.023066 -0.067269 0.032967
  3   2.380047 0.353302 0.047440 -0.004050 0.246531 0.044035
  4   2.033756 0.190472 -0.000128 -0.006760 0.046512 -0.088576
  5   2.451511 0.204909 -0.003447 -0.041200 0.169548 -0.090753
  6   7.247600 -0.397300 -0.109469 0.001763 -0.000387 0.153091
  7   -2.022252 -0.104661 3.136172 -3.159376 -1.117905 -0.137780
  8   1.168026 -0.537438 -0.063437 0.091928 -0.000588 -0.132024
  9   6.790376 -0.619176 0.015206 -0.311843 -2.222133 0.008602
 10   8.637599 0.544015 -0.090417 1.245145 0.798519 0.092697
 11   6.790465 -0.619039 0.017802 -0.229153 -0.625920 -0.060472
 12   -2.022474 -0.104699 -2.873818 0.289676 1.392420 -2.874219
 13   1.167898 -0.537463 0.063297 0.308661 -1.158746 -0.371835
 14   7.002743 -0.617765 -0.183752 -0.014288 -1.131639 -1.894160
 15   8.209042 0.615527 -0.255885 1.603885 -0.091006 0.062115
 16   7.002735 -0.617911 -0.183641 -0.378022 -0.769661 -0.955543
 17   1.574674 0.609930 -0.000899 0.103947 0.302826 -0.116361
 18   -0.602177 0.511412 -0.000006 0.000000 0.000000 0.000000
 19   3.677679 0.177020 1.119313 -0.000002 -0.000014 -0.174510
 20   3.677673 0.176993 -1.117566 0.000007 -0.000003 -0.174546
 21   3.942357 1.330634 1.627658 0.000002 -0.000011 -0.000026
 22   -0.246060 -0.011889 0.516521 -0.000011 0.000031 0.000025
 23   3.942374 1.330659 -1.631083 0.000019 0.000002 -0.000024
 24   -0.246150 -0.011872 -0.516511 -0.000005 -0.000006 0.000048
 25   4.941364 1.997338 1.629330 0.000018 -0.000001 -0.000024
 26   4.941382 1.997366 -1.629410 -0.000001 0.000005 -0.000024
 27   2.918368 1.615358 1.514501 -0.000019 -0.000022 -0.000050
 28   2.924704 1.614964 -1.501142 -0.000002 -0.000009 -0.000024
 29   8.824059 0.150544 0.091743 -0.004717 -0.026794 -0.172388
 30   2.111085 -0.561179 1.784320 -0.000008 -0.000682 0.000024
 31   2.121290 -0.561289 -1.853599 0.000000 0.000000 -0.000002
 32   -0.802676 -0.093824 3.127092 0.044066 -3.092712 0.195926
 33   14.298673 -0.408176 0.518454 -0.017394 -0.094868 -0.116030
 34   15.835795 0.581398 0.242756 -0.000811 0.023965 0.068310
 35   -0.831494 -0.091229 -3.114430 0.052734 3.300803 -0.139028
 36   14.294526 -0.410349 -0.455822 -0.025171 -0.122063 -0.956680
 37   15.834409 0.579420 -0.284600 0.113600 -0.049307 0.044251
 38   2.151435 -3.172490 -2.636307 0.047171 -0.352576 0.132882
 39   -4.457742 -1.043135 -0.746180 0.005046 -0.000503 -0.026643
 40   0.102445 -3.731028 3.049784 0.047171 -0.352563 0.132881
 41   -4.433840 -1.070849 0.959566 0.005045 -0.000503 -0.026643
 42   -0.075419 1.646519 -2.973779 -0.068504 -0.086641 0.007110
 43   -0.484375 1.772799 3.185793 0.022652 0.313281 -0.073689
time 14
  0   -0.401123 2.578204 -27.160614 0.000000 0.058410 -1.414701
  1   -1.093036 0.000002 -0.326057 -3.088648 -0.049940 1.521002
  2   2.262337 0.113614 0.064702 0.023066 -0.067269 0.032967
  3   2.380047 0.353302 0.047440 -0.004065 0.246495 0.043770
  4   2.033756 0.190472 -0.000128 -0.006668 0.046464 -0.089011
  5   2.451511 0.204909 -0.003447 -0.041645 0.169678 -0.089292
  6   7.247600 -0.397300 -0.109469 0.001990 -0.000446 0.152584
  7   -2.022252 -0.104661 3.136172 -3.159376 -1.117905 -0.137780
  8   1.168026 -0.537438 -0.063437 0.091928 -0.000588 -0.132024
  9   6.790376 -0.619176 0.015206 -0.311843 -2.222133 0.008602
 10   8.637599 0.544015 -0.090417 1.245145 0.798519 0.092697
 11   6.790465 -0.619039 0.017802 -0.229153 -0.625920 -0.060472
 12   -2.022474 -0.104699 -2.873818 0.289676 1.392420 -2.874219
 13   1.167898 -0.537463 0.063297 0.308661 -1.158746 -0.371835
 14   7.002743 -0.617765 -0.183752 -0.016224 -1.132036 -1.892345
 15   8.209042 0.615527 -0.255885 1.603597 -0.091687 0.067407
 16   7.002735 -0.617911 -0.183641 -0.379152 -0.769266 -0.954715
 17   1.574674 0.609930 -0.000899 0.103947 0.302826 -0.116361
 18   -0.602177 0.511412 -0.000006 0.000000 0.000000 0.000000
 19   3.673773 0.177020 1.119313 -0.000002 -0.000014 -0.174510
 20   3.673767 0.176993 -1.117566 0.000007 -0.000003 -0.174546
 21   3.942357 1.330634 1.627658 0.000002 -0.000011 -0.000026
 22   -0.246060 -0.011889 0.516521 -0.000011 0.000031 0.000025
 23   3.942374 1.330659 -1.631083 0.000019 0.000002 -0.000024
 24   -0.246150 -0.011872 -0.516511 -0.000005 -0.000006 0.000048
 25   4.941364 1.997338 1.629330 0.000018 -0.000001 -0.000024
 26   4.941382 1.997366 -1.629410 -0.000001 0.000005 -0.000024
 27   2.918368 1.615358 1.514501 -0.000019 -0.000022 -0.000050
 28   2.924704 1.614964 -1.501142 -0.000002 -0.000009 -0.000024
 29   8.824059 0.150544 0.091743 -0.005252 -0.030449 -0.172066
 30   2.111085 -0.561179 1.784320 -0.000008 -0.000682 0.000024
 31   2.121290 -0.561289 -1.853599 0.000000 0.000000 -0.000002
 32   -0.802676 -0.093824 3.127092 0.044066 -3.092712 0.195926
 33   14.298673 -0.408176 0.518454 -0.017394 -0.094868 -0.116030
 34   15.835795 0.581398 0.242756 -0.000811 0.023965 0.068310
 35   -0.831494 -0.091229 -3.114430 0.052734 3.300803 -0.139028
 36   14.294526 -0.410349 -0.455822 -0.025207 -0.122003 -0.955444
 37   15.834409 0.579420 -0.284600 0.114270 -0.049409 0.041868
 38   2.151435 -3.172490 -2.636307 0.047171 -0.352576 0.132882
 39   -4.457742 -1.035322 -0.746180 0.005765 -0.000575 -0.030345
 40   0.102445 -3.731028 3.049784 0.047171 -0.352563 0.132881
 41   -4.433840 -1.078662 0.959566 0.005764 -0.000575 -0.030345
 42   -0.075419 1.646519 -2.962060 -0.067833 -0.082900 0.006357
 43   -0.484375 1.772799 3.185793 0.022065 0.309814 -0.073480
time 15
  0   -0.401123 2.578204 -27.160614 0.000000 0.058410 -1.414701
  1   -1.093036 0.000002 -0.326057 -3.088648 -0.049940 1.521002
  2   2.262337 0.113614 0.064702 0.023066 -0.067269 0.032967
  3   2.380047 0.353302 0.047440 -0.004065 0.246435 0.043484
  4   2.033756 0.190472 -0.000128 -0.006539 0.046416 -0.089519
  5   2.451511 0.204909 -0.003447 -0.042125 0.169835 -0.087756
  6   7.247600 -0.397300 -0.109469 0.002242 -0.000506 0.152078
  7   -2.022252 -0.104661 3.136172 -3.159376 -1.117905 -0.137780
  8   1.168026 -0.537438 -0.063437 0.091928 -0.000588 -0.132024
  9   6.790376 -0.619176 0.015206 -0.311843 -2.222133 0.008602
 10   8.637599 0.544015 -0.090417 1.245145 0.798519 0.092697
 11   6.790465 -0.619039 0.017802 -0.229153 -0.625920 -0.060472
 12   -2.022474 -0.104699 -2.873818 0.289676 1.392420 -2.874219
 13   1.167898 -0.537463 0.063297 0.308661 -1.158746 -0.371835
 14   7.002743 -0.617765 -0.183752 -0.018331 -1.132377 -1.890365
 15   8.209042 0.615527 -0.255885 1.603381 -0.092368 0.073000
 16   7.002735 -0.617911 -0.183641 -0.380282 -0.768815 -0.953832
 17   1.574674 0.609930 -0.000899 0.103947 0.302826 -0.116361
 18   -0.602177 0.511412 -0.000006 0.000000 0.000000 0.000000
 19   3.673773 0.177020 1.119313 -0.000002 -0.000014 -0.174510
 20   3.677673 0.176993 -1.117566 0.000007 -0.000003 -0.174546
 21   3.942357 1.330634 1.627658 0.000002 -0.000011 -0.000026
 22   -0.246060 -0.011889 0.516521 -0.000011 0.000031 0.000025
 23   3.942374 1.330659 -1.631083 0.000019 0.000002 -0.000024
 24   -0.246150 -0.011872 -0.516511 -0.000005 -0.000006 0.000048
 25   4.941364 1.997338 1.629330 0.000018 -0.000001 -0.000024
 26   4.941382 1.997366 -1.629410 -0.000001 0.000005 -0.000024
 27   2.918368 1.615358 1.514501 -0.000019 -0.000022 -0.000050
 28   2.924704 1.614964 -1.501142 -0.000002 -0.000009 -0.000024
 29   8.824059 0.150544 0.091743 -0.005965 -0.034319 -0.171744
 30   2.111085 -0.561179 1.784320 -0.000008 -0.000682 0.000024
 31   2.121290 -0.561289 -1.853599 0.000000 0.000000 -0.000002
 32   -0.802676 -0.093824 3.127092 0.044066 -3.092712 0.195926
 33   14.298673 -0.408176 0.518454 -0.017394 -0.094868 -0.116030
 34   15.835795 0.581398 0.242756 -0.000811 0.023965 0.068310
 35   -0.831494 -0.091229 -3.114430 0.052734 3.300803 -0.139028
 36   14.294526 -0.410349 -0.455822 -0.025243 -0.121931 -0.954208
 37   15.834409 0.579420 -0.284600 0.114979 -0.049537 0.039434
 38   2.151435 -3.172490 -2.636307 0.047171 -0.352576 0.132882
 39   -4.457742 -1.035322 -0.746180 0.006496 -0.000647 -0.034188
 40   0.102445 -3.731028 3.049784 0.047171 -0.352563 0.132881
 41   -4.433840 -1.078662 0.959566 0.006495 -0.000647 -0.034188
 42   -0.075419 1.646519 -2.954247 -0.067138 -0.078975 0.005520
 43   -0.484375 1.772799 3.185793 0.021490 0.306204 -0.073312
time 16
  0   -0.401123 2.578204 -27.160614 0.000000 0.058410 -1.414701
  1   -1.093036 0.000002 -0.326057 -3.088648 -0.049940 1.521002
  2   2.262337 0.113614 0.064702 0.023066 -0.067269 0.032967
  3   2.380047 0.353302 0.047440 -0.004080 0.246399 0.043178
  4   2.033756 0.190472 -0.000128 -0.006428 0.046356 -0.089954
  5   2.451511 0.204909 -0.003447 -0.042621 0.169979 -0.086171
  6   7.247600 -0.397300 -0.109469 0.002518 -0.000566 0.151507
  7   -2.022252 -0.104661 3.136172 -3.159376 -1.117905 -0.137780
  8   1.168026 -0.537438 -0.063437 0.091928 -0.000588 -0.132024
  9   6.790376 -0.619176 0.015206 -0.311843 -2.222133 0.008602
 10   8.637599 0.544015 -0.090417 1.245145 0.798519 0.092697
 11   6.790465 -0.619039 0.017802 -0.229153 -0.625920 -0.060472
 12   -2.022474 -0.104699 -2.873818 0.289676 1.392420 -2.874219
 13   1.167898 -0.537463 0.063297 0.308661 -1.158746 -0.371835
 14   7.002743 -0.617765 -0.183752 -0.020437 -1.132831 -1.888385
 15   8.209042 0.615527 -0.255885 1.603094 -0.093200 0.078713
 16   7.002735 -0.617911 -0.183641 -0.381506 -0.768364 -0.952894
 17   1.574674 0.609930 -0.000899 0.103947 0.302826 -0.116361
 18   -0.602177 0.511412 -0.000006 0.000000 0.000000 0.000000
 19   3.677679 0.177020 1.119313 -0.000002 -0.000014 -0.174510
 20   3.677673 0.176993 -1.117566 0.000007 -0.000003 -0.174546
 21   3.942357 1.330634 1.627658 0.000002 -0.000011 -0.000026
 22   -0.246060 -0.011889 0.516521 -0.000011 0.000031 0.000025
 23   3.942374 1.330659 -1.631083 0.000019 0.000002 -0.000024
 24   -0.246150 -0.011872 -0.516511 -0.000005 -0.000006 0.000048
 25   4.941364 1.997338 1.629330 0.000018 -0.000001 -0.000024
 26   4.941382 1.997366 -1.629410 -0.000001 0.000005 -0.000024
 27   2.918368 1.615358 1.514501 -0.000019 -0.000022 -0.000050
 28   2.924704 1.614964 -1.501142 -0.000002 -0.000009 -0.000024
 29   8.824059 0.150544 0.091743 -0.006678 -0.038236 -0.171422
 30   2.111085 -0.561179 1.784320 -0.000008 -0.000682 0.000024
 31   2.121290 -0.561289 -1.853599 0.000000 0.000000 -0.000002
 32   -0.802676 -0.093824 3.127092 0.044066 -3.092712 0.195926
 33   14.298673 -0.408176 0.518454 -0.017394 -0.094868 -0.116030
 34   15.835795 0.581398 0.242756 -0.000811 0.023965 0.068310
 35   -0.831494 -0.091229 -3.114430 0.052734 3.300803 -0.139028
 36   14.294526 -0.410349 -0.455822 -0.025291 -0.121859 -0.952895
 37   15.834409 0.579420 -0.284600 0.115668 -0.049665 0.036899
 38   2.151435 -3.172490 -2.636307 0.047171 -0.352576 0.132882
 39   -4.457742 -1.027509 -0.746180 0.007251 -0.000731 -0.038170
 40   0.102445 -3.731028 3.049784 0.047171 -0.352563 0.132881
 41   -4.433840 -1.086475 0.959566 0.007250 -0.000731 -0.038170
 42   -0.075419 1.646519 -2.942528 -0.066407 -0.074912 0.004768
 43   -0.484375 1.772799 3.185793 0.020878 0.302486 -0.073103
time 17
  0   -0.401123 2.578204 -27.160614 0.000000 0.058410 -1.414701
  1   -1.093036 0.000002 -0.326057 -3.088648 -0.049940 1.521002
  2   2.262337 0.113614 0.064702 0.023066 -0.067269 0.032967
  3   2.380047 0.353302 0.047440 -0.004095 0.246363 0.042913
  4   2.033756 0.190472 -0.000128 -0.006336 0.046321 -0.090425
  5   2.451511 0.204909 -0.003447 -0.043100 0.170109 -0.084562
  6   7.247600 -0.397300 -0.109469 0.002781 -0.000638 0.150937
  7   -2.022252 -0.104661 3.136172 -3.159376 -1.117905 -0.137780
  8   1.168026 -0.537438 -0.063437 0.091928 -0.000588 -0.132024
  9   6.790376 -0.619176 0.015206 -0.311843 -2.222133 0.008602
 10   8.637599 0.544015 -0.090417 1.245145 0.798519 0.092697
 11   6.790465 -0.619039 0.017802 -0.229153 -0.625920 -0.060472
 12   -2.022474 -0.104699 -2.873818 0.289676 1.392420 -2.874219
 13   1.167898 -0.537463 0.063297 0.308661 -1.158746 -0.371835
 14   7.002743 -0.617765 -0.183752 -0.022658 -1.133228 -1.886157
 15   8.209042 0.615527 -0.255885 1.602734 -0.093956 0.084546
 16   7.002735 -0.617911 -0.183641 -0.382777 -0.767969 -0.951845
 17   1.574674 0.609930 -0.000899 0.103947 0.302826 -0.116361
 18   -0.602177 0.511412 -0.000006 0.000000 0.000000 0.000000
 19   3.673773 0.177020 1.119313 -0.000002 -0.000014 -0.174510
 20   3.677673 0.176993 -1.117566 0.000007 -0.000003 -0.174546
 21   3.942357 1.330634 1.627658 0.000002 -0.000011 -0.000026
 22   -0.246060 -0.011889 0.516521 -0.000011 0.000031 0.000025
 23   3.942374 1.330659 -1.631083 0.000019 0.000002 -0.000024
 24   -0.246150 -0.011872 -0.516511 -0.000005 -0.000006 0.000048
 25   4.941364 1.997338 1.629330 0.000018 -0.000001 -0.000024
 26   4.941382 1.997366 -1.629410 -0.000001 0.000005 -0.000024
 27   2.918368 1.623171 1.514501 -0.000019 -0.000022 -0.000050
 28   2.924704 1.614964 -1.501142 -0.000002 -0.000009 -0.000024
 29   8.824059 0.150544 0.091743 -0.007391 -0.042318 -0.171154
 30   2.111085 -0.561179 1.784320 -0.000008 -0.000682 0.000024
 31   2.121290 -0.561289 -1.853599 0.000000 0.000000 -0.000002
 32   -0.802676 -0.093824 3.127092 0.044066 -3.092712 0.195926
 33   14.298673 -0.408176 0.518454 -0.017394 -0.094868 -0.116030
 34   15.835795 0.581398 0.242756 -0.000811 0.023965 0.068310
 35   -0.831494 -0.091229 -3.114430 0.052734 3.300803 -0.139028
 36   14.294526 -0.410349 -0.455822 -0.025327 -0.121788 -0.951504
 37   15.834409 0.579420 -0.284600 0.116437 -0.049793 0.034212
 38   2.151435 -3.172490 -2.636307 0.047171 -0.352576 0.132882
 39   -4.457742 -1.027509 -0.746180 0.008030 -0.000815 -0.042237
 40   0.102445 -3.731028 3.049784 0.047171 -0.352563 0.132881
 41   -4.433840 -1.086475 0.959566 0.008029 -0.000815 -0.042237
 42   -0.075419 1.654332 -2.938622 -0.065664 -0.070772 0.003931
 43   -0.484375 1.772799 3.185793 0.020228 0.298626 -0.072936
time 18
  0   -0.401123 2.578204 -27.160614 0.000000 0.058410 -1.414701
  1   -1.093036 0.000002 -0.326057 -3.088648 -0.049940 1.521002
  2   2.262337 0.113614 0.064702 0.023066 -0.067269 0.032967
  3   2.380047 0.353302 0.047440 -0.004095 0.246315 0.042566
  4   2.033756 0.190472 -0.000128 -0.006207 0.046261 -0.090896
  5   2.451511 0.204909 -0.003447 -0.043631 0.170279 -0.082878
  6   7.247600 -0.397300 -0.109469 0.003057 -0.000710 0.150335
  7   -2.022252 -0.104661 3.136172 -3.159376 -1.117905 -0.137780
  8   1.168026 -0.537438 -0.063437 0.091928 -0.000588 -0.132024
  9   6.790376 -0.619176 0.015206 -0.311843 -2.222133 0.008602
 10   8.637599 0.544015 -0.090417 1.245145 0.798519 0.092697
 11   6.790465 -0.619039 0.017802 -0.229153 -0.625920 -0.060472
 12   -2.022474 -0.104699 -2.873818 0.289676 1.392420 -2.874219
 13   1.167898 -0.537463 0.063297 0.308661 -1.158746 -0.371835
 14   7.002743 -0.617765 -0.183752 -0.024878 -1.133683 -1.884177
 15   8.209042 0.615527 -0.255885 1.602519 -0.094789 0.090620
 16   7.002735 -0.617911 -0.183641 -0.384048 -0.767405 -0.950907
 17   1.574674 0.609930 -0.000899 0.103947 0.302826 -0.116361
 18   -0.602177 0.511412 -0.000006 0.000000 0.000000 0.000000
 19   3.677679 0.177020 1.119313 -0.000002 -0.000014 -0.174510
 20   3.677673 0.176993 -1.117566 0.000007 -0.000003 -0.174546
 21   3.942357 1.330634 1.627658 0.000002 -0.000011 -0.000026
 22   -0.246060 -0.011889 0.516521 -0.000011 0.000031 0.000025
 23   3.942374 1.330659 -1.631083 0.000019 0.000002 -0.000024
 24   -0.246150 -0.011872 -0.516511 -0.000005 -0.000006 0.000048
 25   4.941364 1.997338 1.629330 0.000018 -0.000001 -0.000024
 26   4.941382 1.997366 -1.629410 -0.000001 0.000005 -0.000024
 27   2.918368 1.615358 1.514501 -0.000019 -0.000022 -0.000050
 28   2.924704 1.614964 -1.501142 -0.000002 -0.000009 -0.000024
 29   8.824059 0.150544 0.091743 -0.008104 -0.046473 -0.170779
 30   2.111085 -0.561179 1.784320 -0.000008 -0.000682 0.000024
 31   2.121290 -0.561289 -1.853599 0.000000 0.000000 -0.000002
 32   -0.802676 -0.093824 3.127092 0.044066 -3.092712 0.195926
 33   14.298673 -0.408176 0.518454 -0.017394 -0.094868 -0.116030
 34   15.835795 0.581398 0.242756 -0.000811 0.023965 0.068310
 35   -0.831494 -0.091229 -3.114430 0.052734 3.300803 -0.139028
 36   14.294526 -0.410349 -0.455822 -0.025363 -0.121716 -0.950191
 37   15.834409 0.579420 -0.284600 0.117185 -0.049921 0.031576
 38   2.151435 -3.172490 -2.636307 0.047171 -0.352576 0.132882
 39   -4.449929 -1.023603 -0.746180 0.008821 -0.000899 -0.046416
 40   0.102445 -3.731028 3.049784 0.047171 -0.352563 0.132881
 41   -4.437746 -1.090381 0.959566 0.008820 -0.000899 -0.046416
 42   -0.075419 1.654332 -2.922996 -0.064897 -0.066510 0.003137
 43   -0.484375 1.772799 3.185793 0.019591 0.294703 -0.072727
time 19
  0   -0.401123 2.578204 -27.160614 0.000000 0.058410 -1.414701
  1   -1.093036 0.000002 -0.326057 -3.088648 -0.049940 1.521002
  2   2.262337 0.113614 0.064702 0.023066 -0.067269 0.032967
  3   2.380047 0.353302 0.047440 -0.004110 0.246267 0.042260
  4   2.033756 0.190472 -0.000128 -0.006078 0.046201 -0.091440
  5   2.451511 0.204909 -0.003447 -0.044127 0.170436 -0.081193
  6   7.247600 -0.397300 -0.109469 0.003345 -0.000794 0.149765
  7   -2.022252 -0.104661 3.136172 -3.159376 -1.117905 -0.137780
  8   1.168026 -0.537438 -0.063437 0.091928 -0.000588 -0.132024
  9   6.790376 -0.619176 0.015206 -0.311843 -2.222133 0.008602
 10   8.637599 0.544015 -0.090417 1.245145 0.798519 0.092697
 11   6.790465 -0.619039 0.017802 -0.229153 -0.625920 -0.060472
 12   -2.022474 -0.104699 -2.873818 0.289676 1.392420 -2.874219
 13   1.167898 -0.537463 0.063297 0.308661 -1.158746 -0.371835
 14   7.002743 -0.617765 -0.183752 -0.027098 -1.134194 -1.881867
 15   8.209042 0.615527 -0.255885 1.602087 -0.095621 0.096754
 16   7.002735 -0.617911 -0.183641 -0.385319 -0.766954 -0.949858
 17   1.574674 0.609930 -0.000899 0.103947 0.302826 -0.116361
 18   -0.602177 0.511412 -0.000006 0.000000 0.000000 0.000000
 19   3.673773 0.177020 1.119313 -0.000002 -0.000014 -0.174510
 20   3.677673 0.176993 -1.117566 0.000007 -0.000003 -0.174546
 21   3.942357 1.330634 1.627658 0.000002 -0.000011 -0.000026
 22   -0.246060 -0.011889 0.516521 -0.000011 0.000031 0.000025
 23   3.942374 1.330659 -1.631083 0.000019 0.000002 -0.000024
 24   -0.246150 -0.011872 -0.516511 -0.000005 -0.000006 0.000048
 25   4.941364 1.997338 1.629330 0.000018 -0.000001 -0.000024
 26   4.941382 1.997366 -1.629410 -0.000001 0.000005 -0.000024
 27   2.918368 1.615358 1.514501 -0.000019 -0.000022 -0.000050
 28   2.920798 1.614964 -1.501142 -0.000002 -0.000009 -0.000024
 29   8.824059 0.150544 0.091743 -0.008906 -0.050722 -0.170403
 30   2.111085 -0.561179 1.784320 -0.000008 -0.000682 0.000024
 31   2.121290 -0.561289 -1.853599 0.000000 0.000000 -0.000002
 32   -0.802676 -0.093824 3.127092 0.044066 -3.092712 0.195926
 33   14.298673 -0.408176 0.518454 -0.017394 -0.094868 -0.116030
 34   15.835795 0.581398 0.242756 -0.000811 0.023965 0.068310
 35   -0.831494 -0.091229 -3.114430 0.052734 3.300803 -0.139028
 36   14.294526 -0.410349 -0.455822 -0.025411 -0.121632 -0.948878
 37   15.834409 0.579420 -0.284600 0.117974 -0.050049 0.028838
 38   2.151435 -3.172490 -2.636307 0.047171 -0.352576 0.132882
 39   -4.449929 -1.023603 -0.746180 0.009624 -0.000983 -0.050679
 40   0.102445 -3.731028 3.049784 0.047171 -0.352563 0.132881
 41   -4.437746 -1.090381 0.959566 0.009623 -0.000983 -0.050679
 42   -0.075419 1.658238 -2.919090 -0.064118 -0.062171 0.002217
 43   -0.484375 1.772799 3.185793 0.018929 0.290701 -0.072518
time 20
  0   -0.401123 2.578204 -27.160614 0.000000 0.058410 -1.414701
  1   -1.093036 0.000002 -0.326057 -3.088648 -0.049940 1.521002
  2   2.262337 0.113614 0.064702 0.023066 -0.067269 0.032967
  3   2.380047 0.353302 0.047440 -0.004110 0.246231 0.041954
  4   2.033756 0.190472 -0.000128 -0.005967 0.046141 -0.091911
  5   2.451511 0.204909 -0.003447 -0.044675 0.170579 -0.079485
  6   7.247600 -0.397300 -0.109469 0.003620 -0.000866 0.149100
  7   -2.022252 -0.104661 3.136172 -3.159376 -1.117905 -0.137780
  8   1.168026 -0.537438 -0.063437 0.091928 -0.000588 -0.132024
  9   6.790376 -0.619176 0.015206 -0.311843 -2.222133 0.008602
 10   8.637599 0.544015 -0.090417 1.245145 0.798519 0.092697
 11   6.790465 -0.619039 0.017802 -0.229153 -0.625920 -0.060472
 12   -2.022474 -0.104699 -2.873818 0.289676 1.392420 -2.874219
 13   1.167898 -0.537463 0.063297 0.308661 -1.158746 -0.371835
 14   7.002743 -0.617765 -0.183752 -0.029433 -1.134591 -1.879804
 15   8.209042 0.615527 -0.255885 1.601799 -0.096378 0.103008
 16   7.002735 -0.617911 -0.183641 -0.386637 -0.766390 -0.948865
 17   1.574674 0.609930 -0.000899 0.103947 0.302826 -0.116361
 18   -0.602177 0.511412 -0.000006 0.000000 0.000000 0.000000
 19   3.677679 0.177020 1.119313 -0.000002 -0.000014 -0.174510
 20   3.677673 0.176993 -1.117566 0.000007 -0.000003 -0.174546
 21   3.942357 1.330634 1.627658 0.000002 -0.000011 -0.000026
 22   -0.246060 -0.011889 0.516521 -0.000011 0.000031 0.000025
 23   3.942374 1.330659 -1.631083 0.000019 0.000002 -0.000024
 24   -0.246150 -0.011872 -0.516511 -0.000005 -0.000006 0.000048
 25   4.941364 1.997338 1.629330 0.000018 -0.000001 -0.000024
 26   4.941382 1.997366 -1.629410 -0.000001 0.000005 -0.000024
 27   2.918368 1.615358 1.514501 -0.000019 -0.000022 -0.000050
 28   2.924704 1.614964 -1.501142 -0.000002 -0.000009 -0.000024
 29   8.824059 0.150544 0.091743 -0.009619 -0.055018 -0.170081
 30   2.111085 -0.561179 1.784320 -0.000008 -0.000682 0.000024
 31   2.121290 -0.561289 -1.853599 0.000000 0.000000 -0.000002
 32   -0.802676 -0.093824 3.127092 0.044066 -3.092712 0.195926
 33   14.298673 -0.408176 0.518454 -0.017394 -0.094868 -0.116030
 34   15.835795 0.581398 0.242756 -0.000811 0.023965 0.068310
 35   -0.831494 -0.091229 -3.114430 0.052734 3.300803 -0.139028
 36   14.294526 -0.410349 -0.455822 -0.025447 -0.121560 -0.947488
 37   15.834409 0.579420 -0.284600 0.118762 -0.050177 0.025998
 38   2.151435 -3.172490 -2.636307 0.047171 -0.352576 0.132882
 39   -4.449929 -1.015790 -0.746180 0.010451 -0.001067 -0.054998
 40   0.102445 -3.731028 3.049784 0.047171 -0.352563 0.132881
 41   -4.437746 -1.098194 0.959566 0.010450 -0.001067 -0.054998
 42   -0.075419 1.658238 -2.907371 -0.063339 -0.057755 0.001422
 43   -0.484375 1.772799 3.185793 0.018279 0.286669 -0.072309
time 21
  0   -0.401123 2.578204 -27.160614 0.000000 0.058410 -1.414701
  1   -1.093036 0.000002 -0.326057 -3.088648 -0.049940 1.521002
  2   2.262337 0.113614 0.064702 0.023066 -0.067269 0.032967
  3   2.380047 0.353302 0.047440 -0.004125 0.246183 0.041607
  4   2.033756 0.190472 -0.000128 -0.005838 0.046093 -0.092455
  5   2.451511 0.204909 -0.003447 -0.045206 0.170749 -0.077776
  6   7.247600 -0.397300 -0.109469 0.003920 -0.000938 0.148498
  7   -2.022252 -0.104661 3.136172 -3.159376 -1.117905 -0.137780
  8   1.168026 -0.537438 -0.063437 0.091928 -0.000588 -0.132024
  9   6.790376 -0.619176 0.015206 -0.311843 -2.222133 0.008602
 10   8.637599 0.544015 -0.090417 1.245145 0.798519 0.092697
 11   6.790465 -0.619039 0.017802 -0.229153 -0.625920 -0.060472
 12   -2.022474 -0.104699 -2.873818 0.289676 1.392420 -2.874219
 13   1.167898 -0.537463 0.063297 0.308661 -1.158746 -0.371835
 14   7.002743 -0.617765 -0.183752 -0.031767 -1.135046 -1.877494
 15   8.209042 0.615527 -0.255885 1.601368 -0.097210 0.109383
 16   7.002735 -0.617911 -0.183641 -0.388002 -0.765939 -0.947816
 17   1.574674 0.609930 -0.000899 0.103947 0.302826 -0.116361
 18   -0.602177 0.511412 -0.000006 0.000000 0.000000 0.000000
 19   3.673773 0.177020 1.119313 -0.000002 -0.000014 -0.174510
 20   3.677673 0.176993 -1.117566 0.000007 -0.000003 -0.174546
 21   3.942357 1.330634 1.627658 0.000002 -0.000011 -0.000026
 22   -0.246060 -0.011889 0.516521 -0.000011 0.000031 0.000025
 23   3.942374 1.330659 -1.631083 0.000019 0.000002 -0.000024
 24   -0.246150 -0.011872 -0.516511 -0.000005 -0.000006 0.000048
 25   4.941364 1.997338 1.629330 0.000018 -0.000001 -0.000024
 26   4.941382 1.997366 -1.629410 -0.000001 0.000005 -0.000024
 27   2.918368 1.615358 1.514501 -0.000019 -0.000022 -0.000050
 28   2.924704 1.614964 -1.501142 -0.000002 -0.000009 -0.000024
 29   8.824059 0.150544 0.091743 -0.010510 -0.059362 -0.169652
 30   2.111085 -0.561179 1.784320 -0.000008 -0.000682 0.000024
 31   2.121290 -0.561289 -1.853599 0.000000 0.000000 -0.000002
 32   -0.802676 -0.093824 3.127092 0.044066 -3.092712 0.195926
 33   14.298673 -0.408176 0.518454 -0.017394 -0.094868 -0.116030
 34   15.835795 0.581398 0.242756 -0.000811 0.023965 0.068310
 35   -0.831494 -0.091229 -3.114430 0.052734 3.300803 -0.139028
 36   14.294526 -0.410349 -0.455822 -0.025495 -0.121476 -0.946020
 37   15.834409 0.579420 -0.284600 0.119550 -0.050305 0.023159
 38   2.151435 -3.172490 -2.636307 0.047171 -0.352576 0.132882
 39   -4.449929 -1.015790 -0.746180 0.011266 -0.001151 -0.059373
 40   0.102445 -3.731028 3.049784 0.047171 -0.352563 0.132881
 41   -4.437746 -1.098194 0.959566 0.011277 -0.001151 -0.059373
 42   -0.079325 1.658238 -2.891745 -0.062536 -0.053324 0.000544
 43   -0.484375 1.772799 3.185793 0.017592 0.282558 -0.072100
time 22
  0   -0.401123 2.578204 -27.160614 0.000000 0.058410 -1.414701
  1   -1.093036 0.000002 -0.326057 -3.088648 -0.049940 1.521002
  2   2.262337 0.113614 0.064702 0.023066 -0.067269 0.032967
  3   2.380047 0.353302 0.047440 -0.004140 0.246147 0.041301
  4   2.033756 0.190472 -0.000128 -0.005746 0.046033 -0.092962
  5   2.451511 0.204909 -0.003447 -0.045719 0.170906 -0.076017
  6   7.247600 -0.397300 -0.109469 0.004208 -0.001010 0.147896
  7   -2.022252 -0.104661 3.136172 -3.159376 -1.117905 -0.137780
  8   1.168026 -0.537438 -0.063437 0.091928 -0.000588 -0.132024
  9   6.790376 -0.619176 0.015206 -0.311843 -2.222133 0.008602
 10   8.637599 0.544015 -0.090417 1.245145 0.798519 0.092697
 11   6.790465 -0.619039 0.017802 -0.229153 -0.625920 -0.060472
 12   -2.022474 -0.104699 -2.873818 0.289676 1.392420 -2.874219
 13   1.167898 -0.537463 0.063297 0.308661 -1.158746 -0.371835
 14   7.002743 -0.617765 -0.183752 -0.034044 -1.135557 -1.875349
 15   8.209042 0.615527 -0.255885 1.601081 -0.098118 0.115637
 16   7.002735 -0.617911 -0.183641 -0.389320 -0.765488 -0.946767
 17   1.574674 0.609930 -0.000899 0.103947 0.302826 -0.116361
 18   -0.602177 0.511412 -0.000006 0.000000 0.000000 0.000000
 19   3.677679 0.177020 1.119313 -0.000002 -0.000014 -0.174510
 20   3.677673 0.176993 -1.117566 0.000007 -0.000003 -0.174546
 21   3.942357 1.330634 1.627658 0.000002 -0.000011 -0.000026
 22   -0.246060 -0.011889 0.516521 -0.000011 0.000031 0.000025
 23   3.942374 1.330659 -1.631083 0.000019 0.000002 -0.000024
 24   -0.246150 -0.011872 -0.516511 -0.000005 -0.000006 0.000048
 25   4.941364 1.997338 1.629330 0.000018 -0.000001 -0.000024
 26   4.941382 1.997366 -1.629410 -0.000001 0.000005 -0.000024
 27   2.918368 1.615358 1.514501 -0.000019 -0.000022 -0.000050
 28   2.924704 1.614964 -1.501142 -0.000002 -0.000009 -0.000024
 29   8.824059 0.150544 0.091743 -0.011312 -0.063778 -0.169330
 30   2.111085 -0.561179 1.784320 -0.000008 -0.000682 0.000024
 31   2.121290 -0.561289 -1.853599 0.000000 0.000000 -0.000002
 32   -0.802676 -0.093824 3.127092 0.044066 -3.092712 0.195926
 33   14.298673 -0.408176 0.518454 -0.017394 -0.094868 -0.116030
 34   15.835795 0.581398 0.242756 -0.000811 0.023965 0.068310
 35   -0.831494 -0.091229 -3.114430 0.052734 3.300803 -0.139028
 36   14.294526 -0.410349 -0.455822 -0.025531 -0.121380 -0.944630
 37   15.834409 0.579420 -0.284600 0.120358 -0.050433 0.020370
 38   2.151435 -3.172490 -2.636307 0.047171 -0.352576 0.132882
 39   -4.449929 -1.011884 -0.746180 0.012104 -0.001222 -0.063748
 40   0.102445 -3.731028 3.049784 0.047171 -0.352563 0.132881
 41   -4.437746 -1.102100 0.959566 0.012103 -0.001222 -0.063748
 42   -0.079325 1.658238 -2.880026 -0.061745 -0.048847 -0.000293
 43   -0.484375 1.772799 3.185793 0.016917 0.278431 -0.071849
time 23
  0   -0.401123 2.578204 -27.160614 0.000000 0.058410 -1.414701
  1   -1.093036 0.000002 -0.326057 -3.088648 -0.049940 1.521002
  2   2.262337 0.113614 0.064702 0.023066 -0.067269 0.032967
  3   2.380047 0.353302 0.047440 -0.004140 0.246099 0.040954
  4   2.033756 0.190472 -0.000128 -0.005617 0.045973 -0.093506
  5   2.451511 0.204909 -0.003447 -0.046267 0.171062 -0.074284
  6   7.247600 -0.397300 -0.109469 0.004495 -0.001082 0.147295
  7   -2.022252 -0.104661 3.136172 -3.159376 -1.117905 -0.137780
  8   1.168026 -0.537438 -0.063437 0.091928 -0.000588 -0.132024
  9   6.790376 -0.619176 0.015206 -0.311843 -2.222133 0.008602
 10   8.637599 0.544015 -0.090417 1.245145 0.798519 0.092697
 11   6.790465 -0.619039 0.017802 -0.229153 -0.625920 -0.060472
 12   -2.022474 -0.104699 -2.873818 0.289676 1.392420 -2.874219
 13   1.167898 -0.537463 0.063297 0.308661 -1.158746 -0.371835
 14   7.002743 -0.617765 -0.183752 -0.036378 -1.136068 -1.873121
 15   8.209042 0.615527 -0.255885 1.600649 -0.098874 0.122072
 16   7.002735 -0.617911 -0.183641 -0.390685 -0.764924 -0.945774
 17   1.574674 0.609930 -0.000899 0.103947 0.302826 -0.116361
 18   -0.602177 0.511412 -0.000006 0.000000 0.000000 0.000000
 19   3.677679 0.177020 1.119313 -0.000002 -0.000014 -0.174510
 20   3.677673 0.176993 -1.117566 0.000007 -0.000003 -0.174546
 21   3.942357 1.330634 1.627658 0.000002 -0.000011 -0.000026
 22   -0.246060 -0.011889 0.516521 -0.000011 0.000031 0.000025
 23   3.942374 1.330659 -1.631083 0.000019 0.000002 -0.000024
 24   -0.246150 -0.011872 -0.516511 -0.000005 -0.000006 0.000048
 25   4.941364 1.997338 1.629330 0.000018 -0.000001 -0.000024
 26   4.941382 1.997366 -1.629410 -0.000001 0.000005 -0.000024
 27   2.918368 1.615358 1.514501 -0.000019 -0.000022 -0.000050
 28   2.924704 1.614964 -1.501142 -0.000002 -0.000009 -0.000024
 29   8.824059 0.150544 0.091743 -0.012025 -0.068122 -0.169008
 30   2.111085 -0.561179 1.784320 -0.000008 -0.000682 0.000024
 31   2.121290 -0.561289 -1.853599 0.000000 0.000000 -0.000002
 32   -0.802676 -0.093824 3.127092 0.044066 -3.092712 0.195926
 33   14.298673 -0.408176 0.518454 -0.017394 -0.094868 -0.116030
 34   15.835795 0.581398 0.242756 -0.000811 0.023965 0.068310
 35   -0.831494 -0.091229 -3.114430 0.052734 3.300803 -0.139028
 36   14.294526 -0.410349 -0.455822 -0.025566 -0.121296 -0.943162
 37   15.834409 0.579420 -0.284600 0.121146 -0.050561 0.017531
 38   2.151435 -3.172490 -2.636307 0.047171 -0.352576 0.132882
 39   -4.446023 -1.011884 -0.746180 0.012931 -0.001306 -0.068151
 40   0.102445 -3.731028 3.049784 0.047171 -0.352563 0.132881
 41   -4.445559 -1.102100 0.959566 0.012930 -0.001306 -0.068151
 42   -0.079325 1.666051 -2.876120 -0.060942 -0.044370 -0.001171
 43   -0.484375 1.772799 3.185793 0.016255 0.274304 -0.071640
time 24
  0   -0.401123 2.578204 -27.160614 0.000000 0.058410 -1.414701
  1   -1.093036 0.000002 -0.326057 -3.088648 -0.049940 1.521002
  2   2.262337 0.113614 0.064702 0.023066 -0.067269 0.032967
  3   2.380047 0.353302 0.047440 -0.004155 0.246064 0.040648
  4   2.033756 0.190472 -0.000128 -0.005469 0.045901 -0.093977
  5   2.451511 0.204909 -0.003447 -0.046815 0.171232 -0.072526
  6   7.247600 -0.397300 -0.109469 0.004795 -0.001154 0.146661
  7   -2.022252 -0.104661 3.136172 -3.159376 -1.117905 -0.137780
  8   1.168026 -0.537438 -0.063437 0.091928 -0.000588 -0.132024
  9   6.790376 -0.619176 0.015206 -0.311843 -2.222133 0.008602
 10   8.637599 0.544015 -0.090417 1.245145 0.798519 0.092697
 11   6.790465 -0.619039 0.017802 -0.229153 -0.625920 -0.060472
 12   -2.022474 -0.104699 -2.873818 0.289676 1.392420 -2.874219
 13   1.167898 -0.537463 0.063297 0.308661 -1.158746 -0.371835
 14   7.002743 -0.617765 -0.183752 -0.038713 -1.136522 -1.870811
 15   8.209042 0.615527 -0.255885 1.600361 -0.099707 0.128386
 16   7.002735 -0.617911 -0.183641 -0.392004 -0.764473 -0.944670
 17   1.574674 0.609930 -0.000899 0.103947 0.302826 -0.116361
 18   -0.602177 0.511412 -0.000006 0.000000 0.000000 0.000000
 19   3.673773 0.177020 1.119313 -0.000002 -0.000014 -0.174510
 20   3.677673 0.176993 -1.117566 0.000007 -0.000003 -0.174546
 21   3.942357 1.330634 1.627658 0.000002 -0.000011 -0.000026
 22   -0.246060 -0.011889 0.516521 -0.000011 0.000031 0.000025
 23   3.942374 1.330659 -1.631083 0.000019 0.000002 -0.000024
 24   -0.246150 -0.011872 -0.516511 -0.000005 -0.000006 0.000048
 25   4.941364 1.997338 1.629330 0.000018 -0.000001 -0.000024
 26   4.941382 1.997366 -1.629410 -0.000001 0.000005 -0.000024
 27   2.918368 1.615358 1.514501 -0.000019 -0.000022 -0.000050
 28   2.924704 1.614964 -1.501142 -0.000002 -0.000009 -0.000024
 29   8.824059 0.150544 0.091743 -0.012827 -0.072537 -0.168579
 30   2.111085 -0.561179 1.784320 -0.000008 -0.000682 0.000024
 31   2.121290 -0.561289 -1.853599 0.000000 0.000000 -0.000002
 32   -0.802676 -0.093824 3.127092 0.044066 -3.092712 0.195926
 33   14.298673 -0.408176 0.518454 -0.017394 -0.094868 -0.116030
 34   15.835795 0.581398 0.242756 -0.000811 0.023965 0.068310
 35   -0.831494 -0.091229 -3.114430 0.052734 3.300803 -0.139028
 36   14.294526 -0.410349 -0.455822 -0.025602 -0.121224 -0.941772
 37   15.834409 0.579420 -0.284600 0.121934 -0.050740 0.014743
 38   2.151435 -3.172490 -2.636307 0.047171 -0.352576 0.132882
 39   -4.446023 -1.004071 -0.746180 0.013770 -0.001402 -0.072526
 40   0.102445 -3.731028 3.049784 0.047171 -0.352563 0.132881
 41   -4.445559 -1.109913 0.959566 0.013769 -0.001402 -0.072526
 42   -0.079325 1.666051 -2.860494 -0.060139 -0.039893 -0.002049
 43   -0.484375 1.772799 3.185793 0.015568 0.270193 -0.071430
time 25
  0   -0.401123 2.578204 -27.160614 0.000000 0.058410 -1.414701
  1   -1.093036 0.000002 -0.326057 -3.088648 -0.049940 1.521002
  2   2.262337 0.113614 0.064702 0.023066 -0.067269 0.032967
  3   2.380047 0.353302 0.047440 -0.004170 0.246028 0.040301
  4   2.033756 0.190472 -0.000128 -0.005377 0.045841 -0.094521
  5   2.451511 0.204909 -0.003447 -0.047328 0.171389 -0.070817
  6   7.247600 -0.397300 -0.109469 0.005070 -0.001213 0.146027
  7   -2.022252 -0.104661 3.136172 -3.159376 -1.117905 -0.137780
  8   1.168026 -0.537438 -0.063437 0.091928 -0.000588 -0.132024
  9   6.790376 -0.619176 0.015206 -0.311843 -2.222133 0.008602
 10   8.637599 0.544015 -0.090417 1.245145 0.798519 0.092697
 11   6.790465 -0.619039 0.017802 -0.229153 -0.625920 -0.060472
 12   -2.022474 -0.104699 -2.873818 0.289676 1.392420 -2.874219
 13   1.167898 -0.537463 0.063297 0.308661 -1.158746 -0.371835
 14   7.002743 -0.617765 -0.183752 -0.041104 -1.136919 -1.868666
 15   8.209042 0.615527 -0.255885 1.599858 -0.100539 0.134761
 16   7.002735 -0.617911 -0.183641 -0.393322 -0.763909 -0.943621
 17   1.574674 0.609930 -0.000899 0.103947 0.302826 -0.116361
 18   -0.602177 0.511412 -0.000006 0.000000 0.000000 0.000000
 19   3.677679 0.177020 1.119313 -0.000002 -0.000014 -0.174510
 20   3.677673 0.176993 -1.117566 0.000007 -0.000003 -0.174546
 21   3.942357 1.330634 1.627658 0.000002 -0.000011 -0.000026
 22   -0.246060 -0.011889 0.516521 -0.000011 0.000031 0.000025
 23   3.942374 1.330659 -1.631083 0.000019 0.000002 -0.000024
 24   -0.246150 -0.011872 -0.516511 -0.000005 -0.000006 0.000048
 25   4.941364 1.997338 1.629330 0.000018 -0.000001 -0.000024
 26   4.941382 1.997366 -1.629410 -0.000001 0.000005 -0.000024
 27   2.918368 1.615358 1.514501 -0.000019 -0.000022 -0.000050
 28   2.924704 1.614964 -1.501142 -0.000002 -0.000009 -0.000024
 29   8.824059 0.150544 0.091743 -0.013629 -0.076857 -0.168257
 30   2.111085 -0.561179 1.784320 -0.000008 -0.000682 0.000024
 31   2.121290 -0.561289 -1.853599 0.000000 0.000000 -0.000002
 32   -0.802676 -0.093824 3.127092 0.044066 -3.092712 0.195926
 33   14.298673 -0.408176 0.518454 -0.017394 -0.094868 -0.116030
 34   15.835795 0.581398 0.242756 -0.000811 0.023965 0.068310
 35   -0.831494 -0.091229 -3.114430 0.052734 3.300803 -0.139028
 36   14.294526 -0.410349 -0.455822 -0.025650 -0.121140 -0.940304
 37   15.834409 0.579420 -0.284600 0.122742 -0.050868 0.011903
 38   2.151435 -3.172490 -2.636307 0.047171 -0.352576 0.132882
 39   -4.446023 -1.004071 -0.746180 0.014597 -0.001486 -0.076901
 40   0.102445 -3.731028 3.049784 0.047171 -0.352563 0.132881
 41   -4.445559 -1.109913 0.959566 0.014596 -0.001486 -0.076901
 42   -0.079325 1.666051 -2.848775 -0.059336 -0.035431 -0.002927
 43   -0.484375 1.772799 3.185793 0.014893 0.266082 -0.071221
time 26
  0   -0.401123 2.578204 -27.160614 0.000000 0.058410 -1.414701
  1   -1.093036 0.000002 -0.326057 -3.088648 -0.049940 1.521002
  2   2.262337 0.113614 0.064702 0.023066 -0.067269 0.032967
  3   2.380047 0.353302 0.047440 -0.004170 0.245980 0.039995
  4   2.033756 0.190472 -0.000128 -0.005248 0.045781 -0.094992
  5   2.451511 0.204909 -0.003447 -0.047876 0.171532 -0.069108
  6   7.247600 -0.397300 -0.109469 0.005358 -0.001285 0.145457
  7   -2.022252 -0.104661 3.136172 -3.159376 -1.117905 -0.137780
  8   1.168026 -0.537438 -0.063437 0.091928 -0.000588 -0.132024
  9   6.790376 -0.619176 0.015206 -0.311843 -2.222133 0.008602
 10   8.637599 0.544015 -0.090417 1.245145 0.798519 0.092697
 11   6.790465 -0.619039 0.017802 -0.229153 -0.625920 -0.060472
 12   -2.022474 -0.104699 -2.873818 0.289676 1.392420 -2.874219
 13   1.167898 -0.537463 0.063297 0.308661 -1.158746 -0.371835
 14   7.002743 -0.617765 -0.183752 -0.043324 -1.137431 -1.866438
 15   8.209042 0.615527 -0.255885 1.599571 -0.101295 0.140955
 16   7.002735 -0.617911 -0.183641 -0.394640 -0.763458 -0.942628
 17   1.574674 0.609930 -0.000899 0.103947 0.302826 -0.116361
 18   -0.602177 0.511412 -0.000006 0.000000 0.000000 0.000000
 19   3.677679 0.177020 1.119313 -0.000002 -0.000014 -0.174510
 20   3.677673 0.176993 -1.117566 0.000007 -0.000003 -0.174546
 21   3.942357 1.330634 1.627658 0.000002 -0.000011 -0.000026
 22   -0.246060 -0.011889 0.516521 -0.000011 0.000031 0.000025
 23   3.942374 1.330659 -1.631083 0.000019 0.000002 -0.000024
 24   -0.246150 -0.011872 -0.516511 -0.000005 -0.000006 0.000048
 25   4.941364 1.997338 1.629330 0.000018 -0.000001 -0.000024
 26   4.941382 1.997366 -1.629410 -0.000001 0.000005 -0.000024
 27   2.918368 1.615358 1.514501 -0.000019 -0.000022 -0.000050
 28   2.924704 1.614964 -1.501142 -0.000002 -0.000009 -0.000024
 29   8.824059 0.150544 0.091743 -0.014342 -0.081178 -0.167935
 30   2.111085 -0.561179 1.784320 -0.000008 -0.000682 0.000024
 31   2.121290 -0.561289 -1.853599 0.000000 0.000000 -0.000002
 32   -0.802676 -0.093824 3.127092 0.044066 -3.092712 0.195926
 33   14.298673 -0.408176 0.518454 -0.017394 -0.094868 -0.116030
 34   15.835795 0.581398 0.242756 -0.000811 0.023965 0.068310
 35   -0.831494 -0.091229 -3.114430 0.052734 3.300803 -0.139028
 36   14.294526 -0.410349 -0.455822 -0.025686 -0.121056 -0.938991
 37   15.834409 0.579420 -0.284600 0.123530 -0.050996 0.009165
 38   2.151435 -3.172490 -2.636307 0.047171 -0.352576 0.132882
 39   -4.446023 -0.996258 -0.746180 0.015424 -0.001582 -0.081220
 40   0.102445 -3.731028 3.049784 0.047171 -0.352563 0.132881
 41   -4.445559 -1.113819 0.959566 0.015423 -0.001582 -0.081220
 42   -0.079325 1.666051 -2.844869 -0.058557 -0.031046 -0.003806
 43   -0.484375 1.772799 3.185793 0.014231 0.262017 -0.071012
time 27
  0   -0.401123 2.578204 -27.160614 0.000000 0.058410 -1.414701
  1   -1.093036 0.000002 -0.326057 -3.088648 -0.049940 1.521002
  2   2.262337 0.113614 0.064702 0.023066 -0.067269 0.032967
  3   2.380047 0.353302 0.047440 -0.004185 0.245932 0.039689
  4   2.033756 0.190472 -0.000128 -0.005119 0.045721 -0.095536
  5   2.451511 0.204909 -0.003447 -0.048372 0.171702 -0.067374
  6   7.247600 -0.397300 -0.109469 0.005646 -0.001357 0.144855
  7   -2.022252 -0.104661 3.136172 -3.159376 -1.117905 -0.137780
  8   1.168026 -0.537438 -0.063437 0.091928 -0.000588 -0.132024
  9   6.790376 -0.619176 0.015206 -0.311843 -2.222133 0.008602
 10   8.637599 0.544015 -0.090417 1.245145 0.798519 0.092697
 11   6.790465 -0.619039 0.017802 -0.229153 -0.625920 -0.060472
 12   -2.022474 -0.104699 -2.873818 0.289676 1.392420 -2.874219
 13   1.167898 -0.537463 0.063297 0.308661 -1.158746 -0.371835
 14   7.002743 -0.617765 -0.183752 -0.045601 -1.137942 -1.864293
 15   8.209042 0.615527 -0.255885 1.599067 -0.102128 0.147089
 16   7.002735 -0.617911 -0.183641 -0.395958 -0.762894 -0.941579
 17   1.574674 0.609930 -0.000899 0.103947 0.302826 -0.116361
 18   -0.602177 0.511412 -0.000006 0.000000 0.000000 0.000000
 19   3.673773 0.177020 1.119313 -0.000002 -0.000014 -0.174510
 20   3.673767 0.176993 -1.117566 0.000007 -0.000003 -0.174546
 21   3.942357 1.330634 1.627658 0.000002 -0.000011 -0.000026
 22   -0.246060 -0.011889 0.516521 -0.000011 0.000031 0.000025
 23   3.942374 1.330659 -1.631083 0.000019 0.000002 -0.000024
 24   -0.246150 -0.011872 -0.516511 -0.000005 -0.000006 0.000048
 25   4.941364 1.997338 1.629330 0.000018 -0.000001 -0.000024
 26   4.941382 1.997366 -1.629410 -0.000001 0.000005 -0.000024
 27   2.918368 1.615358 1.514501 -0.000019 -0.000022 -0.000050
 28   2.920798 1.614964 -1.501142 -0.000002 -0.000009 -0.000024
 29   8.824059 0.150544 0.091743 -0.015144 -0.085427 -0.167506
 30   2.111085 -0.561179 1.784320 -0.000008 -0.000682 0.000024
 31   2.121290 -0.561289 -1.853599 0.000000 0.000000 -0.000002
 32   -0.802676 -0.093824 3.127092 0.044066 -3.092712 0.195926
 33   14.298673 -0.408176 0.518454 -0.017394 -0.094868 -0.116030
 34   15.835795 0.581398 0.242756 -0.000811 0.023965 0.068310
 35   -0.831494 -0.091229 -3.114430 0.052734 3.300803 -0.139028
 36   14.294526 -0.410349 -0.455822 -0.025734 -0.120997 -0.937523
 37   15.834409 0.579420 -0.284600 0.124318 -0.051124 0.006427
 38   2.151435 -3.172490 -2.636307 0.047171 -0.352576 0.132882
 39   -4.446023 -0.996258 -0.746180 0.016227 -0.001666 -0.085483
 40   0.102445 -3.731028 3.049784 0.047171 -0.352563 0.132881
 41   -4.445559 -1.113819 0.959566 0.016226 -0.001666 -0.085483
 42   -0.079325 1.669957 -2.829243 -0.057778 -0.026707 -0.004684
 43   -0.484375 1.772799 3.185793 0.013569 0.258032 -0.070803
time 28
  0   -0.401123 2.578204 -27.160614 0.000000 0.058410 -1.414701
  1   -1.093036 0.000002 -0.326057 -3.088648 -0.049940 1.521002
  2   2.262337 0.113614 0.064702 0.023066 -0.067269 0.032967
  3   2.380047 0.353302 0.047440 -0.004200 0.245896 0.039342
  4   2.033756 0.190472 -0.000128 -0.005008 0.045661 -0.096007
  5   2.451511 0.204909 -0.003447 -0.048903 0.171859 -0.065740
  6   7.247600 -0.397300 -0.109469 0.005909 -0.001429 0.144285
  7   -2.022252 -0.104661 3.136172 -3.159376 -1.117905 -0.137780
  8   1.168026 -0.537438 -0.063437 0.091928 -0.000588 -0.132024
  9   6.790376 -0.619176 0.015206 -0.311843 -2.222133 0.008602
 10   8.637599 0.544015 -0.090417 1.245145 0.798519 0.092697
 11   6.790465 -0.619039 0.017802 -0.229153 -0.625920 -0.060472
 12   -2.022474 -0.104699 -2.873818 0.289676 1.392420 -2.874219
 13   1.167898 -0.537463 0.063297 0.308661 -1.158746 -0.371835
 14   7.002743 -0.617765 -0.183752 -0.047879 -1.138396 -1.862148
 15   8.209042 0.615527 -0.255885 1.598708 -0.102809 0.153223
 16   7.002735 -0.617911 -0.183641 -0.397229 -0.762443 -0.940641
 17   1.574674 0.609930 -0.000899 0.103947 0.302826 -0.116361
 18   -0.602177 0.511412 -0.000006 0.000000 0.000000 0.000000
 19   3.677679 0.177020 1.119313 -0.000002 -0.000014 -0.174510
 20   3.677673 0.176993 -1.117566 0.000007 -0.000003 -0.174546
 21   3.942357 1.330634 1.627658 0.000002 -0.000011 -0.000026
 22   -0.246060 -0.011889 0.516521 -0.000011 0.000031 0.000025
 23   3.942374 1.330659 -1.631083 0.000019 0.000002 -0.000024
 24   -0.246150 -0.011872 -0.516511 -0.000005 -0.000006 0.000048
 25   4.941364 1.997338 1.629330 0.000018 -0.000001 -0.000024
 26   4.941382 1.997366 -1.629410 -0.000001 0.000005 -0.000024
 27   2.918368 1.615358 1.514501 -0.000019 -0.000022 -0.000050
 28   2.924704 1.614964 -1.501142 -0.000002 -0.000009 -0.000024
 29   8.824059 0.150544 0.091743 -0.015857 -0.089581 -0.167184
 30   2.111085 -0.561179 1.784320 -0.000008 -0.000682 0.000024
 31   2.121290 -0.561289 -1.853599 0.000000 0.000000 -0.000002
 32   -0.802676 -0.093824 3.127092 0.044066 -3.092712 0.195926
 33   14.298673 -0.408176 0.518454 -0.017394 -0.094868 -0.116030
 34   15.835795 0.581398 0.242756 -0.000811 0.023965 0.068310
 35   -0.831494 -0.091229 -3.114430 0.052734 3.300803 -0.139028
 36   14.294526 -0.410349 -0.455822 -0.025770 -0.120913 -0.936210
 37   15.834409 0.579420 -0.284600 0.125047 -0.051252 0.003690
 38   2.151435 -3.172490 -2.636307 0.047171 -0.352576 0.132882
 39   -4.446023 -0.992352 -0.746180 0.017018 -0.001750 -0.089662
 40   0.102445 -3.731028 3.049784 0.047171 -0.352563 0.132881
 41   -4.445559 -1.121632 0.959566 0.017017 -0.001750 -0.089662
 42   -0.079325 1.677770 -2.817524 -0.057011 -0.022445 -0.005520
 43   -0.484375 1.772799 3.185793 0.012919 0.254109 -0.070594
time 29
  0   -0.401123 2.578204 -27.160614 0.000000 0.058410 -1.414701
  1   -1.093036 0.000002 -0.326057 -3.088648 -0.049940 1.521002
  2   2.262337 0.113614 0.064702 0.023066 -0.067269 0.032967
  3   2.380047 0.353302 0.047440 -0.004200 0.245848 0.039036
  4   2.033756 0.190472 -0.000128 -0.004916 0.045613 -0.096478
  5   2.451511 0.204909 -0.003447 -0.049382 0.171989 -0.064105
  6   7.247600 -0.397300 -0.109469 0.006185 -0.001489 0.143683
  7   -2.022252 -0.104661 3.136172 -3.159376 -1.117905 -0.137780
  8   1.168026 -0.537438 -0.063437 0.091928 -0.000588 -0.132024
  9   6.790376 -0.619176 0.015206 -0.311843 -2.222133 0.008602
 10   8.637599 0.544015 -0.090417 1.245145 0.798519 0.092697
 11   6.790465 -0.619039 0.017802 -0.229153 -0.625920 -0.060472
 12   -2.022474 -0.104699 -2.873818 0.289676 1.392420 -2.874219
 13   1.167898 -0.537463 0.063297 0.308661 -1.158746 -0.371835
 14   7.002743 -0.617765 -0.183752 -0.049985 -1.138737 -1.860003
 15   8.209042 0.615527 -0.255885 1.598276 -0.103641 0.159056
 16   7.002735 -0.617911 -0.183641 -0.398453 -0.761992 -0.939703
 17   1.574674 0.609930 -0.000899 0.103947 0.302826 -0.116361
 18   -0.602177 0.511412 -0.000006 0.000000 0.000000 0.000000
 19   3.677679 0.177020 1.119313 -0.000002 -0.000014 -0.174510
 20   3.677673 0.176993 -1.117566 0.000007 -0.000003 -0.174546
 21   3.942357 1.330634 1.627658 0.000002 -0.000011 -0.000026
 22   -0.246060 -0.011889 0.516521 -0.000011 0.000031 0.000025
 23   3.942374 1.330659 -1.631083 0.000019 0.000002 -0.000024
 24   -0.246150 -0.011872 -0.516511 -0.000005 -0.000006 0.000048
 25   4.941364 1.997338 1.629330 0.000018 -0.000001 -0.000024
 26   4.941382 1.997366 -1.629410 -0.000001 0.000005 -0.000024
 27   2.918368 1.615358 1.514501 -0.000019 -0.000022 -0.000050
 28   2.924704 1.614964 -1.501142 -0.000002 -0.000009 -0.000024
 29   8.824059 0.150544 0.091743 -0.016570 -0.093664 -0.166862
 30   2.111085 -0.561179 1.784320 -0.000008 -0.000682 0.000024
 31   2.121290 -0.561289 -1.853599 0.000000 0.000000 -0.000002
 32   -0.802676 -0.093824 3.127092 0.044066 -3.092712 0.195926
 33   14.298673 -0.408176 0.518454 -0.017394 -0.094868 -0.116030
 34   15.835795 0.581398 0.242756 -0.000811 0.023965 0.068310
 35   -0.831494 -0.091229 -3.114430 0.052734 3.300803 -0.139028
 36   14.294526 -0.410349 -0.455822 -0.025818 -0.120841 -0.934974
 37   15.834409 0.579420 -0.284600 0.125795 -0.051380 0.001053
 38   2.151435 -3.172490 -2.636307 0.047171 -0.352576 0.132882
 39   -4.446023 -0.992352 -0.746180 0.017797 -0.001822 -0.093729
 40   0.102445 -3.731028 3.049784 0.047171 -0.352563 0.132881
 41   -4.445559 -1.121632 0.959566 0.017796 -0.001822 -0.093729
 42   -0.087138 1.677770 -2.813618 -0.056268 -0.018259 -0.006315
 43   -0.484375 1.772799 3.185793 0.012307 0.250265 -0.070385
time 30
  0   -0.401123 2.578204 -27.160614 0.000000 0.058410 -1.414701
  1   -1.093036 0.000002 -0.326057 -3.088648 -0.049940 1.521002
  2   2.262337 0.113614 0.064702 0.023066 -0.067269 0.032967
  3   2.380047 0.353302 0.047440 -0.004215 0.245812 0.038750
  4   2.033756 0.190472 -0.000128 -0.004787 0.045566 -0.096986
  5   2.451511 0.204909 -0.003447 -0.049879 0.172159 -0.062520
  6   7.247600 -0.397300 -0.109469 0.006461 -0.001573 0.143113
  7   -2.022252 -0.104661 3.136172 -3.159376 -1.117905 -0.137780
  8   1.168026 -0.537438 -0.063437 0.091928 -0.000588 -0.132024
  9   6.790376 -0.619176 0.015206 -0.311843 -2.222133 0.008602
 10   8.637599 0.544015 -0.090417 1.245145 0.798519 0.092697
 11   6.790465 -0.619039 0.017802 -0.229153 -0.625920 -0.060472
 12   -2.022474 -0.104699 -2.873818 0.289676 1.392420 -2.874219
 13   1.167898 -0.537463 0.063297 0.308661 -1.158746 -0.371835
 14   7.002743 -0.617765 -0.183752 -0.052149 -1.139248 -1.858023
 15   8.209042 0.615527 -0.255885 1.597917 -0.104322 0.164890
 16   7.002735 -0.617911 -0.183641 -0.399677 -0.761541 -0.938654
 17   1.574674 0.609930 -0.000899 0.103947 0.302826 -0.116361
 18   -0.602177 0.511412 -0.000006 0.000000 0.000000 0.000000
 19   3.673773 0.177020 1.119313 -0.000002 -0.000014 -0.174510
 20   3.677673 0.176993 -1.117566 0.000007 -0.000003 -0.174546
 21   3.942357 1.330634 1.627658 0.000002 -0.000011 -0.000026
 22   -0.246060 -0.011889 0.516521 -0.000011 0.000031 0.000025
 23   3.942374 1.330659 -1.631083 0.000019 0.000002 -0.000024
 24   -0.246150 -0.011872 -0.516511 -0.000005 -0.000006 0.000048
 25   4.941364 1.997338 1.629330 0.000018 -0.000001 -0.000024
 26   4.941382 1.997366 -1.629410 -0.000001 0.000005 -0.000024
 27   2.918368 1.615358 1.514501 -0.000019 -0.000022 -0.000050
 28   2.924704 1.614964 -1.501142 -0.000002 -0.000009 -0.000024
 29   8.824059 0.150544 0.091743 -0.017283 -0.097581 -0.166540
 30   2.111085 -0.561179 1.784320 -0.000008 -0.000682 0.000024
 31   2.121290 -0.561289 -1.853599 0.000000 0.000000 -0.000002
 32   -0.802676 -0.093824 3.127092 0.044066 -3.092712 0.195926
 33   14.298673 -0.408176 0.518454 -0.017394 -0.094868 -0.116030
 34   15.835795 0.581398 0.242756 -0.000811 0.023965 0.068310
 35   -0.831494 -0.091229 -3.114430 0.052734 3.300803 -0.139028
 36   14.294526 -0.410349 -0.455822 -0.025854 -0.120769 -0.933661
 37   15.834409 0.579420 -0.284600 0.126524 -0.051508 -0.001533
 38   2.151435 -3.172490 -2.636307 0.047171 -0.352576 0.132882
 39   -4.446023 -0.984539 -0.746180 0.018552 -0.001906 -0.097711
 40   0.102445 -3.731028 3.049784 0.047171 -0.352563 0.132881
 41   -4.445559 -1.129445 0.959566 0.018551 -0.001906 -0.097711
 42   -0.087138 1.677770 -2.797992 -0.055549 -0.014211 -0.007110
 43   -0.484375 1.772799 3.185793 0.011682 0.246546 -0.070218
time 31
  0   -0.401123 2.578204 -27.160614 0.000000 0.058410 -1.414701
  1   -1.093036 0.000002 -0.326057 -3.088648 -0.049940 1.521002
  2   2.262337 0.113614 0.064702 0.023066 -0.067269 0.032967
  3   2.380047 0.353302 0.047440 -0.004215 0.245776 0.038485
  4   2.033756 0.190472 -0.000128 -0.004676 0.045518 -0.097421
  5   2.451511 0.204909 -0.003447 -0.050358 0.172276 -0.061010
  6   7.247600 -0.397300 -0.109469 0.006700 -0.001633 0.142606
  7   -2.022252 -0.104661 3.136172 -3.159376 -1.117905 -0.137780
  8   1.168026 -0.537438 -0.063437 0.091928 -0.000588 -0.132024
  9   6.790376 -0.619176 0.015206 -0.311843 -2.221999 0.008602
 10   8.637599 0.544015 -0.090417 1.245145 0.798519 0.092697
 11   6.790465 -0.619039 0.017802 -0.229153 -0.625920 -0.060472
 12   -2.022474 -0.104699 -2.873818 0.289676 1.392420 -2.874219
 13   1.167898 -0.537463 0.063297 0.308661 -1.158746 -0.371835
 14   7.002743 -0.617765 -0.183752 -0.054141 -1.139588 -1.856125
 15   8.209042 0.615527 -0.255885 1.597485 -0.105003 0.170362
 16   7.002735 -0.617911 -0.183641 -0.400854 -0.761090 -0.937771
 17   1.574674 0.609930 -0.000899 0.103947 0.302826 -0.116361
 18   -0.602177 0.511412 -0.000006 0.000000 0.000000 0.000000
 19   3.677679 0.177020 1.119313 -0.000002 -0.000014 -0.174510
 20   3.677673 0.176993 -1.117566 0.000007 -0.000003 -0.174546
 21   3.942357 1.330634 1.627658 0.000002 -0.000011 -0.000026
 22   -0.246060 -0.011889 0.516521 -0.000011 0.000031 0.000025
 23   3.942374 1.330659 -1.631083 0.000019 0.000002 -0.000024
 24   -0.246150 -0.011872 -0.516511 -0.000005 -0.000006 0.000048
 25   4.941364 1.997338 1.629330 0.000018 -0.000001 -0.000024
 26   4.941382 1.997366 -1.629410 -0.000001 0.000005 -0.000024
 27   2.918368 1.615358 1.514501 -0.000019 -0.000022 -0.000050
 28   2.924704 1.614964 -1.501142 -0.000002 -0.000009 -0.000024
 29   8.824059 0.150544 0.091743 -0.017996 -0.101450 -0.166272
 30   2.111085 -0.561179 1.784320 -0.000008 -0.000682 0.000024
 31   2.121290 -0.561289 -1.853599 0.000000 0.000000 -0.000002
 32   -0.802676 -0.093824 3.127092 0.044066 -3.092712 0.195926
 33   14.298673 -0.408176 0.518454 -0.017394 -0.094868 -0.116030
 34   15.835795 0.581398 0.242756 -0.000811 0.023965 0.068310
 35   -0.831494 -0.091229 -3.114430 0.052734 3.300803 -0.139028
 36   14.294526 -0.410349 -0.455822 -0.025890 -0.120697 -0.932425
 37   15.834409 0.579420 -0.284600 0.127234 -0.051636 -0.003966
 38   2.151435 -3.172490 -2.636307 0.047171 -0.352576 0.132882
 39   -4.446023 -0.984539 -0.746180 0.019283 -0.001965 -0.101554
 40   0.102445 -3.731028 3.049784 0.047171 -0.352563 0.132881
 41   -4.445559 -1.129445 0.959566 0.019282 -0.001965 -0.101554
 42   -0.087138 1.677770 -2.794086 -0.054830 -0.010317 -0.007862
 43   -0.484375 1.772799 3.185793 0.011095 0.242937 -0.070009
time 32
  0   -0.401123 2.578204 -27.160614 0.000000 0.058410 -1.414701
  1   -1.093036 0.000002 -0.326057 -3.088648 -0.049940 1.521002
  2   2.262337 0.113614 0.064702 0.023066 -0.067269 0.032967
  3   2.380047 0.353302 0.047440 -0.004230 0.245740 0.038179
  4   2.033756 0.190472 -0.000128 -0.004584 0.045470 -0.097819
  5   2.451511 0.204909 -0.003447 -0.050803 0.172420 -0.059524
  6   7.247600 -0.397300 -0.109469 0.006940 -0.001693 0.142036
  7   -2.022252 -0.104661 3.136172 -3.159376 -1.117905 -0.137780
  8   1.168026 -0.537438 -0.063437 0.091928 -0.000588 -0.132024
  9   6.790376 -0.619176 0.015206 -0.311843 -2.222133 0.008602
 10   8.637599 0.544015 -0.090417 1.245145 0.798519 0.092697
 11   6.790465 -0.619039 0.017802 -0.229153 -0.625920 -0.060472
 12   -2.022474 -0.104699 -2.873818 0.289676 1.392420 -2.874219
 13   1.167898 -0.537463 0.063297 0.308661 -1.158746 -0.371835
 14   7.002743 -0.617765 -0.183752 -0.056134 -1.140043 -1.854145
 15   8.209042 0.615527 -0.255885 1.597126 -0.105684 0.175714
 16   7.002735 -0.617911 -0.183641 -0.401983 -0.760695 -0.936943
 17   1.574674 0.609930 -0.000899 0.103947 0.302826 -0.116361
 18   -0.602177 0.511412 -0.000006 0.000000 0.000000 0.000000
 19   3.677679 0.177020 1.119313 -0.000002 -0.000014 -0.174510
 20   3.677673 0.176993 -1.117566 0.000007 -0.000003 -0.174546
 21   3.942357 1.330634 1.627658 0.000002 -0.000011 -0.000026
 22   -0.246060 -0.011889 0.516521 -0.000011 0.000031 0.000025
 23   3.942374 1.330659 -1.631083 0.000019 0.000002 -0.000024
 24   -0.246150 -0.011872 -0.516511 -0.000005 -0.000006 0.000048
 25   4.941364 1.997338 1.629330 0.000018 -0.000001 -0.000024
 26   4.941382 1.997366 -1.629410 -0.000001 0.000005 -0.000024
 27   2.918368 1.615358 1.514501 -0.000019 -0.000022 -0.000050
 28   2.924704 1.614964 -1.501142 -0.000002 -0.000009 -0.000024
 29   8.824059 0.150544 0.091743 -0.018620 -0.105106 -0.165950
 30   2.111085 -0.561179 1.784320 -0.000008 -0.000682 0.000024
 31   2.121290 -0.561289 -1.853599 0.000000 0.000000 -0.000002
 32   -0.802676 -0.093824 3.127092 0.044066 -3.092712 0.195926
 33   14.298673 -0.408176 0.518454 -0.017394 -0.094868 -0.116030
 34   15.835795 0.581398 0.242756 -0.000811 0.023965 0.068310
 35   -0.831494 -0.091229 -3.114430 0.052734 3.300803 -0.139028
 36   14.294526 -0.410349 -0.455822 -0.025938 -0.120625 -0.931112
 37   15.834409 0.579420 -0.284600 0.127904 -0.051713 -0.006349
 38   2.151435 -3.172490 -2.636307 0.047171 -0.352576 0.132882
 39   -4.446023 -0.980633 -0.746180 0.019990 -0.002037 -0.105256
 40   0.102445 -3.731028 3.049784 0.047171 -0.352563 0.132881
 41   -4.445559 -1.133351 0.959566 0.019989 -0.002037 -0.105256
 42   -0.087138 1.677770 -2.782367 -0.054158 -0.006545 -0.008573
 43   -0.484375 1.772799 3.185793 0.010533 0.239437 -0.069841
time 33
  0   -0.401123 2.578204 -27.160614 0.000000 0.058410 -1.414701
  1   -1.093036 0.000002 -0.326057 -3.088648 -0.049940 1.521002
  2   2.262337 0.113614 0.064702 0.023066 -0.067269 0.032967
  3   2.380047 0.353302 0.047440 -0.004230 0.245704 0.037934
  4   2.033756 0.190472 -0.000128 -0.004492 0.045422 -0.098254
  5   2.451511 0.204909 -0.003447 -0.051231 0.172564 -0.058162
  6   7.247600 -0.397300 -0.109469 0.007192 -0.001753 0.141561
  7   -2.022252 -0.104661 3.136172 -3.159376 -1.117905 -0.137780
  8   1.168026 -0.537438 -0.063437 0.091928 -0.000588 -0.132024
  9   6.790376 -0.619176 0.015206 -0.311843 -2.222133 0.008602
 10   8.637599 0.544015 -0.090417 1.245145 0.798519 0.092697
 11   6.790465 -0.619039 0.017802 -0.229153 -0.625920 -0.060472
 12   -2.022474 -0.104699 -2.873818 0.289676 1.392420 -2.874219
 13   1.167898 -0.537463 0.063297 0.308661 -1.158746 -0.371835
 14   7.002743 -0.617765 -0.183752 -0.058013 -1.140383 -1.852330
 15   8.209042 0.615527 -0.255885 1.596694 -0.106289 0.180826
 16   7.002735 -0.617911 -0.183641 -0.403066 -0.760244 -0.936115
 17   1.574674 0.609930 -0.000899 0.103947 0.302826 -0.116361
 18   -0.602177 0.511412 -0.000006 0.000000 0.000000 0.000000
 19   3.677679 0.177020 1.119313 -0.000002 -0.000014 -0.174510
 20   3.677673 0.176993 -1.117566 0.000007 -0.000003 -0.174546
 21   3.942357 1.330634 1.627658 0.000002 -0.000011 -0.000026
 22   -0.246060 -0.011889 0.516521 -0.000011 0.000031 0.000025
 23   3.942374 1.330659 -1.631083 0.000019 0.000002 -0.000024
 24   -0.246150 -0.011872 -0.516511 -0.000005 -0.000006 0.000048
 25   4.941364 1.997338 1.629330 0.000018 -0.000001 -0.000024
 26   4.941382 1.997366 -1.629410 -0.000001 0.000005 -0.000024
 27   2.918368 1.615358 1.514501 -0.000019 -0.000022 -0.000050
 28   2.924704 1.614964 -1.501142 -0.000002 -0.000009 -0.000024
 29   8.824059 0.150544 0.091743 -0.019244 -0.108619 -0.165628
 30   2.111085 -0.561179 1.784320 -0.000008 -0.000682 0.000024
 31   2.121290 -0.561289 -1.853599 0.000000 0.000000 -0.000002
 32   -0.802676 -0.093824 3.127092 0.044066 -3.092712 0.195926
 33   14.298673 -0.408176 0.518454 -0.017394 -0.094868 -0.116030
 34   15.835795 0.581398 0.242756 -0.000811 0.023965 0.068310
 35   -0.831494 -0.091229 -3.114430 0.052734 3.300803 -0.139028
 36   14.294526 -0.410349 -0.455822 -0.025974 -0.120553 -0.930108
 37   15.834409 0.579420 -0.284600 0.128554 -0.051841 -0.008580
 38   2.151435 -3.172490 -2.636307 0.047171 -0.352576 0.132882
 39   -4.446023 -0.980633 -0.746180 0.020661 -0.002109 -0.108761
 40   0.102445 -3.731028 3.049784 0.047171 -0.352563 0.132881
 41   -4.445559 -1.133351 0.959566 0.020660 -0.002109 -0.108761
 42   -0.087138 1.685583 -2.774554 -0.053511 -0.002942 -0.009284
 43   -0.484375 1.772799 3.185793 0.009983 0.236127 -0.069674
time 34
  0   -0.401123 2.578204 -27.160614 0.000000 0.058410 -1.414701
  1   -1.093036 0.000002 -0.326057 -3.088648 -0.049940 1.521002
  2   2.262337 0.113614 0.064702 0.023066 -0.067269 0.032967
  3   2.380047 0.353302 0.047440 -0.004245 0.245656 0.037689
  4   2.033756 0.190472 -0.000128 -0.004381 0.045374 -0.098653
  5   2.451511 0.204909 -0.003447 -0.051642 0.172668 -0.056800
  6   7.247600 -0.397300 -0.109469 0.007395 -0.001813 0.141086
  7   -2.022252 -0.104661 3.136172 -3.159376 -1.117905 -0.137780
  8   1.168026 -0.537438 -0.063437 0.091928 -0.000588 -0.132024
  9   6.790376 -0.619176 0.015206 -0.311843 -2.222133 0.008602
 10   8.637599 0.544015 -0.090417 1.245145 0.798519 0.092697
 11   6.790465 -0.619039 0.017802 -0.229153 -0.625920 -0.060472
 12   -2.022474 -0.104699 -2.873818 0.289676 1.392420 -2.874219
 13   1.167898 -0.537463 0.063297 0.308661 -1.158746 -0.371835
 14   7.002743 -0.617765 -0.183752 -0.059778 -1.140781 -1.850762
 15   8.209042 0.615527 -0.255885 1.596407 -0.106819 0.185697
 16   7.002735 -0.617911 -0.183641 -0.404102 -0.759849 -0.935232
 17   1.574674 0.609930 -0.000899 0.103947 0.302826 -0.116361
 18   -0.602177 0.511412 -0.000006 0.000000 0.000000 0.000000
 19   3.673773 0.177020 1.119313 -0.000002 -0.000014 -0.174510
 20   3.673767 0.176993 -1.117566 0.000007 -0.000003 -0.174546
 21   3.942357 1.330634 1.627658 0.000002 -0.000011 -0.000026
 22   -0.246060 -0.011889 0.516521 -0.000011 0.000031 0.000025
 23   3.942374 1.330659 -1.631083 0.000019 0.000002 -0.000024
 24   -0.246150 -0.011872 -0.516511 -0.000005 -0.000006 0.000048
 25   4.941364 1.997338 1.629330 0.000018 -0.000001 -0.000024
 26   4.941382 1.997366 -1.629410 -0.000001 0.000005 -0.000024
 27   2.918368 1.615358 1.514501 -0.000019 -0.000022 -0.000050
 28   2.924704 1.614964 -1.501142 -0.000002 -0.000009 -0.000024
 29   8.824059 0.150544 0.091743 -0.019868 -0.111966 -0.165360
 30   2.111085 -0.561179 1.784320 -0.000008 -0.000682 0.000024
 31   2.121290 -0.561289 -1.853599 0.000000 0.000000 -0.000002
 32   -0.802676 -0.093824 3.127092 0.044066 -3.092712 0.195926
 33   14.298673 -0.408176 0.518454 -0.017394 -0.094868 -0.116030
 34   15.835795 0.581398 0.242756 -0.000811 0.023965 0.068310
 35   -0.831494 -0.091229 -3.114430 0.052734 3.300803 -0.139028
 36   14.294526 -0.410349 -0.455822 -0.025998 -0.120493 -0.928949
 37   15.834409 0.579420 -0.284600 0.129165 -0.051943 -0.010761
 38   2.151435 -3.172490 -2.636307 0.047171 -0.352576 0.132882
 39   -4.446023 -0.980633 -0.746180 0.021309 -0.002169 -0.112127
 40   0.102445 -3.731028 3.049784 0.047171 -0.352563 0.132881
 41   -4.445559 -1.133351 0.959566 0.021308 -0.002169 -0.112127
 42   -0.087138 1.685583 -2.762835 -0.052912 0.000447 -0.009995
 43   -0.484375 1.772799 3.185793 0.009471 0.233004 -0.069507
time 35
  0   -0.401123 2.578204 -27.160614 0.000000 0.058410 -1.414701
  1   -1.093036 0.000002 -0.326057 -3.088648 -0.049940 1.521002
  2   2.262337 0.113614 0.064702 0.023066 -0.067269 0.032967
  3   2.380047 0.353302 0.047440 -0.004245 0.245620 0.037444
  4   2.033756 0.190472 -0.000128 -0.004289 0.045338 -0.099052
  5   2.451511 0.204909 -0.003447 -0.052001 0.172799 -0.055561
  6   7.247600 -0.397300 -0.109469 0.007611 -0.001861 0.140674
  7   -2.022252 -0.104661 3.136172 -3.159376 -1.117905 -0.137780
  8   1.168026 -0.537438 -0.063437 0.091928 -0.000588 -0.132024
  9   6.790376 -0.619176 0.015206 -0.311843 -2.222133 0.008602
 10   8.637599 0.544015 -0.090417 1.245145 0.798519 0.092697
 11   6.790465 -0.619039 0.017802 -0.229153 -0.625920 -0.060472
 12   -2.022474 -0.104699 -2.873818 0.289676 1.392420 -2.874219
 13   1.167898 -0.537463 0.063297 0.308661 -1.158746 -0.371835
 14   7.002743 -0.617765 -0.183752 -0.061429 -1.141122 -1.849195
 15   8.209042 0.615527 -0.255885 1.595975 -0.107424 0.190268
 16   7.002735 -0.617911 -0.183641 -0.405043 -0.759511 -0.934570
 17   1.574674 0.609930 -0.000899 0.103947 0.302826 -0.116361
 18   -0.602177 0.511412 -0.000006 0.000000 0.000000 0.000000
 19   3.677679 0.177020 1.119313 -0.000002 -0.000014 -0.174510
 20   3.677673 0.176993 -1.117566 0.000007 -0.000003 -0.174546
 21   3.942357 1.330634 1.627658 0.000002 -0.000011 -0.000026
 22   -0.246060 -0.011889 0.516521 -0.000011 0.000031 0.000025
 23   3.942374 1.330659 -1.631083 0.000019 0.000002 -0.000024
 24   -0.246150 -0.011872 -0.516511 -0.000005 -0.000006 0.000048
 25   4.941364 1.997338 1.629330 0.000018 -0.000001 -0.000024
 26   4.941382 1.997366 -1.629410 -0.000001 0.000005 -0.000024
 27   2.918368 1.615358 1.514501 -0.000019 -0.000022 -0.000050
 28   2.924704 1.614964 -1.501142 -0.000002 -0.000009 -0.000024
 29   8.824059 0.150544 0.091743 -0.020403 -0.115075 -0.165038
 30   2.111085 -0.561179 1.784320 -0.000008 -0.000682 0.000024
 31   2.121290 -0.561289 -1.853599 0.000000 0.000000 -0.000002
 32   -0.802676 -0.093824 3.127092 0.044066 -3.092712 0.195926
 33   14.298673 -0.408176 0.518454 -0.017394 -0.094868 -0.116030
 34   15.835795 0.581398 0.242756 -0.000811 0.023965 0.068310
 35   -0.831494 -0.091229 -3.114430 0.052734 3.300803 -0.139028
 36   14.294526 -0.410349 -0.455822 -0.026034 -0.120433 -0.927945
 37   15.834409 0.579420 -0.284600 0.129736 -0.052020 -0.012789
 38   2.151435 -3.172490 -2.636307 0.047171 -0.352576 0.132882
 39   -4.438210 -0.972820 -0.746180 0.021896 -0.002229 -0.115268
 40   0.102445 -3.731028 3.049784 0.047171 -0.352563 0.132881
 41   -4.453372 -1.141164 0.959566 0.021895 -0.002229 -0.115268
 42   -0.087138 1.689489 -2.758929 -0.052337 0.003636 -0.010664
 43   -0.484375 1.772799 3.185793 0.008996 0.230054 -0.069339
time 36
  0   -0.401123 2.578204 -27.160614 0.000000 0.058410 -1.414701
  1   -1.093036 0.000002 -0.326057 -3.088648 -0.049940 1.521002
  2   2.262337 0.113614 0.064702 0.023066 -0.067269 0.032967
  3   2.380047 0.353302 0.047440 -0.004260 0.245596 0.037240
  4   2.033756 0.190472 -0.000128 -0.004215 0.045290 -0.099378
  5   2.451511 0.204909 -0.003447 -0.052378 0.172890 -0.054397
  6   7.247600 -0.397300 -0.109469 0.007815 -0.001909 0.140262
  7   -2.022252 -0.104661 3.136172 -3.159376 -1.117905 -0.137780
  8   1.168026 -0.537438 -0.063437 0.091928 -0.000588 -0.132024
  9   6.790376 -0.619176 0.015206 -0.311843 -2.222133 0.008602
 10   8.637599 0.544015 -0.090417 1.245145 0.798519 0.092697
 11   6.790465 -0.619039 0.017802 -0.229153 -0.625920 -0.060472
 12   -2.022474 -0.104699 -2.873818 0.289676 1.392420 -2.874219
 13   1.167898 -0.537463 0.063297 0.308661 -1.158746 -0.371835
 14   7.002743 -0.617765 -0.183752 -0.063023 -1.141405 -1.847627
 15   8.209042 0.615527 -0.255885 1.595760 -0.107878 0.194477
 16   7.002735 -0.617911 -0.183641 -0.405938 -0.759116 -0.933797
 17   1.574674 0.609930 -0.000899 0.103947 0.302826 -0.116361
 18   -0.602177 0.511412 -0.000006 0.000000 0.000000 0.000000
 19   3.673773 0.177020 1.119313 -0.000002 -0.000014 -0.174510
 20   3.677673 0.176993 -1.117566 0.000007 -0.000003 -0.174546
 21   3.942357 1.330634 1.627658 0.000002 -0.000011 -0.000026
 22   -0.246060 -0.011889 0.516521 -0.000011 0.000031 0.000025
 23   3.942374 1.330659 -1.631083 0.000019 0.000002 -0.000024
 24   -0.246150 -0.011872 -0.516511 -0.000005 -0.000006 0.000048
 25   4.941364 1.997338 1.629330 0.000018 -0.000001 -0.000024
 26   4.941382 1.997366 -1.629410 -0.000001 0.000005 -0.000024
 27   2.918368 1.615358 1.514501 -0.000019 -0.000022 -0.000050
 28   2.924704 1.614964 -1.501142 -0.000002 -0.000009 -0.000024
 29   8.824059 0.150544 0.091743 -0.020937 -0.118019 -0.164877
 30   2.111085 -0.561179 1.784320 -0.000008 -0.000682 0.000024
 31   2.121290 -0.561289 -1.853599 0.000000 0.000000 -0.000002
 32   -0.802676 -0.093824 3.127092 0.044066 -3.092712 0.195926
 33   14.298673 -0.408176 0.518454 -0.017394 -0.094868 -0.116030
 34   15.835795 0.581398 0.242756 -0.000811 0.023965 0.068310
 35   -0.831494 -0.091229 -3.114430 0.052734 3.300803 -0.139028
 36   14.294526 -0.410349 -0.455822 -0.026058 -0.120385 -0.927018
 37   15.834409 0.579420 -0.284600 0.130268 -0.052148 -0.014665
 38   2.151435 -3.172490 -2.636307 0.047171 -0.352576 0.132882
 39   -4.438210 -0.972820 -0.746180 0.022447 -0.002289 -0.118185
 40   0.102445 -3.731028 3.049784 0.047171 -0.352563 0.132881
 41   -4.453372 -1.141164 0.959566 0.022446 -0.002289 -0.118185
 42   -0.087138 1.689489 -2.751116 -0.051797 0.006641 -0.011250
 43   -0.484375 1.772799 3.185793 0.008521 0.227277 -0.069214
time 37
  0   -0.401123 2.578204 -27.160614 0.000000 0.058410 -1.414701
  1   -1.093036 0.000002 -0.326057 -3.088648 -0.049940 1.521002
  2   2.262337 0.113614 0.064702 0.023066 -0.067269 0.032967
  3   2.380047 0.353302 0.047440 -0.004260 0.245572 0.037036
  4   2.033756 0.190472 -0.000128 -0.004160 0.045254 -0.099668
  5   2.451511 0.204909 -0.003447 -0.052703 0.172994 -0.053332
  6   7.247600 -0.397300 -0.109469 0.007995 -0.001945 0.139882
  7   -2.022252 -0.104661 3.136172 -3.159376 -1.117905 -0.137780
  8   1.168026 -0.537438 -0.063437 0.091928 -0.000588 -0.132024
  9   6.790376 -0.619176 0.015206 -0.311843 -2.222133 0.008602
 10   8.637599 0.544015 -0.090417 1.245145 0.798519 0.092697
 11   6.790465 -0.619039 0.017802 -0.229153 -0.625920 -0.060472
 12   -2.022474 -0.104699 -2.873818 0.289676 1.392420 -2.874219
 13   1.167898 -0.537463 0.063297 0.308661 -1.158746 -0.371835
 14   7.002743 -0.617765 -0.183752 -0.064389 -1.141689 -1.846307
 15   8.209042 0.615527 -0.255885 1.595400 -0.108332 0.198386
 16   7.002735 -0.617911 -0.183641 -0.406738 -0.758891 -0.933245
 17   1.574674 0.609930 -0.000899 0.103947 0.302826 -0.116361
 18   -0.602177 0.511412 -0.000006 0.000000 0.000000 0.000000
 19   3.673773 0.177020 1.119313 -0.000002 -0.000014 -0.174510
 20   3.677673 0.176993 -1.117566 0.000007 -0.000003 -0.174546
 21   3.942357 1.330634 1.627658 0.000002 -0.000011 -0.000026
 22   -0.246060 -0.011889 0.516521 -0.000011 0.000031 0.000025
 23   3.942374 1.330659 -1.631083 0.000019 0.000002 -0.000024
 24   -0.246150 -0.011872 -0.516511 -0.000005 -0.000006 0.000048
 25   4.941364 1.997338 1.629330 0.000018 -0.000001 -0.000024
 26   4.941382 1.997366 -1.629410 -0.000001 0.000005 -0.000024
 27   2.918368 1.615358 1.514501 -0.000019 -0.000022 -0.000050
 28   2.924704 1.614964 -1.501142 -0.000002 -0.000009 -0.000024
 29   8.824059 0.150544 0.091743 -0.021383 -0.120701 -0.164609
 30   2.111085 -0.561179 1.784320 -0.000008 -0.000682 0.000024
 31   2.121290 -0.561289 -1.853599 0.000000 0.000000 -0.000002
 32   -0.802676 -0.093824 3.127092 0.044066 -3.092712 0.195926
 33   14.298673 -0.408176 0.518454 -0.017394 -0.094868 -0.116030
 34   15.835795 0.581398 0.242756 -0.000811 0.023965 0.068310
 35   -0.831494 -0.091229 -3.114430 0.052734 3.300803 -0.139028
 36   14.294526 -0.410349 -0.455822 -0.026082 -0.120337 -0.926091
 37   15.834409 0.579420 -0.284600 0.130741 -0.052199 -0.016388
 38   2.151435 -3.172490 -2.636307 0.047171 -0.352576 0.132882
 39   -4.438210 -0.972820 -0.746180 0.022962 -0.002349 -0.120877
 40   0.102445 -3.731028 3.049784 0.047171 -0.352563 0.132881
 41   -4.453372 -1.141164 0.959566 0.022961 -0.002349 -0.120877
 42   -0.087138 1.689489 -2.747210 -0.051306 0.009370 -0.011794
 43   -0.484375 1.772799 3.185793 0.008109 0.224766 -0.069088
time 38
  0   -0.401123 2.578204 -27.160614 0.000000 0.058410 -1.414701
  1   -1.093036 0.000002 -0.326057 -3.088648 -0.049940 1.521002
  2   2.262337 0.113614 0.064702 0.023066 -0.067269 0.032967
  3   2.380047 0.353302 0.047440 -0.004275 0.245548 0.036832
  4   2.033756 0.190472 -0.000128 -0.004086 0.045218 -0.099958
  5   2.451511 0.204909 -0.003447 -0.053011 0.173086 -0.052342
  6   7.247600 -0.397300 -0.109469 0.008151 -0.001980 0.139502
  7   -2.022252 -0.104661 3.136172 -3.159376 -1.117905 -0.137780
  8   1.168026 -0.537438 -0.063437 0.091928 -0.000588 -0.132024
  9   6.790376 -0.619176 0.015206 -0.311843 -2.222133 0.008602
 10   8.637599 0.544015 -0.090417 1.245145 0.798519 0.092697
 11   6.790465 -0.619039 0.017802 -0.229153 -0.625920 -0.060472
 12   -2.022474 -0.104699 -2.873818 0.289676 1.392420 -2.874219
 13   1.167898 -0.537463 0.063297 0.308661 -1.158746 -0.371835
 14   7.002743 -0.617765 -0.183752 -0.065699 -1.141917 -1.844987
 15   8.209042 0.615527 -0.255885 1.595184 -0.108786 0.201934
 16   7.002735 -0.617911 -0.183641 -0.407491 -0.758609 -0.932638
 17   1.574674 0.609930 -0.000899 0.103947 0.302826 -0.116361
 18   -0.602177 0.511412 -0.000006 0.000000 0.000000 0.000000
 19   3.673773 0.177020 1.119313 -0.000002 -0.000014 -0.174510
 20   3.677673 0.176993 -1.117566 0.000007 -0.000003 -0.174546
 21   3.942357 1.330634 1.627658 0.000002 -0.000011 -0.000026
 22   -0.246060 -0.011889 0.516521 -0.000011 0.000031 0.000025
 23   3.942374 1.330659 -1.631083 0.000019 0.000002 -0.000024
 24   -0.246150 -0.011872 -0.516511 -0.000005 -0.000006 0.000048
 25   4.941364 1.997338 1.629330 0.000018 -0.000001 -0.000024
 26   4.941382 1.997366 -1.629410 -0.000001 0.000005 -0.000024
 27   2.918368 1.615358 1.514501 -0.000019 -0.000022 -0.000050
 28   2.924704 1.614964 -1.501142 -0.000002 -0.000009 -0.000024
 29   8.824059 0.150544 0.091743 -0.021829 -0.123123 -0.164394
 30   2.111085 -0.561179 1.784320 -0.000008 -0.000682 0.000024
 31   2.121290 -0.561289 -1.853599 0.000000 0.000000 -0.000002
 32   -0.802676 -0.093824 3.127092 0.044066 -3.092712 0.195926
 33   14.298673 -0.408176 0.518454 -0.017394 -0.094868 -0.116030
 34   15.835795 0.581398 0.242756 -0.000811 0.023965 0.068310
 35   -0.831494 -0.091229 -3.114430 0.052734 3.300803 -0.139028
 36   14.294526 -0.410349 -0.455822 -0.026106 -0.120289 -0.925396
 37   15.834409 0.579420 -0.284600 0.131214 -0.052276 -0.018011
 38   2.151435 -3.172490 -2.636307 0.047171 -0.352576 0.132882
 39   -4.438210 -0.972820 -0.746180 0.023430 -0.002397 -0.123317
 40   0.102445 -3.731028 3.049784 0.047171 -0.352563 0.132881
 41   -4.453372 -1.141164 0.959566 0.023429 -0.002397 -0.123317
 42   -0.087138 1.689489 -2.739397 -0.050875 0.011854 -0.012254
 43   -0.484375 1.772799 3.185793 0.007734 0.222459 -0.068963
time 39
  0   -0.401123 2.578204 -27.160614 0.000000 0.058410 -1.414701
  1   -1.093036 0.000002 -0.326057 -3.088648 -0.049940 1.521002
  2   2.262337 0.113614 0.064702 0.023066 -0.067269 0.032967
  3   2.380047 0.353302 0.047440 -0.004275 0.245524 0.036669
  4   2.033756 0.190472 -0.000128 -0.004012 0.045194 -0.100248
  5   2.451511 0.204909 -0.003447 -0.053268 0.173164 -0.051500
  6   7.247600 -0.397300 -0.109469 0.008282 -0.002016 0.139217
  7   -2.022252 -0.104661 3.136172 -3.159376 -1.117905 -0.137780
  8   1.168026 -0.537438 -0.063437 0.091928 -0.000588 -0.132024
  9   6.790376 -0.619176 0.015206 -0.311843 -2.221999 0.008602
 10   8.637599 0.544015 -0.090417 1.245145 0.798519 0.092697
 11   6.790465 -0.619039 0.017802 -0.229153 -0.625920 -0.060472
 12   -2.022474 -0.104699 -2.873818 0.289676 1.392420 -2.874219
 13   1.167898 -0.537463 0.063297 0.308661 -1.158746 -0.371835
 14   7.002743 -0.617765 -0.183752 -0.066837 -1.142200 -1.843997
 15   8.209042 0.615527 -0.255885 1.594897 -0.109088 0.205061
 16   7.002735 -0.617911 -0.183641 -0.408150 -0.758327 -0.932086
 17   1.574674 0.609930 -0.000899 0.103947 0.302826 -0.116361
 18   -0.602177 0.511412 -0.000006 0.000000 0.000000 0.000000
 19   3.673773 0.177020 1.119313 -0.000002 -0.000014 -0.174510
 20   3.677673 0.176993 -1.117566 0.000007 -0.000003 -0.174546
 21   3.942357 1.330634 1.627658 0.000002 -0.000011 -0.000026
 22   -0.246060 -0.011889 0.516521 -0.000011 0.000031 0.000025
 23   3.942374 1.330659 -1.631083 0.000019 0.000002 -0.000024
 24   -0.246150 -0.011872 -0.516511 -0.000005 -0.000006 0.000048
 25   4.941364 1.997338 1.629330 0.000018 -0.000001 -0.000024
 26   4.941382 1.997366 -1.629410 -0.000001 0.000005 -0.000024
 27   2.918368 1.615358 1.514501 -0.000019 -0.000022 -0.000050
 28   2.920798 1.614964 -1.501142 -0.000002 -0.000009 -0.000024
 29   8.824059 0.150544 0.091743 -0.022274 -0.125307 -0.164287
 30   2.111085 -0.561179 1.784320 -0.000008 -0.000682 0.000024
 31   2.121290 -0.561289 -1.853599 0.000000 0.000000 -0.000002
 32   -0.802676 -0.093824 3.127092 0.044066 -3.092712 0.195926
 33   14.298673 -0.408176 0.518454 -0.017394 -0.094868 -0.116030
 34   15.835795 0.581398 0.242756 -0.000811 0.023965 0.068310
 35   -0.831494 -0.091229 -3.114430 0.052734 3.300803 -0.139028
 36   14.294526 -0.410349 -0.455822 -0.026130 -0.120266 -0.924701
 37   15.834409 0.579420 -0.284600 0.131608 -0.052327 -0.019431
 38   2.151435 -3.172490 -2.636307 0.047171 -0.352576 0.132882
 39   -4.438210 -0.968914 -0.746180 0.023837 -0.002445 -0.125505
 40   0.102445 -3.731028 3.049784 0.047171 -0.352563 0.132881
 41   -4.453372 -1.145070 0.959566 0.023836 -0.002445 -0.125505
 42   -0.087138 1.689489 -2.731584 -0.050455 0.014077 -0.012714
 43   -0.484375 1.772799 3.185793 0.007409 0.220404 -0.068838
time 40
  0   -0.401123 2.578204 -27.160614 0.000000 0.058410 -1.414701
  1   -1.093036 0.000002 -0.326057 -3.088648 -0.049940 1.521002
  2   2.262337 0.113614 0.064702 0.023066 -0.067269 0.032967
  3   2.380047 0.353302 0.047440 -0.004275 0.245500 0.036567
  4   2.033756 0.190472 -0.000128 -0.003957 0.045158 -0.100429
  5   2.451511 0.204909 -0.003447 -0.053490 0.173229 -0.050757
  6   7.247600 -0.397300 -0.109469 0.008414 -0.002052 0.138932
  7   -2.022252 -0.104661 3.136172 -3.159376 -1.117905 -0.137780
  8   1.168026 -0.537438 -0.063437 0.091928 -0.000588 -0.132024
  9   6.790376 -0.619176 0.015206 -0.311843 -2.222133 0.008602
 10   8.637599 0.544015 -0.090417 1.245145 0.798519 0.092697
 11   6.790465 -0.619039 0.017802 -0.229153 -0.625920 -0.060472
 12   -2.022474 -0.104699 -2.873818 0.289676 1.392420 -2.874219
 13   1.167898 -0.537463 0.063297 0.308661 -1.158746 -0.371835
 14   7.002743 -0.617765 -0.183752 -0.067805 -1.142428 -1.843007
 15   8.209042 0.615527 -0.255885 1.594609 -0.109467 0.207888
 16   7.002735 -0.617911 -0.183641 -0.408762 -0.758101 -0.931700
 17   1.574674 0.609930 -0.000899 0.103947 0.302826 -0.116361
 18   -0.602177 0.511412 -0.000006 0.000000 0.000000 0.000000
 19   3.677679 0.177020 1.119313 -0.000002 -0.000014 -0.174510
 20   3.677673 0.176993 -1.117566 0.000007 -0.000003 -0.174546
 21   3.942357 1.330634 1.627658 0.000002 -0.000011 -0.000026
 22   -0.246060 -0.011889 0.516521 -0.000011 0.000031 0.000025
 23   3.942374 1.330659 -1.631083 0.000019 0.000002 -0.000024
 24   -0.246150 -0.011872 -0.516511 -0.000005 -0.000006 0.000048
 25   4.941364 1.997338 1.629330 0.000018 -0.000001 -0.000024
 26   4.941382 1.997366 -1.629410 -0.000001 0.000005 -0.000024
 27   2.918368 1.623171 1.514501 -0.000019 -0.000022 -0.000050
 28   2.924704 1.614964 -1.501142 -0.000002 -0.000009 -0.000024
 29   8.824059 0.150544 0.091743 -0.022542 -0.127206 -0.164126
 30   2.111085 -0.561179 1.784320 -0.000008 -0.000682 0.000024
 31   2.121290 -0.561289 -1.853599 0.000000 0.000000 -0.000002
 32   -0.802676 -0.093824 3.127092 0.044066 -3.092712 0.195926
 33   14.298673 -0.408176 0.518454 -0.017394 -0.094868 -0.116030
 34   15.835795 0.581398 0.242756 -0.000811 0.023965 0.068310
 35   -0.831494 -0.091229 -3.114430 0.052734 3.300803 -0.139028
 36   14.294526 -0.410349 -0.455822 -0.026154 -0.120230 -0.924083
 37   15.834409 0.579420 -0.284600 0.131943 -0.052404 -0.020597
 38   2.151435 -3.172490 -2.636307 0.047171 -0.352576 0.132882
 39   -4.438210 -0.968914 -0.746180 0.024209 -0.002481 -0.127384
 40   0.102445 -3.731028 3.049784 0.047171 -0.352563 0.132881
 41   -4.453372 -1.145070 0.959566 0.024208 -0.002481 -0.127384
 42   -0.087138 1.689489 -2.731584 -0.050132 0.016009 -0.013048
 43   -0.484375 1.772799 3.185793 0.007122 0.218646 -0.068754
time 41
  0   -0.401123 2.578204 -27.160614 0.000000 0.058410 -1.414701
  1   -1.093036 0.000002 -0.326057 -3.088648 -0.049940 1.521002
  2   2.262337 0.113614 0.064702 0.023066 -0.067269 0.032967
  3   2.380047 0.353302 0.047440 -0.004290 0.245488 0.036424
  4   2.033756 0.190472 -0.000128 -0.003920 0.045134 -0.100683
  5   2.451511 0.204909 -0.003447 -0.053696 0.173295 -0.050138
  6   7.247600 -0.397300 -0.109469 0.008510 -0.002076 0.138710
  7   -2.022252 -0.104661 3.136172 -3.159376 -1.117905 -0.137780
  8   1.168026 -0.537438 -0.063437 0.091928 -0.000588 -0.132024
  9   6.790376 -0.619176 0.015206 -0.311843 -2.222133 0.008602
 10   8.637599 0.544015 -0.090417 1.245145 0.798519 0.092697
 11   6.790465 -0.619039 0.017802 -0.229153 -0.625920 -0.060472
 12   -2.022474 -0.104699 -2.873818 0.289676 1.392420 -2.874219
 13   1.167898 -0.537463 0.063297 0.308661 -1.158746 -0.371835
 14   7.002743 -0.617765 -0.183752 -0.068716 -1.142598 -1.842182
 15   8.209042 0.615527 -0.255885 1.594465 -0.109694 0.210173
 16   7.002735 -0.617911 -0.183641 -0.409233 -0.757932 -0.931258
 17   1.574674 0.609930 -0.000899 0.103947 0.302826 -0.116361
 18   -0.602177 0.511412 -0.000006 0.000000 0.000000 0.000000
 19   3.673773 0.177020 1.119313 -0.000002 -0.000014 -0.174510
 20   3.677673 0.176993 -1.117566 0.000007 -0.000003 -0.174546
 21   3.942357 1.330634 1.627658 0.000002 -0.000011 -0.000026
 22   -0.246060 -0.011889 0.516521 -0.000011 0.000031 0.000025
 23   3.942374 1.330659 -1.631083 0.000019 0.000002 -0.000024
 24   -0.246150 -0.011872 -0.516511 -0.000005 -0.000006 0.000048
 25   4.941364 1.997338 1.629330 0.000018 -0.000001 -0.000024
 26   4.941382 1.997366 -1.629410 -0.000001 0.000005 -0.000024
 27   2.918368 1.615358 1.514501 -0.000019 -0.000022 -0.000050
 28   2.920798 1.614964 -1.501142 -0.000002 -0.000009 -0.000024
 29   8.824059 0.150544 0.091743 -0.022898 -0.128749 -0.163965
 30   2.130617 -0.561179 1.756975 0.009186 0.053835 -0.001456
 31   2.133009 -0.561289 -1.853599 -0.009316 -0.046053 0.005402
 32   -0.802676 -0.093824 3.127092 0.044066 -3.092712 0.195926
 33   14.298673 -0.408176 0.518454 -0.017394 -0.094868 -0.116030
 34   15.835795 0.581398 0.242756 -0.000811 0.023965 0.068310
 35   -0.831494 -0.091229 -3.114430 0.052734 3.300803 -0.139028
 36   14.294526 -0.410349 -0.455822 -0.026166 -0.120194 -0.923542
 37   15.834409 0.579420 -0.284600 0.132218 -0.052455 -0.021611
 38   2.151435 -3.172490 -2.636307 0.047171 -0.352576 0.132882
 39   -4.438210 -0.968914 -0.746180 0.024497 -0.002517 -0.128982
 40   0.102445 -3.731028 3.049784 0.047171 -0.352563 0.132881
 41   -4.453372 -1.145070 0.959566 0.024496 -0.002517 -0.128982
 42   -0.087138 1.689489 -2.727678 -0.049844 0.017619 -0.013383
 43   -0.484375 1.772799 3.185793 0.006872 0.217156 -0.068670
time 42
  0   -0.401123 2.578204 -27.160614 0.000000 0.058410 -1.414701
  1   -1.093036 0.000002 -0.326057 -3.088648 -0.049940 1.521002
  2   2.262337 0.113614 0.064702 0.023066 -0.067269 0.032967
  3   2.380047 0.353302 0.047440 -0.004290 0.245476 0.036322
  4   2.033756 0.190472 -0.000128 -0.003883 0.045122 -0.100828
  5   2.451511 0.204909 -0.003447 -0.053850 0.173347 -0.049618
  6   7.247600 -0.397300 -0.109469 0.008606 -0.002100 0.138584
  7   -2.022252 -0.104661 3.136172 -3.159376 -1.117905 -0.137780
  8   1.168026 -0.537438 -0.063437 0.091928 -0.000588 -0.132024
  9   6.790376 -0.619176 0.015206 -0.311843 -2.222133 0.008602
 10   8.637599 0.544015 -0.090417 1.245145 0.798519 0.092697
 11   6.790465 -0.619039 0.017802 -0.229153 -0.625920 -0.060472
 12   -2.022474 -0.104699 -2.873818 0.289676 1.392420 -2.874219
 13   1.167898 -0.537463 0.063297 0.308661 -1.158746 -0.371835
 14   7.002743 -0.617765 -0.183752 -0.069342 -1.142712 -1.841604
 15   8.209042 0.615527 -0.255885 1.594393 -0.109921 0.211917
 16   7.002735 -0.617911 -0.183641 -0.409609 -0.757763 -0.930927
 17   1.574674 0.609930 -0.000899 0.103947 0.302826 -0.116361
 18   -0.602177 0.511412 -0.000006 0.000000 0.000000 0.000000
 19   3.677679 0.177020 1.119313 -0.000002 -0.000014 -0.174510
 20   3.677673 0.176993 -1.117566 0.000007 -0.000003 -0.174546
 21   3.942357 1.330634 1.627658 0.000002 -0.000011 -0.000026
 22   -0.246060 -0.011889 0.516521 -0.000011 0.000031 0.000025
 23   3.942374 1.330659 -1.631083 0.000019 0.000002 -0.000024
 24   -0.246150 -0.011872 -0.516511 -0.000005 -0.000006 0.000048
 25   4.941364 1.997338 1.629330 0.000018 -0.000001 -0.000024
 26   4.941382 1.997366 -1.629410 -0.000001 0.000005 -0.000024
 27   2.918368 1.615358 1.514501 -0.000019 -0.000022 -0.000050
 28   2.924704 1.614964 -1.501142 -0.000002 -0.000009 -0.000024
 29   8.824059 0.150544 0.091743 -0.023076 -0.130007 -0.163804
 30   2.173587 -0.572898 1.690567 0.031140 0.183908 -0.004951
 31   2.172073 -0.561289 -1.853599 -0.031563 -0.155901 0.018357
 32   -0.802676 -0.093824 3.127092 0.044066 -3.092712 0.195926
 33   14.298673 -0.408176 0.518454 -0.017394 -0.094868 -0.116030
 34   15.835795 0.581398 0.242756 -0.000811 0.023965 0.068310
 35   -0.831494 -0.091229 -3.114430 0.052734 3.300803 -0.139028
 36   14.294526 -0.410349 -0.455822 -0.026178 -0.120170 -0.923156
 37   15.834409 0.579420 -0.284600 0.132455 -0.052480 -0.022473
 38   2.151435 -3.172490 -2.636307 0.047171 -0.352576 0.132882
 39   -4.438210 -0.961101 -0.746180 0.024736 -0.002541 -0.130216
 40   0.102445 -3.731028 3.049784 0.047171 -0.352563 0.132881
 41   -4.453372 -1.152883 0.959566 0.024735 -0.002541 -0.130216
 42   -0.087138 1.697302 -2.719865 -0.049592 0.018907 -0.013634
 43   -0.484375 1.772799 3.185793 0.006672 0.215979 -0.068628
time 43
  0   -0.401123 2.578204 -27.160614 0.000000 0.058410 -1.414701
  1   -1.093036 0.000002 -0.326057 -3.088648 -0.049940 1.521002
  2   2.262337 0.113614 0.064702 0.023066 -0.067269 0.032967
  3   2.380047 0.353302 0.047440 -0.004290 0.245464 0.036281
  4   2.033756 0.190472 -0.000128 -0.003883 0.045110 -0.100900
  5   2.451511 0.204909 -0.003447 -0.053952 0.173360 -0.049271
  6   7.247600 -0.397300 -0.109469 0.008678 -0.002112 0.138425
  7   -2.022252 -0.104661 3.136172 -3.159376 -1.117905 -0.137780
  8   1.168026 -0.537438 -0.063437 0.091928 -0.000588 -0.132024
  9   6.790376 -0.619176 0.015206 -0.311843 -2.222133 0.008602
 10   8.637599 0.544015 -0.090417 1.245145 0.798519 0.092697
 11   6.790465 -0.619039 0.017802 -0.229153 -0.625920 -0.060472
 12   -2.022474 -0.104699 -2.873818 0.289676 1.392420 -2.874219
 13   1.167898 -0.537463 0.063297 0.308661 -1.158746 -0.371835
 14   7.002743 -0.617765 -0.183752 -0.069855 -1.142825 -1.841109
 15   8.209042 0.615527 -0.255885 1.594250 -0.110072 0.213240
 16   7.002735 -0.617911 -0.183641 -0.409892 -0.757650 -0.930706
 17   1.574674 0.609930 -0.000899 0.103947 0.302826 -0.116361
 18   -0.602177 0.511412 -0.000006 0.000000 0.000000 0.000000
 19   3.673773 0.177020 1.119313 -0.000002 -0.000014 -0.174510
 20   3.677673 0.176993 -1.117566 0.000007 -0.000003 -0.174546
 21   3.942357 1.330634 1.627658 0.000002 -0.000011 -0.000026
 22   -0.246060 -0.011889 0.516521 -0.000011 0.000031 0.000025
 23   3.942374 1.330659 -1.631083 0.000019 0.000002 -0.000024
 24   -0.246150 -0.011872 -0.516511 -0.000005 -0.000006 0.000048
 25   4.941364 1.997338 1.629330 0.000018 -0.000001 -0.000024
 26   4.941382 1.997366 -1.629410 -0.000001 0.000005 -0.000024
 27   2.918368 1.615358 1.514501 -0.000019 -0.000022 -0.000050
 28   2.920798 1.614964 -1.501142 -0.000002 -0.000009 -0.000024
 29   8.824059 0.150544 0.091743 -0.023254 -0.130932 -0.163804
 30   2.236089 -0.592430 1.608533 0.057352 0.339148 -0.009196
 31   2.215043 -0.561289 -1.845786 -0.058116 -0.287014 0.033842
 32   -0.802676 -0.093824 3.127092 0.044066 -3.092712 0.195926
 33   14.298673 -0.408176 0.518454 -0.017394 -0.094868 -0.116030
 34   15.835795 0.581398 0.242756 -0.000811 0.023965 0.068310
 35   -0.831494 -0.091229 -3.114430 0.052734 3.300803 -0.139028
 36   14.294526 -0.410349 -0.455822 -0.026190 -0.120158 -0.922847
 37   15.834409 0.579420 -0.284600 0.132612 -0.052532 -0.023030
 38   2.151435 -3.172490 -2.636307 0.047171 -0.352576 0.132882
 39   -4.438210 -0.961101 -0.746180 0.024916 -0.002553 -0.131142
 40   0.102445 -3.731028 3.049784 0.047171 -0.352563 0.132881
 41   -4.453372 -1.152883 0.959566 0.024915 -0.002553 -0.131142
 42   -0.087138 1.697302 -2.719865 -0.049424 0.019827 -0.013843
 43   -0.484375 1.772799 3.185793 0.006547 0.215116 -0.068587
time 44
  0   -0.401123 2.578204 -27.160614 0.000000 0.058410 -1.414701
  1   -1.093036 0.000002 -0.326057 -3.088648 -0.049940 1.521002
  2   2.262337 0.113614 0.064702 0.023066 -0.067269 0.032967
  3   2.380047 0.353302 0.047440 -0.004290 0.245464 0.036220
  4   2.033756 0.190472 -0.000128 -0.003846 0.045098 -0.101009
  5   2.451511 0.204909 -0.003447 -0.054038 0.173386 -0.049048
  6   7.247600 -0.397300 -0.109469 0.008714 -0.002124 0.138330
  7   -2.022252 -0.104661 3.136172 -3.159376 -1.117905 -0.137780
  8   1.168026 -0.537438 -0.063437 0.091928 -0.000588 -0.132024
  9   6.790376 -0.619176 0.015206 -0.311843 -2.222133 0.008602
 10   8.637599 0.544015 -0.090417 1.245145 0.798519 0.092697
 11   6.790465 -0.619039 0.017802 -0.229153 -0.625920 -0.060472
 12   -2.022474 -0.104699 -2.873818 0.289676 1.392420 -2.874219
 13   1.167898 -0.537463 0.063297 0.308661 -1.158746 -0.371835
 14   7.002743 -0.617765 -0.183752 -0.070139 -1.142882 -1.840779
 15   8.209042 0.615527 -0.255885 1.594178 -0.110148 0.214082
 16   7.002735 -0.617911 -0.183641 -0.410080 -0.757650 -0.930651
 17   1.574674 0.609930 -0.000899 0.103947 0.302826 -0.116361
 18   -0.602177 0.511412 -0.000006 0.000000 0.000000 0.000000
 19   3.677679 0.177020 1.119313 -0.000002 -0.000014 -0.174510
 20   3.673767 0.176993 -1.117566 0.000007 -0.000003 -0.174546
 21   3.426716 1.268132 1.576875 0.000002 -0.000011 -0.000026
 22   -0.238247 -0.379088 0.496989 0.000083 -0.028708 0.445010
 23   3.434546 1.260344 -1.623270 0.000019 0.000002 -0.000024
 24   -0.164116 -0.285318 -0.528230 0.000091 -0.028733 0.445062
 25   4.535101 1.997338 1.637143 -0.032209 0.220343 0.007203
 26   4.531213 1.997366 -1.621597 0.035749 -0.204340 -0.020853
 27   3.109780 1.478635 1.506688 -0.000019 -0.000022 -0.000050
 28   3.112210 1.478241 -1.508955 -0.000002 -0.000009 -0.000024
 29   8.824059 0.150544 0.091743 -0.023344 -0.131478 -0.163697
 30   2.282965 -0.604149 1.542125 0.079306 0.469192 -0.012713
 31   2.258013 -0.553476 -1.837973 -0.080379 -0.396862 0.046797
 32   -0.802676 -0.093824 3.127092 0.044066 -3.092712 0.195926
 33   14.298673 -0.408176 0.518454 -0.017394 -0.094868 -0.116030
 34   15.835795 0.581398 0.242756 -0.000811 0.023965 0.068310
 35   -0.831494 -0.091229 -3.114430 0.052734 3.300803 -0.139028
 36   14.294526 -0.410349 -0.455822 -0.026190 -0.120146 -0.922615
 37   15.834409 0.579420 -0.284600 0.132731 -0.052532 -0.023385
 38   2.151435 -3.172490 -2.636307 0.047171 -0.352576 0.132882
 39   -4.438210 -0.961101 -0.746180 0.025024 -0.002565 -0.131731
 40   0.102445 -3.731028 3.049784 0.047171 -0.352563 0.132881
 41   -4.453372 -1.152883 0.959566 0.025023 -0.002565 -0.131731
 42   -0.087138 1.697302 -2.719865 -0.049341 0.020425 -0.013926
 43   -0.484375 1.772799 3.185793 0.006447 0.214567 -0.068545
time 45
  0   -0.401123 2.578204 -27.160614 0.000000 0.058410 -1.414701
  1   -1.093036 0.000002 -0.326057 -3.088648 -0.049940 1.521002
  2   2.262337 0.113614 0.064702 0.023066 -0.067269 0.032967
  3   2.380047 0.353302 0.047440 -0.004290 0.245464 0.036220
  4   2.033756 0.190472 -0.000128 -0.003828 0.045098 -0.101009
  5   2.451511 0.204909 -0.003447 -0.054038 0.173386 -0.048974
  6   7.247600 -0.397300 -0.109469 0.008726 -0.002124 0.138330
  7   -2.022252 -0.104661 3.136172 -3.159376 -1.117905 -0.137780
  8   1.168026 -0.537438 -0.063437 0.091928 -0.000588 -0.132024
  9   6.790376 -0.619176 0.015206 -0.311843 -2.222133 0.008602
 10   8.637599 0.544015 -0.090417 1.245145 0.798519 0.092697
 11   6.790465 -0.619039 0.017802 -0.229153 -0.625920 -0.060472
 12   -2.022474 -0.104699 -2.873818 0.289676 1.392420 -2.874219
 13   1.167898 -0.537463 0.063297 0.308661 -1.158746 -0.371835
 14   7.002743 -0.617765 -0.183752 -0.070196 -1.142939 -1.840614
 15   8.209042 0.615527 -0.255885 1.594178 -0.110148 0.214443
 16   7.002735 -0.617911 -0.183641 -0.410127 -0.757594 -0.930596
 17   1.574674 0.609930 -0.000899 0.103947 0.302826 -0.116361
 18   -0.602177 0.511412 -0.000006 0.000000 0.000000 0.000000
 19   3.673773 0.177020 1.119313 -0.000002 -0.000014 -0.174510
 20   3.673767 0.176993 -1.117566 0.000007 -0.000003 -0.174546
 21   2.899356 1.193911 1.522186 0.000002 -0.000011 -0.000026
 22   -0.226528 -0.754099 0.477457 0.000194 -0.057459 0.890061
 23   2.918905 1.182217 -1.611551 0.000019 0.000002 -0.000024
 24   -0.078176 -0.558764 -0.547762 0.000187 -0.057484 0.890104
 25   4.117120 1.989525 1.648862 -0.064411 0.440688 0.014417
 26   4.117138 1.989553 -1.609878 0.071523 -0.408734 -0.041694
 27   3.305099 1.322380 1.487156 -0.000019 -0.000022 -0.000050
 28   3.303622 1.321986 -1.528487 -0.000002 -0.000009 -0.000024
 29   8.824059 0.150544 0.091743 -0.023344 -0.131668 -0.163697
 30   2.302497 -0.611962 1.510874 0.088513 0.523738 -0.014192
 31   2.269732 -0.553476 -1.837973 -0.089710 -0.442914 0.052219
 32   -0.802676 -0.093824 3.127092 0.044066 -3.092712 0.195926
 33   14.298673 -0.408176 0.518454 -0.017394 -0.094868 -0.116030
 34   15.835795 0.581398 0.242756 -0.000811 0.023965 0.068310
 35   -0.831494 -0.091229 -3.114430 0.052734 3.300803 -0.139028
 36   14.294526 -0.410349 -0.455822 -0.026190 -0.120146 -0.922615
 37   15.834409 0.579420 -0.284600 0.132750 -0.052532 -0.023487
 38   2.151435 -3.172490 -2.636307 0.047171 -0.352576 0.132882
 39   -4.438210 -0.961101 -0.746180 0.025060 -0.002565 -0.131899
 40   0.102445 -3.731028 3.049784 0.047171 -0.352563 0.132881
 41   -4.453372 -1.152883 0.959566 0.025059 -0.002565 -0.131899
 42   -0.087138 1.697302 -2.719865 -0.049305 0.020624 -0.013968
 43   -0.484375 1.772799 3.185793 0.006422 0.214410 -0.068545
time 46
  0   -0.401123 2.578204 -27.160614 0.000000 0.058410 -1.414701
  1   -1.093036 0.000002 -0.326057 -3.088648 -0.049940 1.521002
  2   2.262337 0.113614 0.064702 0.023066 -0.067269 0.032967
  3   2.380047 0.353302 0.047440 -0.004290 0.245464 0.036220
  4   2.033756 0.190472 -0.000128 -0.003846 0.045098 -0.100973
  5   2.451511 0.204909 -0.003447 -0.054038 0.173386 -0.049048
  6   7.247600 -0.397300 -0.109469 0.008714 -0.002124 0.138330
  7   -2.022252 -0.104661 3.136172 -3.159376 -1.117905 -0.137780
  8   1.168026 -0.537438 -0.063437 0.091928 -0.000588 -0.132024
  9   6.790376 -0.619176 0.015206 -0.311843 -2.222133 0.008602
 10   8.637599 0.544015 -0.090417 1.245145 0.798519 0.092697
 11   6.790465 -0.619039 0.017802 -0.229153 -0.625920 -0.060472
 12   -2.022474 -0.104699 -2.873818 0.289676 1.392420 -2.874219
 13   1.167898 -0.537463 0.063297 0.308661 -1.158746 -0.371835
 14   7.002743 -0.617765 -0.183752 -0.070082 -1.142882 -1.840779
 15   8.209042 0.615527 -0.255885 1.594178 -0.110148 0.214082
 16   7.002735 -0.617911 -0.183641 -0.410080 -0.757650 -0.930651
 17   1.574674 0.609930 -0.000899 0.103947 0.302826 -0.116361
 18   -0.602177 0.511412 -0.000006 0.000000 0.000000 0.000000
 19   3.673773 0.177020 1.119313 -0.000002 -0.000014 -0.174510
 20   3.677673 0.176993 -1.117566 0.000007 -0.000003 -0.174546
 21   3.426716 1.268132 1.576875 0.000002 -0.000011 -0.000026
 22   -0.238247 -0.379088 0.496989 0.000083 -0.028708 0.445010
 23   3.434546 1.260344 -1.623270 0.000019 0.000002 -0.000024
 24   -0.164116 -0.285318 -0.528230 0.000091 -0.028733 0.445062
 25   4.535101 1.997338 1.637143 -0.032197 0.220343 0.007203
 26   4.531213 1.997366 -1.621597 0.035749 -0.204340 -0.020853
 27   3.109780 1.478635 1.506688 -0.000019 -0.000022 -0.000050
 28   3.112210 1.478241 -1.508955 -0.000002 -0.000009 -0.000024
 29   8.824059 0.150544 0.091743 -0.023344 -0.131478 -0.163697
 30   2.282965 -0.604149 1.542125 0.079306 0.469192 -0.012713
 31   2.258013 -0.553476 -1.837973 -0.080379 -0.396862 0.046797
 32   -0.802676 -0.093824 3.127092 0.044066 -3.092712 0.195926
 33   14.298673 -0.408176 0.518454 -0.017394 -0.094868 -0.116030
 34   15.835795 0.581398 0.242756 -0.000811 0.023965 0.068310
 35   -0.831494 -0.091229 -3.114430 0.052734 3.300803 -0.139028
 36   14.294526 -0.410349 -0.455822 -0.026190 -0.120146 -0.922615
 37   15.834409 0.579420 -0.284600 0.132731 -0.052532 -0.023385
 38   2.151435 -3.172490 -2.636307 0.047171 -0.352576 0.132882
 39   -4.438210 -0.961101 -0.746180 0.025024 -0.002565 -0.131703
 40   0.102445 -3.731028 3.049784 0.047171 -0.352563 0.132881
 41   -4.453372 -1.152883 0.959566 0.025023 -0.002565 -0.131703
 42   -0.087138 1.697302 -2.719865 -0.049341 0.020425 -0.013926
 43   -0.484375 1.772799 3.185793 0.006447 0.214598 -0.068545
time 47
  0   -0.401123 2.578204 -27.160614 0.000000 0.058410 -1.414701
  1   -1.093036 0.000002 -0.326057 -3.088648 -0.049940 1.521002
  2   2.262337 0.113614 0.064702 0.023066 -0.067269 0.032967
  3   2.380047 0.353302 0.047440 -0.004290 0.245464 0.036281
  4   2.033756 0.190472 -0.000128 -0.003883 0.045110 -0.100900
  5   2.451511 0.204909 -0.003447 -0.053935 0.173360 -0.049296
  6   7.247600 -0.397300 -0.109469 0.008666 -0.002112 0.138425
  7   -2.022252 -0.104661 3.136172 -3.159376 -1.117905 -0.137780
  8   1.168026 -0.537438 -0.063437 0.091928 -0.000588 -0.132024
  9   6.790376 -0.619176 0.015206 -0.311843 -2.222133 0.008602
 10   8.637599 0.544015 -0.090417 1.245145 0.798519 0.092697
 11   6.790465 -0.619039 0.017802 -0.229153 -0.625920 -0.060472
 12   -2.022474 -0.104699 -2.873818 0.289676 1.392420 -2.874219
 13   1.167898 -0.537463 0.063297 0.308661 -1.158746 -0.371835
 14   7.002743 -0.617765 -0.183752 -0.069855 -1.142825 -1.841109
 15   8.209042 0.615527 -0.255885 1.594250 -0.110072 0.213240
 16   7.002735 -0.617911 -0.183641 -0.409892 -0.757650 -0.930706
 17   1.574674 0.609930 -0.000899 0.103947 0.302826 -0.116361
 18   -0.602177 0.511412 -0.000006 0.000000 0.000000 0.000000
 19   3.677679 0.177020 1.119313 -0.000002 -0.000014 -0.174510
 20   3.677673 0.176993 -1.117566 0.000007 -0.000003 -0.174546
 21   3.942357 1.330634 1.627658 0.000002 -0.000011 -0.000026
 22   -0.246060 -0.011889 0.516521 -0.000011 0.000031 0.000025
 23   3.942374 1.330659 -1.631083 0.000019 0.000002 -0.000024
 24   -0.246150 -0.011872 -0.516511 -0.000005 -0.000006 0.000048
 25   4.941364 1.997338 1.629330 0.000018 -0.000001 -0.000024
 26   4.941382 1.997366 -1.629410 -0.000001 0.000005 -0.000024
 27   2.918368 1.623171 1.514501 -0.000019 -0.000022 -0.000050
 28   2.924704 1.614964 -1.501142 -0.000002 -0.000009 -0.000024
 29   8.824059 0.150544 0.091743 -0.023254 -0.130909 -0.163804
 30   2.236089 -0.592430 1.608533 0.057352 0.339148 -0.009196
 31   2.215043 -0.561289 -1.845786 -0.058116 -0.287014 0.033842
 32   -0.802676 -0.093824 3.127092 0.044066 -3.092712 0.195926
 33   14.298673 -0.408176 0.518454 -0.017394 -0.094868 -0.116030
 34   15.835795 0.581398 0.242756 -0.000811 0.023965 0.068310
 35   -0.831494 -0.091229 -3.114430 0.052734 3.300803 -0.139028
 36   14.294526 -0.410349 -0.455822 -0.026190 -0.120158 -0.922847
 37   15.834409 0.579420 -0.284600 0.132612 -0.052532 -0.022980
 38   2.151435 -3.172490 -2.636307 0.047171 -0.352576 0.132882
 39   -4.438210 -0.961101 -0.746180 0.024916 -0.002553 -0.131114
 40   0.102445 -3.731028 3.049784 0.047171 -0.352563 0.132881
 41   -4.453372 -1.152883 0.959566 0.024915 -0.002553 -0.131114
 42   -0.087138 1.697302 -2.719865 -0.049436 0.019796 -0.013843
 43   -0.484375 1.772799 3.185793 0.006547 0.215131 -0.068587
time 48
  0   -0.401123 2.578204 -27.160614 0.000000 0.058410 -1.414701
  1   -1.093036 0.000002 -0.326057 -3.088648 -0.049940 1.521002
  2   2.262337 0.113614 0.064702 0.023066 -0.067269 0.032967
  3   2.380047 0.353302 0.047440 -0.004290 0.245476 0.036322
  4   2.033756 0.190472 -0.000128 -0.003883 0.045122 -0.100755
  5   2.451511 0.204909 -0.003447 -0.053850 0.173347 -0.049642
  6   7.247600 -0.397300 -0.109469 0.008606 -0.002088 0.138584
  7   -2.022252 -0.104661 3.136172 -3.159376 -1.117905 -0.137780
  8   1.168026 -0.537438 -0.063437 0.091928 -0.000588 -0.132024
  9   6.790376 -0.619176 0.015206 -0.311843 -2.222133 0.008602
 10   8.637599 0.544015 -0.090417 1.245145 0.798519 0.092697
 11   6.790465 -0.619039 0.017802 -0.229153 -0.625920 -0.060472
 12   -2.022474 -0.104699 -2.873818 0.289676 1.392420 -2.874219
 13   1.167898 -0.537463 0.063297 0.308661 -1.158746 -0.371835
 14   7.002743 -0.617765 -0.183752 -0.069285 -1.142712 -1.841604
 15   8.209042 0.615527 -0.255885 1.594393 -0.109921 0.211857
 16   7.002735 -0.617911 -0.183641 -0.409562 -0.757763 -0.930982
 17   1.574674 0.609930 -0.000899 0.103947 0.302826 -0.116361
 18   -0.602177 0.511412 -0.000006 0.000000 0.000000 0.000000
 19   3.673773 0.177020 1.119313 -0.000002 -0.000014 -0.174510
 20   3.677673 0.176993 -1.117566 0.000007 -0.000003 -0.174546
 21   3.942357 1.330634 1.627658 0.000002 -0.000011 -0.000026
 22   -0.246060 -0.011889 0.516521 -0.000011 0.000031 0.000025
 23   3.942374 1.330659 -1.631083 0.000019 0.000002 -0.000024
 24   -0.246150 -0.011872 -0.516511 -0.000005 -0.000006 0.000048
 25   4.941364 1.997338 1.629330 0.000018 -0.000001 -0.000024
 26   4.941382 1.997366 -1.629410 -0.000001 0.000005 -0.000024
 27   2.918368 1.615358 1.514501 -0.000019 -0.000022 -0.000050
 28   2.920798 1.614964 -1.501142 -0.000002 -0.000009 -0.000024
 29   8.824059 0.150544 0.091743 -0.023076 -0.129935 -0.163858
 30   2.173587 -0.572898 1.690567 0.031140 0.183908 -0.004951
 31   2.172073 -0.561289 -1.853599 -0.031563 -0.155901 0.018357
 32   -0.802676 -0.093824 3.127092 0.044066 -3.092712 0.195926
 33   14.298673 -0.408176 0.518454 -0.017394 -0.094868 -0.116030
 34   15.835795 0.581398 0.242756 -0.000811 0.023965 0.068310
 35   -0.831494 -0.091229 -3.114430 0.052734 3.300803 -0.139028
 36   14.294526 -0.410349 -0.455822 -0.026178 -0.120182 -0.923156
 37   15.834409 0.579420 -0.284600 0.132455 -0.052480 -0.022422
 38   2.151435 -3.172490 -2.636307 0.047171 -0.352576 0.132882
 39   -4.438210 -0.961101 -0.746180 0.024724 -0.002529 -0.130160
 40   0.102445 -3.731028 3.049784 0.047171 -0.352563 0.132881
 41   -4.453372 -1.152883 0.959566 0.024723 -0.002529 -0.130160
 42   -0.087138 1.697302 -2.719865 -0.049616 0.018815 -0.013634
 43   -0.484375 1.772799 3.185793 0.006697 0.216042 -0.068628
time 49
  0   -0.401123 2.578204 -27.160614 0.000000 0.058410 -1.414701
  1   -1.093036 0.000002 -0.326057 -3.088648 -0.049940 1.521002
  2   2.262337 0.113614 0.064702 0.023066 -0.067269 0.032967
  3   2.380047 0.353302 0.047440 -0.004275 0.245488 0.036424
  4   2.033756 0.190472 -0.000128 -0.003920 0.045134 -0.100610
  5   2.451511 0.204909 -0.003447 -0.053661 0.173295 -0.050162
  6   7.247600 -0.397300 -0.109469 0.008510 -0.002076 0.138742
  7   -2.022252 -0.104661 3.136172 -3.159376 -1.117905 -0.137780
  8   1.168026 -0.537438 -0.063437 0.091928 -0.000588 -0.132024
  9   6.790376 -0.619176 0.015206 -0.311843 -2.222133 0.008602
 10   8.637599 0.544015 -0.090417 1.245145 0.798519 0.092697
 11   6.790465 -0.619039 0.017802 -0.229153 -0.625920 -0.060472
 12   -2.022474 -0.104699 -2.873818 0.289676 1.392420 -2.874219
 13   1.167898 -0.537463 0.063297 0.308661 -1.158746 -0.371835
 14   7.002743 -0.617765 -0.183752 -0.068602 -1.142598 -1.842264
 15   8.209042 0.615527 -0.255885 1.594465 -0.109694 0.209993
 16   7.002735 -0.617911 -0.183641 -0.409186 -0.757932 -0.931258
 17   1.574674 0.609930 -0.000899 0.103947 0.302826 -0.116361
 18   -0.602177 0.511412 -0.000006 0.000000 0.000000 0.000000
 19   3.673773 0.177020 1.119313 -0.000002 -0.000014 -0.174510
 20   3.677673 0.176993 -1.117566 0.000007 -0.000003 -0.174546
 21   3.942357 1.330634 1.627658 0.000002 -0.000011 -0.000026
 22   -0.246060 -0.011889 0.516521 -0.000011 0.000031 0.000025
 23   3.942374 1.330659 -1.631083 0.000019 0.000002 -0.000024
 24   -0.246150 -0.011872 -0.516511 -0.000005 -0.000006 0.000048
 25   4.941364 1.997338 1.629330 0.000018 -0.000001 -0.000024
 26   4.941382 1.997366 -1.629410 -0.000001 0.000005 -0.000024
 27   2.918368 1.615358 1.514501 -0.000019 -0.000022 -0.000050
 28   2.924704 1.614964 -1.501142 -0.000002 -0.000009 -0.000024
 29   8.824059 0.150544 0.091743 -0.022809 -0.128630 -0.163965
 30   2.130617 -0.561179 1.756975 0.009186 0.053835 -0.001456
 31   2.133009 -0.561289 -1.853599 -0.009316 -0.046053 0.005402
 32   -0.802676 -0.093824 3.127092 0.044066 -3.092712 0.195926
 33   14.298673 -0.408176 0.518454 -0.017394 -0.094868 -0.116030
 34   15.835795 0.581398 0.242756 -0.000811 0.023965 0.068310
 35   -0.831494 -0.091229 -3.114430 0.052734 3.300803 -0.139028
 36   14.294526 -0.410349 -0.455822 -0.026166 -0.120206 -0.923542
 37   15.834409 0.579420 -0.284600 0.132199 -0.052455 -0.021509
 38   2.151435 -3.172490 -2.636307 0.047171 -0.352576 0.132882
 39   -4.438210 -0.968914 -0.746180 0.024485 -0.002505 -0.128842
 40   0.102445 -3.731028 3.049784 0.047171 -0.352563 0.132881
 41   -4.453372 -1.145070 0.959566 0.024484 -0.002505 -0.128842
 42   -0.087138 1.689489 -2.727678 -0.049868 0.017481 -0.013383
 43   -0.484375 1.772799 3.185793 0.006897 0.217297 -0.068670
time 50
  0   -0.401123 2.578204 -27.160614 0.000000 0.058410 -1.414701
  1   -1.093036 0.000002 -0.326057 -3.088648 -0.049940 1.521002
  2   2.262337 0.113614 0.064702 0.023066 -0.067269 0.032967
  3   2.380047 0.353302 0.047440 -0.004275 0.245500 0.036567
  4   2.033756 0.190472 -0.000128 -0.003994 0.045158 -0.100429
  5   2.451511 0.204909 -0.003447 -0.053456 0.173216 -0.050856
  6   7.247600 -0.397300 -0.109469 0.008402 -0.002040 0.138995
  7   -2.022252 -0.104661 3.136172 -3.159376 -1.117905 -0.137780
  8   1.168026 -0.537438 -0.063437 0.091928 -0.000588 -0.132024
  9   6.790376 -0.619176 0.015206 -0.311843 -2.222133 0.008602
 10   8.637599 0.544015 -0.090417 1.245145 0.798519 0.092697
 11   6.790465 -0.619039 0.017802 -0.229153 -0.625920 -0.060472
 12   -2.022474 -0.104699 -2.873818 0.289676 1.392420 -2.874219
 13   1.167898 -0.537463 0.063297 0.308661 -1.158746 -0.371835
 14   7.002743 -0.617765 -0.183752 -0.067691 -1.142428 -1.843007
 15   8.209042 0.615527 -0.255885 1.594681 -0.109467 0.207527
 16   7.002735 -0.617911 -0.183641 -0.408668 -0.758101 -0.931700
 17   1.574674 0.609930 -0.000899 0.103947 0.302826 -0.116361
 18   -0.602177 0.511412 -0.000006 0.000000 0.000000 0.000000
 19   3.673773 0.177020 1.119313 -0.000002 -0.000014 -0.174510
 20   3.677673 0.176993 -1.117566 0.000007 -0.000003 -0.174546
 21   3.942357 1.330634 1.627658 0.000002 -0.000011 -0.000026
 22   -0.246060 -0.011889 0.516521 -0.000011 0.000031 0.000025
 23   3.942374 1.330659 -1.631083 0.000019 0.000002 -0.000024
 24   -0.246150 -0.011872 -0.516511 -0.000005 -0.000006 0.000048
 25   4.941364 1.997338 1.629330 0.000018 -0.000001 -0.000024
 26   4.941382 1.997366 -1.629410 -0.000001 0.000005 -0.000024
 27   2.918368 1.615358 1.514501 -0.000019 -0.000022 -0.000050
 28   2.924704 1.614964 -1.501142 -0.000002 -0.000009 -0.000024
 29   8.824059 0.150544 0.091743 -0.022542 -0.126992 -0.164126
 30   2.111085 -0.561179 1.784320 -0.000008 -0.000682 0.000024
 31   2.121290 -0.561289 -1.853599 0.000000 0.000000 -0.000002
 32   -0.802676 -0.093824 3.127092 0.044066 -3.092712 0.195926
 33   14.298673 -0.408176 0.518454 -0.017394 -0.094868 -0.116030
 34   15.835795 0.581398 0.242756 -0.000811 0.023965 0.068310
 35   -0.831494 -0.091229 -3.114430 0.052734 3.300803 -0.139028
 36   14.294526 -0.410349 -0.455822 -0.026154 -0.120230 -0.924160
 37   15.834409 0.579420 -0.284600 0.131883 -0.052404 -0.020445
 38   2.151435 -3.172490 -2.636307 0.047171 -0.352576 0.132882
 39   -4.438210 -0.968914 -0.746180 0.024173 -0.002481 -0.127187
 40   0.102445 -3.731028 3.049784 0.047171 -0.352563 0.132881
 41   -4.453372 -1.145070 0.959566 0.024172 -0.002481 -0.127187
 42   -0.087138 1.689489 -2.731584 -0.050156 0.015810 -0.013048
 43   -0.484375 1.772799 3.185793 0.007147 0.218835 -0.068754
time 51
  0   -0.401123 2.578204 -27.160614 0.000000 0.058410 -1.414701
  1   -1.093036 0.000002 -0.326057 -3.088648 -0.049940 1.521002
  2   2.262337 0.113614 0.064702 0.023066 -0.067269 0.032967
  3   2.380047 0.353302 0.047440 -0.004275 0.245524 0.036689
  4   2.033756 0.190472 -0.000128 -0.004049 0.045194 -0.100212
  5   2.451511 0.204909 -0.003447 -0.053216 0.173151 -0.051624
  6   7.247600 -0.397300 -0.109469 0.008270 -0.002016 0.139280
  7   -2.022252 -0.104661 3.136172 -3.159376 -1.117905 -0.137780
  8   1.168026 -0.537438 -0.063437 0.091928 -0.000588 -0.132024
  9   6.790376 -0.619176 0.015206 -0.311843 -2.222133 0.008602
 10   8.637599 0.544015 -0.090417 1.245145 0.798519 0.092697
 11   6.790465 -0.619039 0.017802 -0.229153 -0.625920 -0.060472
 12   -2.022474 -0.104699 -2.873818 0.289676 1.392420 -2.874219
 13   1.167898 -0.537463 0.063297 0.308661 -1.158746 -0.371835
 14   7.002743 -0.617765 -0.183752 -0.066666 -1.142144 -1.843997
 15   8.209042 0.615527 -0.255885 1.594969 -0.109013 0.204640
 16   7.002735 -0.617911 -0.183641 -0.408103 -0.758327 -0.932141
 17   1.574674 0.609930 -0.000899 0.103947 0.302826 -0.116361
 18   -0.602177 0.511412 -0.000006 0.000000 0.000000 0.000000
 19   3.677679 0.177020 1.119313 -0.000002 -0.000014 -0.174510
 20   3.677673 0.176993 -1.117566 0.000007 -0.000003 -0.174546
 21   3.942357 1.330634 1.627658 0.000002 -0.000011 -0.000026
 22   -0.246060 -0.011889 0.516521 -0.000011 0.000031 0.000025
 23   3.942374 1.330659 -1.631083 0.000019 0.000002 -0.000024
 24   -0.246150 -0.011872 -0.516511 -0.000005 -0.000006 0.000048
 25   4.941364 1.997338 1.629330 0.000018 -0.000001 -0.000024
 26   4.941382 1.997366 -1.629410 -0.000001 0.000005 -0.000024
 27   2.918368 1.615358 1.514501 -0.000019 -0.000022 -0.000050
 28   2.924704 1.614964 -1.501142 -0.000002 -0.000009 -0.000024
 29   8.824059 0.150544 0.091743 -0.022185 -0.125022 -0.164287
 30   2.111085 -0.561179 1.784320 -0.000008 -0.000682 0.000024
 31   2.121290 -0.561289 -1.853599 0.000000 0.000000 -0.000002
 32   -0.802676 -0.093824 3.127092 0.044066 -3.092712 0.195926
 33   14.298673 -0.408176 0.518454 -0.017394 -0.094868 -0.116030
 34   15.835795 0.581398 0.242756 -0.000811 0.023965 0.068310
 35   -0.831494 -0.091229 -3.114430 0.052734 3.300803 -0.139028
 36   14.294526 -0.410349 -0.455822 -0.026130 -0.120266 -0.924778
 37   15.834409 0.579420 -0.284600 0.131529 -0.052327 -0.019228
 38   2.151435 -3.172490 -2.636307 0.047171 -0.352576 0.132882
 39   -4.438210 -0.968914 -0.746180 0.023777 -0.002433 -0.125224
 40   0.102445 -3.731028 3.049784 0.047171 -0.352563 0.132881
 41   -4.453372 -1.145070 0.959566 0.023776 -0.002433 -0.125224
 42   -0.087138 1.689489 -2.731584 -0.050515 0.013786 -0.012630
 43   -0.484375 1.772799 3.185793 0.007459 0.220671 -0.068838
time 52
  0   -0.401123 2.578204 -27.160614 0.000000 0.058410 -1.414701
  1   -1.093036 0.000002 -0.326057 -3.088648 -0.049940 1.521002
  2   2.262337 0.113614 0.064702 0.023066 -0.067269 0.032967
  3   2.380047 0.353302 0.047440 -0.004275 0.245548 0.036873
  4   2.033756 0.190472 -0.000128 -0.004086 0.045230 -0.099958
  5   2.451511 0.204909 -0.003447 -0.052960 0.173073 -0.052490
  6   7.247600 -0.397300 -0.109469 0.008127 -0.001980 0.139597
  7   -2.022252 -0.104661 3.136172 -3.159376 -1.117905 -0.137780
  8   1.168026 -0.537438 -0.063437 0.091928 -0.000588 -0.132024
  9   6.790376 -0.619176 0.015206 -0.311843 -2.222133 0.008602
 10   8.637599 0.544015 -0.090417 1.245145 0.798519 0.092697
 11   6.790465 -0.619039 0.017802 -0.229153 -0.625920 -0.060472
 12   -2.022474 -0.104699 -2.873818 0.289676 1.392420 -2.874219
 13   1.167898 -0.537463 0.063297 0.308661 -1.158746 -0.371835
 14   7.002743 -0.617765 -0.183752 -0.065528 -1.141917 -1.845152
 15   8.209042 0.615527 -0.255885 1.595184 -0.108634 0.201393
 16   7.002735 -0.617911 -0.183641 -0.407397 -0.758665 -0.932693
 17   1.574674 0.609930 -0.000899 0.103947 0.302826 -0.116361
 18   -0.602177 0.511412 -0.000006 0.000000 0.000000 0.000000
 19   3.677679 0.177020 1.119313 -0.000002 -0.000014 -0.174510
 20   3.677673 0.176993 -1.117566 0.000007 -0.000003 -0.174546
 21   3.942357 1.330634 1.627658 0.000002 -0.000011 -0.000026
 22   -0.246060 -0.011889 0.516521 -0.000011 0.000031 0.000025
 23   3.942374 1.330659 -1.631083 0.000019 0.000002 -0.000024
 24   -0.246150 -0.011872 -0.516511 -0.000005 -0.000006 0.000048
 25   4.941364 1.997338 1.629330 0.000018 -0.000001 -0.000024
 26   4.941382 1.997366 -1.629410 -0.000001 0.000005 -0.000024
 27   2.918368 1.615358 1.514501 -0.000019 -0.000022 -0.000050
 28   2.924704 1.614964 -1.501142 -0.000002 -0.000009 -0.000024
 29   8.824059 0.150544 0.091743 -0.021829 -0.122767 -0.164448
 30   2.111085 -0.561179 1.784320 -0.000008 -0.000682 0.000024
 31   2.121290 -0.561289 -1.853599 0.000000 0.000000 -0.000002
 32   -0.802676 -0.093824 3.127092 0.044066 -3.092712 0.195926
 33   14.298673 -0.408176 0.518454 -0.017394 -0.094868 -0.116030
 34   15.835795 0.581398 0.242756 -0.000811 0.023965 0.068310
 35   -0.831494 -0.091229 -3.114430 0.052734 3.300803 -0.139028
 36   14.294526 -0.410349 -0.455822 -0.026106 -0.120301 -0.925473
 37   15.834409 0.579420 -0.284600 0.131135 -0.052276 -0.017757
 38   2.151435 -3.172490 -2.636307 0.047171 -0.352576 0.132882
 39   -4.438210 -0.972820 -0.746180 0.023370 -0.002397 -0.122953
 40   0.102445 -3.731028 3.049784 0.047171 -0.352563 0.132881
 41   -4.453372 -1.141164 0.959566 0.023369 -0.002397 -0.122953
 42   -0.087138 1.689489 -2.739397 -0.050935 0.011486 -0.012170
 43   -0.484375 1.772799 3.185793 0.007809 0.222805 -0.068963
time 53
  0   -0.401123 2.578204 -27.160614 0.000000 0.058410 -1.414701
  1   -1.093036 0.000002 -0.326057 -3.088648 -0.049940 1.521002
  2   2.262337 0.113614 0.064702 0.023066 -0.067269 0.032967
  3   2.380047 0.353302 0.047440 -0.004260 0.245572 0.037077
  4   2.033756 0.190472 -0.000128 -0.004160 0.045266 -0.099668
  5   2.451511 0.204909 -0.003447 -0.052634 0.172968 -0.053506
  6   7.247600 -0.397300 -0.109469 0.007959 -0.001945 0.139914
  7   -2.022252 -0.104661 3.136172 -3.159376 -1.117905 -0.137780
  8   1.168026 -0.537438 -0.063437 0.091928 -0.000588 -0.132024
  9   6.790376 -0.619176 0.015206 -0.311843 -2.222133 0.008602
 10   8.637599 0.544015 -0.090417 1.245145 0.798519 0.092697
 11   6.790465 -0.619039 0.017802 -0.229153 -0.625920 -0.060472
 12   -2.022474 -0.104699 -2.873818 0.289676 1.392420 -2.874219
 13   1.167898 -0.537463 0.063297 0.308661 -1.158746 -0.371835
 14   7.002743 -0.617765 -0.183752 -0.064104 -1.141633 -1.846472
 15   8.209042 0.615527 -0.255885 1.595400 -0.108180 0.197785
 16   7.002735 -0.617911 -0.183641 -0.406597 -0.758947 -0.933300
 17   1.574674 0.609930 -0.000899 0.103947 0.302826 -0.116361
 18   -0.602177 0.511412 -0.000006 0.000000 0.000000 0.000000
 19   3.673773 0.177020 1.119313 -0.000002 -0.000014 -0.174510
 20   3.677673 0.176993 -1.117566 0.000007 -0.000003 -0.174546
 21   3.942357 1.330634 1.627658 0.000002 -0.000011 -0.000026
 22   -0.246060 -0.011889 0.516521 -0.000011 0.000031 0.000025
 23   3.942374 1.330659 -1.631083 0.000019 0.000002 -0.000024
 24   -0.246150 -0.011872 -0.516511 -0.000005 -0.000006 0.000048
 25   4.941364 1.997338 1.629330 0.000018 -0.000001 -0.000024
 26   4.941382 1.997366 -1.629410 -0.000001 0.000005 -0.000024
 27   2.918368 1.615358 1.514501 -0.000019 -0.000022 -0.000050
 28   2.924704 1.614964 -1.501142 -0.000002 -0.000009 -0.000024
 29   8.824059 0.150544 0.091743 -0.021294 -0.120227 -0.164716
 30   2.111085 -0.561179 1.784320 -0.000008 -0.000682 0.000024
 31   2.121290 -0.561289 -1.853599 0.000000 0.000000 -0.000002
 32   -0.802676 -0.093824 3.127092 0.044066 -3.092712 0.195926
 33   14.298673 -0.408176 0.518454 -0.017394 -0.094868 -0.116030
 34   15.835795 0.581398 0.242756 -0.000811 0.023965 0.068310
 35   -0.831494 -0.091229 -3.114430 0.052734 3.300803 -0.139028
 36   14.294526 -0.410349 -0.455822 -0.026082 -0.120337 -0.926323
 37   15.834409 0.579420 -0.284600 0.130682 -0.052199 -0.016135
 38   2.151435 -3.172490 -2.636307 0.047171 -0.352576 0.132882
 39   -4.438210 -0.972820 -0.746180 0.022879 -0.002349 -0.120400
 40   0.102445 -3.731028 3.049784 0.047171 -0.352563 0.132881
 41   -4.453372 -1.141164 0.959566 0.022878 -0.002349 -0.120400
 42   -0.087138 1.689489 -2.747210 -0.051402 0.008895 -0.011626
 43   -0.484375 1.772799 3.185793 0.008184 0.225190 -0.069088
time 54
  0   -0.401123 2.578204 -27.160614 0.000000 0.058410 -1.414701
  1   -1.093036 0.000002 -0.326057 -3.088648 -0.049940 1.521002
  2   2.262337 0.113614 0.064702 0.023066 -0.067269 0.032967
  3   2.380047 0.353302 0.047440 -0.004260 0.245596 0.037281
  4   2.033756 0.190472 -0.000128 -0.004252 0.045302 -0.099342
  5   2.451511 0.204909 -0.003447 -0.052292 0.172877 -0.054645
  6   7.247600 -0.397300 -0.109469 0.007779 -0.001897 0.140357
  7   -2.022252 -0.104661 3.136172 -3.159376 -1.117905 -0.137780
  8   1.168026 -0.537438 -0.063437 0.091928 -0.000588 -0.132024
  9   6.790376 -0.619176 0.015206 -0.311843 -2.222133 0.008602
 10   8.637599 0.544015 -0.090417 1.245145 0.798519 0.092697
 11   6.790465 -0.619039 0.017802 -0.229153 -0.625920 -0.060472
 12   -2.022474 -0.104699 -2.873818 0.289676 1.392420 -2.874219
 13   1.167898 -0.537463 0.063297 0.308661 -1.158746 -0.371835
 14   7.002743 -0.617765 -0.183752 -0.062624 -1.141349 -1.847957
 15   8.209042 0.615527 -0.255885 1.595832 -0.107727 0.193635
 16   7.002735 -0.617911 -0.183641 -0.405749 -0.759229 -0.934018
 17   1.574674 0.609930 -0.000899 0.103947 0.302826 -0.116361
 18   -0.602177 0.511412 -0.000006 0.000000 0.000000 0.000000
 19   3.673773 0.177020 1.119313 -0.000002 -0.000014 -0.174510
 20   3.677673 0.176993 -1.117566 0.000007 -0.000003 -0.174546
 21   3.942357 1.330634 1.627658 0.000002 -0.000011 -0.000026
 22   -0.246060 -0.011889 0.516521 -0.000011 0.000031 0.000025
 23   3.942374 1.330659 -1.631083 0.000019 0.000002 -0.000024
 24   -0.246150 -0.011872 -0.516511 -0.000005 -0.000006 0.000048
 25   4.941364 1.997338 1.629330 0.000018 -0.000001 -0.000024
 26   4.941382 1.997366 -1.629410 -0.000001 0.000005 -0.000024
 27   2.918368 1.615358 1.514501 -0.000019 -0.000022 -0.000050
 28   2.924704 1.614964 -1.501142 -0.000002 -0.000009 -0.000024
 29   8.824059 0.150544 0.091743 -0.020848 -0.117426 -0.164877
 30   2.111085 -0.561179 1.784320 -0.000008 -0.000682 0.000024
 31   2.121290 -0.561289 -1.853599 0.000000 0.000000 -0.000002
 32   -0.802676 -0.093824 3.127092 0.044066 -3.092712 0.195926
 33   14.298673 -0.408176 0.518454 -0.017394 -0.094868 -0.116030
 34   15.835795 0.581398 0.242756 -0.000811 0.023965 0.068310
 35   -0.831494 -0.091229 -3.114430 0.052734 3.300803 -0.139028
 36   14.294526 -0.410349 -0.455822 -0.026058 -0.120397 -0.927250
 37   15.834409 0.579420 -0.284600 0.130150 -0.052096 -0.014310
 38   2.151435 -3.172490 -2.636307 0.047171 -0.352576 0.132882
 39   -4.438210 -0.972820 -0.746180 0.022339 -0.002277 -0.117596
 40   0.102445 -3.731028 3.049784 0.047171 -0.352563 0.132881
 41   -4.453372 -1.141164 0.959566 0.022338 -0.002277 -0.117596
 42   -0.087138 1.689489 -2.751116 -0.051905 0.006043 -0.011124
 43   -0.484375 1.772799 3.185793 0.008621 0.227842 -0.069214
time 55
  0   -0.401123 2.578204 -27.160614 0.000000 0.058410 -1.414701
  1   -1.093036 0.000002 -0.326057 -3.088648 -0.049940 1.521002
  2   2.262337 0.113614 0.064702 0.023066 -0.067269 0.032967
  3   2.380047 0.353302 0.047440 -0.004245 0.245632 0.037485
  4   2.033756 0.190472 -0.000128 -0.004326 0.045338 -0.098943
  5   2.451511 0.204909 -0.003447 -0.051933 0.172759 -0.055834
  6   7.247600 -0.397300 -0.109469 0.007563 -0.001849 0.140769
  7   -2.022252 -0.104661 3.136172 -3.159376 -1.117905 -0.137780
  8   1.168026 -0.537438 -0.063437 0.091928 -0.000588 -0.132024
  9   6.790376 -0.619176 0.015206 -0.311843 -2.222133 0.008602
 10   8.637599 0.544015 -0.090417 1.245145 0.798519 0.092697
 11   6.790465 -0.619039 0.017802 -0.229153 -0.625920 -0.060472
 12   -2.022474 -0.104699 -2.873818 0.289676 1.392420 -2.874219
 13   1.167898 -0.537463 0.063297 0.308661 -1.158746 -0.371835
 14   7.002743 -0.617765 -0.183752 -0.061030 -1.141065 -1.849442
 15   8.209042 0.615527 -0.255885 1.596047 -0.107273 0.189245
 16   7.002735 -0.617911 -0.183641 -0.404808 -0.759624 -0.934680
 17   1.574674 0.609930 -0.000899 0.103947 0.302826 -0.116361
 18   -0.602177 0.511412 -0.000006 0.000000 0.000000 0.000000
 19   3.673773 0.177020 1.119313 -0.000002 -0.000014 -0.174510
 20   3.677673 0.176993 -1.117566 0.000007 -0.000003 -0.174546
 21   3.942357 1.330634 1.627658 0.000002 -0.000011 -0.000026
 22   -0.246060 -0.011889 0.516521 -0.000011 0.000031 0.000025
 23   3.942374 1.330659 -1.631083 0.000019 0.000002 -0.000024
 24   -0.246150 -0.011872 -0.516511 -0.000005 -0.000006 0.000048
 25   4.941364 1.997338 1.629330 0.000018 -0.000001 -0.000024
 26   4.941382 1.997366 -1.629410 -0.000001 0.000005 -0.000024
 27   2.918368 1.615358 1.514501 -0.000019 -0.000022 -0.000050
 28   2.924704 1.614964 -1.501142 -0.000002 -0.000009 -0.000024
 29   8.824059 0.150544 0.091743 -0.020313 -0.114411 -0.165199
 30   2.111085 -0.561179 1.784320 -0.000008 -0.000682 0.000024
 31   2.121290 -0.561289 -1.853599 0.000000 0.000000 -0.000002
 32   -0.802676 -0.093824 3.127092 0.044066 -3.092712 0.195926
 33   14.298673 -0.408176 0.518454 -0.017394 -0.094868 -0.116030
 34   15.835795 0.581398 0.242756 -0.000811 0.023965 0.068310
 35   -0.831494 -0.091229 -3.114430 0.052734 3.300803 -0.139028
 36   14.294526 -0.410349 -0.455822 -0.026022 -0.120445 -0.928177
 37   15.834409 0.579420 -0.284600 0.129618 -0.052020 -0.012383
 38   2.151435 -3.172490 -2.636307 0.047171 -0.352576 0.132882
 39   -4.438210 -0.972820 -0.746180 0.021752 -0.002217 -0.114567
 40   0.102445 -3.731028 3.049784 0.047171 -0.352563 0.132881
 41   -4.453372 -1.141164 0.959566 0.021751 -0.002217 -0.114567
 42   -0.087138 1.689489 -2.762835 -0.052469 0.002946 -0.010455
 43   -0.484375 1.772799 3.185793 0.009096 0.230682 -0.069381
time 56
  0   -0.401123 2.578204 -27.160614 0.000000 0.058410 -1.414701
  1   -1.093036 0.000002 -0.326057 -3.088648 -0.049940 1.521002
  2   2.262337 0.113614 0.064702 0.023066 -0.067269 0.032967
  3   2.380047 0.353302 0.047440 -0.004245 0.245668 0.037730
  4   2.033756 0.190472 -0.000128 -0.004418 0.045386 -0.098544
  5   2.451511 0.204909 -0.003447 -0.051539 0.172655 -0.057121
  6   7.247600 -0.397300 -0.109469 0.007360 -0.001789 0.141244
  7   -2.022252 -0.104661 3.136172 -3.159376 -1.117905 -0.137780
  8   1.168026 -0.537438 -0.063437 0.091928 -0.000588 -0.132024
  9   6.790376 -0.619176 0.015206 -0.311843 -2.222133 0.008602
 10   8.637599 0.544015 -0.090417 1.245145 0.798519 0.092697
 11   6.790465 -0.619039 0.017802 -0.229153 -0.625920 -0.060472
 12   -2.022474 -0.104699 -2.873818 0.289676 1.392420 -2.874219
 13   1.167898 -0.537463 0.063297 0.308661 -1.158746 -0.371835
 14   7.002743 -0.617765 -0.183752 -0.059265 -1.140724 -1.851175
 15   8.209042 0.615527 -0.255885 1.596479 -0.106743 0.184494
 16   7.002735 -0.617911 -0.183641 -0.403819 -0.759962 -0.935508
 17   1.574674 0.609930 -0.000899 0.103947 0.302826 -0.116361
 18   -0.602177 0.511412 -0.000006 0.000000 0.000000 0.000000
 19   3.677679 0.177020 1.119313 -0.000002 -0.000014 -0.174510
 20   3.677673 0.176993 -1.117566 0.000007 -0.000003 -0.174546
 21   3.942357 1.330634 1.627658 0.000002 -0.000011 -0.000026
 22   -0.246060 -0.011889 0.516521 -0.000011 0.000031 0.000025
 23   3.942374 1.330659 -1.631083 0.000019 0.000002 -0.000024
 24   -0.246150 -0.011872 -0.516511 -0.000005 -0.000006 0.000048
 25   4.941364 1.997338 1.629330 0.000018 -0.000001 -0.000024
 26   4.941382 1.997366 -1.629410 -0.000001 0.000005 -0.000024
 27   2.918368 1.615358 1.514501 -0.000019 -0.000022 -0.000050
 28   2.924704 1.614964 -1.501142 -0.000002 -0.000009 -0.000024
 29   8.824059 0.150544 0.091743 -0.019690 -0.111159 -0.165467
 30   2.111085 -0.561179 1.784320 -0.000008 -0.000682 0.000024
 31   2.121290 -0.561289 -1.853599 0.000000 0.000000 -0.000002
 32   -0.802676 -0.093824 3.127092 0.044066 -3.092712 0.195926
 33   14.298673 -0.408176 0.518454 -0.017394 -0.094868 -0.116030
 34   15.835795 0.581398 0.242756 -0.000811 0.023965 0.068310
 35   -0.831494 -0.091229 -3.114430 0.052734 3.300803 -0.139028
 36   14.294526 -0.410349 -0.455822 -0.025998 -0.120505 -0.929258
 37   15.834409 0.579420 -0.284600 0.129007 -0.051943 -0.010254
 38   2.151435 -3.172490 -2.636307 0.047171 -0.352576 0.132882
 39   -4.446023 -0.980633 -0.746180 0.021153 -0.002157 -0.111286
 40   0.102445 -3.731028 3.049784 0.047171 -0.352563 0.132881
 41   -4.445559 -1.133351 0.959566 0.021152 -0.002157 -0.111286
 42   -0.087138 1.685583 -2.770648 -0.053068 -0.000366 -0.009828
 43   -0.484375 1.772799 3.185793 0.009583 0.233773 -0.069548
time 57
  0   -0.401123 2.578204 -27.160614 0.000000 0.058410 -1.414701
  1   -1.093036 0.000002 -0.326057 -3.088648 -0.049940 1.521002
  2   2.262337 0.113614 0.064702 0.023066 -0.067269 0.032967
  3   2.380047 0.353302 0.047440 -0.004230 0.245716 0.037995
  4   2.033756 0.190472 -0.000128 -0.004510 0.045434 -0.098182
  5   2.451511 0.204909 -0.003447 -0.051111 0.172511 -0.058508
  6   7.247600 -0.397300 -0.109469 0.007132 -0.001741 0.141720
  7   -2.022252 -0.104661 3.136172 -3.159376 -1.117905 -0.137780
  8   1.168026 -0.537438 -0.063437 0.091928 -0.000588 -0.132024
  9   6.790376 -0.619176 0.015206 -0.311843 -2.222133 0.008602
 10   8.637599 0.544015 -0.090417 1.245145 0.798519 0.092697
 11   6.790465 -0.619039 0.017802 -0.229153 -0.625920 -0.060472
 12   -2.022474 -0.104699 -2.873818 0.289676 1.392420 -2.874219
 13   1.167898 -0.537463 0.063297 0.308661 -1.158746 -0.371835
 14   7.002743 -0.617765 -0.183752 -0.057443 -1.140270 -1.852825
 15   8.209042 0.615527 -0.255885 1.596838 -0.106138 0.179503
 16   7.002735 -0.617911 -0.183641 -0.402784 -0.760413 -0.936336
 17   1.574674 0.609930 -0.000899 0.103947 0.302826 -0.116361
 18   -0.602177 0.511412 -0.000006 0.000000 0.000000 0.000000
 19   3.673773 0.177020 1.119313 -0.000002 -0.000014 -0.174510
 20   3.677673 0.176993 -1.117566 0.000007 -0.000003 -0.174546
 21   3.942357 1.330634 1.627658 0.000002 -0.000011 -0.000026
 22   -0.246060 -0.011889 0.516521 -0.000011 0.000031 0.000025
 23   3.942374 1.330659 -1.631083 0.000019 0.000002 -0.000024
 24   -0.246150 -0.011872 -0.516511 -0.000005 -0.000006 0.000048
 25   4.941364 1.997338 1.629330 0.000018 -0.000001 -0.000024
 26   4.941382 1.997366 -1.629410 -0.000001 0.000005 -0.000024
 27   2.918368 1.615358 1.514501 -0.000019 -0.000022 -0.000050
 28   2.924704 1.614964 -1.501142 -0.000002 -0.000009 -0.000024
 29   8.824059 0.150544 0.091743 -0.019066 -0.107693 -0.165682
 30   2.111085 -0.561179 1.784320 -0.000008 -0.000682 0.000024
 31   2.121290 -0.561289 -1.853599 0.000000 0.000000 -0.000002
 32   -0.802676 -0.093824 3.127092 0.044066 -3.092712 0.195926
 33   14.298673 -0.408176 0.518454 -0.017394 -0.094868 -0.116030
 34   15.835795 0.581398 0.242756 -0.000811 0.023965 0.068310
 35   -0.831494 -0.091229 -3.114430 0.052734 3.300803 -0.139028
 36   14.294526 -0.410349 -0.455822 -0.025962 -0.120577 -0.930417
 37   15.834409 0.579420 -0.284600 0.128357 -0.051815 -0.008023
 38   2.151435 -3.172490 -2.636307 0.047171 -0.352576 0.132882
 39   -4.446023 -0.980633 -0.746180 0.020494 -0.002085 -0.107836
 40   0.102445 -3.731028 3.049784 0.047171 -0.352563 0.132881
 41   -4.445559 -1.133351 0.959566 0.020493 -0.002085 -0.107836
 42   -0.087138 1.685583 -2.778461 -0.053703 -0.003908 -0.009159
 43   -0.484375 1.772799 3.185793 0.010133 0.237037 -0.069716
time 58
  0   -0.401123 2.578204 -27.160614 0.000000 0.058410 -1.414701
  1   -1.093036 0.000002 -0.326057 -3.088648 -0.049940 1.521002
  2   2.262337 0.113614 0.064702 0.023066 -0.067269 0.032967
  3   2.380047 0.353302 0.047440 -0.004230 0.245752 0.038281
  4   2.033756 0.190472 -0.000128 -0.004621 0.045482 -0.097747
  5   2.451511 0.204909 -0.003447 -0.050666 0.172394 -0.059969
  6   7.247600 -0.397300 -0.109469 0.006880 -0.001681 0.142226
  7   -2.022252 -0.104661 3.136172 -3.159376 -1.117905 -0.137780
  8   1.168026 -0.537438 -0.063437 0.091928 -0.000588 -0.132024
  9   6.790376 -0.619176 0.015206 -0.311843 -2.222133 0.008602
 10   8.637599 0.544015 -0.090417 1.245145 0.798519 0.092697
 11   6.790465 -0.619039 0.017802 -0.229153 -0.625920 -0.060472
 12   -2.022474 -0.104699 -2.873818 0.289676 1.392420 -2.874219
 13   1.167898 -0.537463 0.063297 0.308661 -1.158746 -0.371835
 14   7.002743 -0.617765 -0.183752 -0.055565 -1.139929 -1.854805
 15   8.209042 0.615527 -0.255885 1.597270 -0.105457 0.174211
 16   7.002735 -0.617911 -0.183641 -0.401654 -0.760808 -0.937219
 17   1.574674 0.609930 -0.000899 0.103947 0.302826 -0.116361
 18   -0.602177 0.511412 -0.000006 0.000000 0.000000 0.000000
 19   3.673773 0.177020 1.119313 -0.000002 -0.000014 -0.174510
 20   3.677673 0.176993 -1.117566 0.000007 -0.000003 -0.174546
 21   3.942357 1.330634 1.627658 0.000002 -0.000011 -0.000026
 22   -0.246060 -0.011889 0.516521 -0.000011 0.000031 0.000025
 23   3.942374 1.330659 -1.631083 0.000019 0.000002 -0.000024
 24   -0.246150 -0.011872 -0.516511 -0.000005 -0.000006 0.000048
 25   4.941364 1.997338 1.629330 0.000018 -0.000001 -0.000024
 26   4.941382 1.997366 -1.629410 -0.000001 0.000005 -0.000024
 27   2.918368 1.615358 1.514501 -0.000019 -0.000022 -0.000050
 28   2.924704 1.614964 -1.501142 -0.000002 -0.000009 -0.000024
 29   8.824059 0.150544 0.091743 -0.018442 -0.104037 -0.166058
 30   2.111085 -0.561179 1.784320 -0.000008 -0.000682 0.000024
 31   2.121290 -0.561289 -1.853599 0.000000 0.000000 -0.000002
 32   -0.802676 -0.093824 3.127092 0.044066 -3.092712 0.195926
 33   14.298673 -0.408176 0.518454 -0.017394 -0.094868 -0.116030
 34   15.835795 0.581398 0.242756 -0.000811 0.023965 0.068310
 35   -0.831494 -0.091229 -3.114430 0.052734 3.300803 -0.139028
 36   14.294526 -0.410349 -0.455822 -0.025914 -0.120637 -0.931498
 37   15.834409 0.579420 -0.284600 0.127707 -0.051713 -0.005640
 38   2.151435 -3.172490 -2.636307 0.047171 -0.352576 0.132882
 39   -4.446023 -0.980633 -0.746180 0.019799 -0.002013 -0.104162
 40   0.102445 -3.731028 3.049784 0.047171 -0.352563 0.132881
 41   -4.445559 -1.133351 0.959566 0.019798 -0.002013 -0.104162
 42   -0.087138 1.677770 -2.782367 -0.054350 -0.007649 -0.008364
 43   -0.484375 1.772799 3.185793 0.010695 0.240457 -0.069883
time 59
  0   -0.401123 2.578204 -27.160614 0.000000 0.058410 -1.414701
  1   -1.093036 0.000002 -0.326057 -3.088648 -0.049940 1.521002
  2   2.262337 0.113614 0.064702 0.023066 -0.067269 0.032967
  3   2.380047 0.353302 0.047440 -0.004215 0.245788 0.038546
  4   2.033756 0.190472 -0.000128 -0.004713 0.045530 -0.097312
  5   2.451511 0.204909 -0.003447 -0.050204 0.172237 -0.061505
  6   7.247600 -0.397300 -0.109469 0.006616 -0.001609 0.142733
  7   -2.022252 -0.104661 3.136172 -3.159376 -1.117905 -0.137780
  8   1.168026 -0.537438 -0.063437 0.091928 -0.000588 -0.132024
  9   6.790376 -0.619176 0.015206 -0.311843 -2.222133 0.008602
 10   8.637599 0.544015 -0.090417 1.245145 0.798519 0.092697
 11   6.790465 -0.619039 0.017802 -0.229153 -0.625920 -0.060472
 12   -2.022474 -0.104699 -2.873818 0.289676 1.392420 -2.874219
 13   1.167898 -0.537463 0.063297 0.308661 -1.158746 -0.371835
 14   7.002743 -0.617765 -0.183752 -0.053458 -1.139532 -1.856620
 15   8.209042 0.615527 -0.255885 1.597557 -0.104776 0.168618
 16   7.002735 -0.617911 -0.183641 -0.400477 -0.761259 -0.938102
 17   1.574674 0.609930 -0.000899 0.103947 0.302826 -0.116361
 18   -0.602177 0.511412 -0.000006 0.000000 0.000000 0.000000
 19   3.673773 0.177020 1.119313 -0.000002 -0.000014 -0.174510
 20   3.673767 0.176993 -1.117566 0.000007 -0.000003 -0.174546
 21   3.942357 1.330634 1.627658 0.000002 -0.000011 -0.000026
 22   -0.246060 -0.011889 0.516521 -0.000011 0.000031 0.000025
 23   3.942374 1.330659 -1.631083 0.000019 0.000002 -0.000024
 24   -0.246150 -0.011872 -0.516511 -0.000005 -0.000006 0.000048
 25   4.941364 1.997338 1.629330 0.000018 -0.000001 -0.000024
 26   4.941382 1.997366 -1.629410 -0.000001 0.000005 -0.000024
 27   2.918368 1.615358 1.514501 -0.000019 -0.000022 -0.000050
 28   2.924704 1.614964 -1.501142 -0.000002 -0.000009 -0.000024
 29   8.824059 0.150544 0.091743 -0.017818 -0.100215 -0.166272
 30   2.111085 -0.561179 1.784320 -0.000008 -0.000682 0.000024
 31   2.121290 -0.561289 -1.853599 0.000000 0.000000 -0.000002
 32   -0.802676 -0.093824 3.127092 0.044066 -3.092712 0.195926
 33   14.298673 -0.408176 0.518454 -0.017394 -0.094868 -0.116030
 34   15.835795 0.581398 0.242756 -0.000811 0.023965 0.068310
 35   -0.831494 -0.091229 -3.114430 0.052734 3.300803 -0.139028
 36   14.294526 -0.410349 -0.455822 -0.025878 -0.120721 -0.932734
 37   15.834409 0.579420 -0.284600 0.127017 -0.051585 -0.003206
 38   2.151435 -3.172490 -2.636307 0.047171 -0.352576 0.132882
 39   -4.446023 -0.984539 -0.746180 0.019055 -0.001942 -0.100348
 40   0.102445 -3.731028 3.049784 0.047171 -0.352563 0.132881
 41   -4.445559 -1.129445 0.959566 0.019055 -0.001942 -0.100348
 42   -0.087138 1.677770 -2.794086 -0.055045 -0.011528 -0.007611
 43   -0.484375 1.772799 3.185793 0.011295 0.244051 -0.070092
time 60
  0   -0.401123 2.578204 -27.160614 0.000000 0.058410 -1.414701
  1   -1.093036 0.000002 -0.326057 -3.088648 -0.049940 1.521002
  2   2.262337 0.113614 0.064702 0.023066 -0.067269 0.032967
  3   2.380047 0.353302 0.047440 -0.004215 0.245824 0.038852
  4   2.033756 0.190472 -0.000128 -0.004842 0.045577 -0.096841
  5   2.451511 0.204909 -0.003447 -0.049707 0.172107 -0.063090
  6   7.247600 -0.397300 -0.109469 0.006377 -0.001537 0.143303
  7   -2.022252 -0.104661 3.136172 -3.159376 -1.117905 -0.137780
  8   1.168026 -0.537438 -0.063437 0.091928 -0.000588 -0.132024
  9   6.790376 -0.619176 0.015206 -0.311843 -2.222133 0.008602
 10   8.637599 0.544015 -0.090417 1.245145 0.798519 0.092697
 11   6.790465 -0.619039 0.017802 -0.229153 -0.625920 -0.060472
 12   -2.022474 -0.104699 -2.873818 0.289676 1.392420 -2.874219
 13   1.167898 -0.537463 0.063297 0.308661 -1.158746 -0.371835
 14   7.002743 -0.617765 -0.183752 -0.051352 -1.139020 -1.858683
 15   8.209042 0.615527 -0.255885 1.598061 -0.104095 0.162845
 16   7.002735 -0.617911 -0.183641 -0.399253 -0.761710 -0.938985
 17   1.574674 0.609930 -0.000899 0.103947 0.302826 -0.116361
 18   -0.602177 0.511412 -0.000006 0.000000 0.000000 0.000000
 19   3.677679 0.177020 1.119313 -0.000002 -0.000014 -0.174510
 20   3.677673 0.176993 -1.117566 0.000007 -0.000003 -0.174546
 21   3.942357 1.330634 1.627658 0.000002 -0.000011 -0.000026
 22   -0.246060 -0.011889 0.516521 -0.000011 0.000031 0.000025
 23   3.942374 1.330659 -1.631083 0.000019 0.000002 -0.000024
 24   -0.246150 -0.011872 -0.516511 -0.000005 -0.000006 0.000048
 25   4.941364 1.997338 1.629330 0.000018 -0.000001 -0.000024
 26   4.941382 1.997366 -1.629410 -0.000001 0.000005 -0.000024
 27   2.918368 1.615358 1.514501 -0.000019 -0.000022 -0.000050
 28   2.924704 1.614964 -1.501142 -0.000002 -0.000009 -0.000024
 29   8.824059 0.150544 0.091743 -0.017105 -0.096275 -0.166594
 30   2.111085 -0.561179 1.784320 -0.000008 -0.000682 0.000024
 31   2.121290 -0.561289 -1.853599 0.000000 0.000000 -0.000002
 32   -0.802676 -0.093824 3.127092 0.044066 -3.092712 0.195926
 33   14.298673 -0.408176 0.518454 -0.017394 -0.094868 -0.116030
 34   15.835795 0.581398 0.242756 -0.000811 0.023965 0.068310
 35   -0.831494 -0.091229 -3.114430 0.052734 3.300803 -0.139028
 36   14.294526 -0.410349 -0.455822 -0.025842 -0.120793 -0.934047
 37   15.834409 0.579420 -0.284600 0.126288 -0.051457 -0.000671
 38   2.151435 -3.172490 -2.636307 0.047171 -0.352576 0.132882
 39   -4.446023 -0.992352 -0.746180 0.018300 -0.001870 -0.096365
 40   0.102445 -3.731028 3.049784 0.047171 -0.352563 0.132881
 41   -4.445559 -1.121632 0.959566 0.018299 -0.001870 -0.096365
 42   -0.087138 1.677770 -2.805805 -0.055776 -0.015591 -0.006859
 43   -0.484375 1.772799 3.185793 0.011907 0.247801 -0.070259
time 61
  0   -0.401123 2.578204 -27.160614 0.000000 0.058410 -1.414701
  1   -1.093036 0.000002 -0.326057 -3.088648 -0.049940 1.521002
  2   2.262337 0.113614 0.064702 0.023066 -0.067269 0.032967
  3   2.380047 0.353302 0.047440 -0.004200 0.245872 0.039179
  4   2.033756 0.190472 -0.000128 -0.004953 0.045625 -0.096297
  5   2.451511 0.204909 -0.003447 -0.049211 0.171950 -0.064700
  6   7.247600 -0.397300 -0.109469 0.006089 -0.001465 0.143905
  7   -2.022252 -0.104661 3.136172 -3.159376 -1.117905 -0.137780
  8   1.168026 -0.537438 -0.063437 0.091928 -0.000588 -0.132024
  9   6.790376 -0.619176 0.015206 -0.311843 -2.222133 0.008602
 10   8.637599 0.544015 -0.090417 1.245145 0.798519 0.092697
 11   6.790465 -0.619039 0.017802 -0.229153 -0.625920 -0.060472
 12   -2.022474 -0.104699 -2.873818 0.289676 1.392420 -2.874219
 13   1.167898 -0.537463 0.063297 0.308661 -1.158746 -0.371835
 14   7.002743 -0.617765 -0.183752 -0.049188 -1.138623 -1.860828
 15   8.209042 0.615527 -0.255885 1.598420 -0.103263 0.156891
 16   7.002735 -0.617911 -0.183641 -0.398029 -0.762161 -0.940034
 17   1.574674 0.609930 -0.000899 0.103947 0.302826 -0.116361
 18   -0.602177 0.511412 -0.000006 0.000000 0.000000 0.000000
 19   3.677679 0.177020 1.119313 -0.000002 -0.000014 -0.174510
 20   3.677673 0.176993 -1.117566 0.000007 -0.000003 -0.174546
 21   3.942357 1.330634 1.627658 0.000002 -0.000011 -0.000026
 22   -0.246060 -0.011889 0.516521 -0.000011 0.000031 0.000025
 23   3.942374 1.330659 -1.631083 0.000019 0.000002 -0.000024
 24   -0.246150 -0.011872 -0.516511 -0.000005 -0.000006 0.000048
 25   4.941364 1.997338 1.629330 0.000018 -0.000001 -0.000024
 26   4.941382 1.997366 -1.629410 -0.000001 0.000005 -0.000024
 27   2.918368 1.615358 1.514501 -0.000019 -0.000022 -0.000050
 28   2.924704 1.614964 -1.501142 -0.000002 -0.000009 -0.000024
 29   8.824059 0.150544 0.091743 -0.016303 -0.092168 -0.167023
 30   2.111085 -0.561179 1.784320 -0.000008 -0.000682 0.000024
 31   2.121290 -0.561289 -1.853599 0.000000 0.000000 -0.000002
 32   -0.802676 -0.093824 3.127092 0.044066 -3.092712 0.195926
 33   14.298673 -0.408176 0.518454 -0.017394 -0.094868 -0.116030
 34   15.835795 0.581398 0.242756 -0.000811 0.023965 0.068310
 35   -0.831494 -0.091229 -3.114430 0.052734 3.300803 -0.139028
 36   14.294526 -0.410349 -0.455822 -0.025794 -0.120865 -0.935438
 37   15.834409 0.579420 -0.284600 0.125559 -0.051329 0.002016
 38   2.151435 -3.172490 -2.636307 0.047171 -0.352576 0.132882
 39   -4.446023 -0.992352 -0.746180 0.017521 -0.001798 -0.092271
 40   0.102445 -3.731028 3.049784 0.047171 -0.352563 0.132881
 41   -4.445559 -1.121632 0.959566 0.017520 -0.001798 -0.092271
 42   -0.087138 1.677770 -2.813618 -0.056519 -0.019777 -0.005980
 43   -0.484375 1.772799 3.185793 0.012532 0.251630 -0.070469
time 62
  0   -0.401123 2.578204 -27.160614 0.000000 0.058410 -1.414701
  1   -1.093036 0.000002 -0.326057 -3.088648 -0.049940 1.521002
  2   2.262337 0.113614 0.064702 0.023066 -0.067269 0.032967
  3   2.380047 0.353302 0.047440 -0.004185 0.245908 0.039485
  4   2.033756 0.190472 -0.000128 -0.005045 0.045685 -0.095862
  5   2.451511 0.204909 -0.003447 -0.048680 0.171793 -0.066384
  6   7.247600 -0.397300 -0.109469 0.005826 -0.001393 0.144475
  7   -2.022252 -0.104661 3.136172 -3.159376 -1.117905 -0.137780
  8   1.168026 -0.537438 -0.063437 0.091928 -0.000588 -0.132024
  9   6.790376 -0.619176 0.015206 -0.311843 -2.222133 0.008602
 10   8.637599 0.544015 -0.090417 1.245145 0.798519 0.092697
 11   6.790465 -0.619039 0.017802 -0.229153 -0.625920 -0.060472
 12   -2.022474 -0.104699 -2.873818 0.289676 1.392420 -2.874219
 13   1.167898 -0.537463 0.063297 0.308661 -1.158746 -0.371835
 14   7.002743 -0.617765 -0.183752 -0.047025 -1.138226 -1.862973
 15   8.209042 0.615527 -0.255885 1.598851 -0.102582 0.150878
 16   7.002735 -0.617911 -0.183641 -0.396758 -0.762612 -0.940972
 17   1.574674 0.609930 -0.000899 0.103947 0.302826 -0.116361
 18   -0.602177 0.511412 -0.000006 0.000000 0.000000 0.000000
 19   3.677679 0.177020 1.119313 -0.000002 -0.000014 -0.174510
 20   3.677673 0.176993 -1.117566 0.000007 -0.000003 -0.174546
 21   3.942357 1.330634 1.627658 0.000002 -0.000011 -0.000026
 22   -0.246060 -0.011889 0.516521 -0.000011 0.000031 0.000025
 23   3.942374 1.330659 -1.631083 0.000019 0.000002 -0.000024
 24   -0.246150 -0.011872 -0.516511 -0.000005 -0.000006 0.000048
 25   4.941364 1.997338 1.629330 0.000018 -0.000001 -0.000024
 26   4.941382 1.997366 -1.629410 -0.000001 0.000005 -0.000024
 27   2.918368 1.615358 1.514501 -0.000019 -0.000022 -0.000050
 28   2.924704 1.614964 -1.501142 -0.000002 -0.000009 -0.000024
 29   8.824059 0.150544 0.091743 -0.015590 -0.087967 -0.167345
 30   2.111085 -0.561179 1.784320 -0.000008 -0.000682 0.000024
 31   2.121290 -0.561289 -1.853599 0.000000 0.000000 -0.000002
 32   -0.802676 -0.093824 3.127092 0.044066 -3.092712 0.195926
 33   14.298673 -0.408176 0.518454 -0.017394 -0.094868 -0.116030
 34   15.835795 0.581398 0.242756 -0.000811 0.023965 0.068310
 35   -0.831494 -0.091229 -3.114430 0.052734 3.300803 -0.139028
 36   14.294526 -0.410349 -0.455822 -0.025758 -0.120949 -0.936751
 37   15.834409 0.579420 -0.284600 0.124791 -0.051201 0.004754
 38   2.151435 -3.172490 -2.636307 0.047171 -0.352576 0.132882
 39   -4.446023 -0.992352 -0.746180 0.016719 -0.001714 -0.088036
 40   0.102445 -3.731028 3.049784 0.047171 -0.352563 0.132881
 41   -4.445559 -1.121632 0.959566 0.016718 -0.001714 -0.088036
 42   -0.079325 1.669957 -2.825337 -0.057298 -0.024070 -0.005186
 43   -0.484375 1.772799 3.185793 0.013169 0.255600 -0.070678
time 63
  0   -0.401123 2.578204 -27.160614 0.000000 0.058410 -1.414701
  1   -1.093036 0.000002 -0.326057 -3.088648 -0.049940 1.521002
  2   2.262337 0.113614 0.064702 0.023066 -0.067269 0.032967
  3   2.380047 0.353302 0.047440 -0.004185 0.245956 0.039791
  4   2.033756 0.190472 -0.000128 -0.005174 0.045745 -0.095318
  5   2.451511 0.204909 -0.003447 -0.048184 0.171637 -0.068093
  6   7.247600 -0.397300 -0.109469 0.005538 -0.001321 0.145077
  7   -2.022252 -0.104661 3.136172 -3.159376 -1.117905 -0.137780
  8   1.168026 -0.537438 -0.063437 0.091928 -0.000588 -0.132024
  9   6.790376 -0.619176 0.015206 -0.311843 -2.222133 0.008602
 10   8.637599 0.544015 -0.090417 1.245145 0.798519 0.092697
 11   6.790465 -0.619039 0.017802 -0.229153 -0.625920 -0.060472
 12   -2.022474 -0.104699 -2.873818 0.289676 1.392420 -2.874219
 13   1.167898 -0.537463 0.063297 0.308661 -1.158746 -0.371835
 14   7.002743 -0.617765 -0.183752 -0.044690 -1.137715 -1.865118
 15   8.209042 0.615527 -0.255885 1.599211 -0.101749 0.144563
 16   7.002735 -0.617911 -0.183641 -0.395440 -0.763176 -0.942076
 17   1.574674 0.609930 -0.000899 0.103947 0.302826 -0.116361
 18   -0.602177 0.511412 -0.000006 0.000000 0.000000 0.000000
 19   3.677679 0.177020 1.119313 -0.000002 -0.000014 -0.174510
 20   3.677673 0.176993 -1.117566 0.000007 -0.000003 -0.174546
 21   3.942357 1.330634 1.627658 0.000002 -0.000011 -0.000026
 22   -0.246060 -0.011889 0.516521 -0.000011 0.000031 0.000025
 23   3.942374 1.330659 -1.631083 0.000019 0.000002 -0.000024
 24   -0.246150 -0.011872 -0.516511 -0.000005 -0.000006 0.000048
 25   4.941364 1.997338 1.629330 0.000018 -0.000001 -0.000024
 26   4.941382 1.997366 -1.629410 -0.000001 0.000005 -0.000024
 27   2.918368 1.623171 1.514501 -0.000019 -0.000022 -0.000050
 28   2.924704 1.614964 -1.501142 -0.000002 -0.000009 -0.000024
 29   8.824059 0.150544 0.091743 -0.014699 -0.083694 -0.167667
 30   2.111085 -0.561179 1.784320 -0.000008 -0.000682 0.000024
 31   2.121290 -0.561289 -1.853599 0.000000 0.000000 -0.000002
 32   -0.802676 -0.093824 3.127092 0.044066 -3.092712 0.195926
 33   14.298673 -0.408176 0.518454 -0.017394 -0.094868 -0.116030
 34   15.835795 0.581398 0.242756 -0.000811 0.023965 0.068310
 35   -0.831494 -0.091229 -3.114430 0.052734 3.300803 -0.139028
 36   14.294526 -0.410349 -0.455822 -0.025710 -0.121033 -0.938064
 37   15.834409 0.579420 -0.284600 0.123983 -0.051073 0.007492
 38   2.151435 -3.172490 -2.636307 0.047171 -0.352576 0.132882
 39   -4.446023 -0.996258 -0.746180 0.015916 -0.001630 -0.083745
 40   0.102445 -3.731028 3.049784 0.047171 -0.352563 0.132881
 41   -4.445559 -1.113819 0.959566 0.015915 -0.001630 -0.083745
 42   -0.079325 1.669957 -2.837056 -0.058077 -0.028455 -0.004308
 43   -0.484375 1.772799 3.185793 0.013831 0.259664 -0.070887
time 64
  0   -0.401123 2.578204 -27.160614 0.000000 0.058410 -1.414701
  1   -1.093036 0.000002 -0.326057 -3.088648 -0.049940 1.521002
  2   2.262337 0.113614 0.064702 0.023066 -0.067269 0.032967
  3   2.380047 0.353302 0.047440 -0.004170 0.245992 0.040138
  4   2.033756 0.190472 -0.000128 -0.005285 0.045805 -0.094811
  5   2.451511 0.204909 -0.003447 -0.047619 0.171480 -0.069801
  6   7.247600 -0.397300 -0.109469 0.005238 -0.001249 0.145679
  7   -2.022252 -0.104661 3.136172 -3.159376 -1.117905 -0.137780
  8   1.168026 -0.537438 -0.063437 0.091928 -0.000588 -0.132024
  9   6.790376 -0.619176 0.015206 -0.311843 -2.221999 0.008602
 10   8.637599 0.544015 -0.090417 1.245145 0.798519 0.092697
 11   6.790465 -0.619039 0.017802 -0.229153 -0.625920 -0.060472
 12   -2.022474 -0.104699 -2.873818 0.289676 1.392420 -2.874219
 13   1.167898 -0.537463 0.063297 0.308661 -1.158746 -0.371835
 14   7.002743 -0.617765 -0.183752 -0.042356 -1.137203 -1.867346
 15   8.209042 0.615527 -0.255885 1.599642 -0.100993 0.138309
 16   7.002735 -0.617911 -0.183641 -0.394075 -0.763627 -0.943014
 17   1.574674 0.609930 -0.000899 0.103947 0.302826 -0.116361
 18   -0.602177 0.511412 -0.000006 0.000000 0.000000 0.000000
 19   3.677679 0.177020 1.119313 -0.000002 -0.000014 -0.174510
 20   3.677673 0.176993 -1.117566 0.000007 -0.000003 -0.174546
 21   3.942357 1.330634 1.627658 0.000002 -0.000011 -0.000026
 22   -0.246060 -0.011889 0.516521 -0.000011 0.000031 0.000025
 23   3.942374 1.330659 -1.631083 0.000019 0.000002 -0.000024
 24   -0.246150 -0.011872 -0.516511 -0.000005 -0.000006 0.000048
 25   4.941364 1.997338 1.629330 0.000018 -0.000001 -0.000024
 26   4.941382 1.997366 -1.629410 -0.000001 0.000005 -0.000024
 27   2.918368 1.615358 1.514501 -0.000019 -0.000022 -0.000050
 28   2.924704 1.614964 -1.501142 -0.000002 -0.000009 -0.000024
 29   8.824059 0.150544 0.091743 -0.013986 -0.079302 -0.168096
 30   2.111085 -0.561179 1.784320 -0.000008 -0.000682 0.000024
 31   2.121290 -0.561289 -1.853599 0.000000 0.000000 -0.000002
 32   -0.802676 -0.093824 3.127092 0.044066 -3.092712 0.195926
 33   14.298673 -0.408176 0.518454 -0.017394 -0.094868 -0.116030
 34   15.835795 0.581398 0.242756 -0.000811 0.023965 0.068310
 35   -0.831494 -0.091229 -3.114430 0.052734 3.300803 -0.139028
 36   14.294526 -0.410349 -0.455822 -0.025674 -0.121092 -0.939609
 37   15.834409 0.579420 -0.284600 0.123195 -0.050945 0.010331
 38   2.151435 -3.172490 -2.636307 0.047171 -0.352576 0.132882
 39   -4.446023 -1.004071 -0.746180 0.015077 -0.001534 -0.079369
 40   0.102445 -3.731028 3.049784 0.047171 -0.352563 0.132881
 41   -4.445559 -1.109913 0.959566 0.015076 -0.001534 -0.079369
 42   -0.079325 1.666051 -2.844869 -0.058880 -0.032932 -0.003388
 43   -0.484375 1.772799 3.185793 0.014506 0.263775 -0.071096
time 65
  0   -0.401123 2.578204 -27.160614 0.000000 0.058410 -1.414701
  1   -1.093036 0.000002 -0.326057 -3.088648 -0.049940 1.521002
  2   2.262337 0.113614 0.064702 0.023066 -0.067269 0.032967
  3   2.380047 0.353302 0.047440 -0.004155 0.246040 0.040444
  4   2.033756 0.190472 -0.000128 -0.005414 0.045865 -0.094267
  5   2.451511 0.204909 -0.003447 -0.047106 0.171310 -0.071584
  6   7.247600 -0.397300 -0.109469 0.004951 -0.001177 0.146344
  7   -2.022252 -0.104661 3.136172 -3.159376 -1.117905 -0.137780
  8   1.168026 -0.537438 -0.063437 0.091928 -0.000588 -0.132024
  9   6.790376 -0.619176 0.015206 -0.311843 -2.222133 0.008602
 10   8.637599 0.544015 -0.090417 1.245145 0.798519 0.092697
 11   6.790465 -0.619039 0.017802 -0.229153 -0.625920 -0.060472
 12   -2.022474 -0.104699 -2.873818 0.289676 1.392420 -2.874219
 13   1.167898 -0.537463 0.063297 0.308661 -1.158746 -0.371835
 14   7.002743 -0.617765 -0.183752 -0.040022 -1.136806 -1.869656
 15   8.209042 0.615527 -0.255885 1.600146 -0.100161 0.131814
 16   7.002735 -0.617911 -0.183641 -0.392710 -0.764191 -0.944118
 17   1.574674 0.609930 -0.000899 0.103947 0.302826 -0.116361
 18   -0.602177 0.511412 -0.000006 0.000000 0.000000 0.000000
 19   3.677679 0.177020 1.119313 -0.000002 -0.000014 -0.174510
 20   3.677673 0.176993 -1.117566 0.000007 -0.000003 -0.174546
 21   3.942357 1.330634 1.627658 0.000002 -0.000011 -0.000026
 22   -0.246060 -0.011889 0.516521 -0.000011 0.000031 0.000025
 23   3.942374 1.330659 -1.631083 0.000019 0.000002 -0.000024
 24   -0.246150 -0.011872 -0.516511 -0.000005 -0.000006 0.000048
 25   4.941364 1.997338 1.629330 0.000018 -0.000001 -0.000024
 26   4.941382 1.997366 -1.629410 -0.000001 0.000005 -0.000024
 27   2.918368 1.615358 1.514501 -0.000019 -0.000022 -0.000050
 28   2.924704 1.614964 -1.501142 -0.000002 -0.000009 -0.000024
 29   8.824059 0.150544 0.091743 -0.013273 -0.074911 -0.168364
 30   2.111085 -0.561179 1.784320 -0.000008 -0.000682 0.000024
 31   2.121290 -0.561289 -1.853599 0.000000 0.000000 -0.000002
 32   -0.802676 -0.093824 3.127092 0.044066 -3.092712 0.195926
 33   14.298673 -0.408176 0.518454 -0.017394 -0.094868 -0.116030
 34   15.835795 0.581398 0.242756 -0.000811 0.023965 0.068310
 35   -0.831494 -0.091229 -3.114430 0.052734 3.300803 -0.139028
 36   14.294526 -0.410349 -0.455822 -0.025626 -0.121176 -0.940922
 37   15.834409 0.579420 -0.284600 0.122387 -0.050817 0.013221
 38   2.151435 -3.172490 -2.636307 0.047171 -0.352576 0.132882
 39   -4.446023 -1.004071 -0.746180 0.014238 -0.001438 -0.074910
 40   0.102445 -3.731028 3.049784 0.047171 -0.352563 0.132881
 41   -4.445559 -1.109913 0.959566 0.014237 -0.001438 -0.074910
 42   -0.079325 1.666051 -2.856588 -0.059683 -0.037455 -0.002509
 43   -0.484375 1.772799 3.185793 0.015193 0.267949 -0.071305
time 66
  0   -0.401123 2.578204 -27.160614 0.000000 0.058410 -1.414701
  1   -1.093036 0.000002 -0.326057 -3.088648 -0.049940 1.521002
  2   2.262337 0.113614 0.064702 0.023066 -0.067269 0.032967
  3   2.380047 0.353302 0.047440 -0.004155 0.246076 0.040811
  4   2.033756 0.190472 -0.000128 -0.005543 0.045925 -0.093760
  5   2.451511 0.204909 -0.003447 -0.046558 0.171154 -0.073368
  6   7.247600 -0.397300 -0.109469 0.004639 -0.001118 0.146946
  7   -2.022252 -0.104661 3.136172 -3.159376 -1.117905 -0.137780
  8   1.168026 -0.537438 -0.063437 0.091928 -0.000588 -0.132024
  9   6.790376 -0.619176 0.015206 -0.311843 -2.221999 0.008602
 10   8.637599 0.544015 -0.090417 1.245145 0.798519 0.092697
 11   6.790465 -0.619039 0.017802 -0.229153 -0.625920 -0.060472
 12   -2.022474 -0.104699 -2.873818 0.289676 1.392420 -2.874219
 13   1.167898 -0.537463 0.063297 0.308661 -1.158746 -0.371835
 14   7.002743 -0.617765 -0.183752 -0.037631 -1.136295 -1.871884
 15   8.209042 0.615527 -0.255885 1.600433 -0.099404 0.125319
 16   7.002735 -0.617911 -0.183641 -0.391344 -0.764642 -0.945222
 17   1.574674 0.609930 -0.000899 0.103947 0.302826 -0.116361
 18   -0.602177 0.511412 -0.000006 0.000000 0.000000 0.000000
 19   3.677679 0.177020 1.119313 -0.000002 -0.000014 -0.174510
 20   3.677673 0.176993 -1.117566 0.000007 -0.000003 -0.174546
 21   3.942357 1.330634 1.627658 0.000002 -0.000011 -0.000026
 22   -0.246060 -0.011889 0.516521 -0.000011 0.000031 0.000025
 23   3.942374 1.330659 -1.631083 0.000019 0.000002 -0.000024
 24   -0.246150 -0.011872 -0.516511 -0.000005 -0.000006 0.000048
 25   4.941364 1.997338 1.629330 0.000018 -0.000001 -0.000024
 26   4.941382 1.997366 -1.629410 -0.000001 0.000005 -0.000024
 27   2.918368 1.615358 1.514501 -0.000019 -0.000022 -0.000050
 28   2.924704 1.614964 -1.501142 -0.000002 -0.000009 -0.000024
 29   8.824059 0.150544 0.091743 -0.012471 -0.070424 -0.168794
 30   2.111085 -0.561179 1.784320 -0.000008 -0.000682 0.000024
 31   2.121290 -0.561289 -1.853599 0.000000 0.000000 -0.000002
 32   -0.802676 -0.093824 3.127092 0.044066 -3.092712 0.195926
 33   14.298673 -0.408176 0.518454 -0.017394 -0.094868 -0.116030
 34   15.835795 0.581398 0.242756 -0.000811 0.023965 0.068310
 35   -0.831494 -0.091229 -3.114430 0.052734 3.300803 -0.139028
 36   14.294526 -0.410349 -0.455822 -0.025590 -0.121260 -0.942467
 37   15.834409 0.579420 -0.284600 0.121559 -0.050638 0.016111
 38   2.151435 -3.172490 -2.636307 0.047171 -0.352576 0.132882
 39   -4.446023 -1.004071 -0.746180 0.013387 -0.001354 -0.070451
 40   0.102445 -3.731028 3.049784 0.047171 -0.352563 0.132881
 41   -4.445559 -1.109913 0.959566 0.013386 -0.001354 -0.070451
 42   -0.079325 1.666051 -2.868307 -0.060510 -0.042024 -0.001673
 43   -0.484375 1.772799 3.185793 0.015880 0.272138 -0.071556
time 67
  0   -0.401123 2.578204 -27.160614 0.000000 0.058410 -1.414701
  1   -1.093036 0.000002 -0.326057 -3.088648 -0.049940 1.521002
  2   2.262337 0.113614 0.064702 0.023066 -0.067269 0.032967
  3   2.380047 0.353302 0.047440 -0.004140 0.246123 0.041117
  4   2.033756 0.190472 -0.000128 -0.005672 0.045997 -0.093216
  5   2.451511 0.204909 -0.003447 -0.045993 0.170997 -0.075151
  6   7.247600 -0.397300 -0.109469 0.004351 -0.001046 0.147611
  7   -2.022252 -0.104661 3.136172 -3.159376 -1.117905 -0.137780
  8   1.168026 -0.537438 -0.063437 0.091928 -0.000588 -0.132024
  9   6.790376 -0.619176 0.015206 -0.311843 -2.222133 0.008602
 10   8.637599 0.544015 -0.090417 1.245145 0.798519 0.092697
 11   6.790465 -0.619039 0.017802 -0.229153 -0.625920 -0.060472
 12   -2.022474 -0.104699 -2.873818 0.289676 1.392420 -2.874219
 13   1.167898 -0.537463 0.063297 0.308661 -1.158746 -0.371835
 14   7.002743 -0.617765 -0.183752 -0.035240 -1.135841 -1.874194
 15   8.209042 0.615527 -0.255885 1.600937 -0.098420 0.118885
 16   7.002735 -0.617911 -0.183641 -0.389979 -0.765206 -0.946271
 17   1.574674 0.609930 -0.000899 0.103947 0.302826 -0.116361
 18   -0.602177 0.511412 -0.000006 0.000000 0.000000 0.000000
 19   3.677679 0.177020 1.119313 -0.000002 -0.000014 -0.174510
 20   3.677673 0.176993 -1.117566 0.000007 -0.000003 -0.174546
 21   3.942357 1.330634 1.627658 0.000002 -0.000011 -0.000026
 22   -0.246060 -0.011889 0.516521 -0.000011 0.000031 0.000025
 23   3.942374 1.330659 -1.631083 0.000019 0.000002 -0.000024
 24   -0.246150 -0.011872 -0.516511 -0.000005 -0.000006 0.000048
 25   4.941364 1.997338 1.629330 0.000018 -0.000001 -0.000024
 26   4.941382 1.997366 -1.629410 -0.000001 0.000005 -0.000024
 27   2.918368 1.615358 1.514501 -0.000019 -0.000022 -0.000050
 28   2.924704 1.614964 -1.501142 -0.000002 -0.000009 -0.000024
 29   8.824059 0.150544 0.091743 -0.011669 -0.065962 -0.169169
 30   2.111085 -0.561179 1.784320 -0.000008 -0.000682 0.000024
 31   2.121290 -0.561289 -1.853599 0.000000 0.000000 -0.000002
 32   -0.802676 -0.093824 3.127092 0.044066 -3.092712 0.195926
 33   14.298673 -0.408176 0.518454 -0.017394 -0.094868 -0.116030
 34   15.835795 0.581398 0.242756 -0.000811 0.023965 0.068310
 35   -0.831494 -0.091229 -3.114430 0.052734 3.300803 -0.139028
 36   14.294526 -0.410349 -0.455822 -0.025542 -0.121344 -0.943857
 37   15.834409 0.579420 -0.284600 0.120752 -0.050510 0.019002
 38   2.151435 -3.172490 -2.636307 0.047171 -0.352576 0.132882
 39   -4.449929 -1.011884 -0.746180 0.012536 -0.001270 -0.065936
 40   0.102445 -3.731028 3.049784 0.047171 -0.352563 0.132881
 41   -4.437746 -1.102100 0.959566 0.012535 -0.001270 -0.065936
 42   -0.079325 1.666051 -2.880026 -0.061325 -0.046593 -0.000753
 43   -0.484375 1.772799 3.185793 0.016580 0.276359 -0.071765
time 68
  0   -0.401123 2.578204 -27.160614 0.000000 0.058410 -1.414701
  1   -1.093036 0.000002 -0.326057 -3.088648 -0.049940 1.521002
  2   2.262337 0.113614 0.064702 0.023066 -0.067269 0.032967
  3   2.380047 0.353302 0.047440 -0.004125 0.246159 0.041464
  4   2.033756 0.190472 -0.000128 -0.005801 0.046057 -0.092672
  5   2.451511 0.204909 -0.003447 -0.045445 0.170814 -0.076934
  6   7.247600 -0.397300 -0.109469 0.004064 -0.000974 0.148213
  7   -2.022252 -0.104661 3.136172 -3.159376 -1.117905 -0.137780
  8   1.168026 -0.537438 -0.063437 0.091928 -0.000588 -0.132024
  9   6.790376 -0.619176 0.015206 -0.311843 -2.222133 0.008602
 10   8.637599 0.544015 -0.090417 1.245145 0.798519 0.092697
 11   6.790465 -0.619039 0.017802 -0.229153 -0.625920 -0.060472
 12   -2.022474 -0.104699 -2.873818 0.289676 1.392420 -2.874219
 13   1.167898 -0.537463 0.063297 0.308661 -1.158746 -0.371835
 14   7.002743 -0.617765 -0.183752 -0.032792 -1.135273 -1.876504
 15   8.209042 0.615527 -0.255885 1.601224 -0.097664 0.112390
 16   7.002735 -0.617911 -0.183641 -0.388614 -0.765657 -0.947319
 17   1.574674 0.609930 -0.000899 0.103947 0.302826 -0.116361
 18   -0.602177 0.511412 -0.000006 0.000000 0.000000 0.000000
 19   3.677679 0.177020 1.119313 -0.000002 -0.000014 -0.174510
 20   3.677673 0.176993 -1.117566 0.000007 -0.000003 -0.174546
 21   3.942357 1.330634 1.627658 0.000002 -0.000011 -0.000026
 22   -0.246060 -0.011889 0.516521 -0.000011 0.000031 0.000025
 23   3.942374 1.330659 -1.631083 0.000019 0.000002 -0.000024
 24   -0.246150 -0.011872 -0.516511 -0.000005 -0.000006 0.000048
 25   4.941364 1.997338 1.629330 0.000018 -0.000001 -0.000024
 26   4.941382 1.997366 -1.629410 -0.000001 0.000005 -0.000024
 27   2.918368 1.615358 1.514501 -0.000019 -0.000022 -0.000050
 28   2.924704 1.614964 -1.501142 -0.000002 -0.000009 -0.000024
 29   8.824059 0.150544 0.091743 -0.010867 -0.061451 -0.169491
 30   2.111085 -0.561179 1.784320 -0.000008 -0.000682 0.000024
 31   2.121290 -0.561289 -1.853599 0.000000 0.000000 -0.000002
 32   -0.802676 -0.093824 3.127092 0.044066 -3.092712 0.195926
 33   14.298673 -0.408176 0.518454 -0.017394 -0.094868 -0.116030
 34   15.835795 0.581398 0.242756 -0.000811 0.023965 0.068310
 35   -0.831494 -0.091229 -3.114430 0.052734 3.300803 -0.139028
 36   14.294526 -0.410349 -0.455822 -0.025507 -0.121440 -0.945402
 37   15.834409 0.579420 -0.284600 0.119944 -0.050382 0.021892
 38   2.151435 -3.172490 -2.636307 0.047171 -0.352576 0.132882
 39   -4.449929 -1.011884 -0.746180 0.011673 -0.001186 -0.061448
 40   0.102445 -3.731028 3.049784 0.047171 -0.352563 0.132881
 41   -4.437746 -1.102100 0.959566 0.011672 -0.001186 -0.061448
 42   -0.079325 1.658238 -2.891745 -0.062140 -0.051193 0.000084
 43   -0.484375 1.772799 3.185793 0.017267 0.280580 -0.071974
time 69
  0   -0.401123 2.578204 -27.160614 0.000000 0.058410 -1.414701
  1   -1.093036 0.000002 -0.326057 -3.088648 -0.049940 1.521002
  2   2.262337 0.113614 0.064702 0.023066 -0.067269 0.032967
  3   2.380047 0.353302 0.047440 -0.004125 0.246207 0.041811
  4   2.033756 0.190472 -0.000128 -0.005912 0.046117 -0.092201
  5   2.451511 0.204909 -0.003447 -0.044915 0.170644 -0.078717
  6   7.247600 -0.397300 -0.109469 0.003752 -0.000890 0.148878
  7   -2.022252 -0.104661 3.136172 -3.159376 -1.117905 -0.137780
  8   1.168026 -0.537438 -0.063437 0.091928 -0.000588 -0.132024
  9   6.790376 -0.619176 0.015206 -0.311843 -2.222133 0.008602
 10   8.637599 0.544015 -0.090417 1.245145 0.798519 0.092697
 11   6.790465 -0.619039 0.017802 -0.229153 -0.625920 -0.060472
 12   -2.022474 -0.104699 -2.873818 0.289676 1.392420 -2.874219
 13   1.167898 -0.537463 0.063297 0.308661 -1.158746 -0.371835
 14   7.002743 -0.617765 -0.183752 -0.030457 -1.134818 -1.878649
 15   8.209042 0.615527 -0.255885 1.601656 -0.096832 0.105895
 16   7.002735 -0.617911 -0.183641 -0.387249 -0.766221 -0.948423
 17   1.574674 0.609930 -0.000899 0.103947 0.302826 -0.116361
 18   -0.602177 0.511412 -0.000006 0.000000 0.000000 0.000000
 19   3.677679 0.177020 1.119313 -0.000002 -0.000014 -0.174510
 20   3.677673 0.176993 -1.117566 0.000007 -0.000003 -0.174546
 21   3.942357 1.330634 1.627658 0.000002 -0.000011 -0.000026
 22   -0.246060 -0.011889 0.516521 -0.000011 0.000031 0.000025
 23   3.942374 1.330659 -1.631083 0.000019 0.000002 -0.000024
 24   -0.246150 -0.011872 -0.516511 -0.000005 -0.000006 0.000048
 25   4.941364 1.997338 1.629330 0.000018 -0.000001 -0.000024
 26   4.941382 1.997366 -1.629410 -0.000001 0.000005 -0.000024
 27   2.918368 1.615358 1.514501 -0.000019 -0.000022 -0.000050
 28   2.924704 1.614964 -1.501142 -0.000002 -0.000009 -0.000024
 29   8.824059 0.150544 0.091743 -0.010065 -0.056989 -0.169920
 30   2.111085 -0.561179 1.784320 -0.000008 -0.000682 0.000024
 31   2.121290 -0.561289 -1.853599 0.000000 0.000000 -0.000002
 32   -0.802676 -0.093824 3.127092 0.044066 -3.092712 0.195926
 33   14.298673 -0.408176 0.518454 -0.017394 -0.094868 -0.116030
 34   15.835795 0.581398 0.242756 -0.000811 0.023965 0.068310
 35   -0.831494 -0.091229 -3.114430 0.052734 3.300803 -0.139028
 36   14.294526 -0.410349 -0.455822 -0.025471 -0.121524 -0.946870
 37   15.834409 0.579420 -0.284600 0.119097 -0.050254 0.024782
 38   2.151435 -3.172490 -2.636307 0.047171 -0.352576 0.132882
 39   -4.449929 -1.015790 -0.746180 0.010810 -0.001103 -0.056989
 40   0.102445 -3.731028 3.049784 0.047171 -0.352563 0.132881
 41   -4.437746 -1.098194 0.959566 0.010809 -0.001103 -0.056989
 42   -0.079325 1.658238 -2.899558 -0.062967 -0.055731 0.001004
 43   -0.484375 1.772799 3.185793 0.017954 0.284786 -0.072183
time 70
  0   -0.401123 2.578204 -27.160614 0.000000 0.058410 -1.414701
  1   -1.093036 0.000002 -0.326057 -3.088648 -0.049940 1.521002
  2   2.262337 0.113614 0.064702 0.023066 -0.067269 0.032967
  3   2.380047 0.353302 0.047440 -0.004110 0.246255 0.042117
  4   2.033756 0.190472 -0.000128 -0.006041 0.046177 -0.091621
  5   2.451511 0.204909 -0.003447 -0.044367 0.170501 -0.080451
  6   7.247600 -0.397300 -0.109469 0.003477 -0.000818 0.149448
  7   -2.022252 -0.104661 3.136172 -3.159376 -1.117905 -0.137780
  8   1.168026 -0.537438 -0.063437 0.091928 -0.000588 -0.132024
  9   6.790376 -0.619176 0.015206 -0.311843 -2.221999 0.008602
 10   8.637599 0.544015 -0.090417 1.245145 0.798519 0.092697
 11   6.790465 -0.619039 0.017802 -0.229153 -0.625920 -0.060472
 12   -2.022474 -0.104699 -2.873818 0.289676 1.392420 -2.874219
 13   1.167898 -0.537463 0.063297 0.308661 -1.158746 -0.371835
 14   7.002743 -0.617765 -0.183752 -0.028066 -1.134307 -1.881042
 15   8.209042 0.615527 -0.255885 1.601943 -0.095924 0.099460
 16   7.002735 -0.617911 -0.183641 -0.385884 -0.766672 -0.949472
 17   1.574674 0.609930 -0.000899 0.103947 0.302826 -0.116361
 18   -0.602177 0.511412 -0.000006 0.000000 0.000000 0.000000
 19   3.677679 0.177020 1.119313 -0.000002 -0.000014 -0.174510
 20   3.677673 0.176993 -1.117566 0.000007 -0.000003 -0.174546
 21   3.942357 1.330634 1.627658 0.000002 -0.000011 -0.000026
 22   -0.246060 -0.011889 0.516521 -0.000011 0.000031 0.000025
 23   3.942374 1.330659 -1.631083 0.000019 0.000002 -0.000024
 24   -0.246150 -0.011872 -0.516511 -0.000005 -0.000006 0.000048
 25   4.941364 1.997338 1.629330 0.000018 -0.000001 -0.000024
 26   4.941382 1.997366 -1.629410 -0.000001 0.000005 -0.000024
 27   2.918368 1.623171 1.514501 -0.000019 -0.000022 -0.000050
 28   2.924704 1.614964 -1.501142 -0.000002 -0.000009 -0.000024
 29   8.824059 0.150544 0.091743 -0.009263 -0.052573 -0.170242
 30   2.111085 -0.561179 1.784320 -0.000008 -0.000682 0.000024
 31   2.121290 -0.561289 -1.853599 0.000000 0.000000 -0.000002
 32   -0.802676 -0.093824 3.127092 0.044066 -3.092712 0.195926
 33   14.298673 -0.408176 0.518454 -0.017394 -0.094868 -0.116030
 34   15.835795 0.581398 0.242756 -0.000811 0.023965 0.068310
 35   -0.831494 -0.091229 -3.114430 0.052734 3.300803 -0.139028
 36   14.294526 -0.410349 -0.455822 -0.025423 -0.121596 -0.948260
 37   15.834409 0.579420 -0.284600 0.118309 -0.050074 0.027570
 38   2.151435 -3.172490 -2.636307 0.047171 -0.352576 0.132882
 39   -4.449929 -1.023603 -0.746180 0.009971 -0.001019 -0.052530
 40   0.102445 -3.731028 3.049784 0.047171 -0.352563 0.132881
 41   -4.437746 -1.090381 0.959566 0.009970 -0.001019 -0.052530
 42   -0.075419 1.658238 -2.911277 -0.063782 -0.060254 0.001882
 43   -0.484375 1.772799 3.185793 0.018654 0.288960 -0.072392
time 71
  0   -0.401123 2.578204 -27.160614 0.000000 0.058410 -1.414701
  1   -1.093036 0.000002 -0.326057 -3.088648 -0.049940 1.521002
  2   2.262337 0.113614 0.064702 0.023066 -0.067269 0.032967
  3   2.380047 0.353302 0.047440 -0.004095 0.246303 0.042464
  4   2.033756 0.190472 -0.000128 -0.006170 0.046237 -0.091150
  5   2.451511 0.204909 -0.003447 -0.043819 0.170331 -0.082234
  6   7.247600 -0.397300 -0.109469 0.003177 -0.000734 0.150082
  7   -2.022252 -0.104661 3.136172 -3.159376 -1.117905 -0.137780
  8   1.168026 -0.537438 -0.063437 0.091928 -0.000588 -0.132024
  9   6.790376 -0.619176 0.015206 -0.311843 -2.222133 0.008602
 10   8.637599 0.544015 -0.090417 1.245145 0.798519 0.092697
 11   6.790465 -0.619039 0.017802 -0.229153 -0.625920 -0.060472
 12   -2.022474 -0.104699 -2.873818 0.289676 1.392420 -2.874219
 13   1.167898 -0.537463 0.063297 0.308661 -1.158746 -0.371835
 14   7.002743 -0.617765 -0.183752 -0.025789 -1.133910 -1.883187
 15   8.209042 0.615527 -0.255885 1.602375 -0.095091 0.093146
 16   7.002735 -0.617911 -0.183641 -0.384566 -0.767236 -0.950465
 17   1.574674 0.609930 -0.000899 0.103947 0.302826 -0.116361
 18   -0.602177 0.511412 -0.000006 0.000000 0.000000 0.000000
 19   3.673773 0.177020 1.119313 -0.000002 -0.000014 -0.174510
 20   3.677673 0.176993 -1.117566 0.000007 -0.000003 -0.174546
 21   3.942357 1.330634 1.627658 0.000002 -0.000011 -0.000026
 22   -0.246060 -0.011889 0.516521 -0.000011 0.000031 0.000025
 23   3.942374 1.330659 -1.631083 0.000019 0.000002 -0.000024
 24   -0.246150 -0.011872 -0.516511 -0.000005 -0.000006 0.000048
 25   4.941364 1.997338 1.629330 0.000018 -0.000001 -0.000024
 26   4.941382 1.997366 -1.629410 -0.000001 0.000005 -0.000024
 27   2.918368 1.623171 1.514501 -0.000019 -0.000022 -0.000050
 28   2.924704 1.614964 -1.501142 -0.000002 -0.000009 -0.000024
 29   8.824059 0.150544 0.091743 -0.008550 -0.048206 -0.170671
 30   2.111085 -0.561179 1.784320 -0.000008 -0.000682 0.000024
 31   2.121290 -0.561289 -1.853599 0.000000 0.000000 -0.000002
 32   -0.802676 -0.093824 3.127092 0.044066 -3.092712 0.195926
 33   14.298673 -0.408176 0.518454 -0.017394 -0.094868 -0.116030
 34   15.835795 0.581398 0.242756 -0.000811 0.023965 0.068310
 35   -0.831494 -0.091229 -3.114430 0.052734 3.300803 -0.139028
 36   14.294526 -0.410349 -0.455822 -0.025387 -0.121680 -0.949728
 37   15.834409 0.579420 -0.284600 0.117501 -0.049946 0.030409
 38   2.151435 -3.172490 -2.636307 0.047171 -0.352576 0.132882
 39   -4.449929 -1.023603 -0.746180 0.009132 -0.000935 -0.048155
 40   0.102445 -3.731028 3.049784 0.047171 -0.352563 0.132881
 41   -4.437746 -1.090381 0.959566 0.009131 -0.000935 -0.048155
 42   -0.075419 1.654332 -2.922996 -0.064585 -0.064731 0.002718
 43   -0.484375 1.772799 3.185793 0.019316 0.293071 -0.072643
time 72
  0   -0.401123 2.578204 -27.160614 0.000000 0.058410 -1.414701
  1   -1.093036 0.000002 -0.326057 -3.088648 -0.049940 1.521002
  2   2.262337 0.113614 0.064702 0.023066 -0.067269 0.032967
  3   2.380047 0.353302 0.047440 -0.004095 0.246339 0.042770
  4   2.033756 0.190472 -0.000128 -0.006262 0.046297 -0.090606
  5   2.451511 0.204909 -0.003447 -0.043306 0.170174 -0.083918
  6   7.247600 -0.397300 -0.109469 0.002889 -0.000662 0.150716
  7   -2.022252 -0.104661 3.136172 -3.159376 -1.117905 -0.137780
  8   1.168026 -0.537438 -0.063437 0.091928 -0.000588 -0.132024
  9   6.790376 -0.619176 0.015206 -0.311843 -2.222133 0.008602
 10   8.637599 0.544015 -0.090417 1.245145 0.798519 0.092697
 11   6.790465 -0.619039 0.017802 -0.229153 -0.625920 -0.060472
 12   -2.022474 -0.104699 -2.873818 0.289676 1.392420 -2.874219
 13   1.167898 -0.537463 0.063297 0.308661 -1.158746 -0.371835
 14   7.002743 -0.617765 -0.183752 -0.023512 -1.133456 -1.885332
 15   8.209042 0.615527 -0.255885 1.602590 -0.094335 0.086952
 16   7.002735 -0.617911 -0.183641 -0.383248 -0.767687 -0.951514
 17   1.574674 0.609930 -0.000899 0.103947 0.302826 -0.116361
 18   -0.602177 0.511412 -0.000006 0.000000 0.000000 0.000000
 19   3.677679 0.177020 1.119313 -0.000002 -0.000014 -0.174510
 20   3.677673 0.176993 -1.117566 0.000007 -0.000003 -0.174546
 21   3.942357 1.330634 1.627658 0.000002 -0.000011 -0.000026
 22   -0.246060 -0.011889 0.516521 -0.000011 0.000031 0.000025
 23   3.942374 1.330659 -1.631083 0.000019 0.000002 -0.000024
 24   -0.246150 -0.011872 -0.516511 -0.000005 -0.000006 0.000048
 25   4.941364 1.997338 1.629330 0.000018 -0.000001 -0.000024
 26   4.941382 1.997366 -1.629410 -0.000001 0.000005 -0.000024
 27   2.918368 1.623171 1.514501 -0.000019 -0.000022 -0.000050
 28   2.924704 1.614964 -1.501142 -0.000002 -0.000009 -0.000024
 29   8.824059 0.150544 0.091743 -0.007747 -0.043933 -0.170993
 30   2.111085 -0.561179 1.784320 -0.000008 -0.000682 0.000024
 31   2.121290 -0.561289 -1.853599 0.000000 0.000000 -0.000002
 32   -0.802676 -0.093824 3.127092 0.044066 -3.092712 0.195926
 33   14.298673 -0.408176 0.518454 -0.017394 -0.094868 -0.116030
 34   15.835795 0.581398 0.242756 -0.000811 0.023965 0.068310
 35   -0.831494 -0.091229 -3.114430 0.052734 3.300803 -0.139028
 36   14.294526 -0.410349 -0.455822 -0.025339 -0.121764 -0.951041
 37   15.834409 0.579420 -0.284600 0.116713 -0.049819 0.033147
 38   2.151435 -3.172490 -2.636307 0.047171 -0.352576 0.132882
 39   -4.457742 -1.023603 -0.746180 0.008317 -0.000851 -0.043836
 40   0.102445 -3.731028 3.049784 0.047171 -0.352563 0.132881
 41   -4.433840 -1.090381 0.959566 0.008316 -0.000851 -0.043836
 42   -0.075419 1.654332 -2.930809 -0.065364 -0.069116 0.003638
 43   -0.484375 1.772799 3.185793 0.019991 0.297135 -0.072852
time 73
  0   -0.401123 2.578204 -27.160614 0.000000 0.058410 -1.414701
  1   -1.093036 0.000002 -0.326057 -3.088648 -0.049940 1.521002
  2   2.262337 0.113614 0.064702 0.023066 -0.067269 0.032967
  3   2.380047 0.353302 0.047440 -0.004080 0.246387 0.043076
  4   2.033756 0.190472 -0.000128 -0.006410 0.046345 -0.090135
  5   2.451511 0.204909 -0.003447 -0.042775 0.170031 -0.085602
  6   7.247600 -0.397300 -0.109469 0.002614 -0.000590 0.151317
  7   -2.022252 -0.104661 3.136172 -3.159376 -1.117905 -0.137780
  8   1.168026 -0.537438 -0.063437 0.091928 -0.000588 -0.132024
  9   6.790376 -0.619176 0.015206 -0.311843 -2.222133 0.008602
 10   8.637599 0.544015 -0.090417 1.245145 0.798519 0.092697
 11   6.790465 -0.619039 0.017802 -0.229153 -0.625920 -0.060472
 12   -2.022474 -0.104699 -2.873818 0.289676 1.392420 -2.874219
 13   1.167898 -0.537463 0.063297 0.308661 -1.158746 -0.371835
 14   7.002743 -0.617765 -0.183752 -0.021177 -1.132945 -1.887642
 15   8.209042 0.615527 -0.255885 1.603022 -0.093503 0.080878
 16   7.002735 -0.617911 -0.183641 -0.381977 -0.768251 -0.952563
 17   1.574674 0.609930 -0.000899 0.103947 0.302826 -0.116361
 18   -0.602177 0.511412 -0.000006 0.000000 0.000000 0.000000
 19   3.677679 0.177020 1.119313 -0.000002 -0.000014 -0.174510
 20   3.677673 0.176993 -1.117566 0.000007 -0.000003 -0.174546
 21   3.942357 1.330634 1.627658 0.000002 -0.000011 -0.000026
 22   -0.246060 -0.011889 0.516521 -0.000011 0.000031 0.000025
 23   3.942374 1.330659 -1.631083 0.000019 0.000002 -0.000024
 24   -0.246150 -0.011872 -0.516511 -0.000005 -0.000006 0.000048
 25   4.941364 1.997338 1.629330 0.000018 -0.000001 -0.000024
 26   4.941382 1.997366 -1.629410 -0.000001 0.000005 -0.000024
 27   2.918368 1.615358 1.514501 -0.000019 -0.000022 -0.000050
 28   2.920798 1.614964 -1.501142 -0.000002 -0.000009 -0.000024
 29   8.824059 0.150544 0.091743 -0.007035 -0.039707 -0.171315
 30   2.111085 -0.561179 1.784320 -0.000008 -0.000682 0.000024
 31   2.121290 -0.561289 -1.853599 0.000000 0.000000 -0.000002
 32   -0.802676 -0.093824 3.127092 0.044066 -3.092712 0.195926
 33   14.298673 -0.408176 0.518454 -0.017394 -0.094868 -0.116030
 34   15.835795 0.581398 0.242756 -0.000811 0.023965 0.068310
 35   -0.831494 -0.091229 -3.114430 0.052734 3.300803 -0.139028
 36   14.294526 -0.410349 -0.455822 -0.025303 -0.121824 -0.952354
 37   15.834409 0.579420 -0.284600 0.115964 -0.049691 0.035885
 38   2.151435 -3.172490 -2.636307 0.047171 -0.352576 0.132882
 39   -4.457742 -1.027509 -0.746180 0.007514 -0.000755 -0.039629
 40   0.102445 -3.731028 3.049784 0.047171 -0.352563 0.132881
 41   -4.433840 -1.086475 0.959566 0.007513 -0.000755 -0.039629
 42   -0.075419 1.646519 -2.942528 -0.066143 -0.073440 0.004475
 43   -0.484375 1.772799 3.185793 0.020628 0.301105 -0.073061
time 74
  0   -0.401123 2.578204 -27.160614 0.000000 0.058410 -1.414701
  1   -1.093036 0.000002 -0.326057 -3.088648 -0.049940 1.521002
  2   2.262337 0.113614 0.064702 0.023066 -0.067269 0.032967
  3   2.380047 0.353302 0.047440 -0.004080 0.246423 0.043382
  4   2.033756 0.190472 -0.000128 -0.006502 0.046392 -0.089664
  5   2.451511 0.204909 -0.003447 -0.042296 0.169861 -0.087211
  6   7.247600 -0.397300 -0.109469 0.002350 -0.000530 0.151888
  7   -2.022252 -0.104661 3.136172 -3.159376 -1.117905 -0.137780
  8   1.168026 -0.537438 -0.063437 0.091928 -0.000588 -0.132024
  9   6.790376 -0.619176 0.015206 -0.311843 -2.222133 0.008602
 10   8.637599 0.544015 -0.090417 1.245145 0.798519 0.092697
 11   6.790465 -0.619039 0.017802 -0.229153 -0.625920 -0.060472
 12   -2.022474 -0.104699 -2.873818 0.289676 1.392420 -2.874219
 13   1.167898 -0.537463 0.063297 0.308661 -1.158746 -0.371835
 14   7.002743 -0.617765 -0.183752 -0.019071 -1.132547 -1.889705
 15   8.209042 0.615527 -0.255885 1.603310 -0.092746 0.074864
 16   7.002735 -0.617911 -0.183641 -0.380706 -0.768646 -0.953501
 17   1.574674 0.609930 -0.000899 0.103947 0.302826 -0.116361
 18   -0.602177 0.511412 -0.000006 0.000000 0.000000 0.000000
 19   3.673773 0.177020 1.119313 -0.000002 -0.000014 -0.174510
 20   3.677673 0.176993 -1.117566 0.000007 -0.000003 -0.174546
 21   3.942357 1.330634 1.627658 0.000002 -0.000011 -0.000026
 22   -0.246060 -0.011889 0.516521 -0.000011 0.000031 0.000025
 23   3.942374 1.330659 -1.631083 0.000019 0.000002 -0.000024
 24   -0.246150 -0.011872 -0.516511 -0.000005 -0.000006 0.000048
 25   4.941364 1.997338 1.629330 0.000018 -0.000001 -0.000024
 26   4.941382 1.997366 -1.629410 -0.000001 0.000005 -0.000024
 27   2.918368 1.615358 1.514501 -0.000019 -0.000022 -0.000050
 28   2.924704 1.614964 -1.501142 -0.000002 -0.000009 -0.000024
 29   8.824059 0.150544 0.091743 -0.006232 -0.035624 -0.171691
 30   2.111085 -0.561179 1.784320 -0.000008 -0.000682 0.000024
 31   2.121290 -0.561289 -1.853599 0.000000 0.000000 -0.000002
 32   -0.802676 -0.093824 3.127092 0.044066 -3.092712 0.195926
 33   14.298673 -0.408176 0.518454 -0.017394 -0.094868 -0.116030
 34   15.835795 0.581398 0.242756 -0.000811 0.023965 0.068310
 35   -0.831494 -0.091229 -3.114430 0.052734 3.300803 -0.139028
 36   14.294526 -0.410349 -0.455822 -0.025267 -0.121907 -0.953667
 37   15.834409 0.579420 -0.284600 0.115196 -0.049563 0.038572
 38   2.151435 -3.172490 -2.636307 0.047171 -0.352576 0.132882
 39   -4.457742 -1.035322 -0.746180 0.006735 -0.000671 -0.035534
 40   0.102445 -3.731028 3.049784 0.047171 -0.352563 0.132881
 41   -4.433840 -1.078662 0.959566 0.006734 -0.000671 -0.035534
 42   -0.075419 1.646519 -2.954247 -0.066886 -0.077595 0.005269
 43   -0.484375 1.772799 3.185793 0.021265 0.304933 -0.073229
time 75
  0   -0.401123 2.578204 -27.160614 0.000000 0.058410 -1.414701
  1   -1.093036 0.000002 -0.326057 -3.088648 -0.049940 1.521002
  2   2.262337 0.113614 0.064702 0.023066 -0.067269 0.032967
  3   2.380047 0.353302 0.047440 -0.004065 0.246483 0.043709
  4   2.033756 0.190472 -0.000128 -0.006631 0.046452 -0.089156
  5   2.451511 0.204909 -0.003447 -0.041799 0.169731 -0.088796
  6   7.247600 -0.397300 -0.109469 0.002074 -0.000458 0.152394
  7   -2.022252 -0.104661 3.136172 -3.159376 -1.117905 -0.137780
  8   1.168026 -0.537438 -0.063437 0.091928 -0.000588 -0.132024
  9   6.790376 -0.619176 0.015206 -0.311843 -2.222133 0.008602
 10   8.637599 0.544015 -0.090417 1.245057 0.798519 0.092697
 11   6.790465 -0.619039 0.017802 -0.229153 -0.625920 -0.060472
 12   -2.022474 -0.104699 -2.873818 0.289676 1.392420 -2.874219
 13   1.167898 -0.537463 0.063297 0.308661 -1.158746 -0.371835
 14   7.002743 -0.617765 -0.183752 -0.016907 -1.132150 -1.891685
 15   8.209042 0.615527 -0.255885 1.603453 -0.091914 0.069151
 16   7.002735 -0.617911 -0.183641 -0.379482 -0.769097 -0.954384
 17   1.574674 0.609930 -0.000899 0.103947 0.302826 -0.116361
 18   -0.602177 0.511412 -0.000006 0.000000 0.000000 0.000000
 19   3.677679 0.177020 1.119313 -0.000002 -0.000014 -0.174510
 20   3.677673 0.176993 -1.117566 0.000007 -0.000003 -0.174546
 21   3.942357 1.330634 1.627658 0.000002 -0.000011 -0.000026
 22   -0.246060 -0.011889 0.516521 -0.000011 0.000031 0.000025
 23   3.942374 1.330659 -1.631083 0.000019 0.000002 -0.000024
 24   -0.246150 -0.011872 -0.516511 -0.000005 -0.000006 0.000048
 25   4.941364 1.997338 1.629330 0.000018 -0.000001 -0.000024
 26   4.941382 1.997366 -1.629410 -0.000001 0.000005 -0.000024
 27   2.918368 1.615358 1.514501 -0.000019 -0.000022 -0.000050
 28   2.924704 1.614964 -1.501142 -0.000002 -0.000009 -0.000024
 29   8.824059 0.150544 0.091743 -0.005519 -0.031684 -0.172013
 30   2.111085 -0.561179 1.784320 -0.000008 -0.000682 0.000024
 31   2.121290 -0.561289 -1.853599 0.000000 0.000000 -0.000002
 32   -0.802676 -0.093824 3.127092 0.044066 -3.092712 0.195926
 33   14.298673 -0.408176 0.518454 -0.017394 -0.094868 -0.116030
 34   15.835795 0.581398 0.242756 -0.000811 0.023965 0.068310
 35   -0.831494 -0.091229 -3.114430 0.052734 3.300803 -0.139028
 36   14.294526 -0.410349 -0.455822 -0.025219 -0.121979 -0.955058
 37   15.834409 0.579420 -0.284600 0.114467 -0.049435 0.041158
 38   2.151435 -3.172490 -2.636307 0.047171 -0.352576 0.132882
 39   -4.457742 -1.035322 -0.746180 0.005980 -0.000599 -0.031551
 40   0.102445 -3.731028 3.049784 0.047171 -0.352563 0.132881
 41   -4.433840 -1.078662 0.959566 0.005979 -0.000599 -0.031551
 42   -0.075419 1.646519 -2.962060 -0.067605 -0.081658 0.006106
 43   -0.484375 1.772799 3.185793 0.021890 0.308684 -0.073438
time 76
  0   -0.401123 2.578204 -27.160614 0.000000 0.058410 -1.414701
  1   -1.093036 0.000002 -0.326057 -3.088648 -0.049940 1.521002
  2   2.262337 0.113614 0.064702 0.023066 -0.067269 0.032967
  3   2.380047 0.353302 0.047440 -0.004050 0.246519 0.043974
  4   2.033756 0.190472 -0.000128 -0.006705 0.046500 -0.088721
  5   2.451511 0.204909 -0.003447 -0.041320 0.169587 -0.090332
  6   7.247600 -0.397300 -0.109469 0.001835 -0.000398 0.152965
  7   -2.022252 -0.104661 3.136172 -3.159376 -1.117905 -0.137780
  8   1.168026 -0.537438 -0.063437 0.091928 -0.000588 -0.132024
  9   6.790376 -0.619176 0.015206 -0.311843 -2.222133 0.008602
 10   8.637599 0.544015 -0.090417 1.245145 0.798519 0.092697
 11   6.790465 -0.619039 0.017802 -0.229153 -0.625920 -0.060472
 12   -2.022474 -0.104699 -2.873818 0.289676 1.392420 -2.874219
 13   1.167898 -0.537463 0.063297 0.308661 -1.158746 -0.371835
 14   7.002743 -0.617765 -0.183752 -0.014915 -1.131752 -1.893665
 15   8.209042 0.615527 -0.255885 1.603813 -0.091233 0.063679
 16   7.002735 -0.617911 -0.183641 -0.378352 -0.769548 -0.955322
 17   1.574674 0.609930 -0.000899 0.103947 0.302826 -0.116361
 18   -0.602177 0.511412 -0.000006 0.000000 0.000000 0.000000
 19   3.673773 0.177020 1.119313 -0.000002 -0.000014 -0.174510
 20   3.677673 0.176993 -1.117566 0.000007 -0.000003 -0.174546
 21   3.942357 1.330634 1.627658 0.000002 -0.000011 -0.000026
 22   -0.246060 -0.011889 0.516521 -0.000011 0.000031 0.000025
 23   3.942374 1.330659 -1.631083 0.000019 0.000002 -0.000024
 24   -0.246150 -0.011872 -0.516511 -0.000005 -0.000006 0.000048
 25   4.941364 1.997338 1.629330 0.000018 -0.000001 -0.000024
 26   4.941382 1.997366 -1.629410 -0.000001 0.000005 -0.000024
 27   2.918368 1.615358 1.514501 -0.000019 -0.000022 -0.000050
 28   2.924704 1.614964 -1.501142 -0.000002 -0.000009 -0.000024
 29   8.824059 0.150544 0.091743 -0.004896 -0.027838 -0.172334
 30   2.111085 -0.561179 1.784320 -0.000008 -0.000682 0.000024
 31   2.121290 -0.561289 -1.853599 0.000000 0.000000 -0.000002
 32   -0.802676 -0.093824 3.127092 0.044066 -3.092712 0.195926
 33   14.298673 -0.408176 0.518454 -0.017394 -0.094868 -0.116030
 34   15.835795 0.581398 0.242756 -0.000811 0.023965 0.068310
 35   -0.831494 -0.091229 -3.114430 0.052734 3.300803 -0.139028
 36   14.294526 -0.410349 -0.455822 -0.025183 -0.122051 -0.956216
 37   15.834409 0.579420 -0.284600 0.113797 -0.049307 0.043541
 38   2.151435 -3.172490 -2.636307 0.047171 -0.352576 0.132882
 39   -4.457742 -1.035322 -0.746180 0.005249 -0.000527 -0.027737
 40   0.102445 -3.731028 3.049784 0.047171 -0.352563 0.132881
 41   -4.433840 -1.078662 0.959566 0.005248 -0.000527 -0.027737
 42   -0.075419 1.646519 -2.973779 -0.068300 -0.085568 0.006859
 43   -0.484375 1.772799 3.185793 0.022477 0.312261 -0.073605
time 77
  0   -0.401123 2.578204 -27.160614 0.000000 0.058410 -1.414701
  1   -1.093036 0.000002 -0.326057 -3.088648 -0.049940 1.521002
  2   2.262337 0.113614 0.064702 0.023066 -0.067269 0.032967
  3   2.380047 0.353302 0.047440 -0.004050 0.246555 0.044239
  4   2.033756 0.190472 -0.000128 -0.006834 0.046548 -0.088323
  5   2.451511 0.204909 -0.003447 -0.040875 0.169443 -0.091768
  6   7.247600 -0.397300 -0.109469 0.001583 -0.000351 0.153471
  7   -2.022252 -0.104661 3.136172 -3.159376 -1.117905 -0.137780
  8   1.168026 -0.537438 -0.063437 0.091928 -0.000588 -0.132024
  9   6.790376 -0.619176 0.015206 -0.311843 -2.222133 0.008602
 10   8.637599 0.544015 -0.090417 1.245145 0.798519 0.092697
 11   6.790465 -0.619039 0.017802 -0.229153 -0.625920 -0.060472
 12   -2.022474 -0.104699 -2.873818 0.289676 1.392420 -2.874219
 13   1.167898 -0.537463 0.063297 0.308661 -1.158746 -0.371835
 14   7.002743 -0.617765 -0.183752 -0.012922 -1.131355 -1.895563
 15   8.209042 0.615527 -0.255885 1.604028 -0.090400 0.058326
 16   7.002735 -0.617911 -0.183641 -0.377222 -0.769999 -0.956150
 17   1.574674 0.609930 -0.000899 0.103947 0.302826 -0.116361
 18   -0.602177 0.511412 -0.000006 0.000000 0.000000 0.000000
 19   3.677679 0.177020 1.119313 -0.000002 -0.000014 -0.174510
 20   3.677673 0.176993 -1.117566 0.000007 -0.000003 -0.174546
 21   3.942357 1.330634 1.627658 0.000002 -0.000011 -0.000026
 22   -0.246060 -0.011889 0.516521 -0.000011 0.000031 0.000025
 23   3.942374 1.330659 -1.631083 0.000019 0.000002 -0.000024
 24   -0.246150 -0.011872 -0.516511 -0.000005 -0.000006 0.000048
 25   4.941364 1.997338 1.629330 0.000018 -0.000001 -0.000024
 26   4.941382 1.997366 -1.629410 -0.000001 0.000005 -0.000024
 27   2.918368 1.615358 1.514501 -0.000019 -0.000022 -0.000050
 28   2.924704 1.614964 -1.501142 -0.000002 -0.000009 -0.000024
 29   8.824059 0.150544 0.091743 -0.004272 -0.024206 -0.172656
 30   2.111085 -0.561179 1.784320 -0.000008 -0.000682 0.000024
 31   2.121290 -0.561289 -1.853599 0.000000 0.000000 -0.000002
 32   -0.802676 -0.093824 3.127092 0.044066 -3.092712 0.195926
 33   14.298673 -0.408176 0.518454 -0.017394 -0.094868 -0.116030
 34   15.835795 0.581398 0.242756 -0.000811 0.023965 0.068310
 35   -0.831494 -0.091229 -3.114430 0.052734 3.300803 -0.139028
 36   14.294526 -0.410349 -0.455822 -0.025135 -0.122111 -0.957375
 37   15.834409 0.579420 -0.284600 0.113127 -0.049179 0.045924
 38   2.151435 -3.172490 -2.636307 0.047171 -0.352576 0.132882
 39   -4.457742 -1.043135 -0.746180 0.004554 -0.000455 -0.024063
 40   0.102445 -3.731028 3.049784 0.047171 -0.352563 0.132881
 41   -4.433840 -1.070849 0.959566 0.004553 -0.000455 -0.024063
 42   -0.075419 1.638706 -2.981592 -0.068959 -0.089278 0.007611
 43   -0.484375 1.772799 3.185793 0.023027 0.315698 -0.073814
time 78
  0   -0.401123 2.578204 -27.160614 0.000000 0.058410 -1.414701
  1   -1.093036 0.000002 -0.326057 -3.088648 -0.049940 1.521002
  2   2.262337 0.113614 0.064702 0.023066 -0.067269 0.032967
  3   2.380047 0.353302 0.047440 -0.004035 0.246591 0.044525
  4   2.033756 0.190472 -0.000128 -0.006926 0.046596 -0.087888
  5   2.451511 0.204909 -0.003447 -0.040447 0.169326 -0.093130
  6   7.247600 -0.397300 -0.109469 0.001343 -0.000291 0.153946
  7   -2.022252 -0.104661 3.136172 -3.159376 -1.117905 -0.137780
  8   1.168026 -0.537438 -0.063437 0.091928 -0.000588 -0.132024
  9   6.790376 -0.619176 0.015206 -0.311843 -2.222133 0.008602
 10   8.637599 0.544015 -0.090417 1.245145 0.798519 0.092697
 11   6.790465 -0.619039 0.017802 -0.229153 -0.625920 -0.060472
 12   -2.022474 -0.104699 -2.873818 0.289676 1.392420 -2.874219
 13   1.167898 -0.537463 0.063297 0.308661 -1.158746 -0.371835
 14   7.002743 -0.617765 -0.183752 -0.011043 -1.130957 -1.897213
 15   8.209042 0.615527 -0.255885 1.604172 -0.089720 0.053335
 16   7.002735 -0.617911 -0.183641 -0.376139 -0.770394 -0.956978
 17   1.574674 0.609930 -0.000899 0.103947 0.302826 -0.116361
 18   -0.602177 0.511412 -0.000006 0.000000 0.000000 0.000000
 19   3.677679 0.177020 1.119313 -0.000002 -0.000014 -0.174510
 20   3.677673 0.176993 -1.117566 0.000007 -0.000003 -0.174546
 21   3.942357 1.330634 1.627658 0.000002 -0.000011 -0.000026
 22   -0.246060 -0.011889 0.516521 -0.000011 0.000031 0.000025
 23   3.942374 1.330659 -1.631083 0.000019 0.000002 -0.000024
 24   -0.246150 -0.011872 -0.516511 -0.000005 -0.000006 0.000048
 25   4.941364 1.997338 1.629330 0.000018 -0.000001 -0.000024
 26   4.941382 1.997366 -1.629410 -0.000001 0.000005 -0.000024
 27   2.918368 1.615358 1.514501 -0.000019 -0.000022 -0.000050
 28   2.924704 1.614964 -1.501142 -0.000002 -0.000009 -0.000024
 29   8.824059 0.150544 0.091743 -0.003648 -0.020741 -0.172925
 30   2.111085 -0.561179 1.784320 -0.000008 -0.000682 0.000024
 31   2.121290 -0.561289 -1.853599 0.000000 0.000000 -0.000002
 32   -0.802676 -0.093824 3.127092 0.044066 -3.092712 0.195926
 33   14.298673 -0.408176 0.518454 -0.017394 -0.094868 -0.116030
 34   15.835795 0.581398 0.242756 -0.000811 0.023965 0.068310
 35   -0.831494 -0.091229 -3.114430 0.052734 3.300803 -0.139028
 36   14.294526 -0.410349 -0.455822 -0.025099 -0.122183 -0.958611
 37   15.834409 0.579420 -0.284600 0.112477 -0.049102 0.048155
 38   2.151435 -3.172490 -2.636307 0.047171 -0.352576 0.132882
 39   -4.457742 -1.047041 -0.746180 0.003907 -0.000384 -0.020586
 40   0.102445 -3.731028 3.049784 0.047171 -0.352563 0.132881
 41   -4.433840 -1.066943 0.959566 0.003906 -0.000384 -0.020586
 42   -0.075419 1.638706 -2.985498 -0.069607 -0.092820 0.008322
 43   -0.484375 1.772799 3.185793 0.023564 0.318962 -0.073982
time 79
  0   -0.401123 2.578204 -27.160614 0.000000 0.058410 -1.414701
  1   -1.093036 0.000002 -0.326057 -3.088648 -0.049940 1.521002
  2   2.262337 0.113614 0.064702 0.023066 -0.067269 0.032967
  3   2.380047 0.353302 0.047440 -0.004035 0.246615 0.044729
  4   2.033756 0.190472 -0.000128 -0.007000 0.046644 -0.087489
  5   2.451511 0.204909 -0.003447 -0.040071 0.169195 -0.094468
  6   7.247600 -0.397300 -0.109469 0.001140 -0.000243 0.154453
  7   -2.022252 -0.104661 3.136172 -3.159376 -1.117905 -0.137780
  8   1.168026 -0.537438 -0.063437 0.091928 -0.000588 -0.132024
  9   6.790376 -0.619176 0.015206 -0.311843 -2.222133 0.008602
 10   8.637599 0.544015 -0.090417 1.245145 0.798519 0.092697
 11   6.790465 -0.619039 0.017802 -0.229153 -0.625920 -0.060472
 12   -2.022474 -0.104699 -2.873818 0.289676 1.392420 -2.874219
 13   1.167898 -0.537463 0.063297 0.308661 -1.158746 -0.371835
 14   7.002743 -0.617765 -0.183752 -0.009278 -1.130560 -1.898863
 15   8.209042 0.615527 -0.255885 1.604388 -0.089039 0.048584
 16   7.002735 -0.617911 -0.183641 -0.375151 -0.770732 -0.957861
 17   1.574674 0.609930 -0.000899 0.103947 0.302826 -0.116361
 18   -0.602177 0.511412 -0.000006 0.000000 0.000000 0.000000
 19   3.677679 0.177020 1.119313 -0.000002 -0.000014 -0.174510
 20   3.677673 0.176993 -1.117566 0.000007 -0.000003 -0.174546
 21   3.942357 1.330634 1.627658 0.000002 -0.000011 -0.000026
 22   -0.246060 -0.011889 0.516521 -0.000011 0.000031 0.000025
 23   3.942374 1.330659 -1.631083 0.000019 0.000002 -0.000024
 24   -0.246150 -0.011872 -0.516511 -0.000005 -0.000006 0.000048
 25   4.941364 1.997338 1.629330 0.000018 -0.000001 -0.000024
 26   4.941382 1.997366 -1.629410 -0.000001 0.000005 -0.000024
 27   2.918368 1.615358 1.514501 -0.000019 -0.000022 -0.000050
 28   2.924704 1.614964 -1.501142 -0.000002 -0.000009 -0.000024
 29   8.824059 0.150544 0.091743 -0.002935 -0.017489 -0.173139
 30   2.111085 -0.561179 1.784320 -0.000008 -0.000682 0.000024
 31   2.121290 -0.561289 -1.853599 0.000000 0.000000 -0.000002
 32   -0.802676 -0.093824 3.127092 0.044066 -3.092712 0.195926
 33   14.298673 -0.408176 0.518454 -0.017394 -0.094868 -0.116030
 34   15.835795 0.581398 0.242756 -0.000811 0.023965 0.068310
 35   -0.831494 -0.091229 -3.114430 0.052734 3.300803 -0.139028
 36   14.294526 -0.410349 -0.455822 -0.025075 -0.122255 -0.959615
 37   15.834409 0.579420 -0.284600 0.111886 -0.048974 0.050285
 38   2.151435 -3.172490 -2.636307 0.047171 -0.352576 0.132882
 39   -4.457742 -1.047041 -0.746180 0.003296 -0.000336 -0.017332
 40   0.102445 -3.731028 3.049784 0.047171 -0.352563 0.132881
 41   -4.433840 -1.066943 0.959566 0.003295 -0.000336 -0.017332
 42   -0.075419 1.638706 -2.993311 -0.070206 -0.096147 0.008950
 43   -0.484375 1.772799 3.185793 0.024089 0.322053 -0.074149
time 80
  0   -0.401123 2.578204 -27.160614 0.000000 0.058410 -1.414701
  1   -1.093036 0.000002 -0.326057 -3.088648 -0.049940 1.521002
  2   2.262337 0.113614 0.064702 0.023066 -0.067269 0.032967
  3   2.380047 0.353302 0.047440 -0.004020 0.246651 0.044974
  4   2.033756 0.190472 -0.000128 -0.007092 0.046680 -0.087163
  5   2.451511 0.204909 -0.003447 -0.039694 0.169104 -0.095656
  6   7.247600 -0.397300 -0.109469 0.000936 -0.000195 0.154833
  7   -2.022252 -0.104661 3.136172 -3.159376 -1.117905 -0.137780
  8   1.168026 -0.537438 -0.063437 0.091928 -0.000588 -0.132024
  9   6.790376 -0.619176 0.015206 -0.311843 -2.222133 0.008602
 10   8.637599 0.544015 -0.090417 1.245145 0.798519 0.092697
 11   6.790465 -0.619039 0.017802 -0.229153 -0.625920 -0.060472
 12   -2.022474 -0.104699 -2.873818 0.289676 1.392420 -2.874219
 13   1.167898 -0.537463 0.063297 0.308661 -1.158746 -0.371835
 14   7.002743 -0.617765 -0.183752 -0.007684 -1.130276 -1.900513
 15   8.209042 0.615527 -0.255885 1.604676 -0.088509 0.044194
 16   7.002735 -0.617911 -0.183641 -0.374256 -0.771127 -0.958579
 17   1.574674 0.609930 -0.000899 0.103947 0.302826 -0.116361
 18   -0.602177 0.511412 -0.000006 0.000000 0.000000 0.000000
 19   3.677679 0.177020 1.119313 -0.000002 -0.000014 -0.174510
 20   3.677673 0.176993 -1.117566 0.000007 -0.000003 -0.174546
 21   3.942357 1.330634 1.627658 0.000002 -0.000011 -0.000026
 22   -0.246060 -0.011889 0.516521 -0.000011 0.000031 0.000025
 23   3.942374 1.330659 -1.631083 0.000019 0.000002 -0.000024
 24   -0.246150 -0.011872 -0.516511 -0.000005 -0.000006 0.000048
 25   4.941364 1.997338 1.629330 0.000018 -0.000001 -0.000024
 26   4.941382 1.997366 -1.629410 -0.000001 0.000005 -0.000024
 27   2.918368 1.615358 1.514501 -0.000019 -0.000022 -0.000050
 28   2.924704 1.614964 -1.501142 -0.000002 -0.000009 -0.000024
 29   8.824059 0.150544 0.091743 -0.002400 -0.014474 -0.173407
 30   2.111085 -0.561179 1.784320 -0.000008 -0.000682 0.000024
 31   2.121290 -0.561289 -1.853599 0.000000 0.000000 -0.000002
 32   -0.802676 -0.093824 3.127092 0.044066 -3.092712 0.195926
 33   14.298673 -0.408176 0.518454 -0.017394 -0.094868 -0.116030
 34   15.835795 0.581398 0.242756 -0.000811 0.023965 0.068310
 35   -0.831494 -0.091229 -3.114430 0.052734 3.300803 -0.139028
 36   14.294526 -0.410349 -0.455822 -0.025039 -0.122303 -0.960542
 37   15.834409 0.579420 -0.284600 0.111354 -0.048871 0.052211
 38   2.151435 -3.172490 -2.636307 0.047171 -0.352576 0.132882
 39   -4.457742 -1.047041 -0.746180 0.002709 -0.000276 -0.014275
 40   0.102445 -3.731028 3.049784 0.047171 -0.352563 0.132881
 41   -4.433840 -1.066943 0.959566 0.002708 -0.000276 -0.014275
 42   -0.075419 1.634800 -3.005030 -0.070745 -0.099275 0.009535
 43   -0.484375 1.772799 3.185793 0.024551 0.324909 -0.074274
time 81
  0   -0.401123 2.578204 -27.160614 0.000000 0.058410 -1.414701
  1   -1.093036 0.000002 -0.326057 -3.088648 -0.049940 1.521002
  2   2.262337 0.113614 0.064702 0.023066 -0.067269 0.032967
  3   2.380047 0.353302 0.047440 -0.004020 0.246675 0.045178
  4   2.033756 0.190472 -0.000128 -0.007166 0.046716 -0.086800
  5   2.451511 0.204909 -0.003447 -0.039352 0.168986 -0.096796
  6   7.247600 -0.397300 -0.109469 0.000744 -0.000147 0.155245
  7   -2.022252 -0.104661 3.136172 -3.159376 -1.117905 -0.137780
  8   1.168026 -0.537438 -0.063437 0.091928 -0.000588 -0.132024
  9   6.790376 -0.619176 0.015206 -0.311843 -2.222133 0.008602
 10   8.637599 0.544015 -0.090417 1.245145 0.798519 0.092697
 11   6.790465 -0.619039 0.017802 -0.229153 -0.625920 -0.060472
 12   -2.022474 -0.104699 -2.873818 0.289676 1.392420 -2.874219
 13   1.167898 -0.537463 0.063297 0.308661 -1.158746 -0.371835
 14   7.002743 -0.617765 -0.183752 -0.006261 -1.129992 -1.901998
 15   8.209042 0.615527 -0.255885 1.604819 -0.087904 0.040225
 16   7.002735 -0.617911 -0.183641 -0.373362 -0.771409 -0.959241
 17   1.574674 0.609930 -0.000899 0.103947 0.302826 -0.116361
 18   -0.602177 0.511412 -0.000006 0.000000 0.000000 0.000000
 19   3.673773 0.177020 1.119313 -0.000002 -0.000014 -0.174510
 20   3.677673 0.176993 -1.117566 0.000007 -0.000003 -0.174546
 21   3.942357 1.330634 1.627658 0.000002 -0.000011 -0.000026
 22   -0.246060 -0.011889 0.516521 -0.000011 0.000031 0.000025
 23   3.942374 1.330659 -1.631083 0.000019 0.000002 -0.000024
 24   -0.246150 -0.011872 -0.516511 -0.000005 -0.000006 0.000048
 25   4.941364 1.997338 1.629330 0.000018 -0.000001 -0.000024
 26   4.941382 1.997366 -1.629410 -0.000001 0.000005 -0.000024
 27   2.918368 1.623171 1.514501 -0.000019 -0.000022 -0.000050
 28   2.924704 1.614964 -1.501142 -0.000002 -0.000009 -0.000024
 29   8.824059 0.150544 0.091743 -0.001955 -0.011673 -0.173676
 30   2.111085 -0.561179 1.784320 -0.000008 -0.000682 0.000024
 31   2.121290 -0.561289 -1.853599 0.000000 0.000000 -0.000002
 32   -0.802676 -0.093824 3.127092 0.044066 -3.092712 0.195926
 33   14.298673 -0.408176 0.518454 -0.017394 -0.094868 -0.116030
 34   15.835795 0.581398 0.242756 -0.000811 0.023965 0.068310
 35   -0.831494 -0.091229 -3.114430 0.052734 3.300803 -0.139028
 36   14.294526 -0.410349 -0.455822 -0.025015 -0.122363 -0.961546
 37   15.834409 0.579420 -0.284600 0.110822 -0.048795 0.054087
 38   2.151435 -3.172490 -2.636307 0.047171 -0.352576 0.132882
 39   -4.457742 -1.047041 -0.746180 0.002169 -0.000216 -0.011471
 40   0.102445 -3.731028 3.049784 0.047171 -0.352563 0.132881
 41   -4.433840 -1.066943 0.959566 0.002168 -0.000216 -0.011471
 42   -0.075419 1.634800 -3.012843 -0.071260 -0.102127 0.010121
 43   -0.484375 1.772799 3.185793 0.024976 0.327545 -0.074442
time 82
  0   -0.401123 2.578204 -27.160614 0.000000 0.058410 -1.414701
  1   -1.093036 0.000002 -0.326057 -3.088648 -0.049940 1.521002
  2   2.262337 0.113614 0.064702 0.023066 -0.067269 0.032967
  3   2.380047 0.353302 0.047440 -0.004020 0.246699 0.045382
  4   2.033756 0.190472 -0.000128 -0.007258 0.046764 -0.086474
  5   2.451511 0.204909 -0.003447 -0.039044 0.168895 -0.097762
  6   7.247600 -0.397300 -0.109469 0.000576 -0.000099 0.155625
  7   -2.022252 -0.104661 3.136172 -3.159376 -1.117905 -0.137780
  8   1.168026 -0.537438 -0.063437 0.091928 -0.000588 -0.132024
  9   6.790376 -0.619176 0.015206 -0.311843 -2.222133 0.008602
 10   8.637599 0.544015 -0.090417 1.245145 0.798519 0.092697
 11   6.790465 -0.619039 0.017802 -0.229153 -0.625920 -0.060472
 12   -2.022474 -0.104699 -2.873818 0.289676 1.392420 -2.874219
 13   1.167898 -0.537463 0.063297 0.308661 -1.158746 -0.371835
 14   7.002743 -0.617765 -0.183752 -0.004895 -1.129765 -1.903236
 15   8.209042 0.615527 -0.255885 1.604891 -0.087450 0.036557
 16   7.002735 -0.617911 -0.183641 -0.372609 -0.771747 -0.959848
 17   1.574674 0.609930 -0.000899 0.103947 0.302826 -0.116361
 18   -0.602177 0.511412 -0.000006 0.000000 0.000000 0.000000
 19   3.677679 0.177020 1.119313 -0.000002 -0.000014 -0.174510
 20   3.677673 0.176993 -1.117566 0.000007 -0.000003 -0.174546
 21   3.942357 1.330634 1.627658 0.000002 -0.000011 -0.000026
 22   -0.246060 -0.011889 0.516521 -0.000011 0.000031 0.000025
 23   3.942374 1.330659 -1.631083 0.000019 0.000002 -0.000024
 24   -0.246150 -0.011872 -0.516511 -0.000005 -0.000006 0.000048
 25   4.941364 1.997338 1.629330 0.000018 -0.000001 -0.000024
 26   4.941382 1.997366 -1.629410 -0.000001 0.000005 -0.000024
 27   2.918368 1.615358 1.514501 -0.000019 -0.000022 -0.000050
 28   2.924704 1.614964 -1.501142 -0.000002 -0.000009 -0.000024
 29   8.824059 0.150544 0.091743 -0.001420 -0.009133 -0.173890
 30   2.111085 -0.561179 1.784320 -0.000008 -0.000682 0.000024
 31   2.121290 -0.561289 -1.853599 0.000000 0.000000 -0.000002
 32   -0.802676 -0.093824 3.127092 0.044066 -3.092712 0.195926
 33   14.298673 -0.408176 0.518454 -0.017394 -0.094868 -0.116030
 34   15.835795 0.581398 0.242756 -0.000811 0.023965 0.068310
 35   -0.831494 -0.091229 -3.114430 0.052734 3.300803 -0.139028
 36   14.294526 -0.410349 -0.455822 -0.024991 -0.122411 -0.962396
 37   15.834409 0.579420 -0.284600 0.110349 -0.048744 0.055659
 38   2.151435 -3.172490 -2.636307 0.047171 -0.352576 0.132882
 39   -4.457742 -1.054854 -0.746180 0.001702 -0.000168 -0.008947
 40   0.102445 -3.731028 3.049784 0.047171 -0.352563 0.132881
 41   -4.433840 -1.059130 0.959566 0.001701 -0.000168 -0.008947
 42   -0.075419 1.634800 -3.016749 -0.071740 -0.104718 0.010664
 43   -0.484375 1.772799 3.185793 0.025363 0.329930 -0.074525
time 83
  0   -0.401123 2.578204 -27.160614 0.000000 0.058410 -1.414701
  1   -1.093036 0.000002 -0.326057 -3.088648 -0.049940 1.521002
  2   2.262337 0.113614 0.064702 0.023066 -0.067269 0.032967
  3   2.380047 0.353302 0.047440 -0.004005 0.246723 0.045525
  4   2.033756 0.190472 -0.000128 -0.007295 0.046800 -0.086220
  5   2.451511 0.204909 -0.003447 -0.038770 0.168817 -0.098703
  6   7.247600 -0.397300 -0.109469 0.000420 -0.000063 0.155910
  7   -2.022252 -0.104661 3.136172 -3.159376 -1.117905 -0.137780
  8   1.168026 -0.537438 -0.063437 0.091928 -0.000588 -0.132024
  9   6.790376 -0.619176 0.015206 -0.311843 -2.222133 0.008602
 10   8.637599 0.544015 -0.090417 1.245145 0.798519 0.092697
 11   6.790465 -0.619039 0.017802 -0.229153 -0.625920 -0.060472
 12   -2.022474 -0.104699 -2.873818 0.289676 1.392420 -2.874219
 13   1.167898 -0.537463 0.063297 0.308661 -1.158746 -0.371835
 14   7.002743 -0.617765 -0.183752 -0.003642 -1.129481 -1.904391
 15   8.209042 0.615527 -0.255885 1.605035 -0.086996 0.033189
 16   7.002735 -0.617911 -0.183641 -0.371903 -0.772029 -0.960345
 17   1.574674 0.609930 -0.000899 0.103947 0.302826 -0.116361
 18   -0.602177 0.511412 -0.000006 0.000000 0.000000 0.000000
 19   3.673773 0.177020 1.119313 -0.000002 -0.000014 -0.174510
 20   3.677673 0.176993 -1.117566 0.000007 -0.000003 -0.174546
 21   3.942357 1.330634 1.627658 0.000002 -0.000011 -0.000026
 22   -0.246060 -0.011889 0.516521 -0.000011 0.000031 0.000025
 23   3.942374 1.330659 -1.631083 0.000019 0.000002 -0.000024
 24   -0.246150 -0.011872 -0.516511 -0.000005 -0.000006 0.000048
 25   4.941364 1.997338 1.629330 0.000018 -0.000001 -0.000024
 26   4.941382 1.997366 -1.629410 -0.000001 0.000005 -0.000024
 27   2.918368 1.615358 1.514501 -0.000019 -0.000022 -0.000050
 28   2.924704 1.614964 -1.501142 -0.000002 -0.000009 -0.000024
 29   8.824059 0.150544 0.091743 -0.001153 -0.006878 -0.174051
 30   2.111085 -0.561179 1.784320 -0.000008 -0.000682 0.000024
 31   2.121290 -0.561289 -1.853599 0.000000 0.000000 -0.000002
 32   -0.802676 -0.093824 3.127092 0.044066 -3.092712 0.195926
 33   14.298673 -0.408176 0.518454 -0.017394 -0.094868 -0.116030
 34   15.835795 0.581398 0.242756 -0.000811 0.023965 0.068310
 35   -0.831494 -0.091229 -3.114430 0.052734 3.300803 -0.139028
 36   14.294526 -0.410349 -0.455822 -0.024967 -0.122447 -0.963091
 37   15.834409 0.579420 -0.284600 0.109955 -0.048667 0.057129
 38   2.151435 -3.172490 -2.636307 0.047171 -0.352576 0.132882
 39   -4.457742 -1.054854 -0.746180 0.001258 -0.000120 -0.006675
 40   0.102445 -3.731028 3.049784 0.047171 -0.352563 0.132881
 41   -4.433840 -1.059130 0.959566 0.001257 -0.000120 -0.006675
 42   -0.075419 1.634800 -3.024562 -0.072135 -0.107033 0.011083
 43   -0.484375 1.772799 3.185793 0.025713 0.332064 -0.074651
time 84
  0   -0.401123 2.578204 -27.160614 0.000000 0.058410 -1.414701
  1   -1.093036 0.000002 -0.326057 -3.088648 -0.049940 1.521002
  2   2.262337 0.113614 0.064702 0.023066 -0.067269 0.032967
  3   2.380047 0.353302 0.047440 -0.004005 0.246747 0.045688
  4   2.033756 0.190472 -0.000128 -0.007369 0.046824 -0.086039
  5   2.451511 0.204909 -0.003447 -0.038513 0.168738 -0.099446
  6   7.247600 -0.397300 -0.109469 0.000313 -0.000027 0.156195
  7   -2.022252 -0.104661 3.136172 -3.159376 -1.117905 -0.137780
  8   1.168026 -0.537438 -0.063437 0.091928 -0.000588 -0.132024
  9   6.790376 -0.619176 0.015206 -0.311843 -2.222133 0.008602
 10   8.637599 0.544015 -0.090417 1.245145 0.798519 0.092697
 11   6.790465 -0.619039 0.017802 -0.229153 -0.625920 -0.060472
 12   -2.022474 -0.104699 -2.873818 0.289676 1.392420 -2.874219
 13   1.167898 -0.537463 0.063297 0.308661 -1.158746 -0.371835
 14   7.002743 -0.617765 -0.183752 -0.002560 -1.129254 -1.905381
 15   8.209042 0.615527 -0.255885 1.605107 -0.086542 0.030423
 16   7.002735 -0.617911 -0.183641 -0.371338 -0.772198 -0.960786
 17   1.574674 0.609930 -0.000899 0.103947 0.302826 -0.116361
 18   -0.602177 0.511412 -0.000006 0.000000 0.000000 0.000000
 19   3.677679 0.177020 1.119313 -0.000002 -0.000014 -0.174510
 20   3.677673 0.176993 -1.117566 0.000007 -0.000003 -0.174546
 21   3.942357 1.330634 1.627658 0.000002 -0.000011 -0.000026
 22   -0.246060 -0.011889 0.516521 -0.000011 0.000031 0.000025
 23   3.942374 1.330659 -1.631083 0.000019 0.000002 -0.000024
 24   -0.246150 -0.011872 -0.516511 -0.000005 -0.000006 0.000048
 25   4.941364 1.997338 1.629330 0.000018 -0.000001 -0.000024
 26   4.941382 1.997366 -1.629410 -0.000001 0.000005 -0.000024
 27   2.918368 1.615358 1.514501 -0.000019 -0.000022 -0.000050
 28   2.924704 1.614964 -1.501142 -0.000002 -0.000009 -0.000024
 29   8.824059 0.150544 0.091743 -0.000707 -0.004907 -0.174158
 30   2.111085 -0.561179 1.784320 -0.000008 -0.000682 0.000024
 31   2.121290 -0.561289 -1.853599 0.000000 0.000000 -0.000002
 32   -0.802676 -0.093824 3.127092 0.044066 -3.092712 0.195926
 33   14.298673 -0.408176 0.518454 -0.017394 -0.094868 -0.116030
 34   15.835795 0.581398 0.242756 -0.000811 0.023965 0.068310
 35   -0.831494 -0.091229 -3.114430 0.052734 3.300803 -0.139028
 36   14.294526 -0.410349 -0.455822 -0.024955 -0.122483 -0.963709
 37   15.834409 0.579420 -0.284600 0.109580 -0.048590 0.058448
 38   2.151435 -3.172490 -2.636307 0.047171 -0.352576 0.132882
 39   -4.457742 -1.054854 -0.746180 0.000887 -0.000084 -0.004712
 40   0.102445 -3.731028 3.049784 0.047171 -0.352563 0.132881
 41   -4.433840 -1.059130 0.959566 0.000886 -0.000084 -0.004712
 42   -0.075419 1.634800 -3.024562 -0.072507 -0.109011 0.011501
 43   -0.484375 1.772799 3.185793 0.026013 0.333916 -0.074734
time 85
  0   -0.401123 2.578204 -27.160614 0.000000 0.058410 -1.414701
  1   -1.093036 0.000002 -0.326057 -3.088648 -0.049940 1.521002
  2   2.262337 0.113614 0.064702 0.023066 -0.067269 0.032967
  3   2.380047 0.353302 0.047440 -0.004005 0.246759 0.045831
  4   2.033756 0.190472 -0.000128 -0.007387 0.046848 -0.085785
  5   2.451511 0.204909 -0.003447 -0.038325 0.168673 -0.100114
  6   7.247600 -0.397300 -0.109469 0.000193 -0.000003 0.156417
  7   -2.022252 -0.104661 3.136172 -3.159376 -1.117905 -0.137780
  8   1.168026 -0.537438 -0.063437 0.091928 -0.000588 -0.132024
  9   6.790376 -0.619176 0.015206 -0.311843 -2.222133 0.008602
 10   8.637599 0.544015 -0.090417 1.245145 0.798519 0.092697
 11   6.790465 -0.619039 0.017802 -0.229153 -0.625920 -0.060472
 12   -2.022474 -0.104699 -2.873818 0.289676 1.392420 -2.874219
 13   1.167898 -0.537463 0.063297 0.308661 -1.158746 -0.371835
 14   7.002743 -0.617765 -0.183752 -0.001706 -1.129140 -1.906206
 15   8.209042 0.615527 -0.255885 1.605179 -0.086315 0.027957
 16   7.002735 -0.617911 -0.183641 -0.370820 -0.772424 -0.961228
 17   1.574674 0.609930 -0.000899 0.103947 0.302826 -0.116361
 18   -0.602177 0.511412 -0.000006 0.000000 0.000000 0.000000
 19   3.677679 0.177020 1.119313 -0.000002 -0.000014 -0.174510
 20   3.677673 0.176993 -1.117566 0.000007 -0.000003 -0.174546
 21   3.942357 1.330634 1.627658 0.000002 -0.000011 -0.000026
 22   -0.246060 -0.011889 0.516521 -0.000011 0.000031 0.000025
 23   3.942374 1.330659 -1.631083 0.000019 0.000002 -0.000024
 24   -0.246150 -0.011872 -0.516511 -0.000005 -0.000006 0.000048
 25   4.941364 1.997338 1.629330 0.000018 -0.000001 -0.000024
 26   4.941382 1.997366 -1.629410 -0.000001 0.000005 -0.000024
 27   2.918368 1.615358 1.514501 -0.000019 -0.000022 -0.000050
 28   2.924704 1.614964 -1.501142 -0.000002 -0.000009 -0.000024
 29   8.824059 0.150544 0.091743 -0.000529 -0.003246 -0.174319
 30   2.111085 -0.561179 1.784320 -0.000008 -0.000682 0.000024
 31   2.121290 -0.561289 -1.853599 0.000000 0.000000 -0.000002
 32   -0.802676 -0.093824 3.127092 0.044066 -3.092712 0.195926
 33   14.298673 -0.408176 0.518454 -0.017394 -0.094868 -0.116030
 34   15.835795 0.581398 0.242756 -0.000811 0.023965 0.068310
 35   -0.831494 -0.091229 -3.114430 0.052734 3.300803 -0.139028
 36   14.294526 -0.410349 -0.455822 -0.024931 -0.122519 -0.964250
 37   15.834409 0.579420 -0.284600 0.109305 -0.048539 0.059512
 38   2.151435 -3.172490 -2.636307 0.047171 -0.352576 0.132882
 39   -4.457742 -1.054854 -0.746180 0.000563 -0.000060 -0.003057
 40   0.102445 -3.731028 3.049784 0.047171 -0.352563 0.132881
 41   -4.433840 -1.059130 0.959566 0.000562 -0.000060 -0.003057
 42   -0.075419 1.634800 -3.028468 -0.072794 -0.110713 0.011835
 43   -0.484375 1.772799 3.185793 0.026288 0.335469 -0.074818
time 86
  0   -0.401123 2.578204 -27.160614 0.000000 0.058410 -1.414701
  1   -1.093036 0.000002 -0.326057 -3.088648 -0.049940 1.521002
  2   2.262337 0.113614 0.064702 0.023066 -0.067269 0.032967
  3   2.380047 0.353302 0.047440 -0.003990 0.246771 0.045892
  4   2.033756 0.190472 -0.000128 -0.007424 0.046860 -0.085640
  5   2.451511 0.204909 -0.003447 -0.038171 0.168647 -0.100634
  6   7.247600 -0.397300 -0.109469 0.000109 0.000009 0.156607
  7   -2.022252 -0.104661 3.136172 -3.159376 -1.117905 -0.137780
  8   1.168026 -0.537438 -0.063437 0.091928 -0.000588 -0.132024
  9   6.790376 -0.619176 0.015206 -0.311843 -2.222133 0.008602
 10   8.637599 0.544015 -0.090417 1.245145 0.798519 0.092697
 11   6.790465 -0.619039 0.017802 -0.229153 -0.625920 -0.060472
 12   -2.022474 -0.104699 -2.873818 0.289676 1.392420 -2.874219
 13   1.167898 -0.537463 0.063297 0.308661 -1.158746 -0.371835
 14   7.002743 -0.617765 -0.183752 -0.000966 -1.128970 -1.906866
 15   8.209042 0.615527 -0.255885 1.605251 -0.085937 0.026153
 16   7.002735 -0.617911 -0.183641 -0.370396 -0.772593 -0.961559
 17   1.574674 0.609930 -0.000899 0.103947 0.302826 -0.116361
 18   -0.602177 0.511412 -0.000006 0.000000 0.000000 0.000000
 19   3.673773 0.177020 1.119313 -0.000002 -0.000014 -0.174510
 20   3.673767 0.176993 -1.117566 0.000007 -0.000003 -0.174546
 21   3.942357 1.330634 1.627658 0.000002 -0.000011 -0.000026
 22   -0.246060 -0.011889 0.516521 -0.000011 0.000031 0.000025
 23   3.942374 1.330659 -1.631083 0.000019 0.000002 -0.000024
 24   -0.246150 -0.011872 -0.516511 -0.000005 -0.000006 0.000048
 25   4.941364 1.997338 1.629330 0.000018 -0.000001 -0.000024
 26   4.941382 1.997366 -1.629410 -0.000001 0.000005 -0.000024
 27   2.918368 1.615358 1.514501 -0.000019 -0.000022 -0.000050
 28   2.924704 1.614964 -1.501142 -0.000002 -0.000009 -0.000024
 29   8.824059 0.150544 0.091743 -0.000172 -0.001964 -0.174480
 30   2.111085 -0.561179 1.784320 -0.000008 -0.000682 0.000024
 31   2.121290 -0.561289 -1.853599 0.000000 0.000000 -0.000002
 32   -0.802676 -0.093824 3.127092 0.044066 -3.092712 0.195926
 33   14.298673 -0.408176 0.518454 -0.017394 -0.094868 -0.116030
 34   15.835795 0.581398 0.242756 -0.000811 0.023965 0.068310
 35   -0.831494 -0.091229 -3.114430 0.052734 3.300803 -0.139028
 36   14.294526 -0.410349 -0.455822 -0.024919 -0.122543 -0.964713
 37   15.834409 0.579420 -0.284600 0.109048 -0.048488 0.060324
 38   2.151435 -3.172490 -2.636307 0.047171 -0.352576 0.132882
 39   -4.457742 -1.054854 -0.746180 0.000324 -0.000024 -0.001739
 40   0.102445 -3.731028 3.049784 0.047171 -0.352563 0.132881
 41   -4.433840 -1.059130 0.959566 0.000323 -0.000024 -0.001739
 42   -0.075419 1.634800 -3.036281 -0.073034 -0.112062 0.012086
 43   -0.484375 1.772799 3.185793 0.026475 0.336693 -0.074902
time 87
  0   -0.401123 2.578204 -27.160614 0.000000 0.058410 -1.414701
  1   -1.093036 0.000002 -0.326057 -3.088648 -0.049940 1.521002
  2   2.262337 0.113614 0.064702 0.023066 -0.067269 0.032967
  3   2.380047 0.353302 0.047440 -0.003990 0.246783 0.045994
  4   2.033756 0.190472 -0.000128 -0.007461 0.046884 -0.085568
  5   2.451511 0.204909 -0.003447 -0.038051 0.168608 -0.101031
  6   7.247600 -0.397300 -0.109469 0.000049 0.000021 0.156766
  7   -2.022252 -0.104661 3.136172 -3.159376 -1.117905 -0.137780
  8   1.168026 -0.537438 -0.063437 0.091928 -0.000588 -0.132024
  9   6.790376 -0.619176 0.015206 -0.311843 -2.222133 0.008602
 10   8.637599 0.544015 -0.090417 1.245145 0.798519 0.092697
 11   6.790465 -0.619039 0.017802 -0.229153 -0.625920 -0.060472
 12   -2.022474 -0.104699 -2.873818 0.289676 1.392420 -2.874219
 13   1.167898 -0.537463 0.063297 0.308661 -1.158746 -0.371835
 14   7.002743 -0.617765 -0.183752 -0.000511 -1.128856 -1.907361
 15   8.209042 0.615527 -0.255885 1.605251 -0.085861 0.024770
 16   7.002735 -0.617911 -0.183641 -0.370114 -0.772706 -0.961780
 17   1.574674 0.609930 -0.000899 0.103947 0.302826 -0.116361
 18   -0.602177 0.511412 -0.000006 0.000000 0.000000 0.000000
 19   3.677679 0.177020 1.119313 -0.000002 -0.000014 -0.174510
 20   3.677673 0.176993 -1.117566 0.000007 -0.000003 -0.174546
 21   3.942357 1.330634 1.627658 0.000002 -0.000011 -0.000026
 22   -0.246060 -0.011889 0.516521 -0.000011 0.000031 0.000025
 23   3.942374 1.330659 -1.631083 0.000019 0.000002 -0.000024
 24   -0.246150 -0.011872 -0.516511 -0.000005 -0.000006 0.000048
 25   4.941364 1.997338 1.629330 0.000018 -0.000001 -0.000024
 26   4.941382 1.997366 -1.629410 -0.000001 0.000005 -0.000024
 27   2.918368 1.615358 1.514501 -0.000019 -0.000022 -0.000050
 28   2.924704 1.614964 -1.501142 -0.000002 -0.000009 -0.000024
 29   8.824059 0.150544 0.091743 0.000006 -0.000991 -0.174480
 30   2.111085 -0.561179 1.784320 -0.000008 -0.000682 0.000024
 31   2.121290 -0.561289 -1.853599 0.000000 0.000000 -0.000002
 32   -0.802676 -0.093824 3.127092 0.044066 -3.092712 0.195926
 33   14.298673 -0.408176 0.518454 -0.017394 -0.094868 -0.116030
 34   15.835795 0.581398 0.242756 -0.000811 0.023965 0.068310
 35   -0.831494 -0.091229 -3.114430 0.052734 3.300803 -0.139028
 36   14.294526 -0.410349 -0.455822 -0.024907 -0.122555 -0.965022
 37   15.834409 0.579420 -0.284600 0.108891 -0.048462 0.060932
 38   2.151435 -3.172490 -2.636307 0.047171 -0.352576 0.132882
 39   -4.457742 -1.054854 -0.746180 0.000144 -0.000012 -0.000757
 40   0.102445 -3.731028 3.049784 0.047171 -0.352563 0.132881
 41   -4.433840 -1.059130 0.959566 0.000143 -0.000012 -0.000757
 42   -0.075419 1.634800 -3.036281 -0.073226 -0.113028 0.012295
 43   -0.484375 1.772799 3.185793 0.026625 0.337587 -0.074943
time 88
  0   -0.401123 2.578204 -27.160614 0.000000 0.058410 -1.414701
  1   -1.093036 0.000002 -0.326057 -3.088648 -0.049940 1.521002
  2   2.262337 0.113614 0.064702 0.023066 -0.067269 0.032967
  3   2.380047 0.353302 0.047440 -0.003990 0.246795 0.046035
  4   2.033756 0.190472 -0.000128 -0.007498 0.046884 -0.085459
  5   2.451511 0.204909 -0.003447 -0.037965 0.168582 -0.101253
  6   7.247600 -0.397300 -0.109469 0.000013 0.000033 0.156829
  7   -2.022252 -0.104661 3.136172 -3.159376 -1.117905 -0.137780
  8   1.168026 -0.537438 -0.063437 0.091928 -0.000588 -0.132024
  9   6.790376 -0.619176 0.015206 -0.311843 -2.222133 0.008602
 10   8.637599 0.544015 -0.090417 1.245145 0.798519 0.092697
 11   6.790465 -0.619039 0.017802 -0.229153 -0.625920 -0.060472
 12   -2.022474 -0.104699 -2.873818 0.289676 1.392420 -2.874219
 13   1.167898 -0.537463 0.063297 0.308661 -1.158746 -0.371835
 14   7.002743 -0.617765 -0.183752 -0.000169 -1.128742 -1.907691
 15   8.209042 0.615527 -0.255885 1.605323 -0.085710 0.023928
 16   7.002735 -0.617911 -0.183641 -0.369926 -0.772762 -0.961835
 17   1.574674 0.609930 -0.000899 0.103947 0.302826 -0.116361
 18   -0.602177 0.511412 -0.000006 0.000000 0.000000 0.000000
 19   3.677679 0.177020 1.119313 -0.000002 -0.000014 -0.174510
 20   3.677673 0.176993 -1.117566 0.000007 -0.000003 -0.174546
 21   3.942357 1.330634 1.627658 0.000002 -0.000011 -0.000026
 22   -0.246060 -0.011889 0.516521 -0.000011 0.000031 0.000025
 23   3.942374 1.330659 -1.631083 0.000019 0.000002 -0.000024
 24   -0.246150 -0.011872 -0.516511 -0.000005 -0.000006 0.000048
 25   4.941364 1.997338 1.629330 0.000018 -0.000001 -0.000024
 26   4.941382 1.997366 -1.629410 -0.000001 0.000005 -0.000024
 27   2.918368 1.615358 1.514501 -0.000019 -0.000022 -0.000050
 28   2.924704 1.614964 -1.501142 -0.000002 -0.000009 -0.000024
 29   8.824059 0.150544 0.091743 0.000006 -0.000421 -0.174534
 30   2.111085 -0.561179 1.784320 -0.000008 -0.000682 0.000024
 31   2.121290 -0.561289 -1.853599 0.000000 0.000000 -0.000002
 32   -0.802676 -0.093824 3.127092 0.044066 -3.092712 0.195926
 33   14.298673 -0.408176 0.518454 -0.017394 -0.094868 -0.116030
 34   15.835795 0.581398 0.242756 -0.000811 0.023965 0.068310
 35   -0.831494 -0.091229 -3.114430 0.052734 3.300803 -0.139028
 36   14.294526 -0.410349 -0.455822 -0.024907 -0.122567 -0.965099
 37   15.834409 0.579420 -0.284600 0.108773 -0.048462 0.061338
 38   2.151435 -3.172490 -2.636307 0.047171 -0.352576 0.132882
 39   -4.457742 -1.054854 -0.746180 0.000036 0.000000 -0.000168
 40   0.102445 -3.731028 3.049784 0.047171 -0.352563 0.132881
 41   -4.433840 -1.059130 0.959566 0.000035 0.000000 -0.000168
 42   -0.075419 1.634800 -3.036281 -0.073334 -0.113626 0.012421
 43   -0.484375 1.772799 3.185793 0.026725 0.338137 -0.074985
time 89
  0   -0.401123 2.578204 -27.160614 0.000000 0.058410 -1.414701
  1   -1.093036 0.000002 -0.326057 -3.088648 -0.049940 1.521002
  2   2.262337 0.113614 0.064702 0.023066 -0.067269 0.032967
  3   2.380047 0.353302 0.047440 -0.003990 0.246795 0.046035
  4   2.033756 0.190472 -0.000128 -0.007498 0.046884 -0.085423
  5   2.451511 0.204909 -0.003447 -0.037931 0.168582 -0.101353
  6   7.247600 -0.397300 -0.109469 0.000001 0.000033 0.156829
  7   -2.022252 -0.104661 3.136172 -3.159376 -1.117905 -0.137780
  8   1.168026 -0.537438 -0.063437 0.091928 -0.000588 -0.132024
  9   6.790376 -0.619176 0.015206 -0.311843 -2.222133 0.008602
 10   8.637599 0.544015 -0.090417 1.245145 0.798519 0.092697
 11   6.790465 -0.619039 0.017802 -0.229153 -0.625920 -0.060472
 12   -2.022474 -0.104699 -2.873818 0.289676 1.392420 -2.874219
 13   1.167898 -0.537463 0.063297 0.308661 -1.158746 -0.371835
 14   7.002743 -0.617765 -0.183752 -0.000055 -1.128742 -1.907856
 15   8.209042 0.615527 -0.255885 1.605323 -0.085634 0.023567
 16   7.002735 -0.617911 -0.183641 -0.369878 -0.772762 -0.961890
 17   1.574674 0.609930 -0.000899 0.103947 0.302826 -0.116361
 18   -0.602177 0.511412 -0.000006 0.000000 0.000000 0.000000
 19   3.673773 0.177020 1.119313 -0.000002 -0.000014 -0.174510
 20   3.677673 0.176993 -1.117566 0.000007 -0.000003 -0.174546
 21   3.942357 1.330634 1.627658 0.000002 -0.000011 -0.000026
 22   -0.246060 -0.011889 0.516521 -0.000011 0.000031 0.000025
 23   3.942374 1.330659 -1.631083 0.000019 0.000002 -0.000024
 24   -0.246150 -0.011872 -0.516511 -0.000005 -0.000006 0.000048
 25   4.941364 1.997338 1.629330 0.000018 -0.000001 -0.000024
 26   4.941382 1.997366 -1.629410 -0.000001 0.000005 -0.000024
 27   2.918368 1.615358 1.514501 -0.000019 -0.000022 -0.000050
 28   2.924704 1.614964 -1.501142 -0.000002 -0.000009 -0.000024
 29   8.824059 0.150544 0.091743 0.000006 -0.000231 -0.174534
 30   2.111085 -0.561179 1.784320 -0.000008 -0.000682 0.000024
 31   2.121290 -0.561289 -1.853599 0.000000 0.000000 -0.000002
 32   -0.802676 -0.093824 3.127092 0.044066 -3.092712 0.195926
 33   14.298673 -0.408176 0.518454 -0.017394 -0.094868 -0.116030
 34   15.835795 0.581398 0.242756 -0.000811 0.023965 0.068310
 35   -0.831494 -0.091229 -3.114430 0.052734 3.300803 -0.139028
 36   14.294526 -0.410349 -0.455822 -0.024907 -0.122567 -0.965254
 37   15.834409 0.579420 -0.284600 0.108714 -0.048462 0.061439
 38   2.151435 -3.172490 -2.636307 0.047171 -0.352576 0.132882
 39   -4.457742 -1.054854 -0.746180 0.000000 0.000000 0.000000
 40   0.102445 -3.731028 3.049784 0.047171 -0.352563 0.132881
 41   -4.433840 -1.059130 0.959566 -0.000001 0.000000 0.000000
 42   -0.075419 1.634800 -3.036281 -0.073370 -0.113856 0.012463
 43   -0.484375 1.772799 3.185793 0.026750 0.338341 -0.074985
end
