version 1
nodes
  0 "Bip01" -1
  1 "Bip01 Pelvis" 0
  2 "Bip01 Spine" 1
  3 "Bip01 Spine1" 2
  4 "Bip01 Spine2" 3
  5 "Bip01 Spine3" 4
  6 "Bip01 Neck" 5
  7 "Bip01 L Arm" 6
  8 "Bip01 L Arm1" 7
  9 "Bip01 L Arm2" 8
 10 "Bip01 L Hand" 9
 11 "Bip06 L elbow2-smooth" 8
 12 "Bip01 R Arm" 6
 13 "Bip01 R Arm1" 12
 14 "Bip01 R Arm2" 13
 15 "Bip01 R Hand" 14
 16 "Bip06 R elbow2-smooth" 13
 17 "Bip01 Head" 6
 18 "Bip06 Head_helper" 17
 19 "Bip06 Head_eyes_l" 18
 20 "Bip06 Head_eyes_r" 18
 21 "Bip06 Head_blink_l" 18
 22 "Bip06 Head_blink_smooth_l1" 21
 23 "Bip06 Head_blink_r" 18
 24 "Bip06 Head_blink_smooth_r1" 23
 25 "Bip06 Head_L_eyebrow" 18
 26 "Bip06 Head_R_eyebrow" 18
 27 "Bip06 Head_blink_l_lid" 18
 28 "Bip06 Head_blink_r_lid" 18
 29 "Bip06 bunny" 18
 30 "Bip06 bunnyL" 29
 31 "Bip06 bunnyR" 29
 32 "Bip01 L Leg" 1
 33 "Bip01 L Leg1" 32
 34 "Bip01 L Foot" 33
 35 "Bip01 R Leg" 1
 36 "Bip01 R Leg1" 35
 37 "Bip01 R Foot" 36
 38 "Bip03 HairR1" 17
 39 "Bip03 HairR2" 38
 40 "Bip03 HairL1" 17
 41 "Bip03 HairL2" 40
 42 "Bip03 swingR" 17
 43 "Bip03 swingL" 17
end
skeleton
time 0
  0   -0.557378 3.074313 3.051245 0.000000 0.000000 -1.571069
  1   -1.093036 0.000002 -0.326057 -0.163697 -1.666506 -1.379567
  2   2.262337 0.113614 0.064702 -0.024381 0.010092 -0.015969
  3   2.380047 0.353302 0.047440 -0.003510 0.008325 -0.002653
  4   2.033756 0.190472 -0.000128 0.003974 0.005633 -0.062225
  5   2.451511 0.204909 -0.003447 -0.004091 0.132013 0.032604
  6   7.247600 -0.397300 -0.109469 0.000001 -0.000003 0.156829
  7   -2.022252 -0.104661 3.136172 0.497893 -1.304469 -3.794021
  8   1.168026 -0.537438 -0.063437 0.731377 1.113975 0.815364
  9   6.790376 -0.619176 0.015206 -0.000102 -0.000151 -0.354246
 10   8.637599 0.544015 -0.090417 -2.039234 0.237296 0.054065
 11   6.790465 -0.619039 0.017802 -0.002064 -0.010912 -0.263141
 12   -2.022474 -0.104699 -2.873818 -0.283251 1.315245 -3.567002
 13   1.167898 -0.537463 0.063297 -0.242304 -1.098790 0.224130
 14   7.002743 -0.617765 -0.183752 0.000115 0.000194 -0.232914
 15   8.209042 0.615527 -0.255885 1.745893 -0.081624 0.229116
 16   7.002735 -0.617911 -0.183641 0.014580 0.001616 -0.181630
 17   1.574674 0.609930 -0.000899 0.025509 -0.079229 -0.104053
 18   -0.602177 0.511412 -0.000006 0.000000 0.000000 0.000000
 19   3.673773 0.177020 1.119313 -0.000002 -0.000014 -0.174510
 20   3.673767 0.176993 -1.117566 0.000007 -0.000003 -0.174546
 21   3.938451 1.330634 1.627658 0.000002 -0.000011 -0.000026
 22   -0.246060 -0.011889 0.516521 -0.000011 0.000031 0.000025
 23   3.938468 1.330659 -1.631083 0.000019 0.000002 -0.000024
 24   -0.246150 -0.011872 -0.516511 -0.000005 -0.000006 0.000048
 25   4.941364 1.997338 1.629330 0.000018 -0.000001 -0.000024
 26   4.941382 1.997366 -1.629410 -0.000001 0.000005 -0.000024
 27   2.918368 1.615358 1.514501 -0.000019 -0.000022 -0.000050
 28   2.920798 1.614964 -1.501142 -0.000002 -0.000009 -0.000024
 29   8.824059 0.150544 0.091743 0.000006 -0.000231 -0.174534
 30   2.111085 -0.561179 1.784320 -0.000008 -0.000682 0.000024
 31   2.121290 -0.561289 -1.853599 0.000000 0.000000 -0.000002
 32   -0.810489 -0.093824 3.127092 -0.004216 -2.923287 -0.370563
 33   14.298673 -0.408176 0.475484 -0.000052 -0.000029 -0.509289
 34   15.835795 0.581398 0.242756 -0.069357 -0.168800 0.055476
 35   -0.815868 -0.091229 -3.114430 0.182995 3.348959 -0.052591
 36   14.294526 -0.410349 -0.463635 0.000045 0.000048 -0.282030
 37   15.834409 0.579420 -0.284600 -0.012397 -0.122919 0.235043
 38   1.139685 -3.453749 -2.823813 0.000000 0.000000 0.000001
 39   -4.457742 -1.054854 -0.746180 0.000000 0.000000 0.000000
 40   1.118101 -3.449769 3.237290 0.000000 0.000001 0.000000
 41   -4.433840 -1.059130 0.959566 -0.000001 0.000000 0.000000
 42   -0.657468 1.697302 -2.688614 0.000000 0.000002 0.000000
 43   -0.664068 1.698578 2.869377 0.000000 0.000002 0.000000
time 1
  0   -0.557378 3.074313 3.051245 0.000000 0.000000 -1.571069
  1   -1.093036 0.000002 -0.326057 -0.163697 -1.666506 -1.379567
  2   2.262337 0.113614 0.064702 -0.024381 0.010092 -0.015969
  3   2.380047 0.353302 0.047440 -0.003510 0.008325 -0.002653
  4   2.033756 0.190472 -0.000128 0.003974 0.005633 -0.062225
  5   2.451511 0.204909 -0.003447 -0.004091 0.132013 0.032604
  6   7.247600 -0.397300 -0.109469 0.000001 -0.000003 0.156829
  7   -2.022252 -0.104661 3.136172 0.497893 -1.304469 -3.794021
  8   1.168026 -0.537438 -0.063437 0.731377 1.113975 0.815364
  9   6.790376 -0.619176 0.015206 -0.000102 -0.000151 -0.354246
 10   8.637599 0.544015 -0.090417 -2.039234 0.237296 0.054065
 11   6.790465 -0.619039 0.017802 -0.002064 -0.010912 -0.263141
 12   -2.022474 -0.104699 -2.873818 -0.283251 1.315245 -3.567002
 13   1.167898 -0.537463 0.063297 -0.242304 -1.098790 0.224130
 14   7.002743 -0.617765 -0.183752 0.000115 0.000194 -0.232914
 15   8.209042 0.615527 -0.255885 1.745893 -0.081624 0.229116
 16   7.002735 -0.617911 -0.183641 0.014580 0.001616 -0.181630
 17   1.574674 0.609930 -0.000899 0.025509 -0.079229 -0.104053
 18   -0.602177 0.511412 -0.000006 0.000000 0.000000 0.000000
 19   3.673773 0.177020 1.119313 -0.000002 -0.000014 -0.174510
 20   3.673767 0.176993 -1.117566 0.000007 -0.000003 -0.174546
 21   3.938451 1.330634 1.627658 0.000374 -0.002672 0.005407
 22   -0.246060 -0.011889 0.516521 -0.000011 0.000031 0.000025
 23   3.938468 1.330659 -1.631083 -0.000353 0.002663 0.005409
 24   -0.246150 -0.011872 -0.516511 -0.000005 -0.000006 0.000048
 25   4.941364 1.997338 1.629330 0.000018 -0.000001 -0.000024
 26   4.941382 1.997366 -1.629410 -0.000001 0.000005 -0.000024
 27   2.922274 1.623171 1.514501 -0.000283 0.001872 -0.008313
 28   2.924704 1.622777 -1.501142 0.000262 -0.001903 -0.008287
 29   8.824059 0.150544 0.091743 0.000095 -0.001109 -0.174534
 30   2.111085 -0.561179 1.784320 0.000317 -0.002309 0.000024
 31   2.121290 -0.561289 -1.853599 0.000291 -0.001528 -0.000002
 32   -0.810489 -0.093824 3.127092 -0.004216 -2.923287 -0.370563
 33   14.298673 -0.408176 0.475484 -0.000052 -0.000029 -0.509289
 34   15.835795 0.581398 0.242756 -0.069357 -0.168800 0.055476
 35   -0.815868 -0.091229 -3.114430 0.182995 3.348959 -0.052591
 36   14.294526 -0.410349 -0.463635 0.000045 0.000048 -0.282030
 37   15.834409 0.579420 -0.284600 -0.012397 -0.122919 0.235043
 38   1.139685 -3.453749 -2.823813 -0.000147 0.000446 -0.000793
 39   -4.457742 -1.054854 -0.746180 0.000000 0.000000 0.000000
 40   1.118101 -3.449769 3.237290 -0.000147 0.000447 -0.000794
 41   -4.433840 -1.059130 0.959566 -0.000001 0.000000 0.000000
 42   -0.649655 1.697302 -2.657363 0.005549 0.011241 -0.002342
 43   -0.664068 1.698578 2.853751 -0.004186 -0.008362 0.000000
time 2
  0   -0.319089 3.066500 3.055152 0.000000 0.000000 -1.571069
  1   -1.093036 0.000002 -0.326057 -0.185444 -1.662802 -1.363454
  2   2.262337 0.113614 0.064702 -0.022458 0.004064 -0.019186
  3   2.380047 0.353302 0.047440 -0.003495 0.007870 -0.002857
  4   2.033756 0.190472 -0.000128 0.003347 0.007023 -0.061319
  5   2.451511 0.204909 -0.003447 -0.005204 0.133867 0.034511
  6   7.247600 -0.397300 -0.109469 0.000001 -0.000003 0.156829
  7   -2.022252 -0.104661 3.136172 0.501344 -1.302278 -3.797120
  8   1.168026 -0.537438 -0.063437 0.764536 1.092239 0.835987
  9   6.790376 -0.619176 0.015206 -0.000102 -0.000151 -0.394772
 10   8.637599 0.544015 -0.090417 -2.023910 0.203931 0.032290
 11   6.790465 -0.619039 0.017802 -0.001918 -0.010969 -0.291460
 12   -2.022474 -0.104699 -2.873818 -0.273191 1.306219 -3.557140
 13   1.167898 -0.537463 0.063297 -0.308240 -1.074076 0.280367
 14   7.002743 -0.617765 -0.183752 0.000115 0.000194 -0.280602
 15   8.209042 0.615527 -0.255885 1.750423 -0.055900 0.202175
 16   7.002735 -0.617911 -0.183641 0.014580 0.001898 -0.214911
 17   1.574674 0.609930 -0.000899 0.011089 -0.072342 -0.084797
 18   -0.602177 0.511412 -0.000006 0.000000 0.000000 0.000000
 19   3.677679 0.177020 1.119313 -0.000002 -0.000014 -0.174510
 20   3.673767 0.176993 -1.117566 0.000007 -0.000003 -0.174546
 21   3.926732 1.330634 1.627658 0.001380 -0.009898 0.020284
 22   -0.246060 -0.011889 0.516521 -0.000011 0.000031 0.000025
 23   3.922842 1.330659 -1.631083 -0.001371 0.009889 0.020286
 24   -0.246150 -0.011872 -0.516511 -0.000005 -0.000006 0.000048
 25   4.941364 1.997338 1.629330 0.000018 -0.000001 -0.000024
 26   4.941382 1.997366 -1.629410 -0.000001 0.000005 -0.000024
 27   2.922274 1.623171 1.514501 -0.001002 0.007037 -0.030898
 28   2.924704 1.622777 -1.501142 0.000993 -0.007068 -0.030872
 29   8.824059 0.150544 0.091743 0.000719 -0.003792 -0.174480
 30   2.111085 -0.561179 1.784320 0.001321 -0.007221 0.000067
 31   2.121290 -0.561289 -1.853599 0.001226 -0.006113 0.000089
 32   -0.810489 -0.093824 3.127092 -0.006733 -2.935893 -0.365839
 33   14.298673 -0.408176 0.475484 -0.000052 -0.000029 -0.505081
 34   15.835795 0.581398 0.242756 -0.077016 -0.160869 0.057549
 35   -0.815868 -0.091229 -3.114430 0.174810 3.339309 -0.053358
 36   14.294526 -0.410349 -0.463635 0.000045 0.000048 -0.288750
 37   15.834409 0.579420 -0.284600 0.000508 -0.115829 0.236209
 38   1.139685 -3.453749 -2.823813 -0.000737 0.001747 -0.003359
 39   -4.457742 -1.054854 -0.746180 0.000000 0.000000 0.000000
 40   1.118101 -3.449769 3.237290 -0.000737 0.001748 -0.003360
 41   -4.433840 -1.059130 0.959566 -0.000001 0.000000 0.000000
 42   -0.618404 1.716834 -2.555797 0.020625 0.041737 -0.008992
 43   -0.636723 1.690765 2.810781 -0.015568 -0.031145 0.000000
time 3
  0   0.063735 3.046968 3.062964 0.000000 0.000000 -1.571069
  1   -1.093036 0.000002 -0.326057 -0.222440 -1.657060 -1.334905
  2   2.262337 0.113614 0.064702 -0.021732 0.008917 -0.019583
  3   2.380047 0.353302 0.047440 -0.003300 0.007271 -0.003143
  4   2.033756 0.190472 -0.000128 0.003365 0.004746 -0.061500
  5   2.451511 0.204909 -0.003447 -0.004964 0.127052 0.034263
  6   7.247600 -0.397300 -0.109469 0.000001 -0.000003 0.156829
  7   -2.022252 -0.104661 3.136172 0.506999 -1.298905 -3.801346
  8   1.168026 -0.537438 -0.063437 0.811490 1.057824 0.863885
  9   6.790376 -0.619176 0.015206 -0.000102 -0.000151 -0.458693
 10   8.637599 0.544015 -0.090417 -1.998019 0.151420 -0.003014
 11   6.790465 -0.619039 0.017802 -0.001714 -0.011054 -0.336158
 12   -2.022474 -0.104699 -2.873818 -0.258916 1.292055 -3.542396
 13   1.167898 -0.537463 0.063297 -0.400818 -1.031918 0.357125
 14   7.002743 -0.617765 -0.183752 0.000115 0.000023 -0.356177
 15   8.209042 0.615527 -0.255885 1.756319 -0.015346 0.159718
 16   7.002735 -0.617911 -0.183641 0.014533 0.002180 -0.267896
 17   1.574674 0.609930 -0.000899 -0.011089 -0.061053 -0.054858
 18   -0.602177 0.511412 -0.000006 0.000000 0.000000 0.000000
 19   3.673773 0.177020 1.119313 -0.000002 -0.000014 -0.174510
 20   3.673767 0.176993 -1.117566 0.000007 -0.000003 -0.174546
 21   3.911106 1.330634 1.627658 0.002878 -0.020577 0.042120
 22   -0.253873 -0.011889 0.508708 -0.000011 0.000031 0.000025
 23   3.911123 1.330659 -1.631083 -0.002869 0.020580 0.042148
 24   -0.253963 -0.011872 -0.508698 -0.000005 -0.000006 0.000048
 25   4.941364 1.997338 1.629330 0.000018 -0.000001 -0.000024
 26   4.941382 1.997366 -1.629410 -0.000001 0.000005 -0.000024
 27   2.930087 1.623171 1.514501 -0.002068 0.014635 -0.064146
 28   2.932517 1.622777 -1.501142 0.002047 -0.014654 -0.064041
 29   8.824059 0.150544 0.091743 0.001432 -0.008136 -0.174319
 30   2.111085 -0.561179 1.784320 0.002907 -0.015067 0.000153
 31   2.121290 -0.561289 -1.853599 0.002712 -0.013469 0.000180
 32   -0.810489 -0.093824 3.127092 -0.010368 -2.955376 -0.358496
 33   14.298673 -0.408176 0.475484 -0.000052 -0.000029 -0.498491
 34   15.835795 0.581398 0.242756 -0.089023 -0.148545 0.060460
 35   -0.815868 -0.091229 -3.114430 0.161871 3.324225 -0.054673
 36   14.294526 -0.410349 -0.463635 0.000045 0.000048 -0.299255
 37   15.834409 0.579420 -0.284600 0.020743 -0.104695 0.238237
 38   1.131872 -3.453749 -2.823813 -0.001621 0.003856 -0.007575
 39   -4.457742 -1.054854 -0.746180 0.000000 0.000000 0.000000
 40   1.125914 -3.449769 3.237290 -0.001621 0.003857 -0.007576
 41   -4.433840 -1.059130 0.959566 -0.000001 0.000000 0.000000
 42   -0.563715 1.748085 -2.407355 0.042881 0.086691 -0.019405
 43   -0.605472 1.679046 2.752186 -0.032335 -0.064694 0.000000
time 4
  0   0.317649 3.035249 3.070777 0.000000 0.000000 -1.571069
  1   -1.093036 0.000002 -0.326057 -0.248536 -1.653495 -1.314340
  2   2.262337 0.113614 0.064702 -0.021298 0.016959 -0.019457
  3   2.380047 0.353302 0.047440 -0.003090 0.006935 -0.003347
  4   2.033756 0.190472 -0.000128 0.003531 0.001678 -0.061862
  5   2.451511 0.204909 -0.003447 -0.004827 0.119349 0.033669
  6   7.247600 -0.397300 -0.109469 0.000001 -0.000003 0.156829
  7   -2.022252 -0.104661 3.136172 0.510642 -1.296744 -3.804163
  8   1.168026 -0.537438 -0.063437 0.839207 1.035585 0.879004
  9   6.790376 -0.619176 0.015206 -0.000102 -0.000151 -0.499445
 10   8.637599 0.544015 -0.090417 -1.980759 0.118055 -0.026020
 11   6.790465 -0.619039 0.017802 -0.001568 -0.011054 -0.364880
 12   -2.022474 -0.104699 -2.873818 -0.250485 1.283145 -3.533971
 13   1.167898 -0.537463 0.063297 -0.453398 -1.003085 0.399681
 14   7.002743 -0.617765 -0.183752 0.000115 0.000023 -0.405020
 15   8.209042 0.615527 -0.255885 1.759195 0.010681 0.132716
 16   7.002735 -0.617911 -0.183641 0.014486 0.002293 -0.302005
 17   1.574674 0.609930 -0.000899 -0.025144 -0.053526 -0.035823
 18   -0.602177 0.511412 -0.000006 0.000000 0.000000 0.000000
 19   3.673773 0.177020 1.119313 -0.000002 -0.000014 -0.174510
 20   3.673767 0.176993 -1.117566 0.000007 -0.000003 -0.174546
 21   3.895481 1.330634 1.627658 0.004712 -0.033532 0.068691
 22   -0.257779 -0.011889 0.496989 -0.000011 0.000031 0.000025
 23   3.891591 1.330659 -1.631083 -0.004703 0.033535 0.068693
 24   -0.253963 -0.011872 -0.496979 -0.000005 -0.000006 0.000048
 25   4.941364 1.997338 1.629330 0.000018 -0.000001 -0.000024
 26   4.941382 1.997366 -1.629410 -0.000001 0.000005 -0.000024
 27   2.930087 1.630984 1.514501 -0.003375 0.023863 -0.104476
 28   2.932517 1.630590 -1.501142 0.003354 -0.023894 -0.104411
 29   8.824059 0.150544 0.091743 0.002680 -0.013952 -0.174158
 30   2.103272 -0.561179 1.792133 0.005091 -0.025645 0.000303
 31   2.129103 -0.561289 -1.845786 0.004750 -0.023389 0.000362
 32   -0.810489 -0.093824 3.127092 -0.012605 -2.967696 -0.353714
 33   14.298673 -0.408176 0.475484 -0.000052 -0.000029 -0.494521
 34   15.835795 0.581398 0.242756 -0.096591 -0.140638 0.062268
 35   -0.815868 -0.091229 -3.114430 0.153598 3.314856 -0.055659
 36   14.294526 -0.410349 -0.463635 0.000045 0.000048 -0.306053
 37   15.834409 0.579420 -0.284600 0.033727 -0.097682 0.239656
 38   1.120153 -3.453749 -2.823813 -0.002800 0.006700 -0.013134
 39   -4.457742 -1.054854 -0.746180 0.000000 0.000000 0.000000
 40   1.137633 -3.449769 3.237290 -0.002800 0.006701 -0.013135
 41   -4.433840 -1.059130 0.959566 -0.000001 0.000000 0.000000
 42   -0.509026 1.783242 -2.227662 0.069870 0.141274 -0.032913
 43   -0.570315 1.659514 2.670152 -0.052713 -0.105476 -0.000042
time 5
  0   0.887979 3.015717 3.078590 0.000000 0.000000 -1.571069
  1   -1.093036 0.000002 -0.326057 -0.318598 -1.645345 -1.256952
  2   2.262337 0.113614 0.064702 -0.020738 0.026163 -0.019186
  3   2.380047 0.353302 0.047440 -0.002730 0.006048 -0.003796
  4   2.033756 0.190472 -0.000128 0.003863 -0.002361 -0.062442
  5   2.451511 0.204909 -0.003447 -0.004245 0.107821 0.032653
  6   7.247600 -0.397300 -0.109469 0.000001 -0.000003 0.156829
  7   -2.022252 -0.104661 3.136172 0.518119 -1.291670 -3.810174
  8   1.168026 -0.537438 -0.063437 0.898311 0.982252 0.908610
  9   6.790376 -0.619176 0.015206 -0.000102 -0.000151 -0.597251
 10   8.637599 0.544015 -0.090417 -1.936110 0.040766 -0.084185
 11   6.790465 -0.619039 0.017802 -0.001159 -0.011168 -0.433225
 12   -2.022474 -0.104699 -2.873818 -0.232090 1.262044 -3.515780
 13   1.167898 -0.537463 0.063297 -0.561721 -0.930568 0.483219
 14   7.002743 -0.617765 -0.183752 0.000115 0.000023 -0.521848
 15   8.209042 0.615527 -0.255885 1.763293 0.073100 0.068790
 16   7.002735 -0.617911 -0.183641 0.014439 0.002857 -0.383911
 17   1.574674 0.609930 -0.000899 -0.057599 -0.034948 0.009048
 18   -0.602177 0.511412 -0.000006 0.000000 0.000000 0.000000
 19   3.673773 0.177020 1.119313 -0.000002 -0.000014 -0.174510
 20   3.673767 0.176993 -1.117566 0.000007 -0.000003 -0.174546
 21   3.875949 1.330634 1.627658 0.006689 -0.047626 0.097617
 22   -0.265592 -0.011889 0.489176 -0.000011 0.000031 0.000025
 23   3.875966 1.330659 -1.631083 -0.006680 0.047629 0.097618
 24   -0.265682 -0.011872 -0.489166 -0.000005 -0.000006 0.000048
 25   4.941364 1.997338 1.629330 0.000018 -0.000001 -0.000024
 26   4.941382 1.997366 -1.629410 -0.000001 0.000005 -0.000024
 27   2.937900 1.634890 1.514501 -0.004789 0.033918 -0.148387
 28   2.940330 1.634496 -1.501142 0.004780 -0.033949 -0.148322
 29   8.824059 0.150544 0.091743 0.004106 -0.021168 -0.174051
 30   2.103272 -0.561179 1.792133 0.007762 -0.038722 0.000453
 31   2.129103 -0.561289 -1.837973 0.007232 -0.035640 0.000544
 32   -0.810489 -0.093824 3.127092 -0.017732 -2.997016 -0.343070
 33   14.298673 -0.408176 0.475484 -0.000052 -0.000029 -0.484755
 34   15.835795 0.581398 0.242756 -0.114302 -0.122018 0.066193
 35   -0.815868 -0.091229 -3.114430 0.134323 3.292371 -0.058124
 36   14.294526 -0.410349 -0.463635 0.000045 0.000048 -0.321733
 37   15.834409 0.579420 -0.284600 0.064502 -0.081250 0.243358
 38   1.108434 -3.453749 -2.823813 -0.004273 0.010243 -0.020099
 39   -4.457742 -1.054854 -0.746180 0.000000 0.000000 0.000000
 40   1.149352 -3.449769 3.237290 -0.004273 0.010232 -0.020100
 41   -4.433840 -1.059130 0.959566 -0.000001 0.000000 0.000000
 42   -0.438711 1.830119 -2.032344 0.099256 0.200687 -0.048931
 43   -0.519532 1.636076 2.588118 -0.074890 -0.149820 -0.000084
time 6
  0   1.555968 2.992279 3.090309 0.000000 0.000000 -1.571069
  1   -1.093036 0.000002 -0.326057 -0.420888 -1.636316 -1.169515
  2   2.262337 0.113614 0.064702 -0.020432 0.028896 -0.019005
  3   2.380047 0.353302 0.047440 -0.002430 0.004970 -0.004265
  4   2.033756 0.190472 -0.000128 0.004140 -0.004470 -0.063022
  5   2.451511 0.204909 -0.003447 -0.003304 0.099844 0.031663
  6   7.247600 -0.397300 -0.109469 0.000001 -0.000003 0.156829
  7   -2.022252 -0.104661 3.136172 0.526938 -1.285761 -3.816654
  8   1.168026 -0.537438 -0.063437 0.958870 0.918554 0.933851
  9   6.790376 -0.619176 0.015206 -0.000102 -0.000151 -0.713018
 10   8.637599 0.544015 -0.090417 -1.877018 -0.048630 -0.158410
 11   6.790465 -0.619039 0.017802 -0.000692 -0.011253 -0.514316
 12   -2.022474 -0.104699 -2.873818 -0.213216 1.237287 -3.496727
 13   1.167898 -0.537463 0.063297 -0.665686 -0.839084 0.557253
 14   7.002743 -0.617765 -0.183752 0.000115 0.000023 -0.661612
 15   8.209042 0.615527 -0.255885 1.762790 0.147095 -0.007103
 16   7.002735 -0.617911 -0.183641 0.014345 0.003590 -0.481768
 17   1.574674 0.609930 -0.000899 -0.094482 -0.011541 0.061273
 18   -0.602177 0.511412 -0.000006 0.000000 0.000000 0.000000
 19   3.677679 0.177020 1.119313 -0.000002 -0.000014 -0.174510
 20   3.673767 0.176993 -1.117566 0.000007 -0.000003 -0.174546
 21   3.856417 1.330634 1.627658 0.008691 -0.061732 0.126490
 22   -0.277311 -0.011889 0.477457 -0.000011 0.000031 0.000025
 23   3.860340 1.330659 -1.631083 -0.008682 0.061735 0.126543
 24   -0.273495 -0.011872 -0.485260 -0.000005 -0.000006 0.000048
 25   4.941364 1.997338 1.629330 0.000018 -0.000001 -0.000024
 26   4.941382 1.997366 -1.629410 -0.000001 0.000005 -0.000024
 27   2.949619 1.642703 1.514501 -0.006191 0.043973 -0.192377
 28   2.952049 1.642309 -1.501142 0.006182 -0.043992 -0.192233
 29   8.824059 0.150544 0.091743 0.005799 -0.029619 -0.173729
 30   2.095459 -0.561179 1.796039 0.010908 -0.054095 0.000646
 31   2.140822 -0.561289 -1.834067 0.010174 -0.050067 0.000744
 32   -0.810489 -0.093824 3.127092 -0.023231 -3.031302 -0.330433
 33   14.298673 -0.408176 0.475484 -0.000052 -0.000029 -0.473560
 34   15.835795 0.581398 0.242756 -0.134843 -0.100250 0.070295
 35   -0.815868 -0.091229 -3.114430 0.111439 3.266419 -0.061574
 36   14.294526 -0.410349 -0.463635 0.000045 0.000048 -0.340195
 37   15.834409 0.579420 -0.284600 0.100833 -0.062207 0.248326
 38   1.096715 -3.453749 -2.823813 -0.005999 0.014364 -0.028347
 39   -4.457742 -1.054854 -0.746180 0.000000 0.000000 0.000000
 40   1.157165 -3.449769 3.237290 -0.005999 0.014365 -0.028348
 41   -4.433840 -1.059130 0.959566 -0.000001 0.000000 0.000000
 42   -0.372303 1.873089 -1.833119 0.128655 0.260084 -0.066914
 43   -0.476562 1.624357 2.502178 -0.097042 -0.194164 -0.000167
time 7
  0   2.708347 2.937590 3.113747 0.000000 0.000000 -1.571069
  1   -1.093036 0.000002 -0.326057 -0.669905 -1.622934 -0.945769
  2   2.262337 0.113614 0.064702 -0.019961 0.032467 -0.018788
  3   2.380047 0.353302 0.047440 -0.001905 0.003112 -0.005081
  4   2.033756 0.190472 -0.000128 0.004693 -0.007826 -0.064110
  5   2.451511 0.204909 -0.003447 -0.001541 0.086841 0.029954
  6   7.247600 -0.397300 -0.109469 0.000001 -0.000003 0.156829
  7   -2.022252 -0.104661 3.136172 0.540358 -1.275614 -3.826233
  8   1.168026 -0.537438 -0.063437 1.047526 0.807611 0.959914
  9   6.790376 -0.619176 0.015206 -0.000102 -0.000151 -0.913535
 10   8.637599 0.544015 -0.090417 -1.757338 -0.192015 -0.302158
 11   6.790465 -0.619039 0.017802 0.000067 -0.011395 -0.654639
 12   -2.022474 -0.104699 -2.873818 -0.186006 1.194854 -3.469346
 13   1.167898 -0.537463 0.063297 -0.804236 -0.672235 0.641396
 14   7.002743 -0.617765 -0.183752 0.000115 0.000023 -0.904838
 15   8.209042 0.615527 -0.255885 1.748410 0.273976 -0.141089
 16   7.002735 -0.617911 -0.183641 0.014203 0.004887 -0.652038
 17   1.574674 0.609930 -0.000899 -0.154722 0.032361 0.150830
 18   -0.602177 0.511412 -0.000006 0.000000 0.000000 0.000000
 19   3.677679 0.177020 1.119313 -0.000002 -0.000014 -0.174510
 20   3.673767 0.176993 -1.117566 0.000007 -0.000003 -0.174546
 21   3.836885 1.330634 1.627658 0.010513 -0.074687 0.153061
 22   -0.285124 -0.011889 0.473551 -0.000011 0.000031 0.000025
 23   3.836902 1.330659 -1.631083 -0.010491 0.074690 0.153088
 24   -0.277401 -0.011872 -0.477447 -0.000005 -0.000006 0.000048
 25   4.941364 1.997338 1.629330 0.000018 -0.000001 -0.000024
 26   4.941382 1.997366 -1.629410 -0.000001 0.000005 -0.000024
 27   2.957432 1.642703 1.514501 -0.007485 0.053226 -0.232707
 28   2.959862 1.642309 -1.501142 0.007476 -0.053245 -0.232642
 29   8.824059 0.150544 0.091743 0.007759 -0.039233 -0.173461
 30   2.091553 -0.561179 1.803852 0.014461 -0.071531 0.000839
 31   2.140822 -0.561289 -1.822348 0.013499 -0.066411 0.001017
 32   -0.810489 -0.093824 3.127092 -0.031620 -3.090038 -0.309144
 33   14.298673 -0.408176 0.475484 -0.000052 -0.000029 -0.454028
 34   15.835795 0.581398 0.242756 -0.169714 -0.062717 0.076734
 35   -0.815868 -0.091229 -3.114430 0.071745 3.222010 -0.068750
 36   14.294526 -0.410349 -0.463635 0.000045 0.000048 -0.371710
 37   15.834409 0.579420 -0.284600 0.164097 -0.030136 0.258518
 38   1.081089 -3.461562 -2.823813 -0.007978 0.019064 -0.037511
 39   -4.457742 -1.054854 -0.746180 0.000000 0.000000 0.000000
 40   1.176697 -3.441956 3.237290 -0.007978 0.019065 -0.037512
 41   -4.433840 -1.059130 0.959566 -0.000001 0.000000 0.000000
 42   -0.309801 1.908246 -1.653426 0.155656 0.314667 -0.086193
 43   -0.425779 1.604825 2.424051 -0.117432 -0.234899 -0.000335
time 8
  0   3.544310 2.898526 3.133279 0.000000 0.000000 -1.571069
  1   -1.093036 0.000002 -0.326057 -0.930503 -1.616081 -0.703442
  2   2.262337 0.113614 0.064702 -0.019961 0.026271 -0.019276
  3   2.380047 0.353302 0.047440 -0.001635 0.001638 -0.005714
  4   2.033756 0.190472 -0.000128 0.004988 -0.007358 -0.064508
  5   2.451511 0.204909 -0.003447 0.000000 0.083316 0.029112
  6   7.247600 -0.397300 -0.109469 0.000001 -0.000003 0.156829
  7   -2.022252 -0.104661 3.136172 0.549464 -1.268234 -3.832525
  8   1.168026 -0.537438 -0.063437 1.103846 0.726253 0.968834
  9   6.790376 -0.619176 0.015206 -0.000102 -0.000151 -1.059414
 10   8.637599 0.544015 -0.090417 -1.668745 -0.159565 -0.443953
 11   6.790465 -0.619039 0.017802 0.000651 -0.011509 -0.756781
 12   -2.022474 -0.104699 -2.873818 -0.169049 1.163943 -3.452304
 13   1.167898 -0.537463 0.063297 -0.884582 -0.546832 0.679049
 14   7.002743 -0.617765 -0.183752 0.000115 0.000023 -1.081482
 15   8.209042 0.615527 -0.255885 1.711883 0.225251 -0.311037
 16   7.002735 -0.617911 -0.183641 0.014015 0.005789 -0.775780
 17   1.574674 0.609930 -0.000899 -0.196114 0.067364 0.215808
 18   -0.602177 0.511412 -0.000006 0.000000 0.000000 0.000000
 19   3.677679 0.177020 1.119313 -0.000002 -0.000014 -0.174510
 20   3.673767 0.176993 -1.117566 0.000007 -0.000003 -0.174546
 21   3.825166 1.330634 1.627658 0.012011 -0.085341 0.174923
 22   -0.285124 -0.011889 0.465738 -0.000011 0.000031 0.000025
 23   3.825183 1.330659 -1.631083 -0.012002 0.085344 0.174950
 24   -0.277401 -0.011872 -0.465728 -0.000005 -0.000006 0.000048
 25   4.941364 1.997338 1.629330 0.000018 -0.000001 -0.000024
 26   4.941382 1.997366 -1.629410 -0.000001 0.000005 -0.000024
 27   2.961338 1.646609 1.514501 -0.008576 0.060824 -0.265955
 28   2.963768 1.646215 -1.501142 0.008567 -0.060843 -0.265851
 29   8.824059 0.150544 0.091743 0.009809 -0.049820 -0.173139
 30   2.079834 -0.561179 1.815571 0.018407 -0.090798 0.001075
 31   2.152541 -0.553476 -1.814535 0.017145 -0.084465 0.001290
 32   -0.810489 -0.093824 3.127092 -0.036746 -3.132728 -0.293946
 33   14.298673 -0.408176 0.475484 -0.000052 -0.000029 -0.440054
 34   15.835795 0.581398 0.242756 -0.194809 -0.035336 0.080747
 35   -0.815868 -0.091229 -3.114430 0.041996 3.189875 -0.075104
 36   14.294526 -0.410349 -0.463635 0.000045 0.000048 -0.394652
 37   15.834409 0.579420 -0.284600 0.211225 -0.007458 0.267035
 38   1.065464 -3.461562 -2.823813 -0.010167 0.024258 -0.047775
 39   -4.457742 -1.054854 -0.746180 0.000000 0.000000 0.000000
 40   1.192322 -3.441956 3.237290 -0.010167 0.024259 -0.047776
 41   -4.433840 -1.059130 0.959566 -0.000001 0.000000 0.000000
 42   -0.259018 1.947310 -1.504984 0.177887 0.359637 -0.106226
 43   -0.390622 1.593106 2.361549 -0.134199 -0.268463 -0.000502
time 9
  0   3.977917 2.878994 3.141092 0.000000 0.000000 -1.571069
  1   -1.093036 0.000002 -0.326057 -1.091536 -1.614044 -0.551988
  2   2.262337 0.113614 0.064702 -0.020063 0.021010 -0.019728
  3   2.380047 0.353302 0.047440 -0.001530 0.000859 -0.006020
  4   2.033756 0.190472 -0.000128 0.005099 -0.006496 -0.064798
  5   2.451511 0.204909 -0.003447 0.000856 0.082833 0.028716
  6   7.247600 -0.397300 -0.109469 0.000001 -0.000003 0.156829
  7   -2.022252 -0.104661 3.136172 0.553682 -1.264372 -3.835437
  8   1.168026 -0.537438 -0.063437 1.130803 0.684492 0.970858
  9   6.790376 -0.619176 0.015206 -0.000102 -0.000151 -1.133900
 10   8.637599 0.544015 -0.090417 -1.627795 -0.101141 -0.539303
 11   6.790465 -0.619039 0.017802 0.000972 -0.011566 -0.808977
 12   -2.022474 -0.104699 -2.873818 -0.161001 1.148009 -3.444549
 13   1.167898 -0.537463 0.063297 -0.921346 -0.481994 0.692851
 14   7.002743 -0.617765 -0.183752 0.000115 0.000023 -1.171578
 15   8.209042 0.615527 -0.255885 1.709151 0.139150 -0.452360
 16   7.002735 -0.617911 -0.183641 0.013968 0.006353 -0.838755
 17   1.574674 0.609930 -0.000899 -0.216627 0.086368 0.249553
 18   -0.602177 0.511412 -0.000006 0.000000 0.000000 0.000000
 19   3.673773 0.177020 1.119313 -0.000002 -0.000014 -0.174510
 20   3.673767 0.176993 -1.117566 0.000007 -0.000003 -0.174546
 21   3.813447 1.330634 1.627658 0.013017 -0.092592 0.189774
 22   -0.289030 -0.011889 0.457925 -0.000011 0.000031 0.000025
 23   3.813464 1.330659 -1.631083 -0.013008 0.092595 0.189800
 24   -0.285214 -0.011872 -0.465728 -0.000005 -0.000006 0.000048
 25   4.941364 1.997338 1.629330 0.000018 -0.000001 -0.000024
 26   4.941382 1.997366 -1.629410 -0.000001 0.000005 -0.000024
 27   2.969151 1.646609 1.514501 -0.009283 0.065977 -0.288540
 28   2.971581 1.646215 -1.501142 0.009274 -0.065996 -0.288357
 29   8.824059 0.150544 0.091743 0.012126 -0.061333 -0.172817
 30   2.072021 -0.561179 1.823384 0.022665 -0.111663 0.001332
 31   2.160354 -0.553476 -1.802816 0.021129 -0.104020 0.001599
 32   -0.810489 -0.093824 3.127092 -0.039356 -3.154790 -0.286034
 33   14.298673 -0.408176 0.475484 -0.000052 -0.000029 -0.432908
 34   15.835795 0.581398 0.242756 -0.207667 -0.021231 0.082555
 35   -0.815868 -0.091229 -3.114430 0.026329 3.173667 -0.078719
 36   14.294526 -0.410349 -0.463635 0.000045 0.000048 -0.406470
 37   15.834409 0.579420 -0.284600 0.235971 0.004060 0.271954
 38   1.045932 -3.461562 -2.823813 -0.012503 0.029861 -0.058833
 39   -4.457742 -1.054854 -0.746180 0.000000 0.000000 0.000000
 40   1.211854 -3.441956 3.237290 -0.012503 0.029862 -0.058773
 41   -4.433840 -1.059130 0.959566 -0.000001 0.000000 0.000000
 42   -0.223861 1.978561 -1.403418 0.192988 0.390133 -0.126383
 43   -0.351558 1.581387 2.314672 -0.145594 -0.291247 -0.000753
time 10
  0   4.837318 2.836024 3.152811 0.000000 0.000000 -1.571069
  1   -1.093036 0.000002 -0.326057 -1.441218 -1.613673 -0.221159
  2   2.262337 0.113614 0.064702 -0.020114 0.008785 -0.020939
  3   2.380047 0.353302 0.047440 -0.001305 -0.000687 -0.006714
  4   2.033756 0.190472 -0.000128 0.005320 -0.004195 -0.065088
  5   2.451511 0.204909 -0.003447 0.002636 0.082820 0.028171
  6   7.247600 -0.397300 -0.109469 0.000001 -0.000003 0.156829
  7   -2.022252 -0.104661 3.136172 0.561830 -1.256761 -3.840696
  8   1.168026 -0.537438 -0.063437 1.181997 0.600970 0.970605
  9   6.790376 -0.619176 0.015206 -0.000102 -0.000151 -1.281590
 10   8.637599 0.544015 -0.090417 -1.619252 -0.071225 -0.574607
 11   6.790465 -0.619039 0.017802 0.001556 -0.011651 -0.912272
 12   -2.022474 -0.104699 -2.873818 -0.146534 1.115996 -3.430092
 13   1.167898 -0.537463 0.063297 -0.988196 -0.352370 0.711435
 14   7.002743 -0.617765 -0.183752 0.000115 0.000023 -1.348717
 15   8.209042 0.615527 -0.255885 1.718786 0.095949 -0.511896
 16   7.002735 -0.617911 -0.183641 0.013733 0.007255 -0.962718
 17   1.574674 0.609930 -0.000899 -0.256435 0.126697 0.318337
 18   -0.602177 0.511412 -0.000006 0.000000 0.000000 0.000000
 19   3.673773 0.177020 1.119313 -0.000002 -0.000014 -0.174510
 20   3.673767 0.176993 -1.117566 0.000007 -0.000003 -0.174546
 21   3.813447 1.330634 1.627658 0.013413 -0.095253 0.195285
 22   -0.296843 -0.011889 0.457925 -0.000011 0.000031 0.000025
 23   3.813464 1.330659 -1.631083 -0.013392 0.095268 0.195259
 24   -0.285214 -0.011872 -0.457915 -0.000005 -0.000006 0.000048
 25   4.941364 1.997338 1.629330 0.000018 -0.000001 -0.000024
 26   4.941382 1.997366 -1.629410 -0.000001 0.000005 -0.000024
 27   2.969151 1.646609 1.514501 -0.009571 0.067895 -0.296842
 28   2.971581 1.646215 -1.501142 0.009562 -0.067914 -0.296738
 29   8.824059 0.150544 0.091743 0.014533 -0.073558 -0.172495
 30   2.068115 -0.561179 1.827290 0.027221 -0.133894 0.001568
 31   2.164260 -0.553476 -1.791097 0.025358 -0.124897 0.001945
 32   -0.810489 -0.093824 3.127092 -0.043737 -3.199295 -0.269697
 33   14.298673 -0.408176 0.475484 -0.000052 -0.000029 -0.418299
 34   15.835795 0.581398 0.242756 -0.233406 0.007175 0.086216
 35   -0.815868 -0.091229 -3.114430 -0.006236 3.140876 -0.086771
 36   14.294526 -0.410349 -0.463635 0.000045 0.000048 -0.430416
 37   15.834409 0.579420 -0.284600 0.287453 0.026686 0.282500
 38   1.026400 -3.461562 -2.823813 -0.015008 0.035850 -0.070563
 39   -4.457742 -1.054854 -0.746180 0.000000 0.000000 0.000000
 40   1.231386 -3.441956 3.237290 -0.015008 0.035852 -0.070564
 41   -4.433840 -1.059130 0.959566 -0.000001 0.000000 0.000000
 42   -0.204329 1.994186 -1.368261 0.198549 0.401387 -0.146123
 43   -0.328120 1.573574 2.299047 -0.149767 -0.299626 -0.001046
time 11
  0   5.630311 2.773522 3.176249 0.000000 0.000000 -1.571069
  1   -1.093036 0.000002 -0.326057 -1.735091 -1.618443 0.055185
  2   2.262337 0.113614 0.064702 -0.019821 -0.003798 -0.022836
  3   2.380047 0.353302 0.047440 -0.001080 -0.002281 -0.007428
  4   2.033756 0.190472 -0.000128 0.005431 -0.001750 -0.065233
  5   2.451511 0.204909 -0.003447 0.004519 0.083329 0.027750
  6   7.247600 -0.397300 -0.109469 0.000001 -0.000003 0.156829
  7   -2.022252 -0.104661 3.136172 0.568348 -1.249872 -3.844546
  8   1.168026 -0.537438 -0.063437 1.225977 0.525197 0.966177
  9   6.790376 -0.619176 0.015206 -0.000102 -0.000151 -1.414262
 10   8.637599 0.544015 -0.090417 -1.619252 -0.071225 -0.574607
 11   6.790465 -0.619039 0.017802 0.002140 -0.011708 -1.005187
 12   -2.022474 -0.104699 -2.873818 -0.134558 1.086508 -3.418316
 13   1.167898 -0.537463 0.063297 -1.043587 -0.234849 0.719728
 14   7.002743 -0.617765 -0.183752 0.000115 0.000023 -1.505642
 15   8.209042 0.615527 -0.255885 1.718786 0.095949 -0.511896
 16   7.002735 -0.617911 -0.183641 0.013544 0.008214 -1.072552
 17   1.574674 0.609930 -0.000899 -0.292465 0.167569 0.386272
 18   -0.602177 0.511412 -0.000006 0.000000 0.000000 0.000000
 19   3.677679 0.177020 1.119313 -0.000002 -0.000014 -0.174510
 20   3.673767 0.176993 -1.117566 0.000007 -0.000003 -0.174546
 21   3.813447 1.330634 1.627658 0.013413 -0.095253 0.195285
 22   -0.296843 -0.011889 0.457925 -0.000011 0.000031 0.000025
 23   3.813464 1.330659 -1.631083 -0.013392 0.095268 0.195259
 24   -0.285214 -0.011872 -0.457915 -0.000005 -0.000006 0.000048
 25   4.941364 1.997338 1.629330 0.000018 -0.000001 -0.000024
 26   4.941382 1.997366 -1.629410 -0.000001 0.000005 -0.000024
 27   2.969151 1.646609 1.514501 -0.009571 0.067895 -0.296842
 28   2.971581 1.646215 -1.501142 0.009562 -0.067914 -0.296738
 29   8.824059 0.150544 0.091743 0.017117 -0.086424 -0.172066
 30   2.060302 -0.561179 1.835103 0.032008 -0.157258 0.001847
 31   2.175979 -0.549570 -1.783284 0.029801 -0.146783 0.002254
 32   -0.810489 -0.093824 3.127092 -0.046906 -3.239980 -0.253474
 33   14.298673 -0.408176 0.475484 -0.000052 -0.000029 -0.404960
 34   15.835795 0.581398 0.242756 -0.256937 0.033312 0.089656
 35   -0.815868 -0.091229 -3.114430 -0.039418 3.111832 -0.095043
 36   14.294526 -0.410349 -0.463635 0.000045 0.000048 -0.452739
 37   15.834409 0.579420 -0.284600 0.339802 0.046445 0.293350
 38   1.002962 -3.465468 -2.823813 -0.017639 0.042153 -0.082965
 39   -4.457742 -1.054854 -0.746180 0.000000 0.000000 0.000000
 40   1.254824 -3.438050 3.237290 -0.017639 0.042154 -0.082966
 41   -4.433840 -1.059130 0.959566 -0.000001 0.000000 0.000000
 42   -0.192610 2.005905 -1.372167 0.197973 0.400099 -0.164859
 43   -0.304682 1.581387 2.299047 -0.149192 -0.298716 -0.002509
time 12
  0   5.438899 2.539140 3.180156 0.000000 0.000000 -1.571069
  1   -1.093036 0.000002 -0.326057 -1.693483 -1.630945 0.014442
  2   2.262337 0.113614 0.064702 -0.018267 -0.008892 -0.025113
  3   2.380047 0.353302 0.047440 -0.000180 -0.002653 -0.008530
  4   2.033756 0.190472 -0.000128 0.005892 -0.000383 -0.065668
  5   2.451511 0.204909 -0.003447 0.010390 0.083890 0.022896
  6   7.247600 -0.397300 -0.109469 0.000001 -0.000003 0.156829
  7   -2.022252 -0.104661 3.136172 0.564131 -1.248171 -3.839757
  8   1.168026 -0.537438 -0.063437 1.236292 0.505323 0.962065
  9   6.790376 -0.619176 0.015206 -0.000102 -0.000151 -1.454486
 10   8.637599 0.544015 -0.090417 -1.619252 -0.071225 -0.574607
 11   6.790465 -0.619039 0.017802 0.002286 -0.011708 -1.033390
 12   -2.022474 -0.104699 -2.873818 -0.135420 1.077597 -3.418699
 13   1.167898 -0.537463 0.063297 -1.055608 -0.200879 0.717912
 14   7.002743 -0.617765 -0.183752 0.000115 0.000023 -1.551268
 15   8.209042 0.615527 -0.255885 1.718786 0.095949 -0.511896
 16   7.002735 -0.617911 -0.183641 0.013497 0.008439 -1.104619
 17   1.574674 0.609930 -0.000899 -0.316106 0.194408 0.453800
 18   -0.602177 0.511412 -0.000006 0.000000 0.000000 0.000000
 19   3.677679 0.177020 1.119313 -0.000002 -0.000014 -0.174510
 20   3.673767 0.176993 -1.117566 0.000007 -0.000003 -0.174546
 21   3.813447 1.330634 1.627658 0.013413 -0.095253 0.195285
 22   -0.296843 -0.011889 0.457925 -0.000011 0.000031 0.000025
 23   3.813464 1.330659 -1.631083 -0.013392 0.095268 0.195259
 24   -0.285214 -0.011872 -0.457915 -0.000005 -0.000006 0.000048
 25   4.941364 1.997338 1.629330 0.000018 -0.000001 -0.000024
 26   4.941382 1.997366 -1.629410 -0.000001 0.000005 -0.000024
 27   2.969151 1.654422 1.514501 -0.009571 0.067895 -0.296842
 28   2.971581 1.646215 -1.501142 0.009562 -0.067914 -0.296738
 29   8.824059 0.150544 0.091743 0.019791 -0.099812 -0.171744
 30   2.048583 -0.568992 1.846822 0.036971 -0.181553 0.002147
 31   2.183792 -0.549570 -1.771565 0.034444 -0.169577 0.002618
 32   -0.810489 -0.093824 3.127092 -0.050355 -3.232531 -0.231047
 33   14.298673 -0.408176 0.475484 -0.000052 -0.000029 -0.405357
 34   15.835795 0.581398 0.242756 -0.250612 0.026918 0.096403
 35   -0.815868 -0.091229 -3.114430 -0.070663 3.131038 -0.072694
 36   14.294526 -0.410349 -0.463635 0.000045 0.000048 -0.442466
 37   15.834409 0.579420 -0.284600 0.391560 -0.013959 0.275807
 38   0.983430 -3.473281 -2.823813 -0.020397 0.048672 -0.095856
 39   -4.457742 -1.054854 -0.746180 0.000000 0.000000 0.000000
 40   1.274356 -3.430237 3.237290 -0.020397 0.048673 -0.095857
 41   -4.433840 -1.059130 0.959566 -0.000001 0.000000 0.000000
 42   -0.184797 2.021531 -1.387793 0.196368 0.396404 -0.182633
 43   -0.285150 1.585293 2.310766 -0.147518 -0.296017 -0.006315
time 13
  0   4.962322 2.402417 3.324691 0.000000 0.000000 -1.571069
  1   -1.093036 0.000002 -0.326057 -1.430213 -1.635066 -0.237611
  2   2.262337 0.113614 0.064702 -0.018292 -0.005380 -0.026974
  3   2.380047 0.353302 0.047440 -0.000165 -0.000723 -0.009489
  4   2.033756 0.190472 -0.000128 0.005892 0.000479 -0.066103
  5   2.451511 0.204909 -0.003447 0.012102 0.088917 0.016655
  6   7.247600 -0.397300 -0.109469 0.000001 -0.000003 0.156829
  7   -2.022252 -0.104661 3.136172 0.562597 -1.247854 -3.837972
  8   1.168026 -0.537438 -0.063437 1.234773 0.508694 0.961306
  9   6.790376 -0.619176 0.015206 -0.000102 -0.000151 -1.457731
 10   8.637599 0.544015 -0.090417 -1.619252 -0.071225 -0.574607
 11   6.790465 -0.619039 0.017802 0.002315 -0.011708 -1.035639
 12   -2.022474 -0.104699 -2.873818 -0.135803 1.077946 -3.418986
 13   1.167898 -0.537463 0.063297 -1.052093 -0.200574 0.714825
 14   7.002743 -0.617765 -0.183752 0.000115 0.000023 -1.552010
 15   8.209042 0.615527 -0.255885 1.718786 0.095949 -0.511896
 16   7.002735 -0.617911 -0.183641 0.013497 0.008439 -1.105060
 17   1.574674 0.609930 -0.000899 -0.322077 0.207259 0.477344
 18   -0.602177 0.511412 -0.000006 0.000000 0.000000 0.000000
 19   3.677679 0.177020 1.119313 -0.000002 -0.000014 -0.174510
 20   3.673767 0.176993 -1.117566 0.000007 -0.000003 -0.174546
 21   3.813447 1.330634 1.627658 0.013413 -0.095253 0.195285
 22   -0.296843 -0.011889 0.457925 -0.000011 0.000031 0.000025
 23   3.813464 1.330659 -1.631083 -0.013392 0.095268 0.195259
 24   -0.285214 -0.011872 -0.457915 -0.000005 -0.000006 0.000048
 25   4.941364 1.997338 1.629330 0.000018 -0.000001 -0.000024
 26   4.941382 1.997366 -1.629410 -0.000001 0.000005 -0.000024
 27   2.969151 1.646609 1.514501 -0.009571 0.067895 -0.296842
 28   2.971581 1.646215 -1.501142 0.009562 -0.067914 -0.296738
 29   8.824059 0.150544 0.091743 0.022554 -0.113580 -0.171261
 30   2.040770 -0.568992 1.858541 0.042056 -0.206515 0.002426
 31   2.195511 -0.541757 -1.759846 0.039178 -0.192966 0.002982
 32   -0.810489 -0.093824 3.127092 -0.050821 -3.203879 -0.213515
 33   14.298673 -0.408176 0.475484 -0.000052 -0.000029 -0.389001
 34   15.835795 0.581398 0.242756 -0.232624 0.010811 0.087627
 35   -0.815868 -0.091229 -3.114430 -0.059397 3.159426 -0.033201
 36   14.294526 -0.410349 -0.463635 0.000045 0.000048 -0.385537
 37   15.834409 0.579420 -0.284600 0.399992 -0.027167 0.251673
 38   0.959992 -3.473281 -2.823813 -0.023196 0.055409 -0.109175
 39   -4.457742 -1.054854 -0.746180 0.000000 0.000000 0.000000
 40   1.297794 -3.430237 3.237290 -0.023196 0.055410 -0.109176
 41   -4.433840 -1.059130 0.959566 -0.000001 0.000000 0.000000
 42   -0.180891 2.033250 -1.403418 0.193755 0.390424 -0.199361
 43   -0.273431 1.585293 2.314672 -0.144819 -0.291702 -0.012254
time 14
  0   4.708408 2.336009 3.387193 0.000000 0.000000 -1.571069
  1   -1.093036 0.000002 -0.326057 -1.289774 -1.637103 -0.375904
  2   2.262337 0.113614 0.064702 -0.018025 -0.004577 -0.028655
  3   2.380047 0.353302 0.047440 -0.000015 -0.000304 -0.010346
  4   2.033756 0.190472 -0.000128 0.005947 0.000707 -0.066538
  5   2.451511 0.204909 -0.003447 0.011862 0.090901 0.012767
  6   7.247600 -0.397300 -0.109469 0.000001 -0.000003 0.156829
  7   -2.022252 -0.104661 3.136172 0.563555 -1.247047 -3.838818
  8   1.168026 -0.537438 -0.063437 1.234520 0.510958 0.960357
  9   6.790376 -0.619176 0.015206 -0.000102 -0.000151 -1.459769
 10   8.637599 0.544015 -0.090417 -1.619252 -0.071225 -0.574607
 11   6.790465 -0.619039 0.017802 0.002315 -0.011708 -1.036965
 12   -2.022474 -0.104699 -2.873818 -0.135420 1.077858 -3.418507
 13   1.167898 -0.537463 0.063297 -1.050406 -0.200116 0.713372
 14   7.002743 -0.617765 -0.183752 0.000115 0.000023 -1.552258
 15   8.209042 0.615527 -0.255885 1.718786 0.095949 -0.511896
 16   7.002735 -0.617911 -0.183641 0.013497 0.008439 -1.105281
 17   1.574674 0.609930 -0.000899 -0.321752 0.214170 0.483442
 18   -0.602177 0.511412 -0.000006 0.000000 0.000000 0.000000
 19   3.673773 0.177020 1.119313 -0.000002 -0.000014 -0.174510
 20   3.673767 0.176993 -1.117566 0.000007 -0.000003 -0.174546
 21   3.813447 1.330634 1.627658 0.013413 -0.095253 0.195285
 22   -0.296843 -0.011889 0.457925 -0.000011 0.000031 0.000025
 23   3.813464 1.330659 -1.631083 -0.013392 0.095268 0.195259
 24   -0.285214 -0.011872 -0.457915 -0.000005 -0.000006 0.000048
 25   4.941364 1.997338 1.629330 0.000018 -0.000001 -0.000024
 26   4.941382 1.997366 -1.629410 -0.000001 0.000005 -0.000024
 27   2.969151 1.646609 1.514501 -0.009571 0.067895 -0.296842
 28   2.971581 1.646215 -1.508955 0.009562 -0.067914 -0.296738
 29   8.824059 0.150544 0.091743 0.025316 -0.127562 -0.170832
 30   2.036864 -0.568992 1.866354 0.047263 -0.231943 0.002726
 31   2.207230 -0.541757 -1.748127 0.044020 -0.216821 0.003346
 32   -0.810489 -0.093824 3.127092 -0.050355 -3.186402 -0.208677
 33   14.298673 -0.408176 0.475484 -0.000052 -0.000029 -0.383602
 34   15.835795 0.581398 0.242756 -0.228093 0.002343 0.084187
 35   -0.815868 -0.091229 -3.114430 -0.055876 3.176665 -0.013646
 36   14.294526 -0.410349 -0.463635 0.000045 0.000048 -0.351318
 37   15.834409 0.579420 -0.284600 0.399362 -0.035255 0.235043
 38   0.940460 -3.473281 -2.823813 -0.026080 0.062241 -0.122677
 39   -4.457742 -1.054854 -0.746180 0.000000 0.000000 0.000000
 40   1.317326 -3.430237 3.237290 -0.026080 0.062242 -0.122678
 41   -4.433840 -1.059130 0.959566 -0.000001 0.000000 0.000000
 42   -0.173078 2.037156 -1.430763 0.190231 0.382375 -0.215128
 43   -0.253899 1.593106 2.330298 -0.141146 -0.285817 -0.020116
time 15
  0   4.095108 2.308664 3.434070 0.000000 0.000000 -1.571069
  1   -1.093036 0.000002 -0.326057 -1.042225 -1.645114 -0.632215
  2   2.262337 0.113614 0.064702 -0.018076 -0.002456 -0.031311
  3   2.380047 0.353302 0.047440 -0.000015 0.000847 -0.011795
  4   2.033756 0.190472 -0.000128 0.005984 0.001318 -0.067336
  5   2.451511 0.204909 -0.003447 0.011520 0.094452 0.005486
  6   7.247600 -0.397300 -0.109469 0.000001 -0.000003 0.156829
  7   -2.022252 -0.104661 3.136172 0.562118 -1.247335 -3.837691
  8   1.168026 -0.537438 -0.063437 1.235469 0.516140 0.960989
  9   6.790376 -0.619176 0.015206 -0.000102 -0.000151 -1.464297
 10   8.637599 0.544015 -0.090417 -1.619252 -0.071225 -0.574607
 11   6.790465 -0.619039 0.017802 0.002315 -0.011708 -1.040138
 12   -2.022474 -0.104699 -2.873818 -0.135899 1.077539 -3.419465
 13   1.167898 -0.537463 0.063297 -1.045977 -0.199913 0.710769
 14   7.002743 -0.617765 -0.183752 0.000115 0.000023 -1.553413
 15   8.209042 0.615527 -0.255885 1.718786 0.095949 -0.511896
 16   7.002735 -0.617911 -0.183641 0.013497 0.008439 -1.106054
 17   1.574674 0.609930 -0.000899 -0.313709 0.223305 0.498449
 18   -0.602177 0.511412 -0.000006 0.000000 0.000000 0.000000
 19   3.673773 0.177020 1.119313 -0.000002 -0.000014 -0.174510
 20   3.673767 0.176993 -1.117566 0.000007 -0.000003 -0.174546
 21   3.813447 1.330634 1.627658 0.013413 -0.095253 0.195285
 22   -0.296843 -0.011889 0.457925 -0.000011 0.000031 0.000025
 23   3.813464 1.330659 -1.631083 -0.013392 0.095268 0.195259
 24   -0.285214 -0.011872 -0.457915 -0.000005 -0.000006 0.000048
 25   4.941364 1.997338 1.629330 0.000018 -0.000001 -0.000024
 26   4.941382 1.997366 -1.629410 -0.000001 0.000005 -0.000024
 27   2.969151 1.646609 1.514501 -0.009571 0.067895 -0.296842
 28   2.971581 1.646215 -1.508955 0.009562 -0.067914 -0.296738
 29   8.824059 0.150544 0.091743 0.028168 -0.141686 -0.170403
 30   2.021238 -0.568992 1.870260 0.052511 -0.257603 0.003026
 31   2.215043 -0.533944 -1.728595 0.048923 -0.240831 0.003728
 32   -0.810489 -0.093824 3.127092 -0.050355 -3.145430 -0.208108
 33   14.298673 -0.408176 0.475484 -0.000052 -0.000029 -0.390430
 34   15.835795 0.581398 0.242756 -0.228392 -0.016472 0.082908
 35   -0.815868 -0.091229 -3.114430 -0.067142 3.214983 0.023000
 36   14.294526 -0.410349 -0.463635 0.000045 0.000048 -0.284965
 37   15.834409 0.579420 -0.284600 0.403105 -0.061695 0.208120
 38   0.917022 -3.477187 -2.823813 -0.028985 0.069146 -0.136301
 39   -4.457742 -1.054854 -0.746180 0.000000 0.000000 0.000000
 40   1.340764 -3.422424 3.237290 -0.028985 0.069147 -0.136302
 41   -4.433840 -1.059130 0.959566 -0.000001 0.000000 0.000000
 42   -0.169172 2.052782 -1.462014 0.185881 0.372409 -0.229974
 43   -0.242180 1.604825 2.342017 -0.136623 -0.278568 -0.029735
time 16
  0   3.536497 2.253975 3.445789 0.000000 0.000000 -1.571069
  1   -1.093036 0.000002 -0.326057 -0.905192 -1.662200 -0.788024
  2   2.262337 0.113614 0.064702 -0.018343 -0.001174 -0.032414
  3   2.380047 0.353302 0.047440 -0.000150 0.001578 -0.012325
  4   2.033756 0.190472 -0.000128 0.005892 0.001738 -0.067517
  5   2.451511 0.204909 -0.003447 0.009808 0.098891 0.001994
  6   7.247600 -0.397300 -0.109469 0.000001 -0.000003 0.156829
  7   -2.022252 -0.104661 3.136172 0.562980 -1.247508 -3.837972
  8   1.168026 -0.537438 -0.063437 1.237937 0.521021 0.961812
  9   6.790376 -0.619176 0.015206 -0.000102 -0.000151 -1.469051
 10   8.637599 0.544015 -0.090417 -1.619252 -0.071225 -0.574607
 11   6.790465 -0.619039 0.017802 0.002403 -0.011708 -1.043483
 12   -2.022474 -0.104699 -2.873818 -0.135420 1.076523 -3.418316
 13   1.167898 -0.537463 0.063297 -1.042673 -0.198336 0.708711
 14   7.002743 -0.617765 -0.183752 0.000115 0.000023 -1.554073
 15   8.209042 0.615527 -0.255885 1.718786 0.095949 -0.511896
 16   7.002735 -0.617911 -0.183641 0.013497 0.008439 -1.106495
 17   1.574674 0.609930 -0.000899 -0.296852 0.211164 0.518999
 18   -0.602177 0.511412 -0.000006 0.000000 0.000000 0.000000
 19   3.677679 0.177020 1.119313 -0.000002 -0.000014 -0.174510
 20   3.673767 0.184806 -1.117566 0.000007 -0.000003 -0.174546
 21   3.813447 1.330634 1.627658 0.013413 -0.095253 0.195285
 22   -0.296843 -0.011889 0.457925 -0.000011 0.000031 0.000025
 23   3.813464 1.338472 -1.631083 -0.013392 0.095268 0.195259
 24   -0.285214 -0.011872 -0.457915 -0.000005 -0.000006 0.000048
 25   4.941364 1.997338 1.629330 0.000018 -0.000001 -0.000024
 26   4.941382 1.997366 -1.629410 -0.000001 0.000005 -0.000024
 27   2.969151 1.654422 1.514501 -0.009571 0.067895 -0.296842
 28   2.971581 1.654028 -1.508955 0.009562 -0.067914 -0.296738
 29   8.824059 0.150544 0.091743 0.030931 -0.155834 -0.169920
 30   2.017332 -0.568992 1.885886 0.057745 -0.283263 0.003348
 31   2.226762 -0.533944 -1.716876 0.053795 -0.264920 0.004092
 32   -0.810489 -0.093824 3.127092 -0.054456 -3.103217 -0.200082
 33   14.298673 -0.408176 0.475484 -0.000052 -0.000029 -0.402896
 34   15.835795 0.581398 0.242756 -0.234763 -0.036947 0.086833
 35   -0.815868 -0.091229 -3.114430 -0.085625 3.250492 0.073777
 36   14.294526 -0.410349 -0.463635 0.000045 0.000048 -0.211197
 37   15.834409 0.579420 -0.284600 0.399244 -0.087111 0.182972
 38   0.897490 -3.485000 -2.823813 -0.031847 0.076051 -0.149864
 39   -4.457742 -1.054854 -0.746180 0.000000 0.000000 0.000000
 40   1.360296 -3.418518 3.237290 -0.031847 0.076052 -0.149865
 41   -4.433840 -1.059130 0.959566 -0.000001 0.000000 0.000000
 42   -0.161359 2.056688 -1.504984 0.180776 0.360695 -0.243859
 43   -0.230461 1.616544 2.361549 -0.131313 -0.270000 -0.041027
time 17
  0   2.645845 2.293039 3.387193 0.000000 0.000000 -1.571069
  1   -1.093036 0.000002 -0.326057 -0.797977 -1.687806 -0.940301
  2   2.262337 0.113614 0.064702 -0.019209 0.002038 -0.033010
  3   2.380047 0.353302 0.047440 -0.000570 0.003328 -0.012611
  4   2.033756 0.190472 -0.000128 0.005689 0.002625 -0.067662
  5   2.451511 0.204909 -0.003447 0.008610 0.104766 -0.000953
  6   7.247600 -0.397300 -0.109469 0.000001 -0.000003 0.156829
  7   -2.022252 -0.104661 3.136172 0.565856 -1.247508 -3.841259
  8   1.168026 -0.537438 -0.063437 1.241544 0.527411 0.964279
  9   6.790376 -0.619176 0.015206 -0.000102 -0.000151 -1.477051
 10   8.637599 0.544015 -0.090417 -1.619252 -0.071225 -0.574607
 11   6.790465 -0.619039 0.017802 0.002432 -0.011708 -1.049193
 12   -2.022474 -0.104699 -2.873818 -0.134750 1.075885 -3.418028
 13   1.167898 -0.537463 0.063297 -1.039088 -0.196658 0.706108
 14   7.002743 -0.617765 -0.183752 0.000115 0.000023 -1.555228
 15   8.209042 0.615527 -0.255885 1.718786 0.095949 -0.511896
 16   7.002735 -0.617911 -0.183641 0.013497 0.008439 -1.107268
 17   1.574674 0.609930 -0.000899 -0.247336 0.166149 0.548013
 18   -0.602177 0.511412 -0.000006 0.000000 0.000000 0.000000
 19   3.677679 0.177020 1.119313 -0.000002 -0.000014 -0.174510
 20   3.673767 0.176993 -1.117566 0.000007 -0.000003 -0.174546
 21   3.813447 1.330634 1.627658 0.013413 -0.095253 0.195285
 22   -0.296843 -0.011889 0.457925 -0.000011 0.000031 0.000025
 23   3.813464 1.330659 -1.631083 -0.013392 0.095268 0.195259
 24   -0.285214 -0.011872 -0.457915 -0.000005 -0.000006 0.000048
 25   4.941364 1.997338 1.629330 0.000018 -0.000001 -0.000024
 26   4.941382 1.997366 -1.629410 -0.000001 0.000005 -0.000024
 27   2.969151 1.646609 1.514501 -0.009571 0.067895 -0.296842
 28   2.971581 1.646215 -1.501142 0.009562 -0.067914 -0.296738
 29   8.824059 0.150544 0.091743 0.033783 -0.169792 -0.169491
 30   2.009519 -0.568992 1.889792 0.062966 -0.308691 0.003648
 31   2.234575 -0.530038 -1.709063 0.058637 -0.288723 0.004474
 32   -0.810489 -0.093824 3.127092 -0.060142 -3.038561 -0.194332
 33   14.298673 -0.408176 0.475484 -0.000052 -0.000029 -0.433861
 34   15.835795 0.581398 0.242756 -0.261698 -0.067061 0.096977
 35   -0.815868 -0.091229 -3.114430 -0.102260 3.295743 0.128608
 36   14.294526 -0.410349 -0.463635 0.000045 0.000048 -0.135189
 37   15.834409 0.579420 -0.284600 0.361455 -0.105719 0.161170
 38   0.874052 -3.485000 -2.823813 -0.034731 0.082908 -0.163366
 39   -4.457742 -1.054854 -0.746180 0.000000 0.000000 0.000000
 40   1.383734 -3.418518 3.237290 -0.034731 0.082897 -0.163367
 41   -4.433840 -1.059130 0.959566 -0.000001 0.000000 0.000000
 42   -0.153546 2.068407 -1.547954 0.174963 0.347417 -0.256907
 43   -0.218742 1.628263 2.384987 -0.125316 -0.260287 -0.053782
time 18
  0   2.095047 2.378979 3.238751 0.000000 0.000000 -1.571069
  1   -1.093036 0.000002 -0.326057 -0.683844 -1.713505 -1.091175
  2   2.262337 0.113614 0.064702 -0.020356 0.006844 -0.033841
  3   2.380047 0.353302 0.047440 -0.001125 0.005916 -0.012978
  4   2.033756 0.190472 -0.000128 0.005394 0.003907 -0.067807
  5   2.451511 0.204909 -0.003447 0.004382 0.115041 -0.003034
  6   7.247600 -0.397300 -0.109469 0.000001 -0.000003 0.156829
  7   -2.022252 -0.104661 3.136172 0.567965 -1.248027 -3.843419
  8   1.168026 -0.537438 -0.063437 1.242240 0.528870 0.964026
  9   6.790376 -0.619176 0.015206 -0.000102 -0.000151 -1.481579
 10   8.637599 0.544015 -0.090417 -1.619252 -0.071225 -0.574607
 11   6.790465 -0.619039 0.017802 0.002432 -0.011708 -1.052307
 12   -2.022474 -0.104699 -2.873818 -0.132833 1.074666 -3.415635
 13   1.167898 -0.537463 0.063297 -1.037261 -0.195946 0.705079
 14   7.002743 -0.617765 -0.183752 0.000115 0.000023 -1.555228
 15   8.209042 0.615527 -0.255885 1.718786 0.095949 -0.511896
 16   7.002735 -0.617911 -0.183641 0.013450 0.008439 -1.107268
 17   1.574674 0.609930 -0.000899 -0.210859 0.135430 0.556440
 18   -0.602177 0.511412 -0.000006 0.000000 0.000000 0.000000
 19   3.677679 0.177020 1.119313 -0.000002 -0.000014 -0.174510
 20   3.673767 0.176993 -1.117566 0.000007 -0.000003 -0.174546
 21   3.813447 1.330634 1.627658 0.013413 -0.095253 0.195285
 22   -0.296843 -0.011889 0.457925 -0.000011 0.000031 0.000025
 23   3.813464 1.330659 -1.631083 -0.013392 0.095268 0.195259
 24   -0.285214 -0.011872 -0.457915 -0.000005 -0.000006 0.000048
 25   4.941364 1.997338 1.629330 0.000018 -0.000001 -0.000024
 26   4.941382 1.997366 -1.629410 -0.000001 0.000005 -0.000024
 27   2.969151 1.646609 1.514501 -0.009571 0.067895 -0.296842
 28   2.971581 1.646215 -1.508955 0.009562 -0.067914 -0.296738
 29   8.824059 0.150544 0.091743 0.036456 -0.183560 -0.169008
 30   1.997800 -0.572898 1.897605 0.068051 -0.333654 0.003948
 31   2.246294 -0.530038 -1.697344 0.063402 -0.312164 0.004838
 32   -0.810489 -0.093824 3.127092 -0.071047 -2.971230 -0.210555
 33   14.298673 -0.408176 0.475484 -0.000052 -0.000029 -0.496268
 34   15.835795 0.581398 0.242756 -0.270094 -0.088390 0.122953
 35   -0.815868 -0.091229 -3.114430 -0.106045 3.343806 0.105711
 36   14.294526 -0.410349 -0.463635 0.000045 0.000048 -0.195980
 37   15.834409 0.579420 -0.284600 0.331547 -0.128243 0.189107
 38   0.854520 -3.485000 -2.823813 -0.037573 0.089620 -0.176562
 39   -4.457742 -1.054854 -0.746180 0.000000 0.000000 0.000000
 40   1.403266 -3.418518 3.237290 -0.037573 0.089621 -0.176563
 41   -4.433840 -1.059130 0.959566 -0.000001 0.000000 0.000000
 42   -0.149640 2.076220 -1.590924 0.168551 0.332775 -0.269077
 43   -0.203116 1.647795 2.408425 -0.118644 -0.249539 -0.067792
time 19
  0   1.829414 2.418043 3.121560 0.000000 0.000000 -1.571069
  1   -1.093036 0.000002 -0.326057 -0.633380 -1.728600 -1.159789
  2   2.262337 0.113614 0.064702 -0.021757 0.010044 -0.033877
  3   2.380047 0.353302 0.047440 -0.001830 0.007654 -0.012958
  4   2.033756 0.190472 -0.000128 0.005062 0.004830 -0.067734
  5   2.451511 0.204909 -0.003447 0.001883 0.122352 -0.002662
  6   7.247600 -0.397300 -0.109469 0.000001 -0.000003 0.156829
  7   -2.022252 -0.104661 3.136172 0.571799 -1.248863 -3.847739
  8   1.168026 -0.537438 -0.063437 1.242936 0.528216 0.964532
  9   6.790376 -0.619176 0.015206 -0.000102 -0.000151 -1.483239
 10   8.637599 0.544015 -0.090417 -1.619252 -0.071225 -0.574607
 11   6.790465 -0.619039 0.017802 0.002432 -0.011708 -1.053518
 12   -2.022474 -0.104699 -2.873818 -0.131396 1.073302 -3.414965
 13   1.167898 -0.537463 0.063297 -1.037261 -0.195793 0.705563
 14   7.002743 -0.617765 -0.183752 0.000115 0.000023 -1.555228
 15   8.209042 0.615527 -0.255885 1.718786 0.095949 -0.511896
 16   7.002735 -0.617911 -0.183641 0.013497 0.008439 -1.107268
 17   1.574674 0.609930 -0.000899 -0.195220 0.119455 0.553594
 18   -0.602177 0.511412 -0.000006 0.000000 0.000000 0.000000
 19   3.677679 0.177020 1.119313 -0.000002 -0.000014 -0.174510
 20   3.673767 0.176993 -1.117566 0.000007 -0.000003 -0.174546
 21   3.813447 1.330634 1.627658 0.013413 -0.095253 0.195285
 22   -0.296843 -0.011889 0.457925 -0.000011 0.000031 0.000025
 23   3.813464 1.330659 -1.631083 -0.013392 0.095268 0.195259
 24   -0.285214 -0.011872 -0.457915 -0.000005 -0.000006 0.000048
 25   4.941364 1.997338 1.629330 0.000018 -0.000001 -0.000024
 26   4.941382 1.997366 -1.629410 -0.000001 0.000005 -0.000024
 27   2.969151 1.646609 1.514501 -0.009571 0.067895 -0.296842
 28   2.971581 1.646215 -1.508955 0.009562 -0.067914 -0.296738
 29   8.824059 0.150544 0.091743 0.039130 -0.196948 -0.168579
 30   1.986081 -0.572898 1.909324 0.073041 -0.357919 0.004227
 31   2.254107 -0.530038 -1.685625 0.068029 -0.334905 0.005202
 32   -0.810489 -0.093824 3.127092 -0.080182 -2.933219 -0.220630
 33   14.298673 -0.408176 0.475484 -0.000052 -0.000029 -0.528980
 34   15.835795 0.581398 0.242756 -0.268024 -0.097761 0.135478
 35   -0.815868 -0.091229 -3.114430 -0.104988 3.370132 0.092839
 36   14.294526 -0.410349 -0.463635 0.000045 0.000048 -0.227341
 37   15.834409 0.579420 -0.284600 0.315509 -0.137841 0.203405
 38   0.827175 -3.492813 -2.816000 -0.040309 0.096164 -0.189453
 39   -4.457742 -1.054854 -0.746180 0.000000 0.000000 0.000000
 40   1.430611 -3.410705 3.229477 -0.040309 0.096165 -0.189454
 41   -4.433840 -1.059130 0.959566 -0.000001 0.000000 0.000000
 42   -0.149640 2.084033 -1.641707 0.161612 0.316875 -0.280410
 43   -0.191397 1.659514 2.435770 -0.111460 -0.237833 -0.082973
time 20
  0   1.427058 2.527421 2.996556 0.000000 0.000000 -1.571069
  1   -1.093036 0.000002 -0.326057 -0.603721 -1.749298 -1.221532
  2   2.262337 0.113614 0.064702 -0.023719 0.013795 -0.033118
  3   2.380047 0.353302 0.047440 -0.002820 0.009691 -0.012427
  4   2.033756 0.190472 -0.000128 0.004564 0.005849 -0.067517
  5   2.451511 0.204909 -0.003447 -0.003954 0.131073 -0.000458
  6   7.247600 -0.397300 -0.109469 0.000001 -0.000003 0.156829
  7   -2.022252 -0.104661 3.136172 0.580426 -1.250045 -3.855722
  8   1.168026 -0.537438 -0.063437 1.244012 0.526555 0.965734
  9   6.790376 -0.619176 0.015206 -0.000102 -0.000151 -1.486409
 10   8.637599 0.544015 -0.090417 -1.619252 -0.071225 -0.574607
 11   6.790465 -0.619039 0.017802 0.002432 -0.011708 -1.055652
 12   -2.022474 -0.104699 -2.873818 -0.127852 1.071880 -3.411231
 13   1.167898 -0.537463 0.063297 -1.037964 -0.195641 0.706229
 14   7.002743 -0.617765 -0.183752 0.000115 0.000023 -1.554403
 15   8.209042 0.615527 -0.255885 1.718786 0.095949 -0.511896
 16   7.002735 -0.617911 -0.183641 0.013497 0.008439 -1.106771
 17   1.574674 0.609930 -0.000899 -0.171620 0.092829 0.548937
 18   -0.602177 0.511412 -0.000006 0.000000 0.000000 0.000000
 19   3.677679 0.177020 1.119313 -0.000002 -0.000014 -0.174510
 20   3.673767 0.176993 -1.117566 0.000007 -0.000003 -0.174546
 21   3.813447 1.330634 1.627658 0.013413 -0.095253 0.195285
 22   -0.296843 -0.011889 0.457925 -0.000011 0.000031 0.000025
 23   3.813464 1.330659 -1.631083 -0.013392 0.095268 0.195259
 24   -0.285214 -0.011872 -0.457915 -0.000005 -0.000006 0.000048
 25   4.941364 1.997338 1.629330 0.000018 -0.000001 -0.000024
 26   4.941382 1.997366 -1.629410 -0.000001 0.000005 -0.000024
 27   2.969151 1.646609 1.514501 -0.009571 0.067895 -0.296842
 28   2.971581 1.646215 -1.501142 0.009562 -0.067914 -0.296738
 29   8.824059 0.150544 0.091743 0.041714 -0.209814 -0.168096
 30   1.978268 -0.572898 1.921043 0.077814 -0.381312 0.004505
 31   2.258013 -0.522225 -1.673906 0.072488 -0.356844 0.005548
 32   -0.810489 -0.093824 3.127092 -0.093511 -2.883366 -0.226152
 33   14.298673 -0.408176 0.475484 -0.000052 -0.000029 -0.567488
 34   15.835795 0.581398 0.242756 -0.272555 -0.112891 0.149768
 35   -0.815868 -0.091229 -3.114430 -0.099796 3.401987 0.081172
 36   14.294526 -0.410349 -0.463635 0.000045 0.000048 -0.266272
 37   15.834409 0.579420 -0.284600 0.281384 -0.150562 0.221404
 38   0.811550 -3.492813 -2.816000 -0.042919 0.102454 -0.201855
 39   -4.457742 -1.054854 -0.746180 0.000000 0.000000 0.000000
 40   1.446236 -3.410705 3.229477 -0.042919 0.102443 -0.201856
 41   -4.433840 -1.059130 0.959566 -0.000001 0.000000 0.000000
 42   -0.141827 2.087939 -1.696396 0.154230 0.299979 -0.290908
 43   -0.187491 1.679046 2.459208 -0.103776 -0.225327 -0.099116
time 21
  0   1.227833 2.558672 3.055152 0.000000 0.000000 -1.571069
  1   -1.093036 0.000002 -0.326057 -0.671687 -1.745038 -1.182386
  2   2.262337 0.113614 0.064702 -0.022343 0.011889 -0.033353
  3   2.380047 0.353302 0.047440 -0.002100 0.008709 -0.012652
  4   2.033756 0.190472 -0.000128 0.004896 0.005297 -0.067589
  5   2.451511 0.204909 -0.003447 -0.000565 0.126699 -0.001721
  6   7.247600 -0.397300 -0.109469 0.000001 -0.000003 0.156829
  7   -2.022252 -0.104661 3.136172 0.577551 -1.250218 -3.853092
  8   1.168026 -0.537438 -0.063437 1.243569 0.527411 0.965481
  9   6.790376 -0.619176 0.015206 -0.000102 -0.000151 -1.488069
 10   8.637599 0.544015 -0.090417 -1.619252 -0.071225 -0.574607
 11   6.790465 -0.619039 0.017802 0.002432 -0.011708 -1.056806
 12   -2.022474 -0.104699 -2.873818 -0.129863 1.071357 -3.413433
 13   1.167898 -0.537463 0.063297 -1.037261 -0.195793 0.705563
 14   7.002743 -0.617765 -0.183752 0.000115 0.000023 -1.554898
 15   8.209042 0.615527 -0.255885 1.718786 0.095949 -0.511896
 16   7.002735 -0.617911 -0.183641 0.013497 0.008439 -1.106992
 17   1.574674 0.609930 -0.000899 -0.152894 0.082179 0.564831
 18   -0.602177 0.511412 -0.000006 0.000000 0.000000 0.000000
 19   3.677679 0.177020 1.119313 -0.000002 -0.000014 -0.174510
 20   3.673767 0.176993 -1.117566 0.000007 -0.000003 -0.174546
 21   3.813447 1.330634 1.627658 0.013413 -0.095253 0.195285
 22   -0.296843 -0.011889 0.457925 -0.000011 0.000031 0.000025
 23   3.813464 1.330659 -1.631083 -0.013392 0.095268 0.195259
 24   -0.285214 -0.011872 -0.457915 -0.000005 -0.000006 0.000048
 25   4.941364 1.997338 1.629330 0.000018 -0.000001 -0.000024
 26   4.941382 1.997366 -1.629410 -0.000001 0.000005 -0.000024
 27   2.969151 1.646609 1.514501 -0.009571 0.067895 -0.296842
 28   2.971581 1.646215 -1.508955 0.009562 -0.067914 -0.296738
 29   8.824059 0.150544 0.091743 0.044121 -0.222063 -0.167667
 30   1.974362 -0.572898 1.928856 0.082357 -0.403543 0.004763
 31   2.269732 -0.522225 -1.658280 0.076732 -0.377695 0.005857
 32   -0.810489 -0.093824 3.127092 -0.091833 -2.895686 -0.199285
 33   14.298673 -0.408176 0.475484 -0.000052 -0.000029 -0.542160
 34   15.835795 0.581398 0.242756 -0.310416 -0.122067 0.141388
 35   -0.815868 -0.091229 -3.114430 -0.106045 3.392618 0.106095
 36   14.294526 -0.410349 -0.463635 0.000045 0.000048 -0.235838
 37   15.834409 0.579420 -0.284600 0.254117 -0.151381 0.211061
 38   0.792018 -3.492813 -2.816000 -0.045445 0.108431 -0.213708
 39   -4.457742 -1.054854 -0.746180 0.000000 0.000000 0.000000
 40   1.465768 -3.410705 3.229477 -0.045445 0.108432 -0.213709
 41   -4.433840 -1.059130 0.959566 -0.000001 0.000000 0.000000
 42   -0.141827 2.095752 -1.758898 0.146464 0.282178 -0.300652
 43   -0.179678 1.698578 2.490459 -0.095705 -0.212130 -0.116095
time 22
  0   1.110642 2.546953 3.230938 0.000000 0.000000 -1.571069
  1   -1.093036 0.000002 -0.326057 -0.823392 -1.722395 -1.069110
  2   2.262337 0.113614 0.064702 -0.020114 0.006820 -0.036263
  3   2.380047 0.353302 0.047440 -0.000990 0.005940 -0.014284
  4   2.033756 0.190472 -0.000128 0.005486 0.003967 -0.068459
  5   2.451511 0.204909 -0.003447 0.005512 0.116111 -0.009299
  6   7.247600 -0.397300 -0.109469 0.000001 -0.000003 0.156829
  7   -2.022252 -0.104661 3.136172 0.569211 -1.248863 -3.844734
  8   1.168026 -0.537438 -0.063437 1.240152 0.530480 0.962824
  9   6.790376 -0.619176 0.015206 -0.000102 -0.000151 -1.490031
 10   8.637599 0.544015 -0.090417 -1.619252 -0.071225 -0.574607
 11   6.790465 -0.619039 0.017802 0.002461 -0.011708 -1.058363
 12   -2.022474 -0.104699 -2.873818 -0.132929 1.072866 -3.416784
 13   1.167898 -0.537463 0.063297 -1.034168 -0.196200 0.703081
 14   7.002743 -0.617765 -0.183752 0.000115 0.000023 -1.555558
 15   8.209042 0.615527 -0.255885 1.718786 0.095949 -0.511896
 16   7.002735 -0.617911 -0.183641 0.013450 0.008439 -1.107489
 17   1.574674 0.609930 -0.000899 -0.132462 0.061613 0.584974
 18   -0.602177 0.511412 -0.000006 0.000000 0.000000 0.000000
 19   3.673773 0.177020 1.119313 -0.000002 -0.000014 -0.174510
 20   3.673767 0.176993 -1.117566 0.000007 -0.000003 -0.174546
 21   3.813447 1.330634 1.627658 0.013413 -0.095253 0.195285
 22   -0.296843 -0.011889 0.457925 -0.000011 0.000031 0.000025
 23   3.813464 1.330659 -1.631083 -0.013392 0.095268 0.195259
 24   -0.285214 -0.011872 -0.457915 -0.000005 -0.000006 0.000048
 25   4.941364 1.997338 1.629330 0.000018 -0.000001 -0.000024
 26   4.941382 1.997366 -1.629410 -0.000001 0.000005 -0.000024
 27   2.969151 1.646609 1.514501 -0.009571 0.067895 -0.296842
 28   2.971581 1.646215 -1.508955 0.009562 -0.067914 -0.296738
 29   8.824059 0.150544 0.091743 0.046438 -0.233552 -0.167184
 30   1.966549 -0.580711 1.932762 0.086615 -0.424379 0.004999
 31   2.277545 -0.522225 -1.646561 0.080685 -0.397224 0.006166
 32   -0.810489 -0.093824 3.127092 -0.088850 -2.950410 -0.149705
 33   14.298673 -0.408176 0.475484 -0.000052 -0.000029 -0.465382
 34   15.835795 0.581398 0.242756 -0.372545 -0.127143 0.115103
 35   -0.815868 -0.091229 -3.114430 -0.113614 3.351207 0.157256
 36   14.294526 -0.410349 -0.463635 0.000045 0.000048 -0.148475
 37   15.834409 0.579420 -0.284600 0.214278 -0.145494 0.173947
 38   0.772486 -3.496719 -2.816000 -0.047781 0.114059 -0.224766
 39   -4.457742 -1.054854 -0.746180 0.000000 0.000000 0.000000
 40   1.485300 -3.406799 3.229477 -0.047781 0.114060 -0.224767
 41   -4.433840 -1.059130 0.959566 -0.000001 0.000000 0.000000
 42   -0.137921 2.099658 -1.813587 0.138374 0.263672 -0.309643
 43   -0.167959 1.706391 2.521710 -0.087334 -0.198385 -0.133702
time 23
  0   1.079391 2.558672 3.258283 0.000000 0.000000 -1.571069
  1   -1.093036 0.000002 -0.326057 -0.857978 -1.714153 -1.049416
  2   2.262337 0.113614 0.064702 -0.021693 0.006233 -0.038160
  3   2.380047 0.353302 0.047440 -0.001860 0.005713 -0.015284
  4   2.033756 0.190472 -0.000128 0.005025 0.003811 -0.069039
  5   2.451511 0.204909 -0.003447 0.000719 0.115106 -0.014995
  6   7.247600 -0.397300 -0.109469 0.000001 -0.000003 0.156829
  7   -2.022252 -0.104661 3.136172 0.574387 -1.248229 -3.849899
  8   1.168026 -0.537438 -0.063437 1.238633 0.531285 0.961369
  9   6.790376 -0.619176 0.015206 -0.000102 -0.000151 -1.491616
 10   8.637599 0.544015 -0.090417 -1.619252 -0.071225 -0.574607
 11   6.790465 -0.619039 0.017802 0.002461 -0.011708 -1.059286
 12   -2.022474 -0.104699 -2.873818 -0.129863 1.072576 -3.413433
 13   1.167898 -0.537463 0.063297 -1.032762 -0.197268 0.702052
 14   7.002743 -0.617765 -0.183752 0.000115 0.000023 -1.555558
 15   8.209042 0.615527 -0.255885 1.718786 0.095949 -0.511896
 16   7.002735 -0.617911 -0.183641 0.013497 0.008439 -1.107489
 17   1.574674 0.609930 -0.000899 -0.130106 0.043366 0.580613
 18   -0.602177 0.511412 -0.000006 0.000000 0.000000 0.000000
 19   3.677679 0.177020 1.119313 -0.000002 -0.000014 -0.174510
 20   3.673767 0.176993 -1.117566 0.000007 -0.000003 -0.174546
 21   3.813447 1.330634 1.627658 0.013413 -0.095253 0.195285
 22   -0.296843 -0.011889 0.457925 -0.000011 0.000031 0.000025
 23   3.813464 1.330659 -1.631083 -0.013392 0.095268 0.195259
 24   -0.285214 -0.011872 -0.457915 -0.000005 -0.000006 0.000048
 25   4.941364 1.997338 1.629330 0.000018 -0.000001 -0.000024
 26   4.941382 1.997366 -1.629410 -0.000001 0.000005 -0.000024
 27   2.969151 1.646609 1.514501 -0.009571 0.067895 -0.296842
 28   2.971581 1.646215 -1.501142 0.009562 -0.067914 -0.296738
 29   8.824059 0.150544 0.091743 0.048577 -0.244115 -0.166755
 30   1.962643 -0.580711 1.940575 0.090561 -0.443646 0.005235
 31   2.281451 -0.518319 -1.642655 0.084347 -0.415278 0.006439
 32   -0.810489 -0.093824 3.127092 -0.096587 -2.962157 -0.139630
 33   14.298673 -0.408176 0.475484 -0.000052 -0.000029 -0.446803
 34   15.835795 0.581398 0.242756 -0.383493 -0.129144 0.107253
 35   -0.815868 -0.091229 -3.114430 -0.110445 3.341651 0.159173
 36   14.294526 -0.410349 -0.463635 0.000045 0.000048 -0.139051
 37   15.834409 0.579420 -0.284600 0.196074 -0.147900 0.170550
 38   0.752954 -3.504532 -2.816000 -0.049971 0.119228 -0.234907
 39   -4.457742 -1.054854 -0.746180 0.000000 0.000000 0.000000
 40   1.504832 -3.398986 3.229477 -0.049971 0.119242 -0.234908
 41   -4.433840 -1.059130 0.959566 -0.000001 0.000000 0.000000
 42   -0.130108 2.099658 -1.876089 0.130081 0.244675 -0.317924
 43   -0.160146 1.729829 2.552961 -0.078713 -0.184153 -0.151769
time 24
  0   1.048140 2.625080 3.258283 0.000000 0.000000 -1.571069
  1   -1.093036 0.000002 -0.326057 -0.851899 -1.712255 -1.059771
  2   2.262337 0.113614 0.064702 -0.022534 0.006448 -0.038720
  3   2.380047 0.353302 0.047440 -0.002295 0.005832 -0.015570
  4   2.033756 0.190472 -0.000128 0.004822 0.003895 -0.069184
  5   2.451511 0.204909 -0.003447 -0.001267 0.115537 -0.016580
  6   7.247600 -0.397300 -0.109469 0.000001 -0.000003 0.156829
  7   -2.022252 -0.104661 3.136172 0.575825 -1.247883 -3.851120
  8   1.168026 -0.537438 -0.063437 1.237937 0.531587 0.961116
  9   6.790376 -0.619176 0.015206 -0.000102 -0.000151 -1.492295
 10   8.637599 0.544015 -0.090417 -1.619252 -0.071225 -0.574607
 11   6.790465 -0.619039 0.017802 0.002461 -0.011708 -1.059805
 12   -2.022474 -0.104699 -2.873818 -0.128426 1.072779 -3.412380
 13   1.167898 -0.537463 0.063297 -1.031567 -0.197624 0.702052
 14   7.002743 -0.617765 -0.183752 0.000115 0.000023 -1.555558
 15   8.209042 0.615527 -0.255885 1.718786 0.095949 -0.511896
 16   7.002735 -0.617911 -0.183641 0.013450 0.008439 -1.107489
 17   1.574674 0.609930 -0.000899 -0.130797 0.040668 0.577767
 18   -0.602177 0.511412 -0.000006 0.000000 0.000000 0.000000
 19   3.673773 0.177020 1.119313 -0.000002 -0.000014 -0.174510
 20   3.673767 0.176993 -1.117566 0.000007 -0.000003 -0.174546
 21   3.813447 1.330634 1.627658 0.013413 -0.095253 0.195285
 22   -0.296843 -0.011889 0.457925 -0.000011 0.000031 0.000025
 23   3.813464 1.330659 -1.631083 -0.013392 0.095268 0.195259
 24   -0.285214 -0.011872 -0.457915 -0.000005 -0.000006 0.000048
 25   4.941364 1.997338 1.629330 0.000018 -0.000001 -0.000024
 26   4.941382 1.997366 -1.629410 -0.000001 0.000005 -0.000024
 27   2.969151 1.646609 1.514501 -0.009571 0.067895 -0.296842
 28   2.971581 1.646215 -1.508955 0.009562 -0.067914 -0.296738
 29   8.824059 0.150544 0.091743 0.050448 -0.253753 -0.166379
 30   1.954830 -0.580711 1.948388 0.094127 -0.461082 0.005449
 31   2.289264 -0.518319 -1.634842 0.087672 -0.431621 0.006694
 32   -0.810489 -0.093824 3.127092 -0.098171 -2.960916 -0.141395
 33   14.298673 -0.408176 0.475484 -0.000052 -0.000029 -0.447438
 34   15.835795 0.581398 0.242756 -0.386001 -0.130120 0.106591
 35   -0.815868 -0.091229 -3.114430 -0.111502 3.341745 0.153914
 36   14.294526 -0.410349 -0.463635 0.000045 0.000048 -0.144381
 37   15.834409 0.579420 -0.284600 0.193571 -0.145878 0.172274
 38   0.737329 -3.504532 -2.808187 -0.051928 0.123928 -0.244255
 39   -4.457742 -1.054854 -0.746180 0.000000 0.000000 0.000000
 40   1.520457 -3.398986 3.221664 -0.051928 0.123917 -0.244256
 41   -4.433840 -1.059130 0.959566 -0.000001 0.000000 0.000000
 42   -0.130108 2.107471 -1.938591 0.121620 0.225326 -0.325494
 43   -0.156240 1.749361 2.584212 -0.069917 -0.169607 -0.170170
time 25
  0   0.954387 2.750084 3.203594 0.000000 0.000000 -1.571069
  1   -1.093036 0.000002 -0.326057 -0.800125 -1.713783 -1.116046
  2   2.262337 0.113614 0.064702 -0.024190 0.008018 -0.039515
  3   2.380047 0.353302 0.047440 -0.003165 0.006719 -0.015998
  4   2.033756 0.190472 -0.000128 0.004361 0.004350 -0.069329
  5   2.451511 0.204909 -0.003447 -0.005375 0.117913 -0.018661
  6   7.247600 -0.397300 -0.109469 0.000001 -0.000003 0.156829
  7   -2.022252 -0.104661 3.136172 0.577071 -1.246672 -3.852247
  8   1.168026 -0.537438 -0.063437 1.237937 0.532442 0.961116
  9   6.790376 -0.619176 0.015206 -0.000102 -0.000151 -1.492899
 10   8.637599 0.544015 -0.090417 -1.619252 -0.071225 -0.574607
 11   6.790465 -0.619039 0.017802 0.002461 -0.011708 -1.060324
 12   -2.022474 -0.104699 -2.873818 -0.126414 1.073592 -3.410848
 13   1.167898 -0.537463 0.063297 -1.031567 -0.197624 0.702052
 14   7.002743 -0.617765 -0.183752 0.000115 0.000023 -1.555558
 15   8.209042 0.615527 -0.255885 1.718786 0.095949 -0.511896
 16   7.002735 -0.617911 -0.183641 0.013497 0.008439 -1.107489
 17   1.574674 0.609930 -0.000899 -0.134615 0.046987 0.574145
 18   -0.602177 0.511412 -0.000006 0.000000 0.000000 0.000000
 19   3.673773 0.177020 1.119313 -0.000002 -0.000014 -0.174510
 20   3.673767 0.176993 -1.117566 0.000007 -0.000003 -0.174546
 21   3.813447 1.330634 1.627658 0.013413 -0.095253 0.195285
 22   -0.296843 -0.011889 0.457925 -0.000011 0.000031 0.000025
 23   3.813464 1.330659 -1.631083 -0.013392 0.095268 0.195259
 24   -0.285214 -0.011872 -0.457915 -0.000005 -0.000006 0.000048
 25   4.941364 1.997338 1.629330 0.000018 -0.000001 -0.000024
 26   4.941382 1.997366 -1.629410 -0.000001 0.000005 -0.000024
 27   2.969151 1.646609 1.514501 -0.009571 0.067895 -0.296842
 28   2.971581 1.646215 -1.508955 0.009562 -0.067914 -0.296738
 29   8.824059 0.150544 0.091743 0.052142 -0.262204 -0.165950
 30   1.947017 -0.580711 1.952294 0.097273 -0.476455 0.005620
 31   2.297077 -0.510506 -1.623123 0.090614 -0.446023 0.006949
 32   -0.810489 -0.093824 3.127092 -0.097332 -2.944298 -0.159553
 33   14.298673 -0.408176 0.475484 -0.000052 -0.000029 -0.469987
 34   15.835795 0.581398 0.242756 -0.385702 -0.132414 0.113074
 35   -0.815868 -0.091229 -3.114430 -0.107717 3.356079 0.117872
 36   14.294526 -0.410349 -0.463635 0.000045 0.000048 -0.199456
 37   15.834409 0.579420 -0.284600 0.191897 -0.156193 0.192301
 38   0.729516 -3.508438 -2.808187 -0.053654 0.128061 -0.252319
 39   -4.457742 -1.054854 -0.746180 0.000000 0.000000 0.000000
 40   1.528270 -3.398986 3.221664 -0.053654 0.128075 -0.252320
 41   -4.433840 -1.059130 0.959566 -0.000001 0.000000 0.000000
 42   -0.130108 2.107471 -2.001093 0.113087 0.205777 -0.332394
 43   -0.148427 1.768893 2.615463 -0.061059 -0.154857 -0.188697
time 26
  0   0.876260 2.937590 3.016088 0.000000 0.000000 -1.571069
  1   -1.093036 0.000002 -0.326057 -0.681957 -1.725590 -1.231984
  2   2.262337 0.113614 0.064702 -0.026954 0.011997 -0.039624
  3   2.380047 0.353302 0.047440 -0.004590 0.008900 -0.015978
  4   2.033756 0.190472 -0.000128 0.003642 0.005453 -0.069329
  5   2.451511 0.204909 -0.003447 -0.012889 0.125590 -0.018116
  6   7.247600 -0.397300 -0.109469 0.000001 -0.000003 0.156829
  7   -2.022252 -0.104661 3.136172 0.583781 -1.246326 -3.858915
  8   1.168026 -0.537438 -0.063437 1.238633 0.531033 0.961622
  9   6.790376 -0.619176 0.015206 -0.000102 -0.000151 -1.494333
 10   8.637599 0.544015 -0.090417 -1.619252 -0.071225 -0.574607
 11   6.790465 -0.619039 0.017802 0.002461 -0.011708 -1.061247
 12   -2.022474 -0.104699 -2.873818 -0.121816 1.073215 -3.406061
 13   1.167898 -0.537463 0.063297 -1.033254 -0.196709 0.702597
 14   7.002743 -0.617765 -0.183752 0.000115 0.000023 -1.555228
 15   8.209042 0.615527 -0.255885 1.718786 0.095949 -0.511896
 16   7.002735 -0.617911 -0.183641 0.013497 0.008439 -1.107268
 17   1.574674 0.609930 -0.000899 -0.140708 0.054655 0.570079
 18   -0.602177 0.511412 -0.000006 0.000000 0.000000 0.000000
 19   3.677679 0.177020 1.119313 -0.000002 -0.000014 -0.174510
 20   3.673767 0.176993 -1.117566 0.000007 -0.000003 -0.174546
 21   3.813447 1.330634 1.627658 0.013413 -0.095253 0.195285
 22   -0.296843 -0.011889 0.457925 -0.000011 0.000031 0.000025
 23   3.813464 1.330659 -1.631083 -0.013392 0.095268 0.195259
 24   -0.285214 -0.011872 -0.457915 -0.000005 -0.000006 0.000048
 25   4.941364 1.997338 1.629330 0.000018 -0.000001 -0.000024
 26   4.941382 1.997366 -1.629410 -0.000001 0.000005 -0.000024
 27   2.969151 1.646609 1.514501 -0.009571 0.067895 -0.296842
 28   2.971581 1.646215 -1.508955 0.009562 -0.067914 -0.296738
 29   8.824059 0.150544 0.091743 0.053567 -0.269420 -0.165628
 30   1.943111 -0.580711 1.960107 0.099931 -0.489561 0.005771
 31   2.300983 -0.510506 -1.615310 0.093111 -0.458326 0.007131
 32   -0.810489 -0.093824 3.127092 -0.104323 -2.900461 -0.195015
 33   14.298673 -0.408176 0.475484 -0.000052 -0.000029 -0.523422
 34   15.835795 0.581398 0.242756 -0.360124 -0.135294 0.128554
 35   -0.815868 -0.091229 -3.114430 -0.101644 3.387090 0.070326
 36   14.294526 -0.410349 -0.463635 0.000045 0.000048 -0.271061
 37   15.834409 0.579420 -0.284600 0.198655 -0.161389 0.216131
 38   0.717797 -3.508438 -2.804281 -0.055149 0.131592 -0.259284
 39   -4.457742 -1.054854 -0.746180 0.000000 0.000000 0.000000
 40   1.539989 -3.398986 3.217758 -0.055149 0.131594 -0.259285
 41   -4.433840 -1.059130 0.959566 -0.000001 0.000000 0.000000
 42   -0.130108 2.111377 -2.067501 0.104554 0.186259 -0.338667
 43   -0.148427 1.784518 2.642807 -0.052213 -0.140013 -0.207265
time 27
  0   0.825477 3.214942 2.898897 0.000000 0.000000 -1.571069
  1   -1.093036 0.000002 -0.326057 -0.569921 -1.741056 -1.322760
  2   2.262337 0.113614 0.064702 -0.029183 0.016024 -0.037528
  3   2.380047 0.353302 0.047440 -0.005730 0.011106 -0.014774
  4   2.033756 0.190472 -0.000128 0.003070 0.006568 -0.068677
  5   2.451511 0.204909 -0.003447 -0.019034 0.133815 -0.012271
  6   7.247600 -0.397300 -0.109469 0.000001 -0.000003 0.156829
  7   -2.022252 -0.104661 3.136172 0.589821 -1.246038 -3.864174
  8   1.168026 -0.537438 -0.063437 1.241291 0.528870 0.963393
  9   6.790376 -0.619176 0.015206 -0.000102 -0.000151 -1.495314
 10   8.637599 0.544015 -0.090417 -1.619252 -0.071225 -0.574607
 11   6.790465 -0.619039 0.017802 0.002461 -0.011708 -1.061939
 12   -2.022474 -0.104699 -2.873818 -0.117888 1.073563 -3.402614
 13   1.167898 -0.537463 0.063297 -1.036488 -0.195539 0.705200
 14   7.002743 -0.617765 -0.183752 0.000115 0.000023 -1.554898
 15   8.209042 0.615527 -0.255885 1.718786 0.095949 -0.511896
 16   7.002735 -0.617911 -0.183641 0.013497 0.008439 -1.106992
 17   1.574674 0.609930 -0.000899 -0.160774 0.075884 0.560099
 18   -0.602177 0.511412 -0.000006 0.000000 0.000000 0.000000
 19   3.677679 0.177020 1.119313 -0.000002 -0.000014 -0.174510
 20   3.673767 0.176993 -1.117566 0.000007 -0.000003 -0.174546
 21   3.813447 1.330634 1.627658 0.013413 -0.095253 0.195285
 22   -0.296843 -0.011889 0.457925 -0.000011 0.000031 0.000025
 23   3.813464 1.330659 -1.631083 -0.013392 0.095268 0.195259
 24   -0.285214 -0.011872 -0.457915 -0.000005 -0.000006 0.000048
 25   4.941364 1.997338 1.629330 0.000018 -0.000001 -0.000024
 26   4.941382 1.997366 -1.629410 -0.000001 0.000005 -0.000024
 27   2.969151 1.646609 1.514501 -0.009571 0.067895 -0.296842
 28   2.971581 1.646215 -1.501142 0.009562 -0.067914 -0.296738
 29   8.824059 0.150544 0.091743 0.054726 -0.275260 -0.165199
 30   1.935298 -0.580711 1.964013 0.102114 -0.500139 0.005921
 31   2.308796 -0.510506 -1.611404 0.095103 -0.468246 0.007276
 32   -0.810489 -0.093824 3.127092 -0.103018 -2.857579 -0.237935
 33   14.298673 -0.408176 0.475484 -0.000052 -0.000029 -0.568520
 34   15.835795 0.581398 0.242756 -0.321227 -0.133976 0.134199
 35   -0.815868 -0.091229 -3.114430 -0.094867 3.420069 0.032585
 36   14.294526 -0.410349 -0.463635 0.000045 0.000048 -0.314086
 37   15.834409 0.579420 -0.284600 0.222159 -0.167762 0.225206
 38   0.706078 -3.508438 -2.804281 -0.056327 0.134436 -0.264966
 39   -4.457742 -1.054854 -0.746180 0.000000 0.000000 0.000000
 40   1.551708 -3.398986 3.217758 -0.056327 0.134450 -0.264967
 41   -4.433840 -1.059130 0.959566 -0.000001 0.000000 0.000000
 42   -0.122295 2.111377 -2.130003 0.096080 0.166910 -0.344313
 43   -0.144521 1.804050 2.674058 -0.043442 -0.125216 -0.225625
time 28
  0   0.813758 3.308695 2.934054 0.000000 0.000000 -1.571069
  1   -1.093036 0.000002 -0.326057 -0.574428 -1.735870 -1.313711
  2   2.262337 0.113614 0.064702 -0.027005 0.014466 -0.036931
  3   2.380047 0.353302 0.047440 -0.004575 0.010219 -0.014488
  4   2.033756 0.190472 -0.000128 0.003679 0.006076 -0.068532
  5   2.451511 0.204909 -0.003447 -0.013437 0.130446 -0.009943
  6   7.247600 -0.397300 -0.109469 0.000001 -0.000003 0.156829
  7   -2.022252 -0.104661 3.136172 0.584452 -1.246816 -3.859385
  8   1.168026 -0.537438 -0.063437 1.242683 0.528568 0.964532
  9   6.790376 -0.619176 0.015206 -0.000102 -0.000151 -1.495616
 10   8.637599 0.544015 -0.090417 -1.619252 -0.071225 -0.574607
 11   6.790465 -0.619039 0.017802 0.002461 -0.011708 -1.062285
 12   -2.022474 -0.104699 -2.873818 -0.121911 1.073476 -3.406444
 13   1.167898 -0.537463 0.063297 -1.036980 -0.195183 0.705684
 14   7.002743 -0.617765 -0.183752 0.000115 0.000023 -1.555228
 15   8.209042 0.615527 -0.255885 1.718786 0.095949 -0.511896
 16   7.002735 -0.617911 -0.183641 0.013497 0.008439 -1.107268
 17   1.574674 0.609930 -0.000899 -0.170320 0.085800 0.562280
 18   -0.602177 0.511412 -0.000006 0.000000 0.000000 0.000000
 19   3.677679 0.177020 1.119313 -0.000002 -0.000014 -0.174510
 20   3.673767 0.176993 -1.117566 0.000007 -0.000003 -0.174546
 21   3.813447 1.330634 1.627658 0.013413 -0.095253 0.195285
 22   -0.296843 -0.011889 0.457925 -0.000011 0.000031 0.000025
 23   3.813464 1.330659 -1.631083 -0.013392 0.095268 0.195259
 24   -0.285214 -0.011872 -0.457915 -0.000005 -0.000006 0.000048
 25   4.941364 1.997338 1.629330 0.000018 -0.000001 -0.000024
 26   4.941382 1.997366 -1.629410 -0.000001 0.000005 -0.000024
 27   2.969151 1.646609 1.514501 -0.009571 0.067895 -0.296842
 28   2.971581 1.646215 -1.501142 0.009562 -0.067914 -0.296738
 29   8.824059 0.150544 0.091743 0.055617 -0.279532 -0.164877
 30   1.935298 -0.580711 1.964013 0.103714 -0.507986 0.006006
 31   2.308796 -0.510506 -1.611404 0.096620 -0.475576 0.007404
 32   -0.810489 -0.093824 3.127092 -0.093511 -2.867703 -0.239472
 33   14.298673 -0.408176 0.475484 -0.000052 -0.000029 -0.556690
 34   15.835795 0.581398 0.242756 -0.328450 -0.132951 0.125643
 35   -0.815868 -0.091229 -3.114430 -0.094955 3.416134 0.030942
 36   14.294526 -0.410349 -0.463635 0.000045 0.000048 -0.306207
 37   15.834409 0.579420 -0.284600 0.226573 -0.168402 0.218362
 38   0.698265 -3.508438 -2.804281 -0.057211 0.136545 -0.269059
 39   -4.457742 -1.054854 -0.746180 0.000000 0.000000 0.000000
 40   1.559521 -3.391173 3.217758 -0.057211 0.136546 -0.269060
 41   -4.433840 -1.059130 0.959566 -0.000001 0.000000 0.000000
 42   -0.122295 2.119190 -2.192505 0.087775 0.147913 -0.349373
 43   -0.136708 1.823582 2.701403 -0.034821 -0.110560 -0.243650
time 29
  0   0.845009 3.312601 2.965305 0.000000 0.000000 -1.571069
  1   -1.093036 0.000002 -0.326057 -0.585222 -1.731980 -1.303840
  2   2.262337 0.113614 0.064702 -0.026177 0.013663 -0.037184
  3   2.380047 0.353302 0.047440 -0.004140 0.009739 -0.014672
  4   2.033756 0.190472 -0.000128 0.003900 0.005885 -0.068604
  5   2.451511 0.204909 -0.003447 -0.010390 0.128579 -0.009745
  6   7.247600 -0.397300 -0.109469 0.000001 -0.000003 0.156829
  7   -2.022252 -0.104661 3.136172 0.582344 -1.246701 -3.857412
  8   1.168026 -0.537438 -0.063437 1.242683 0.528568 0.964532
  9   6.790376 -0.619176 0.015206 -0.000102 -0.000151 -1.495616
 10   8.637599 0.544015 -0.090417 -1.619252 -0.071225 -0.574607
 11   6.790465 -0.619039 0.017802 0.002461 -0.011708 -1.062227
 12   -2.022474 -0.104699 -2.873818 -0.123349 1.073708 -3.407593
 13   1.167898 -0.537463 0.063297 -1.036980 -0.195183 0.705684
 14   7.002743 -0.617765 -0.183752 0.000115 0.000023 -1.555228
 15   8.209042 0.615527 -0.255885 1.718786 0.095949 -0.511896
 16   7.002735 -0.617911 -0.183641 0.013497 0.008439 -1.107268
 17   1.574674 0.609930 -0.000899 -0.171783 0.082889 0.561356
 18   -0.602177 0.511412 -0.000006 0.000000 0.000000 0.000000
 19   3.677679 0.177020 1.119313 -0.000002 -0.000014 -0.174510
 20   3.673767 0.176993 -1.117566 0.000007 -0.000003 -0.174546
 21   3.813447 1.330634 1.627658 0.013413 -0.095253 0.195285
 22   -0.296843 -0.011889 0.457925 -0.000011 0.000031 0.000025
 23   3.813464 1.330659 -1.631083 -0.013392 0.095268 0.195259
 24   -0.285214 -0.011872 -0.457915 -0.000005 -0.000006 0.000048
 25   4.941364 1.997338 1.629330 0.000018 -0.000001 -0.000024
 26   4.941382 1.997366 -1.629410 -0.000001 0.000005 -0.000024
 27   2.969151 1.646609 1.514501 -0.009571 0.067895 -0.296842
 28   2.971581 1.646215 -1.508955 0.009562 -0.067914 -0.296738
 29   8.824059 0.150544 0.091743 0.056152 -0.282239 -0.164555
 30   1.931392 -0.580711 1.964013 0.104704 -0.512839 0.006071
 31   2.308796 -0.510506 -1.603591 0.097524 -0.480187 0.007458
 32   -0.810489 -0.093824 3.127092 -0.091926 -2.875343 -0.237935
 33   14.298673 -0.408176 0.475484 -0.000052 -0.000029 -0.549703
 34   15.835795 0.581398 0.242756 -0.333556 -0.131731 0.122424
 35   -0.815868 -0.091229 -3.114430 -0.094867 3.410700 0.030668
 36   14.294526 -0.410349 -0.463635 0.000045 0.000048 -0.303658
 37   15.834409 0.579420 -0.284600 0.225391 -0.166943 0.215624
 38   0.698265 -3.508438 -2.796468 -0.057780 0.137871 -0.271625
 39   -4.457742 -1.054854 -0.746180 0.000000 0.000000 0.000000
 40   1.559521 -3.391173 3.209945 -0.057780 0.137872 -0.271626
 41   -4.433840 -1.059130 0.959566 -0.000001 0.000000 0.000000
 42   -0.118389 2.119190 -2.255007 0.079710 0.129407 -0.353848
 43   -0.136708 1.847020 2.736560 -0.026425 -0.096171 -0.261173
time 30
  0   0.962200 3.343852 2.992650 0.000000 0.000000 -1.571069
  1   -1.093036 0.000002 -0.326057 -0.590777 -1.726470 -1.296146
  2   2.262337 0.113614 0.064702 -0.025616 0.012872 -0.037184
  3   2.380047 0.353302 0.047440 -0.003855 0.009344 -0.014672
  4   2.033756 0.190472 -0.000128 0.004029 0.005681 -0.068604
  5   2.451511 0.204909 -0.003447 -0.008918 0.128096 -0.009126
  6   7.247600 -0.397300 -0.109469 0.000001 -0.000003 0.156829
  7   -2.022252 -0.104661 3.136172 0.582344 -1.248344 -3.857600
  8   1.168026 -0.537438 -0.063437 1.242936 0.527964 0.964975
  9   6.790376 -0.619176 0.015206 -0.000102 -0.000151 -1.495993
 10   8.637599 0.544015 -0.090417 -1.619252 -0.071225 -0.574607
 11   6.790465 -0.619039 0.017802 0.002461 -0.011708 -1.062458
 12   -2.022474 -0.104699 -2.873818 -0.124402 1.072547 -3.408741
 13   1.167898 -0.537463 0.063297 -1.037894 -0.195234 0.705987
 14   7.002743 -0.617765 -0.183752 0.000115 0.000023 -1.555228
 15   8.209042 0.615527 -0.255885 1.718786 0.095949 -0.511896
 16   7.002735 -0.617911 -0.183641 0.013450 0.008439 -1.107268
 17   1.574674 0.609930 -0.000899 -0.167761 0.066299 0.549713
 18   -0.602177 0.511412 -0.000006 0.000000 0.000000 0.000000
 19   3.673773 0.177020 1.119313 -0.000002 -0.000014 -0.174510
 20   3.673767 0.176993 -1.117566 0.000007 -0.000003 -0.174546
 21   3.813447 1.330634 1.627658 0.013413 -0.095253 0.195285
 22   -0.296843 -0.011889 0.457925 -0.000011 0.000031 0.000025
 23   3.813464 1.330659 -1.631083 -0.013392 0.095268 0.195259
 24   -0.285214 -0.011872 -0.457915 -0.000005 -0.000006 0.000048
 25   4.941364 1.997338 1.629330 0.000018 -0.000001 -0.000024
 26   4.941382 1.997366 -1.629410 -0.000001 0.000005 -0.000024
 27   2.969151 1.646609 1.514501 -0.009571 0.067895 -0.296842
 28   2.971581 1.646215 -1.501142 0.009562 -0.067914 -0.296738
 29   8.824059 0.150544 0.091743 0.056330 -0.283141 -0.164287
 30   1.931392 -0.580711 1.964013 0.105043 -0.514524 0.006071
 31   2.308796 -0.510506 -1.603591 0.097861 -0.481741 0.007495
 32   -0.810489 -0.093824 3.127092 -0.090621 -2.886899 -0.238845
 33   14.298673 -0.408176 0.475484 -0.000052 -0.000029 -0.541604
 34   15.835795 0.581398 0.242756 -0.335397 -0.127338 0.118234
 35   -0.815868 -0.091229 -3.114430 -0.094515 3.402736 0.025848
 36   14.294526 -0.410349 -0.463635 0.000045 0.000048 -0.303658
 37   15.834409 0.579420 -0.284600 0.227972 -0.163462 0.212886
 38   0.694359 -3.508438 -2.792562 -0.057948 0.138304 -0.272603
 39   -4.457742 -1.054854 -0.746180 0.000000 0.000000 0.000000
 40   1.563427 -3.391173 3.206039 -0.057948 0.138318 -0.272604
 41   -4.433840 -1.059130 0.959566 -0.000001 0.000000 0.000000
 42   -0.118389 2.119190 -2.309696 0.071932 0.111606 -0.357821
 43   -0.136708 1.862646 2.763905 -0.018354 -0.082143 -0.278027
time 31
  0   1.067672 3.402448 2.957493 0.000000 0.000000 -1.571069
  1   -1.093036 0.000002 -0.326057 -0.578829 -1.725868 -1.300308
  2   2.262337 0.113614 0.064702 -0.025884 0.013411 -0.036660
  3   2.380047 0.353302 0.047440 -0.003990 0.009632 -0.014366
  4   2.033756 0.190472 -0.000128 0.003974 0.005813 -0.068459
  5   2.451511 0.204909 -0.003447 -0.010818 0.129519 -0.007813
  6   7.247600 -0.397300 -0.109469 0.000001 -0.000003 0.156829
  7   -2.022252 -0.104661 3.136172 0.585123 -1.248027 -3.860230
  8   1.168026 -0.537438 -0.063437 1.244265 0.527109 0.965734
  9   6.790376 -0.619176 0.015206 -0.000102 -0.000151 -1.496446
 10   8.637599 0.544015 -0.090417 -1.619252 -0.071225 -0.574607
 11   6.790465 -0.619039 0.017802 0.002461 -0.011708 -1.062746
 12   -2.022474 -0.104699 -2.873818 -0.122870 1.072344 -3.406827
 13   1.167898 -0.537463 0.063297 -1.038667 -0.195183 0.706713
 14   7.002743 -0.617765 -0.183752 0.000115 0.000023 -1.554898
 15   8.209042 0.615527 -0.255885 1.718786 0.095949 -0.511896
 16   7.002735 -0.617911 -0.183641 0.013497 0.008439 -1.106992
 17   1.574674 0.609930 -0.000899 -0.161181 0.054797 0.536112
 18   -0.602177 0.511412 -0.000006 0.000000 0.000000 0.000000
 19   3.677679 0.177020 1.119313 -0.000002 -0.000014 -0.174510
 20   3.673767 0.176993 -1.117566 0.000007 -0.000003 -0.174546
 21   3.813447 1.330634 1.627658 0.013413 -0.095253 0.195285
 22   -0.296843 -0.011889 0.457925 -0.000011 0.000031 0.000025
 23   3.813464 1.330659 -1.631083 -0.013392 0.095268 0.195259
 24   -0.285214 -0.011872 -0.457915 -0.000005 -0.000006 0.000048
 25   4.941364 1.997338 1.629330 0.000018 -0.000001 -0.000024
 26   4.941382 1.997366 -1.629410 -0.000001 0.000005 -0.000024
 27   2.969151 1.646609 1.514501 -0.009571 0.067895 -0.296842
 28   2.971581 1.646215 -1.508955 0.009562 -0.067914 -0.296738
 29   8.824059 0.150544 0.091743 0.056152 -0.281669 -0.164126
 30   1.931392 -0.580711 1.964013 0.104921 -0.511822 0.006049
 31   2.308796 -0.510506 -1.603591 0.097447 -0.479876 0.007458
 32   -0.810489 -0.093824 3.127092 -0.089596 -2.889096 -0.246530
 33   14.298673 -0.408176 0.475484 -0.000052 -0.000029 -0.545177
 34   15.835795 0.581398 0.242756 -0.328565 -0.122848 0.117529
 35   -0.815868 -0.091229 -3.114430 -0.092578 3.401518 0.016098
 36   14.294526 -0.410349 -0.463635 0.000045 0.000048 -0.313159
 37   15.834409 0.579420 -0.284600 0.235577 -0.160928 0.213596
 38   0.698265 -3.504532 -2.792562 -0.053991 0.134882 -0.266432
 39   -4.457742 -1.054854 -0.746180 0.000360 -0.000983 0.000084
 40   1.551708 -3.398986 3.198226 -0.053801 0.134558 -0.266555
 41   -4.433840 -1.059130 0.959566 0.000311 -0.000851 0.000056
 42   -0.118389 2.119190 -2.364385 0.064525 0.094710 -0.361251
 43   -0.128895 1.878271 2.787343 -0.010670 -0.068664 -0.294086
time 32
  0   1.259084 3.433699 2.965305 0.000000 0.000000 -1.571069
  1   -1.093036 0.000002 -0.326057 -0.586952 -1.732443 -1.284146
  2   2.262337 0.113614 0.064702 -0.025884 0.014238 -0.035070
  3   2.380047 0.353302 0.047440 -0.003990 0.010051 -0.013468
  4   2.033756 0.190472 -0.000128 0.003974 0.005968 -0.068024
  5   2.451511 0.204909 -0.003447 -0.009945 0.131530 -0.002860
  6   7.247600 -0.397300 -0.109469 0.000001 -0.000003 0.156829
  7   -2.022252 -0.104661 3.136172 0.585603 -1.249353 -3.860512
  8   1.168026 -0.537438 -0.063437 1.245594 0.525197 0.966936
  9   6.790376 -0.619176 0.015206 -0.000102 -0.000151 -1.496748
 10   8.637599 0.544015 -0.090417 -1.619252 -0.071225 -0.574607
 11   6.790465 -0.619039 0.017802 0.002461 -0.011708 -1.062861
 12   -2.022474 -0.104699 -2.873818 -0.124307 1.072431 -3.408263
 13   1.167898 -0.537463 0.063297 -1.041057 -0.194268 0.708166
 14   7.002743 -0.617765 -0.183752 0.000115 0.000023 -1.554403
 15   8.209042 0.615527 -0.255885 1.718786 0.095949 -0.511896
 16   7.002735 -0.617911 -0.183641 0.013450 0.008439 -1.106771
 17   1.574674 0.609930 -0.000899 -0.159718 0.055365 0.531640
 18   -0.602177 0.511412 -0.000006 0.000000 0.000000 0.000000
 19   3.677679 0.177020 1.119313 -0.000002 -0.000014 -0.174510
 20   3.673767 0.176993 -1.117566 0.000007 -0.000003 -0.174546
 21   3.813447 1.330634 1.627658 0.013413 -0.095253 0.195285
 22   -0.296843 -0.011889 0.457925 -0.000011 0.000031 0.000025
 23   3.813464 1.330659 -1.631083 -0.013392 0.095268 0.195259
 24   -0.285214 -0.011872 -0.457915 -0.000005 -0.000006 0.000048
 25   4.941364 1.997338 1.629330 0.000018 -0.000001 -0.000024
 26   4.941382 1.997366 -1.629410 -0.000001 0.000005 -0.000024
 27   2.969151 1.646609 1.514501 -0.009571 0.067895 -0.296842
 28   2.971581 1.646215 -1.508955 0.009562 -0.067914 -0.296738
 29   8.824059 0.150544 0.091743 0.055706 -0.277301 -0.163858
 30   1.935298 -0.580711 1.964013 0.104528 -0.503917 0.005964
 31   2.308796 -0.510506 -1.611404 0.096298 -0.474411 0.007367
 32   -0.810489 -0.093824 3.127092 -0.088105 -2.886899 -0.252564
 33   14.298673 -0.408176 0.475484 -0.000052 -0.000029 -0.555896
 34   15.835795 0.581398 0.242756 -0.319916 -0.115722 0.121189
 35   -0.815868 -0.091229 -3.114430 -0.085801 3.401331 0.009360
 36   14.294526 -0.410349 -0.463635 0.000045 0.000048 -0.327527
 37   15.834409 0.579420 -0.284600 0.239419 -0.155374 0.216993
 38   0.717797 -3.485000 -2.784749 -0.042793 0.125181 -0.249448
 39   -4.457742 -1.054854 -0.746180 0.001378 -0.003751 0.000421
 40   1.528270 -3.422424 3.186507 -0.042140 0.123990 -0.249938
 41   -4.433840 -1.059130 0.959566 0.001197 -0.003260 0.000393
 42   -0.118389 2.119190 -2.415168 0.057610 0.078810 -0.364220
 43   -0.128895 1.897803 2.818594 -0.003486 -0.055797 -0.309100
time 33
  0   1.395807 3.437605 2.965305 0.000000 0.000000 -1.571069
  1   -1.093036 0.000002 -0.326057 -0.609956 -1.735777 -1.261307
  2   2.262337 0.113614 0.064702 -0.025081 0.014262 -0.034528
  3   2.380047 0.353302 0.047440 -0.003540 0.010039 -0.013182
  4   2.033756 0.190472 -0.000128 0.004195 0.005968 -0.067879
  5   2.451511 0.204909 -0.003447 -0.007908 0.132000 -0.000235
  6   7.247600 -0.397300 -0.109469 0.000001 -0.000003 0.156829
  7   -2.022252 -0.104661 3.136172 0.584548 -1.249411 -3.859760
  8   1.168026 -0.537438 -0.063437 1.246543 0.524543 0.968138
  9   6.790376 -0.619176 0.015206 -0.000102 -0.000151 -1.496748
 10   8.637599 0.544015 -0.090417 -1.619252 -0.071225 -0.574607
 11   6.790465 -0.619039 0.017802 0.002461 -0.011708 -1.062861
 12   -2.022474 -0.104699 -2.873818 -0.124881 1.072402 -3.408646
 13   1.167898 -0.537463 0.063297 -1.041760 -0.194217 0.708953
 14   7.002743 -0.617765 -0.183752 0.000115 0.000023 -1.554403
 15   8.209042 0.615527 -0.255885 1.718786 0.095949 -0.511896
 16   7.002735 -0.617911 -0.183641 0.013497 0.008439 -1.106771
 17   1.574674 0.609930 -0.000899 -0.161668 0.052596 0.533303
 18   -0.602177 0.511412 -0.000006 0.000000 0.000000 0.000000
 19   3.673773 0.177020 1.119313 -0.000002 -0.000014 -0.174510
 20   3.673767 0.176993 -1.117566 0.000007 -0.000003 -0.174546
 21   3.813447 1.330634 1.627658 0.013413 -0.095253 0.195285
 22   -0.296843 -0.011889 0.457925 -0.000011 0.000031 0.000025
 23   3.813464 1.330659 -1.631083 -0.013392 0.095268 0.195259
 24   -0.285214 -0.011872 -0.457915 -0.000005 -0.000006 0.000048
 25   4.941364 1.997338 1.629330 0.000018 -0.000001 -0.000024
 26   4.941382 1.997366 -1.629410 -0.000001 0.000005 -0.000024
 27   2.969151 1.654422 1.514501 -0.009571 0.067895 -0.296842
 28   2.971581 1.646215 -1.508955 0.009562 -0.067914 -0.296738
 29   8.824059 0.150544 0.091743 0.054993 -0.270203 -0.163643
 30   1.943111 -0.580711 1.952294 0.103877 -0.491218 0.005835
 31   2.300983 -0.510506 -1.611404 0.094475 -0.465526 0.007258
 32   -0.810489 -0.093824 3.127092 -0.086893 -2.890242 -0.248864
 33   14.298673 -0.408176 0.475484 -0.000052 -0.000029 -0.557881
 34   15.835795 0.581398 0.242756 -0.322239 -0.111671 0.124144
 35   -0.815868 -0.091229 -3.114430 -0.083161 3.397958 0.011278
 36   14.294526 -0.410349 -0.463635 0.000045 0.000048 -0.330462
 37   15.834409 0.579420 -0.284600 0.236306 -0.150690 0.218159
 38   0.741235 -3.453749 -2.784749 -0.025469 0.110202 -0.222994
 39   -4.457742 -1.054854 -0.746180 0.002960 -0.008054 0.000926
 40   1.485300 -3.449769 3.163069 -0.024101 0.107649 -0.224034
 41   -4.433840 -1.059130 0.959566 0.002588 -0.006975 0.000813
 42   -0.118389 2.127003 -2.462044 0.051186 0.064168 -0.366771
 43   -0.128895 1.909522 2.838126 0.003149 -0.043652 -0.322984
time 34
  0   1.458309 3.406354 2.957493 0.000000 0.000000 -1.571069
  1   -1.093036 0.000002 -0.326057 -0.619756 -1.737398 -1.252549
  2   2.262337 0.113614 0.064702 -0.024814 0.014262 -0.034221
  3   2.380047 0.353302 0.047440 -0.003405 0.010039 -0.013060
  4   2.033756 0.190472 -0.000128 0.004269 0.005968 -0.067807
  5   2.451511 0.204909 -0.003447 -0.006864 0.132013 0.000830
  6   7.247600 -0.397300 -0.109469 0.000001 -0.000003 0.156829
  7   -2.022252 -0.104661 3.136172 0.583781 -1.249699 -3.859291
  8   1.168026 -0.537438 -0.063437 1.246923 0.523989 0.968138
  9   6.790376 -0.619176 0.015206 -0.000102 -0.000151 -1.496748
 10   8.637599 0.544015 -0.090417 -1.619252 -0.071225 -0.574607
 11   6.790465 -0.619039 0.017802 0.002461 -0.011708 -1.062861
 12   -2.022474 -0.104699 -2.873818 -0.124402 1.072402 -3.409029
 13   1.167898 -0.537463 0.063297 -1.041760 -0.194064 0.709316
 14   7.002743 -0.617765 -0.183752 0.000115 0.000023 -1.554403
 15   8.209042 0.615527 -0.255885 1.718786 0.095949 -0.511896
 16   7.002735 -0.617911 -0.183641 0.013497 0.008439 -1.106771
 17   1.574674 0.609930 -0.000899 -0.161465 0.049401 0.530900
 18   -0.602177 0.511412 -0.000006 0.000000 0.000000 0.000000
 19   3.673773 0.177020 1.119313 -0.000002 -0.000014 -0.174510
 20   3.673767 0.176993 -1.117566 0.000007 -0.000003 -0.174546
 21   3.813447 1.330634 1.627658 0.013413 -0.095253 0.195285
 22   -0.296843 -0.011889 0.457925 -0.000011 0.000031 0.000025
 23   3.813464 1.330659 -1.631083 -0.013392 0.095268 0.195259
 24   -0.285214 -0.011872 -0.457915 -0.000005 -0.000006 0.000048
 25   4.941364 1.997338 1.629330 0.000018 -0.000001 -0.000024
 26   4.941382 1.997366 -1.629410 -0.000001 0.000005 -0.000024
 27   2.969151 1.646609 1.514501 -0.009571 0.067895 -0.296842
 28   2.971581 1.646215 -1.501142 0.009562 -0.067914 -0.296738
 29   8.824059 0.150544 0.091743 0.054013 -0.260661 -0.163482
 30   1.947017 -0.580711 1.940575 0.102955 -0.474072 0.005663
 31   2.300983 -0.510506 -1.623123 0.091962 -0.453560 0.007058
 32   -0.810489 -0.093824 3.127092 -0.086054 -2.893012 -0.246075
 33   14.298673 -0.408176 0.475484 -0.000052 -0.000029 -0.556690
 34   15.835795 0.581398 0.242756 -0.325138 -0.109377 0.124938
 35   -0.815868 -0.091229 -3.114430 -0.083073 3.394773 0.014564
 36   14.294526 -0.410349 -0.463635 0.000045 0.000048 -0.328994
 37   15.834409 0.579420 -0.284600 0.234651 -0.147977 0.217550
 38   0.772486 -3.418591 -2.773030 -0.003157 0.090922 -0.188903
 39   -4.457742 -1.054854 -0.746180 0.005022 -0.013591 0.001571
 40   1.434517 -3.492739 3.135724 -0.000842 0.086597 -0.190676
 41   -4.433840 -1.059130 0.959566 0.004349 -0.011793 0.001374
 42   -0.118389 2.127003 -2.505014 0.045398 0.050890 -0.368862
 43   -0.124989 1.921241 2.861564 0.009171 -0.032401 -0.335531
time 35
  0   1.630189 3.375103 2.992650 0.000000 0.000000 -1.571069
  1   -1.093036 0.000002 -0.326057 -0.641241 -1.739898 -1.233774
  2   2.262337 0.113614 0.064702 -0.024508 0.014047 -0.033389
  3   2.380047 0.353302 0.047440 -0.003255 0.009847 -0.012611
  4   2.033756 0.190472 -0.000128 0.004306 0.005944 -0.067589
  5   2.451511 0.204909 -0.003447 -0.006693 0.131948 0.002737
  6   7.247600 -0.397300 -0.109469 0.000001 -0.000003 0.156829
  7   -2.022252 -0.104661 3.136172 0.583781 -1.250564 -3.859103
  8   1.168026 -0.537438 -0.063437 1.247429 0.523436 0.968644
  9   6.790376 -0.619176 0.015206 -0.000102 -0.000151 -1.496748
 10   8.637599 0.544015 -0.090417 -1.619252 -0.071225 -0.574607
 11   6.790465 -0.619039 0.017802 0.002461 -0.011708 -1.062861
 12   -2.022474 -0.104699 -2.873818 -0.126414 1.072344 -3.410752
 13   1.167898 -0.537463 0.063297 -1.043166 -0.193759 0.710285
 14   7.002743 -0.617765 -0.183752 0.000115 0.000023 -1.554403
 15   8.209042 0.615527 -0.255885 1.718786 0.095949 -0.511896
 16   7.002735 -0.617911 -0.183641 0.013497 0.008439 -1.106771
 17   1.574674 0.609930 -0.000899 -0.159921 0.038822 0.521069
 18   -0.602177 0.511412 -0.000006 0.000000 0.000000 0.000000
 19   3.673773 0.177020 1.119313 -0.000002 -0.000014 -0.174510
 20   3.673767 0.176993 -1.117566 0.000007 -0.000003 -0.174546
 21   3.813447 1.330634 1.627658 0.013413 -0.095253 0.195285
 22   -0.296843 -0.011889 0.457925 -0.000011 0.000031 0.000025
 23   3.813464 1.330659 -1.631083 -0.013392 0.095268 0.195259
 24   -0.285214 -0.011872 -0.457915 -0.000005 -0.000006 0.000048
 25   4.941364 1.997338 1.629330 0.000018 -0.000001 -0.000024
 26   4.941382 1.997366 -1.629410 -0.000001 0.000005 -0.000024
 27   2.969151 1.646609 1.514501 -0.009571 0.067895 -0.296842
 28   2.971581 1.646215 -1.508955 0.009562 -0.067914 -0.296738
 29   8.824059 0.150544 0.091743 0.052855 -0.248863 -0.163375
 30   1.954830 -0.580711 1.932762 0.101748 -0.452888 0.005449
 31   2.289264 -0.518319 -1.630936 0.088867 -0.438615 0.006821
 32   -0.810489 -0.093824 3.127092 -0.086520 -2.899220 -0.240724
 33   14.298673 -0.408176 0.475484 -0.000052 -0.000029 -0.556690
 34   15.835795 0.581398 0.242756 -0.329508 -0.104716 0.127937
 35   -0.815868 -0.091229 -3.114430 -0.081401 3.389058 0.018015
 36   14.294526 -0.410349 -0.463635 0.000045 0.000048 -0.330462
 37   15.834409 0.579420 -0.284600 0.229232 -0.142013 0.218514
 38   0.815456 -3.371715 -2.765217 0.023007 0.068242 -0.148947
 39   -4.457742 -1.054854 -0.746180 0.007406 -0.020086 0.002328
 40   1.372015 -3.551335 3.100567 0.026417 0.061857 -0.151514
 41   -4.433840 -1.059130 0.959566 0.006459 -0.017438 0.002075
 42   -0.118389 2.127003 -2.544078 0.040268 0.039176 -0.370535
 43   -0.124989 1.936867 2.869377 0.014481 -0.022139 -0.346613
time 36
  0   1.829414 3.351665 2.984837 0.000000 0.000000 -1.571069
  1   -1.093036 0.000002 -0.326057 -0.660996 -1.743093 -1.218677
  2   2.262337 0.113614 0.064702 -0.024508 0.014059 -0.032594
  3   2.380047 0.353302 0.047440 -0.003255 0.009835 -0.012203
  4   2.033756 0.190472 -0.000128 0.004306 0.005920 -0.067372
  5   2.451511 0.204909 -0.003447 -0.005991 0.132940 0.005263
  6   7.247600 -0.397300 -0.109469 0.000001 -0.000003 0.156829
  7   -2.022252 -0.104661 3.136172 0.585123 -1.251371 -3.860699
  8   1.168026 -0.537438 -0.063437 1.248758 0.522128 0.969593
  9   6.790376 -0.619176 0.015206 -0.000102 -0.000151 -1.496748
 10   8.637599 0.544015 -0.090417 -1.619252 -0.071225 -0.574607
 11   6.790465 -0.619039 0.017802 0.002461 -0.011708 -1.062861
 12   -2.022474 -0.104699 -2.873818 -0.125840 1.071328 -3.409699
 13   1.167898 -0.537463 0.063297 -1.043587 -0.193200 0.710769
 14   7.002743 -0.617765 -0.183752 0.000115 0.000023 -1.554073
 15   8.209042 0.615527 -0.255885 1.718786 0.095949 -0.511896
 16   7.002735 -0.617911 -0.183641 0.013497 0.008439 -1.106495
 17   1.574674 0.609930 -0.000899 -0.159028 0.028811 0.509685
 18   -0.602177 0.511412 -0.000006 0.000000 0.000000 0.000000
 19   3.673773 0.177020 1.119313 -0.000002 -0.000014 -0.174510
 20   3.673767 0.176993 -1.117566 0.000007 -0.000003 -0.174546
 21   3.813447 1.330634 1.627658 0.013413 -0.095253 0.195285
 22   -0.296843 -0.011889 0.457925 -0.000011 0.000031 0.000025
 23   3.813464 1.330659 -1.631083 -0.013392 0.095268 0.195259
 24   -0.285214 -0.011872 -0.457915 -0.000005 -0.000006 0.000048
 25   4.941364 1.997338 1.629330 0.000018 -0.000001 -0.000024
 26   4.941382 1.997366 -1.629410 -0.000001 0.000005 -0.000024
 27   2.969151 1.646609 1.514501 -0.009571 0.067895 -0.296842
 28   2.971581 1.646215 -1.508955 0.009562 -0.067914 -0.296738
 29   8.824059 0.150544 0.091743 0.051429 -0.234929 -0.163214
 30   1.966549 -0.580711 1.921043 0.100270 -0.427983 0.005192
 31   2.281451 -0.518319 -1.634842 0.085251 -0.420924 0.006585
 32   -0.810489 -0.093824 3.127092 -0.084190 -2.904663 -0.236113
 33   14.298673 -0.408176 0.475484 -0.000052 -0.000029 -0.558357
 34   15.835795 0.581398 0.242756 -0.338870 -0.100006 0.132171
 35   -0.815868 -0.091229 -3.114430 -0.078672 3.382687 0.020973
 36   14.294526 -0.410349 -0.463635 0.000045 0.000048 -0.333397
 37   15.834409 0.579420 -0.284600 0.221292 -0.135435 0.221252
 38   0.858426 -3.317026 -2.761311 0.051949 0.043189 -0.104776
 39   -4.457742 -1.054854 -0.746180 0.010067 -0.027289 0.003141
 40   1.305607 -3.606024 3.061503 0.056601 0.034514 -0.108321
 41   -4.433840 -1.059130 0.959566 0.008772 -0.023682 0.002833
 42   -0.118389 2.127003 -2.575329 0.035930 0.029210 -0.371873
 43   -0.124989 1.948586 2.888909 0.018991 -0.012975 -0.356065
time 37
  0   2.095047 3.300882 3.016088 0.000000 0.000000 -1.571069
  1   -1.093036 0.000002 -0.326057 -0.698517 -1.746288 -1.194096
  2   2.262337 0.113614 0.064702 -0.023413 0.013519 -0.031257
  3   2.380047 0.353302 0.047440 -0.002670 0.009560 -0.011448
  4   2.033756 0.190472 -0.000128 0.004638 0.005753 -0.067046
  5   2.451511 0.204909 -0.003447 -0.002773 0.131987 0.009374
  6   7.247600 -0.397300 -0.109469 0.000001 -0.000003 0.156829
  7   -2.022252 -0.104661 3.136172 0.583877 -1.251890 -3.859478
  8   1.168026 -0.537438 -0.063437 1.250340 0.521172 0.971111
  9   6.790376 -0.619176 0.015206 -0.000102 -0.000151 -1.496446
 10   8.637599 0.544015 -0.090417 -1.619252 -0.071225 -0.574607
 11   6.790465 -0.619039 0.017802 0.002461 -0.011708 -1.062746
 12   -2.022474 -0.104699 -2.873818 -0.126798 1.071415 -3.410848
 13   1.167898 -0.537463 0.063297 -1.044782 -0.192335 0.711798
 14   7.002743 -0.617765 -0.183752 0.000115 0.000023 -1.554073
 15   8.209042 0.615527 -0.255885 1.718786 0.095949 -0.511896
 16   7.002735 -0.617911 -0.183641 0.013497 0.008439 -1.106495
 17   1.574674 0.609930 -0.000899 -0.154235 0.021640 0.489763
 18   -0.602177 0.511412 -0.000006 0.000000 0.000000 0.000000
 19   3.673773 0.177020 1.119313 -0.000002 -0.000014 -0.174510
 20   3.673767 0.176993 -1.117566 0.000007 -0.000003 -0.174546
 21   3.813447 1.330634 1.627658 0.013413 -0.095253 0.195285
 22   -0.296843 -0.011889 0.457925 -0.000011 0.000031 0.000025
 23   3.813464 1.330659 -1.631083 -0.013392 0.095268 0.195259
 24   -0.285214 -0.011872 -0.457915 -0.000005 -0.000006 0.000048
 25   4.941364 1.997338 1.629330 0.000018 -0.000001 -0.000024
 26   4.941382 1.997366 -1.629410 -0.000001 0.000005 -0.000024
 27   2.969151 1.646609 1.514501 -0.009571 0.067895 -0.296842
 28   2.971581 1.646215 -1.508955 0.009562 -0.067914 -0.296738
 29   8.824059 0.150544 0.091743 0.049824 -0.219143 -0.163053
 30   1.974362 -0.580711 1.901511 0.098507 -0.399736 0.004891
 31   2.269732 -0.522225 -1.646561 0.081114 -0.400773 0.006294
 32   -0.810489 -0.093824 3.127092 -0.076826 -2.919085 -0.225867
 33   14.298673 -0.408176 0.475484 -0.000052 -0.000029 -0.554784
 34   15.835795 0.581398 0.242756 -0.363574 -0.093612 0.137507
 35   -0.815868 -0.091229 -3.114430 -0.077616 3.370039 0.028149
 36   14.294526 -0.410349 -0.463635 0.000045 0.000048 -0.332470
 37   15.834409 0.579420 -0.284600 0.205018 -0.125146 0.221607
 38   0.909209 -3.266243 -2.753498 0.082618 0.016678 -0.058100
 39   -4.457742 -1.054854 -0.746180 0.012883 -0.034887 0.004067
 40   1.231386 -3.668526 3.022439 0.088511 0.005580 -0.062561
 41   -4.433840 -1.059130 0.959566 0.011217 -0.030273 0.003646
 42   -0.118389 2.127003 -2.606580 0.032394 0.021161 -0.372877
 43   -0.124989 1.952492 2.900628 0.022652 -0.005035 -0.363676
time 38
  0   2.200519 3.265725 3.051245 0.000000 0.000000 -1.571069
  1   -1.093036 0.000002 -0.326057 -0.706063 -1.745038 -1.193612
  2   2.262337 0.113614 0.064702 -0.022878 0.013016 -0.030986
  3   2.380047 0.353302 0.047440 -0.002385 0.009260 -0.011305
  4   2.033756 0.190472 -0.000128 0.004767 0.005609 -0.067046
  5   2.451511 0.204909 -0.003447 -0.001746 0.130525 0.009993
  6   7.247600 -0.397300 -0.109469 0.000001 -0.000003 0.156829
  7   -2.022252 -0.104661 3.136172 0.582919 -1.252207 -3.858445
  8   1.168026 -0.537438 -0.063437 1.250340 0.521172 0.971111
  9   6.790376 -0.619176 0.015206 -0.000102 -0.000151 -1.496446
 10   8.637599 0.544015 -0.090417 -1.619252 -0.071225 -0.574607
 11   6.790465 -0.619039 0.017802 0.002461 -0.011708 -1.062746
 12   -2.022474 -0.104699 -2.873818 -0.127181 1.071386 -3.410848
 13   1.167898 -0.537463 0.063297 -1.044782 -0.192335 0.711798
 14   7.002743 -0.617765 -0.183752 0.000115 0.000023 -1.554073
 15   8.209042 0.615527 -0.255885 1.718786 0.095949 -0.511896
 16   7.002735 -0.617911 -0.183641 0.013497 0.008439 -1.106495
 17   1.574674 0.609930 -0.000899 -0.151107 0.016882 0.480485
 18   -0.602177 0.511412 -0.000006 0.000000 0.000000 0.000000
 19   3.677679 0.177020 1.119313 -0.000002 -0.000014 -0.174510
 20   3.673767 0.176993 -1.117566 0.000007 -0.000003 -0.174546
 21   3.813447 1.330634 1.627658 0.013413 -0.095253 0.195285
 22   -0.296843 -0.011889 0.457925 -0.000011 0.000031 0.000025
 23   3.813464 1.330659 -1.631083 -0.013392 0.095268 0.195259
 24   -0.285214 -0.011872 -0.457915 -0.000005 -0.000006 0.000048
 25   4.941364 1.997338 1.629330 0.000018 -0.000001 -0.000024
 26   4.941382 1.997366 -1.629410 -0.000001 0.000005 -0.000024
 27   2.969151 1.646609 1.514501 -0.009571 0.067895 -0.296842
 28   2.971581 1.646215 -1.508955 0.009562 -0.067914 -0.296738
 29   8.824059 0.150544 0.091743 0.048042 -0.201601 -0.162892
 30   1.989987 -0.580711 1.889792 0.096473 -0.368526 0.004570
 31   2.258013 -0.522225 -1.658280 0.076579 -0.378264 0.005948
 32   -0.810489 -0.093824 3.127092 -0.075708 -2.926343 -0.222224
 33   14.298673 -0.408176 0.475484 -0.000052 -0.000029 -0.550735
 34   15.835795 0.581398 0.242756 -0.375397 -0.091294 0.138213
 35   -0.815868 -0.091229 -3.114430 -0.077616 3.363762 0.029408
 36   14.294526 -0.410349 -0.463635 0.000045 0.000048 -0.331003
 37   15.834409 0.579420 -0.284600 0.197591 -0.121204 0.220897
 38   0.952179 -3.211554 -2.749592 0.113791 -0.010267 -0.010446
 39   -4.457742 -1.054854 -0.746180 0.015760 -0.042629 0.004936
 40   1.157165 -3.731028 2.987282 0.121032 -0.023835 -0.015946
 41   -4.433840 -1.059130 0.959566 0.013697 -0.036984 0.004431
 42   -0.118389 2.127003 -2.626112 0.029806 0.015181 -0.373546
 43   -0.124989 1.960305 2.912347 0.025363 0.001540 -0.369322
time 39
  0   2.423182 3.179785 3.113747 0.000000 0.000000 -1.571069
  1   -1.093036 0.000002 -0.326057 -0.726238 -1.738555 -1.191096
  2   2.262337 0.113614 0.064702 -0.021757 0.011122 -0.030968
  3   2.380047 0.353302 0.047440 -0.001815 0.008205 -0.011346
  4   2.033756 0.190472 -0.000128 0.005062 0.005094 -0.067046
  5   2.451511 0.204909 -0.003447 0.001164 0.127639 0.010637
  6   7.247600 -0.397300 -0.109469 0.000001 -0.000003 0.156829
  7   -2.022252 -0.104661 3.136172 0.580426 -1.252783 -3.856192
  8   1.168026 -0.537438 -0.063437 1.251036 0.521021 0.971301
  9   6.790376 -0.619176 0.015206 -0.000102 -0.000151 -1.495993
 10   8.637599 0.544015 -0.090417 -1.619252 -0.071225 -0.574607
 11   6.790465 -0.619039 0.017802 0.002461 -0.011708 -1.062458
 12   -2.022474 -0.104699 -2.873818 -0.129193 1.071183 -3.412667
 13   1.167898 -0.537463 0.063297 -1.044782 -0.192335 0.711798
 14   7.002743 -0.617765 -0.183752 0.000115 0.000023 -1.554073
 15   8.209042 0.615527 -0.255885 1.718786 0.095949 -0.511896
 16   7.002735 -0.617911 -0.183641 0.013497 0.008439 -1.106495
 17   1.574674 0.609930 -0.000899 -0.122226 -0.006122 0.450103
 18   -0.602177 0.511412 -0.000006 0.000000 0.000000 0.000000
 19   3.677679 0.177020 1.119313 -0.000002 -0.000014 -0.174510
 20   3.673767 0.176993 -1.117566 0.000007 -0.000003 -0.174546
 21   3.813447 1.330634 1.627658 0.013413 -0.095253 0.195285
 22   -0.296843 -0.011889 0.457925 -0.000011 0.000031 0.000025
 23   3.813464 1.330659 -1.631083 -0.013392 0.095268 0.195259
 24   -0.285214 -0.011872 -0.457915 -0.000005 -0.000006 0.000048
 25   4.941364 1.997338 1.629330 0.000018 -0.000001 -0.000024
 26   4.941382 1.997366 -1.629410 -0.000001 0.000005 -0.000024
 27   2.969151 1.646609 1.514501 -0.009571 0.067895 -0.296842
 28   2.971581 1.646215 -1.508955 0.009562 -0.067914 -0.296738
 29   8.824059 0.150544 0.091743 0.046170 -0.182586 -0.162624
 30   2.005613 -0.580711 1.866354 0.094127 -0.334758 0.004184
 31   2.246294 -0.530038 -1.673906 0.071645 -0.353762 0.005584
 32   -0.810489 -0.093824 3.127092 -0.075055 -2.945157 -0.213117
 33   14.298673 -0.408176 0.475484 -0.000052 -0.000029 -0.536602
 34   15.835795 0.581398 0.242756 -0.399480 -0.086218 0.138610
 35   -0.815868 -0.091229 -3.114430 -0.077000 3.347272 0.032969
 36   14.294526 -0.410349 -0.463635 0.000045 0.000048 -0.321502
 37   15.834409 0.579420 -0.284600 0.177337 -0.112246 0.218717
 38   1.002962 -3.152958 -2.741779 0.144460 -0.036766 0.036169
 39   -4.457742 -1.054854 -0.746180 0.018552 -0.050227 0.005862
 40   1.090756 -3.785717 2.952125 0.152985 -0.052769 0.029692
 41   -4.433840 -1.059130 0.959566 0.016142 -0.043600 0.005245
 42   -0.118389 2.127003 -2.637831 0.028176 0.011486 -0.373922
 43   -0.124989 1.960305 2.912347 0.027050 0.006671 -0.372835
time 40
  0   2.727879 3.101657 3.207500 0.000000 0.000000 -1.571069
  1   -1.093036 0.000002 -0.326057 -0.784404 -1.728554 -1.165063
  2   2.262337 0.113614 0.064702 -0.020114 0.008198 -0.028998
  3   2.380047 0.353302 0.047440 -0.000960 0.006587 -0.010346
  4   2.033756 0.190472 -0.000128 0.005486 0.004267 -0.066538
  5   2.451511 0.204909 -0.003447 0.005409 0.122678 0.015714
  6   7.247600 -0.397300 -0.109469 0.000001 -0.000003 0.156829
  7   -2.022252 -0.104661 3.136172 0.578797 -1.253446 -3.854595
  8   1.168026 -0.537438 -0.063437 1.252618 0.519511 0.972503
  9   6.790376 -0.619176 0.015206 -0.000102 -0.000151 -1.495314
 10   8.637599 0.544015 -0.090417 -1.619252 -0.071225 -0.574607
 11   6.790465 -0.619039 0.017802 0.002461 -0.011708 -1.061939
 12   -2.022474 -0.104699 -2.873818 -0.132450 1.071270 -3.415635
 13   1.167898 -0.537463 0.063297 -1.046891 -0.191725 0.713796
 14   7.002743 -0.617765 -0.183752 0.000115 0.000023 -1.554073
 15   8.209042 0.615527 -0.255885 1.718786 0.095949 -0.511896
 16   7.002735 -0.617911 -0.183641 0.013497 0.008439 -1.106495
 17   1.574674 0.609930 -0.000899 0.037411 -0.071703 0.365795
 18   -0.602177 0.511412 -0.000006 0.000000 0.000000 0.000000
 19   3.677679 0.177020 1.119313 -0.000002 -0.000014 -0.174510
 20   3.673767 0.176993 -1.117566 0.000007 -0.000003 -0.174546
 21   3.813447 1.330634 1.627658 0.013413 -0.095253 0.195285
 22   -0.296843 -0.011889 0.457925 -0.000011 0.000031 0.000025
 23   3.813464 1.330659 -1.631083 -0.013392 0.095268 0.195259
 24   -0.285214 -0.011872 -0.457915 -0.000005 -0.000006 0.000048
 25   4.941364 1.997338 1.629330 0.000018 -0.000001 -0.000024
 26   4.941382 1.997366 -1.629410 -0.000001 0.000005 -0.000024
 27   2.969151 1.646609 1.514501 -0.009571 0.067895 -0.296842
 28   2.971581 1.646215 -1.508955 0.009562 -0.067914 -0.296738
 29   8.824059 0.150544 0.091743 0.044121 -0.162267 -0.162463
 30   2.017332 -0.580711 1.846822 0.091510 -0.298752 0.003841
 31   2.238481 -0.530038 -1.685625 0.066405 -0.327342 0.005202
 32   -0.810489 -0.093824 3.127092 -0.080275 -2.976483 -0.194275
 33   14.298673 -0.408176 0.475484 -0.000052 -0.000029 -0.510639
 34   15.835795 0.581398 0.242756 -0.437640 -0.078018 0.135478
 35   -0.815868 -0.091229 -3.114430 -0.074711 3.318791 0.036694
 36   14.294526 -0.410349 -0.463635 0.000045 0.000048 -0.312155
 37   15.834409 0.579420 -0.284600 0.139942 -0.098757 0.214458
 38   1.045932 -3.098269 -2.733966 0.173402 -0.061844 0.080340
 39   -4.457742 -1.054854 -0.746180 0.021225 -0.057418 0.006703
 40   1.024348 -3.848219 2.913061 0.183148 -0.080111 0.073008
 41   -4.433840 -1.059130 0.959566 0.018455 -0.049844 0.006002
 42   -0.118389 2.127003 -2.637831 0.027612 0.010198 -0.374048
 43   -0.124989 1.964211 2.920160 0.027612 0.010201 -0.374048
time 41
  0   2.950542 3.011811 3.262189 0.000000 0.000000 -1.571069
  1   -1.093036 0.000002 -0.326057 -0.822553 -1.719293 -1.146579
  2   2.262337 0.113614 0.064702 -0.019528 0.006904 -0.028203
  3   2.380047 0.353302 0.047440 -0.000675 0.005844 -0.009938
  4   2.033756 0.190472 -0.000128 0.005615 0.003847 -0.066248
  5   2.451511 0.204909 -0.003447 0.006145 0.120224 0.018215
  6   7.247600 -0.397300 -0.109469 0.000001 -0.000003 0.156829
  7   -2.022252 -0.104661 3.136172 0.577071 -1.254426 -3.853092
  8   1.168026 -0.537438 -0.063437 1.253251 0.518706 0.973262
  9   6.790376 -0.619176 0.015206 -0.000102 -0.000151 -1.495314
 10   8.637599 0.544015 -0.090417 -1.619252 -0.071225 -0.574607
 11   6.790465 -0.619039 0.017802 0.002461 -0.011708 -1.061939
 12   -2.022474 -0.104699 -2.873818 -0.133313 1.071038 -3.416018
 13   1.167898 -0.537463 0.063297 -1.047383 -0.191318 0.714159
 14   7.002743 -0.617765 -0.183752 0.000115 0.000023 -1.553743
 15   8.209042 0.615527 -0.255885 1.718786 0.095949 -0.511896
 16   7.002735 -0.617911 -0.183641 0.013497 0.008439 -1.106330
 17   1.574674 0.609930 -0.000899 0.181206 -0.116220 0.283927
 18   -0.602177 0.511412 -0.000006 0.000000 0.000000 0.000000
 19   3.677679 0.177020 1.119313 -0.000002 -0.000014 -0.174510
 20   3.673767 0.176993 -1.117566 0.000007 -0.000003 -0.174546
 21   3.813447 1.330634 1.627658 0.013413 -0.095253 0.195285
 22   -0.296843 -0.011889 0.457925 -0.000011 0.000031 0.000025
 23   3.813464 1.330659 -1.631083 -0.013392 0.095268 0.195259
 24   -0.285214 -0.011872 -0.457915 -0.000005 -0.000006 0.000048
 25   4.941364 1.997338 1.629330 0.000018 -0.000001 -0.000024
 26   4.941382 1.997366 -1.629410 -0.000001 0.000005 -0.000024
 27   2.969151 1.646609 1.514501 -0.009571 0.067895 -0.296842
 28   2.971581 1.646215 -1.508955 0.009562 -0.067914 -0.296738
 29   8.824059 0.150544 0.091743 0.041893 -0.140855 -0.162249
 30   2.029051 -0.580711 1.827290 0.088554 -0.260887 0.003455
 31   2.222856 -0.530038 -1.697344 0.060874 -0.299343 0.004820
 32   -0.810489 -0.093824 3.127092 -0.083071 -2.998353 -0.184428
 33   14.298673 -0.408176 0.475484 -0.000052 -0.000029 -0.491742
 34   15.835795 0.581398 0.242756 -0.461217 -0.072820 0.132479
 35   -0.815868 -0.091229 -3.114430 -0.073303 3.298648 0.037187
 36   14.294526 -0.410349 -0.463635 0.000045 0.000048 -0.304740
 37   15.834409 0.579420 -0.284600 0.117777 -0.090234 0.211872
 38   1.081089 -3.055299 -2.730060 0.199608 -0.084499 0.120296
 39   -4.457742 -1.054854 -0.746180 0.023622 -0.063938 0.007432
 40   0.961846 -3.899002 2.877904 0.210470 -0.104839 0.112170
 41   -4.433840 -1.059130 0.959566 0.020553 -0.055489 0.006675
 42   -0.118389 2.127003 -2.637831 0.027900 0.010474 -0.373755
 43   -0.124989 1.960305 2.920160 0.027400 0.012791 -0.373546
time 42
  0   3.048201 2.980560 3.262189 0.000000 0.000000 -1.571069
  1   -1.093036 0.000002 -0.326057 -0.834973 -1.715079 -1.141063
  2   2.262337 0.113614 0.064702 -0.019528 0.006101 -0.027932
  3   2.380047 0.353302 0.047440 -0.000675 0.005449 -0.009795
  4   2.033756 0.190472 -0.000128 0.005615 0.003631 -0.066248
  5   2.451511 0.204909 -0.003447 0.006145 0.119258 0.019206
  6   7.247600 -0.397300 -0.109469 0.000001 -0.000003 0.156829
  7   -2.022252 -0.104661 3.136172 0.577742 -1.254225 -3.854032
  8   1.168026 -0.537438 -0.063437 1.253757 0.518153 0.973262
  9   6.790376 -0.619176 0.015206 -0.000102 -0.000151 -1.495012
 10   8.637599 0.544015 -0.090417 -1.619252 -0.071225 -0.574607
 11   6.790465 -0.619039 0.017802 0.002461 -0.011708 -1.061708
 12   -2.022474 -0.104699 -2.873818 -0.132833 1.071067 -3.416305
 13   1.167898 -0.537463 0.063297 -1.048086 -0.191573 0.714522
 14   7.002743 -0.617765 -0.183752 0.000115 0.000023 -1.553743
 15   8.209042 0.615527 -0.255885 1.718786 0.095949 -0.511896
 16   7.002735 -0.617911 -0.183641 0.013497 0.008439 -1.106330
 17   1.574674 0.609930 -0.000899 0.240634 -0.131248 0.240497
 18   -0.602177 0.511412 -0.000006 0.000000 0.000000 0.000000
 19   3.673773 0.177020 1.119313 -0.000002 -0.000014 -0.174510
 20   3.673767 0.176993 -1.117566 0.000007 -0.000003 -0.174546
 21   3.813447 1.330634 1.627658 0.013413 -0.095253 0.195285
 22   -0.296843 -0.011889 0.457925 -0.000011 0.000031 0.000025
 23   3.813464 1.330659 -1.631083 -0.013392 0.095268 0.195259
 24   -0.285214 -0.011872 -0.457915 -0.000005 -0.000006 0.000048
 25   4.941364 1.997338 1.629330 0.000018 -0.000001 -0.000024
 26   4.941382 1.997366 -1.629410 -0.000001 0.000005 -0.000024
 27   2.969151 1.646609 1.514501 -0.009571 0.067895 -0.296842
 28   2.971581 1.646215 -1.508955 0.009562 -0.067914 -0.296738
 29   8.824059 0.150544 0.091743 0.039665 -0.118494 -0.161980
 30   2.048583 -0.580711 1.811665 0.085340 -0.221568 0.003026
 31   2.207230 -0.533944 -1.716876 0.055159 -0.269893 0.004383
 32   -0.810489 -0.093824 3.127092 -0.083351 -3.008381 -0.180785
 33   14.298673 -0.408176 0.475484 -0.000052 -0.000029 -0.483564
 34   15.835795 0.581398 0.242756 -0.470464 -0.070038 0.131289
 35   -0.815868 -0.091229 -3.114430 -0.072159 3.290216 0.036803
 36   14.294526 -0.410349 -0.463635 0.000045 0.000048 -0.301264
 37   15.834409 0.579420 -0.284600 0.108911 -0.085729 0.210401
 38   1.112340 -3.012329 -2.730060 0.221920 -0.103804 0.154387
 39   -4.457742 -1.054854 -0.746180 0.025671 -0.069475 0.008077
 40   0.911063 -3.945878 2.858372 0.233729 -0.125916 0.145466
 41   -4.433840 -1.059130 0.959566 0.022326 -0.060282 0.007264
 42   -0.118389 2.127003 -2.637831 0.028727 0.011256 -0.372919
 43   -0.124989 1.960305 2.920160 0.026800 0.015176 -0.372124
time 43
  0   3.204456 2.886807 3.328598 0.000000 0.000000 -1.571069
  1   -1.093036 0.000002 -0.326057 -0.849017 -1.707485 -1.136079
  2   2.262337 0.113614 0.064702 -0.019528 0.005298 -0.027661
  3   2.380047 0.353302 0.047440 -0.000675 0.004970 -0.009632
  4   2.033756 0.190472 -0.000128 0.005615 0.003440 -0.066176
  5   2.451511 0.204909 -0.003447 0.007754 0.117730 0.021212
  6   7.247600 -0.397300 -0.109469 0.000001 -0.000003 0.156829
  7   -2.022252 -0.104661 3.136172 0.578893 -1.253908 -3.855253
  8   1.168026 -0.537438 -0.063437 1.254643 0.518455 0.974464
  9   6.790376 -0.619176 0.015206 -0.000102 -0.000151 -1.494710
 10   8.637599 0.544015 -0.090417 -1.619252 -0.071225 -0.574607
 11   6.790465 -0.619039 0.017802 0.002461 -0.011708 -1.061535
 12   -2.022474 -0.104699 -2.873818 -0.132354 1.071096 -3.415635
 13   1.167898 -0.537463 0.063297 -1.048297 -0.191268 0.715067
 14   7.002743 -0.617765 -0.183752 0.000115 0.000023 -1.553743
 15   8.209042 0.615527 -0.255885 1.718786 0.095949 -0.511896
 16   7.002735 -0.617911 -0.183641 0.013497 0.008439 -1.106330
 17   1.574674 0.609930 -0.000899 0.322361 -0.147153 0.163323
 18   -0.602177 0.511412 -0.000006 0.000000 0.000000 0.000000
 19   3.673773 0.177020 1.119313 -0.000002 -0.000014 -0.174510
 20   3.673767 0.176993 -1.117566 0.000007 -0.000003 -0.174546
 21   3.813447 1.330634 1.627658 0.013413 -0.095253 0.195285
 22   -0.296843 -0.011889 0.457925 -0.000011 0.000031 0.000025
 23   3.813464 1.330659 -1.631083 -0.013392 0.095268 0.195259
 24   -0.285214 -0.011872 -0.457915 -0.000005 -0.000006 0.000048
 25   4.941364 1.997338 1.629330 0.000018 -0.000001 -0.000024
 26   4.941382 1.997366 -1.629410 -0.000001 0.000005 -0.000024
 27   2.969151 1.646609 1.514501 -0.009571 0.067895 -0.296842
 28   2.971581 1.646215 -1.508955 0.009562 -0.067914 -0.296738
 29   8.824059 0.150544 0.091743 0.037437 -0.095420 -0.161658
 30   2.060302 -0.580711 1.784320 0.081801 -0.181117 0.002619
 31   2.191605 -0.541757 -1.736408 0.049260 -0.239226 0.003983
 32   -0.810489 -0.093824 3.127092 -0.084376 -3.025190 -0.176516
 33   14.298673 -0.408176 0.475484 -0.000052 -0.000029 -0.470384
 34   15.835795 0.581398 0.242756 -0.483621 -0.064523 0.130098
 35   -0.815868 -0.091229 -3.114430 -0.069959 3.275413 0.035543
 36   14.294526 -0.410349 -0.463635 0.000045 0.000048 -0.295779
 37   15.834409 0.579420 -0.284600 0.095927 -0.078383 0.209337
 38   1.139685 -2.981078 -2.722247 0.239244 -0.118758 0.180780
 39   -4.457742 -1.054854 -0.746180 0.027265 -0.073753 0.008582
 40   0.868093 -3.977129 2.834934 0.251768 -0.142244 0.171309
 41   -4.433840 -1.059130 0.959566 0.023717 -0.064022 0.007713
 42   -0.118389 2.127003 -2.630018 0.030081 0.012544 -0.371539
 43   -0.124989 1.960305 2.920160 0.025788 0.017357 -0.369824
time 44
  0   3.395868 2.781335 3.355942 0.000000 0.000000 -1.571069
  1   -1.093036 0.000002 -0.326057 -0.864213 -1.701327 -1.127127
  2   2.262337 0.113614 0.064702 -0.019235 0.004183 -0.027914
  3   2.380047 0.353302 0.047440 -0.000540 0.004394 -0.009836
  4   2.033756 0.190472 -0.000128 0.005689 0.003116 -0.066248
  5   2.451511 0.204909 -0.003447 0.008199 0.115785 0.019726
  6   7.247600 -0.397300 -0.109469 0.000001 -0.000003 0.156829
  7   -2.022252 -0.104661 3.136172 0.576976 -1.254426 -3.853092
  8   1.168026 -0.537438 -0.063437 1.254643 0.518455 0.974464
  9   6.790376 -0.619176 0.015206 -0.000102 -0.000151 -1.494333
 10   8.637599 0.544015 -0.090417 -1.619252 -0.071225 -0.574607
 11   6.790465 -0.619039 0.017802 0.002461 -0.011708 -1.061247
 12   -2.022474 -0.104699 -2.873818 -0.133313 1.070980 -3.416497
 13   1.167898 -0.537463 0.063297 -1.048297 -0.191268 0.715067
 14   7.002743 -0.617765 -0.183752 0.000115 0.000023 -1.553743
 15   8.209042 0.615527 -0.255885 1.718786 0.095949 -0.511896
 16   7.002735 -0.617911 -0.183641 0.013497 0.008439 -1.106330
 17   1.574674 0.609930 -0.000899 0.359488 -0.152762 0.104851
 18   -0.602177 0.511412 -0.000006 0.000000 0.000000 0.000000
 19   3.677679 0.177020 1.119313 -0.000002 -0.000014 -0.174510
 20   3.673767 0.176993 -1.117566 0.000007 -0.000003 -0.174546
 21   3.813447 1.330634 1.627658 0.013413 -0.095253 0.195285
 22   -0.296843 -0.011889 0.457925 -0.000011 0.000031 0.000025
 23   3.813464 1.330659 -1.631083 -0.013392 0.095268 0.195259
 24   -0.285214 -0.011872 -0.457915 -0.000005 -0.000006 0.000048
 25   4.941364 1.997338 1.629330 0.000018 -0.000001 -0.000024
 26   4.941382 1.997366 -1.629410 -0.000001 0.000005 -0.000024
 27   2.969151 1.646609 1.514501 -0.009571 0.067895 -0.296842
 28   2.971581 1.646215 -1.508955 0.009562 -0.067914 -0.296738
 29   8.824059 0.150544 0.091743 0.035120 -0.071849 -0.161337
 30   2.079834 -0.580711 1.776507 0.077922 -0.139938 0.002190
 31   2.172073 -0.541757 -1.748127 0.043269 -0.207626 0.003528
 32   -0.810489 -0.093824 3.127092 -0.085495 -3.040948 -0.171564
 33   14.298673 -0.408176 0.475484 -0.000052 -0.000029 -0.457363
 34   15.835795 0.581398 0.242756 -0.491326 -0.059447 0.128642
 35   -0.815868 -0.091229 -3.114430 -0.067846 3.261547 0.037460
 36   14.294526 -0.410349 -0.463635 0.000045 0.000048 -0.286510
 37   15.834409 0.579420 -0.284600 0.087396 -0.071447 0.206447
 38   1.147498 -2.961546 -2.722247 0.250442 -0.128447 0.197825
 39   -4.457742 -1.054854 -0.746180 0.028296 -0.076546 0.008947
 40   0.844655 -3.996661 2.819308 0.263408 -0.152825 0.188049
 41   -4.433840 -1.059130 0.959566 0.024603 -0.066431 0.007965
 42   -0.118389 2.119190 -2.626112 0.031939 0.014307 -0.369657
 43   -0.128895 1.952492 2.912347 0.024426 0.019350 -0.366646
time 45
  0   3.618531 2.625080 3.422350 0.000000 0.000000 -1.571069
  1   -1.093036 0.000002 -0.326057 -0.888895 -1.691140 -1.108788
  2   2.262337 0.113614 0.064702 -0.018394 0.002637 -0.028962
  3   2.380047 0.353302 0.047440 -0.000120 0.003531 -0.010387
  4   2.033756 0.190472 -0.000128 0.005892 0.002721 -0.066538
  5   2.451511 0.204909 -0.003447 0.009072 0.112926 0.016779
  6   7.247600 -0.397300 -0.109469 0.000001 -0.000003 0.156829
  7   -2.022252 -0.104661 3.136172 0.576113 -1.254743 -3.852623
  8   1.168026 -0.537438 -0.063437 1.253251 0.518706 0.973262
  9   6.790376 -0.619176 0.015206 -0.000102 -0.000151 -1.493578
 10   8.637599 0.544015 -0.090417 -1.619252 -0.071225 -0.574607
 11   6.790465 -0.619039 0.017802 0.002461 -0.011708 -1.060670
 12   -2.022474 -0.104699 -2.873818 -0.134079 1.070922 -3.417358
 13   1.167898 -0.537463 0.063297 -1.047383 -0.191318 0.714159
 14   7.002743 -0.617765 -0.183752 0.000115 0.000023 -1.553743
 15   8.209042 0.615527 -0.255885 1.718786 0.095949 -0.511896
 16   7.002735 -0.617911 -0.183641 0.013497 0.008439 -1.106330
 17   1.574674 0.609930 -0.000899 0.367612 -0.164548 0.049520
 18   -0.602177 0.511412 -0.000006 0.000000 0.000000 0.000000
 19   3.677679 0.177020 1.119313 -0.000002 -0.000014 -0.174510
 20   3.673767 0.176993 -1.117566 0.000007 -0.000003 -0.174546
 21   3.813447 1.330634 1.627658 0.013413 -0.095253 0.195285
 22   -0.296843 -0.011889 0.457925 -0.000011 0.000031 0.000025
 23   3.813464 1.330659 -1.631083 -0.013392 0.095268 0.195259
 24   -0.285214 -0.011872 -0.457915 -0.000005 -0.000006 0.000048
 25   4.941364 1.997338 1.629330 0.000018 -0.000001 -0.000024
 26   4.941382 1.997366 -1.629410 -0.000001 0.000005 -0.000024
 27   2.969151 1.646609 1.514501 -0.009571 0.067895 -0.296842
 28   2.971581 1.646215 -1.501142 0.009562 -0.067914 -0.296738
 29   8.824059 0.150544 0.091743 0.032713 -0.047921 -0.160907
 30   2.091553 -0.580711 1.753069 0.073759 -0.098382 0.001761
 31   2.152541 -0.549570 -1.763752 0.037202 -0.175223 0.003091
 32   -0.810489 -0.093824 3.127092 -0.089689 -3.063965 -0.164050
 33   14.298673 -0.408176 0.475484 -0.000052 -0.000029 -0.435290
 34   15.835795 0.581398 0.242756 -0.499653 -0.052004 0.124188
 35   -0.815868 -0.091229 -3.114430 -0.069079 3.242715 0.041678
 36   14.294526 -0.410349 -0.463635 0.000045 0.000048 -0.269130
 37   15.834409 0.579420 -0.284600 0.080717 -0.061644 0.200160
 38   1.159217 -2.957640 -2.722247 0.254420 -0.131906 0.203934
 39   -4.457742 -1.054854 -0.746180 0.028643 -0.077528 0.009059
 40   0.832936 -4.008380 2.815402 0.267576 -0.156572 0.193975
 41   -4.433840 -1.059130 0.959566 0.024927 -0.067281 0.008077
 42   -0.118389 2.119190 -2.626112 0.034240 0.016515 -0.367273
 43   -0.128895 1.952492 2.912347 0.022727 0.021138 -0.362673
time 46
  0   3.778692 2.527421 3.453601 0.000000 0.000000 -1.571069
  1   -1.093036 0.000002 -0.326057 -0.903463 -1.684102 -1.093691
  2   2.262337 0.113614 0.064702 -0.018394 0.001810 -0.030010
  3   2.380047 0.353302 0.047440 -0.000120 0.003148 -0.010999
  4   2.033756 0.190472 -0.000128 0.005892 0.002517 -0.066901
  5   2.451511 0.204909 -0.003447 0.009363 0.111920 0.014352
  6   7.247600 -0.397300 -0.109469 0.000001 -0.000003 0.156829
  7   -2.022252 -0.104661 3.136172 0.577551 -1.255089 -3.853750
  8   1.168026 -0.537438 -0.063437 1.253061 0.519260 0.973009
  9   6.790376 -0.619176 0.015206 -0.000102 -0.000151 -1.492899
 10   8.637599 0.544015 -0.090417 -1.619252 -0.071225 -0.574607
 11   6.790465 -0.619039 0.017802 0.002461 -0.011708 -1.060324
 12   -2.022474 -0.104699 -2.873818 -0.133887 1.070080 -3.417071
 13   1.167898 -0.537463 0.063297 -1.046891 -0.191725 0.713796
 14   7.002743 -0.617765 -0.183752 0.000115 0.000023 -1.553743
 15   8.209042 0.615527 -0.255885 1.718786 0.095949 -0.511896
 16   7.002735 -0.617911 -0.183641 0.013497 0.008439 -1.106330
 17   1.574674 0.609930 -0.000899 0.365947 -0.171364 0.029857
 18   -0.602177 0.511412 -0.000006 0.000000 0.000000 0.000000
 19   3.677679 0.177020 1.119313 -0.000002 -0.000014 -0.174510
 20   3.673767 0.176993 -1.117566 0.000007 -0.000003 -0.174546
 21   3.813447 1.330634 1.627658 0.013413 -0.095253 0.195285
 22   -0.296843 -0.011889 0.457925 -0.000011 0.000031 0.000025
 23   3.813464 1.330659 -1.631083 -0.013392 0.095268 0.195259
 24   -0.285214 -0.011872 -0.457915 -0.000005 -0.000006 0.000048
 25   4.941364 1.997338 1.629330 0.000018 -0.000001 -0.000024
 26   4.941382 1.997366 -1.629410 -0.000001 0.000005 -0.000024
 27   2.969151 1.646609 1.514501 -0.009571 0.067895 -0.296842
 28   2.971581 1.646215 -1.508955 0.009562 -0.067914 -0.296738
 29   8.824059 0.150544 0.091743 0.030396 -0.023922 -0.160478
 30   2.111085 -0.572898 1.725724 0.069257 -0.056826 0.001332
 31   2.140822 -0.553476 -1.783284 0.031134 -0.142277 0.002673
 32   -0.810489 -0.093824 3.127092 -0.090994 -3.079341 -0.160635
 33   14.298673 -0.408176 0.475484 -0.000052 -0.000029 -0.420363
 34   15.835795 0.581398 0.242756 -0.502183 -0.046806 0.120351
 35   -0.815868 -0.091229 -3.114430 -0.069343 3.230349 0.043705
 36   14.294526 -0.410349 -0.463635 0.000045 0.000048 -0.258393
 37   15.834409 0.579420 -0.284600 0.079850 -0.055936 0.195901
 38   1.159217 -2.961546 -2.722247 0.251200 -0.130206 0.201613
 39   -4.457742 -1.054854 -0.746180 0.028296 -0.076546 0.008947
 40   0.836842 -4.004474 2.819308 0.264166 -0.154572 0.191959
 41   -4.433840 -1.059130 0.959566 0.024603 -0.066431 0.007965
 42   -0.118389 2.119190 -2.618299 0.036972 0.019137 -0.364429
 43   -0.136708 1.948586 2.912347 0.020728 0.022755 -0.357947
time 47
  0   3.841194 2.488357 3.453601 0.000000 0.000000 -1.571069
  1   -1.093036 0.000002 -0.326057 -0.909280 -1.681092 -1.086820
  2   2.262337 0.113614 0.064702 -0.018394 0.001583 -0.030534
  3   2.380047 0.353302 0.047440 -0.000120 0.002968 -0.011305
  4   2.033756 0.190472 -0.000128 0.005892 0.002445 -0.067046
  5   2.451511 0.204909 -0.003447 0.009312 0.111986 0.012866
  6   7.247600 -0.397300 -0.109469 0.000001 -0.000003 0.156829
  7   -2.022252 -0.104661 3.136172 0.578893 -1.255061 -3.854877
  8   1.168026 -0.537438 -0.063437 1.252618 0.519511 0.972503
  9   6.790376 -0.619176 0.015206 -0.000102 -0.000151 -1.492899
 10   8.637599 0.544015 -0.090417 -1.619252 -0.071225 -0.574607
 11   6.790465 -0.619039 0.017802 0.002461 -0.011708 -1.060324
 12   -2.022474 -0.104699 -2.873818 -0.133313 1.069761 -3.416305
 13   1.167898 -0.537463 0.063297 -1.046469 -0.192285 0.713372
 14   7.002743 -0.617765 -0.183752 0.000115 0.000023 -1.553743
 15   8.209042 0.615527 -0.255885 1.718786 0.095949 -0.511896
 16   7.002735 -0.617911 -0.183641 0.013497 0.008439 -1.106330
 17   1.574674 0.609930 -0.000899 0.363550 -0.173281 0.022797
 18   -0.602177 0.511412 -0.000006 0.000000 0.000000 0.000000
 19   3.677679 0.177020 1.119313 -0.000002 -0.000014 -0.174510
 20   3.673767 0.176993 -1.117566 0.000007 -0.000003 -0.174546
 21   3.813447 1.330634 1.627658 0.013413 -0.095253 0.195285
 22   -0.296843 -0.011889 0.457925 -0.000011 0.000031 0.000025
 23   3.813464 1.330659 -1.631083 -0.013392 0.095268 0.195259
 24   -0.285214 -0.011872 -0.457915 -0.000005 -0.000006 0.000048
 25   4.941364 1.997338 1.629330 0.000018 -0.000001 -0.000024
 26   4.941382 1.997366 -1.629410 -0.000001 0.000005 -0.000024
 27   2.969151 1.646609 1.514501 -0.009571 0.067895 -0.296842
 28   2.971581 1.646215 -1.508955 0.009562 -0.067914 -0.296738
 29   8.824059 0.150544 0.091743 0.027990 0.000054 -0.159888
 30   2.118898 -0.572898 1.710099 0.064444 -0.015648 0.000882
 31   2.121290 -0.553476 -1.802816 0.025128 -0.109019 0.002218
 32   -0.810489 -0.093824 3.127092 -0.091460 -3.086218 -0.160065
 33   14.298673 -0.408176 0.475484 -0.000052 -0.000029 -0.414329
 34   15.835795 0.581398 0.242756 -0.500918 -0.044268 0.118631
 35   -0.815868 -0.091229 -3.114430 -0.069695 3.225102 0.043486
 36   14.294526 -0.410349 -0.463635 0.000045 0.000048 -0.255458
 37   15.834409 0.579420 -0.284600 0.081111 -0.053530 0.194532
 38   1.159217 -2.981078 -2.722247 0.242043 -0.125495 0.194954
 39   -4.457742 -1.054854 -0.746180 0.027265 -0.073753 0.008582
 40   0.852468 -3.977129 2.838840 0.254589 -0.148969 0.186033
 41   -4.433840 -1.059130 0.959566 0.023717 -0.064022 0.007713
 42   -0.118389 2.119190 -2.606580 0.040112 0.022142 -0.361125
 43   -0.136708 1.940773 2.912347 0.018404 0.024230 -0.352468
time 48
  0   4.001355 2.421949 3.480946 0.000000 0.000000 -1.571069
  1   -1.093036 0.000002 -0.326057 -0.924214 -1.675582 -1.064513
  2   2.262337 0.113614 0.064702 -0.018382 0.000995 -0.031076
  3   2.380047 0.353302 0.047440 -0.000135 0.002692 -0.011611
  4   2.033756 0.190472 -0.000128 0.005892 0.002265 -0.067191
  5   2.451511 0.204909 -0.003447 0.008764 0.111490 0.011826
  6   7.247600 -0.397300 -0.109469 0.000001 -0.000003 0.156829
  7   -2.022252 -0.104661 3.136172 0.579084 -1.255608 -3.854877
  8   1.168026 -0.537438 -0.063437 1.252365 0.519260 0.972060
  9   6.790376 -0.619176 0.015206 -0.000102 -0.000151 -1.492597
 10   8.637599 0.544015 -0.090417 -1.619252 -0.071225 -0.574607
 11   6.790465 -0.619039 0.017802 0.002461 -0.011708 -1.059978
 12   -2.022474 -0.104699 -2.873818 -0.133887 1.069122 -3.416497
 13   1.167898 -0.537463 0.063297 -1.046469 -0.192285 0.713372
 14   7.002743 -0.617765 -0.183752 0.000115 0.000023 -1.553743
 15   8.209042 0.615527 -0.255885 1.718786 0.095949 -0.511896
 16   7.002735 -0.617911 -0.183641 0.013497 0.008439 -1.106330
 17   1.574674 0.609930 -0.000899 0.354533 -0.174488 0.014259
 18   -0.602177 0.511412 -0.000006 0.000000 0.000000 0.000000
 19   3.673773 0.177020 1.119313 -0.000002 -0.000014 -0.174510
 20   3.673767 0.176993 -1.117566 0.000007 -0.000003 -0.174546
 21   3.813447 1.330634 1.627658 0.013413 -0.095253 0.195285
 22   -0.296843 -0.011889 0.457925 -0.000011 0.000031 0.000025
 23   3.813464 1.330659 -1.631083 -0.013392 0.095268 0.195259
 24   -0.285214 -0.011872 -0.457915 -0.000005 -0.000006 0.000048
 25   4.941364 1.997338 1.629330 0.000018 -0.000001 -0.000024
 26   4.941382 1.997366 -1.629410 -0.000001 0.000005 -0.000024
 27   2.969151 1.646609 1.514501 -0.009571 0.067895 -0.296842
 28   2.971581 1.646215 -1.501142 0.009562 -0.067914 -0.296738
 29   8.824059 0.150544 0.091743 0.025762 0.023744 -0.159405
 30   2.130617 -0.572898 1.682754 0.059318 0.024746 0.000496
 31   2.105664 -0.561289 -1.822348 0.019229 -0.075632 0.001818
 32   -0.810489 -0.093824 3.127092 -0.091926 -3.097965 -0.159553
 33   14.298673 -0.408176 0.475484 -0.000052 -0.000029 -0.404960
 34   15.835795 0.581398 0.242756 -0.495444 -0.039485 0.114706
 35   -0.815868 -0.091229 -3.114430 -0.069079 3.216202 0.042171
 36   14.294526 -0.410349 -0.463635 0.000045 0.000048 -0.251055
 37   15.834409 0.579420 -0.284600 0.087987 -0.049230 0.192504
 38   1.155311 -3.012329 -2.730060 0.227940 -0.118180 0.184506
 39   -4.457742 -1.054854 -0.746180 0.025671 -0.069475 0.008077
 40   0.864187 -3.945878 2.858372 0.239749 -0.140280 0.176869
 41   -4.433840 -1.059130 0.959566 0.022326 -0.060282 0.007264
 42   -0.122295 2.111377 -2.598767 0.043636 0.025515 -0.357361
 43   -0.136708 1.929054 2.912347 0.015793 0.025532 -0.346321
time 49
  0   4.118546 2.414136 3.473133 0.000000 0.000000 -1.571069
  1   -1.093036 0.000002 -0.326057 -0.943551 -1.671970 -1.030690
  2   2.262337 0.113614 0.064702 -0.018917 0.000756 -0.031076
  3   2.380047 0.353302 0.047440 -0.000420 0.002585 -0.011611
  4   2.033756 0.190472 -0.000128 0.005763 0.002193 -0.067191
  5   2.451511 0.204909 -0.003447 0.007754 0.111490 0.011801
  6   7.247600 -0.397300 -0.109469 0.000001 -0.000003 0.156829
  7   -2.022252 -0.104661 3.136172 0.579755 -1.255954 -3.856286
  8   1.168026 -0.537438 -0.063437 1.252365 0.518958 0.972503
  9   6.790376 -0.619176 0.015206 -0.000102 -0.000151 -1.492295
 10   8.637599 0.544015 -0.090417 -1.619252 -0.071225 -0.574607
 11   6.790465 -0.619039 0.017802 0.002461 -0.011708 -1.059805
 12   -2.022474 -0.104699 -2.873818 -0.133600 1.068745 -3.416305
 13   1.167898 -0.537463 0.063297 -1.046188 -0.192742 0.713614
 14   7.002743 -0.617765 -0.183752 0.000115 0.000023 -1.553413
 15   8.209042 0.615527 -0.255885 1.718786 0.095949 -0.511896
 16   7.002735 -0.617911 -0.183641 0.013497 0.008439 -1.106054
 17   1.574674 0.609930 -0.000899 0.340844 -0.173849 0.010341
 18   -0.602177 0.511412 -0.000006 0.000000 0.000000 0.000000
 19   3.677679 0.177020 1.119313 -0.000002 -0.000014 -0.174510
 20   3.673767 0.176993 -1.117566 0.000007 -0.000003 -0.174546
 21   3.813447 1.330634 1.627658 0.013413 -0.095253 0.195285
 22   -0.296843 -0.011889 0.457925 -0.000011 0.000031 0.000025
 23   3.813464 1.330659 -1.631083 -0.013392 0.095268 0.195259
 24   -0.285214 -0.011872 -0.457915 -0.000005 -0.000006 0.000048
 25   4.941364 1.997338 1.629330 0.000018 -0.000001 -0.000024
 26   4.941382 1.997366 -1.629410 -0.000001 0.000005 -0.000024
 27   2.969151 1.646609 1.514501 -0.009571 0.067895 -0.296842
 28   2.971581 1.646215 -1.501142 0.009562 -0.067914 -0.296738
 29   8.824059 0.150544 0.091743 0.023534 0.047008 -0.158654
 30   2.150149 -0.568992 1.667129 0.053840 0.064093 0.000067
 31   2.090039 -0.561289 -1.834067 0.013514 -0.042401 0.001381
 32   -0.810489 -0.093824 3.127092 -0.090342 -3.107324 -0.162798
 33   14.298673 -0.408176 0.475484 -0.000052 -0.000029 -0.400355
 34   15.835795 0.581398 0.242756 -0.484426 -0.034165 0.112060
 35   -0.815868 -0.091229 -3.114430 -0.065734 3.209269 0.037460
 36   14.294526 -0.410349 -0.463635 0.000045 0.000048 -0.255458
 37   15.834409 0.579420 -0.284600 0.099572 -0.045493 0.194025
 38   1.155311 -3.043580 -2.741779 0.209775 -0.108756 0.171127
 39   -4.457742 -1.054854 -0.746180 0.023622 -0.063938 0.007432
 40   0.887625 -3.910721 2.889623 0.220615 -0.129109 0.164833
 41   -4.433840 -1.059130 0.959566 0.020553 -0.055489 0.006675
 42   -0.122295 2.107471 -2.587048 0.047507 0.029210 -0.353221
 43   -0.144521 1.921241 2.912347 0.012944 0.026662 -0.339546
time 50
  0   4.337303 2.433668 3.473133 0.000000 0.000000 -1.571069
  1   -1.093036 0.000002 -0.326057 -0.975464 -1.668451 -0.965850
  2   2.262337 0.113614 0.064702 -0.018636 0.000456 -0.030805
  3   2.380047 0.353302 0.047440 -0.000285 0.002429 -0.011448
  4   2.033756 0.190472 -0.000128 0.005818 0.002145 -0.067082
  5   2.451511 0.204909 -0.003447 0.008199 0.111907 0.011826
  6   7.247600 -0.397300 -0.109469 0.000001 -0.000003 0.156829
  7   -2.022252 -0.104661 3.136172 0.582344 -1.256761 -3.858351
  8   1.168026 -0.537438 -0.063437 1.252365 0.519260 0.972060
  9   6.790376 -0.619176 0.015206 -0.000102 -0.000151 -1.491616
 10   8.637599 0.544015 -0.090417 -1.619252 -0.071225 -0.574607
 11   6.790465 -0.619039 0.017802 0.002461 -0.011708 -1.059286
 12   -2.022474 -0.104699 -2.873818 -0.132450 1.067787 -3.415635
 13   1.167898 -0.537463 0.063297 -1.045485 -0.193200 0.713130
 14   7.002743 -0.617765 -0.183752 0.000115 0.000023 -1.553413
 15   8.209042 0.615527 -0.255885 1.718786 0.095949 -0.511896
 16   7.002735 -0.617911 -0.183641 0.013497 0.008439 -1.106054
 17   1.574674 0.609930 -0.000899 0.296649 -0.166394 0.025902
 18   -0.602177 0.511412 -0.000006 0.000000 0.000000 0.000000
 19   3.673773 0.177020 1.119313 -0.000002 -0.000014 -0.174510
 20   3.673767 0.176993 -1.117566 0.000007 -0.000003 -0.174546
 21   3.813447 1.330634 1.627658 0.013413 -0.095253 0.195285
 22   -0.296843 -0.011889 0.457925 -0.000011 0.000031 0.000025
 23   3.813464 1.330659 -1.631083 -0.013392 0.095268 0.195259
 24   -0.285214 -0.011872 -0.457915 -0.000005 -0.000006 0.000048
 25   4.941364 1.997338 1.629330 0.000018 -0.000001 -0.000024
 26   4.941382 1.997366 -1.629410 -0.000001 0.000005 -0.000024
 27   2.969151 1.646609 1.514501 -0.009571 0.067895 -0.296842
 28   2.971581 1.646215 -1.501142 0.009562 -0.067914 -0.296738
 29   8.824059 0.150544 0.091743 0.021395 0.069630 -0.157903
 30   2.165774 -0.568992 1.647597 0.048009 0.101930 -0.000298
 31   2.070507 -0.561289 -1.853599 0.007983 -0.009428 0.000999
 32   -0.810489 -0.093824 3.127092 -0.085868 -3.119931 -0.168262
 33   14.298673 -0.408176 0.475484 -0.000052 -0.000029 -0.397417
 34   15.835795 0.581398 0.242756 -0.457698 -0.026087 0.107341
 35   -0.815868 -0.091229 -3.114430 -0.058517 3.200274 0.030559
 36   14.294526 -0.410349 -0.463635 0.000045 0.000048 -0.266272
 37   15.834409 0.579420 -0.284600 0.124515 -0.041321 0.197777
 38   1.155311 -3.086550 -2.749592 0.188452 -0.097694 0.155242
 39   -4.457742 -1.054854 -0.746180 0.021225 -0.057418 0.006703
 40   0.907157 -3.859938 2.924780 0.198177 -0.115974 0.150598
 41   -4.433840 -1.059130 0.959566 0.018455 -0.049844 0.006002
 42   -0.130108 2.107471 -2.583142 0.051690 0.033227 -0.348663
 43   -0.148427 1.917335 2.912347 0.009883 0.027682 -0.332185
time 51
  0   4.454494 2.453200 3.473133 0.000000 0.000000 -1.571069
  1   -1.093036 0.000002 -0.326057 -1.012408 -1.667571 -0.901736
  2   2.262337 0.113614 0.064702 -0.018382 0.000456 -0.031329
  3   2.380047 0.353302 0.047440 -0.000135 0.002441 -0.011754
  4   2.033756 0.190472 -0.000128 0.005892 0.002145 -0.067191
  5   2.451511 0.204909 -0.003447 0.010099 0.112456 0.010959
  6   7.247600 -0.397300 -0.109469 0.000001 -0.000003 0.156829
  7   -2.022252 -0.104661 3.136172 0.581002 -1.257684 -3.857788
  8   1.168026 -0.537438 -0.063437 1.251479 0.519260 0.971554
  9   6.790376 -0.619176 0.015206 -0.000102 -0.000151 -1.490786
 10   8.637599 0.544015 -0.090417 -1.619252 -0.071225 -0.574607
 11   6.790465 -0.619039 0.017802 0.002461 -0.011708 -1.058767
 12   -2.022474 -0.104699 -2.873818 -0.134558 1.067062 -3.417167
 13   1.167898 -0.537463 0.063297 -1.045063 -0.193759 0.712585
 14   7.002743 -0.617765 -0.183752 0.000115 0.000023 -1.553413
 15   8.209042 0.615527 -0.255885 1.718786 0.095949 -0.511896
 16   7.002735 -0.617911 -0.183641 0.013497 0.008439 -1.106054
 17   1.574674 0.609930 -0.000899 0.237018 -0.137639 0.060904
 18   -0.602177 0.511412 -0.000006 0.000000 0.000000 0.000000
 19   3.673773 0.177020 1.119313 -0.000002 -0.000014 -0.174510
 20   3.673767 0.176993 -1.117566 0.000007 -0.000003 -0.174546
 21   3.813447 1.330634 1.627658 0.013413 -0.095253 0.195285
 22   -0.296843 -0.011889 0.457925 -0.000011 0.000031 0.000025
 23   3.813464 1.330659 -1.631083 -0.013392 0.095268 0.195259
 24   -0.285214 -0.011872 -0.457915 -0.000005 -0.000006 0.000048
 25   4.941364 1.997338 1.629330 0.000018 -0.000001 -0.000024
 26   4.941382 1.997366 -1.629410 -0.000001 0.000005 -0.000024
 27   2.969151 1.646609 1.514501 -0.009571 0.067895 -0.296842
 28   2.971581 1.646215 -1.501142 0.009562 -0.067914 -0.296738
 29   8.824059 0.150544 0.091743 0.019345 0.091374 -0.157098
 30   2.173587 -0.568992 1.628065 0.041839 0.137935 -0.000641
 31   2.050975 -0.561289 -1.861412 0.002758 0.022923 0.000617
 32   -0.810489 -0.093824 3.127092 -0.084190 -3.128813 -0.171336
 33   14.298673 -0.408176 0.475484 -0.000052 -0.000029 -0.395988
 34   15.835795 0.581398 0.242756 -0.433730 -0.020450 0.104430
 35   -0.815868 -0.091229 -3.114430 -0.052972 3.195028 0.028258
 36   14.294526 -0.410349 -0.463635 0.000045 0.000048 -0.273224
 37   15.834409 0.579420 -0.284600 0.146365 -0.038864 0.200515
 38   1.147498 -3.129520 -2.761311 0.164856 -0.085475 0.137586
 39   -4.457742 -1.054854 -0.746180 0.018552 -0.050227 0.005862
 40   0.938408 -3.809155 2.963844 0.173360 -0.101453 0.134652
 41   -4.433840 -1.059130 0.959566 0.016142 -0.043600 0.005245
 42   -0.130108 2.107471 -2.567516 0.056160 0.037551 -0.343728
 43   -0.148427 1.905616 2.912347 0.006572 0.028592 -0.324239
time 52
  0   4.509183 2.445387 3.473133 0.000000 0.000000 -1.571069
  1   -1.093036 0.000002 -0.326057 -1.030225 -1.667247 -0.868445
  2   2.262337 0.113614 0.064702 -0.018101 0.000456 -0.031329
  3   2.380047 0.353302 0.047440 0.000000 0.002441 -0.011754
  4   2.033756 0.190472 -0.000128 0.005984 0.002145 -0.067227
  5   2.451511 0.204909 -0.003447 0.011571 0.112469 0.010538
  6   7.247600 -0.397300 -0.109469 0.000001 -0.000003 0.156829
  7   -2.022252 -0.104661 3.136172 0.579084 -1.258289 -3.855628
  8   1.168026 -0.537438 -0.063437 1.251479 0.519260 0.971554
  9   6.790376 -0.619176 0.015206 -0.000102 -0.000151 -1.490786
 10   8.637599 0.544015 -0.090417 -1.619252 -0.071225 -0.574607
 11   6.790465 -0.619039 0.017802 0.002461 -0.011708 -1.058767
 12   -2.022474 -0.104699 -2.873818 -0.135420 1.066655 -3.417933
 13   1.167898 -0.537463 0.063297 -1.045063 -0.193759 0.712585
 14   7.002743 -0.617765 -0.183752 0.000115 0.000023 -1.553083
 15   8.209042 0.615527 -0.255885 1.718786 0.095949 -0.511896
 16   7.002735 -0.617911 -0.183641 0.013497 0.008439 -1.105778
 17   1.574674 0.609930 -0.000899 0.195139 -0.114587 0.078386
 18   -0.602177 0.511412 -0.000006 0.000000 0.000000 0.000000
 19   3.677679 0.177020 1.119313 -0.000002 -0.000014 -0.174510
 20   3.673767 0.176993 -1.117566 0.000007 -0.000003 -0.174546
 21   3.813447 1.330634 1.627658 0.013413 -0.095253 0.195285
 22   -0.296843 -0.011889 0.457925 -0.000011 0.000031 0.000025
 23   3.813464 1.330659 -1.631083 -0.013392 0.095268 0.195259
 24   -0.285214 -0.011872 -0.457915 -0.000005 -0.000006 0.000048
 25   4.941364 1.997338 1.629330 0.000018 -0.000001 -0.000024
 26   4.941382 1.997366 -1.629410 -0.000001 0.000005 -0.000024
 27   2.969151 1.646609 1.514501 -0.009571 0.067895 -0.296842
 28   2.971581 1.646215 -1.508955 0.009562 -0.067914 -0.296738
 29   8.824059 0.150544 0.091743 0.017385 0.112074 -0.156186
 30   2.193119 -0.568992 1.604627 0.035357 0.171732 -0.001027
 31   2.027537 -0.569102 -1.880944 -0.002145 0.054548 0.000271
 32   -0.810489 -0.093824 3.127092 -0.082512 -3.132824 -0.172873
 33   14.298673 -0.408176 0.475484 -0.000052 -0.000029 -0.395432
 34   15.835795 0.581398 0.242756 -0.420020 -0.016936 0.102842
 35   -0.815868 -0.091229 -3.114430 -0.050331 3.192217 0.027217
 36   14.294526 -0.410349 -0.463635 0.000045 0.000048 -0.277086
 37   15.834409 0.579420 -0.284600 0.159329 -0.037840 0.202036
 38   1.147498 -3.180303 -2.765217 0.139892 -0.072520 0.118769
 39   -4.457742 -1.054854 -0.746180 0.015760 -0.042629 0.004936
 40   0.961846 -3.754466 3.006814 0.147133 -0.086101 0.117546
 41   -4.433840 -1.059130 0.959566 0.013697 -0.036984 0.004431
 42   -0.130108 2.099658 -2.555797 0.060894 0.042105 -0.338416
 43   -0.156240 1.897803 2.912347 0.003074 0.029361 -0.315833
time 53
  0   4.657625 2.496170 3.441882 0.000000 0.000000 -1.571069
  1   -1.093036 0.000002 -0.326057 -1.055849 -1.667710 -0.803750
  2   2.262337 0.113614 0.064702 -0.017031 0.000480 -0.031600
  3   2.380047 0.353302 0.047440 0.000420 0.002441 -0.011897
  4   2.033756 0.190472 -0.000128 0.006224 0.002121 -0.067336
  5   2.451511 0.204909 -0.003447 0.012581 0.113004 0.009597
  6   7.247600 -0.397300 -0.109469 0.000001 -0.000003 0.156829
  7   -2.022252 -0.104661 3.136172 0.579755 -1.258693 -3.856473
  8   1.168026 -0.537438 -0.063437 1.251479 0.519260 0.971554
  9   6.790376 -0.619176 0.015206 -0.000102 -0.000151 -1.490031
 10   8.637599 0.544015 -0.090417 -1.619252 -0.071225 -0.574607
 11   6.790465 -0.619039 0.017802 0.002461 -0.011708 -1.058363
 12   -2.022474 -0.104699 -2.873818 -0.136378 1.065639 -3.418507
 13   1.167898 -0.537463 0.063297 -1.044361 -0.194115 0.712101
 14   7.002743 -0.617765 -0.183752 0.000115 0.000023 -1.553083
 15   8.209042 0.615527 -0.255885 1.718786 0.095949 -0.511896
 16   7.002735 -0.617911 -0.183641 0.013497 0.008439 -1.105778
 17   1.574674 0.609930 -0.000899 0.091761 -0.059136 0.103002
 18   -0.602177 0.511412 -0.000006 0.000000 0.000000 0.000000
 19   3.673773 0.177020 1.119313 -0.000002 -0.000014 -0.174510
 20   3.673767 0.176993 -1.117566 0.000007 -0.000003 -0.174546
 21   3.813447 1.330634 1.627658 0.013413 -0.095253 0.195285
 22   -0.296843 -0.011889 0.457925 -0.000011 0.000031 0.000025
 23   3.813464 1.330659 -1.631083 -0.013392 0.095268 0.195259
 24   -0.285214 -0.011872 -0.457915 -0.000005 -0.000006 0.000048
 25   4.941364 1.997338 1.629330 0.000018 -0.000001 -0.000024
 26   4.941382 1.997366 -1.629410 -0.000001 0.000005 -0.000024
 27   2.969151 1.646609 1.514501 -0.009571 0.067895 -0.296842
 28   2.971581 1.646215 -1.508955 0.009562 -0.067914 -0.296738
 29   8.824059 0.150544 0.091743 0.015602 0.131539 -0.155167
 30   2.204838 -0.561179 1.592908 0.028496 0.202914 -0.001327
 31   2.004099 -0.569102 -1.896569 -0.006711 0.085242 -0.000020
 32   -0.810489 -0.093824 3.127092 -0.077665 -3.139796 -0.177996
 33   14.298673 -0.408176 0.475484 -0.000052 -0.000029 -0.396544
 34   15.835795 0.581398 0.242756 -0.387657 -0.010176 0.099976
 35   -0.815868 -0.091229 -3.114430 -0.043906 3.189313 0.025081
 36   14.294526 -0.410349 -0.463635 0.000045 0.000048 -0.284965
 37   15.834409 0.579420 -0.284600 0.191956 -0.036074 0.205230
 38   1.147498 -3.234992 -2.780843 0.114507 -0.059349 0.099341
 39   -4.457742 -1.054854 -0.746180 0.012883 -0.034875 0.004067
 40   0.993097 -3.699777 3.049784 0.120422 -0.070471 0.099645
 41   -4.433840 -1.059130 0.959566 0.011217 -0.030273 0.003646
 42   -0.130108 2.099658 -2.544078 0.065831 0.046873 -0.332812
 43   -0.160146 1.886084 2.908441 -0.000550 0.030035 -0.306925
time 54
  0   4.806067 2.507889 3.441882 0.000000 0.000000 -1.571069
  1   -1.093036 0.000002 -0.326057 -1.080741 -1.669933 -0.734604
  2   2.262337 0.113614 0.064702 -0.017031 0.000204 -0.031600
  3   2.380047 0.353302 0.047440 0.000420 0.002285 -0.011897
  4   2.033756 0.190472 -0.000128 0.006224 0.002049 -0.067336
  5   2.451511 0.204909 -0.003447 0.012581 0.113461 0.010117
  6   7.247600 -0.397300 -0.109469 0.000001 -0.000003 0.156829
  7   -2.022252 -0.104661 3.136172 0.579851 -1.259298 -3.857037
  8   1.168026 -0.537438 -0.063437 1.251859 0.519008 0.971554
  9   6.790376 -0.619176 0.015206 -0.000102 -0.000151 -1.490031
 10   8.637599 0.544015 -0.090417 -1.619252 -0.071225 -0.574607
 11   6.790465 -0.619039 0.017802 0.002461 -0.011708 -1.058363
 12   -2.022474 -0.104699 -2.873818 -0.136762 1.065465 -3.419273
 13   1.167898 -0.537463 0.063297 -1.044361 -0.194115 0.712101
 14   7.002743 -0.617765 -0.183752 0.000115 0.000023 -1.553083
 15   8.209042 0.615527 -0.255885 1.718786 0.095949 -0.511896
 16   7.002735 -0.617911 -0.183641 0.013497 0.008439 -1.105778
 17   1.574674 0.609930 -0.000899 -0.017954 -0.007400 0.119524
 18   -0.602177 0.511412 -0.000006 0.000000 0.000000 0.000000
 19   3.673773 0.177020 1.119313 -0.000002 -0.000014 -0.174510
 20   3.673767 0.176993 -1.117566 0.000007 -0.000003 -0.174546
 21   3.813447 1.330634 1.627658 0.013413 -0.095253 0.195285
 22   -0.296843 -0.011889 0.457925 -0.000011 0.000031 0.000025
 23   3.813464 1.330659 -1.631083 -0.013392 0.095268 0.195259
 24   -0.285214 -0.011872 -0.457915 -0.000005 -0.000006 0.000048
 25   4.941364 1.997338 1.629330 0.000018 -0.000001 -0.000024
 26   4.941382 1.997366 -1.629410 -0.000001 0.000005 -0.000024
 27   2.969151 1.646609 1.514501 -0.009571 0.067895 -0.296842
 28   2.971581 1.646215 -1.508955 0.009562 -0.067914 -0.296738
 29   8.824059 0.150544 0.091743 0.013998 0.149580 -0.154040
 30   2.212651 -0.561179 1.573376 0.021282 0.231160 -0.001606
 31   1.984567 -0.569102 -1.916101 -0.010802 0.114692 -0.000348
 32   -0.810489 -0.093824 3.127092 -0.071047 -3.147150 -0.181753
 33   14.298673 -0.408176 0.475484 -0.000052 -0.000029 -0.397417
 34   15.835795 0.581398 0.242756 -0.350440 -0.003050 0.097109
 35   -0.815868 -0.091229 -3.114430 -0.035193 3.185472 0.026231
 36   14.294526 -0.410349 -0.463635 0.000045 0.000048 -0.290372
 37   15.834409 0.579420 -0.284600 0.227243 -0.033668 0.207816
 38   1.139685 -3.277962 -2.792562 0.089564 -0.046431 0.079974
 39   -4.457742 -1.054854 -0.746180 0.010067 -0.027289 0.003141
 40   1.024348 -3.641181 3.092754 0.094174 -0.055106 0.081683
 41   -4.433840 -1.059130 0.959566 0.008772 -0.023682 0.002833
 42   -0.130108 2.087939 -2.532359 0.071009 0.051887 -0.326874
 43   -0.167959 1.874365 2.908441 -0.004348 0.030632 -0.297557
time 55
  0   5.017011 2.507889 3.398912 0.000000 0.000000 -1.571069
  1   -1.093036 0.000002 -0.326057 -1.135868 -1.673915 -0.609521
  2   2.262337 0.113614 0.064702 -0.016229 0.001019 -0.032161
  3   2.380047 0.353302 0.047440 0.000855 0.002692 -0.012162
  4   2.033756 0.190472 -0.000128 0.006482 0.002277 -0.067481
  5   2.451511 0.204909 -0.003447 0.014926 0.115994 0.008854
  6   7.247600 -0.397300 -0.109469 0.000001 -0.000003 0.156829
  7   -2.022252 -0.104661 3.136172 0.579755 -1.260653 -3.856755
  8   1.168026 -0.537438 -0.063437 1.250783 0.518958 0.970858
  9   6.790376 -0.619176 0.015206 -0.000102 -0.000151 -1.489503
 10   8.637599 0.544015 -0.090417 -1.619252 -0.071225 -0.574607
 11   6.790465 -0.619039 0.017802 0.002461 -0.011708 -1.057844
 12   -2.022474 -0.104699 -2.873818 -0.138294 1.063898 -3.420518
 13   1.167898 -0.537463 0.063297 -1.044361 -0.195285 0.712222
 14   7.002743 -0.617765 -0.183752 0.000115 0.000023 -1.552753
 15   8.209042 0.615527 -0.255885 1.718786 0.095949 -0.511896
 16   7.002735 -0.617911 -0.183641 0.013497 0.008439 -1.105557
 17   1.574674 0.609930 -0.000899 -0.167842 0.043082 0.132571
 18   -0.602177 0.511412 -0.000006 0.000000 0.000000 0.000000
 19   3.677679 0.177020 1.119313 -0.000002 -0.000014 -0.174510
 20   3.673767 0.176993 -1.117566 0.000007 -0.000003 -0.174546
 21   3.813447 1.330634 1.627658 0.013413 -0.095253 0.195285
 22   -0.296843 -0.011889 0.457925 -0.000011 0.000031 0.000025
 23   3.813464 1.330659 -1.631083 -0.013392 0.095268 0.195259
 24   -0.285214 -0.011872 -0.457915 -0.000005 -0.000006 0.000048
 25   4.941364 1.997338 1.629330 0.000018 -0.000001 -0.000024
 26   4.941382 1.997366 -1.629410 -0.000001 0.000005 -0.000024
 27   2.969151 1.646609 1.514501 -0.009571 0.067895 -0.296842
 28   2.971581 1.646215 -1.501142 0.009562 -0.067914 -0.296738
 29   8.824059 0.150544 0.091743 0.012483 0.165983 -0.152860
 30   2.224370 -0.561179 1.561657 0.013715 0.256065 -0.001863
 31   1.965035 -0.573008 -1.927820 -0.014449 0.142743 -0.000584
 32   -0.810489 -0.093824 3.127092 -0.063591 -3.160998 -0.184656
 33   14.298673 -0.408176 0.475484 -0.000052 -0.000029 -0.400990
 34   15.835795 0.581398 0.242756 -0.290520 0.007834 0.097021
 35   -0.815868 -0.091229 -3.114430 -0.014950 3.178820 0.030175
 36   14.294526 -0.410349 -0.463635 0.000045 0.000048 -0.303272
 37   15.834409 0.579420 -0.284600 0.276676 -0.029701 0.216131
 38   1.139685 -3.328745 -2.796468 0.065947 -0.034175 0.061279
 39   -4.457742 -1.054854 -0.746180 0.007406 -0.020086 0.002328
 40   1.043880 -3.594305 3.131818 0.069357 -0.040573 0.064027
 41   -4.433840 -1.059130 0.959566 0.006459 -0.017438 0.002075
 42   -0.137921 2.087939 -2.520640 0.076354 0.057054 -0.320642
 43   -0.167959 1.866552 2.908441 -0.008284 0.031134 -0.287855
time 56
  0   5.165453 2.488357 3.363755 0.000000 0.000000 -1.571069
  1   -1.093036 0.000002 -0.326057 -1.171449 -1.677758 -0.531084
  2   2.262337 0.113614 0.064702 -0.015452 0.001834 -0.033552
  3   2.380047 0.353302 0.047440 0.001290 0.003172 -0.012917
  4   2.033756 0.190472 -0.000128 0.006722 0.002529 -0.067807
  5   2.451511 0.204909 -0.003447 0.017134 0.118044 0.005065
  6   7.247600 -0.397300 -0.109469 0.000001 -0.000003 0.156829
  7   -2.022252 -0.104661 3.136172 0.578893 -1.261489 -3.855816
  8   1.168026 -0.537438 -0.063437 1.249201 0.519511 0.969719
  9   6.790376 -0.619176 0.015206 -0.000102 -0.000151 -1.489050
 10   8.637599 0.544015 -0.090417 -1.619252 -0.071225 -0.574607
 11   6.790465 -0.619039 0.017802 0.002461 -0.011708 -1.057498
 12   -2.022474 -0.104699 -2.873818 -0.139732 1.062505 -3.421475
 13   1.167898 -0.537463 0.063297 -1.042463 -0.196251 0.710406
 14   7.002743 -0.617765 -0.183752 0.000115 0.000023 -1.552753
 15   8.209042 0.615527 -0.255885 1.718786 0.095949 -0.511896
 16   7.002735 -0.617911 -0.183641 0.013497 0.008439 -1.105557
 17   1.574674 0.609930 -0.000899 -0.237547 0.061329 0.138892
 18   -0.602177 0.511412 -0.000006 0.000000 0.000000 0.000000
 19   3.673773 0.177020 1.119313 -0.000002 -0.000014 -0.174510
 20   3.673767 0.176993 -1.117566 0.000007 -0.000003 -0.174546
 21   3.813447 1.330634 1.627658 0.013413 -0.095253 0.195285
 22   -0.296843 -0.011889 0.457925 -0.000011 0.000031 0.000025
 23   3.813464 1.330659 -1.631083 -0.013392 0.095268 0.195259
 24   -0.285214 -0.011872 -0.457915 -0.000005 -0.000006 0.000048
 25   4.941364 1.997338 1.629330 0.000018 -0.000001 -0.000024
 26   4.941382 1.997366 -1.629410 -0.000001 0.000005 -0.000024
 27   2.969151 1.646609 1.514501 -0.009571 0.067895 -0.296842
 28   2.971581 1.646215 -1.501142 0.009562 -0.067914 -0.296738
 29   8.824059 0.150544 0.091743 0.011413 0.180558 -0.151465
 30   2.232183 -0.561179 1.553844 0.005769 0.277279 -0.002099
 31   1.945503 -0.573008 -1.939539 -0.017544 0.169136 -0.000839
 32   -0.810489 -0.093824 3.127092 -0.059769 -3.170166 -0.184314
 33   14.298673 -0.408176 0.475484 -0.000052 -0.000029 -0.404960
 34   15.835795 0.581398 0.242756 -0.253165 0.014618 0.098432
 35   -0.815868 -0.091229 -3.114430 -0.002540 3.173667 0.033243
 36   14.294526 -0.410349 -0.463635 0.000045 0.000048 -0.313623
 37   15.834409 0.579420 -0.284600 0.306800 -0.026732 0.223432
 38   1.139685 -3.371715 -2.808187 0.044603 -0.023125 0.043867
 39   -4.457742 -1.054854 -0.746180 0.005022 -0.013591 0.001571
 40   1.075131 -3.543522 3.166975 0.046897 -0.027450 0.047348
 41   -4.433840 -1.059130 0.959566 0.004349 -0.011793 0.001374
 42   -0.141827 2.084033 -2.505014 0.081831 0.062374 -0.314118
 43   -0.179678 1.854833 2.900628 -0.012332 0.031557 -0.277818
time 57
  0   5.196704 2.445387 3.363755 0.000000 0.000000 -1.571069
  1   -1.093036 0.000002 -0.326057 -1.190524 -1.679286 -0.493293
  2   2.262337 0.113614 0.064702 -0.015159 0.001834 -0.034076
  3   2.380047 0.353302 0.047440 0.001440 0.003172 -0.013182
  4   2.033756 0.190472 -0.000128 0.006777 0.002541 -0.067952
  5   2.451511 0.204909 -0.003447 0.017990 0.118579 0.003158
  6   7.247600 -0.397300 -0.109469 0.000001 -0.000003 0.156829
  7   -2.022252 -0.104661 3.136172 0.577167 -1.261633 -3.854595
  8   1.168026 -0.537438 -0.063437 1.248568 0.520065 0.969150
  9   6.790376 -0.619176 0.015206 -0.000102 -0.000151 -1.488824
 10   8.637599 0.544015 -0.090417 -1.619252 -0.071225 -0.574607
 11   6.790465 -0.619039 0.017802 0.002461 -0.011708 -1.057325
 12   -2.022474 -0.104699 -2.873818 -0.140402 1.062418 -3.422241
 13   1.167898 -0.537463 0.063297 -1.041900 -0.196709 0.709861
 14   7.002743 -0.617765 -0.183752 0.000115 0.000023 -1.552753
 15   8.209042 0.615527 -0.255885 1.718786 0.095949 -0.511896
 16   7.002735 -0.617911 -0.183641 0.013497 0.008439 -1.105557
 17   1.574674 0.609930 -0.000899 -0.261959 0.067932 0.140998
 18   -0.602177 0.511412 -0.000006 0.000000 0.000000 0.000000
 19   3.677679 0.177020 1.119313 -0.000002 -0.000014 -0.174510
 20   3.673767 0.176993 -1.117566 0.000007 -0.000003 -0.174546
 21   3.813447 1.330634 1.627658 0.013413 -0.095253 0.195285
 22   -0.296843 -0.011889 0.457925 -0.000011 0.000031 0.000025
 23   3.813464 1.330659 -1.631083 -0.013392 0.095268 0.195259
 24   -0.285214 -0.011872 -0.457915 -0.000005 -0.000006 0.000048
 25   4.941364 1.997338 1.629330 0.000018 -0.000001 -0.000024
 26   4.941382 1.997366 -1.629410 -0.000001 0.000005 -0.000024
 27   2.969151 1.646609 1.514501 -0.009571 0.067895 -0.296842
 28   2.971581 1.646215 -1.508955 0.009562 -0.067914 -0.296738
 29   8.824059 0.150544 0.091743 0.010344 0.193091 -0.149963
 30   2.236089 -0.561179 1.542125 -0.002490 0.294395 -0.002292
 31   1.922065 -0.580821 -1.955165 -0.020026 0.193743 -0.001003
 32   -0.810489 -0.093824 3.127092 -0.058837 -3.173891 -0.183973
 33   14.298673 -0.408176 0.475484 -0.000052 -0.000029 -0.405992
 34   15.835795 0.581398 0.242756 -0.236764 0.017864 0.099667
 35   -0.815868 -0.091229 -3.114430 0.000453 3.171231 0.036201
 36   14.294526 -0.410349 -0.463635 0.000045 0.000048 -0.316172
 37   15.834409 0.579420 -0.284600 0.321892 -0.025836 0.225713
 38   1.139685 -3.402966 -2.816000 0.026459 -0.013714 0.028410
 39   -4.457742 -1.054854 -0.746180 0.002960 -0.008054 0.000926
 40   1.090756 -3.500552 3.198226 0.027827 -0.016267 0.032075
 41   -4.433840 -1.059130 0.959566 0.002588 -0.006975 0.000813
 42   -0.141827 2.076220 -2.489389 0.087428 0.067817 -0.307343
 43   -0.179678 1.843114 2.900628 -0.016455 0.031918 -0.267446
time 58
  0   5.313895 2.421949 3.328598 0.000000 0.000000 -1.571069
  1   -1.093036 0.000002 -0.326057 -1.217616 -1.683268 -0.434405
  2   2.262337 0.113614 0.064702 -0.014624 0.001834 -0.034871
  3   2.380047 0.353302 0.047440 0.001725 0.003184 -0.013611
  4   2.033756 0.190472 -0.000128 0.006906 0.002553 -0.068169
  5   2.451511 0.204909 -0.003447 0.019274 0.119584 0.000310
  6   7.247600 -0.397300 -0.109469 0.000001 -0.000003 0.156829
  7   -2.022252 -0.104661 3.136172 0.576784 -1.262498 -3.853938
  8   1.168026 -0.537438 -0.063437 1.246986 0.520719 0.968011
  9   6.790376 -0.619176 0.015206 -0.000102 -0.000151 -1.488824
 10   8.637599 0.544015 -0.090417 -1.619252 -0.071225 -0.574607
 11   6.790465 -0.619039 0.017802 0.002461 -0.011708 -1.057325
 12   -2.022474 -0.104699 -2.873818 -0.140881 1.061634 -3.422337
 13   1.167898 -0.537463 0.063297 -1.040073 -0.197421 0.708590
 14   7.002743 -0.617765 -0.183752 0.000115 0.000023 -1.552258
 15   8.209042 0.615527 -0.255885 1.718786 0.095949 -0.511896
 16   7.002735 -0.617911 -0.183641 0.013497 0.008439 -1.105281
 17   1.574674 0.609930 -0.000899 -0.296649 0.077777 0.145323
 18   -0.602177 0.511412 -0.000006 0.000000 0.000000 0.000000
 19   3.677679 0.177020 1.119313 -0.000002 -0.000014 -0.174510
 20   3.673767 0.176993 -1.117566 0.000007 -0.000003 -0.174546
 21   3.813447 1.330634 1.627658 0.013413 -0.095253 0.195285
 22   -0.296843 -0.011889 0.457925 -0.000011 0.000031 0.000025
 23   3.813464 1.330659 -1.631083 -0.013392 0.095268 0.195259
 24   -0.285214 -0.011872 -0.457915 -0.000005 -0.000006 0.000048
 25   4.941364 1.997338 1.629330 0.000018 -0.000001 -0.000024
 26   4.941382 1.997366 -1.629410 -0.000001 0.000005 -0.000024
 27   2.969151 1.646609 1.514501 -0.009571 0.067895 -0.296842
 28   2.971581 1.646215 -1.508955 0.009562 -0.067914 -0.296738
 29   8.824059 0.150544 0.091743 0.009631 0.203417 -0.148407
 30   2.239995 -0.561179 1.534312 -0.011182 0.307094 -0.002420
 31   1.902533 -0.580821 -1.970790 -0.021895 0.216225 -0.001130
 32   -0.810489 -0.093824 3.127092 -0.056507 -3.181436 -0.180671
 33   14.298673 -0.408176 0.475484 -0.000052 -0.000029 -0.406389
 34   15.835795 0.581398 0.242756 -0.208403 0.022842 0.100108
 35   -0.815868 -0.091229 -3.114430 0.005294 3.167952 0.041404
 36   14.294526 -0.410349 -0.463635 0.000045 0.000048 -0.320575
 37   15.834409 0.579420 -0.284600 0.349121 -0.023788 0.229770
 38   1.139685 -3.434217 -2.823813 0.012356 -0.006399 0.015519
 39   -4.457742 -1.054854 -0.746180 0.001378 -0.003751 0.000421
 40   1.110288 -3.469301 3.217758 0.012966 -0.007603 0.018695
 41   -4.433840 -1.059130 0.959566 0.001197 -0.003260 0.000393
 42   -0.141827 2.068407 -2.473763 0.093096 0.073352 -0.300317
 43   -0.191397 1.831395 2.900628 -0.020653 0.032248 -0.256865
time 59
  0   5.505307 2.355541 3.328598 0.000000 0.000000 -1.571069
  1   -1.093036 0.000002 -0.326057 -1.285949 -1.691742 -0.330032
  2   2.262337 0.113614 0.064702 -0.013822 0.001331 -0.035648
  3   2.380047 0.353302 0.047440 0.002145 0.002860 -0.014060
  4   2.033756 0.190472 -0.000128 0.007146 0.002433 -0.068387
  5   2.451511 0.204909 -0.003447 0.021516 0.119623 -0.002018
  6   7.247600 -0.397300 -0.109469 0.000001 -0.000003 0.156829
  7   -2.022252 -0.104661 3.136172 0.576400 -1.263680 -3.853750
  8   1.168026 -0.537438 -0.063437 1.245404 0.521423 0.966493
  9   6.790376 -0.619176 0.015206 -0.000102 -0.000151 -1.488069
 10   8.637599 0.544015 -0.090417 -1.619252 -0.071225 -0.574607
 11   6.790465 -0.619039 0.017802 0.002432 -0.011708 -1.056806
 12   -2.022474 -0.104699 -2.873818 -0.142318 1.059777 -3.423103
 13   1.167898 -0.537463 0.063297 -1.038878 -0.198641 0.707137
 14   7.002743 -0.617765 -0.183752 0.000115 0.000023 -1.552258
 15   8.209042 0.615527 -0.255885 1.718786 0.095949 -0.511896
 16   7.002735 -0.617911 -0.183641 0.013497 0.008439 -1.105281
 17   1.574674 0.609930 -0.000899 -0.331298 0.083883 0.159516
 18   -0.602177 0.511412 -0.000006 0.000000 0.000000 0.000000
 19   3.677679 0.177020 1.119313 -0.000002 -0.000014 -0.174510
 20   3.673767 0.176993 -1.117566 0.000007 -0.000003 -0.174546
 21   3.813447 1.330634 1.627658 0.013413 -0.095253 0.195285
 22   -0.296843 -0.011889 0.457925 -0.000011 0.000031 0.000025
 23   3.813464 1.330659 -1.631083 -0.013392 0.095268 0.195259
 24   -0.285214 -0.011872 -0.457915 -0.000005 -0.000006 0.000048
 25   4.941364 1.997338 1.629330 0.000018 -0.000001 -0.000024
 26   4.941382 1.997366 -1.629410 -0.000001 0.000005 -0.000024
 27   2.969151 1.646609 1.514501 -0.009571 0.067895 -0.296842
 28   2.971581 1.646215 -1.501142 0.009562 -0.067914 -0.296738
 29   8.824059 0.150544 0.091743 0.009275 0.211346 -0.146583
 30   2.247808 -0.553366 1.530406 -0.020213 0.314999 -0.002485
 31   1.883001 -0.580821 -1.978603 -0.023029 0.236454 -0.001203
 32   -0.810489 -0.093824 3.127092 -0.053058 -3.194424 -0.171051
 33   14.298673 -0.408176 0.475484 -0.000052 -0.000029 -0.407342
 34   15.835795 0.581398 0.242756 -0.178639 0.029334 0.103151
 35   -0.815868 -0.091229 -3.114430 0.014007 3.159239 0.053072
 36   14.294526 -0.410349 -0.463635 0.000045 0.000048 -0.328994
 37   15.834409 0.579420 -0.284600 0.375148 -0.019488 0.238287
 38   1.139685 -3.449842 -2.823813 0.003242 -0.001663 0.005805
 39   -4.457742 -1.054854 -0.746180 0.000360 -0.000983 0.000084
 40   1.118101 -3.449769 3.237290 0.003389 -0.001975 0.007820
 41   -4.433840 -1.059130 0.959566 0.000311 -0.000851 0.000056
 42   -0.149640 2.068407 -2.462044 0.098849 0.078979 -0.293124
 43   -0.191397 1.811863 2.900628 -0.024901 0.032515 -0.246034
time 60
  0   5.556090 2.316477 3.293440 0.000000 0.000000 -1.571069
  1   -1.093036 0.000002 -0.326057 -1.306281 -1.693409 -0.300709
  2   2.262337 0.113614 0.064702 -0.013541 0.001331 -0.035919
  3   2.380047 0.353302 0.047440 0.002295 0.002860 -0.014223
  4   2.033756 0.190472 -0.000128 0.007183 0.002421 -0.068459
  5   2.451511 0.204909 -0.003447 0.022526 0.119232 -0.002959
  6   7.247600 -0.397300 -0.109469 0.000001 -0.000003 0.156829
  7   -2.022252 -0.104661 3.136172 0.576880 -1.263651 -3.854407
  8   1.168026 -0.537438 -0.063437 1.245151 0.521977 0.966240
  9   6.790376 -0.619176 0.015206 -0.000102 -0.000151 -1.488069
 10   8.637599 0.544015 -0.090417 -1.619252 -0.071225 -0.574607
 11   6.790465 -0.619039 0.017802 0.002432 -0.011708 -1.056806
 12   -2.022474 -0.104699 -2.873818 -0.142510 1.059777 -3.423869
 13   1.167898 -0.537463 0.063297 -1.038175 -0.198387 0.706713
 14   7.002743 -0.617765 -0.183752 0.000115 0.000023 -1.552258
 15   8.209042 0.615527 -0.255885 1.718786 0.095949 -0.511896
 16   7.002735 -0.617911 -0.183641 0.013497 0.008439 -1.105281
 17   1.574674 0.609930 -0.000899 -0.340559 0.084309 0.166723
 18   -0.602177 0.511412 -0.000006 0.000000 0.000000 0.000000
 19   3.677679 0.177020 1.119313 -0.000002 -0.000014 -0.174510
 20   3.673767 0.176993 -1.117566 0.000007 -0.000003 -0.174546
 21   3.813447 1.330634 1.627658 0.013413 -0.095253 0.195285
 22   -0.296843 -0.011889 0.457925 -0.000011 0.000031 0.000025
 23   3.813464 1.330659 -1.631083 -0.013392 0.095268 0.195259
 24   -0.285214 -0.011872 -0.457915 -0.000005 -0.000006 0.000048
 25   4.941364 1.997338 1.629330 0.000018 -0.000001 -0.000024
 26   4.941382 1.997366 -1.629410 -0.000001 0.000005 -0.000024
 27   2.969151 1.646609 1.514501 -0.009571 0.067895 -0.296842
 28   2.971581 1.646215 -1.508955 0.009562 -0.067914 -0.296738
 29   8.824059 0.150544 0.091743 0.009096 0.216616 -0.144759
 30   2.247808 -0.553366 1.530406 -0.029651 0.317701 -0.002528
 31   1.867376 -0.580821 -1.990322 -0.023427 0.254197 -0.001239
 32   -0.810489 -0.093824 3.127092 -0.051753 -3.198531 -0.168262
 33   14.298673 -0.408176 0.475484 -0.000052 -0.000029 -0.407977
 34   15.835795 0.581398 0.242756 -0.171623 0.031091 0.105092
 35   -0.815868 -0.091229 -3.114430 0.016648 3.155960 0.054989
 36   14.294526 -0.410349 -0.463635 0.000045 0.000048 -0.332934
 37   15.834409 0.579420 -0.284600 0.381354 -0.018413 0.241634
 38   1.139685 -3.453749 -2.823813 0.000000 0.000000 0.000001
 39   -4.457742 -1.054854 -0.746180 0.000000 0.000000 0.000000
 40   1.118101 -3.449769 3.237290 0.000000 0.000001 0.000000
 41   -4.433840 -1.059130 0.959566 -0.000001 0.000000 0.000000
 42   -0.149640 2.056688 -2.446419 0.104613 0.084652 -0.285680
 43   -0.199210 1.804050 2.900628 -0.029149 0.032734 -0.235076
time 61
  0   5.649843 2.273507 3.250470 0.000000 0.000000 -1.571069
  1   -1.093036 0.000002 -0.326057 -1.339714 -1.696974 -0.249950
  2   2.262337 0.113614 0.064702 -0.013274 0.001043 -0.036480
  3   2.380047 0.353302 0.047440 0.002430 0.002728 -0.014488
  4   2.033756 0.190472 -0.000128 0.007275 0.002313 -0.068604
  5   2.451511 0.204909 -0.003447 0.022851 0.119284 -0.005386
  6   7.247600 -0.397300 -0.109469 0.000001 -0.000003 0.156829
  7   -2.022252 -0.104661 3.136172 0.575058 -1.264083 -3.852905
  8   1.168026 -0.537438 -0.063437 1.244518 0.522631 0.965481
  9   6.790376 -0.619176 0.015206 -0.000102 -0.000151 -1.487390
 10   8.637599 0.544015 -0.090417 -1.619252 -0.071225 -0.574607
 11   6.790465 -0.619039 0.017802 0.002432 -0.011708 -1.056460
 12   -2.022474 -0.104699 -2.873818 -0.143276 1.059457 -3.424252
 13   1.167898 -0.537463 0.063297 -1.037191 -0.199913 0.705563
 14   7.002743 -0.617765 -0.183752 0.000115 0.000023 -1.552258
 15   8.209042 0.615527 -0.255885 1.718786 0.095949 -0.511896
 16   7.002735 -0.617911 -0.183641 0.013497 0.008439 -1.105336
 17   1.574674 0.609930 -0.000899 -0.356726 0.086155 0.180029
 18   -0.602177 0.511412 -0.000006 0.000000 0.000000 0.000000
 19   3.673773 0.177020 1.119313 -0.000002 -0.000014 -0.174510
 20   3.673767 0.176993 -1.117566 0.000007 -0.000003 -0.174546
 21   3.813447 1.330634 1.627658 0.013413 -0.095253 0.195285
 22   -0.296843 -0.011889 0.457925 -0.000011 0.000031 0.000025
 23   3.813464 1.330659 -1.631083 -0.013392 0.095268 0.195259
 24   -0.285214 -0.011872 -0.457915 -0.000005 -0.000006 0.000048
 25   4.941364 1.997338 1.629330 0.000018 -0.000001 -0.000024
 26   4.941382 1.997366 -1.629410 -0.000001 0.000005 -0.000024
 27   2.969151 1.646609 1.514501 -0.009571 0.067895 -0.296842
 28   2.971581 1.646215 -1.501142 0.009562 -0.067914 -0.296738
 29   8.824059 0.150544 0.091743 0.009096 0.220414 -0.141379
 30   2.247808 -0.549460 1.530406 -0.039455 0.317701 -0.001520
 31   1.847844 -0.580821 -1.998135 -0.022891 0.270022 -0.000348
 32   -0.810489 -0.093824 3.127092 -0.050821 -3.205407 -0.165018
 33   14.298673 -0.408176 0.475484 -0.000052 -0.000029 -0.411947
 34   15.835795 0.581398 0.242756 -0.156649 0.034947 0.108355
 35   -0.815868 -0.091229 -3.114430 0.020168 3.150151 0.057016
 36   14.294526 -0.410349 -0.463635 0.000045 0.000048 -0.343362
 37   15.834409 0.579420 -0.284600 0.394791 -0.016007 0.248833
 38   1.139685 -3.449842 -2.823813 0.003073 -0.002085 -0.003481
 39   -4.457742 -1.054854 -0.746180 0.000395 -0.001115 0.000000
 40   1.118101 -3.449769 3.237290 0.003284 -0.002445 -0.005804
 41   -4.433840 -1.059130 0.959566 0.000359 -0.000971 0.000000
 42   -0.149640 2.056688 -2.434700 0.110378 0.090325 -0.278110
 43   -0.210929 1.792331 2.900628 -0.033397 0.032954 -0.223952
time 62
  0   5.743596 2.234443 3.246564 0.000000 0.000000 -1.571069
  1   -1.093036 0.000002 -0.326057 -1.370107 -1.700123 -0.202675
  2   2.262337 0.113614 0.064702 -0.013274 0.000804 -0.036751
  3   2.380047 0.353302 0.047440 0.002430 0.002621 -0.014631
  4   2.033756 0.190472 -0.000128 0.007275 0.002265 -0.068677
  5   2.451511 0.204909 -0.003447 0.022252 0.118762 -0.006872
  6   7.247600 -0.397300 -0.109469 0.000001 -0.000003 0.156829
  7   -2.022252 -0.104661 3.136172 0.574867 -1.263881 -3.852247
  8   1.168026 -0.537438 -0.063437 1.243822 0.523738 0.965354
  9   6.790376 -0.619176 0.015206 -0.000102 -0.000151 -1.487390
 10   8.637599 0.544015 -0.090417 -1.619252 -0.071225 -0.574607
 11   6.790465 -0.619039 0.017802 0.002432 -0.011708 -1.056460
 12   -2.022474 -0.104699 -2.873818 -0.143564 1.059457 -3.424539
 13   1.167898 -0.537463 0.063297 -1.036066 -0.200167 0.704897
 14   7.002743 -0.617765 -0.183752 0.000115 0.000023 -1.552258
 15   8.209042 0.615527 -0.255885 1.718786 0.095949 -0.511896
 16   7.002735 -0.617911 -0.183641 0.013497 0.008439 -1.105336
 17   1.574674 0.609930 -0.000899 -0.373990 0.087362 0.187458
 18   -0.602177 0.511412 -0.000006 0.000000 0.000000 0.000000
 19   3.673773 0.177020 1.119313 -0.000002 -0.000014 -0.174510
 20   3.673767 0.176993 -1.117566 0.000007 -0.000003 -0.174546
 21   3.813447 1.330634 1.627658 0.013413 -0.095253 0.195285
 22   -0.296843 -0.011889 0.457925 -0.000011 0.000031 0.000025
 23   3.813464 1.330659 -1.631083 -0.013392 0.095268 0.195259
 24   -0.285214 -0.011872 -0.457915 -0.000005 -0.000006 0.000048
 25   4.941364 1.997338 1.629330 0.000018 -0.000001 -0.000024
 26   4.941382 1.997366 -1.629410 -0.000001 0.000005 -0.000024
 27   2.969151 1.646609 1.514501 -0.009571 0.067895 -0.296842
 28   2.971581 1.646215 -1.508955 0.009562 -0.067914 -0.296738
 29   8.824059 0.150544 0.091743 0.009096 0.223951 -0.135317
 30   2.247808 -0.541647 1.530406 -0.049598 0.317701 0.001332
 31   1.828312 -0.573008 -2.002041 -0.021328 0.284812 0.002236
 32   -0.810489 -0.093824 3.127092 -0.049423 -3.212570 -0.162684
 33   14.298673 -0.408176 0.475484 -0.000052 -0.000029 -0.414329
 34   15.835795 0.581398 0.242756 -0.141721 0.038290 0.111751
 35   -0.815868 -0.091229 -3.114430 0.022721 3.144810 0.059590
 36   14.294526 -0.410349 -0.463635 0.000045 0.000048 -0.351318
 37   15.834409 0.579420 -0.284600 0.409233 -0.013652 0.255121
 38   1.147498 -3.445936 -2.823813 0.011977 -0.008074 -0.006719
 39   -4.457742 -1.054854 -0.746180 0.001594 -0.004326 0.000000
 40   1.090756 -3.461488 3.217758 0.012672 -0.009495 -0.011119
 41   -4.433840 -1.059130 0.959566 0.001377 -0.003751 0.000000
 42   -0.153546 2.044969 -2.415168 0.116131 0.095998 -0.270332
 43   -0.218742 1.780612 2.892815 -0.037645 0.033158 -0.212786
time 63
  0   5.872506 2.191473 3.215313 0.000000 0.000000 -1.571069
  1   -1.093036 0.000002 -0.326057 -1.410824 -1.703781 -0.137351
  2   2.262337 0.113614 0.064702 -0.012981 0.000804 -0.037546
  3   2.380047 0.353302 0.047440 0.002580 0.002621 -0.015080
  4   2.033756 0.190472 -0.000128 0.007349 0.002229 -0.068894
  5   2.451511 0.204909 -0.003447 0.023570 0.119349 -0.008779
  6   7.247600 -0.397300 -0.109469 0.000001 -0.000003 0.156829
  7   -2.022252 -0.104661 3.136172 0.577071 -1.264026 -3.854595
  8   1.168026 -0.537438 -0.063437 1.242430 0.523989 0.964216
  9   6.790376 -0.619176 0.015206 -0.000102 -0.000151 -1.486786
 10   8.637599 0.544015 -0.090417 -1.619252 -0.071225 -0.574607
 11   6.790465 -0.619039 0.017802 0.002432 -0.011708 -1.055941
 12   -2.022474 -0.104699 -2.873818 -0.142893 1.058325 -3.423486
 13   1.167898 -0.537463 0.063297 -1.035363 -0.200574 0.704413
 14   7.002743 -0.617765 -0.183752 0.000115 0.000023 -1.552258
 15   8.209042 0.615527 -0.255885 1.718786 0.095949 -0.511896
 16   7.002735 -0.617911 -0.183641 0.013497 0.008439 -1.105281
 17   1.574674 0.609930 -0.000899 -0.402505 0.092048 0.194666
 18   -0.602177 0.511412 -0.000006 0.000000 0.000000 0.000000
 19   3.677679 0.177020 1.119313 -0.000002 -0.000014 -0.174510
 20   3.673767 0.176993 -1.117566 0.000007 -0.000003 -0.174546
 21   3.813447 1.330634 1.627658 0.013413 -0.095253 0.195285
 22   -0.296843 -0.011889 0.457925 -0.000011 0.000031 0.000025
 23   3.813464 1.330659 -1.631083 -0.013392 0.095268 0.195259
 24   -0.285214 -0.011872 -0.457915 -0.000005 -0.000006 0.000048
 25   4.941364 1.997338 1.629330 0.000018 -0.000001 -0.000024
 26   4.941382 1.997366 -1.629410 -0.000001 0.000005 -0.000024
 27   2.969151 1.646609 1.514501 -0.009571 0.067895 -0.296842
 28   2.971581 1.646215 -1.501142 0.009562 -0.067914 -0.296738
 29   8.824059 0.150544 0.091743 0.009096 0.227227 -0.126894
 30   2.247808 -0.529928 1.530406 -0.060053 0.317643 0.006006
 31   1.808780 -0.569102 -2.013760 -0.018831 0.298618 0.006494
 32   -0.810489 -0.093824 3.127092 -0.046347 -3.222694 -0.157959
 33   14.298673 -0.408176 0.475484 -0.000052 -0.000029 -0.416870
 34   15.835795 0.581398 0.242756 -0.121801 0.042756 0.115235
 35   -0.815868 -0.091229 -3.114430 0.028442 3.138252 0.062657
 36   14.294526 -0.410349 -0.463635 0.000045 0.000048 -0.362209
 37   15.834409 0.579420 -0.284600 0.427970 -0.010427 0.263791
 38   1.167030 -3.422498 -2.823813 0.026017 -0.017534 -0.009652
 39   -4.457742 -1.054854 -0.746180 0.003476 -0.009420 0.000028
 40   1.059505 -3.488833 3.198226 0.027511 -0.020606 -0.015946
 41   -4.433840 -1.059130 0.959566 0.003007 -0.008162 0.000000
 42   -0.161359 2.044969 -2.407355 0.121811 0.101640 -0.262427
 43   -0.222648 1.768893 2.892815 -0.041843 0.033362 -0.201536
time 64
  0   5.958446 2.148503 3.180156 0.000000 0.000000 -1.571069
  1   -1.093036 0.000002 -0.326057 -1.435977 -1.706050 -0.095786
  2   2.262337 0.113614 0.064702 -0.012739 0.000240 -0.037853
  3   2.380047 0.353302 0.047440 0.002715 0.002333 -0.015223
  4   2.033756 0.190472 -0.000128 0.007441 0.002109 -0.069039
  5   2.451511 0.204909 -0.003447 0.024460 0.119871 -0.010141
  6   7.247600 -0.397300 -0.109469 0.000001 -0.000003 0.156829
  7   -2.022252 -0.104661 3.136172 0.577551 -1.264689 -3.854877
  8   1.168026 -0.537438 -0.063437 1.241544 0.523989 0.963520
  9   6.790376 -0.619176 0.015206 -0.000102 -0.000151 -1.486786
 10   8.637599 0.544015 -0.090417 -1.619252 -0.071225 -0.574607
 11   6.790465 -0.619039 0.017802 0.002432 -0.011708 -1.055941
 12   -2.022474 -0.104699 -2.873818 -0.144043 1.057803 -3.424922
 13   1.167898 -0.537463 0.063297 -1.034449 -0.201235 0.703868
 14   7.002743 -0.617765 -0.183752 0.000115 0.000023 -1.552258
 15   8.209042 0.615527 -0.255885 1.718786 0.095949 -0.511896
 16   7.002735 -0.617911 -0.183641 0.013497 0.008439 -1.105336
 17   1.574674 0.609930 -0.000899 -0.419484 0.095101 0.199914
 18   -0.602177 0.511412 -0.000006 0.000000 0.000000 0.000000
 19   3.673773 0.177020 1.119313 -0.000002 -0.000014 -0.174510
 20   3.673767 0.176993 -1.117566 0.000007 -0.000003 -0.174546
 21   3.813447 1.330634 1.627658 0.013413 -0.095253 0.195285
 22   -0.296843 -0.011889 0.457925 -0.000011 0.000031 0.000025
 23   3.813464 1.330659 -1.631083 -0.013392 0.095268 0.195259
 24   -0.285214 -0.011872 -0.457915 -0.000005 -0.000006 0.000048
 25   4.941364 1.997338 1.629330 0.000018 -0.000001 -0.000024
 26   4.941382 1.997366 -1.629410 -0.000001 0.000005 -0.000024
 27   2.969151 1.646609 1.514501 -0.009571 0.067895 -0.296842
 28   2.971581 1.646215 -1.508955 0.009562 -0.067914 -0.296738
 29   8.824059 0.150544 0.091743 0.009096 0.230313 -0.116058
 30   2.247808 -0.518209 1.530406 -0.070711 0.317556 0.012311
 31   1.793155 -0.561289 -2.021573 -0.015429 0.311413 0.012189
 32   -0.810489 -0.093824 3.127092 -0.046067 -3.229475 -0.155227
 33   14.298673 -0.408176 0.475484 -0.000052 -0.000029 -0.416870
 34   15.835795 0.581398 0.242756 -0.108345 0.046026 0.117308
 35   -0.815868 -0.091229 -3.114430 0.032314 3.133099 0.066108
 36   14.294526 -0.410349 -0.463635 0.000045 0.000048 -0.366149
 37   15.834409 0.579420 -0.284600 0.439436 -0.008328 0.268050
 38   1.182655 -3.402966 -2.816000 0.044540 -0.030018 -0.012279
 39   -4.457742 -1.054854 -0.746180 0.005944 -0.016107 0.000112
 40   1.016535 -3.512271 3.166975 0.047129 -0.035271 -0.020161
 41   -4.433840 -1.059130 0.959566 0.005164 -0.013974 0.000084
 42   -0.161359 2.037156 -2.391730 0.127408 0.107206 -0.254440
 43   -0.230461 1.757174 2.892815 -0.045966 0.033566 -0.190328
time 65
  0   5.993603 2.117252 3.180156 0.000000 0.000000 -1.571069
  1   -1.093036 0.000002 -0.326057 -1.448763 -1.707161 -0.076237
  2   2.262337 0.113614 0.064702 -0.012471 0.001043 -0.038124
  3   2.380047 0.353302 0.047440 0.002865 0.002740 -0.015345
  4   2.033756 0.190472 -0.000128 0.007515 0.002325 -0.069039
  5   2.451511 0.204909 -0.003447 0.024888 0.120394 -0.010686
  6   7.247600 -0.397300 -0.109469 0.000001 -0.000003 0.156829
  7   -2.022252 -0.104661 3.136172 0.574100 -1.264717 -3.851778
  8   1.168026 -0.537438 -0.063437 1.241797 0.524543 0.963520
  9   6.790376 -0.619176 0.015206 -0.000102 -0.000151 -1.486409
 10   8.637599 0.544015 -0.090417 -1.619252 -0.071225 -0.574607
 11   6.790465 -0.619039 0.017802 0.002432 -0.011708 -1.055652
 12   -2.022474 -0.104699 -2.873818 -0.144522 1.057716 -3.425305
 13   1.167898 -0.537463 0.063297 -1.034168 -0.201540 0.703384
 14   7.002743 -0.617765 -0.183752 0.000115 0.000023 -1.552258
 15   8.209042 0.615527 -0.255885 1.718786 0.095949 -0.511896
 16   7.002735 -0.617911 -0.183641 0.013497 0.008439 -1.105336
 17   1.574674 0.609930 -0.000899 -0.425658 0.095811 0.202317
 18   -0.602177 0.511412 -0.000006 0.000000 0.000000 0.000000
 19   3.673773 0.177020 1.119313 -0.000002 -0.000014 -0.174510
 20   3.673767 0.176993 -1.117566 0.000007 -0.000003 -0.174546
 21   3.813447 1.330634 1.627658 0.013413 -0.095253 0.195285
 22   -0.296843 -0.011889 0.457925 -0.000011 0.000031 0.000025
 23   3.813464 1.330659 -1.631083 -0.013392 0.095268 0.195259
 24   -0.285214 -0.011872 -0.457915 -0.000005 -0.000006 0.000048
 25   4.941364 1.997338 1.629330 0.000018 -0.000001 -0.000024
 26   4.941382 1.997366 -1.629410 -0.000001 0.000005 -0.000024
 27   2.969151 1.646609 1.514501 -0.009571 0.067895 -0.296842
 28   2.971581 1.646215 -1.501142 0.009562 -0.067914 -0.296738
 29   8.824059 0.150544 0.091743 0.009096 0.233114 -0.103128
 30   2.247808 -0.502583 1.530406 -0.081600 0.317411 0.020094
 31   1.777529 -0.561289 -2.029386 -0.011262 0.323250 0.019249
 32   -0.810489 -0.093824 3.127092 -0.045042 -3.232531 -0.153292
 33   14.298673 -0.408176 0.475484 -0.000052 -0.000029 -0.416314
 34   15.835795 0.581398 0.242756 -0.102341 0.047100 0.117793
 35   -0.815868 -0.091229 -3.114430 0.033986 3.131226 0.068025
 36   14.294526 -0.410349 -0.463635 0.000045 0.000048 -0.367616
 37   15.834409 0.579420 -0.284600 0.445170 -0.007509 0.269773
 38   1.210000 -3.371715 -2.816000 0.066894 -0.045105 -0.014478
 39   -4.457742 -1.054854 -0.746180 0.008941 -0.024221 0.000252
 40   0.961846 -3.551335 3.131818 0.070788 -0.053022 -0.023888
 41   -4.433840 -1.059130 0.959566 0.007789 -0.021021 0.000224
 42   -0.169172 2.025437 -2.376104 0.132885 0.112695 -0.246326
 43   -0.234367 1.741548 2.892815 -0.050014 0.033786 -0.179162
time 66
  0   6.087356 2.105533 3.180156 0.000000 0.000000 -1.571069
  1   -1.093036 0.000002 -0.326057 -1.472816 -1.708180 -0.038301
  2   2.262337 0.113614 0.064702 -0.012204 0.001043 -0.038377
  3   2.380047 0.353302 0.047440 0.003015 0.002740 -0.015529
  4   2.033756 0.190472 -0.000128 0.007570 0.002385 -0.069112
  5   2.451511 0.204909 -0.003447 0.025333 0.120916 -0.012048
  6   7.247600 -0.397300 -0.109469 0.000001 -0.000003 0.156829
  7   -2.022252 -0.104661 3.136172 0.575538 -1.265035 -3.853092
  8   1.168026 -0.537438 -0.063437 1.240848 0.524543 0.963014
  9   6.790376 -0.619176 0.015206 -0.000102 -0.000151 -1.486409
 10   8.637599 0.544015 -0.090417 -1.619252 -0.071225 -0.574607
 11   6.790465 -0.619039 0.017802 0.002432 -0.011708 -1.055652
 12   -2.022474 -0.104699 -2.873818 -0.144522 1.057193 -3.425305
 13   1.167898 -0.537463 0.063297 -1.033465 -0.201540 0.702597
 14   7.002743 -0.617765 -0.183752 0.000115 0.000023 -1.552258
 15   8.209042 0.615527 -0.255885 1.718786 0.095949 -0.511896
 16   7.002735 -0.617911 -0.183641 0.013497 0.008439 -1.105281
 17   1.574674 0.609930 -0.000899 -0.435692 0.099220 0.207270
 18   -0.602177 0.511412 -0.000006 0.000000 0.000000 0.000000
 19   3.677679 0.177020 1.119313 -0.000002 -0.000014 -0.174510
 20   3.673767 0.176993 -1.117566 0.000007 -0.000003 -0.174546
 21   3.813447 1.330634 1.627658 0.013413 -0.095253 0.195285
 22   -0.296843 -0.011889 0.457925 -0.000011 0.000031 0.000025
 23   3.813464 1.330659 -1.631083 -0.013392 0.095268 0.195259
 24   -0.285214 -0.011872 -0.457915 -0.000005 -0.000006 0.000048
 25   4.941364 1.997338 1.629330 0.000018 -0.000001 -0.000024
 26   4.941382 1.997366 -1.629410 -0.000001 0.000005 -0.000024
 27   2.969151 1.646609 1.514501 -0.009571 0.067895 -0.296842
 28   2.971581 1.646215 -1.501142 0.009562 -0.067914 -0.296738
 29   8.824059 0.150544 0.091743 0.009096 0.235749 -0.088375
 30   2.247808 -0.490864 1.530406 -0.092638 0.317178 0.029250
 31   1.761904 -0.553476 -2.033292 -0.006328 0.334154 0.027546
 32   -0.810489 -0.093824 3.127092 -0.043551 -3.239311 -0.150389
 33   14.298673 -0.408176 0.475484 -0.000052 -0.000029 -0.416314
 34   15.835795 0.581398 0.242756 -0.090978 0.048979 0.119469
 35   -0.815868 -0.091229 -3.114430 0.035571 3.126822 0.070217
 36   14.294526 -0.410349 -0.463635 0.000045 0.000048 -0.372174
 37   15.834409 0.579420 -0.284600 0.457562 -0.006588 0.273982
 38   1.241251 -3.340464 -2.808187 0.092511 -0.062374 -0.016556
 39   -4.457742 -1.054854 -0.746180 0.012368 -0.033497 0.000477
 40   0.907157 -3.586492 3.084941 0.097857 -0.073303 -0.027126
 41   -4.433840 -1.059130 0.959566 0.010749 -0.029063 0.000421
 42   -0.173078 2.021531 -2.364385 0.138218 0.118061 -0.238129
 43   -0.242180 1.729829 2.892815 -0.053937 0.034037 -0.168037
time 67
  0   6.114701 2.062563 3.141092 0.000000 0.000000 -1.571069
  1   -1.093036 0.000002 -0.326057 -1.494563 -1.709708 -0.003607
  2   2.262337 0.113614 0.064702 -0.012204 0.001043 -0.038648
  3   2.380047 0.353302 0.047440 0.003015 0.002740 -0.015672
  4   2.033756 0.190472 -0.000128 0.007570 0.002409 -0.069184
  5   2.451511 0.204909 -0.003447 0.025778 0.121412 -0.012989
  6   7.247600 -0.397300 -0.109469 0.000001 -0.000003 0.156829
  7   -2.022252 -0.104661 3.136172 0.575058 -1.265179 -3.853092
  8   1.168026 -0.537438 -0.063437 1.240152 0.525197 0.962318
  9   6.790376 -0.619176 0.015206 -0.000102 -0.000151 -1.486409
 10   8.637599 0.544015 -0.090417 -1.619252 -0.071225 -0.574607
 11   6.790465 -0.619039 0.017802 0.002432 -0.011708 -1.055652
 12   -2.022474 -0.104699 -2.873818 -0.145576 1.056845 -3.426071
 13   1.167898 -0.537463 0.063297 -1.032481 -0.202252 0.702052
 14   7.002743 -0.617765 -0.183752 0.000115 0.000023 -1.552258
 15   8.209042 0.615527 -0.255885 1.718786 0.095949 -0.511896
 16   7.002735 -0.617911 -0.183641 0.013497 0.008439 -1.105336
 17   1.574674 0.609930 -0.000899 -0.442556 0.103267 0.211668
 18   -0.602177 0.511412 -0.000006 0.000000 0.000000 0.000000
 19   3.673773 0.177020 1.119313 -0.000002 -0.000014 -0.174510
 20   3.673767 0.176993 -1.117566 0.000007 -0.000003 -0.174546
 21   3.813447 1.330634 1.627658 0.013413 -0.095253 0.195285
 22   -0.296843 -0.011889 0.457925 -0.000011 0.000031 0.000025
 23   3.813464 1.330659 -1.631083 -0.013392 0.095268 0.195259
 24   -0.285214 -0.011872 -0.457915 -0.000005 -0.000006 0.000048
 25   4.941364 1.997338 1.629330 0.000018 -0.000001 -0.000024
 26   4.941382 1.997366 -1.629410 -0.000001 0.000005 -0.000024
 27   2.969151 1.646609 1.514501 -0.009571 0.067895 -0.296842
 28   2.971581 1.646215 -1.501142 0.009562 -0.067914 -0.296738
 29   8.824059 0.150544 0.091743 0.009096 0.238170 -0.071905
 30   2.247808 -0.471332 1.530406 -0.103771 0.316859 0.039628
 31   1.742372 -0.541757 -2.041105 -0.000751 0.344256 0.036935
 32   -0.810489 -0.093824 3.127092 -0.043271 -3.244182 -0.148624
 33   14.298673 -0.408176 0.475484 -0.000052 -0.000029 -0.416314
 34   15.835795 0.581398 0.242756 -0.079546 0.051273 0.121145
 35   -0.815868 -0.091229 -3.114430 0.037331 3.123075 0.071093
 36   14.294526 -0.410349 -0.463635 0.000045 0.000048 -0.377117
 37   15.834409 0.579420 -0.284600 0.467985 -0.005513 0.278088
 38   1.272502 -3.305307 -2.804281 0.120653 -0.081341 -0.018205
 39   -4.457742 -1.054854 -0.746180 0.016131 -0.043684 0.000729
 40   0.836842 -3.637275 3.038065 0.127684 -0.095596 -0.030059
 41   -4.433840 -1.059130 0.959566 0.014045 -0.037907 0.000645
 42   -0.173078 2.013718 -2.344853 0.143396 0.123289 -0.229891
 43   -0.253899 1.718110 2.892815 -0.057748 0.034335 -0.157080
time 68
  0   6.169390 2.054750 3.133279 0.000000 0.000000 -1.571069
  1   -1.093036 0.000002 -0.326057 -1.529883 -1.710634 0.045362
  2   2.262337 0.113614 0.064702 -0.011669 0.001343 -0.039190
  3   2.380047 0.353302 0.047440 0.003300 0.002896 -0.015937
  4   2.033756 0.190472 -0.000128 0.007736 0.002445 -0.069402
  5   2.451511 0.204909 -0.003447 0.027096 0.121960 -0.014376
  6   7.247600 -0.397300 -0.109469 0.000001 -0.000003 0.156829
  7   -2.022252 -0.104661 3.136172 0.574387 -1.266043 -3.852435
  8   1.168026 -0.537438 -0.063437 1.239519 0.524945 0.962065
  9   6.790376 -0.619176 0.015206 -0.000102 -0.000151 -1.485956
 10   8.637599 0.544015 -0.090417 -1.619252 -0.071225 -0.574607
 11   6.790465 -0.619039 0.017802 0.002432 -0.011708 -1.055364
 12   -2.022474 -0.104699 -2.873818 -0.145959 1.056294 -3.426454
 13   1.167898 -0.537463 0.063297 -1.031848 -0.202659 0.701568
 14   7.002743 -0.617765 -0.183752 0.000115 0.000023 -1.552010
 15   8.209042 0.615527 -0.255885 1.718786 0.095949 -0.511896
 16   7.002735 -0.617911 -0.183641 0.013497 0.008439 -1.105060
 17   1.574674 0.609930 -0.000899 -0.455880 0.108876 0.216732
 18   -0.602177 0.511412 -0.000006 0.000000 0.000000 0.000000
 19   3.673773 0.177020 1.119313 -0.000002 -0.000014 -0.174510
 20   3.673767 0.176993 -1.117566 0.000007 -0.000003 -0.174546
 21   3.813447 1.330634 1.627658 0.013413 -0.095253 0.195285
 22   -0.296843 -0.011889 0.457925 -0.000011 0.000031 0.000025
 23   3.813464 1.330659 -1.631083 -0.013392 0.095268 0.195259
 24   -0.285214 -0.011872 -0.457915 -0.000005 -0.000006 0.000048
 25   4.941364 1.997338 1.629330 0.000018 -0.000001 -0.000024
 26   4.941382 1.997366 -1.629410 -0.000001 0.000005 -0.000024
 27   2.969151 1.646609 1.514501 -0.009571 0.067895 -0.296842
 28   2.971581 1.646215 -1.501142 0.009562 -0.067914 -0.296738
 29   8.824059 0.150544 0.091743 0.009096 0.240354 -0.053933
 30   2.247808 -0.455707 1.530406 -0.114958 0.316423 0.051079
 31   1.730653 -0.530038 -2.045011 0.005378 0.353477 0.047343
 32   -0.810489 -0.093824 3.127092 -0.042432 -3.251536 -0.148282
 33   14.298673 -0.408176 0.475484 -0.000052 -0.000029 -0.416870
 34   15.835795 0.581398 0.242756 -0.068115 0.053518 0.121718
 35   -0.815868 -0.091229 -3.114430 0.037859 3.118016 0.068792
 36   14.294526 -0.410349 -0.463635 0.000045 0.000048 -0.387082
 37   15.834409 0.579420 -0.284600 0.481461 -0.004848 0.284223
 38   1.303753 -3.266243 -2.792562 0.150775 -0.101647 -0.019733
 39   -4.457742 -1.054854 -0.746180 0.020158 -0.054578 0.001150
 40   0.770434 -3.680245 2.987282 0.159531 -0.119457 -0.032441
 41   -4.433840 -1.059130 0.959566 0.017532 -0.047351 0.001038
 42   -0.173078 2.005905 -2.333134 0.148345 0.128349 -0.221610
 43   -0.261712 1.710297 2.888909 -0.061396 0.034664 -0.146290
time 69
  0   6.200641 2.086001 3.098122 0.000000 0.000000 -1.571069
  1   -1.093036 0.000002 -0.326057 -1.559175 -1.711097 0.080153
  2   2.262337 0.113614 0.064702 -0.011134 0.001067 -0.039190
  3   2.380047 0.353302 0.047440 0.003585 0.002740 -0.015937
  4   2.033756 0.190472 -0.000128 0.007847 0.002337 -0.069402
  5   2.451511 0.204909 -0.003447 0.028123 0.121529 -0.014277
  6   7.247600 -0.397300 -0.109469 0.000001 -0.000003 0.156829
  7   -2.022252 -0.104661 3.136172 0.573716 -1.265870 -3.851214
  8   1.168026 -0.537438 -0.063437 1.239076 0.525650 0.962191
  9   6.790376 -0.619176 0.015206 -0.000102 -0.000151 -1.485956
 10   8.637599 0.544015 -0.090417 -1.619252 -0.071225 -0.574607
 11   6.790465 -0.619039 0.017802 0.002432 -0.011708 -1.055364
 12   -2.022474 -0.104699 -2.873818 -0.145959 1.056294 -3.426454
 13   1.167898 -0.537463 0.063297 -1.031848 -0.202608 0.701568
 14   7.002743 -0.617765 -0.183752 0.000115 0.000023 -1.552258
 15   8.209042 0.615527 -0.255885 1.718786 0.095949 -0.511896
 16   7.002735 -0.617911 -0.183641 0.013497 0.008439 -1.105336
 17   1.574674 0.609930 -0.000899 -0.463923 0.110651 0.216473
 18   -0.602177 0.511412 -0.000006 0.000000 0.000000 0.000000
 19   3.677679 0.177020 1.119313 -0.000002 -0.000014 -0.174510
 20   3.673767 0.176993 -1.117566 0.000007 -0.000003 -0.174546
 21   3.813447 1.330634 1.627658 0.013413 -0.095253 0.195285
 22   -0.296843 -0.011889 0.457925 -0.000011 0.000031 0.000025
 23   3.813464 1.330659 -1.631083 -0.013392 0.095268 0.195259
 24   -0.285214 -0.011872 -0.457915 -0.000005 -0.000006 0.000048
 25   4.941364 1.997338 1.629330 0.000018 -0.000001 -0.000024
 26   4.941382 1.997366 -1.629410 -0.000001 0.000005 -0.000024
 27   2.969151 1.646609 1.514501 -0.009571 0.067895 -0.296842
 28   2.971581 1.646215 -1.508955 0.009562 -0.067914 -0.296738
 29   8.824059 0.150544 0.091743 0.009096 0.242348 -0.034673
 30   2.247808 -0.436175 1.534312 -0.126159 0.315900 0.063494
 31   1.718934 -0.518319 -2.052824 0.012074 0.361895 0.058606
 32   -0.810489 -0.093824 3.127092 -0.042432 -3.255834 -0.150389
 33   14.298673 -0.408176 0.475484 -0.000052 -0.000029 -0.421316
 34   15.835795 0.581398 0.242756 -0.063169 0.054250 0.123350
 35   -0.815868 -0.091229 -3.114430 0.031962 3.115111 0.063041
 36   14.294526 -0.410349 -0.463635 0.000045 0.000048 -0.400059
 37   15.834409 0.579420 -0.284600 0.492830 -0.005513 0.290612
 38   1.338910 -3.223273 -2.792562 0.182159 -0.122783 -0.021016
 39   -4.457742 -1.054854 -0.746180 0.024365 -0.065927 0.001627
 40   0.696213 -3.731028 2.932593 0.192704 -0.144317 -0.034457
 41   -4.433840 -1.059130 0.959566 0.021200 -0.057214 0.001430
 42   -0.180891 2.001999 -2.321415 0.153079 0.133240 -0.213288
 43   -0.265618 1.698578 2.888909 -0.064907 0.035072 -0.135751
time 70
  0   6.161577 2.086001 3.070777 0.000000 0.000000 -1.571069
  1   -1.093036 0.000002 -0.326057 -1.580399 -1.711560 0.102460
  2   2.262337 0.113614 0.064702 -0.011108 0.000828 -0.039190
  3   2.380047 0.353302 0.047440 0.003585 0.002633 -0.015937
  4   2.033756 0.190472 -0.000128 0.007865 0.002265 -0.069402
  5   2.451511 0.204909 -0.003447 0.028705 0.121020 -0.013831
  6   7.247600 -0.397300 -0.109469 0.000001 -0.000003 0.156829
  7   -2.022252 -0.104661 3.136172 0.573141 -1.265697 -3.851402
  8   1.168026 -0.537438 -0.063437 1.239519 0.524945 0.962065
  9   6.790376 -0.619176 0.015206 -0.000102 -0.000151 -1.485956
 10   8.637599 0.544015 -0.090417 -1.619252 -0.071225 -0.574607
 11   6.790465 -0.619039 0.017802 0.002432 -0.011708 -1.055364
 12   -2.022474 -0.104699 -2.873818 -0.146055 1.056787 -3.426741
 13   1.167898 -0.537463 0.063297 -1.031848 -0.202506 0.701931
 14   7.002743 -0.617765 -0.183752 0.000115 0.000023 -1.552258
 15   8.209042 0.615527 -0.255885 1.718786 0.095949 -0.511896
 16   7.002735 -0.617911 -0.183641 0.013497 0.008439 -1.105336
 17   1.574674 0.609930 -0.000899 -0.466319 0.109870 0.214514
 18   -0.602177 0.511412 -0.000006 0.000000 0.000000 0.000000
 19   3.677679 0.177020 1.119313 -0.000002 -0.000014 -0.174510
 20   3.673767 0.176993 -1.117566 0.000007 -0.000003 -0.174546
 21   3.813447 1.330634 1.627658 0.013413 -0.095253 0.195285
 22   -0.296843 -0.011889 0.457925 -0.000011 0.000031 0.000025
 23   3.813464 1.330659 -1.631083 -0.013392 0.095268 0.195259
 24   -0.285214 -0.011872 -0.457915 -0.000005 -0.000006 0.000048
 25   4.941364 1.997338 1.629330 0.000018 -0.000001 -0.000024
 26   4.941382 1.997366 -1.629410 -0.000001 0.000005 -0.000024
 27   2.969151 1.646609 1.514501 -0.009571 0.067895 -0.296842
 28   2.971581 1.646215 -1.508955 0.009562 -0.067914 -0.296738
 29   8.824059 0.150544 0.091743 0.009096 0.244176 -0.014394
 30   2.247808 -0.416643 1.534312 -0.137319 0.315231 0.076724
 31   1.699402 -0.498787 -2.052824 0.019183 0.369536 0.070578
 32   -0.810489 -0.093824 3.127092 -0.043178 -3.257744 -0.151925
 33   14.298673 -0.408176 0.475484 -0.000052 -0.000029 -0.425524
 34   15.835795 0.581398 0.242756 -0.062088 0.054738 0.124761
 35   -0.815868 -0.091229 -3.114430 0.026065 3.113518 0.058056
 36   14.294526 -0.410349 -0.463635 0.000045 0.000048 -0.409946
 37   15.834409 0.579420 -0.284600 0.499430 -0.006178 0.295226
 38   1.370161 -3.184209 -2.784749 0.214153 -0.144378 -0.021993
 39   -4.457742 -1.054854 -0.746180 0.028643 -0.077528 0.002244
 40   0.621992 -3.777904 2.877904 0.226593 -0.169671 -0.036168
 41   -4.433840 -1.059130 0.959566 0.024927 -0.067281 0.001991
 42   -0.184797 1.994186 -2.309696 0.157549 0.137886 -0.205007
 43   -0.273431 1.698578 2.888909 -0.068193 0.035559 -0.125421
time 71
  0   6.126420 2.117252 3.027807 0.000000 0.000000 -1.571069
  1   -1.093036 0.000002 -0.326057 -1.627246 -1.712486 0.148090
  2   2.262337 0.113614 0.064702 -0.010841 -0.000539 -0.038630
  3   2.380047 0.353302 0.047440 0.003735 0.001866 -0.015672
  4   2.033756 0.190472 -0.000128 0.007902 0.001930 -0.069184
  5   2.451511 0.204909 -0.003447 0.029287 0.119532 -0.012296
  6   7.247600 -0.397300 -0.109469 0.000001 -0.000003 0.156829
  7   -2.022252 -0.104661 3.136172 0.571799 -1.266043 -3.849524
  8   1.168026 -0.537438 -0.063437 1.240152 0.525197 0.962318
  9   6.790376 -0.619176 0.015206 -0.000102 -0.000151 -1.485654
 10   8.637599 0.544015 -0.090417 -1.619252 -0.071225 -0.574607
 11   6.790465 -0.619039 0.017802 0.002432 -0.011708 -1.055191
 12   -2.022474 -0.104699 -2.873818 -0.147492 1.056613 -3.427890
 13   1.167898 -0.537463 0.063297 -1.032481 -0.202252 0.702052
 14   7.002743 -0.617765 -0.183752 0.000115 0.000023 -1.552258
 15   8.209042 0.615527 -0.255885 1.718786 0.095949 -0.511896
 16   7.002735 -0.617911 -0.183641 0.013497 0.008439 -1.105336
 17   1.574674 0.609930 -0.000899 -0.469244 0.104048 0.213738
 18   -0.602177 0.511412 -0.000006 0.000000 0.000000 0.000000
 19   3.673773 0.177020 1.119313 -0.000002 -0.000014 -0.174510
 20   3.673767 0.176993 -1.117566 0.000007 -0.000003 -0.174546
 21   3.813447 1.330634 1.627658 0.013413 -0.095253 0.195285
 22   -0.296843 -0.011889 0.457925 -0.000011 0.000031 0.000025
 23   3.813464 1.330659 -1.631083 -0.013392 0.095268 0.195259
 24   -0.285214 -0.011872 -0.457915 -0.000005 -0.000006 0.000048
 25   4.941364 1.997338 1.629330 0.000018 -0.000001 -0.000024
 26   4.941382 1.997366 -1.629410 -0.000001 0.000005 -0.000024
 27   2.969151 1.646609 1.514501 -0.009571 0.067895 -0.296842
 28   2.971581 1.646215 -1.508955 0.009562 -0.067914 -0.296738
 29   8.824059 0.150544 0.091743 0.009185 0.245861 0.006904
 30   2.247808 -0.393205 1.534312 -0.148384 0.314389 0.090640
 31   1.687683 -0.487068 -2.060637 0.026660 0.376451 0.083206
 32   -0.810489 -0.093824 3.127092 -0.045601 -3.262137 -0.155056
 33   14.298673 -0.408176 0.475484 -0.000052 -0.000029 -0.431876
 34   15.835795 0.581398 0.242756 -0.061582 0.053762 0.126834
 35   -0.815868 -0.091229 -3.114430 0.013831 3.110239 0.048470
 36   14.294526 -0.410349 -0.463635 0.000045 0.000048 -0.428485
 37   15.834409 0.579420 -0.284600 0.510700 -0.008405 0.303237
 38   1.409225 -3.141239 -2.773030 0.246190 -0.165960 -0.022848
 39   -4.457742 -1.054854 -0.746180 0.032946 -0.089117 0.003001
 40   0.539958 -3.828687 2.827121 0.260461 -0.195050 -0.037573
 41   -4.433840 -1.059130 0.959566 0.028642 -0.077349 0.002664
 42   -0.192610 1.982467 -2.297977 0.161732 0.142286 -0.196726
 43   -0.285150 1.690765 2.881096 -0.071279 0.036108 -0.115426
time 72
  0   6.056105 2.125065 3.027807 0.000000 0.000000 -1.571069
  1   -1.093036 0.000002 -0.326057 -1.663142 -1.714153 0.182542
  2   2.262337 0.113614 0.064702 -0.010841 -0.000275 -0.038377
  3   2.380047 0.353302 0.047440 0.003735 0.002009 -0.015529
  4   2.033756 0.190472 -0.000128 0.007902 0.001966 -0.069184
  5   2.451511 0.204909 -0.003447 0.029373 0.119088 -0.011825
  6   7.247600 -0.397300 -0.109469 0.000001 -0.000003 0.156829
  7   -2.022252 -0.104661 3.136172 0.571703 -1.266043 -3.850181
  8   1.168026 -0.537438 -0.063437 1.240152 0.524543 0.962065
  9   6.790376 -0.619176 0.015206 -0.000102 -0.000151 -1.485654
 10   8.637599 0.544015 -0.090417 -1.619252 -0.071225 -0.574607
 11   6.790465 -0.619039 0.017802 0.002432 -0.011708 -1.055191
 12   -2.022474 -0.104699 -2.873818 -0.146725 1.056700 -3.427220
 13   1.167898 -0.537463 0.063297 -1.032481 -0.202252 0.702052
 14   7.002743 -0.617765 -0.183752 0.000115 0.000023 -1.552258
 15   8.209042 0.615527 -0.255885 1.718786 0.095949 -0.511896
 16   7.002735 -0.617911 -0.183641 0.013497 0.008439 -1.105336
 17   1.574674 0.609930 -0.000899 -0.470544 0.095456 0.219615
 18   -0.602177 0.511412 -0.000006 0.000000 0.000000 0.000000
 19   3.673773 0.177020 1.119313 -0.000002 -0.000014 -0.174510
 20   3.673767 0.176993 -1.117566 0.000007 -0.000003 -0.174546
 21   3.813447 1.330634 1.627658 0.013413 -0.095253 0.195285
 22   -0.296843 -0.011889 0.457925 -0.000011 0.000031 0.000025
 23   3.813464 1.330659 -1.631083 -0.013392 0.095268 0.195259
 24   -0.285214 -0.011872 -0.457915 -0.000005 -0.000006 0.000048
 25   4.941364 1.997338 1.629330 0.000018 -0.000001 -0.000024
 26   4.941382 1.997366 -1.629410 -0.000001 0.000005 -0.000024
 27   2.969151 1.646609 1.514501 -0.009571 0.067895 -0.296842
 28   2.971581 1.646215 -1.508955 0.009562 -0.067914 -0.296738
 29   8.824059 0.150544 0.091743 0.009185 0.247333 0.028900
 30   2.247808 -0.373673 1.542125 -0.159327 0.313400 0.105071
 31   1.679870 -0.467536 -2.064543 0.034444 0.382720 0.096307
 32   -0.810489 -0.093824 3.127092 -0.047279 -3.264429 -0.154715
 33   14.298673 -0.408176 0.475484 -0.000052 -0.000029 -0.433305
 34   15.835795 0.581398 0.242756 -0.061766 0.051834 0.126393
 35   -0.815868 -0.091229 -3.114430 0.009958 3.107616 0.044088
 36   14.294526 -0.410349 -0.463635 0.000045 0.000048 -0.438372
 37   15.834409 0.579420 -0.284600 0.512926 -0.010990 0.307698
 38   1.444382 -3.106082 -2.773030 0.277553 -0.187109 -0.023520
 39   -4.457742 -1.054854 -0.746180 0.037128 -0.100491 0.003870
 40   0.473550 -3.879470 2.776338 0.293677 -0.219898 -0.038734
 41   -4.433840 -1.059130 0.959566 0.032297 -0.087212 0.003506
 42   -0.192610 1.978561 -2.282351 0.165591 0.146395 -0.188488
 43   -0.292963 1.679046 2.881096 -0.074115 0.036736 -0.105766
time 73
  0   5.852974 2.128971 3.019994 0.000000 0.000000 -1.571069
  1   -1.093036 0.000002 -0.326057 -1.698881 -1.713829 0.210994
  2   2.262337 0.113614 0.064702 -0.010573 0.000276 -0.038377
  3   2.380047 0.353302 0.047440 0.003885 0.002333 -0.015529
  4   2.033756 0.190472 -0.000128 0.007976 0.002085 -0.069184
  5   2.451511 0.204909 -0.003447 0.030297 0.120067 -0.012246
  6   7.247600 -0.397300 -0.109469 0.000001 -0.000003 0.156829
  7   -2.022252 -0.104661 3.136172 0.571799 -1.266043 -3.849524
  8   1.168026 -0.537438 -0.063437 1.239266 0.525096 0.961812
  9   6.790376 -0.619176 0.015206 -0.000102 -0.000151 -1.485956
 10   8.637599 0.544015 -0.090417 -1.619252 -0.071225 -0.574607
 11   6.790465 -0.619039 0.017802 0.002432 -0.011708 -1.055364
 12   -2.022474 -0.104699 -2.873818 -0.147492 1.056613 -3.427890
 13   1.167898 -0.537463 0.063297 -1.032481 -0.202252 0.702052
 14   7.002743 -0.617765 -0.183752 0.000115 0.000023 -1.552258
 15   8.209042 0.615527 -0.255885 1.718786 0.095949 -0.511896
 16   7.002735 -0.617911 -0.183641 0.013497 0.008439 -1.105336
 17   1.574674 0.609930 -0.000899 -0.476312 0.090060 0.225824
 18   -0.602177 0.511412 -0.000006 0.000000 0.000000 0.000000
 19   3.677679 0.177020 1.119313 -0.000002 -0.000014 -0.174510
 20   3.673767 0.176993 -1.117566 0.000007 -0.000003 -0.174546
 21   3.813447 1.330634 1.627658 0.013413 -0.095253 0.195285
 22   -0.296843 -0.011889 0.457925 -0.000011 0.000031 0.000025
 23   3.813464 1.330659 -1.631083 -0.013392 0.095268 0.195259
 24   -0.285214 -0.011872 -0.457915 -0.000005 -0.000006 0.000048
 25   4.941364 1.997338 1.629330 0.000018 -0.000001 -0.000024
 26   4.941382 1.997366 -1.629410 -0.000001 0.000005 -0.000024
 27   2.969151 1.646609 1.514501 -0.009571 0.067895 -0.296842
 28   2.971581 1.646215 -1.501142 0.009562 -0.067914 -0.296738
 29   8.824059 0.150544 0.091743 0.009185 0.248686 0.051432
 30   2.247808 -0.350235 1.542125 -0.170094 0.312238 0.119931
 31   1.660338 -0.455817 -2.064543 0.042442 0.388262 0.109753
 32   -0.810489 -0.093824 3.127092 -0.049050 -3.261851 -0.155910
 33   14.298673 -0.408176 0.475484 -0.000052 -0.000029 -0.432908
 34   15.835795 0.581398 0.242756 -0.067102 0.045709 0.123482
 35   -0.815868 -0.091229 -3.114430 0.013215 3.107803 0.039378
 36   14.294526 -0.410349 -0.463635 0.000045 0.000048 -0.443470
 37   15.834409 0.579420 -0.284600 0.502937 -0.016493 0.309473
 38   1.475633 -3.063112 -2.761311 0.307632 -0.207390 -0.024070
 39   -4.457742 -1.054854 -0.746180 0.041155 -0.111385 0.004936
 40   0.399329 -3.926346 2.721649 0.325524 -0.243746 -0.039589
 41   -4.433840 -1.059130 0.959566 0.035809 -0.096668 0.004431
 42   -0.196516 1.970748 -2.270632 0.169127 0.150228 -0.180291
 43   -0.296869 1.671233 2.881096 -0.076714 0.037505 -0.096481
time 74
  0   5.618592 2.128971 3.019994 0.000000 0.000000 -1.571069
  1   -1.093036 0.000002 -0.326057 -1.710095 -1.711421 0.210462
  2   2.262337 0.113614 0.064702 -0.010306 -0.000527 -0.038377
  3   2.380047 0.353302 0.047440 0.004020 0.001866 -0.015529
  4   2.033756 0.190472 -0.000128 0.008031 0.001918 -0.069184
  5   2.451511 0.204909 -0.003447 0.030759 0.119101 -0.012246
  6   7.247600 -0.397300 -0.109469 0.000001 -0.000003 0.156829
  7   -2.022252 -0.104661 3.136172 0.569690 -1.265899 -3.847552
  8   1.168026 -0.537438 -0.063437 1.239266 0.525096 0.961812
  9   6.790376 -0.619176 0.015206 -0.000102 -0.000151 -1.485654
 10   8.637599 0.544015 -0.090417 -1.619252 -0.071225 -0.574607
 11   6.790465 -0.619039 0.017802 0.002432 -0.011708 -1.055191
 12   -2.022474 -0.104699 -2.873818 -0.148833 1.056932 -3.429039
 13   1.167898 -0.537463 0.063297 -1.032481 -0.202252 0.702052
 14   7.002743 -0.617765 -0.183752 0.000115 0.000023 -1.552258
 15   8.209042 0.615527 -0.255885 1.718786 0.095949 -0.511896
 16   7.002735 -0.617911 -0.183641 0.013497 0.008439 -1.105336
 17   1.574674 0.609930 -0.000899 -0.483867 0.090131 0.222756
 18   -0.602177 0.511412 -0.000006 0.000000 0.000000 0.000000
 19   3.677679 0.177020 1.119313 -0.000002 -0.000014 -0.174510
 20   3.673767 0.176993 -1.117566 0.000007 -0.000003 -0.174546
 21   3.813447 1.330634 1.627658 0.013413 -0.095253 0.195285
 22   -0.296843 -0.011889 0.457925 -0.000011 0.000031 0.000025
 23   3.813464 1.330659 -1.631083 -0.013392 0.095268 0.195259
 24   -0.285214 -0.011872 -0.457915 -0.000005 -0.000006 0.000048
 25   4.941364 1.997338 1.629330 0.000018 -0.000001 -0.000024
 26   4.941382 1.997366 -1.629410 -0.000001 0.000005 -0.000024
 27   2.969151 1.646609 1.514501 -0.009571 0.067895 -0.296842
 28   2.971581 1.646215 -1.501142 0.009562 -0.067914 -0.296738
 29   8.824059 0.150544 0.091743 0.009185 0.249873 0.074340
 30   2.247808 -0.330703 1.542125 -0.180630 0.310872 0.135069
 31   1.648619 -0.436285 -2.064543 0.050562 0.393236 0.123491
 32   -0.810489 -0.093824 3.127092 -0.050728 -3.256120 -0.158301
 33   14.298673 -0.408176 0.475484 -0.000052 -0.000029 -0.431876
 34   15.835795 0.581398 0.242756 -0.075383 0.039242 0.120175
 35   -0.815868 -0.091229 -3.114430 0.017088 3.111176 0.035543
 36   14.294526 -0.410349 -0.463635 0.000045 0.000048 -0.443084
 37   15.834409 0.579420 -0.284600 0.487274 -0.021740 0.307698
 38   1.506884 -3.031861 -2.761311 0.335817 -0.226382 -0.024498
 39   -4.457742 -1.054854 -0.746180 0.044918 -0.121584 0.006170
 40   0.336827 -3.969316 2.678679 0.355308 -0.266052 -0.040261
 41   -4.433840 -1.059130 0.959566 0.039093 -0.105500 0.005525
 42   -0.204329 1.959029 -2.266726 0.172267 0.153739 -0.172219
 43   -0.304682 1.667327 2.881096 -0.079038 0.038352 -0.087615
time 75
  0   5.493588 2.136784 3.019994 0.000000 0.000000 -1.571069
  1   -1.093036 0.000002 -0.326057 -1.713973 -1.709708 0.206010
  2   2.262337 0.113614 0.064702 -0.010306 -0.000263 -0.038377
  3   2.380047 0.353302 0.047440 0.004020 0.002009 -0.015529
  4   2.033756 0.190472 -0.000128 0.008068 0.001990 -0.069184
  5   2.451511 0.204909 -0.003447 0.030759 0.118070 -0.012271
  6   7.247600 -0.397300 -0.109469 0.000001 -0.000003 0.156829
  7   -2.022252 -0.104661 3.136172 0.568444 -1.265525 -3.846519
  8   1.168026 -0.537438 -0.063437 1.239266 0.524543 0.961369
  9   6.790376 -0.619176 0.015206 -0.000102 -0.000151 -1.485654
 10   8.637599 0.544015 -0.090417 -1.619252 -0.071225 -0.574607
 11   6.790465 -0.619039 0.017802 0.002432 -0.011708 -1.055191
 12   -2.022474 -0.104699 -2.873818 -0.148258 1.057455 -3.428656
 13   1.167898 -0.537463 0.063297 -1.032481 -0.202252 0.702052
 14   7.002743 -0.617765 -0.183752 0.000115 0.000023 -1.552258
 15   8.209042 0.615527 -0.255885 1.718786 0.095949 -0.511896
 16   7.002735 -0.617911 -0.183641 0.013497 0.008439 -1.105281
 17   1.574674 0.609930 -0.000899 -0.486995 0.089918 0.221315
 18   -0.602177 0.511412 -0.000006 0.000000 0.000000 0.000000
 19   3.677679 0.177020 1.119313 -0.000002 -0.000014 -0.174510
 20   3.673767 0.176993 -1.117566 0.000007 -0.000003 -0.174546
 21   3.813447 1.330634 1.627658 0.013413 -0.095253 0.195285
 22   -0.296843 -0.011889 0.457925 -0.000011 0.000031 0.000025
 23   3.813464 1.330659 -1.631083 -0.013392 0.095268 0.195259
 24   -0.285214 -0.011872 -0.457915 -0.000005 -0.000006 0.000048
 25   4.941364 1.997338 1.629330 0.000018 -0.000001 -0.000024
 26   4.941382 1.997366 -1.629410 -0.000001 0.000005 -0.000024
 27   2.969151 1.646609 1.514501 -0.009571 0.067895 -0.296842
 28   2.971581 1.646215 -1.508955 0.009562 -0.067914 -0.296738
 29   8.824059 0.150544 0.091743 0.009275 0.250893 0.097301
 30   2.247808 -0.311171 1.546031 -0.190895 0.309303 0.150336
 31   1.644713 -0.424566 -2.072356 0.058775 0.397613 0.137301
 32   -0.810489 -0.093824 3.127092 -0.052219 -3.250581 -0.159610
 33   14.298673 -0.408176 0.475484 -0.000052 -0.000029 -0.432511
 34   15.835795 0.581398 0.242756 -0.081548 0.034654 0.118719
 35   -0.815868 -0.091229 -3.114430 0.019024 3.114081 0.032969
 36   14.294526 -0.410349 -0.463635 0.000045 0.000048 -0.442466
 37   15.834409 0.579420 -0.284600 0.478053 -0.025529 0.307090
 38   1.538135 -3.000610 -2.753498 0.361413 -0.243638 -0.024742
 39   -4.457742 -1.054854 -0.746180 0.048358 -0.130848 0.007628
 40   0.274325 -4.012286 2.635709 0.382399 -0.286333 -0.040689
 41   -4.433840 -1.059130 0.959566 0.042077 -0.113554 0.006815
 42   -0.204329 1.951216 -2.255007 0.175011 0.156898 -0.164190
 43   -0.316401 1.659514 2.881096 -0.081062 0.039325 -0.079251
time 76
  0   5.208423 2.148503 3.062964 0.000000 0.000000 -1.571069
  1   -1.093036 0.000002 -0.326057 -1.702968 -1.706374 0.173784
  2   2.262337 0.113614 0.064702 -0.010280 -0.001066 -0.038106
  3   2.380047 0.353302 0.047440 0.004020 0.001602 -0.015386
  4   2.033756 0.190472 -0.000128 0.008068 0.001774 -0.069039
  5   2.451511 0.204909 -0.003447 0.030896 0.116555 -0.010810
  6   7.247600 -0.397300 -0.109469 0.000001 -0.000003 0.156829
  7   -2.022252 -0.104661 3.136172 0.567102 -1.264573 -3.845016
  8   1.168026 -0.537438 -0.063437 1.239266 0.524543 0.961369
  9   6.790376 -0.619176 0.015206 -0.000102 -0.000151 -1.485654
 10   8.637599 0.544015 -0.090417 -1.619252 -0.071225 -0.574607
 11   6.790465 -0.619039 0.017802 0.002432 -0.011708 -1.055191
 12   -2.022474 -0.104699 -2.873818 -0.149504 1.058587 -3.429805
 13   1.167898 -0.537463 0.063297 -1.033254 -0.201184 0.702294
 14   7.002743 -0.617765 -0.183752 0.000115 0.000023 -1.552753
 15   8.209042 0.615527 -0.255885 1.718786 0.095949 -0.511896
 16   7.002735 -0.617911 -0.183641 0.013497 0.008439 -1.105557
 17   1.574674 0.609930 -0.000899 -0.489270 0.090060 0.221536
 18   -0.602177 0.511412 -0.000006 0.000000 0.000000 0.000000
 19   3.673773 0.177020 1.119313 -0.000002 -0.000014 -0.174510
 20   3.673767 0.176993 -1.117566 0.000007 -0.000003 -0.174546
 21   3.813447 1.330634 1.627658 0.013413 -0.095253 0.195285
 22   -0.296843 -0.011889 0.457925 -0.000011 0.000031 0.000025
 23   3.813464 1.330659 -1.631083 -0.013392 0.095268 0.195259
 24   -0.285214 -0.011872 -0.457915 -0.000005 -0.000006 0.000048
 25   4.941364 1.997338 1.629330 0.000018 -0.000001 -0.000024
 26   4.941382 1.997366 -1.629410 -0.000001 0.000005 -0.000024
 27   2.969151 1.654422 1.514501 -0.009571 0.067895 -0.296842
 28   2.971581 1.646215 -1.501142 0.009562 -0.067914 -0.296738
 29   8.824059 0.150544 0.091743 0.009275 0.251843 0.120209
 30   2.247808 -0.287733 1.553844 -0.200835 0.307530 0.165603
 31   1.629087 -0.405034 -2.072356 0.067003 0.401420 0.151166
 32   -0.810489 -0.093824 3.127092 -0.057159 -3.237019 -0.161944
 33   14.298673 -0.408176 0.475484 -0.000052 -0.000029 -0.431876
 34   15.835795 0.581398 0.242756 -0.094406 0.024551 0.115588
 35   -0.815868 -0.091229 -3.114430 0.016296 3.124574 0.030942
 36   14.294526 -0.410349 -0.463635 0.000045 0.000048 -0.435977
 37   15.834409 0.579420 -0.284600 0.460813 -0.034359 0.302020
 38   1.561573 -2.969359 -2.749592 0.383788 -0.258738 -0.024987
 39   -4.457742 -1.054854 -0.746180 0.051354 -0.138937 0.009255
 40   0.219636 -4.043537 2.596645 0.406079 -0.304084 -0.041117
 41   -4.433840 -1.059130 0.959566 0.044678 -0.120589 0.008302
 42   -0.212142 1.947310 -2.247194 0.177300 0.159673 -0.156327
 43   -0.320307 1.659514 2.881096 -0.082761 0.040439 -0.071389
time 77
  0   4.856850 2.128971 3.090309 0.000000 0.000000 -1.571069
  1   -1.093036 0.000002 -0.326057 -1.669326 -1.703133 0.115089
  2   2.262337 0.113614 0.064702 -0.010280 -0.001066 -0.037275
  3   2.380047 0.353302 0.047440 0.004020 0.001602 -0.014978
  4   2.033756 0.190472 -0.000128 0.008068 0.001762 -0.068894
  5   2.451511 0.204909 -0.003447 0.031033 0.114623 -0.009398
  6   7.247600 -0.397300 -0.109469 0.000001 -0.000003 0.156829
  7   -2.022252 -0.104661 3.136172 0.566144 -1.264083 -3.843889
  8   1.168026 -0.537438 -0.063437 1.239266 0.524543 0.961369
  9   6.790376 -0.619176 0.015206 -0.000102 -0.000151 -1.485654
 10   8.637599 0.544015 -0.090417 -1.619252 -0.071225 -0.574607
 11   6.790465 -0.619039 0.017802 0.002432 -0.011708 -1.055191
 12   -2.022474 -0.104699 -2.873818 -0.148546 1.059631 -3.429039
 13   1.167898 -0.537463 0.063297 -1.033957 -0.200828 0.702839
 14   7.002743 -0.617765 -0.183752 0.000115 0.000023 -1.553083
 15   8.209042 0.615527 -0.255885 1.718786 0.095949 -0.511896
 16   7.002735 -0.617911 -0.183641 0.013497 0.008439 -1.105778
 17   1.574674 0.609930 -0.000899 -0.483258 0.093752 0.225861
 18   -0.602177 0.511412 -0.000006 0.000000 0.000000 0.000000
 19   3.673773 0.177020 1.119313 -0.000002 -0.000014 -0.174510
 20   3.673767 0.176993 -1.117566 0.000007 -0.000003 -0.174546
 21   3.813447 1.330634 1.627658 0.013413 -0.095253 0.195285
 22   -0.296843 -0.011889 0.457925 -0.000011 0.000031 0.000025
 23   3.813464 1.330659 -1.631083 -0.013392 0.095268 0.195259
 24   -0.285214 -0.011872 -0.457915 -0.000005 -0.000006 0.000048
 25   4.941364 1.997338 1.629330 0.000018 -0.000001 -0.000024
 26   4.941382 1.997366 -1.629410 -0.000001 0.000005 -0.000024
 27   2.969151 1.646609 1.514501 -0.009571 0.067895 -0.296842
 28   2.971581 1.646215 -1.508955 0.009562 -0.067914 -0.296738
 29   8.824059 0.150544 0.091743 0.009364 0.252650 0.142902
 30   2.247808 -0.268201 1.553844 -0.210422 0.305496 0.180742
 31   1.617368 -0.385502 -2.076262 0.075123 0.404788 0.164867
 32   -0.810489 -0.093824 3.127092 -0.059862 -3.218109 -0.161375
 33   14.298673 -0.408176 0.475484 -0.000052 -0.000029 -0.429494
 34   15.835795 0.581398 0.242756 -0.112784 0.011714 0.110340
 35   -0.815868 -0.091229 -3.114430 0.009166 3.141438 0.033736
 36   14.294526 -0.410349 -0.463635 0.000045 0.000048 -0.420915
 37   15.834409 0.579420 -0.284600 0.444362 -0.045493 0.293654
 38   1.581105 -2.945921 -2.741779 0.402332 -0.271210 -0.025109
 39   -4.457742 -1.054854 -0.746180 0.053835 -0.145661 0.011134
 40   0.176666 -4.074788 2.565394 0.425675 -0.318749 -0.041300
 41   -4.433840 -1.059130 0.959566 0.046835 -0.126389 0.009956
 42   -0.216048 1.935591 -2.235475 0.179158 0.162034 -0.148590
 43   -0.328120 1.655608 2.877190 -0.084123 0.041663 -0.064112
time 78
  0   4.181048 2.117252 3.230938 0.000000 0.000000 -1.571069
  1   -1.093036 0.000002 -0.326057 -1.561376 -1.698595 -0.034043
  2   2.262337 0.113614 0.064702 -0.011083 -0.001342 -0.037004
  3   2.380047 0.353302 0.047440 0.003585 0.001422 -0.014815
  4   2.033756 0.190472 -0.000128 0.007865 0.001714 -0.068749
  5   2.451511 0.204909 -0.003447 0.029133 0.112103 -0.009101
  6   7.247600 -0.397300 -0.109469 0.000001 -0.000003 0.156829
  7   -2.022252 -0.104661 3.136172 0.564322 -1.262037 -3.841729
  8   1.168026 -0.537438 -0.063437 1.238633 0.525096 0.960863
  9   6.790376 -0.619176 0.015206 -0.000102 -0.000151 -1.485277
 10   8.637599 0.544015 -0.090417 -1.619252 -0.071225 -0.574607
 11   6.790465 -0.619039 0.017802 0.002432 -0.011708 -1.054960
 12   -2.022474 -0.104699 -2.873818 -0.147971 1.061808 -3.428847
 13   1.167898 -0.537463 0.063297 -1.033676 -0.200116 0.702960
 14   7.002743 -0.617765 -0.183752 0.000115 0.000023 -1.553413
 15   8.209042 0.615527 -0.255885 1.718786 0.095949 -0.511896
 16   7.002735 -0.617911 -0.183641 0.013497 0.008439 -1.106054
 17   1.574674 0.609930 -0.000899 -0.462501 0.105042 0.235360
 18   -0.602177 0.511412 -0.000006 0.000000 0.000000 0.000000
 19   3.673773 0.177020 1.119313 -0.000002 -0.000014 -0.174510
 20   3.673767 0.176993 -1.117566 0.000007 -0.000003 -0.174546
 21   3.813447 1.330634 1.627658 0.013413 -0.095253 0.195285
 22   -0.296843 -0.011889 0.457925 -0.000011 0.000031 0.000025
 23   3.813464 1.330659 -1.631083 -0.013392 0.095268 0.195259
 24   -0.285214 -0.011872 -0.457915 -0.000005 -0.000006 0.000048
 25   4.941364 1.997338 1.629330 0.000018 -0.000001 -0.000024
 26   4.941382 1.997366 -1.629410 -0.000001 0.000005 -0.000024
 27   2.969151 1.646609 1.514501 -0.009571 0.067895 -0.296842
 28   2.971581 1.646215 -1.508955 0.009562 -0.067914 -0.296738
 29   8.824059 0.150544 0.091743 0.009364 0.253315 0.165058
 30   2.247808 -0.244763 1.561657 -0.219575 0.303200 0.195580
 31   1.613462 -0.373783 -2.076262 0.083121 0.407637 0.178332
 32   -0.810489 -0.093824 3.127092 -0.063218 -3.181627 -0.154316
 33   14.298673 -0.408176 0.475484 -0.000052 -0.000029 -0.414964
 34   15.835795 0.581398 0.242756 -0.143814 -0.010469 0.098035
 35   -0.815868 -0.091229 -3.114430 -0.004916 3.175072 0.053839
 36   14.294526 -0.410349 -0.463635 0.000045 0.000048 -0.371247
 37   15.834409 0.579420 -0.284600 0.419439 -0.064971 0.268151
 38   1.600637 -2.926389 -2.741779 0.416351 -0.280682 -0.025170
 39   -4.457742 -1.054854 -0.746180 0.055704 -0.150718 0.013210
 40   0.145415 -4.098227 2.541956 0.440515 -0.329860 -0.041361
 41   -4.433840 -1.059130 0.959566 0.048465 -0.130812 0.011835
 42   -0.216048 1.927778 -2.235475 0.180512 0.163966 -0.141021
 43   -0.339839 1.647795 2.877190 -0.085110 0.043075 -0.057379
time 79
  0   3.934947 2.128971 3.270002 0.000000 0.000000 -1.571069
  1   -1.093036 0.000002 -0.326057 -1.510703 -1.697252 -0.098689
  2   2.262337 0.113614 0.064702 -0.011350 -0.001354 -0.037275
  3   2.380047 0.353302 0.047440 0.003435 0.001422 -0.014978
  4   2.033756 0.190472 -0.000128 0.007773 0.001714 -0.068822
  5   2.451511 0.204909 -0.003447 0.028123 0.111085 -0.009621
  6   7.247600 -0.397300 -0.109469 0.000001 -0.000003 0.156829
  7   -2.022252 -0.104661 3.136172 0.564322 -1.261345 -3.842011
  8   1.168026 -0.537438 -0.063437 1.238633 0.525096 0.960863
  9   6.790376 -0.619176 0.015206 -0.000102 -0.000151 -1.484975
 10   8.637599 0.544015 -0.090417 -1.619252 -0.071225 -0.574607
 11   6.790465 -0.619039 0.017802 0.002432 -0.011708 -1.054672
 12   -2.022474 -0.104699 -2.873818 -0.147205 1.062389 -3.428273
 13   1.167898 -0.537463 0.063297 -1.033676 -0.200116 0.702960
 14   7.002743 -0.617765 -0.183752 0.000115 0.000023 -1.553413
 15   8.209042 0.615527 -0.255885 1.718786 0.095949 -0.511896
 16   7.002735 -0.617911 -0.183641 0.013497 0.008439 -1.106054
 17   1.574674 0.609930 -0.000899 -0.457545 0.110438 0.238058
 18   -0.602177 0.511412 -0.000006 0.000000 0.000000 0.000000
 19   3.673773 0.177020 1.119313 -0.000002 -0.000014 -0.174510
 20   3.673767 0.176993 -1.117566 0.000007 -0.000003 -0.174546
 21   3.360308 1.268132 1.576875 0.006689 -0.047626 0.097617
 22   -0.253873 -0.379088 0.465738 0.000083 -0.028708 0.445010
 23   3.372044 1.260344 -1.623270 -0.006680 0.047629 0.097618
 24   -0.183648 -0.285318 -0.508698 0.000091 -0.028733 0.445062
 25   4.535101 1.997338 1.637143 -0.032209 0.220343 0.007203
 26   4.531213 1.997366 -1.621597 0.035749 -0.204340 -0.020853
 27   3.137125 1.490354 1.506688 -0.004789 0.033918 -0.148387
 28   3.139555 1.489960 -1.516768 0.004780 -0.033949 -0.148322
 29   8.824059 0.150544 0.091743 0.009453 0.253884 0.186625
 30   2.247808 -0.225231 1.561657 -0.228267 0.300643 0.210032
 31   1.605649 -0.354251 -2.076262 0.090905 0.410046 0.191451
 32   -0.810489 -0.093824 3.127092 -0.066573 -3.167205 -0.150445
 33   14.298673 -0.408176 0.475484 -0.000052 -0.000029 -0.409327
 34   15.835795 0.581398 0.242756 -0.152025 -0.018766 0.093360
 35   -0.815868 -0.091229 -3.114430 -0.011869 3.189500 0.064794
 36   14.294526 -0.410349 -0.463635 0.000045 0.000048 -0.347301
 37   15.834409 0.579420 -0.284600 0.412996 -0.072573 0.256489
 38   1.604543 -2.914670 -2.741779 0.425212 -0.286671 -0.025170
 39   -4.457742 -1.054854 -0.746180 0.056903 -0.153942 0.015537
 40   0.125883 -4.106039 2.530237 0.449945 -0.336922 -0.041361
 41   -4.433840 -1.059130 0.959566 0.049495 -0.133592 0.013911
 42   -0.223861 1.919965 -2.227662 0.181339 0.165438 -0.133618
 43   -0.347652 1.647795 2.877190 -0.085722 0.044613 -0.051314
time 80
  0   3.427119 2.105533 3.316879 0.000000 0.000000 -1.571069
  1   -1.093036 0.000002 -0.326057 -1.399557 -1.696326 -0.238869
  2   2.262337 0.113614 0.064702 -0.011885 -0.001366 -0.037275
  3   2.380047 0.353302 0.047440 0.003150 0.001422 -0.014978
  4   2.033756 0.190472 -0.000128 0.007607 0.001690 -0.068894
  5   2.451511 0.204909 -0.003447 0.026737 0.110093 -0.009200
  6   7.247600 -0.397300 -0.109469 0.000001 -0.000003 0.156829
  7   -2.022252 -0.104661 3.136172 0.564897 -1.259442 -3.842011
  8   1.168026 -0.537438 -0.063437 1.238633 0.525348 0.960483
  9   6.790376 -0.619176 0.015206 -0.000102 -0.000151 -1.484975
 10   8.637599 0.544015 -0.090417 -1.619252 -0.071225 -0.574607
 11   6.790465 -0.619039 0.017802 0.002432 -0.011708 -1.054672
 12   -2.022474 -0.104699 -2.873818 -0.146055 1.064101 -3.427220
 13   1.167898 -0.537463 0.063297 -1.033887 -0.199404 0.703081
 14   7.002743 -0.617765 -0.183752 0.000115 0.000023 -1.553743
 15   8.209042 0.615527 -0.255885 1.718786 0.095949 -0.511896
 16   7.002735 -0.617911 -0.183641 0.013497 0.008439 -1.106330
 17   1.574674 0.609930 -0.000899 -0.452346 0.123431 0.240497
 18   -0.602177 0.511412 -0.000006 0.000000 0.000000 0.000000
 19   3.673773 0.177020 1.119313 -0.000002 -0.000014 -0.174510
 20   3.673767 0.176993 -1.117566 0.000007 -0.000003 -0.174546
 21   2.899356 1.193911 1.522186 0.000002 -0.000011 -0.000026
 22   -0.226528 -0.754099 0.477457 0.000194 -0.057459 0.890061
 23   2.918905 1.182217 -1.611551 0.000019 0.000002 -0.000024
 24   -0.078176 -0.558764 -0.547762 0.000187 -0.057484 0.890104
 25   4.117120 1.989525 1.648862 -0.064411 0.440688 0.014417
 26   4.117138 1.989553 -1.609878 0.071523 -0.408734 -0.041694
 27   3.305099 1.322380 1.487156 -0.000019 -0.000022 -0.000050
 28   3.303622 1.321986 -1.528487 -0.000002 -0.000009 -0.000024
 29   8.824059 0.150544 0.091743 0.009542 0.254383 0.207279
 30   2.247808 -0.205699 1.573376 -0.236444 0.297795 0.223948
 31   1.593930 -0.342532 -2.076262 0.098382 0.412040 0.204042
 32   -0.810489 -0.093824 3.127092 -0.074403 -3.135402 -0.146006
 33   14.298673 -0.408176 0.475484 -0.000052 -0.000029 -0.404007
 34   15.835795 0.581398 0.242756 -0.166908 -0.035751 0.087627
 35   -0.815868 -0.091229 -3.114430 -0.026832 3.217232 0.085663
 36   14.294526 -0.410349 -0.463635 0.000045 0.000048 -0.301264
 37   15.834409 0.579420 -0.284600 0.398101 -0.087444 0.233674
 38   1.612356 -2.914670 -2.741779 0.428349 -0.288768 -0.025170
 39   -4.457742 -1.054854 -0.746180 0.057298 -0.155081 0.018118
 40   0.114164 -4.113852 2.518518 0.453229 -0.339380 -0.041361
 41   -4.433840 -1.059130 0.959566 0.049867 -0.134587 0.016238
 42   -0.227767 1.908246 -2.227662 0.181614 0.166419 -0.126425
 43   -0.351558 1.647795 2.877190 -0.085947 0.046354 -0.045961
time 81
  0   2.665377 2.136784 3.355942 0.000000 0.000000 -1.571069
  1   -1.093036 0.000002 -0.326057 -1.252306 -1.698039 -0.431792
  2   2.262337 0.113614 0.064702 -0.012688 -0.001593 -0.036733
  3   2.380047 0.353302 0.047440 0.002715 0.001278 -0.014672
  4   2.033756 0.190472 -0.000128 0.007441 0.001606 -0.068749
  5   2.451511 0.204909 -0.003447 0.024837 0.106646 -0.008878
  6   7.247600 -0.397300 -0.109469 0.000001 -0.000003 0.156829
  7   -2.022252 -0.104661 3.136172 0.560967 -1.257251 -3.838442
  8   1.168026 -0.537438 -0.063437 1.237684 0.525650 0.959598
  9   6.790376 -0.619176 0.015206 -0.000102 -0.000151 -1.484673
 10   8.637599 0.544015 -0.090417 -1.619252 -0.071225 -0.574607
 11   6.790465 -0.619039 0.017802 0.002432 -0.011708 -1.054441
 12   -2.022474 -0.104699 -2.873818 -0.145480 1.066626 -3.426932
 13   1.167898 -0.537463 0.063297 -1.033957 -0.198489 0.703202
 14   7.002743 -0.617765 -0.183752 0.000115 0.000023 -1.554403
 15   8.209042 0.615527 -0.255885 1.718786 0.095949 -0.511896
 16   7.002735 -0.617911 -0.183641 0.013497 0.008439 -1.106771
 17   1.574674 0.609930 -0.000899 -0.442556 0.146743 0.250957
 18   -0.602177 0.511412 -0.000006 0.000000 0.000000 0.000000
 19   3.677679 0.177020 1.119313 -0.000002 -0.000014 -0.174510
 20   3.673767 0.176993 -1.117566 0.000007 -0.000003 -0.174546
 21   3.360308 1.268132 1.576875 0.006689 -0.047626 0.097617
 22   -0.253873 -0.379088 0.465738 0.000083 -0.028708 0.445010
 23   3.372044 1.260344 -1.623270 -0.006680 0.047629 0.097618
 24   -0.183648 -0.285318 -0.508698 0.000091 -0.028733 0.445062
 25   4.535101 1.997338 1.637143 -0.032197 0.220343 0.007203
 26   4.531213 1.997366 -1.621597 0.035749 -0.204340 -0.020853
 27   3.137125 1.490354 1.506688 -0.004789 0.033918 -0.148387
 28   3.139555 1.489960 -1.516768 0.004780 -0.033949 -0.148322
 29   8.824059 0.150544 0.091743 0.009542 0.254763 0.226915
 30   2.247808 -0.190074 1.573376 -0.244092 0.294657 0.237178
 31   1.586117 -0.323000 -2.076262 0.105491 0.413698 0.216033
 32   -0.810489 -0.093824 3.127092 -0.088105 -3.086409 -0.141395
 33   14.298673 -0.408176 0.475484 -0.000052 -0.000029 -0.405992
 34   15.835795 0.581398 0.242756 -0.191106 -0.062595 0.083878
 35   -0.815868 -0.091229 -3.114430 -0.036953 3.256300 0.117214
 36   14.294526 -0.410349 -0.463635 0.000045 0.000048 -0.237151
 37   15.834409 0.579420 -0.284600 0.360115 -0.109123 0.204064
 38   1.604543 -2.914670 -2.741779 0.425065 -0.285659 -0.024559
 39   -4.457742 -1.054854 -0.746180 0.057155 -0.153654 0.021511
 40   0.125883 -4.106039 2.530237 0.449756 -0.335885 -0.040689
 41   -4.433840 -1.059130 0.959566 0.049723 -0.133317 0.019380
 42   -0.235580 1.904340 -2.223756 0.181579 0.167109 -0.119441
 43   -0.359371 1.647795 2.877190 -0.085847 0.048269 -0.041068
time 82
  0   2.157549 2.179754 3.332504 0.000000 0.000000 -1.571069
  1   -1.093036 0.000002 -0.326057 -1.166419 -1.701003 -0.549278
  2   2.262337 0.113614 0.064702 -0.012127 -0.002384 -0.036172
  3   2.380047 0.353302 0.047440 0.003000 0.000859 -0.014386
  4   2.033756 0.190472 -0.000128 0.007570 0.001330 -0.068604
  5   2.451511 0.204909 -0.003447 0.026463 0.103735 -0.006897
  6   7.247600 -0.397300 -0.109469 0.000001 -0.000003 0.156829
  7   -2.022252 -0.104661 3.136172 0.557612 -1.255925 -3.834122
  8   1.168026 -0.537438 -0.063437 1.238190 0.525499 0.959598
  9   6.790376 -0.619176 0.015206 -0.000102 -0.000151 -1.484220
 10   8.637599 0.544015 -0.090417 -1.619252 -0.071225 -0.574607
 11   6.790465 -0.619039 0.017802 0.002432 -0.011708 -1.054153
 12   -2.022474 -0.104699 -2.873818 -0.146342 1.068600 -3.427220
 13   1.167898 -0.537463 0.063297 -1.034168 -0.197319 0.703202
 14   7.002743 -0.617765 -0.183752 0.000115 0.000023 -1.554898
 15   8.209042 0.615527 -0.255885 1.718786 0.095949 -0.511896
 16   7.002735 -0.617911 -0.183641 0.013497 0.008439 -1.106992
 17   1.574674 0.609930 -0.000899 -0.432279 0.157322 0.265668
 18   -0.602177 0.511412 -0.000006 0.000000 0.000000 0.000000
 19   3.677679 0.177020 1.119313 -0.000002 -0.000014 -0.174510
 20   3.673767 0.176993 -1.117566 0.000007 -0.000003 -0.174546
 21   3.813447 1.330634 1.627658 0.013413 -0.095253 0.195285
 22   -0.296843 -0.011889 0.457925 -0.000011 0.000031 0.000025
 23   3.813464 1.330659 -1.631083 -0.013392 0.095268 0.195259
 24   -0.285214 -0.011872 -0.457915 -0.000005 -0.000006 0.000048
 25   4.941364 1.997338 1.629330 0.000018 -0.000001 -0.000024
 26   4.941382 1.997366 -1.629410 -0.000001 0.000005 -0.000024
 27   2.969151 1.646609 1.514501 -0.009571 0.067895 -0.296842
 28   2.971581 1.646215 -1.508955 0.009562 -0.067914 -0.296738
 29   8.824059 0.150544 0.091743 0.009631 0.255095 0.245370
 30   2.239995 -0.170542 1.585095 -0.251116 0.291228 0.249593
 31   1.582211 -0.311281 -2.076262 0.112187 0.415019 0.227296
 32   -0.810489 -0.093824 3.127092 -0.094163 -3.054605 -0.140826
 33   14.298673 -0.408176 0.475484 -0.000052 -0.000029 -0.412979
 34   15.835795 0.581398 0.242756 -0.211117 -0.080532 0.083658
 35   -0.815868 -0.091229 -3.114430 -0.044611 3.280004 0.134359
 36   14.294526 -0.410349 -0.463635 0.000045 0.000048 -0.203859
 37   15.834409 0.579420 -0.284600 0.333182 -0.125018 0.192504
 38   1.585011 -2.926389 -2.741779 0.415635 -0.276729 -0.022726
 39   -4.457742 -1.054854 -0.746180 0.056663 -0.149628 0.026167
 40   0.157134 -4.090414 2.541956 0.439799 -0.325907 -0.038551
 41   -4.433840 -1.059130 0.959566 0.049376 -0.129697 0.023839
 42   -0.235580 1.896527 -2.215943 0.181459 0.167799 -0.112666
 43   -0.371090 1.647795 2.881096 -0.085522 0.050356 -0.036426
time 83
  0   1.903635 2.218818 3.332504 0.000000 0.000000 -1.571069
  1   -1.093036 0.000002 -0.326057 -1.128112 -1.702716 -0.604392
  2   2.262337 0.113614 0.064702 -0.011592 -0.002372 -0.035395
  3   2.380047 0.353302 0.047440 0.003285 0.000859 -0.013937
  4   2.033756 0.190472 -0.000128 0.007681 0.001318 -0.068314
  5   2.451511 0.204909 -0.003447 0.027969 0.102716 -0.005386
  6   7.247600 -0.397300 -0.109469 0.000001 -0.000003 0.156829
  7   -2.022252 -0.104661 3.136172 0.554161 -1.255435 -3.831023
  8   1.168026 -0.537438 -0.063437 1.238823 0.525650 0.960167
  9   6.790376 -0.619176 0.015206 -0.000102 -0.000151 -1.484220
 10   8.637599 0.544015 -0.090417 -1.619252 -0.071225 -0.574607
 11   6.790465 -0.619039 0.017802 0.002432 -0.011708 -1.054153
 12   -2.022474 -0.104699 -2.873818 -0.147492 1.069354 -3.428656
 13   1.167898 -0.537463 0.063297 -1.034871 -0.196912 0.703747
 14   7.002743 -0.617765 -0.183752 0.000115 0.000023 -1.554898
 15   8.209042 0.615527 -0.255885 1.718786 0.095949 -0.511896
 16   7.002735 -0.617911 -0.183641 0.013497 0.008439 -1.106992
 17   1.574674 0.609930 -0.000899 -0.427040 0.160233 0.267923
 18   -0.602177 0.511412 -0.000006 0.000000 0.000000 0.000000
 19   3.673773 0.177020 1.119313 -0.000002 -0.000014 -0.174510
 20   3.673767 0.176993 -1.117566 0.000007 -0.000003 -0.174546
 21   3.813447 1.330634 1.627658 0.013413 -0.095253 0.195285
 22   -0.296843 -0.011889 0.457925 -0.000011 0.000031 0.000025
 23   3.813464 1.330659 -1.631083 -0.013392 0.095268 0.195259
 24   -0.285214 -0.011872 -0.457915 -0.000005 -0.000006 0.000048
 25   4.941364 1.997338 1.629330 0.000018 -0.000001 -0.000024
 26   4.941382 1.997366 -1.629410 -0.000001 0.000005 -0.000024
 27   2.969151 1.646609 1.514501 -0.009571 0.067895 -0.296842
 28   2.971581 1.646215 -1.508955 0.009562 -0.067914 -0.296738
 29   8.824059 0.150544 0.091743 0.009809 0.255309 0.262322
 30   2.239995 -0.158823 1.585095 -0.257503 0.287450 0.261044
 31   1.574398 -0.299562 -2.084075 0.118331 0.416029 0.237667
 32   -0.810489 -0.093824 3.127092 -0.096121 -3.038752 -0.141509
 33   14.298673 -0.408176 0.475484 -0.000052 -0.000029 -0.418934
 34   15.835795 0.581398 0.242756 -0.222365 -0.088878 0.084628
 35   -0.815868 -0.091229 -3.114430 -0.048219 3.291996 0.139508
 36   14.294526 -0.410349 -0.463635 0.000045 0.000048 -0.194049
 37   15.834409 0.579420 -0.284600 0.318760 -0.132466 0.189614
 38   1.557667 -2.949827 -2.741779 0.400774 -0.262642 -0.019977
 39   -4.465555 -1.054854 -0.746180 0.055896 -0.143252 0.031888
 40   0.200104 -4.070882 2.561488 0.424160 -0.310181 -0.035129
 41   -4.426027 -1.059130 0.959566 0.048800 -0.124005 0.029476
 42   -0.247299 1.884808 -2.215943 0.181243 0.168443 -0.106100
 43   -0.378903 1.647795 2.881096 -0.085010 0.052600 -0.032035
time 84
  0   1.438777 2.304758 3.246564 0.000000 0.000000 -1.571069
  1   -1.093036 0.000002 -0.326057 -1.027814 -1.706976 -0.740217
  2   2.262337 0.113614 0.064702 -0.010548 -0.002348 -0.034329
  3   2.380047 0.353302 0.047440 0.003870 0.000835 -0.013366
  4   2.033756 0.190472 -0.000128 0.008013 0.001306 -0.068024
  5   2.451511 0.204909 -0.003447 0.031187 0.100732 -0.001300
  6   7.247600 -0.397300 -0.109469 0.000001 -0.000003 0.156829
  7   -2.022252 -0.104661 3.136172 0.550327 -1.254426 -3.827078
  8   1.168026 -0.537438 -0.063437 1.239899 0.524392 0.960357
  9   6.790376 -0.619176 0.015206 -0.000102 -0.000151 -1.484220
 10   8.637599 0.544015 -0.090417 -1.619252 -0.071225 -0.574607
 11   6.790465 -0.619039 0.017802 0.002432 -0.011708 -1.054153
 12   -2.022474 -0.104699 -2.873818 -0.149312 1.070922 -3.430475
 13   1.167898 -0.537463 0.063297 -1.035855 -0.195946 0.704655
 14   7.002743 -0.617765 -0.183752 0.000115 0.000023 -1.555228
 15   8.209042 0.615527 -0.255885 1.718786 0.095949 -0.511896
 16   7.002735 -0.617911 -0.183641 0.013497 0.008439 -1.107268
 17   1.574674 0.609930 -0.000899 -0.416966 0.163925 0.261602
 18   -0.602177 0.511412 -0.000006 0.000000 0.000000 0.000000
 19   3.673773 0.177020 1.119313 -0.000002 -0.000014 -0.174510
 20   3.673767 0.176993 -1.117566 0.000007 -0.000003 -0.174546
 21   3.813447 1.330634 1.627658 0.013413 -0.095253 0.195285
 22   -0.296843 -0.011889 0.457925 -0.000011 0.000031 0.000025
 23   3.813464 1.330659 -1.631083 -0.013392 0.095268 0.195259
 24   -0.285214 -0.011872 -0.457915 -0.000005 -0.000006 0.000048
 25   4.941364 1.997338 1.629330 0.000018 -0.000001 -0.000024
 26   4.941382 1.997366 -1.629410 -0.000001 0.000005 -0.000024
 27   2.969151 1.646609 1.514501 -0.009571 0.067895 -0.296842
 28   2.971581 1.646215 -1.508955 0.009562 -0.067914 -0.296738
 29   8.824059 0.150544 0.091743 0.009898 0.255499 0.277666
 30   2.239995 -0.139291 1.596814 -0.263171 0.283323 0.271422
 31   1.574398 -0.287843 -2.084075 0.123939 0.416806 0.247093
 32   -0.810489 -0.093824 3.127092 -0.106467 -2.998067 -0.151299
 33   14.298673 -0.408176 0.475484 -0.000052 -0.000029 -0.447438
 34   15.835795 0.581398 0.242756 -0.238076 -0.106351 0.094904
 35   -0.815868 -0.091229 -3.114430 -0.051300 3.318510 0.129648
 36   14.294526 -0.410349 -0.463635 0.000045 0.000048 -0.208648
 37   15.834409 0.579420 -0.284600 0.286665 -0.145955 0.199298
 38   1.518603 -2.977172 -2.741779 0.381178 -0.244060 -0.016189
 39   -4.473368 -1.054854 -0.746180 0.054877 -0.134839 0.038563
 40   0.262606 -4.035725 2.592739 0.403469 -0.289406 -0.030792
 41   -4.418214 -1.059130 0.959566 0.048021 -0.116454 0.036123
 42   -0.247299 1.876995 -2.208130 0.180931 0.169056 -0.099785
 43   -0.382809 1.639982 2.881096 -0.084323 0.054985 -0.027853
time 85
  0   0.993451 2.410230 3.152811 0.000000 0.000000 -1.571069
  1   -1.093036 0.000002 -0.326057 -0.958800 -1.704383 -0.842025
  2   2.262337 0.113614 0.064702 -0.011057 -0.003163 -0.034311
  3   2.380047 0.353302 0.047440 0.003585 0.000367 -0.013407
  4   2.033756 0.190472 -0.000128 0.007865 0.001151 -0.068024
  5   2.451511 0.204909 -0.003447 0.029818 0.097716 -0.000458
  6   7.247600 -0.397300 -0.109469 0.000001 -0.000003 0.156829
  7   -2.022252 -0.104661 3.136172 0.548793 -1.253216 -3.825294
  8   1.168026 -0.537438 -0.063437 1.240405 0.523738 0.960863
  9   6.790376 -0.619176 0.015206 -0.000102 -0.000151 -1.483541
 10   8.637599 0.544015 -0.090417 -1.619252 -0.071225 -0.574607
 11   6.790465 -0.619039 0.017802 0.002432 -0.011708 -1.053633
 12   -2.022474 -0.104699 -2.873818 -0.148833 1.072431 -3.429805
 13   1.167898 -0.537463 0.063297 -1.036980 -0.195285 0.705321
 14   7.002743 -0.617765 -0.183752 0.000115 0.000023 -1.555558
 15   8.209042 0.615527 -0.255885 1.718786 0.095949 -0.511896
 16   7.002735 -0.617911 -0.183641 0.013497 0.008439 -1.107489
 17   1.574674 0.609930 -0.000899 -0.405186 0.166078 0.256613
 18   -0.602177 0.511412 -0.000006 0.000000 0.000000 0.000000
 19   3.673773 0.177020 1.119313 -0.000002 -0.000014 -0.174510
 20   3.673767 0.176993 -1.117566 0.000007 -0.000003 -0.174546
 21   3.813447 1.330634 1.627658 0.013413 -0.095253 0.195285
 22   -0.296843 -0.011889 0.457925 -0.000011 0.000031 0.000025
 23   3.813464 1.330659 -1.631083 -0.013392 0.095268 0.195259
 24   -0.285214 -0.011872 -0.457915 -0.000005 -0.000006 0.000048
 25   4.941364 1.997338 1.629330 0.000018 -0.000001 -0.000024
 26   4.941382 1.997366 -1.629410 -0.000001 0.000005 -0.000024
 27   2.969151 1.646609 1.514501 -0.009571 0.067895 -0.296842
 28   2.971581 1.646215 -1.508955 0.009562 -0.067914 -0.296738
 29   8.824059 0.150544 0.091743 0.009988 0.255665 0.291239
 30   2.239995 -0.127572 1.604627 -0.268107 0.278819 0.280578
 31   1.570492 -0.276124 -2.084075 0.128857 0.417350 0.255390
 32   -0.810489 -0.093824 3.127092 -0.123524 -2.968651 -0.157959
 33   14.298673 -0.408176 0.475484 -0.000052 -0.000029 -0.463000
 34   15.835795 0.581398 0.242756 -0.248541 -0.121652 0.098873
 35   -0.815868 -0.091229 -3.114430 -0.053060 3.336404 0.116228
 36   14.294526 -0.410349 -0.463635 0.000045 0.000048 -0.223865
 37   15.834409 0.579420 -0.284600 0.256205 -0.157575 0.207613
 38   1.467820 -3.012329 -2.741779 0.357455 -0.221610 -0.011729
 39   -4.477274 -1.047041 -0.746180 0.053595 -0.124664 0.046023
 40   0.336827 -3.996661 2.627896 0.378441 -0.264317 -0.025415
 41   -4.410401 -1.066943 0.959566 0.047051 -0.107370 0.043611
 42   -0.255112 1.865276 -2.208130 0.180572 0.169639 -0.093637
 43   -0.390622 1.639982 2.888909 -0.083473 0.057495 -0.023880
time 86
  0   0.485623 2.492264 3.121560 0.000000 0.000000 -1.571069
  1   -1.093036 0.000002 -0.326057 -0.882712 -1.702716 -0.956995
  2   2.262337 0.113614 0.064702 -0.012369 -0.004302 -0.034582
  3   2.380047 0.353302 0.047440 0.002850 -0.000124 -0.013570
  4   2.033756 0.190472 -0.000128 0.007515 0.000863 -0.068169
  5   2.451511 0.204909 -0.003447 0.026463 0.092285 -0.000235
  6   7.247600 -0.397300 -0.109469 0.000001 -0.000003 0.156829
  7   -2.022252 -0.104661 3.136172 0.547068 -1.250362 -3.823228
  8   1.168026 -0.537438 -0.063437 1.240658 0.523989 0.961306
  9   6.790376 -0.619176 0.015206 -0.000102 -0.000151 -1.483541
 10   8.637599 0.544015 -0.090417 -1.619252 -0.071225 -0.574607
 11   6.790465 -0.619039 0.017802 0.002432 -0.011708 -1.053633
 12   -2.022474 -0.104699 -2.873818 -0.147492 1.075914 -3.429422
 13   1.167898 -0.537463 0.063297 -1.038456 -0.193709 0.706471
 14   7.002743 -0.617765 -0.183752 0.000115 0.000023 -1.556218
 15   8.209042 0.615527 -0.255885 1.718786 0.095949 -0.511896
 16   7.002735 -0.617911 -0.183641 0.013497 0.008439 -1.108041
 17   1.574674 0.609930 -0.000899 -0.388532 0.169273 0.256797
 18   -0.602177 0.511412 -0.000006 0.000000 0.000000 0.000000
 19   3.673773 0.177020 1.119313 -0.000002 -0.000014 -0.174510
 20   3.673767 0.176993 -1.117566 0.000007 -0.000003 -0.174546
 21   3.813447 1.330634 1.627658 0.013413 -0.095253 0.195285
 22   -0.296843 -0.011889 0.457925 -0.000011 0.000031 0.000025
 23   3.813464 1.330659 -1.631083 -0.013392 0.095268 0.195259
 24   -0.285214 -0.011872 -0.457915 -0.000005 -0.000006 0.000048
 25   4.941364 1.997338 1.629330 0.000018 -0.000001 -0.000024
 26   4.941382 1.997366 -1.629410 -0.000001 0.000005 -0.000024
 27   2.969151 1.646609 1.514501 -0.009571 0.067895 -0.296842
 28   2.971581 1.646215 -1.501142 0.009562 -0.067914 -0.296738
 29   8.824059 0.150544 0.091743 0.010077 0.255736 0.302719
 30   2.239995 -0.119759 1.608533 -0.272243 0.273966 0.288362
 31   1.562679 -0.268311 -2.084075 0.133040 0.417712 0.262431
 32   -0.810489 -0.093824 3.127092 -0.120821 -2.943247 -0.159155
 33   14.298673 -0.408176 0.475484 -0.000052 -0.000029 -0.466017
 34   15.835795 0.581398 0.242756 -0.284332 -0.140882 0.099711
 35   -0.815868 -0.091229 -3.114430 -0.063886 3.356266 0.122966
 36   14.294526 -0.410349 -0.463635 0.000045 0.000048 -0.202314
 37   15.834409 0.579420 -0.284600 0.224799 -0.172395 0.203709
 38   1.420944 -3.055299 -2.749592 0.330365 -0.195918 -0.006597
 39   -4.488993 -1.047041 -0.746180 0.052121 -0.113027 0.054100
 40   0.422767 -3.945878 2.666960 0.349878 -0.235600 -0.019367
 41   -4.402589 -1.066943 0.959566 0.045924 -0.096955 0.051772
 42   -0.255112 1.857463 -2.204224 0.180092 0.170191 -0.087741
 43   -0.402341 1.639982 2.892815 -0.082436 0.060163 -0.020158
time 87
  0   0.200458 2.558672 3.098122 0.000000 0.000000 -1.571069
  1   -1.093036 0.000002 -0.326057 -0.843305 -1.702670 -1.014238
  2   2.262337 0.113614 0.064702 -0.012102 -0.004290 -0.033787
  3   2.380047 0.353302 0.047440 0.003000 -0.000136 -0.013121
  4   2.033756 0.190472 -0.000128 0.007570 0.000851 -0.067952
  5   2.451511 0.204909 -0.003447 0.027062 0.091306 0.001672
  6   7.247600 -0.397300 -0.109469 0.000001 -0.000003 0.156829
  7   -2.022252 -0.104661 3.136172 0.546301 -1.249555 -3.822195
  8   1.168026 -0.537438 -0.063437 1.241544 0.523285 0.961116
  9   6.790376 -0.619176 0.015206 -0.000102 -0.000151 -1.483541
 10   8.637599 0.544015 -0.090417 -1.619252 -0.071225 -0.574607
 11   6.790465 -0.619039 0.017802 0.002432 -0.011708 -1.053633
 12   -2.022474 -0.104699 -2.873818 -0.147971 1.077249 -3.429422
 13   1.167898 -0.537463 0.063297 -1.039088 -0.193149 0.706895
 14   7.002743 -0.617765 -0.183752 0.000115 0.000023 -1.556218
 15   8.209042 0.615527 -0.255885 1.718786 0.095949 -0.511896
 16   7.002735 -0.617911 -0.183641 0.013497 0.008439 -1.108041
 17   1.574674 0.609930 -0.000899 -0.387313 0.168208 0.252177
 18   -0.602177 0.511412 -0.000006 0.000000 0.000000 0.000000
 19   3.677679 0.177020 1.119313 -0.000002 -0.000014 -0.174510
 20   3.673767 0.176993 -1.117566 0.000007 -0.000003 -0.174546
 21   3.813447 1.330634 1.627658 0.013413 -0.095253 0.195285
 22   -0.296843 -0.011889 0.457925 -0.000011 0.000031 0.000025
 23   3.813464 1.330659 -1.631083 -0.013392 0.095268 0.195259
 24   -0.285214 -0.011872 -0.457915 -0.000005 -0.000006 0.000048
 25   4.941364 1.997338 1.629330 0.000018 -0.000001 -0.000024
 26   4.941382 1.997366 -1.629410 -0.000001 0.000005 -0.000024
 27   2.969151 1.646609 1.514501 -0.009571 0.067895 -0.296842
 28   2.971581 1.646215 -1.508955 0.009562 -0.067914 -0.296738
 29   8.824059 0.150544 0.091743 0.010255 0.255783 0.312001
 30   2.239995 -0.108040 1.620252 -0.275565 0.268735 0.294666
 31   1.562679 -0.264405 -2.084075 0.136426 0.417920 0.268163
 32   -0.810489 -0.093824 3.127092 -0.116067 -2.930831 -0.159041
 33   14.298673 -0.408176 0.475484 -0.000052 -0.000029 -0.466017
 34   15.835795 0.581398 0.242756 -0.304666 -0.151571 0.098961
 35   -0.815868 -0.091229 -3.114430 -0.071191 3.367603 0.128717
 36   14.294526 -0.410349 -0.463635 0.000045 0.000048 -0.187715
 37   15.834409 0.579420 -0.284600 0.211165 -0.178768 0.199146
 38   1.358442 -3.094363 -2.753498 0.300560 -0.167672 -0.000977
 39   -4.496806 -1.043135 -0.746180 0.050407 -0.100215 0.062654
 40   0.516520 -3.899002 2.709930 0.318409 -0.204028 -0.012647
 41   -4.394776 -1.070849 0.959566 0.044630 -0.085498 0.060467
 42   -0.266831 1.853557 -2.204224 0.179541 0.170697 -0.082011
 43   -0.410154 1.639982 2.892815 -0.081249 0.062925 -0.016645
time 88
  0   0.137956 2.589923 3.070777 0.000000 0.000000 -1.571069
  1   -1.093036 0.000002 -0.326057 -0.831671 -1.702855 -1.032190
  2   2.262337 0.113614 0.064702 -0.012395 -0.003738 -0.033245
  3   2.380047 0.353302 0.047440 0.002850 0.000116 -0.012815
  4   2.033756 0.190472 -0.000128 0.007478 0.000995 -0.067734
  5   2.451511 0.204909 -0.003447 0.027524 0.092220 0.003232
  6   7.247600 -0.397300 -0.109469 0.000001 -0.000003 0.156829
  7   -2.022252 -0.104661 3.136172 0.545822 -1.249555 -3.822007
  8   1.168026 -0.537438 -0.063437 1.241544 0.523285 0.961116
  9   6.790376 -0.619176 0.015206 -0.000102 -0.000151 -1.483541
 10   8.637599 0.544015 -0.090417 -1.619252 -0.071225 -0.574607
 11   6.790465 -0.619039 0.017802 0.002432 -0.011708 -1.053633
 12   -2.022474 -0.104699 -2.873818 -0.147588 1.077510 -3.429422
 13   1.167898 -0.537463 0.063297 -1.040073 -0.192742 0.707016
 14   7.002743 -0.617765 -0.183752 0.000115 0.000023 -1.556218
 15   8.209042 0.615527 -0.255885 1.718786 0.095949 -0.511896
 16   7.002735 -0.617911 -0.183641 0.013497 0.008439 -1.108041
 17   1.574674 0.609930 -0.000899 -0.388207 0.165794 0.250144
 18   -0.602177 0.511412 -0.000006 0.000000 0.000000 0.000000
 19   3.677679 0.177020 1.119313 -0.000002 -0.000014 -0.174510
 20   3.673767 0.176993 -1.117566 0.000007 -0.000003 -0.174546
 21   3.813447 1.330634 1.627658 0.013413 -0.095253 0.195285
 22   -0.296843 -0.011889 0.457925 -0.000011 0.000031 0.000025
 23   3.813464 1.330659 -1.631083 -0.013392 0.095268 0.195259
 24   -0.285214 -0.011872 -0.457915 -0.000005 -0.000006 0.000048
 25   4.941364 1.997338 1.629330 0.000018 -0.000001 -0.000024
 26   4.941382 1.997366 -1.629410 -0.000001 0.000005 -0.000024
 27   2.969151 1.646609 1.514501 -0.009571 0.067895 -0.296842
 28   2.971581 1.646215 -1.508955 0.009562 -0.067914 -0.296738
 29   8.824059 0.150544 0.091743 0.010344 0.255831 0.318868
 30   2.239995 -0.108040 1.628065 -0.277965 0.263068 0.299340
 31   1.562679 -0.256592 -2.084075 0.138939 0.418075 0.272366
 32   -0.810489 -0.093824 3.127092 -0.114110 -2.926534 -0.159553
 33   14.298673 -0.408176 0.475484 -0.000052 -0.000029 -0.467605
 34   15.835795 0.581398 0.242756 -0.311383 -0.154353 0.099050
 35   -0.815868 -0.091229 -3.114430 -0.073831 3.371444 0.128608
 36   14.294526 -0.410349 -0.463635 0.000045 0.000048 -0.186170
 37   15.834409 0.579420 -0.284600 0.207521 -0.180739 0.198791
 38   1.295940 -3.137333 -2.753498 0.268691 -0.137485 0.005011
 39   -4.508525 -1.035322 -0.746180 0.048562 -0.086565 0.071545
 40   0.614179 -3.840406 2.756806 0.284794 -0.170274 -0.005376
 41   -4.379150 -1.078662 0.959566 0.043179 -0.073274 0.069497
 42   -0.266831 1.845744 -2.204224 0.178930 0.171172 -0.076491
 43   -0.414060 1.639982 2.900628 -0.079900 0.065765 -0.013341
time 89
  0   0.044203 2.632893 3.070777 0.000000 0.000000 -1.571069
  1   -1.093036 0.000002 -0.326057 -0.809977 -1.703179 -1.061852
  2   2.262337 0.113614 0.064702 -0.011885 -0.002360 -0.032143
  3   2.380047 0.353302 0.047440 0.003150 0.000823 -0.012203
  4   2.033756 0.190472 -0.000128 0.007644 0.001282 -0.067481
  5   2.451511 0.204909 -0.003447 0.027678 0.094648 0.005684
  6   7.247600 -0.397300 -0.109469 0.000001 -0.000003 0.156829
  7   -2.022252 -0.104661 3.136172 0.546493 -1.249382 -3.822571
  8   1.168026 -0.537438 -0.063437 1.241544 0.522681 0.960736
  9   6.790376 -0.619176 0.015206 -0.000102 -0.000151 -1.483541
 10   8.637599 0.544015 -0.090417 -1.619252 -0.071225 -0.574607
 11   6.790465 -0.619039 0.017802 0.002432 -0.011708 -1.053633
 12   -2.022474 -0.104699 -2.873818 -0.147779 1.077481 -3.429039
 13   1.167898 -0.537463 0.063297 -1.039581 -0.192691 0.707500
 14   7.002743 -0.617765 -0.183752 0.000115 0.000023 -1.556218
 15   8.209042 0.615527 -0.255885 1.718786 0.095949 -0.511896
 16   7.002735 -0.617911 -0.183641 0.013450 0.008439 -1.108041
 17   1.574674 0.609930 -0.000899 -0.389953 0.160730 0.246448
 18   -0.602177 0.511412 -0.000006 0.000000 0.000000 0.000000
 19   3.673773 0.177020 1.119313 -0.000002 -0.000014 -0.174510
 20   3.673767 0.176993 -1.117566 0.000007 -0.000003 -0.174546
 21   3.813447 1.330634 1.627658 0.013413 -0.095253 0.195285
 22   -0.296843 -0.011889 0.457925 -0.000011 0.000031 0.000025
 23   3.813464 1.330659 -1.631083 -0.013392 0.095268 0.195259
 24   -0.285214 -0.011872 -0.457915 -0.000005 -0.000006 0.000048
 25   4.941364 1.997338 1.629330 0.000018 -0.000001 -0.000024
 26   4.941382 1.997366 -1.629410 -0.000001 0.000005 -0.000024
 27   2.969151 1.646609 1.514501 -0.009571 0.067895 -0.296842
 28   2.971581 1.646215 -1.508955 0.009562 -0.067914 -0.296738
 29   8.824059 0.150544 0.091743 0.010522 0.255831 0.323213
 30   2.239995 -0.100227 1.639784 -0.279457 0.256995 0.302235
 31   1.554866 -0.256592 -2.084075 0.140502 0.418101 0.275023
 32   -0.810489 -0.093824 3.127092 -0.111500 -2.920804 -0.162513
 33   14.298673 -0.408176 0.475484 -0.000052 -0.000029 -0.471575
 34   15.835795 0.581398 0.242756 -0.321112 -0.158160 0.100505
 35   -0.815868 -0.091229 -3.114430 -0.077968 3.376597 0.123514
 36   14.294526 -0.410349 -0.463635 0.000045 0.000048 -0.192504
 37   15.834409 0.579420 -0.284600 0.204605 -0.184143 0.200667
 38   1.233438 -3.184209 -2.753498 0.235476 -0.105997 0.011242
 39   -4.520244 -1.035322 -0.746180 0.046524 -0.072291 0.080632
 40   0.719651 -3.785717 2.807589 0.249747 -0.135074 0.001894
 41   -4.371338 -1.078662 0.959566 0.041621 -0.060510 0.078752
 42   -0.270737 1.834025 -2.196411 0.178211 0.171632 -0.071221
 43   -0.421873 1.639982 2.900628 -0.078438 0.068730 -0.010204
time 90
  0   -0.053456 2.695395 3.039526 0.000000 0.000000 -1.571069
  1   -1.093036 0.000002 -0.326057 -0.786448 -1.702716 -1.091320
  2   2.262337 0.113614 0.064702 -0.012395 -0.002372 -0.031853
  3   2.380047 0.353302 0.047440 0.002865 0.000823 -0.012060
  4   2.033756 0.190472 -0.000128 0.007515 0.001306 -0.067481
  5   2.451511 0.204909 -0.003447 0.026206 0.095549 0.007170
  6   7.247600 -0.397300 -0.109469 0.000001 -0.000003 0.156829
  7   -2.022252 -0.104661 3.136172 0.546780 -1.249353 -3.822571
  8   1.168026 -0.537438 -0.063437 1.241291 0.522128 0.960736
  9   6.790376 -0.619176 0.015206 -0.000102 -0.000151 -1.483994
 10   8.637599 0.544015 -0.090417 -1.619252 -0.071225 -0.574607
 11   6.790465 -0.619039 0.017802 0.002432 -0.011708 -1.053980
 12   -2.022474 -0.104699 -2.873818 -0.146342 1.077626 -3.427890
 13   1.167898 -0.537463 0.063297 -1.040565 -0.192081 0.707924
 14   7.002743 -0.617765 -0.183752 0.000115 0.000023 -1.556218
 15   8.209042 0.615527 -0.255885 1.718786 0.095949 -0.511896
 16   7.002735 -0.617911 -0.183641 0.013497 0.008439 -1.108041
 17   1.574674 0.609930 -0.000899 -0.393568 0.161653 0.236654
 18   -0.602177 0.511412 -0.000006 0.000000 0.000000 0.000000
 19   3.677679 0.177020 1.119313 -0.000002 -0.000014 -0.174510
 20   3.673767 0.176993 -1.117566 0.000007 -0.000003 -0.174546
 21   3.813447 1.330634 1.627658 0.013413 -0.095253 0.195285
 22   -0.296843 -0.011889 0.457925 -0.000011 0.000031 0.000025
 23   3.813464 1.330659 -1.631083 -0.013392 0.095268 0.195259
 24   -0.285214 -0.011872 -0.457915 -0.000005 -0.000006 0.000048
 25   4.941364 1.997338 1.629330 0.000018 -0.000001 -0.000024
 26   4.941382 1.997366 -1.629410 -0.000001 0.000005 -0.000024
 27   2.969151 1.646609 1.514501 -0.009571 0.067895 -0.296842
 28   2.971581 1.646215 -1.508955 0.009562 -0.067914 -0.296738
 29   8.824059 0.150544 0.091743 0.010700 0.255831 0.324608
 30   2.239995 -0.096321 1.647597 -0.279972 0.250514 0.303243
 31   1.554866 -0.256592 -2.084075 0.141038 0.418127 0.275896
 32   -0.810489 -0.093824 3.127092 -0.110195 -2.915073 -0.166725
 33   14.298673 -0.408176 0.475484 -0.000052 -0.000029 -0.475148
 34   15.835795 0.581398 0.242756 -0.326357 -0.160869 0.101431
 35   -0.815868 -0.091229 -3.114430 -0.081577 3.381094 0.117214
 36   14.294526 -0.410349 -0.463635 0.000045 0.000048 -0.198838
 37   15.834409 0.579420 -0.284600 0.202674 -0.187061 0.202543
 38   1.159217 -3.234992 -2.761311 0.201587 -0.073870 0.017657
 39   -4.535870 -1.027509 -0.746180 0.044379 -0.057754 0.089690
 40   0.825123 -3.731028 2.858372 0.214027 -0.099163 0.009592
 41   -4.355712 -1.086475 0.959566 0.039956 -0.047507 0.088036
 42   -0.278550 1.822306 -2.196411 0.177420 0.172046 -0.066119
 43   -0.425779 1.639982 2.908441 -0.076814 0.071775 -0.007319
time 91
  0   -0.115958 2.757897 3.004369 0.000000 0.000000 -1.571069
  1   -1.093036 0.000002 -0.326057 -0.757469 -1.700910 -1.127708
  2   2.262337 0.113614 0.064702 -0.013223 -0.001569 -0.031853
  3   2.380047 0.353302 0.047440 0.002430 0.001218 -0.012060
  4   2.033756 0.190472 -0.000128 0.007312 0.001534 -0.067481
  5   2.451511 0.204909 -0.003447 0.024306 0.096998 0.007591
  6   7.247600 -0.397300 -0.109469 0.000001 -0.000003 0.156829
  7   -2.022252 -0.104661 3.136172 0.548985 -1.249036 -3.824731
  8   1.168026 -0.537438 -0.063437 1.241987 0.520316 0.960610
  9   6.790376 -0.619176 0.015206 -0.000102 -0.000151 -1.484220
 10   8.637599 0.544015 -0.090417 -1.619252 -0.071225 -0.574607
 11   6.790465 -0.619039 0.017802 0.002432 -0.011708 -1.054153
 12   -2.022474 -0.104699 -2.873818 -0.145576 1.078062 -3.427507
 13   1.167898 -0.537463 0.063297 -1.041760 -0.191929 0.708711
 14   7.002743 -0.617765 -0.183752 0.000115 0.000023 -1.556218
 15   8.209042 0.615527 -0.255885 1.718786 0.095949 -0.511896
 16   7.002735 -0.617911 -0.183641 0.013497 0.008439 -1.108041
 17   1.574674 0.609930 -0.000899 -0.406283 0.170196 0.215660
 18   -0.602177 0.511412 -0.000006 0.000000 0.000000 0.000000
 19   3.673773 0.177020 1.119313 -0.000002 -0.000014 -0.174510
 20   3.673767 0.176993 -1.117566 0.000007 -0.000003 -0.174546
 21   3.813447 1.330634 1.627658 0.013413 -0.095253 0.195285
 22   -0.296843 -0.011889 0.457925 -0.000011 0.000031 0.000025
 23   3.813464 1.330659 -1.631083 -0.013392 0.095268 0.195259
 24   -0.285214 -0.011872 -0.457915 -0.000005 -0.000006 0.000048
 25   4.941364 1.997338 1.629330 0.000018 -0.000001 -0.000024
 26   4.941382 1.997366 -1.629410 -0.000001 0.000005 -0.000024
 27   2.969151 1.646609 1.514501 -0.009571 0.067895 -0.296842
 28   2.971581 1.646215 -1.508955 0.009562 -0.067914 -0.296738
 29   8.824059 0.150544 0.091743 0.011057 0.254051 0.323106
 30   2.239995 -0.100227 1.659316 -0.278711 0.241738 0.302299
 31   1.562679 -0.256592 -2.076262 0.141038 0.415174 0.275059
 32   -0.810489 -0.093824 3.127092 -0.107958 -2.909343 -0.173784
 33   14.298673 -0.408176 0.475484 -0.000052 -0.000029 -0.479118
 34   15.835795 0.581398 0.242756 -0.333510 -0.163431 0.101960
 35   -0.815868 -0.091229 -3.114430 -0.086329 3.386341 0.106259
 36   14.294526 -0.410349 -0.463635 0.000045 0.000048 -0.209266
 37   15.834409 0.579420 -0.284600 0.202024 -0.191668 0.204571
 38   1.100621 -3.285775 -2.761311 0.167677 -0.041731 0.024072
 39   -4.551495 -1.023603 -0.746180 0.042126 -0.043192 0.098637
 40   0.938408 -3.668526 2.909155 0.178265 -0.063265 0.017290
 41   -4.340087 -1.090381 0.959566 0.038194 -0.034480 0.097207
 42   -0.286363 1.814493 -2.192505 0.176521 0.172460 -0.061184
 43   -0.433592 1.639982 2.912347 -0.075102 0.074866 -0.004558
time 92
  0   -0.147209 2.824305 3.004369 0.000000 0.000000 -1.571069
  1   -1.093036 0.000002 -0.326057 -0.737085 -1.699058 -1.151563
  2   2.262337 0.113614 0.064702 -0.013223 -0.001078 -0.031600
  3   2.380047 0.353302 0.047440 0.002430 0.001542 -0.011897
  4   2.033756 0.190472 -0.000128 0.007312 0.001714 -0.067336
  5   2.451511 0.204909 -0.003447 0.023861 0.097481 0.008532
  6   7.247600 -0.397300 -0.109469 0.000001 -0.000003 0.156829
  7   -2.022252 -0.104661 3.136172 0.548506 -1.249036 -3.824637
  8   1.168026 -0.537438 -0.063437 1.242177 0.519914 0.960167
  9   6.790376 -0.619176 0.015206 -0.000102 -0.000151 -1.484220
 10   8.637599 0.544015 -0.090417 -1.619252 -0.071225 -0.574607
 11   6.790465 -0.619039 0.017802 0.002432 -0.011708 -1.054153
 12   -2.022474 -0.104699 -2.873818 -0.145288 1.078062 -3.427220
 13   1.167898 -0.537463 0.063297 -1.042392 -0.191369 0.709195
 14   7.002743 -0.617765 -0.183752 0.000115 0.000023 -1.556218
 15   8.209042 0.615527 -0.255885 1.718786 0.095949 -0.511896
 16   7.002735 -0.617911 -0.183641 0.013497 0.008439 -1.108041
 17   1.574674 0.609930 -0.000899 -0.411441 0.171545 0.227228
 18   -0.602177 0.511412 -0.000006 0.000000 0.000000 0.000000
 19   3.673773 0.177020 1.119313 -0.000002 -0.000014 -0.174510
 20   3.673767 0.176993 -1.117566 0.000007 -0.000003 -0.174546
 21   3.813447 1.330634 1.627658 0.013413 -0.095253 0.195285
 22   -0.296843 -0.011889 0.457925 -0.000011 0.000031 0.000025
 23   3.813464 1.330659 -1.631083 -0.013392 0.095268 0.195259
 24   -0.285214 -0.011872 -0.457915 -0.000005 -0.000006 0.000048
 25   4.941364 1.997338 1.629330 0.000018 -0.000001 -0.000024
 26   4.941382 1.997366 -1.629410 -0.000001 0.000005 -0.000024
 27   2.969151 1.646609 1.514501 -0.009571 0.067895 -0.296842
 28   2.971581 1.646215 -1.508955 0.009562 -0.067914 -0.296738
 29   8.824059 0.150544 0.091743 0.011592 0.248971 0.318385
 30   2.236089 -0.108040 1.671035 -0.275049 0.229039 0.299555
 31   1.570492 -0.256592 -2.076262 0.140992 0.406627 0.272621
 32   -0.810489 -0.093824 3.127092 -0.103857 -2.908006 -0.178622
 33   14.298673 -0.408176 0.475484 -0.000052 -0.000029 -0.481500
 34   15.835795 0.581398 0.242756 -0.340135 -0.164627 0.102269
 35   -0.815868 -0.091229 -3.114430 -0.089058 3.388777 0.098317
 36   14.294526 -0.410349 -0.463635 0.000045 0.000048 -0.217068
 37   15.834409 0.579420 -0.284600 0.203344 -0.192999 0.205940
 38   1.038119 -3.328745 -2.765217 0.134440 -0.010255 0.030426
 39   -4.559308 -1.023603 -0.746180 0.039777 -0.028943 0.107303
 40   1.043880 -3.617743 2.956031 0.143218 -0.028077 0.024682
 41   -4.332274 -1.090381 0.959566 0.036336 -0.021716 0.106069
 42   -0.290269 1.810587 -2.192505 0.175562 0.172828 -0.056500
 43   -0.441405 1.639982 2.912347 -0.073253 0.078020 -0.002007
time 93
  0   -0.147209 2.855556 3.004369 0.000000 0.000000 -1.571069
  1   -1.093036 0.000002 -0.326057 -0.724089 -1.697947 -1.165886
  2   2.262337 0.113614 0.064702 -0.013223 -0.001078 -0.031600
  3   2.380047 0.353302 0.047440 0.002445 0.001542 -0.011897
  4   2.033756 0.190472 -0.000128 0.007275 0.001714 -0.067336
  5   2.451511 0.204909 -0.003447 0.023861 0.097977 0.009052
  6   7.247600 -0.397300 -0.109469 0.000001 -0.000003 0.156829
  7   -2.022252 -0.104661 3.136172 0.548506 -1.249036 -3.824637
  8   1.168026 -0.537438 -0.063437 1.241797 0.519511 0.960357
  9   6.790376 -0.619176 0.015206 -0.000102 -0.000151 -1.484673
 10   8.637599 0.544015 -0.090417 -1.619252 -0.071225 -0.574607
 11   6.790465 -0.619039 0.017802 0.002432 -0.011708 -1.054441
 12   -2.022474 -0.104699 -2.873818 -0.145767 1.077975 -3.428273
 13   1.167898 -0.537463 0.063297 -1.042392 -0.191369 0.709195
 14   7.002743 -0.617765 -0.183752 0.000115 0.000023 -1.556218
 15   8.209042 0.615527 -0.255885 1.718786 0.095949 -0.511896
 16   7.002735 -0.617911 -0.183641 0.013497 0.008439 -1.108041
 17   1.574674 0.609930 -0.000899 -0.404780 0.169983 0.244822
 18   -0.602177 0.511412 -0.000006 0.000000 0.000000 0.000000
 19   3.673773 0.177020 1.119313 -0.000002 -0.000014 -0.174510
 20   3.673767 0.176993 -1.117566 0.000007 -0.000003 -0.174546
 21   3.813447 1.330634 1.627658 0.013413 -0.095253 0.195285
 22   -0.296843 -0.011889 0.457925 -0.000011 0.000031 0.000025
 23   3.813464 1.330659 -1.631083 -0.013392 0.095268 0.195259
 24   -0.285214 -0.011872 -0.457915 -0.000005 -0.000006 0.000048
 25   4.941364 1.997338 1.629330 0.000018 -0.000001 -0.000024
 26   4.941382 1.997366 -1.629410 -0.000001 0.000005 -0.000024
 27   2.969151 1.646609 1.514501 -0.009571 0.067895 -0.296842
 28   2.971581 1.646215 -1.508955 0.009562 -0.067914 -0.296738
 29   8.824059 0.150544 0.091743 0.012394 0.240734 0.310928
 30   2.232183 -0.115853 1.690567 -0.269178 0.212736 0.295159
 31   1.582211 -0.256592 -2.064543 0.140946 0.392925 0.268636
 32   -0.810489 -0.093824 3.127092 -0.102552 -2.907433 -0.181126
 33   14.298673 -0.408176 0.475484 -0.000052 -0.000029 -0.482135
 34   15.835795 0.581398 0.242756 -0.342665 -0.165603 0.102225
 35   -0.815868 -0.091229 -3.114430 -0.090466 3.389994 0.094099
 36   14.294526 -0.410349 -0.463635 0.000045 0.000048 -0.220389
 37   15.834409 0.579420 -0.284600 0.203738 -0.193562 0.206295
 38   0.971711 -3.379528 -2.773030 0.102572 0.019920 0.036413
 39   -4.571027 -1.015790 -0.746180 0.037380 -0.015256 0.115492
 40   1.129820 -3.563054 3.006814 0.109603 0.005665 0.031891
 41   -4.316648 -1.098194 0.959566 0.034455 -0.009492 0.114511
 42   -0.298082 1.802774 -2.192505 0.174520 0.173165 -0.051984
 43   -0.445311 1.639982 2.924066 -0.071329 0.081237 0.000293
time 94
  0   -0.178460 2.886807 2.973118 0.000000 0.000000 -1.571069
  1   -1.093036 0.000002 -0.326057 -0.705591 -1.696002 -1.186354
  2   2.262337 0.113614 0.064702 -0.014025 -0.000275 -0.030787
  3   2.380047 0.353302 0.047440 0.002010 0.001937 -0.011468
  4   2.033756 0.190472 -0.000128 0.007072 0.001930 -0.067082
  5   2.451511 0.204909 -0.003447 0.021961 0.098917 0.009919
  6   7.247600 -0.397300 -0.109469 0.000001 -0.000003 0.156829
  7   -2.022252 -0.104661 3.136172 0.549752 -1.249353 -3.826045
  8   1.168026 -0.537438 -0.063437 1.241797 0.519109 0.959914
  9   6.790376 -0.619176 0.015206 -0.000102 -0.000151 -1.484975
 10   8.637599 0.544015 -0.090417 -1.619252 -0.071225 -0.574607
 11   6.790465 -0.619039 0.017802 0.002432 -0.011708 -1.054672
 12   -2.022474 -0.104699 -2.873818 -0.144522 1.077568 -3.427124
 13   1.167898 -0.537463 0.063297 -1.042673 -0.191725 0.709619
 14   7.002743 -0.617765 -0.183752 0.000115 0.000023 -1.556218
 15   8.209042 0.615527 -0.255885 1.718786 0.095949 -0.511896
 16   7.002735 -0.617911 -0.183641 0.013497 0.008439 -1.108041
 17   1.574674 0.609930 -0.000899 -0.364566 0.161156 0.285073
 18   -0.602177 0.511412 -0.000006 0.000000 0.000000 0.000000
 19   3.677679 0.177020 1.119313 -0.000002 -0.000014 -0.174510
 20   3.673767 0.176993 -1.117566 0.000007 -0.000003 -0.174546
 21   3.813447 1.330634 1.627658 0.013413 -0.095253 0.195285
 22   -0.296843 -0.011889 0.457925 -0.000011 0.000031 0.000025
 23   3.813464 1.330659 -1.631083 -0.013392 0.095268 0.195259
 24   -0.285214 -0.011872 -0.457915 -0.000005 -0.000006 0.000048
 25   4.941364 1.997338 1.629330 0.000018 -0.000001 -0.000024
 26   4.941382 1.997366 -1.629410 -0.000001 0.000005 -0.000024
 27   2.969151 1.646609 1.514501 -0.009571 0.067895 -0.296842
 28   2.971581 1.646215 -1.508955 0.009562 -0.067914 -0.296738
 29   8.824059 0.150544 0.091743 0.013463 0.229648 0.300895
 30   2.228276 -0.119759 1.702286 -0.261259 0.193120 0.289198
 31   1.593930 -0.264405 -2.060637 0.140839 0.374353 0.263268
 32   -0.810489 -0.093824 3.127092 -0.103391 -2.905523 -0.186420
 33   14.298673 -0.408176 0.475484 -0.000052 -0.000029 -0.483564
 34   15.835795 0.581398 0.242756 -0.343102 -0.165652 0.101828
 35   -0.815868 -0.091229 -3.114430 -0.092842 3.391212 0.085170
 36   14.294526 -0.410349 -0.463635 0.000045 0.000048 -0.228268
 37   15.834409 0.579420 -0.284600 0.205550 -0.194330 0.207106
 38   0.917022 -3.418591 -2.773030 0.072767 0.048166 0.042095
 39   -4.582746 -1.011884 -0.746180 0.034923 -0.002469 0.123121
 40   1.223573 -3.512271 3.049784 0.078134 0.037237 0.038673
 41   -4.308836 -1.102100 0.959566 0.032489 0.001942 0.122364
 42   -0.298082 1.791055 -2.192505 0.173381 0.173487 -0.047634
 43   -0.453124 1.639982 2.924066 -0.069280 0.084485 0.002467
time 95
  0   -0.178460 2.918058 2.973118 0.000000 0.000000 -1.571069
  1   -1.093036 0.000002 -0.326057 -0.681486 -1.693733 -1.212290
  2   2.262337 0.113614 0.064702 -0.015159 0.000252 -0.029757
  3   2.380047 0.353302 0.047440 0.001440 0.002261 -0.010897
  4   2.033756 0.190472 -0.000128 0.006777 0.002014 -0.066792
  5   2.451511 0.204909 -0.003447 0.018589 0.099348 0.012222
  6   7.247600 -0.397300 -0.109469 0.000001 -0.000003 0.156829
  7   -2.022252 -0.104661 3.136172 0.554065 -1.248200 -3.829708
  8   1.168026 -0.537438 -0.063437 1.240658 0.518706 0.958902
  9   6.790376 -0.619176 0.015206 -0.000102 -0.000151 -1.485277
 10   8.637599 0.544015 -0.090417 -1.619252 -0.071225 -0.574607
 11   6.790465 -0.619039 0.017802 0.002432 -0.011708 -1.054960
 12   -2.022474 -0.104699 -2.873818 -0.141552 1.078062 -3.423869
 13   1.167898 -0.537463 0.063297 -1.042884 -0.190962 0.709740
 14   7.002743 -0.617765 -0.183752 0.000115 0.000023 -1.556218
 15   8.209042 0.615527 -0.255885 1.718786 0.095949 -0.511896
 16   7.002735 -0.617911 -0.183641 0.013497 0.008439 -1.108041
 17   1.574674 0.609930 -0.000899 -0.304814 0.142199 0.304440
 18   -0.602177 0.511412 -0.000006 0.000000 0.000000 0.000000
 19   3.677679 0.177020 1.119313 -0.000002 -0.000014 -0.174510
 20   3.673767 0.176993 -1.117566 0.000007 -0.000003 -0.174546
 21   3.813447 1.330634 1.627658 0.013413 -0.095253 0.195285
 22   -0.296843 -0.011889 0.457925 -0.000011 0.000031 0.000025
 23   3.813464 1.330659 -1.631083 -0.013392 0.095268 0.195259
 24   -0.285214 -0.011872 -0.457915 -0.000005 -0.000006 0.000048
 25   4.941364 1.997338 1.629330 0.000018 -0.000001 -0.000024
 26   4.941382 1.997366 -1.629410 -0.000001 0.000005 -0.000024
 27   2.969151 1.646609 1.514501 -0.009571 0.067895 -0.296842
 28   2.971581 1.646215 -1.501142 0.009562 -0.067914 -0.296738
 29   8.824059 0.150544 0.091743 0.014711 0.215904 0.288395
 30   2.216557 -0.139291 1.710099 -0.251455 0.170482 0.281843
 31   1.613462 -0.268311 -2.045011 0.140701 0.351431 0.256627
 32   -0.810489 -0.093824 3.127092 -0.107399 -2.903804 -0.191316
 33   14.298673 -0.408176 0.475484 -0.000052 -0.000029 -0.485152
 34   15.835795 0.581398 0.242756 -0.339422 -0.164993 0.100284
 35   -0.815868 -0.091229 -3.114430 -0.095307 3.391962 0.076571
 36   14.294526 -0.410349 -0.463635 0.000045 0.000048 -0.236224
 37   15.834409 0.579420 -0.284600 0.207954 -0.194279 0.208323
 38   0.866239 -3.453749 -2.780843 0.045655 0.073858 0.047227
 39   -4.590559 -1.011884 -0.746180 0.032454 0.009144 0.129992
 40   1.309513 -3.461488 3.092754 0.049571 0.065954 0.044721
 41   -4.301023 -1.102100 0.959566 0.030524 0.012344 0.129431
 42   -0.309801 1.783242 -2.192505 0.172183 0.173794 -0.043536
 43   -0.464843 1.639982 2.931879 -0.067181 0.087733 0.004517
time 96
  0   -0.147209 2.980560 2.973118 0.000000 0.000000 -1.571069
  1   -1.093036 0.000002 -0.326057 -0.650254 -1.690862 -1.245097
  2   2.262337 0.113614 0.064702 -0.015401 0.000828 -0.029215
  3   2.380047 0.353302 0.047440 0.001290 0.002549 -0.010591
  4   2.033756 0.190472 -0.000128 0.006685 0.002169 -0.066683
  5   2.451511 0.204909 -0.003447 0.017802 0.100758 0.013708
  6   7.247600 -0.397300 -0.109469 0.000001 -0.000003 0.156829
  7   -2.022252 -0.104661 3.136172 0.554545 -1.248661 -3.829896
  8   1.168026 -0.537438 -0.063437 1.241734 0.517398 0.959155
  9   6.790376 -0.619176 0.015206 -0.000102 -0.000151 -1.485654
 10   8.637599 0.544015 -0.090417 -1.619252 -0.071225 -0.574607
 11   6.790465 -0.619039 0.017802 0.002432 -0.011708 -1.055191
 12   -2.022474 -0.104699 -2.873818 -0.141839 1.078149 -3.424252
 13   1.167898 -0.537463 0.063297 -1.044009 -0.190912 0.710648
 14   7.002743 -0.617765 -0.183752 0.000115 0.000023 -1.555888
 15   8.209042 0.615527 -0.255885 1.718786 0.095949 -0.511896
 16   7.002735 -0.617911 -0.183641 0.013497 0.008439 -1.107765
 17   1.574674 0.609930 -0.000899 -0.213499 0.112213 0.297898
 18   -0.602177 0.511412 -0.000006 0.000000 0.000000 0.000000
 19   3.673773 0.177020 1.119313 -0.000002 -0.000014 -0.174510
 20   3.673767 0.176993 -1.117566 0.000007 -0.000003 -0.174546
 21   3.813447 1.330634 1.627658 0.013413 -0.095253 0.195285
 22   -0.296843 -0.011889 0.457925 -0.000011 0.000031 0.000025
 23   3.813464 1.330659 -1.631083 -0.013392 0.095268 0.195259
 24   -0.285214 -0.011872 -0.457915 -0.000005 -0.000006 0.000048
 25   4.941364 1.997338 1.629330 0.000018 -0.000001 -0.000024
 26   4.941382 1.997366 -1.629410 -0.000001 0.000005 -0.000024
 27   2.969151 1.646609 1.514501 -0.009571 0.067895 -0.296842
 28   2.971581 1.646215 -1.508955 0.009562 -0.067914 -0.296738
 29   8.824059 0.150544 0.091743 0.016137 0.199762 0.273857
 30   2.204838 -0.151010 1.725724 -0.239929 0.145113 0.273180
 31   1.636900 -0.276124 -2.033292 0.140502 0.324519 0.248821
 32   -0.810489 -0.093824 3.127092 -0.105535 -2.903422 -0.200082
 33   14.298673 -0.408176 0.475484 -0.000052 -0.000029 -0.488090
 34   15.835795 0.581398 0.242756 -0.341837 -0.163895 0.100284
 35   -0.815868 -0.091229 -3.114430 -0.097947 3.392899 0.063150
 36   14.294526 -0.410349 -0.463635 0.000045 0.000048 -0.247579
 37   15.834409 0.579420 -0.284600 0.211894 -0.193818 0.209032
 38   0.815456 -3.485000 -2.784749 0.021954 0.096296 0.051748
 39   -4.602278 -1.004071 -0.746180 0.029997 0.019307 0.135938
 40   1.383734 -3.430237 3.131818 0.024543 0.091043 0.050098
 41   -4.289304 -1.109913 0.959566 0.028510 0.021440 0.135573
 42   -0.309801 1.779336 -2.192505 0.170864 0.174070 -0.039563
 43   -0.464843 1.639982 2.939692 -0.064982 0.091028 0.006399
time 97
  0   -0.115958 3.043062 2.973118 0.000000 0.000000 -1.571069
  1   -1.093036 0.000002 -0.326057 -0.628612 -1.689149 -1.267307
  2   2.262337 0.113614 0.064702 -0.015426 0.001343 -0.030010
  3   2.380047 0.353302 0.047440 0.001290 0.002800 -0.010999
  4   2.033756 0.190472 -0.000128 0.006722 0.002301 -0.066901
  5   2.451511 0.204909 -0.003447 0.018161 0.101776 0.012767
  6   7.247600 -0.397300 -0.109469 0.000001 -0.000003 0.156829
  7   -2.022252 -0.104661 3.136172 0.553682 -1.248863 -3.829520
  8   1.168026 -0.537438 -0.063437 1.241734 0.517398 0.959155
  9   6.790376 -0.619176 0.015206 -0.000102 -0.000151 -1.485654
 10   8.637599 0.544015 -0.090417 -1.619252 -0.071225 -0.574607
 11   6.790465 -0.619039 0.017802 0.002432 -0.011708 -1.055191
 12   -2.022474 -0.104699 -2.873818 -0.141839 1.078149 -3.424252
 13   1.167898 -0.537463 0.063297 -1.044009 -0.190912 0.710648
 14   7.002743 -0.617765 -0.183752 0.000115 0.000023 -1.555888
 15   8.209042 0.615527 -0.255885 1.718786 0.095949 -0.511896
 16   7.002735 -0.617911 -0.183641 0.013497 0.008439 -1.107765
 17   1.574674 0.609930 -0.000899 -0.164471 0.083883 0.290099
 18   -0.602177 0.511412 -0.000006 0.000000 0.000000 0.000000
 19   3.673773 0.177020 1.119313 -0.000002 -0.000014 -0.174510
 20   3.673767 0.176993 -1.117566 0.000007 -0.000003 -0.174546
 21   3.813447 1.330634 1.627658 0.013413 -0.095253 0.195285
 22   -0.296843 -0.011889 0.457925 -0.000011 0.000031 0.000025
 23   3.813464 1.330659 -1.631083 -0.013392 0.095268 0.195259
 24   -0.285214 -0.011872 -0.457915 -0.000005 -0.000006 0.000048
 25   4.941364 1.997338 1.629330 0.000018 -0.000001 -0.000024
 26   4.941382 1.997366 -1.629410 -0.000001 0.000005 -0.000024
 27   2.969151 1.646609 1.514501 -0.009571 0.067895 -0.296842
 28   2.971581 1.646215 -1.508955 0.009562 -0.067914 -0.296738
 29   8.824059 0.150544 0.091743 0.017741 0.181460 0.257226
 30   2.197025 -0.170542 1.741350 -0.226857 0.117302 0.263360
 31   1.660338 -0.276124 -2.013760 0.140226 0.293981 0.239978
 32   -0.810489 -0.093824 3.127092 -0.101340 -2.904472 -0.205945
 33   14.298673 -0.408176 0.475484 -0.000052 -0.000029 -0.490154
 34   15.835795 0.581398 0.242756 -0.346391 -0.162699 0.100990
 35   -0.815868 -0.091229 -3.114430 -0.099532 3.393367 0.054989
 36   14.294526 -0.410349 -0.463635 0.000045 0.000048 -0.254917
 37   15.834409 0.579420 -0.284600 0.214397 -0.193255 0.209996
 38   0.780299 -3.508438 -2.784749 0.002336 0.114890 0.055536
 39   -4.610091 -1.004071 -0.746180 0.027589 0.027732 0.140846
 40   1.446236 -3.398986 3.163069 0.003852 0.111831 0.054435
 41   -4.281491 -1.109913 0.959566 0.026533 0.028991 0.140621
 42   -0.321520 1.771523 -2.184692 0.169486 0.174315 -0.035799
 43   -0.476562 1.639982 2.943598 -0.062733 0.094292 0.008113
time 98
  0   -0.084707 3.043062 2.973118 0.000000 0.000000 -1.571069
  1   -1.093036 0.000002 -0.326057 -0.618550 -1.688501 -1.278001
  2   2.262337 0.113614 0.064702 -0.015426 0.001343 -0.030263
  3   2.380047 0.353302 0.047440 0.001290 0.002812 -0.011142
  4   2.033756 0.190472 -0.000128 0.006722 0.002325 -0.066901
  5   2.451511 0.204909 -0.003447 0.018161 0.102246 0.012222
  6   7.247600 -0.397300 -0.109469 0.000001 -0.000003 0.156829
  7   -2.022252 -0.104661 3.136172 0.553682 -1.248863 -3.829520
  8   1.168026 -0.537438 -0.063437 1.241734 0.517398 0.959155
  9   6.790376 -0.619176 0.015206 -0.000102 -0.000151 -1.485956
 10   8.637599 0.544015 -0.090417 -1.619252 -0.071225 -0.574607
 11   6.790465 -0.619039 0.017802 0.002432 -0.011708 -1.055364
 12   -2.022474 -0.104699 -2.873818 -0.141839 1.078149 -3.424252
 13   1.167898 -0.537463 0.063297 -1.044009 -0.190912 0.710648
 14   7.002743 -0.617765 -0.183752 0.000115 0.000023 -1.555888
 15   8.209042 0.615527 -0.255885 1.718786 0.095949 -0.511896
 16   7.002735 -0.617911 -0.183641 0.013497 0.008439 -1.107765
 17   1.574674 0.609930 -0.000899 -0.144526 0.068642 0.288288
 18   -0.602177 0.511412 -0.000006 0.000000 0.000000 0.000000
 19   3.677679 0.177020 1.119313 -0.000002 -0.000014 -0.174510
 20   3.673767 0.176993 -1.117566 0.000007 -0.000003 -0.174546
 21   3.813447 1.330634 1.627658 0.013413 -0.095253 0.195285
 22   -0.296843 -0.011889 0.457925 -0.000011 0.000031 0.000025
 23   3.813464 1.330659 -1.631083 -0.013392 0.095268 0.195259
 24   -0.285214 -0.011872 -0.457915 -0.000005 -0.000006 0.000048
 25   4.941364 1.997338 1.629330 0.000018 -0.000001 -0.000024
 26   4.941382 1.997366 -1.629410 -0.000001 0.000005 -0.000024
 27   2.969151 1.646609 1.514501 -0.009571 0.067895 -0.296842
 28   2.971581 1.646215 -1.501142 0.009562 -0.067914 -0.296738
 29   8.824059 0.150544 0.091743 0.019434 0.161259 0.238932
 30   2.185306 -0.182261 1.753069 -0.212415 0.087370 0.252488
 31   1.687683 -0.287843 -1.998135 0.139904 0.260258 0.230189
 32   -0.810489 -0.093824 3.127092 -0.100315 -2.904472 -0.208620
 33   14.298673 -0.408176 0.475484 -0.000052 -0.000029 -0.491107
 34   15.835795 0.581398 0.242756 -0.347335 -0.162040 0.101475
 35   -0.815868 -0.091229 -3.114430 -0.100500 3.393367 0.051154
 36   14.294526 -0.410349 -0.463635 0.000045 0.000048 -0.258393
 37   15.834409 0.579420 -0.284600 0.215914 -0.192436 0.210351
 38   0.749048 -3.535783 -2.792562 -0.012440 0.128965 0.058285
 39   -4.613997 -1.004071 -0.746180 0.025216 0.034108 0.144548
 40   1.497019 -3.375548 3.186507 -0.011745 0.127557 0.057857
 41   -4.277585 -1.109913 0.959566 0.024531 0.034683 0.144436
 42   -0.321520 1.759804 -2.184692 0.168048 0.174545 -0.032244
 43   -0.484375 1.636076 2.951411 -0.060434 0.097556 0.009744
time 99
  0   -0.022205 3.074313 2.973118 0.000000 0.000000 -1.571069
  1   -1.093036 0.000002 -0.326057 -0.599109 -1.687760 -1.298324
  2   2.262337 0.113614 0.064702 -0.015694 0.001858 -0.030010
  3   2.380047 0.353302 0.047440 0.001155 0.003136 -0.010999
  4   2.033756 0.190472 -0.000128 0.006648 0.002481 -0.066901
  5   2.451511 0.204909 -0.003447 0.017134 0.103225 0.012742
  6   7.247600 -0.397300 -0.109469 0.000001 -0.000003 0.156829
  7   -2.022252 -0.104661 3.136172 0.557133 -1.248863 -3.833089
  8   1.168026 -0.537438 -0.063437 1.241481 0.516140 0.958902
  9   6.790376 -0.619176 0.015206 -0.000102 -0.000151 -1.486409
 10   8.637599 0.544015 -0.090417 -1.619252 -0.071225 -0.574607
 11   6.790465 -0.619039 0.017802 0.002432 -0.011708 -1.055652
 12   -2.022474 -0.104699 -2.873818 -0.140402 1.077800 -3.423103
 13   1.167898 -0.537463 0.063297 -1.044009 -0.190912 0.710648
 14   7.002743 -0.617765 -0.183752 0.000115 0.000023 -1.555888
 15   8.209042 0.615527 -0.255885 1.718786 0.095949 -0.511896
 16   7.002735 -0.617911 -0.183641 0.013497 0.008439 -1.107765
 17   1.574674 0.609930 -0.000899 -0.113696 0.049969 0.290543
 18   -0.602177 0.511412 -0.000006 0.000000 0.000000 0.000000
 19   3.673773 0.177020 1.119313 -0.000002 -0.000014 -0.174510
 20   3.673767 0.176993 -1.117566 0.000007 -0.000003 -0.174546
 21   3.813447 1.330634 1.627658 0.013413 -0.095253 0.195285
 22   -0.296843 -0.011889 0.457925 -0.000011 0.000031 0.000025
 23   3.813464 1.330659 -1.631083 -0.013392 0.095268 0.195259
 24   -0.285214 -0.011872 -0.457915 -0.000005 -0.000006 0.000048
 25   4.941364 1.997338 1.629330 0.000018 -0.000001 -0.000024
 26   4.941382 1.997366 -1.629410 -0.000001 0.000005 -0.000024
 27   2.969151 1.646609 1.514501 -0.009571 0.067895 -0.296842
 28   2.971581 1.646215 -1.508955 0.009562 -0.067914 -0.296738
 29   8.824059 0.150544 0.091743 0.021306 0.139396 0.219028
 30   2.173587 -0.201793 1.772601 -0.196794 0.055608 0.240716
 31   1.722840 -0.295656 -1.978603 0.139475 0.223737 0.219581
 32   -0.810489 -0.093824 3.127092 -0.098637 -2.905332 -0.213743
 33   14.298673 -0.408176 0.475484 -0.000052 -0.000029 -0.493727
 34   15.835795 0.581398 0.242756 -0.349221 -0.160405 0.101828
 35   -0.815868 -0.091229 -3.114430 -0.102172 3.393367 0.043979
 36   14.294526 -0.410349 -0.463635 0.000045 0.000048 -0.265268
 37   15.834409 0.579420 -0.284600 0.217963 -0.191233 0.210706
 38   0.729516 -3.547502 -2.792562 -0.021870 0.137895 0.060118
 39   -4.613997 -1.004071 -0.746180 0.022915 0.038159 0.146876
 40   1.520457 -3.356016 3.206039 -0.021702 0.137522 0.059995
 41   -4.277585 -1.109913 0.959566 0.022602 0.038303 0.146848
 42   -0.329333 1.759804 -2.184692 0.166502 0.174760 -0.028857
 43   -0.484375 1.636076 2.955317 -0.058085 0.100804 0.011166
time 100
  0   0.083267 3.140721 2.973118 0.000000 0.000000 -1.571069
  1   -1.093036 0.000002 -0.326057 -0.574428 -1.688223 -1.324937
  2   2.262337 0.113614 0.064702 -0.015694 0.002434 -0.029233
  3   2.380047 0.353302 0.047440 0.001155 0.003412 -0.010591
  4   2.033756 0.190472 -0.000128 0.006648 0.002613 -0.066611
  5   2.451511 0.204909 -0.003447 0.017802 0.104675 0.015194
  6   7.247600 -0.397300 -0.109469 0.000001 -0.000003 0.156829
  7   -2.022252 -0.104661 3.136172 0.555599 -1.249209 -3.831492
  8   1.168026 -0.537438 -0.063437 1.241481 0.515436 0.958775
  9   6.790376 -0.619176 0.015206 -0.000102 -0.000151 -1.486409
 10   8.637599 0.544015 -0.090417 -1.619252 -0.071225 -0.574607
 11   6.790465 -0.619039 0.017802 0.002432 -0.011708 -1.055652
 12   -2.022474 -0.104699 -2.873818 -0.141744 1.077539 -3.424252
 13   1.167898 -0.537463 0.063297 -1.045274 -0.190301 0.711919
 14   7.002743 -0.617765 -0.183752 0.000115 0.000023 -1.555888
 15   8.209042 0.615527 -0.255885 1.718786 0.095949 -0.511896
 16   7.002735 -0.617911 -0.183641 0.013497 0.008439 -1.107765
 17   1.574674 0.609930 -0.000899 -0.100860 0.049685 0.300448
 18   -0.602177 0.511412 -0.000006 0.000000 0.000000 0.000000
 19   3.677679 0.177020 1.119313 -0.000002 -0.000014 -0.174510
 20   3.673767 0.176993 -1.117566 0.000007 -0.000003 -0.174546
 21   3.813447 1.330634 1.627658 0.013413 -0.095253 0.195285
 22   -0.296843 -0.011889 0.457925 -0.000011 0.000031 0.000025
 23   3.813464 1.330659 -1.631083 -0.013392 0.095268 0.195259
 24   -0.285214 -0.011872 -0.457915 -0.000005 -0.000006 0.000048
 25   4.941364 1.997338 1.629330 0.000018 -0.000001 -0.000024
 26   4.941382 1.997366 -1.629410 -0.000001 0.000005 -0.000024
 27   2.969151 1.646609 1.514501 -0.009571 0.067895 -0.296842
 28   2.971581 1.646215 -1.508955 0.009562 -0.067914 -0.296738
 29   8.824059 0.150544 0.091743 0.023266 0.116061 0.197945
 30   2.161868 -0.225231 1.784320 -0.180142 0.022276 0.228151
 31   1.754091 -0.299562 -1.959071 0.138985 0.184807 0.208282
 32   -0.810489 -0.093824 3.127092 -0.091833 -2.905618 -0.221370
 33   14.298673 -0.408176 0.475484 -0.000052 -0.000029 -0.498094
 34   15.835795 0.581398 0.242756 -0.356742 -0.157306 0.103989
 35   -0.815868 -0.091229 -3.114430 -0.104372 3.393836 0.034393
 36   14.294526 -0.410349 -0.463635 0.000045 0.000048 -0.274151
 37   15.834409 0.579420 -0.284600 0.220169 -0.188187 0.211872
 38   0.725610 -3.547502 -2.796468 -0.025175 0.141016 0.060729
 39   -4.613997 -1.004071 -0.746180 0.020697 0.039549 0.147661
 40   1.536083 -3.356016 3.209945 -0.025175 0.141005 0.060728
 41   -4.277585 -1.109913 0.959566 0.020696 0.039561 0.147661
 42   -0.333239 1.748085 -2.184692 0.164860 0.174959 -0.025636
 43   -0.496094 1.636076 2.963130 -0.055699 0.104005 0.012505
time 101
  0   0.114518 3.132908 2.973118 0.000000 0.000000 -1.571069
  1   -1.093036 0.000002 -0.326057 -0.567406 -1.688871 -1.332292
  2   2.262337 0.113614 0.064702 -0.015452 0.002446 -0.028962
  3   2.380047 0.353302 0.047440 0.001305 0.003412 -0.010387
  4   2.033756 0.190472 -0.000128 0.006722 0.002637 -0.066538
  5   2.451511 0.204909 -0.003447 0.018298 0.105158 0.015714
  6   7.247600 -0.397300 -0.109469 0.000001 -0.000003 0.156829
  7   -2.022252 -0.104661 3.136172 0.556270 -1.249584 -3.832150
  8   1.168026 -0.537438 -0.063437 1.242177 0.515033 0.959028
  9   6.790376 -0.619176 0.015206 -0.000102 -0.000151 -1.486786
 10   8.637599 0.544015 -0.090417 -1.619252 -0.071225 -0.574607
 11   6.790465 -0.619039 0.017802 0.002432 -0.011708 -1.055941
 12   -2.022474 -0.104699 -2.873818 -0.141552 1.077336 -3.423869
 13   1.167898 -0.537463 0.063297 -1.045274 -0.190301 0.711919
 14   7.002743 -0.617765 -0.183752 0.000115 0.000023 -1.555888
 15   8.209042 0.615527 -0.255885 1.718786 0.095949 -0.511896
 16   7.002735 -0.617911 -0.183641 0.013497 0.008439 -1.107765
 17   1.574674 0.609930 -0.000899 -0.100657 0.050608 0.301483
 18   -0.602177 0.511412 -0.000006 0.000000 0.000000 0.000000
 19   3.677679 0.177020 1.119313 -0.000002 -0.000014 -0.174510
 20   3.673767 0.176993 -1.117566 0.000007 -0.000003 -0.174546
 21   3.813447 1.330634 1.627658 0.013413 -0.095253 0.195285
 22   -0.296843 -0.011889 0.457925 -0.000011 0.000031 0.000025
 23   3.813464 1.330659 -1.631083 -0.013392 0.095268 0.195259
 24   -0.285214 -0.011872 -0.457915 -0.000005 -0.000006 0.000048
 25   4.941364 1.997338 1.629330 0.000018 -0.000001 -0.000024
 26   4.941382 1.997366 -1.629410 -0.000001 0.000005 -0.000024
 27   2.969151 1.646609 1.514501 -0.009571 0.067895 -0.296842
 28   2.971581 1.646215 -1.508955 0.009562 -0.067914 -0.296738
 29   8.824059 0.150544 0.091743 0.025405 0.091564 0.175681
 30   2.142336 -0.248669 1.792133 -0.162622 -0.012248 0.214921
 31   1.793155 -0.311281 -1.935633 0.138372 0.143857 0.196364
 32   -0.810489 -0.093824 3.127092 -0.089689 -2.906191 -0.223704
 33   14.298673 -0.408176 0.475484 -0.000052 -0.000029 -0.499682
 34   15.835795 0.581398 0.242756 -0.359618 -0.156525 0.104518
 35   -0.815868 -0.091229 -3.114430 -0.103844 3.393367 0.031435
 36   14.294526 -0.410349 -0.463635 0.000045 0.000048 -0.277627
 37   15.834409 0.579420 -0.284600 0.219697 -0.187189 0.212582
 38   0.725610 -3.547502 -2.804281 -0.024964 0.140594 0.059202
 39   -4.613997 -1.004071 -0.746180 0.018600 0.039274 0.146595
 40   1.536083 -3.356016 3.217758 -0.024964 0.140583 0.059201
 41   -4.277585 -1.109913 0.959566 0.018863 0.039274 0.146595
 42   -0.341052 1.740272 -2.180786 0.163158 0.175128 -0.022583
 43   -0.496094 1.636076 2.967036 -0.053275 0.107159 0.013676
time 102
  0   0.188739 3.171972 2.977025 0.000000 0.000000 -1.571069
  1   -1.093036 0.000002 -0.326057 -0.555615 -1.688825 -1.346131
  2   2.262337 0.113614 0.064702 -0.014917 0.002985 -0.029233
  3   2.380047 0.353302 0.047440 0.001605 0.003663 -0.010550
  4   2.033756 0.190472 -0.000128 0.006851 0.002769 -0.066611
  5   2.451511 0.204909 -0.003447 0.019770 0.105654 0.015367
  6   7.247600 -0.397300 -0.109469 0.000001 -0.000003 0.156829
  7   -2.022252 -0.104661 3.136172 0.555408 -1.249872 -3.831211
  8   1.168026 -0.537438 -0.063437 1.241544 0.514782 0.958459
  9   6.790376 -0.619176 0.015206 -0.000102 -0.000151 -1.486786
 10   8.637599 0.544015 -0.090417 -1.619252 -0.071225 -0.574607
 11   6.790465 -0.619039 0.017802 0.002432 -0.011708 -1.055941
 12   -2.022474 -0.104699 -2.873818 -0.142510 1.077220 -3.425113
 13   1.167898 -0.537463 0.063297 -1.045274 -0.190301 0.711919
 14   7.002743 -0.617765 -0.183752 0.000115 0.000023 -1.555888
 15   8.209042 0.615527 -0.255885 1.718786 0.095949 -0.511896
 16   7.002735 -0.617911 -0.183641 0.013497 0.008439 -1.107765
 17   1.574674 0.609930 -0.000899 -0.093711 0.049543 0.302925
 18   -0.602177 0.511412 -0.000006 0.000000 0.000000 0.000000
 19   3.677679 0.177020 1.119313 -0.000002 -0.000014 -0.174510
 20   3.673767 0.176993 -1.117566 0.000007 -0.000003 -0.174546
 21   3.813447 1.330634 1.627658 0.013413 -0.095253 0.195285
 22   -0.296843 -0.011889 0.457925 -0.000011 0.000031 0.000025
 23   3.813464 1.330659 -1.631083 -0.013392 0.095268 0.195259
 24   -0.285214 -0.011872 -0.457915 -0.000005 -0.000006 0.000048
 25   4.941364 1.997338 1.629330 0.000018 -0.000001 -0.000024
 26   4.941382 1.997366 -1.629410 -0.000001 0.000005 -0.000024
 27   2.969151 1.646609 1.514501 -0.009571 0.067895 -0.296842
 28   2.971581 1.646215 -1.508955 0.009562 -0.067914 -0.296738
 29   8.824059 0.150544 0.091743 0.027544 0.066093 0.152505
 30   2.130617 -0.276014 1.803852 -0.144438 -0.047818 0.201155
 31   1.828312 -0.319094 -1.908288 0.137667 0.101326 0.183936
 32   -0.810489 -0.093824 3.127092 -0.087359 -2.906860 -0.227404
 33   14.298673 -0.408176 0.475484 -0.000052 -0.000029 -0.502699
 34   15.835795 0.581398 0.242756 -0.363206 -0.154109 0.106503
 35   -0.815868 -0.091229 -3.114430 -0.097595 3.391775 0.025574
 36   14.294526 -0.410349 -0.463635 0.000045 0.000048 -0.284502
 37   15.834409 0.579420 -0.284600 0.212880 -0.184220 0.214965
 38   0.729516 -3.547502 -2.804281 -0.024417 0.139389 0.054925
 39   -4.613997 -1.004071 -0.746180 0.016647 0.038459 0.143538
 40   1.528270 -3.356016 3.217758 -0.024417 0.139378 0.054924
 41   -4.277585 -1.109913 0.959566 0.017077 0.038459 0.143538
 42   -0.344958 1.736366 -2.180786 0.161373 0.175281 -0.019740
 43   -0.507813 1.636076 2.974849 -0.050851 0.110266 0.014763
time 103
  0   0.286398 3.203223 2.977025 0.000000 0.000000 -1.571069
  1   -1.093036 0.000002 -0.326057 -0.549327 -1.689149 -1.355131
  2   2.262337 0.113614 0.064702 -0.014649 0.003249 -0.030010
  3   2.380047 0.353302 0.047440 0.001740 0.003855 -0.010999
  4   2.033756 0.190472 -0.000128 0.006943 0.002804 -0.066901
  5   2.451511 0.204909 -0.003447 0.020147 0.106698 0.013386
  6   7.247600 -0.397300 -0.109469 0.000001 -0.000003 0.156829
  7   -2.022252 -0.104661 3.136172 0.555599 -1.249872 -3.831398
  8   1.168026 -0.537438 -0.063437 1.240658 0.515889 0.957447
  9   6.790376 -0.619176 0.015206 -0.000102 -0.000151 -1.487088
 10   8.637599 0.544015 -0.090417 -1.619252 -0.071225 -0.574607
 11   6.790465 -0.619039 0.017802 0.002432 -0.011708 -1.056113
 12   -2.022474 -0.104699 -2.873818 -0.142797 1.077017 -3.424922
 13   1.167898 -0.537463 0.063297 -1.044782 -0.190962 0.711011
 14   7.002743 -0.617765 -0.183752 0.000115 0.000023 -1.555888
 15   8.209042 0.615527 -0.255885 1.718786 0.095949 -0.511896
 16   7.002735 -0.617911 -0.183641 0.013450 0.008439 -1.107765
 17   1.574674 0.609930 -0.000899 -0.081037 0.048265 0.310502
 18   -0.602177 0.511412 -0.000006 0.000000 0.000000 0.000000
 19   3.673773 0.177020 1.119313 -0.000002 -0.000014 -0.174510
 20   3.673767 0.176993 -1.117566 0.000007 -0.000003 -0.174546
 21   3.813447 1.330634 1.627658 0.013413 -0.095253 0.195285
 22   -0.296843 -0.011889 0.457925 -0.000011 0.000031 0.000025
 23   3.813464 1.330659 -1.631083 -0.013392 0.095268 0.195259
 24   -0.285214 -0.011872 -0.457915 -0.000005 -0.000006 0.000048
 25   4.941364 1.997338 1.629330 0.000018 -0.000001 -0.000024
 26   4.941382 1.997366 -1.629410 -0.000001 0.000005 -0.000024
 27   2.969151 1.646609 1.514501 -0.009571 0.067895 -0.296842
 28   2.971581 1.646215 -1.501142 0.009562 -0.067914 -0.296738
 29   8.824059 0.150544 0.091743 0.029683 0.039910 0.128739
 30   2.111085 -0.299452 1.815571 -0.125725 -0.084027 0.186981
 31   1.859563 -0.330813 -1.884850 0.136855 0.057631 0.171181
 32   -0.810489 -0.093824 3.127092 -0.087732 -2.907146 -0.229453
 33   14.298673 -0.408176 0.475484 -0.000052 -0.000029 -0.505240
 34   15.835795 0.581398 0.242756 -0.365598 -0.151742 0.107694
 35   -0.815868 -0.091229 -3.114430 -0.091082 3.389994 0.021356
 36   14.294526 -0.410349 -0.463635 0.000045 0.000048 -0.289368
 37   15.834409 0.579420 -0.284600 0.204073 -0.180918 0.216841
 38   0.737329 -3.539689 -2.804281 -0.023470 0.137449 0.048021
 39   -4.610091 -1.004071 -0.746180 0.014789 0.037152 0.138714
 40   1.520457 -3.359922 3.217758 -0.023470 0.137438 0.048020
 41   -4.281491 -1.109913 0.959566 0.015375 0.037152 0.138714
 42   -0.352771 1.728553 -2.180786 0.159503 0.175419 -0.017021
 43   -0.507813 1.636076 2.982662 -0.048415 0.113310 0.015725
time 104
  0   0.423121 3.203223 2.977025 0.000000 0.000000 -1.571069
  1   -1.093036 0.000002 -0.326057 -0.549746 -1.690862 -1.360841
  2   2.262337 0.113614 0.064702 -0.015184 0.003237 -0.031347
  3   2.380047 0.353302 0.047440 0.001455 0.003867 -0.011713
  4   2.033756 0.190472 -0.000128 0.006814 0.002852 -0.067191
  5   2.451511 0.204909 -0.003447 0.018880 0.107168 0.010439
  6   7.247600 -0.397300 -0.109469 0.000001 -0.000003 0.156829
  7   -2.022252 -0.104661 3.136172 0.556270 -1.250045 -3.832056
  8   1.168026 -0.537438 -0.063437 1.240152 0.515989 0.957194
  9   6.790376 -0.619176 0.015206 -0.000102 -0.000151 -1.487088
 10   8.637599 0.544015 -0.090417 -1.619252 -0.071225 -0.574607
 11   6.790465 -0.619039 0.017802 0.002432 -0.011708 -1.056113
 12   -2.022474 -0.104699 -2.873818 -0.142318 1.076581 -3.424539
 13   1.167898 -0.537463 0.063297 -1.043587 -0.191674 0.710406
 14   7.002743 -0.617765 -0.183752 0.000115 0.000023 -1.555888
 15   8.209042 0.615527 -0.255885 1.718786 0.095949 -0.511896
 16   7.002735 -0.617911 -0.183641 0.013450 0.008439 -1.107765
 17   1.574674 0.609930 -0.000899 -0.058777 0.038183 0.318411
 18   -0.602177 0.511412 -0.000006 0.000000 0.000000 0.000000
 19   3.673773 0.177020 1.119313 -0.000002 -0.000014 -0.174510
 20   3.673767 0.176993 -1.117566 0.000007 -0.000003 -0.174546
 21   3.813447 1.330634 1.627658 0.013413 -0.095253 0.195285
 22   -0.296843 -0.011889 0.457925 -0.000011 0.000031 0.000025
 23   3.813464 1.330659 -1.631083 -0.013392 0.095268 0.195259
 24   -0.285214 -0.011872 -0.457915 -0.000005 -0.000006 0.000048
 25   4.941364 1.997338 1.629330 0.000018 -0.000001 -0.000024
 26   4.941382 1.997366 -1.629410 -0.000001 0.000005 -0.000024
 27   2.969151 1.646609 1.514501 -0.009571 0.067895 -0.296842
 28   2.971581 1.646215 -1.508955 0.009562 -0.067914 -0.296738
 29   8.824059 0.150544 0.091743 0.031911 0.013205 0.104543
 30   2.103272 -0.318984 1.835103 -0.106673 -0.120584 0.172529
 31   1.902533 -0.342532 -1.861412 0.135936 0.013080 0.158153
 32   -0.810489 -0.093824 3.127092 -0.091833 -2.909630 -0.228998
 33   14.298673 -0.408176 0.475484 -0.000052 -0.000029 -0.505240
 34   15.835795 0.581398 0.242756 -0.368381 -0.147593 0.108179
 35   -0.815868 -0.091229 -3.114430 -0.084569 3.385685 0.020699
 36   14.294526 -0.410349 -0.463635 0.000045 0.000048 -0.288905
 37   15.834409 0.579420 -0.284600 0.191700 -0.175978 0.216841
 38   0.741235 -3.539689 -2.804281 -0.022144 0.134858 0.039040
 39   -4.602278 -1.004071 -0.746180 0.013039 0.035438 0.132320
 40   1.516551 -3.363829 3.221664 -0.022144 0.134835 0.039039
 41   -4.289304 -1.109913 0.959566 0.013745 0.035438 0.132320
 42   -0.360584 1.724647 -2.180786 0.157537 0.175557 -0.014512
 43   -0.519532 1.636076 2.986568 -0.045991 0.116260 0.016561
time 105
  0   0.591095 3.214942 3.016088 0.000000 0.000000 -1.571069
  1   -1.093036 0.000002 -0.326057 -0.574690 -1.693455 -1.342018
  2   2.262337 0.113614 0.064702 -0.015210 0.003464 -0.031908
  3   2.380047 0.353302 0.047440 0.001455 0.004023 -0.011999
  4   2.033756 0.190472 -0.000128 0.006777 0.002912 -0.067336
  5   2.451511 0.204909 -0.003447 0.018880 0.107690 0.008433
  6   7.247600 -0.397300 -0.109469 0.000001 -0.000003 0.156829
  7   -2.022252 -0.104661 3.136172 0.555599 -1.250247 -3.831774
  8   1.168026 -0.537438 -0.063437 1.239266 0.516140 0.956245
  9   6.790376 -0.619176 0.015206 -0.000102 -0.000151 -1.487390
 10   8.637599 0.544015 -0.090417 -1.619252 -0.071225 -0.574607
 11   6.790465 -0.619039 0.017802 0.002432 -0.011708 -1.056460
 12   -2.022474 -0.104699 -2.873818 -0.141552 1.076320 -3.423869
 13   1.167898 -0.537463 0.063297 -1.042884 -0.192081 0.709861
 14   7.002743 -0.617765 -0.183752 0.000115 0.000023 -1.555888
 15   8.209042 0.615527 -0.255885 1.718786 0.095949 -0.511896
 16   7.002735 -0.617911 -0.183641 0.013497 0.008439 -1.107765
 17   1.574674 0.609930 -0.000899 -0.049760 0.028101 0.328650
 18   -0.602177 0.511412 -0.000006 0.000000 0.000000 0.000000
 19   3.673773 0.177020 1.119313 -0.000002 -0.000014 -0.174510
 20   3.673767 0.176993 -1.117566 0.000007 -0.000003 -0.174546
 21   3.813447 1.330634 1.627658 0.013413 -0.095253 0.195285
 22   -0.296843 -0.011889 0.457925 -0.000011 0.000031 0.000025
 23   3.813464 1.330659 -1.631083 -0.013392 0.095268 0.195259
 24   -0.285214 -0.011872 -0.457915 -0.000005 -0.000006 0.000048
 25   4.941364 1.997338 1.629330 0.000018 -0.000001 -0.000024
 26   4.941382 1.997366 -1.629410 -0.000001 0.000005 -0.000024
 27   2.969151 1.646609 1.514501 -0.009571 0.067895 -0.296842
 28   2.971581 1.646215 -1.508955 0.009562 -0.067914 -0.296738
 29   8.824059 0.150544 0.091743 0.034139 -0.013667 0.080133
 30   2.091553 -0.342422 1.846822 -0.087458 -0.157229 0.157927
 31   1.941597 -0.350345 -1.845786 0.134863 -0.031807 0.144998
 32   -0.810489 -0.093824 3.127092 -0.095748 -2.912972 -0.225184
 33   14.298673 -0.408176 0.475484 -0.000052 -0.000029 -0.507304
 34   15.835795 0.581398 0.242756 -0.371809 -0.142859 0.111442
 35   -0.815868 -0.091229 -3.114430 -0.082457 3.380625 0.019330
 36   14.294526 -0.410349 -0.463635 0.000045 0.000048 -0.295316
 37   15.834409 0.579420 -0.284600 0.184173 -0.170424 0.218869
 38   0.749048 -3.527970 -2.808187 -0.020439 0.131640 0.028166
 39   -4.590559 -1.011884 -0.746180 0.011409 0.033377 0.124607
 40   1.508738 -3.375548 3.221664 -0.020439 0.131654 0.028165
 41   -4.301023 -1.102100 0.959566 0.012199 0.033377 0.124607
 42   -0.364490 1.716834 -2.180786 0.155500 0.175680 -0.012170
 43   -0.519532 1.636076 2.994381 -0.043567 0.119116 0.017314
time 106
  0   0.688754 3.214942 3.016088 0.000000 0.000000 -1.571069
  1   -1.093036 0.000002 -0.326057 -0.589205 -1.694937 -1.329921
  2   2.262337 0.113614 0.064702 -0.015210 0.003464 -0.031908
  3   2.380047 0.353302 0.047440 0.001455 0.004023 -0.011999
  4   2.033756 0.190472 -0.000128 0.006777 0.002924 -0.067336
  5   2.451511 0.204909 -0.003447 0.019325 0.107690 0.008507
  6   7.247600 -0.397300 -0.109469 0.000001 -0.000003 0.156829
  7   -2.022252 -0.104661 3.136172 0.557612 -1.250391 -3.833934
  8   1.168026 -0.537438 -0.063437 1.238380 0.516543 0.955296
  9   6.790376 -0.619176 0.015206 -0.000102 -0.000151 -1.487390
 10   8.637599 0.544015 -0.090417 -1.619252 -0.071225 -0.574607
 11   6.790465 -0.619039 0.017802 0.002432 -0.011708 -1.056460
 12   -2.022474 -0.104699 -2.873818 -0.142031 1.075449 -3.424539
 13   1.167898 -0.537463 0.063297 -1.042884 -0.192081 0.709861
 14   7.002743 -0.617765 -0.183752 0.000115 0.000023 -1.555888
 15   8.209042 0.615527 -0.255885 1.718786 0.095949 -0.511896
 16   7.002735 -0.617911 -0.183641 0.013497 0.008439 -1.107765
 17   1.574674 0.609930 -0.000899 -0.047566 0.025971 0.334896
 18   -0.602177 0.511412 -0.000006 0.000000 0.000000 0.000000
 19   3.677679 0.177020 1.119313 -0.000002 -0.000014 -0.174510
 20   3.673767 0.176993 -1.117566 0.000007 -0.000003 -0.174546
 21   3.813447 1.330634 1.627658 0.013413 -0.095253 0.195285
 22   -0.296843 -0.011889 0.457925 -0.000011 0.000031 0.000025
 23   3.813464 1.330659 -1.631083 -0.013392 0.095268 0.195259
 24   -0.285214 -0.011872 -0.457915 -0.000005 -0.000006 0.000048
 25   4.941364 1.997338 1.629330 0.000018 -0.000001 -0.000024
 26   4.941382 1.997366 -1.629410 -0.000001 0.000005 -0.000024
 27   2.969151 1.646609 1.514501 -0.009571 0.067895 -0.296842
 28   2.971581 1.646215 -1.508955 0.009562 -0.067914 -0.296738
 29   8.824059 0.150544 0.091743 0.036367 -0.040562 0.055724
 30   2.072021 -0.369767 1.858541 -0.068216 -0.193613 0.143303
 31   1.976754 -0.362064 -1.822348 0.133668 -0.076694 0.131806
 32   -0.810489 -0.093824 3.127092 -0.096121 -2.915455 -0.224273
 33   14.298673 -0.408176 0.475484 -0.000052 -0.000029 -0.509289
 34   15.835795 0.581398 0.242756 -0.374201 -0.139345 0.113515
 35   -0.815868 -0.091229 -3.114430 -0.081929 3.377347 0.018179
 36   14.294526 -0.410349 -0.463635 0.000045 0.000048 -0.300800
 37   15.834409 0.579420 -0.284600 0.181514 -0.166252 0.220390
 38   0.760767 -3.524064 -2.808187 -0.018334 0.127917 0.015702
 39   -4.582746 -1.011884 -0.746180 0.009899 0.031004 0.115773
 40   1.497019 -3.379454 3.229477 -0.018334 0.127906 0.015701
 41   -4.308836 -1.102100 0.959566 0.010725 0.031004 0.115773
 42   -0.372303 1.709021 -2.180786 0.153403 0.175772 -0.009995
 43   -0.527345 1.636076 2.994381 -0.041143 0.121893 0.017983
time 107
  0   0.919230 3.214942 3.016088 0.000000 0.000000 -1.571069
  1   -1.093036 0.000002 -0.326057 -0.615249 -1.697947 -1.305340
  2   2.262337 0.113614 0.064702 -0.014917 0.003237 -0.031908
  3   2.380047 0.353302 0.047440 0.001590 0.003879 -0.011999
  4   2.033756 0.190472 -0.000128 0.006851 0.002900 -0.067336
  5   2.451511 0.204909 -0.003447 0.019873 0.108200 0.008532
  6   7.247600 -0.397300 -0.109469 0.000001 -0.000003 0.156829
  7   -2.022252 -0.104661 3.136172 0.556558 -1.250708 -3.832807
  8   1.168026 -0.537438 -0.063437 1.238380 0.516543 0.955296
  9   6.790376 -0.619176 0.015206 -0.000102 -0.000151 -1.487390
 10   8.637599 0.544015 -0.090417 -1.619252 -0.071225 -0.574607
 11   6.790465 -0.619039 0.017802 0.002461 -0.011708 -1.056460
 12   -2.022474 -0.104699 -2.873818 -0.142893 1.075246 -3.425305
 13   1.167898 -0.537463 0.063297 -1.042884 -0.192081 0.709861
 14   7.002743 -0.617765 -0.183752 0.000115 0.000023 -1.555558
 15   8.209042 0.615527 -0.255885 1.718786 0.095949 -0.511896
 16   7.002735 -0.617911 -0.183641 0.013497 0.008439 -1.107489
 17   1.574674 0.609930 -0.000899 -0.046429 0.026752 0.345689
 18   -0.602177 0.511412 -0.000006 0.000000 0.000000 0.000000
 19   3.677679 0.177020 1.119313 -0.000002 -0.000014 -0.174510
 20   3.673767 0.176993 -1.117566 0.000007 -0.000003 -0.174546
 21   3.813447 1.330634 1.627658 0.013413 -0.095253 0.195285
 22   -0.296843 -0.011889 0.457925 -0.000011 0.000031 0.000025
 23   3.813464 1.330659 -1.631083 -0.013392 0.095268 0.195259
 24   -0.285214 -0.011872 -0.457915 -0.000005 -0.000006 0.000048
 25   4.941364 1.997338 1.629330 0.000018 -0.000001 -0.000024
 26   4.941382 1.997366 -1.629410 -0.000001 0.000005 -0.000024
 27   2.969151 1.646609 1.514501 -0.009571 0.067895 -0.296842
 28   2.971581 1.646215 -1.508955 0.009562 -0.067914 -0.296738
 29   8.824059 0.150544 0.091743 0.038595 -0.067220 0.031582
 30   2.060302 -0.393205 1.870260 -0.049164 -0.229531 0.128765
 31   2.015818 -0.373783 -1.802816 0.132335 -0.121245 0.118669
 32   -0.810489 -0.093824 3.127092 -0.095375 -2.921950 -0.223590
 33   14.298673 -0.408176 0.475484 -0.000052 -0.000029 -0.513418
 34   15.835795 0.581398 0.242756 -0.377927 -0.132048 0.116867
 35   -0.815868 -0.091229 -3.114430 -0.080168 3.370695 0.014071
 36   14.294526 -0.410349 -0.463635 0.000045 0.000048 -0.311692
 37   15.834409 0.579420 -0.284600 0.179130 -0.158778 0.222621
 38   0.772486 -3.508438 -2.816000 -0.015850 0.123699 0.001956
 39   -4.571027 -1.015790 -0.746180 0.008497 0.028403 0.106069
 40   1.485300 -3.391173 3.229477 -0.015850 0.123700 0.001955
 41   -4.316648 -1.098194 0.959566 0.009335 0.028403 0.106069
 42   -0.376209 1.705115 -2.180786 0.151210 0.175833 -0.007988
 43   -0.531251 1.636076 3.006100 -0.038782 0.124545 0.018569
time 108
  0   1.216114 3.226661 3.043433 0.000000 0.000000 -1.571069
  1   -1.093036 0.000002 -0.326057 -0.641555 -1.700308 -1.278291
  2   2.262337 0.113614 0.064702 -0.014649 0.003237 -0.031908
  3   2.380047 0.353302 0.047440 0.001740 0.003867 -0.011999
  4   2.033756 0.190472 -0.000128 0.006906 0.002888 -0.067336
  5   2.451511 0.204909 -0.003447 0.020352 0.108683 0.008532
  6   7.247600 -0.397300 -0.109469 0.000001 -0.000003 0.156829
  7   -2.022252 -0.104661 3.136172 0.556558 -1.251284 -3.832995
  8   1.168026 -0.537438 -0.063437 1.238380 0.516140 0.955739
  9   6.790376 -0.619176 0.015206 -0.000102 -0.000151 -1.487390
 10   8.637599 0.544015 -0.090417 -1.619252 -0.071225 -0.574607
 11   6.790465 -0.619039 0.017802 0.002461 -0.011708 -1.056460
 12   -2.022474 -0.104699 -2.873818 -0.142702 1.074753 -3.425113
 13   1.167898 -0.537463 0.063297 -1.042884 -0.192081 0.709861
 14   7.002743 -0.617765 -0.183752 0.000115 0.000023 -1.555558
 15   8.209042 0.615527 -0.255885 1.718786 0.095949 -0.511896
 16   7.002735 -0.617911 -0.183641 0.013497 0.008439 -1.107489
 17   1.574674 0.609930 -0.000899 -0.049435 0.030018 0.353266
 18   -0.602177 0.511412 -0.000006 0.000000 0.000000 0.000000
 19   3.673773 0.177020 1.119313 -0.000002 -0.000014 -0.174510
 20   3.673767 0.176993 -1.117566 0.000007 -0.000003 -0.174546
 21   3.813447 1.330634 1.627658 0.013413 -0.095253 0.195285
 22   -0.296843 -0.011889 0.457925 -0.000011 0.000031 0.000025
 23   3.813464 1.330659 -1.631083 -0.013392 0.095268 0.195259
 24   -0.285214 -0.011872 -0.457915 -0.000005 -0.000006 0.000048
 25   4.941364 1.997338 1.629330 0.000018 -0.000001 -0.000024
 26   4.941382 1.997366 -1.629410 -0.000001 0.000005 -0.000024
 27   2.969151 1.646609 1.514501 -0.009571 0.067895 -0.296842
 28   2.971581 1.646215 -1.501142 0.009562 -0.067914 -0.296738
 29   8.824059 0.150544 0.091743 0.040734 -0.093403 0.007816
 30   2.040770 -0.416643 1.885886 -0.030451 -0.264607 0.114441
 31   2.050975 -0.385502 -1.779378 0.130818 -0.164966 0.105750
 32   -0.810489 -0.093824 3.127092 -0.093697 -2.929972 -0.224103
 33   14.298673 -0.408176 0.475484 -0.000052 -0.000029 -0.515800
 34   15.835795 0.581398 0.242756 -0.381032 -0.122970 0.119337
 35   -0.815868 -0.091229 -3.114430 -0.077264 3.362450 0.010620
 36   14.294526 -0.410349 -0.463635 0.000045 0.000048 -0.320111
 37   15.834409 0.579420 -0.284600 0.177534 -0.149794 0.223990
 38   0.792018 -3.496719 -2.816000 -0.012966 0.119096 -0.012462
 39   -4.559308 -1.023603 -0.746180 0.007227 0.025623 0.095692
 40   1.465768 -3.406799 3.229477 -0.012966 0.119085 -0.012463
 41   -4.332274 -1.090381 0.959566 0.008029 0.025623 0.095692
 42   -0.384022 1.705115 -2.176879 0.148921 0.175925 -0.006106
 43   -0.539064 1.636076 3.006100 -0.036433 0.127055 0.019029
time 109
  0   1.712223 3.226661 3.074684 0.000000 0.000000 -1.571069
  1   -1.093036 0.000002 -0.326057 -0.680281 -1.702392 -1.237113
  2   2.262337 0.113614 0.064702 -0.014114 0.002973 -0.031908
  3   2.380047 0.353302 0.047440 0.002025 0.003687 -0.011999
  4   2.033756 0.190472 -0.000128 0.007072 0.002793 -0.067336
  5   2.451511 0.204909 -0.003447 0.021345 0.108722 0.008631
  6   7.247600 -0.397300 -0.109469 0.000001 -0.000003 0.156829
  7   -2.022252 -0.104661 3.136172 0.557420 -1.252409 -3.833840
  8   1.168026 -0.537438 -0.063437 1.239456 0.515738 0.955992
  9   6.790376 -0.619176 0.015206 -0.000102 -0.000151 -1.487767
 10   8.637599 0.544015 -0.090417 -1.619252 -0.071225 -0.574607
 11   6.790465 -0.619039 0.017802 0.002432 -0.011708 -1.056633
 12   -2.022474 -0.104699 -2.873818 -0.143372 1.074056 -3.425688
 13   1.167898 -0.537463 0.063297 -1.042463 -0.193047 0.709619
 14   7.002743 -0.617765 -0.183752 0.000115 0.000023 -1.555228
 15   8.209042 0.615527 -0.255885 1.718786 0.095949 -0.511896
 16   7.002735 -0.617911 -0.183641 0.013497 0.008439 -1.107268
 17   1.574674 0.609930 -0.000899 -0.051100 0.030089 0.362617
 18   -0.602177 0.511412 -0.000006 0.000000 0.000000 0.000000
 19   3.673773 0.177020 1.119313 -0.000002 -0.000014 -0.174510
 20   3.673767 0.176993 -1.117566 0.000007 -0.000003 -0.174546
 21   3.813447 1.330634 1.627658 0.013413 -0.095253 0.195285
 22   -0.296843 -0.011889 0.457925 -0.000011 0.000031 0.000025
 23   3.813464 1.330659 -1.631083 -0.013392 0.095268 0.195259
 24   -0.285214 -0.011872 -0.457915 -0.000005 -0.000006 0.000048
 25   4.941364 1.997338 1.629330 0.000018 -0.000001 -0.000024
 26   4.941382 1.997366 -1.629410 -0.000001 0.000005 -0.000024
 27   2.969151 1.646609 1.514501 -0.009571 0.067895 -0.296842
 28   2.971581 1.646215 -1.501142 0.009562 -0.067914 -0.296738
 29   8.824059 0.150544 0.091743 0.042873 -0.118897 -0.015306
 30   2.029051 -0.443988 1.897605 -0.012280 -0.298549 0.100482
 31   2.090039 -0.401128 -1.752033 0.129148 -0.207496 0.093159
 32   -0.810489 -0.093824 3.127092 -0.089689 -2.948213 -0.225013
 33   14.298673 -0.408176 0.475484 -0.000052 -0.000029 -0.515403
 34   15.835795 0.581398 0.242756 -0.386024 -0.107132 0.122512
 35   -0.815868 -0.091229 -3.114430 -0.071719 3.345961 0.005362
 36   14.294526 -0.410349 -0.463635 0.000045 0.000048 -0.331466
 37   15.834409 0.579420 -0.284600 0.175091 -0.134360 0.225815
 38   0.803737 -3.485000 -2.816000 -0.009704 0.114143 -0.027797
 39   -4.551495 -1.023603 -0.746180 0.006028 0.022735 0.084866
 40   1.454049 -3.418518 3.229477 -0.009704 0.114132 -0.027737
 41   -4.340087 -1.090381 0.959566 0.006794 0.022735 0.084866
 42   -0.391835 1.697302 -2.176879 0.146572 0.175971 -0.004391
 43   -0.546877 1.636076 3.013913 -0.034159 0.129441 0.019447
time 110
  0   2.063796 3.226661 3.102028 0.000000 0.000000 -1.571069
  1   -1.093036 0.000002 -0.326057 -0.723565 -1.701790 -1.190370
  2   2.262337 0.113614 0.064702 -0.013287 0.002182 -0.031637
  3   2.380047 0.353302 0.047440 0.002460 0.003280 -0.011897
  4   2.033756 0.190472 -0.000128 0.007312 0.002589 -0.067336
  5   2.451511 0.204909 -0.003447 0.023827 0.107756 0.009250
  6   7.247600 -0.397300 -0.109469 0.000001 -0.000003 0.156829
  7   -2.022252 -0.104661 3.136172 0.555791 -1.253417 -3.831868
  8   1.168026 -0.537438 -0.063437 1.238633 0.515335 0.955992
  9   6.790376 -0.619176 0.015206 -0.000102 -0.000151 -1.487767
 10   8.637599 0.544015 -0.090417 -1.619252 -0.071225 -0.574607
 11   6.790465 -0.619039 0.017802 0.002432 -0.011708 -1.056633
 12   -2.022474 -0.104699 -2.873818 -0.145001 1.073447 -3.426741
 13   1.167898 -0.537463 0.063297 -1.042463 -0.193047 0.709619
 14   7.002743 -0.617765 -0.183752 0.000115 0.000023 -1.555228
 15   8.209042 0.615527 -0.255885 1.718786 0.095949 -0.511896
 16   7.002735 -0.617911 -0.183641 0.013497 0.008439 -1.107268
 17   1.574674 0.609930 -0.000899 -0.055243 0.028811 0.371229
 18   -0.602177 0.511412 -0.000006 0.000000 0.000000 0.000000
 19   3.677679 0.177020 1.119313 -0.000002 -0.000014 -0.174510
 20   3.673767 0.176993 -1.117566 0.000007 -0.000003 -0.174546
 21   3.813447 1.330634 1.627658 0.013413 -0.095253 0.195285
 22   -0.296843 -0.011889 0.457925 -0.000011 0.000031 0.000025
 23   3.813464 1.330659 -1.631083 -0.013392 0.095268 0.195259
 24   -0.285214 -0.011872 -0.457915 -0.000005 -0.000006 0.000048
 25   4.941364 1.997338 1.629330 0.000018 -0.000001 -0.000024
 26   4.941382 1.997366 -1.629410 -0.000001 0.000005 -0.000024
 27   2.969151 1.646609 1.514501 -0.009571 0.067895 -0.296842
 28   2.971581 1.646215 -1.508955 0.009562 -0.067914 -0.296738
 29   8.824059 0.150544 0.091743 0.044923 -0.143419 -0.037570
 30   2.017332 -0.459613 1.909324 0.005213 -0.331125 0.086995
 31   2.117383 -0.405034 -1.728595 0.127325 -0.248447 0.080968
 32   -0.810489 -0.093824 3.127092 -0.085588 -2.967696 -0.221541
 33   14.298673 -0.408176 0.475484 -0.000052 -0.000029 -0.509289
 34   15.835795 0.581398 0.242756 -0.392073 -0.094564 0.121410
 35   -0.815868 -0.091229 -3.114430 -0.068374 3.330315 0.003609
 36   14.294526 -0.410349 -0.463635 0.000045 0.000048 -0.334942
 37   15.834409 0.579420 -0.284600 0.174440 -0.122356 0.224851
 38   0.823269 -3.473281 -2.816000 -0.005999 0.108901 -0.043315
 39   -4.535870 -1.027509 -0.746180 0.004974 0.019787 0.073816
 40   1.434517 -3.430237 3.229477 -0.005999 0.108902 -0.043316
 41   -4.355712 -1.086475 0.959566 0.005668 0.019787 0.073816
 42   -0.395741 1.697302 -2.176879 0.144127 0.176017 -0.002886
 43   -0.550783 1.636076 3.017819 -0.031910 0.131684 0.019823
time 111
  0   2.294272 3.234474 3.133279 0.000000 0.000000 -1.571069
  1   -1.093036 0.000002 -0.326057 -0.752334 -1.701466 -1.159257
  2   2.262337 0.113614 0.064702 -0.012739 0.001655 -0.031600
  3   2.380047 0.353302 0.047440 0.002745 0.002956 -0.011897
  4   2.033756 0.190472 -0.000128 0.007441 0.002445 -0.067336
  5   2.451511 0.204909 -0.003447 0.024854 0.107220 0.009770
  6   7.247600 -0.397300 -0.109469 0.000001 -0.000003 0.156829
  7   -2.022252 -0.104661 3.136172 0.555024 -1.253590 -3.831211
  8   1.168026 -0.537438 -0.063437 1.239076 0.515033 0.955992
  9   6.790376 -0.619176 0.015206 -0.000102 -0.000151 -1.488069
 10   8.637599 0.544015 -0.090417 -1.619252 -0.071225 -0.574607
 11   6.790465 -0.619039 0.017802 0.002461 -0.011708 -1.056806
 12   -2.022474 -0.104699 -2.873818 -0.145001 1.073447 -3.426741
 13   1.167898 -0.537463 0.063297 -1.042463 -0.193047 0.709619
 14   7.002743 -0.617765 -0.183752 0.000115 0.000023 -1.555228
 15   8.209042 0.615527 -0.255885 1.718786 0.095949 -0.511896
 16   7.002735 -0.617911 -0.183641 0.013497 0.008439 -1.107268
 17   1.574674 0.609930 -0.000899 -0.060930 0.028030 0.375220
 18   -0.602177 0.511412 -0.000006 0.000000 0.000000 0.000000
 19   3.673773 0.177020 1.119313 -0.000002 -0.000014 -0.174510
 20   3.673767 0.176993 -1.117566 0.000007 -0.000003 -0.174546
 21   3.813447 1.330634 1.627658 0.013413 -0.095253 0.195285
 22   -0.296843 -0.011889 0.457925 -0.000011 0.000031 0.000025
 23   3.813464 1.330659 -1.631083 -0.013392 0.095268 0.195259
 24   -0.285214 -0.011872 -0.457915 -0.000005 -0.000006 0.000048
 25   4.941364 1.997338 1.629330 0.000018 -0.000001 -0.000024
 26   4.941382 1.997366 -1.629410 -0.000001 0.000005 -0.000024
 27   2.969151 1.646609 1.514501 -0.009571 0.067895 -0.296842
 28   2.971581 1.646215 -1.508955 0.009562 -0.067914 -0.296738
 29   8.824059 0.150544 0.091743 0.046794 -0.166729 -0.058654
 30   1.997800 -0.486958 1.921043 0.021865 -0.361987 0.074086
 31   2.144728 -0.416753 -1.709063 0.125333 -0.287350 0.069341
 32   -0.810489 -0.093824 3.127092 -0.081114 -2.979539 -0.219378
 33   14.298673 -0.408176 0.475484 -0.000052 -0.000029 -0.503255
 34   15.835795 0.581398 0.242756 -0.396513 -0.088146 0.119866
 35   -0.815868 -0.091229 -3.114430 -0.067406 3.320946 0.004595
 36   14.294526 -0.410349 -0.463635 0.000045 0.000048 -0.334479
 37   15.834409 0.579420 -0.284600 0.175701 -0.115957 0.223330
 38   0.834988 -3.453749 -2.816000 -0.001958 0.103442 -0.058894
 39   -4.520244 -1.035322 -0.746180 0.004015 0.016814 0.062794
 40   1.422798 -3.449769 3.229477 -0.001958 0.103443 -0.058895
 41   -4.371338 -1.078662 0.959566 0.004625 0.016814 0.062794
 42   -0.403554 1.697302 -2.176879 0.141610 0.176063 -0.001506
 43   -0.550783 1.636076 3.025632 -0.029761 0.133756 0.020074
time 112
  0   2.708347 3.203223 3.227032 0.000000 0.000000 -1.571069
  1   -1.093036 0.000002 -0.326057 -0.826746 -1.699243 -1.078594
  2   2.262337 0.113614 0.064702 -0.011643 0.000288 -0.031329
  3   2.380047 0.353302 0.047440 0.003315 0.002261 -0.011754
  4   2.033756 0.190472 -0.000128 0.007736 0.002037 -0.067227
  5   2.451511 0.204909 -0.003447 0.027815 0.105301 0.010860
  6   7.247600 -0.397300 -0.109469 0.000001 -0.000003 0.156829
  7   -2.022252 -0.104661 3.136172 0.554257 -1.254426 -3.831023
  8   1.168026 -0.537438 -0.063437 1.239962 0.515033 0.956498
  9   6.790376 -0.619176 0.015206 -0.000102 -0.000151 -1.488069
 10   8.637599 0.544015 -0.090417 -1.619252 -0.071225 -0.574607
 11   6.790465 -0.619039 0.017802 0.002432 -0.011708 -1.056806
 12   -2.022474 -0.104699 -2.873818 -0.147013 1.072837 -3.428560
 13   1.167898 -0.537463 0.063297 -1.043376 -0.193098 0.709982
 14   7.002743 -0.617765 -0.183752 0.000115 0.000023 -1.555228
 15   8.209042 0.615527 -0.255885 1.718786 0.095949 -0.511896
 16   7.002735 -0.617911 -0.183641 0.013497 0.008439 -1.107268
 17   1.574674 0.609930 -0.000899 -0.072994 0.022847 0.382687
 18   -0.602177 0.511412 -0.000006 0.000000 0.000000 0.000000
 19   3.673773 0.177020 1.119313 -0.000002 -0.000014 -0.174510
 20   3.673767 0.176993 -1.117566 0.000007 -0.000003 -0.174546
 21   3.813447 1.330634 1.627658 0.013413 -0.095253 0.195285
 22   -0.296843 -0.011889 0.457925 -0.000011 0.000031 0.000025
 23   3.813464 1.330659 -1.631083 -0.013392 0.095268 0.195259
 24   -0.285214 -0.011872 -0.457915 -0.000005 -0.000006 0.000048
 25   4.941364 1.997338 1.629330 0.000018 -0.000001 -0.000024
 26   4.941382 1.997366 -1.629410 -0.000001 0.000005 -0.000024
 27   2.969151 1.646609 1.514501 -0.009571 0.067895 -0.296842
 28   2.971581 1.646215 -1.508955 0.009562 -0.067914 -0.296738
 29   8.824059 0.150544 0.091743 0.048577 -0.188616 -0.078558
 30   1.986081 -0.502583 1.928856 0.037500 -0.390844 0.061929
 31   2.175979 -0.428472 -1.689531 0.123127 -0.323871 0.058351
 32   -0.810489 -0.093824 3.127092 -0.070022 -3.008859 -0.211238
 33   14.298673 -0.408176 0.475484 -0.000052 -0.000029 -0.486105
 34   15.835795 0.581398 0.242756 -0.408888 -0.074504 0.114706
 35   -0.815868 -0.091229 -3.114430 -0.066086 3.299304 0.007169
 36   14.294526 -0.410349 -0.463635 0.000045 0.000048 -0.329921
 37   15.834409 0.579420 -0.284600 0.178854 -0.102494 0.218514
 38   0.854520 -3.445936 -2.816000 0.002505 0.097863 -0.074229
 39   -4.508525 -1.035322 -0.746180 0.003152 0.013914 0.051969
 40   1.403266 -3.457582 3.229477 0.002505 0.097864 -0.074230
 41   -4.379150 -1.078662 0.959566 0.003678 0.013914 0.051969
 42   -0.407460 1.697302 -2.176879 0.138985 0.176109 -0.000293
 43   -0.558596 1.636076 3.025632 -0.027662 0.135686 0.020325
time 113
  0   3.153673 3.175878 3.293440 0.000000 0.000000 -1.571069
  1   -1.093036 0.000002 -0.326057 -0.904459 -1.697391 -0.997302
  2   2.262337 0.113614 0.064702 -0.010815 -0.001833 -0.031058
  3   2.380047 0.353302 0.047440 0.003735 0.001087 -0.011652
  4   2.033756 0.190472 -0.000128 0.007939 0.001438 -0.067191
  5   2.451511 0.204909 -0.003447 0.030314 0.102364 0.011380
  6   7.247600 -0.397300 -0.109469 0.000001 -0.000003 0.156829
  7   -2.022252 -0.104661 3.136172 0.551669 -1.254974 -3.828205
  8   1.168026 -0.537438 -0.063437 1.239709 0.514530 0.956498
  9   6.790376 -0.619176 0.015206 -0.000102 -0.000151 -1.488069
 10   8.637599 0.544015 -0.090417 -1.619252 -0.071225 -0.574607
 11   6.790465 -0.619039 0.017802 0.002461 -0.011708 -1.056806
 12   -2.022474 -0.104699 -2.873818 -0.149504 1.072489 -3.430762
 13   1.167898 -0.537463 0.063297 -1.043376 -0.193098 0.709982
 14   7.002743 -0.617765 -0.183752 0.000115 0.000023 -1.555228
 15   8.209042 0.615527 -0.255885 1.718786 0.095949 -0.511896
 16   7.002735 -0.617911 -0.183641 0.013497 0.008439 -1.107268
 17   1.574674 0.609930 -0.000899 -0.081850 0.016314 0.390411
 18   -0.602177 0.511412 -0.000006 0.000000 0.000000 0.000000
 19   3.673773 0.177020 1.119313 -0.000002 -0.000014 -0.174510
 20   3.673767 0.176993 -1.117566 0.000007 -0.000003 -0.174546
 21   3.813447 1.330634 1.627658 0.013413 -0.095253 0.195285
 22   -0.296843 -0.011889 0.457925 -0.000011 0.000031 0.000025
 23   3.813464 1.330659 -1.631083 -0.013392 0.095268 0.195259
 24   -0.285214 -0.011872 -0.457915 -0.000005 -0.000006 0.000048
 25   4.941364 1.997338 1.629330 0.000018 -0.000001 -0.000024
 26   4.941382 1.997366 -1.629410 -0.000001 0.000005 -0.000024
 27   2.969151 1.646609 1.514501 -0.009571 0.067895 -0.296842
 28   2.971581 1.646215 -1.508955 0.009562 -0.067914 -0.296738
 29   8.824059 0.150544 0.091743 0.050270 -0.208817 -0.096905
 30   1.974362 -0.522115 1.932762 0.051928 -0.417434 0.050628
 31   2.207230 -0.444098 -1.673906 0.120721 -0.357621 0.048107
 32   -0.810489 -0.093824 3.127092 -0.067226 -3.038179 -0.200366
 33   14.298673 -0.408176 0.475484 -0.000052 -0.000029 -0.465382
 34   15.835795 0.581398 0.242756 -0.415098 -0.059740 0.107385
 35   -0.815868 -0.091229 -3.114430 -0.065382 3.276069 0.012154
 36   14.294526 -0.410349 -0.463635 0.000045 0.000048 -0.323510
 37   15.834409 0.579420 -0.284600 0.180056 -0.088314 0.212734
 38   0.874052 -3.426404 -2.816000 0.007367 0.092175 -0.088830
 39   -4.496806 -1.043135 -0.746180 0.002409 0.011146 0.041592
 40   1.383734 -3.477114 3.229477 0.007367 0.092164 -0.088893
 41   -4.394776 -1.070849 0.959566 0.002839 0.011146 0.041592
 42   -0.415273 1.689489 -2.176879 0.136325 0.176140 0.000753
 43   -0.562502 1.636076 3.029538 -0.025663 0.137412 0.020492
time 114
  0   3.798224 3.144627 3.344223 0.000000 0.000000 -1.571069
  1   -1.093036 0.000002 -0.326057 -1.003919 -1.694613 -0.885768
  2   2.262337 0.113614 0.064702 -0.009949 -0.003439 -0.030769
  3   2.380047 0.353302 0.047440 0.004155 0.000212 -0.011509
  4   2.033756 0.190472 -0.000128 0.008142 0.001031 -0.067191
  5   2.451511 0.204909 -0.003447 0.031923 0.098434 0.012346
  6   7.247600 -0.397300 -0.109469 0.000001 -0.000003 0.156829
  7   -2.022252 -0.104661 3.136172 0.552915 -1.255608 -3.829614
  8   1.168026 -0.537438 -0.063437 1.240405 0.513977 0.957194
  9   6.790376 -0.619176 0.015206 -0.000102 -0.000151 -1.488069
 10   8.637599 0.544015 -0.090417 -1.619252 -0.071225 -0.574607
 11   6.790465 -0.619039 0.017802 0.002461 -0.011708 -1.056806
 12   -2.022474 -0.104699 -2.873818 -0.148737 1.072170 -3.430092
 13   1.167898 -0.537463 0.063297 -1.043587 -0.192844 0.710527
 14   7.002743 -0.617765 -0.183752 0.000115 0.000023 -1.554898
 15   8.209042 0.615527 -0.255885 1.718786 0.095949 -0.511896
 16   7.002735 -0.617911 -0.183641 0.013497 0.008439 -1.106992
 17   1.574674 0.609930 -0.000899 -0.091639 0.005309 0.396547
 18   -0.602177 0.511412 -0.000006 0.000000 0.000000 0.000000
 19   3.677679 0.177020 1.119313 -0.000002 -0.000014 -0.174510
 20   3.673767 0.176993 -1.117566 0.000007 -0.000003 -0.174546
 21   3.813447 1.330634 1.627658 0.013413 -0.095253 0.195285
 22   -0.296843 -0.011889 0.457925 -0.000011 0.000031 0.000025
 23   3.813464 1.330659 -1.631083 -0.013392 0.095268 0.195259
 24   -0.285214 -0.011872 -0.457915 -0.000005 -0.000006 0.000048
 25   4.941364 1.997338 1.629330 0.000018 -0.000001 -0.000024
 26   4.941382 1.997366 -1.629410 -0.000001 0.000005 -0.000024
 27   2.969151 1.646609 1.514501 -0.009571 0.067895 -0.296842
 28   2.971581 1.646215 -1.501142 0.009562 -0.067914 -0.296738
 29   8.824059 0.150544 0.091743 0.051785 -0.227119 -0.113482
 30   1.966549 -0.541647 1.940575 0.065000 -0.441409 0.040314
 31   2.234575 -0.455817 -1.654374 0.118147 -0.388159 0.038773
 32   -0.810489 -0.093824 3.127092 -0.070954 -3.078482 -0.187673
 33   14.298673 -0.408176 0.475484 -0.000052 -0.000029 -0.436878
 34   15.835795 0.581398 0.242756 -0.409900 -0.037264 0.096403
 35   -0.815868 -0.091229 -3.114430 -0.061421 3.242715 0.014838
 36   14.294526 -0.410349 -0.463635 0.000045 0.000048 -0.317562
 37   15.834409 0.579420 -0.284600 0.184804 -0.067454 0.205940
 38   0.889677 -3.410779 -2.816000 0.012672 0.086463 -0.102638
 39   -4.488993 -1.047041 -0.746180 0.001762 0.008533 0.031888
 40   1.368109 -3.492739 3.229477 0.012672 0.086452 -0.102639
 41   -4.402589 -1.066943 0.959566 0.002096 0.008533 0.031888
 42   -0.419179 1.689489 -2.176879 0.133544 0.176155 0.001673
 43   -0.570315 1.636076 3.037351 -0.023764 0.138950 0.020618
time 115
  0   4.255269 3.144627 3.406725 0.000000 0.000000 -1.571069
  1   -1.093036 0.000002 -0.326057 -1.063238 -1.692344 -0.813815
  2   2.262337 0.113614 0.064702 -0.009949 -0.004242 -0.030263
  3   2.380047 0.353302 0.047440 0.004155 -0.000196 -0.011244
  4   2.033756 0.190472 -0.000128 0.008142 0.000779 -0.067046
  5   2.451511 0.204909 -0.003447 0.032009 0.096920 0.013807
  6   7.247600 -0.397300 -0.109469 0.000001 -0.000003 0.156829
  7   -2.022252 -0.104661 3.136172 0.552723 -1.255608 -3.829614
  8   1.168026 -0.537438 -0.063437 1.240658 0.513725 0.957004
  9   6.790376 -0.619176 0.015206 -0.000102 -0.000151 -1.488069
 10   8.637599 0.544015 -0.090417 -1.619252 -0.071225 -0.574607
 11   6.790465 -0.619039 0.017802 0.002432 -0.011708 -1.056806
 12   -2.022474 -0.104699 -2.873818 -0.149312 1.072054 -3.430762
 13   1.167898 -0.537463 0.063297 -1.044079 -0.192386 0.711011
 14   7.002743 -0.617765 -0.183752 0.000115 0.000023 -1.554898
 15   8.209042 0.615527 -0.255885 1.718786 0.095949 -0.511896
 16   7.002735 -0.617911 -0.183641 0.013497 0.008439 -1.106992
 17   1.574674 0.609930 -0.000899 -0.097407 -0.003282 0.393997
 18   -0.602177 0.511412 -0.000006 0.000000 0.000000 0.000000
 19   3.673773 0.177020 1.119313 -0.000002 -0.000014 -0.174510
 20   3.673767 0.176993 -1.117566 0.000007 -0.000003 -0.174546
 21   3.813447 1.330634 1.627658 0.013413 -0.095253 0.195285
 22   -0.296843 -0.011889 0.457925 -0.000011 0.000031 0.000025
 23   3.813464 1.330659 -1.631083 -0.013392 0.095268 0.195259
 24   -0.285214 -0.011872 -0.457915 -0.000005 -0.000006 0.000048
 25   4.941364 1.997338 1.629330 0.000018 -0.000001 -0.000024
 26   4.941382 1.997366 -1.629410 -0.000001 0.000005 -0.000024
 27   2.969151 1.646609 1.514501 -0.009571 0.067895 -0.296842
 28   2.971581 1.646215 -1.508955 0.009562 -0.067914 -0.296738
 29   8.824059 0.150544 0.091743 0.053033 -0.243237 -0.128128
 30   1.954830 -0.553366 1.952294 0.076526 -0.462536 0.031094
 31   2.254107 -0.467536 -1.642655 0.115328 -0.415070 0.030421
 32   -0.810489 -0.093824 3.127092 -0.072539 -3.104745 -0.183176
 33   14.298673 -0.408176 0.475484 -0.000052 -0.000029 -0.419331
 34   15.835795 0.581398 0.242756 -0.402010 -0.022158 0.089082
 35   -0.815868 -0.091229 -3.114430 -0.057725 3.221261 0.014071
 36   14.294526 -0.410349 -0.463635 0.000045 0.000048 -0.316172
 37   15.834409 0.579420 -0.284600 0.191700 -0.053991 0.202188
 38   0.909209 -3.391247 -2.816000 0.018376 0.080787 -0.115040
 39   -4.477274 -1.047041 -0.746180 0.001198 0.006160 0.023054
 40   1.348577 -3.512271 3.229477 0.018376 0.080776 -0.115041
 41   -4.410401 -1.066943 0.959566 0.001461 0.006160 0.023054
 42   -0.426992 1.689489 -2.176879 0.130716 0.176155 0.002467
 43   -0.570315 1.636076 3.037351 -0.021965 0.140268 0.020701
time 116
  0   4.477932 3.175878 3.406725 0.000000 0.000000 -1.571069
  1   -1.093036 0.000002 -0.326057 -1.090173 -1.690862 -0.780234
  2   2.262337 0.113614 0.064702 -0.009949 -0.004745 -0.029992
  3   2.380047 0.353302 0.047440 0.004155 -0.000460 -0.011101
  4   2.033756 0.190472 -0.000128 0.008142 0.000623 -0.066937
  5   2.451511 0.204909 -0.003447 0.032043 0.096397 0.014773
  6   7.247600 -0.397300 -0.109469 0.000001 -0.000003 0.156829
  7   -2.022252 -0.104661 3.136172 0.551669 -1.255810 -3.828393
  8   1.168026 -0.537438 -0.063437 1.241291 0.513172 0.957700
  9   6.790376 -0.619176 0.015206 -0.000102 -0.000151 -1.488069
 10   8.637599 0.544015 -0.090417 -1.619252 -0.071225 -0.574607
 11   6.790465 -0.619039 0.017802 0.002461 -0.011708 -1.056806
 12   -2.022474 -0.104699 -2.873818 -0.149312 1.072025 -3.430092
 13   1.167898 -0.537463 0.063297 -1.044782 -0.191980 0.711556
 14   7.002743 -0.617765 -0.183752 0.000115 0.000023 -1.554898
 15   8.209042 0.615527 -0.255885 1.718786 0.095949 -0.511896
 16   7.002735 -0.617911 -0.183641 0.013497 0.008439 -1.106992
 17   1.574674 0.609930 -0.000899 -0.099682 -0.005980 0.393183
 18   -0.602177 0.511412 -0.000006 0.000000 0.000000 0.000000
 19   3.673773 0.177020 1.119313 -0.000002 -0.000014 -0.174510
 20   3.673767 0.176993 -1.117566 0.000007 -0.000003 -0.174546
 21   3.813447 1.330634 1.627658 0.013413 -0.095253 0.195285
 22   -0.296843 -0.011889 0.457925 -0.000011 0.000031 0.000025
 23   3.813464 1.330659 -1.631083 -0.013392 0.095268 0.195259
 24   -0.285214 -0.011872 -0.457915 -0.000005 -0.000006 0.000048
 25   4.941364 1.997338 1.629330 0.000018 -0.000001 -0.000024
 26   4.941382 1.997366 -1.629410 -0.000001 0.000005 -0.000024
 27   2.969151 1.646609 1.514501 -0.009571 0.067895 -0.296842
 28   2.971581 1.646215 -1.508955 0.009562 -0.067914 -0.296738
 29   8.824059 0.150544 0.091743 0.054191 -0.256958 -0.140521
 30   1.947017 -0.561179 1.952294 0.086330 -0.480466 0.023118
 31   2.269732 -0.475349 -1.630936 0.112325 -0.437993 0.023161
 32   -0.810489 -0.093824 3.127092 -0.074123 -3.116874 -0.181126
 33   14.298673 -0.408176 0.475484 -0.000052 -0.000029 -0.410518
 34   15.835795 0.581398 0.242756 -0.396076 -0.014227 0.084981
 35   -0.815868 -0.091229 -3.114430 -0.055524 3.211049 0.012647
 36   14.294526 -0.410349 -0.463635 0.000045 0.000048 -0.315554
 37   15.834409 0.579420 -0.284600 0.195857 -0.047336 0.200160
 38   0.928741 -3.371715 -2.816000 0.024480 0.075220 -0.126037
 39   -4.473368 -1.054854 -0.746180 0.000755 0.004111 0.015313
 40   1.329045 -3.531803 3.229477 0.024480 0.075221 -0.126038
 41   -4.418214 -1.059130 0.959566 0.000946 0.004111 0.015313
 42   -0.438711 1.685583 -2.176879 0.127792 0.176186 0.003095
 43   -0.574221 1.636076 3.037351 -0.020278 0.141382 0.020785
time 117
  0   4.899820 3.195410 3.434070 0.000000 0.000000 -1.571069
  1   -1.093036 0.000002 -0.326057 -1.136549 -1.688084 -0.717668
  2   2.262337 0.113614 0.064702 -0.010230 -0.005045 -0.029450
  3   2.380047 0.353302 0.047440 0.004005 -0.000603 -0.010795
  4   2.033756 0.190472 -0.000128 0.008068 0.000551 -0.066792
  5   2.451511 0.204909 -0.003447 0.031632 0.096345 0.016680
  6   7.247600 -0.397300 -0.109469 0.000001 -0.000003 0.156829
  7   -2.022252 -0.104661 3.136172 0.554065 -1.256444 -3.831211
  8   1.168026 -0.537438 -0.063437 1.241987 0.512518 0.958206
  9   6.790376 -0.619176 0.015206 -0.000102 -0.000151 -1.488069
 10   8.637599 0.544015 -0.090417 -1.619252 -0.071225 -0.574607
 11   6.790465 -0.619039 0.017802 0.002461 -0.011708 -1.056806
 12   -2.022474 -0.104699 -2.873818 -0.149025 1.071241 -3.430475
 13   1.167898 -0.537463 0.063297 -1.045485 -0.191929 0.712343
 14   7.002743 -0.617765 -0.183752 0.000115 0.000023 -1.554898
 15   8.209042 0.615527 -0.255885 1.718786 0.095949 -0.511896
 16   7.002735 -0.617911 -0.183641 0.013497 0.008439 -1.106992
 17   1.574674 0.609930 -0.000899 -0.104191 -0.011470 0.391779
 18   -0.602177 0.511412 -0.000006 0.000000 0.000000 0.000000
 19   3.677679 0.177020 1.119313 -0.000002 -0.000014 -0.174510
 20   3.673767 0.176993 -1.117566 0.000007 -0.000003 -0.174546
 21   3.813447 1.330634 1.627658 0.013413 -0.095253 0.195285
 22   -0.296843 -0.011889 0.457925 -0.000011 0.000031 0.000025
 23   3.813464 1.330659 -1.631083 -0.013392 0.095268 0.195259
 24   -0.285214 -0.011872 -0.457915 -0.000005 -0.000006 0.000048
 25   4.941364 1.997338 1.629330 0.000018 -0.000001 -0.000024
 26   4.941382 1.997366 -1.629410 -0.000001 0.000005 -0.000024
 27   2.969151 1.646609 1.514501 -0.009571 0.067895 -0.296842
 28   2.971581 1.646215 -1.508955 0.009562 -0.067914 -0.296738
 29   8.824059 0.150544 0.091743 0.055083 -0.268091 -0.150661
 30   1.943111 -0.568992 1.960107 0.094262 -0.494909 0.016492
 31   2.289264 -0.487068 -1.623123 0.109046 -0.456539 0.017120
 32   -0.810489 -0.093824 3.127092 -0.073844 -3.139987 -0.181013
 33   14.298673 -0.408176 0.475484 -0.000052 -0.000029 -0.395432
 34   15.835795 0.581398 0.242756 -0.385495 0.000391 0.078013
 35   -0.815868 -0.091229 -3.114430 -0.052356 3.192686 0.007169
 36   14.294526 -0.410349 -0.463635 0.000045 0.000048 -0.317099
 37   15.834409 0.579420 -0.284600 0.207028 -0.034385 0.197422
 38   0.952179 -3.348277 -2.816000 0.031026 0.069821 -0.135140
 39   -4.465555 -1.054854 -0.746180 0.000419 0.002397 0.008947
 40   1.305607 -3.555241 3.229477 0.031026 0.069810 -0.135080
 41   -4.426027 -1.059130 0.959566 0.000526 0.002397 0.008947
 42   -0.438711 1.685583 -2.176879 0.124784 0.176186 0.003555
 43   -0.582034 1.636076 3.037351 -0.018704 0.142260 0.020827
time 118
  0   5.278738 3.250099 3.434070 0.000000 0.000000 -1.571069
  1   -1.093036 0.000002 -0.326057 -1.164899 -1.684565 -0.671022
  2   2.262337 0.113614 0.064702 -0.010790 -0.004745 -0.028673
  3   2.380047 0.353302 0.047440 0.003720 -0.000460 -0.010387
  4   2.033756 0.190472 -0.000128 0.007939 0.000611 -0.066538
  5   2.451511 0.204909 -0.003447 0.029732 0.097285 0.018562
  6   7.247600 -0.397300 -0.109469 0.000001 -0.000003 0.156829
  7   -2.022252 -0.104661 3.136172 0.556558 -1.256646 -3.833371
  8   1.168026 -0.537438 -0.063437 1.242936 0.511662 0.958902
  9   6.790376 -0.619176 0.015206 -0.000102 -0.000151 -1.488371
 10   8.637599 0.544015 -0.090417 -1.619252 -0.071225 -0.574607
 11   6.790465 -0.619039 0.017802 0.002461 -0.011708 -1.057152
 12   -2.022474 -0.104699 -2.873818 -0.147588 1.071270 -3.429039
 13   1.167898 -0.537463 0.063297 -1.046188 -0.191776 0.713009
 14   7.002743 -0.617765 -0.183752 0.000115 0.000023 -1.554403
 15   8.209042 0.615527 -0.255885 1.718786 0.095949 -0.511896
 16   7.002735 -0.617911 -0.183641 0.013497 0.008439 -1.106771
 17   1.574674 0.609930 -0.000899 -0.110365 -0.024298 0.380728
 18   -0.602177 0.511412 -0.000006 0.000000 0.000000 0.000000
 19   3.673773 0.177020 1.119313 -0.000002 -0.000014 -0.174510
 20   3.673767 0.176993 -1.117566 0.000007 -0.000003 -0.174546
 21   3.813447 1.330634 1.627658 0.013413 -0.095253 0.195285
 22   -0.296843 -0.011889 0.457925 -0.000011 0.000031 0.000025
 23   3.813464 1.330659 -1.631083 -0.013392 0.095268 0.195259
 24   -0.285214 -0.011872 -0.457915 -0.000005 -0.000006 0.000048
 25   4.941364 1.997338 1.629330 0.000018 -0.000001 -0.000024
 26   4.941382 1.997366 -1.629410 -0.000001 0.000005 -0.000024
 27   2.969151 1.646609 1.514501 -0.009571 0.067895 -0.296842
 28   2.971581 1.646215 -1.508955 0.009562 -0.067914 -0.296738
 29   8.824059 0.150544 0.091743 0.055795 -0.276304 -0.158064
 30   1.935298 -0.572898 1.964013 0.100148 -0.505603 0.011346
 31   2.300983 -0.490974 -1.611404 0.105568 -0.470266 0.012444
 32   -0.810489 -0.093824 3.127092 -0.068997 -3.161475 -0.185054
 33   14.298673 -0.408176 0.475484 -0.000052 -0.000029 -0.385031
 34   15.835795 0.581398 0.242756 -0.376432 0.014667 0.071221
 35   -0.815868 -0.091229 -3.114430 -0.050772 3.176290 -0.001650
 36   14.294526 -0.410349 -0.463635 0.000045 0.000048 -0.324514
 37   15.834409 0.579420 -0.284600 0.222514 -0.022073 0.196256
 38   0.963898 -3.320932 -2.816000 0.037994 0.064651 -0.141983
 39   -4.457742 -1.054854 -0.746180 0.000192 0.001103 0.004123
 40   1.293888 -3.582586 3.229477 0.037994 0.064665 -0.141984
 41   -4.433840 -1.059130 0.959566 0.000239 0.001103 0.004123
 42   -0.446524 1.677770 -2.176879 0.121704 0.176186 0.003889
 43   -0.582034 1.636076 3.045164 -0.017267 0.142920 0.020827
time 119
  0   5.884225 3.371197 3.430163 0.000000 0.000000 -1.571069
  1   -1.093036 0.000002 -0.326057 -1.188218 -1.679101 -0.622102
  2   2.262337 0.113614 0.064702 -0.010484 -0.004242 -0.028402
  3   2.380047 0.353302 0.047440 0.003870 -0.000208 -0.010203
  4   2.033756 0.190472 -0.000128 0.008013 0.000743 -0.066538
  5   2.451511 0.204909 -0.003447 0.030314 0.099753 0.020147
  6   7.247600 -0.397300 -0.109469 0.000001 -0.000003 0.156829
  7   -2.022252 -0.104661 3.136172 0.558954 -1.257828 -3.836000
  8   1.168026 -0.537438 -0.063437 1.244012 0.510606 0.959661
  9   6.790376 -0.619176 0.015206 -0.000102 -0.000151 -1.488824
 10   8.637599 0.544015 -0.090417 -1.619252 -0.071225 -0.574607
 11   6.790465 -0.619039 0.017802 0.002461 -0.011708 -1.057325
 12   -2.022474 -0.104699 -2.873818 -0.147013 1.070051 -3.428656
 13   1.167898 -0.537463 0.063297 -1.047383 -0.191318 0.714159
 14   7.002743 -0.617765 -0.183752 0.000115 0.000023 -1.554073
 15   8.209042 0.615527 -0.255885 1.718786 0.095949 -0.511896
 16   7.002735 -0.617911 -0.183641 0.013497 0.008439 -1.106495
 17   1.574674 0.609930 -0.000899 -0.116742 -0.031777 0.357849
 18   -0.602177 0.511412 -0.000006 0.000000 0.000000 0.000000
 19   3.677679 0.177020 1.119313 -0.000002 -0.000014 -0.174510
 20   3.673767 0.176993 -1.117566 0.000007 -0.000003 -0.174546
 21   3.813447 1.330634 1.627658 0.013413 -0.095253 0.195285
 22   -0.296843 -0.011889 0.457925 -0.000011 0.000031 0.000025
 23   3.813464 1.330659 -1.631083 -0.013392 0.095268 0.195259
 24   -0.285214 -0.011872 -0.457915 -0.000005 -0.000006 0.000048
 25   4.941364 1.997338 1.629330 0.000018 -0.000001 -0.000024
 26   4.941382 1.997366 -1.629410 -0.000001 0.000005 -0.000024
 27   2.969151 1.646609 1.514501 -0.009571 0.067895 -0.296842
 28   2.971581 1.646215 -1.508955 0.009562 -0.067914 -0.296738
 29   8.824059 0.150544 0.091743 0.056152 -0.281408 -0.162731
 30   1.931392 -0.580711 1.964013 0.103782 -0.512257 0.007851
 31   2.308796 -0.498787 -1.611404 0.101829 -0.478814 0.009187
 32   -0.810489 -0.093824 3.127092 -0.065082 -3.190318 -0.193479
 33   14.298673 -0.408176 0.475484 -0.000052 -0.000029 -0.370660
 34   15.835795 0.581398 0.242756 -0.360423 0.036948 0.061474
 35   -0.815868 -0.091229 -3.114430 -0.045755 3.153992 -0.017863
 36   14.294526 -0.410349 -0.463635 0.000045 0.000048 -0.333938
 37   15.834409 0.579420 -0.284600 0.240936 -0.004873 0.193873
 38   0.983430 -3.297494 -2.816000 0.045382 0.059795 -0.146320
 39   -4.457742 -1.054854 -0.746180 0.000048 0.000276 0.001066
 40   1.274356 -3.606024 3.229477 0.045382 0.059784 -0.146321
 41   -4.433840 -1.059130 0.959566 0.000059 0.000276 0.001066
 42   -0.458243 1.677770 -2.176879 0.118540 0.176186 0.004098
 43   -0.589847 1.636076 3.045164 -0.015980 0.143312 0.020869
time 120
  0   6.083450 3.398541 3.395006 0.000000 0.000000 -1.571069
  1   -1.093036 0.000002 -0.326057 -1.201686 -1.678082 -0.601682
  2   2.262337 0.113614 0.064702 -0.010242 -0.004242 -0.028402
  3   2.380047 0.353302 0.047440 0.004020 -0.000208 -0.010203
  4   2.033756 0.190472 -0.000128 0.008068 0.000755 -0.066466
  5   2.451511 0.204909 -0.003447 0.030862 0.100210 0.020147
  6   7.247600 -0.397300 -0.109469 0.000001 -0.000003 0.156829
  7   -2.022252 -0.104661 3.136172 0.558763 -1.258520 -3.835718
  8   1.168026 -0.537438 -0.063437 1.243759 0.510354 0.959408
  9   6.790376 -0.619176 0.015206 -0.000102 -0.000151 -1.488824
 10   8.637599 0.544015 -0.090417 -1.619252 -0.071225 -0.574607
 11   6.790465 -0.619039 0.017802 0.002461 -0.011708 -1.057325
 12   -2.022474 -0.104699 -2.873818 -0.147779 1.069471 -3.429326
 13   1.167898 -0.537463 0.063297 -1.047383 -0.191318 0.714159
 14   7.002743 -0.617765 -0.183752 0.000115 0.000023 -1.554073
 15   8.209042 0.615527 -0.255885 1.718786 0.095949 -0.511896
 16   7.002735 -0.617911 -0.183641 0.013497 0.008439 -1.106495
 17   1.574674 0.609930 -0.000899 -0.117920 -0.029410 0.354892
 18   -0.602177 0.511412 -0.000006 0.000000 0.000000 0.000000
 19   3.677679 0.177020 1.119313 -0.000002 -0.000014 -0.174510
 20   3.673767 0.176993 -1.117566 0.000007 -0.000003 -0.174546
 21   3.813447 1.330634 1.627658 0.013413 -0.095253 0.195285
 22   -0.296843 -0.011889 0.457925 -0.000011 0.000031 0.000025
 23   3.813464 1.330659 -1.631083 -0.013392 0.095268 0.195259
 24   -0.285214 -0.011872 -0.457915 -0.000005 -0.000006 0.000048
 25   4.941364 1.997338 1.629330 0.000018 -0.000001 -0.000024
 26   4.941382 1.997366 -1.629410 -0.000001 0.000005 -0.000024
 27   2.969151 1.646609 1.514501 -0.009571 0.067895 -0.296842
 28   2.971581 1.646215 -1.508955 0.009562 -0.067914 -0.296738
 29   8.824059 0.150544 0.091743 0.056330 -0.283141 -0.164287
 30   1.931392 -0.580711 1.964013 0.105043 -0.514524 0.006071
 31   2.308796 -0.510506 -1.603591 0.097861 -0.481741 0.007495
 32   -0.810489 -0.093824 3.127092 -0.064989 -3.199582 -0.194275
 33   14.298673 -0.408176 0.475484 -0.000052 -0.000029 -0.365658
 34   15.835795 0.581398 0.242756 -0.355730 0.044269 0.059181
 35   -0.815868 -0.091229 -3.114430 -0.042762 3.146216 -0.021424
 36   14.294526 -0.410349 -0.463635 0.000045 0.000048 -0.335869
 37   15.834409 0.579420 -0.284600 0.244049 0.001347 0.193163
 38   1.002962 -3.274056 -2.816000 0.053170 0.055276 -0.147970
 39   -4.457742 -1.054854 -0.746180 0.000000 0.000000 0.000000
 40   1.254824 -3.629462 3.229477 0.053170 0.055277 -0.147971
 41   -4.433840 -1.059130 0.959566 -0.000001 0.000000 0.000000
 42   -0.466056 1.677770 -2.176879 0.115292 0.176186 0.004140
 43   -0.593753 1.636076 3.045164 -0.014843 0.143437 0.020869
time 121
  0   6.474087 3.461043 3.395006 0.000000 0.000000 -1.571069
  1   -1.093036 0.000002 -0.326057 -1.227992 -1.677295 -0.564278
  2   2.262337 0.113614 0.064702 -0.010242 -0.004493 -0.028673
  3   2.380047 0.353302 0.047440 0.004020 -0.000352 -0.010387
  4   2.033756 0.190472 -0.000128 0.008068 0.000731 -0.066538
  5   2.451511 0.204909 -0.003447 0.031324 0.100144 0.020147
  6   7.247600 -0.397300 -0.109469 0.000001 -0.000003 0.156829
  7   -2.022252 -0.104661 3.136172 0.558858 -1.259125 -3.836188
  8   1.168026 -0.537438 -0.063437 1.244265 0.509750 0.959914
  9   6.790376 -0.619176 0.015206 -0.000102 -0.000151 -1.488824
 10   8.637599 0.544015 -0.090417 -1.619252 -0.071225 -0.574607
 11   6.790465 -0.619039 0.017802 0.002461 -0.011708 -1.057325
 12   -2.022474 -0.104699 -2.873818 -0.148450 1.068890 -3.429422
 13   1.167898 -0.537463 0.063297 -1.047805 -0.191624 0.714522
 14   7.002743 -0.617765 -0.183752 0.000115 0.000023 -1.553743
 15   8.209042 0.615527 -0.255885 1.718786 0.095949 -0.511896
 16   7.002735 -0.617911 -0.183641 0.013497 0.008439 -1.106330
 17   1.574674 0.609930 -0.000899 -0.123323 -0.025008 0.353598
 18   -0.602177 0.511412 -0.000006 0.000000 0.000000 0.000000
 19   3.673773 0.177020 1.119313 -0.000002 -0.000014 -0.174510
 20   3.673767 0.176993 -1.117566 0.000007 -0.000003 -0.174546
 21   3.813447 1.330634 1.627658 0.013413 -0.095253 0.195285
 22   -0.296843 -0.011889 0.457925 -0.000011 0.000031 0.000025
 23   3.813464 1.330659 -1.631083 -0.013392 0.095268 0.195259
 24   -0.285214 -0.011872 -0.457915 -0.000005 -0.000006 0.000048
 25   4.941364 1.997338 1.629330 0.000018 -0.000001 -0.000024
 26   4.941382 1.997366 -1.629410 -0.000001 0.000005 -0.000024
 27   2.969151 1.646609 1.514501 -0.009571 0.067895 -0.296842
 28   2.971581 1.646215 -1.501142 0.009562 -0.067914 -0.296738
 29   8.824059 0.150544 0.091743 0.056241 -0.281526 -0.164287
 30   1.931392 -0.580711 1.964013 0.104609 -0.511822 0.005256
 31   2.308796 -0.518319 -1.603591 0.093632 -0.479358 0.006621
 32   -0.810489 -0.093824 3.127092 -0.065082 -3.215244 -0.194788
 33   14.298673 -0.408176 0.475484 -0.000052 -0.000029 -0.358115
 34   15.835795 0.581398 0.242756 -0.347151 0.056300 0.055785
 35   -0.815868 -0.091229 -3.114430 -0.036777 3.132631 -0.027066
 36   14.294526 -0.410349 -0.463635 0.000045 0.000048 -0.342280
 37   15.834409 0.579420 -0.284600 0.247024 0.011943 0.193011
 38   1.014681 -3.246711 -2.816000 0.061379 0.051191 -0.148031
 39   -4.457742 -1.054854 -0.746180 0.000000 0.000000 0.000000
 40   1.243105 -3.652900 3.229477 0.061379 0.051192 -0.147971
 41   -4.433840 -1.059130 0.959566 -0.000001 0.000000 0.000000
 42   -0.469962 1.677770 -2.176879 0.111960 0.175879 0.004140
 43   -0.593753 1.636076 3.045164 -0.013806 0.143218 0.020827
time 122
  0   6.950664 3.554796 3.328598 0.000000 0.000000 -1.571069
  1   -1.093036 0.000002 -0.326057 -1.279765 -1.678962 -0.502293
  2   2.262337 0.113614 0.064702 -0.009682 -0.004733 -0.028673
  3   2.380047 0.353302 0.047440 0.004305 -0.000471 -0.010387
  4   2.033756 0.190472 -0.000128 0.008234 0.000611 -0.066538
  5   2.451511 0.204909 -0.003447 0.032796 0.100706 0.020271
  6   7.247600 -0.397300 -0.109469 0.000001 -0.000003 0.156829
  7   -2.022252 -0.104661 3.136172 0.559146 -1.259644 -3.836470
  8   1.168026 -0.537438 -0.063437 1.244265 0.509750 0.959914
  9   6.790376 -0.619176 0.015206 -0.000102 -0.000151 -1.489050
 10   8.637599 0.544015 -0.090417 -1.619252 -0.071225 -0.574607
 11   6.790465 -0.619039 0.017802 0.002461 -0.011708 -1.057498
 12   -2.022474 -0.104699 -2.873818 -0.148258 1.068455 -3.429039
 13   1.167898 -0.537463 0.063297 -1.047805 -0.191624 0.714522
 14   7.002743 -0.617765 -0.183752 0.000115 0.000023 -1.553743
 15   8.209042 0.615527 -0.255885 1.718786 0.095949 -0.511896
 16   7.002735 -0.617911 -0.183641 0.013497 0.008439 -1.106330
 17   1.574674 0.609930 -0.000899 -0.131366 -0.026949 0.350383
 18   -0.602177 0.511412 -0.000006 0.000000 0.000000 0.000000
 19   3.677679 0.177020 1.119313 -0.000002 -0.000014 -0.174510
 20   3.673767 0.176993 -1.117566 0.000007 -0.000003 -0.174546
 21   3.813447 1.330634 1.627658 0.013413 -0.095253 0.195285
 22   -0.296843 -0.011889 0.457925 -0.000011 0.000031 0.000025
 23   3.813464 1.330659 -1.631083 -0.013392 0.095268 0.195259
 24   -0.285214 -0.011872 -0.457915 -0.000005 -0.000006 0.000048
 25   4.941364 1.997338 1.629330 0.000018 -0.000001 -0.000024
 26   4.941382 1.997366 -1.629410 -0.000001 0.000005 -0.000024
 27   2.969151 1.646609 1.514501 -0.009571 0.067895 -0.296842
 28   2.971581 1.646215 -1.508955 0.009562 -0.067914 -0.296738
 29   8.824059 0.150544 0.091743 0.055885 -0.276803 -0.164073
 30   1.935298 -0.580711 1.964013 0.103321 -0.503917 0.004463
 31   2.300983 -0.522225 -1.611404 0.089158 -0.472338 0.005857
 32   -0.810489 -0.093824 3.127092 -0.065455 -3.237306 -0.197179
 33   14.298673 -0.408176 0.475484 -0.000052 -0.000029 -0.354304
 34   15.835795 0.581398 0.242756 -0.341837 0.073578 0.053315
 35   -0.815868 -0.091229 -3.114430 -0.029736 3.111457 -0.038569
 36   14.294526 -0.410349 -0.463635 0.000045 0.000048 -0.360664
 37   15.834409 0.579420 -0.284600 0.247221 0.027761 0.197067
 38   1.034213 -3.223273 -2.816000 0.069946 0.047479 -0.148031
 39   -4.457742 -1.054854 -0.746180 0.000000 0.000000 0.000000
 40   1.223573 -3.680245 3.229477 0.069946 0.047480 -0.148032
 41   -4.433840 -1.059130 0.959566 -0.000001 0.000000 0.000000
 42   -0.477775 1.677770 -2.180786 0.108568 0.175036 0.004098
 43   -0.601566 1.636076 3.045164 -0.012819 0.142512 0.020701
time 123
  0   7.247548 3.629017 3.250470 0.000000 0.000000 -1.571069
  1   -1.093036 0.000002 -0.326057 -1.344692 -1.683222 -0.437066
  2   2.262337 0.113614 0.064702 -0.009414 -0.005536 -0.027553
  3   2.380047 0.353302 0.047440 0.004440 -0.000951 -0.009795
  4   2.033756 0.190472 -0.000128 0.008308 0.000420 -0.066248
  5   2.451511 0.204909 -0.003447 0.033395 0.099152 0.023218
  6   7.247600 -0.397300 -0.109469 0.000001 -0.000003 0.156829
  7   -2.022252 -0.104661 3.136172 0.557229 -1.260336 -3.834591
  8   1.168026 -0.537438 -0.063437 1.245594 0.508694 0.961116
  9   6.790376 -0.619176 0.015206 -0.000102 -0.000151 -1.489050
 10   8.637599 0.544015 -0.090417 -1.619252 -0.071225 -0.574607
 11   6.790465 -0.619039 0.017802 0.002461 -0.011708 -1.057498
 12   -2.022474 -0.104699 -2.873818 -0.149312 1.068164 -3.430092
 13   1.167898 -0.537463 0.063297 -1.049000 -0.191369 0.715309
 14   7.002743 -0.617765 -0.183752 0.000115 0.000023 -1.553743
 15   8.209042 0.615527 -0.255885 1.718786 0.095949 -0.511896
 16   7.002735 -0.617911 -0.183641 0.013497 0.008439 -1.106330
 17   1.574674 0.609930 -0.000899 -0.131366 -0.034309 0.343730
 18   -0.602177 0.511412 -0.000006 0.000000 0.000000 0.000000
 19   3.673773 0.177020 1.119313 -0.000002 -0.000014 -0.174510
 20   3.673767 0.176993 -1.117566 0.000007 -0.000003 -0.174546
 21   3.813447 1.330634 1.627658 0.013413 -0.095253 0.195285
 22   -0.296843 -0.011889 0.457925 -0.000011 0.000031 0.000025
 23   3.813464 1.330659 -1.631083 -0.013392 0.095268 0.195259
 24   -0.285214 -0.011872 -0.457915 -0.000005 -0.000006 0.000048
 25   4.941364 1.997338 1.629330 0.000018 -0.000001 -0.000024
 26   4.941382 1.997366 -1.629410 -0.000001 0.000005 -0.000024
 27   2.969151 1.654422 1.514501 -0.009571 0.067895 -0.296842
 28   2.971581 1.646215 -1.501142 0.009562 -0.067914 -0.296738
 29   8.824059 0.150544 0.091743 0.055439 -0.269183 -0.163804
 30   1.943111 -0.580711 1.952294 0.101287 -0.491218 0.003734
 31   2.300983 -0.530038 -1.615310 0.084454 -0.461123 0.005111
 32   -0.810489 -0.093824 3.127092 -0.063031 -3.251059 -0.200082
 33   14.298673 -0.408176 0.475484 -0.000052 -0.000029 -0.364229
 34   15.835795 0.581398 0.242756 -0.346460 0.083486 0.057990
 35   -0.815868 -0.091229 -3.114430 -0.025159 3.094874 -0.050948
 36   14.294526 -0.410349 -0.463635 0.000045 0.000048 -0.389013
 37   15.834409 0.579420 -0.284600 0.239556 0.037206 0.206802
 38   1.045932 -3.199835 -2.816000 0.078787 0.044153 -0.148092
 39   -4.457742 -1.054854 -0.746180 0.000000 0.000000 0.000000
 40   1.211854 -3.703683 3.229477 0.078787 0.044154 -0.148093
 41   -4.433840 -1.059130 0.959566 -0.000001 0.000000 0.000000
 42   -0.481681 1.677770 -2.184692 0.105129 0.173610 0.004098
 43   -0.601566 1.636076 3.037351 -0.011882 0.141350 0.020534
time 124
  0   7.376458 3.629017 3.187968 0.000000 0.000000 -1.571069
  1   -1.093036 0.000002 -0.326057 -1.387138 -1.686834 -0.396275
  2   2.262337 0.113614 0.064702 -0.009147 -0.006327 -0.026992
  3   2.380047 0.353302 0.047440 0.004590 -0.001358 -0.009509
  4   2.033756 0.190472 -0.000128 0.008363 0.000192 -0.066103
  5   2.451511 0.204909 -0.003447 0.033532 0.097612 0.025645
  6   7.247600 -0.397300 -0.109469 0.000001 -0.000003 0.156829
  7   -2.022252 -0.104661 3.136172 0.556941 -1.260336 -3.834497
  8   1.168026 -0.537438 -0.063437 1.245847 0.508140 0.961369
  9   6.790376 -0.619176 0.015206 -0.000102 -0.000151 -1.489050
 10   8.637599 0.544015 -0.090417 -1.619252 -0.071225 -0.574607
 11   6.790465 -0.619039 0.017802 0.002461 -0.011708 -1.057498
 12   -2.022474 -0.104699 -2.873818 -0.150558 1.068745 -3.431911
 13   1.167898 -0.537463 0.063297 -1.049492 -0.190962 0.715854
 14   7.002743 -0.617765 -0.183752 0.000115 0.000023 -1.553743
 15   8.209042 0.615527 -0.255885 1.718786 0.095949 -0.511896
 16   7.002735 -0.617911 -0.183641 0.013497 0.008439 -1.106330
 17   1.574674 0.609930 -0.000899 -0.131000 -0.039894 0.340477
 18   -0.602177 0.511412 -0.000006 0.000000 0.000000 0.000000
 19   3.677679 0.177020 1.119313 -0.000002 -0.000014 -0.174510
 20   3.673767 0.176993 -1.117566 0.000007 -0.000003 -0.174546
 21   3.813447 1.330634 1.627658 0.013413 -0.095253 0.195285
 22   -0.296843 -0.011889 0.457925 -0.000011 0.000031 0.000025
 23   3.813464 1.330659 -1.631083 -0.013392 0.095268 0.195259
 24   -0.285214 -0.011872 -0.457915 -0.000005 -0.000006 0.000048
 25   4.941364 1.997338 1.629330 0.000018 -0.000001 -0.000024
 26   4.941382 1.997366 -1.629410 -0.000001 0.000005 -0.000024
 27   2.969151 1.646609 1.514501 -0.009571 0.067895 -0.296842
 28   2.971581 1.646215 -1.508955 0.009562 -0.067914 -0.296738
 29   8.824059 0.150544 0.091743 0.054726 -0.258857 -0.163375
 30   1.947017 -0.580711 1.940575 0.098507 -0.474072 0.003069
 31   2.289264 -0.533944 -1.623123 0.079597 -0.445997 0.004438
 32   -0.810489 -0.093824 3.127092 -0.062286 -3.257553 -0.200082
 33   14.298673 -0.408176 0.475484 -0.000052 -0.000029 -0.370660
 34   15.835795 0.581398 0.242756 -0.351176 0.087659 0.061033
 35   -0.815868 -0.091229 -3.114430 -0.023927 3.086536 -0.055823
 36   14.294526 -0.410349 -0.463635 0.000045 0.000048 -0.404462
 37   15.834409 0.579420 -0.284600 0.235380 0.041890 0.212734
 38   1.057651 -3.172490 -2.816000 0.087796 0.041189 -0.148153
 39   -4.457742 -1.054854 -0.746180 0.000000 0.000000 0.000000
 40   1.200135 -3.734934 3.229477 0.087796 0.041190 -0.148154
 41   -4.433840 -1.059130 0.959566 -0.000001 0.000000 0.000000
 42   -0.489494 1.677770 -2.192505 0.101593 0.171678 0.004098
 43   -0.605472 1.639982 3.037351 -0.010995 0.139797 0.020325
time 125
  0   7.606934 3.609485 3.113747 0.000000 0.000000 -1.571069
  1   -1.093036 0.000002 -0.326057 -1.450755 -1.694474 -0.336226
  2   2.262337 0.113614 0.064702 -0.009682 -0.007454 -0.026179
  3   2.380047 0.353302 0.047440 0.004290 -0.001982 -0.009081
  4   2.033756 0.190472 -0.000128 0.008234 -0.000072 -0.065958
  5   2.451511 0.204909 -0.003447 0.032659 0.095588 0.028493
  6   7.247600 -0.397300 -0.109469 0.000001 -0.000003 0.156829
  7   -2.022252 -0.104661 3.136172 0.558954 -1.260480 -3.836094
  8   1.168026 -0.537438 -0.063437 1.247176 0.508140 0.962318
  9   6.790376 -0.619176 0.015206 -0.000102 -0.000151 -1.489050
 10   8.637599 0.544015 -0.090417 -1.619252 -0.071225 -0.574607
 11   6.790465 -0.619039 0.017802 0.002461 -0.011708 -1.057498
 12   -2.022474 -0.104699 -2.873818 -0.149025 1.068397 -3.429996
 13   1.167898 -0.537463 0.063297 -1.050195 -0.190962 0.716641
 14   7.002743 -0.617765 -0.183752 0.000115 0.000023 -1.553743
 15   8.209042 0.615527 -0.255885 1.718786 0.095949 -0.511896
 16   7.002735 -0.617911 -0.183641 0.013497 0.008439 -1.106330
 17   1.574674 0.609930 -0.000899 -0.130553 -0.052225 0.339701
 18   -0.602177 0.511412 -0.000006 0.000000 0.000000 0.000000
 19   3.673773 0.177020 1.119313 -0.000002 -0.000014 -0.174510
 20   3.673767 0.176993 -1.117566 0.000007 -0.000003 -0.174546
 21   3.813447 1.330634 1.627658 0.013413 -0.095253 0.195285
 22   -0.296843 -0.011889 0.457925 -0.000011 0.000031 0.000025
 23   3.813464 1.330659 -1.631083 -0.013392 0.095268 0.195259
 24   -0.285214 -0.011872 -0.457915 -0.000005 -0.000006 0.000048
 25   4.941364 1.997338 1.629330 0.000018 -0.000001 -0.000024
 26   4.941382 1.997366 -1.629410 -0.000001 0.000005 -0.000024
 27   2.969151 1.654422 1.514501 -0.009571 0.067895 -0.296842
 28   2.971581 1.646215 -1.508955 0.009562 -0.067914 -0.296738
 29   8.824059 0.150544 0.091743 0.053835 -0.246157 -0.162892
 30   1.954830 -0.580711 1.932762 0.095063 -0.452888 0.002426
 31   2.277545 -0.541757 -1.634842 0.074587 -0.427192 0.003801
 32   -0.810489 -0.093824 3.127092 -0.062286 -3.269013 -0.198203
 33   14.298673 -0.408176 0.475484 -0.000052 -0.000029 -0.381458
 34   15.835795 0.581398 0.242756 -0.357754 0.094565 0.067472
 35   -0.815868 -0.091229 -3.114430 -0.026744 3.073138 -0.061027
 36   14.294526 -0.410349 -0.463635 0.000045 0.000048 -0.427944
 37   15.834409 0.579420 -0.284600 0.230592 0.049159 0.222773
 38   1.077183 -3.141239 -2.816000 0.096889 0.038538 -0.148214
 39   -4.457742 -1.054854 -0.746180 0.000000 0.000000 0.000000
 40   1.180603 -3.762279 3.229477 0.096889 0.038539 -0.148215
 41   -4.433840 -1.059130 0.959566 -0.000001 0.000000 0.000000
 42   -0.497307 1.677770 -2.196411 0.098046 0.169271 0.004015
 43   -0.613285 1.639982 3.037351 -0.010133 0.137820 0.020032
time 126
  0   7.767095 3.586047 3.078590 0.000000 0.000000 -1.571069
  1   -1.093036 0.000002 -0.326057 -1.474074 -1.700910 -0.315032
  2   2.262337 0.113614 0.064702 -0.010472 -0.007693 -0.026450
  3   2.380047 0.353302 0.047440 0.003855 -0.002077 -0.009244
  4   2.033756 0.190472 -0.000128 0.008013 -0.000120 -0.065958
  5   2.451511 0.204909 -0.003447 0.030605 0.095601 0.025967
  6   7.247600 -0.397300 -0.109469 0.000001 -0.000003 0.156829
  7   -2.022252 -0.104661 3.136172 0.562309 -1.259644 -3.839569
  8   1.168026 -0.537438 -0.063437 1.245847 0.508140 0.961369
  9   6.790376 -0.619176 0.015206 -0.000102 -0.000151 -1.489050
 10   8.637599 0.544015 -0.090417 -1.619252 -0.071225 -0.574607
 11   6.790465 -0.619039 0.017802 0.002461 -0.011708 -1.057498
 12   -2.022474 -0.104699 -2.873818 -0.147492 1.068658 -3.428560
 13   1.167898 -0.537463 0.063297 -1.049984 -0.191318 0.716217
 14   7.002743 -0.617765 -0.183752 0.000115 0.000023 -1.553743
 15   8.209042 0.615527 -0.255885 1.718786 0.095949 -0.511896
 16   7.002735 -0.617911 -0.183641 0.013497 0.008439 -1.106330
 17   1.574674 0.609930 -0.000899 -0.130797 -0.059704 0.342510
 18   -0.602177 0.511412 -0.000006 0.000000 0.000000 0.000000
 19   3.677679 0.177020 1.119313 -0.000002 -0.000014 -0.174510
 20   3.673767 0.176993 -1.117566 0.000007 -0.000003 -0.174546
 21   3.813447 1.330634 1.627658 0.013413 -0.095253 0.195285
 22   -0.296843 -0.011889 0.457925 -0.000011 0.000031 0.000025
 23   3.813464 1.330659 -1.631083 -0.013392 0.095268 0.195259
 24   -0.285214 -0.011872 -0.457915 -0.000005 -0.000006 0.000048
 25   4.941364 1.997338 1.629330 0.000018 -0.000001 -0.000024
 26   4.941382 1.997366 -1.629410 -0.000001 0.000005 -0.000024
 27   2.969151 1.646609 1.514501 -0.009571 0.067895 -0.296842
 28   2.971581 1.646215 -1.508955 0.009562 -0.067914 -0.296738
 29   8.824059 0.150544 0.091743 0.052855 -0.231202 -0.162302
 30   1.966549 -0.580711 1.921043 0.091049 -0.427983 0.001847
 31   2.265826 -0.549570 -1.646561 0.069439 -0.405202 0.003219
 32   -0.810489 -0.093824 3.127092 -0.063591 -3.275890 -0.192169
 33   14.298673 -0.408176 0.475484 -0.000052 -0.000029 -0.384158
 34   15.835795 0.581398 0.242756 -0.360469 0.098787 0.070824
 35   -0.815868 -0.091229 -3.114430 -0.029208 3.065737 -0.057850
 36   14.294526 -0.410349 -0.463635 0.000045 0.000048 -0.433969
 37   15.834409 0.579420 -0.284600 0.229292 0.054406 0.225815
 38   1.088902 -3.117801 -2.808187 0.105982 0.036188 -0.148214
 39   -4.457742 -1.054854 -0.746180 0.000000 0.000000 0.000000
 40   1.168884 -3.785717 3.221664 0.105982 0.036189 -0.148215
 41   -4.433840 -1.059130 0.959566 -0.000001 0.000000 0.000000
 42   -0.501213 1.677770 -2.204224 0.094439 0.166419 0.003931
 43   -0.613285 1.639982 3.037351 -0.009346 0.135497 0.019698
time 127
  0   7.872567 3.523545 3.078590 0.000000 0.000000 -1.571069
  1   -1.093036 0.000002 -0.326057 -1.464327 -1.708041 -0.330032
  2   2.262337 0.113614 0.064702 -0.010459 -0.007693 -0.027516
  3   2.380047 0.353302 0.047440 0.003855 -0.002065 -0.009836
  4   2.033756 0.190472 -0.000128 0.008031 -0.000132 -0.066248
  5   2.451511 0.204909 -0.003447 0.029989 0.094713 0.022970
  6   7.247600 -0.397300 -0.109469 0.000001 -0.000003 0.156829
  7   -2.022252 -0.104661 3.136172 0.561926 -1.259817 -3.839005
  8   1.168026 -0.537438 -0.063437 1.244961 0.508291 0.960483
  9   6.790376 -0.619176 0.015206 -0.000102 -0.000151 -1.489050
 10   8.637599 0.544015 -0.090417 -1.619252 -0.071225 -0.574607
 11   6.790465 -0.619039 0.017802 0.002461 -0.011708 -1.057498
 12   -2.022474 -0.104699 -2.873818 -0.146055 1.068106 -3.427220
 13   1.167898 -0.537463 0.063297 -1.049000 -0.191369 0.715309
 14   7.002743 -0.617765 -0.183752 0.000115 0.000023 -1.553743
 15   8.209042 0.615527 -0.255885 1.718786 0.095949 -0.511896
 16   7.002735 -0.617911 -0.183641 0.013497 0.008439 -1.106330
 17   1.574674 0.609930 -0.000899 -0.133112 -0.052722 0.337853
 18   -0.602177 0.511412 -0.000006 0.000000 0.000000 0.000000
 19   3.673773 0.177020 1.119313 -0.000002 -0.000014 -0.174510
 20   3.673767 0.176993 -1.117566 0.000007 -0.000003 -0.174546
 21   3.813447 1.330634 1.627658 0.013413 -0.095253 0.195285
 22   -0.296843 -0.011889 0.457925 -0.000011 0.000031 0.000025
 23   3.813464 1.338472 -1.631083 -0.013392 0.095268 0.195259
 24   -0.285214 -0.011872 -0.457915 -0.000005 -0.000006 0.000048
 25   4.941364 1.997338 1.629330 0.000018 -0.000001 -0.000024
 26   4.941382 1.997366 -1.629410 -0.000001 0.000005 -0.000024
 27   2.969151 1.654422 1.514501 -0.009571 0.067895 -0.296842
 28   2.971581 1.646215 -1.508955 0.009562 -0.067914 -0.296738
 29   8.824059 0.150544 0.091743 0.051696 -0.214205 -0.161658
 30   1.974362 -0.572898 1.901511 0.086479 -0.399736 0.001332
 31   2.246294 -0.553476 -1.658280 0.064214 -0.380233 0.002673
 32   -0.810489 -0.093824 3.127092 -0.064150 -3.276940 -0.185282
 33   14.298673 -0.408176 0.475484 -0.000052 -0.000029 -0.387413
 34   15.835795 0.581398 0.242756 -0.364678 0.101764 0.075102
 35   -0.815868 -0.091229 -3.114430 -0.037393 3.065362 -0.049798
 36   14.294526 -0.410349 -0.463635 0.000045 0.000048 -0.432965
 37   15.834409 0.579420 -0.284600 0.232267 0.058501 0.226525
 38   1.096715 -3.090456 -2.804281 0.115033 0.034091 -0.148275
 39   -4.457742 -1.054854 -0.746180 0.000000 0.000000 0.000000
 40   1.157165 -3.809155 3.217758 0.115033 0.034092 -0.148276
 41   -4.433840 -1.059130 0.959566 -0.000001 0.000000 0.000000
 42   -0.509026 1.685583 -2.215943 0.090783 0.163138 0.003848
 43   -0.621098 1.639982 3.029538 -0.008596 0.132830 0.019321
time 128
  0   7.903818 3.504013 3.078590 0.000000 0.000000 -1.571069
  1   -1.093036 0.000002 -0.326057 -1.462126 -1.713551 -0.335742
  2   2.262337 0.113614 0.064702 -0.009924 -0.008269 -0.028113
  3   2.380047 0.353302 0.047440 0.004140 -0.002353 -0.010142
  4   2.033756 0.190472 -0.000128 0.008142 -0.000276 -0.066466
  5   2.451511 0.204909 -0.003447 0.031444 0.093760 0.022054
  6   7.247600 -0.397300 -0.109469 0.000001 -0.000003 0.156829
  7   -2.022252 -0.104661 3.136172 0.560871 -1.259471 -3.838254
  8   1.168026 -0.537438 -0.063437 1.244961 0.509247 0.960610
  9   6.790376 -0.619176 0.015206 -0.000102 -0.000151 -1.489050
 10   8.637599 0.544015 -0.090417 -1.619252 -0.071225 -0.574607
 11   6.790465 -0.619039 0.017802 0.002461 -0.011708 -1.057498
 12   -2.022474 -0.104699 -2.873818 -0.148258 1.068426 -3.429422
 13   1.167898 -0.537463 0.063297 -1.048086 -0.191573 0.714522
 14   7.002743 -0.617765 -0.183752 0.000115 0.000023 -1.553743
 15   8.209042 0.615527 -0.255885 1.718786 0.095949 -0.511896
 16   7.002735 -0.617911 -0.183641 0.013497 0.008439 -1.106330
 17   1.574674 0.609930 -0.000899 -0.136362 -0.053029 0.336079
 18   -0.602177 0.511412 -0.000006 0.000000 0.000000 0.000000
 19   3.673773 0.177020 1.119313 -0.000002 -0.000014 -0.174510
 20   3.673767 0.176993 -1.117566 0.000007 -0.000003 -0.174546
 21   3.813447 1.330634 1.627658 0.013413 -0.095253 0.195285
 22   -0.296843 -0.011889 0.457925 -0.000011 0.000031 0.000025
 23   3.813464 1.330659 -1.631083 -0.013392 0.095268 0.195259
 24   -0.285214 -0.011872 -0.457915 -0.000005 -0.000006 0.000048
 25   4.941364 1.997338 1.629330 0.000018 -0.000001 -0.000024
 26   4.941382 1.997366 -1.629410 -0.000001 0.000005 -0.000024
 27   2.969151 1.646609 1.514501 -0.009571 0.067895 -0.296842
 28   2.971581 1.646215 -1.508955 0.009562 -0.067914 -0.296738
 29   8.824059 0.150544 0.091743 0.050359 -0.195500 -0.160907
 30   1.989987 -0.572898 1.889792 0.081421 -0.368526 0.000839
 31   2.234575 -0.553476 -1.673906 0.058882 -0.352648 0.002163
 32   -0.810489 -0.093824 3.127092 -0.065641 -3.275985 -0.180386
 33   14.298673 -0.408176 0.475484 -0.000052 -0.000029 -0.390430
 34   15.835795 0.581398 0.242756 -0.366932 0.102960 0.078189
 35   -0.815868 -0.091229 -3.114430 -0.043554 3.066487 -0.044156
 36   14.294526 -0.410349 -0.463635 0.000045 0.000048 -0.433428
 37   15.834409 0.579420 -0.284600 0.234986 0.059985 0.227691
 38   1.108434 -3.063112 -2.804281 0.123958 0.032259 -0.148275
 39   -4.457742 -1.054854 -0.746180 0.000000 0.000000 0.000000
 40   1.149352 -3.840406 3.217758 0.123958 0.032273 -0.148276
 41   -4.433840 -1.059130 0.959566 -0.000001 0.000000 0.000000
 42   -0.512932 1.685583 -2.227662 0.087128 0.159443 0.003806
 43   -0.621098 1.647795 3.025632 -0.007859 0.129801 0.018861
time 129
  0   7.935069 3.472762 3.043433 0.000000 0.000000 -1.571069
  1   -1.093036 0.000002 -0.326057 -1.467262 -1.715311 -0.331290
  2   2.262337 0.113614 0.064702 -0.009631 -0.008496 -0.028384
  3   2.380047 0.353302 0.047440 0.004275 -0.002533 -0.010264
  4   2.033756 0.190472 -0.000128 0.008234 -0.000312 -0.066538
  5   2.451511 0.204909 -0.003447 0.031889 0.093329 0.021038
  6   7.247600 -0.397300 -0.109469 0.000001 -0.000003 0.156829
  7   -2.022252 -0.104661 3.136172 0.560296 -1.259298 -3.837597
  8   1.168026 -0.537438 -0.063437 1.244708 0.509549 0.959914
  9   6.790376 -0.619176 0.015206 -0.000102 -0.000151 -1.488824
 10   8.637599 0.544015 -0.090417 -1.619252 -0.071225 -0.574607
 11   6.790465 -0.619039 0.017802 0.002461 -0.011708 -1.057325
 12   -2.022474 -0.104699 -2.873818 -0.147588 1.068513 -3.429039
 13   1.167898 -0.537463 0.063297 -1.047875 -0.192030 0.714825
 14   7.002743 -0.617765 -0.183752 0.000115 0.000023 -1.553743
 15   8.209042 0.615527 -0.255885 1.718786 0.095949 -0.511896
 16   7.002735 -0.617911 -0.183641 0.013497 0.008439 -1.106330
 17   1.574674 0.609930 -0.000899 -0.137621 -0.056272 0.337853
 18   -0.602177 0.511412 -0.000006 0.000000 0.000000 0.000000
 19   3.677679 0.177020 1.119313 -0.000002 -0.000014 -0.174510
 20   3.673767 0.176993 -1.117566 0.000007 -0.000003 -0.174546
 21   3.813447 1.330634 1.627658 0.013413 -0.095253 0.195285
 22   -0.296843 -0.011889 0.457925 -0.000011 0.000031 0.000025
 23   3.813464 1.330659 -1.631083 -0.013392 0.095268 0.195259
 24   -0.285214 -0.011872 -0.457915 -0.000005 -0.000006 0.000048
 25   4.941364 1.997338 1.629330 0.000018 -0.000001 -0.000024
 26   4.941382 1.997366 -1.629410 -0.000001 0.000005 -0.000024
 27   2.969151 1.646609 1.514501 -0.009571 0.067895 -0.296842
 28   2.971581 1.646215 -1.508955 0.009562 -0.067914 -0.296738
 29   8.824059 0.150544 0.091743 0.048933 -0.175204 -0.160049
 30   2.005613 -0.572898 1.866354 0.075943 -0.334758 0.000410
 31   2.215043 -0.561289 -1.689531 0.053504 -0.322784 0.001727
 32   -0.810489 -0.093824 3.127092 -0.065082 -3.276558 -0.178337
 33   14.298673 -0.408176 0.475484 -0.000052 -0.000029 -0.393527
 34   15.835795 0.581398 0.242756 -0.367875 0.102960 0.080747
 35   -0.815868 -0.091229 -3.114430 -0.043466 3.065362 -0.041746
 36   14.294526 -0.410349 -0.463635 0.000045 0.000048 -0.434896
 37   15.834409 0.579420 -0.284600 0.234651 0.060293 0.229770
 38   1.120153 -3.043580 -2.796468 0.132588 0.030657 -0.148398
 39   -4.457742 -1.054854 -0.746180 0.000000 0.000000 0.000000
 40   1.137633 -3.859938 3.209945 0.132588 0.030658 -0.148399
 41   -4.433840 -1.059130 0.959566 -0.000001 0.000000 0.000000
 42   -0.520745 1.685583 -2.239381 0.083449 0.155380 0.003638
 43   -0.625004 1.647795 3.025632 -0.007197 0.126522 0.018401
time 130
  0   7.935069 3.406354 3.043433 0.000000 0.000000 -1.571069
  1   -1.093036 0.000002 -0.326057 -1.472030 -1.717394 -0.324129
  2   2.262337 0.113614 0.064702 -0.009096 -0.009072 -0.029197
  3   2.380047 0.353302 0.047440 0.004560 -0.002797 -0.010713
  4   2.033756 0.190472 -0.000128 0.008363 -0.000419 -0.066756
  5   2.451511 0.204909 -0.003447 0.033686 0.092363 0.018661
  6   7.247600 -0.397300 -0.109469 0.000001 -0.000003 0.156829
  7   -2.022252 -0.104661 3.136172 0.557804 -1.259471 -3.835155
  8   1.168026 -0.537438 -0.063437 1.243759 0.510354 0.959408
  9   6.790376 -0.619176 0.015206 -0.000102 -0.000151 -1.488824
 10   8.637599 0.544015 -0.090417 -1.619252 -0.071225 -0.574607
 11   6.790465 -0.619039 0.017802 0.002461 -0.011708 -1.057325
 12   -2.022474 -0.104699 -2.873818 -0.148833 1.068832 -3.429996
 13   1.167898 -0.537463 0.063297 -1.046891 -0.191725 0.713796
 14   7.002743 -0.617765 -0.183752 0.000115 0.000023 -1.553743
 15   8.209042 0.615527 -0.255885 1.718786 0.095949 -0.511896
 16   7.002735 -0.617911 -0.183641 0.013497 0.008439 -1.106330
 17   1.574674 0.609930 -0.000899 -0.139733 -0.060840 0.343693
 18   -0.602177 0.511412 -0.000006 0.000000 0.000000 0.000000
 19   3.673773 0.177020 1.119313 -0.000002 -0.000014 -0.174510
 20   3.673767 0.176993 -1.117566 0.000007 -0.000003 -0.174546
 21   3.813447 1.330634 1.627658 0.013413 -0.095253 0.195285
 22   -0.296843 -0.011889 0.457925 -0.000011 0.000031 0.000025
 23   3.813464 1.330659 -1.631083 -0.013392 0.095268 0.195259
 24   -0.285214 -0.011872 -0.457915 -0.000005 -0.000006 0.000048
 25   4.941364 1.997338 1.629330 0.000018 -0.000001 -0.000024
 26   4.941382 1.997366 -1.629410 -0.000001 0.000005 -0.000024
 27   2.969151 1.646609 1.514501 -0.009571 0.067895 -0.296842
 28   2.971581 1.646215 -1.508955 0.009562 -0.067914 -0.296738
 29   8.824059 0.150544 0.091743 0.047418 -0.153579 -0.159244
 30   2.017332 -0.568992 1.846822 0.070112 -0.298752 0.000024
 31   2.195511 -0.561289 -1.709063 0.048126 -0.290951 0.001308
 32   -0.810489 -0.093824 3.127092 -0.063684 -3.277704 -0.177427
 33   14.298673 -0.408176 0.475484 -0.000052 -0.000029 -0.398529
 34   15.835795 0.581398 0.242756 -0.368128 0.103204 0.084628
 35   -0.815868 -0.091229 -3.114430 -0.038802 3.062739 -0.040102
 36   14.294526 -0.410349 -0.463635 0.000045 0.000048 -0.439453
 37   15.834409 0.579420 -0.284600 0.230947 0.061342 0.233167
 38   1.127966 -3.020142 -2.796468 0.140966 0.029235 -0.148398
 39   -4.457742 -1.054854 -0.746180 0.000000 0.000000 0.000000
 40   1.129820 -3.883376 3.209945 0.140966 0.029236 -0.148399
 41   -4.433840 -1.059130 0.959566 -0.000001 0.000000 0.000000
 42   -0.532464 1.685583 -2.255007 0.079733 0.150964 0.003597
 43   -0.625004 1.647795 3.017819 -0.006547 0.122929 0.017858
time 131
  0   7.935069 3.339946 3.043433 0.000000 0.000000 -1.571069
  1   -1.093036 0.000002 -0.326057 -1.477794 -1.719941 -0.312903
  2   2.262337 0.113614 0.064702 -0.008268 -0.009060 -0.029992
  3   2.380047 0.353302 0.047440 0.004995 -0.002785 -0.011142
  4   2.033756 0.190472 -0.000128 0.008566 -0.000443 -0.067046
  5   2.451511 0.204909 -0.003447 0.035586 0.092468 0.016333
  6   7.247600 -0.397300 -0.109469 0.000001 -0.000003 0.156829
  7   -2.022252 -0.104661 3.136172 0.556845 -1.259817 -3.834122
  8   1.168026 -0.537438 -0.063437 1.242936 0.510958 0.958775
  9   6.790376 -0.619176 0.015206 -0.000102 -0.000151 -1.489050
 10   8.637599 0.544015 -0.090417 -1.619252 -0.071225 -0.574607
 11   6.790465 -0.619039 0.017802 0.002461 -0.011708 -1.057498
 12   -2.022474 -0.104699 -2.873818 -0.150558 1.068455 -3.431241
 13   1.167898 -0.537463 0.063297 -1.045485 -0.192793 0.712888
 14   7.002743 -0.617765 -0.183752 0.000115 0.000023 -1.553743
 15   8.209042 0.615527 -0.255885 1.718786 0.095949 -0.511896
 16   7.002735 -0.617911 -0.183641 0.013497 0.008439 -1.106330
 17   1.574674 0.609930 -0.000899 -0.143714 -0.056911 0.348572
 18   -0.602177 0.511412 -0.000006 0.000000 0.000000 0.000000
 19   3.677679 0.177020 1.119313 -0.000002 -0.000014 -0.174510
 20   3.673767 0.176993 -1.117566 0.000007 -0.000003 -0.174546
 21   3.813447 1.330634 1.627658 0.013413 -0.095253 0.195285
 22   -0.296843 -0.011889 0.457925 -0.000011 0.000031 0.000025
 23   3.813464 1.330659 -1.631083 -0.013392 0.095268 0.195259
 24   -0.285214 -0.011872 -0.457915 -0.000005 -0.000006 0.000048
 25   4.941364 1.997338 1.629330 0.000018 -0.000001 -0.000024
 26   4.941382 1.997366 -1.629410 -0.000001 0.000005 -0.000024
 27   2.969151 1.646609 1.514501 -0.009571 0.067895 -0.296842
 28   2.971581 1.646215 -1.508955 0.009562 -0.067914 -0.296738
 29   8.824059 0.150544 0.091743 0.045725 -0.130838 -0.158332
 30   2.029051 -0.568992 1.827290 0.063983 -0.260887 -0.000341
 31   2.172073 -0.561289 -1.728595 0.042733 -0.257434 0.000944
 32   -0.810489 -0.093824 3.127092 -0.062565 -3.279423 -0.172930
 33   14.298673 -0.408176 0.475484 -0.000052 -0.000029 -0.399402
 34   15.835795 0.581398 0.242756 -0.363068 0.103155 0.088377
 35   -0.815868 -0.091229 -3.114430 -0.034049 3.060584 -0.033584
 36   14.294526 -0.410349 -0.463635 0.000045 0.000048 -0.438990
 37   15.834409 0.579420 -0.284600 0.232148 0.061854 0.236259
 38   1.131872 -3.000610 -2.792562 0.148880 0.027969 -0.148398
 39   -4.457742 -1.054854 -0.746180 0.000000 0.000000 0.000000
 40   1.125914 -3.902908 3.206039 0.148880 0.027970 -0.148399
 41   -4.433840 -1.059130 0.959566 -0.000001 0.000000 0.000000
 42   -0.540277 1.685583 -2.266726 0.076030 0.146257 0.003429
 43   -0.632817 1.647795 3.013913 -0.005960 0.119069 0.017314
time 132
  0   7.927256 3.226661 3.039526 0.000000 0.000000 -1.571069
  1   -1.093036 0.000002 -0.326057 -1.489847 -1.722534 -0.285515
  2   2.262337 0.113614 0.064702 -0.008000 -0.009299 -0.031040
  3   2.380047 0.353302 0.047440 0.005145 -0.002904 -0.011754
  4   2.033756 0.190472 -0.000128 0.008640 -0.000503 -0.067336
  5   2.451511 0.204909 -0.003447 0.036904 0.092572 0.012965
  6   7.247600 -0.397300 -0.109469 0.000001 -0.000003 0.156829
  7   -2.022252 -0.104661 3.136172 0.555791 -1.260480 -3.832901
  8   1.168026 -0.537438 -0.063437 1.240848 0.512065 0.957004
  9   6.790376 -0.619176 0.015206 -0.000102 -0.000151 -1.489050
 10   8.637599 0.544015 -0.090417 -1.619252 -0.071225 -0.574607
 11   6.790465 -0.619039 0.017802 0.002461 -0.011708 -1.057498
 12   -2.022474 -0.104699 -2.873818 -0.151037 1.067236 -3.431624
 13   1.167898 -0.537463 0.063297 -1.044290 -0.193759 0.711798
 14   7.002743 -0.617765 -0.183752 0.000115 0.000023 -1.553743
 15   8.209042 0.615527 -0.255885 1.718786 0.095949 -0.511896
 16   7.002735 -0.617911 -0.183641 0.013497 0.008439 -1.106330
 17   1.574674 0.609930 -0.000899 -0.155413 -0.047113 0.354892
 18   -0.602177 0.511412 -0.000006 0.000000 0.000000 0.000000
 19   3.677679 0.177020 1.119313 -0.000002 -0.000014 -0.174510
 20   3.673767 0.176993 -1.117566 0.000007 -0.000003 -0.174546
 21   3.813447 1.330634 1.627658 0.013413 -0.095253 0.195285
 22   -0.296843 -0.011889 0.457925 -0.000011 0.000031 0.000025
 23   3.813464 1.330659 -1.631083 -0.013392 0.095268 0.195259
 24   -0.285214 -0.011872 -0.457915 -0.000005 -0.000006 0.000048
 25   4.941364 1.997338 1.629330 0.000018 -0.000001 -0.000024
 26   4.941382 1.997366 -1.629410 -0.000001 0.000005 -0.000024
 27   2.969151 1.646609 1.514501 -0.009571 0.067895 -0.296842
 28   2.971581 1.646215 -1.501142 0.009562 -0.067914 -0.296738
 29   8.824059 0.150544 0.091743 0.044032 -0.107242 -0.157420
 30   2.048583 -0.568992 1.811665 0.057623 -0.221568 -0.000641
 31   2.152541 -0.561289 -1.740314 0.037401 -0.222675 0.000617
 32   -0.810489 -0.093824 3.127092 -0.060794 -3.283148 -0.166554
 33   14.298673 -0.408176 0.475484 -0.000052 -0.000029 -0.399958
 34   15.835795 0.581398 0.242756 -0.350440 0.103326 0.092787
 35   -0.815868 -0.091229 -3.114430 -0.030352 3.058055 -0.024217
 36   14.294526 -0.410349 -0.463635 0.000045 0.000048 -0.438372
 37   15.834409 0.579420 -0.284600 0.243852 0.062263 0.241837
 38   1.139685 -2.977172 -2.792562 0.156353 0.026885 -0.148459
 39   -4.457742 -1.054854 -0.746180 0.000000 0.000000 0.000000
 40   1.118101 -3.930253 3.206039 0.156353 0.026886 -0.148460
 41   -4.433840 -1.059130 0.959566 -0.000001 0.000000 0.000000
 42   -0.544183 1.685583 -2.278445 0.072339 0.141259 0.003346
 43   -0.632817 1.647795 3.006100 -0.005410 0.115004 0.016728
time 133
  0   7.927256 3.132908 3.039526 0.000000 0.000000 -1.571069
  1   -1.093036 0.000002 -0.326057 -1.502266 -1.725266 -0.259821
  2   2.262337 0.113614 0.064702 -0.007733 -0.009060 -0.031564
  3   2.380047 0.353302 0.047440 0.005280 -0.002785 -0.011999
  4   2.033756 0.190472 -0.000128 0.008732 -0.000419 -0.067481
  5   2.451511 0.204909 -0.003447 0.037195 0.093094 0.010538
  6   7.247600 -0.397300 -0.109469 0.000001 -0.000003 0.156829
  7   -2.022252 -0.104661 3.136172 0.555599 -1.260278 -3.833371
  8   1.168026 -0.537438 -0.063437 1.239709 0.512870 0.956498
  9   6.790376 -0.619176 0.015206 -0.000102 -0.000151 -1.489503
 10   8.637599 0.544015 -0.090417 -1.619252 -0.071225 -0.574607
 11   6.790465 -0.619039 0.017802 0.002461 -0.011708 -1.057844
 12   -2.022474 -0.104699 -2.873818 -0.150941 1.067323 -3.431911
 13   1.167898 -0.537463 0.063297 -1.042884 -0.194217 0.710527
 14   7.002743 -0.617765 -0.183752 0.000115 0.000023 -1.553743
 15   8.209042 0.615527 -0.255885 1.718786 0.095949 -0.511896
 16   7.002735 -0.617911 -0.183641 0.013497 0.008439 -1.106330
 17   1.574674 0.609930 -0.000899 -0.163943 -0.044296 0.361286
 18   -0.602177 0.511412 -0.000006 0.000000 0.000000 0.000000
 19   3.673773 0.177020 1.119313 -0.000002 -0.000014 -0.174510
 20   3.673767 0.176993 -1.117566 0.000007 -0.000003 -0.174546
 21   3.813447 1.330634 1.627658 0.013413 -0.095253 0.195285
 22   -0.296843 -0.011889 0.457925 -0.000011 0.000031 0.000025
 23   3.813464 1.330659 -1.631083 -0.013392 0.095268 0.195259
 24   -0.285214 -0.011872 -0.457915 -0.000005 -0.000006 0.000048
 25   4.941364 1.997338 1.629330 0.000018 -0.000001 -0.000024
 26   4.941382 1.997366 -1.629410 -0.000001 0.000005 -0.000024
 27   2.969151 1.646609 1.514501 -0.009571 0.067895 -0.296842
 28   2.971581 1.646215 -1.508955 0.009562 -0.067914 -0.296738
 29   8.824059 0.150544 0.091743 0.042160 -0.082958 -0.156508
 30   2.060302 -0.568992 1.784320 0.051087 -0.181117 -0.000941
 31   2.129103 -0.569102 -1.759846 0.032084 -0.186931 0.000326
 32   -0.810489 -0.093824 3.127092 -0.060235 -3.287446 -0.159838
 33   14.298673 -0.408176 0.475484 -0.000052 -0.000029 -0.398529
 34   15.835795 0.581398 0.242756 -0.338387 0.103082 0.095389
 35   -0.815868 -0.091229 -3.114430 -0.029296 3.055806 -0.014905
 36   14.294526 -0.410349 -0.463635 0.000045 0.000048 -0.436441
 37   15.834409 0.579420 -0.284600 0.256028 0.062827 0.245893
 38   1.139685 -2.957640 -2.784749 0.163236 0.025897 -0.148459
 39   -4.457742 -1.054854 -0.746180 0.000000 0.000000 0.000000
 40   1.118101 -3.945878 3.198226 0.163236 0.025898 -0.148460
 41   -4.433840 -1.059130 0.959566 -0.000001 0.000000 0.000000
 42   -0.551996 1.685583 -2.297977 0.068648 0.136000 0.003178
 43   -0.632817 1.655608 3.006100 -0.004873 0.110721 0.016101
time 134
  0   7.923349 3.058687 3.039526 0.000000 0.000000 -1.571069
  1   -1.093036 0.000002 -0.326057 -1.509603 -1.727072 -0.245498
  2   2.262337 0.113614 0.064702 -0.007465 -0.008748 -0.031835
  3   2.380047 0.353302 0.047440 0.005430 -0.002641 -0.012162
  4   2.033756 0.190472 -0.000128 0.008769 -0.000371 -0.067481
  5   2.451511 0.204909 -0.003447 0.037743 0.093682 0.009597
  6   7.247600 -0.397300 -0.109469 0.000001 -0.000003 0.156829
  7   -2.022252 -0.104661 3.136172 0.555599 -1.260941 -3.833371
  8   1.168026 -0.537438 -0.063437 1.239266 0.512518 0.955865
  9   6.790376 -0.619176 0.015206 -0.000102 -0.000151 -1.489503
 10   8.637599 0.544015 -0.090417 -1.619252 -0.071225 -0.574607
 11   6.790465 -0.619039 0.017802 0.002461 -0.011708 -1.057844
 12   -2.022474 -0.104699 -2.873818 -0.151803 1.066423 -3.432294
 13   1.167898 -0.537463 0.063297 -1.042181 -0.194776 0.709982
 14   7.002743 -0.617765 -0.183752 0.000115 0.000023 -1.553743
 15   8.209042 0.615527 -0.255885 1.718786 0.095949 -0.511896
 16   7.002735 -0.617911 -0.183641 0.013497 0.008439 -1.106330
 17   1.574674 0.609930 -0.000899 -0.168086 -0.042805 0.364982
 18   -0.602177 0.511412 -0.000006 0.000000 0.000000 0.000000
 19   3.673773 0.177020 1.119313 -0.000002 -0.000014 -0.174510
 20   3.673767 0.176993 -1.117566 0.000007 -0.000003 -0.174546
 21   3.813447 1.330634 1.627658 0.013413 -0.095253 0.195285
 22   -0.296843 -0.011889 0.457925 -0.000011 0.000031 0.000025
 23   3.813464 1.330659 -1.631083 -0.013392 0.095268 0.195259
 24   -0.285214 -0.011872 -0.457915 -0.000005 -0.000006 0.000048
 25   4.941364 1.997338 1.629330 0.000018 -0.000001 -0.000024
 26   4.941382 1.997366 -1.629410 -0.000001 0.000005 -0.000024
 27   2.969151 1.646609 1.514501 -0.009571 0.067895 -0.296842
 28   2.971581 1.646215 -1.501142 0.009562 -0.067914 -0.296738
 29   8.824059 0.150544 0.091743 0.040289 -0.058223 -0.155543
 30   2.079834 -0.561179 1.776507 0.044402 -0.139938 -0.001220
 31   2.113477 -0.569102 -1.783284 0.026890 -0.150487 0.000053
 32   -0.810489 -0.093824 3.127092 -0.060515 -3.289547 -0.154032
 33   14.298673 -0.408176 0.475484 -0.000052 -0.000029 -0.396544
 34   15.835795 0.581398 0.242756 -0.330359 0.102838 0.096712
 35   -0.815868 -0.091229 -3.114430 -0.029296 3.055338 -0.008058
 36   14.294526 -0.410349 -0.463635 0.000045 0.000048 -0.433969
 37   15.834409 0.579420 -0.284600 0.262983 0.062263 0.247667
 38   1.147498 -2.938108 -2.784749 0.169466 0.025005 -0.148459
 39   -4.457742 -1.054854 -0.746180 0.000000 0.000000 0.000000
 40   1.110288 -3.965410 3.198226 0.169466 0.025006 -0.148460
 41   -4.433840 -1.059130 0.959566 -0.000001 0.000000 0.000000
 42   -0.551996 1.689489 -2.309696 0.064968 0.130511 0.003095
 43   -0.636723 1.655608 2.994381 -0.004398 0.106249 0.015432
time 135
  0   7.915537 2.953215 3.039526 0.000000 0.000000 -1.571069
  1   -1.093036 0.000002 -0.326057 -1.526162 -1.729248 -0.213562
  2   2.262337 0.113614 0.064702 -0.007465 -0.008772 -0.032938
  3   2.380047 0.353302 0.047440 0.005430 -0.002629 -0.012754
  4   2.033756 0.190472 -0.000128 0.008769 -0.000359 -0.067734
  5   2.451511 0.204909 -0.003447 0.038085 0.094713 0.006650
  6   7.247600 -0.397300 -0.109469 0.000001 -0.000003 0.156829
  7   -2.022252 -0.104661 3.136172 0.556270 -1.261489 -3.833934
  8   1.168026 -0.537438 -0.063437 1.237937 0.513977 0.955043
  9   6.790376 -0.619176 0.015206 -0.000102 -0.000151 -1.489503
 10   8.637599 0.544015 -0.090417 -1.619252 -0.071225 -0.574607
 11   6.790465 -0.619039 0.017802 0.002461 -0.011708 -1.057844
 12   -2.022474 -0.104699 -2.873818 -0.152091 1.065872 -3.432294
 13   1.167898 -0.537463 0.063297 -1.041057 -0.195590 0.708953
 14   7.002743 -0.617765 -0.183752 0.000115 0.000023 -1.553743
 15   8.209042 0.615527 -0.255885 1.718786 0.095949 -0.511896
 16   7.002735 -0.617911 -0.183641 0.013497 0.008439 -1.106330
 17   1.574674 0.609930 -0.000899 -0.178160 -0.040888 0.369602
 18   -0.602177 0.511412 -0.000006 0.000000 0.000000 0.000000
 19   3.677679 0.177020 1.119313 -0.000002 -0.000014 -0.174510
 20   3.673767 0.176993 -1.117566 0.000007 -0.000003 -0.174546
 21   3.813447 1.330634 1.627658 0.013413 -0.095253 0.195285
 22   -0.296843 -0.011889 0.457925 -0.000011 0.000031 0.000025
 23   3.813464 1.330659 -1.631083 -0.013392 0.095268 0.195259
 24   -0.285214 -0.011872 -0.457915 -0.000005 -0.000006 0.000048
 25   4.941364 1.997338 1.629330 0.000018 -0.000001 -0.000024
 26   4.941382 1.997366 -1.629410 -0.000001 0.000005 -0.000024
 27   2.969151 1.646609 1.514501 -0.009571 0.067895 -0.296842
 28   2.971581 1.646215 -1.501142 0.009562 -0.067914 -0.296738
 29   8.824059 0.150544 0.091743 0.038328 -0.033251 -0.154523
 30   2.091553 -0.561179 1.753069 0.037676 -0.098382 -0.001456
 31   2.090039 -0.569102 -1.802816 0.021788 -0.113733 -0.000166
 32   -0.810489 -0.093824 3.127092 -0.060701 -3.294131 -0.146518
 33   14.298673 -0.408176 0.475484 -0.000052 -0.000029 -0.392971
 34   15.835795 0.581398 0.242756 -0.314833 0.102960 0.099843
 35   -0.815868 -0.091229 -3.114430 -0.026920 3.052152 0.001308
 36   14.294526 -0.410349 -0.463635 0.000045 0.000048 -0.431420
 37   15.834409 0.579420 -0.284600 0.276656 0.062494 0.252383
 38   1.147498 -2.926389 -2.784749 0.174981 0.024161 -0.148459
 39   -4.457742 -1.054854 -0.746180 0.000000 0.000000 0.000000
 40   1.110288 -3.977129 3.198226 0.174981 0.024175 -0.148460
 41   -4.433840 -1.059130 0.959566 -0.000001 0.000000 0.000000
 42   -0.563715 1.689489 -2.329228 0.061313 0.124807 0.002927
 43   -0.636723 1.659514 2.994381 -0.003936 0.101620 0.014763
time 136
  0   7.903818 2.816492 3.027807 0.000000 0.000000 -1.571069
  1   -1.093036 0.000002 -0.326057 -1.550372 -1.730869 -0.174513
  2   2.262337 0.113614 0.064702 -0.007185 -0.008772 -0.034311
  3   2.380047 0.353302 0.047440 0.005580 -0.002617 -0.013468
  4   2.033756 0.190472 -0.000128 0.008861 -0.000323 -0.068169
  5   2.451511 0.204909 -0.003447 0.038804 0.095301 0.002811
  6   7.247600 -0.397300 -0.109469 0.000001 -0.000003 0.156829
  7   -2.022252 -0.104661 3.136172 0.555408 -1.261662 -3.832995
  8   1.168026 -0.537438 -0.063437 1.236608 0.514782 0.954284
  9   6.790376 -0.619176 0.015206 -0.000102 -0.000151 -1.489503
 10   8.637599 0.544015 -0.090417 -1.619252 -0.071225 -0.574607
 11   6.790465 -0.619039 0.017802 0.002461 -0.011708 -1.057844
 12   -2.022474 -0.104699 -2.873818 -0.152474 1.064682 -3.432964
 13   1.167898 -0.537463 0.063297 -1.039370 -0.196607 0.707379
 14   7.002743 -0.617765 -0.183752 0.000115 0.000023 -1.553743
 15   8.209042 0.615527 -0.255885 1.718786 0.095949 -0.511896
 16   7.002735 -0.617911 -0.183641 0.013497 0.008439 -1.106330
 17   1.574674 0.609930 -0.000899 -0.185593 -0.041527 0.369787
 18   -0.602177 0.511412 -0.000006 0.000000 0.000000 0.000000
 19   3.673773 0.177020 1.119313 -0.000002 -0.000014 -0.174510
 20   3.673767 0.176993 -1.117566 0.000007 -0.000003 -0.174546
 21   3.813447 1.330634 1.627658 0.013413 -0.095253 0.195285
 22   -0.296843 -0.011889 0.457925 -0.000011 0.000031 0.000025
 23   3.813464 1.330659 -1.631083 -0.013392 0.095268 0.195259
 24   -0.285214 -0.011872 -0.457915 -0.000005 -0.000006 0.000048
 25   4.941364 1.997338 1.629330 0.000018 -0.000001 -0.000024
 26   4.941382 1.997366 -1.629410 -0.000001 0.000005 -0.000024
 27   2.969151 1.646609 1.514501 -0.009571 0.067895 -0.296842
 28   2.971581 1.646215 -1.501142 0.009562 -0.067914 -0.296738
 29   8.824059 0.150544 0.091743 0.036278 -0.008302 -0.153558
 30   2.111085 -0.561179 1.725724 0.030950 -0.056826 -0.001649
 31   2.070507 -0.569102 -1.822348 0.016808 -0.077031 -0.000366
 32   -0.810489 -0.093824 3.127092 -0.059769 -3.299097 -0.140996
 33   14.298673 -0.408176 0.475484 -0.000052 -0.000029 -0.392971
 34   15.835795 0.581398 0.242756 -0.301837 0.102789 0.103548
 35   -0.815868 -0.091229 -3.114430 -0.024103 3.048217 0.008210
 36   14.294526 -0.410349 -0.463635 0.000045 0.000048 -0.432965
 37   15.834409 0.579420 -0.284600 0.289384 0.062545 0.258518
 38   1.155311 -2.914670 -2.780843 0.179675 0.023378 -0.148459
 39   -4.457742 -1.054854 -0.746180 0.000000 0.000000 0.000000
 40   1.106382 -3.988848 3.190413 0.179675 0.023379 -0.148460
 41   -4.433840 -1.059130 0.959566 -0.000001 0.000000 0.000000
 42   -0.571528 1.689489 -2.344853 0.057718 0.118950 0.002760
 43   -0.644536 1.659514 2.986568 -0.003511 0.096849 0.014052
time 137
  0   7.896005 2.679769 3.027807 0.000000 0.000000 -1.571069
  1   -1.093036 0.000002 -0.326057 -1.577359 -1.732721 -0.126609
  2   2.262337 0.113614 0.064702 -0.006383 -0.008245 -0.036154
  3   2.380047 0.353302 0.047440 0.006015 -0.002269 -0.014468
  4   2.033756 0.190472 -0.000128 0.009101 -0.000192 -0.068604
  5   2.451511 0.204909 -0.003447 0.040978 0.097938 -0.002885
  6   7.247600 -0.397300 -0.109469 0.000001 -0.000003 0.156829
  7   -2.022252 -0.104661 3.136172 0.554545 -1.262988 -3.832150
  8   1.168026 -0.537438 -0.063437 1.233887 0.516140 0.951880
  9   6.790376 -0.619176 0.015206 -0.000102 -0.000151 -1.490031
 10   8.637599 0.544015 -0.090417 -1.619252 -0.071225 -0.574607
 11   6.790465 -0.619039 0.017802 0.002461 -0.011708 -1.058363
 12   -2.022474 -0.104699 -2.873818 -0.153624 1.063347 -3.433730
 13   1.167898 -0.537463 0.063297 -1.036769 -0.198031 0.704897
 14   7.002743 -0.617765 -0.183752 0.000115 0.000023 -1.553743
 15   8.209042 0.615527 -0.255885 1.718786 0.095949 -0.511896
 16   7.002735 -0.617911 -0.183641 0.013497 0.008439 -1.106330
 17   1.574674 0.609930 -0.000899 -0.195830 -0.041598 0.375147
 18   -0.602177 0.511412 -0.000006 0.000000 0.000000 0.000000
 19   3.673773 0.177020 1.119313 -0.000002 -0.000014 -0.174510
 20   3.673767 0.176993 -1.117566 0.000007 -0.000003 -0.174546
 21   3.813447 1.330634 1.627658 0.013413 -0.095253 0.195285
 22   -0.296843 -0.011889 0.457925 -0.000011 0.000031 0.000025
 23   3.813464 1.330659 -1.631083 -0.013392 0.095268 0.195259
 24   -0.285214 -0.011872 -0.457915 -0.000005 -0.000006 0.000048
 25   4.941364 1.997338 1.629330 0.000018 -0.000001 -0.000024
 26   4.941382 1.997366 -1.629410 -0.000001 0.000005 -0.000024
 27   2.969151 1.646609 1.514501 -0.009571 0.067895 -0.296842
 28   2.971581 1.646215 -1.508955 0.009562 -0.067914 -0.296738
 29   8.824059 0.150544 0.091743 0.034228 0.016386 -0.152538
 30   2.118898 -0.561179 1.710099 0.024292 -0.015648 -0.001799
 31   2.050975 -0.573008 -1.837973 0.011997 -0.040588 -0.000548
 32   -0.810489 -0.093824 3.127092 -0.058930 -3.306833 -0.131946
 33   14.298673 -0.408176 0.475484 -0.000052 -0.000029 -0.389557
 34   15.835795 0.581398 0.242756 -0.282377 0.102179 0.107385
 35   -0.815868 -0.091229 -3.114430 -0.023047 3.044563 0.020480
 36   14.294526 -0.410349 -0.463635 0.000045 0.000048 -0.430416
 37   15.834409 0.579420 -0.284600 0.309677 0.062443 0.265514
 38   1.159217 -2.902951 -2.773030 0.183485 0.022631 -0.148459
 39   -4.457742 -1.054854 -0.746180 0.000000 0.000000 0.000000
 40   1.098569 -4.004474 3.186507 0.183485 0.022620 -0.148460
 41   -4.433840 -1.059130 0.959566 -0.000001 0.000000 0.000000
 42   -0.575434 1.689489 -2.364385 0.054134 0.112940 0.002677
 43   -0.644536 1.659514 2.982662 -0.003124 0.091954 0.013341
time 138
  0   7.892098 2.539140 3.027807 0.000000 0.000000 -1.571069
  1   -1.093036 0.000002 -0.326057 -1.594495 -1.735731 -0.095544
  2   2.262337 0.113614 0.064702 -0.006115 -0.007669 -0.037257
  3   2.380047 0.353302 0.047440 0.006150 -0.002006 -0.015039
  4   2.033756 0.190472 -0.000128 0.009156 -0.000060 -0.068894
  5   2.451511 0.204909 -0.003447 0.042262 0.099074 -0.006253
  6   7.247600 -0.397300 -0.109469 0.000001 -0.000003 0.156829
  7   -2.022252 -0.104661 3.136172 0.554257 -1.263391 -3.832713
  8   1.168026 -0.537438 -0.063437 1.232748 0.516694 0.950931
  9   6.790376 -0.619176 0.015206 -0.000102 -0.000151 -1.490031
 10   8.637599 0.544015 -0.090417 -1.619252 -0.071225 -0.574607
 11   6.790465 -0.619039 0.017802 0.002461 -0.011708 -1.058363
 12   -2.022474 -0.104699 -2.873818 -0.154007 1.061837 -3.434113
 13   1.167898 -0.537463 0.063297 -1.035363 -0.199404 0.704292
 14   7.002743 -0.617765 -0.183752 0.000115 0.000023 -1.553413
 15   8.209042 0.615527 -0.255885 1.718786 0.095949 -0.511896
 16   7.002735 -0.617911 -0.183641 0.013497 0.008439 -1.106054
 17   1.574674 0.609930 -0.000899 -0.201598 -0.037504 0.381134
 18   -0.602177 0.511412 -0.000006 0.000000 0.000000 0.000000
 19   3.677679 0.177020 1.119313 -0.000002 -0.000014 -0.174510
 20   3.673767 0.176993 -1.117566 0.000007 -0.000003 -0.174546
 21   3.813447 1.330634 1.627658 0.013413 -0.095253 0.195285
 22   -0.296843 -0.011889 0.457925 -0.000011 0.000031 0.000025
 23   3.813464 1.330659 -1.631083 -0.013392 0.095268 0.195259
 24   -0.285214 -0.011872 -0.457915 -0.000005 -0.000006 0.000048
 25   4.941364 1.997338 1.629330 0.000018 -0.000001 -0.000024
 26   4.941382 1.997366 -1.629410 -0.000001 0.000005 -0.000024
 27   2.969151 1.654422 1.514501 -0.009571 0.067895 -0.296842
 28   2.971581 1.646215 -1.501142 0.009562 -0.067914 -0.296738
 29   8.824059 0.150544 0.091743 0.032179 0.040670 -0.151626
 30   2.130617 -0.561179 1.682754 0.017756 0.024746 -0.001949
 31   2.027537 -0.573008 -1.853599 0.007385 -0.004844 -0.000675
 32   -0.810489 -0.093824 3.127092 -0.057066 -3.311035 -0.124546
 33   14.298673 -0.408176 0.475484 -0.000052 -0.000029 -0.389557
 34   15.835795 0.581398 0.242756 -0.270278 0.102057 0.111839
 35   -0.815868 -0.091229 -3.114430 -0.019174 3.041846 0.030449
 36   14.294526 -0.410349 -0.463635 0.000045 0.000048 -0.429952
 37   15.834409 0.579420 -0.284600 0.320356 0.062187 0.270940
 38   1.159217 -2.895138 -2.773030 0.186263 0.021848 -0.148459
 39   -4.457742 -1.054854 -0.746180 0.000000 0.000000 0.000000
 40   1.098569 -4.012286 3.186507 0.186263 0.021849 -0.148460
 41   -4.433840 -1.059130 0.959566 -0.000001 0.000000 0.000000
 42   -0.583247 1.689489 -2.383917 0.050623 0.106838 0.002509
 43   -0.644536 1.667327 2.974849 -0.002749 0.086980 0.012630
time 139
  0   7.884286 2.468825 3.027807 0.000000 0.000000 -1.571069
  1   -1.093036 0.000002 -0.326057 -1.599892 -1.737722 -0.083592
  2   2.262337 0.113614 0.064702 -0.005848 -0.007669 -0.037799
  3   2.380047 0.353302 0.047440 0.006300 -0.002006 -0.015325
  4   2.033756 0.190472 -0.000128 0.009230 -0.000048 -0.069039
  5   2.451511 0.204909 -0.003447 0.042621 0.099609 -0.008160
  6   7.247600 -0.397300 -0.109469 0.000001 -0.000003 0.156829
  7   -2.022252 -0.104661 3.136172 0.552052 -1.263190 -3.830178
  8   1.168026 -0.537438 -0.063437 1.232052 0.517247 0.950425
  9   6.790376 -0.619176 0.015206 -0.000102 -0.000151 -1.490786
 10   8.637599 0.544015 -0.090417 -1.619252 -0.071225 -0.574607
 11   6.790465 -0.619039 0.017802 0.002461 -0.011708 -1.058767
 12   -2.022474 -0.104699 -2.873818 -0.155444 1.061721 -3.434879
 13   1.167898 -0.537463 0.063297 -1.034660 -0.199353 0.703868
 14   7.002743 -0.617765 -0.183752 0.000115 0.000023 -1.553743
 15   8.209042 0.615527 -0.255885 1.718786 0.095949 -0.511896
 16   7.002735 -0.617911 -0.183641 0.013497 0.008439 -1.106330
 17   1.574674 0.609930 -0.000899 -0.205132 -0.034451 0.384719
 18   -0.602177 0.511412 -0.000006 0.000000 0.000000 0.000000
 19   3.677679 0.177020 1.119313 -0.000002 -0.000014 -0.174510
 20   3.673767 0.176993 -1.117566 0.000007 -0.000003 -0.174546
 21   3.813447 1.330634 1.627658 0.013413 -0.095253 0.195285
 22   -0.296843 -0.011889 0.457925 -0.000011 0.000031 0.000025
 23   3.813464 1.330659 -1.631083 -0.013392 0.095268 0.195259
 24   -0.285214 -0.011872 -0.457915 -0.000005 -0.000006 0.000048
 25   4.941364 1.997338 1.629330 0.000018 -0.000001 -0.000024
 26   4.941382 1.997366 -1.629410 -0.000001 0.000005 -0.000024
 27   2.969151 1.646609 1.514501 -0.009571 0.067895 -0.296842
 28   2.971581 1.646215 -1.508955 0.009562 -0.067914 -0.296738
 29   8.824059 0.150544 0.091743 0.030040 0.064313 -0.150714
 30   2.150149 -0.561179 1.667129 0.011383 0.064093 -0.002099
 31   2.004099 -0.573008 -1.873131 0.003003 0.029890 -0.000821
 32   -0.810489 -0.093824 3.127092 -0.056786 -3.312659 -0.120163
 33   14.298673 -0.408176 0.475484 -0.000052 -0.000029 -0.389001
 34   15.835795 0.581398 0.242756 -0.264344 0.101935 0.113603
 35   -0.815868 -0.091229 -3.114430 -0.017326 3.040066 0.035269
 36   14.294526 -0.410349 -0.463635 0.000045 0.000048 -0.429489
 37   15.834409 0.579420 -0.284600 0.324966 0.062238 0.273170
 38   1.159217 -2.887325 -2.773030 0.188010 0.021028 -0.148459
 39   -4.457742 -1.054854 -0.746180 0.000000 0.000000 0.000000
 40   1.098569 -4.012286 3.186507 0.188010 0.021029 -0.148460
 41   -4.433840 -1.059130 0.959566 -0.000001 0.000000 0.000000
 42   -0.583247 1.689489 -2.395636 0.047135 0.100628 0.002384
 43   -0.644536 1.667327 2.967036 -0.002424 0.081943 0.011877
time 140
  0   7.884286 2.371166 2.984837 0.000000 0.000000 -1.571069
  1   -1.093036 0.000002 -0.326057 -1.615456 -1.742630 -0.057269
  2   2.262337 0.113614 0.064702 -0.005020 -0.007657 -0.038377
  3   2.380047 0.353302 0.047440 0.006735 -0.001994 -0.015631
  4   2.033756 0.190472 -0.000128 0.009433 -0.000036 -0.069184
  5   2.451511 0.204909 -0.003447 0.044504 0.100170 -0.010042
  6   7.247600 -0.397300 -0.109469 0.000001 -0.000003 0.156829
  7   -2.022252 -0.104661 3.136172 0.548506 -1.262383 -3.826233
  8   1.168026 -0.537438 -0.063437 1.228002 0.517499 0.946313
  9   6.790376 -0.619176 0.015206 -0.000102 -0.000151 -1.490031
 10   8.637599 0.544015 -0.090417 -1.619252 -0.071225 -0.574607
 11   6.790465 -0.619039 0.017802 0.002461 -0.011708 -1.058363
 12   -2.022474 -0.104699 -2.873818 -0.156115 1.061692 -3.435645
 13   1.167898 -0.537463 0.063297 -1.032621 -0.200218 0.702052
 14   7.002743 -0.617765 -0.183752 0.000115 0.000023 -1.553083
 15   8.209042 0.615527 -0.255885 1.718786 0.095949 -0.511896
 16   7.002735 -0.617911 -0.183641 0.013497 0.008439 -1.105778
 17   1.574674 0.609930 -0.000899 -0.214149 -0.028345 0.392777
 18   -0.602177 0.511412 -0.000006 0.000000 0.000000 0.000000
 19   3.673773 0.177020 1.119313 -0.000002 -0.000014 -0.174510
 20   3.673767 0.176993 -1.117566 0.000007 -0.000003 -0.174546
 21   3.813447 1.330634 1.627658 0.013413 -0.095253 0.195285
 22   -0.296843 -0.011889 0.457925 -0.000011 0.000031 0.000025
 23   3.813464 1.330659 -1.631083 -0.013392 0.095268 0.195259
 24   -0.285214 -0.011872 -0.457915 -0.000005 -0.000006 0.000048
 25   4.941364 1.997338 1.629330 0.000018 -0.000001 -0.000024
 26   4.941382 1.997366 -1.629410 -0.000001 0.000005 -0.000024
 27   2.969151 1.646609 1.514501 -0.009571 0.067895 -0.296842
 28   2.971581 1.646215 -1.508955 0.009562 -0.067914 -0.296738
 29   8.824059 0.150544 0.091743 0.027990 0.087054 -0.149802
 30   2.165774 -0.561179 1.647597 0.005240 0.101930 -0.002185
 31   1.984567 -0.580821 -1.884850 -0.001103 0.063381 -0.000930
 32   -0.810489 -0.093824 3.127092 -0.057066 -3.314760 -0.114414
 33   14.298673 -0.408176 0.475484 -0.000052 -0.000029 -0.393527
 34   15.835795 0.581398 0.242756 -0.253234 0.100959 0.119116
 35   -0.815868 -0.091229 -3.114430 -0.015390 3.038286 0.043212
 36   14.294526 -0.410349 -0.463635 0.000045 0.000048 -0.432965
 37   15.834409 0.579420 -0.284600 0.334206 0.061470 0.279610
 38   1.159217 -2.887325 -2.773030 0.188642 0.020173 -0.148459
 39   -4.457742 -1.054854 -0.746180 0.000000 0.000000 0.000000
 40   1.098569 -4.012286 3.186507 0.188642 0.020174 -0.148460
 41   -4.433840 -1.059130 0.959566 -0.000001 0.000000 0.000000
 42   -0.594966 1.689489 -2.415168 0.043744 0.094357 0.002217
 43   -0.652349 1.667327 2.963130 -0.002124 0.076843 0.011166
time 141
  0   7.798346 2.265694 2.922335 0.000000 0.000000 -1.571069
  1   -1.093036 0.000002 -0.326057 -1.657640 -1.749020 0.001861
  2   2.262337 0.113614 0.064702 -0.003657 -0.008700 -0.038630
  3   2.380047 0.353302 0.047440 0.007531 -0.002581 -0.015794
  4   2.033756 0.190472 -0.000128 0.009820 -0.000312 -0.069402
  5   2.451511 0.204909 -0.003447 0.048424 0.097820 -0.010884
  6   7.247600 -0.397300 -0.109469 0.000001 -0.000003 0.156829
  7   -2.022252 -0.104661 3.136172 0.526267 -1.256617 -3.803976
  8   1.168026 -0.537438 -0.063437 1.225281 0.514228 0.944225
  9   6.790376 -0.619176 0.015206 -0.000102 -0.000151 -1.500144
 10   8.637599 0.544015 -0.090417 -1.617491 -0.074745 -0.574100
 11   6.790465 -0.619039 0.017802 0.002461 -0.011708 -1.065341
 12   -2.022474 -0.104699 -2.873818 -0.157935 1.061286 -3.437177
 13   1.167898 -0.537463 0.063297 -1.033957 -0.197370 0.704292
 14   7.002743 -0.617765 -0.183752 0.000115 0.000023 -1.556548
 15   8.209042 0.615527 -0.255885 1.720224 0.101926 -0.505401
 16   7.002735 -0.617911 -0.183641 0.013497 0.008439 -1.108206
 17   1.574674 0.609930 -0.000899 -0.230479 -0.020133 0.402609
 18   -0.602177 0.511412 -0.000006 0.000000 0.000000 0.000000
 19   3.677679 0.177020 1.119313 -0.000002 -0.000014 -0.174510
 20   3.673767 0.176993 -1.117566 0.000007 -0.000003 -0.174546
 21   3.813447 1.330634 1.627658 0.013413 -0.095253 0.195285
 22   -0.296843 -0.011889 0.457925 -0.000011 0.000031 0.000025
 23   3.813464 1.330659 -1.631083 -0.013392 0.095268 0.195259
 24   -0.285214 -0.011872 -0.457915 -0.000005 -0.000006 0.000048
 25   4.941364 1.997338 1.629330 0.000018 -0.000001 -0.000024
 26   4.941382 1.997366 -1.629410 -0.000001 0.000005 -0.000024
 27   2.969151 1.646609 1.514501 -0.009571 0.067895 -0.296842
 28   2.971581 1.646215 -1.508955 0.009562 -0.067914 -0.296738
 29   8.824059 0.150544 0.091743 0.025851 0.108679 -0.148998
 30   2.173587 -0.561179 1.628065 -0.000564 0.137935 -0.002292
 31   1.965035 -0.580821 -1.904382 -0.004995 0.095214 -0.001021
 32   -0.810489 -0.093824 3.127092 -0.058837 -3.319535 -0.109746
 33   14.298673 -0.408176 0.475484 -0.000052 -0.000029 -0.406389
 34   15.835795 0.581398 0.242756 -0.235154 0.098616 0.129613
 35   -0.815868 -0.091229 -3.114430 -0.031584 3.036787 0.047320
 36   14.294526 -0.410349 -0.463635 0.000045 0.000048 -0.451581
 37   15.834409 0.579420 -0.284600 0.367661 0.057887 0.296290
 38   1.159217 -2.895138 -2.773030 0.187484 0.019233 -0.147542
 39   -4.457742 -1.054854 -0.746180 0.000000 0.000000 0.000000
 40   1.098569 -4.012286 3.186507 0.187484 0.019234 -0.147543
 41   -4.433840 -1.059130 0.959566 -0.000001 0.000000 0.000000
 42   -0.594966 1.689489 -2.438606 0.040400 0.088071 0.002049
 43   -0.652349 1.667327 2.955317 -0.001837 0.071728 0.010413
time 142
  0   7.767095 2.234443 2.879365 0.000000 0.000000 -1.571069
  1   -1.093036 0.000002 -0.326057 -1.682479 -1.749946 0.030410
  2   2.262337 0.113614 0.064702 -0.002855 -0.009491 -0.037853
  3   2.380047 0.353302 0.047440 0.007966 -0.002988 -0.015386
  4   2.033756 0.190472 -0.000128 0.010023 -0.000515 -0.069112
  5   2.451511 0.204909 -0.003447 0.050529 0.095862 -0.008878
  6   7.247600 -0.397300 -0.109469 0.000001 -0.000003 0.156829
  7   -2.022252 -0.104661 3.136172 0.525596 -1.252553 -3.802943
  8   1.168026 -0.537438 -0.063437 1.211043 0.518002 0.935812
  9   6.790376 -0.619176 0.015206 -0.000102 -0.000151 -1.482862
 10   8.637599 0.544015 -0.090417 -1.613704 -0.084036 -0.571713
 11   6.790465 -0.619039 0.017802 0.002432 -0.011708 -1.053230
 12   -2.022474 -0.104699 -2.873818 -0.160522 1.062505 -3.440049
 13   1.167898 -0.537463 0.063297 -1.029458 -0.203676 0.697875
 14   7.002743 -0.617765 -0.183752 0.000115 0.000023 -1.527836
 15   8.209042 0.615527 -0.255885 1.724610 0.118193 -0.486879
 16   7.002735 -0.617911 -0.183641 0.013497 0.008270 -1.088116
 17   1.574674 0.609930 -0.000899 -0.233200 -0.020559 0.401130
 18   -0.602177 0.511412 -0.000006 0.000000 0.000000 0.000000
 19   3.677679 0.177020 1.119313 -0.000002 -0.000014 -0.174510
 20   3.673767 0.176993 -1.117566 0.000007 -0.000003 -0.174546
 21   3.813447 1.330634 1.627658 0.013413 -0.095253 0.195285
 22   -0.296843 -0.011889 0.457925 -0.000011 0.000031 0.000025
 23   3.813464 1.330659 -1.631083 -0.013392 0.095268 0.195259
 24   -0.285214 -0.011872 -0.457915 -0.000005 -0.000006 0.000048
 25   4.941364 1.997338 1.629330 0.000018 -0.000001 -0.000024
 26   4.941382 1.997366 -1.629410 -0.000001 0.000005 -0.000024
 27   2.969151 1.646609 1.514501 -0.009571 0.067895 -0.296842
 28   2.971581 1.646215 -1.501142 0.009562 -0.067914 -0.296738
 29   8.824059 0.150544 0.091743 0.023801 0.128927 -0.148139
 30   2.193119 -0.561179 1.604627 -0.006029 0.171732 -0.002335
 31   1.945503 -0.580821 -1.923914 -0.008596 0.125104 -0.001094
 32   -0.810489 -0.093824 3.127092 -0.062286 -3.319726 -0.115040
 33   14.298673 -0.408176 0.475484 -0.000052 -0.000029 -0.420363
 34   15.835795 0.581398 0.242756 -0.228530 0.096981 0.136978
 35   -0.815868 -0.091229 -3.114430 -0.048131 3.039129 0.040528
 36   14.294526 -0.410349 -0.463635 0.000045 0.000048 -0.469115
 37   15.834409 0.579420 -0.284600 0.387875 0.054482 0.306836
 38   1.159217 -2.902951 -2.773030 0.184243 0.018196 -0.144976
 39   -4.457742 -1.054854 -0.746180 0.000000 0.000000 0.000000
 40   1.098569 -4.004474 3.186507 0.184243 0.018197 -0.144977
 41   -4.433840 -1.059130 0.959566 -0.000001 0.000000 0.000000
 42   -0.598872 1.689489 -2.458138 0.037140 0.081800 0.001924
 43   -0.656255 1.671233 2.951411 -0.001587 0.066581 0.009661
time 143
  0   7.556151 2.265694 2.816863 0.000000 0.000000 -1.571069
  1   -1.093036 0.000002 -0.326057 -1.728331 -1.747909 0.072508
  2   2.262337 0.113614 0.064702 -0.000944 -0.011385 -0.035395
  3   2.380047 0.353302 0.047440 0.008971 -0.004079 -0.014060
  4   2.033756 0.190472 -0.000128 0.010521 -0.001091 -0.068459
  5   2.451511 0.204909 -0.003447 0.055219 0.092781 -0.002365
  6   7.247600 -0.397300 -0.109469 0.000001 -0.000003 0.156829
  7   -2.022252 -0.104661 3.136172 0.578413 -1.246528 -3.853562
  8   1.168026 -0.537438 -0.063437 1.108212 0.586983 0.864264
  9   6.790376 -0.619176 0.015206 -0.000102 -0.000151 -1.259176
 10   8.637599 0.544015 -0.090417 -1.609741 -0.097903 -0.565853
 11   6.790465 -0.619039 0.017802 0.001468 -0.011651 -0.896758
 12   -2.022474 -0.104699 -2.873818 -0.181887 1.068774 -3.458623
 13   1.167898 -0.537463 0.063297 -0.975964 -0.299127 0.640125
 14   7.002743 -0.617765 -0.183752 0.000115 0.000023 -1.298801
 15   8.209042 0.615527 -0.255885 1.732375 0.142631 -0.457892
 16   7.002735 -0.617911 -0.183641 0.013780 0.006973 -0.927781
 17   1.574674 0.609930 -0.000899 -0.225726 -0.037291 0.391705
 18   -0.602177 0.511412 -0.000006 0.000000 0.000000 0.000000
 19   3.677679 0.177020 1.119313 -0.000002 -0.000014 -0.174510
 20   3.673767 0.176993 -1.117566 0.000007 -0.000003 -0.174546
 21   3.813447 1.330634 1.627658 0.013413 -0.095253 0.195285
 22   -0.296843 -0.011889 0.457925 -0.000011 0.000031 0.000025
 23   3.813464 1.330659 -1.631083 -0.013392 0.095268 0.195259
 24   -0.285214 -0.011872 -0.457915 -0.000005 -0.000006 0.000048
 25   4.941364 1.997338 1.629330 0.000018 -0.000001 -0.000024
 26   4.941382 1.997366 -1.629410 -0.000001 0.000005 -0.000024
 27   2.969151 1.646609 1.514501 -0.009571 0.067895 -0.296842
 28   2.971581 1.646215 -1.508955 0.009562 -0.067914 -0.296738
 29   8.824059 0.150544 0.091743 0.021751 0.147681 -0.147495
 30   2.204838 -0.553366 1.592908 -0.011060 0.202914 -0.002420
 31   1.929878 -0.580821 -1.935633 -0.011844 0.152689 -0.001130
 32   -0.810489 -0.093824 3.127092 -0.072818 -3.315524 -0.126197
 33   14.298673 -0.408176 0.475484 -0.000052 -0.000029 -0.437831
 34   15.835795 0.581398 0.242756 -0.222204 0.091417 0.144255
 35   -0.815868 -0.091229 -3.114430 -0.021727 3.028074 0.015988
 36   14.294526 -0.410349 -0.463635 0.000045 0.000048 -0.517238
 37   15.834409 0.579420 -0.284600 0.338304 0.084838 0.360175
 38   1.159217 -2.914670 -2.773030 0.179043 0.017124 -0.140944
 39   -4.457742 -1.054854 -0.746180 0.000000 0.000000 0.000000
 40   1.098569 -3.988848 3.186507 0.179043 0.017125 -0.140884
 41   -4.433840 -1.059130 0.959566 -0.000001 0.000000 0.000000
 42   -0.606685 1.689489 -2.469857 0.033976 0.075529 0.001756
 43   -0.656255 1.679046 2.943598 -0.001362 0.061497 0.008908
time 144
  0   7.130357 2.296945 2.707485 0.000000 0.000000 -1.571069
  1   -1.093036 0.000002 -0.326057 -1.772663 -1.745825 0.114654
  2   2.262337 0.113614 0.064702 -0.001186 -0.014597 -0.032414
  3   2.380047 0.353302 0.047440 0.008806 -0.005865 -0.012550
  4   2.033756 0.190472 -0.000128 0.010447 -0.001965 -0.067734
  5   2.451511 0.204909 -0.003447 0.053747 0.084595 0.005585
  6   7.247600 -0.397300 -0.109469 0.000001 -0.000003 0.156829
  7   -2.022252 -0.104661 3.136172 0.675422 -1.229492 -3.945973
  8   1.168026 -0.537438 -0.063437 0.931470 0.787888 0.821627
  9   6.790376 -0.619176 0.015206 -0.000102 -0.000151 -0.837615
 10   8.637599 0.544015 -0.090417 -1.607980 -0.114797 -0.554640
 11   6.790465 -0.619039 0.017802 -0.000225 -0.011395 -0.601578
 12   -2.022474 -0.104699 -2.873818 -0.208425 1.076436 -3.483420
 13   1.167898 -0.537463 0.063297 -0.884512 -0.479248 0.565546
 14   7.002743 -0.617765 -0.183752 0.000115 0.000023 -0.919194
 15   8.209042 0.615527 -0.255885 1.744167 0.173122 -0.420186
 16   7.002735 -0.617911 -0.183641 0.014156 0.004943 -0.662083
 17   1.574674 0.609930 -0.000899 -0.202004 -0.069502 0.367902
 18   -0.602177 0.511412 -0.000006 0.000000 0.000000 0.000000
 19   3.673773 0.177020 1.119313 -0.000002 -0.000014 -0.174510
 20   3.673767 0.176993 -1.117566 0.000007 -0.000003 -0.174546
 21   3.813447 1.330634 1.627658 0.013413 -0.095253 0.195285
 22   -0.296843 -0.011889 0.457925 -0.000011 0.000031 0.000025
 23   3.813464 1.330659 -1.631083 -0.013392 0.095268 0.195259
 24   -0.285214 -0.011872 -0.457915 -0.000005 -0.000006 0.000048
 25   4.941364 1.997338 1.629330 0.000018 -0.000001 -0.000024
 26   4.941382 1.997366 -1.629410 -0.000001 0.000005 -0.000024
 27   2.969151 1.646609 1.514501 -0.009571 0.067895 -0.296842
 28   2.971581 1.646215 -1.508955 0.009562 -0.067914 -0.296738
 29   8.824059 0.150544 0.091743 0.019702 0.164629 -0.146744
 30   2.212651 -0.553366 1.573376 -0.015643 0.231160 -0.002442
 31   1.910346 -0.580821 -1.947352 -0.014755 0.177658 -0.001185
 32   -0.810489 -0.093824 3.127092 -0.085588 -3.299670 -0.145152
 33   14.298673 -0.408176 0.475484 -0.000052 -0.000029 -0.472369
 34   15.835795 0.581398 0.242756 -0.210312 0.079093 0.156824
 35   -0.815868 -0.091229 -3.114430 -0.023223 3.007181 -0.039335
 36   14.294526 -0.410349 -0.463635 0.000045 0.000048 -0.622599
 37   15.834409 0.579420 -0.284600 0.148473 0.101066 0.341314
 38   1.159217 -2.938108 -2.780843 0.172181 0.015979 -0.135507
 39   -4.457742 -1.054854 -0.746180 0.000000 0.000000 0.000000
 40   1.098569 -3.965410 3.190413 0.172181 0.015980 -0.135508
 41   -4.433840 -1.059130 0.959566 -0.000001 0.000000 0.000000
 42   -0.614498 1.689489 -2.489389 0.030896 0.069335 0.001589
 43   -0.656255 1.679046 2.931879 -0.001162 0.056460 0.008197
time 145
  0   6.263143 2.293039 2.754361 0.000000 0.000000 -1.571069
  1   -1.093036 0.000002 -0.326057 -1.728278 -1.733971 0.077008
  2   2.262337 0.113614 0.064702 -0.002396 -0.012907 -0.031239
  3   2.380047 0.353302 0.047440 0.008176 -0.004942 -0.011897
  4   2.033756 0.190472 -0.000128 0.010152 -0.001546 -0.067372
  5   2.451511 0.204909 -0.003447 0.050375 0.087781 0.008111
  6   7.247600 -0.397300 -0.109469 0.000001 -0.000003 0.156829
  7   -2.022252 -0.104661 3.136172 0.680886 -1.234277 -3.951983
  8   1.168026 -0.537438 -0.063437 0.871290 0.862252 0.833773
  9   6.790376 -0.619176 0.015206 -0.000102 -0.000151 -0.701019
 10   8.637599 0.544015 -0.090417 -1.610534 -0.133239 -0.536409
 11   6.790465 -0.619039 0.017802 -0.000809 -0.011253 -0.505953
 12   -2.022474 -0.104699 -2.873818 -0.214174 1.095795 -3.489738
 13   1.167898 -0.537463 0.063297 -0.808243 -0.576479 0.552168
 14   7.002743 -0.617765 -0.183752 0.000115 0.000023 -0.770024
 15   8.209042 0.615527 -0.255885 1.760489 0.207320 -0.374963
 16   7.002735 -0.617911 -0.183641 0.014298 0.004210 -0.557658
 17   1.574674 0.609930 -0.000899 -0.166583 -0.092080 0.317635
 18   -0.602177 0.511412 -0.000006 0.000000 0.000000 0.000000
 19   3.677679 0.177020 1.119313 -0.000002 -0.000014 -0.174510
 20   3.673767 0.176993 -1.117566 0.000007 -0.000003 -0.174546
 21   3.813447 1.330634 1.627658 0.013413 -0.095253 0.195285
 22   -0.296843 -0.011889 0.457925 -0.000011 0.000031 0.000025
 23   3.813464 1.330659 -1.631083 -0.013392 0.095268 0.195259
 24   -0.285214 -0.011872 -0.457915 -0.000005 -0.000006 0.000048
 25   4.941364 1.997338 1.629330 0.000018 -0.000001 -0.000024
 26   4.941382 1.997366 -1.629410 -0.000001 0.000005 -0.000024
 27   2.969151 1.646609 1.514501 -0.009571 0.067895 -0.296842
 28   2.971581 1.646215 -1.501142 0.009562 -0.067914 -0.296738
 29   8.824059 0.150544 0.091743 0.017741 0.179584 -0.146154
 30   2.224370 -0.553366 1.561657 -0.019684 0.256065 -0.002485
 31   1.902533 -0.580821 -1.959071 -0.017314 0.199648 -0.001203
 32   -0.810489 -0.093824 3.127092 -0.085681 -3.262042 -0.155398
 33   14.298673 -0.408176 0.475484 -0.000052 -0.000029 -0.466970
 34   15.835795 0.581398 0.242756 -0.196327 0.053152 0.146328
 35   -0.815868 -0.091229 -3.114430 -0.017414 3.034913 -0.028599
 36   14.294526 -0.410349 -0.463635 0.000045 0.000048 -0.584904
 37   15.834409 0.579420 -0.284600 0.113738 0.076469 0.323264
 38   1.159217 -2.961546 -2.784749 0.163825 0.014798 -0.128908
 39   -4.457742 -1.054854 -0.746180 0.000000 0.000000 0.000000
 40   1.098569 -3.941972 3.198226 0.163825 0.014799 -0.128971
 41   -4.433840 -1.059130 0.959566 -0.000001 0.000000 0.000000
 42   -0.618404 1.697302 -2.505014 0.027912 0.063217 0.001506
 43   -0.656255 1.679046 2.931879 -0.000975 0.051470 0.007486
time 146
  0   5.696719 2.293039 2.797331 0.000000 0.000000 -1.571069
  1   -1.093036 0.000002 -0.326057 -1.686147 -1.725729 0.039459
  2   2.262337 0.113614 0.064702 -0.003275 -0.011457 -0.030715
  3   2.380047 0.353302 0.047440 0.007741 -0.004163 -0.011550
  4   2.033756 0.190472 -0.000128 0.009931 -0.001114 -0.067191
  5   2.451511 0.204909 -0.003447 0.048321 0.090496 0.009052
  6   7.247600 -0.397300 -0.109469 0.000001 -0.000003 0.156829
  7   -2.022252 -0.104661 3.136172 0.682323 -1.237592 -3.954143
  8   1.168026 -0.537438 -0.063437 0.843700 0.894202 0.840605
  9   6.790376 -0.619176 0.015206 -0.000102 -0.000151 -0.648569
 10   8.637599 0.544015 -0.090417 -1.619957 -0.152174 -0.509497
 11   6.790465 -0.619039 0.017802 -0.000984 -0.011196 -0.469214
 12   -2.022474 -0.104699 -2.873818 -0.218581 1.109030 -3.495196
 13   1.167898 -0.537463 0.063297 -0.761567 -0.628756 0.548112
 14   7.002743 -0.617765 -0.183752 0.000115 0.000023 -0.701627
 15   8.209042 0.615527 -0.255885 1.781269 0.242501 -0.323546
 16   7.002735 -0.617911 -0.183641 0.014345 0.003872 -0.509751
 17   1.574674 0.609930 -0.000899 -0.142577 -0.104647 0.283372
 18   -0.602177 0.511412 -0.000006 0.000000 0.000000 0.000000
 19   3.673773 0.177020 1.119313 -0.000002 -0.000014 -0.174510
 20   3.673767 0.176993 -1.117566 0.000007 -0.000003 -0.174546
 21   3.813447 1.330634 1.627658 0.013413 -0.095253 0.195285
 22   -0.296843 -0.011889 0.457925 -0.000011 0.000031 0.000025
 23   3.813464 1.330659 -1.631083 -0.013392 0.095268 0.195259
 24   -0.285214 -0.011872 -0.457915 -0.000005 -0.000006 0.000048
 25   4.941364 1.997338 1.629330 0.000018 -0.000001 -0.000024
 26   4.941382 1.997366 -1.629410 -0.000001 0.000005 -0.000024
 27   2.969151 1.646609 1.514501 -0.009571 0.067895 -0.296842
 28   2.971581 1.646215 -1.508955 0.009562 -0.067914 -0.296738
 29   8.824059 0.150544 0.091743 0.015869 0.192332 -0.145671
 30   2.232183 -0.553366 1.553844 -0.023115 0.277279 -0.002485
 31   1.890814 -0.580821 -1.970790 -0.019428 0.218427 -0.001221
 32   -0.810489 -0.093824 3.127092 -0.084563 -3.235873 -0.160805
 33   14.298673 -0.408176 0.475484 -0.000052 -0.000029 -0.462365
 34   15.835795 0.581398 0.242756 -0.187425 0.035557 0.136890
 35   -0.815868 -0.091229 -3.114430 -0.012837 3.058148 -0.019890
 36   14.294526 -0.410349 -0.463635 0.000045 0.000048 -0.553620
 37   15.834409 0.579420 -0.284600 0.103808 0.059576 0.312363
 38   1.159217 -2.988891 -2.784749 0.154206 0.013605 -0.121333
 39   -4.457742 -1.054854 -0.746180 0.000000 0.000000 0.000000
 40   1.098569 -3.914627 3.198226 0.154206 0.013606 -0.121334
 41   -4.433840 -1.059130 0.959566 -0.000001 0.000000 0.000000
 42   -0.618404 1.697302 -2.524546 0.025060 0.057207 0.001296
 43   -0.656255 1.679046 2.924066 -0.000800 0.046590 0.006733
time 147
  0   5.407648 2.293039 2.820770 0.000000 0.000000 -1.571069
  1   -1.093036 0.000002 -0.326057 -1.662670 -1.721608 0.018410
  2   2.262337 0.113614 0.064702 -0.003708 -0.010702 -0.030480
  3   2.380047 0.353302 0.047440 0.007516 -0.003719 -0.011407
  4   2.033756 0.190472 -0.000128 0.009820 -0.000959 -0.067191
  5   2.451511 0.204909 -0.003447 0.047277 0.091906 0.009423
  6   7.247600 -0.397300 -0.109469 0.000001 -0.000003 0.156829
  7   -2.022252 -0.104661 3.136172 0.682994 -1.239264 -3.954895
  8   1.168026 -0.537438 -0.063437 0.830917 0.908592 0.843768
  9   6.790376 -0.619176 0.015206 -0.000102 -0.000151 -0.625627
 10   8.637599 0.544015 -0.090417 -1.638715 -0.170124 -0.471733
 11   6.790465 -0.619039 0.017802 -0.001101 -0.011168 -0.453065
 12   -2.022474 -0.104699 -2.873818 -0.220689 1.115793 -3.497494
 13   1.167898 -0.537463 0.063297 -0.738019 -0.653725 0.545812
 14   7.002743 -0.617765 -0.183752 0.000115 0.000023 -0.670275
 15   8.209042 0.615527 -0.255885 1.806076 0.275489 -0.266896
 16   7.002735 -0.617911 -0.183641 0.014392 0.003646 -0.487784
 17   1.574674 0.609930 -0.000899 -0.130472 -0.110422 0.266075
 18   -0.602177 0.511412 -0.000006 0.000000 0.000000 0.000000
 19   3.677679 0.177020 1.119313 -0.000002 -0.000014 -0.174510
 20   3.677673 0.176993 -1.117566 0.000007 -0.000003 -0.174546
 21   3.813447 1.330634 1.627658 0.013413 -0.095253 0.195285
 22   -0.296843 -0.011889 0.457925 -0.000011 0.000031 0.000025
 23   3.813464 1.330659 -1.631083 -0.013392 0.095268 0.195259
 24   -0.285214 -0.011872 -0.457915 -0.000005 -0.000006 0.000048
 25   4.941364 1.997338 1.629330 0.000018 -0.000001 -0.000024
 26   4.941382 1.997366 -1.629410 -0.000001 0.000005 -0.000024
 27   2.969151 1.646609 1.514501 -0.009571 0.067895 -0.296842
 28   2.971581 1.646215 -1.508955 0.009562 -0.067914 -0.296738
 29   8.824059 0.150544 0.091743 0.013998 0.202634 -0.145242
 30   2.236089 -0.553366 1.542125 -0.025881 0.294395 -0.002528
 31   1.879095 -0.580821 -1.978603 -0.021160 0.233553 -0.001221
 32   -0.810489 -0.093824 3.127092 -0.083724 -3.222789 -0.163538
 33   14.298673 -0.408176 0.475484 -0.000052 -0.000029 -0.460221
 34   15.835795 0.581398 0.242756 -0.183009 0.026845 0.131950
 35   -0.815868 -0.091229 -3.114430 -0.010461 3.070140 -0.015398
 36   14.294526 -0.410349 -0.463635 0.000045 0.000048 -0.537167
 37   15.834409 0.579420 -0.284600 0.100025 0.051001 0.307090
 38   1.155311 -3.024048 -2.784749 0.143492 0.012388 -0.112963
 39   -4.457742 -1.054854 -0.746180 0.000000 0.000000 0.000000
 40   1.106382 -3.879470 3.198226 0.143492 0.012377 -0.112964
 41   -4.433840 -1.059130 0.959566 -0.000001 0.000000 0.000000
 42   -0.626217 1.697302 -2.544078 0.022291 0.051350 0.001213
 43   -0.656255 1.686859 2.920160 -0.000675 0.041820 0.006022
time 148
  0   4.825599 2.293039 2.855927 0.000000 0.000000 -1.571069
  1   -1.093036 0.000002 -0.326057 -1.610478 -1.713690 -0.028720
  2   2.262337 0.113614 0.064702 -0.004561 -0.009179 -0.029992
  3   2.380047 0.353302 0.047440 0.007005 -0.002892 -0.011142
  4   2.033756 0.190472 -0.000128 0.009599 -0.000503 -0.067046
  5   2.451511 0.204909 -0.003447 0.045206 0.094765 0.010117
  6   7.247600 -0.397300 -0.109469 0.000001 -0.000003 0.156829
  7   -2.022252 -0.104661 3.136172 0.684624 -1.242809 -3.957055
  8   1.168026 -0.537438 -0.063437 0.806934 0.935661 0.849841
  9   6.790376 -0.619176 0.015206 -0.000102 -0.000151 -0.583818
 10   8.637599 0.544015 -0.090417 -1.668921 -0.185187 -0.421454
 11   6.790465 -0.619039 0.017802 -0.001247 -0.011168 -0.423997
 12   -2.022474 -0.104699 -2.873818 -0.225479 1.129115 -3.503238
 13   1.167898 -0.537463 0.063297 -0.690148 -0.702289 0.539819
 14   7.002743 -0.617765 -0.183752 0.000115 0.000023 -0.610871
 15   8.209042 0.615527 -0.255885 1.833183 0.303029 -0.206579
 16   7.002735 -0.617911 -0.183641 0.014439 0.003421 -0.446169
 17   1.574674 0.609930 -0.000899 -0.106140 -0.121237 0.231479
 18   -0.602177 0.511412 -0.000006 0.000000 0.000000 0.000000
 19   3.673773 0.177020 1.119313 -0.000002 -0.000014 -0.174510
 20   3.673767 0.176993 -1.117566 0.000007 -0.000003 -0.174546
 21   3.813447 1.330634 1.627658 0.013413 -0.095253 0.195285
 22   -0.296843 -0.011889 0.457925 -0.000011 0.000031 0.000025
 23   3.813464 1.330659 -1.631083 -0.013392 0.095268 0.195259
 24   -0.285214 -0.011872 -0.457915 -0.000005 -0.000006 0.000048
 25   4.941364 1.997338 1.629330 0.000018 -0.000001 -0.000024
 26   4.941382 1.997366 -1.629410 -0.000001 0.000005 -0.000024
 27   2.969151 1.646609 1.514501 -0.009571 0.067895 -0.296842
 28   2.971581 1.646215 -1.501142 0.009562 -0.067914 -0.296738
 29   8.824059 0.150544 0.091743 0.012305 0.210254 -0.145028
 30   2.239995 -0.553366 1.534312 -0.027928 0.307094 -0.002528
 31   1.871282 -0.580821 -1.986416 -0.022401 0.244794 -0.001239
 32   -0.810489 -0.093824 3.127092 -0.082046 -3.196525 -0.168604
 33   14.298673 -0.408176 0.475484 -0.000052 -0.000029 -0.455378
 34   15.835795 0.581398 0.242756 -0.174084 0.009469 0.121718
 35   -0.815868 -0.091229 -3.114430 -0.005620 3.094781 -0.006470
 36   14.294526 -0.410349 -0.463635 0.000045 0.000048 -0.504261
 37   15.834409 0.579420 -0.284600 0.093878 0.034032 0.296645
 38   1.155311 -3.063112 -2.792562 0.131936 0.011171 -0.103860
 39   -4.457742 -1.054854 -0.746180 0.000000 0.000000 0.000000
 40   1.106382 -3.840406 3.206039 0.131936 0.011172 -0.103861
 41   -4.433840 -1.059130 0.959566 -0.000001 0.000000 0.000000
 42   -0.630123 1.697302 -2.555797 0.019679 0.045677 0.001046
 43   -0.664068 1.686859 2.912347 -0.000550 0.037191 0.005395
time 149
  0   4.255269 2.293039 2.898897 0.000000 0.000000 -1.571069
  1   -1.093036 0.000002 -0.326057 -1.551734 -1.706096 -0.082963
  2   2.262337 0.113614 0.064702 -0.005427 -0.007609 -0.029540
  3   2.380047 0.353302 0.047440 0.006555 -0.002053 -0.010897
  4   2.033756 0.190472 -0.000128 0.009359 -0.000108 -0.066901
  5   2.451511 0.204909 -0.003447 0.043066 0.097716 0.010761
  6   7.247600 -0.397300 -0.109469 0.000001 -0.000003 0.156829
  7   -2.022252 -0.104661 3.136172 0.686254 -1.246355 -3.959215
  8   1.168026 -0.537438 -0.063437 0.784153 0.960868 0.855661
  9   6.790376 -0.619176 0.015206 -0.000102 -0.000151 -0.546386
 10   8.637599 0.544015 -0.090417 -1.712865 -0.195605 -0.356706
 11   6.790465 -0.619039 0.017802 -0.001393 -0.011168 -0.397582
 12   -2.022474 -0.104699 -2.873818 -0.230078 1.142582 -3.508982
 13   1.167898 -0.537463 0.063297 -0.640661 -0.749328 0.531586
 14   7.002743 -0.617765 -0.183752 0.000115 0.000023 -0.554685
 15   8.209042 0.615527 -0.255885 1.860147 0.321566 -0.144036
 16   7.002735 -0.617911 -0.183641 0.014439 0.003139 -0.406927
 17   1.574674 0.609930 -0.000899 -0.081525 -0.130964 0.196662
 18   -0.602177 0.511412 -0.000006 0.000000 0.000000 0.000000
 19   3.677679 0.177020 1.119313 -0.000002 -0.000014 -0.174510
 20   3.673767 0.176993 -1.117566 0.000007 -0.000003 -0.174546
 21   3.813447 1.330634 1.627658 0.013413 -0.095253 0.195285
 22   -0.296843 -0.011889 0.457925 -0.000011 0.000031 0.000025
 23   3.813464 1.330659 -1.631083 -0.013392 0.095268 0.195259
 24   -0.285214 -0.011872 -0.457915 -0.000005 -0.000006 0.000048
 25   4.941364 1.997338 1.629330 0.000018 -0.000001 -0.000024
 26   4.941382 1.997366 -1.629410 -0.000001 0.000005 -0.000024
 27   2.969151 1.646609 1.514501 -0.009571 0.067895 -0.296842
 28   2.971581 1.646215 -1.508955 0.009562 -0.067914 -0.296738
 29   8.824059 0.150544 0.091743 0.010611 0.215002 -0.144759
 30   2.247808 -0.553366 1.530406 -0.029217 0.314999 -0.002528
 31   1.867376 -0.580821 -1.990322 -0.023182 0.251788 -0.001239
 32   -0.810489 -0.093824 3.127092 -0.080182 -3.169880 -0.173613
 33   14.298673 -0.408176 0.475484 -0.000052 -0.000029 -0.450455
 34   15.835795 0.581398 0.242756 -0.165068 -0.007882 0.111266
 35   -0.815868 -0.091229 -3.114430 -0.001043 3.119608 0.002513
 36   14.294526 -0.410349 -0.463635 0.000045 0.000048 -0.470660
 37   15.834409 0.579420 -0.284600 0.089169 0.017011 0.286404
 38   1.147498 -3.094363 -2.792562 0.119727 0.009954 -0.094268
 39   -4.457742 -1.054854 -0.746180 0.000000 0.000000 0.000000
 40   1.110288 -3.809155 3.206039 0.119727 0.009955 -0.094269
 41   -4.433840 -1.059130 0.959566 -0.000001 0.000000 0.000000
 42   -0.637936 1.697302 -2.575329 0.017174 0.040188 0.000878
 43   -0.664068 1.690765 2.908441 -0.000425 0.032719 0.004726
time 150
  0   3.395868 2.296945 2.957493 0.000000 0.000000 -1.571069
  1   -1.093036 0.000002 -0.326057 -1.449287 -1.695724 -0.178481
  2   2.262337 0.113614 0.064702 -0.006739 -0.005237 -0.028980
  3   2.380047 0.353302 0.047440 0.005880 -0.000759 -0.010550
  4   2.033756 0.190472 -0.000128 0.009027 0.000467 -0.066683
  5   2.451511 0.204909 -0.003447 0.039985 0.102246 0.011504
  6   7.247600 -0.397300 -0.109469 0.000001 -0.000003 0.156829
  7   -2.022252 -0.104661 3.136172 0.689609 -1.252063 -3.963347
  8   1.168026 -0.537438 -0.063437 0.752386 0.996340 0.863948
  9   6.790376 -0.619176 0.015206 -0.000102 -0.000151 -0.495521
 10   8.637599 0.544015 -0.090417 -1.771693 -0.198632 -0.275463
 11   6.790465 -0.619039 0.017802 -0.001568 -0.011054 -0.361881
 12   -2.022474 -0.104699 -2.873818 -0.238125 1.162637 -3.517982
 13   1.167898 -0.537463 0.063297 -0.562283 -0.817471 0.513910
 14   7.002743 -0.617765 -0.183752 0.000115 0.000023 -0.475315
 15   8.209042 0.615527 -0.255885 1.883299 0.327997 -0.081313
 16   7.002735 -0.617911 -0.183641 0.014486 0.002631 -0.351403
 17   1.574674 0.609930 -0.000899 -0.044317 -0.143745 0.144547
 18   -0.602177 0.511412 -0.000006 0.000000 0.000000 0.000000
 19   3.673773 0.177020 1.119313 -0.000002 -0.000014 -0.174510
 20   3.673767 0.176993 -1.117566 0.000007 -0.000003 -0.174546
 21   3.813447 1.330634 1.627658 0.013413 -0.095253 0.195285
 22   -0.296843 -0.011889 0.457925 -0.000011 0.000031 0.000025
 23   3.813464 1.330659 -1.631083 -0.013392 0.095268 0.195259
 24   -0.285214 -0.011872 -0.457915 -0.000005 -0.000006 0.000048
 25   4.941364 1.997338 1.629330 0.000018 -0.000001 -0.000024
 26   4.941382 1.997366 -1.629410 -0.000001 0.000005 -0.000024
 27   2.969151 1.646609 1.514501 -0.009571 0.067895 -0.296842
 28   2.971581 1.646215 -1.501142 0.009562 -0.067914 -0.296738
 29   8.824059 0.150544 0.091743 0.009096 0.216616 -0.144759
 30   2.247808 -0.553366 1.530406 -0.029651 0.317701 -0.002528
 31   1.867376 -0.580821 -1.990322 -0.023427 0.254197 -0.001239
 32   -0.810489 -0.093824 3.127092 -0.076826 -3.130245 -0.181126
 33   14.298673 -0.408176 0.475484 -0.000052 -0.000029 -0.443230
 34   15.835795 0.581398 0.242756 -0.151404 -0.033701 0.094948
 35   -0.815868 -0.091229 -3.114430 0.005822 3.157740 0.015879
 36   14.294526 -0.410349 -0.463635 0.000045 0.000048 -0.420065
 37   15.834409 0.579420 -0.284600 0.083751 -0.008354 0.271447
 38   1.147498 -3.137333 -2.796468 0.107140 0.008761 -0.084248
 39   -4.457742 -1.054854 -0.746180 0.000000 0.000000 0.000000
 40   1.110288 -3.766185 3.209945 0.107140 0.008762 -0.084249
 41   -4.433840 -1.059130 0.959566 -0.000001 0.000000 0.000000
 42   -0.637936 1.697302 -2.587048 0.014813 0.034914 0.000795
 43   -0.664068 1.690765 2.900628 -0.000325 0.028435 0.004098
time 151
  0   2.825538 2.296945 2.996556 0.000000 0.000000 -1.571069
  1   -1.093036 0.000002 -0.326057 -1.371050 -1.689612 -0.252079
  2   2.262337 0.113614 0.064702 -0.007618 -0.003619 -0.028583
  3   2.380047 0.353302 0.047440 0.005430 0.000056 -0.010346
  4   2.033756 0.190472 -0.000128 0.008806 0.000947 -0.066538
  5   2.451511 0.204909 -0.003447 0.037931 0.105314 0.012024
  6   7.247600 -0.397300 -0.109469 0.000001 -0.000003 0.156829
  7   -2.022252 -0.104661 3.136172 0.692293 -1.256098 -3.966822
  8   1.168026 -0.537438 -0.063437 0.732263 1.018931 0.869262
  9   6.790376 -0.619176 0.015206 -0.000102 -0.000151 -0.464353
 10   8.637599 0.544015 -0.090417 -1.837213 -0.181175 -0.175845
 11   6.790465 -0.619039 0.017802 -0.001714 -0.011054 -0.340253
 12   -2.022474 -0.104699 -2.873818 -0.243586 1.175959 -3.524588
 13   1.167898 -0.537463 0.063297 -0.506681 -0.860951 0.497808
 14   7.002743 -0.617765 -0.183752 0.000115 0.000023 -0.425234
 15   8.209042 0.615527 -0.255885 1.880855 0.287065 -0.030256
 16   7.002735 -0.617911 -0.183641 0.014486 0.002462 -0.316245
 17   1.574674 0.609930 -0.000899 -0.019538 -0.150916 0.109692
 18   -0.602177 0.511412 -0.000006 0.000000 0.000000 0.000000
 19   3.677679 0.177020 1.119313 -0.000002 -0.000014 -0.174510
 20   3.673767 0.176993 -1.117566 0.000007 -0.000003 -0.174546
 21   3.813447 1.330634 1.627658 0.013125 -0.093383 0.191430
 22   -0.289030 -0.011889 0.457925 -0.000011 0.000031 0.000025
 23   3.813464 1.330659 -1.631083 -0.013116 0.093386 0.191430
 24   -0.285214 -0.011872 -0.465728 -0.000005 -0.000006 0.000048
 25   4.941364 1.997338 1.629330 0.000018 -0.000001 -0.000024
 26   4.941382 1.997366 -1.629410 -0.000001 0.000005 -0.000024
 27   2.969151 1.646609 1.514501 -0.009379 0.066540 -0.291019
 28   2.971581 1.646215 -1.501142 0.009370 -0.066559 -0.290836
 29   8.824059 0.150544 0.091743 0.007670 0.212367 -0.145349
 30   2.239995 -0.553366 1.534312 -0.029068 0.311453 -0.002485
 31   1.871282 -0.580821 -1.986416 -0.022983 0.249198 -0.001221
 32   -0.810489 -0.093824 3.127092 -0.074589 -3.103981 -0.186193
 33   14.298673 -0.408176 0.475484 -0.000052 -0.000029 -0.438307
 34   15.835795 0.581398 0.242756 -0.142227 -0.050735 0.083922
 35   -0.815868 -0.091229 -3.114430 0.010311 3.183598 0.024698
 36   14.294526 -0.410349 -0.463635 0.000045 0.000048 -0.386387
 37   15.834409 0.579420 -0.284600 0.080973 -0.025017 0.261560
 38   1.147498 -3.172490 -2.804281 0.094321 0.007592 -0.074229
 39   -4.457742 -1.054854 -0.746180 0.000000 0.000000 0.000000
 40   1.110288 -3.731028 3.217758 0.094321 0.007593 -0.074230
 41   -4.433840 -1.059130 0.959566 -0.000001 0.000000 0.000000
 42   -0.645749 1.697302 -2.606580 0.012596 0.029900 0.000711
 43   -0.664068 1.690765 2.892815 -0.000250 0.024339 0.003513
time 152
  0   2.540373 2.296945 3.016088 0.000000 0.000000 -1.571069
  1   -1.093036 0.000002 -0.326057 -1.328866 -1.686880 -0.291951
  2   2.262337 0.113614 0.064702 -0.008077 -0.002804 -0.028438
  3   2.380047 0.353302 0.047440 0.005205 0.000451 -0.010203
  4   2.033756 0.190472 -0.000128 0.008695 0.001163 -0.066466
  5   2.451511 0.204909 -0.003447 0.036887 0.106881 0.012222
  6   7.247600 -0.397300 -0.109469 0.000001 -0.000003 0.156829
  7   -2.022252 -0.104661 3.136172 0.694210 -1.258289 -3.968888
  8   1.168026 -0.537438 -0.063437 0.722581 1.029799 0.871919
  9   6.790376 -0.619176 0.015206 -0.000102 -0.000151 -0.449561
 10   8.637599 0.544015 -0.090417 -1.868652 -0.169983 -0.127085
 11   6.790465 -0.619039 0.017802 -0.001714 -0.010997 -0.329929
 12   -2.022474 -0.104699 -2.873818 -0.246461 1.182722 -3.527748
 13   1.167898 -0.537463 0.063297 -0.477649 -0.882156 0.488304
 14   7.002743 -0.617765 -0.183752 0.000115 0.000023 -0.400730
 15   8.209042 0.615527 -0.255885 1.878841 0.266637 -0.005299
 16   7.002735 -0.617911 -0.183641 0.014533 0.002293 -0.299135
 17   1.574674 0.609930 -0.000899 -0.007190 -0.154182 0.092542
 18   -0.602177 0.511412 -0.000006 0.000000 0.000000 0.000000
 19   3.677679 0.177020 1.119313 -0.000002 -0.000014 -0.174510
 20   3.673767 0.176993 -1.117566 0.000007 -0.000003 -0.174546
 21   3.825166 1.330634 1.627658 0.012406 -0.088206 0.180771
 22   -0.289030 -0.011889 0.465738 -0.000011 0.000031 0.000025
 23   3.825183 1.330659 -1.631083 -0.012397 0.088209 0.180823
 24   -0.285214 -0.011872 -0.465728 -0.000005 -0.000006 0.000048
 25   4.941364 1.997338 1.629330 0.000018 -0.000001 -0.000024
 26   4.941382 1.997366 -1.629410 -0.000001 0.000005 -0.000024
 27   2.961338 1.646609 1.514501 -0.008864 0.062849 -0.274887
 28   2.963768 1.646215 -1.501142 0.008843 -0.062868 -0.274743
 29   8.824059 0.150544 0.091743 0.006334 0.200569 -0.146905
 30   2.236089 -0.553366 1.546031 -0.027454 0.294134 -0.002335
 31   1.883001 -0.580821 -1.978603 -0.021696 0.235340 -0.001167
 32   -0.810489 -0.093824 3.127092 -0.073471 -3.090706 -0.188583
 33   14.298673 -0.408176 0.475484 -0.000052 -0.000029 -0.435846
 34   15.835795 0.581398 0.242756 -0.137626 -0.059154 0.078454
 35   -0.815868 -0.091229 -3.114430 0.012599 3.196620 0.029025
 36   14.294526 -0.410349 -0.463635 0.000045 0.000048 -0.369625
 37   15.834409 0.579420 -0.284600 0.079712 -0.033438 0.256642
 38   1.147498 -3.211554 -2.804281 0.081481 0.006447 -0.064087
 39   -4.457742 -1.054854 -0.746180 0.000000 0.000000 0.000000
 40   1.110288 -3.691964 3.217758 0.081481 0.006448 -0.064088
 41   -4.433840 -1.059130 0.959566 -0.000001 0.000000 0.000000
 42   -0.645749 1.697302 -2.618299 0.010522 0.025193 0.000585
 43   -0.664068 1.690765 2.892815 -0.000200 0.020511 0.002927
time 153
  0   1.977856 2.296945 3.062964 0.000000 0.000000 -1.571069
  1   -1.093036 0.000002 -0.326057 -1.238420 -1.682111 -0.377936
  2   2.262337 0.113614 0.064702 -0.008930 -0.001162 -0.028059
  3   2.380047 0.353302 0.047440 0.004755 0.001350 -0.009999
  4   2.033756 0.190472 -0.000128 0.008474 0.001606 -0.066393
  5   2.451511 0.204909 -0.003447 0.034713 0.109988 0.012643
  6   7.247600 -0.397300 -0.109469 0.000001 -0.000003 0.156829
  7   -2.022252 -0.104661 3.136172 0.698332 -1.262728 -3.974147
  8   1.168026 -0.537438 -0.063437 0.704293 1.051233 0.877296
  9   6.790376 -0.619176 0.015206 -0.000102 -0.000151 -0.421563
 10   8.637599 0.544015 -0.090417 -1.929329 -0.142601 -0.032748
 11   6.790465 -0.619039 0.017802 -0.001860 -0.010969 -0.310146
 12   -2.022474 -0.104699 -2.873818 -0.252113 1.195986 -3.534641
 13   1.167898 -0.537463 0.063297 -0.417126 -0.923195 0.465785
 14   7.002743 -0.617765 -0.183752 0.000115 0.000023 -0.353702
 15   8.209042 0.615527 -0.255885 1.873449 0.224873 0.044675
 16   7.002735 -0.617911 -0.183641 0.014533 0.002180 -0.266185
 17   1.574674 0.609930 -0.000899 0.017101 -0.159862 0.058317
 18   -0.602177 0.511412 -0.000006 0.000000 0.000000 0.000000
 19   3.673773 0.177020 1.119313 -0.000002 -0.000014 -0.174510
 20   3.673767 0.176993 -1.117566 0.000007 -0.000003 -0.174546
 21   3.836885 1.330634 1.627658 0.011304 -0.080380 0.164756
 22   -0.285124 -0.011889 0.465738 -0.000011 0.000031 0.000025
 23   3.829089 1.330659 -1.631083 -0.011294 0.080383 0.164782
 24   -0.277401 -0.011872 -0.473541 -0.000005 -0.000006 0.000048
 25   4.941364 1.997338 1.629330 0.000018 -0.000001 -0.000024
 26   4.941382 1.997366 -1.629410 -0.000001 0.000005 -0.000024
 27   2.961338 1.642703 1.514501 -0.008073 0.057264 -0.250492
 28   2.963768 1.642309 -1.501142 0.008064 -0.057283 -0.250348
 29   8.824059 0.150544 0.091743 0.005175 0.182742 -0.149373
 30   2.224370 -0.553366 1.573376 -0.025027 0.267950 -0.002099
 31   1.910346 -0.573008 -1.966884 -0.019781 0.214464 -0.001039
 32   -0.810489 -0.093824 3.127092 -0.070861 -3.064347 -0.193706
 33   14.298673 -0.408176 0.475484 -0.000052 -0.000029 -0.431082
 34   15.835795 0.581398 0.242756 -0.128379 -0.075895 0.067516
 35   -0.815868 -0.091229 -3.114430 0.016912 3.222479 0.037460
 36   14.294526 -0.410349 -0.463635 0.000045 0.000048 -0.336178
 37   15.834409 0.579420 -0.284600 0.077407 -0.049921 0.247110
 38   1.147498 -3.246711 -2.804281 0.068873 0.005387 -0.054190
 39   -4.457742 -1.054854 -0.746180 0.000000 0.000000 0.000000
 40   1.110288 -3.652900 3.217758 0.068873 0.005388 -0.054191
 41   -4.433840 -1.059130 0.959566 -0.000001 0.000000 0.000000
 42   -0.649655 1.697302 -2.630018 0.008629 0.020793 0.000418
 43   -0.664068 1.698578 2.888909 -0.000125 0.016917 0.002426
time 154
  0   1.419245 2.304758 3.098122 0.000000 0.000000 -1.571069
  1   -1.093036 0.000002 -0.326057 -1.140794 -1.678406 -0.470938
  2   2.262337 0.113614 0.064702 -0.009873 0.000504 -0.027715
  3   2.380047 0.353302 0.047440 0.004290 0.002297 -0.009795
  4   2.033756 0.190472 -0.000128 0.008234 0.002037 -0.066248
  5   2.451511 0.204909 -0.003447 0.032505 0.113148 0.012965
  6   7.247600 -0.397300 -0.109469 0.000001 -0.000003 0.156829
  7   -2.022252 -0.104661 3.136172 0.704467 -1.267715 -3.981003
  8   1.168026 -0.537438 -0.063437 0.687650 1.071912 0.883369
  9   6.790376 -0.619176 0.015206 -0.000102 -0.000151 -0.395149
 10   8.637599 0.544015 -0.090417 -1.985162 -0.108673 0.055512
 11   6.790465 -0.619039 0.017802 -0.001918 -0.010969 -0.291806
 12   -2.022474 -0.104699 -2.873818 -0.258053 1.209337 -3.541343
 13   1.167898 -0.537463 0.063297 -0.352315 -0.962046 0.438423
 14   7.002743 -0.617765 -0.183752 0.000115 0.000194 -0.308654
 15   8.209042 0.615527 -0.255885 1.865396 0.182201 0.094108
 16   7.002735 -0.617911 -0.183641 0.014533 0.002067 -0.234670
 17   1.574674 0.609930 -0.000899 0.041108 -0.164619 0.024830
 18   -0.602177 0.511412 -0.000006 0.000000 0.000000 0.000000
 19   3.673773 0.177020 1.119313 -0.000002 -0.000014 -0.174510
 20   3.673767 0.176993 -1.117566 0.000007 -0.000003 -0.174546
 21   3.844698 1.330634 1.627658 0.009913 -0.070552 0.144627
 22   -0.277311 -0.011889 0.477457 -0.000011 0.000031 0.000025
 23   3.844715 1.330659 -1.631083 -0.009904 0.070555 0.144627
 24   -0.277401 -0.011872 -0.477447 -0.000005 -0.000006 0.000048
 25   4.941364 1.997338 1.629330 0.000018 -0.000001 -0.000024
 26   4.941382 1.997366 -1.629410 -0.000001 0.000005 -0.000024
 27   2.957432 1.642703 1.514501 -0.007090 0.050265 -0.219880
 28   2.959862 1.642309 -1.501142 0.007081 -0.050296 -0.219776
 29   8.824059 0.150544 0.091743 0.004106 0.160380 -0.152485
 30   2.212651 -0.553366 1.596814 -0.021976 0.235170 -0.001863
 31   1.933784 -0.573008 -1.955165 -0.017360 0.188252 -0.000930
 32   -0.810489 -0.093824 3.127092 -0.068251 -3.038179 -0.198829
 33   14.298673 -0.408176 0.475484 -0.000052 -0.000029 -0.426477
 34   15.835795 0.581398 0.242756 -0.119179 -0.092441 0.056446
 35   -0.815868 -0.091229 -3.114430 0.021400 3.248337 0.045622
 36   14.294526 -0.410349 -0.463635 0.000045 0.000048 -0.303504
 37   15.834409 0.579420 -0.284600 0.075160 -0.066251 0.237780
 38   1.139685 -3.285775 -2.808187 0.056664 0.004362 -0.044598
 39   -4.457742 -1.054854 -0.746180 0.000000 0.000000 0.000000
 40   1.118101 -3.617743 3.221664 0.056664 0.004363 -0.044599
 41   -4.433840 -1.059130 0.959566 -0.000001 0.000000 0.000000
 42   -0.649655 1.697302 -2.641737 0.006891 0.016730 0.000335
 43   -0.664068 1.698578 2.881096 -0.000100 0.013606 0.001966
time 155
  0   0.591095 2.316477 3.152811 0.000000 0.000000 -1.571069
  1   -1.093036 0.000002 -0.326057 -0.985263 -1.675350 -0.620215
  2   2.262337 0.113614 0.064702 -0.011236 0.003105 -0.027263
  3   2.380047 0.353302 0.047440 0.003585 0.003639 -0.009509
  4   2.033756 0.190472 -0.000128 0.007865 0.002769 -0.066103
  5   2.451511 0.204909 -0.003447 0.029150 0.117952 0.013386
  6   7.247600 -0.397300 -0.109469 0.000001 -0.000003 0.156829
  7   -2.022252 -0.104661 3.136172 0.720283 -1.276680 -3.997907
  8   1.168026 -0.537438 -0.063437 0.668413 1.102151 0.895009
  9   6.790376 -0.619176 0.015206 -0.000102 -0.000151 -0.360132
 10   8.637599 0.544015 -0.090417 -2.058432 -0.045040 0.171914
 11   6.790465 -0.619039 0.017802 -0.002035 -0.010912 -0.267294
 12   -2.022474 -0.104699 -2.873818 -0.266484 1.228928 -3.551013
 13   1.167898 -0.537463 0.063297 -0.247436 -1.014832 0.386666
 14   7.002743 -0.617765 -0.183752 0.000115 0.000194 -0.247105
 15   8.209042 0.615527 -0.255885 1.845910 0.113805 0.167415
 16   7.002735 -0.617911 -0.183641 0.014580 0.001729 -0.191509
 17   1.574674 0.609930 -0.000899 0.074863 -0.169731 -0.022443
 18   -0.602177 0.511412 -0.000006 0.000000 0.000000 0.000000
 19   3.673773 0.177020 1.119313 -0.000002 -0.000014 -0.174510
 20   3.673767 0.176993 -1.117566 0.000007 -0.000003 -0.174546
 21   3.864230 1.330634 1.627658 0.008355 -0.059431 0.121781
 22   -0.277311 -0.011889 0.485270 -0.000011 0.000031 0.000025
 23   3.860340 1.330659 -1.631083 -0.008334 0.059434 0.121782
 24   -0.265682 -0.011872 -0.485260 -0.000005 -0.000006 0.000048
 25   4.941364 1.997338 1.629330 0.000018 -0.000001 -0.000024
 26   4.941382 1.997366 -1.629410 -0.000001 0.000005 -0.000024
 27   2.949619 1.634890 1.514501 -0.005963 0.042344 -0.185176
 28   2.952049 1.634496 -1.501142 0.005942 -0.042363 -0.185072
 29   8.824059 0.150544 0.091743 0.003036 0.135052 -0.155918
 30   2.197025 -0.553366 1.628065 -0.018491 0.197944 -0.001563
 31   1.965035 -0.569102 -1.935633 -0.014602 0.158569 -0.000766
 32   -0.810489 -0.093824 3.127092 -0.064243 -2.998926 -0.206741
 33   14.298673 -0.408176 0.475484 -0.000052 -0.000029 -0.419728
 34   15.835795 0.581398 0.242756 -0.105838 -0.116454 0.040481
 35   -0.815868 -0.091229 -3.114430 0.028882 3.286562 0.056906
 36   14.294526 -0.410349 -0.463635 0.000045 0.000048 -0.257080
 37   15.834409 0.579420 -0.284600 0.070767 -0.089517 0.224801
 38   1.139685 -3.320932 -2.816000 0.045108 0.003434 -0.035495
 39   -4.457742 -1.054854 -0.746180 0.000000 0.000000 0.000000
 40   1.118101 -3.582586 3.229477 0.045108 0.003435 -0.035496
 41   -4.433840 -1.059130 0.959566 -0.000001 0.000000 0.000000
 42   -0.649655 1.697302 -2.657363 0.005333 0.013050 0.000293
 43   -0.664068 1.698578 2.877190 -0.000050 0.010609 0.001506
time 156
  0   0.106705 2.347728 3.187968 0.000000 0.000000 -1.571069
  1   -1.093036 0.000002 -0.326057 -0.884598 -1.676091 -0.717813
  2   2.262337 0.113614 0.064702 -0.012255 0.004843 -0.027119
  3   2.380047 0.353302 0.047440 0.003060 0.004670 -0.009387
  4   2.033756 0.190472 -0.000128 0.007607 0.003272 -0.066031
  5   2.451511 0.204909 -0.003447 0.026360 0.121399 0.013584
  6   7.247600 -0.397300 -0.109469 0.000001 -0.000003 0.156829
  7   -2.022252 -0.104661 3.136172 0.749136 -1.286971 -4.028147
  8   1.168026 -0.537438 -0.063437 0.671197 1.121874 0.912532
  9   6.790376 -0.619176 0.015206 -0.000102 -0.000151 -0.343907
 10   8.637599 0.544015 -0.090417 -2.095771 0.018804 0.217708
 11   6.790465 -0.619039 0.017802 -0.002152 -0.010912 -0.255932
 12   -2.022474 -0.104699 -2.873818 -0.268209 1.241524 -3.553885
 13   1.167898 -0.537463 0.063297 -0.174189 -1.041072 0.344473
 14   7.002743 -0.617765 -0.183752 0.000115 0.000194 -0.217733
 15   8.209042 0.615527 -0.255885 1.817508 0.053580 0.216848
 16   7.002735 -0.617911 -0.183641 0.014580 0.001503 -0.170867
 17   1.574674 0.609930 -0.000899 0.091152 -0.171506 -0.045803
 18   -0.602177 0.511412 -0.000006 0.000000 0.000000 0.000000
 19   3.677679 0.177020 1.119313 -0.000002 -0.000014 -0.174510
 20   3.673767 0.176993 -1.117566 0.000007 -0.000003 -0.174546
 21   3.875949 1.330634 1.627658 0.006689 -0.047626 0.097617
 22   -0.265592 -0.011889 0.489176 -0.000011 0.000031 0.000025
 23   3.875966 1.330659 -1.631083 -0.006680 0.047629 0.097618
 24   -0.265682 -0.011872 -0.489166 -0.000005 -0.000006 0.000048
 25   4.941364 1.997338 1.629330 0.000018 -0.000001 -0.000024
 26   4.941382 1.997366 -1.629410 -0.000001 0.000005 -0.000024
 27   2.937900 1.634890 1.514501 -0.004789 0.033918 -0.148387
 28   2.940330 1.634496 -1.501142 0.004780 -0.033949 -0.148322
 29   8.824059 0.150544 0.091743 0.002234 0.108180 -0.159673
 30   2.173587 -0.561179 1.659316 -0.014816 0.158510 -0.001220
 31   1.996286 -0.569102 -1.916101 -0.011706 0.127072 -0.000621
 32   -0.810489 -0.093824 3.127092 -0.061820 -2.973713 -0.212434
 33   14.298673 -0.408176 0.475484 -0.000052 -0.000029 -0.416314
 34   15.835795 0.581398 0.242756 -0.099006 -0.130950 0.032587
 35   -0.815868 -0.091229 -3.114430 0.036451 3.309891 0.062110
 36   14.294526 -0.410349 -0.463635 0.000045 0.000048 -0.234293
 37   15.834409 0.579420 -0.284600 0.062453 -0.102187 0.218717
 38   1.139685 -3.352183 -2.816000 0.034415 0.002603 -0.027064
 39   -4.457742 -1.054854 -0.746180 0.000000 0.000000 0.000000
 40   1.118101 -3.551335 3.229477 0.034415 0.002604 -0.027065
 41   -4.433840 -1.059130 0.959566 -0.000001 0.000000 0.000000
 42   -0.657468 1.697302 -2.661269 0.003967 0.009738 0.000167
 43   -0.664068 1.698578 2.877190 -0.000025 0.007942 0.001087
time 157
  0   0.052016 2.418043 3.152811 0.000000 0.000000 -1.571069
  1   -1.093036 0.000002 -0.326057 -0.845820 -1.679703 -0.765282
  2   2.262337 0.113614 0.064702 -0.013070 0.006197 -0.027119
  3   2.380047 0.353302 0.047440 0.002640 0.005401 -0.009387
  4   2.033756 0.190472 -0.000128 0.007404 0.003595 -0.065958
  5   2.451511 0.204909 -0.003447 0.023433 0.123827 0.012965
  6   7.247600 -0.397300 -0.109469 0.000001 -0.000003 0.156829
  7   -2.022252 -0.104661 3.136172 0.840968 -1.303431 -4.122530
  8   1.168026 -0.537438 -0.063437 0.731377 1.126956 0.962318
  9   6.790376 -0.619176 0.015206 -0.000102 -0.000151 -0.353642
 10   8.637599 0.544015 -0.090417 -2.095948 0.118055 0.167863
 11   6.790465 -0.619039 0.017802 -0.002064 -0.010912 -0.262738
 12   -2.022474 -0.104699 -2.873818 -0.254125 1.246110 -3.540960
 13   1.167898 -0.537463 0.063297 -0.156967 -1.040004 0.329642
 14   7.002743 -0.617765 -0.183752 0.000115 0.000194 -0.235884
 15   8.209042 0.615527 -0.255885 1.757613 -0.029268 0.245474
 16   7.002735 -0.617911 -0.183641 0.014580 0.001616 -0.183672
 17   1.574674 0.609930 -0.000899 0.089202 -0.157164 -0.028653
 18   -0.602177 0.511412 -0.000006 0.000000 0.000000 0.000000
 19   3.677679 0.177020 1.119313 -0.000002 -0.000014 -0.174510
 20   3.673767 0.176993 -1.117566 0.000007 -0.000003 -0.174546
 21   3.887668 1.330634 1.627658 0.005036 -0.035833 0.073426
 22   -0.257779 -0.011889 0.496989 -0.000011 0.000031 0.000025
 23   3.891591 1.330659 -1.631083 -0.005015 0.035836 0.073401
 24   -0.257869 -0.011872 -0.496979 -0.000005 -0.000006 0.000048
 25   4.941364 1.997338 1.629330 0.000018 -0.000001 -0.000024
 26   4.941382 1.997366 -1.629410 -0.000001 0.000005 -0.000024
 27   2.930087 1.634890 1.514501 -0.003590 0.025505 -0.111677
 28   2.932517 1.634496 -1.501142 0.003581 -0.025536 -0.111572
 29   8.824059 0.150544 0.091743 0.001521 0.081333 -0.163375
 30   2.161868 -0.561179 1.690567 -0.011141 0.119075 -0.000941
 31   2.027537 -0.569102 -1.904382 -0.008795 0.095576 -0.000457
 32   -0.810489 -0.093824 3.127092 -0.062379 -2.963590 -0.216191
 33   14.298673 -0.408176 0.475484 -0.000052 -0.000029 -0.422904
 34   15.835795 0.581398 0.242756 -0.104043 -0.133781 0.034086
 35   -0.815868 -0.091229 -3.114430 0.049565 3.315231 0.059973
 36   14.294526 -0.410349 -0.463635 0.000045 0.000048 -0.236224
 37   15.834409 0.579420 -0.284600 0.040800 -0.102238 0.219731
 38   1.139685 -3.383434 -2.823813 0.024796 0.001856 -0.019427
 39   -4.457742 -1.054854 -0.746180 0.000000 0.000000 0.000000
 40   1.118101 -3.520084 3.237290 0.024796 0.001857 -0.019428
 41   -4.433840 -1.059130 0.959566 -0.000001 0.000000 0.000000
 42   -0.657468 1.697302 -2.669082 0.002768 0.006871 0.000084
 43   -0.664068 1.698578 2.869377 -0.000025 0.005604 0.000795
time 158
  0   -0.127677 2.546953 3.070777 0.000000 0.000000 -1.571069
  1   -1.093036 0.000002 -0.326057 -0.721364 -1.685028 -0.901494
  2   2.262337 0.113614 0.064702 -0.016598 0.009085 -0.028474
  3   2.380047 0.353302 0.047440 0.000765 0.007031 -0.010040
  4   2.033756 0.190472 -0.000128 0.006445 0.004422 -0.066321
  5   2.451511 0.204909 -0.003447 0.014789 0.130198 0.009077
  6   7.247600 -0.397300 -0.109469 0.000001 -0.000003 0.156829
  7   -2.022252 -0.104661 3.136172 0.897429 -1.315711 -4.180944
  8   1.168026 -0.537438 -0.063437 0.764789 1.138176 0.985914
  9   6.790376 -0.619176 0.015206 -0.000102 -0.000151 -0.356736
 10   8.637599 0.544015 -0.090417 -2.091104 0.245039 0.104996
 11   6.790465 -0.619039 0.017802 -0.002035 -0.010912 -0.264872
 12   -2.022474 -0.104699 -2.873818 -0.237551 1.243063 -3.525067
 13   1.167898 -0.537463 0.063297 -0.147056 -1.027698 0.302099
 14   7.002743 -0.617765 -0.183752 0.000115 0.000194 -0.234894
 15   8.209042 0.615527 -0.255885 1.694123 -0.115973 0.272175
 16   7.002735 -0.617911 -0.183641 0.014580 0.001616 -0.183065
 17   1.574674 0.609930 -0.000899 0.081525 -0.133378 0.009750
 18   -0.602177 0.511412 -0.000006 0.000000 0.000000 0.000000
 19   3.677679 0.177020 1.119313 -0.000002 -0.000014 -0.174510
 20   3.673767 0.176993 -1.117566 0.000007 -0.000003 -0.174546
 21   3.907200 1.330634 1.627658 0.003478 -0.024687 0.050580
 22   -0.253873 -0.011889 0.504802 -0.000011 0.000031 0.000025
 23   3.907217 1.330659 -1.631083 -0.003469 0.024678 0.050608
 24   -0.253963 -0.011872 -0.508698 -0.000005 -0.000006 0.000048
 25   4.941364 1.997338 1.629330 0.000018 -0.000001 -0.000024
 26   4.941382 1.997366 -1.629410 -0.000001 0.000005 -0.000024
 27   2.930087 1.630984 1.514501 -0.002488 0.017571 -0.076973
 28   2.932517 1.630590 -1.501142 0.002467 -0.017590 -0.076947
 29   8.824059 0.150544 0.091743 0.000897 0.055981 -0.166862
 30   2.142336 -0.561179 1.721818 -0.007697 0.081849 -0.000641
 31   2.058788 -0.561289 -1.884850 -0.006052 0.065867 -0.000293
 32   -0.810489 -0.093824 3.127092 -0.054829 -2.937899 -0.240439
 33   14.298673 -0.408176 0.475484 -0.000052 -0.000029 -0.454028
 34   15.835795 0.581398 0.242756 -0.113727 -0.137954 0.044715
 35   -0.815868 -0.091229 -3.114430 0.076057 3.329284 0.035050
 36   14.294526 -0.410349 -0.463635 0.000045 0.000048 -0.265268
 37   15.834409 0.579420 -0.284600 0.005848 -0.104388 0.232812
 38   1.139685 -3.410779 -2.823813 0.016418 0.001205 -0.012890
 39   -4.457742 -1.054854 -0.746180 0.000000 0.000000 0.000000
 40   1.118101 -3.492739 3.237290 0.016418 0.001206 -0.012891
 41   -4.433840 -1.059130 0.959566 -0.000001 0.000000 0.000000
 42   -0.657468 1.697302 -2.680801 0.001798 0.004464 0.000084
 43   -0.664068 1.698578 2.869377 0.000000 0.003627 0.000502
time 159
  0   -0.283932 2.695395 3.016088 0.000000 0.000000 -1.571069
  1   -1.093036 0.000002 -0.326057 -0.564681 -1.687065 -1.057013
  2   2.262337 0.113614 0.064702 -0.019885 0.011170 -0.029016
  3   2.380047 0.353302 0.047440 -0.000795 0.008181 -0.010346
  4   2.033756 0.190472 -0.000128 0.005560 0.005070 -0.066466
  5   2.451511 0.204909 -0.003447 0.005803 0.133097 0.007071
  6   7.247600 -0.397300 -0.109469 0.000001 -0.000003 0.156829
  7   -2.022252 -0.104661 3.136172 0.898004 -1.311330 -4.180663
  8   1.168026 -0.537438 -0.063437 0.767510 1.134352 0.991734
  9   6.790376 -0.619176 0.015206 -0.000102 -0.000151 -0.352208
 10   8.637599 0.544015 -0.090417 -2.088374 0.270098 0.063181
 11   6.790465 -0.619039 0.017802 -0.002064 -0.010912 -0.261699
 12   -2.022474 -0.104699 -2.873818 -0.215707 1.239609 -3.503717
 13   1.167898 -0.537463 0.063297 -0.159146 -1.022765 0.304278
 14   7.002743 -0.617765 -0.183752 0.000115 0.000194 -0.224581
 15   8.209042 0.615527 -0.255885 1.660688 -0.171659 0.275482
 16   7.002735 -0.617911 -0.183641 0.014580 0.001503 -0.175669
 17   1.574674 0.609930 -0.000899 0.068689 -0.113167 0.021836
 18   -0.602177 0.511412 -0.000006 0.000000 0.000000 0.000000
 19   3.673773 0.177020 1.119313 -0.000002 -0.000014 -0.174510
 20   3.673767 0.176993 -1.117566 0.000007 -0.000003 -0.174546
 21   3.922825 1.330634 1.627658 0.002075 -0.014884 0.030478
 22   -0.253873 -0.011889 0.508708 -0.000011 0.000031 0.000025
 23   3.922842 1.330659 -1.631083 -0.002066 0.014887 0.030453
 24   -0.246150 -0.011872 -0.508698 -0.000005 -0.000006 0.000048
 25   4.941364 1.997338 1.629330 0.000018 -0.000001 -0.000024
 26   4.941382 1.997366 -1.629410 -0.000001 0.000005 -0.000024
 27   2.930087 1.623171 1.514501 -0.001493 0.010572 -0.046361
 28   2.932517 1.622777 -1.501142 0.001472 -0.010603 -0.046335
 29   8.824059 0.150544 0.091743 0.000541 0.033619 -0.169920
 30   2.130617 -0.561179 1.745256 -0.004618 0.049040 -0.000362
 31   2.082226 -0.561289 -1.873131 -0.003662 0.039707 -0.000184
 32   -0.810489 -0.093824 3.127092 -0.046999 -2.916506 -0.269754
 33   14.298673 -0.408176 0.475484 -0.000052 -0.000029 -0.473560
 34   15.835795 0.581398 0.242756 -0.111519 -0.140760 0.047229
 35   -0.815868 -0.091229 -3.114430 0.099557 3.344368 0.009963
 36   14.294526 -0.410349 -0.463635 0.000045 0.000048 -0.278940
 37   15.834409 0.579420 -0.284600 -0.013007 -0.109072 0.237273
 38   1.139685 -3.426404 -2.823813 0.009535 0.000699 -0.007514
 39   -4.457742 -1.054854 -0.746180 0.000000 0.000000 0.000000
 40   1.118101 -3.477114 3.237290 0.009535 0.000700 -0.007515
 41   -4.433840 -1.059130 0.959566 -0.000001 0.000000 0.000000
 42   -0.657468 1.697302 -2.688614 0.001019 0.002547 0.000042
 43   -0.664068 1.698578 2.869377 0.000000 0.002089 0.000293
time 160
  0   -0.424561 2.898526 3.016088 0.000000 0.000000 -1.571069
  1   -1.093036 0.000002 -0.326057 -0.404381 -1.671831 -1.197967
  2   2.262337 0.113614 0.064702 -0.018509 0.009564 -0.029540
  3   2.380047 0.353302 0.047440 -0.000075 0.007307 -0.010652
  4   2.033756 0.190472 -0.000128 0.005947 0.004590 -0.066611
  5   2.451511 0.204909 -0.003447 0.009654 0.128710 0.006229
  6   7.247600 -0.397300 -0.109469 0.000001 -0.000003 0.156829
  7   -2.022252 -0.104661 3.136172 0.887651 -1.311157 -4.169675
  8   1.168026 -0.537438 -0.063437 0.760929 1.135107 0.987116
  9   6.790376 -0.619176 0.015206 -0.000102 -0.000151 -0.353642
 10   8.637599 0.544015 -0.090417 -2.061866 0.255105 0.061155
 11   6.790465 -0.619039 0.017802 -0.002064 -0.010912 -0.262738
 12   -2.022474 -0.104699 -2.873818 -0.220018 1.247765 -3.507642
 13   1.167898 -0.537463 0.063297 -0.148954 -1.022104 0.290355
 14   7.002743 -0.617765 -0.183752 0.000115 0.000194 -0.225571
 15   8.209042 0.615527 -0.255885 1.695777 -0.211456 0.247819
 16   7.002735 -0.617911 -0.183641 0.014580 0.001616 -0.176497
 17   1.574674 0.609930 -0.000899 0.032862 -0.092293 0.031372
 18   -0.602177 0.511412 -0.000006 0.000000 0.000000 0.000000
 19   3.677679 0.177020 1.119313 -0.000002 -0.000014 -0.174510
 20   3.673767 0.176993 -1.117566 0.000007 -0.000003 -0.174546
 21   3.930638 1.330634 1.627658 0.000985 -0.007058 0.014437
 22   -0.246060 -0.011889 0.516521 -0.000011 0.000031 0.000025
 23   3.930655 1.330659 -1.631083 -0.000976 0.007049 0.014439
 24   -0.246150 -0.011872 -0.516511 -0.000005 -0.000006 0.000048
 25   4.941364 1.997338 1.629330 0.000018 -0.000001 -0.000024
 26   4.941382 1.997366 -1.629410 -0.000001 0.000005 -0.000024
 27   2.922274 1.623171 1.514501 -0.000714 0.005000 -0.021966
 28   2.924704 1.622777 -1.501142 0.000693 -0.005031 -0.021940
 29   8.824059 0.150544 0.091743 0.000095 0.015816 -0.172334
 30   2.118898 -0.561179 1.772601 -0.002205 0.022886 -0.000148
 31   2.105664 -0.561289 -1.861412 -0.001716 0.018779 -0.000093
 32   -0.810489 -0.093824 3.127092 -0.040195 -2.923860 -0.296963
 33   14.298673 -0.408176 0.475484 -0.000052 -0.000029 -0.459824
 34   15.835795 0.581398 0.242756 -0.101973 -0.139345 0.030823
 35   -0.815868 -0.091229 -3.114430 0.136787 3.341182 -0.018630
 36   14.294526 -0.410349 -0.463635 0.000045 0.000048 -0.277627
 37   15.834409 0.579420 -0.284600 -0.028415 -0.112732 0.233826
 38   1.139685 -3.445936 -2.823813 0.004357 0.000301 -0.003359
 39   -4.457742 -1.054854 -0.746180 0.000000 0.000000 0.000000
 40   1.118101 -3.457582 3.237290 0.004357 0.000302 -0.003360
 41   -4.433840 -1.059130 0.959566 -0.000001 0.000000 0.000000
 42   -0.657468 1.697302 -2.688614 0.000443 0.001152 0.000000
 43   -0.664068 1.698578 2.869377 0.000000 0.000928 0.000084
time 161
  0   -0.455812 2.949309 3.016088 0.000000 0.000000 -1.571069
  1   -1.093036 0.000002 -0.326057 -0.332223 -1.669516 -1.255355
  2   2.262337 0.113614 0.064702 -0.019579 0.010128 -0.029269
  3   2.380047 0.353302 0.047440 -0.000645 0.007594 -0.010489
  4   2.033756 0.190472 -0.000128 0.005652 0.004770 -0.066538
  5   2.451511 0.204909 -0.003447 0.006265 0.129180 0.006080
  6   7.247600 -0.397300 -0.109469 0.000001 -0.000003 0.156829
  7   -2.022252 -0.104661 3.136172 0.892636 -1.310868 -4.175028
  8   1.168026 -0.537438 -0.063437 0.759347 1.136415 0.989520
  9   6.790376 -0.619176 0.015206 -0.000102 -0.000151 -0.353642
 10   8.637599 0.544015 -0.090417 -2.055173 0.248770 0.059925
 11   6.790465 -0.619039 0.017802 -0.002064 -0.010912 -0.262738
 12   -2.022474 -0.104699 -2.873818 -0.215707 1.247823 -3.504100
 13   1.167898 -0.537463 0.063297 -0.143541 -1.016866 0.283878
 14   7.002743 -0.617765 -0.183752 0.000115 0.000194 -0.227551
 15   8.209042 0.615527 -0.255885 1.714831 -0.218568 0.235912
 16   7.002735 -0.617911 -0.183641 0.014580 0.001616 -0.177766
 17   1.574674 0.609930 -0.000899 0.028678 -0.095346 0.030744
 18   -0.602177 0.511412 -0.000006 0.000000 0.000000 0.000000
 19   3.673773 0.177020 1.119313 -0.000002 -0.000014 -0.174510
 20   3.673767 0.176993 -1.117566 0.000007 -0.000003 -0.174546
 21   3.938451 1.330634 1.627658 0.000266 -0.001881 0.003777
 22   -0.246060 -0.011889 0.516521 -0.000011 0.000031 0.000025
 23   3.938468 1.330659 -1.631083 -0.000245 0.001872 0.003779
 24   -0.246150 -0.011872 -0.516511 -0.000005 -0.000006 0.000048
 25   4.941364 1.997338 1.629330 0.000018 -0.000001 -0.000024
 26   4.941382 1.997366 -1.629410 -0.000001 0.000005 -0.000024
 27   2.922274 1.623171 1.514501 -0.000199 0.001296 -0.005834
 28   2.924704 1.622777 -1.501142 0.000178 -0.001327 -0.005808
 29   8.824059 0.150544 0.091743 0.000006 0.003994 -0.174051
 30   2.111085 -0.561179 1.784320 -0.000578 0.005566 -0.000019
 31   2.117383 -0.561289 -1.853599 -0.000460 0.004999 -0.000002
 32   -0.810489 -0.093824 3.127092 -0.035721 -2.925579 -0.310340
 33   14.298673 -0.408176 0.475484 -0.000052 -0.000029 -0.458395
 34   15.835795 0.581398 0.242756 -0.091300 -0.136758 0.025486
 35   -0.815868 -0.091229 -3.114430 0.148845 3.341464 -0.029750
 36   14.294526 -0.410349 -0.463635 0.000045 0.000048 -0.278554
 37   15.834409 0.579420 -0.284600 -0.024415 -0.114140 0.232660
 38   1.139685 -3.453749 -2.823813 0.001116 0.000060 -0.000793
 39   -4.457742 -1.054854 -0.746180 0.000000 0.000000 0.000000
 40   1.118101 -3.449769 3.237290 0.001116 0.000061 -0.000794
 41   -4.433840 -1.059130 0.959566 -0.000001 0.000000 0.000000
 42   -0.657468 1.697302 -2.688614 0.000108 0.000278 0.000000
 43   -0.664068 1.698578 2.869377 0.000000 0.000222 0.000000
time 162
  0   -0.557378 3.074313 2.984837 0.000000 0.000000 -1.571069
  1   -1.093036 0.000002 -0.326057 -0.157042 -1.672433 -1.386680
  2   2.262337 0.113614 0.064702 -0.025285 0.013280 -0.028528
  3   2.380047 0.353302 0.047440 -0.003675 0.009404 -0.010040
  4   2.033756 0.190472 -0.000128 0.004103 0.005657 -0.066248
  5   2.451511 0.204909 -0.003447 -0.009808 0.133397 0.006996
  6   7.247600 -0.397300 -0.109469 0.000001 -0.000003 0.156829
  7   -2.022252 -0.104661 3.136172 0.926953 -1.297176 -4.207898
  8   1.168026 -0.537438 -0.063437 0.732959 1.131937 0.976678
  9   6.790376 -0.619176 0.015206 -0.000102 -0.000151 -0.353189
 10   8.637599 0.544015 -0.090417 -2.047688 0.237578 0.052040
 11   6.790465 -0.619039 0.017802 -0.002064 -0.010912 -0.262507
 12   -2.022474 -0.104699 -2.873818 -0.179012 1.245994 -3.468963
 13   1.167898 -0.537463 0.063297 -0.142627 -1.004000 0.280246
 14   7.002743 -0.617765 -0.183752 0.000115 0.000194 -0.227551
 15   8.209042 0.615527 -0.255885 1.752867 -0.245049 0.209391
 16   7.002735 -0.617911 -0.183641 0.014580 0.001616 -0.177766
 17   1.574674 0.609930 -0.000899 0.021407 -0.078022 0.032629
 18   -0.602177 0.511412 -0.000006 0.000000 0.000000 0.000000
 19   3.673773 0.177020 1.119313 -0.000002 -0.000014 -0.174510
 20   3.673767 0.176993 -1.117566 0.000007 -0.000003 -0.174546
 21   3.942357 1.330634 1.627658 0.000002 -0.000011 -0.000026
 22   -0.246060 -0.011889 0.516521 -0.000011 0.000031 0.000025
 23   3.942374 1.330659 -1.631083 0.000019 0.000002 -0.000024
 24   -0.246150 -0.011872 -0.516511 -0.000005 -0.000006 0.000048
 25   4.941364 1.997338 1.629330 0.000018 -0.000001 -0.000024
 26   4.941382 1.997366 -1.629410 -0.000001 0.000005 -0.000024
 27   2.918368 1.615358 1.514501 -0.000019 -0.000022 -0.000050
 28   2.924704 1.614964 -1.501142 -0.000002 -0.000009 -0.000024
 29   8.824059 0.150544 0.091743 0.000006 -0.000231 -0.174534
 30   2.111085 -0.561179 1.784320 -0.000008 -0.000682 0.000024
 31   2.121290 -0.561289 -1.853599 0.000000 0.000000 -0.000002
 32   -0.810489 -0.093824 3.127092 -0.010648 -2.921663 -0.351381
 33   14.298673 -0.408176 0.475484 -0.000052 -0.000029 -0.468399
 34   15.835795 0.581398 0.242756 -0.064733 -0.131877 0.017592
 35   -0.815868 -0.091229 -3.114430 0.186340 3.349334 -0.060424
 36   14.294526 -0.410349 -0.463635 0.000045 0.000048 -0.289986
 37   15.834409 0.579420 -0.284600 -0.013579 -0.118824 0.234536
 38   1.139685 -3.453749 -2.823813 0.000000 0.000000 0.000001
 39   -4.457742 -1.054854 -0.746180 0.000000 0.000000 0.000000
 40   1.118101 -3.449769 3.237290 0.000000 0.000001 0.000000
 41   -4.433840 -1.059130 0.959566 -0.000001 0.000000 0.000000
 42   -0.657468 1.697302 -2.688614 0.000000 0.000002 0.000000
 43   -0.664068 1.698578 2.869377 0.000000 0.000002 0.000000
end
