version 1
nodes
  0 "Bip01" -1
  1 "Bip01 Pelvis" 0
  2 "Bip01 Spine" 1
  3 "Bip01 Spine1" 2
  4 "Bip01 Spine2" 3
  5 "Bip01 Spine3" 4
  6 "Bip01 Neck" 5
  7 "Bip01 L Arm" 6
  8 "Bip01 L Arm1" 7
  9 "Bip01 L Arm2" 8
 10 "Bip01 L Hand" 9
 11 "Bip06 L elbow2-smooth" 8
 12 "Bip01 R Arm" 6
 13 "Bip01 R Arm1" 12
 14 "Bip01 R Arm2" 13
 15 "Bip01 R Hand" 14
 16 "Bip06 R elbow2-smooth" 13
 17 "Bip01 Head" 6
 18 "Bip06 Head_helper" 17
 19 "Bip06 Head_eyes_l" 18
 20 "Bip06 Head_eyes_r" 18
 21 "Bip06 Head_blink_l" 18
 22 "Bip06 Head_blink_smooth_l1" 21
 23 "Bip06 Head_blink_r" 18
 24 "Bip06 Head_blink_smooth_r1" 23
 25 "Bip06 Head_L_eyebrow" 18
 26 "Bip06 Head_R_eyebrow" 18
 27 "Bip06 Head_blink_l_lid" 18
 28 "Bip06 Head_blink_r_lid" 18
 29 "Bip06 bunny" 18
 30 "Bip06 bunnyL" 29
 31 "Bip06 bunnyR" 29
 32 "Bip01 L Leg" 1
 33 "Bip01 L Leg1" 32
 34 "Bip01 L Foot" 33
 35 "Bip01 R Leg" 1
 36 "Bip01 R Leg1" 35
 37 "Bip01 R Foot" 36
 38 "Bip03 HairR1" 17
 39 "Bip03 HairR2" 38
 40 "Bip03 HairL1" 17
 41 "Bip03 HairL2" 40
 42 "Bip03 swingR" 17
 43 "Bip03 swingL" 17
end
skeleton
time 0
  0   -0.010486 -0.546892 -0.601210 0.000000 0.000000 -1.571449
  1   -1.093036 0.000002 -0.326057 -0.214108 -1.569036 -1.356583
  2   2.262337 0.113614 0.064702 -0.089189 -0.103570 -0.069224
  3   2.380047 0.353302 0.047440 -0.137049 -0.031943 -0.077480
  4   2.033756 0.190472 -0.000128 -0.188567 -0.048430 -0.391094
  5   2.451511 0.204909 -0.003447 -0.407655 -0.011259 -0.377339
  6   7.247600 -0.397300 -0.109469 0.000001 0.000021 0.156829
  7   -2.022252 -0.104661 3.136172 0.418235 -1.311906 -3.760682
  8   1.168026 -0.537438 -0.063437 -0.652377 0.889875 -0.576745
  9   6.790376 -0.619176 0.015206 0.041452 0.071594 -1.049075
 10   8.637599 0.544015 -0.090417 -3.590496 0.218995 0.267264
 11   6.790465 -0.619039 0.017802 0.037672 0.034796 -0.749744
 12   -2.022474 -0.104699 -2.873818 -1.824116 1.474732 -5.011065
 13   1.167898 -0.537463 0.063297 0.034725 -0.899090 -0.830265
 14   7.002743 -0.617765 -0.183752 0.028696 -0.197360 -1.727004
 15   8.209042 0.615527 -0.255885 2.597079 0.335790 0.457277
 16   7.002735 -0.617911 -0.183641 -0.002791 -0.138001 -1.223283
 17   1.574674 0.609930 -0.000899 0.349252 -0.373077 0.669578
 18   -0.602177 0.511412 -0.000006 0.000000 0.000000 0.000000
 19   3.673773 0.177020 1.119313 -0.000002 -0.000014 -0.174510
 20   3.673767 0.176993 -1.117566 0.000007 -0.000003 -0.174546
 21   3.942357 1.330634 1.627658 0.000002 -0.000011 -0.000026
 22   -0.246060 -0.011889 0.516521 -0.000011 0.000031 0.000025
 23   3.942374 1.330659 -1.631083 0.000019 0.000002 -0.000024
 24   -0.246150 -0.011872 -0.516511 -0.000005 -0.000006 0.000048
 25   4.941364 1.997338 1.629330 0.000018 -0.000001 -0.000024
 26   4.941382 1.997366 -1.629410 -0.000001 0.000005 -0.000024
 27   2.918368 1.615358 1.514501 -0.000019 -0.000022 -0.000050
 28   2.920798 1.614964 -1.501142 -0.000002 -0.000009 -0.000024
 29   8.824059 0.150544 0.091743 0.000006 -0.000231 -0.174534
 30   2.111085 -0.561179 1.784320 -0.000008 -0.000682 0.000024
 31   2.121290 -0.561289 -1.853599 0.000000 0.000000 -0.000002
 32   -0.810489 -0.093824 3.127092 0.564080 -3.064347 -0.563586
 33   14.298673 -0.408176 0.475484 -0.006392 -0.009799 -0.413535
 34   15.835795 0.581398 0.242756 -0.007436 -0.212263 -0.117847
 35   -0.815868 -0.091229 -3.114430 -0.120039 3.021422 -0.057357
 36   14.294526 -0.410349 -0.463635 0.001663 0.012787 -0.721549
 37   15.834409 0.579420 -0.284600 -0.182270 -0.002314 0.569929
 38   1.139685 -3.453749 -2.823813 0.000000 0.000000 0.000001
 39   -4.457742 -1.054854 -0.746180 0.000000 0.000000 0.000000
 40   1.118101 -3.449769 3.237290 0.000000 0.000001 0.000000
 41   -4.433840 -1.059130 0.959566 -0.000001 0.000000 0.000000
 42   -0.657468 1.697302 -2.688614 0.000000 0.000002 0.000000
 43   -0.664068 1.698578 2.869377 0.000000 0.000002 0.000000
time 1
  0   -0.010486 -0.546892 -0.601210 0.000000 0.000000 -1.571449
  1   -1.093036 0.000002 -0.326057 -0.214108 -1.569036 -1.356583
  2   2.262337 0.113614 0.064702 -0.083598 -0.110246 -0.069242
  3   2.380047 0.353302 0.047440 -0.135204 -0.036461 -0.081112
  4   2.033756 0.190472 -0.000128 -0.187571 -0.052432 -0.398307
  5   2.451511 0.204909 -0.003447 -0.401955 -0.042488 -0.373005
  6   7.247600 -0.397300 -0.109469 0.000001 0.000021 0.156829
  7   -2.022252 -0.104661 3.136172 0.506712 -1.336610 -3.843419
  8   1.168026 -0.537438 -0.063437 -0.453866 0.790454 -0.595217
  9   6.790376 -0.619176 0.015206 0.043172 0.062851 -0.916101
 10   8.637599 0.544015 -0.090417 -3.438672 0.226456 0.223568
 11   6.790465 -0.619039 0.017802 0.036387 0.029054 -0.656772
 12   -2.022474 -0.104699 -2.873818 -1.639974 1.465067 -4.850507
 13   1.167898 -0.537463 0.063297 -0.028329 -0.974709 -0.710285
 14   7.002743 -0.617765 -0.183752 0.027955 -0.197020 -1.718011
 15   8.209042 0.615527 -0.255885 2.599380 0.334201 0.420654
 16   7.002735 -0.617911 -0.183641 -0.003073 -0.137550 -1.217046
 17   1.574674 0.609930 -0.000899 0.367409 -0.293083 0.572408
 18   -0.602177 0.511412 -0.000006 0.000000 0.000000 0.000000
 19   3.673773 0.177020 1.119313 -0.000002 -0.000014 -0.174510
 20   3.673767 0.176993 -1.117566 0.000007 -0.000003 -0.174546
 21   3.942357 1.330634 1.627658 0.000002 -0.000011 -0.000026
 22   -0.246060 -0.011889 0.516521 -0.000011 0.000031 0.000025
 23   3.942374 1.330659 -1.631083 0.000019 0.000002 -0.000024
 24   -0.246150 -0.011872 -0.516511 -0.000005 -0.000006 0.000048
 25   4.941364 1.997338 1.629330 0.000018 -0.000001 -0.000024
 26   4.941382 1.997366 -1.629410 -0.000001 0.000005 -0.000024
 27   2.918368 1.615358 1.514501 -0.000019 -0.000022 -0.000050
 28   2.920798 1.614964 -1.501142 -0.000002 -0.000009 -0.000024
 29   8.824059 0.150544 0.091743 0.000006 -0.000231 -0.174534
 30   2.111085 -0.561179 1.784320 -0.000008 -0.000682 0.000024
 31   2.121290 -0.561289 -1.853599 0.000000 0.000000 -0.000002
 32   -0.810489 -0.093824 3.127092 0.564080 -3.064347 -0.563586
 33   14.298673 -0.408176 0.475484 -0.006392 -0.009799 -0.413535
 34   15.835795 0.581398 0.242756 -0.007436 -0.212263 -0.117847
 35   -0.815868 -0.091229 -3.114430 -0.120039 3.021422 -0.057357
 36   14.294526 -0.410349 -0.463635 0.001663 0.012787 -0.721549
 37   15.834409 0.579420 -0.284600 -0.182270 -0.002314 0.569929
 38   1.139685 -3.453749 -2.823813 0.000000 0.000000 0.000001
 39   -4.457742 -1.054854 -0.746180 0.000000 0.000000 0.000000
 40   1.118101 -3.449769 3.237290 0.000000 0.000001 0.000000
 41   -4.433840 -1.059130 0.959566 -0.000001 0.000000 0.000000
 42   -0.657468 1.697302 -2.688614 0.000000 0.000002 0.000000
 43   -0.664068 1.698578 2.869377 0.000000 0.000002 0.000000
time 2
  0   -0.010486 -0.546892 -0.601210 0.000000 0.000000 -1.571449
  1   -1.093036 0.000002 -0.326057 -0.214108 -1.569036 -1.356583
  2   2.262337 0.113614 0.064702 -0.075038 -0.124483 -0.069278
  3   2.380047 0.353302 0.047440 -0.130704 -0.046205 -0.089560
  4   2.033756 0.190472 -0.000128 -0.184989 -0.062739 -0.406970
  5   2.451511 0.204909 -0.003447 -0.396324 -0.073965 -0.370033
  6   7.247600 -0.397300 -0.109469 0.000001 0.000021 0.156829
  7   -2.022252 -0.104661 3.136172 0.680119 -1.367483 -4.007298
  8   1.168026 -0.537438 -0.063437 -0.252508 0.682882 -0.622925
  9   6.790376 -0.619176 0.015206 0.042451 0.050171 -0.785844
 10   8.637599 0.544015 -0.090417 -3.199928 0.209844 0.159688
 11   6.790465 -0.619039 0.017802 0.033380 0.020697 -0.565704
 12   -2.022474 -0.104699 -2.873818 -1.404002 1.452006 -4.638153
 13   1.167898 -0.537463 0.063297 -0.106566 -1.071838 -0.559614
 14   7.002743 -0.617765 -0.183752 0.026304 -0.196509 -1.697715
 15   8.209042 0.615527 -0.255885 2.593772 0.332687 0.362621
 16   7.002735 -0.617911 -0.183641 -0.003638 -0.136704 -1.202917
 17   1.574674 0.609930 -0.000899 0.358757 -0.202580 0.459639
 18   -0.602177 0.511412 -0.000006 0.000000 0.000000 0.000000
 19   3.673773 0.177020 1.119313 -0.000002 -0.000014 -0.174510
 20   3.673767 0.176993 -1.117566 0.000007 -0.000003 -0.174546
 21   3.942357 1.330634 1.627658 0.000002 -0.000011 -0.000026
 22   -0.246060 -0.011889 0.516521 -0.000011 0.000031 0.000025
 23   3.942374 1.330659 -1.631083 0.000019 0.000002 -0.000024
 24   -0.246150 -0.011872 -0.516511 -0.000005 -0.000006 0.000048
 25   4.941364 1.997338 1.629330 0.000018 -0.000001 -0.000024
 26   4.941382 1.997366 -1.629410 -0.000001 0.000005 -0.000024
 27   2.918368 1.615358 1.514501 -0.000019 -0.000022 -0.000050
 28   2.920798 1.614964 -1.501142 -0.000002 -0.000009 -0.000024
 29   8.824059 0.150544 0.091743 0.000006 -0.000231 -0.174534
 30   2.111085 -0.561179 1.784320 -0.000008 -0.000682 0.000024
 31   2.121290 -0.561289 -1.853599 0.000000 0.000000 -0.000002
 32   -0.810489 -0.093824 3.127092 0.564080 -3.064347 -0.563586
 33   14.298673 -0.408176 0.475484 -0.006392 -0.009799 -0.413535
 34   15.835795 0.581398 0.242756 -0.007436 -0.212263 -0.117847
 35   -0.815868 -0.091229 -3.114430 -0.120039 3.021422 -0.057357
 36   14.294526 -0.410349 -0.463635 0.001663 0.012787 -0.721549
 37   15.834409 0.579420 -0.284600 -0.182270 -0.002314 0.569929
 38   1.139685 -3.453749 -2.823813 0.000000 0.000000 0.000001
 39   -4.457742 -1.054854 -0.746180 0.000000 0.000000 0.000000
 40   1.118101 -3.449769 3.237290 0.000000 0.000001 0.000000
 41   -4.433840 -1.059130 0.959566 -0.000001 0.000000 0.000000
 42   -0.657468 1.697302 -2.688614 0.000000 0.000002 0.000000
 43   -0.664068 1.698578 2.869377 0.000000 0.000002 0.000000
time 3
  0   -0.010486 -0.546892 -0.601210 0.000000 0.000000 -1.571449
  1   -1.093036 0.000002 -0.326057 -0.214108 -1.569036 -1.356583
  2   2.262337 0.113614 0.064702 -0.072198 -0.131219 -0.069459
  3   2.380047 0.353302 0.047440 -0.126969 -0.050747 -0.095396
  4   2.033756 0.190472 -0.000128 -0.182057 -0.075047 -0.407985
  5   2.451511 0.204909 -0.003447 -0.396666 -0.070009 -0.372385
  6   7.247600 -0.397300 -0.109469 0.000001 0.000021 0.156829
  7   -2.022252 -0.104661 3.136172 0.747890 -1.370568 -4.070784
  8   1.168026 -0.537438 -0.063437 -0.228145 0.675335 -0.601543
  9   6.790376 -0.619176 0.015206 0.041175 0.047568 -0.812786
 10   8.637599 0.544015 -0.090417 -3.105435 0.135934 0.097761
 11   6.790465 -0.619039 0.017802 0.032562 0.018849 -0.584391
 12   -2.022474 -0.104699 -2.873818 -1.278878 1.458565 -4.512157
 13   1.167898 -0.537463 0.063297 -0.086041 -1.094925 -0.558040
 14   7.002743 -0.617765 -0.183752 0.025450 -0.196565 -1.685009
 15   8.209042 0.615527 -0.255885 2.554801 0.337378 0.336461
 16   7.002735 -0.617911 -0.183641 -0.004015 -0.136704 -1.194252
 17   1.574674 0.609930 -0.000899 0.338163 -0.208615 0.444892
 18   -0.602177 0.511412 -0.000006 0.000000 0.000000 0.000000
 19   3.673773 0.177020 1.119313 -0.000002 -0.000014 -0.174510
 20   3.673767 0.176993 -1.117566 0.000007 -0.000003 -0.174546
 21   3.942357 1.330634 1.627658 0.000002 -0.000011 -0.000026
 22   -0.246060 -0.011889 0.516521 -0.000011 0.000031 0.000025
 23   3.942374 1.330659 -1.631083 0.000019 0.000002 -0.000024
 24   -0.246150 -0.011872 -0.516511 -0.000005 -0.000006 0.000048
 25   4.941364 1.997338 1.629330 0.000018 -0.000001 -0.000024
 26   4.941382 1.997366 -1.629410 -0.000001 0.000005 -0.000024
 27   2.918368 1.615358 1.514501 -0.000019 -0.000022 -0.000050
 28   2.920798 1.614964 -1.501142 -0.000002 -0.000009 -0.000024
 29   8.824059 0.150544 0.091743 0.000006 -0.000231 -0.174534
 30   2.111085 -0.561179 1.784320 -0.000008 -0.000682 0.000024
 31   2.121290 -0.561289 -1.853599 0.000000 0.000000 -0.000002
 32   -0.810489 -0.093824 3.127092 0.564080 -3.064347 -0.563586
 33   14.298673 -0.408176 0.475484 -0.006392 -0.009799 -0.413535
 34   15.835795 0.581398 0.242756 -0.007436 -0.212263 -0.117847
 35   -0.815868 -0.091229 -3.114430 -0.120039 3.021422 -0.057357
 36   14.294526 -0.410349 -0.463635 0.001663 0.012787 -0.721549
 37   15.834409 0.579420 -0.284600 -0.182270 -0.002314 0.569929
 38   1.139685 -3.453749 -2.823813 0.000000 0.000000 0.000001
 39   -4.457742 -1.054854 -0.746180 0.000000 0.000000 0.000000
 40   1.118101 -3.449769 3.237290 0.000000 0.000001 0.000000
 41   -4.433840 -1.059130 0.959566 -0.000001 0.000000 0.000000
 42   -0.657468 1.697302 -2.688614 0.000000 0.000002 0.000000
 43   -0.664068 1.698578 2.869377 0.000000 0.000002 0.000000
time 4
  0   -0.010486 -0.546892 -0.601210 0.000000 0.000000 -1.571449
  1   -1.093036 0.000002 -0.326057 -0.214108 -1.569036 -1.356583
  2   2.262337 0.113614 0.064702 -0.069535 -0.130955 -0.069802
  3   2.380047 0.353302 0.047440 -0.124418 -0.050435 -0.097437
  4   2.033756 0.190472 -0.000128 -0.179807 -0.084539 -0.407840
  5   2.451511 0.204909 -0.003447 -0.396632 -0.068181 -0.373648
  6   7.247600 -0.397300 -0.109469 0.000001 0.000021 0.156829
  7   -2.022252 -0.104661 3.136172 0.794765 -1.370395 -4.111918
  8   1.168026 -0.537438 -0.063437 -0.186000 0.690429 -0.541509
  9   6.790376 -0.619176 0.015206 0.041896 0.055844 -0.895876
 10   8.637599 0.544015 -0.090417 -2.883423 0.054422 0.060576
 11   6.790465 -0.619039 0.017802 0.034577 0.024307 -0.642585
 12   -2.022474 -0.104699 -2.873818 -1.142161 1.457375 -4.375727
 13   1.167898 -0.537463 0.063297 -0.062914 -1.115623 -0.563609
 14   7.002743 -0.617765 -0.183752 0.025280 -0.196963 -1.682864
 15   8.209042 0.615527 -0.255885 2.532511 0.349030 0.312046
 16   7.002735 -0.617911 -0.183641 -0.004109 -0.136873 -1.192817
 17   1.574674 0.609930 -0.000899 0.335360 -0.220189 0.433027
 18   -0.602177 0.511412 -0.000006 0.000000 0.000000 0.000000
 19   3.673773 0.177020 1.119313 -0.000002 -0.000014 -0.174510
 20   3.673767 0.176993 -1.117566 0.000007 -0.000003 -0.174546
 21   3.942357 1.330634 1.627658 0.000002 -0.000011 -0.000026
 22   -0.246060 -0.011889 0.516521 -0.000011 0.000031 0.000025
 23   3.942374 1.330659 -1.631083 0.000019 0.000002 -0.000024
 24   -0.246150 -0.011872 -0.516511 -0.000005 -0.000006 0.000048
 25   4.941364 1.997338 1.629330 0.000018 -0.000001 -0.000024
 26   4.941382 1.997366 -1.629410 -0.000001 0.000005 -0.000024
 27   2.918368 1.615358 1.514501 -0.000019 -0.000022 -0.000050
 28   2.920798 1.614964 -1.501142 -0.000002 -0.000009 -0.000024
 29   8.824059 0.150544 0.091743 0.000006 -0.000231 -0.174534
 30   2.111085 -0.561179 1.784320 -0.000008 -0.000682 0.000024
 31   2.121290 -0.561289 -1.853599 0.000000 0.000000 -0.000002
 32   -0.810489 -0.093824 3.127092 0.564080 -3.064347 -0.563586
 33   14.298673 -0.408176 0.475484 -0.006392 -0.009799 -0.413535
 34   15.835795 0.581398 0.242756 -0.007436 -0.212263 -0.117847
 35   -0.815868 -0.091229 -3.114430 -0.120039 3.021422 -0.057357
 36   14.294526 -0.410349 -0.463635 0.001663 0.012787 -0.721549
 37   15.834409 0.579420 -0.284600 -0.182270 -0.002314 0.569929
 38   1.139685 -3.453749 -2.823813 0.000000 0.000000 0.000001
 39   -4.457742 -1.054854 -0.746180 0.000000 0.000000 0.000000
 40   1.118101 -3.449769 3.237290 0.000000 0.000001 0.000000
 41   -4.433840 -1.059130 0.959566 -0.000001 0.000000 0.000000
 42   -0.657468 1.697302 -2.688614 0.000000 0.000002 0.000000
 43   -0.664068 1.698578 2.869377 0.000000 0.000002 0.000000
time 5
  0   -0.010486 -0.546892 -0.601210 0.000000 0.000000 -1.571449
  1   -1.093036 0.000002 -0.326057 -0.214108 -1.569036 -1.356583
  2   2.262337 0.113614 0.064702 -0.067548 -0.130272 -0.070200
  3   2.380047 0.353302 0.047440 -0.123398 -0.049572 -0.097804
  4   2.033756 0.190472 -0.000128 -0.178977 -0.087991 -0.408275
  5   2.451511 0.204909 -0.003447 -0.396187 -0.068286 -0.374268
  6   7.247600 -0.397300 -0.109469 0.000001 0.000021 0.156829
  7   -2.022252 -0.104661 3.136172 0.787384 -1.372413 -4.096892
  8   1.168026 -0.537438 -0.063437 -0.088548 0.726404 -0.449212
  9   6.790376 -0.619176 0.015206 0.041674 0.069792 -1.034057
 10   8.637599 0.544015 -0.090417 -2.555470 -0.136618 0.058478
 11   6.790465 -0.619039 0.017802 0.037380 0.033545 -0.739363
 12   -2.022474 -0.104699 -2.873818 -1.033228 1.453602 -4.267443
 13   1.167898 -0.537463 0.063297 -0.039506 -1.134845 -0.573234
 14   7.002743 -0.617765 -0.183752 0.025394 -0.197020 -1.683854
 15   8.209042 0.615527 -0.255885 2.514679 0.359093 0.292080
 16   7.002735 -0.617911 -0.183641 -0.004109 -0.136986 -1.193258
 17   1.574674 0.609930 -0.000899 0.335807 -0.234460 0.425229
 18   -0.602177 0.511412 -0.000006 0.000000 0.000000 0.000000
 19   3.673773 0.177020 1.119313 -0.000002 -0.000014 -0.174510
 20   3.673767 0.176993 -1.117566 0.000007 -0.000003 -0.174546
 21   3.942357 1.330634 1.627658 0.000002 -0.000011 -0.000026
 22   -0.246060 -0.011889 0.516521 -0.000011 0.000031 0.000025
 23   3.942374 1.330659 -1.631083 0.000019 0.000002 -0.000024
 24   -0.246150 -0.011872 -0.516511 -0.000005 -0.000006 0.000048
 25   4.941364 1.997338 1.629330 0.000018 -0.000001 -0.000024
 26   4.941382 1.997366 -1.629410 -0.000001 0.000005 -0.000024
 27   2.918368 1.615358 1.514501 -0.000019 -0.000022 -0.000050
 28   2.920798 1.614964 -1.501142 -0.000002 -0.000009 -0.000024
 29   8.824059 0.150544 0.091743 0.000006 -0.000231 -0.174534
 30   2.111085 -0.561179 1.784320 -0.000008 -0.000682 0.000024
 31   2.121290 -0.561289 -1.853599 0.000000 0.000000 -0.000002
 32   -0.810489 -0.093824 3.127092 0.564080 -3.064347 -0.563586
 33   14.298673 -0.408176 0.475484 -0.006392 -0.009799 -0.413535
 34   15.835795 0.581398 0.242756 -0.007436 -0.212263 -0.117847
 35   -0.815868 -0.091229 -3.114430 -0.120039 3.021422 -0.057357
 36   14.294526 -0.410349 -0.463635 0.001663 0.012787 -0.721549
 37   15.834409 0.579420 -0.284600 -0.182270 -0.002314 0.569929
 38   1.139685 -3.453749 -2.823813 0.000000 0.000000 0.000001
 39   -4.457742 -1.054854 -0.746180 0.000000 0.000000 0.000000
 40   1.118101 -3.449769 3.237290 0.000000 0.000001 0.000000
 41   -4.433840 -1.059130 0.959566 -0.000001 0.000000 0.000000
 42   -0.657468 1.697302 -2.688614 0.000000 0.000002 0.000000
 43   -0.664068 1.698578 2.869377 0.000000 0.000002 0.000000
time 6
  0   -0.010486 -0.546892 -0.601210 0.000000 0.000000 -1.571449
  1   -1.093036 0.000002 -0.326057 -0.214108 -1.569036 -1.356583
  2   2.262337 0.113614 0.064702 -0.067179 -0.129265 -0.070308
  3   2.380047 0.353302 0.047440 -0.123488 -0.048410 -0.097906
  4   2.033756 0.190472 -0.000128 -0.179309 -0.085810 -0.408855
  5   2.451511 0.204909 -0.003447 -0.395639 -0.068651 -0.374491
  6   7.247600 -0.397300 -0.109469 0.000001 0.000021 0.156829
  7   -2.022252 -0.104661 3.136172 0.735716 -1.372874 -4.037445
  8   1.168026 -0.537438 -0.063437 0.028457 0.779234 -0.354954
  9   6.790376 -0.619176 0.015206 0.039344 0.083341 -1.168766
 10   8.637599 0.544015 -0.090417 -2.289602 -0.333148 0.102391
 11   6.790465 -0.619039 0.017802 0.039161 0.042840 -0.833258
 12   -2.022474 -0.104699 -2.873818 -0.972295 1.449191 -4.206839
 13   1.167898 -0.537463 0.063297 -0.014130 -1.150711 -0.587460
 14   7.002743 -0.617765 -0.183752 0.025450 -0.197076 -1.684844
 15   8.209042 0.615527 -0.255885 2.487284 0.367718 0.275362
 16   7.002735 -0.617911 -0.183641 -0.004062 -0.137099 -1.194031
 17   1.574674 0.609930 -0.000899 0.340559 -0.250151 0.422013
 18   -0.602177 0.511412 -0.000006 0.000000 0.000000 0.000000
 19   3.673773 0.177020 1.119313 -0.000002 -0.000014 -0.174510
 20   3.673767 0.176993 -1.117566 0.000007 -0.000003 -0.174546
 21   3.942357 1.330634 1.627658 0.000002 -0.000011 -0.000026
 22   -0.246060 -0.011889 0.516521 -0.000011 0.000031 0.000025
 23   3.942374 1.330659 -1.631083 0.000019 0.000002 -0.000024
 24   -0.246150 -0.011872 -0.516511 -0.000005 -0.000006 0.000048
 25   4.941364 1.997338 1.629330 0.000018 -0.000001 -0.000024
 26   4.941382 1.997366 -1.629410 -0.000001 0.000005 -0.000024
 27   2.918368 1.615358 1.514501 -0.000019 -0.000022 -0.000050
 28   2.920798 1.614964 -1.501142 -0.000002 -0.000009 -0.000024
 29   8.824059 0.150544 0.091743 0.000006 -0.000231 -0.174534
 30   2.111085 -0.561179 1.784320 -0.000008 -0.000682 0.000024
 31   2.121290 -0.561289 -1.853599 0.000000 0.000000 -0.000002
 32   -0.810489 -0.093824 3.127092 0.564080 -3.064347 -0.563586
 33   14.298673 -0.408176 0.475484 -0.006392 -0.009799 -0.413535
 34   15.835795 0.581398 0.242756 -0.007436 -0.212263 -0.117847
 35   -0.815868 -0.091229 -3.114430 -0.120039 3.021422 -0.057357
 36   14.294526 -0.410349 -0.463635 0.001663 0.012787 -0.721549
 37   15.834409 0.579420 -0.284600 -0.182270 -0.002314 0.569929
 38   1.139685 -3.453749 -2.823813 0.000000 0.000000 0.000001
 39   -4.457742 -1.054854 -0.746180 0.000000 0.000000 0.000000
 40   1.118101 -3.449769 3.237290 0.000000 0.000001 0.000000
 41   -4.433840 -1.059130 0.959566 -0.000001 0.000000 0.000000
 42   -0.657468 1.697302 -2.688614 0.000000 0.000002 0.000000
 43   -0.664068 1.698578 2.869377 0.000000 0.000002 0.000000
time 7
  0   -0.010486 -0.546892 -0.601210 0.000000 0.000000 -1.571449
  1   -1.093036 0.000002 -0.326057 -0.214108 -1.569036 -1.356583
  2   2.262337 0.113614 0.064702 -0.067128 -0.128258 -0.070453
  3   2.380047 0.353302 0.047440 -0.123683 -0.047139 -0.098069
  4   2.033756 0.190472 -0.000128 -0.180102 -0.080417 -0.409580
  5   2.451511 0.204909 -0.003447 -0.394458 -0.073377 -0.373549
  6   7.247600 -0.397300 -0.109469 0.000001 0.000021 0.156829
  7   -2.022252 -0.104661 3.136172 0.694881 -1.377284 -3.993869
  8   1.168026 -0.537438 -0.063437 0.116924 0.867133 -0.277966
  9   6.790376 -0.619176 0.015206 0.037014 0.091883 -1.255931
 10   8.637599 0.544015 -0.090417 -2.088814 -0.406213 0.050810
 11   6.790465 -0.619039 0.017802 0.039891 0.048980 -0.894162
 12   -2.022474 -0.104699 -2.873818 -0.987816 1.451048 -4.225796
 13   1.167898 -0.537463 0.063297 0.009911 -1.166272 -0.602049
 14   7.002743 -0.617765 -0.183752 0.025450 -0.197076 -1.685999
 15   8.209042 0.615527 -0.255885 2.467295 0.376192 0.264657
 16   7.002735 -0.617911 -0.183641 -0.004015 -0.137099 -1.194859
 17   1.574674 0.609930 -0.000899 0.347993 -0.265866 0.418724
 18   -0.602177 0.511412 -0.000006 0.000000 0.000000 0.000000
 19   3.673773 0.177020 1.119313 -0.000002 -0.000014 -0.174510
 20   3.673767 0.176993 -1.117566 0.000007 -0.000003 -0.174546
 21   3.942357 1.330634 1.627658 0.000002 -0.000011 -0.000026
 22   -0.246060 -0.011889 0.516521 -0.000011 0.000031 0.000025
 23   3.942374 1.330659 -1.631083 0.000019 0.000002 -0.000024
 24   -0.246150 -0.011872 -0.516511 -0.000005 -0.000006 0.000048
 25   4.941364 1.997338 1.629330 0.000018 -0.000001 -0.000024
 26   4.941382 1.997366 -1.629410 -0.000001 0.000005 -0.000024
 27   2.918368 1.615358 1.514501 -0.000019 -0.000022 -0.000050
 28   2.920798 1.614964 -1.501142 -0.000002 -0.000009 -0.000024
 29   8.824059 0.150544 0.091743 0.000006 -0.000231 -0.174534
 30   2.111085 -0.561179 1.784320 -0.000008 -0.000682 0.000024
 31   2.121290 -0.561289 -1.853599 0.000000 0.000000 -0.000002
 32   -0.810489 -0.093824 3.127092 0.564080 -3.064347 -0.563586
 33   14.298673 -0.408176 0.475484 -0.006392 -0.009799 -0.413535
 34   15.835795 0.581398 0.242756 -0.007436 -0.212263 -0.117847
 35   -0.815868 -0.091229 -3.114430 -0.120039 3.021422 -0.057357
 36   14.294526 -0.410349 -0.463635 0.001663 0.012787 -0.721549
 37   15.834409 0.579420 -0.284600 -0.182270 -0.002314 0.569929
 38   1.139685 -3.453749 -2.823813 0.000000 0.000000 0.000001
 39   -4.457742 -1.054854 -0.746180 0.000000 0.000000 0.000000
 40   1.118101 -3.449769 3.237290 0.000000 0.000001 0.000000
 41   -4.433840 -1.059130 0.959566 -0.000001 0.000000 0.000000
 42   -0.657468 1.697302 -2.688614 0.000000 0.000002 0.000000
 43   -0.664068 1.698578 2.869377 0.000000 0.000002 0.000000
time 8
  0   -0.010486 -0.546892 -0.601210 0.000000 0.000000 -1.571449
  1   -1.093036 0.000002 -0.326057 -0.214108 -1.569036 -1.356583
  2   2.262337 0.113614 0.064702 -0.070019 -0.127240 -0.069730
  3   2.380047 0.353302 0.047440 -0.124088 -0.045617 -0.098212
  4   2.033756 0.190472 -0.000128 -0.180766 -0.077552 -0.410051
  5   2.451511 0.204909 -0.003447 -0.393739 -0.075388 -0.373128
  6   7.247600 -0.397300 -0.109469 0.000001 0.000021 0.156829
  7   -2.022252 -0.104661 3.136172 0.611868 -1.373940 -3.909722
  8   1.168026 -0.537438 -0.063437 0.155082 0.938881 -0.241022
  9   6.790376 -0.619176 0.015206 0.034517 0.095154 -1.303853
 10   8.637599 0.544015 -0.090417 -1.929153 -0.415927 -0.063422
 11   6.790465 -0.619039 0.017802 0.039190 0.051339 -0.927671
 12   -2.022474 -0.104699 -2.873818 -0.976798 1.453254 -4.215073
 13   1.167898 -0.537463 0.063297 0.029523 -1.169476 -0.617243
 14   7.002743 -0.617765 -0.183752 0.025678 -0.197190 -1.688474
 15   8.209042 0.615527 -0.255885 2.445940 0.377024 0.256118
 16   7.002735 -0.617911 -0.183641 -0.003967 -0.137099 -1.196570
 17   1.574674 0.609930 -0.000899 0.356482 -0.282858 0.422568
 18   -0.602177 0.511412 -0.000006 0.000000 0.000000 0.000000
 19   3.673773 0.177020 1.119313 -0.000002 -0.000014 -0.174510
 20   3.673767 0.176993 -1.117566 0.000007 -0.000003 -0.174546
 21   3.942357 1.330634 1.627658 0.000002 -0.000011 -0.000026
 22   -0.246060 -0.011889 0.516521 -0.000011 0.000031 0.000025
 23   3.942374 1.330659 -1.631083 0.000019 0.000002 -0.000024
 24   -0.246150 -0.011872 -0.516511 -0.000005 -0.000006 0.000048
 25   4.941364 1.997338 1.629330 0.000018 -0.000001 -0.000024
 26   4.941382 1.997366 -1.629410 -0.000001 0.000005 -0.000024
 27   2.918368 1.615358 1.514501 -0.000019 -0.000022 -0.000050
 28   2.920798 1.614964 -1.501142 -0.000002 -0.000009 -0.000024
 29   8.824059 0.150544 0.091743 0.000006 -0.000231 -0.174534
 30   2.111085 -0.561179 1.784320 -0.000008 -0.000682 0.000024
 31   2.121290 -0.561289 -1.853599 0.000000 0.000000 -0.000002
 32   -0.810489 -0.093824 3.127092 0.564080 -3.064347 -0.563586
 33   14.298673 -0.408176 0.475484 -0.006392 -0.009799 -0.413535
 34   15.835795 0.581398 0.242756 -0.007436 -0.212263 -0.117847
 35   -0.815868 -0.091229 -3.114430 -0.120039 3.021422 -0.057357
 36   14.294526 -0.410349 -0.463635 0.001663 0.012787 -0.721549
 37   15.834409 0.579420 -0.284600 -0.182270 -0.002314 0.569929
 38   1.139685 -3.453749 -2.823813 0.000000 0.000000 0.000001
 39   -4.457742 -1.054854 -0.746180 0.000000 0.000000 0.000000
 40   1.118101 -3.449769 3.237290 0.000000 0.000001 0.000000
 41   -4.433840 -1.059130 0.959566 -0.000001 0.000000 0.000000
 42   -0.657468 1.697302 -2.688614 0.000000 0.000002 0.000000
 43   -0.664068 1.698578 2.869377 0.000000 0.000002 0.000000
time 9
  0   -0.010486 -0.546892 -0.601210 0.000000 0.000000 -1.571449
  1   -1.093036 0.000002 -0.326057 -0.214108 -1.569036 -1.356583
  2   2.262337 0.113614 0.064702 -0.072873 -0.125909 -0.068266
  3   2.380047 0.353302 0.047440 -0.126548 -0.044311 -0.098294
  4   2.033756 0.190472 -0.000128 -0.181227 -0.077660 -0.410486
  5   2.451511 0.204909 -0.003447 -0.393585 -0.074500 -0.373426
  6   7.247600 -0.397300 -0.109469 0.000001 0.000021 0.156829
  7   -2.022252 -0.104661 3.136172 0.557612 -1.365321 -3.855628
  8   1.168026 -0.537438 -0.063437 0.126163 0.950403 -0.249436
  9   6.790376 -0.619176 0.015206 0.034739 0.094820 -1.293061
 10   8.637599 0.544015 -0.090417 -1.900179 -0.315550 -0.139239
 11   6.790465 -0.619039 0.017802 0.039161 0.051197 -0.920174
 12   -2.022474 -0.104699 -2.873818 -0.950164 1.458188 -4.187882
 13   1.167898 -0.537463 0.063297 0.044777 -1.169476 -0.626505
 14   7.002743 -0.617765 -0.183752 0.026304 -0.197304 -1.696642
 15   8.209042 0.615527 -0.255885 2.419839 0.367945 0.251848
 16   7.002735 -0.617911 -0.183641 -0.003732 -0.137381 -1.202255
 17   1.574674 0.609930 -0.000899 0.365825 -0.299828 0.432030
 18   -0.602177 0.511412 -0.000006 0.000000 0.000000 0.000000
 19   3.673773 0.177020 1.119313 -0.000002 -0.000014 -0.174510
 20   3.673767 0.176993 -1.117566 0.000007 -0.000003 -0.174546
 21   3.942357 1.330634 1.627658 0.000002 -0.000011 -0.000026
 22   -0.246060 -0.011889 0.516521 -0.000011 0.000031 0.000025
 23   3.942374 1.330659 -1.631083 0.000019 0.000002 -0.000024
 24   -0.246150 -0.011872 -0.516511 -0.000005 -0.000006 0.000048
 25   4.941364 1.997338 1.629330 0.000018 -0.000001 -0.000024
 26   4.941382 1.997366 -1.629410 -0.000001 0.000005 -0.000024
 27   2.918368 1.615358 1.514501 -0.000019 -0.000022 -0.000050
 28   2.920798 1.614964 -1.501142 -0.000002 -0.000009 -0.000024
 29   8.824059 0.150544 0.091743 0.000006 -0.000231 -0.174534
 30   2.111085 -0.561179 1.784320 -0.000008 -0.000682 0.000024
 31   2.121290 -0.561289 -1.853599 0.000000 0.000000 -0.000002
 32   -0.810489 -0.093824 3.127092 0.564080 -3.064347 -0.563586
 33   14.298673 -0.408176 0.475484 -0.006392 -0.009799 -0.413535
 34   15.835795 0.581398 0.242756 -0.007436 -0.212263 -0.117847
 35   -0.815868 -0.091229 -3.114430 -0.120039 3.021422 -0.057357
 36   14.294526 -0.410349 -0.463635 0.001663 0.012787 -0.721549
 37   15.834409 0.579420 -0.284600 -0.182270 -0.002314 0.569929
 38   1.139685 -3.453749 -2.823813 0.000000 0.000000 0.000001
 39   -4.457742 -1.054854 -0.746180 0.000000 0.000000 0.000000
 40   1.118101 -3.449769 3.237290 0.000000 0.000001 0.000000
 41   -4.433840 -1.059130 0.959566 -0.000001 0.000000 0.000000
 42   -0.657468 1.697302 -2.688614 0.000000 0.000002 0.000000
 43   -0.664068 1.698578 2.869377 0.000000 0.000002 0.000000
time 10
  0   -0.010486 -0.546892 -0.601210 0.000000 0.000000 -1.571449
  1   -1.093036 0.000002 -0.326057 -0.214108 -1.569036 -1.356583
  2   2.262337 0.113614 0.064702 -0.078031 -0.124675 -0.066170
  3   2.380047 0.353302 0.047440 -0.129999 -0.043784 -0.098294
  4   2.033756 0.190472 -0.000128 -0.181817 -0.077876 -0.411066
  5   2.451511 0.204909 -0.003447 -0.394184 -0.070009 -0.374689
  6   7.247600 -0.397300 -0.109469 0.000001 0.000021 0.156829
  7   -2.022252 -0.104661 3.136172 0.552819 -1.359729 -3.856286
  8   1.168026 -0.537438 -0.063437 0.102053 0.909095 -0.273538
  9   6.790376 -0.619176 0.015206 0.038179 0.090549 -1.237970
 10   8.637599 0.544015 -0.090417 -1.959535 -0.252973 -0.206447
 11   6.790465 -0.619039 0.017802 0.040124 0.047843 -0.881647
 12   -2.022474 -0.104699 -2.873818 -0.947194 1.469391 -4.184340
 13   1.167898 -0.537463 0.063297 0.059468 -1.167696 -0.639883
 14   7.002743 -0.617765 -0.183752 0.026760 -0.197360 -1.702170
 15   8.209042 0.615527 -0.255885 2.386476 0.371123 0.250886
 16   7.002735 -0.617911 -0.183641 -0.003638 -0.137550 -1.206063
 17   1.574674 0.609930 -0.000899 0.373177 -0.321270 0.448366
 18   -0.602177 0.511412 -0.000006 0.000000 0.000000 0.000000
 19   3.673773 0.177020 1.119313 -0.000002 -0.000014 -0.174510
 20   3.673767 0.176993 -1.117566 0.000007 -0.000003 -0.174546
 21   3.942357 1.330634 1.627658 0.000002 -0.000011 -0.000026
 22   -0.246060 -0.011889 0.516521 -0.000011 0.000031 0.000025
 23   3.942374 1.330659 -1.631083 0.000019 0.000002 -0.000024
 24   -0.246150 -0.011872 -0.516511 -0.000005 -0.000006 0.000048
 25   4.941364 1.997338 1.629330 0.000018 -0.000001 -0.000024
 26   4.941382 1.997366 -1.629410 -0.000001 0.000005 -0.000024
 27   2.918368 1.615358 1.514501 -0.000019 -0.000022 -0.000050
 28   2.920798 1.614964 -1.501142 -0.000002 -0.000009 -0.000024
 29   8.824059 0.150544 0.091743 0.000006 -0.000231 -0.174534
 30   2.111085 -0.561179 1.784320 -0.000008 -0.000682 0.000024
 31   2.121290 -0.561289 -1.853599 0.000000 0.000000 -0.000002
 32   -0.810489 -0.093824 3.127092 0.564080 -3.064347 -0.563586
 33   14.298673 -0.408176 0.475484 -0.006392 -0.009799 -0.413535
 34   15.835795 0.581398 0.242756 -0.007436 -0.212263 -0.117847
 35   -0.815868 -0.091229 -3.114430 -0.120039 3.021422 -0.057357
 36   14.294526 -0.410349 -0.463635 0.001663 0.012787 -0.721549
 37   15.834409 0.579420 -0.284600 -0.182270 -0.002314 0.569929
 38   1.139685 -3.453749 -2.823813 0.000000 0.000000 0.000001
 39   -4.457742 -1.054854 -0.746180 0.000000 0.000000 0.000000
 40   1.118101 -3.449769 3.237290 0.000000 0.000001 0.000000
 41   -4.433840 -1.059130 0.959566 -0.000001 0.000000 0.000000
 42   -0.657468 1.697302 -2.688614 0.000000 0.000002 0.000000
 43   -0.664068 1.698578 2.869377 0.000000 0.000002 0.000000
time 11
  0   -0.010486 -0.546892 -0.601210 0.000000 0.000000 -1.571449
  1   -1.093036 0.000002 -0.326057 -0.214108 -1.569036 -1.356583
  2   2.262337 0.113614 0.064702 -0.083903 -0.123393 -0.066098
  3   2.380047 0.353302 0.047440 -0.133704 -0.043664 -0.098212
  4   2.033756 0.190472 -0.000128 -0.182610 -0.078127 -0.411936
  5   2.451511 0.204909 -0.003447 -0.395348 -0.062528 -0.376918
  6   7.247600 -0.397300 -0.109469 0.000001 0.000021 0.156829
  7   -2.022252 -0.104661 3.136172 0.602570 -1.361343 -3.916108
  8   1.168026 -0.537438 -0.063437 0.116291 0.868592 -0.275246
  9   6.790376 -0.619176 0.015206 0.038900 0.089414 -1.212537
 10   8.637599 0.544015 -0.090417 -2.051299 -0.198280 -0.239436
 11   6.790465 -0.619039 0.017802 0.040124 0.047047 -0.863941
 12   -2.022474 -0.104699 -2.873818 -0.985229 1.482858 -4.226658
 13   1.167898 -0.537463 0.063297 0.074792 -1.165560 -0.656954
 14   7.002743 -0.617765 -0.183752 0.026874 -0.197531 -1.703985
 15   8.209042 0.615527 -0.255885 2.351962 0.379369 0.244932
 16   7.002735 -0.617911 -0.183641 -0.003591 -0.137550 -1.207277
 17   1.574674 0.609930 -0.000899 0.378986 -0.349646 0.471763
 18   -0.602177 0.511412 -0.000006 0.000000 0.000000 0.000000
 19   3.673773 0.177020 1.119313 -0.000002 -0.000014 -0.174510
 20   3.673767 0.176993 -1.117566 0.000007 -0.000003 -0.174546
 21   3.942357 1.330634 1.627658 0.000002 -0.000011 -0.000026
 22   -0.246060 -0.011889 0.516521 -0.000011 0.000031 0.000025
 23   3.942374 1.330659 -1.631083 0.000019 0.000002 -0.000024
 24   -0.246150 -0.011872 -0.516511 -0.000005 -0.000006 0.000048
 25   4.941364 1.997338 1.629330 0.000018 -0.000001 -0.000024
 26   4.941382 1.997366 -1.629410 -0.000001 0.000005 -0.000024
 27   2.918368 1.615358 1.514501 -0.000019 -0.000022 -0.000050
 28   2.920798 1.614964 -1.501142 -0.000002 -0.000009 -0.000024
 29   8.824059 0.150544 0.091743 0.000006 -0.000231 -0.174534
 30   2.111085 -0.561179 1.784320 -0.000008 -0.000682 0.000024
 31   2.121290 -0.561289 -1.853599 0.000000 0.000000 -0.000002
 32   -0.810489 -0.093824 3.127092 0.564080 -3.064347 -0.563586
 33   14.298673 -0.408176 0.475484 -0.006392 -0.009799 -0.413535
 34   15.835795 0.581398 0.242756 -0.007436 -0.212263 -0.117847
 35   -0.815868 -0.091229 -3.114430 -0.120039 3.021422 -0.057357
 36   14.294526 -0.410349 -0.463635 0.001663 0.012787 -0.721549
 37   15.834409 0.579420 -0.284600 -0.182270 -0.002314 0.569929
 38   1.139685 -3.453749 -2.823813 0.000000 0.000000 0.000001
 39   -4.457742 -1.054854 -0.746180 0.000000 0.000000 0.000000
 40   1.118101 -3.449769 3.237290 0.000000 0.000001 0.000000
 41   -4.433840 -1.059130 0.959566 -0.000001 0.000000 0.000000
 42   -0.657468 1.697302 -2.688614 0.000000 0.000002 0.000000
 43   -0.664068 1.698578 2.869377 0.000000 0.000002 0.000000
time 12
  0   -0.010486 -0.546892 -0.601210 0.000000 0.000000 -1.571449
  1   -1.093036 0.000002 -0.326057 -0.214108 -1.569036 -1.356583
  2   2.262337 0.113614 0.064702 -0.092870 -0.121871 -0.066098
  3   2.380047 0.353302 0.047440 -0.137844 -0.043556 -0.098110
  4   2.033756 0.190472 -0.000128 -0.184067 -0.078619 -0.412371
  5   2.451511 0.204909 -0.003447 -0.398566 -0.052906 -0.380806
  6   7.247600 -0.397300 -0.109469 0.000001 0.000021 0.156829
  7   -2.022252 -0.104661 3.136172 0.652032 -1.363995 -3.966070
  8   1.168026 -0.537438 -0.063437 0.152108 0.858680 -0.234443
  9   6.790376 -0.619176 0.015206 0.037402 0.090949 -1.249894
 10   8.637599 0.544015 -0.090417 -2.015192 -0.237980 -0.206736
 11   6.790465 -0.619039 0.017802 0.039891 0.048184 -0.889894
 12   -2.022474 -0.104699 -2.873818 -1.080653 1.482916 -4.324888
 13   1.167898 -0.537463 0.063297 0.079643 -1.164848 -0.657741
 14   7.002743 -0.617765 -0.183752 0.027158 -0.197587 -1.708193
 15   8.209042 0.615527 -0.255885 2.332333 0.375965 0.250525
 16   7.002735 -0.617911 -0.183641 -0.003497 -0.137832 -1.210258
 17   1.574674 0.609930 -0.000899 0.380651 -0.384366 0.503364
 18   -0.602177 0.511412 -0.000006 0.000000 0.000000 0.000000
 19   3.673773 0.177020 1.119313 -0.000002 -0.000014 -0.174510
 20   3.673767 0.176993 -1.117566 0.000007 -0.000003 -0.174546
 21   3.942357 1.330634 1.627658 0.000002 -0.000011 -0.000026
 22   -0.246060 -0.011889 0.516521 -0.000011 0.000031 0.000025
 23   3.942374 1.330659 -1.631083 0.000019 0.000002 -0.000024
 24   -0.246150 -0.011872 -0.516511 -0.000005 -0.000006 0.000048
 25   4.941364 1.997338 1.629330 0.000018 -0.000001 -0.000024
 26   4.941382 1.997366 -1.629410 -0.000001 0.000005 -0.000024
 27   2.918368 1.615358 1.514501 -0.000019 -0.000022 -0.000050
 28   2.920798 1.614964 -1.501142 -0.000002 -0.000009 -0.000024
 29   8.824059 0.150544 0.091743 0.000006 -0.000231 -0.174534
 30   2.111085 -0.561179 1.784320 -0.000008 -0.000682 0.000024
 31   2.121290 -0.561289 -1.853599 0.000000 0.000000 -0.000002
 32   -0.810489 -0.093824 3.127092 0.564080 -3.064347 -0.563586
 33   14.298673 -0.408176 0.475484 -0.006392 -0.009799 -0.413535
 34   15.835795 0.581398 0.242756 -0.007436 -0.212263 -0.117847
 35   -0.815868 -0.091229 -3.114430 -0.120039 3.021422 -0.057357
 36   14.294526 -0.410349 -0.463635 0.001663 0.012787 -0.721549
 37   15.834409 0.579420 -0.284600 -0.182270 -0.002314 0.569929
 38   1.139685 -3.453749 -2.823813 0.000000 0.000000 0.000001
 39   -4.457742 -1.054854 -0.746180 0.000000 0.000000 0.000000
 40   1.118101 -3.449769 3.237290 0.000000 0.000001 0.000000
 41   -4.433840 -1.059130 0.959566 -0.000001 0.000000 0.000000
 42   -0.657468 1.697302 -2.688614 0.000000 0.000002 0.000000
 43   -0.664068 1.698578 2.869377 0.000000 0.000002 0.000000
time 13
  0   -0.010486 -0.546892 -0.601210 0.000000 0.000000 -1.571449
  1   -1.093036 0.000002 -0.326057 -0.214108 -1.569036 -1.356583
  2   2.262337 0.113614 0.064702 -0.098742 -0.119605 -0.066423
  3   2.380047 0.353302 0.047440 -0.141294 -0.043101 -0.098110
  4   2.033756 0.190472 -0.000128 -0.185063 -0.079038 -0.412661
  5   2.451511 0.204909 -0.003447 -0.402383 -0.043780 -0.384421
  6   7.247600 -0.397300 -0.109469 0.000001 0.000021 0.156829
  7   -2.022252 -0.104661 3.136172 0.650882 -1.367310 -3.964756
  8   1.168026 -0.537438 -0.063437 0.192164 0.836391 -0.204584
  9   6.790376 -0.619176 0.015206 0.037624 0.090282 -1.239328
 10   8.637599 0.544015 -0.090417 -2.015985 -0.239388 -0.208979
 11   6.790465 -0.619039 0.017802 0.039745 0.047786 -0.882570
 12   -2.022474 -0.104699 -2.873818 -1.146760 1.474325 -4.393918
 13   1.167898 -0.537463 0.063297 0.078799 -1.165102 -0.656288
 14   7.002743 -0.617765 -0.183752 0.027443 -0.197815 -1.712483
 15   8.209042 0.615527 -0.255885 2.333627 0.379142 0.264898
 16   7.002735 -0.617911 -0.183641 -0.003403 -0.138001 -1.213183
 17   1.574674 0.609930 -0.000899 0.381748 -0.419890 0.537701
 18   -0.602177 0.511412 -0.000006 0.000000 0.000000 0.000000
 19   3.673773 0.177020 1.119313 -0.000002 -0.000014 -0.174510
 20   3.673767 0.176993 -1.117566 0.000007 -0.000003 -0.174546
 21   3.942357 1.330634 1.627658 0.000002 -0.000011 -0.000026
 22   -0.246060 -0.011889 0.516521 -0.000011 0.000031 0.000025
 23   3.942374 1.330659 -1.631083 0.000019 0.000002 -0.000024
 24   -0.246150 -0.011872 -0.516511 -0.000005 -0.000006 0.000048
 25   4.941364 1.997338 1.629330 0.000018 -0.000001 -0.000024
 26   4.941382 1.997366 -1.629410 -0.000001 0.000005 -0.000024
 27   2.918368 1.615358 1.514501 -0.000019 -0.000022 -0.000050
 28   2.920798 1.614964 -1.501142 -0.000002 -0.000009 -0.000024
 29   8.824059 0.150544 0.091743 0.000006 -0.000231 -0.174534
 30   2.111085 -0.561179 1.784320 -0.000008 -0.000682 0.000024
 31   2.121290 -0.561289 -1.853599 0.000000 0.000000 -0.000002
 32   -0.810489 -0.093824 3.127092 0.564080 -3.064347 -0.563586
 33   14.298673 -0.408176 0.475484 -0.006392 -0.009799 -0.413535
 34   15.835795 0.581398 0.242756 -0.007436 -0.212263 -0.117847
 35   -0.815868 -0.091229 -3.114430 -0.120039 3.021422 -0.057357
 36   14.294526 -0.410349 -0.463635 0.001663 0.012787 -0.721549
 37   15.834409 0.579420 -0.284600 -0.182270 -0.002314 0.569929
 38   1.139685 -3.453749 -2.823813 0.000000 0.000000 0.000001
 39   -4.457742 -1.054854 -0.746180 0.000000 0.000000 0.000000
 40   1.118101 -3.449769 3.237290 0.000000 0.000001 0.000000
 41   -4.433840 -1.059130 0.959566 -0.000001 0.000000 0.000000
 42   -0.657468 1.697302 -2.688614 0.000000 0.000002 0.000000
 43   -0.664068 1.698578 2.869377 0.000000 0.000002 0.000000
time 14
  0   -0.010486 -0.546892 -0.601210 0.000000 0.000000 -1.571449
  1   -1.093036 0.000002 -0.326057 -0.214108 -1.569036 -1.356583
  2   2.262337 0.113614 0.064702 -0.102526 -0.116621 -0.066947
  3   2.380047 0.353302 0.047440 -0.142600 -0.041818 -0.098212
  4   2.033756 0.190472 -0.000128 -0.184731 -0.081315 -0.412661
  5   2.451511 0.204909 -0.003447 -0.404386 -0.037618 -0.386106
  6   7.247600 -0.397300 -0.109469 0.000001 0.000021 0.156829
  7   -2.022252 -0.104661 3.136172 0.602474 -1.376794 -3.914887
  8   1.168026 -0.537438 -0.063437 0.227854 0.830705 -0.181747
  9   6.790376 -0.619176 0.015206 0.039788 0.081605 -1.152163
 10   8.637599 0.544015 -0.090417 -2.051739 -0.175544 -0.321257
 11   6.790465 -0.619039 0.017802 0.039015 0.041646 -0.821723
 12   -2.022474 -0.104699 -2.873818 -1.112940 1.463732 -4.362514
 13   1.167898 -0.537463 0.063297 0.068888 -1.168001 -0.657559
 14   7.002743 -0.617765 -0.183752 0.027955 -0.197871 -1.719001
 15   8.209042 0.615527 -0.255885 2.374180 0.409936 0.283901
 16   7.002735 -0.617911 -0.183641 -0.003261 -0.138170 -1.217709
 17   1.574674 0.609930 -0.000899 0.383617 -0.449095 0.571114
 18   -0.602177 0.511412 -0.000006 0.000000 0.000000 0.000000
 19   3.673773 0.177020 1.119313 -0.000002 -0.000014 -0.174510
 20   3.673767 0.176993 -1.117566 0.000007 -0.000003 -0.174546
 21   3.942357 1.330634 1.627658 0.000002 -0.000011 -0.000026
 22   -0.246060 -0.011889 0.516521 -0.000011 0.000031 0.000025
 23   3.942374 1.330659 -1.631083 0.000019 0.000002 -0.000024
 24   -0.246150 -0.011872 -0.516511 -0.000005 -0.000006 0.000048
 25   4.941364 1.997338 1.629330 0.000018 -0.000001 -0.000024
 26   4.941382 1.997366 -1.629410 -0.000001 0.000005 -0.000024
 27   2.918368 1.615358 1.514501 -0.000019 -0.000022 -0.000050
 28   2.920798 1.614964 -1.501142 -0.000002 -0.000009 -0.000024
 29   8.824059 0.150544 0.091743 0.000006 -0.000231 -0.174534
 30   2.111085 -0.561179 1.784320 -0.000008 -0.000682 0.000024
 31   2.121290 -0.561289 -1.853599 0.000000 0.000000 -0.000002
 32   -0.810489 -0.093824 3.127092 0.564080 -3.064347 -0.563586
 33   14.298673 -0.408176 0.475484 -0.006392 -0.009799 -0.413535
 34   15.835795 0.581398 0.242756 -0.007436 -0.212263 -0.117847
 35   -0.815868 -0.091229 -3.114430 -0.120039 3.021422 -0.057357
 36   14.294526 -0.410349 -0.463635 0.001663 0.012787 -0.721549
 37   15.834409 0.579420 -0.284600 -0.182270 -0.002314 0.569929
 38   1.139685 -3.453749 -2.823813 0.000000 0.000000 0.000001
 39   -4.457742 -1.054854 -0.746180 0.000000 0.000000 0.000000
 40   1.118101 -3.449769 3.237290 0.000000 0.000001 0.000000
 41   -4.433840 -1.059130 0.959566 -0.000001 0.000000 0.000000
 42   -0.657468 1.697302 -2.688614 0.000000 0.000002 0.000000
 43   -0.664068 1.698578 2.869377 0.000000 0.000002 0.000000
time 15
  0   -0.010486 -0.546892 -0.601210 0.000000 0.000000 -1.571449
  1   -1.093036 0.000002 -0.326057 -0.214108 -1.569036 -1.356583
  2   2.262337 0.113614 0.064702 -0.102385 -0.114069 -0.067471
  3   2.380047 0.353302 0.047440 -0.142855 -0.040524 -0.098294
  4   2.033756 0.190472 -0.000128 -0.184565 -0.081196 -0.412770
  5   2.451511 0.204909 -0.003447 -0.404369 -0.038610 -0.386006
  6   7.247600 -0.397300 -0.109469 0.000001 0.000021 0.156829
  7   -2.022252 -0.104661 3.136172 0.558187 -1.390112 -3.863047
  8   1.168026 -0.537438 -0.063437 0.336317 0.824869 -0.093309
  9   6.790376 -0.619176 0.015206 0.040953 0.074664 -1.082205
 10   8.637599 0.544015 -0.090417 -2.331521 -0.291336 -0.459507
 11   6.790465 -0.619039 0.017802 0.038110 0.036871 -0.772930
 12   -2.022474 -0.104699 -2.873818 -1.068294 1.459291 -4.320005
 13   1.167898 -0.537463 0.063297 0.075706 -1.190020 -0.663068
 14   7.002743 -0.617765 -0.183752 0.028525 -0.198099 -1.726014
 15   8.209042 0.615527 -0.255885 2.361382 0.405094 0.266101
 16   7.002735 -0.617911 -0.183641 -0.003073 -0.138452 -1.222621
 17   1.574674 0.609930 -0.000899 0.389182 -0.465543 0.594917
 18   -0.602177 0.511412 -0.000006 0.000000 0.000000 0.000000
 19   3.673773 0.177020 1.119313 -0.000002 -0.000014 -0.174510
 20   3.673767 0.176993 -1.117566 0.000007 -0.000003 -0.174546
 21   3.942357 1.330634 1.627658 0.000002 -0.000011 -0.000026
 22   -0.246060 -0.011889 0.516521 -0.000011 0.000031 0.000025
 23   3.942374 1.330659 -1.631083 0.000019 0.000002 -0.000024
 24   -0.246150 -0.011872 -0.516511 -0.000005 -0.000006 0.000048
 25   4.941364 1.997338 1.629330 0.000018 -0.000001 -0.000024
 26   4.941382 1.997366 -1.629410 -0.000001 0.000005 -0.000024
 27   2.918368 1.615358 1.514501 -0.000019 -0.000022 -0.000050
 28   2.920798 1.614964 -1.501142 -0.000002 -0.000009 -0.000024
 29   8.824059 0.150544 0.091743 0.000006 -0.000231 -0.174534
 30   2.111085 -0.561179 1.784320 -0.000008 -0.000682 0.000024
 31   2.121290 -0.561289 -1.853599 0.000000 0.000000 -0.000002
 32   -0.810489 -0.093824 3.127092 0.564080 -3.064347 -0.563586
 33   14.298673 -0.408176 0.475484 -0.006392 -0.009799 -0.413535
 34   15.835795 0.581398 0.242756 -0.007436 -0.212263 -0.117847
 35   -0.815868 -0.091229 -3.114430 -0.120039 3.021422 -0.057357
 36   14.294526 -0.410349 -0.463635 0.001663 0.012787 -0.721549
 37   15.834409 0.579420 -0.284600 -0.182270 -0.002314 0.569929
 38   1.139685 -3.453749 -2.823813 0.000000 0.000000 0.000001
 39   -4.457742 -1.054854 -0.746180 0.000000 0.000000 0.000000
 40   1.118101 -3.449769 3.237290 0.000000 0.000001 0.000000
 41   -4.433840 -1.059130 0.959566 -0.000001 0.000000 0.000000
 42   -0.657468 1.697302 -2.688614 0.000000 0.000002 0.000000
 43   -0.664068 1.698578 2.869377 0.000000 0.000002 0.000000
time 16
  0   -0.010486 -0.546892 -0.601210 0.000000 0.000000 -1.571449
  1   -1.093036 0.000002 -0.326057 -0.214108 -1.569036 -1.356583
  2   2.262337 0.113614 0.064702 -0.094170 -0.112630 -0.068194
  3   2.380047 0.353302 0.047440 -0.137154 -0.039230 -0.098498
  4   2.033756 0.190472 -0.000128 -0.184270 -0.080165 -0.409290
  5   2.451511 0.204909 -0.003447 -0.399011 -0.052619 -0.379122
  6   7.247600 -0.397300 -0.109469 0.000001 0.000021 0.156829
  7   -2.022252 -0.104661 3.136172 0.581002 -1.406399 -3.870654
  8   1.168026 -0.537438 -0.063437 0.568050 0.765196 0.066234
  9   6.790376 -0.619176 0.015206 0.041064 0.075799 -1.091563
 10   8.637599 0.544015 -0.090417 -2.456397 -0.471606 -0.519553
 11   6.790465 -0.619039 0.017802 0.038402 0.037553 -0.779332
 12   -2.022474 -0.104699 -2.873818 -0.938667 1.462019 -4.195063
 13   1.167898 -0.537463 0.063297 0.086813 -1.209751 -0.661978
 14   7.002743 -0.617765 -0.183752 0.029607 -0.198610 -1.735832
 15   8.209042 0.615527 -0.255885 2.302421 0.383531 0.250164
 16   7.002735 -0.617911 -0.183641 -0.002649 -0.139016 -1.229465
 17   1.574674 0.609930 -0.000899 0.407136 -0.450207 0.602753
 18   -0.602177 0.511412 -0.000006 0.000000 0.000000 0.000000
 19   3.673773 0.177020 1.119313 -0.000002 -0.000014 -0.174510
 20   3.673767 0.176993 -1.117566 0.000007 -0.000003 -0.174546
 21   3.942357 1.330634 1.627658 0.000002 -0.000011 -0.000026
 22   -0.246060 -0.011889 0.516521 -0.000011 0.000031 0.000025
 23   3.942374 1.330659 -1.631083 0.000019 0.000002 -0.000024
 24   -0.246150 -0.011872 -0.516511 -0.000005 -0.000006 0.000048
 25   4.941364 1.997338 1.629330 0.000018 -0.000001 -0.000024
 26   4.941382 1.997366 -1.629410 -0.000001 0.000005 -0.000024
 27   2.918368 1.615358 1.514501 -0.000019 -0.000022 -0.000050
 28   2.920798 1.614964 -1.501142 -0.000002 -0.000009 -0.000024
 29   8.824059 0.150544 0.091743 0.000006 -0.000231 -0.174534
 30   2.111085 -0.561179 1.784320 -0.000008 -0.000682 0.000024
 31   2.121290 -0.561289 -1.853599 0.000000 0.000000 -0.000002
 32   -0.810489 -0.093824 3.127092 0.564080 -3.064347 -0.563586
 33   14.298673 -0.408176 0.475484 -0.006392 -0.009799 -0.413535
 34   15.835795 0.581398 0.242756 -0.007436 -0.212263 -0.117847
 35   -0.815868 -0.091229 -3.114430 -0.120039 3.021422 -0.057357
 36   14.294526 -0.410349 -0.463635 0.001663 0.012787 -0.721549
 37   15.834409 0.579420 -0.284600 -0.182270 -0.002314 0.569929
 38   1.139685 -3.453749 -2.823813 0.000000 0.000000 0.000001
 39   -4.457742 -1.054854 -0.746180 0.000000 0.000000 0.000000
 40   1.118101 -3.449769 3.237290 0.000000 0.000001 0.000000
 41   -4.433840 -1.059130 0.959566 -0.000001 0.000000 0.000000
 42   -0.657468 1.697302 -2.688614 0.000000 0.000002 0.000000
 43   -0.664068 1.698578 2.869377 0.000000 0.000002 0.000000
time 17
  0   -0.010486 -0.546892 -0.601210 0.000000 0.000000 -1.571449
  1   -1.093036 0.000002 -0.326057 -0.214108 -1.569036 -1.356583
  2   2.262337 0.113614 0.064702 -0.078273 -0.111720 -0.069116
  3   2.380047 0.353302 0.047440 -0.127254 -0.037684 -0.096702
  4   2.033756 0.190472 -0.000128 -0.181522 -0.075251 -0.405919
  5   2.451511 0.204909 -0.003447 -0.389323 -0.078795 -0.367630
  6   7.247600 -0.397300 -0.109469 0.000001 0.000021 0.156829
  7   -2.022252 -0.104661 3.136172 0.662864 -1.429950 -3.924748
  8   1.168026 -0.537438 -0.063437 0.851863 0.668291 0.232166
  9   6.790376 -0.619176 0.015206 0.039899 0.081005 -1.145371
 10   8.637599 0.544015 -0.090417 -2.551067 -0.578388 -0.585169
 11   6.790465 -0.619039 0.017802 0.038898 0.041220 -0.816936
 12   -2.022474 -0.104699 -2.873818 -0.627294 1.466315 -3.887830
 13   1.167898 -0.537463 0.063297 0.084423 -1.202022 -0.661070
 14   7.002743 -0.617765 -0.183752 0.031201 -0.199745 -1.749858
 15   8.209042 0.615527 -0.255885 2.275170 0.377932 0.249924
 16   7.002735 -0.617911 -0.183641 -0.002084 -0.140144 -1.239179
 17   1.574674 0.609930 -0.000899 0.433620 -0.408648 0.601496
 18   -0.602177 0.511412 -0.000006 0.000000 0.000000 0.000000
 19   3.673773 0.177020 1.119313 -0.000002 -0.000014 -0.174510
 20   3.673767 0.176993 -1.117566 0.000007 -0.000003 -0.174546
 21   3.942357 1.330634 1.627658 0.000002 -0.000011 -0.000026
 22   -0.246060 -0.011889 0.516521 -0.000011 0.000031 0.000025
 23   3.942374 1.330659 -1.631083 0.000019 0.000002 -0.000024
 24   -0.246150 -0.011872 -0.516511 -0.000005 -0.000006 0.000048
 25   4.941364 1.997338 1.629330 0.000018 -0.000001 -0.000024
 26   4.941382 1.997366 -1.629410 -0.000001 0.000005 -0.000024
 27   2.918368 1.615358 1.514501 -0.000019 -0.000022 -0.000050
 28   2.920798 1.614964 -1.501142 -0.000002 -0.000009 -0.000024
 29   8.824059 0.150544 0.091743 0.000006 -0.000231 -0.174534
 30   2.111085 -0.561179 1.784320 -0.000008 -0.000682 0.000024
 31   2.121290 -0.561289 -1.853599 0.000000 0.000000 -0.000002
 32   -0.810489 -0.093824 3.127092 0.564080 -3.064347 -0.563586
 33   14.298673 -0.408176 0.475484 -0.006392 -0.009799 -0.413535
 34   15.835795 0.581398 0.242756 -0.007436 -0.212263 -0.117847
 35   -0.815868 -0.091229 -3.114430 -0.120039 3.021422 -0.057357
 36   14.294526 -0.410349 -0.463635 0.001663 0.012787 -0.721549
 37   15.834409 0.579420 -0.284600 -0.182270 -0.002314 0.569929
 38   1.139685 -3.453749 -2.823813 0.000000 0.000000 0.000001
 39   -4.457742 -1.054854 -0.746180 0.000000 0.000000 0.000000
 40   1.118101 -3.449769 3.237290 0.000000 0.000001 0.000000
 41   -4.433840 -1.059130 0.959566 -0.000001 0.000000 0.000000
 42   -0.657468 1.697302 -2.688614 0.000000 0.000002 0.000000
 43   -0.664068 1.698578 2.869377 0.000000 0.000002 0.000000
time 18
  0   -0.010486 -0.546892 -0.601210 0.000000 0.000000 -1.571449
  1   -1.093036 0.000002 -0.326057 -0.214108 -1.569036 -1.356583
  2   2.262337 0.113614 0.064702 -0.062568 -0.111096 -0.069730
  3   2.380047 0.353302 0.047440 -0.117443 -0.036389 -0.094539
  4   2.033756 0.190472 -0.000128 -0.178608 -0.071428 -0.403708
  5   2.451511 0.204909 -0.003447 -0.380234 -0.104110 -0.357179
  6   7.247600 -0.397300 -0.109469 0.000001 0.000021 0.156829
  7   -2.022252 -0.104661 3.136172 0.803488 -1.461861 -4.022794
  8   1.168026 -0.537438 -0.063437 1.133904 0.549700 0.366721
  9   6.790376 -0.619176 0.015206 0.037957 0.089147 -1.227178
 10   8.637599 0.544015 -0.090417 -2.511261 -0.627802 -0.628286
 11   6.790465 -0.619039 0.017802 0.039657 0.046962 -0.874207
 12   -2.022474 -0.104699 -2.873818 -0.271466 1.461177 -3.534737
 13   1.167898 -0.537463 0.063297 0.082947 -1.176544 -0.670877
 14   7.002743 -0.617765 -0.183752 0.032795 -0.201222 -1.766194
 15   8.209042 0.615527 -0.255885 2.274883 0.381942 0.265860
 16   7.002735 -0.617911 -0.183641 -0.001661 -0.141610 -1.250383
 17   1.574674 0.609930 -0.000899 0.458642 -0.362971 0.602383
 18   -0.602177 0.511412 -0.000006 0.000000 0.000000 0.000000
 19   3.673773 0.177020 1.119313 -0.000002 -0.000014 -0.174510
 20   3.673767 0.176993 -1.117566 0.000007 -0.000003 -0.174546
 21   3.942357 1.330634 1.627658 0.000002 -0.000011 -0.000026
 22   -0.246060 -0.011889 0.516521 -0.000011 0.000031 0.000025
 23   3.942374 1.330659 -1.631083 0.000019 0.000002 -0.000024
 24   -0.246150 -0.011872 -0.516511 -0.000005 -0.000006 0.000048
 25   4.941364 1.997338 1.629330 0.000018 -0.000001 -0.000024
 26   4.941382 1.997366 -1.629410 -0.000001 0.000005 -0.000024
 27   2.918368 1.615358 1.514501 -0.000019 -0.000022 -0.000050
 28   2.920798 1.614964 -1.501142 -0.000002 -0.000009 -0.000024
 29   8.824059 0.150544 0.091743 0.000006 -0.000231 -0.174534
 30   2.111085 -0.561179 1.784320 -0.000008 -0.000682 0.000024
 31   2.121290 -0.561289 -1.853599 0.000000 0.000000 -0.000002
 32   -0.810489 -0.093824 3.127092 0.564080 -3.064347 -0.563586
 33   14.298673 -0.408176 0.475484 -0.006392 -0.009799 -0.413535
 34   15.835795 0.581398 0.242756 -0.007436 -0.212263 -0.117847
 35   -0.815868 -0.091229 -3.114430 -0.120039 3.021422 -0.057357
 36   14.294526 -0.410349 -0.463635 0.001663 0.012787 -0.721549
 37   15.834409 0.579420 -0.284600 -0.182270 -0.002314 0.569929
 38   1.139685 -3.453749 -2.823813 0.000000 0.000000 0.000001
 39   -4.457742 -1.054854 -0.746180 0.000000 0.000000 0.000000
 40   1.118101 -3.449769 3.237290 0.000000 0.000001 0.000000
 41   -4.433840 -1.059130 0.959566 -0.000001 0.000000 0.000000
 42   -0.657468 1.697302 -2.688614 0.000000 0.000002 0.000000
 43   -0.664068 1.698578 2.869377 0.000000 0.000002 0.000000
time 19
  0   -0.010486 -0.546892 -0.601210 0.000000 0.000000 -1.571449
  1   -1.093036 0.000002 -0.326057 -0.214108 -1.569036 -1.356583
  2   2.262337 0.113614 0.064702 -0.047576 -0.110461 -0.069965
  3   2.380047 0.353302 0.047440 -0.108007 -0.035455 -0.092254
  4   2.033756 0.190472 -0.000128 -0.175731 -0.069271 -0.401243
  5   2.451511 0.204909 -0.003447 -0.374842 -0.116265 -0.350939
  6   7.247600 -0.397300 -0.109469 0.000001 0.000021 0.156829
  7   -2.022252 -0.104661 3.136172 0.994437 -1.497721 -4.171835
  8   1.168026 -0.537438 -0.063437 1.391962 0.460744 0.455159
  9   6.790376 -0.619176 0.015206 0.035183 0.092751 -1.273364
 10   8.637599 0.544015 -0.090417 -2.490038 -0.673274 -0.582275
 11   6.790465 -0.619039 0.017802 0.038898 0.049719 -0.906389
 12   -2.022474 -0.104699 -2.873818 -0.058296 1.455460 -3.320372
 13   1.167898 -0.537463 0.063297 0.100661 -1.149236 -0.696241
 14   7.002743 -0.617765 -0.183752 0.033876 -0.202244 -1.783273
 15   8.209042 0.615527 -0.255885 2.284805 0.386254 0.304949
 16   7.002735 -0.617911 -0.183641 -0.001472 -0.142625 -1.262360
 17   1.574674 0.609930 -0.000899 0.471803 -0.340227 0.613360
 18   -0.602177 0.511412 -0.000006 0.000000 0.000000 0.000000
 19   3.673773 0.177020 1.119313 -0.000002 -0.000014 -0.174510
 20   3.673767 0.176993 -1.117566 0.000007 -0.000003 -0.174546
 21   3.942357 1.330634 1.627658 0.000002 -0.000011 -0.000026
 22   -0.246060 -0.011889 0.516521 -0.000011 0.000031 0.000025
 23   3.942374 1.330659 -1.631083 0.000019 0.000002 -0.000024
 24   -0.246150 -0.011872 -0.516511 -0.000005 -0.000006 0.000048
 25   4.941364 1.997338 1.629330 0.000018 -0.000001 -0.000024
 26   4.941382 1.997366 -1.629410 -0.000001 0.000005 -0.000024
 27   2.918368 1.615358 1.514501 -0.000019 -0.000022 -0.000050
 28   2.920798 1.614964 -1.501142 -0.000002 -0.000009 -0.000024
 29   8.824059 0.150544 0.091743 0.000006 -0.000231 -0.174534
 30   2.111085 -0.561179 1.784320 -0.000008 -0.000682 0.000024
 31   2.121290 -0.561289 -1.853599 0.000000 0.000000 -0.000002
 32   -0.810489 -0.093824 3.127092 0.564080 -3.064347 -0.563586
 33   14.298673 -0.408176 0.475484 -0.006392 -0.009799 -0.413535
 34   15.835795 0.581398 0.242756 -0.007436 -0.212263 -0.117847
 35   -0.815868 -0.091229 -3.114430 -0.120039 3.021422 -0.057357
 36   14.294526 -0.410349 -0.463635 0.001663 0.012787 -0.721549
 37   15.834409 0.579420 -0.284600 -0.182270 -0.002314 0.569929
 38   1.139685 -3.453749 -2.823813 0.000000 0.000000 0.000001
 39   -4.457742 -1.054854 -0.746180 0.000000 0.000000 0.000000
 40   1.118101 -3.449769 3.237290 0.000000 0.000001 0.000000
 41   -4.433840 -1.059130 0.959566 -0.000001 0.000000 0.000000
 42   -0.657468 1.697302 -2.688614 0.000000 0.000002 0.000000
 43   -0.664068 1.698578 2.869377 0.000000 0.000002 0.000000
time 20
  0   -0.010486 -0.546892 -0.601210 0.000000 0.000000 -1.571449
  1   -1.093036 0.000002 -0.326057 -0.214108 -1.569036 -1.356583
  2   2.262337 0.113614 0.064702 -0.036609 -0.109958 -0.069513
  3   2.380047 0.353302 0.047440 -0.101377 -0.034891 -0.091172
  4   2.033756 0.190472 -0.000128 -0.173407 -0.072183 -0.400192
  5   2.451511 0.204909 -0.003447 -0.377872 -0.099280 -0.353787
  6   7.247600 -0.397300 -0.109469 0.000001 0.000021 0.156829
  7   -2.022252 -0.104661 3.136172 0.605829 -1.508156 -3.742838
  8   1.168026 -0.537438 -0.063437 1.542759 0.406203 0.501592
  9   6.790376 -0.619176 0.015206 0.034462 0.093619 -1.285665
 10   8.637599 0.544015 -0.090417 -2.253407 -0.746269 -0.578875
 11   6.790465 -0.619039 0.017802 0.038664 0.050401 -0.915041
 12   -2.022474 -0.104699 -2.873818 -0.058870 1.460510 -3.304671
 13   1.167898 -0.537463 0.063297 0.120905 -1.119996 -0.711193
 14   7.002743 -0.617765 -0.183752 0.034503 -0.202528 -1.793421
 15   8.209042 0.615527 -0.255885 2.287753 0.392232 0.328764
 16   7.002735 -0.617911 -0.183641 -0.001378 -0.142907 -1.269204
 17   1.574674 0.609930 -0.000899 0.453483 -0.365479 0.652576
 18   -0.602177 0.511412 -0.000006 0.000000 0.000000 0.000000
 19   3.673773 0.177020 1.119313 -0.000002 -0.000014 -0.174510
 20   3.673767 0.176993 -1.117566 0.000007 -0.000003 -0.174546
 21   3.942357 1.330634 1.627658 0.000002 -0.000011 -0.000026
 22   -0.246060 -0.011889 0.516521 -0.000011 0.000031 0.000025
 23   3.942374 1.330659 -1.631083 0.000019 0.000002 -0.000024
 24   -0.246150 -0.011872 -0.516511 -0.000005 -0.000006 0.000048
 25   4.941364 1.997338 1.629330 0.000018 -0.000001 -0.000024
 26   4.941382 1.997366 -1.629410 -0.000001 0.000005 -0.000024
 27   2.918368 1.615358 1.514501 -0.000019 -0.000022 -0.000050
 28   2.920798 1.614964 -1.501142 -0.000002 -0.000009 -0.000024
 29   8.824059 0.150544 0.091743 0.000006 -0.000231 -0.174534
 30   2.111085 -0.561179 1.784320 -0.000008 -0.000682 0.000024
 31   2.121290 -0.561289 -1.853599 0.000000 0.000000 -0.000002
 32   -0.810489 -0.093824 3.127092 0.564080 -3.064347 -0.563586
 33   14.298673 -0.408176 0.475484 -0.006392 -0.009799 -0.413535
 34   15.835795 0.581398 0.242756 -0.007436 -0.212263 -0.117847
 35   -0.815868 -0.091229 -3.114430 -0.120039 3.021422 -0.057357
 36   14.294526 -0.410349 -0.463635 0.001663 0.012787 -0.721549
 37   15.834409 0.579420 -0.284600 -0.182270 -0.002314 0.569929
 38   1.139685 -3.453749 -2.823813 0.000000 0.000000 0.000001
 39   -4.457742 -1.054854 -0.746180 0.000000 0.000000 0.000000
 40   1.118101 -3.449769 3.237290 0.000000 0.000001 0.000000
 41   -4.433840 -1.059130 0.959566 -0.000001 0.000000 0.000000
 42   -0.657468 1.697302 -2.688614 0.000000 0.000002 0.000000
 43   -0.664068 1.698578 2.869377 0.000000 0.000002 0.000000
time 21
  0   -0.010486 -0.546892 -0.601210 0.000000 0.000000 -1.571449
  1   -1.093036 0.000002 -0.326057 -0.214108 -1.569036 -1.356583
  2   2.262337 0.113614 0.064702 -0.029603 -0.111732 -0.068067
  3   2.380047 0.353302 0.047440 -0.097567 -0.034472 -0.087091
  4   2.033756 0.190472 -0.000128 -0.173278 -0.077205 -0.394465
  5   2.451511 0.204909 -0.003447 -0.383931 -0.069539 -0.359606
  6   7.247600 -0.397300 -0.109469 0.000001 0.000021 0.156829
  7   -2.022252 -0.104661 3.136172 0.354010 -1.494060 -3.477251
  8   1.168026 -0.537438 -0.063437 1.638439 0.429046 0.457626
  9   6.790376 -0.619176 0.015206 0.037846 0.089214 -1.228008
 10   8.637599 0.544015 -0.090417 -1.937695 -0.818912 -0.577645
 11   6.790465 -0.619039 0.017802 0.039686 0.046990 -0.874784
 12   -2.022474 -0.104699 -2.873818 -0.069026 1.477257 -3.305150
 13   1.167898 -0.537463 0.063297 0.137214 -1.109673 -0.716157
 14   7.002743 -0.617765 -0.183752 0.034560 -0.202528 -1.793751
 15   8.209042 0.615527 -0.255885 2.284949 0.398209 0.319984
 16   7.002735 -0.617911 -0.183641 -0.001378 -0.142907 -1.269535
 17   1.574674 0.609930 -0.000899 0.419200 -0.398282 0.687800
 18   -0.602177 0.511412 -0.000006 0.000000 0.000000 0.000000
 19   3.673773 0.177020 1.119313 -0.000002 -0.000014 -0.174510
 20   3.673767 0.176993 -1.117566 0.000007 -0.000003 -0.174546
 21   3.942357 1.330634 1.627658 0.000002 -0.000011 -0.000026
 22   -0.246060 -0.011889 0.516521 -0.000011 0.000031 0.000025
 23   3.942374 1.330659 -1.631083 0.000019 0.000002 -0.000024
 24   -0.246150 -0.011872 -0.516511 -0.000005 -0.000006 0.000048
 25   4.941364 1.997338 1.629330 0.000018 -0.000001 -0.000024
 26   4.941382 1.997366 -1.629410 -0.000001 0.000005 -0.000024
 27   2.918368 1.615358 1.514501 -0.000019 -0.000022 -0.000050
 28   2.920798 1.614964 -1.501142 -0.000002 -0.000009 -0.000024
 29   8.824059 0.150544 0.091743 0.000006 -0.000231 -0.174534
 30   2.111085 -0.561179 1.784320 -0.000008 -0.000682 0.000024
 31   2.121290 -0.561289 -1.853599 0.000000 0.000000 -0.000002
 32   -0.810489 -0.093824 3.127092 0.564080 -3.064347 -0.563586
 33   14.298673 -0.408176 0.475484 -0.006392 -0.009799 -0.413535
 34   15.835795 0.581398 0.242756 -0.007436 -0.212263 -0.117847
 35   -0.815868 -0.091229 -3.114430 -0.120039 3.021422 -0.057357
 36   14.294526 -0.410349 -0.463635 0.001663 0.012787 -0.721549
 37   15.834409 0.579420 -0.284600 -0.182270 -0.002314 0.569929
 38   1.139685 -3.453749 -2.823813 0.000000 0.000000 0.000001
 39   -4.457742 -1.054854 -0.746180 0.000000 0.000000 0.000000
 40   1.118101 -3.449769 3.237290 0.000000 0.000001 0.000000
 41   -4.433840 -1.059130 0.959566 -0.000001 0.000000 0.000000
 42   -0.657468 1.697302 -2.688614 0.000000 0.000002 0.000000
 43   -0.664068 1.698578 2.869377 0.000000 0.000002 0.000000
time 22
  0   -0.010486 -0.546892 -0.601210 0.000000 0.000000 -1.571449
  1   -1.093036 0.000002 -0.326057 -0.214108 -1.569036 -1.356583
  2   2.262337 0.113614 0.064702 -0.032418 -0.111312 -0.063640
  3   2.380047 0.353302 0.047440 -0.100012 -0.034136 -0.078439
  4   2.033756 0.190472 -0.000128 -0.174403 -0.077313 -0.386273
  5   2.451511 0.204909 -0.003447 -0.387731 -0.051783 -0.359706
  6   7.247600 -0.397300 -0.109469 0.000001 0.000021 0.156829
  7   -2.022252 -0.104661 3.136172 0.342699 -1.489332 -3.483543
  8   1.168026 -0.537438 -0.063437 1.690329 0.512618 0.323451
  9   6.790376 -0.619176 0.015206 0.039788 0.081338 -1.149371
 10   8.637599 0.544015 -0.090417 -2.375025 -0.561987 -0.226848
 11   6.790465 -0.619039 0.017802 0.038956 0.041504 -0.819762
 12   -2.022474 -0.104699 -2.873818 -0.151037 1.491943 -3.390168
 13   1.167898 -0.537463 0.063297 0.157950 -1.118572 -0.718760
 14   7.002743 -0.617765 -0.183752 0.034560 -0.202528 -1.794246
 15   8.209042 0.615527 -0.255885 2.276536 0.404413 0.307716
 16   7.002735 -0.617911 -0.183641 -0.001331 -0.142963 -1.269866
 17   1.574674 0.609930 -0.000899 0.393690 -0.423014 0.704174
 18   -0.602177 0.511412 -0.000006 0.000000 0.000000 0.000000
 19   3.673773 0.177020 1.119313 -0.000002 -0.000014 -0.174510
 20   3.673767 0.176993 -1.117566 0.000007 -0.000003 -0.174546
 21   3.942357 1.330634 1.627658 0.000002 -0.000011 -0.000026
 22   -0.246060 -0.011889 0.516521 -0.000011 0.000031 0.000025
 23   3.942374 1.330659 -1.631083 0.000019 0.000002 -0.000024
 24   -0.246150 -0.011872 -0.516511 -0.000005 -0.000006 0.000048
 25   4.941364 1.997338 1.629330 0.000018 -0.000001 -0.000024
 26   4.941382 1.997366 -1.629410 -0.000001 0.000005 -0.000024
 27   2.918368 1.615358 1.514501 -0.000019 -0.000022 -0.000050
 28   2.920798 1.614964 -1.501142 -0.000002 -0.000009 -0.000024
 29   8.824059 0.150544 0.091743 0.000006 -0.000231 -0.174534
 30   2.111085 -0.561179 1.784320 -0.000008 -0.000682 0.000024
 31   2.121290 -0.561289 -1.853599 0.000000 0.000000 -0.000002
 32   -0.810489 -0.093824 3.127092 0.564080 -3.064347 -0.563586
 33   14.298673 -0.408176 0.475484 -0.006392 -0.009799 -0.413535
 34   15.835795 0.581398 0.242756 -0.007436 -0.212263 -0.117847
 35   -0.815868 -0.091229 -3.114430 -0.120039 3.021422 -0.057357
 36   14.294526 -0.410349 -0.463635 0.001663 0.012787 -0.721549
 37   15.834409 0.579420 -0.284600 -0.182270 -0.002314 0.569929
 38   1.139685 -3.453749 -2.823813 0.000000 0.000000 0.000001
 39   -4.457742 -1.054854 -0.746180 0.000000 0.000000 0.000000
 40   1.118101 -3.449769 3.237290 0.000000 0.000001 0.000000
 41   -4.433840 -1.059130 0.959566 -0.000001 0.000000 0.000000
 42   -0.657468 1.697302 -2.688614 0.000000 0.000002 0.000000
 43   -0.664068 1.698578 2.869377 0.000000 0.000002 0.000000
time 23
  0   -0.010486 -0.546892 -0.601210 0.000000 0.000000 -1.571449
  1   -1.093036 0.000002 -0.326057 -0.214108 -1.569036 -1.356583
  2   2.262337 0.113614 0.064702 -0.036800 -0.110006 -0.058725
  3   2.380047 0.353302 0.047440 -0.102727 -0.033813 -0.069359
  4   2.033756 0.190472 -0.000128 -0.175528 -0.077073 -0.378625
  5   2.451511 0.204909 -0.003447 -0.388895 -0.047110 -0.355916
  6   7.247600 -0.397300 -0.109469 0.000001 0.000021 0.156829
  7   -2.022252 -0.104661 3.136172 0.437119 -1.480367 -3.597648
  8   1.168026 -0.537438 -0.063437 1.681280 0.552165 0.189845
  9   6.790376 -0.619176 0.015206 0.038678 0.086411 -1.199406
 10   8.637599 0.544015 -0.090417 -2.571674 -0.251636 -0.148282
 11   6.790465 -0.619039 0.017802 0.039453 0.044972 -0.854713
 12   -2.022474 -0.104699 -2.873818 -0.199419 1.493191 -3.440432
 13   1.167898 -0.537463 0.063297 0.173204 -1.127471 -0.721060
 14   7.002743 -0.617765 -0.183752 0.035072 -0.202528 -1.800929
 15   8.209042 0.615527 -0.255885 2.275242 0.428624 0.313188
 16   7.002735 -0.617911 -0.183641 -0.001096 -0.143076 -1.274502
 17   1.574674 0.609930 -0.000899 0.380651 -0.438421 0.718884
 18   -0.602177 0.511412 -0.000006 0.000000 0.000000 0.000000
 19   3.673773 0.177020 1.119313 -0.000002 -0.000014 -0.174510
 20   3.673767 0.176993 -1.117566 0.000007 -0.000003 -0.174546
 21   3.942357 1.330634 1.627658 0.000002 -0.000011 -0.000026
 22   -0.246060 -0.011889 0.516521 -0.000011 0.000031 0.000025
 23   3.942374 1.330659 -1.631083 0.000019 0.000002 -0.000024
 24   -0.246150 -0.011872 -0.516511 -0.000005 -0.000006 0.000048
 25   4.941364 1.997338 1.629330 0.000018 -0.000001 -0.000024
 26   4.941382 1.997366 -1.629410 -0.000001 0.000005 -0.000024
 27   2.918368 1.615358 1.514501 -0.000019 -0.000022 -0.000050
 28   2.920798 1.614964 -1.501142 -0.000002 -0.000009 -0.000024
 29   8.824059 0.150544 0.091743 0.000006 -0.000231 -0.174534
 30   2.111085 -0.561179 1.784320 -0.000008 -0.000682 0.000024
 31   2.121290 -0.561289 -1.853599 0.000000 0.000000 -0.000002
 32   -0.810489 -0.093824 3.127092 0.564080 -3.064347 -0.563586
 33   14.298673 -0.408176 0.475484 -0.006392 -0.009799 -0.413535
 34   15.835795 0.581398 0.242756 -0.007436 -0.212263 -0.117847
 35   -0.815868 -0.091229 -3.114430 -0.120039 3.021422 -0.057357
 36   14.294526 -0.410349 -0.463635 0.001663 0.012787 -0.721549
 37   15.834409 0.579420 -0.284600 -0.182270 -0.002314 0.569929
 38   1.139685 -3.453749 -2.823813 0.000000 0.000000 0.000001
 39   -4.457742 -1.054854 -0.746180 0.000000 0.000000 0.000000
 40   1.118101 -3.449769 3.237290 0.000000 0.000001 0.000000
 41   -4.433840 -1.059130 0.959566 -0.000001 0.000000 0.000000
 42   -0.657468 1.697302 -2.688614 0.000000 0.000002 0.000000
 43   -0.664068 1.698578 2.869377 0.000000 0.000002 0.000000
time 24
  0   -0.010486 -0.546892 -0.601210 0.000000 0.000000 -1.571449
  1   -1.093036 0.000002 -0.326057 -0.214108 -1.569036 -1.356583
  2   2.262337 0.113614 0.064702 -0.038137 -0.107549 -0.055056
  3   2.380047 0.353302 0.047440 -0.102727 -0.033249 -0.061033
  4   2.033756 0.190472 -0.000128 -0.176266 -0.076390 -0.369672
  5   2.451511 0.204909 -0.003447 -0.388467 -0.050909 -0.348957
  6   7.247600 -0.397300 -0.109469 0.000001 0.000021 0.156829
  7   -2.022252 -0.104661 3.136172 0.671300 -1.473824 -3.835906
  8   1.168026 -0.537438 -0.063437 1.638629 0.530782 0.109884
  9   6.790376 -0.619176 0.015206 0.034129 0.100026 -1.339851
 10   8.637599 0.544015 -0.090417 -2.676559 -0.193986 -0.050183
 11   6.790465 -0.619039 0.017802 0.040212 0.054864 -0.952818
 12   -2.022474 -0.104699 -2.873818 -0.109457 1.488431 -3.351967
 13   1.167898 -0.537463 0.063297 0.194433 -1.128183 -0.737828
 14   7.002743 -0.617765 -0.183752 0.035528 -0.202585 -1.805467
 15   8.209042 0.615527 -0.255885 2.269202 0.440200 0.315173
 16   7.002735 -0.617911 -0.183641 -0.000955 -0.143245 -1.277648
 17   1.574674 0.609930 -0.000899 0.375655 -0.449710 0.729788
 18   -0.602177 0.511412 -0.000006 0.000000 0.000000 0.000000
 19   3.673773 0.177020 1.119313 -0.000002 -0.000014 -0.174510
 20   3.673767 0.176993 -1.117566 0.000007 -0.000003 -0.174546
 21   3.942357 1.330634 1.627658 0.000002 -0.000011 -0.000026
 22   -0.246060 -0.011889 0.516521 -0.000011 0.000031 0.000025
 23   3.942374 1.330659 -1.631083 0.000019 0.000002 -0.000024
 24   -0.246150 -0.011872 -0.516511 -0.000005 -0.000006 0.000048
 25   4.941364 1.997338 1.629330 0.000018 -0.000001 -0.000024
 26   4.941382 1.997366 -1.629410 -0.000001 0.000005 -0.000024
 27   2.918368 1.615358 1.514501 -0.000019 -0.000022 -0.000050
 28   2.920798 1.614964 -1.501142 -0.000002 -0.000009 -0.000024
 29   8.824059 0.150544 0.091743 0.000006 -0.000231 -0.174534
 30   2.111085 -0.561179 1.784320 -0.000008 -0.000682 0.000024
 31   2.121290 -0.561289 -1.853599 0.000000 0.000000 -0.000002
 32   -0.810489 -0.093824 3.127092 0.564080 -3.064347 -0.563586
 33   14.298673 -0.408176 0.475484 -0.006392 -0.009799 -0.413535
 34   15.835795 0.581398 0.242756 -0.007436 -0.212263 -0.117847
 35   -0.815868 -0.091229 -3.114430 -0.120039 3.021422 -0.057357
 36   14.294526 -0.410349 -0.463635 0.001663 0.012787 -0.721549
 37   15.834409 0.579420 -0.284600 -0.182270 -0.002314 0.569929
 38   1.139685 -3.453749 -2.823813 0.000000 0.000000 0.000001
 39   -4.457742 -1.054854 -0.746180 0.000000 0.000000 0.000000
 40   1.118101 -3.449769 3.237290 0.000000 0.000001 0.000000
 41   -4.433840 -1.059130 0.959566 -0.000001 0.000000 0.000000
 42   -0.657468 1.697302 -2.688614 0.000000 0.000002 0.000000
 43   -0.664068 1.698578 2.869377 0.000000 0.000002 0.000000
time 25
  0   -0.010486 -0.546892 -0.601210 0.000000 0.000000 -1.571449
  1   -1.093036 0.000002 -0.326057 -0.214108 -1.569036 -1.356583
  2   2.262337 0.113614 0.064702 -0.038953 -0.104912 -0.052508
  3   2.380047 0.353302 0.047440 -0.102667 -0.030002 -0.052830
  4   2.033756 0.190472 -0.000128 -0.176948 -0.073537 -0.360248
  5   2.451511 0.204909 -0.003447 -0.387731 -0.056510 -0.340710
  6   7.247600 -0.397300 -0.109469 0.000001 0.000021 0.156829
  7   -2.022252 -0.104661 3.136172 1.055403 -1.480194 -4.205174
  8   1.168026 -0.537438 -0.063437 1.619265 0.458832 0.079772
  9   6.790376 -0.619176 0.015206 0.027638 0.113107 -1.481956
 10   8.637599 0.544015 -0.090417 -2.668809 -0.129579 -0.088598
 11   6.790465 -0.619039 0.017802 0.039949 0.065012 -1.051788
 12   -2.022474 -0.104699 -2.873818 0.000817 1.483352 -3.244450
 13   1.167898 -0.537463 0.063297 0.228877 -1.120098 -0.768338
 14   7.002743 -0.617765 -0.183752 0.035869 -0.202585 -1.810747
 15   8.209042 0.615527 -0.255885 2.246768 0.429153 0.317338
 16   7.002735 -0.617911 -0.183641 -0.000813 -0.143358 -1.281291
 17   1.574674 0.609930 -0.000899 0.371512 -0.464904 0.732227
 18   -0.602177 0.511412 -0.000006 0.000000 0.000000 0.000000
 19   3.673773 0.177020 1.119313 -0.000002 -0.000014 -0.174510
 20   3.673767 0.176993 -1.117566 0.000007 -0.000003 -0.174546
 21   3.942357 1.330634 1.627658 0.000002 -0.000011 -0.000026
 22   -0.246060 -0.011889 0.516521 -0.000011 0.000031 0.000025
 23   3.942374 1.330659 -1.631083 0.000019 0.000002 -0.000024
 24   -0.246150 -0.011872 -0.516511 -0.000005 -0.000006 0.000048
 25   4.941364 1.997338 1.629330 0.000018 -0.000001 -0.000024
 26   4.941382 1.997366 -1.629410 -0.000001 0.000005 -0.000024
 27   2.918368 1.615358 1.514501 -0.000019 -0.000022 -0.000050
 28   2.920798 1.614964 -1.501142 -0.000002 -0.000009 -0.000024
 29   8.824059 0.150544 0.091743 0.000006 -0.000231 -0.174534
 30   2.111085 -0.561179 1.784320 -0.000008 -0.000682 0.000024
 31   2.121290 -0.561289 -1.853599 0.000000 0.000000 -0.000002
 32   -0.810489 -0.093824 3.127092 0.564080 -3.064347 -0.563586
 33   14.298673 -0.408176 0.475484 -0.006392 -0.009799 -0.413535
 34   15.835795 0.581398 0.242756 -0.007436 -0.212263 -0.117847
 35   -0.815868 -0.091229 -3.114430 -0.120039 3.021422 -0.057357
 36   14.294526 -0.410349 -0.463635 0.001663 0.012787 -0.721549
 37   15.834409 0.579420 -0.284600 -0.182270 -0.002314 0.569929
 38   1.139685 -3.453749 -2.823813 0.000000 0.000000 0.000001
 39   -4.457742 -1.054854 -0.746180 0.000000 0.000000 0.000000
 40   1.118101 -3.449769 3.237290 0.000000 0.000001 0.000000
 41   -4.433840 -1.059130 0.959566 -0.000001 0.000000 0.000000
 42   -0.657468 1.697302 -2.688614 0.000000 0.000002 0.000000
 43   -0.664068 1.698578 2.869377 0.000000 0.000002 0.000000
time 26
  0   -0.010486 -0.546892 -0.601210 0.000000 0.000000 -1.571449
  1   -1.093036 0.000002 -0.326057 -0.214108 -1.569036 -1.356583
  2   2.262337 0.113614 0.064702 -0.039398 -0.101509 -0.049238
  3   2.380047 0.353302 0.047440 -0.102532 -0.025651 -0.045117
  4   2.033756 0.190472 -0.000128 -0.177612 -0.070206 -0.351295
  5   2.451511 0.204909 -0.003447 -0.387885 -0.056823 -0.334123
  6   7.247600 -0.397300 -0.109469 0.000001 0.000021 0.156829
  7   -2.022252 -0.104661 3.136172 1.478328 -1.490111 -4.603555
  8   1.168026 -0.537438 -0.063437 1.589713 0.379738 0.029733
  9   6.790376 -0.619176 0.015206 0.015266 0.130059 -1.683077
 10   8.637599 0.544015 -0.090417 -2.653662 -0.083825 -0.122889
 11   6.790465 -0.619039 0.017802 0.037964 0.079139 -1.191650
 12   -2.022474 -0.104699 -2.873818 0.047667 1.476009 -3.197249
 13   1.167898 -0.537463 0.063297 0.248419 -1.089586 -0.793157
 14   7.002743 -0.617765 -0.183752 0.035869 -0.202528 -1.810582
 15   8.209042 0.615527 -0.255885 2.226851 0.427565 0.320405
 16   7.002735 -0.617911 -0.183641 -0.000813 -0.143358 -1.281070
 17   1.574674 0.609930 -0.000899 0.368425 -0.493849 0.731894
 18   -0.602177 0.511412 -0.000006 0.000000 0.000000 0.000000
 19   3.673773 0.177020 1.119313 -0.000002 -0.000014 -0.174510
 20   3.673767 0.176993 -1.117566 0.000007 -0.000003 -0.174546
 21   3.942357 1.330634 1.627658 0.000002 -0.000011 -0.000026
 22   -0.246060 -0.011889 0.516521 -0.000011 0.000031 0.000025
 23   3.942374 1.330659 -1.631083 0.000019 0.000002 -0.000024
 24   -0.246150 -0.011872 -0.516511 -0.000005 -0.000006 0.000048
 25   4.941364 1.997338 1.629330 0.000018 -0.000001 -0.000024
 26   4.941382 1.997366 -1.629410 -0.000001 0.000005 -0.000024
 27   2.918368 1.615358 1.514501 -0.000019 -0.000022 -0.000050
 28   2.920798 1.614964 -1.501142 -0.000002 -0.000009 -0.000024
 29   8.824059 0.150544 0.091743 0.000006 -0.000231 -0.174534
 30   2.111085 -0.561179 1.784320 -0.000008 -0.000682 0.000024
 31   2.121290 -0.561289 -1.853599 0.000000 0.000000 -0.000002
 32   -0.810489 -0.093824 3.127092 0.564080 -3.064347 -0.563586
 33   14.298673 -0.408176 0.475484 -0.006392 -0.009799 -0.413535
 34   15.835795 0.581398 0.242756 -0.007436 -0.212263 -0.117847
 35   -0.815868 -0.091229 -3.114430 -0.120039 3.021422 -0.057357
 36   14.294526 -0.410349 -0.463635 0.001663 0.012787 -0.721549
 37   15.834409 0.579420 -0.284600 -0.182270 -0.002314 0.569929
 38   1.139685 -3.453749 -2.823813 0.000000 0.000000 0.000001
 39   -4.457742 -1.054854 -0.746180 0.000000 0.000000 0.000000
 40   1.118101 -3.449769 3.237290 0.000000 0.000001 0.000000
 41   -4.433840 -1.059130 0.959566 -0.000001 0.000000 0.000000
 42   -0.657468 1.697302 -2.688614 0.000000 0.000002 0.000000
 43   -0.664068 1.698578 2.869377 0.000000 0.000002 0.000000
time 27
  0   -0.010486 -0.546892 -0.601210 0.000000 0.000000 -1.571449
  1   -1.093036 0.000002 -0.326057 -0.214108 -1.569036 -1.356583
  2   2.262337 0.113614 0.064702 -0.039615 -0.099316 -0.046400
  3   2.380047 0.353302 0.047440 -0.102337 -0.021996 -0.037179
  4   2.033756 0.190472 -0.000128 -0.178147 -0.067198 -0.342124
  5   2.451511 0.204909 -0.003447 -0.390367 -0.041300 -0.332265
  6   7.247600 -0.397300 -0.109469 0.000001 0.000021 0.156829
  7   -2.022252 -0.104661 3.136172 1.828210 -1.492849 -4.924176
  8   1.168026 -0.537438 -0.063437 1.554466 0.321474 0.018472
  9   6.790376 -0.619176 0.015206 0.003948 0.141138 -1.833559
 10   8.637599 0.544015 -0.090417 -2.568503 -0.115360 -0.126868
 11   6.790465 -0.619039 0.017802 0.035161 0.089571 -1.296099
 12   -2.022474 -0.104699 -2.873818 0.025248 1.482452 -3.219653
 13   1.167898 -0.537463 0.063297 0.269578 -1.060244 -0.821245
 14   7.002743 -0.617765 -0.183752 0.035812 -0.202528 -1.809757
 15   8.209042 0.615527 -0.255885 2.215922 0.431726 0.317939
 16   7.002735 -0.617911 -0.183641 -0.000813 -0.143245 -1.280518
 17   1.574674 0.609930 -0.000899 0.356807 -0.540070 0.733595
 18   -0.602177 0.511412 -0.000006 0.000000 0.000000 0.000000
 19   3.673773 0.177020 1.119313 -0.000002 -0.000014 -0.174510
 20   3.673767 0.176993 -1.117566 0.000007 -0.000003 -0.174546
 21   3.942357 1.330634 1.627658 0.000002 -0.000011 -0.000026
 22   -0.246060 -0.011889 0.516521 -0.000011 0.000031 0.000025
 23   3.942374 1.330659 -1.631083 0.000019 0.000002 -0.000024
 24   -0.246150 -0.011872 -0.516511 -0.000005 -0.000006 0.000048
 25   4.941364 1.997338 1.629330 0.000018 -0.000001 -0.000024
 26   4.941382 1.997366 -1.629410 -0.000001 0.000005 -0.000024
 27   2.918368 1.615358 1.514501 -0.000019 -0.000022 -0.000050
 28   2.920798 1.614964 -1.501142 -0.000002 -0.000009 -0.000024
 29   8.824059 0.150544 0.091743 0.000006 -0.000231 -0.174534
 30   2.111085 -0.561179 1.784320 -0.000008 -0.000682 0.000024
 31   2.121290 -0.561289 -1.853599 0.000000 0.000000 -0.000002
 32   -0.810489 -0.093824 3.127092 0.564080 -3.064347 -0.563586
 33   14.298673 -0.408176 0.475484 -0.006392 -0.009799 -0.413535
 34   15.835795 0.581398 0.242756 -0.007436 -0.212263 -0.117847
 35   -0.815868 -0.091229 -3.114430 -0.120039 3.021422 -0.057357
 36   14.294526 -0.410349 -0.463635 0.001663 0.012787 -0.721549
 37   15.834409 0.579420 -0.284600 -0.182270 -0.002314 0.569929
 38   1.139685 -3.453749 -2.823813 0.000000 0.000000 0.000001
 39   -4.457742 -1.054854 -0.746180 0.000000 0.000000 0.000000
 40   1.118101 -3.449769 3.237290 0.000000 0.000001 0.000000
 41   -4.433840 -1.059130 0.959566 -0.000001 0.000000 0.000000
 42   -0.657468 1.697302 -2.688614 0.000000 0.000002 0.000000
 43   -0.664068 1.698578 2.869377 0.000000 0.000002 0.000000
time 28
  0   -0.010486 -0.546892 -0.601210 0.000000 0.000000 -1.571449
  1   -1.093036 0.000002 -0.326057 -0.214108 -1.569036 -1.356583
  2   2.262337 0.113614 0.064702 -0.039551 -0.096295 -0.043220
  3   2.380047 0.353302 0.047440 -0.102127 -0.017789 -0.032486
  4   2.033756 0.190472 -0.000128 -0.178516 -0.064429 -0.337775
  5   2.451511 0.204909 -0.003447 -0.391531 -0.033989 -0.331721
  6   7.247600 -0.397300 -0.109469 0.000001 0.000021 0.156829
  7   -2.022252 -0.104661 3.136172 2.123165 -1.489102 -5.198779
  8   1.168026 -0.537438 -0.063437 1.544088 0.293650 0.057947
  9   6.790376 -0.619176 0.015206 -0.002432 0.146010 -1.910234
 10   8.637599 0.544015 -0.090417 -2.494353 -0.162451 -0.135694
 11   6.790465 -0.619039 0.017802 0.033292 0.094773 -1.349506
 12   -2.022474 -0.104699 -2.873818 0.043164 1.487154 -3.197249
 13   1.167898 -0.537463 0.063297 0.296008 -1.048598 -0.855629
 14   7.002743 -0.617765 -0.183752 0.035641 -0.202528 -1.808437
 15   8.209042 0.615527 -0.255885 2.201973 0.437552 0.319262
 16   7.002735 -0.617911 -0.183641 -0.000861 -0.143245 -1.279635
 17   1.574674 0.609930 -0.000899 0.343484 -0.570648 0.746790
 18   -0.602177 0.511412 -0.000006 0.000000 0.000000 0.000000
 19   3.673773 0.177020 1.119313 -0.000002 -0.000014 -0.174510
 20   3.673767 0.176993 -1.117566 0.000007 -0.000003 -0.174546
 21   3.942357 1.330634 1.627658 0.000002 -0.000011 -0.000026
 22   -0.246060 -0.011889 0.516521 -0.000011 0.000031 0.000025
 23   3.942374 1.330659 -1.631083 0.000019 0.000002 -0.000024
 24   -0.246150 -0.011872 -0.516511 -0.000005 -0.000006 0.000048
 25   4.941364 1.997338 1.629330 0.000018 -0.000001 -0.000024
 26   4.941382 1.997366 -1.629410 -0.000001 0.000005 -0.000024
 27   2.918368 1.615358 1.514501 -0.000019 -0.000022 -0.000050
 28   2.920798 1.614964 -1.501142 -0.000002 -0.000009 -0.000024
 29   8.824059 0.150544 0.091743 0.000006 -0.000231 -0.174534
 30   2.111085 -0.561179 1.784320 -0.000008 -0.000682 0.000024
 31   2.121290 -0.561289 -1.853599 0.000000 0.000000 -0.000002
 32   -0.810489 -0.093824 3.127092 0.564080 -3.064347 -0.563586
 33   14.298673 -0.408176 0.475484 -0.006392 -0.009799 -0.413535
 34   15.835795 0.581398 0.242756 -0.007436 -0.212263 -0.117847
 35   -0.815868 -0.091229 -3.114430 -0.120039 3.021422 -0.057357
 36   14.294526 -0.410349 -0.463635 0.001663 0.012787 -0.721549
 37   15.834409 0.579420 -0.284600 -0.182270 -0.002314 0.569929
 38   1.139685 -3.453749 -2.823813 0.000000 0.000000 0.000001
 39   -4.457742 -1.054854 -0.746180 0.000000 0.000000 0.000000
 40   1.118101 -3.449769 3.237290 0.000000 0.000001 0.000000
 41   -4.433840 -1.059130 0.959566 -0.000001 0.000000 0.000000
 42   -0.657468 1.697302 -2.688614 0.000000 0.000002 0.000000
 43   -0.664068 1.698578 2.869377 0.000000 0.000002 0.000000
time 29
  0   -0.010486 -0.546892 -0.601210 0.000000 0.000000 -1.571449
  1   -1.093036 0.000002 -0.326057 -0.214108 -1.569036 -1.356583
  2   2.262337 0.113614 0.064702 -0.038953 -0.095301 -0.042063
  3   2.380047 0.353302 0.047440 -0.101887 -0.015225 -0.030037
  4   2.033756 0.190472 -0.000128 -0.178811 -0.061613 -0.335636
  5   2.451511 0.204909 -0.003447 -0.392113 -0.029837 -0.332364
  6   7.247600 -0.397300 -0.109469 0.000001 0.000021 0.156829
  7   -2.022252 -0.104661 3.136172 2.143870 -1.489131 -5.227705
  8   1.168026 -0.537438 -0.063437 1.572311 0.309650 0.135441
  9   6.790376 -0.619176 0.015206 -0.003320 0.146811 -1.921479
 10   8.637599 0.544015 -0.090417 -2.368684 -0.236502 -0.076661
 11   6.790465 -0.619039 0.017802 0.033059 0.095569 -1.357119
 12   -2.022474 -0.104699 -2.873818 0.037607 1.490172 -3.203090
 13   1.167898 -0.537463 0.063297 0.302616 -1.053887 -0.867312
 14   7.002743 -0.617765 -0.183752 0.035584 -0.202528 -1.807282
 15   8.209042 0.615527 -0.255885 2.192122 0.445269 0.314752
 16   7.002735 -0.617911 -0.183641 -0.000908 -0.143245 -1.278807
 17   1.574674 0.609930 -0.000899 0.329632 -0.580162 0.760280
 18   -0.602177 0.511412 -0.000006 0.000000 0.000000 0.000000
 19   3.673773 0.177020 1.119313 -0.000002 -0.000014 -0.174510
 20   3.673767 0.176993 -1.117566 0.000007 -0.000003 -0.174546
 21   3.700162 1.330634 1.627658 0.006354 -0.200741 0.411837
 22   -0.351532 -0.011889 0.371985 -0.000011 0.000031 0.000025
 23   3.692366 1.330659 -1.631083 -0.006333 0.200780 0.411810
 24   -0.347716 -0.019685 -0.379788 -0.000005 -0.000006 0.000048
 25   4.941364 1.997338 1.629330 0.000018 -0.000001 -0.000024
 26   4.941382 1.997366 -1.629410 -0.000001 0.000005 -0.000024
 27   3.031653 1.689579 1.522314 -0.043955 0.137309 -0.635381
 28   3.034083 1.693092 -1.520674 0.043934 -0.137340 -0.635435
 29   8.824059 0.150544 0.091743 0.000006 -0.000231 -0.174534
 30   2.111085 -0.561179 1.784320 -0.000008 -0.000682 0.000024
 31   2.121290 -0.561289 -1.853599 0.000000 0.000000 -0.000002
 32   -0.810489 -0.093824 3.127092 0.564080 -3.064347 -0.563586
 33   14.298673 -0.408176 0.475484 -0.006392 -0.009799 -0.413535
 34   15.835795 0.581398 0.242756 -0.007436 -0.212263 -0.117847
 35   -0.815868 -0.091229 -3.114430 -0.120039 3.021422 -0.057357
 36   14.294526 -0.410349 -0.463635 0.001663 0.012787 -0.721549
 37   15.834409 0.579420 -0.284600 -0.182270 -0.002314 0.569929
 38   1.139685 -3.453749 -2.823813 0.000000 0.000000 0.000001
 39   -4.457742 -1.054854 -0.746180 0.000000 0.000000 0.000000
 40   1.118101 -3.449769 3.237290 0.000000 0.000001 0.000000
 41   -4.433840 -1.059130 0.959566 -0.000001 0.000000 0.000000
 42   -0.657468 1.697302 -2.688614 0.000000 0.000002 0.000000
 43   -0.664068 1.698578 2.869377 0.000000 0.000002 0.000000
time 30
  0   -0.010486 -0.546892 -0.601210 0.000000 0.000000 -1.571449
  1   -1.093036 0.000002 -0.326057 -0.214108 -1.569036 -1.356583
  2   2.262337 0.113614 0.064702 -0.038112 -0.095181 -0.041955
  3   2.380047 0.353302 0.047440 -0.101647 -0.013966 -0.029507
  4   2.033756 0.190472 -0.000128 -0.179032 -0.058425 -0.336252
  5   2.451511 0.204909 -0.003447 -0.392130 -0.028923 -0.332563
  6   7.247600 -0.397300 -0.109469 0.000001 0.000021 0.156829
  7   -2.022252 -0.104661 3.136172 2.111662 -1.492330 -5.213336
  8   1.168026 -0.537438 -0.063437 1.645906 0.356090 0.277777
  9   6.790376 -0.619176 0.015206 0.005113 0.140136 -1.819673
 10   8.637599 0.544015 -0.090417 -2.271989 -0.293518 -0.040923
 11   6.790465 -0.619039 0.017802 0.035453 0.088576 -1.286525
 12   -2.022474 -0.104699 -2.873818 0.012697 1.497399 -3.233057
 13   1.167898 -0.537463 0.063297 0.299101 -1.077534 -0.862530
 14   7.002743 -0.617765 -0.183752 0.035584 -0.202528 -1.805962
 15   8.209042 0.615527 -0.255885 2.191475 0.453289 0.300559
 16   7.002735 -0.617911 -0.183641 -0.000908 -0.143245 -1.278090
 17   1.574674 0.609930 -0.000899 0.322808 -0.567240 0.761500
 18   -0.602177 0.511412 -0.000006 0.000000 0.000000 0.000000
 19   3.673773 0.177020 1.119313 -0.000002 -0.000014 -0.174510
 20   3.673767 0.176993 -1.117566 0.000007 -0.000003 -0.174546
 21   3.446248 1.330634 1.627658 -0.073679 -0.386430 0.847736
 22   -0.457004 -0.031421 0.231356 -0.000011 0.000031 0.000025
 23   3.438452 1.330659 -1.631083 0.073700 0.386481 0.847601
 24   -0.453188 -0.039217 -0.235252 -0.000005 -0.000006 0.000048
 25   4.941364 1.997338 1.629330 0.000018 -0.000001 -0.000024
 26   4.941382 1.997366 -1.629410 -0.000001 0.000005 -0.000024
 27   3.160563 1.767707 1.553565 -0.163477 0.220806 -1.289323
 28   3.162993 1.771219 -1.540206 0.163480 -0.220897 -1.289338
 29   8.824059 0.150544 0.091743 0.000006 -0.000231 -0.174534
 30   2.111085 -0.561179 1.784320 -0.000008 -0.000682 0.000024
 31   2.121290 -0.561289 -1.853599 0.000000 0.000000 -0.000002
 32   -0.810489 -0.093824 3.127092 0.564080 -3.064347 -0.563586
 33   14.298673 -0.408176 0.475484 -0.006392 -0.009799 -0.413535
 34   15.835795 0.581398 0.242756 -0.007436 -0.212263 -0.117847
 35   -0.815868 -0.091229 -3.114430 -0.120039 3.021422 -0.057357
 36   14.294526 -0.410349 -0.463635 0.001663 0.012787 -0.721549
 37   15.834409 0.579420 -0.284600 -0.182270 -0.002314 0.569929
 38   1.139685 -3.453749 -2.823813 0.000000 0.000000 0.000001
 39   -4.457742 -1.054854 -0.746180 0.000000 0.000000 0.000000
 40   1.118101 -3.449769 3.237290 0.000000 0.000001 0.000000
 41   -4.433840 -1.059130 0.959566 -0.000001 0.000000 0.000000
 42   -0.657468 1.697302 -2.688614 0.000000 0.000002 0.000000
 43   -0.664068 1.698578 2.869377 0.000000 0.000002 0.000000
time 31
  0   -0.010486 -0.546892 -0.601210 0.000000 0.000000 -1.571449
  1   -1.093036 0.000002 -0.326057 -0.214108 -1.569036 -1.356583
  2   2.262337 0.113614 0.064702 -0.037462 -0.094126 -0.040925
  3   2.380047 0.353302 0.047440 -0.101467 -0.013595 -0.031731
  4   2.033756 0.190472 -0.000128 -0.179032 -0.056280 -0.340928
  5   2.451511 0.204909 -0.003447 -0.390367 -0.038610 -0.332786
  6   7.247600 -0.397300 -0.109469 0.000001 0.000021 0.156829
  7   -2.022252 -0.104661 3.136172 2.034017 -1.497029 -5.153889
  8   1.168026 -0.537438 -0.063437 1.710832 0.386782 0.440356
  9   6.790376 -0.619176 0.015206 0.017929 0.127055 -1.644815
 10   8.637599 0.544015 -0.090417 -2.276304 -0.533831 0.034605
 11   6.790465 -0.619039 0.017802 0.038489 0.076467 -1.165004
 12   -2.022474 -0.104699 -2.873818 0.006757 1.496354 -3.247035
 13   1.167898 -0.537463 0.063297 0.284620 -1.110435 -0.844188
 14   7.002743 -0.617765 -0.183752 0.035528 -0.202585 -1.804807
 15   8.209042 0.615527 -0.255885 2.201254 0.446177 0.286668
 16   7.002735 -0.617911 -0.183641 -0.000955 -0.143245 -1.277262
 17   1.574674 0.609930 -0.000899 0.323539 -0.535384 0.752962
 18   -0.602177 0.511412 -0.000006 0.000000 0.000000 0.000000
 19   3.673773 0.177020 1.119313 -0.000002 -0.000014 -0.174510
 20   3.673767 0.176993 -1.117566 0.000007 -0.000003 -0.174546
 21   3.512656 1.330634 1.627658 -0.043142 -0.339774 0.725592
 22   -0.425753 -0.023608 0.274326 -0.000011 0.000031 0.000025
 23   3.508767 1.330659 -1.631083 0.043188 0.339813 0.725561
 24   -0.421937 -0.031404 -0.286035 -0.000005 -0.000006 0.000048
 25   4.941364 1.997338 1.629330 0.000018 -0.000001 -0.000024
 26   4.941382 1.997366 -1.629410 -0.000001 0.000005 -0.000024
 27   3.129312 1.748175 1.553565 -0.126612 0.206544 -1.114466
 28   3.131742 1.747781 -1.540206 0.126603 -0.206587 -1.114442
 29   8.824059 0.150544 0.091743 0.000006 -0.000231 -0.174534
 30   2.111085 -0.561179 1.784320 -0.000008 -0.000682 0.000024
 31   2.121290 -0.561289 -1.853599 0.000000 0.000000 -0.000002
 32   -0.810489 -0.093824 3.127092 0.564080 -3.064347 -0.563586
 33   14.298673 -0.408176 0.475484 -0.006392 -0.009799 -0.413535
 34   15.835795 0.581398 0.242756 -0.007436 -0.212263 -0.117847
 35   -0.815868 -0.091229 -3.114430 -0.120039 3.021422 -0.057357
 36   14.294526 -0.410349 -0.463635 0.001663 0.012787 -0.721549
 37   15.834409 0.579420 -0.284600 -0.182270 -0.002314 0.569929
 38   1.139685 -3.453749 -2.823813 0.000000 0.000000 0.000001
 39   -4.457742 -1.054854 -0.746180 0.000000 0.000000 0.000000
 40   1.118101 -3.449769 3.237290 0.000000 0.000001 0.000000
 41   -4.433840 -1.059130 0.959566 -0.000001 0.000000 0.000000
 42   -0.657468 1.697302 -2.688614 0.000000 0.000002 0.000000
 43   -0.664068 1.698578 2.869377 0.000000 0.000002 0.000000
time 32
  0   -0.010486 -0.546892 -0.601210 0.000000 0.000000 -1.571449
  1   -1.093036 0.000002 -0.326057 -0.214108 -1.569036 -1.356583
  2   2.262337 0.113614 0.064702 -0.037411 -0.091154 -0.037907
  3   2.380047 0.353302 0.047440 -0.101377 -0.013187 -0.038016
  4   2.033756 0.190472 -0.000128 -0.178608 -0.056100 -0.351875
  5   2.451511 0.204909 -0.003447 -0.382613 -0.070009 -0.329937
  6   7.247600 -0.397300 -0.109469 0.000001 0.000021 0.156829
  7   -2.022252 -0.104661 3.136172 1.997399 -1.499595 -5.132101
  8   1.168026 -0.537438 -0.063437 1.694379 0.390656 0.617738
  9   6.790376 -0.619176 0.015206 0.030467 0.108235 -1.427318
 10   8.637599 0.544015 -0.090417 -2.454107 -0.528833 0.110783
 11   6.790465 -0.619039 0.017802 0.040212 0.061032 -1.013665
 12   -2.022474 -0.104699 -2.873818 0.083691 1.471017 -3.171974
 13   1.167898 -0.537463 0.063297 0.254043 -1.135608 -0.813860
 14   7.002743 -0.617765 -0.183752 0.035300 -0.202528 -1.803074
 15   8.209042 0.615527 -0.255885 2.212830 0.436190 0.283360
 16   7.002735 -0.617911 -0.183641 -0.001002 -0.143189 -1.275937
 17   1.574674 0.609930 -0.000899 0.333857 -0.481423 0.740137
 18   -0.602177 0.511412 -0.000006 0.000000 0.000000 0.000000
 19   3.673773 0.177020 1.119313 -0.000002 -0.000014 -0.174510
 20   3.673767 0.176993 -1.117566 0.000007 -0.000003 -0.174546
 21   3.700162 1.330634 1.627658 0.006354 -0.200741 0.411837
 22   -0.351532 -0.011889 0.371985 -0.000011 0.000031 0.000025
 23   3.692366 1.330659 -1.631083 -0.006333 0.200780 0.411810
 24   -0.347716 -0.019685 -0.379788 -0.000005 -0.000006 0.000048
 25   4.941364 1.997338 1.629330 0.000018 -0.000001 -0.000024
 26   4.941382 1.997366 -1.629410 -0.000001 0.000005 -0.000024
 27   3.031653 1.689579 1.522314 -0.043955 0.137309 -0.635381
 28   3.034083 1.693092 -1.520674 0.043934 -0.137340 -0.635435
 29   8.824059 0.150544 0.091743 0.000006 -0.000231 -0.174534
 30   2.111085 -0.561179 1.784320 -0.000008 -0.000682 0.000024
 31   2.121290 -0.561289 -1.853599 0.000000 0.000000 -0.000002
 32   -0.810489 -0.093824 3.127092 0.564080 -3.064347 -0.563586
 33   14.298673 -0.408176 0.475484 -0.006392 -0.009799 -0.413535
 34   15.835795 0.581398 0.242756 -0.007436 -0.212263 -0.117847
 35   -0.815868 -0.091229 -3.114430 -0.120039 3.021422 -0.057357
 36   14.294526 -0.410349 -0.463635 0.001663 0.012787 -0.721549
 37   15.834409 0.579420 -0.284600 -0.182270 -0.002314 0.569929
 38   1.139685 -3.453749 -2.823813 0.000000 0.000000 0.000001
 39   -4.457742 -1.054854 -0.746180 0.000000 0.000000 0.000000
 40   1.118101 -3.449769 3.237290 0.000000 0.000001 0.000000
 41   -4.433840 -1.059130 0.959566 -0.000001 0.000000 0.000000
 42   -0.657468 1.697302 -2.688614 0.000000 0.000002 0.000000
 43   -0.664068 1.698578 2.869377 0.000000 0.000002 0.000000
time 33
  0   -0.010486 -0.546892 -0.601210 0.000000 0.000000 -1.571449
  1   -1.093036 0.000002 -0.326057 -0.214108 -1.569036 -1.356583
  2   2.262337 0.113614 0.064702 -0.037755 -0.088314 -0.035305
  3   2.380047 0.353302 0.047440 -0.101392 -0.012097 -0.044178
  4   2.033756 0.190472 -0.000128 -0.178313 -0.055513 -0.362459
  5   2.451511 0.204909 -0.003447 -0.374517 -0.105155 -0.325925
  6   7.247600 -0.397300 -0.109469 0.000001 0.000021 0.156829
  7   -2.022252 -0.104661 3.136172 1.586072 -1.508848 -4.754850
  8   1.168026 -0.537438 -0.063437 1.598066 0.378782 0.781583
  9   6.790376 -0.619176 0.015206 0.038179 0.088546 -1.221669
 10   8.637599 0.544015 -0.090417 -2.805750 -0.191804 0.105068
 11   6.790465 -0.619039 0.017802 0.039628 0.046564 -0.870285
 12   -2.022474 -0.104699 -2.873818 0.121822 1.445243 -3.136933
 13   1.167898 -0.537463 0.063297 0.222270 -1.155339 -0.785348
 14   7.002743 -0.617765 -0.183752 0.035072 -0.202471 -1.800434
 15   8.209042 0.615527 -0.255885 2.226492 0.429078 0.280053
 16   7.002735 -0.617911 -0.183641 -0.001096 -0.143076 -1.274116
 17   1.574674 0.609930 -0.000899 0.345718 -0.427132 0.713673
 18   -0.602177 0.511412 -0.000006 0.000000 0.000000 0.000000
 19   3.673773 0.177020 1.119313 -0.000002 -0.000014 -0.174510
 20   3.673767 0.176993 -1.117566 0.000007 -0.000003 -0.174546
 21   3.868136 1.330634 1.627658 0.009853 -0.053762 0.110915
 22   -0.273405 -0.011889 0.477457 -0.000011 0.000031 0.000025
 23   3.868153 1.330659 -1.631083 -0.009844 0.053789 0.110864
 24   -0.265682 -0.011872 -0.485260 -0.000005 -0.000006 0.000048
 25   4.941364 1.997338 1.629330 0.000018 -0.000001 -0.000024
 26   4.941382 1.997366 -1.629410 -0.000001 0.000005 -0.000024
 27   2.937900 1.634890 1.514501 -0.002859 0.038544 -0.166880
 28   2.940330 1.634496 -1.501142 0.002850 -0.038575 -0.166933
 29   8.824059 0.150544 0.091743 0.000006 -0.000231 -0.174534
 30   2.111085 -0.561179 1.784320 -0.000008 -0.000682 0.000024
 31   2.121290 -0.561289 -1.853599 0.000000 0.000000 -0.000002
 32   -0.810489 -0.093824 3.127092 0.564080 -3.064347 -0.563586
 33   14.298673 -0.408176 0.475484 -0.006392 -0.009799 -0.413535
 34   15.835795 0.581398 0.242756 -0.007436 -0.212263 -0.117847
 35   -0.815868 -0.091229 -3.114430 -0.120039 3.021422 -0.057357
 36   14.294526 -0.410349 -0.463635 0.001663 0.012787 -0.721549
 37   15.834409 0.579420 -0.284600 -0.182270 -0.002314 0.569929
 38   1.139685 -3.453749 -2.823813 0.000000 0.000000 0.000001
 39   -4.457742 -1.054854 -0.746180 0.000000 0.000000 0.000000
 40   1.118101 -3.449769 3.237290 0.000000 0.000001 0.000000
 41   -4.433840 -1.059130 0.959566 -0.000001 0.000000 0.000000
 42   -0.657468 1.697302 -2.688614 0.000000 0.000002 0.000000
 43   -0.664068 1.698578 2.869377 0.000000 0.000002 0.000000
time 34
  0   -0.010486 -0.546892 -0.601210 0.000000 0.000000 -1.571449
  1   -1.093036 0.000002 -0.326057 -0.214108 -1.569036 -1.356583
  2   2.262337 0.113614 0.064702 -0.040443 -0.088038 -0.036407
  3   2.380047 0.353302 0.047440 -0.101662 -0.011234 -0.043954
  4   2.033756 0.190472 -0.000128 -0.178516 -0.051977 -0.365685
  5   2.451511 0.204909 -0.003447 -0.371179 -0.124594 -0.323300
  6   7.247600 -0.397300 -0.109469 0.000001 0.000021 0.156829
  7   -2.022252 -0.104661 3.136172 0.942674 -1.504264 -4.155494
  8   1.168026 -0.537438 -0.063437 1.503778 0.413700 0.871476
  9   6.790376 -0.619176 0.015206 0.041674 0.069659 -1.032472
 10   8.637599 0.544015 -0.090417 -2.839127 -0.022867 0.018906
 11   6.790465 -0.619039 0.017802 0.037321 0.033460 -0.738152
 12   -2.022474 -0.104699 -2.873818 0.114924 1.442776 -3.158379
 13   1.167898 -0.537463 0.063297 0.207859 -1.174409 -0.773665
 14   7.002743 -0.617765 -0.183752 0.034787 -0.202301 -1.796969
 15   8.209042 0.615527 -0.255885 2.241232 0.426203 0.277647
 16   7.002735 -0.617911 -0.183641 -0.001190 -0.142907 -1.271798
 17   1.574674 0.609930 -0.000899 0.355832 -0.395229 0.659820
 18   -0.602177 0.511412 -0.000006 0.000000 0.000000 0.000000
 19   3.673773 0.177020 1.119313 -0.000002 -0.000014 -0.174510
 20   3.673767 0.176993 -1.117566 0.000007 -0.000003 -0.174546
 21   3.942357 1.330634 1.627658 0.000002 -0.000011 -0.000026
 22   -0.246060 -0.011889 0.516521 -0.000011 0.000031 0.000025
 23   3.942374 1.330659 -1.631083 0.000019 0.000002 -0.000024
 24   -0.246150 -0.011872 -0.516511 -0.000005 -0.000006 0.000048
 25   4.941364 1.997338 1.629330 0.000018 -0.000001 -0.000024
 26   4.941382 1.997366 -1.629410 -0.000001 0.000005 -0.000024
 27   2.918368 1.615358 1.514501 -0.000019 -0.000022 -0.000050
 28   2.920798 1.614964 -1.501142 -0.000002 -0.000009 -0.000024
 29   8.824059 0.150544 0.091743 0.000006 -0.000231 -0.174534
 30   2.111085 -0.561179 1.784320 -0.000008 -0.000682 0.000024
 31   2.121290 -0.561289 -1.853599 0.000000 0.000000 -0.000002
 32   -0.810489 -0.093824 3.127092 0.564080 -3.064347 -0.563586
 33   14.298673 -0.408176 0.475484 -0.006392 -0.009799 -0.413535
 34   15.835795 0.581398 0.242756 -0.007436 -0.212263 -0.117847
 35   -0.815868 -0.091229 -3.114430 -0.120039 3.021422 -0.057357
 36   14.294526 -0.410349 -0.463635 0.001663 0.012787 -0.721549
 37   15.834409 0.579420 -0.284600 -0.182270 -0.002314 0.569929
 38   1.139685 -3.453749 -2.823813 0.000000 0.000000 0.000001
 39   -4.457742 -1.054854 -0.746180 0.000000 0.000000 0.000000
 40   1.118101 -3.449769 3.237290 0.000000 0.000001 0.000000
 41   -4.433840 -1.059130 0.959566 -0.000001 0.000000 0.000000
 42   -0.657468 1.697302 -2.688614 0.000000 0.000002 0.000000
 43   -0.664068 1.698578 2.869377 0.000000 0.000002 0.000000
time 35
  0   -0.010486 -0.546892 -0.601210 0.000000 0.000000 -1.571449
  1   -1.093036 0.000002 -0.326057 -0.214108 -1.569036 -1.356583
  2   2.262337 0.113614 0.064702 -0.045614 -0.090591 -0.037401
  3   2.380047 0.353302 0.047440 -0.105187 -0.011989 -0.043199
  4   2.033756 0.190472 -0.000128 -0.178977 -0.047531 -0.367171
  5   2.451511 0.204909 -0.003447 -0.369947 -0.133381 -0.321914
  6   7.247600 -0.397300 -0.109469 0.000001 0.000021 0.156829
  7   -2.022252 -0.104661 3.136172 0.673505 -1.481434 -3.915733
  8   1.168026 -0.537438 -0.063437 1.414236 0.482530 0.950425
  9   6.790376 -0.619176 0.015206 0.041452 0.050705 -0.843879
 10   8.637599 0.544015 -0.090417 -2.769379 0.073498 -0.036944
 11   6.790465 -0.619039 0.017802 0.033380 0.020839 -0.606192
 12   -2.022474 -0.104699 -2.873818 0.089247 1.450381 -3.195430
 13   1.167898 -0.537463 0.063297 0.208562 -1.186766 -0.776873
 14   7.002743 -0.617765 -0.183752 0.034560 -0.202301 -1.793916
 15   8.209042 0.615527 -0.255885 2.257194 0.423706 0.281195
 16   7.002735 -0.617911 -0.183641 -0.001284 -0.142794 -1.269645
 17   1.574674 0.609930 -0.000899 0.366434 -0.374828 0.597578
 18   -0.602177 0.511412 -0.000006 0.000000 0.000000 0.000000
 19   3.673773 0.177020 1.119313 -0.000002 -0.000014 -0.174510
 20   3.673767 0.176993 -1.117566 0.000007 -0.000003 -0.174546
 21   3.942357 1.330634 1.627658 0.000002 -0.000011 -0.000026
 22   -0.246060 -0.011889 0.516521 -0.000011 0.000031 0.000025
 23   3.942374 1.330659 -1.631083 0.000019 0.000002 -0.000024
 24   -0.246150 -0.011872 -0.516511 -0.000005 -0.000006 0.000048
 25   4.941364 1.997338 1.629330 0.000018 -0.000001 -0.000024
 26   4.941382 1.997366 -1.629410 -0.000001 0.000005 -0.000024
 27   2.918368 1.615358 1.514501 -0.000019 -0.000022 -0.000050
 28   2.920798 1.614964 -1.501142 -0.000002 -0.000009 -0.000024
 29   8.824059 0.150544 0.091743 0.000006 -0.000231 -0.174534
 30   2.111085 -0.561179 1.784320 -0.000008 -0.000682 0.000024
 31   2.121290 -0.561289 -1.853599 0.000000 0.000000 -0.000002
 32   -0.810489 -0.093824 3.127092 0.564080 -3.064347 -0.563586
 33   14.298673 -0.408176 0.475484 -0.006392 -0.009799 -0.413535
 34   15.835795 0.581398 0.242756 -0.007436 -0.212263 -0.117847
 35   -0.815868 -0.091229 -3.114430 -0.120039 3.021422 -0.057357
 36   14.294526 -0.410349 -0.463635 0.001663 0.012787 -0.721549
 37   15.834409 0.579420 -0.284600 -0.182270 -0.002314 0.569929
 38   1.139685 -3.453749 -2.823813 0.000000 0.000000 0.000001
 39   -4.457742 -1.054854 -0.746180 0.000000 0.000000 0.000000
 40   1.118101 -3.449769 3.237290 0.000000 0.000001 0.000000
 41   -4.433840 -1.059130 0.959566 -0.000001 0.000000 0.000000
 42   -0.657468 1.697302 -2.688614 0.000000 0.000002 0.000000
 43   -0.664068 1.698578 2.869377 0.000000 0.000002 0.000000
time 36
  0   -0.010486 -0.546892 -0.601210 0.000000 0.000000 -1.571449
  1   -1.093036 0.000002 -0.326057 -0.214108 -1.569036 -1.356583
  2   2.262337 0.113614 0.064702 -0.057932 -0.092400 -0.034654
  3   2.380047 0.353302 0.047440 -0.113018 -0.013786 -0.042138
  4   2.033756 0.190472 -0.000128 -0.181356 -0.044523 -0.370107
  5   2.451511 0.204909 -0.003447 -0.371179 -0.139047 -0.321691
  6   7.247600 -0.397300 -0.109469 0.000001 0.000021 0.156829
  7   -2.022252 -0.104661 3.136172 0.574196 -1.456787 -3.818438
  8   1.168026 -0.537438 -0.063437 1.365131 0.567511 0.901082
  9   6.790376 -0.619176 0.015206 0.038789 0.035354 -0.688793
 10   8.637599 0.544015 -0.090417 -2.740054 0.095178 0.005233
 11   6.790465 -0.619039 0.017802 0.028913 0.011089 -0.497763
 12   -2.022474 -0.104699 -2.873818 -0.007326 1.463238 -3.287821
 13   1.167898 -0.537463 0.063297 0.250036 -1.190529 -0.826572
 14   7.002743 -0.617765 -0.183752 0.034446 -0.202244 -1.792431
 15   8.209042 0.615527 -0.255885 2.263737 0.425295 0.284623
 16   7.002735 -0.617911 -0.183641 -0.001284 -0.142794 -1.268486
 17   1.574674 0.609930 -0.000899 0.392025 -0.376414 0.528091
 18   -0.602177 0.511412 -0.000006 0.000000 0.000000 0.000000
 19   3.673773 0.177020 1.119313 -0.000002 -0.000014 -0.174510
 20   3.673767 0.176993 -1.117566 0.000007 -0.000003 -0.174546
 21   3.942357 1.330634 1.627658 0.000002 -0.000011 -0.000026
 22   -0.246060 -0.011889 0.516521 -0.000011 0.000031 0.000025
 23   3.942374 1.330659 -1.631083 0.000019 0.000002 -0.000024
 24   -0.246150 -0.011872 -0.516511 -0.000005 -0.000006 0.000048
 25   4.941364 1.997338 1.629330 0.000018 -0.000001 -0.000024
 26   4.941382 1.997366 -1.629410 -0.000001 0.000005 -0.000024
 27   2.918368 1.615358 1.514501 -0.000019 -0.000022 -0.000050
 28   2.920798 1.614964 -1.501142 -0.000002 -0.000009 -0.000024
 29   8.824059 0.150544 0.091743 0.000006 -0.000231 -0.174534
 30   2.111085 -0.561179 1.784320 -0.000008 -0.000682 0.000024
 31   2.121290 -0.561289 -1.853599 0.000000 0.000000 -0.000002
 32   -0.810489 -0.093824 3.127092 0.564080 -3.064347 -0.563586
 33   14.298673 -0.408176 0.475484 -0.006392 -0.009799 -0.413535
 34   15.835795 0.581398 0.242756 -0.007436 -0.212263 -0.117847
 35   -0.815868 -0.091229 -3.114430 -0.120039 3.021422 -0.057357
 36   14.294526 -0.410349 -0.463635 0.001663 0.012787 -0.721549
 37   15.834409 0.579420 -0.284600 -0.182270 -0.002314 0.569929
 38   1.139685 -3.453749 -2.823813 0.000000 0.000000 0.000001
 39   -4.457742 -1.054854 -0.746180 0.000000 0.000000 0.000000
 40   1.118101 -3.449769 3.237290 0.000000 0.000001 0.000000
 41   -4.433840 -1.059130 0.959566 -0.000001 0.000000 0.000000
 42   -0.657468 1.697302 -2.688614 0.000000 0.000002 0.000000
 43   -0.664068 1.698578 2.869377 0.000000 0.000002 0.000000
time 37
  0   -0.010486 -0.546892 -0.601210 0.000000 0.000000 -1.571449
  1   -1.093036 0.000002 -0.326057 -0.214108 -1.569036 -1.356583
  2   2.262337 0.113614 0.064702 -0.073242 -0.094941 -0.026613
  3   2.380047 0.353302 0.047440 -0.122273 -0.016147 -0.041056
  4   2.033756 0.190472 -0.000128 -0.183864 -0.045002 -0.374964
  5   2.451511 0.204909 -0.003447 -0.373901 -0.140809 -0.324762
  6   7.247600 -0.397300 -0.109469 0.000001 0.000021 0.156829
  7   -2.022252 -0.104661 3.136172 0.563939 -1.434361 -3.798717
  8   1.168026 -0.537438 -0.063437 1.352854 0.622857 0.771461
  9   6.790376 -0.619176 0.015206 0.037125 0.029882 -0.630532
 10   8.637599 0.544015 -0.090417 -2.862376 0.104892 0.034822
 11   6.790465 -0.619039 0.017802 0.026986 0.007536 -0.456814
 12   -2.022474 -0.104699 -2.873818 -0.070271 1.473629 -3.338850
 13   1.167898 -0.537463 0.063297 0.307536 -1.186817 -0.900122
 14   7.002743 -0.617765 -0.183752 0.034560 -0.202301 -1.793421
 15   8.209042 0.615527 -0.255885 2.264529 0.421360 0.285826
 16   7.002735 -0.617911 -0.183641 -0.001284 -0.142794 -1.269314
 17   1.574674 0.609930 -0.000899 0.439104 -0.384011 0.442305
 18   -0.602177 0.511412 -0.000006 0.000000 0.000000 0.000000
 19   3.673773 0.177020 1.119313 -0.000002 -0.000014 -0.174510
 20   3.673767 0.176993 -1.117566 0.000007 -0.000003 -0.174546
 21   3.942357 1.330634 1.627658 0.000002 -0.000011 -0.000026
 22   -0.246060 -0.011889 0.516521 -0.000011 0.000031 0.000025
 23   3.942374 1.330659 -1.631083 0.000019 0.000002 -0.000024
 24   -0.246150 -0.011872 -0.516511 -0.000005 -0.000006 0.000048
 25   4.941364 1.997338 1.629330 0.000018 -0.000001 -0.000024
 26   4.941382 1.997366 -1.629410 -0.000001 0.000005 -0.000024
 27   2.918368 1.615358 1.514501 -0.000019 -0.000022 -0.000050
 28   2.920798 1.614964 -1.501142 -0.000002 -0.000009 -0.000024
 29   8.824059 0.150544 0.091743 0.000006 -0.000231 -0.174534
 30   2.111085 -0.561179 1.784320 -0.000008 -0.000682 0.000024
 31   2.121290 -0.561289 -1.853599 0.000000 0.000000 -0.000002
 32   -0.810489 -0.093824 3.127092 0.564080 -3.064347 -0.563586
 33   14.298673 -0.408176 0.475484 -0.006392 -0.009799 -0.413535
 34   15.835795 0.581398 0.242756 -0.007436 -0.212263 -0.117847
 35   -0.815868 -0.091229 -3.114430 -0.120039 3.021422 -0.057357
 36   14.294526 -0.410349 -0.463635 0.001663 0.012787 -0.721549
 37   15.834409 0.579420 -0.284600 -0.182270 -0.002314 0.569929
 38   1.139685 -3.453749 -2.823813 0.000000 0.000000 0.000001
 39   -4.457742 -1.054854 -0.746180 0.000000 0.000000 0.000000
 40   1.118101 -3.449769 3.237290 0.000000 0.000001 0.000000
 41   -4.433840 -1.059130 0.959566 -0.000001 0.000000 0.000000
 42   -0.657468 1.697302 -2.688614 0.000000 0.000002 0.000000
 43   -0.664068 1.698578 2.869377 0.000000 0.000002 0.000000
time 38
  0   -0.010486 -0.546892 -0.601210 0.000000 0.000000 -1.571449
  1   -1.093036 0.000002 -0.326057 -0.214108 -1.569036 -1.356583
  2   2.262337 0.113614 0.064702 -0.083215 -0.100035 -0.018897
  3   2.380047 0.353302 0.047440 -0.128754 -0.021397 -0.040097
  4   2.033756 0.190472 -0.000128 -0.185561 -0.045422 -0.378915
  5   2.451511 0.204909 -0.003447 -0.378214 -0.130143 -0.330581
  6   7.247600 -0.397300 -0.109469 0.000001 0.000021 0.156829
  7   -2.022252 -0.104661 3.136172 0.603720 -1.409282 -3.838536
  8   1.168026 -0.537438 -0.063437 1.281664 0.674127 0.735656
  9   6.790376 -0.619176 0.015206 0.038290 0.033486 -0.669247
 10   8.637599 0.544015 -0.090417 -2.965147 0.133541 0.015072
 11   6.790465 -0.619039 0.017802 0.028300 0.009895 -0.483921
 12   -2.022474 -0.104699 -2.873818 -0.014416 1.477054 -3.268864
 13   1.167898 -0.537463 0.063297 0.336779 -1.173341 -0.946310
 14   7.002743 -0.617765 -0.183752 0.034730 -0.202301 -1.795896
 15   8.209042 0.615527 -0.255885 2.263234 0.418864 0.281736
 16   7.002735 -0.617911 -0.183641 -0.001237 -0.142907 -1.270970
 17   1.574674 0.609930 -0.000899 0.481592 -0.378118 0.364132
 18   -0.602177 0.511412 -0.000006 0.000000 0.000000 0.000000
 19   3.673773 0.177020 1.119313 -0.000002 -0.000014 -0.174510
 20   3.673767 0.176993 -1.117566 0.000007 -0.000003 -0.174546
 21   3.942357 1.330634 1.627658 0.000002 -0.000011 -0.000026
 22   -0.246060 -0.011889 0.516521 -0.000011 0.000031 0.000025
 23   3.942374 1.330659 -1.631083 0.000019 0.000002 -0.000024
 24   -0.246150 -0.011872 -0.516511 -0.000005 -0.000006 0.000048
 25   4.941364 1.997338 1.629330 0.000018 -0.000001 -0.000024
 26   4.941382 1.997366 -1.629410 -0.000001 0.000005 -0.000024
 27   2.918368 1.615358 1.514501 -0.000019 -0.000022 -0.000050
 28   2.920798 1.614964 -1.501142 -0.000002 -0.000009 -0.000024
 29   8.824059 0.150544 0.091743 0.000006 -0.000231 -0.174534
 30   2.111085 -0.561179 1.784320 -0.000008 -0.000682 0.000024
 31   2.121290 -0.561289 -1.853599 0.000000 0.000000 -0.000002
 32   -0.810489 -0.093824 3.127092 0.564080 -3.064347 -0.563586
 33   14.298673 -0.408176 0.475484 -0.006392 -0.009799 -0.413535
 34   15.835795 0.581398 0.242756 -0.007436 -0.212263 -0.117847
 35   -0.815868 -0.091229 -3.114430 -0.120039 3.021422 -0.057357
 36   14.294526 -0.410349 -0.463635 0.001663 0.012787 -0.721549
 37   15.834409 0.579420 -0.284600 -0.182270 -0.002314 0.569929
 38   1.139685 -3.453749 -2.823813 0.000000 0.000000 0.000001
 39   -4.457742 -1.054854 -0.746180 0.000000 0.000000 0.000000
 40   1.118101 -3.449769 3.237290 0.000000 0.000001 0.000000
 41   -4.433840 -1.059130 0.959566 -0.000001 0.000000 0.000000
 42   -0.657468 1.697302 -2.688614 0.000000 0.000002 0.000000
 43   -0.664068 1.698578 2.869377 0.000000 0.000002 0.000000
time 39
  0   -0.010486 -0.546892 -0.601210 0.000000 0.000000 -1.571449
  1   -1.093036 0.000002 -0.326057 -0.214108 -1.569036 -1.356583
  2   2.262337 0.113614 0.064702 -0.089864 -0.105787 -0.017921
  3   2.380047 0.353302 0.047440 -0.133614 -0.025387 -0.039546
  4   2.033756 0.190472 -0.000128 -0.187073 -0.045410 -0.377610
  5   2.451511 0.204909 -0.003447 -0.383195 -0.113667 -0.333628
  6   7.247600 -0.397300 -0.109469 0.000001 0.000021 0.156829
  7   -2.022252 -0.104661 3.136172 0.691238 -1.390199 -3.945597
  8   1.168026 -0.537438 -0.063437 1.187186 0.736014 0.715729
  9   6.790376 -0.619176 0.015206 0.040731 0.044565 -0.783052
 10   8.637599 0.544015 -0.090417 -3.081657 0.197596 -0.012853
 11   6.790465 -0.619039 0.017802 0.031745 0.016973 -0.563628
 12   -2.022474 -0.104699 -2.873818 -0.052260 1.489998 -3.309649
 13   1.167898 -0.537463 0.063297 0.351119 -1.174409 -0.967255
 14   7.002743 -0.617765 -0.183752 0.034617 -0.202130 -1.794906
 15   8.209042 0.615527 -0.255885 2.262587 0.419772 0.278489
 16   7.002735 -0.617911 -0.183641 -0.001237 -0.142681 -1.270197
 17   1.574674 0.609930 -0.000899 0.509580 -0.374473 0.299155
 18   -0.602177 0.511412 -0.000006 0.000000 0.000000 0.000000
 19   3.673773 0.177020 1.119313 -0.000002 -0.000014 -0.174510
 20   3.673767 0.176993 -1.117566 0.000007 -0.000003 -0.174546
 21   3.942357 1.330634 1.627658 0.000002 -0.000011 -0.000026
 22   -0.246060 -0.011889 0.516521 -0.000011 0.000031 0.000025
 23   3.942374 1.330659 -1.631083 0.000019 0.000002 -0.000024
 24   -0.246150 -0.011872 -0.516511 -0.000005 -0.000006 0.000048
 25   4.941364 1.997338 1.629330 0.000018 -0.000001 -0.000024
 26   4.941382 1.997366 -1.629410 -0.000001 0.000005 -0.000024
 27   2.918368 1.615358 1.514501 -0.000019 -0.000022 -0.000050
 28   2.920798 1.614964 -1.501142 -0.000002 -0.000009 -0.000024
 29   8.824059 0.150544 0.091743 0.000006 -0.000231 -0.174534
 30   2.111085 -0.561179 1.784320 -0.000008 -0.000682 0.000024
 31   2.121290 -0.561289 -1.853599 0.000000 0.000000 -0.000002
 32   -0.810489 -0.093824 3.127092 0.564080 -3.064347 -0.563586
 33   14.298673 -0.408176 0.475484 -0.006392 -0.009799 -0.413535
 34   15.835795 0.581398 0.242756 -0.007436 -0.212263 -0.117847
 35   -0.815868 -0.091229 -3.114430 -0.120039 3.021422 -0.057357
 36   14.294526 -0.410349 -0.463635 0.001663 0.012787 -0.721549
 37   15.834409 0.579420 -0.284600 -0.182270 -0.002314 0.569929
 38   1.139685 -3.453749 -2.823813 0.000000 0.000000 0.000001
 39   -4.457742 -1.054854 -0.746180 0.000000 0.000000 0.000000
 40   1.118101 -3.449769 3.237290 0.000000 0.000001 0.000000
 41   -4.433840 -1.059130 0.959566 -0.000001 0.000000 0.000000
 42   -0.657468 1.697302 -2.688614 0.000000 0.000002 0.000000
 43   -0.664068 1.698578 2.869377 0.000000 0.000002 0.000000
time 40
  0   -0.010486 -0.546892 -0.601210 0.000000 0.000000 -1.571449
  1   -1.093036 0.000002 -0.326057 -0.214108 -1.569036 -1.356583
  2   2.262337 0.113614 0.064702 -0.094908 -0.110281 -0.022059
  3   2.380047 0.353302 0.047440 -0.137304 -0.027125 -0.039546
  4   2.033756 0.190472 -0.000128 -0.188604 -0.045182 -0.373478
  5   2.451511 0.204909 -0.003447 -0.386653 -0.101447 -0.335856
  6   7.247600 -0.397300 -0.109469 0.000001 0.000021 0.156829
  7   -2.022252 -0.104661 3.136172 0.737154 -1.376967 -4.019038
  8   1.168026 -0.537438 -0.063437 1.042147 0.801825 0.613120
  9   6.790376 -0.619176 0.015206 0.042007 0.060716 -0.943873
 10   8.637599 0.544015 -0.090417 -3.223970 0.226808 -0.051847
 11   6.790465 -0.619039 0.017802 0.035657 0.027462 -0.676209
 12   -2.022474 -0.104699 -2.873818 -0.268880 1.503465 -3.537226
 13   1.167898 -0.537463 0.063297 0.357515 -1.187122 -0.969495
 14   7.002743 -0.617765 -0.183752 0.034104 -0.202017 -1.788223
 15   8.209042 0.615527 -0.255885 2.262228 0.417048 0.276324
 16   7.002735 -0.617911 -0.183641 -0.001425 -0.142512 -1.265616
 17   1.574674 0.609930 -0.000899 0.527412 -0.373976 0.259385
 18   -0.602177 0.511412 -0.000006 0.000000 0.000000 0.000000
 19   3.673773 0.177020 1.119313 -0.000002 -0.000014 -0.174510
 20   3.673767 0.176993 -1.117566 0.000007 -0.000003 -0.174546
 21   3.942357 1.330634 1.627658 0.000002 -0.000011 -0.000026
 22   -0.246060 -0.011889 0.516521 -0.000011 0.000031 0.000025
 23   3.942374 1.330659 -1.631083 0.000019 0.000002 -0.000024
 24   -0.246150 -0.011872 -0.516511 -0.000005 -0.000006 0.000048
 25   4.941364 1.997338 1.629330 0.000018 -0.000001 -0.000024
 26   4.941382 1.997366 -1.629410 -0.000001 0.000005 -0.000024
 27   2.918368 1.615358 1.514501 -0.000019 -0.000022 -0.000050
 28   2.920798 1.614964 -1.501142 -0.000002 -0.000009 -0.000024
 29   8.824059 0.150544 0.091743 0.000006 -0.000231 -0.174534
 30   2.111085 -0.561179 1.784320 -0.000008 -0.000682 0.000024
 31   2.121290 -0.561289 -1.853599 0.000000 0.000000 -0.000002
 32   -0.810489 -0.093824 3.127092 0.564080 -3.064347 -0.563586
 33   14.298673 -0.408176 0.475484 -0.006392 -0.009799 -0.413535
 34   15.835795 0.581398 0.242756 -0.007436 -0.212263 -0.117847
 35   -0.815868 -0.091229 -3.114430 -0.120039 3.021422 -0.057357
 36   14.294526 -0.410349 -0.463635 0.001663 0.012787 -0.721549
 37   15.834409 0.579420 -0.284600 -0.182270 -0.002314 0.569929
 38   1.139685 -3.453749 -2.823813 0.000000 0.000000 0.000001
 39   -4.457742 -1.054854 -0.746180 0.000000 0.000000 0.000000
 40   1.118101 -3.449769 3.237290 0.000000 0.000001 0.000000
 41   -4.433840 -1.059130 0.959566 -0.000001 0.000000 0.000000
 42   -0.657468 1.697302 -2.688614 0.000000 0.000002 0.000000
 43   -0.664068 1.698578 2.869377 0.000000 0.000002 0.000000
time 41
  0   -0.010486 -0.546892 -0.601210 0.000000 0.000000 -1.571449
  1   -1.093036 0.000002 -0.326057 -0.214108 -1.569036 -1.356583
  2   2.262337 0.113614 0.064702 -0.096666 -0.111851 -0.029685
  3   2.380047 0.353302 0.047440 -0.139374 -0.027940 -0.040648
  4   2.033756 0.190472 -0.000128 -0.189600 -0.045062 -0.371049
  5   2.451511 0.204909 -0.003447 -0.387731 -0.097922 -0.336575
  6   7.247600 -0.397300 -0.109469 0.000001 0.000021 0.156829
  7   -2.022252 -0.104661 3.136172 0.749041 -1.373652 -4.053222
  8   1.168026 -0.537438 -0.063437 0.821172 0.866730 0.418721
  9   6.790376 -0.619176 0.015206 0.040842 0.076466 -1.100619
 10   8.637599 0.544015 -0.090417 -3.342241 0.221951 -0.070946
 11   6.790465 -0.619039 0.017802 0.038343 0.038093 -0.785676
 12   -2.022474 -0.104699 -2.873818 -0.479368 1.504452 -3.755229
 13   1.167898 -0.537463 0.063297 0.348096 -1.201564 -0.957509
 14   7.002743 -0.617765 -0.183752 0.033364 -0.202017 -1.779890
 15   8.209042 0.615527 -0.255885 2.262803 0.415762 0.274279
 16   7.002735 -0.617911 -0.183641 -0.001661 -0.142343 -1.259821
 17   1.574674 0.609930 -0.000899 0.534886 -0.370450 0.246189
 18   -0.602177 0.511412 -0.000006 0.000000 0.000000 0.000000
 19   3.673773 0.177020 1.119313 -0.000002 -0.000014 -0.174510
 20   3.673767 0.176993 -1.117566 0.000007 -0.000003 -0.174546
 21   3.942357 1.330634 1.627658 0.000002 -0.000011 -0.000026
 22   -0.246060 -0.011889 0.516521 -0.000011 0.000031 0.000025
 23   3.942374 1.330659 -1.631083 0.000019 0.000002 -0.000024
 24   -0.246150 -0.011872 -0.516511 -0.000005 -0.000006 0.000048
 25   4.941364 1.997338 1.629330 0.000018 -0.000001 -0.000024
 26   4.941382 1.997366 -1.629410 -0.000001 0.000005 -0.000024
 27   2.918368 1.615358 1.514501 -0.000019 -0.000022 -0.000050
 28   2.920798 1.614964 -1.501142 -0.000002 -0.000009 -0.000024
 29   8.824059 0.150544 0.091743 0.000006 -0.000231 -0.174534
 30   2.111085 -0.561179 1.784320 -0.000008 -0.000682 0.000024
 31   2.121290 -0.561289 -1.853599 0.000000 0.000000 -0.000002
 32   -0.810489 -0.093824 3.127092 0.564080 -3.064347 -0.563586
 33   14.298673 -0.408176 0.475484 -0.006392 -0.009799 -0.413535
 34   15.835795 0.581398 0.242756 -0.007436 -0.212263 -0.117847
 35   -0.815868 -0.091229 -3.114430 -0.120039 3.021422 -0.057357
 36   14.294526 -0.410349 -0.463635 0.001663 0.012787 -0.721549
 37   15.834409 0.579420 -0.284600 -0.182270 -0.002314 0.569929
 38   1.139685 -3.453749 -2.823813 0.000000 0.000000 0.000001
 39   -4.457742 -1.054854 -0.746180 0.000000 0.000000 0.000000
 40   1.118101 -3.449769 3.237290 0.000000 0.000001 0.000000
 41   -4.433840 -1.059130 0.959566 -0.000001 0.000000 0.000000
 42   -0.657468 1.697302 -2.688614 0.000000 0.000002 0.000000
 43   -0.664068 1.698578 2.869377 0.000000 0.000002 0.000000
time 42
  0   -0.010486 -0.546892 -0.601210 0.000000 0.000000 -1.571449
  1   -1.093036 0.000002 -0.326057 -0.214108 -1.569036 -1.356583
  2   2.262337 0.113614 0.064702 -0.098844 -0.112678 -0.031817
  3   2.380047 0.353302 0.047440 -0.140649 -0.029342 -0.047423
  4   2.033756 0.190472 -0.000128 -0.189600 -0.047878 -0.377284
  5   2.451511 0.204909 -0.003447 -0.386824 -0.103444 -0.338061
  6   7.247600 -0.397300 -0.109469 0.000001 0.000021 0.156829
  7   -2.022252 -0.104661 3.136172 0.729006 -1.377573 -4.040731
  8   1.168026 -0.537438 -0.063437 0.544257 0.885900 0.131329
  9   6.790376 -0.619176 0.015206 0.037014 0.092084 -1.257516
 10   8.637599 0.544015 -0.090417 -3.475131 0.159726 -0.094892
 11   6.790465 -0.619039 0.017802 0.039891 0.049065 -0.895201
 12   -2.022474 -0.104699 -2.873818 -0.459152 1.491391 -3.729283
 13   1.167898 -0.537463 0.063297 0.314355 -1.210057 -0.929905
 14   7.002743 -0.617765 -0.183752 0.032738 -0.201846 -1.771227
 15   8.209042 0.615527 -0.255885 2.266973 0.412584 0.260027
 16   7.002735 -0.617911 -0.183641 -0.001943 -0.142061 -1.253805
 17   1.574674 0.609930 -0.000899 0.530377 -0.366615 0.264190
 18   -0.602177 0.511412 -0.000006 0.000000 0.000000 0.000000
 19   3.673773 0.177020 1.119313 -0.000002 -0.000014 -0.174510
 20   3.673767 0.176993 -1.117566 0.000007 -0.000003 -0.174546
 21   3.942357 1.330634 1.627658 0.000002 -0.000011 -0.000026
 22   -0.246060 -0.011889 0.516521 -0.000011 0.000031 0.000025
 23   3.942374 1.330659 -1.631083 0.000019 0.000002 -0.000024
 24   -0.246150 -0.011872 -0.516511 -0.000005 -0.000006 0.000048
 25   4.941364 1.997338 1.629330 0.000018 -0.000001 -0.000024
 26   4.941382 1.997366 -1.629410 -0.000001 0.000005 -0.000024
 27   2.918368 1.615358 1.514501 -0.000019 -0.000022 -0.000050
 28   2.920798 1.614964 -1.501142 -0.000002 -0.000009 -0.000024
 29   8.824059 0.150544 0.091743 0.000006 -0.000231 -0.174534
 30   2.111085 -0.561179 1.784320 -0.000008 -0.000682 0.000024
 31   2.121290 -0.561289 -1.853599 0.000000 0.000000 -0.000002
 32   -0.810489 -0.093824 3.127092 0.564080 -3.064347 -0.563586
 33   14.298673 -0.408176 0.475484 -0.006392 -0.009799 -0.413535
 34   15.835795 0.581398 0.242756 -0.007436 -0.212263 -0.117847
 35   -0.815868 -0.091229 -3.114430 -0.120039 3.021422 -0.057357
 36   14.294526 -0.410349 -0.463635 0.001663 0.012787 -0.721549
 37   15.834409 0.579420 -0.284600 -0.182270 -0.002314 0.569929
 38   1.139685 -3.453749 -2.823813 0.000000 0.000000 0.000001
 39   -4.457742 -1.054854 -0.746180 0.000000 0.000000 0.000000
 40   1.118101 -3.449769 3.237290 0.000000 0.000001 0.000000
 41   -4.433840 -1.059130 0.959566 -0.000001 0.000000 0.000000
 42   -0.657468 1.697302 -2.688614 0.000000 0.000002 0.000000
 43   -0.664068 1.698578 2.869377 0.000000 0.000002 0.000000
time 43
  0   -0.010486 -0.546892 -0.601210 0.000000 0.000000 -1.571449
  1   -1.093036 0.000002 -0.326057 -0.214108 -1.569036 -1.356583
  2   2.262337 0.113614 0.064702 -0.100984 -0.113182 -0.033082
  3   2.380047 0.353302 0.047440 -0.141279 -0.030637 -0.053912
  4   2.033756 0.190472 -0.000128 -0.189268 -0.052924 -0.382975
  5   2.451511 0.204909 -0.003447 -0.386824 -0.101786 -0.342716
  6   7.247600 -0.397300 -0.109469 0.000001 0.000021 0.156829
  7   -2.022252 -0.104661 3.136172 0.733703 -1.382848 -4.062050
  8   1.168026 -0.537438 -0.063437 0.298602 0.872416 -0.110010
  9   6.790376 -0.619176 0.015206 0.033130 0.102629 -1.366189
 10   8.637599 0.544015 -0.090417 -3.521629 0.086731 -0.050617
 11   6.790465 -0.619039 0.017802 0.040212 0.056740 -0.971101
 12   -2.022474 -0.104699 -2.873818 -0.533499 1.489244 -3.801759
 13   1.167898 -0.537463 0.063297 0.300226 -1.229177 -0.914166
 14   7.002743 -0.617765 -0.183752 0.032168 -0.201790 -1.765204
 15   8.209042 0.615527 -0.255885 2.258345 0.416367 0.252209
 16   7.002735 -0.617911 -0.183641 -0.002132 -0.141892 -1.249610
 17   1.574674 0.609930 -0.000899 0.521522 -0.370663 0.285812
 18   -0.602177 0.511412 -0.000006 0.000000 0.000000 0.000000
 19   3.673773 0.177020 1.119313 -0.000002 -0.000014 -0.174510
 20   3.673767 0.176993 -1.117566 0.000007 -0.000003 -0.174546
 21   3.942357 1.330634 1.627658 0.000002 -0.000011 -0.000026
 22   -0.246060 -0.011889 0.516521 -0.000011 0.000031 0.000025
 23   3.942374 1.330659 -1.631083 0.000019 0.000002 -0.000024
 24   -0.246150 -0.011872 -0.516511 -0.000005 -0.000006 0.000048
 25   4.941364 1.997338 1.629330 0.000018 -0.000001 -0.000024
 26   4.941382 1.997366 -1.629410 -0.000001 0.000005 -0.000024
 27   2.918368 1.615358 1.514501 -0.000019 -0.000022 -0.000050
 28   2.920798 1.614964 -1.501142 -0.000002 -0.000009 -0.000024
 29   8.824059 0.150544 0.091743 0.000006 -0.000231 -0.174534
 30   2.111085 -0.561179 1.784320 -0.000008 -0.000682 0.000024
 31   2.121290 -0.561289 -1.853599 0.000000 0.000000 -0.000002
 32   -0.810489 -0.093824 3.127092 0.564080 -3.064347 -0.563586
 33   14.298673 -0.408176 0.475484 -0.006392 -0.009799 -0.413535
 34   15.835795 0.581398 0.242756 -0.007436 -0.212263 -0.117847
 35   -0.815868 -0.091229 -3.114430 -0.120039 3.021422 -0.057357
 36   14.294526 -0.410349 -0.463635 0.001663 0.012787 -0.721549
 37   15.834409 0.579420 -0.284600 -0.182270 -0.002314 0.569929
 38   1.139685 -3.453749 -2.823813 0.000000 0.000000 0.000001
 39   -4.457742 -1.054854 -0.746180 0.000000 0.000000 0.000000
 40   1.118101 -3.449769 3.237290 0.000000 0.000001 0.000000
 41   -4.433840 -1.059130 0.959566 -0.000001 0.000000 0.000000
 42   -0.657468 1.697302 -2.688614 0.000000 0.000002 0.000000
 43   -0.664068 1.698578 2.869377 0.000000 0.000002 0.000000
time 44
  0   -0.010486 -0.546892 -0.601210 0.000000 0.000000 -1.571449
  1   -1.093036 0.000002 -0.326057 -0.214108 -1.569036 -1.356583
  2   2.262337 0.113614 0.064702 -0.102526 -0.113397 -0.033444
  3   2.380047 0.353302 0.047440 -0.141655 -0.031560 -0.057646
  4   2.033756 0.190472 -0.000128 -0.189194 -0.055021 -0.386853
  5   2.451511 0.204909 -0.003447 -0.386567 -0.102191 -0.345342
  6   7.247600 -0.397300 -0.109469 0.000001 0.000021 0.156829
  7   -2.022252 -0.104661 3.136172 0.758435 -1.388930 -4.092478
  8   1.168026 -0.537438 -0.063437 0.210452 0.862504 -0.189275
  9   6.790376 -0.619176 0.015206 0.030800 0.105098 -1.395093
 10   8.637599 0.544015 -0.090417 -3.513087 0.066529 -0.022475
 11   6.790465 -0.619039 0.017802 0.039394 0.058815 -0.991287
 12   -2.022474 -0.104699 -2.873818 -0.619342 1.489215 -3.890894
 13   1.167898 -0.537463 0.063297 0.304233 -1.246772 -0.906781
 14   7.002743 -0.617765 -0.183752 0.032396 -0.202017 -1.767762
 15   8.209042 0.615527 -0.255885 2.236630 0.425295 0.268025
 16   7.002735 -0.617911 -0.183641 -0.002037 -0.142174 -1.251542
 17   1.574674 0.609930 -0.000899 0.514982 -0.371704 0.295496
 18   -0.602177 0.511412 -0.000006 0.000000 0.000000 0.000000
 19   3.673773 0.177020 1.119313 -0.000002 -0.000014 -0.174510
 20   3.673767 0.176993 -1.117566 0.000007 -0.000003 -0.174546
 21   3.942357 1.330634 1.627658 0.000002 -0.000011 -0.000026
 22   -0.246060 -0.011889 0.516521 -0.000011 0.000031 0.000025
 23   3.942374 1.330659 -1.631083 0.000019 0.000002 -0.000024
 24   -0.246150 -0.011872 -0.516511 -0.000005 -0.000006 0.000048
 25   4.941364 1.997338 1.629330 0.000018 -0.000001 -0.000024
 26   4.941382 1.997366 -1.629410 -0.000001 0.000005 -0.000024
 27   2.918368 1.615358 1.514501 -0.000019 -0.000022 -0.000050
 28   2.920798 1.614964 -1.501142 -0.000002 -0.000009 -0.000024
 29   8.824059 0.150544 0.091743 0.000006 -0.000231 -0.174534
 30   2.111085 -0.561179 1.784320 -0.000008 -0.000682 0.000024
 31   2.121290 -0.561289 -1.853599 0.000000 0.000000 -0.000002
 32   -0.810489 -0.093824 3.127092 0.564080 -3.064347 -0.563586
 33   14.298673 -0.408176 0.475484 -0.006392 -0.009799 -0.413535
 34   15.835795 0.581398 0.242756 -0.007436 -0.212263 -0.117847
 35   -0.815868 -0.091229 -3.114430 -0.120039 3.021422 -0.057357
 36   14.294526 -0.410349 -0.463635 0.001663 0.012787 -0.721549
 37   15.834409 0.579420 -0.284600 -0.182270 -0.002314 0.569929
 38   1.139685 -3.453749 -2.823813 0.000000 0.000000 0.000001
 39   -4.457742 -1.054854 -0.746180 0.000000 0.000000 0.000000
 40   1.118101 -3.449769 3.237290 0.000000 0.000001 0.000000
 41   -4.433840 -1.059130 0.959566 -0.000001 0.000000 0.000000
 42   -0.657468 1.697302 -2.688614 0.000000 0.000002 0.000000
 43   -0.664068 1.698578 2.869377 0.000000 0.000002 0.000000
time 45
  0   -0.010486 -0.546892 -0.601210 0.000000 0.000000 -1.571449
  1   -1.093036 0.000002 -0.326057 -0.214108 -1.569036 -1.356583
  2   2.262337 0.113614 0.064702 -0.103111 -0.113517 -0.033335
  3   2.380047 0.353302 0.047440 -0.141745 -0.032303 -0.059666
  4   2.033756 0.190472 -0.000128 -0.189102 -0.057202 -0.388593
  5   2.451511 0.204909 -0.003447 -0.386516 -0.102191 -0.345342
  6   7.247600 -0.397300 -0.109469 0.000001 0.000021 0.156829
  7   -2.022252 -0.104661 3.136172 0.755655 -1.390256 -4.083462
  8   1.168026 -0.537438 -0.063437 0.279491 0.864416 -0.153976
  9   6.790376 -0.619176 0.015206 0.029968 0.105966 -1.402489
 10   8.637599 0.544015 -0.090417 -3.541444 0.078425 -0.027105
 11   6.790465 -0.619039 0.017802 0.039073 0.059554 -0.996420
 12   -2.022474 -0.104699 -2.873818 -0.647413 1.480972 -3.920095
 13   1.167898 -0.537463 0.063297 0.292704 -1.240772 -0.880993
 14   7.002743 -0.617765 -0.183752 0.032396 -0.201960 -1.767267
 15   8.209042 0.615527 -0.255885 2.230518 0.414929 0.266341
 16   7.002735 -0.617911 -0.183641 -0.002084 -0.142061 -1.251045
 17   1.574674 0.609930 -0.000899 0.508361 -0.368580 0.299672
 18   -0.602177 0.511412 -0.000006 0.000000 0.000000 0.000000
 19   3.673773 0.177020 1.119313 -0.000002 -0.000014 -0.174510
 20   3.673767 0.176993 -1.117566 0.000007 -0.000003 -0.174546
 21   3.942357 1.330634 1.627658 0.000002 -0.000011 -0.000026
 22   -0.246060 -0.011889 0.516521 -0.000011 0.000031 0.000025
 23   3.942374 1.330659 -1.631083 0.000019 0.000002 -0.000024
 24   -0.246150 -0.011872 -0.516511 -0.000005 -0.000006 0.000048
 25   4.941364 1.997338 1.629330 0.000018 -0.000001 -0.000024
 26   4.941382 1.997366 -1.629410 -0.000001 0.000005 -0.000024
 27   2.918368 1.615358 1.514501 -0.000019 -0.000022 -0.000050
 28   2.920798 1.614964 -1.501142 -0.000002 -0.000009 -0.000024
 29   8.824059 0.150544 0.091743 0.000006 -0.000231 -0.174534
 30   2.111085 -0.561179 1.784320 -0.000008 -0.000682 0.000024
 31   2.121290 -0.561289 -1.853599 0.000000 0.000000 -0.000002
 32   -0.810489 -0.093824 3.127092 0.564080 -3.064347 -0.563586
 33   14.298673 -0.408176 0.475484 -0.006392 -0.009799 -0.413535
 34   15.835795 0.581398 0.242756 -0.007436 -0.212263 -0.117847
 35   -0.815868 -0.091229 -3.114430 -0.120039 3.021422 -0.057357
 36   14.294526 -0.410349 -0.463635 0.001663 0.012787 -0.721549
 37   15.834409 0.579420 -0.284600 -0.182270 -0.002314 0.569929
 38   1.139685 -3.453749 -2.823813 0.000000 0.000000 0.000001
 39   -4.457742 -1.054854 -0.746180 0.000000 0.000000 0.000000
 40   1.118101 -3.449769 3.237290 0.000000 0.000001 0.000000
 41   -4.433840 -1.059130 0.959566 -0.000001 0.000000 0.000000
 42   -0.657468 1.697302 -2.688614 0.000000 0.000002 0.000000
 43   -0.664068 1.698578 2.869377 0.000000 0.000002 0.000000
time 46
  0   -0.010486 -0.546892 -0.601210 0.000000 0.000000 -1.571449
  1   -1.093036 0.000002 -0.326057 -0.214108 -1.569036 -1.356583
  2   2.262337 0.113614 0.064702 -0.101545 -0.113649 -0.033245
  3   2.380047 0.353302 0.047440 -0.141745 -0.032830 -0.059625
  4   2.033756 0.190472 -0.000128 -0.189028 -0.059527 -0.388448
  5   2.451511 0.204909 -0.003447 -0.386413 -0.102100 -0.345342
  6   7.247600 -0.397300 -0.109469 0.000001 0.000021 0.156829
  7   -2.022252 -0.104661 3.136172 0.767829 -1.388411 -4.085810
  8   1.168026 -0.537438 -0.063437 0.304930 0.867636 -0.152078
  9   6.790376 -0.619176 0.015206 0.028692 0.106967 -1.428450
 10   8.637599 0.544015 -0.090417 -3.515553 0.050269 -0.057128
 11   6.790465 -0.619039 0.017802 0.038781 0.060407 -1.014530
 12   -2.022474 -0.104699 -2.873818 -0.675006 1.472381 -3.946136
 13   1.167898 -0.537463 0.063297 0.273795 -1.228109 -0.852905
 14   7.002743 -0.617765 -0.183752 0.032168 -0.201733 -1.765534
 15   8.209042 0.615527 -0.255885 2.244827 0.412660 0.261350
 16   7.002735 -0.617911 -0.183641 -0.002084 -0.141892 -1.249886
 17   1.574674 0.609930 -0.000899 0.497475 -0.362142 0.301409
 18   -0.602177 0.511412 -0.000006 0.000000 0.000000 0.000000
 19   3.673773 0.177020 1.119313 -0.000002 -0.000014 -0.174510
 20   3.673767 0.176993 -1.117566 0.000007 -0.000003 -0.174546
 21   3.942357 1.330634 1.627658 0.000002 -0.000011 -0.000026
 22   -0.246060 -0.011889 0.516521 -0.000011 0.000031 0.000025
 23   3.942374 1.330659 -1.631083 0.000019 0.000002 -0.000024
 24   -0.246150 -0.011872 -0.516511 -0.000005 -0.000006 0.000048
 25   4.941364 1.997338 1.629330 0.000018 -0.000001 -0.000024
 26   4.941382 1.997366 -1.629410 -0.000001 0.000005 -0.000024
 27   2.918368 1.615358 1.514501 -0.000019 -0.000022 -0.000050
 28   2.920798 1.614964 -1.501142 -0.000002 -0.000009 -0.000024
 29   8.824059 0.150544 0.091743 0.000006 -0.000231 -0.174534
 30   2.111085 -0.561179 1.784320 -0.000008 -0.000682 0.000024
 31   2.121290 -0.561289 -1.853599 0.000000 0.000000 -0.000002
 32   -0.810489 -0.093824 3.127092 0.564080 -3.064347 -0.563586
 33   14.298673 -0.408176 0.475484 -0.006392 -0.009799 -0.413535
 34   15.835795 0.581398 0.242756 -0.007436 -0.212263 -0.117847
 35   -0.815868 -0.091229 -3.114430 -0.120039 3.021422 -0.057357
 36   14.294526 -0.410349 -0.463635 0.001663 0.012787 -0.721549
 37   15.834409 0.579420 -0.284600 -0.182270 -0.002314 0.569929
 38   1.139685 -3.453749 -2.823813 0.000000 0.000000 0.000001
 39   -4.457742 -1.054854 -0.746180 0.000000 0.000000 0.000000
 40   1.118101 -3.449769 3.237290 0.000000 0.000001 0.000000
 41   -4.433840 -1.059130 0.959566 -0.000001 0.000000 0.000000
 42   -0.657468 1.697302 -2.688614 0.000000 0.000002 0.000000
 43   -0.664068 1.698578 2.869377 0.000000 0.000002 0.000000
time 47
  0   -0.010486 -0.546892 -0.601210 0.000000 0.000000 -1.571449
  1   -1.093036 0.000002 -0.326057 -0.214108 -1.569036 -1.356583
  2   2.262337 0.113614 0.064702 -0.097876 -0.113889 -0.033082
  3   2.380047 0.353302 0.047440 -0.139599 -0.033189 -0.059625
  4   2.033756 0.190472 -0.000128 -0.188936 -0.061553 -0.387977
  5   2.451511 0.204909 -0.003447 -0.386687 -0.100063 -0.345664
  6   7.247600 -0.397300 -0.109469 0.000001 0.000021 0.156829
  7   -2.022252 -0.104661 3.136172 0.768596 -1.382675 -4.080926
  8   1.168026 -0.537438 -0.063437 0.287591 0.877196 -0.174662
  9   6.790376 -0.619176 0.015206 0.030079 0.105432 -1.406489
 10   8.637599 0.544015 -0.090417 -3.516962 0.081100 -0.080423
 11   6.790465 -0.619039 0.017802 0.039190 0.059156 -0.999188
 12   -2.022474 -0.104699 -2.873818 -0.623845 1.475283 -3.893766
 13   1.167898 -0.537463 0.063297 0.288698 -1.227092 -0.865133
 14   7.002743 -0.617765 -0.183752 0.031884 -0.201676 -1.761079
 15   8.209042 0.615527 -0.255885 2.256763 0.410390 0.255096
 16   7.002735 -0.617911 -0.183641 -0.002226 -0.141666 -1.246740
 17   1.574674 0.609930 -0.000899 0.481592 -0.357078 0.301594
 18   -0.602177 0.511412 -0.000006 0.000000 0.000000 0.000000
 19   3.673773 0.177020 1.119313 -0.000002 -0.000014 -0.174510
 20   3.673767 0.176993 -1.117566 0.000007 -0.000003 -0.174546
 21   3.942357 1.330634 1.627658 0.000002 -0.000011 -0.000026
 22   -0.246060 -0.011889 0.516521 -0.000011 0.000031 0.000025
 23   3.942374 1.330659 -1.631083 0.000019 0.000002 -0.000024
 24   -0.246150 -0.011872 -0.516511 -0.000005 -0.000006 0.000048
 25   4.941364 1.997338 1.629330 0.000018 -0.000001 -0.000024
 26   4.941382 1.997366 -1.629410 -0.000001 0.000005 -0.000024
 27   2.918368 1.615358 1.514501 -0.000019 -0.000022 -0.000050
 28   2.920798 1.614964 -1.501142 -0.000002 -0.000009 -0.000024
 29   8.824059 0.150544 0.091743 0.000006 -0.000231 -0.174534
 30   2.111085 -0.561179 1.784320 -0.000008 -0.000682 0.000024
 31   2.121290 -0.561289 -1.853599 0.000000 0.000000 -0.000002
 32   -0.810489 -0.093824 3.127092 0.564080 -3.064347 -0.563586
 33   14.298673 -0.408176 0.475484 -0.006392 -0.009799 -0.413535
 34   15.835795 0.581398 0.242756 -0.007436 -0.212263 -0.117847
 35   -0.815868 -0.091229 -3.114430 -0.120039 3.021422 -0.057357
 36   14.294526 -0.410349 -0.463635 0.001663 0.012787 -0.721549
 37   15.834409 0.579420 -0.284600 -0.182270 -0.002314 0.569929
 38   1.139685 -3.453749 -2.823813 0.000000 0.000000 0.000001
 39   -4.457742 -1.054854 -0.746180 0.000000 0.000000 0.000000
 40   1.118101 -3.449769 3.237290 0.000000 0.000001 0.000000
 41   -4.433840 -1.059130 0.959566 -0.000001 0.000000 0.000000
 42   -0.657468 1.697302 -2.688614 0.000000 0.000002 0.000000
 43   -0.664068 1.698578 2.869377 0.000000 0.000002 0.000000
time 48
  0   -0.010486 -0.546892 -0.601210 0.000000 0.000000 -1.571449
  1   -1.093036 0.000002 -0.326057 -0.214108 -1.569036 -1.356583
  2   2.262337 0.113614 0.064702 -0.095100 -0.114057 -0.032865
  3   2.380047 0.353302 0.047440 -0.139719 -0.033657 -0.059605
  4   2.033756 0.190472 -0.000128 -0.189102 -0.061457 -0.387143
  5   2.451511 0.204909 -0.003447 -0.386413 -0.100716 -0.345342
  6   7.247600 -0.397300 -0.109469 0.000001 0.000021 0.156829
  7   -2.022252 -0.104661 3.136172 0.761215 -1.383367 -4.077546
  8   1.168026 -0.537438 -0.063437 0.291641 0.880114 -0.187757
  9   6.790376 -0.619176 0.015206 0.033574 0.101627 -1.356680
 10   8.637599 0.544015 -0.090417 -3.561611 0.117140 -0.017266
 11   6.790465 -0.619039 0.017802 0.040212 0.056086 -0.964526
 12   -2.022474 -0.104699 -2.873818 -0.566360 1.481930 -3.835364
 13   1.167898 -0.537463 0.063297 0.324969 -1.236347 -0.904299
 14   7.002743 -0.617765 -0.183752 0.031884 -0.201506 -1.761079
 15   8.209042 0.615527 -0.255885 2.258848 0.413795 0.255156
 16   7.002735 -0.617911 -0.183641 -0.002226 -0.141610 -1.246906
 17   1.574674 0.609930 -0.000899 0.468188 -0.359350 0.297159
 18   -0.602177 0.511412 -0.000006 0.000000 0.000000 0.000000
 19   3.673773 0.177020 1.119313 -0.000002 -0.000014 -0.174510
 20   3.673767 0.176993 -1.117566 0.000007 -0.000003 -0.174546
 21   3.942357 1.330634 1.627658 0.000002 -0.000011 -0.000026
 22   -0.246060 -0.011889 0.516521 -0.000011 0.000031 0.000025
 23   3.942374 1.330659 -1.631083 0.000019 0.000002 -0.000024
 24   -0.246150 -0.011872 -0.516511 -0.000005 -0.000006 0.000048
 25   4.941364 1.997338 1.629330 0.000018 -0.000001 -0.000024
 26   4.941382 1.997366 -1.629410 -0.000001 0.000005 -0.000024
 27   2.918368 1.615358 1.514501 -0.000019 -0.000022 -0.000050
 28   2.920798 1.614964 -1.501142 -0.000002 -0.000009 -0.000024
 29   8.824059 0.150544 0.091743 0.000006 -0.000231 -0.174534
 30   2.111085 -0.561179 1.784320 -0.000008 -0.000682 0.000024
 31   2.121290 -0.561289 -1.853599 0.000000 0.000000 -0.000002
 32   -0.810489 -0.093824 3.127092 0.564080 -3.064347 -0.563586
 33   14.298673 -0.408176 0.475484 -0.006392 -0.009799 -0.413535
 34   15.835795 0.581398 0.242756 -0.007436 -0.212263 -0.117847
 35   -0.815868 -0.091229 -3.114430 -0.120039 3.021422 -0.057357
 36   14.294526 -0.410349 -0.463635 0.001663 0.012787 -0.721549
 37   15.834409 0.579420 -0.284600 -0.182270 -0.002314 0.569929
 38   1.139685 -3.453749 -2.823813 0.000000 0.000000 0.000001
 39   -4.457742 -1.054854 -0.746180 0.000000 0.000000 0.000000
 40   1.118101 -3.449769 3.237290 0.000000 0.000001 0.000000
 41   -4.433840 -1.059130 0.959566 -0.000001 0.000000 0.000000
 42   -0.657468 1.697302 -2.688614 0.000000 0.000002 0.000000
 43   -0.664068 1.698578 2.869377 0.000000 0.000002 0.000000
time 49
  0   -0.010486 -0.546892 -0.601210 0.000000 0.000000 -1.571449
  1   -1.093036 0.000002 -0.326057 -0.214108 -1.569036 -1.356583
  2   2.262337 0.113614 0.064702 -0.095736 -0.114093 -0.032396
  3   2.380047 0.353302 0.047440 -0.140034 -0.033873 -0.057360
  4   2.033756 0.190472 -0.000128 -0.189360 -0.060918 -0.384932
  5   2.451511 0.204909 -0.003447 -0.385968 -0.103040 -0.344698
  6   7.247600 -0.397300 -0.109469 0.000001 0.000021 0.156829
  7   -2.022252 -0.104661 3.136172 0.741468 -1.386711 -4.068154
  8   1.168026 -0.537438 -0.063437 0.331571 0.883988 -0.158151
  9   6.790376 -0.619176 0.015206 0.035904 0.095421 -1.290797
 10   8.637599 0.544015 -0.090417 -3.575437 0.158107 -0.012636
 11   6.790465 -0.619039 0.017802 0.040066 0.051453 -0.918559
 12   -2.022474 -0.104699 -2.873818 -0.575845 1.488315 -3.846374
 13   1.167898 -0.537463 0.063297 0.361030 -1.246518 -0.942375
 14   7.002743 -0.617765 -0.183752 0.031884 -0.201506 -1.761739
 15   8.209042 0.615527 -0.255885 2.248710 0.413114 0.256479
 16   7.002735 -0.617911 -0.183641 -0.002179 -0.141610 -1.247237
 17   1.574674 0.609930 -0.000899 0.460307 -0.366734 0.289101
 18   -0.602177 0.511412 -0.000006 0.000000 0.000000 0.000000
 19   3.673773 0.177020 1.119313 -0.000002 -0.000014 -0.174510
 20   3.673767 0.176993 -1.117566 0.000007 -0.000003 -0.174546
 21   3.942357 1.330634 1.627658 0.000002 -0.000011 -0.000026
 22   -0.246060 -0.011889 0.516521 -0.000011 0.000031 0.000025
 23   3.942374 1.330659 -1.631083 0.000019 0.000002 -0.000024
 24   -0.246150 -0.011872 -0.516511 -0.000005 -0.000006 0.000048
 25   4.941364 1.997338 1.629330 0.000018 -0.000001 -0.000024
 26   4.941382 1.997366 -1.629410 -0.000001 0.000005 -0.000024
 27   2.918368 1.615358 1.514501 -0.000019 -0.000022 -0.000050
 28   2.920798 1.614964 -1.501142 -0.000002 -0.000009 -0.000024
 29   8.824059 0.150544 0.091743 0.000006 -0.000231 -0.174534
 30   2.111085 -0.561179 1.784320 -0.000008 -0.000682 0.000024
 31   2.121290 -0.561289 -1.853599 0.000000 0.000000 -0.000002
 32   -0.810489 -0.093824 3.127092 0.564080 -3.064347 -0.563586
 33   14.298673 -0.408176 0.475484 -0.006392 -0.009799 -0.413535
 34   15.835795 0.581398 0.242756 -0.007436 -0.212263 -0.117847
 35   -0.815868 -0.091229 -3.114430 -0.120039 3.021422 -0.057357
 36   14.294526 -0.410349 -0.463635 0.001663 0.012787 -0.721549
 37   15.834409 0.579420 -0.284600 -0.182270 -0.002314 0.569929
 38   1.139685 -3.453749 -2.823813 0.000000 0.000000 0.000001
 39   -4.457742 -1.054854 -0.746180 0.000000 0.000000 0.000000
 40   1.118101 -3.449769 3.237290 0.000000 0.000001 0.000000
 41   -4.433840 -1.059130 0.959566 -0.000001 0.000000 0.000000
 42   -0.657468 1.697302 -2.688614 0.000000 0.000002 0.000000
 43   -0.664068 1.698578 2.869377 0.000000 0.000002 0.000000
time 50
  0   -0.010486 -0.546892 -0.601210 0.000000 0.000000 -1.571449
  1   -1.093036 0.000002 -0.326057 -0.214108 -1.569036 -1.356583
  2   2.262337 0.113614 0.064702 -0.097048 -0.114164 -0.031835
  3   2.380047 0.353302 0.047440 -0.140469 -0.033873 -0.052606
  4   2.033756 0.190472 -0.000128 -0.189729 -0.059551 -0.379495
  5   2.451511 0.204909 -0.003447 -0.386653 -0.099201 -0.342816
  6   7.247600 -0.397300 -0.109469 0.000001 0.000021 0.156829
  7   -2.022252 -0.104661 3.136172 0.724118 -1.388873 -4.060923
  8   1.168026 -0.537438 -0.063437 0.391371 0.895812 -0.092044
  9   6.790376 -0.619176 0.015206 0.038401 0.087612 -1.210877
 10   8.637599 0.544015 -0.090417 -3.539506 0.209985 -0.026888
 11   6.790465 -0.619039 0.017802 0.039540 0.045768 -0.862903
 12   -2.022474 -0.104699 -2.873818 -0.752514 1.496732 -4.031346
 13   1.167898 -0.537463 0.063297 0.386477 -1.250027 -0.969858
 14   7.002743 -0.617765 -0.183752 0.032225 -0.201506 -1.766029
 15   8.209042 0.615527 -0.255885 2.241807 0.418864 0.261350
 16   7.002735 -0.617911 -0.183641 -0.002037 -0.141666 -1.250328
 17   1.574674 0.609930 -0.000899 0.458439 -0.372982 0.278050
 18   -0.602177 0.511412 -0.000006 0.000000 0.000000 0.000000
 19   3.673773 0.177020 1.119313 -0.000002 -0.000014 -0.174510
 20   3.673767 0.176993 -1.117566 0.000007 -0.000003 -0.174546
 21   3.942357 1.330634 1.627658 0.000002 -0.000011 -0.000026
 22   -0.246060 -0.011889 0.516521 -0.000011 0.000031 0.000025
 23   3.942374 1.330659 -1.631083 0.000019 0.000002 -0.000024
 24   -0.246150 -0.011872 -0.516511 -0.000005 -0.000006 0.000048
 25   4.941364 1.997338 1.629330 0.000018 -0.000001 -0.000024
 26   4.941382 1.997366 -1.629410 -0.000001 0.000005 -0.000024
 27   2.918368 1.615358 1.514501 -0.000019 -0.000022 -0.000050
 28   2.920798 1.614964 -1.501142 -0.000002 -0.000009 -0.000024
 29   8.824059 0.150544 0.091743 0.000006 -0.000231 -0.174534
 30   2.111085 -0.561179 1.784320 -0.000008 -0.000682 0.000024
 31   2.121290 -0.561289 -1.853599 0.000000 0.000000 -0.000002
 32   -0.810489 -0.093824 3.127092 0.564080 -3.064347 -0.563586
 33   14.298673 -0.408176 0.475484 -0.006392 -0.009799 -0.413535
 34   15.835795 0.581398 0.242756 -0.007436 -0.212263 -0.117847
 35   -0.815868 -0.091229 -3.114430 -0.120039 3.021422 -0.057357
 36   14.294526 -0.410349 -0.463635 0.001663 0.012787 -0.721549
 37   15.834409 0.579420 -0.284600 -0.182270 -0.002314 0.569929
 38   1.139685 -3.453749 -2.823813 0.000000 0.000000 0.000001
 39   -4.457742 -1.054854 -0.746180 0.000000 0.000000 0.000000
 40   1.118101 -3.449769 3.237290 0.000000 0.000001 0.000000
 41   -4.433840 -1.059130 0.959566 -0.000001 0.000000 0.000000
 42   -0.657468 1.697302 -2.688614 0.000000 0.000002 0.000000
 43   -0.664068 1.698578 2.869377 0.000000 0.000002 0.000000
time 51
  0   -0.010486 -0.546892 -0.601210 0.000000 0.000000 -1.571449
  1   -1.093036 0.000002 -0.326057 -0.214108 -1.569036 -1.356583
  2   2.262337 0.113614 0.064702 -0.097685 -0.114416 -0.031347
  3   2.380047 0.353302 0.047440 -0.140934 -0.033741 -0.046219
  4   2.033756 0.190472 -0.000128 -0.190448 -0.055728 -0.373188
  5   2.451511 0.204909 -0.003447 -0.388176 -0.089109 -0.341974
  6   7.247600 -0.397300 -0.109469 0.000001 0.000021 0.156829
  7   -2.022252 -0.104661 3.136172 0.663248 -1.383194 -4.001945
  8   1.168026 -0.537438 -0.063437 0.450475 0.908592 -0.010944
  9   6.790376 -0.619176 0.015206 0.040176 0.079470 -1.130202
 10   8.637599 0.544015 -0.090417 -3.534927 0.288118 -0.002942
 11   6.790465 -0.619039 0.017802 0.038723 0.040168 -0.806439
 12   -2.022474 -0.104699 -2.873818 -0.912224 1.506513 -4.192191
 13   1.167898 -0.537463 0.063297 0.401309 -1.232635 -0.994859
 14   7.002743 -0.617765 -0.183752 0.032852 -0.201449 -1.772712
 15   8.209042 0.615527 -0.255885 2.236342 0.423782 0.272776
 16   7.002735 -0.617911 -0.183641 -0.001802 -0.141779 -1.254743
 17   1.574674 0.609930 -0.000899 0.458845 -0.380295 0.262157
 18   -0.602177 0.511412 -0.000006 0.000000 0.000000 0.000000
 19   3.673773 0.177020 1.119313 -0.000002 -0.000014 -0.174510
 20   3.673767 0.176993 -1.117566 0.000007 -0.000003 -0.174546
 21   3.942357 1.330634 1.627658 0.000002 -0.000011 -0.000026
 22   -0.246060 -0.011889 0.516521 -0.000011 0.000031 0.000025
 23   3.942374 1.330659 -1.631083 0.000019 0.000002 -0.000024
 24   -0.246150 -0.011872 -0.516511 -0.000005 -0.000006 0.000048
 25   4.941364 1.997338 1.629330 0.000018 -0.000001 -0.000024
 26   4.941382 1.997366 -1.629410 -0.000001 0.000005 -0.000024
 27   2.918368 1.615358 1.514501 -0.000019 -0.000022 -0.000050
 28   2.920798 1.614964 -1.501142 -0.000002 -0.000009 -0.000024
 29   8.824059 0.150544 0.091743 0.000006 -0.000231 -0.174534
 30   2.111085 -0.561179 1.784320 -0.000008 -0.000682 0.000024
 31   2.121290 -0.561289 -1.853599 0.000000 0.000000 -0.000002
 32   -0.810489 -0.093824 3.127092 0.564080 -3.064347 -0.563586
 33   14.298673 -0.408176 0.475484 -0.006392 -0.009799 -0.413535
 34   15.835795 0.581398 0.242756 -0.007436 -0.212263 -0.117847
 35   -0.815868 -0.091229 -3.114430 -0.120039 3.021422 -0.057357
 36   14.294526 -0.410349 -0.463635 0.001663 0.012787 -0.721549
 37   15.834409 0.579420 -0.284600 -0.182270 -0.002314 0.569929
 38   1.139685 -3.453749 -2.823813 0.000000 0.000000 0.000001
 39   -4.457742 -1.054854 -0.746180 0.000000 0.000000 0.000000
 40   1.118101 -3.449769 3.237290 0.000000 0.000001 0.000000
 41   -4.433840 -1.059130 0.959566 -0.000001 0.000000 0.000000
 42   -0.657468 1.697302 -2.688614 0.000000 0.000002 0.000000
 43   -0.664068 1.698578 2.869377 0.000000 0.000002 0.000000
time 52
  0   -0.010486 -0.546892 -0.601210 0.000000 0.000000 -1.571449
  1   -1.093036 0.000002 -0.326057 -0.214108 -1.569036 -1.356583
  2   2.262337 0.113614 0.064702 -0.094577 -0.117472 -0.031022
  3   2.380047 0.353302 0.047440 -0.141369 -0.033669 -0.040689
  4   2.033756 0.190472 -0.000128 -0.191020 -0.052421 -0.367461
  5   2.451511 0.204909 -0.003447 -0.389477 -0.081093 -0.340810
  6   7.247600 -0.397300 -0.109469 0.000001 0.000021 0.156829
  7   -2.022252 -0.104661 3.136172 0.641296 -1.367714 -3.968418
  8   1.168026 -0.537438 -0.063437 0.477559 0.912919 0.052380
  9   6.790376 -0.619176 0.015206 0.042118 0.076667 -1.094657
 10   8.637599 0.544015 -0.090417 -3.556855 0.337884 0.046180
 11   6.790465 -0.619039 0.017802 0.039190 0.038093 -0.781581
 12   -2.022474 -0.104699 -2.873818 -0.780872 1.516265 -4.050973
 13   1.167898 -0.537463 0.063297 0.391397 -1.197394 -0.999762
 14   7.002743 -0.617765 -0.183752 0.033592 -0.201449 -1.782118
 15   8.209042 0.615527 -0.255885 2.231381 0.417275 0.284683
 16   7.002735 -0.617911 -0.183641 -0.001520 -0.141948 -1.261532
 17   1.574674 0.609930 -0.000899 0.460998 -0.374071 0.243639
 18   -0.602177 0.511412 -0.000006 0.000000 0.000000 0.000000
 19   3.673773 0.177020 1.119313 -0.000002 -0.000014 -0.174510
 20   3.673767 0.176993 -1.117566 0.000007 -0.000003 -0.174546
 21   3.942357 1.330634 1.627658 0.000002 -0.000011 -0.000026
 22   -0.246060 -0.011889 0.516521 -0.000011 0.000031 0.000025
 23   3.942374 1.330659 -1.631083 0.000019 0.000002 -0.000024
 24   -0.246150 -0.011872 -0.516511 -0.000005 -0.000006 0.000048
 25   4.941364 1.997338 1.629330 0.000018 -0.000001 -0.000024
 26   4.941382 1.997366 -1.629410 -0.000001 0.000005 -0.000024
 27   2.918368 1.615358 1.514501 -0.000019 -0.000022 -0.000050
 28   2.920798 1.614964 -1.501142 -0.000002 -0.000009 -0.000024
 29   8.824059 0.150544 0.091743 0.000006 -0.000231 -0.174534
 30   2.111085 -0.561179 1.784320 -0.000008 -0.000682 0.000024
 31   2.121290 -0.561289 -1.853599 0.000000 0.000000 -0.000002
 32   -0.810489 -0.093824 3.127092 0.564080 -3.064347 -0.563586
 33   14.298673 -0.408176 0.475484 -0.006392 -0.009799 -0.413535
 34   15.835795 0.581398 0.242756 -0.007436 -0.212263 -0.117847
 35   -0.815868 -0.091229 -3.114430 -0.120039 3.021422 -0.057357
 36   14.294526 -0.410349 -0.463635 0.001663 0.012787 -0.721549
 37   15.834409 0.579420 -0.284600 -0.182270 -0.002314 0.569929
 38   1.139685 -3.453749 -2.823813 0.000000 0.000000 0.000001
 39   -4.457742 -1.054854 -0.746180 0.000000 0.000000 0.000000
 40   1.118101 -3.449769 3.237290 0.000000 0.000001 0.000000
 41   -4.433840 -1.059130 0.959566 -0.000001 0.000000 0.000000
 42   -0.657468 1.697302 -2.688614 0.000000 0.000002 0.000000
 43   -0.664068 1.698578 2.869377 0.000000 0.000002 0.000000
time 53
  0   -0.010486 -0.546892 -0.601210 0.000000 0.000000 -1.571449
  1   -1.093036 0.000002 -0.326057 -0.214108 -1.569036 -1.356583
  2   2.262337 0.113614 0.064702 -0.094628 -0.118311 -0.030769
  3   2.380047 0.353302 0.047440 -0.141790 -0.033789 -0.037363
  4   2.033756 0.190472 -0.000128 -0.191241 -0.051402 -0.365105
  5   2.451511 0.204909 -0.003447 -0.388895 -0.084253 -0.338259
  6   7.247600 -0.397300 -0.109469 0.000001 0.000021 0.156829
  7   -2.022252 -0.104661 3.136172 0.748465 -1.357164 -4.066182
  8   1.168026 -0.537438 -0.063437 0.476863 0.907334 0.080278
  9   6.790376 -0.619176 0.015206 0.040065 0.080738 -1.143409
 10   8.637599 0.544015 -0.090417 -3.597717 0.336617 0.072224
 11   6.790465 -0.619039 0.017802 0.038869 0.041078 -0.815667
 12   -2.022474 -0.104699 -2.873818 -0.540397 1.509415 -3.801376
 13   1.167898 -0.537463 0.063297 0.362014 -1.172680 -0.974398
 14   7.002743 -0.617765 -0.183752 0.034161 -0.201449 -1.789956
 15   8.209042 0.615527 -0.255885 2.221962 0.404867 0.289133
 16   7.002735 -0.617911 -0.183641 -0.001237 -0.142061 -1.266941
 17   1.574674 0.609930 -0.000899 0.455799 -0.355113 0.236654
 18   -0.602177 0.511412 -0.000006 0.000000 0.000000 0.000000
 19   3.673773 0.177020 1.119313 -0.000002 -0.000014 -0.174510
 20   3.673767 0.176993 -1.117566 0.000007 -0.000003 -0.174546
 21   3.942357 1.330634 1.627658 0.000002 -0.000011 -0.000026
 22   -0.246060 -0.011889 0.516521 -0.000011 0.000031 0.000025
 23   3.942374 1.330659 -1.631083 0.000019 0.000002 -0.000024
 24   -0.246150 -0.011872 -0.516511 -0.000005 -0.000006 0.000048
 25   4.941364 1.997338 1.629330 0.000018 -0.000001 -0.000024
 26   4.941382 1.997366 -1.629410 -0.000001 0.000005 -0.000024
 27   2.918368 1.615358 1.514501 -0.000019 -0.000022 -0.000050
 28   2.920798 1.614964 -1.501142 -0.000002 -0.000009 -0.000024
 29   8.824059 0.150544 0.091743 0.000006 -0.000231 -0.174534
 30   2.111085 -0.561179 1.784320 -0.000008 -0.000682 0.000024
 31   2.121290 -0.561289 -1.853599 0.000000 0.000000 -0.000002
 32   -0.810489 -0.093824 3.127092 0.564080 -3.064347 -0.563586
 33   14.298673 -0.408176 0.475484 -0.006392 -0.009799 -0.413535
 34   15.835795 0.581398 0.242756 -0.007436 -0.212263 -0.117847
 35   -0.815868 -0.091229 -3.114430 -0.120039 3.021422 -0.057357
 36   14.294526 -0.410349 -0.463635 0.001663 0.012787 -0.721549
 37   15.834409 0.579420 -0.284600 -0.182270 -0.002314 0.569929
 38   1.139685 -3.453749 -2.823813 0.000000 0.000000 0.000001
 39   -4.457742 -1.054854 -0.746180 0.000000 0.000000 0.000000
 40   1.118101 -3.449769 3.237290 0.000000 0.000001 0.000000
 41   -4.433840 -1.059130 0.959566 -0.000001 0.000000 0.000000
 42   -0.657468 1.697302 -2.688614 0.000000 0.000002 0.000000
 43   -0.664068 1.698578 2.869377 0.000000 0.000002 0.000000
time 54
  0   -0.010486 -0.546892 -0.601210 0.000000 0.000000 -1.571449
  1   -1.093036 0.000002 -0.326057 -0.214108 -1.569036 -1.356583
  2   2.262337 0.113614 0.064702 -0.094819 -0.115950 -0.032486
  3   2.380047 0.353302 0.047440 -0.141985 -0.034112 -0.038791
  4   2.033756 0.190472 -0.000128 -0.191241 -0.051342 -0.365685
  5   2.451511 0.204909 -0.003447 -0.386978 -0.096812 -0.334271
  6   7.247600 -0.397300 -0.109469 0.000001 0.000021 0.156829
  7   -2.022252 -0.104661 3.136172 0.960024 -1.350908 -4.277770
  8   1.168026 -0.537438 -0.063437 0.394725 0.906076 0.017017
  9   6.790376 -0.619176 0.015206 0.037014 0.092084 -1.257214
 10   8.637599 0.544015 -0.090417 -3.649411 0.270591 0.038005
 11   6.790465 -0.619039 0.017802 0.039891 0.049037 -0.895143
 12   -2.022474 -0.104699 -2.873818 -0.577857 1.497109 -3.839193
 13   1.167898 -0.537463 0.063297 0.314636 -1.182596 -0.929905
 14   7.002743 -0.617765 -0.183752 0.033763 -0.201335 -1.783933
 15   8.209042 0.615527 -0.255885 2.214556 0.415535 0.277467
 16   7.002735 -0.617911 -0.183641 -0.001425 -0.141892 -1.262746
 17   1.574674 0.609930 -0.000899 0.440688 -0.343067 0.251918
 18   -0.602177 0.511412 -0.000006 0.000000 0.000000 0.000000
 19   3.673773 0.177020 1.119313 -0.000002 -0.000014 -0.174510
 20   3.673767 0.176993 -1.117566 0.000007 -0.000003 -0.174546
 21   3.942357 1.330634 1.627658 0.000002 -0.000011 -0.000026
 22   -0.246060 -0.011889 0.516521 -0.000011 0.000031 0.000025
 23   3.942374 1.330659 -1.631083 0.000019 0.000002 -0.000024
 24   -0.246150 -0.011872 -0.516511 -0.000005 -0.000006 0.000048
 25   4.941364 1.997338 1.629330 0.000018 -0.000001 -0.000024
 26   4.941382 1.997366 -1.629410 -0.000001 0.000005 -0.000024
 27   2.918368 1.615358 1.514501 -0.000019 -0.000022 -0.000050
 28   2.920798 1.614964 -1.501142 -0.000002 -0.000009 -0.000024
 29   8.824059 0.150544 0.091743 0.000006 -0.000231 -0.174534
 30   2.111085 -0.561179 1.784320 -0.000008 -0.000682 0.000024
 31   2.121290 -0.561289 -1.853599 0.000000 0.000000 -0.000002
 32   -0.810489 -0.093824 3.127092 0.564080 -3.064347 -0.563586
 33   14.298673 -0.408176 0.475484 -0.006392 -0.009799 -0.413535
 34   15.835795 0.581398 0.242756 -0.007436 -0.212263 -0.117847
 35   -0.815868 -0.091229 -3.114430 -0.120039 3.021422 -0.057357
 36   14.294526 -0.410349 -0.463635 0.001663 0.012787 -0.721549
 37   15.834409 0.579420 -0.284600 -0.182270 -0.002314 0.569929
 38   1.139685 -3.453749 -2.823813 0.000000 0.000000 0.000001
 39   -4.457742 -1.054854 -0.746180 0.000000 0.000000 0.000000
 40   1.118101 -3.449769 3.237290 0.000000 0.000001 0.000000
 41   -4.433840 -1.059130 0.959566 -0.000001 0.000000 0.000000
 42   -0.657468 1.697302 -2.688614 0.000000 0.000002 0.000000
 43   -0.664068 1.698578 2.869377 0.000000 0.000002 0.000000
time 55
  0   -0.010486 -0.546892 -0.601210 0.000000 0.000000 -1.571449
  1   -1.093036 0.000002 -0.326057 -0.214108 -1.569036 -1.356583
  2   2.262337 0.113614 0.064702 -0.097150 -0.112654 -0.035160
  3   2.380047 0.353302 0.047440 -0.142000 -0.034759 -0.045872
  4   2.033756 0.190472 -0.000128 -0.190651 -0.054925 -0.371847
  5   2.451511 0.204909 -0.003447 -0.385232 -0.106708 -0.334692
  6   7.247600 -0.397300 -0.109469 0.000001 0.000021 0.156829
  7   -2.022252 -0.104661 3.136172 1.125571 -1.342174 -4.443996
  8   1.168026 -0.537438 -0.063437 0.139705 0.894504 -0.185606
  9   6.790376 -0.619176 0.015206 0.033574 0.101561 -1.356227
 10   8.637599 0.544015 -0.090417 -3.656633 0.146000 -0.032314
 11   6.790465 -0.619039 0.017802 0.040212 0.056001 -0.964180
 12   -2.022474 -0.104699 -2.873818 -0.814980 1.490230 -4.080653
 13   1.167898 -0.537463 0.063297 0.259033 -1.224244 -0.873305
 14   7.002743 -0.617765 -0.183752 0.032396 -0.201165 -1.768092
 15   8.209042 0.615527 -0.255885 2.215203 0.423101 0.261470
 16   7.002735 -0.617911 -0.183641 -0.001896 -0.141497 -1.251763
 17   1.574674 0.609930 -0.000899 0.412051 -0.342925 0.285960
 18   -0.602177 0.511412 -0.000006 0.000000 0.000000 0.000000
 19   3.673773 0.177020 1.119313 -0.000002 -0.000014 -0.174510
 20   3.673767 0.176993 -1.117566 0.000007 -0.000003 -0.174546
 21   3.942357 1.330634 1.627658 0.000002 -0.000011 -0.000026
 22   -0.246060 -0.011889 0.516521 -0.000011 0.000031 0.000025
 23   3.942374 1.330659 -1.631083 0.000019 0.000002 -0.000024
 24   -0.246150 -0.011872 -0.516511 -0.000005 -0.000006 0.000048
 25   4.941364 1.997338 1.629330 0.000018 -0.000001 -0.000024
 26   4.941382 1.997366 -1.629410 -0.000001 0.000005 -0.000024
 27   2.918368 1.615358 1.514501 -0.000019 -0.000022 -0.000050
 28   2.920798 1.614964 -1.501142 -0.000002 -0.000009 -0.000024
 29   8.824059 0.150544 0.091743 0.000006 -0.000231 -0.174534
 30   2.111085 -0.561179 1.784320 -0.000008 -0.000682 0.000024
 31   2.121290 -0.561289 -1.853599 0.000000 0.000000 -0.000002
 32   -0.810489 -0.093824 3.127092 0.564080 -3.064347 -0.563586
 33   14.298673 -0.408176 0.475484 -0.006392 -0.009799 -0.413535
 34   15.835795 0.581398 0.242756 -0.007436 -0.212263 -0.117847
 35   -0.815868 -0.091229 -3.114430 -0.120039 3.021422 -0.057357
 36   14.294526 -0.410349 -0.463635 0.001663 0.012787 -0.721549
 37   15.834409 0.579420 -0.284600 -0.182270 -0.002314 0.569929
 38   1.139685 -3.453749 -2.823813 0.000000 0.000000 0.000001
 39   -4.457742 -1.054854 -0.746180 0.000000 0.000000 0.000000
 40   1.118101 -3.449769 3.237290 0.000000 0.000001 0.000000
 41   -4.433840 -1.059130 0.959566 -0.000001 0.000000 0.000000
 42   -0.657468 1.697302 -2.688614 0.000000 0.000002 0.000000
 43   -0.664068 1.698578 2.869377 0.000000 0.000002 0.000000
time 56
  0   -0.010486 -0.546892 -0.601210 0.000000 0.000000 -1.571449
  1   -1.093036 0.000002 -0.326057 -0.214108 -1.569036 -1.356583
  2   2.262337 0.113614 0.064702 -0.098934 -0.112403 -0.040762
  3   2.380047 0.353302 0.047440 -0.141790 -0.035982 -0.058013
  4   2.033756 0.190472 -0.000128 -0.189360 -0.063818 -0.380546
  5   2.451511 0.204909 -0.003447 -0.384325 -0.109907 -0.339522
  6   7.247600 -0.397300 -0.109469 0.000001 0.000021 0.156829
  7   -2.022252 -0.104661 3.136172 1.195355 -1.349121 -4.519878
  8   1.168026 -0.537438 -0.063437 0.053137 0.883485 -0.299791
  9   6.790376 -0.619176 0.015206 0.034628 0.100359 -1.329965
 10   8.637599 0.544015 -0.090417 -3.598246 0.160289 0.019485
 11   6.790465 -0.619039 0.017802 0.040358 0.055148 -0.945781
 12   -2.022474 -0.104699 -2.873818 -1.111886 1.476502 -4.378695
 13   1.167898 -0.537463 0.063297 0.247927 -1.269148 -0.831173
 14   7.002743 -0.617765 -0.183752 0.031656 -0.200995 -1.758604
 15   8.209042 0.615527 -0.255885 2.195574 0.412887 0.225929
 16   7.002735 -0.617911 -0.183641 -0.002179 -0.141215 -1.245250
 17   1.574674 0.609930 -0.000899 0.369562 -0.343351 0.327097
 18   -0.602177 0.511412 -0.000006 0.000000 0.000000 0.000000
 19   3.673773 0.177020 1.119313 -0.000002 -0.000014 -0.174510
 20   3.673767 0.176993 -1.117566 0.000007 -0.000003 -0.174546
 21   3.942357 1.330634 1.627658 0.000002 -0.000011 -0.000026
 22   -0.246060 -0.011889 0.516521 -0.000011 0.000031 0.000025
 23   3.942374 1.330659 -1.631083 0.000019 0.000002 -0.000024
 24   -0.246150 -0.011872 -0.516511 -0.000005 -0.000006 0.000048
 25   4.941364 1.997338 1.629330 0.000018 -0.000001 -0.000024
 26   4.941382 1.997366 -1.629410 -0.000001 0.000005 -0.000024
 27   2.918368 1.615358 1.514501 -0.000019 -0.000022 -0.000050
 28   2.920798 1.614964 -1.501142 -0.000002 -0.000009 -0.000024
 29   8.824059 0.150544 0.091743 0.000006 -0.000231 -0.174534
 30   2.111085 -0.561179 1.784320 -0.000008 -0.000682 0.000024
 31   2.121290 -0.561289 -1.853599 0.000000 0.000000 -0.000002
 32   -0.810489 -0.093824 3.127092 0.564080 -3.064347 -0.563586
 33   14.298673 -0.408176 0.475484 -0.006392 -0.009799 -0.413535
 34   15.835795 0.581398 0.242756 -0.007436 -0.212263 -0.117847
 35   -0.815868 -0.091229 -3.114430 -0.120039 3.021422 -0.057357
 36   14.294526 -0.410349 -0.463635 0.001663 0.012787 -0.721549
 37   15.834409 0.579420 -0.284600 -0.182270 -0.002314 0.569929
 38   1.139685 -3.453749 -2.823813 0.000000 0.000000 0.000001
 39   -4.457742 -1.054854 -0.746180 0.000000 0.000000 0.000000
 40   1.118101 -3.449769 3.237290 0.000000 0.000001 0.000000
 41   -4.433840 -1.059130 0.959566 -0.000001 0.000000 0.000000
 42   -0.657468 1.697302 -2.688614 0.000000 0.000002 0.000000
 43   -0.664068 1.698578 2.869377 0.000000 0.000002 0.000000
time 57
  0   -0.010486 -0.546892 -0.601210 0.000000 0.000000 -1.571449
  1   -1.093036 0.000002 -0.326057 -0.214108 -1.569036 -1.356583
  2   2.262337 0.113614 0.064702 -0.098360 -0.112738 -0.050250
  3   2.380047 0.353302 0.047440 -0.141189 -0.037648 -0.071746
  4   2.033756 0.190472 -0.000128 -0.187737 -0.074436 -0.388593
  5   2.451511 0.204909 -0.003447 -0.384222 -0.107452 -0.345986
  6   7.247600 -0.397300 -0.109469 0.000001 0.000021 0.156829
  7   -2.022252 -0.104661 3.136172 1.136499 -1.365610 -4.464751
  8   1.168026 -0.537438 -0.063437 0.105470 0.871913 -0.310672
  9   6.790376 -0.619176 0.015206 0.033907 0.100493 -1.343775
 10   8.637599 0.544015 -0.090417 -3.624049 0.170566 0.021076
 11   6.790465 -0.619039 0.017802 0.040212 0.055205 -0.955471
 12   -2.022474 -0.104699 -2.873818 -1.300243 1.463093 -4.561751
 13   1.167898 -0.537463 0.063297 0.243920 -1.267978 -0.790978
 14   7.002743 -0.617765 -0.183752 0.032225 -0.200995 -1.766607
 15   8.209042 0.615527 -0.255885 2.208516 0.392686 0.254795
 16   7.002735 -0.617911 -0.183641 -0.001896 -0.141328 -1.250714
 17   1.574674 0.609930 -0.000899 0.318827 -0.333009 0.360473
 18   -0.602177 0.511412 -0.000006 0.000000 0.000000 0.000000
 19   3.673773 0.177020 1.119313 -0.000002 -0.000014 -0.174510
 20   3.673767 0.176993 -1.117566 0.000007 -0.000003 -0.174546
 21   3.942357 1.330634 1.627658 0.000002 -0.000011 -0.000026
 22   -0.246060 -0.011889 0.516521 -0.000011 0.000031 0.000025
 23   3.942374 1.330659 -1.631083 0.000019 0.000002 -0.000024
 24   -0.246150 -0.011872 -0.516511 -0.000005 -0.000006 0.000048
 25   4.941364 1.997338 1.629330 0.000018 -0.000001 -0.000024
 26   4.941382 1.997366 -1.629410 -0.000001 0.000005 -0.000024
 27   2.918368 1.615358 1.514501 -0.000019 -0.000022 -0.000050
 28   2.920798 1.614964 -1.501142 -0.000002 -0.000009 -0.000024
 29   8.824059 0.150544 0.091743 0.000006 -0.000231 -0.174534
 30   2.111085 -0.561179 1.784320 -0.000008 -0.000682 0.000024
 31   2.121290 -0.561289 -1.853599 0.000000 0.000000 -0.000002
 32   -0.810489 -0.093824 3.127092 0.564080 -3.064347 -0.563586
 33   14.298673 -0.408176 0.475484 -0.006392 -0.009799 -0.413535
 34   15.835795 0.581398 0.242756 -0.007436 -0.212263 -0.117847
 35   -0.815868 -0.091229 -3.114430 -0.120039 3.021422 -0.057357
 36   14.294526 -0.410349 -0.463635 0.001663 0.012787 -0.721549
 37   15.834409 0.579420 -0.284600 -0.182270 -0.002314 0.569929
 38   1.139685 -3.453749 -2.823813 0.000000 0.000000 0.000001
 39   -4.457742 -1.054854 -0.746180 0.000000 0.000000 0.000000
 40   1.118101 -3.449769 3.237290 0.000000 0.000001 0.000000
 41   -4.433840 -1.059130 0.959566 -0.000001 0.000000 0.000000
 42   -0.657468 1.697302 -2.688614 0.000000 0.000002 0.000000
 43   -0.664068 1.698578 2.869377 0.000000 0.000002 0.000000
time 58
  0   -0.010486 -0.546892 -0.601210 0.000000 0.000000 -1.571449
  1   -1.093036 0.000002 -0.326057 -0.214108 -1.569036 -1.356583
  2   2.262337 0.113614 0.064702 -0.093456 -0.118227 -0.057351
  3   2.380047 0.353302 0.047440 -0.139284 -0.043233 -0.083602
  4   2.033756 0.190472 -0.000128 -0.185100 -0.085750 -0.397111
  5   2.451511 0.204909 -0.003447 -0.384941 -0.099710 -0.354852
  6   7.247600 -0.397300 -0.109469 0.000001 0.000021 0.156829
  7   -2.022252 -0.104661 3.136172 1.038436 -1.381493 -4.366048
  8   1.168026 -0.537438 -0.063437 0.078829 0.864416 -0.361470
  9   6.790376 -0.619176 0.015206 0.034351 0.098758 -1.331097
 10   8.637599 0.544015 -0.090417 -3.605731 0.166765 0.039958
 11   6.790465 -0.619039 0.017802 0.040066 0.053926 -0.946647
 12   -2.022474 -0.104699 -2.873818 -1.431115 1.464486 -4.695119
 13   1.167898 -0.537463 0.063297 0.198651 -1.256028 -0.727840
 14   7.002743 -0.617765 -0.183752 0.032795 -0.200938 -1.772052
 15   8.209042 0.615527 -0.255885 2.270712 0.384439 0.288111
 16   7.002735 -0.617911 -0.183641 -0.001755 -0.141328 -1.254412
 17   1.574674 0.609930 -0.000899 0.265128 -0.298550 0.377549
 18   -0.602177 0.511412 -0.000006 0.000000 0.000000 0.000000
 19   3.673773 0.177020 1.119313 -0.000002 -0.000014 -0.174510
 20   3.673767 0.176993 -1.117566 0.000007 -0.000003 -0.174546
 21   3.942357 1.330634 1.627658 0.000002 -0.000011 -0.000026
 22   -0.246060 -0.011889 0.516521 -0.000011 0.000031 0.000025
 23   3.942374 1.330659 -1.631083 0.000019 0.000002 -0.000024
 24   -0.246150 -0.011872 -0.516511 -0.000005 -0.000006 0.000048
 25   4.941364 1.997338 1.629330 0.000018 -0.000001 -0.000024
 26   4.941382 1.997366 -1.629410 -0.000001 0.000005 -0.000024
 27   2.918368 1.615358 1.514501 -0.000019 -0.000022 -0.000050
 28   2.920798 1.614964 -1.501142 -0.000002 -0.000009 -0.000024
 29   8.824059 0.150544 0.091743 0.000006 -0.000231 -0.174534
 30   2.111085 -0.561179 1.784320 -0.000008 -0.000682 0.000024
 31   2.121290 -0.561289 -1.853599 0.000000 0.000000 -0.000002
 32   -0.810489 -0.093824 3.127092 0.564080 -3.064347 -0.563586
 33   14.298673 -0.408176 0.475484 -0.006392 -0.009799 -0.413535
 34   15.835795 0.581398 0.242756 -0.007436 -0.212263 -0.117847
 35   -0.815868 -0.091229 -3.114430 -0.120039 3.021422 -0.057357
 36   14.294526 -0.410349 -0.463635 0.001663 0.012787 -0.721549
 37   15.834409 0.579420 -0.284600 -0.182270 -0.002314 0.569929
 38   1.139685 -3.453749 -2.823813 0.000000 0.000000 0.000001
 39   -4.457742 -1.054854 -0.746180 0.000000 0.000000 0.000000
 40   1.118101 -3.449769 3.237290 0.000000 0.000001 0.000000
 41   -4.433840 -1.059130 0.959566 -0.000001 0.000000 0.000000
 42   -0.657468 1.697302 -2.688614 0.000000 0.000002 0.000000
 43   -0.664068 1.698578 2.869377 0.000000 0.000002 0.000000
time 59
  0   -0.010486 -0.546892 -0.601210 0.000000 0.000000 -1.571449
  1   -1.093036 0.000002 -0.326057 -0.214108 -1.569036 -1.356583
  2   2.262337 0.113614 0.064702 -0.080260 -0.123536 -0.059755
  3   2.380047 0.353302 0.047440 -0.133704 -0.052557 -0.091070
  4   2.033756 0.190472 -0.000128 -0.181651 -0.095793 -0.405484
  5   2.451511 0.204909 -0.003447 -0.385968 -0.090141 -0.364139
  6   7.247600 -0.397300 -0.109469 0.000001 0.000021 0.156829
  7   -2.022252 -0.104661 3.136172 0.963762 -1.376765 -4.291856
  8   1.168026 -0.537438 -0.063437 0.050416 0.824416 -0.432195
  9   6.790376 -0.619176 0.015206 0.035904 0.095354 -1.290344
 10   8.637599 0.544015 -0.090417 -3.586885 0.159374 0.027298
 11   6.790465 -0.619039 0.017802 0.040066 0.051339 -0.918271
 12   -2.022474 -0.104699 -2.873818 -1.429965 1.476125 -4.689566
 13   1.167898 -0.537463 0.063297 0.186209 -1.246823 -0.686858
 14   7.002743 -0.617765 -0.183752 0.032795 -0.200767 -1.772217
 15   8.209042 0.615527 -0.255885 2.316514 0.375359 0.307716
 16   7.002735 -0.617911 -0.183641 -0.001755 -0.141328 -1.254633
 17   1.574674 0.609930 -0.000899 0.210940 -0.245323 0.379767
 18   -0.602177 0.511412 -0.000006 0.000000 0.000000 0.000000
 19   3.673773 0.177020 1.119313 -0.000002 -0.000014 -0.174510
 20   3.673767 0.176993 -1.117566 0.000007 -0.000003 -0.174546
 21   3.942357 1.330634 1.627658 0.000002 -0.000011 -0.000026
 22   -0.246060 -0.011889 0.516521 -0.000011 0.000031 0.000025
 23   3.942374 1.330659 -1.631083 0.000019 0.000002 -0.000024
 24   -0.246150 -0.011872 -0.516511 -0.000005 -0.000006 0.000048
 25   4.941364 1.997338 1.629330 0.000018 -0.000001 -0.000024
 26   4.941382 1.997366 -1.629410 -0.000001 0.000005 -0.000024
 27   2.918368 1.615358 1.514501 -0.000019 -0.000022 -0.000050
 28   2.920798 1.614964 -1.501142 -0.000002 -0.000009 -0.000024
 29   8.824059 0.150544 0.091743 0.000006 -0.000231 -0.174534
 30   2.111085 -0.561179 1.784320 -0.000008 -0.000682 0.000024
 31   2.121290 -0.561289 -1.853599 0.000000 0.000000 -0.000002
 32   -0.810489 -0.093824 3.127092 0.564080 -3.064347 -0.563586
 33   14.298673 -0.408176 0.475484 -0.006392 -0.009799 -0.413535
 34   15.835795 0.581398 0.242756 -0.007436 -0.212263 -0.117847
 35   -0.815868 -0.091229 -3.114430 -0.120039 3.021422 -0.057357
 36   14.294526 -0.410349 -0.463635 0.001663 0.012787 -0.721549
 37   15.834409 0.579420 -0.284600 -0.182270 -0.002314 0.569929
 38   1.139685 -3.453749 -2.823813 0.000000 0.000000 0.000001
 39   -4.457742 -1.054854 -0.746180 0.000000 0.000000 0.000000
 40   1.118101 -3.449769 3.237290 0.000000 0.000001 0.000000
 41   -4.433840 -1.059130 0.959566 -0.000001 0.000000 0.000000
 42   -0.657468 1.697302 -2.688614 0.000000 0.000002 0.000000
 43   -0.664068 1.698578 2.869377 0.000000 0.000002 0.000000
time 60
  0   -0.010486 -0.546892 -0.601210 0.000000 0.000000 -1.571449
  1   -1.093036 0.000002 -0.326057 -0.214108 -1.569036 -1.356583
  2   2.262337 0.113614 0.064702 -0.075637 -0.128186 -0.060586
  3   2.380047 0.353302 0.047440 -0.129219 -0.052509 -0.095172
  4   2.033756 0.190472 -0.000128 -0.179899 -0.099820 -0.410486
  5   2.451511 0.204909 -0.003447 -0.385506 -0.091512 -0.367408
  6   7.247600 -0.397300 -0.109469 0.000001 0.000021 0.156829
  7   -2.022252 -0.104661 3.136172 0.835409 -1.373422 -4.153428
  8   1.168026 -0.537438 -0.063437 0.021686 0.758454 -0.504122
  9   6.790376 -0.619176 0.015206 0.038068 0.090081 -1.235253
 10   8.637599 0.544015 -0.090417 -3.508067 0.146563 0.027587
 11   6.790465 -0.619039 0.017802 0.039920 0.047587 -0.879744
 12   -2.022474 -0.104699 -2.873818 -1.214878 1.477576 -4.458734
 13   1.167898 -0.537463 0.063297 0.225292 -1.240467 -0.703929
 14   7.002743 -0.617765 -0.183752 0.032396 -0.200711 -1.768752
 15   8.209042 0.615527 -0.255885 2.336431 0.415308 0.311745
 16   7.002735 -0.617911 -0.183641 -0.001802 -0.141215 -1.252149
 17   1.574674 0.609930 -0.000899 0.183359 -0.206201 0.369528
 18   -0.602177 0.511412 -0.000006 0.000000 0.000000 0.000000
 19   3.673773 0.177020 1.119313 -0.000002 -0.000014 -0.174510
 20   3.673767 0.176993 -1.117566 0.000007 -0.000003 -0.174546
 21   3.942357 1.330634 1.627658 0.000002 -0.000011 -0.000026
 22   -0.246060 -0.011889 0.516521 -0.000011 0.000031 0.000025
 23   3.942374 1.330659 -1.631083 0.000019 0.000002 -0.000024
 24   -0.246150 -0.011872 -0.516511 -0.000005 -0.000006 0.000048
 25   4.941364 1.997338 1.629330 0.000018 -0.000001 -0.000024
 26   4.941382 1.997366 -1.629410 -0.000001 0.000005 -0.000024
 27   2.918368 1.615358 1.514501 -0.000019 -0.000022 -0.000050
 28   2.920798 1.614964 -1.501142 -0.000002 -0.000009 -0.000024
 29   8.824059 0.150544 0.091743 0.000006 -0.000231 -0.174534
 30   2.111085 -0.561179 1.784320 -0.000008 -0.000682 0.000024
 31   2.121290 -0.561289 -1.853599 0.000000 0.000000 -0.000002
 32   -0.810489 -0.093824 3.127092 0.564080 -3.064347 -0.563586
 33   14.298673 -0.408176 0.475484 -0.006392 -0.009799 -0.413535
 34   15.835795 0.581398 0.242756 -0.007436 -0.212263 -0.117847
 35   -0.815868 -0.091229 -3.114430 -0.120039 3.021422 -0.057357
 36   14.294526 -0.410349 -0.463635 0.001663 0.012787 -0.721549
 37   15.834409 0.579420 -0.284600 -0.182270 -0.002314 0.569929
 38   1.139685 -3.453749 -2.823813 0.000000 0.000000 0.000001
 39   -4.457742 -1.054854 -0.746180 0.000000 0.000000 0.000000
 40   1.118101 -3.449769 3.237290 0.000000 0.000001 0.000000
 41   -4.433840 -1.059130 0.959566 -0.000001 0.000000 0.000000
 42   -0.657468 1.697302 -2.688614 0.000000 0.000002 0.000000
 43   -0.664068 1.698578 2.869377 0.000000 0.000002 0.000000
time 61
  0   -0.010486 -0.546892 -0.601210 0.000000 0.000000 -1.571449
  1   -1.093036 0.000002 -0.326057 -0.214108 -1.569036 -1.356583
  2   2.262337 0.113614 0.064702 -0.072198 -0.125430 -0.061020
  3   2.380047 0.353302 0.047440 -0.126308 -0.051885 -0.097355
  4   2.033756 0.190472 -0.000128 -0.179770 -0.099987 -0.411066
  5   2.451511 0.204909 -0.003447 -0.383623 -0.101891 -0.365179
  6   7.247600 -0.397300 -0.109469 0.000001 0.000021 0.156829
  7   -2.022252 -0.104661 3.136172 0.785946 -1.374719 -4.093323
  8   1.168026 -0.537438 -0.063437 -0.011030 0.703762 -0.537903
  9   6.790376 -0.619176 0.015206 0.039011 0.085209 -1.187784
 10   8.637599 0.544015 -0.090417 -3.366195 0.154306 0.072224
 11   6.790465 -0.619039 0.017802 0.039336 0.044176 -0.846696
 12   -2.022474 -0.104699 -2.873818 -0.951313 1.456301 -4.184149
 13   1.167898 -0.537463 0.063297 0.247505 -1.244331 -0.708469
 14   7.002743 -0.617765 -0.183752 0.031884 -0.200483 -1.761574
 15   8.209042 0.615527 -0.255885 2.308964 0.437703 0.283300
 16   7.002735 -0.617911 -0.183641 -0.002037 -0.140877 -1.247292
 17   1.574674 0.609930 -0.000899 0.192661 -0.171719 0.350272
 18   -0.602177 0.511412 -0.000006 0.000000 0.000000 0.000000
 19   3.673773 0.177020 1.119313 -0.000002 -0.000014 -0.174510
 20   3.673767 0.176993 -1.117566 0.000007 -0.000003 -0.174546
 21   3.942357 1.330634 1.627658 0.000002 -0.000011 -0.000026
 22   -0.246060 -0.011889 0.516521 -0.000011 0.000031 0.000025
 23   3.942374 1.330659 -1.631083 0.000019 0.000002 -0.000024
 24   -0.246150 -0.011872 -0.516511 -0.000005 -0.000006 0.000048
 25   4.941364 1.997338 1.629330 0.000018 -0.000001 -0.000024
 26   4.941382 1.997366 -1.629410 -0.000001 0.000005 -0.000024
 27   2.918368 1.615358 1.514501 -0.000019 -0.000022 -0.000050
 28   2.920798 1.614964 -1.501142 -0.000002 -0.000009 -0.000024
 29   8.824059 0.150544 0.091743 0.000006 -0.000231 -0.174534
 30   2.111085 -0.561179 1.784320 -0.000008 -0.000682 0.000024
 31   2.121290 -0.561289 -1.853599 0.000000 0.000000 -0.000002
 32   -0.810489 -0.093824 3.127092 0.564080 -3.064347 -0.563586
 33   14.298673 -0.408176 0.475484 -0.006392 -0.009799 -0.413535
 34   15.835795 0.581398 0.242756 -0.007436 -0.212263 -0.117847
 35   -0.815868 -0.091229 -3.114430 -0.120039 3.021422 -0.057357
 36   14.294526 -0.410349 -0.463635 0.001663 0.012787 -0.721549
 37   15.834409 0.579420 -0.284600 -0.182270 -0.002314 0.569929
 38   1.139685 -3.453749 -2.823813 0.000000 0.000000 0.000001
 39   -4.457742 -1.054854 -0.746180 0.000000 0.000000 0.000000
 40   1.118101 -3.449769 3.237290 0.000000 0.000001 0.000000
 41   -4.433840 -1.059130 0.959566 -0.000001 0.000000 0.000000
 42   -0.657468 1.697302 -2.688614 0.000000 0.000002 0.000000
 43   -0.664068 1.698578 2.869377 0.000000 0.000002 0.000000
time 62
  0   -0.010486 -0.546892 -0.601210 0.000000 0.000000 -1.571449
  1   -1.093036 0.000002 -0.326057 -0.214108 -1.569036 -1.356583
  2   2.262337 0.113614 0.064702 -0.071905 -0.122494 -0.060785
  3   2.380047 0.353302 0.047440 -0.126924 -0.049237 -0.096906
  4   2.033756 0.190472 -0.000128 -0.179696 -0.100011 -0.411066
  5   2.451511 0.204909 -0.003447 -0.382836 -0.106486 -0.363396
  6   7.247600 -0.397300 -0.109469 0.000001 0.000021 0.156829
  7   -2.022252 -0.104661 3.136172 0.817100 -1.376794 -4.124691
  8   1.168026 -0.537438 -0.063437 -0.084245 0.702907 -0.550049
  9   6.790376 -0.619176 0.015206 0.040176 0.080271 -1.137296
 10   8.637599 0.544015 -0.090417 -3.358974 0.141847 0.087344
 11   6.790465 -0.619039 0.017802 0.038869 0.040680 -0.811284
 12   -2.022474 -0.104699 -2.873818 -0.800992 1.439903 -4.028378
 13   1.167898 -0.537463 0.063297 0.234290 -1.248349 -0.689703
 14   7.002743 -0.617765 -0.183752 0.032168 -0.200427 -1.766607
 15   8.209042 0.615527 -0.255885 2.277471 0.427943 0.272355
 16   7.002735 -0.617911 -0.183641 -0.001849 -0.140877 -1.250714
 17   1.574674 0.609930 -0.000899 0.215368 -0.143887 0.326949
 18   -0.602177 0.511412 -0.000006 0.000000 0.000000 0.000000
 19   3.673773 0.177020 1.119313 -0.000002 -0.000014 -0.174510
 20   3.673767 0.176993 -1.117566 0.000007 -0.000003 -0.174546
 21   3.942357 1.330634 1.627658 0.000002 -0.000011 -0.000026
 22   -0.246060 -0.011889 0.516521 -0.000011 0.000031 0.000025
 23   3.942374 1.330659 -1.631083 0.000019 0.000002 -0.000024
 24   -0.246150 -0.011872 -0.516511 -0.000005 -0.000006 0.000048
 25   4.941364 1.997338 1.629330 0.000018 -0.000001 -0.000024
 26   4.941382 1.997366 -1.629410 -0.000001 0.000005 -0.000024
 27   2.918368 1.615358 1.514501 -0.000019 -0.000022 -0.000050
 28   2.920798 1.614964 -1.501142 -0.000002 -0.000009 -0.000024
 29   8.824059 0.150544 0.091743 0.000006 -0.000231 -0.174534
 30   2.111085 -0.561179 1.784320 -0.000008 -0.000682 0.000024
 31   2.121290 -0.561289 -1.853599 0.000000 0.000000 -0.000002
 32   -0.810489 -0.093824 3.127092 0.564080 -3.064347 -0.563586
 33   14.298673 -0.408176 0.475484 -0.006392 -0.009799 -0.413535
 34   15.835795 0.581398 0.242756 -0.007436 -0.212263 -0.117847
 35   -0.815868 -0.091229 -3.114430 -0.120039 3.021422 -0.057357
 36   14.294526 -0.410349 -0.463635 0.001663 0.012787 -0.721549
 37   15.834409 0.579420 -0.284600 -0.182270 -0.002314 0.569929
 38   1.139685 -3.453749 -2.823813 0.000000 0.000000 0.000001
 39   -4.457742 -1.054854 -0.746180 0.000000 0.000000 0.000000
 40   1.118101 -3.449769 3.237290 0.000000 0.000001 0.000000
 41   -4.433840 -1.059130 0.959566 -0.000001 0.000000 0.000000
 42   -0.657468 1.697302 -2.688614 0.000000 0.000002 0.000000
 43   -0.664068 1.698578 2.869377 0.000000 0.000002 0.000000
time 63
  0   -0.010486 -0.546892 -0.601210 0.000000 0.000000 -1.571449
  1   -1.093036 0.000002 -0.326057 -0.214108 -1.569036 -1.356583
  2   2.262337 0.113614 0.064702 -0.074809 -0.120097 -0.058002
  3   2.380047 0.353302 0.047440 -0.128124 -0.046564 -0.094335
  4   2.033756 0.190472 -0.000128 -0.180065 -0.097686 -0.409290
  5   2.451511 0.204909 -0.003447 -0.383041 -0.104724 -0.362455
  6   7.247600 -0.397300 -0.109469 0.000001 0.000021 0.156829
  7   -2.022252 -0.104661 3.136172 0.865796 -1.379965 -4.180851
  8   1.168026 -0.537438 -0.063437 -0.222323 0.727712 -0.586930
  9   6.790376 -0.619176 0.015206 0.040953 0.074598 -1.081752
 10   8.637599 0.544015 -0.090417 -3.404239 0.183307 0.124818
 11   6.790465 -0.619039 0.017802 0.038110 0.036814 -0.772584
 12   -2.022474 -0.104699 -2.873818 -0.752897 1.446724 -3.974954
 13   1.167898 -0.537463 0.063297 0.236328 -1.249671 -0.705079
 14   7.002743 -0.617765 -0.183752 0.032168 -0.200256 -1.766442
 15   8.209042 0.615527 -0.255885 2.262228 0.424236 0.259245
 16   7.002735 -0.617911 -0.183641 -0.001849 -0.140764 -1.250714
 17   1.574674 0.609930 -0.000899 0.240471 -0.132029 0.312830
 18   -0.602177 0.511412 -0.000006 0.000000 0.000000 0.000000
 19   3.673773 0.177020 1.119313 -0.000002 -0.000014 -0.174510
 20   3.673767 0.176993 -1.117566 0.000007 -0.000003 -0.174546
 21   3.942357 1.330634 1.627658 0.000002 -0.000011 -0.000026
 22   -0.246060 -0.011889 0.516521 -0.000011 0.000031 0.000025
 23   3.942374 1.330659 -1.631083 0.000019 0.000002 -0.000024
 24   -0.246150 -0.011872 -0.516511 -0.000005 -0.000006 0.000048
 25   4.941364 1.997338 1.629330 0.000018 -0.000001 -0.000024
 26   4.941382 1.997366 -1.629410 -0.000001 0.000005 -0.000024
 27   2.918368 1.615358 1.514501 -0.000019 -0.000022 -0.000050
 28   2.920798 1.614964 -1.501142 -0.000002 -0.000009 -0.000024
 29   8.824059 0.150544 0.091743 0.000006 -0.000231 -0.174534
 30   2.111085 -0.561179 1.784320 -0.000008 -0.000682 0.000024
 31   2.121290 -0.561289 -1.853599 0.000000 0.000000 -0.000002
 32   -0.810489 -0.093824 3.127092 0.564080 -3.064347 -0.563586
 33   14.298673 -0.408176 0.475484 -0.006392 -0.009799 -0.413535
 34   15.835795 0.581398 0.242756 -0.007436 -0.212263 -0.117847
 35   -0.815868 -0.091229 -3.114430 -0.120039 3.021422 -0.057357
 36   14.294526 -0.410349 -0.463635 0.001663 0.012787 -0.721549
 37   15.834409 0.579420 -0.284600 -0.182270 -0.002314 0.569929
 38   1.139685 -3.453749 -2.823813 0.000000 0.000000 0.000001
 39   -4.457742 -1.054854 -0.746180 0.000000 0.000000 0.000000
 40   1.118101 -3.449769 3.237290 0.000000 0.000001 0.000000
 41   -4.433840 -1.059130 0.959566 -0.000001 0.000000 0.000000
 42   -0.657468 1.697302 -2.688614 0.000000 0.000002 0.000000
 43   -0.664068 1.698578 2.869377 0.000000 0.000002 0.000000
time 64
  0   -0.010486 -0.546892 -0.601210 0.000000 0.000000 -1.571449
  1   -1.093036 0.000002 -0.326057 -0.214108 -1.569036 -1.356583
  2   2.262337 0.113614 0.064702 -0.078808 -0.116993 -0.054876
  3   2.380047 0.353302 0.047440 -0.129444 -0.043808 -0.090458
  4   2.033756 0.190472 -0.000128 -0.180655 -0.094403 -0.406499
  5   2.451511 0.204909 -0.003447 -0.383623 -0.101564 -0.361390
  6   7.247600 -0.397300 -0.109469 0.000001 0.000021 0.156829
  7   -2.022252 -0.104661 3.136172 0.897141 -1.379792 -4.224614
  8   1.168026 -0.537438 -0.063437 -0.373627 0.726404 -0.661071
  9   6.790376 -0.619176 0.015206 0.041785 0.066856 -1.005002
 10   8.637599 0.544015 -0.090417 -3.451618 0.231313 0.160122
 11   6.790465 -0.619039 0.017802 0.036854 0.031612 -0.718831
 12   -2.022474 -0.104699 -2.873818 -0.800609 1.454560 -4.023208
 13   1.167898 -0.537463 0.063297 0.212147 -1.247128 -0.696241
 14   7.002743 -0.617765 -0.183752 0.032112 -0.200086 -1.765864
 15   8.209042 0.615527 -0.255885 2.261652 0.430213 0.252690
 16   7.002735 -0.617911 -0.183641 -0.001849 -0.140595 -1.250162
 17   1.574674 0.609930 -0.000899 0.257410 -0.132858 0.319372
 18   -0.602177 0.511412 -0.000006 0.000000 0.000000 0.000000
 19   3.673773 0.177020 1.119313 -0.000002 -0.000014 -0.174510
 20   3.673767 0.176993 -1.117566 0.000007 -0.000003 -0.174546
 21   3.942357 1.330634 1.627658 0.000002 -0.000011 -0.000026
 22   -0.246060 -0.011889 0.516521 -0.000011 0.000031 0.000025
 23   3.942374 1.330659 -1.631083 0.000019 0.000002 -0.000024
 24   -0.246150 -0.011872 -0.516511 -0.000005 -0.000006 0.000048
 25   4.941364 1.997338 1.629330 0.000018 -0.000001 -0.000024
 26   4.941382 1.997366 -1.629410 -0.000001 0.000005 -0.000024
 27   2.918368 1.615358 1.514501 -0.000019 -0.000022 -0.000050
 28   2.920798 1.614964 -1.501142 -0.000002 -0.000009 -0.000024
 29   8.824059 0.150544 0.091743 0.000006 -0.000231 -0.174534
 30   2.111085 -0.561179 1.784320 -0.000008 -0.000682 0.000024
 31   2.121290 -0.561289 -1.853599 0.000000 0.000000 -0.000002
 32   -0.810489 -0.093824 3.127092 0.564080 -3.064347 -0.563586
 33   14.298673 -0.408176 0.475484 -0.006392 -0.009799 -0.413535
 34   15.835795 0.581398 0.242756 -0.007436 -0.212263 -0.117847
 35   -0.815868 -0.091229 -3.114430 -0.120039 3.021422 -0.057357
 36   14.294526 -0.410349 -0.463635 0.001663 0.012787 -0.721549
 37   15.834409 0.579420 -0.284600 -0.182270 -0.002314 0.569929
 38   1.139685 -3.453749 -2.823813 0.000000 0.000000 0.000001
 39   -4.457742 -1.054854 -0.746180 0.000000 0.000000 0.000000
 40   1.118101 -3.449769 3.237290 0.000000 0.000001 0.000000
 41   -4.433840 -1.059130 0.959566 -0.000001 0.000000 0.000000
 42   -0.657468 1.697302 -2.688614 0.000000 0.000002 0.000000
 43   -0.664068 1.698578 2.869377 0.000000 0.000002 0.000000
time 65
  0   -0.010486 -0.546892 -0.601210 0.000000 0.000000 -1.571449
  1   -1.093036 0.000002 -0.326057 -0.214108 -1.569036 -1.356583
  2   2.262337 0.113614 0.064702 -0.082056 -0.113529 -0.051388
  3   2.380047 0.353302 0.047440 -0.130329 -0.040752 -0.086336
  4   2.033756 0.190472 -0.000128 -0.181190 -0.091311 -0.403563
  5   2.451511 0.204909 -0.003447 -0.383726 -0.101316 -0.359086
  6   7.247600 -0.397300 -0.109469 0.000001 0.000021 0.156829
  7   -2.022252 -0.104661 3.136172 0.923310 -1.382877 -4.260396
  8   1.168026 -0.537438 -0.063437 -0.505250 0.701750 -0.761149
  9   6.790376 -0.619176 0.015206 0.042007 0.058446 -0.922365
 10   8.637599 0.544015 -0.090417 -3.502607 0.270380 0.130099
 11   6.790465 -0.619039 0.017802 0.035190 0.026041 -0.660983
 12   -2.022474 -0.104699 -2.873818 -0.906571 1.453022 -4.131491
 13   1.167898 -0.537463 0.063297 0.157458 -1.241636 -0.650840
 14   7.002743 -0.617765 -0.183752 0.031998 -0.199859 -1.764049
 15   8.209042 0.615527 -0.255885 2.272941 0.432861 0.266582
 16   7.002735 -0.617911 -0.183641 -0.001896 -0.140482 -1.248948
 17   1.574674 0.609930 -0.000899 0.267402 -0.129379 0.344432
 18   -0.602177 0.511412 -0.000006 0.000000 0.000000 0.000000
 19   3.673773 0.177020 1.119313 -0.000002 -0.000014 -0.174510
 20   3.673767 0.176993 -1.117566 0.000007 -0.000003 -0.174546
 21   3.942357 1.330634 1.627658 0.000002 -0.000011 -0.000026
 22   -0.246060 -0.011889 0.516521 -0.000011 0.000031 0.000025
 23   3.942374 1.330659 -1.631083 0.000019 0.000002 -0.000024
 24   -0.246150 -0.011872 -0.516511 -0.000005 -0.000006 0.000048
 25   4.941364 1.997338 1.629330 0.000018 -0.000001 -0.000024
 26   4.941382 1.997366 -1.629410 -0.000001 0.000005 -0.000024
 27   2.918368 1.615358 1.514501 -0.000019 -0.000022 -0.000050
 28   2.920798 1.614964 -1.501142 -0.000002 -0.000009 -0.000024
 29   8.824059 0.150544 0.091743 0.000006 -0.000231 -0.174534
 30   2.111085 -0.561179 1.784320 -0.000008 -0.000682 0.000024
 31   2.121290 -0.561289 -1.853599 0.000000 0.000000 -0.000002
 32   -0.810489 -0.093824 3.127092 0.564080 -3.064347 -0.563586
 33   14.298673 -0.408176 0.475484 -0.006392 -0.009799 -0.413535
 34   15.835795 0.581398 0.242756 -0.007436 -0.212263 -0.117847
 35   -0.815868 -0.091229 -3.114430 -0.120039 3.021422 -0.057357
 36   14.294526 -0.410349 -0.463635 0.001663 0.012787 -0.721549
 37   15.834409 0.579420 -0.284600 -0.182270 -0.002314 0.569929
 38   1.139685 -3.453749 -2.823813 0.000000 0.000000 0.000001
 39   -4.457742 -1.054854 -0.746180 0.000000 0.000000 0.000000
 40   1.118101 -3.449769 3.237290 0.000000 0.000001 0.000000
 41   -4.433840 -1.059130 0.959566 -0.000001 0.000000 0.000000
 42   -0.657468 1.697302 -2.688614 0.000000 0.000002 0.000000
 43   -0.664068 1.698578 2.869377 0.000000 0.000002 0.000000
time 66
  0   -0.010486 -0.546892 -0.601210 0.000000 0.000000 -1.571449
  1   -1.093036 0.000002 -0.326057 -0.214108 -1.569036 -1.356583
  2   2.262337 0.113614 0.064702 -0.084234 -0.110293 -0.048551
  3   2.380047 0.353302 0.047440 -0.130884 -0.037252 -0.081663
  4   2.033756 0.190472 -0.000128 -0.181780 -0.088278 -0.399322
  5   2.451511 0.204909 -0.003447 -0.383863 -0.101212 -0.355694
  6   7.247600 -0.397300 -0.109469 0.000001 0.000021 0.156829
  7   -2.022252 -0.104661 3.136172 0.959545 -1.390948 -4.304910
  8   1.168026 -0.537438 -0.063437 -0.628900 0.690580 -0.858823
  9   6.790376 -0.619176 0.015206 0.041674 0.052440 -0.861387
 10   8.637599 0.544015 -0.090417 -3.510973 0.292412 0.133861
 11   6.790465 -0.619039 0.017802 0.033818 0.021976 -0.618476
 12   -2.022474 -0.104699 -2.873818 -1.038019 1.446549 -4.265241
 13   1.167898 -0.537463 0.063297 0.092366 -1.233703 -0.596298
 14   7.002743 -0.617765 -0.183752 0.031371 -0.199405 -1.757531
 15   8.209042 0.615527 -0.255885 2.288688 0.444891 0.276204
 16   7.002735 -0.617911 -0.183641 -0.002084 -0.140031 -1.244422
 17   1.574674 0.609930 -0.000899 0.273495 -0.121734 0.380136
 18   -0.602177 0.511412 -0.000006 0.000000 0.000000 0.000000
 19   3.673773 0.177020 1.119313 -0.000002 -0.000014 -0.174510
 20   3.673767 0.176993 -1.117566 0.000007 -0.000003 -0.174546
 21   3.942357 1.330634 1.627658 0.000002 -0.000011 -0.000026
 22   -0.246060 -0.011889 0.516521 -0.000011 0.000031 0.000025
 23   3.942374 1.330659 -1.631083 0.000019 0.000002 -0.000024
 24   -0.246150 -0.011872 -0.516511 -0.000005 -0.000006 0.000048
 25   4.941364 1.997338 1.629330 0.000018 -0.000001 -0.000024
 26   4.941382 1.997366 -1.629410 -0.000001 0.000005 -0.000024
 27   2.918368 1.615358 1.514501 -0.000019 -0.000022 -0.000050
 28   2.920798 1.614964 -1.501142 -0.000002 -0.000009 -0.000024
 29   8.824059 0.150544 0.091743 0.000006 -0.000231 -0.174534
 30   2.111085 -0.561179 1.784320 -0.000008 -0.000682 0.000024
 31   2.121290 -0.561289 -1.853599 0.000000 0.000000 -0.000002
 32   -0.810489 -0.093824 3.127092 0.564080 -3.064347 -0.563586
 33   14.298673 -0.408176 0.475484 -0.006392 -0.009799 -0.413535
 34   15.835795 0.581398 0.242756 -0.007436 -0.212263 -0.117847
 35   -0.815868 -0.091229 -3.114430 -0.120039 3.021422 -0.057357
 36   14.294526 -0.410349 -0.463635 0.001663 0.012787 -0.721549
 37   15.834409 0.579420 -0.284600 -0.182270 -0.002314 0.569929
 38   1.139685 -3.453749 -2.823813 0.000000 0.000000 0.000001
 39   -4.457742 -1.054854 -0.746180 0.000000 0.000000 0.000000
 40   1.118101 -3.449769 3.237290 0.000000 0.000001 0.000000
 41   -4.433840 -1.059130 0.959566 -0.000001 0.000000 0.000000
 42   -0.657468 1.697302 -2.688614 0.000000 0.000002 0.000000
 43   -0.664068 1.698578 2.869377 0.000000 0.000002 0.000000
time 67
  0   -0.010486 -0.546892 -0.601210 0.000000 0.000000 -1.571449
  1   -1.093036 0.000002 -0.326057 -0.214108 -1.569036 -1.356583
  2   2.262337 0.113614 0.064702 -0.084566 -0.107956 -0.046292
  3   2.380047 0.353302 0.047440 -0.131364 -0.034244 -0.076174
  4   2.033756 0.190472 -0.000128 -0.182352 -0.085630 -0.393595
  5   2.451511 0.204909 -0.003447 -0.384017 -0.101147 -0.351360
  6   7.247600 -0.397300 -0.109469 0.000001 0.000021 0.156829
  7   -2.022252 -0.104661 3.136172 0.963475 -1.399336 -4.315804
  8   1.168026 -0.537438 -0.063437 -0.737806 0.702806 -0.934736
  9   6.790376 -0.619176 0.015206 0.041286 0.047568 -0.812635
 10   8.637599 0.544015 -0.090417 -3.476540 0.336265 0.218721
 11   6.790465 -0.619039 0.017802 0.032621 0.018906 -0.584391
 12   -2.022474 -0.104699 -2.873818 -1.146760 1.439584 -4.375727
 13   1.167898 -0.537463 0.063297 0.035639 -1.218956 -0.561672
 14   7.002743 -0.617765 -0.183752 0.029663 -0.198780 -1.737070
 15   8.209042 0.615527 -0.255885 2.308173 0.464184 0.280534
 16   7.002735 -0.617911 -0.183641 -0.002602 -0.139129 -1.230293
 17   1.574674 0.609930 -0.000899 0.279507 -0.121237 0.415545
 18   -0.602177 0.511412 -0.000006 0.000000 0.000000 0.000000
 19   3.673773 0.177020 1.119313 -0.000002 -0.000014 -0.174510
 20   3.673767 0.176993 -1.117566 0.000007 -0.000003 -0.174546
 21   3.942357 1.330634 1.627658 0.000002 -0.000011 -0.000026
 22   -0.246060 -0.011889 0.516521 -0.000011 0.000031 0.000025
 23   3.942374 1.330659 -1.631083 0.000019 0.000002 -0.000024
 24   -0.246150 -0.011872 -0.516511 -0.000005 -0.000006 0.000048
 25   4.941364 1.997338 1.629330 0.000018 -0.000001 -0.000024
 26   4.941382 1.997366 -1.629410 -0.000001 0.000005 -0.000024
 27   2.918368 1.615358 1.514501 -0.000019 -0.000022 -0.000050
 28   2.920798 1.614964 -1.501142 -0.000002 -0.000009 -0.000024
 29   8.824059 0.150544 0.091743 0.000006 -0.000231 -0.174534
 30   2.111085 -0.561179 1.784320 -0.000008 -0.000682 0.000024
 31   2.121290 -0.561289 -1.853599 0.000000 0.000000 -0.000002
 32   -0.810489 -0.093824 3.127092 0.564080 -3.064347 -0.563586
 33   14.298673 -0.408176 0.475484 -0.006392 -0.009799 -0.413535
 34   15.835795 0.581398 0.242756 -0.007436 -0.212263 -0.117847
 35   -0.815868 -0.091229 -3.114430 -0.120039 3.021422 -0.057357
 36   14.294526 -0.410349 -0.463635 0.001663 0.012787 -0.721549
 37   15.834409 0.579420 -0.284600 -0.182270 -0.002314 0.569929
 38   1.139685 -3.453749 -2.823813 0.000000 0.000000 0.000001
 39   -4.457742 -1.054854 -0.746180 0.000000 0.000000 0.000000
 40   1.118101 -3.449769 3.237290 0.000000 0.000001 0.000000
 41   -4.433840 -1.059130 0.959566 -0.000001 0.000000 0.000000
 42   -0.657468 1.697302 -2.688614 0.000000 0.000002 0.000000
 43   -0.664068 1.698578 2.869377 0.000000 0.000002 0.000000
time 68
  0   -0.010486 -0.546892 -0.601210 0.000000 0.000000 -1.571449
  1   -1.093036 0.000002 -0.326057 -0.214108 -1.569036 -1.356583
  2   2.262337 0.113614 0.064702 -0.084871 -0.105835 -0.043365
  3   2.380047 0.353302 0.047440 -0.131709 -0.032003 -0.070338
  4   2.033756 0.190472 -0.000128 -0.182813 -0.083796 -0.387578
  5   2.451511 0.204909 -0.003447 -0.384154 -0.101029 -0.346728
  6   7.247600 -0.397300 -0.109469 0.000001 0.000021 0.156829
  7   -2.022252 -0.104661 3.136172 0.908644 -1.392418 -4.252319
  8   1.168026 -0.537438 -0.063437 -0.804124 0.737121 -0.955485
  9   6.790376 -0.619176 0.015206 0.040509 0.043497 -0.772260
 10   8.637599 0.544015 -0.090417 -3.427840 0.383145 0.223785
 11   6.790465 -0.619039 0.017802 0.031453 0.016291 -0.556188
 12   -2.022474 -0.104699 -2.873818 -1.210376 1.438684 -4.435660
 13   1.167898 -0.537463 0.063297 0.017995 -1.194089 -0.592666
 14   7.002743 -0.617765 -0.183752 0.026077 -0.195486 -1.695157
 15   8.209042 0.615527 -0.255885 2.347648 0.498231 0.289073
 16   7.002735 -0.617911 -0.183641 -0.003591 -0.136084 -1.201206
 17   1.574674 0.609930 -0.000899 0.292871 -0.123509 0.454021
 18   -0.602177 0.511412 -0.000006 0.000000 0.000000 0.000000
 19   3.673773 0.177020 1.119313 -0.000002 -0.000014 -0.174510
 20   3.673767 0.176993 -1.117566 0.000007 -0.000003 -0.174546
 21   3.942357 1.330634 1.627658 0.000002 -0.000011 -0.000026
 22   -0.246060 -0.011889 0.516521 -0.000011 0.000031 0.000025
 23   3.942374 1.330659 -1.631083 0.000019 0.000002 -0.000024
 24   -0.246150 -0.011872 -0.516511 -0.000005 -0.000006 0.000048
 25   4.941364 1.997338 1.629330 0.000018 -0.000001 -0.000024
 26   4.941382 1.997366 -1.629410 -0.000001 0.000005 -0.000024
 27   2.918368 1.615358 1.514501 -0.000019 -0.000022 -0.000050
 28   2.920798 1.614964 -1.501142 -0.000002 -0.000009 -0.000024
 29   8.824059 0.150544 0.091743 0.000006 -0.000231 -0.174534
 30   2.111085 -0.561179 1.784320 -0.000008 -0.000682 0.000024
 31   2.121290 -0.561289 -1.853599 0.000000 0.000000 -0.000002
 32   -0.810489 -0.093824 3.127092 0.564080 -3.064347 -0.563586
 33   14.298673 -0.408176 0.475484 -0.006392 -0.009799 -0.413535
 34   15.835795 0.581398 0.242756 -0.007436 -0.212263 -0.117847
 35   -0.815868 -0.091229 -3.114430 -0.120039 3.021422 -0.057357
 36   14.294526 -0.410349 -0.463635 0.001663 0.012787 -0.721549
 37   15.834409 0.579420 -0.284600 -0.182270 -0.002314 0.569929
 38   1.139685 -3.453749 -2.823813 0.000000 0.000000 0.000001
 39   -4.457742 -1.054854 -0.746180 0.000000 0.000000 0.000000
 40   1.118101 -3.449769 3.237290 0.000000 0.000001 0.000000
 41   -4.433840 -1.059130 0.959566 -0.000001 0.000000 0.000000
 42   -0.657468 1.697302 -2.688614 0.000000 0.000002 0.000000
 43   -0.664068 1.698578 2.869377 0.000000 0.000002 0.000000
time 69
  0   -0.010486 -0.546892 -0.601210 0.000000 0.000000 -1.571449
  1   -1.093036 0.000002 -0.326057 -0.214108 -1.569036 -1.356583
  2   2.262337 0.113614 0.064702 -0.085113 -0.105691 -0.039678
  3   2.380047 0.353302 0.047440 -0.131964 -0.030781 -0.064053
  4   2.033756 0.190472 -0.000128 -0.183237 -0.082598 -0.381996
  5   2.451511 0.204909 -0.003447 -0.384222 -0.100716 -0.342617
  6   7.247600 -0.397300 -0.109469 0.000001 0.000021 0.156829
  7   -2.022252 -0.104661 3.136172 0.903468 -1.361718 -4.234475
  8   1.168026 -0.537438 -0.063437 -0.788367 0.742907 -0.893996
  9   6.790376 -0.619176 0.015206 0.039566 0.038424 -0.720565
 10   8.637599 0.544015 -0.090417 -3.400540 0.379344 0.164318
 11   6.790465 -0.619039 0.017802 0.029935 0.013022 -0.519852
 12   -2.022474 -0.104699 -2.873818 -1.246495 1.454908 -4.467734
 13   1.167898 -0.537463 0.063297 0.060874 -1.160983 -0.726024
 14   7.002743 -0.617765 -0.183752 0.019529 -0.189127 -1.616942
 15   8.209042 0.615527 -0.255885 2.432565 0.564433 0.344881
 16   7.002735 -0.617911 -0.183641 -0.005238 -0.130276 -1.147117
 17   1.574674 0.609930 -0.000899 0.323458 -0.127746 0.490835
 18   -0.602177 0.511412 -0.000006 0.000000 0.000000 0.000000
 19   3.673773 0.177020 1.119313 -0.000002 -0.000014 -0.174510
 20   3.673767 0.176993 -1.117566 0.000007 -0.000003 -0.174546
 21   3.942357 1.330634 1.627658 0.000002 -0.000011 -0.000026
 22   -0.246060 -0.011889 0.516521 -0.000011 0.000031 0.000025
 23   3.942374 1.330659 -1.631083 0.000019 0.000002 -0.000024
 24   -0.246150 -0.011872 -0.516511 -0.000005 -0.000006 0.000048
 25   4.941364 1.997338 1.629330 0.000018 -0.000001 -0.000024
 26   4.941382 1.997366 -1.629410 -0.000001 0.000005 -0.000024
 27   2.918368 1.615358 1.514501 -0.000019 -0.000022 -0.000050
 28   2.920798 1.614964 -1.501142 -0.000002 -0.000009 -0.000024
 29   8.824059 0.150544 0.091743 0.000006 -0.000231 -0.174534
 30   2.111085 -0.561179 1.784320 -0.000008 -0.000682 0.000024
 31   2.121290 -0.561289 -1.853599 0.000000 0.000000 -0.000002
 32   -0.810489 -0.093824 3.127092 0.564080 -3.064347 -0.563586
 33   14.298673 -0.408176 0.475484 -0.006392 -0.009799 -0.413535
 34   15.835795 0.581398 0.242756 -0.007436 -0.212263 -0.117847
 35   -0.815868 -0.091229 -3.114430 -0.120039 3.021422 -0.057357
 36   14.294526 -0.410349 -0.463635 0.001663 0.012787 -0.721549
 37   15.834409 0.579420 -0.284600 -0.182270 -0.002314 0.569929
 38   1.139685 -3.453749 -2.823813 0.000000 0.000000 0.000001
 39   -4.457742 -1.054854 -0.746180 0.000000 0.000000 0.000000
 40   1.118101 -3.449769 3.237290 0.000000 0.000001 0.000000
 41   -4.433840 -1.059130 0.959566 -0.000001 0.000000 0.000000
 42   -0.657468 1.697302 -2.688614 0.000000 0.000002 0.000000
 43   -0.664068 1.698578 2.869377 0.000000 0.000002 0.000000
time 70
  0   -0.010486 -0.546892 -0.601210 0.000000 0.000000 -1.571449
  1   -1.093036 0.000002 -0.326057 -0.214108 -1.569036 -1.356583
  2   2.262337 0.113614 0.064702 -0.085394 -0.105572 -0.035558
  3   2.380047 0.353302 0.047440 -0.132129 -0.030169 -0.057054
  4   2.033756 0.190472 -0.000128 -0.183569 -0.081675 -0.375979
  5   2.451511 0.204909 -0.003447 -0.384068 -0.101408 -0.338581
  6   7.247600 -0.397300 -0.109469 0.000001 0.000021 0.156829
  7   -2.022252 -0.104661 3.136172 0.953410 -1.308476 -4.272416
  8   1.168026 -0.537438 -0.063437 -0.813173 0.733850 -0.813655
  9   6.790376 -0.619176 0.015206 0.037957 0.032418 -0.657323
 10   8.637599 0.544015 -0.090417 -3.327887 0.394830 0.166850
 11   6.790465 -0.619039 0.017802 0.027891 0.009156 -0.475558
 12   -2.022474 -0.104699 -2.873818 -1.208364 1.478621 -4.429342
 13   1.167898 -0.537463 0.063297 0.133699 -1.124674 -0.903996
 14   7.002743 -0.617765 -0.183752 0.010876 -0.179076 -1.501517
 15   8.209042 0.615527 -0.255885 2.501377 0.571091 0.421375
 16   7.002735 -0.617911 -0.183641 -0.007027 -0.121592 -1.067143
 17   1.574674 0.609930 -0.000899 0.366109 -0.130586 0.521327
 18   -0.602177 0.511412 -0.000006 0.000000 0.000000 0.000000
 19   3.673773 0.177020 1.119313 -0.000002 -0.000014 -0.174510
 20   3.673767 0.176993 -1.117566 0.000007 -0.000003 -0.174546
 21   3.942357 1.330634 1.627658 0.000002 -0.000011 -0.000026
 22   -0.246060 -0.011889 0.516521 -0.000011 0.000031 0.000025
 23   3.942374 1.330659 -1.631083 0.000019 0.000002 -0.000024
 24   -0.246150 -0.011872 -0.516511 -0.000005 -0.000006 0.000048
 25   4.941364 1.997338 1.629330 0.000018 -0.000001 -0.000024
 26   4.941382 1.997366 -1.629410 -0.000001 0.000005 -0.000024
 27   2.918368 1.615358 1.514501 -0.000019 -0.000022 -0.000050
 28   2.920798 1.614964 -1.501142 -0.000002 -0.000009 -0.000024
 29   8.824059 0.150544 0.091743 0.000006 -0.000231 -0.174534
 30   2.111085 -0.561179 1.784320 -0.000008 -0.000682 0.000024
 31   2.121290 -0.561289 -1.853599 0.000000 0.000000 -0.000002
 32   -0.810489 -0.093824 3.127092 0.564080 -3.064347 -0.563586
 33   14.298673 -0.408176 0.475484 -0.006392 -0.009799 -0.413535
 34   15.835795 0.581398 0.242756 -0.007436 -0.212263 -0.117847
 35   -0.815868 -0.091229 -3.114430 -0.120039 3.021422 -0.057357
 36   14.294526 -0.410349 -0.463635 0.001663 0.012787 -0.721549
 37   15.834409 0.579420 -0.284600 -0.182270 -0.002314 0.569929
 38   1.139685 -3.453749 -2.823813 0.000000 0.000000 0.000001
 39   -4.457742 -1.054854 -0.746180 0.000000 0.000000 0.000000
 40   1.118101 -3.449769 3.237290 0.000000 0.000001 0.000000
 41   -4.433840 -1.059130 0.959566 -0.000001 0.000000 0.000000
 42   -0.657468 1.697302 -2.688614 0.000000 0.000002 0.000000
 43   -0.664068 1.698578 2.869377 0.000000 0.000002 0.000000
time 71
  0   -0.010486 -0.546892 -0.601210 0.000000 0.000000 -1.571449
  1   -1.093036 0.000002 -0.326057 -0.214108 -1.569036 -1.356583
  2   2.262337 0.113614 0.064702 -0.085597 -0.105464 -0.032016
  3   2.380047 0.353302 0.047440 -0.132294 -0.029558 -0.048504
  4   2.033756 0.190472 -0.000128 -0.184141 -0.078727 -0.368041
  5   2.451511 0.204909 -0.003447 -0.382014 -0.113340 -0.329937
  6   7.247600 -0.397300 -0.109469 0.000001 0.000021 0.156829
  7   -2.022252 -0.104661 3.136172 1.060771 -1.267888 -4.372998
  8   1.168026 -0.537438 -0.063437 -0.867657 0.745976 -0.718638
  9   6.790376 -0.619176 0.015206 0.035904 0.026278 -0.592874
 10   8.637599 0.544015 -0.090417 -3.288434 0.420100 0.133427
 11   6.790465 -0.619039 0.017802 0.025672 0.005319 -0.430399
 12   -2.022474 -0.104699 -2.873818 -1.022210 1.504829 -4.252604
 13   1.167898 -0.537463 0.063297 0.240405 -1.090348 -1.129670
 14   7.002743 -0.617765 -0.183752 0.001482 -0.164880 -1.350697
 15   8.209042 0.615527 -0.255885 2.484192 0.562692 0.434425
 16   7.002735 -0.617911 -0.183641 -0.008392 -0.110202 -0.962442
 17   1.574674 0.609930 -0.000899 0.419037 -0.138136 0.536999
 18   -0.602177 0.511412 -0.000006 0.000000 0.000000 0.000000
 19   3.673773 0.177020 1.119313 -0.000002 -0.000014 -0.174510
 20   3.673767 0.176993 -1.117566 0.000007 -0.000003 -0.174546
 21   3.942357 1.330634 1.627658 0.000002 -0.000011 -0.000026
 22   -0.246060 -0.011889 0.516521 -0.000011 0.000031 0.000025
 23   3.942374 1.330659 -1.631083 0.000019 0.000002 -0.000024
 24   -0.246150 -0.011872 -0.516511 -0.000005 -0.000006 0.000048
 25   4.941364 1.997338 1.629330 0.000018 -0.000001 -0.000024
 26   4.941382 1.997366 -1.629410 -0.000001 0.000005 -0.000024
 27   2.918368 1.615358 1.514501 -0.000019 -0.000022 -0.000050
 28   2.920798 1.614964 -1.501142 -0.000002 -0.000009 -0.000024
 29   8.824059 0.150544 0.091743 0.000006 -0.000231 -0.174534
 30   2.111085 -0.561179 1.784320 -0.000008 -0.000682 0.000024
 31   2.121290 -0.561289 -1.853599 0.000000 0.000000 -0.000002
 32   -0.810489 -0.093824 3.127092 0.564080 -3.064347 -0.563586
 33   14.298673 -0.408176 0.475484 -0.006392 -0.009799 -0.413535
 34   15.835795 0.581398 0.242756 -0.007436 -0.212263 -0.117847
 35   -0.815868 -0.091229 -3.114430 -0.120039 3.021422 -0.057357
 36   14.294526 -0.410349 -0.463635 0.001663 0.012787 -0.721549
 37   15.834409 0.579420 -0.284600 -0.182270 -0.002314 0.569929
 38   1.139685 -3.453749 -2.823813 0.000000 0.000000 0.000001
 39   -4.457742 -1.054854 -0.746180 0.000000 0.000000 0.000000
 40   1.118101 -3.449769 3.237290 0.000000 0.000001 0.000000
 41   -4.433840 -1.059130 0.959566 -0.000001 0.000000 0.000000
 42   -0.657468 1.697302 -2.688614 0.000000 0.000002 0.000000
 43   -0.664068 1.698578 2.869377 0.000000 0.000002 0.000000
time 72
  0   -0.010486 -0.546892 -0.601210 0.000000 0.000000 -1.571449
  1   -1.093036 0.000002 -0.326057 -0.214108 -1.569036 -1.356583
  2   2.262337 0.113614 0.064702 -0.078706 -0.105308 -0.027715
  3   2.380047 0.353302 0.047440 -0.127809 -0.028887 -0.040077
  4   2.033756 0.190472 -0.000128 -0.184823 -0.073549 -0.362241
  5   2.451511 0.204909 -0.003447 -0.376605 -0.130939 -0.320972
  6   7.247600 -0.397300 -0.109469 0.000001 0.000021 0.156829
  7   -2.022252 -0.104661 3.136172 1.183181 -1.246211 -4.496776
  8   1.168026 -0.537438 -0.063437 -0.857722 0.785171 -0.593762
  9   6.790376 -0.619176 0.015206 0.035904 0.025544 -0.569177
 10   8.637599 0.544015 -0.090417 -3.341713 0.441569 0.103404
 11   6.790465 -0.619039 0.017802 0.025351 0.004921 -0.413846
 12   -2.022474 -0.104699 -2.873818 -0.454841 1.528890 -3.700369
 13   1.167898 -0.537463 0.063297 0.325672 -1.060345 -1.309095
 14   7.002743 -0.617765 -0.183752 -0.003813 -0.154318 -1.245255
 15   8.209042 0.615527 -0.255885 2.411139 0.478862 0.411032
 16   7.002735 -0.617911 -0.183641 -0.008581 -0.102251 -0.889312
 17   1.574674 0.609930 -0.000899 0.471194 -0.136147 0.523175
 18   -0.602177 0.511412 -0.000006 0.000000 0.000000 0.000000
 19   3.673773 0.177020 1.119313 -0.000002 -0.000014 -0.174510
 20   3.673767 0.176993 -1.117566 0.000007 -0.000003 -0.174546
 21   3.942357 1.330634 1.627658 0.000002 -0.000011 -0.000026
 22   -0.246060 -0.011889 0.516521 -0.000011 0.000031 0.000025
 23   3.942374 1.330659 -1.631083 0.000019 0.000002 -0.000024
 24   -0.246150 -0.011872 -0.516511 -0.000005 -0.000006 0.000048
 25   4.941364 1.997338 1.629330 0.000018 -0.000001 -0.000024
 26   4.941382 1.997366 -1.629410 -0.000001 0.000005 -0.000024
 27   2.918368 1.615358 1.514501 -0.000019 -0.000022 -0.000050
 28   2.920798 1.614964 -1.501142 -0.000002 -0.000009 -0.000024
 29   8.824059 0.150544 0.091743 0.000006 -0.000231 -0.174534
 30   2.111085 -0.561179 1.784320 -0.000008 -0.000682 0.000024
 31   2.121290 -0.561289 -1.853599 0.000000 0.000000 -0.000002
 32   -0.810489 -0.093824 3.127092 0.564080 -3.064347 -0.563586
 33   14.298673 -0.408176 0.475484 -0.006392 -0.009799 -0.413535
 34   15.835795 0.581398 0.242756 -0.007436 -0.212263 -0.117847
 35   -0.815868 -0.091229 -3.114430 -0.120039 3.021422 -0.057357
 36   14.294526 -0.410349 -0.463635 0.001663 0.012787 -0.721549
 37   15.834409 0.579420 -0.284600 -0.182270 -0.002314 0.569929
 38   1.139685 -3.453749 -2.823813 0.000000 0.000000 0.000001
 39   -4.457742 -1.054854 -0.746180 0.000000 0.000000 0.000000
 40   1.118101 -3.449769 3.237290 0.000000 0.000001 0.000000
 41   -4.433840 -1.059130 0.959566 -0.000001 0.000000 0.000000
 42   -0.657468 1.697302 -2.688614 0.000000 0.000002 0.000000
 43   -0.664068 1.698578 2.869377 0.000000 0.000002 0.000000
time 73
  0   -0.010486 -0.546892 -0.601210 0.000000 0.000000 -1.571449
  1   -1.093036 0.000002 -0.326057 -0.214108 -1.569036 -1.356583
  2   2.262337 0.113614 0.064702 -0.064007 -0.109670 -0.031040
  3   2.380047 0.353302 0.047440 -0.119108 -0.030936 -0.034465
  4   2.033756 0.190472 -0.000128 -0.182684 -0.066658 -0.355536
  5   2.451511 0.204909 -0.003447 -0.369981 -0.147037 -0.311983
  6   7.247600 -0.397300 -0.109469 0.000001 0.000021 0.156829
  7   -2.022252 -0.104661 3.136172 1.265332 -1.238082 -4.589093
  8   1.168026 -0.537438 -0.063437 -0.811591 0.872818 -0.458195
  9   6.790376 -0.619176 0.015206 0.035904 0.026278 -0.589025
 10   8.637599 0.544015 -0.090417 -3.402918 0.442625 0.061589
 11   6.790465 -0.619039 0.017802 0.025643 0.005319 -0.427745
 12   -2.022474 -0.104699 -2.873818 -0.049865 1.533273 -3.309937
 13   1.167898 -0.537463 0.063297 0.301913 -1.048852 -1.327255
 14   7.002743 -0.617765 -0.183752 -0.003471 -0.155056 -1.252268
 15   8.209042 0.615527 -0.255885 2.334850 0.359547 0.396238
 16   7.002735 -0.617911 -0.183641 -0.008581 -0.102815 -0.894169
 17   1.574674 0.609930 -0.000899 0.506696 -0.124077 0.503253
 18   -0.602177 0.511412 -0.000006 0.000000 0.000000 0.000000
 19   3.673773 0.177020 1.119313 -0.000002 -0.000014 -0.174510
 20   3.673767 0.176993 -1.117566 0.000007 -0.000003 -0.174546
 21   3.942357 1.330634 1.627658 0.000002 -0.000011 -0.000026
 22   -0.246060 -0.011889 0.516521 -0.000011 0.000031 0.000025
 23   3.942374 1.330659 -1.631083 0.000019 0.000002 -0.000024
 24   -0.246150 -0.011872 -0.516511 -0.000005 -0.000006 0.000048
 25   4.941364 1.997338 1.629330 0.000018 -0.000001 -0.000024
 26   4.941382 1.997366 -1.629410 -0.000001 0.000005 -0.000024
 27   2.918368 1.615358 1.514501 -0.000019 -0.000022 -0.000050
 28   2.920798 1.614964 -1.501142 -0.000002 -0.000009 -0.000024
 29   8.824059 0.150544 0.091743 0.000006 -0.000231 -0.174534
 30   2.111085 -0.561179 1.784320 -0.000008 -0.000682 0.000024
 31   2.121290 -0.561289 -1.853599 0.000000 0.000000 -0.000002
 32   -0.810489 -0.093824 3.127092 0.564080 -3.064347 -0.563586
 33   14.298673 -0.408176 0.475484 -0.006392 -0.009799 -0.413535
 34   15.835795 0.581398 0.242756 -0.007436 -0.212263 -0.117847
 35   -0.815868 -0.091229 -3.114430 -0.120039 3.021422 -0.057357
 36   14.294526 -0.410349 -0.463635 0.001663 0.012787 -0.721549
 37   15.834409 0.579420 -0.284600 -0.182270 -0.002314 0.569929
 38   1.139685 -3.453749 -2.823813 0.000000 0.000000 0.000001
 39   -4.457742 -1.054854 -0.746180 0.000000 0.000000 0.000000
 40   1.118101 -3.449769 3.237290 0.000000 0.000001 0.000000
 41   -4.433840 -1.059130 0.959566 -0.000001 0.000000 0.000000
 42   -0.657468 1.697302 -2.688614 0.000000 0.000002 0.000000
 43   -0.664068 1.698578 2.869377 0.000000 0.000002 0.000000
time 74
  0   -0.010486 -0.546892 -0.601210 0.000000 0.000000 -1.571449
  1   -1.093036 0.000002 -0.326057 -0.214108 -1.569036 -1.356583
  2   2.262337 0.113614 0.064702 -0.054098 -0.116298 -0.038377
  3   2.380047 0.353302 0.047440 -0.114218 -0.034664 -0.032037
  4   2.033756 0.190472 -0.000128 -0.183311 -0.061529 -0.349664
  5   2.451511 0.204909 -0.003447 -0.366352 -0.154544 -0.305989
  6   7.247600 -0.397300 -0.109469 0.000001 0.000021 0.156829
  7   -2.022252 -0.104661 3.136172 1.224784 -1.266332 -4.555753
  8   1.168026 -0.537438 -0.063437 -0.717176 0.963032 -0.341353
  9   6.790376 -0.619176 0.015206 0.036237 0.027346 -0.621476
 10   8.637599 0.544015 -0.090417 -3.430306 0.436501 0.047844
 11   6.790465 -0.619039 0.017802 0.026110 0.005944 -0.450412
 12   -2.022474 -0.104699 -2.873818 -0.408375 1.538091 -3.678540
 13   1.167898 -0.537463 0.063297 0.201041 -1.073262 -1.204430
 14   7.002743 -0.617765 -0.183752 0.001083 -0.164312 -1.344344
 15   8.209042 0.615527 -0.255885 2.261724 0.216021 0.369597
 16   7.002735 -0.617911 -0.183641 -0.008392 -0.109694 -0.958192
 17   1.574674 0.609930 -0.000899 0.528224 -0.111392 0.490761
 18   -0.602177 0.511412 -0.000006 0.000000 0.000000 0.000000
 19   3.673773 0.177020 1.119313 -0.000002 -0.000014 -0.174510
 20   3.673767 0.176993 -1.117566 0.000007 -0.000003 -0.174546
 21   3.942357 1.330634 1.627658 0.000002 -0.000011 -0.000026
 22   -0.246060 -0.011889 0.516521 -0.000011 0.000031 0.000025
 23   3.942374 1.330659 -1.631083 0.000019 0.000002 -0.000024
 24   -0.246150 -0.011872 -0.516511 -0.000005 -0.000006 0.000048
 25   4.941364 1.997338 1.629330 0.000018 -0.000001 -0.000024
 26   4.941382 1.997366 -1.629410 -0.000001 0.000005 -0.000024
 27   2.918368 1.615358 1.514501 -0.000019 -0.000022 -0.000050
 28   2.920798 1.614964 -1.501142 -0.000002 -0.000009 -0.000024
 29   8.824059 0.150544 0.091743 0.000006 -0.000231 -0.174534
 30   2.111085 -0.561179 1.784320 -0.000008 -0.000682 0.000024
 31   2.121290 -0.561289 -1.853599 0.000000 0.000000 -0.000002
 32   -0.810489 -0.093824 3.127092 0.564080 -3.064347 -0.563586
 33   14.298673 -0.408176 0.475484 -0.006392 -0.009799 -0.413535
 34   15.835795 0.581398 0.242756 -0.007436 -0.212263 -0.117847
 35   -0.815868 -0.091229 -3.114430 -0.120039 3.021422 -0.057357
 36   14.294526 -0.410349 -0.463635 0.001663 0.012787 -0.721549
 37   15.834409 0.579420 -0.284600 -0.182270 -0.002314 0.569929
 38   1.139685 -3.453749 -2.823813 0.000000 0.000000 0.000001
 39   -4.457742 -1.054854 -0.746180 0.000000 0.000000 0.000000
 40   1.118101 -3.449769 3.237290 0.000000 0.000001 0.000000
 41   -4.433840 -1.059130 0.959566 -0.000001 0.000000 0.000000
 42   -0.657468 1.697302 -2.688614 0.000000 0.000002 0.000000
 43   -0.664068 1.698578 2.869377 0.000000 0.000002 0.000000
time 75
  0   -0.010486 -0.546892 -0.601210 0.000000 0.000000 -1.571449
  1   -1.093036 0.000002 -0.326057 -0.214108 -1.569036 -1.356583
  2   2.262337 0.113614 0.064702 -0.060657 -0.122889 -0.036498
  3   2.380047 0.353302 0.047440 -0.119693 -0.039757 -0.029731
  4   2.033756 0.190472 -0.000128 -0.183311 -0.061553 -0.349664
  5   2.451511 0.204909 -0.003447 -0.368389 -0.151828 -0.307550
  6   7.247600 -0.397300 -0.109469 0.000001 0.000021 0.156829
  7   -2.022252 -0.104661 3.136172 1.009678 -1.318421 -4.342945
  8   1.168026 -0.537438 -0.063437 -0.593210 1.004189 -0.274297
  9   6.790376 -0.619176 0.015206 0.036237 0.027145 -0.602383
 10   8.637599 0.544015 -0.090417 -3.444925 0.413272 0.007765
 11   6.790465 -0.619039 0.017802 0.025993 0.005859 -0.437089
 12   -2.022474 -0.104699 -2.873818 -1.213825 1.533099 -4.486116
 13   1.167898 -0.537463 0.063297 0.044847 -1.110537 -0.978030
 14   7.002743 -0.617765 -0.183752 0.009339 -0.176975 -1.478333
 15   8.209042 0.615527 -0.255885 2.203483 0.062659 0.338145
 16   7.002735 -0.617911 -0.183641 -0.007310 -0.119844 -1.051137
 17   1.574674 0.609930 -0.000899 0.536551 -0.103511 0.488025
 18   -0.602177 0.511412 -0.000006 0.000000 0.000000 0.000000
 19   3.673773 0.177020 1.119313 -0.000002 -0.000014 -0.174510
 20   3.673767 0.176993 -1.117566 0.000007 -0.000003 -0.174546
 21   3.942357 1.330634 1.627658 0.000002 -0.000011 -0.000026
 22   -0.246060 -0.011889 0.516521 -0.000011 0.000031 0.000025
 23   3.942374 1.330659 -1.631083 0.000019 0.000002 -0.000024
 24   -0.246150 -0.011872 -0.516511 -0.000005 -0.000006 0.000048
 25   4.941364 1.997338 1.629330 0.000018 -0.000001 -0.000024
 26   4.941382 1.997366 -1.629410 -0.000001 0.000005 -0.000024
 27   2.918368 1.615358 1.514501 -0.000019 -0.000022 -0.000050
 28   2.920798 1.614964 -1.501142 -0.000002 -0.000009 -0.000024
 29   8.824059 0.150544 0.091743 0.000006 -0.000231 -0.174534
 30   2.111085 -0.561179 1.784320 -0.000008 -0.000682 0.000024
 31   2.121290 -0.561289 -1.853599 0.000000 0.000000 -0.000002
 32   -0.810489 -0.093824 3.127092 0.564080 -3.064347 -0.563586
 33   14.298673 -0.408176 0.475484 -0.006392 -0.009799 -0.413535
 34   15.835795 0.581398 0.242756 -0.007436 -0.212263 -0.117847
 35   -0.815868 -0.091229 -3.114430 -0.120039 3.021422 -0.057357
 36   14.294526 -0.410349 -0.463635 0.001663 0.012787 -0.721549
 37   15.834409 0.579420 -0.284600 -0.182270 -0.002314 0.569929
 38   1.139685 -3.453749 -2.823813 0.000000 0.000000 0.000001
 39   -4.457742 -1.054854 -0.746180 0.000000 0.000000 0.000000
 40   1.118101 -3.449769 3.237290 0.000000 0.000001 0.000000
 41   -4.433840 -1.059130 0.959566 -0.000001 0.000000 0.000000
 42   -0.657468 1.697302 -2.688614 0.000000 0.000002 0.000000
 43   -0.664068 1.698578 2.869377 0.000000 0.000002 0.000000
time 76
  0   -0.010486 -0.546892 -0.601210 0.000000 0.000000 -1.571449
  1   -1.093036 0.000002 -0.326057 -0.214108 -1.569036 -1.356583
  2   2.262337 0.113614 0.064702 -0.070363 -0.131446 -0.031835
  3   2.380047 0.353302 0.047440 -0.126879 -0.046984 -0.028323
  4   2.033756 0.190472 -0.000128 -0.184989 -0.064537 -0.351730
  5   2.451511 0.204909 -0.003447 -0.373798 -0.137023 -0.313890
  6   7.247600 -0.397300 -0.109469 0.000001 0.000021 0.156829
  7   -2.022252 -0.104661 3.136172 0.734087 -1.333584 -4.069657
  8   1.168026 -0.537438 -0.063437 -0.477786 1.002931 -0.232482
  9   6.790376 -0.619176 0.015206 0.038678 0.035021 -0.685246
 10   8.637599 0.544015 -0.090417 -3.431539 0.391029 0.098774
 11   6.790465 -0.619039 0.017802 0.028796 0.010862 -0.495110
 12   -2.022474 -0.104699 -2.873818 -1.828331 1.518151 -5.094646
 13   1.167898 -0.537463 0.063297 -0.071138 -1.136167 -0.752417
 14   7.002743 -0.617765 -0.183752 0.017480 -0.187026 -1.590045
 15   8.209042 0.615527 -0.255885 2.128416 -0.103944 0.346504
 16   7.002735 -0.617911 -0.183641 -0.005709 -0.128246 -1.128517
 17   1.574674 0.609930 -0.000899 0.524447 -0.088672 0.495011
 18   -0.602177 0.511412 -0.000006 0.000000 0.000000 0.000000
 19   3.673773 0.177020 1.119313 -0.000002 -0.000014 -0.174510
 20   3.673767 0.176993 -1.117566 0.000007 -0.000003 -0.174546
 21   3.942357 1.330634 1.627658 0.000002 -0.000011 -0.000026
 22   -0.246060 -0.011889 0.516521 -0.000011 0.000031 0.000025
 23   3.942374 1.330659 -1.631083 0.000019 0.000002 -0.000024
 24   -0.246150 -0.011872 -0.516511 -0.000005 -0.000006 0.000048
 25   4.941364 1.997338 1.629330 0.000018 -0.000001 -0.000024
 26   4.941382 1.997366 -1.629410 -0.000001 0.000005 -0.000024
 27   2.918368 1.615358 1.514501 -0.000019 -0.000022 -0.000050
 28   2.920798 1.614964 -1.501142 -0.000002 -0.000009 -0.000024
 29   8.824059 0.150544 0.091743 0.000006 -0.000231 -0.174534
 30   2.111085 -0.561179 1.784320 -0.000008 -0.000682 0.000024
 31   2.121290 -0.561289 -1.853599 0.000000 0.000000 -0.000002
 32   -0.810489 -0.093824 3.127092 0.564080 -3.064347 -0.563586
 33   14.298673 -0.408176 0.475484 -0.006392 -0.009799 -0.413535
 34   15.835795 0.581398 0.242756 -0.007436 -0.212263 -0.117847
 35   -0.815868 -0.091229 -3.114430 -0.120039 3.021422 -0.057357
 36   14.294526 -0.410349 -0.463635 0.001663 0.012787 -0.721549
 37   15.834409 0.579420 -0.284600 -0.182270 -0.002314 0.569929
 38   1.139685 -3.453749 -2.823813 0.000000 0.000000 0.000001
 39   -4.457742 -1.054854 -0.746180 0.000000 0.000000 0.000000
 40   1.118101 -3.449769 3.237290 0.000000 0.000001 0.000000
 41   -4.433840 -1.059130 0.959566 -0.000001 0.000000 0.000000
 42   -0.657468 1.697302 -2.688614 0.000000 0.000002 0.000000
 43   -0.664068 1.698578 2.869377 0.000000 0.000002 0.000000
time 77
  0   -0.010486 -0.546892 -0.601210 0.000000 0.000000 -1.571449
  1   -1.093036 0.000002 -0.326057 -0.214108 -1.569036 -1.356583
  2   2.262337 0.113614 0.064702 -0.070898 -0.138218 -0.035648
  3   2.380047 0.353302 0.047440 -0.126999 -0.050052 -0.029813
  4   2.033756 0.190472 -0.000128 -0.184823 -0.065699 -0.350787
  5   2.451511 0.204909 -0.003447 -0.374260 -0.133668 -0.315351
  6   7.247600 -0.397300 -0.109469 0.000001 0.000021 0.156829
  7   -2.022252 -0.104661 3.136172 0.550327 -1.328395 -3.879670
  8   1.168026 -0.537438 -0.063437 -0.395079 0.994730 -0.213314
  9   6.790376 -0.619176 0.015206 0.040065 0.040427 -0.741243
 10   8.637599 0.544015 -0.090417 -3.431539 0.370475 0.164318
 11   6.790465 -0.619039 0.017802 0.030548 0.014301 -0.534329
 12   -2.022474 -0.104699 -2.873818 -2.075034 1.499547 -5.335340
 13   1.167898 -0.537463 0.063297 -0.090750 -1.158034 -0.583283
 14   7.002743 -0.617765 -0.183752 0.025394 -0.194919 -1.687154
 15   8.209042 0.615527 -0.255885 1.992736 -0.288780 0.388420
 16   7.002735 -0.617911 -0.183641 -0.003779 -0.135407 -1.195687
 17   1.574674 0.609930 -0.000899 0.509580 -0.074259 0.515894
 18   -0.602177 0.511412 -0.000006 0.000000 0.000000 0.000000
 19   3.673773 0.177020 1.119313 -0.000002 -0.000014 -0.174510
 20   3.673767 0.176993 -1.117566 0.000007 -0.000003 -0.174546
 21   3.942357 1.330634 1.627658 0.000002 -0.000011 -0.000026
 22   -0.246060 -0.011889 0.516521 -0.000011 0.000031 0.000025
 23   3.942374 1.330659 -1.631083 0.000019 0.000002 -0.000024
 24   -0.246150 -0.011872 -0.516511 -0.000005 -0.000006 0.000048
 25   4.941364 1.997338 1.629330 0.000018 -0.000001 -0.000024
 26   4.941382 1.997366 -1.629410 -0.000001 0.000005 -0.000024
 27   2.918368 1.615358 1.514501 -0.000019 -0.000022 -0.000050
 28   2.920798 1.614964 -1.501142 -0.000002 -0.000009 -0.000024
 29   8.824059 0.150544 0.091743 0.000006 -0.000231 -0.174534
 30   2.111085 -0.561179 1.784320 -0.000008 -0.000682 0.000024
 31   2.121290 -0.561289 -1.853599 0.000000 0.000000 -0.000002
 32   -0.810489 -0.093824 3.127092 0.564080 -3.064347 -0.563586
 33   14.298673 -0.408176 0.475484 -0.006392 -0.009799 -0.413535
 34   15.835795 0.581398 0.242756 -0.007436 -0.212263 -0.117847
 35   -0.815868 -0.091229 -3.114430 -0.120039 3.021422 -0.057357
 36   14.294526 -0.410349 -0.463635 0.001663 0.012787 -0.721549
 37   15.834409 0.579420 -0.284600 -0.182270 -0.002314 0.569929
 38   1.139685 -3.453749 -2.823813 0.000000 0.000000 0.000001
 39   -4.457742 -1.054854 -0.746180 0.000000 0.000000 0.000000
 40   1.118101 -3.449769 3.237290 0.000000 0.000001 0.000000
 41   -4.433840 -1.059130 0.959566 -0.000001 0.000000 0.000000
 42   -0.657468 1.697302 -2.688614 0.000000 0.000002 0.000000
 43   -0.664068 1.698578 2.869377 0.000000 0.000002 0.000000
time 78
  0   -0.010486 -0.546892 -0.601210 0.000000 0.000000 -1.571449
  1   -1.093036 0.000002 -0.326057 -0.214108 -1.569036 -1.356583
  2   2.262337 0.113614 0.064702 -0.071089 -0.143287 -0.034112
  3   2.380047 0.353302 0.047440 -0.126954 -0.053947 -0.031221
  4   2.033756 0.190472 -0.000128 -0.184270 -0.066910 -0.354086
  5   2.451511 0.204909 -0.003447 -0.373233 -0.138969 -0.314632
  6   7.247600 -0.397300 -0.109469 0.000001 0.000021 0.156829
  7   -2.022252 -0.104661 3.136172 0.492525 -1.311330 -3.811019
  8   1.168026 -0.537438 -0.063437 -0.337747 0.979837 -0.193640
  9   6.790376 -0.619176 0.015206 0.040842 0.045299 -0.791127
 10   8.637599 0.544015 -0.090417 -3.472049 0.359001 0.186817
 11   6.790465 -0.619039 0.017802 0.032008 0.017485 -0.569164
 12   -2.022474 -0.104699 -2.873818 -2.135010 1.495281 -5.386753
 13   1.167898 -0.537463 0.063297 0.042246 -1.167289 -0.588852
 14   7.002743 -0.617765 -0.183752 0.031713 -0.200427 -1.760089
 15   8.209042 0.615527 -0.255885 1.876181 -0.297708 0.455714
 16   7.002735 -0.617911 -0.183641 -0.002037 -0.140877 -1.246188
 17   1.574674 0.609930 -0.000899 0.496906 -0.046355 0.534190
 18   -0.602177 0.511412 -0.000006 0.000000 0.000000 0.000000
 19   3.673773 0.177020 1.119313 -0.000002 -0.000014 -0.174510
 20   3.673767 0.176993 -1.117566 0.000007 -0.000003 -0.174546
 21   3.942357 1.330634 1.627658 0.000002 -0.000011 -0.000026
 22   -0.246060 -0.011889 0.516521 -0.000011 0.000031 0.000025
 23   3.942374 1.330659 -1.631083 0.000019 0.000002 -0.000024
 24   -0.246150 -0.011872 -0.516511 -0.000005 -0.000006 0.000048
 25   4.941364 1.997338 1.629330 0.000018 -0.000001 -0.000024
 26   4.941382 1.997366 -1.629410 -0.000001 0.000005 -0.000024
 27   2.918368 1.615358 1.514501 -0.000019 -0.000022 -0.000050
 28   2.920798 1.614964 -1.501142 -0.000002 -0.000009 -0.000024
 29   8.824059 0.150544 0.091743 0.000006 -0.000231 -0.174534
 30   2.111085 -0.561179 1.784320 -0.000008 -0.000682 0.000024
 31   2.121290 -0.561289 -1.853599 0.000000 0.000000 -0.000002
 32   -0.810489 -0.093824 3.127092 0.564080 -3.064347 -0.563586
 33   14.298673 -0.408176 0.475484 -0.006392 -0.009799 -0.413535
 34   15.835795 0.581398 0.242756 -0.007436 -0.212263 -0.117847
 35   -0.815868 -0.091229 -3.114430 -0.120039 3.021422 -0.057357
 36   14.294526 -0.410349 -0.463635 0.001663 0.012787 -0.721549
 37   15.834409 0.579420 -0.284600 -0.182270 -0.002314 0.569929
 38   1.139685 -3.453749 -2.823813 0.000000 0.000000 0.000001
 39   -4.457742 -1.054854 -0.746180 0.000000 0.000000 0.000000
 40   1.118101 -3.449769 3.237290 0.000000 0.000001 0.000000
 41   -4.433840 -1.059130 0.959566 -0.000001 0.000000 0.000000
 42   -0.657468 1.697302 -2.688614 0.000000 0.000002 0.000000
 43   -0.664068 1.698578 2.869377 0.000000 0.000002 0.000000
time 79
  0   -0.010486 -0.546892 -0.601210 0.000000 0.000000 -1.571449
  1   -1.093036 0.000002 -0.326057 -0.214108 -1.569036 -1.356583
  2   2.262337 0.113614 0.064702 -0.068389 -0.148632 -0.030625
  3   2.380047 0.353302 0.047440 -0.126909 -0.058189 -0.029731
  4   2.033756 0.190472 -0.000128 -0.183606 -0.068168 -0.353941
  5   2.451511 0.204909 -0.003447 -0.371042 -0.149439 -0.312726
  6   7.247600 -0.397300 -0.109469 0.000001 0.000021 0.156829
  7   -2.022252 -0.104661 3.136172 0.539591 -1.300404 -3.853092
  8   1.168026 -0.537438 -0.063437 -0.308701 0.983208 -0.171942
  9   6.790376 -0.619176 0.015206 0.041452 0.050905 -0.846218
 10   8.637599 0.544015 -0.090417 -3.558440 0.348865 0.180089
 11   6.790465 -0.619039 0.017802 0.033409 0.021038 -0.607807
 12   -2.022474 -0.104699 -2.873818 -2.201596 1.500215 -5.455399
 13   1.167898 -0.537463 0.063297 0.268945 -1.154576 -0.735649
 14   7.002743 -0.617765 -0.183752 0.035471 -0.201506 -1.789791
 15   8.209042 0.615527 -0.255885 1.806435 -0.206084 0.505507
 16   7.002735 -0.617911 -0.183641 -0.000390 -0.142456 -1.266775
 17   1.574674 0.609930 -0.000899 0.493250 -0.001010 0.533672
 18   -0.602177 0.511412 -0.000006 0.000000 0.000000 0.000000
 19   3.673773 0.177020 1.119313 -0.000002 -0.000014 -0.174510
 20   3.673767 0.176993 -1.117566 0.000007 -0.000003 -0.174546
 21   3.942357 1.330634 1.627658 0.000002 -0.000011 -0.000026
 22   -0.246060 -0.011889 0.516521 -0.000011 0.000031 0.000025
 23   3.942374 1.330659 -1.631083 0.000019 0.000002 -0.000024
 24   -0.246150 -0.011872 -0.516511 -0.000005 -0.000006 0.000048
 25   4.941364 1.997338 1.629330 0.000018 -0.000001 -0.000024
 26   4.941382 1.997366 -1.629410 -0.000001 0.000005 -0.000024
 27   2.918368 1.615358 1.514501 -0.000019 -0.000022 -0.000050
 28   2.920798 1.614964 -1.501142 -0.000002 -0.000009 -0.000024
 29   8.824059 0.150544 0.091743 0.000006 -0.000231 -0.174534
 30   2.111085 -0.561179 1.784320 -0.000008 -0.000682 0.000024
 31   2.121290 -0.561289 -1.853599 0.000000 0.000000 -0.000002
 32   -0.810489 -0.093824 3.127092 0.564080 -3.064347 -0.563586
 33   14.298673 -0.408176 0.475484 -0.006392 -0.009799 -0.413535
 34   15.835795 0.581398 0.242756 -0.007436 -0.212263 -0.117847
 35   -0.815868 -0.091229 -3.114430 -0.120039 3.021422 -0.057357
 36   14.294526 -0.410349 -0.463635 0.001663 0.012787 -0.721549
 37   15.834409 0.579420 -0.284600 -0.182270 -0.002314 0.569929
 38   1.139685 -3.453749 -2.823813 0.000000 0.000000 0.000001
 39   -4.457742 -1.054854 -0.746180 0.000000 0.000000 0.000000
 40   1.118101 -3.449769 3.237290 0.000000 0.000001 0.000000
 41   -4.433840 -1.059130 0.959566 -0.000001 0.000000 0.000000
 42   -0.657468 1.697302 -2.688614 0.000000 0.000002 0.000000
 43   -0.664068 1.698578 2.869377 0.000000 0.000002 0.000000
time 80
  0   -0.010486 -0.546892 -0.601210 0.000000 0.000000 -1.571449
  1   -1.093036 0.000002 -0.326057 -0.214108 -1.569036 -1.356583
  2   2.262337 0.113614 0.064702 -0.063956 -0.152503 -0.027914
  3   2.380047 0.353302 0.047440 -0.124238 -0.060982 -0.026344
  4   2.033756 0.190472 -0.000128 -0.182850 -0.069355 -0.353723
  5   2.451511 0.204909 -0.003447 -0.366352 -0.168148 -0.306584
  6   7.247600 -0.397300 -0.109469 0.000001 0.000021 0.156829
  7   -2.022252 -0.104661 3.136172 0.649732 -1.297205 -3.966446
  8   1.168026 -0.537438 -0.063437 -0.272378 0.988340 -0.128545
  9   6.790376 -0.619176 0.015206 0.042007 0.056845 -0.905309
 10   8.637599 0.544015 -0.090417 -3.659187 0.323454 0.161786
 11   6.790465 -0.619039 0.017802 0.034840 0.024904 -0.649275
 12   -2.022474 -0.104699 -2.873818 -2.207631 1.507964 -5.472441
 13   1.167898 -0.537463 0.063297 0.463730 -1.105960 -0.930450
 14   7.002743 -0.617765 -0.183752 0.030290 -0.199121 -1.742845
 15   8.209042 0.615527 -0.255885 1.812403 -0.135721 0.487286
 16   7.002735 -0.617911 -0.183641 -0.002461 -0.139580 -1.234322
 17   1.574674 0.609930 -0.000899 0.497109 0.044715 0.528941
 18   -0.602177 0.511412 -0.000006 0.000000 0.000000 0.000000
 19   3.673773 0.177020 1.119313 -0.000002 -0.000014 -0.174510
 20   3.673767 0.176993 -1.117566 0.000007 -0.000003 -0.174546
 21   3.942357 1.330634 1.627658 0.000002 -0.000011 -0.000026
 22   -0.246060 -0.011889 0.516521 -0.000011 0.000031 0.000025
 23   3.942374 1.330659 -1.631083 0.000019 0.000002 -0.000024
 24   -0.246150 -0.011872 -0.516511 -0.000005 -0.000006 0.000048
 25   4.941364 1.997338 1.629330 0.000018 -0.000001 -0.000024
 26   4.941382 1.997366 -1.629410 -0.000001 0.000005 -0.000024
 27   2.918368 1.615358 1.514501 -0.000019 -0.000022 -0.000050
 28   2.920798 1.614964 -1.501142 -0.000002 -0.000009 -0.000024
 29   8.824059 0.150544 0.091743 0.000006 -0.000231 -0.174534
 30   2.111085 -0.561179 1.784320 -0.000008 -0.000682 0.000024
 31   2.121290 -0.561289 -1.853599 0.000000 0.000000 -0.000002
 32   -0.810489 -0.093824 3.127092 0.564080 -3.064347 -0.563586
 33   14.298673 -0.408176 0.475484 -0.006392 -0.009799 -0.413535
 34   15.835795 0.581398 0.242756 -0.007436 -0.212263 -0.117847
 35   -0.815868 -0.091229 -3.114430 -0.120039 3.021422 -0.057357
 36   14.294526 -0.410349 -0.463635 0.001663 0.012787 -0.721549
 37   15.834409 0.579420 -0.284600 -0.182270 -0.002314 0.569929
 38   1.139685 -3.453749 -2.823813 0.000000 0.000000 0.000001
 39   -4.457742 -1.054854 -0.746180 0.000000 0.000000 0.000000
 40   1.118101 -3.449769 3.237290 0.000000 0.000001 0.000000
 41   -4.433840 -1.059130 0.959566 -0.000001 0.000000 0.000000
 42   -0.657468 1.697302 -2.688614 0.000000 0.000002 0.000000
 43   -0.664068 1.698578 2.869377 0.000000 0.000002 0.000000
time 81
  0   -0.010486 -0.546892 -0.601210 0.000000 0.000000 -1.571449
  1   -1.093036 0.000002 -0.326057 -0.214108 -1.569036 -1.356583
  2   2.262337 0.113614 0.064702 -0.060071 -0.154589 -0.025185
  3   2.380047 0.353302 0.047440 -0.121913 -0.063199 -0.023732
  4   2.033756 0.190472 -0.000128 -0.182112 -0.069870 -0.353252
  5   2.451511 0.204909 -0.003447 -0.361953 -0.186269 -0.300813
  6   7.247600 -0.397300 -0.109469 0.000001 0.000021 0.156829
  7   -2.022252 -0.104661 3.136172 0.755847 -1.294870 -4.077640
  8   1.168026 -0.537438 -0.063437 -0.234030 0.984315 -0.087805
  9   6.790376 -0.619176 0.015206 0.041896 0.061517 -0.951948
 10   8.637599 0.544015 -0.090417 -3.729727 0.293538 0.164969
 11   6.790465 -0.619039 0.017802 0.035774 0.028002 -0.681803
 12   -2.022474 -0.104699 -2.873818 -2.149668 1.509502 -5.424379
 13   1.167898 -0.537463 0.063297 0.535149 -1.026986 -1.081121
 14   7.002743 -0.617765 -0.183752 0.021522 -0.191284 -1.642271
 15   8.209042 0.615527 -0.255885 1.832320 -0.135191 0.493420
 16   7.002735 -0.617911 -0.183641 -0.004721 -0.132137 -1.164613
 17   1.574674 0.609930 -0.000899 0.505721 0.077233 0.530531
 18   -0.602177 0.511412 -0.000006 0.000000 0.000000 0.000000
 19   3.673773 0.177020 1.119313 -0.000002 -0.000014 -0.174510
 20   3.673767 0.176993 -1.117566 0.000007 -0.000003 -0.174546
 21   3.942357 1.330634 1.627658 0.000002 -0.000011 -0.000026
 22   -0.246060 -0.011889 0.516521 -0.000011 0.000031 0.000025
 23   3.942374 1.330659 -1.631083 0.000019 0.000002 -0.000024
 24   -0.246150 -0.011872 -0.516511 -0.000005 -0.000006 0.000048
 25   4.941364 1.997338 1.629330 0.000018 -0.000001 -0.000024
 26   4.941382 1.997366 -1.629410 -0.000001 0.000005 -0.000024
 27   2.918368 1.615358 1.514501 -0.000019 -0.000022 -0.000050
 28   2.920798 1.614964 -1.501142 -0.000002 -0.000009 -0.000024
 29   8.824059 0.150544 0.091743 0.000006 -0.000231 -0.174534
 30   2.111085 -0.561179 1.784320 -0.000008 -0.000682 0.000024
 31   2.121290 -0.561289 -1.853599 0.000000 0.000000 -0.000002
 32   -0.810489 -0.093824 3.127092 0.564080 -3.064347 -0.563586
 33   14.298673 -0.408176 0.475484 -0.006392 -0.009799 -0.413535
 34   15.835795 0.581398 0.242756 -0.007436 -0.212263 -0.117847
 35   -0.815868 -0.091229 -3.114430 -0.120039 3.021422 -0.057357
 36   14.294526 -0.410349 -0.463635 0.001663 0.012787 -0.721549
 37   15.834409 0.579420 -0.284600 -0.182270 -0.002314 0.569929
 38   1.139685 -3.453749 -2.823813 0.000000 0.000000 0.000001
 39   -4.457742 -1.054854 -0.746180 0.000000 0.000000 0.000000
 40   1.118101 -3.449769 3.237290 0.000000 0.000001 0.000000
 41   -4.433840 -1.059130 0.959566 -0.000001 0.000000 0.000000
 42   -0.657468 1.697302 -2.688614 0.000000 0.000002 0.000000
 43   -0.664068 1.698578 2.869377 0.000000 0.000002 0.000000
time 82
  0   -0.010486 -0.546892 -0.601210 0.000000 0.000000 -1.571449
  1   -1.093036 0.000002 -0.326057 -0.214108 -1.569036 -1.356583
  2   2.262337 0.113614 0.064702 -0.055995 -0.157393 -0.022619
  3   2.380047 0.353302 0.047440 -0.119423 -0.066111 -0.021508
  4   2.033756 0.190472 -0.000128 -0.181116 -0.072195 -0.352237
  5   2.451511 0.204909 -0.003447 -0.359163 -0.196113 -0.297420
  6   7.247600 -0.397300 -0.109469 0.000001 0.000021 0.156829
  7   -2.022252 -0.104661 3.136172 0.856785 -1.293284 -4.173901
  8   1.168026 -0.537438 -0.063437 -0.222956 0.978730 -0.074457
  9   6.790376 -0.619176 0.015206 0.042118 0.063786 -0.979494
 10   8.637599 0.544015 -0.090417 -3.773671 0.270380 0.166416
 11   6.790465 -0.619039 0.017802 0.036504 0.029480 -0.701067
 12   -2.022474 -0.104699 -2.873818 -2.129165 1.508138 -5.410592
 13   1.167898 -0.537463 0.063297 0.516943 -0.933264 -1.201706
 14   7.002743 -0.617765 -0.183752 0.011616 -0.180155 -1.512160
 15   8.209042 0.615527 -0.255885 1.856623 -0.144346 0.503643
 16   7.002735 -0.617911 -0.183641 -0.006886 -0.122325 -1.074539
 17   1.574674 0.609930 -0.000899 0.518191 0.100569 0.537332
 18   -0.602177 0.511412 -0.000006 0.000000 0.000000 0.000000
 19   3.673773 0.177020 1.119313 -0.000002 -0.000014 -0.174510
 20   3.673767 0.176993 -1.117566 0.000007 -0.000003 -0.174546
 21   3.942357 1.330634 1.627658 0.000002 -0.000011 -0.000026
 22   -0.246060 -0.011889 0.516521 -0.000011 0.000031 0.000025
 23   3.942374 1.330659 -1.631083 0.000019 0.000002 -0.000024
 24   -0.246150 -0.011872 -0.516511 -0.000005 -0.000006 0.000048
 25   4.941364 1.997338 1.629330 0.000018 -0.000001 -0.000024
 26   4.941382 1.997366 -1.629410 -0.000001 0.000005 -0.000024
 27   2.918368 1.615358 1.514501 -0.000019 -0.000022 -0.000050
 28   2.920798 1.614964 -1.501142 -0.000002 -0.000009 -0.000024
 29   8.824059 0.150544 0.091743 0.000006 -0.000231 -0.174534
 30   2.111085 -0.561179 1.784320 -0.000008 -0.000682 0.000024
 31   2.121290 -0.561289 -1.853599 0.000000 0.000000 -0.000002
 32   -0.810489 -0.093824 3.127092 0.564080 -3.064347 -0.563586
 33   14.298673 -0.408176 0.475484 -0.006392 -0.009799 -0.413535
 34   15.835795 0.581398 0.242756 -0.007436 -0.212263 -0.117847
 35   -0.815868 -0.091229 -3.114430 -0.120039 3.021422 -0.057357
 36   14.294526 -0.410349 -0.463635 0.001663 0.012787 -0.721549
 37   15.834409 0.579420 -0.284600 -0.182270 -0.002314 0.569929
 38   1.139685 -3.453749 -2.823813 0.000000 0.000000 0.000001
 39   -4.457742 -1.054854 -0.746180 0.000000 0.000000 0.000000
 40   1.118101 -3.449769 3.237290 0.000000 0.000001 0.000000
 41   -4.433840 -1.059130 0.959566 -0.000001 0.000000 0.000000
 42   -0.657468 1.697302 -2.688614 0.000000 0.000002 0.000000
 43   -0.664068 1.698578 2.869377 0.000000 0.000002 0.000000
time 83
  0   -0.010486 -0.546892 -0.601210 0.000000 0.000000 -1.571449
  1   -1.093036 0.000002 -0.326057 -0.214108 -1.569036 -1.356583
  2   2.262337 0.113614 0.064702 -0.050900 -0.161480 -0.021589
  3   2.380047 0.353302 0.047440 -0.116603 -0.069479 -0.020508
  4   2.033756 0.190472 -0.000128 -0.179936 -0.074412 -0.350860
  5   2.451511 0.204909 -0.003447 -0.357554 -0.199403 -0.296257
  6   7.247600 -0.397300 -0.109469 0.000001 0.000021 0.156829
  7   -2.022252 -0.104661 3.136172 0.934717 -1.287087 -4.254385
  8   1.168026 -0.537438 -0.063437 -0.217324 0.969724 -0.061932
  9   6.790376 -0.619176 0.015206 0.042562 0.064854 -0.989833
 10   8.637599 0.544015 -0.090417 -3.805198 0.258836 0.169816
 11   6.790465 -0.619039 0.017802 0.036971 0.030134 -0.708334
 12   -2.022474 -0.104699 -2.873818 -2.215104 1.499518 -5.506812
 13   1.167898 -0.537463 0.063297 0.456419 -0.848593 -1.295535
 14   7.002743 -0.617765 -0.183752 0.004101 -0.169138 -1.394920
 15   8.209042 0.615527 -0.255885 1.849002 -0.025939 0.500997
 16   7.002735 -0.617911 -0.183641 -0.008063 -0.113472 -0.993129
 17   1.574674 0.609930 -0.000899 0.531921 0.120662 0.538847
 18   -0.602177 0.511412 -0.000006 0.000000 0.000000 0.000000
 19   3.673773 0.177020 1.119313 -0.000002 -0.000014 -0.174510
 20   3.673767 0.176993 -1.117566 0.000007 -0.000003 -0.174546
 21   3.942357 1.330634 1.627658 0.000002 -0.000011 -0.000026
 22   -0.246060 -0.011889 0.516521 -0.000011 0.000031 0.000025
 23   3.942374 1.330659 -1.631083 0.000019 0.000002 -0.000024
 24   -0.246150 -0.011872 -0.516511 -0.000005 -0.000006 0.000048
 25   4.941364 1.997338 1.629330 0.000018 -0.000001 -0.000024
 26   4.941382 1.997366 -1.629410 -0.000001 0.000005 -0.000024
 27   2.918368 1.615358 1.514501 -0.000019 -0.000022 -0.000050
 28   2.920798 1.614964 -1.501142 -0.000002 -0.000009 -0.000024
 29   8.824059 0.150544 0.091743 0.000006 -0.000231 -0.174534
 30   2.111085 -0.561179 1.784320 -0.000008 -0.000682 0.000024
 31   2.121290 -0.561289 -1.853599 0.000000 0.000000 -0.000002
 32   -0.810489 -0.093824 3.127092 0.564080 -3.064347 -0.563586
 33   14.298673 -0.408176 0.475484 -0.006392 -0.009799 -0.413535
 34   15.835795 0.581398 0.242756 -0.007436 -0.212263 -0.117847
 35   -0.815868 -0.091229 -3.114430 -0.120039 3.021422 -0.057357
 36   14.294526 -0.410349 -0.463635 0.001663 0.012787 -0.721549
 37   15.834409 0.579420 -0.284600 -0.182270 -0.002314 0.569929
 38   1.139685 -3.453749 -2.823813 0.000000 0.000000 0.000001
 39   -4.457742 -1.054854 -0.746180 0.000000 0.000000 0.000000
 40   1.118101 -3.449769 3.237290 0.000000 0.000001 0.000000
 41   -4.433840 -1.059130 0.959566 -0.000001 0.000000 0.000000
 42   -0.657468 1.697302 -2.688614 0.000000 0.000002 0.000000
 43   -0.664068 1.698578 2.869377 0.000000 0.000002 0.000000
time 84
  0   -0.010486 -0.546892 -0.601210 0.000000 0.000000 -1.571449
  1   -1.093036 0.000002 -0.326057 -0.214108 -1.569036 -1.356583
  2   2.262337 0.113614 0.064702 -0.045729 -0.165770 -0.021137
  3   2.380047 0.353302 0.047440 -0.113588 -0.072451 -0.020426
  4   2.033756 0.190472 -0.000128 -0.178903 -0.076102 -0.348359
  5   2.451511 0.204909 -0.003447 -0.356681 -0.197719 -0.296678
  6   7.247600 -0.397300 -0.109469 0.000001 0.000021 0.156829
  7   -2.022252 -0.104661 3.136172 0.972294 -1.279678 -4.293453
  8   1.168026 -0.537438 -0.063437 -0.215299 0.959057 -0.051494
  9   6.790376 -0.619176 0.015206 0.042950 0.065254 -0.991644
 10   8.637599 0.544015 -0.090417 -3.839632 0.243561 0.160773
 11   6.790465 -0.619039 0.017802 0.037292 0.030390 -0.709603
 12   -2.022474 -0.104699 -2.873818 -2.391294 1.488373 -5.695518
 13   1.167898 -0.537463 0.063297 0.421132 -0.789197 -1.365695
 14   7.002743 -0.617765 -0.183752 0.000286 -0.162722 -1.328998
 15   8.209042 0.615527 -0.255885 1.746252 0.139302 0.532509
 16   7.002735 -0.617911 -0.183641 -0.008440 -0.108623 -0.947540
 17   1.574674 0.609930 -0.000899 0.543985 0.134862 0.534116
 18   -0.602177 0.511412 -0.000006 0.000000 0.000000 0.000000
 19   3.673773 0.177020 1.119313 -0.000002 -0.000014 -0.174510
 20   3.673767 0.176993 -1.117566 0.000007 -0.000003 -0.174546
 21   3.942357 1.330634 1.627658 0.000002 -0.000011 -0.000026
 22   -0.246060 -0.011889 0.516521 -0.000011 0.000031 0.000025
 23   3.942374 1.330659 -1.631083 0.000019 0.000002 -0.000024
 24   -0.246150 -0.011872 -0.516511 -0.000005 -0.000006 0.000048
 25   4.941364 1.997338 1.629330 0.000018 -0.000001 -0.000024
 26   4.941382 1.997366 -1.629410 -0.000001 0.000005 -0.000024
 27   2.918368 1.615358 1.514501 -0.000019 -0.000022 -0.000050
 28   2.920798 1.614964 -1.501142 -0.000002 -0.000009 -0.000024
 29   8.824059 0.150544 0.091743 0.000006 -0.000231 -0.174534
 30   2.111085 -0.561179 1.784320 -0.000008 -0.000682 0.000024
 31   2.121290 -0.561289 -1.853599 0.000000 0.000000 -0.000002
 32   -0.810489 -0.093824 3.127092 0.564080 -3.064347 -0.563586
 33   14.298673 -0.408176 0.475484 -0.006392 -0.009799 -0.413535
 34   15.835795 0.581398 0.242756 -0.007436 -0.212263 -0.117847
 35   -0.815868 -0.091229 -3.114430 -0.120039 3.021422 -0.057357
 36   14.294526 -0.410349 -0.463635 0.001663 0.012787 -0.721549
 37   15.834409 0.579420 -0.284600 -0.182270 -0.002314 0.569929
 38   1.139685 -3.453749 -2.823813 0.000000 0.000000 0.000001
 39   -4.457742 -1.054854 -0.746180 0.000000 0.000000 0.000000
 40   1.118101 -3.449769 3.237290 0.000000 0.000001 0.000000
 41   -4.433840 -1.059130 0.959566 -0.000001 0.000000 0.000000
 42   -0.657468 1.697302 -2.688614 0.000000 0.000002 0.000000
 43   -0.664068 1.698578 2.869377 0.000000 0.000002 0.000000
time 85
  0   -0.010486 -0.546892 -0.601210 0.000000 0.000000 -1.571449
  1   -1.093036 0.000002 -0.326057 -0.214108 -1.569036 -1.356583
  2   2.262337 0.113614 0.064702 -0.040876 -0.169821 -0.021246
  3   2.380047 0.353302 0.047440 -0.110647 -0.075171 -0.020528
  4   2.033756 0.190472 -0.000128 -0.177612 -0.078727 -0.348504
  5   2.451511 0.204909 -0.003447 -0.356236 -0.194977 -0.297123
  6   7.247600 -0.397300 -0.109469 0.000001 0.000021 0.156829
  7   -2.022252 -0.104661 3.136172 0.968939 -1.271088 -4.286503
  8   1.168026 -0.537438 -0.063437 -0.210110 0.944315 -0.037640
  9   6.790376 -0.619176 0.015206 0.043172 0.065387 -0.992097
 10   8.637599 0.544015 -0.090417 -3.882079 0.213997 0.135308
 11   6.790465 -0.619039 0.017802 0.037467 0.030475 -0.709949
 12   -2.022474 -0.104699 -2.873818 -2.582908 1.481610 -5.893989
 13   1.167898 -0.537463 0.063297 0.417828 -0.757312 -1.401168
 14   7.002743 -0.617765 -0.183752 -0.001194 -0.159599 -1.301194
 15   8.209042 0.615527 -0.255885 1.723315 0.113124 0.546401
 16   7.002735 -0.617911 -0.183641 -0.008581 -0.106198 -0.928112
 17   1.574674 0.609930 -0.000899 0.553328 0.145228 0.529828
 18   -0.602177 0.511412 -0.000006 0.000000 0.000000 0.000000
 19   3.673773 0.177020 1.119313 -0.000002 -0.000014 -0.174510
 20   3.673767 0.176993 -1.117566 0.000007 -0.000003 -0.174546
 21   3.942357 1.330634 1.627658 0.000002 -0.000011 -0.000026
 22   -0.246060 -0.011889 0.516521 -0.000011 0.000031 0.000025
 23   3.942374 1.330659 -1.631083 0.000019 0.000002 -0.000024
 24   -0.246150 -0.011872 -0.516511 -0.000005 -0.000006 0.000048
 25   4.941364 1.997338 1.629330 0.000018 -0.000001 -0.000024
 26   4.941382 1.997366 -1.629410 -0.000001 0.000005 -0.000024
 27   2.918368 1.615358 1.514501 -0.000019 -0.000022 -0.000050
 28   2.920798 1.614964 -1.501142 -0.000002 -0.000009 -0.000024
 29   8.824059 0.150544 0.091743 0.000006 -0.000231 -0.174534
 30   2.111085 -0.561179 1.784320 -0.000008 -0.000682 0.000024
 31   2.121290 -0.561289 -1.853599 0.000000 0.000000 -0.000002
 32   -0.810489 -0.093824 3.127092 0.564080 -3.064347 -0.563586
 33   14.298673 -0.408176 0.475484 -0.006392 -0.009799 -0.413535
 34   15.835795 0.581398 0.242756 -0.007436 -0.212263 -0.117847
 35   -0.815868 -0.091229 -3.114430 -0.120039 3.021422 -0.057357
 36   14.294526 -0.410349 -0.463635 0.001663 0.012787 -0.721549
 37   15.834409 0.579420 -0.284600 -0.182270 -0.002314 0.569929
 38   1.139685 -3.453749 -2.823813 0.000000 0.000000 0.000001
 39   -4.457742 -1.054854 -0.746180 0.000000 0.000000 0.000000
 40   1.118101 -3.449769 3.237290 0.000000 0.000001 0.000000
 41   -4.433840 -1.059130 0.959566 -0.000001 0.000000 0.000000
 42   -0.657468 1.697302 -2.688614 0.000000 0.000002 0.000000
 43   -0.664068 1.698578 2.869377 0.000000 0.000002 0.000000
time 86
  0   -0.010486 -0.546892 -0.601210 0.000000 0.000000 -1.571449
  1   -1.093036 0.000002 -0.326057 -0.214108 -1.569036 -1.356583
  2   2.262337 0.113614 0.064702 -0.036660 -0.172206 -0.021517
  3   2.380047 0.353302 0.047440 -0.107947 -0.076550 -0.020977
  4   2.033756 0.190472 -0.000128 -0.176266 -0.081315 -0.349229
  5   2.451511 0.204909 -0.003447 -0.355363 -0.195721 -0.297099
  6   7.247600 -0.397300 -0.109469 0.000001 0.000021 0.156829
  7   -2.022252 -0.104661 3.136172 0.958107 -1.262152 -4.267157
  8   1.168026 -0.537438 -0.063437 -0.202643 0.925699 -0.019294
  9   6.790376 -0.619176 0.015206 0.043172 0.065588 -0.992776
 10   8.637599 0.544015 -0.090417 -3.925495 0.184785 0.112881
 11   6.790465 -0.619039 0.017802 0.037555 0.030589 -0.710295
 12   -2.022474 -0.104699 -2.873818 -2.741564 1.475602 0.226548
 13   1.167898 -0.537463 0.063297 0.402715 -0.732293 -1.421205
 14   7.002743 -0.617765 -0.183752 -0.001649 -0.158690 -1.289148
 15   8.209042 0.615527 -0.255885 1.739925 0.109795 0.548806
 16   7.002735 -0.617911 -0.183641 -0.008487 -0.105465 -0.919778
 17   1.574674 0.609930 -0.000899 0.562142 0.156848 0.533857
 18   -0.602177 0.511412 -0.000006 0.000000 0.000000 0.000000
 19   3.673773 0.177020 1.119313 -0.000002 -0.000014 -0.174510
 20   3.673767 0.176993 -1.117566 0.000007 -0.000003 -0.174546
 21   3.942357 1.330634 1.627658 0.000002 -0.000011 -0.000026
 22   -0.246060 -0.011889 0.516521 -0.000011 0.000031 0.000025
 23   3.942374 1.330659 -1.631083 0.000019 0.000002 -0.000024
 24   -0.246150 -0.011872 -0.516511 -0.000005 -0.000006 0.000048
 25   4.941364 1.997338 1.629330 0.000018 -0.000001 -0.000024
 26   4.941382 1.997366 -1.629410 -0.000001 0.000005 -0.000024
 27   2.918368 1.615358 1.514501 -0.000019 -0.000022 -0.000050
 28   2.920798 1.614964 -1.501142 -0.000002 -0.000009 -0.000024
 29   8.824059 0.150544 0.091743 0.000006 -0.000231 -0.174534
 30   2.111085 -0.561179 1.784320 -0.000008 -0.000682 0.000024
 31   2.121290 -0.561289 -1.853599 0.000000 0.000000 -0.000002
 32   -0.810489 -0.093824 3.127092 0.564080 -3.064347 -0.563586
 33   14.298673 -0.408176 0.475484 -0.006392 -0.009799 -0.413535
 34   15.835795 0.581398 0.242756 -0.007436 -0.212263 -0.117847
 35   -0.815868 -0.091229 -3.114430 -0.120039 3.021422 -0.057357
 36   14.294526 -0.410349 -0.463635 0.001663 0.012787 -0.721549
 37   15.834409 0.579420 -0.284600 -0.182270 -0.002314 0.569929
 38   1.139685 -3.453749 -2.823813 0.000000 0.000000 0.000001
 39   -4.457742 -1.054854 -0.746180 0.000000 0.000000 0.000000
 40   1.118101 -3.449769 3.237290 0.000000 0.000001 0.000000
 41   -4.433840 -1.059130 0.959566 -0.000001 0.000000 0.000000
 42   -0.657468 1.697302 -2.688614 0.000000 0.000002 0.000000
 43   -0.664068 1.698578 2.869377 0.000000 0.000002 0.000000
time 87
  0   -0.010486 -0.546892 -0.601210 0.000000 0.000000 -1.571449
  1   -1.093036 0.000002 -0.326057 -0.214108 -1.569036 -1.356583
  2   2.262337 0.113614 0.064702 -0.032902 -0.175082 -0.022800
  3   2.380047 0.353302 0.047440 -0.105592 -0.077616 -0.021712
  4   2.033756 0.190472 -0.000128 -0.175602 -0.083928 -0.349809
  5   2.451511 0.204909 -0.003447 -0.354182 -0.197601 -0.296975
  6   7.247600 -0.397300 -0.109469 0.000001 0.000021 0.156829
  7   -2.022252 -0.104661 3.136172 0.941428 -1.255925 -4.242270
  8   1.168026 -0.537438 -0.063437 -0.190240 0.904919 0.004365
  9   6.790376 -0.619176 0.015206 0.043061 0.065921 -0.994210
 10   8.637599 0.544015 -0.090417 -3.958519 0.166906 0.098774
 11   6.790465 -0.619039 0.017802 0.037526 0.030873 -0.711218
 12   -2.022474 -0.104699 -2.873818 3.404555 1.461294 0.088011
 13   1.167898 -0.537463 0.063297 0.388585 -0.703052 -1.432162
 14   7.002743 -0.617765 -0.183752 -0.001763 -0.158690 -1.285848
 15   8.209042 0.615527 -0.255885 1.790976 0.073781 0.582784
 16   7.002735 -0.617911 -0.183641 -0.008487 -0.105465 -0.917405
 17   1.574674 0.609930 -0.000899 0.568804 0.167001 0.542432
 18   -0.602177 0.511412 -0.000006 0.000000 0.000000 0.000000
 19   3.673773 0.177020 1.119313 -0.000002 -0.000014 -0.174510
 20   3.673767 0.176993 -1.117566 0.000007 -0.000003 -0.174546
 21   3.942357 1.330634 1.627658 0.000002 -0.000011 -0.000026
 22   -0.246060 -0.011889 0.516521 -0.000011 0.000031 0.000025
 23   3.942374 1.330659 -1.631083 0.000019 0.000002 -0.000024
 24   -0.246150 -0.011872 -0.516511 -0.000005 -0.000006 0.000048
 25   4.941364 1.997338 1.629330 0.000018 -0.000001 -0.000024
 26   4.941382 1.997366 -1.629410 -0.000001 0.000005 -0.000024
 27   2.918368 1.615358 1.514501 -0.000019 -0.000022 -0.000050
 28   2.920798 1.614964 -1.501142 -0.000002 -0.000009 -0.000024
 29   8.824059 0.150544 0.091743 0.000006 -0.000231 -0.174534
 30   2.111085 -0.561179 1.784320 -0.000008 -0.000682 0.000024
 31   2.121290 -0.561289 -1.853599 0.000000 0.000000 -0.000002
 32   -0.810489 -0.093824 3.127092 0.564080 -3.064347 -0.563586
 33   14.298673 -0.408176 0.475484 -0.006392 -0.009799 -0.413535
 34   15.835795 0.581398 0.242756 -0.007436 -0.212263 -0.117847
 35   -0.815868 -0.091229 -3.114430 -0.120039 3.021422 -0.057357
 36   14.294526 -0.410349 -0.463635 0.001663 0.012787 -0.721549
 37   15.834409 0.579420 -0.284600 -0.182270 -0.002314 0.569929
 38   1.139685 -3.453749 -2.823813 0.000000 0.000000 0.000001
 39   -4.457742 -1.054854 -0.746180 0.000000 0.000000 0.000000
 40   1.118101 -3.449769 3.237290 0.000000 0.000001 0.000000
 41   -4.433840 -1.059130 0.959566 -0.000001 0.000000 0.000000
 42   -0.657468 1.697302 -2.688614 0.000000 0.000002 0.000000
 43   -0.664068 1.698578 2.869377 0.000000 0.000002 0.000000
time 88
  0   -0.010486 -0.546892 -0.601210 0.000000 0.000000 -1.571449
  1   -1.093036 0.000002 -0.326057 -0.214108 -1.569036 -1.356583
  2   2.262337 0.113614 0.064702 -0.028584 -0.178378 -0.027119
  3   2.380047 0.353302 0.047440 -0.104077 -0.079654 -0.023875
  4   2.033756 0.190472 -0.000128 -0.175436 -0.085426 -0.349954
  5   2.451511 0.204909 -0.003447 -0.352710 -0.201387 -0.296554
  6   7.247600 -0.397300 -0.109469 0.000001 0.000021 0.156829
  7   -2.022252 -0.104661 3.136172 0.938648 -1.255262 -4.243491
  8   1.168026 -0.537438 -0.063437 -0.150563 0.892944 0.055290
  9   6.790376 -0.619176 0.015206 0.042839 0.066589 -0.997606
 10   8.637599 0.544015 -0.090417 -3.970584 0.153250 0.084522
 11   6.790465 -0.619039 0.017802 0.037409 0.031328 -0.713698
 12   -2.022474 -0.104699 -2.873818 3.271958 1.447681 -0.045835
 13   1.167898 -0.537463 0.063297 0.375159 -0.669438 -1.431012
 14   7.002743 -0.617765 -0.183752 -0.001479 -0.159258 -1.294016
 15   8.209042 0.615527 -0.255885 1.884737 -0.031689 0.595533
 16   7.002735 -0.617911 -0.183641 -0.008581 -0.105860 -0.923090
 17   1.574674 0.609930 -0.000899 0.575384 0.178220 0.552190
 18   -0.602177 0.511412 -0.000006 0.000000 0.000000 0.000000
 19   3.673773 0.177020 1.119313 -0.000002 -0.000014 -0.174510
 20   3.673767 0.176993 -1.117566 0.000007 -0.000003 -0.174546
 21   3.942357 1.330634 1.627658 0.000002 -0.000011 -0.000026
 22   -0.246060 -0.011889 0.516521 -0.000011 0.000031 0.000025
 23   3.942374 1.330659 -1.631083 0.000019 0.000002 -0.000024
 24   -0.246150 -0.011872 -0.516511 -0.000005 -0.000006 0.000048
 25   4.941364 1.997338 1.629330 0.000018 -0.000001 -0.000024
 26   4.941382 1.997366 -1.629410 -0.000001 0.000005 -0.000024
 27   2.918368 1.615358 1.514501 -0.000019 -0.000022 -0.000050
 28   2.920798 1.614964 -1.501142 -0.000002 -0.000009 -0.000024
 29   8.824059 0.150544 0.091743 0.000006 -0.000231 -0.174534
 30   2.111085 -0.561179 1.784320 -0.000008 -0.000682 0.000024
 31   2.121290 -0.561289 -1.853599 0.000000 0.000000 -0.000002
 32   -0.810489 -0.093824 3.127092 0.564080 -3.064347 -0.563586
 33   14.298673 -0.408176 0.475484 -0.006392 -0.009799 -0.413535
 34   15.835795 0.581398 0.242756 -0.007436 -0.212263 -0.117847
 35   -0.815868 -0.091229 -3.114430 -0.120039 3.021422 -0.057357
 36   14.294526 -0.410349 -0.463635 0.001663 0.012787 -0.721549
 37   15.834409 0.579420 -0.284600 -0.182270 -0.002314 0.569929
 38   1.139685 -3.453749 -2.823813 0.000000 0.000000 0.000001
 39   -4.457742 -1.054854 -0.746180 0.000000 0.000000 0.000000
 40   1.118101 -3.449769 3.237290 0.000000 0.000001 0.000000
 41   -4.433840 -1.059130 0.959566 -0.000001 0.000000 0.000000
 42   -0.657468 1.697302 -2.688614 0.000000 0.000002 0.000000
 43   -0.664068 1.698578 2.869377 0.000000 0.000002 0.000000
time 89
  0   -0.010486 -0.546892 -0.601210 0.000000 0.000000 -1.571449
  1   -1.093036 0.000002 -0.326057 -0.214108 -1.569036 -1.356583
  2   2.262337 0.113614 0.064702 -0.026151 -0.183399 -0.031799
  3   2.380047 0.353302 0.047440 -0.103567 -0.083105 -0.025691
  4   2.033756 0.190472 -0.000128 -0.175436 -0.086864 -0.350026
  5   2.451511 0.204909 -0.003447 -0.351837 -0.205369 -0.296133
  6   7.247600 -0.397300 -0.109469 0.000001 0.000021 0.156829
  7   -2.022252 -0.104661 3.136172 0.957436 -1.254599 -4.271665
  8   1.168026 -0.537438 -0.063437 -0.099812 0.889623 0.127217
  9   6.790376 -0.619176 0.015206 0.042451 0.067590 -1.007492
 10   8.637599 0.544015 -0.090417 -3.965476 0.142058 0.068751
 11   6.790465 -0.619039 0.017802 0.037380 0.032010 -0.720619
 12   -2.022474 -0.104699 -2.873818 -0.007326 1.698129 -3.320277
 13   1.167898 -0.537463 0.063297 0.347815 -0.645283 -1.370235
 14   7.002743 -0.617765 -0.183752 0.003759 -0.168741 -1.390382
 15   8.209042 0.615527 -0.255885 1.940246 -0.122102 0.589700
 16   7.002735 -0.617911 -0.183641 -0.008110 -0.113190 -0.990204
 17   1.574674 0.609930 -0.000899 0.584321 0.190858 0.565311
 18   -0.602177 0.511412 -0.000006 0.000000 0.000000 0.000000
 19   3.673773 0.177020 1.119313 -0.000002 -0.000014 -0.174510
 20   3.673767 0.176993 -1.117566 0.000007 -0.000003 -0.174546
 21   3.942357 1.330634 1.627658 0.000002 -0.000011 -0.000026
 22   -0.246060 -0.011889 0.516521 -0.000011 0.000031 0.000025
 23   3.942374 1.330659 -1.631083 0.000019 0.000002 -0.000024
 24   -0.246150 -0.011872 -0.516511 -0.000005 -0.000006 0.000048
 25   4.941364 1.997338 1.629330 0.000018 -0.000001 -0.000024
 26   4.941382 1.997366 -1.629410 -0.000001 0.000005 -0.000024
 27   2.918368 1.615358 1.514501 -0.000019 -0.000022 -0.000050
 28   2.920798 1.614964 -1.501142 -0.000002 -0.000009 -0.000024
 29   8.824059 0.150544 0.091743 0.000006 -0.000231 -0.174534
 30   2.111085 -0.561179 1.784320 -0.000008 -0.000682 0.000024
 31   2.121290 -0.561289 -1.853599 0.000000 0.000000 -0.000002
 32   -0.810489 -0.093824 3.127092 0.564080 -3.064347 -0.563586
 33   14.298673 -0.408176 0.475484 -0.006392 -0.009799 -0.413535
 34   15.835795 0.581398 0.242756 -0.007436 -0.212263 -0.117847
 35   -0.815868 -0.091229 -3.114430 -0.120039 3.021422 -0.057357
 36   14.294526 -0.410349 -0.463635 0.001663 0.012787 -0.721549
 37   15.834409 0.579420 -0.284600 -0.182270 -0.002314 0.569929
 38   1.139685 -3.453749 -2.823813 0.000000 0.000000 0.000001
 39   -4.457742 -1.054854 -0.746180 0.000000 0.000000 0.000000
 40   1.118101 -3.449769 3.237290 0.000000 0.000001 0.000000
 41   -4.433840 -1.059130 0.959566 -0.000001 0.000000 0.000000
 42   -0.657468 1.697302 -2.688614 0.000000 0.000002 0.000000
 43   -0.664068 1.698578 2.869377 0.000000 0.000002 0.000000
time 90
  0   -0.010486 -0.546892 -0.601210 0.000000 0.000000 -1.571449
  1   -1.093036 0.000002 -0.326057 -0.214108 -1.569036 -1.356583
  2   2.262337 0.113614 0.064702 -0.027272 -0.191237 -0.040058
  3   2.380047 0.353302 0.047440 -0.106447 -0.089769 -0.030588
  4   2.033756 0.190472 -0.000128 -0.175473 -0.089213 -0.350352
  5   2.451511 0.204909 -0.003447 -0.351700 -0.211727 -0.295315
  6   7.247600 -0.397300 -0.109469 0.000001 0.000021 0.156829
  7   -2.022252 -0.104661 3.136172 0.970281 -1.257338 -4.298149
  8   1.168026 -0.537438 -0.063437 -0.036975 0.890982 0.217047
  9   6.790376 -0.619176 0.015206 0.042007 0.069258 -1.026963
 10   8.637599 0.544015 -0.090417 -3.954820 0.131570 0.058478
 11   6.790465 -0.619039 0.017802 0.037526 0.033204 -0.734288
 12   -2.022474 -0.104699 -2.873818 -0.297047 1.704195 -3.589884
 13   1.167898 -0.537463 0.063297 0.380572 -0.683067 -1.242083
 14   7.002743 -0.617765 -0.183752 0.022832 -0.192534 -1.657452
 15   8.209042 0.615527 -0.255885 2.042996 -0.279701 0.599803
 16   7.002735 -0.617911 -0.183641 -0.004438 -0.133208 -1.175100
 17   1.574674 0.609930 -0.000899 0.592363 0.197816 0.577804
 18   -0.602177 0.511412 -0.000006 0.000000 0.000000 0.000000
 19   3.673773 0.177020 1.119313 -0.000002 -0.000014 -0.174510
 20   3.673767 0.176993 -1.117566 0.000007 -0.000003 -0.174546
 21   3.942357 1.330634 1.627658 0.000002 -0.000011 -0.000026
 22   -0.246060 -0.011889 0.516521 -0.000011 0.000031 0.000025
 23   3.942374 1.330659 -1.631083 0.000019 0.000002 -0.000024
 24   -0.246150 -0.011872 -0.516511 -0.000005 -0.000006 0.000048
 25   4.941364 1.997338 1.629330 0.000018 -0.000001 -0.000024
 26   4.941382 1.997366 -1.629410 -0.000001 0.000005 -0.000024
 27   2.918368 1.615358 1.514501 -0.000019 -0.000022 -0.000050
 28   2.920798 1.614964 -1.501142 -0.000002 -0.000009 -0.000024
 29   8.824059 0.150544 0.091743 0.000006 -0.000231 -0.174534
 30   2.111085 -0.561179 1.784320 -0.000008 -0.000682 0.000024
 31   2.121290 -0.561289 -1.853599 0.000000 0.000000 -0.000002
 32   -0.810489 -0.093824 3.127092 0.564080 -3.064347 -0.563586
 33   14.298673 -0.408176 0.475484 -0.006392 -0.009799 -0.413535
 34   15.835795 0.581398 0.242756 -0.007436 -0.212263 -0.117847
 35   -0.815868 -0.091229 -3.114430 -0.120039 3.021422 -0.057357
 36   14.294526 -0.410349 -0.463635 0.001663 0.012787 -0.721549
 37   15.834409 0.579420 -0.284600 -0.182270 -0.002314 0.569929
 38   1.139685 -3.453749 -2.823813 0.000000 0.000000 0.000001
 39   -4.457742 -1.054854 -0.746180 0.000000 0.000000 0.000000
 40   1.118101 -3.449769 3.237290 0.000000 0.000001 0.000000
 41   -4.433840 -1.059130 0.959566 -0.000001 0.000000 0.000000
 42   -0.657468 1.697302 -2.688614 0.000000 0.000002 0.000000
 43   -0.664068 1.698578 2.869377 0.000000 0.000002 0.000000
time 91
  0   -0.010486 -0.546892 -0.601210 0.000000 0.000000 -1.571449
  1   -1.093036 0.000002 -0.326057 -0.214108 -1.569036 -1.356583
  2   2.262337 0.113614 0.064702 -0.035182 -0.197218 -0.045913
  3   2.380047 0.353302 0.047440 -0.113468 -0.097115 -0.044076
  4   2.033756 0.190472 -0.000128 -0.176432 -0.096116 -0.364090
  5   2.451511 0.204909 -0.003447 -0.350759 -0.229796 -0.299550
  6   7.247600 -0.397300 -0.109469 0.000001 0.000021 0.156829
  7   -2.022252 -0.104661 3.136172 0.940086 -1.280687 -4.264621
  8   1.168026 -0.537438 -0.063437 0.029660 0.880768 0.284103
  9   6.790376 -0.619176 0.015206 0.041286 0.073063 -1.065602
 10   8.637599 0.544015 -0.090417 -3.953059 0.131781 0.059202
 11   6.790465 -0.619039 0.017802 0.037847 0.035677 -0.761279
 12   -2.022474 -0.104699 -2.873818 2.327684 1.420544 -0.925792
 13   1.167898 -0.537463 0.063297 0.408198 -0.716630 -0.962594
 14   7.002743 -0.617765 -0.183752 0.060350 -0.217860 -2.044980
 15   8.209042 0.615527 -0.255885 2.349590 -0.400529 0.490413
 16   7.002735 -0.617911 -0.183641 0.007330 -0.161064 -1.442895
 17   1.574674 0.609930 -0.000899 0.601219 0.199520 0.589816
 18   -0.602177 0.511412 -0.000006 0.000000 0.000000 0.000000
 19   3.673773 0.177020 1.119313 -0.000002 -0.000014 -0.174510
 20   3.673767 0.176993 -1.117566 0.000007 -0.000003 -0.174546
 21   3.942357 1.330634 1.627658 0.000002 -0.000011 -0.000026
 22   -0.246060 -0.011889 0.516521 -0.000011 0.000031 0.000025
 23   3.942374 1.330659 -1.631083 0.000019 0.000002 -0.000024
 24   -0.246150 -0.011872 -0.516511 -0.000005 -0.000006 0.000048
 25   4.941364 1.997338 1.629330 0.000018 -0.000001 -0.000024
 26   4.941382 1.997366 -1.629410 -0.000001 0.000005 -0.000024
 27   2.918368 1.615358 1.514501 -0.000019 -0.000022 -0.000050
 28   2.920798 1.614964 -1.501142 -0.000002 -0.000009 -0.000024
 29   8.824059 0.150544 0.091743 0.000006 -0.000231 -0.174534
 30   2.111085 -0.561179 1.784320 -0.000008 -0.000682 0.000024
 31   2.121290 -0.561289 -1.853599 0.000000 0.000000 -0.000002
 32   -0.810489 -0.093824 3.127092 0.564080 -3.064347 -0.563586
 33   14.298673 -0.408176 0.475484 -0.006392 -0.009799 -0.413535
 34   15.835795 0.581398 0.242756 -0.007436 -0.212263 -0.117847
 35   -0.815868 -0.091229 -3.114430 -0.120039 3.021422 -0.057357
 36   14.294526 -0.410349 -0.463635 0.001663 0.012787 -0.721549
 37   15.834409 0.579420 -0.284600 -0.182270 -0.002314 0.569929
 38   1.139685 -3.453749 -2.823813 0.000000 0.000000 0.000001
 39   -4.457742 -1.054854 -0.746180 0.000000 0.000000 0.000000
 40   1.118101 -3.449769 3.237290 0.000000 0.000001 0.000000
 41   -4.433840 -1.059130 0.959566 -0.000001 0.000000 0.000000
 42   -0.657468 1.697302 -2.688614 0.000000 0.000002 0.000000
 43   -0.664068 1.698578 2.869377 0.000000 0.000002 0.000000
time 92
  0   -0.010486 -0.546892 -0.601210 0.000000 0.000000 -1.571449
  1   -1.093036 0.000002 -0.326057 -0.214108 -1.569036 -1.356583
  2   2.262337 0.113614 0.064702 -0.048251 -0.203833 -0.049256
  3   2.380047 0.353302 0.047440 -0.123458 -0.103299 -0.060380
  4   2.033756 0.190472 -0.000128 -0.177944 -0.108329 -0.380981
  5   2.451511 0.204909 -0.003447 -0.351700 -0.243465 -0.307029
  6   7.247600 -0.397300 -0.109469 0.000001 0.000021 0.156829
  7   -2.022252 -0.104661 3.136172 0.853526 -1.294841 -4.157466
  8   1.168026 -0.537438 -0.063437 0.074969 0.857875 0.331485
  9   6.790376 -0.619176 0.015206 0.040065 0.080538 -1.141447
 10   8.637599 0.544015 -0.090417 -3.931571 0.141284 0.084884
 11   6.790465 -0.619039 0.017802 0.038869 0.040964 -0.814225
 12   -2.022474 -0.104699 -2.873818 1.826708 1.386702 -1.394253
 13   1.167898 -0.537463 0.063297 0.384298 -0.821387 -0.374983
 14   7.002743 -0.617765 -0.183752 0.096559 -0.227910 -2.355448
 15   8.209042 0.615527 -0.255885 2.627063 -0.540348 0.241264
 16   7.002735 -0.617911 -0.183641 0.021971 -0.181251 -1.657264
 17   1.574674 0.609930 -0.000899 0.636030 0.195118 0.605599
 18   -0.602177 0.511412 -0.000006 0.000000 0.000000 0.000000
 19   3.673773 0.177020 1.119313 -0.000002 -0.000014 -0.174510
 20   3.673767 0.176993 -1.117566 0.000007 -0.000003 -0.174546
 21   3.942357 1.330634 1.627658 0.000002 -0.000011 -0.000026
 22   -0.246060 -0.011889 0.516521 -0.000011 0.000031 0.000025
 23   3.942374 1.330659 -1.631083 0.000019 0.000002 -0.000024
 24   -0.246150 -0.011872 -0.516511 -0.000005 -0.000006 0.000048
 25   4.941364 1.997338 1.629330 0.000018 -0.000001 -0.000024
 26   4.941382 1.997366 -1.629410 -0.000001 0.000005 -0.000024
 27   2.918368 1.615358 1.514501 -0.000019 -0.000022 -0.000050
 28   2.920798 1.614964 -1.501142 -0.000002 -0.000009 -0.000024
 29   8.824059 0.150544 0.091743 0.000006 -0.000231 -0.174534
 30   2.111085 -0.561179 1.784320 -0.000008 -0.000682 0.000024
 31   2.121290 -0.561289 -1.853599 0.000000 0.000000 -0.000002
 32   -0.810489 -0.093824 3.127092 0.564080 -3.064347 -0.563586
 33   14.298673 -0.408176 0.475484 -0.006392 -0.009799 -0.413535
 34   15.835795 0.581398 0.242756 -0.007436 -0.212263 -0.117847
 35   -0.815868 -0.091229 -3.114430 -0.120039 3.021422 -0.057357
 36   14.294526 -0.410349 -0.463635 0.001663 0.012787 -0.721549
 37   15.834409 0.579420 -0.284600 -0.182270 -0.002314 0.569929
 38   1.139685 -3.453749 -2.823813 0.000000 0.000000 0.000001
 39   -4.457742 -1.054854 -0.746180 0.000000 0.000000 0.000000
 40   1.118101 -3.449769 3.237290 0.000000 0.000001 0.000000
 41   -4.433840 -1.059130 0.959566 -0.000001 0.000000 0.000000
 42   -0.657468 1.697302 -2.688614 0.000000 0.000002 0.000000
 43   -0.664068 1.698578 2.869377 0.000000 0.000002 0.000000
time 93
  0   -0.010486 -0.546892 -0.601210 0.000000 0.000000 -1.571449
  1   -1.093036 0.000002 -0.326057 -0.214108 -1.569036 -1.356583
  2   2.262337 0.113614 0.064702 -0.068898 -0.206254 -0.053177
  3   2.380047 0.353302 0.047440 -0.138009 -0.103671 -0.074664
  4   2.033756 0.190472 -0.000128 -0.181725 -0.117617 -0.393160
  5   2.451511 0.204909 -0.003447 -0.354781 -0.251260 -0.312948
  6   7.247600 -0.397300 -0.109469 0.000001 0.000021 0.156829
  7   -2.022252 -0.104661 3.136172 0.700920 -1.293457 -3.978561
  8   1.168026 -0.537438 -0.063437 0.084018 0.831762 0.350653
  9   6.790376 -0.619176 0.015206 0.037846 0.089481 -1.230725
 10   8.637599 0.544015 -0.090417 -3.891942 0.167680 0.129014
 11   6.790465 -0.619039 0.017802 0.039686 0.047189 -0.876572
 12   -2.022474 -0.104699 -2.873818 1.624076 1.339712 -1.583150
 13   1.167898 -0.537463 0.063297 0.149445 -1.066143 -0.511307
 14   7.002743 -0.617765 -0.183752 0.083977 -0.225582 -2.251491
 15   8.209042 0.615527 -0.255885 2.215059 -0.198064 0.655911
 16   7.002735 -0.617911 -0.183641 0.016557 -0.174766 -1.585458
 17   1.574674 0.609930 -0.000899 0.677828 0.151926 0.612141
 18   -0.602177 0.511412 -0.000006 0.000000 0.000000 0.000000
 19   3.673773 0.177020 1.119313 -0.000002 -0.000014 -0.174510
 20   3.673767 0.176993 -1.117566 0.000007 -0.000003 -0.174546
 21   3.942357 1.330634 1.627658 0.000002 -0.000011 -0.000026
 22   -0.246060 -0.011889 0.516521 -0.000011 0.000031 0.000025
 23   3.942374 1.330659 -1.631083 0.000019 0.000002 -0.000024
 24   -0.246150 -0.011872 -0.516511 -0.000005 -0.000006 0.000048
 25   4.941364 1.997338 1.629330 0.000018 -0.000001 -0.000024
 26   4.941382 1.997366 -1.629410 -0.000001 0.000005 -0.000024
 27   2.918368 1.615358 1.514501 -0.000019 -0.000022 -0.000050
 28   2.920798 1.614964 -1.501142 -0.000002 -0.000009 -0.000024
 29   8.824059 0.150544 0.091743 0.000006 -0.000231 -0.174534
 30   2.111085 -0.561179 1.784320 -0.000008 -0.000682 0.000024
 31   2.121290 -0.561289 -1.853599 0.000000 0.000000 -0.000002
 32   -0.810489 -0.093824 3.127092 0.564080 -3.064347 -0.563586
 33   14.298673 -0.408176 0.475484 -0.006392 -0.009799 -0.413535
 34   15.835795 0.581398 0.242756 -0.007436 -0.212263 -0.117847
 35   -0.815868 -0.091229 -3.114430 -0.120039 3.021422 -0.057357
 36   14.294526 -0.410349 -0.463635 0.001663 0.012787 -0.721549
 37   15.834409 0.579420 -0.284600 -0.182270 -0.002314 0.569929
 38   1.139685 -3.453749 -2.823813 0.000000 0.000000 0.000001
 39   -4.457742 -1.054854 -0.746180 0.000000 0.000000 0.000000
 40   1.118101 -3.449769 3.237290 0.000000 0.000001 0.000000
 41   -4.433840 -1.059130 0.959566 -0.000001 0.000000 0.000000
 42   -0.657468 1.697302 -2.688614 0.000000 0.000002 0.000000
 43   -0.664068 1.698578 2.869377 0.000000 0.000002 0.000000
time 94
  0   -0.010486 -0.546892 -0.601210 0.000000 0.000000 -1.571449
  1   -1.093036 0.000002 -0.326057 -0.214108 -1.569036 -1.356583
  2   2.262337 0.113614 0.064702 -0.071675 -0.198212 -0.055454
  3   2.380047 0.353302 0.047440 -0.138204 -0.097954 -0.074950
  4   2.033756 0.190472 -0.000128 -0.182186 -0.112631 -0.393450
  5   2.451511 0.204909 -0.003447 -0.358975 -0.233021 -0.318545
  6   7.247600 -0.397300 -0.109469 0.000001 0.000021 0.156829
  7   -2.022252 -0.104661 3.136172 0.645035 -1.297407 -3.926157
  8   1.168026 -0.537438 -0.063437 0.050732 0.822806 0.251587
  9   6.790376 -0.619176 0.015206 0.039344 0.085076 -1.184765
 10   8.637599 0.544015 -0.090417 -3.872656 0.151983 0.130461
 11   6.790465 -0.619039 0.017802 0.039453 0.043977 -0.844562
 12   -2.022474 -0.104699 -2.873818 1.660196 1.379707 -1.553279
 13   1.167898 -0.537463 0.063297 -0.127303 -1.251095 -0.563246
 14   7.002743 -0.617765 -0.183752 0.058984 -0.217235 -2.032439
 15   8.209042 0.615527 -0.255885 2.077940 0.081120 0.639734
 16   7.002735 -0.617911 -0.183641 0.006813 -0.160218 -1.434285
 17   1.574674 0.609930 -0.000899 0.653253 0.108592 0.612325
 18   -0.602177 0.511412 -0.000006 0.000000 0.000000 0.000000
 19   3.673773 0.177020 1.119313 -0.000002 -0.000014 -0.174510
 20   3.673767 0.176993 -1.117566 0.000007 -0.000003 -0.174546
 21   3.942357 1.330634 1.627658 0.000002 -0.000011 -0.000026
 22   -0.246060 -0.011889 0.516521 -0.000011 0.000031 0.000025
 23   3.942374 1.330659 -1.631083 0.000019 0.000002 -0.000024
 24   -0.246150 -0.011872 -0.516511 -0.000005 -0.000006 0.000048
 25   4.941364 1.997338 1.629330 0.000018 -0.000001 -0.000024
 26   4.941382 1.997366 -1.629410 -0.000001 0.000005 -0.000024
 27   2.918368 1.615358 1.514501 -0.000019 -0.000022 -0.000050
 28   2.920798 1.614964 -1.501142 -0.000002 -0.000009 -0.000024
 29   8.824059 0.150544 0.091743 0.000006 -0.000231 -0.174534
 30   2.111085 -0.561179 1.784320 -0.000008 -0.000682 0.000024
 31   2.121290 -0.561289 -1.853599 0.000000 0.000000 -0.000002
 32   -0.810489 -0.093824 3.127092 0.564080 -3.064347 -0.563586
 33   14.298673 -0.408176 0.475484 -0.006392 -0.009799 -0.413535
 34   15.835795 0.581398 0.242756 -0.007436 -0.212263 -0.117847
 35   -0.815868 -0.091229 -3.114430 -0.120039 3.021422 -0.057357
 36   14.294526 -0.410349 -0.463635 0.001663 0.012787 -0.721549
 37   15.834409 0.579420 -0.284600 -0.182270 -0.002314 0.569929
 38   1.139685 -3.453749 -2.823813 0.000000 0.000000 0.000001
 39   -4.457742 -1.054854 -0.746180 0.000000 0.000000 0.000000
 40   1.118101 -3.449769 3.237290 0.000000 0.000001 0.000000
 41   -4.433840 -1.059130 0.959566 -0.000001 0.000000 0.000000
 42   -0.657468 1.697302 -2.688614 0.000000 0.000002 0.000000
 43   -0.664068 1.698578 2.869377 0.000000 0.000002 0.000000
time 95
  0   -0.010486 -0.546892 -0.601210 0.000000 0.000000 -1.571449
  1   -1.093036 0.000002 -0.326057 -0.214108 -1.569036 -1.356583
  2   2.262337 0.113614 0.064702 -0.074478 -0.188888 -0.056484
  3   2.380047 0.353302 0.047440 -0.138324 -0.091375 -0.075174
  4   2.033756 0.190472 -0.000128 -0.182647 -0.106603 -0.393595
  5   2.451511 0.204909 -0.003447 -0.363939 -0.211323 -0.323177
  6   7.247600 -0.397300 -0.109469 0.000001 0.000021 0.156829
  7   -2.022252 -0.104661 3.136172 0.591834 -1.302249 -3.879013
  8   1.168026 -0.537438 -0.063437 0.010992 0.806303 0.138098
  9   6.790376 -0.619176 0.015206 0.040287 0.078936 -1.125448
 10   8.637599 0.544015 -0.090417 -3.859710 0.142903 0.136610
 11   6.790465 -0.619039 0.017802 0.038664 0.039827 -0.803094
 12   -2.022474 -0.104699 -2.873818 1.747189 1.430122 -1.474771
 13   1.167898 -0.537463 0.063297 -0.144244 -1.310847 -0.766643
 14   7.002743 -0.617765 -0.183752 0.027386 -0.196736 -1.711328
 15   8.209042 0.615527 -0.255885 2.169401 0.228050 0.523909
 16   7.002735 -0.617911 -0.183641 -0.003261 -0.137268 -1.212355
 17   1.574674 0.609930 -0.000899 0.624372 0.059412 0.613545
 18   -0.602177 0.511412 -0.000006 0.000000 0.000000 0.000000
 19   3.673773 0.177020 1.119313 -0.000002 -0.000014 -0.174510
 20   3.673767 0.176993 -1.117566 0.000007 -0.000003 -0.174546
 21   3.942357 1.330634 1.627658 0.000002 -0.000011 -0.000026
 22   -0.246060 -0.011889 0.516521 -0.000011 0.000031 0.000025
 23   3.942374 1.330659 -1.631083 0.000019 0.000002 -0.000024
 24   -0.246150 -0.011872 -0.516511 -0.000005 -0.000006 0.000048
 25   4.941364 1.997338 1.629330 0.000018 -0.000001 -0.000024
 26   4.941382 1.997366 -1.629410 -0.000001 0.000005 -0.000024
 27   2.918368 1.615358 1.514501 -0.000019 -0.000022 -0.000050
 28   2.920798 1.614964 -1.501142 -0.000002 -0.000009 -0.000024
 29   8.824059 0.150544 0.091743 0.000006 -0.000231 -0.174534
 30   2.111085 -0.561179 1.784320 -0.000008 -0.000682 0.000024
 31   2.121290 -0.561289 -1.853599 0.000000 0.000000 -0.000002
 32   -0.810489 -0.093824 3.127092 0.564080 -3.064347 -0.563586
 33   14.298673 -0.408176 0.475484 -0.006392 -0.009799 -0.413535
 34   15.835795 0.581398 0.242756 -0.007436 -0.212263 -0.117847
 35   -0.815868 -0.091229 -3.114430 -0.120039 3.021422 -0.057357
 36   14.294526 -0.410349 -0.463635 0.001663 0.012787 -0.721549
 37   15.834409 0.579420 -0.284600 -0.182270 -0.002314 0.569929
 38   1.139685 -3.453749 -2.823813 0.000000 0.000000 0.000001
 39   -4.457742 -1.054854 -0.746180 0.000000 0.000000 0.000000
 40   1.118101 -3.449769 3.237290 0.000000 0.000001 0.000000
 41   -4.433840 -1.059130 0.959566 -0.000001 0.000000 0.000000
 42   -0.657468 1.697302 -2.688614 0.000000 0.000002 0.000000
 43   -0.664068 1.698578 2.869377 0.000000 0.000002 0.000000
time 96
  0   -0.010486 -0.546892 -0.601210 0.000000 0.000000 -1.571449
  1   -1.093036 0.000002 -0.326057 -0.214108 -1.569036 -1.356583
  2   2.262337 0.113614 0.064702 -0.077076 -0.178510 -0.058219
  3   2.380047 0.353302 0.047440 -0.138384 -0.084172 -0.075419
  4   2.033756 0.190472 -0.000128 -0.183200 -0.099760 -0.393559
  5   2.451511 0.204909 -0.003447 -0.369125 -0.187392 -0.329195
  6   7.247600 -0.397300 -0.109469 0.000001 0.000021 0.156829
  7   -2.022252 -0.104661 3.136172 0.542754 -1.307179 -3.837221
  8   1.168026 -0.537438 -0.063437 -0.016345 0.788441 0.042195
  9   6.790376 -0.619176 0.015206 0.040953 0.074331 -1.084016
 10   8.637599 0.544015 -0.090417 -3.849054 0.142621 0.149415
 11   6.790465 -0.619039 0.017802 0.038022 0.036615 -0.774141
 12   -2.022474 -0.104699 -2.873818 -1.189969 1.658569 -4.420055
 13   1.167898 -0.537463 0.063297 -0.065726 -1.293150 -0.952303
 14   7.002743 -0.617765 -0.183752 0.010022 -0.177997 -1.488646
 15   8.209042 0.615527 -0.255885 2.365336 0.248857 0.461126
 16   7.002735 -0.617911 -0.183641 -0.007168 -0.120577 -1.058257
 17   1.574674 0.609930 -0.000899 0.592363 0.006067 0.616132
 18   -0.602177 0.511412 -0.000006 0.000000 0.000000 0.000000
 19   3.673773 0.177020 1.119313 -0.000002 -0.000014 -0.174510
 20   3.673767 0.176993 -1.117566 0.000007 -0.000003 -0.174546
 21   3.700162 1.330634 1.627658 0.006354 -0.200741 0.411837
 22   -0.351532 -0.011889 0.371985 -0.000011 0.000031 0.000025
 23   3.692366 1.330659 -1.631083 -0.006333 0.200780 0.411810
 24   -0.347716 -0.019685 -0.379788 -0.000005 -0.000006 0.000048
 25   4.941364 1.997338 1.629330 0.000018 -0.000001 -0.000024
 26   4.941382 1.997366 -1.629410 -0.000001 0.000005 -0.000024
 27   3.031653 1.689579 1.522314 -0.043955 0.137309 -0.635381
 28   3.034083 1.693092 -1.520674 0.043934 -0.137340 -0.635435
 29   8.824059 0.150544 0.091743 0.000006 -0.000231 -0.174534
 30   2.111085 -0.561179 1.784320 -0.000008 -0.000682 0.000024
 31   2.121290 -0.561289 -1.853599 0.000000 0.000000 -0.000002
 32   -0.810489 -0.093824 3.127092 0.564080 -3.064347 -0.563586
 33   14.298673 -0.408176 0.475484 -0.006392 -0.009799 -0.413535
 34   15.835795 0.581398 0.242756 -0.007436 -0.212263 -0.117847
 35   -0.815868 -0.091229 -3.114430 -0.120039 3.021422 -0.057357
 36   14.294526 -0.410349 -0.463635 0.001663 0.012787 -0.721549
 37   15.834409 0.579420 -0.284600 -0.182270 -0.002314 0.569929
 38   1.139685 -3.453749 -2.823813 0.000000 0.000000 0.000001
 39   -4.457742 -1.054854 -0.746180 0.000000 0.000000 0.000000
 40   1.118101 -3.449769 3.237290 0.000000 0.000001 0.000000
 41   -4.433840 -1.059130 0.959566 -0.000001 0.000000 0.000000
 42   -0.657468 1.697302 -2.688614 0.000000 0.000002 0.000000
 43   -0.664068 1.698578 2.869377 0.000000 0.000002 0.000000
time 97
  0   -0.010486 -0.546892 -0.601210 0.000000 0.000000 -1.571449
  1   -1.093036 0.000002 -0.326057 -0.214108 -1.569036 -1.356583
  2   2.262337 0.113614 0.064702 -0.079483 -0.167568 -0.060008
  3   2.380047 0.353302 0.047440 -0.138429 -0.076526 -0.075705
  4   2.033756 0.190472 -0.000128 -0.183772 -0.092389 -0.393305
  5   2.451511 0.204909 -0.003447 -0.374688 -0.161959 -0.335757
  6   7.247600 -0.397300 -0.109469 0.000001 0.000021 0.156829
  7   -2.022252 -0.104661 3.136172 0.498468 -1.311733 -3.800689
  8   1.168026 -0.537438 -0.063437 -0.038683 0.762932 -0.037893
  9   6.790376 -0.619176 0.015206 0.041341 0.071795 -1.053678
 10   8.637599 0.544015 -0.090417 -3.846412 0.155573 0.159905
 11   6.790465 -0.619039 0.017802 0.037672 0.034881 -0.752859
 12   -2.022474 -0.104699 -2.873818 -0.582264 1.617907 -3.817556
 13   1.167898 -0.537463 0.063297 -0.089063 -1.245094 -0.914045
 14   7.002743 -0.617765 -0.183752 0.009054 -0.176634 -1.473300
 15   8.209042 0.615527 -0.255885 2.550918 0.178872 0.496607
 16   7.002735 -0.617911 -0.183641 -0.007357 -0.119393 -1.047660
 17   1.574674 0.609930 -0.000899 0.558121 -0.049811 0.619976
 18   -0.602177 0.511412 -0.000006 0.000000 0.000000 0.000000
 19   3.673773 0.177020 1.119313 -0.000002 -0.000014 -0.174510
 20   3.673767 0.176993 -1.117566 0.000007 -0.000003 -0.174546
 21   3.446248 1.330634 1.627658 -0.073679 -0.386430 0.847736
 22   -0.457004 -0.031421 0.231356 -0.000011 0.000031 0.000025
 23   3.438452 1.330659 -1.631083 0.073700 0.386481 0.847601
 24   -0.453188 -0.039217 -0.235252 -0.000005 -0.000006 0.000048
 25   4.941364 1.997338 1.629330 0.000018 -0.000001 -0.000024
 26   4.941382 1.997366 -1.629410 -0.000001 0.000005 -0.000024
 27   3.160563 1.767707 1.553565 -0.163477 0.220806 -1.289323
 28   3.162993 1.771219 -1.540206 0.163480 -0.220897 -1.289299
 29   8.824059 0.150544 0.091743 0.000006 -0.000231 -0.174534
 30   2.111085 -0.561179 1.784320 -0.000008 -0.000682 0.000024
 31   2.121290 -0.561289 -1.853599 0.000000 0.000000 -0.000002
 32   -0.810489 -0.093824 3.127092 0.564080 -3.064347 -0.563586
 33   14.298673 -0.408176 0.475484 -0.006392 -0.009799 -0.413535
 34   15.835795 0.581398 0.242756 -0.007436 -0.212263 -0.117847
 35   -0.815868 -0.091229 -3.114430 -0.120039 3.021422 -0.057357
 36   14.294526 -0.410349 -0.463635 0.001663 0.012787 -0.721549
 37   15.834409 0.579420 -0.284600 -0.182270 -0.002314 0.569929
 38   1.139685 -3.453749 -2.823813 0.000000 0.000000 0.000001
 39   -4.457742 -1.054854 -0.746180 0.000000 0.000000 0.000000
 40   1.118101 -3.449769 3.237290 0.000000 0.000001 0.000000
 41   -4.433840 -1.059130 0.959566 -0.000001 0.000000 0.000000
 42   -0.657468 1.697302 -2.688614 0.000000 0.000002 0.000000
 43   -0.664068 1.698578 2.869377 0.000000 0.000002 0.000000
time 98
  0   -0.010486 -0.546892 -0.601210 0.000000 0.000000 -1.571449
  1   -1.093036 0.000002 -0.326057 -0.214108 -1.569036 -1.356583
  2   2.262337 0.113614 0.064702 -0.081700 -0.156350 -0.061743
  3   2.380047 0.353302 0.047440 -0.138444 -0.068856 -0.075970
  4   2.033756 0.190472 -0.000128 -0.184399 -0.084839 -0.393160
  5   2.451511 0.204909 -0.003447 -0.380405 -0.136109 -0.342617
  6   7.247600 -0.397300 -0.109469 0.000001 0.000021 0.156829
  7   -2.022252 -0.104661 3.136172 0.460412 -1.315077 -3.769979
  8   1.168026 -0.537438 -0.063437 -0.064565 0.736366 -0.105139
  9   6.790376 -0.619176 0.015206 0.041896 0.070793 -1.029378
 10   8.637599 0.544015 -0.090417 -3.847381 0.180069 0.161569
 11   6.790465 -0.619039 0.017802 0.037613 0.034199 -0.735845
 12   -2.022474 -0.104699 -2.873818 -2.678619 1.521896 -5.916201
 13   1.167898 -0.537463 0.063297 -0.089344 -1.140490 -0.810107
 14   7.002743 -0.617765 -0.183752 0.020839 -0.190489 -1.632783
 15   8.209042 0.615527 -0.255885 2.739231 0.043971 0.633961
 16   7.002735 -0.617911 -0.183641 -0.004909 -0.131460 -1.158156
 17   1.574674 0.609930 -0.000899 0.522903 -0.106493 0.625336
 18   -0.602177 0.511412 -0.000006 0.000000 0.000000 0.000000
 19   3.673773 0.177020 1.119313 -0.000002 -0.000014 -0.174510
 20   3.673767 0.176993 -1.117566 0.000007 -0.000003 -0.174546
 21   3.512656 1.330634 1.627658 -0.043142 -0.339774 0.725592
 22   -0.425753 -0.023608 0.274326 -0.000011 0.000031 0.000025
 23   3.508767 1.330659 -1.631083 0.043188 0.339813 0.725561
 24   -0.421937 -0.031404 -0.286035 -0.000005 -0.000006 0.000048
 25   4.941364 1.997338 1.629330 0.000018 -0.000001 -0.000024
 26   4.941382 1.997366 -1.629410 -0.000001 0.000005 -0.000024
 27   3.129312 1.748175 1.553565 -0.126612 0.206544 -1.114466
 28   3.131742 1.747781 -1.540206 0.126603 -0.206587 -1.114442
 29   8.824059 0.150544 0.091743 0.000006 -0.000231 -0.174534
 30   2.111085 -0.561179 1.784320 -0.000008 -0.000682 0.000024
 31   2.121290 -0.561289 -1.853599 0.000000 0.000000 -0.000002
 32   -0.810489 -0.093824 3.127092 0.564080 -3.064347 -0.563586
 33   14.298673 -0.408176 0.475484 -0.006392 -0.009799 -0.413535
 34   15.835795 0.581398 0.242756 -0.007436 -0.212263 -0.117847
 35   -0.815868 -0.091229 -3.114430 -0.120039 3.021422 -0.057357
 36   14.294526 -0.410349 -0.463635 0.001663 0.012787 -0.721549
 37   15.834409 0.579420 -0.284600 -0.182270 -0.002314 0.569929
 38   1.139685 -3.453749 -2.823813 0.000000 0.000000 0.000001
 39   -4.457742 -1.054854 -0.746180 0.000000 0.000000 0.000000
 40   1.118101 -3.449769 3.237290 0.000000 0.000001 0.000000
 41   -4.433840 -1.059130 0.959566 -0.000001 0.000000 0.000000
 42   -0.657468 1.697302 -2.688614 0.000000 0.000002 0.000000
 43   -0.664068 1.698578 2.869377 0.000000 0.000002 0.000000
time 99
  0   -0.010486 -0.546892 -0.601210 0.000000 0.000000 -1.571449
  1   -1.093036 0.000002 -0.326057 -0.214108 -1.569036 -1.356583
  2   2.262337 0.113614 0.064702 -0.083661 -0.145300 -0.063369
  3   2.380047 0.353302 0.047440 -0.138429 -0.061221 -0.076276
  4   2.033756 0.190472 -0.000128 -0.185100 -0.077313 -0.392689
  5   2.451511 0.204909 -0.003447 -0.385968 -0.110651 -0.349453
  6   7.247600 -0.397300 -0.109469 0.000001 0.000021 0.156829
  7   -2.022252 -0.104661 3.136172 0.432038 -1.316893 -3.747909
  8   1.168026 -0.537438 -0.063437 -0.108355 0.737171 -0.167893
  9   6.790376 -0.619176 0.015206 0.042007 0.070526 -1.022133
 10   8.637599 0.544015 -0.090417 -3.827567 0.205691 0.166850
 11   6.790465 -0.619039 0.017802 0.037555 0.034085 -0.730885
 12   -2.022474 -0.104699 -2.873818 -2.234074 1.500041 -5.471388
 13   1.167898 -0.537463 0.063297 -0.047379 -1.077991 -0.779113
 14   7.002743 -0.617765 -0.183752 0.027899 -0.197190 -1.717021
 15   8.209042 0.615527 -0.255885 2.854276 -0.041903 0.714003
 16   7.002735 -0.617911 -0.183641 -0.003120 -0.137719 -1.216329
 17   1.574674 0.609930 -0.000899 0.488863 -0.161637 0.632026
 18   -0.602177 0.511412 -0.000006 0.000000 0.000000 0.000000
 19   3.673773 0.177020 1.119313 -0.000002 -0.000014 -0.174510
 20   3.673767 0.176993 -1.117566 0.000007 -0.000003 -0.174546
 21   3.700162 1.330634 1.627658 0.006354 -0.200741 0.411837
 22   -0.351532 -0.011889 0.371985 -0.000011 0.000031 0.000025
 23   3.692366 1.330659 -1.631083 -0.006333 0.200780 0.411810
 24   -0.347716 -0.019685 -0.379788 -0.000005 -0.000006 0.000048
 25   4.941364 1.997338 1.629330 0.000018 -0.000001 -0.000024
 26   4.941382 1.997366 -1.629410 -0.000001 0.000005 -0.000024
 27   3.031653 1.689579 1.522314 -0.043955 0.137309 -0.635381
 28   3.034083 1.693092 -1.520674 0.043934 -0.137340 -0.635435
 29   8.824059 0.150544 0.091743 0.000006 -0.000231 -0.174534
 30   2.111085 -0.561179 1.784320 -0.000008 -0.000682 0.000024
 31   2.121290 -0.561289 -1.853599 0.000000 0.000000 -0.000002
 32   -0.810489 -0.093824 3.127092 0.564080 -3.064347 -0.563586
 33   14.298673 -0.408176 0.475484 -0.006392 -0.009799 -0.413535
 34   15.835795 0.581398 0.242756 -0.007436 -0.212263 -0.117847
 35   -0.815868 -0.091229 -3.114430 -0.120039 3.021422 -0.057357
 36   14.294526 -0.410349 -0.463635 0.001663 0.012787 -0.721549
 37   15.834409 0.579420 -0.284600 -0.182270 -0.002314 0.569929
 38   1.139685 -3.453749 -2.823813 0.000000 0.000000 0.000001
 39   -4.457742 -1.054854 -0.746180 0.000000 0.000000 0.000000
 40   1.118101 -3.449769 3.237290 0.000000 0.000001 0.000000
 41   -4.433840 -1.059130 0.959566 -0.000001 0.000000 0.000000
 42   -0.657468 1.697302 -2.688614 0.000000 0.000002 0.000000
 43   -0.664068 1.698578 2.869377 0.000000 0.000002 0.000000
time 100
  0   -0.010486 -0.546892 -0.601210 0.000000 0.000000 -1.571449
  1   -1.093036 0.000002 -0.326057 -0.214108 -1.569036 -1.356583
  2   2.262337 0.113614 0.064702 -0.085394 -0.135090 -0.064923
  3   2.380047 0.353302 0.047440 -0.138369 -0.054138 -0.076562
  4   2.033756 0.190472 -0.000128 -0.185856 -0.070218 -0.392000
  5   2.451511 0.204909 -0.003447 -0.391240 -0.086694 -0.355916
  6   7.247600 -0.397300 -0.109469 0.000001 0.000021 0.156829
  7   -2.022252 -0.104661 3.136172 0.414688 -1.317210 -3.735513
  8   1.168026 -0.537438 -0.063437 -0.178533 0.756039 -0.235455
  9   6.790376 -0.619176 0.015206 0.042118 0.070260 -1.017001
 10   8.637599 0.544015 -0.090417 -3.792429 0.224837 0.167863
 11   6.790465 -0.619039 0.017802 0.037555 0.033943 -0.727194
 12   -2.022474 -0.104699 -2.873818 -2.087298 1.483410 -5.320117
 13   1.167898 -0.537463 0.063297 0.000773 -1.059582 -0.780384
 14   7.002743 -0.617765 -0.183752 0.030176 -0.197360 -1.746063
 15   8.209042 0.615527 -0.255885 2.865709 -0.050150 0.755859
 16   7.002735 -0.617911 -0.183641 -0.002226 -0.138283 -1.236585
 17   1.574674 0.609930 -0.000899 0.455961 -0.213301 0.639159
 18   -0.602177 0.511412 -0.000006 0.000000 0.000000 0.000000
 19   3.673773 0.177020 1.119313 -0.000002 -0.000014 -0.174510
 20   3.673767 0.176993 -1.117566 0.000007 -0.000003 -0.174546
 21   3.868136 1.330634 1.627658 0.009853 -0.053762 0.110915
 22   -0.273405 -0.011889 0.477457 -0.000011 0.000031 0.000025
 23   3.868153 1.330659 -1.631083 -0.009844 0.053789 0.110864
 24   -0.265682 -0.011872 -0.485260 -0.000005 -0.000006 0.000048
 25   4.941364 1.997338 1.629330 0.000018 -0.000001 -0.000024
 26   4.941382 1.997366 -1.629410 -0.000001 0.000005 -0.000024
 27   2.937900 1.634890 1.514501 -0.002859 0.038544 -0.166880
 28   2.940330 1.634496 -1.501142 0.002850 -0.038575 -0.166933
 29   8.824059 0.150544 0.091743 0.000006 -0.000231 -0.174534
 30   2.111085 -0.561179 1.784320 -0.000008 -0.000682 0.000024
 31   2.121290 -0.561289 -1.853599 0.000000 0.000000 -0.000002
 32   -0.810489 -0.093824 3.127092 0.564080 -3.064347 -0.563586
 33   14.298673 -0.408176 0.475484 -0.006392 -0.009799 -0.413535
 34   15.835795 0.581398 0.242756 -0.007436 -0.212263 -0.117847
 35   -0.815868 -0.091229 -3.114430 -0.120039 3.021422 -0.057357
 36   14.294526 -0.410349 -0.463635 0.001663 0.012787 -0.721549
 37   15.834409 0.579420 -0.284600 -0.182270 -0.002314 0.569929
 38   1.139685 -3.453749 -2.823813 0.000000 0.000000 0.000001
 39   -4.457742 -1.054854 -0.746180 0.000000 0.000000 0.000000
 40   1.118101 -3.449769 3.237290 0.000000 0.000001 0.000000
 41   -4.433840 -1.059130 0.959566 -0.000001 0.000000 0.000000
 42   -0.657468 1.697302 -2.688614 0.000000 0.000002 0.000000
 43   -0.664068 1.698578 2.869377 0.000000 0.000002 0.000000
time 101
  0   -0.010486 -0.546892 -0.601210 0.000000 0.000000 -1.571449
  1   -1.093036 0.000002 -0.326057 -0.214108 -1.569036 -1.356583
  2   2.262337 0.113614 0.064702 -0.086858 -0.125730 -0.066333
  3   2.380047 0.353302 0.047440 -0.138294 -0.047763 -0.076807
  4   2.033756 0.190472 -0.000128 -0.186649 -0.063758 -0.391094
  5   2.451511 0.204909 -0.003447 -0.396221 -0.065035 -0.362033
  6   7.247600 -0.397300 -0.109469 0.000001 0.000021 0.156829
  7   -2.022252 -0.104661 3.136172 0.408170 -1.316230 -3.734386
  8   1.168026 -0.537438 -0.063437 -0.268518 0.786328 -0.304156
  9   6.790376 -0.619176 0.015206 0.042118 0.070260 -1.017454
 10   8.637599 0.544015 -0.090417 -3.747252 0.233073 0.171697
 11   6.790465 -0.619039 0.017802 0.037555 0.033943 -0.727655
 12   -2.022474 -0.104699 -2.873818 -1.995515 1.474006 -5.220068
 13   1.167898 -0.537463 0.063297 0.049768 -1.072906 -0.793823
 14   7.002743 -0.617765 -0.183752 0.030404 -0.197474 -1.748703
 15   8.209042 0.615527 -0.255885 2.791217 0.001980 0.759828
 16   7.002735 -0.617911 -0.183641 -0.002132 -0.138396 -1.238406
 17   1.574674 0.609930 -0.000899 0.425496 -0.259736 0.647032
 18   -0.602177 0.511412 -0.000006 0.000000 0.000000 0.000000
 19   3.673773 0.177020 1.119313 -0.000002 -0.000014 -0.174510
 20   3.673767 0.176993 -1.117566 0.000007 -0.000003 -0.174546
 21   3.942357 1.330634 1.627658 0.000002 -0.000011 -0.000026
 22   -0.246060 -0.011889 0.516521 -0.000011 0.000031 0.000025
 23   3.942374 1.330659 -1.631083 0.000019 0.000002 -0.000024
 24   -0.246150 -0.011872 -0.516511 -0.000005 -0.000006 0.000048
 25   4.941364 1.997338 1.629330 0.000018 -0.000001 -0.000024
 26   4.941382 1.997366 -1.629410 -0.000001 0.000005 -0.000024
 27   2.918368 1.615358 1.514501 -0.000019 -0.000022 -0.000050
 28   2.920798 1.614964 -1.501142 -0.000002 -0.000009 -0.000024
 29   8.824059 0.150544 0.091743 0.000006 -0.000231 -0.174534
 30   2.111085 -0.561179 1.784320 -0.000008 -0.000682 0.000024
 31   2.121290 -0.561289 -1.853599 0.000000 0.000000 -0.000002
 32   -0.810489 -0.093824 3.127092 0.564080 -3.064347 -0.563586
 33   14.298673 -0.408176 0.475484 -0.006392 -0.009799 -0.413535
 34   15.835795 0.581398 0.242756 -0.007436 -0.212263 -0.117847
 35   -0.815868 -0.091229 -3.114430 -0.120039 3.021422 -0.057357
 36   14.294526 -0.410349 -0.463635 0.001663 0.012787 -0.721549
 37   15.834409 0.579420 -0.284600 -0.182270 -0.002314 0.569929
 38   1.139685 -3.453749 -2.823813 0.000000 0.000000 0.000001
 39   -4.457742 -1.054854 -0.746180 0.000000 0.000000 0.000000
 40   1.118101 -3.449769 3.237290 0.000000 0.000001 0.000000
 41   -4.433840 -1.059130 0.959566 -0.000001 0.000000 0.000000
 42   -0.657468 1.697302 -2.688614 0.000000 0.000002 0.000000
 43   -0.664068 1.698578 2.869377 0.000000 0.000002 0.000000
time 102
  0   -0.010486 -0.546892 -0.601210 0.000000 0.000000 -1.571449
  1   -1.093036 0.000002 -0.326057 -0.214108 -1.569036 -1.356583
  2   2.262337 0.113614 0.064702 -0.088310 -0.117748 -0.067507
  3   2.380047 0.353302 0.047440 -0.138024 -0.042262 -0.077031
  4   2.033756 0.190472 -0.000128 -0.187350 -0.058113 -0.390949
  5   2.451511 0.204909 -0.003447 -0.400569 -0.046418 -0.367408
  6   7.247600 -0.397300 -0.109469 0.000001 0.000021 0.156829
  7   -2.022252 -0.104661 3.136172 0.404144 -1.314875 -3.735795
  8   1.168026 -0.537438 -0.063437 -0.370716 0.820542 -0.375830
  9   6.790376 -0.619176 0.015206 0.042007 0.070526 -1.023265
 10   8.637599 0.544015 -0.090417 -3.699344 0.233495 0.185153
 11   6.790465 -0.619039 0.017802 0.037613 0.034085 -0.731750
 12   -2.022474 -0.104699 -2.873818 -1.931899 1.470262 -5.146634
 13   1.167898 -0.537463 0.063297 0.081541 -1.071889 -0.810228
 14   7.002743 -0.617765 -0.183752 0.029891 -0.197360 -1.742185
 15   8.209042 0.615527 -0.255885 2.705293 0.084449 0.715206
 16   7.002735 -0.617911 -0.183641 -0.002367 -0.138283 -1.233880
 17   1.574674 0.609930 -0.000899 0.399337 -0.299331 0.654646
 18   -0.602177 0.511412 -0.000006 0.000000 0.000000 0.000000
 19   3.673773 0.177020 1.119313 -0.000002 -0.000014 -0.174510
 20   3.673767 0.176993 -1.117566 0.000007 -0.000003 -0.174546
 21   3.942357 1.330634 1.627658 0.000002 -0.000011 -0.000026
 22   -0.246060 -0.011889 0.516521 -0.000011 0.000031 0.000025
 23   3.942374 1.330659 -1.631083 0.000019 0.000002 -0.000024
 24   -0.246150 -0.011872 -0.516511 -0.000005 -0.000006 0.000048
 25   4.941364 1.997338 1.629330 0.000018 -0.000001 -0.000024
 26   4.941382 1.997366 -1.629410 -0.000001 0.000005 -0.000024
 27   2.918368 1.615358 1.514501 -0.000019 -0.000022 -0.000050
 28   2.920798 1.614964 -1.501142 -0.000002 -0.000009 -0.000024
 29   8.824059 0.150544 0.091743 0.000006 -0.000231 -0.174534
 30   2.111085 -0.561179 1.784320 -0.000008 -0.000682 0.000024
 31   2.121290 -0.561289 -1.853599 0.000000 0.000000 -0.000002
 32   -0.810489 -0.093824 3.127092 0.564080 -3.064347 -0.563586
 33   14.298673 -0.408176 0.475484 -0.006392 -0.009799 -0.413535
 34   15.835795 0.581398 0.242756 -0.007436 -0.212263 -0.117847
 35   -0.815868 -0.091229 -3.114430 -0.120039 3.021422 -0.057357
 36   14.294526 -0.410349 -0.463635 0.001663 0.012787 -0.721549
 37   15.834409 0.579420 -0.284600 -0.182270 -0.002314 0.569929
 38   1.139685 -3.453749 -2.823813 0.000000 0.000000 0.000001
 39   -4.457742 -1.054854 -0.746180 0.000000 0.000000 0.000000
 40   1.118101 -3.449769 3.237290 0.000000 0.000001 0.000000
 41   -4.433840 -1.059130 0.959566 -0.000001 0.000000 0.000000
 42   -0.657468 1.697302 -2.688614 0.000000 0.000002 0.000000
 43   -0.664068 1.698578 2.869377 0.000000 0.000002 0.000000
time 103
  0   -0.010486 -0.546892 -0.601210 0.000000 0.000000 -1.571449
  1   -1.093036 0.000002 -0.326057 -0.214108 -1.569036 -1.356583
  2   2.262337 0.113614 0.064702 -0.089037 -0.111216 -0.068628
  3   2.380047 0.353302 0.047440 -0.137529 -0.037780 -0.077215
  4   2.033756 0.190472 -0.000128 -0.187940 -0.053727 -0.391239
  5   2.451511 0.204909 -0.003447 -0.403838 -0.031404 -0.371841
  6   7.247600 -0.397300 -0.109469 0.000001 0.000021 0.156829
  7   -2.022252 -0.104661 3.136172 0.407499 -1.313520 -3.743589
  8   1.168026 -0.537438 -0.063437 -0.475065 0.852441 -0.448706
  9   6.790376 -0.619176 0.015206 0.041785 0.070994 -1.033755
 10   8.637599 0.544015 -0.090417 -3.654871 0.229131 0.209678
 11   6.790465 -0.619039 0.017802 0.037613 0.034398 -0.739017
 12   -2.022474 -0.104699 -2.873818 -1.887444 1.471017 -5.091774
 13   1.167898 -0.537463 0.063297 0.080908 -1.030952 -0.820216
 14   7.002743 -0.617765 -0.183752 0.029379 -0.197304 -1.736080
 15   8.209042 0.615527 -0.255885 2.651006 0.184698 0.619949
 16   7.002735 -0.617911 -0.183641 -0.002555 -0.138114 -1.229741
 17   1.574674 0.609930 -0.000899 0.378295 -0.331304 0.661077
 18   -0.602177 0.511412 -0.000006 0.000000 0.000000 0.000000
 19   3.673773 0.177020 1.119313 -0.000002 -0.000014 -0.174510
 20   3.673767 0.176993 -1.117566 0.000007 -0.000003 -0.174546
 21   3.942357 1.330634 1.627658 0.000002 -0.000011 -0.000026
 22   -0.246060 -0.011889 0.516521 -0.000011 0.000031 0.000025
 23   3.942374 1.330659 -1.631083 0.000019 0.000002 -0.000024
 24   -0.246150 -0.011872 -0.516511 -0.000005 -0.000006 0.000048
 25   4.941364 1.997338 1.629330 0.000018 -0.000001 -0.000024
 26   4.941382 1.997366 -1.629410 -0.000001 0.000005 -0.000024
 27   2.918368 1.615358 1.514501 -0.000019 -0.000022 -0.000050
 28   2.920798 1.614964 -1.501142 -0.000002 -0.000009 -0.000024
 29   8.824059 0.150544 0.091743 0.000006 -0.000231 -0.174534
 30   2.111085 -0.561179 1.784320 -0.000008 -0.000682 0.000024
 31   2.121290 -0.561289 -1.853599 0.000000 0.000000 -0.000002
 32   -0.810489 -0.093824 3.127092 0.564080 -3.064347 -0.563586
 33   14.298673 -0.408176 0.475484 -0.006392 -0.009799 -0.413535
 34   15.835795 0.581398 0.242756 -0.007436 -0.212263 -0.117847
 35   -0.815868 -0.091229 -3.114430 -0.120039 3.021422 -0.057357
 36   14.294526 -0.410349 -0.463635 0.001663 0.012787 -0.721549
 37   15.834409 0.579420 -0.284600 -0.182270 -0.002314 0.569929
 38   1.139685 -3.453749 -2.823813 0.000000 0.000000 0.000001
 39   -4.457742 -1.054854 -0.746180 0.000000 0.000000 0.000000
 40   1.118101 -3.449769 3.237290 0.000000 0.000001 0.000000
 41   -4.433840 -1.059130 0.959566 -0.000001 0.000000 0.000000
 42   -0.657468 1.697302 -2.688614 0.000000 0.000002 0.000000
 43   -0.664068 1.698578 2.869377 0.000000 0.000002 0.000000
time 104
  0   -0.010486 -0.546892 -0.601210 0.000000 0.000000 -1.571449
  1   -1.093036 0.000002 -0.326057 -0.214108 -1.569036 -1.356583
  2   2.262337 0.113614 0.064702 -0.089138 -0.106470 -0.069043
  3   2.380047 0.353302 0.047440 -0.137109 -0.034556 -0.077337
  4   2.033756 0.190472 -0.000128 -0.188309 -0.050419 -0.391674
  5   2.451511 0.204909 -0.003447 -0.406029 -0.020372 -0.375209
  6   7.247600 -0.397300 -0.109469 0.000001 0.000021 0.156829
  7   -2.022252 -0.104661 3.136172 0.413346 -1.312685 -3.752887
  8   1.168026 -0.537438 -0.063437 -0.566632 0.876441 -0.515066
  9   6.790376 -0.619176 0.015206 0.041674 0.071461 -1.044773
 10   8.637599 0.544015 -0.090417 -3.618941 0.222796 0.239122
 11   6.790465 -0.619039 0.017802 0.037672 0.034625 -0.746688
 12   -2.022474 -0.104699 -2.873818 -1.847972 1.472381 -5.043616
 13   1.167898 -0.537463 0.063297 0.061366 -0.970946 -0.825180
 14   7.002743 -0.617765 -0.183752 0.028923 -0.197304 -1.731047
 15   8.209042 0.615527 -0.255885 2.619873 0.271555 0.521925
 16   7.002735 -0.617911 -0.183641 -0.002696 -0.138001 -1.226098
 17   1.574674 0.609930 -0.000899 0.362210 -0.354451 0.666326
 18   -0.602177 0.511412 -0.000006 0.000000 0.000000 0.000000
 19   3.673773 0.177020 1.119313 -0.000002 -0.000014 -0.174510
 20   3.673767 0.176993 -1.117566 0.000007 -0.000003 -0.174546
 21   3.942357 1.330634 1.627658 0.000002 -0.000011 -0.000026
 22   -0.246060 -0.011889 0.516521 -0.000011 0.000031 0.000025
 23   3.942374 1.330659 -1.631083 0.000019 0.000002 -0.000024
 24   -0.246150 -0.011872 -0.516511 -0.000005 -0.000006 0.000048
 25   4.941364 1.997338 1.629330 0.000018 -0.000001 -0.000024
 26   4.941382 1.997366 -1.629410 -0.000001 0.000005 -0.000024
 27   2.918368 1.615358 1.514501 -0.000019 -0.000022 -0.000050
 28   2.920798 1.614964 -1.501142 -0.000002 -0.000009 -0.000024
 29   8.824059 0.150544 0.091743 0.000006 -0.000231 -0.174534
 30   2.111085 -0.561179 1.784320 -0.000008 -0.000682 0.000024
 31   2.121290 -0.561289 -1.853599 0.000000 0.000000 -0.000002
 32   -0.810489 -0.093824 3.127092 0.564080 -3.064347 -0.563586
 33   14.298673 -0.408176 0.475484 -0.006392 -0.009799 -0.413535
 34   15.835795 0.581398 0.242756 -0.007436 -0.212263 -0.117847
 35   -0.815868 -0.091229 -3.114430 -0.120039 3.021422 -0.057357
 36   14.294526 -0.410349 -0.463635 0.001663 0.012787 -0.721549
 37   15.834409 0.579420 -0.284600 -0.182270 -0.002314 0.569929
 38   1.139685 -3.453749 -2.823813 0.000000 0.000000 0.000001
 39   -4.457742 -1.054854 -0.746180 0.000000 0.000000 0.000000
 40   1.118101 -3.449769 3.237290 0.000000 0.000001 0.000000
 41   -4.433840 -1.059130 0.959566 -0.000001 0.000000 0.000000
 42   -0.657468 1.697302 -2.688614 0.000000 0.000002 0.000000
 43   -0.664068 1.698578 2.869377 0.000000 0.000002 0.000000
time 105
  0   -0.010486 -0.546892 -0.601210 0.000000 0.000000 -1.571449
  1   -1.093036 0.000002 -0.326057 -0.214108 -1.569036 -1.356583
  2   2.262337 0.113614 0.064702 -0.089189 -0.103570 -0.069224
  3   2.380047 0.353302 0.047440 -0.137019 -0.032554 -0.077439
  4   2.033756 0.190472 -0.000128 -0.188567 -0.048490 -0.391819
  5   2.451511 0.204909 -0.003447 -0.407210 -0.013596 -0.376918
  6   7.247600 -0.397300 -0.109469 0.000001 0.000021 0.156829
  7   -2.022252 -0.104661 3.136172 0.418235 -1.311906 -3.760682
  8   1.168026 -0.537438 -0.063437 -0.630039 0.887762 -0.561183
  9   6.790376 -0.619176 0.015206 0.041452 0.071594 -1.049075
 10   8.637599 0.544015 -0.090417 -3.597189 0.219417 0.260319
 11   6.790465 -0.619039 0.017802 0.037672 0.034796 -0.749744
 12   -2.022474 -0.104699 -2.873818 -1.824403 1.474935 -5.013554
 13   1.167898 -0.537463 0.063297 0.041543 -0.920042 -0.828570
 14   7.002743 -0.617765 -0.183752 0.028753 -0.197304 -1.727499
 15   8.209042 0.615527 -0.255885 2.602760 0.319977 0.471770
 16   7.002735 -0.617911 -0.183641 -0.002791 -0.137888 -1.223614
 17   1.574674 0.609930 -0.000899 0.352502 -0.368532 0.669652
 18   -0.602177 0.511412 -0.000006 0.000000 0.000000 0.000000
 19   3.673773 0.177020 1.119313 -0.000002 -0.000014 -0.174510
 20   3.673767 0.176993 -1.117566 0.000007 -0.000003 -0.174546
 21   3.942357 1.330634 1.627658 0.000002 -0.000011 -0.000026
 22   -0.246060 -0.011889 0.516521 -0.000011 0.000031 0.000025
 23   3.942374 1.330659 -1.631083 0.000019 0.000002 -0.000024
 24   -0.246150 -0.011872 -0.516511 -0.000005 -0.000006 0.000048
 25   4.941364 1.997338 1.629330 0.000018 -0.000001 -0.000024
 26   4.941382 1.997366 -1.629410 -0.000001 0.000005 -0.000024
 27   2.918368 1.615358 1.514501 -0.000019 -0.000022 -0.000050
 28   2.920798 1.614964 -1.501142 -0.000002 -0.000009 -0.000024
 29   8.824059 0.150544 0.091743 0.000006 -0.000231 -0.174534
 30   2.111085 -0.561179 1.784320 -0.000008 -0.000682 0.000024
 31   2.121290 -0.561289 -1.853599 0.000000 0.000000 -0.000002
 32   -0.810489 -0.093824 3.127092 0.564080 -3.064347 -0.563586
 33   14.298673 -0.408176 0.475484 -0.006392 -0.009799 -0.413535
 34   15.835795 0.581398 0.242756 -0.007436 -0.212263 -0.117847
 35   -0.815868 -0.091229 -3.114430 -0.120039 3.021422 -0.057357
 36   14.294526 -0.410349 -0.463635 0.001663 0.012787 -0.721549
 37   15.834409 0.579420 -0.284600 -0.182270 -0.002314 0.569929
 38   1.139685 -3.453749 -2.823813 0.000000 0.000000 0.000001
 39   -4.457742 -1.054854 -0.746180 0.000000 0.000000 0.000000
 40   1.118101 -3.449769 3.237290 0.000000 0.000001 0.000000
 41   -4.433840 -1.059130 0.959566 -0.000001 0.000000 0.000000
 42   -0.657468 1.697302 -2.688614 0.000000 0.000002 0.000000
 43   -0.664068 1.698578 2.869377 0.000000 0.000002 0.000000
time 106
  0   -0.010486 -0.546892 -0.601210 0.000000 0.000000 -1.571449
  1   -1.093036 0.000002 -0.326057 -0.214108 -1.569036 -1.356583
  2   2.262337 0.113614 0.064702 -0.089189 -0.103570 -0.069224
  3   2.380047 0.353302 0.047440 -0.137049 -0.031943 -0.077480
  4   2.033756 0.190472 -0.000128 -0.188567 -0.048490 -0.391819
  5   2.451511 0.204909 -0.003447 -0.407655 -0.011259 -0.377339
  6   7.247600 -0.397300 -0.109469 0.000001 0.000021 0.156829
  7   -2.022252 -0.104661 3.136172 0.418235 -1.311906 -3.760682
  8   1.168026 -0.537438 -0.063437 -0.652377 0.889875 -0.576745
  9   6.790376 -0.619176 0.015206 0.041452 0.071594 -1.049075
 10   8.637599 0.544015 -0.090417 -3.590496 0.218995 0.267264
 11   6.790465 -0.619039 0.017802 0.037672 0.034796 -0.749744
 12   -2.022474 -0.104699 -2.873818 -1.824116 1.474732 -5.011352
 13   1.167898 -0.537463 0.063297 0.034725 -0.899090 -0.830265
 14   7.002743 -0.617765 -0.183752 0.028696 -0.197360 -1.727004
 15   8.209042 0.615527 -0.255885 2.597079 0.335790 0.457277
 16   7.002735 -0.617911 -0.183641 -0.002791 -0.138001 -1.223283
 17   1.574674 0.609930 -0.000899 0.349252 -0.373077 0.669578
 18   -0.602177 0.511412 -0.000006 0.000000 0.000000 0.000000
 19   3.673773 0.177020 1.119313 -0.000002 -0.000014 -0.174510
 20   3.673767 0.176993 -1.117566 0.000007 -0.000003 -0.174546
 21   3.942357 1.330634 1.627658 0.000002 -0.000011 -0.000026
 22   -0.246060 -0.011889 0.516521 -0.000011 0.000031 0.000025
 23   3.942374 1.330659 -1.631083 0.000019 0.000002 -0.000024
 24   -0.246150 -0.011872 -0.516511 -0.000005 -0.000006 0.000048
 25   4.941364 1.997338 1.629330 0.000018 -0.000001 -0.000024
 26   4.941382 1.997366 -1.629410 -0.000001 0.000005 -0.000024
 27   2.918368 1.615358 1.514501 -0.000019 -0.000022 -0.000050
 28   2.920798 1.614964 -1.501142 -0.000002 -0.000009 -0.000024
 29   8.824059 0.150544 0.091743 0.000006 -0.000231 -0.174534
 30   2.111085 -0.561179 1.784320 -0.000008 -0.000682 0.000024
 31   2.121290 -0.561289 -1.853599 0.000000 0.000000 -0.000002
 32   -0.810489 -0.093824 3.127092 0.564080 -3.064347 -0.563586
 33   14.298673 -0.408176 0.475484 -0.006392 -0.009799 -0.413535
 34   15.835795 0.581398 0.242756 -0.007436 -0.212263 -0.117847
 35   -0.815868 -0.091229 -3.114430 -0.120039 3.021422 -0.057357
 36   14.294526 -0.410349 -0.463635 0.001663 0.012787 -0.721549
 37   15.834409 0.579420 -0.284600 -0.182270 -0.002314 0.569929
 38   1.139685 -3.453749 -2.823813 0.000000 0.000000 0.000001
 39   -4.457742 -1.054854 -0.746180 0.000000 0.000000 0.000000
 40   1.118101 -3.449769 3.237290 0.000000 0.000001 0.000000
 41   -4.433840 -1.059130 0.959566 -0.000001 0.000000 0.000000
 42   -0.657468 1.697302 -2.688614 0.000000 0.000002 0.000000
 43   -0.664068 1.698578 2.869377 0.000000 0.000002 0.000000
end
