version 1
nodes
  0 "Bip01" -1
  1 "Bip01 Pelvis" 0
  2 "Bip01 Spine" 1
  3 "Bip01 Spine1" 2
  4 "Bip01 Spine2" 3
  5 "Bip01 Spine3" 4
  6 "Bip01 Neck" 5
  7 "Bip01 L Arm" 6
  8 "Bip01 L Arm1" 7
  9 "Bip01 L Arm2" 8
 10 "Bip01 L Hand" 9
 11 "Bip06 L elbow2-smooth" 8
 12 "Bip01 R Arm" 6
 13 "Bip01 R Arm1" 12
 14 "Bip01 R Arm2" 13
 15 "Bip01 R Hand" 14
 16 "Bip06 R elbow2-smooth" 13
 17 "Bip01 Head" 6
 18 "Bip06 Head_helper" 17
 19 "Bip06 Head_eyes_l" 18
 20 "Bip06 Head_eyes_r" 18
 21 "Bip06 Head_blink_l" 18
 22 "Bip06 Head_blink_smooth_l1" 21
 23 "Bip06 Head_blink_r" 18
 24 "Bip06 Head_blink_smooth_r1" 23
 25 "Bip06 Head_L_eyebrow" 18
 26 "Bip06 Head_R_eyebrow" 18
 27 "Bip06 Head_blink_l_lid" 18
 28 "Bip06 Head_blink_r_lid" 18
 29 "Bip06 bunny" 18
 30 "Bip06 bunnyL" 29
 31 "Bip06 bunnyR" 29
 32 "Bip01 L Leg" 1
 33 "Bip01 L Leg1" 32
 34 "Bip01 L Foot" 33
 35 "Bip01 R Leg" 1
 36 "Bip01 R Leg1" 35
 37 "Bip01 R Foot" 36
 38 "Bip03 HairR1" 17
 39 "Bip03 HairR2" 38
 40 "Bip03 HairL1" 17
 41 "Bip03 HairL2" 40
 42 "Bip03 swingR" 17
 43 "Bip03 swingL" 17
end
skeleton
time 0
  0   0.001233 0.187506 0.867585 0.000000 0.000000 -1.571449
  1   -1.093036 0.000002 -0.326057 -0.000777 -1.568388 -1.570022
  2   2.262337 0.113614 0.064702 -0.068147 -0.006926 -0.045913
  3   2.380047 0.353302 0.047440 -0.144970 -0.006680 0.022466
  4   2.033756 0.190472 -0.000128 -0.099674 0.005753 0.184146
  5   2.451511 0.204909 -0.003447 -0.176800 -0.005214 0.178596
  6   7.247600 -0.397300 -0.109469 -0.091897 0.032679 0.231838
  7   -2.022252 -0.104661 3.136172 0.678106 -1.401037 -4.048338
  8   1.168026 -0.537438 -0.063437 -0.354136 0.746982 -0.602239
  9   6.790376 -0.619176 0.015206 -0.000102 -0.000151 -0.662002
 10   8.637599 0.544015 -0.090417 -3.786969 0.614448 0.029396
 11   6.790465 -0.619039 0.017802 -0.000955 -0.011253 -0.478615
 12   -2.022474 -0.104699 -2.873818 -1.403044 0.725305 -4.685545
 13   1.167898 -0.537463 0.063297 0.803321 -0.487842 -1.367753
 14   7.002743 -0.617765 -0.183752 0.000115 0.000023 -0.194879
 15   8.209042 0.615527 -0.255885 2.208876 0.210422 0.398884
 16   7.002735 -0.617911 -0.183641 0.014580 0.001334 -0.155027
 17   1.574674 0.609930 -0.000899 0.473062 -0.265700 0.196736
 18   -0.602177 0.511412 -0.000006 0.000000 0.000000 0.000000
 19   3.673773 0.177020 1.119313 -0.000002 -0.000014 -0.174510
 20   3.673767 0.176993 -1.117566 0.000007 -0.000003 -0.174546
 21   3.942357 1.330634 1.627658 0.000002 -0.000011 -0.000026
 22   -0.246060 -0.011889 0.516521 -0.000011 0.000031 0.000025
 23   3.942374 1.330659 -1.631083 0.000019 0.000002 -0.000024
 24   -0.246150 -0.011872 -0.516511 -0.000005 -0.000006 0.000048
 25   4.941364 1.997338 1.629330 0.000018 -0.000001 -0.000024
 26   4.941382 1.997366 -1.629410 -0.000001 0.000005 -0.000024
 27   2.918368 1.615358 1.514501 -0.000019 -0.000022 -0.000050
 28   2.920798 1.614964 -1.501142 -0.000002 -0.000009 -0.000024
 29   8.824059 0.150544 0.091743 0.000006 -0.000231 -0.174534
 30   2.111085 -0.561179 1.784320 -0.000008 -0.000682 0.000024
 31   2.121290 -0.561289 -1.853599 0.000000 0.000000 -0.000002
 32   -0.810489 -0.093824 3.127092 -0.129396 -2.975241 -0.324172
 33   14.298673 -0.408176 0.475484 0.000020 -0.000248 -0.436243
 34   15.835795 0.581398 0.242756 0.162134 -0.013934 0.022664
 35   -0.815868 -0.091229 -3.114430 0.096037 3.002497 -0.031283
 36   14.294526 -0.410349 -0.463635 0.000093 0.000048 -0.399441
 37   15.834409 0.579420 -0.284600 -0.088743 0.040098 0.278038
 38   1.139685 -3.453749 -2.823813 0.000000 0.000000 0.000001
 39   -4.457742 -1.054854 -0.746180 0.000000 0.000000 0.000000
 40   1.118101 -3.449769 3.237290 0.000000 0.000001 0.000000
 41   -4.433840 -1.059130 0.959566 -0.000001 0.000000 0.000000
 42   -0.657468 1.697302 -2.688614 0.000000 0.000002 0.000000
 43   -0.664068 1.698578 2.869377 0.000000 0.000002 0.000000
time 1
  0   0.001233 0.187506 0.867585 0.000000 0.000000 -1.571449
  1   -1.093036 0.000002 -0.326057 -0.000777 -1.568388 -1.570022
  2   2.262337 0.113614 0.064702 -0.068147 -0.007430 -0.045913
  3   2.380047 0.353302 0.047440 -0.094566 -0.009748 0.005652
  4   2.033756 0.190472 -0.000128 -0.061387 0.001151 0.158664
  5   2.451511 0.204909 -0.003447 -0.132553 -0.009353 0.176912
  6   7.247600 -0.397300 -0.109469 -0.091897 0.032679 0.231838
  7   -2.022252 -0.104661 3.136172 1.092308 -1.363621 -4.461558
  8   1.168026 -0.537438 -0.063437 -0.491961 0.791712 -0.696307
  9   6.790376 -0.619176 0.015206 -0.000102 -0.000151 -0.784486
 10   8.637599 0.544015 -0.090417 -3.591465 0.695186 0.216189
 11   6.790465 -0.619039 0.017802 -0.000517 -0.011310 -0.564320
 12   -2.022474 -0.104699 -2.873818 -1.382541 0.860295 -4.692151
 13   1.167898 -0.537463 0.063297 1.065307 -0.521558 -1.411883
 14   7.002743 -0.617765 -0.183752 0.000115 0.000023 -0.548002
 15   8.209042 0.615527 -0.255885 2.119213 0.197484 0.344760
 16   7.002735 -0.617911 -0.183641 0.014486 0.003026 -0.402235
 17   1.574674 0.609930 -0.000899 0.408639 -0.188333 0.273578
 18   -0.602177 0.511412 -0.000006 0.000000 0.000000 0.000000
 19   3.673773 0.177020 1.119313 -0.000002 -0.000014 -0.174510
 20   3.673767 0.176993 -1.117566 0.000007 -0.000003 -0.174546
 21   3.942357 1.330634 1.627658 0.000002 -0.000011 -0.000026
 22   -0.246060 -0.011889 0.516521 -0.000011 0.000031 0.000025
 23   3.942374 1.330659 -1.631083 0.000019 0.000002 -0.000024
 24   -0.246150 -0.011872 -0.516511 -0.000005 -0.000006 0.000048
 25   4.941364 1.997338 1.629330 0.000018 -0.000001 -0.000024
 26   4.941382 1.997366 -1.629410 -0.000001 0.000005 -0.000024
 27   2.918368 1.615358 1.514501 -0.000019 -0.000022 -0.000050
 28   2.920798 1.614964 -1.501142 -0.000002 -0.000009 -0.000024
 29   8.824059 0.150544 0.091743 0.000006 -0.000231 -0.174534
 30   2.111085 -0.561179 1.784320 -0.000008 -0.000682 0.000024
 31   2.121290 -0.561289 -1.853599 0.000000 0.000000 -0.000002
 32   -0.810489 -0.093824 3.127092 -0.129396 -2.975241 -0.324172
 33   14.298673 -0.408176 0.475484 0.000020 -0.000248 -0.436243
 34   15.835795 0.581398 0.242756 0.162134 -0.013934 0.022664
 35   -0.815868 -0.091229 -3.114430 0.096037 3.002497 -0.031283
 36   14.294526 -0.410349 -0.463635 0.000093 0.000048 -0.399441
 37   15.834409 0.579420 -0.284600 -0.088743 0.040098 0.278038
 38   1.139685 -3.453749 -2.823813 0.000000 0.000000 0.000001
 39   -4.457742 -1.054854 -0.746180 0.000000 0.000000 0.000000
 40   1.118101 -3.449769 3.237290 0.000000 0.000001 0.000000
 41   -4.433840 -1.059130 0.959566 -0.000001 0.000000 0.000000
 42   -0.657468 1.697302 -2.688614 0.000000 0.000002 0.000000
 43   -0.664068 1.698578 2.869377 0.000000 0.000002 0.000000
time 2
  0   0.001233 0.187506 0.867585 0.000000 0.000000 -1.571449
  1   -1.093036 0.000002 -0.326057 -0.000777 -1.568388 -1.570022
  2   2.262337 0.113614 0.064702 -0.068147 -0.007741 -0.045840
  3   2.380047 0.353302 0.047440 -0.044238 -0.011989 -0.011203
  4   2.033756 0.190472 -0.000128 -0.023008 -0.001318 0.129739
  5   2.451511 0.204909 -0.003447 -0.088323 -0.013074 0.174807
  6   7.247600 -0.397300 -0.109469 -0.091897 0.032679 0.231838
  7   -2.022252 -0.104661 3.136172 1.303771 -1.310061 -4.673803
  8   1.168026 -0.537438 -0.063437 -0.568910 0.906378 -0.717436
  9   6.790376 -0.619176 0.015206 -0.000102 -0.000151 -0.939194
 10   8.637599 0.544015 -0.090417 -3.215340 0.774164 0.468598
 11   6.790465 -0.619039 0.017802 0.000096 -0.011395 -0.672691
 12   -2.022474 -0.104699 -2.873818 -1.372864 0.987043 -4.704214
 13   1.167898 -0.537463 0.063297 1.291725 -0.550951 -1.421326
 14   7.002743 -0.617765 -0.183752 0.000172 0.000023 -0.887842
 15   8.209042 0.615527 -0.255885 2.020849 0.189313 0.291058
 16   7.002735 -0.617911 -0.183641 0.014250 0.004774 -0.640061
 17   1.574674 0.609930 -0.000899 0.362047 -0.108978 0.378954
 18   -0.602177 0.511412 -0.000006 0.000000 0.000000 0.000000
 19   3.673773 0.177020 1.119313 -0.000002 -0.000014 -0.174510
 20   3.673767 0.176993 -1.117566 0.000007 -0.000003 -0.174546
 21   3.942357 1.330634 1.627658 0.000002 -0.000011 -0.000026
 22   -0.246060 -0.011889 0.516521 -0.000011 0.000031 0.000025
 23   3.942374 1.330659 -1.631083 0.000019 0.000002 -0.000024
 24   -0.246150 -0.011872 -0.516511 -0.000005 -0.000006 0.000048
 25   4.941364 1.997338 1.629330 0.000018 -0.000001 -0.000024
 26   4.941382 1.997366 -1.629410 -0.000001 0.000005 -0.000024
 27   2.918368 1.615358 1.514501 -0.000019 -0.000022 -0.000050
 28   2.920798 1.614964 -1.501142 -0.000002 -0.000009 -0.000024
 29   8.824059 0.150544 0.091743 0.000006 -0.000231 -0.174534
 30   2.111085 -0.561179 1.784320 -0.000008 -0.000682 0.000024
 31   2.121290 -0.561289 -1.853599 0.000000 0.000000 -0.000002
 32   -0.810489 -0.093824 3.127092 -0.129396 -2.975241 -0.324172
 33   14.298673 -0.408176 0.475484 0.000020 -0.000248 -0.436243
 34   15.835795 0.581398 0.242756 0.162134 -0.013934 0.022664
 35   -0.815868 -0.091229 -3.114430 0.096037 3.002497 -0.031283
 36   14.294526 -0.410349 -0.463635 0.000093 0.000048 -0.399441
 37   15.834409 0.579420 -0.284600 -0.088743 0.040098 0.278038
 38   1.139685 -3.453749 -2.823813 0.000000 0.000000 0.000001
 39   -4.457742 -1.054854 -0.746180 0.000000 0.000000 0.000000
 40   1.118101 -3.449769 3.237290 0.000000 0.000001 0.000000
 41   -4.433840 -1.059130 0.959566 -0.000001 0.000000 0.000000
 42   -0.657468 1.697302 -2.688614 0.000000 0.000002 0.000000
 43   -0.664068 1.698578 2.869377 0.000000 0.000002 0.000000
time 3
  0   0.001233 0.187506 0.867585 0.000000 0.000000 -1.571449
  1   -1.093036 0.000002 -0.326057 -0.000934 -1.568388 -1.569829
  2   2.262337 0.113614 0.064702 -0.068147 -0.006926 -0.045913
  3   2.380047 0.353302 0.047440 -0.012766 -0.013247 -0.021283
  4   2.033756 0.190472 -0.000128 0.013361 -0.005633 0.104765
  5   2.451511 0.204909 -0.003447 -0.054603 -0.019863 0.170374
  6   7.247600 -0.397300 -0.109469 -0.091897 0.032679 0.231838
  7   -2.022252 -0.104661 3.136172 1.387359 -1.266188 -4.758325
  8   1.168026 -0.537438 -0.063437 -0.511831 1.048063 -0.593509
  9   6.790376 -0.619176 0.015206 -0.000102 -0.000151 -1.099789
 10   8.637599 0.544015 -0.090417 -2.732656 0.764098 0.729833
 11   6.790465 -0.619039 0.017802 0.000797 -0.011566 -0.785042
 12   -2.022474 -0.104699 -2.873818 -1.366733 1.109756 -4.715129
 13   1.167898 -0.537463 0.063297 1.479761 -0.593413 -1.486946
 14   7.002743 -0.617765 -0.183752 0.000172 0.000023 -1.171413
 15   8.209042 0.615527 -0.255885 1.931259 0.177964 0.239941
 16   7.002735 -0.617911 -0.183641 0.013968 0.006240 -0.838700
 17   1.574674 0.609930 -0.000899 0.346409 -0.028558 0.464925
 18   -0.602177 0.511412 -0.000006 0.000000 0.000000 0.000000
 19   3.673773 0.177020 1.119313 -0.000002 -0.000014 -0.174510
 20   3.673767 0.176993 -1.117566 0.000007 -0.000003 -0.174546
 21   3.942357 1.330634 1.627658 0.000002 -0.000011 -0.000026
 22   -0.246060 -0.011889 0.516521 -0.000011 0.000031 0.000025
 23   3.942374 1.330659 -1.631083 0.000019 0.000002 -0.000024
 24   -0.246150 -0.011872 -0.516511 -0.000005 -0.000006 0.000048
 25   4.941364 1.997338 1.629330 0.000018 -0.000001 -0.000024
 26   4.941382 1.997366 -1.629410 -0.000001 0.000005 -0.000024
 27   2.918368 1.615358 1.514501 -0.000019 -0.000022 -0.000050
 28   2.920798 1.614964 -1.501142 -0.000002 -0.000009 -0.000024
 29   8.824059 0.150544 0.091743 0.000006 -0.000231 -0.174534
 30   2.111085 -0.561179 1.784320 -0.000008 -0.000682 0.000024
 31   2.121290 -0.561289 -1.853599 0.000000 0.000000 -0.000002
 32   -0.810489 -0.093824 3.127092 -0.129396 -2.975241 -0.324172
 33   14.298673 -0.408176 0.475484 0.000020 -0.000248 -0.436243
 34   15.835795 0.581398 0.242756 0.162134 -0.013934 0.022664
 35   -0.815868 -0.091229 -3.114430 0.096037 3.002497 -0.031283
 36   14.294526 -0.410349 -0.463635 0.000093 0.000048 -0.399441
 37   15.834409 0.579420 -0.284600 -0.088743 0.040098 0.278038
 38   1.139685 -3.453749 -2.823813 0.000000 0.000000 0.000001
 39   -4.457742 -1.054854 -0.746180 0.000000 0.000000 0.000000
 40   1.118101 -3.449769 3.237290 0.000000 0.000001 0.000000
 41   -4.433840 -1.059130 0.959566 -0.000001 0.000000 0.000000
 42   -0.657468 1.697302 -2.688614 0.000000 0.000002 0.000000
 43   -0.664068 1.698578 2.869377 0.000000 0.000002 0.000000
time 4
  0   0.001233 0.187506 0.867585 0.000000 0.000000 -1.571449
  1   -1.093036 0.000002 -0.326057 -0.000934 -1.568388 -1.569829
  2   2.262337 0.113614 0.064702 -0.068147 -0.004517 -0.046111
  3   2.380047 0.353302 0.047440 0.000000 -0.014326 -0.024548
  4   2.033756 0.190472 -0.000128 0.049951 -0.013590 0.088019
  5   2.451511 0.204909 -0.003447 -0.030160 -0.031704 0.164232
  6   7.247600 -0.397300 -0.109469 -0.091897 0.032679 0.231838
  7   -2.022252 -0.104661 3.136172 1.388797 -1.246989 -4.758794
  8   1.168026 -0.537438 -0.063437 -0.173091 1.152767 -0.217173
  9   6.790376 -0.619176 0.015206 -0.000102 -0.000151 -1.239479
 10   8.637599 0.544015 -0.090417 -2.289602 0.682656 0.875679
 11   6.790465 -0.619039 0.017802 0.001381 -0.011651 -0.882800
 12   -2.022474 -0.104699 -2.873818 -1.385798 1.171170 -4.742319
 13   1.167898 -0.537463 0.063297 1.569738 -0.646809 -1.505167
 14   7.002743 -0.617765 -0.183752 0.000172 0.000023 -1.395250
 15   8.209042 0.615527 -0.255885 1.809383 0.197787 0.182811
 16   7.002735 -0.617911 -0.183641 0.013733 0.007537 -0.995337
 17   1.574674 0.609930 -0.000899 0.338650 0.055010 0.493717
 18   -0.602177 0.511412 -0.000006 0.000000 0.000000 0.000000
 19   3.673773 0.177020 1.119313 -0.000002 -0.000014 -0.174510
 20   3.673767 0.176993 -1.117566 0.000007 -0.000003 -0.174546
 21   3.942357 1.330634 1.627658 0.000002 -0.000011 -0.000026
 22   -0.246060 -0.011889 0.516521 -0.000011 0.000031 0.000025
 23   3.942374 1.330659 -1.631083 0.000019 0.000002 -0.000024
 24   -0.246150 -0.011872 -0.516511 -0.000005 -0.000006 0.000048
 25   4.941364 1.997338 1.629330 0.000018 -0.000001 -0.000024
 26   4.941382 1.997366 -1.629410 -0.000001 0.000005 -0.000024
 27   2.918368 1.615358 1.514501 -0.000019 -0.000022 -0.000050
 28   2.920798 1.614964 -1.501142 -0.000002 -0.000009 -0.000024
 29   8.824059 0.150544 0.091743 0.000006 -0.000231 -0.174534
 30   2.111085 -0.561179 1.784320 -0.000008 -0.000682 0.000024
 31   2.121290 -0.561289 -1.853599 0.000000 0.000000 -0.000002
 32   -0.810489 -0.093824 3.127092 -0.129396 -2.975241 -0.324172
 33   14.298673 -0.408176 0.475484 0.000020 -0.000248 -0.436243
 34   15.835795 0.581398 0.242756 0.162134 -0.013934 0.022664
 35   -0.815868 -0.091229 -3.114430 0.096037 3.002497 -0.031283
 36   14.294526 -0.410349 -0.463635 0.000093 0.000048 -0.399441
 37   15.834409 0.579420 -0.284600 -0.088743 0.040098 0.278038
 38   1.139685 -3.453749 -2.823813 0.000000 0.000000 0.000001
 39   -4.457742 -1.054854 -0.746180 0.000000 0.000000 0.000000
 40   1.118101 -3.449769 3.237290 0.000000 0.000001 0.000000
 41   -4.433840 -1.059130 0.959566 -0.000001 0.000000 0.000000
 42   -0.657468 1.697302 -2.688614 0.000000 0.000002 0.000000
 43   -0.664068 1.698578 2.869377 0.000000 0.000002 0.000000
time 5
  0   0.001233 0.187506 0.867585 0.000000 0.000000 -1.571449
  1   -1.093036 0.000002 -0.326057 -0.000777 -1.568388 -1.570022
  2   2.262337 0.113614 0.064702 -0.068147 -0.001246 -0.046328
  3   2.380047 0.353302 0.047440 0.007365 -0.015344 -0.025834
  4   2.033756 0.190472 -0.000128 0.088533 -0.024317 0.082147
  5   2.451511 0.204909 -0.003447 -0.007463 -0.047083 0.158115
  6   7.247600 -0.397300 -0.109469 -0.091897 0.032679 0.231838
  7   -2.022252 -0.104661 3.136172 1.305400 -1.261316 -4.672582
  8   1.168026 -0.537438 -0.063437 0.407381 1.114478 0.321300
  9   6.790376 -0.619176 0.015206 -0.000102 -0.000151 -1.331097
 10   8.637599 0.544015 -0.090417 -1.931530 0.624936 0.905123
 11   6.790465 -0.619039 0.017802 0.001731 -0.011708 -0.946993
 12   -2.022474 -0.104699 -2.873818 -1.452672 1.060821 -4.806179
 13   1.167898 -0.537463 0.063297 1.386411 -0.726292 -1.261454
 14   7.002743 -0.617765 -0.183752 0.000172 0.000023 -1.547720
 15   8.209042 0.615527 -0.255885 1.528027 0.316194 0.083163
 16   7.002735 -0.617911 -0.183641 0.013544 0.008383 -1.102025
 17   1.574674 0.609930 -0.000899 0.318259 0.136448 0.493791
 18   -0.602177 0.511412 -0.000006 0.000000 0.000000 0.000000
 19   3.673773 0.177020 1.119313 -0.000002 -0.000014 -0.174510
 20   3.673767 0.176993 -1.117566 0.000007 -0.000003 -0.174546
 21   3.942357 1.330634 1.627658 0.000002 -0.000011 -0.000026
 22   -0.246060 -0.011889 0.516521 -0.000011 0.000031 0.000025
 23   3.942374 1.330659 -1.631083 0.000019 0.000002 -0.000024
 24   -0.246150 -0.011872 -0.516511 -0.000005 -0.000006 0.000048
 25   4.941364 1.997338 1.629330 0.000018 -0.000001 -0.000024
 26   4.941382 1.997366 -1.629410 -0.000001 0.000005 -0.000024
 27   2.918368 1.615358 1.514501 -0.000019 -0.000022 -0.000050
 28   2.920798 1.614964 -1.501142 -0.000002 -0.000009 -0.000024
 29   8.824059 0.150544 0.091743 0.000006 -0.000231 -0.174534
 30   2.111085 -0.561179 1.784320 -0.000008 -0.000682 0.000024
 31   2.121290 -0.561289 -1.853599 0.000000 0.000000 -0.000002
 32   -0.810489 -0.093824 3.127092 -0.129396 -2.975241 -0.324172
 33   14.298673 -0.408176 0.475484 0.000020 -0.000248 -0.436243
 34   15.835795 0.581398 0.242756 0.162134 -0.013934 0.022664
 35   -0.815868 -0.091229 -3.114430 0.096037 3.002497 -0.031283
 36   14.294526 -0.410349 -0.463635 0.000093 0.000048 -0.399441
 37   15.834409 0.579420 -0.284600 -0.088743 0.040098 0.278038
 38   1.139685 -3.453749 -2.823813 0.000000 0.000000 0.000001
 39   -4.457742 -1.054854 -0.746180 0.000000 0.000000 0.000000
 40   1.118101 -3.449769 3.237290 0.000000 0.000001 0.000000
 41   -4.433840 -1.059130 0.959566 -0.000001 0.000000 0.000000
 42   -0.657468 1.697302 -2.688614 0.000000 0.000002 0.000000
 43   -0.664068 1.698578 2.869377 0.000000 0.000002 0.000000
time 6
  0   0.001233 0.187506 0.867585 0.000000 0.000000 -1.571449
  1   -1.093036 0.000002 -0.326057 -0.000934 -1.568388 -1.569829
  2   2.262337 0.113614 0.064702 -0.068147 0.002482 -0.046545
  3   2.380047 0.353302 0.047440 0.011041 -0.016639 -0.025609
  4   2.033756 0.190472 -0.000128 0.127170 -0.036649 0.083633
  5   2.451511 0.204909 -0.003447 0.013471 -0.063834 0.151998
  6   7.247600 -0.397300 -0.109469 -0.091897 0.032679 0.231838
  7   -2.022252 -0.104661 3.136172 1.166406 -1.287260 -4.530490
  8   1.168026 -0.537438 -0.063437 0.782128 0.948491 0.620838
  9   6.790376 -0.619176 0.015206 -0.000102 -0.000151 -1.385358
 10   8.637599 0.544015 -0.090417 -1.641709 0.608465 0.899625
 11   6.790465 -0.619039 0.017802 0.001994 -0.011708 -0.984943
 12   -2.022474 -0.104699 -2.873818 -1.485438 0.940895 -4.833848
 13   1.167898 -0.537463 0.063297 1.194648 -0.788129 -0.999399
 14   7.002743 -0.617765 -0.183752 0.000172 0.000023 -1.633113
 15   8.209042 0.615527 -0.255885 1.310809 0.389356 -0.034466
 16   7.002735 -0.617911 -0.183641 0.013450 0.008834 -1.161854
 17   1.574674 0.609930 -0.000899 0.297949 0.206123 0.496600
 18   -0.602177 0.511412 -0.000006 0.000000 0.000000 0.000000
 19   3.673773 0.177020 1.119313 -0.000002 -0.000014 -0.174510
 20   3.673767 0.176993 -1.117566 0.000007 -0.000003 -0.174546
 21   3.942357 1.330634 1.627658 0.000002 -0.000011 -0.000026
 22   -0.246060 -0.011889 0.516521 -0.000011 0.000031 0.000025
 23   3.942374 1.330659 -1.631083 0.000019 0.000002 -0.000024
 24   -0.246150 -0.011872 -0.516511 -0.000005 -0.000006 0.000048
 25   4.941364 1.997338 1.629330 0.000018 -0.000001 -0.000024
 26   4.941382 1.997366 -1.629410 -0.000001 0.000005 -0.000024
 27   2.918368 1.615358 1.514501 -0.000019 -0.000022 -0.000050
 28   2.920798 1.614964 -1.501142 -0.000002 -0.000009 -0.000024
 29   8.824059 0.150544 0.091743 0.000006 -0.000231 -0.174534
 30   2.111085 -0.561179 1.784320 -0.000008 -0.000682 0.000024
 31   2.121290 -0.561289 -1.853599 0.000000 0.000000 -0.000002
 32   -0.810489 -0.093824 3.127092 -0.129396 -2.975241 -0.324172
 33   14.298673 -0.408176 0.475484 0.000020 -0.000248 -0.436243
 34   15.835795 0.581398 0.242756 0.162134 -0.013934 0.022664
 35   -0.815868 -0.091229 -3.114430 0.096037 3.002497 -0.031283
 36   14.294526 -0.410349 -0.463635 0.000093 0.000048 -0.399441
 37   15.834409 0.579420 -0.284600 -0.088743 0.040098 0.278038
 38   1.139685 -3.453749 -2.823813 0.000000 0.000000 0.000001
 39   -4.457742 -1.054854 -0.746180 0.000000 0.000000 0.000000
 40   1.118101 -3.449769 3.237290 0.000000 0.000001 0.000000
 41   -4.433840 -1.059130 0.959566 -0.000001 0.000000 0.000000
 42   -0.657468 1.697302 -2.688614 0.000000 0.000002 0.000000
 43   -0.664068 1.698578 2.869377 0.000000 0.000002 0.000000
time 7
  0   0.001233 0.187506 0.867585 0.000000 0.000000 -1.571449
  1   -1.093036 0.000002 -0.326057 -0.000934 -1.568388 -1.569829
  2   2.262337 0.113614 0.064702 -0.068172 0.006029 -0.046870
  3   2.380047 0.353302 0.047440 0.012061 -0.017609 -0.024589
  4   2.033756 0.190472 -0.000128 0.164535 -0.048418 0.084938
  5   2.451511 0.204909 -0.003447 0.032625 -0.079305 0.145559
  6   7.247600 -0.397300 -0.109469 -0.091897 0.032679 0.231838
  7   -2.022252 -0.104661 3.136172 1.060771 -1.300376 -4.423335
  8   1.168026 -0.537438 -0.063437 0.926724 0.793171 0.712313
  9   6.790376 -0.619176 0.015206 -0.000102 -0.000151 -1.426714
 10   8.637599 0.544015 -0.090417 -1.442330 0.595302 0.887037
 11   6.790465 -0.619039 0.017802 0.002169 -0.011708 -1.013896
 12   -2.022474 -0.104699 -2.873818 -1.483042 0.944668 -4.831933
 13   1.167898 -0.537463 0.063297 1.260373 -0.831558 -0.937472
 14   7.002743 -0.617765 -0.183752 0.000172 0.000023 -1.668508
 15   8.209042 0.615527 -0.255885 1.403707 0.341540 -0.083778
 16   7.002735 -0.617911 -0.183641 0.013356 0.009116 -1.186580
 17   1.574674 0.609930 -0.000899 0.266346 0.273029 0.473056
 18   -0.602177 0.511412 -0.000006 0.000000 0.000000 0.000000
 19   3.673773 0.177020 1.119313 -0.000002 -0.000014 -0.174510
 20   3.673767 0.176993 -1.117566 0.000007 -0.000003 -0.174546
 21   3.942357 1.330634 1.627658 0.000002 -0.000011 -0.000026
 22   -0.246060 -0.011889 0.516521 -0.000011 0.000031 0.000025
 23   3.942374 1.330659 -1.631083 0.000019 0.000002 -0.000024
 24   -0.246150 -0.011872 -0.516511 -0.000005 -0.000006 0.000048
 25   4.941364 1.997338 1.629330 0.000018 -0.000001 -0.000024
 26   4.941382 1.997366 -1.629410 -0.000001 0.000005 -0.000024
 27   2.918368 1.615358 1.514501 -0.000019 -0.000022 -0.000050
 28   2.920798 1.614964 -1.501142 -0.000002 -0.000009 -0.000024
 29   8.824059 0.150544 0.091743 0.000006 -0.000231 -0.174534
 30   2.111085 -0.561179 1.784320 -0.000008 -0.000682 0.000024
 31   2.121290 -0.561289 -1.853599 0.000000 0.000000 -0.000002
 32   -0.810489 -0.093824 3.127092 -0.129396 -2.975241 -0.324172
 33   14.298673 -0.408176 0.475484 0.000020 -0.000248 -0.436243
 34   15.835795 0.581398 0.242756 0.162134 -0.013934 0.022664
 35   -0.815868 -0.091229 -3.114430 0.096037 3.002497 -0.031283
 36   14.294526 -0.410349 -0.463635 0.000093 0.000048 -0.399441
 37   15.834409 0.579420 -0.284600 -0.088743 0.040098 0.278038
 38   1.139685 -3.453749 -2.823813 0.000000 0.000000 0.000001
 39   -4.457742 -1.054854 -0.746180 0.000000 0.000000 0.000000
 40   1.118101 -3.449769 3.237290 0.000000 0.000001 0.000000
 41   -4.433840 -1.059130 0.959566 -0.000001 0.000000 0.000000
 42   -0.657468 1.697302 -2.688614 0.000000 0.000002 0.000000
 43   -0.664068 1.698578 2.869377 0.000000 0.000002 0.000000
time 8
  0   0.001233 0.187506 0.867585 0.000000 0.000000 -1.571449
  1   -1.093036 0.000002 -0.326057 -0.000777 -1.568388 -1.570022
  2   2.262337 0.113614 0.064702 -0.068172 0.009157 -0.047069
  3   2.380047 0.353302 0.047440 0.011851 -0.018604 -0.023181
  4   2.033756 0.190472 -0.000128 0.198746 -0.057862 0.086714
  5   2.451511 0.204909 -0.003447 0.049451 -0.091355 0.139219
  6   7.247600 -0.397300 -0.109469 -0.091897 0.032679 0.231838
  7   -2.022252 -0.104661 3.136172 1.035656 -1.301529 -4.398167
  8   1.168026 -0.537438 -0.063437 0.962477 0.724190 0.709276
  9   6.790376 -0.619176 0.015206 -0.000102 -0.000151 -1.448298
 10   8.637599 0.544015 -0.090417 -1.369060 0.583617 0.875245
 11   6.790465 -0.619039 0.017802 0.002286 -0.011708 -1.029064
 12   -2.022474 -0.104699 -2.873818 -1.471833 0.987362 -4.822359
 13   1.167898 -0.537463 0.063297 1.404828 -0.866392 -0.943041
 14   7.002743 -0.617765 -0.183752 0.000172 0.000023 -1.680141
 15   8.209042 0.615527 -0.255885 1.601296 0.268680 -0.117094
 16   7.002735 -0.617911 -0.183641 0.013356 0.009116 -1.194804
 17   1.574674 0.609930 -0.000899 0.216343 0.329474 0.420239
 18   -0.602177 0.511412 -0.000006 0.000000 0.000000 0.000000
 19   3.673773 0.177020 1.119313 -0.000002 -0.000014 -0.174510
 20   3.673767 0.176993 -1.117566 0.000007 -0.000003 -0.174546
 21   3.942357 1.330634 1.627658 0.000002 -0.000011 -0.000026
 22   -0.246060 -0.011889 0.516521 -0.000011 0.000031 0.000025
 23   3.942374 1.330659 -1.631083 0.000019 0.000002 -0.000024
 24   -0.246150 -0.011872 -0.516511 -0.000005 -0.000006 0.000048
 25   4.941364 1.997338 1.629330 0.000018 -0.000001 -0.000024
 26   4.941382 1.997366 -1.629410 -0.000001 0.000005 -0.000024
 27   2.918368 1.615358 1.514501 -0.000019 -0.000022 -0.000050
 28   2.920798 1.614964 -1.501142 -0.000002 -0.000009 -0.000024
 29   8.824059 0.150544 0.091743 0.000006 -0.000231 -0.174534
 30   2.111085 -0.561179 1.784320 -0.000008 -0.000682 0.000024
 31   2.121290 -0.561289 -1.853599 0.000000 0.000000 -0.000002
 32   -0.810489 -0.093824 3.127092 -0.129396 -2.975241 -0.324172
 33   14.298673 -0.408176 0.475484 0.000020 -0.000248 -0.436243
 34   15.835795 0.581398 0.242756 0.162134 -0.013934 0.022664
 35   -0.815868 -0.091229 -3.114430 0.096037 3.002497 -0.031283
 36   14.294526 -0.410349 -0.463635 0.000093 0.000048 -0.399441
 37   15.834409 0.579420 -0.284600 -0.088743 0.040098 0.278038
 38   1.139685 -3.453749 -2.823813 0.000000 0.000000 0.000001
 39   -4.457742 -1.054854 -0.746180 0.000000 0.000000 0.000000
 40   1.118101 -3.449769 3.237290 0.000000 0.000001 0.000000
 41   -4.433840 -1.059130 0.959566 -0.000001 0.000000 0.000000
 42   -0.657468 1.697302 -2.688614 0.000000 0.000002 0.000000
 43   -0.664068 1.698578 2.869377 0.000000 0.000002 0.000000
time 9
  0   0.001233 0.187506 0.867585 0.000000 0.000000 -1.571449
  1   -1.093036 0.000002 -0.326057 -0.000777 -1.568388 -1.570022
  2   2.262337 0.113614 0.064702 -0.068198 0.011326 -0.047196
  3   2.380047 0.353302 0.047440 0.011851 -0.019155 -0.021916
  4   2.033756 0.190472 -0.000128 0.228143 -0.063303 0.088635
  5   2.451511 0.204909 -0.003447 0.063709 -0.097569 0.133845
  6   7.247600 -0.397300 -0.109469 -0.091897 0.032679 0.231838
  7   -2.022252 -0.104661 3.136172 1.063455 -1.296686 -4.425589
  8   1.168026 -0.537438 -0.063437 0.959756 0.718555 0.675622
  9   6.790376 -0.619176 0.015206 -0.000102 -0.000151 -1.457882
 10   8.637599 0.544015 -0.090417 -1.372142 0.571369 0.866636
 11   6.790465 -0.619039 0.017802 0.002286 -0.011708 -1.035812
 12   -2.022474 -0.104699 -2.873818 -1.472504 1.029330 -4.826189
 13   1.167898 -0.537463 0.063297 1.486580 -0.876359 -0.948247
 14   7.002743 -0.617765 -0.183752 0.000172 0.000023 -1.694167
 15   8.209042 0.615527 -0.255885 1.726623 0.247798 -0.135376
 16   7.002735 -0.617911 -0.183641 0.013309 0.009229 -1.204573
 17   1.574674 0.609930 -0.000899 0.074660 0.359034 0.226600
 18   -0.602177 0.511412 -0.000006 0.000000 0.000000 0.000000
 19   3.673773 0.177020 1.119313 -0.000002 -0.000014 -0.174510
 20   3.673767 0.176993 -1.117566 0.000007 -0.000003 -0.174546
 21   3.942357 1.330634 1.627658 0.000002 -0.000011 -0.000026
 22   -0.246060 -0.011889 0.516521 -0.000011 0.000031 0.000025
 23   3.942374 1.330659 -1.631083 0.000019 0.000002 -0.000024
 24   -0.246150 -0.011872 -0.516511 -0.000005 -0.000006 0.000048
 25   4.941364 1.997338 1.629330 0.000018 -0.000001 -0.000024
 26   4.941382 1.997366 -1.629410 -0.000001 0.000005 -0.000024
 27   2.918368 1.615358 1.514501 -0.000019 -0.000022 -0.000050
 28   2.920798 1.614964 -1.501142 -0.000002 -0.000009 -0.000024
 29   8.824059 0.150544 0.091743 0.000006 -0.000231 -0.174534
 30   2.111085 -0.561179 1.784320 -0.000008 -0.000682 0.000024
 31   2.121290 -0.561289 -1.853599 0.000000 0.000000 -0.000002
 32   -0.810489 -0.093824 3.127092 -0.129396 -2.975241 -0.324172
 33   14.298673 -0.408176 0.475484 0.000020 -0.000248 -0.436243
 34   15.835795 0.581398 0.242756 0.162134 -0.013934 0.022664
 35   -0.815868 -0.091229 -3.114430 0.096037 3.002497 -0.031283
 36   14.294526 -0.410349 -0.463635 0.000093 0.000048 -0.399441
 37   15.834409 0.579420 -0.284600 -0.088743 0.040098 0.278038
 38   1.139685 -3.453749 -2.823813 0.000000 0.000000 0.000001
 39   -4.457742 -1.054854 -0.746180 0.000000 0.000000 0.000000
 40   1.118101 -3.449769 3.237290 0.000000 0.000001 0.000000
 41   -4.433840 -1.059130 0.959566 -0.000001 0.000000 0.000000
 42   -0.657468 1.697302 -2.688614 0.000000 0.000002 0.000000
 43   -0.664068 1.698578 2.869377 0.000000 0.000002 0.000000
time 10
  0   0.001233 0.187506 0.867585 0.000000 0.000000 -1.571449
  1   -1.093036 0.000002 -0.326057 -0.000777 -1.568388 -1.570022
  2   2.262337 0.113614 0.064702 -0.068198 0.012177 -0.047268
  3   2.380047 0.353302 0.047440 0.013291 -0.019467 -0.021406
  4   2.033756 0.190472 -0.000128 0.251104 -0.062823 0.090955
  5   2.451511 0.204909 -0.003447 0.075143 -0.095833 0.129734
  6   7.247600 -0.397300 -0.109469 -0.091897 0.032679 0.231838
  7   -2.022252 -0.104661 3.136172 1.087707 -1.292045 -4.450476
  8   1.168026 -0.537438 -0.063437 0.960452 0.725951 0.651203
  9   6.790376 -0.619176 0.015206 -0.000102 -0.000151 -1.467240
 10   8.637599 0.544015 -0.090417 -1.375225 0.560318 0.858895
 11   6.790465 -0.619039 0.017802 0.002315 -0.011708 -1.042214
 12   -2.022474 -0.104699 -2.873818 -1.494156 1.060415 -4.853858
 13   1.167898 -0.537463 0.063297 1.468163 -0.861002 -0.926818
 14   7.002743 -0.617765 -0.183752 0.000172 0.000023 -1.723374
 15   8.209042 0.615527 -0.255885 1.748769 0.287367 -0.124431
 16   7.002735 -0.617911 -0.183641 0.013309 0.009398 -1.224939
 17   1.574674 0.609930 -0.000899 -0.127628 0.312695 -0.062398
 18   -0.602177 0.511412 -0.000006 0.000000 0.000000 0.000000
 19   3.673773 0.177020 1.119313 -0.000002 -0.000014 -0.174510
 20   3.673767 0.176993 -1.117566 0.000007 -0.000003 -0.174546
 21   3.942357 1.330634 1.627658 0.000002 -0.000011 -0.000026
 22   -0.246060 -0.011889 0.516521 -0.000011 0.000031 0.000025
 23   3.942374 1.330659 -1.631083 0.000019 0.000002 -0.000024
 24   -0.246150 -0.011872 -0.516511 -0.000005 -0.000006 0.000048
 25   4.941364 1.997338 1.629330 0.000018 -0.000001 -0.000024
 26   4.941382 1.997366 -1.629410 -0.000001 0.000005 -0.000024
 27   2.918368 1.615358 1.514501 -0.000019 -0.000022 -0.000050
 28   2.920798 1.614964 -1.501142 -0.000002 -0.000009 -0.000024
 29   8.824059 0.150544 0.091743 0.000006 -0.000231 -0.174534
 30   2.111085 -0.561179 1.784320 -0.000008 -0.000682 0.000024
 31   2.121290 -0.561289 -1.853599 0.000000 0.000000 -0.000002
 32   -0.810489 -0.093824 3.127092 -0.129396 -2.975241 -0.324172
 33   14.298673 -0.408176 0.475484 0.000020 -0.000248 -0.436243
 34   15.835795 0.581398 0.242756 0.162134 -0.013934 0.022664
 35   -0.815868 -0.091229 -3.114430 0.096037 3.002497 -0.031283
 36   14.294526 -0.410349 -0.463635 0.000093 0.000048 -0.399441
 37   15.834409 0.579420 -0.284600 -0.088743 0.040098 0.278038
 38   1.139685 -3.453749 -2.823813 0.000000 0.000000 0.000001
 39   -4.457742 -1.054854 -0.746180 0.000000 0.000000 0.000000
 40   1.118101 -3.449769 3.237290 0.000000 0.000001 0.000000
 41   -4.433840 -1.059130 0.959566 -0.000001 0.000000 0.000000
 42   -0.657468 1.697302 -2.688614 0.000000 0.000002 0.000000
 43   -0.664068 1.698578 2.869377 0.000000 0.000002 0.000000
time 11
  0   0.001233 0.187506 0.867585 0.000000 0.000000 -1.571449
  1   -1.093036 0.000002 -0.326057 -0.000777 -1.568388 -1.570022
  2   2.262337 0.113614 0.064702 -0.068172 0.008390 -0.046997
  3   2.380047 0.353302 0.047440 0.017116 -0.018616 -0.021610
  4   2.033756 0.190472 -0.000128 0.252432 -0.039849 0.096682
  5   2.451511 0.204909 -0.003447 0.073825 -0.060139 0.131418
  6   7.247600 -0.397300 -0.109469 -0.091897 0.032679 0.231838
  7   -2.022252 -0.104661 3.136172 1.303771 -1.296513 -4.673145
  8   1.168026 -0.537438 -0.063437 1.022720 0.762429 0.721802
  9   6.790376 -0.619176 0.015206 -0.000102 -0.000151 -1.605270
 10   8.637599 0.544015 -0.090417 -1.323883 0.535681 0.839435
 11   6.790465 -0.619039 0.017802 0.002957 -0.011793 -1.138877
 12   -2.022474 -0.104699 -2.873818 -1.530659 1.093822 -4.896462
 13   1.167898 -0.537463 0.063297 1.358153 -0.819149 -0.882567
 14   7.002743 -0.617765 -0.183752 0.000172 0.000023 -1.758851
 15   8.209042 0.615527 -0.255885 1.755240 0.344490 -0.093280
 16   7.002735 -0.617911 -0.183641 0.013215 0.009567 -1.249886
 17   1.574674 0.609930 -0.000899 -0.221745 0.198526 -0.225396
 18   -0.602177 0.511412 -0.000006 0.000000 0.000000 0.000000
 19   3.673773 0.177020 1.119313 -0.000002 -0.000014 -0.174510
 20   3.673767 0.176993 -1.117566 0.000007 -0.000003 -0.174546
 21   3.942357 1.330634 1.627658 0.000002 -0.000011 -0.000026
 22   -0.246060 -0.011889 0.516521 -0.000011 0.000031 0.000025
 23   3.942374 1.330659 -1.631083 0.000019 0.000002 -0.000024
 24   -0.246150 -0.011872 -0.516511 -0.000005 -0.000006 0.000048
 25   4.941364 1.997338 1.629330 0.000018 -0.000001 -0.000024
 26   4.941382 1.997366 -1.629410 -0.000001 0.000005 -0.000024
 27   2.918368 1.615358 1.514501 -0.000019 -0.000022 -0.000050
 28   2.920798 1.614964 -1.501142 -0.000002 -0.000009 -0.000024
 29   8.824059 0.150544 0.091743 0.000006 -0.000231 -0.174534
 30   2.111085 -0.561179 1.784320 -0.000008 -0.000682 0.000024
 31   2.121290 -0.561289 -1.853599 0.000000 0.000000 -0.000002
 32   -0.810489 -0.093824 3.127092 -0.129396 -2.975241 -0.324172
 33   14.298673 -0.408176 0.475484 0.000020 -0.000248 -0.436243
 34   15.835795 0.581398 0.242756 0.162134 -0.013934 0.022664
 35   -0.815868 -0.091229 -3.114430 0.096037 3.002497 -0.031283
 36   14.294526 -0.410349 -0.463635 0.000093 0.000048 -0.399441
 37   15.834409 0.579420 -0.284600 -0.088743 0.040098 0.278038
 38   1.139685 -3.453749 -2.823813 0.000000 0.000000 0.000001
 39   -4.457742 -1.054854 -0.746180 0.000000 0.000000 0.000000
 40   1.118101 -3.449769 3.237290 0.000000 0.000001 0.000000
 41   -4.433840 -1.059130 0.959566 -0.000001 0.000000 0.000000
 42   -0.657468 1.697302 -2.688614 0.000000 0.000002 0.000000
 43   -0.664068 1.698578 2.869377 0.000000 0.000002 0.000000
time 12
  0   0.001233 0.187506 0.867585 0.000000 0.000000 -1.571449
  1   -1.093036 0.000002 -0.326057 -0.000777 -1.568388 -1.570022
  2   2.262337 0.113614 0.064702 -0.068147 0.000348 -0.046437
  3   2.380047 0.353302 0.047440 0.019261 -0.016411 -0.021814
  4   2.033756 0.190472 -0.000128 0.231094 0.002073 0.104620
  5   2.451511 0.204909 -0.003447 0.058848 0.001953 0.136916
  6   7.247600 -0.397300 -0.109469 -0.091897 0.032679 0.231838
  7   -2.022252 -0.104661 3.136172 1.671578 -1.277545 -5.055655
  8   1.168026 -0.537438 -0.063437 1.160102 0.809573 0.897666
  9   6.790376 -0.619176 0.015206 -0.000102 -0.000151 -1.853860
 10   8.637599 0.544015 -0.090417 -1.227804 0.502879 0.805867
 11   6.790465 -0.619039 0.017802 0.004096 -0.011850 -1.312824
 12   -2.022474 -0.104699 -2.873818 -1.577700 1.126909 -4.950269
 13   1.167898 -0.537463 0.063297 1.191977 -0.749125 -0.852602
 14   7.002743 -0.617765 -0.183752 0.000172 0.000023 -1.796556
 15   8.209042 0.615527 -0.255885 1.750495 0.412584 -0.053349
 16   7.002735 -0.617911 -0.183641 0.013168 0.009849 -1.276213
 17   1.574674 0.609930 -0.000899 -0.200420 0.081185 -0.260657
 18   -0.602177 0.511412 -0.000006 0.000000 0.000000 0.000000
 19   3.673773 0.177020 1.119313 -0.000002 -0.000014 -0.174510
 20   3.673767 0.176993 -1.117566 0.000007 -0.000003 -0.174546
 21   3.942357 1.330634 1.627658 0.000002 -0.000011 -0.000026
 22   -0.246060 -0.011889 0.516521 -0.000011 0.000031 0.000025
 23   3.942374 1.330659 -1.631083 0.000019 0.000002 -0.000024
 24   -0.246150 -0.011872 -0.516511 -0.000005 -0.000006 0.000048
 25   4.941364 1.997338 1.629330 0.000018 -0.000001 -0.000024
 26   4.941382 1.997366 -1.629410 -0.000001 0.000005 -0.000024
 27   2.918368 1.615358 1.514501 -0.000019 -0.000022 -0.000050
 28   2.920798 1.614964 -1.501142 -0.000002 -0.000009 -0.000024
 29   8.824059 0.150544 0.091743 0.000006 -0.000231 -0.174534
 30   2.111085 -0.561179 1.784320 -0.000008 -0.000682 0.000024
 31   2.121290 -0.561289 -1.853599 0.000000 0.000000 -0.000002
 32   -0.810489 -0.093824 3.127092 -0.129396 -2.975241 -0.324172
 33   14.298673 -0.408176 0.475484 0.000020 -0.000248 -0.436243
 34   15.835795 0.581398 0.242756 0.162134 -0.013934 0.022664
 35   -0.815868 -0.091229 -3.114430 0.096037 3.002497 -0.031283
 36   14.294526 -0.410349 -0.463635 0.000093 0.000048 -0.399441
 37   15.834409 0.579420 -0.284600 -0.088743 0.040098 0.278038
 38   1.139685 -3.453749 -2.823813 0.000000 0.000000 0.000001
 39   -4.457742 -1.054854 -0.746180 0.000000 0.000000 0.000000
 40   1.118101 -3.449769 3.237290 0.000000 0.000001 0.000000
 41   -4.433840 -1.059130 0.959566 -0.000001 0.000000 0.000000
 42   -0.657468 1.697302 -2.688614 0.000000 0.000002 0.000000
 43   -0.664068 1.698578 2.869377 0.000000 0.000002 0.000000
time 13
  0   0.001233 0.187506 0.867585 0.000000 0.000000 -1.571449
  1   -1.093036 0.000002 -0.326057 -0.000777 -1.568388 -1.570022
  2   2.262337 0.113614 0.064702 -0.068147 -0.006926 -0.045913
  3   2.380047 0.353302 0.047440 0.013291 -0.013283 -0.021283
  4   2.033756 0.190472 -0.000128 0.205883 0.033905 0.110637
  5   2.451511 0.204909 -0.003447 0.042176 0.043640 0.139640
  6   7.247600 -0.397300 -0.109469 -0.091897 0.032679 0.231838
  7   -2.022252 -0.104661 3.136172 1.838946 -1.250218 -5.232682
  8   1.168026 -0.537438 -0.063437 1.256225 0.842982 1.040571
  9   6.790376 -0.619176 0.015206 -0.000102 -0.000151 -1.990456
 10   8.637599 0.544015 -0.090417 -1.177431 0.483522 0.783151
 11   6.790465 -0.619039 0.017802 0.004797 -0.011907 -1.408449
 12   -2.022474 -0.104699 -2.873818 -1.631735 1.157239 -5.009150
 13   1.167898 -0.537463 0.063297 1.072618 -0.681287 -0.883172
 14   7.002743 -0.617765 -0.183752 0.000172 0.000023 -1.830796
 15   8.209042 0.615527 -0.255885 1.737408 0.484385 -0.015883
 16   7.002735 -0.617911 -0.183641 0.013121 0.010018 -1.300222
 17   1.574674 0.609930 -0.000899 -0.154113 -0.004015 -0.282575
 18   -0.602177 0.511412 -0.000006 0.000000 0.000000 0.000000
 19   3.673773 0.177020 1.119313 -0.000002 -0.000014 -0.174510
 20   3.673767 0.176993 -1.117566 0.000007 -0.000003 -0.174546
 21   3.942357 1.330634 1.627658 0.000002 -0.000011 -0.000026
 22   -0.246060 -0.011889 0.516521 -0.000011 0.000031 0.000025
 23   3.942374 1.330659 -1.631083 0.000019 0.000002 -0.000024
 24   -0.246150 -0.011872 -0.516511 -0.000005 -0.000006 0.000048
 25   4.941364 1.997338 1.629330 0.000018 -0.000001 -0.000024
 26   4.941382 1.997366 -1.629410 -0.000001 0.000005 -0.000024
 27   2.918368 1.615358 1.514501 -0.000019 -0.000022 -0.000050
 28   2.920798 1.614964 -1.501142 -0.000002 -0.000009 -0.000024
 29   8.824059 0.150544 0.091743 0.000006 -0.000231 -0.174534
 30   2.111085 -0.561179 1.784320 -0.000008 -0.000682 0.000024
 31   2.121290 -0.561289 -1.853599 0.000000 0.000000 -0.000002
 32   -0.810489 -0.093824 3.127092 -0.129396 -2.975241 -0.324172
 33   14.298673 -0.408176 0.475484 0.000020 -0.000248 -0.436243
 34   15.835795 0.581398 0.242756 0.162134 -0.013934 0.022664
 35   -0.815868 -0.091229 -3.114430 0.096037 3.002497 -0.031283
 36   14.294526 -0.410349 -0.463635 0.000093 0.000048 -0.399441
 37   15.834409 0.579420 -0.284600 -0.088743 0.040098 0.278038
 38   1.139685 -3.453749 -2.823813 0.000000 0.000000 0.000001
 39   -4.457742 -1.054854 -0.746180 0.000000 0.000000 0.000000
 40   1.118101 -3.449769 3.237290 0.000000 0.000001 0.000000
 41   -4.433840 -1.059130 0.959566 -0.000001 0.000000 0.000000
 42   -0.657468 1.697302 -2.688614 0.000000 0.000002 0.000000
 43   -0.664068 1.698578 2.869377 0.000000 0.000002 0.000000
time 14
  0   0.001233 0.187506 0.867585 0.000000 0.000000 -1.571449
  1   -1.093036 0.000002 -0.326057 -0.000934 -1.568388 -1.569829
  2   2.262337 0.113614 0.064702 -0.068122 -0.012583 -0.045479
  3   2.380047 0.353302 0.047440 -0.011041 -0.008106 -0.019304
  4   2.033756 0.190472 -0.000128 0.175914 0.042605 0.114624
  5   2.451511 0.204909 -0.003447 0.023536 0.038143 0.137535
  6   7.247600 -0.397300 -0.109469 -0.091897 0.032679 0.231838
  7   -2.022252 -0.104661 3.136172 1.804724 -1.264516 -5.195023
  8   1.168026 -0.537438 -0.063437 1.235026 0.863309 1.080678
  9   6.790376 -0.619176 0.015206 -0.000102 -0.000151 -1.979136
 10   8.637599 0.544015 -0.090417 -1.196277 0.456351 0.726867
 11   6.790465 -0.619039 0.017802 0.004680 -0.011907 -1.400721
 12   -2.022474 -0.104699 -2.873818 -1.683375 1.183012 -5.064392
 13   1.167898 -0.537463 0.063297 1.032550 -0.636180 -0.990924
 14   7.002743 -0.617765 -0.183752 0.000172 0.000023 -1.857775
 15   8.209042 0.615527 -0.255885 1.716700 0.552857 0.007691
 16   7.002735 -0.617911 -0.183641 0.013074 0.010244 -1.319153
 17   1.574674 0.609930 -0.000899 -0.078153 -0.023446 -0.289635
 18   -0.602177 0.511412 -0.000006 0.000000 0.000000 0.000000
 19   3.673773 0.177020 1.119313 -0.000002 -0.000014 -0.174510
 20   3.673767 0.176993 -1.117566 0.000007 -0.000003 -0.174546
 21   3.942357 1.330634 1.627658 0.000002 -0.000011 -0.000026
 22   -0.246060 -0.011889 0.516521 -0.000011 0.000031 0.000025
 23   3.942374 1.330659 -1.631083 0.000019 0.000002 -0.000024
 24   -0.246150 -0.011872 -0.516511 -0.000005 -0.000006 0.000048
 25   4.941364 1.997338 1.629330 0.000018 -0.000001 -0.000024
 26   4.941382 1.997366 -1.629410 -0.000001 0.000005 -0.000024
 27   2.918368 1.615358 1.514501 -0.000019 -0.000022 -0.000050
 28   2.920798 1.614964 -1.501142 -0.000002 -0.000009 -0.000024
 29   8.824059 0.150544 0.091743 0.000006 -0.000231 -0.174534
 30   2.111085 -0.561179 1.784320 -0.000008 -0.000682 0.000024
 31   2.121290 -0.561289 -1.853599 0.000000 0.000000 -0.000002
 32   -0.810489 -0.093824 3.127092 -0.129396 -2.975241 -0.324172
 33   14.298673 -0.408176 0.475484 0.000020 -0.000248 -0.436243
 34   15.835795 0.581398 0.242756 0.162134 -0.013934 0.022664
 35   -0.815868 -0.091229 -3.114430 0.096037 3.002497 -0.031283
 36   14.294526 -0.410349 -0.463635 0.000093 0.000048 -0.399441
 37   15.834409 0.579420 -0.284600 -0.088743 0.040098 0.278038
 38   1.139685 -3.453749 -2.823813 0.000000 0.000000 0.000001
 39   -4.457742 -1.054854 -0.746180 0.000000 0.000000 0.000000
 40   1.118101 -3.449769 3.237290 0.000000 0.000001 0.000000
 41   -4.433840 -1.059130 0.959566 -0.000001 0.000000 0.000000
 42   -0.657468 1.697302 -2.688614 0.000000 0.000002 0.000000
 43   -0.664068 1.698578 2.869377 0.000000 0.000002 0.000000
time 15
  0   0.001233 0.187506 0.867585 0.000000 0.000000 -1.571449
  1   -1.093036 0.000002 -0.326057 -0.000777 -1.568388 -1.570022
  2   2.262337 0.113614 0.064702 -0.068083 -0.017701 -0.045117
  3   2.380047 0.353302 0.047440 -0.043653 -0.001898 -0.016835
  4   2.033756 0.190472 -0.000128 0.141795 0.041071 0.117705
  5   2.451511 0.204909 -0.003447 0.003064 0.011810 0.134068
  6   7.247600 -0.397300 -0.109469 -0.091897 0.032679 0.231838
  7   -2.022252 -0.104661 3.136172 1.691420 -1.306948 -5.074532
  8   1.168026 -0.537438 -0.063437 1.159406 0.871158 1.051262
  9   6.790376 -0.619176 0.015206 -0.000102 -0.000151 -1.940874
 10   8.637599 0.544015 -0.090417 -1.233176 0.396449 0.601350
 11   6.790465 -0.619039 0.017802 0.004534 -0.011907 -1.373845
 12   -2.022474 -0.104699 -2.873818 -1.721315 1.203213 -5.104508
 13   1.167898 -0.537463 0.063297 1.025239 -0.605516 -1.120892
 14   7.002743 -0.617765 -0.183752 0.000172 0.000023 -1.871801
 15   8.209042 0.615527 -0.255885 1.686717 0.610661 0.003962
 16   7.002735 -0.617911 -0.183641 0.013074 0.010300 -1.328922
 17   1.574674 0.609930 -0.000899 0.012877 -0.013364 -0.285865
 18   -0.602177 0.511412 -0.000006 0.000000 0.000000 0.000000
 19   3.673773 0.177020 1.119313 -0.000002 -0.000014 -0.174510
 20   3.673767 0.176993 -1.117566 0.000007 -0.000003 -0.174546
 21   3.942357 1.330634 1.627658 0.000002 -0.000011 -0.000026
 22   -0.246060 -0.011889 0.516521 -0.000011 0.000031 0.000025
 23   3.942374 1.330659 -1.631083 0.000019 0.000002 -0.000024
 24   -0.246150 -0.011872 -0.516511 -0.000005 -0.000006 0.000048
 25   4.941364 1.997338 1.629330 0.000018 -0.000001 -0.000024
 26   4.941382 1.997366 -1.629410 -0.000001 0.000005 -0.000024
 27   2.918368 1.615358 1.514501 -0.000019 -0.000022 -0.000050
 28   2.920798 1.614964 -1.501142 -0.000002 -0.000009 -0.000024
 29   8.824059 0.150544 0.091743 0.000006 -0.000231 -0.174534
 30   2.111085 -0.561179 1.784320 -0.000008 -0.000682 0.000024
 31   2.121290 -0.561289 -1.853599 0.000000 0.000000 -0.000002
 32   -0.810489 -0.093824 3.127092 -0.129396 -2.975241 -0.324172
 33   14.298673 -0.408176 0.475484 0.000020 -0.000248 -0.436243
 34   15.835795 0.581398 0.242756 0.162134 -0.013934 0.022664
 35   -0.815868 -0.091229 -3.114430 0.096037 3.002497 -0.031283
 36   14.294526 -0.410349 -0.463635 0.000093 0.000048 -0.399441
 37   15.834409 0.579420 -0.284600 -0.088743 0.040098 0.278038
 38   1.139685 -3.453749 -2.823813 0.000000 0.000000 0.000001
 39   -4.457742 -1.054854 -0.746180 0.000000 0.000000 0.000000
 40   1.118101 -3.449769 3.237290 0.000000 0.000001 0.000000
 41   -4.433840 -1.059130 0.959566 -0.000001 0.000000 0.000000
 42   -0.657468 1.697302 -2.688614 0.000000 0.000002 0.000000
 43   -0.664068 1.698578 2.869377 0.000000 0.000002 0.000000
time 16
  0   0.001233 0.187506 0.867585 0.000000 0.000000 -1.571449
  1   -1.093036 0.000002 -0.326057 -0.000934 -1.568388 -1.569829
  2   2.262337 0.113614 0.064702 -0.068083 -0.019858 -0.045027
  3   2.380047 0.353302 0.047440 -0.059884 0.000955 -0.015672
  4   2.033756 0.190472 -0.000128 0.125695 0.038567 0.118285
  5   2.451511 0.204909 -0.003447 -0.006282 -0.003922 0.132483
  6   7.247600 -0.397300 -0.109469 -0.091897 0.032679 0.231838
  7   -2.022252 -0.104661 3.136172 1.471906 -1.356183 -4.848012
  8   1.168026 -0.537438 -0.063437 1.077774 0.882026 0.950678
  9   6.790376 -0.619176 0.015206 -0.000102 -0.000151 -1.888877
 10   8.637599 0.544015 -0.090417 -1.268050 0.315852 0.448197
 11   6.790465 -0.619039 0.017802 0.004242 -0.011850 -1.337452
 12   -2.022474 -0.104699 -2.873818 -1.730800 1.217289 -5.113603
 13   1.167898 -0.537463 0.063297 1.011602 -0.595600 -1.185180
 14   7.002743 -0.617765 -0.183752 0.000172 0.000023 -1.868501
 15   8.209042 0.615527 -0.255885 1.646092 0.648415 -0.038976
 16   7.002735 -0.617911 -0.183641 0.013074 0.010300 -1.326604
 17   1.574674 0.609930 -0.000899 0.061133 -0.007897 -0.274481
 18   -0.602177 0.511412 -0.000006 0.000000 0.000000 0.000000
 19   3.673773 0.177020 1.119313 -0.000002 -0.000014 -0.174510
 20   3.673767 0.176993 -1.117566 0.000007 -0.000003 -0.174546
 21   3.942357 1.330634 1.627658 0.000002 -0.000011 -0.000026
 22   -0.246060 -0.011889 0.516521 -0.000011 0.000031 0.000025
 23   3.942374 1.330659 -1.631083 0.000019 0.000002 -0.000024
 24   -0.246150 -0.011872 -0.516511 -0.000005 -0.000006 0.000048
 25   4.941364 1.997338 1.629330 0.000018 -0.000001 -0.000024
 26   4.941382 1.997366 -1.629410 -0.000001 0.000005 -0.000024
 27   2.918368 1.615358 1.514501 -0.000019 -0.000022 -0.000050
 28   2.920798 1.614964 -1.501142 -0.000002 -0.000009 -0.000024
 29   8.824059 0.150544 0.091743 0.000006 -0.000231 -0.174534
 30   2.111085 -0.561179 1.784320 -0.000008 -0.000682 0.000024
 31   2.121290 -0.561289 -1.853599 0.000000 0.000000 -0.000002
 32   -0.810489 -0.093824 3.127092 -0.129396 -2.975241 -0.324172
 33   14.298673 -0.408176 0.475484 0.000020 -0.000248 -0.436243
 34   15.835795 0.581398 0.242756 0.162134 -0.013934 0.022664
 35   -0.815868 -0.091229 -3.114430 0.096037 3.002497 -0.031283
 36   14.294526 -0.410349 -0.463635 0.000093 0.000048 -0.399441
 37   15.834409 0.579420 -0.284600 -0.088743 0.040098 0.278038
 38   1.139685 -3.453749 -2.823813 0.000000 0.000000 0.000001
 39   -4.457742 -1.054854 -0.746180 0.000000 0.000000 0.000000
 40   1.118101 -3.449769 3.237290 0.000000 0.000001 0.000000
 41   -4.433840 -1.059130 0.959566 -0.000001 0.000000 0.000000
 42   -0.657468 1.697302 -2.688614 0.000000 0.000002 0.000000
 43   -0.664068 1.698578 2.869377 0.000000 0.000002 0.000000
time 17
  0   0.001233 0.187506 0.867585 0.000000 0.000000 -1.571449
  1   -1.093036 0.000002 -0.326057 -0.000777 -1.568388 -1.570022
  2   2.262337 0.113614 0.064702 -0.068083 -0.019858 -0.045027
  3   2.380047 0.353302 0.047440 -0.059884 0.000955 -0.015672
  4   2.033756 0.190472 -0.000128 0.125695 0.038698 0.117379
  5   2.451511 0.204909 -0.003447 -0.006282 0.018142 0.132210
  6   7.247600 -0.397300 -0.109469 -0.091897 0.032679 0.231838
  7   -2.022252 -0.104661 3.136172 1.143017 -1.389593 -4.515089
  8   1.168026 -0.537438 -0.063437 1.035819 0.913875 0.838644
  9   6.790376 -0.619176 0.015206 -0.000102 -0.000151 -1.835974
 10   8.637599 0.544015 -0.090417 -1.289449 0.231876 0.302351
 11   6.790465 -0.619039 0.017802 0.004038 -0.011850 -1.300482
 12   -2.022474 -0.104699 -2.873818 -1.649747 1.227477 -5.027245
 13   1.167898 -0.537463 0.063297 0.909817 -0.643605 -1.140808
 14   7.002743 -0.617765 -0.183752 0.000172 0.000023 -1.803569
 15   8.209042 0.615527 -0.255885 1.508685 0.661504 -0.263288
 16   7.002735 -0.617911 -0.183641 0.013168 0.009849 -1.281070
 17   1.574674 0.609930 -0.000899 0.068364 -0.037078 -0.258920
 18   -0.602177 0.511412 -0.000006 0.000000 0.000000 0.000000
 19   3.673773 0.177020 1.119313 -0.000002 -0.000014 -0.174510
 20   3.673767 0.176993 -1.117566 0.000007 -0.000003 -0.174546
 21   3.942357 1.330634 1.627658 0.000002 -0.000011 -0.000026
 22   -0.246060 -0.011889 0.516521 -0.000011 0.000031 0.000025
 23   3.942374 1.330659 -1.631083 0.000019 0.000002 -0.000024
 24   -0.246150 -0.011872 -0.516511 -0.000005 -0.000006 0.000048
 25   4.941364 1.997338 1.629330 0.000018 -0.000001 -0.000024
 26   4.941382 1.997366 -1.629410 -0.000001 0.000005 -0.000024
 27   2.918368 1.615358 1.514501 -0.000019 -0.000022 -0.000050
 28   2.920798 1.614964 -1.501142 -0.000002 -0.000009 -0.000024
 29   8.824059 0.150544 0.091743 0.000006 -0.000231 -0.174534
 30   2.111085 -0.561179 1.784320 -0.000008 -0.000682 0.000024
 31   2.121290 -0.561289 -1.853599 0.000000 0.000000 -0.000002
 32   -0.810489 -0.093824 3.127092 -0.129396 -2.975241 -0.324172
 33   14.298673 -0.408176 0.475484 0.000020 -0.000248 -0.436243
 34   15.835795 0.581398 0.242756 0.162134 -0.013934 0.022664
 35   -0.815868 -0.091229 -3.114430 0.096037 3.002497 -0.031283
 36   14.294526 -0.410349 -0.463635 0.000093 0.000048 -0.399441
 37   15.834409 0.579420 -0.284600 -0.088743 0.040098 0.278038
 38   1.139685 -3.453749 -2.823813 0.000000 0.000000 0.000001
 39   -4.457742 -1.054854 -0.746180 0.000000 0.000000 0.000000
 40   1.118101 -3.449769 3.237290 0.000000 0.000001 0.000000
 41   -4.433840 -1.059130 0.959566 -0.000001 0.000000 0.000000
 42   -0.657468 1.697302 -2.688614 0.000000 0.000002 0.000000
 43   -0.664068 1.698578 2.869377 0.000000 0.000002 0.000000
time 18
  0   0.001233 0.187506 0.867585 0.000000 0.000000 -1.571449
  1   -1.093036 0.000002 -0.326057 -0.000777 -1.568388 -1.570022
  2   2.262337 0.113614 0.064702 -0.068083 -0.019858 -0.045027
  3   2.380047 0.353302 0.047440 -0.059884 0.000955 -0.015672
  4   2.033756 0.190472 -0.000128 0.125621 0.038806 0.116654
  5   2.451511 0.204909 -0.003447 -0.006402 0.040154 0.132037
  6   7.247600 -0.397300 -0.109469 -0.091897 0.032679 0.231838
  7   -2.022252 -0.104661 3.136172 0.828890 -1.397693 -4.199258
  8   1.168026 -0.537438 -0.063437 1.008925 0.939334 0.756405
  9   6.790376 -0.619176 0.015206 -0.000102 -0.000151 -1.795599
 10   8.637599 0.544015 -0.090417 -1.297463 0.165498 0.192894
 11   6.790465 -0.619039 0.017802 0.003804 -0.011850 -1.272164
 12   -2.022474 -0.104699 -2.873818 -1.563904 1.230437 -4.936003
 13   1.167898 -0.537463 0.063297 0.811967 -0.684135 -1.082029
 14   7.002743 -0.617765 -0.183752 0.000172 0.000023 -1.746723
 15   8.209042 0.615527 -0.255885 1.402844 0.646674 -0.440272
 16   7.002735 -0.617911 -0.183641 0.013262 0.009567 -1.241276
 17   1.574674 0.609930 -0.000899 0.072141 -0.065597 -0.238961
 18   -0.602177 0.511412 -0.000006 0.000000 0.000000 0.000000
 19   3.673773 0.177020 1.119313 -0.000002 -0.000014 -0.174510
 20   3.673767 0.176993 -1.117566 0.000007 -0.000003 -0.174546
 21   3.942357 1.330634 1.627658 0.000002 -0.000011 -0.000026
 22   -0.246060 -0.011889 0.516521 -0.000011 0.000031 0.000025
 23   3.942374 1.330659 -1.631083 0.000019 0.000002 -0.000024
 24   -0.246150 -0.011872 -0.516511 -0.000005 -0.000006 0.000048
 25   4.941364 1.997338 1.629330 0.000018 -0.000001 -0.000024
 26   4.941382 1.997366 -1.629410 -0.000001 0.000005 -0.000024
 27   2.918368 1.615358 1.514501 -0.000019 -0.000022 -0.000050
 28   2.920798 1.614964 -1.501142 -0.000002 -0.000009 -0.000024
 29   8.824059 0.150544 0.091743 0.000006 -0.000231 -0.174534
 30   2.111085 -0.561179 1.784320 -0.000008 -0.000682 0.000024
 31   2.121290 -0.561289 -1.853599 0.000000 0.000000 -0.000002
 32   -0.810489 -0.093824 3.127092 -0.129396 -2.975241 -0.324172
 33   14.298673 -0.408176 0.475484 0.000020 -0.000248 -0.436243
 34   15.835795 0.581398 0.242756 0.162134 -0.013934 0.022664
 35   -0.815868 -0.091229 -3.114430 0.096037 3.002497 -0.031283
 36   14.294526 -0.410349 -0.463635 0.000093 0.000048 -0.399441
 37   15.834409 0.579420 -0.284600 -0.088743 0.040098 0.278038
 38   1.139685 -3.453749 -2.823813 0.000000 0.000000 0.000001
 39   -4.457742 -1.054854 -0.746180 0.000000 0.000000 0.000000
 40   1.118101 -3.449769 3.237290 0.000000 0.000001 0.000000
 41   -4.433840 -1.059130 0.959566 -0.000001 0.000000 0.000000
 42   -0.657468 1.697302 -2.688614 0.000000 0.000002 0.000000
 43   -0.664068 1.698578 2.869377 0.000000 0.000002 0.000000
time 19
  0   0.001233 0.187506 0.867585 0.000000 0.000000 -1.571449
  1   -1.093036 0.000002 -0.326057 -0.000777 -1.568388 -1.570022
  2   2.262337 0.113614 0.064702 -0.068083 -0.019858 -0.045027
  3   2.380047 0.353302 0.047440 -0.059884 0.000955 -0.015672
  4   2.033756 0.190472 -0.000128 0.125621 0.038902 0.116074
  5   2.451511 0.204909 -0.003447 -0.006282 0.009695 0.132062
  6   7.247600 -0.397300 -0.109469 -0.091897 0.032679 0.231838
  7   -2.022252 -0.104661 3.136172 0.707055 -1.395676 -4.076889
  8   1.168026 -0.537438 -0.063437 0.970387 0.914076 0.700420
  9   6.790376 -0.619176 0.015206 -0.000102 -0.000151 -1.780807
 10   8.637599 0.544015 -0.090417 -1.298784 0.137201 0.148330
 11   6.790465 -0.619039 0.017802 0.003775 -0.011850 -1.261898
 12   -2.022474 -0.104699 -2.873818 -1.589197 1.227274 -4.962907
 13   1.167898 -0.537463 0.063297 0.890697 -0.642639 -1.125190
 14   7.002743 -0.617765 -0.183752 0.000172 0.000023 -1.819905
 15   8.209042 0.615527 -0.255885 1.572176 0.656813 -0.156424
 16   7.002735 -0.617911 -0.183641 0.013121 0.010018 -1.292550
 17   1.574674 0.609930 -0.000899 0.074660 -0.046000 -0.171396
 18   -0.602177 0.511412 -0.000006 0.000000 0.000000 0.000000
 19   3.673773 0.177020 1.119313 -0.000002 -0.000014 -0.174510
 20   3.673767 0.176993 -1.117566 0.000007 -0.000003 -0.174546
 21   3.942357 1.330634 1.627658 0.000002 -0.000011 -0.000026
 22   -0.246060 -0.011889 0.516521 -0.000011 0.000031 0.000025
 23   3.942374 1.330659 -1.631083 0.000019 0.000002 -0.000024
 24   -0.246150 -0.011872 -0.516511 -0.000005 -0.000006 0.000048
 25   4.941364 1.997338 1.629330 0.000018 -0.000001 -0.000024
 26   4.941382 1.997366 -1.629410 -0.000001 0.000005 -0.000024
 27   2.918368 1.615358 1.514501 -0.000019 -0.000022 -0.000050
 28   2.920798 1.614964 -1.501142 -0.000002 -0.000009 -0.000024
 29   8.824059 0.150544 0.091743 0.000006 -0.000231 -0.174534
 30   2.111085 -0.561179 1.784320 -0.000008 -0.000682 0.000024
 31   2.121290 -0.561289 -1.853599 0.000000 0.000000 -0.000002
 32   -0.810489 -0.093824 3.127092 -0.129396 -2.975241 -0.324172
 33   14.298673 -0.408176 0.475484 0.000020 -0.000248 -0.436243
 34   15.835795 0.581398 0.242756 0.162134 -0.013934 0.022664
 35   -0.815868 -0.091229 -3.114430 0.096037 3.002497 -0.031283
 36   14.294526 -0.410349 -0.463635 0.000093 0.000048 -0.399441
 37   15.834409 0.579420 -0.284600 -0.088743 0.040098 0.278038
 38   1.139685 -3.453749 -2.823813 0.000000 0.000000 0.000001
 39   -4.457742 -1.054854 -0.746180 0.000000 0.000000 0.000000
 40   1.118101 -3.449769 3.237290 0.000000 0.000001 0.000000
 41   -4.433840 -1.059130 0.959566 -0.000001 0.000000 0.000000
 42   -0.657468 1.697302 -2.688614 0.000000 0.000002 0.000000
 43   -0.664068 1.698578 2.869377 0.000000 0.000002 0.000000
time 20
  0   0.001233 0.187506 0.867585 0.000000 0.000000 -1.571449
  1   -1.093036 0.000002 -0.326057 -0.000777 -1.568388 -1.570022
  2   2.262337 0.113614 0.064702 -0.068083 -0.019858 -0.045027
  3   2.380047 0.353302 0.047440 -0.059884 0.000955 -0.015672
  4   2.033756 0.190472 -0.000128 0.125547 0.038986 0.115639
  5   2.451511 0.204909 -0.003447 -0.006265 -0.020672 0.132260
  6   7.247600 -0.397300 -0.109469 -0.091897 0.032679 0.231838
  7   -2.022252 -0.104661 3.136172 0.761981 -1.389766 -4.131358
  8   1.168026 -0.537438 -0.063437 0.912992 0.903711 0.631339
  9   6.790376 -0.619176 0.015206 -0.000102 -0.000151 -1.796580
 10   8.637599 0.544015 -0.090417 -1.290154 0.120096 0.166850
 11   6.790465 -0.619039 0.017802 0.003804 -0.011850 -1.272856
 12   -2.022474 -0.104699 -2.873818 -1.621292 1.223559 -4.996991
 13   1.167898 -0.537463 0.063297 0.969637 -0.597176 -1.163448
 14   7.002743 -0.617765 -0.183752 0.000172 0.000023 -1.886487
 15   8.209042 0.615527 -0.255885 1.732303 0.630029 0.115096
 16   7.002735 -0.617911 -0.183641 0.013027 0.010413 -1.339188
 17   1.574674 0.609930 -0.000899 0.082418 -0.033481 -0.048649
 18   -0.602177 0.511412 -0.000006 0.000000 0.000000 0.000000
 19   3.673773 0.177020 1.119313 -0.000002 -0.000014 -0.174510
 20   3.673767 0.176993 -1.117566 0.000007 -0.000003 -0.174546
 21   3.942357 1.330634 1.627658 0.000002 -0.000011 -0.000026
 22   -0.246060 -0.011889 0.516521 -0.000011 0.000031 0.000025
 23   3.942374 1.330659 -1.631083 0.000019 0.000002 -0.000024
 24   -0.246150 -0.011872 -0.516511 -0.000005 -0.000006 0.000048
 25   4.941364 1.997338 1.629330 0.000018 -0.000001 -0.000024
 26   4.941382 1.997366 -1.629410 -0.000001 0.000005 -0.000024
 27   2.918368 1.615358 1.514501 -0.000019 -0.000022 -0.000050
 28   2.920798 1.614964 -1.501142 -0.000002 -0.000009 -0.000024
 29   8.824059 0.150544 0.091743 0.000006 -0.000231 -0.174534
 30   2.111085 -0.561179 1.784320 -0.000008 -0.000682 0.000024
 31   2.121290 -0.561289 -1.853599 0.000000 0.000000 -0.000002
 32   -0.810489 -0.093824 3.127092 -0.129396 -2.975241 -0.324172
 33   14.298673 -0.408176 0.475484 0.000020 -0.000248 -0.436243
 34   15.835795 0.581398 0.242756 0.162134 -0.013934 0.022664
 35   -0.815868 -0.091229 -3.114430 0.096037 3.002497 -0.031283
 36   14.294526 -0.410349 -0.463635 0.000093 0.000048 -0.399441
 37   15.834409 0.579420 -0.284600 -0.088743 0.040098 0.278038
 38   1.139685 -3.453749 -2.823813 0.000000 0.000000 0.000001
 39   -4.457742 -1.054854 -0.746180 0.000000 0.000000 0.000000
 40   1.118101 -3.449769 3.237290 0.000000 0.000001 0.000000
 41   -4.433840 -1.059130 0.959566 -0.000001 0.000000 0.000000
 42   -0.657468 1.697302 -2.688614 0.000000 0.000002 0.000000
 43   -0.664068 1.698578 2.869377 0.000000 0.000002 0.000000
time 21
  0   0.001233 0.187506 0.867585 0.000000 0.000000 -1.571449
  1   -1.093036 0.000002 -0.326057 -0.000934 -1.568388 -1.569829
  2   2.262337 0.113614 0.064702 -0.068083 -0.019858 -0.045027
  3   2.380047 0.353302 0.047440 -0.059884 0.000955 -0.015672
  4   2.033756 0.190472 -0.000128 0.125547 0.039058 0.115204
  5   2.451511 0.204909 -0.003447 -0.006265 -0.009144 0.132161
  6   7.247600 -0.397300 -0.109469 -0.091897 0.032679 0.231838
  7   -2.022252 -0.104661 3.136172 0.871068 -1.373566 -4.238795
  8   1.168026 -0.537438 -0.063437 0.809908 0.950856 0.487422
  9   6.790376 -0.619176 0.015206 -0.000102 -0.000151 -1.833333
 10   8.637599 0.544015 -0.090417 -1.270251 0.080537 0.216840
 11   6.790465 -0.619039 0.017802 0.004038 -0.011850 -1.298579
 12   -2.022474 -0.104699 -2.873818 -1.608071 1.228289 -4.983108
 13   1.167898 -0.537463 0.063297 0.950587 -0.609940 -1.158242
 14   7.002743 -0.617765 -0.183752 0.000172 0.000023 -1.832611
 15   8.209042 0.615527 -0.255885 1.668238 0.649020 -0.005419
 16   7.002735 -0.617911 -0.183641 0.013121 0.010018 -1.301381
 17   1.574674 0.609930 -0.000899 0.082418 -0.064674 0.088551
 18   -0.602177 0.511412 -0.000006 0.000000 0.000000 0.000000
 19   3.673773 0.177020 1.119313 -0.000002 -0.000014 -0.174510
 20   3.673767 0.176993 -1.117566 0.000007 -0.000003 -0.174546
 21   3.942357 1.330634 1.627658 0.000002 -0.000011 -0.000026
 22   -0.246060 -0.011889 0.516521 -0.000011 0.000031 0.000025
 23   3.942374 1.330659 -1.631083 0.000019 0.000002 -0.000024
 24   -0.246150 -0.011872 -0.516511 -0.000005 -0.000006 0.000048
 25   4.941364 1.997338 1.629330 0.000018 -0.000001 -0.000024
 26   4.941382 1.997366 -1.629410 -0.000001 0.000005 -0.000024
 27   2.918368 1.615358 1.514501 -0.000019 -0.000022 -0.000050
 28   2.920798 1.614964 -1.501142 -0.000002 -0.000009 -0.000024
 29   8.824059 0.150544 0.091743 0.000006 -0.000231 -0.174534
 30   2.111085 -0.561179 1.784320 -0.000008 -0.000682 0.000024
 31   2.121290 -0.561289 -1.853599 0.000000 0.000000 -0.000002
 32   -0.810489 -0.093824 3.127092 -0.129396 -2.975241 -0.324172
 33   14.298673 -0.408176 0.475484 0.000020 -0.000248 -0.436243
 34   15.835795 0.581398 0.242756 0.162134 -0.013934 0.022664
 35   -0.815868 -0.091229 -3.114430 0.096037 3.002497 -0.031283
 36   14.294526 -0.410349 -0.463635 0.000093 0.000048 -0.399441
 37   15.834409 0.579420 -0.284600 -0.088743 0.040098 0.278038
 38   1.139685 -3.453749 -2.823813 0.000000 0.000000 0.000001
 39   -4.457742 -1.054854 -0.746180 0.000000 0.000000 0.000000
 40   1.118101 -3.449769 3.237290 0.000000 0.000001 0.000000
 41   -4.433840 -1.059130 0.959566 -0.000001 0.000000 0.000000
 42   -0.657468 1.697302 -2.688614 0.000000 0.000002 0.000000
 43   -0.664068 1.698578 2.869377 0.000000 0.000002 0.000000
time 22
  0   0.001233 0.187506 0.867585 0.000000 0.000000 -1.571449
  1   -1.093036 0.000002 -0.326057 -0.000777 -1.568388 -1.570022
  2   2.262337 0.113614 0.064702 -0.068083 -0.019858 -0.045027
  3   2.380047 0.353302 0.047440 -0.059884 0.000955 -0.015672
  4   2.033756 0.190472 -0.000128 0.125547 0.039058 0.115204
  5   2.451511 0.204909 -0.003447 -0.006282 0.012019 0.131938
  6   7.247600 -0.397300 -0.109469 -0.091897 0.032679 0.231838
  7   -2.022252 -0.104661 3.136172 0.988206 -1.349236 -4.354403
  8   1.168026 -0.537438 -0.063437 0.634874 1.000013 0.256901
  9   6.790376 -0.619176 0.015206 -0.000102 -0.000151 -1.882009
 10   8.637599 0.544015 -0.090417 -1.246210 0.026547 0.284771
 11   6.790465 -0.619039 0.017802 0.004242 -0.011850 -1.332665
 12   -2.022474 -0.104699 -2.873818 -1.579712 1.234443 -4.953237
 13   1.167898 -0.537463 0.063297 0.902506 -0.639435 -1.139113
 14   7.002743 -0.617765 -0.183752 0.000172 0.000023 -1.734512
 15   8.209042 0.615527 -0.255885 1.530688 0.664001 -0.245668
 16   7.002735 -0.617911 -0.183641 0.013262 0.009454 -1.232776
 17   1.574674 0.609930 -0.000899 0.073116 -0.100955 0.206087
 18   -0.602177 0.511412 -0.000006 0.000000 0.000000 0.000000
 19   3.673773 0.177020 1.119313 -0.000002 -0.000014 -0.174510
 20   3.673767 0.176993 -1.117566 0.000007 -0.000003 -0.174546
 21   3.942357 1.330634 1.627658 0.000002 -0.000011 -0.000026
 22   -0.246060 -0.011889 0.516521 -0.000011 0.000031 0.000025
 23   3.942374 1.330659 -1.631083 0.000019 0.000002 -0.000024
 24   -0.246150 -0.011872 -0.516511 -0.000005 -0.000006 0.000048
 25   4.941364 1.997338 1.629330 0.000018 -0.000001 -0.000024
 26   4.941382 1.997366 -1.629410 -0.000001 0.000005 -0.000024
 27   2.918368 1.615358 1.514501 -0.000019 -0.000022 -0.000050
 28   2.920798 1.614964 -1.501142 -0.000002 -0.000009 -0.000024
 29   8.824059 0.150544 0.091743 0.000006 -0.000231 -0.174534
 30   2.111085 -0.561179 1.784320 -0.000008 -0.000682 0.000024
 31   2.121290 -0.561289 -1.853599 0.000000 0.000000 -0.000002
 32   -0.810489 -0.093824 3.127092 -0.129396 -2.975241 -0.324172
 33   14.298673 -0.408176 0.475484 0.000020 -0.000248 -0.436243
 34   15.835795 0.581398 0.242756 0.162134 -0.013934 0.022664
 35   -0.815868 -0.091229 -3.114430 0.096037 3.002497 -0.031283
 36   14.294526 -0.410349 -0.463635 0.000093 0.000048 -0.399441
 37   15.834409 0.579420 -0.284600 -0.088743 0.040098 0.278038
 38   1.139685 -3.453749 -2.823813 0.000000 0.000000 0.000001
 39   -4.457742 -1.054854 -0.746180 0.000000 0.000000 0.000000
 40   1.118101 -3.449769 3.237290 0.000000 0.000001 0.000000
 41   -4.433840 -1.059130 0.959566 -0.000001 0.000000 0.000000
 42   -0.657468 1.697302 -2.688614 0.000000 0.000002 0.000000
 43   -0.664068 1.698578 2.869377 0.000000 0.000002 0.000000
time 23
  0   0.001233 0.187506 0.867585 0.000000 0.000000 -1.571449
  1   -1.093036 0.000002 -0.326057 -0.000777 -1.568388 -1.570022
  2   2.262337 0.113614 0.064702 -0.068083 -0.019858 -0.045027
  3   2.380047 0.353302 0.047440 -0.059884 0.000955 -0.015672
  4   2.033756 0.190472 -0.000128 0.125547 0.039058 0.115204
  5   2.451511 0.204909 -0.003447 -0.006282 0.023626 0.131938
  6   7.247600 -0.397300 -0.109469 -0.091897 0.032679 0.231838
  7   -2.022252 -0.104661 3.136172 1.086173 -1.320093 -4.451040
  8   1.168026 -0.537438 -0.063437 0.418202 1.005799 -0.019168
  9   6.790376 -0.619176 0.015206 -0.000102 -0.000151 -1.934761
 10   8.637599 0.544015 -0.090417 -1.223929 -0.033355 0.357911
 11   6.790465 -0.619039 0.017802 0.004505 -0.011907 -1.369519
 12   -2.022474 -0.104699 -2.873818 -1.553556 1.230147 -4.925376
 13   1.167898 -0.537463 0.063297 0.845005 -0.661912 -1.106848
 14   7.002743 -0.617765 -0.183752 0.000172 0.000023 -1.658277
 15   8.209042 0.615527 -0.255885 1.432540 0.652122 -0.386209
 16   7.002735 -0.617911 -0.183641 0.013403 0.009003 -1.179460
 17   1.574674 0.609930 -0.000899 0.065358 -0.119178 0.267923
 18   -0.602177 0.511412 -0.000006 0.000000 0.000000 0.000000
 19   3.673773 0.177020 1.119313 -0.000002 -0.000014 -0.174510
 20   3.673767 0.176993 -1.117566 0.000007 -0.000003 -0.174546
 21   3.942357 1.330634 1.627658 0.000002 -0.000011 -0.000026
 22   -0.246060 -0.011889 0.516521 -0.000011 0.000031 0.000025
 23   3.942374 1.330659 -1.631083 0.000019 0.000002 -0.000024
 24   -0.246150 -0.011872 -0.516511 -0.000005 -0.000006 0.000048
 25   4.941364 1.997338 1.629330 0.000018 -0.000001 -0.000024
 26   4.941382 1.997366 -1.629410 -0.000001 0.000005 -0.000024
 27   2.918368 1.615358 1.514501 -0.000019 -0.000022 -0.000050
 28   2.920798 1.614964 -1.501142 -0.000002 -0.000009 -0.000024
 29   8.824059 0.150544 0.091743 0.000006 -0.000231 -0.174534
 30   2.111085 -0.561179 1.784320 -0.000008 -0.000682 0.000024
 31   2.121290 -0.561289 -1.853599 0.000000 0.000000 -0.000002
 32   -0.810489 -0.093824 3.127092 -0.129396 -2.975241 -0.324172
 33   14.298673 -0.408176 0.475484 0.000020 -0.000248 -0.436243
 34   15.835795 0.581398 0.242756 0.162134 -0.013934 0.022664
 35   -0.815868 -0.091229 -3.114430 0.096037 3.002497 -0.031283
 36   14.294526 -0.410349 -0.463635 0.000093 0.000048 -0.399441
 37   15.834409 0.579420 -0.284600 -0.088743 0.040098 0.278038
 38   1.139685 -3.453749 -2.823813 0.000000 0.000000 0.000001
 39   -4.457742 -1.054854 -0.746180 0.000000 0.000000 0.000000
 40   1.118101 -3.449769 3.237290 0.000000 0.000001 0.000000
 41   -4.433840 -1.059130 0.959566 -0.000001 0.000000 0.000000
 42   -0.657468 1.697302 -2.688614 0.000000 0.000002 0.000000
 43   -0.664068 1.698578 2.869377 0.000000 0.000002 0.000000
time 24
  0   0.001233 0.187506 0.867585 0.000000 0.000000 -1.571449
  1   -1.093036 0.000002 -0.326057 -0.000777 -1.568388 -1.570022
  2   2.262337 0.113614 0.064702 -0.068083 -0.018503 -0.045099
  3   2.380047 0.353302 0.047440 -0.056794 -0.000412 -0.014162
  4   2.033756 0.190472 -0.000128 0.105611 0.035750 0.117705
  5   2.451511 0.204909 -0.003447 -0.018144 0.022137 0.129882
  6   7.247600 -0.397300 -0.109469 -0.091897 0.032679 0.231838
  7   -2.022252 -0.104661 3.136172 1.155862 -1.292131 -4.519784
  8   1.168026 -0.537438 -0.063437 0.231904 0.961120 -0.231976
  9   6.790376 -0.619176 0.015206 -0.000102 -0.000151 -1.982230
 10   8.637599 0.544015 -0.090417 -1.207813 -0.089034 0.424685
 11   6.790465 -0.619039 0.017802 0.004680 -0.011907 -1.402855
 12   -2.022474 -0.104699 -2.873818 -1.535545 1.191835 -4.905271
 13   1.167898 -0.537463 0.063297 0.734011 -0.657996 -1.052972
 14   7.002743 -0.617765 -0.183752 0.000172 0.000023 -1.634433
 15   8.209042 0.615527 -0.255885 1.444404 0.622236 -0.225702
 16   7.002735 -0.617911 -0.183641 0.013450 0.008834 -1.162792
 17   1.574674 0.609930 -0.000899 0.091233 -0.133946 0.282929
 18   -0.602177 0.511412 -0.000006 0.000000 0.000000 0.000000
 19   3.673773 0.177020 1.119313 -0.000002 -0.000014 -0.174510
 20   3.673767 0.176993 -1.117566 0.000007 -0.000003 -0.174546
 21   3.942357 1.330634 1.627658 0.000002 -0.000011 -0.000026
 22   -0.246060 -0.011889 0.516521 -0.000011 0.000031 0.000025
 23   3.942374 1.330659 -1.631083 0.000019 0.000002 -0.000024
 24   -0.246150 -0.011872 -0.516511 -0.000005 -0.000006 0.000048
 25   4.941364 1.997338 1.629330 0.000018 -0.000001 -0.000024
 26   4.941382 1.997366 -1.629410 -0.000001 0.000005 -0.000024
 27   2.918368 1.615358 1.514501 -0.000019 -0.000022 -0.000050
 28   2.920798 1.614964 -1.501142 -0.000002 -0.000009 -0.000024
 29   8.824059 0.150544 0.091743 0.000006 -0.000231 -0.174534
 30   2.111085 -0.561179 1.784320 -0.000008 -0.000682 0.000024
 31   2.121290 -0.561289 -1.853599 0.000000 0.000000 -0.000002
 32   -0.810489 -0.093824 3.127092 -0.129396 -2.975241 -0.324172
 33   14.298673 -0.408176 0.475484 0.000020 -0.000248 -0.436243
 34   15.835795 0.581398 0.242756 0.162134 -0.013934 0.022664
 35   -0.815868 -0.091229 -3.114430 0.096037 3.002497 -0.031283
 36   14.294526 -0.410349 -0.463635 0.000093 0.000048 -0.399441
 37   15.834409 0.579420 -0.284600 -0.088743 0.040098 0.278038
 38   1.139685 -3.453749 -2.823813 0.000000 0.000000 0.000001
 39   -4.457742 -1.054854 -0.746180 0.000000 0.000000 0.000000
 40   1.118101 -3.449769 3.237290 0.000000 0.000001 0.000000
 41   -4.433840 -1.059130 0.959566 -0.000001 0.000000 0.000000
 42   -0.657468 1.697302 -2.688614 0.000000 0.000002 0.000000
 43   -0.664068 1.698578 2.869377 0.000000 0.000002 0.000000
time 25
  0   0.001233 0.187506 0.867585 0.000000 0.000000 -1.571449
  1   -1.093036 0.000002 -0.326057 -0.000934 -1.568388 -1.569829
  2   2.262337 0.113614 0.064702 -0.068083 -0.015328 -0.045298
  3   2.380047 0.353302 0.047440 -0.049338 -0.004067 -0.010489
  4   2.033756 0.190472 -0.000128 0.057863 0.028188 0.123722
  5   2.451511 0.204909 -0.003447 -0.046130 0.018469 0.125177
  6   7.247600 -0.397300 -0.109469 -0.091897 0.032679 0.231838
  7   -2.022252 -0.104661 3.136172 1.195930 -1.271434 -4.559886
  8   1.168026 -0.537438 -0.063437 0.113760 0.897573 -0.321110
  9   6.790376 -0.619176 0.015206 -0.000102 -0.000151 -2.016115
 10   8.637599 0.544015 -0.090417 -1.198919 -0.129227 0.473879
 11   6.790465 -0.619039 0.017802 0.004884 -0.011907 -1.426502
 12   -2.022474 -0.104699 -2.873818 -1.523186 1.119421 -4.889378
 13   1.167898 -0.537463 0.063297 0.552582 -0.625603 -0.983236
 14   7.002743 -0.617765 -0.183752 0.000172 0.000023 -1.640951
 15   8.209042 0.615527 -0.255885 1.511418 0.558153 0.166814
 16   7.002735 -0.617911 -0.183641 0.013403 0.008947 -1.167318
 17   1.574674 0.609930 -0.000899 0.154519 -0.166181 0.287216
 18   -0.602177 0.511412 -0.000006 0.000000 0.000000 0.000000
 19   3.673773 0.177020 1.119313 -0.000002 -0.000014 -0.174510
 20   3.673767 0.176993 -1.117566 0.000007 -0.000003 -0.174546
 21   3.942357 1.330634 1.627658 0.000002 -0.000011 -0.000026
 22   -0.246060 -0.011889 0.516521 -0.000011 0.000031 0.000025
 23   3.942374 1.330659 -1.631083 0.000019 0.000002 -0.000024
 24   -0.246150 -0.011872 -0.516511 -0.000005 -0.000006 0.000048
 25   4.941364 1.997338 1.629330 0.000018 -0.000001 -0.000024
 26   4.941382 1.997366 -1.629410 -0.000001 0.000005 -0.000024
 27   2.918368 1.615358 1.514501 -0.000019 -0.000022 -0.000050
 28   2.920798 1.614964 -1.501142 -0.000002 -0.000009 -0.000024
 29   8.824059 0.150544 0.091743 0.000006 -0.000231 -0.174534
 30   2.111085 -0.561179 1.784320 -0.000008 -0.000682 0.000024
 31   2.121290 -0.561289 -1.853599 0.000000 0.000000 -0.000002
 32   -0.810489 -0.093824 3.127092 -0.129396 -2.975241 -0.324172
 33   14.298673 -0.408176 0.475484 0.000020 -0.000248 -0.436243
 34   15.835795 0.581398 0.242756 0.162134 -0.013934 0.022664
 35   -0.815868 -0.091229 -3.114430 0.096037 3.002497 -0.031283
 36   14.294526 -0.410349 -0.463635 0.000093 0.000048 -0.399441
 37   15.834409 0.579420 -0.284600 -0.088743 0.040098 0.278038
 38   1.139685 -3.453749 -2.823813 0.000000 0.000000 0.000001
 39   -4.457742 -1.054854 -0.746180 0.000000 0.000000 0.000000
 40   1.118101 -3.449769 3.237290 0.000000 0.000001 0.000000
 41   -4.433840 -1.059130 0.959566 -0.000001 0.000000 0.000000
 42   -0.657468 1.697302 -2.688614 0.000000 0.000002 0.000000
 43   -0.664068 1.698578 2.869377 0.000000 0.000002 0.000000
time 26
  0   0.001233 0.187506 0.867585 0.000000 0.000000 -1.571449
  1   -1.093036 0.000002 -0.326057 -0.000934 -1.568388 -1.569829
  2   2.262337 0.113614 0.064702 -0.068147 -0.011504 -0.045623
  3   2.380047 0.353302 0.047440 -0.040548 -0.008249 -0.006265
  4   2.033756 0.190472 -0.000128 0.000894 0.019559 0.131479
  5   2.451511 0.204909 -0.003447 -0.079679 0.014134 0.119679
  6   7.247600 -0.397300 -0.109469 -0.091897 0.032679 0.231838
  7   -2.022252 -0.104661 3.136172 1.207242 -1.264343 -4.570310
  8   1.168026 -0.537438 -0.063437 0.070223 0.854001 -0.297134
  9   6.790376 -0.619176 0.015206 -0.000102 -0.000151 -2.027737
 10   8.637599 0.544015 -0.090417 -1.196277 -0.143305 0.494642
 11   6.790465 -0.619039 0.017802 0.004972 -0.011907 -1.434692
 12   -2.022474 -0.104699 -2.873818 -1.517150 1.037283 -4.878942
 13   1.167898 -0.537463 0.063297 0.363631 -0.574343 -0.923004
 14   7.002743 -0.617765 -0.183752 0.000172 0.000023 -1.663145
 15   8.209042 0.615527 -0.255885 1.562684 0.461082 0.614236
 16   7.002735 -0.617911 -0.183641 0.013403 0.009003 -1.182882
 17   1.574674 0.609930 -0.000899 0.230925 -0.203503 0.283261
 18   -0.602177 0.511412 -0.000006 0.000000 0.000000 0.000000
 19   3.673773 0.177020 1.119313 -0.000002 -0.000014 -0.174510
 20   3.673767 0.176993 -1.117566 0.000007 -0.000003 -0.174546
 21   3.942357 1.330634 1.627658 0.000002 -0.000011 -0.000026
 22   -0.246060 -0.011889 0.516521 -0.000011 0.000031 0.000025
 23   3.942374 1.330659 -1.631083 0.000019 0.000002 -0.000024
 24   -0.246150 -0.011872 -0.516511 -0.000005 -0.000006 0.000048
 25   4.941364 1.997338 1.629330 0.000018 -0.000001 -0.000024
 26   4.941382 1.997366 -1.629410 -0.000001 0.000005 -0.000024
 27   2.918368 1.615358 1.514501 -0.000019 -0.000022 -0.000050
 28   2.920798 1.614964 -1.501142 -0.000002 -0.000009 -0.000024
 29   8.824059 0.150544 0.091743 0.000006 -0.000231 -0.174534
 30   2.111085 -0.561179 1.784320 -0.000008 -0.000682 0.000024
 31   2.121290 -0.561289 -1.853599 0.000000 0.000000 -0.000002
 32   -0.810489 -0.093824 3.127092 -0.129396 -2.975241 -0.324172
 33   14.298673 -0.408176 0.475484 0.000020 -0.000248 -0.436243
 34   15.835795 0.581398 0.242756 0.162134 -0.013934 0.022664
 35   -0.815868 -0.091229 -3.114430 0.096037 3.002497 -0.031283
 36   14.294526 -0.410349 -0.463635 0.000093 0.000048 -0.399441
 37   15.834409 0.579420 -0.284600 -0.088743 0.040098 0.278038
 38   1.139685 -3.453749 -2.823813 0.000000 0.000000 0.000001
 39   -4.457742 -1.054854 -0.746180 0.000000 0.000000 0.000000
 40   1.118101 -3.449769 3.237290 0.000000 0.000001 0.000000
 41   -4.433840 -1.059130 0.959566 -0.000001 0.000000 0.000000
 42   -0.657468 1.697302 -2.688614 0.000000 0.000002 0.000000
 43   -0.664068 1.698578 2.869377 0.000000 0.000002 0.000000
time 27
  0   0.001233 0.187506 0.867585 0.000000 0.000000 -1.571449
  1   -1.093036 0.000002 -0.326057 -0.000934 -1.568388 -1.569829
  2   2.262337 0.113614 0.064702 -0.068147 -0.008341 -0.045840
  3   2.380047 0.353302 0.047440 -0.033062 -0.011989 -0.002694
  4   2.033756 0.190472 -0.000128 -0.046670 0.012692 0.138547
  5   2.451511 0.204909 -0.003447 -0.107751 0.010283 0.115172
  6   7.247600 -0.397300 -0.109469 -0.091897 0.032679 0.231838
  7   -2.022252 -0.104661 3.136172 1.201107 -1.266043 -4.563736
  8   1.168026 -0.537438 -0.063437 0.065097 0.834630 -0.234633
  9   6.790376 -0.619176 0.015206 -0.000102 -0.000151 -2.024718
 10   8.637599 0.544015 -0.090417 -1.197069 -0.140067 0.497174
 11   6.790465 -0.619039 0.017802 0.004943 -0.011907 -1.432500
 12   -2.022474 -0.104699 -2.873818 -1.514659 0.970267 -4.872719
 13   1.167898 -0.537463 0.063297 0.218755 -0.524202 -0.884988
 14   7.002743 -0.617765 -0.183752 0.000172 0.000023 -1.686329
 15   8.209042 0.615527 -0.255885 1.573110 0.370215 0.971511
 16   7.002735 -0.617911 -0.183641 0.013309 0.009229 -1.199164
 17   1.574674 0.609930 -0.000899 0.295511 -0.234460 0.276571
 18   -0.602177 0.511412 -0.000006 0.000000 0.000000 0.000000
 19   3.673773 0.177020 1.119313 -0.000002 -0.000014 -0.174510
 20   3.673767 0.176993 -1.117566 0.000007 -0.000003 -0.174546
 21   3.942357 1.330634 1.627658 0.000002 -0.000011 -0.000026
 22   -0.246060 -0.011889 0.516521 -0.000011 0.000031 0.000025
 23   3.942374 1.330659 -1.631083 0.000019 0.000002 -0.000024
 24   -0.246150 -0.011872 -0.516511 -0.000005 -0.000006 0.000048
 25   4.941364 1.997338 1.629330 0.000018 -0.000001 -0.000024
 26   4.941382 1.997366 -1.629410 -0.000001 0.000005 -0.000024
 27   2.918368 1.615358 1.514501 -0.000019 -0.000022 -0.000050
 28   2.920798 1.614964 -1.501142 -0.000002 -0.000009 -0.000024
 29   8.824059 0.150544 0.091743 0.000006 -0.000231 -0.174534
 30   2.111085 -0.561179 1.784320 -0.000008 -0.000682 0.000024
 31   2.121290 -0.561289 -1.853599 0.000000 0.000000 -0.000002
 32   -0.810489 -0.093824 3.127092 -0.129396 -2.975241 -0.324172
 33   14.298673 -0.408176 0.475484 0.000020 -0.000248 -0.436243
 34   15.835795 0.581398 0.242756 0.162134 -0.013934 0.022664
 35   -0.815868 -0.091229 -3.114430 0.096037 3.002497 -0.031283
 36   14.294526 -0.410349 -0.463635 0.000093 0.000048 -0.399441
 37   15.834409 0.579420 -0.284600 -0.088743 0.040098 0.278038
 38   1.139685 -3.453749 -2.823813 0.000000 0.000000 0.000001
 39   -4.457742 -1.054854 -0.746180 0.000000 0.000000 0.000000
 40   1.118101 -3.449769 3.237290 0.000000 0.000001 0.000000
 41   -4.433840 -1.059130 0.959566 -0.000001 0.000000 0.000000
 42   -0.657468 1.697302 -2.688614 0.000000 0.000002 0.000000
 43   -0.664068 1.698578 2.869377 0.000000 0.000002 0.000000
time 28
  0   0.001233 0.187506 0.867585 0.000000 0.000000 -1.571449
  1   -1.093036 0.000002 -0.326057 -0.000777 -1.568388 -1.570022
  2   2.262337 0.113614 0.064702 -0.068147 -0.006926 -0.045913
  3   2.380047 0.353302 0.047440 -0.029987 -0.013535 -0.001204
  4   2.033756 0.190472 -0.000128 -0.066754 0.009875 0.142136
  5   2.451511 0.204909 -0.003447 -0.119510 0.008638 0.113463
  6   7.247600 -0.397300 -0.109469 -0.091897 0.032679 0.231838
  7   -2.022252 -0.104661 3.136172 1.192671 -1.268090 -4.556223
  8   1.168026 -0.537438 -0.063437 0.068324 0.825976 -0.206608
  9   6.790376 -0.619176 0.015206 -0.000102 -0.000151 -2.021171
 10   8.637599 0.544015 -0.090417 -1.197950 -0.136266 0.500719
 11   6.790465 -0.619039 0.017802 0.004943 -0.011907 -1.430078
 12   -2.022474 -0.104699 -2.873818 -1.514084 0.942462 -4.869081
 13   1.167898 -0.537463 0.063297 0.159778 -0.502895 -0.869915
 14   7.002743 -0.617765 -0.183752 0.000172 0.000023 -1.696312
 15   8.209042 0.615527 -0.255885 1.570018 0.331553 1.118186
 16   7.002735 -0.617911 -0.183641 0.013309 0.009285 -1.206063
 17   1.574674 0.609930 -0.000899 0.322077 -0.248873 0.275241
 18   -0.602177 0.511412 -0.000006 0.000000 0.000000 0.000000
 19   3.673773 0.177020 1.119313 -0.000002 -0.000014 -0.174510
 20   3.673767 0.176993 -1.117566 0.000007 -0.000003 -0.174546
 21   3.942357 1.330634 1.627658 0.000002 -0.000011 -0.000026
 22   -0.246060 -0.011889 0.516521 -0.000011 0.000031 0.000025
 23   3.942374 1.330659 -1.631083 0.000019 0.000002 -0.000024
 24   -0.246150 -0.011872 -0.516511 -0.000005 -0.000006 0.000048
 25   4.941364 1.997338 1.629330 0.000018 -0.000001 -0.000024
 26   4.941382 1.997366 -1.629410 -0.000001 0.000005 -0.000024
 27   2.918368 1.615358 1.514501 -0.000019 -0.000022 -0.000050
 28   2.920798 1.614964 -1.501142 -0.000002 -0.000009 -0.000024
 29   8.824059 0.150544 0.091743 0.000006 -0.000231 -0.174534
 30   2.111085 -0.561179 1.784320 -0.000008 -0.000682 0.000024
 31   2.121290 -0.561289 -1.853599 0.000000 0.000000 -0.000002
 32   -0.810489 -0.093824 3.127092 -0.129396 -2.975241 -0.324172
 33   14.298673 -0.408176 0.475484 0.000020 -0.000248 -0.436243
 34   15.835795 0.581398 0.242756 0.162134 -0.013934 0.022664
 35   -0.815868 -0.091229 -3.114430 0.096037 3.002497 -0.031283
 36   14.294526 -0.410349 -0.463635 0.000093 0.000048 -0.399441
 37   15.834409 0.579420 -0.284600 -0.088743 0.040098 0.278038
 38   1.139685 -3.453749 -2.823813 0.000000 0.000000 0.000001
 39   -4.457742 -1.054854 -0.746180 0.000000 0.000000 0.000000
 40   1.118101 -3.449769 3.237290 0.000000 0.000001 0.000000
 41   -4.433840 -1.059130 0.959566 -0.000001 0.000000 0.000000
 42   -0.657468 1.697302 -2.688614 0.000000 0.000002 0.000000
 43   -0.664068 1.698578 2.869377 0.000000 0.000002 0.000000
time 29
  0   0.001233 0.187506 0.867585 0.000000 0.000000 -1.571449
  1   -1.093036 0.000002 -0.326057 -0.000777 -1.568388 -1.570022
  2   2.262337 0.113614 0.064702 -0.068147 -0.006926 -0.045913
  3   2.380047 0.353302 0.047440 -0.029987 -0.013535 -0.001204
  4   2.033756 0.190472 -0.000128 -0.067584 0.010211 0.146050
  5   2.451511 0.204909 -0.003447 -0.119236 0.008651 0.113562
  6   7.247600 -0.397300 -0.109469 -0.091897 0.032679 0.231838
  7   -2.022252 -0.104661 3.136172 1.185961 -1.268897 -4.548616
  8   1.168026 -0.537438 -0.063437 0.019282 0.816064 -0.255509
  9   6.790376 -0.619176 0.015206 -0.000102 -0.000151 -1.955439
 10   8.637599 0.544015 -0.090417 -1.135864 -0.215455 0.528861
 11   6.790465 -0.619039 0.017802 0.004592 -0.011907 -1.384053
 12   -2.022474 -0.104699 -2.873818 -1.512647 0.939821 -4.867836
 13   1.167898 -0.537463 0.063297 0.142626 -0.514489 -0.852481
 14   7.002743 -0.617765 -0.183752 0.000172 0.000023 -1.702995
 15   8.209042 0.615527 -0.255885 1.590151 0.328375 1.177662
 16   7.002735 -0.617911 -0.183641 0.013309 0.009285 -1.210644
 17   1.574674 0.609930 -0.000899 0.321996 -0.250648 0.274834
 18   -0.602177 0.511412 -0.000006 0.000000 0.000000 0.000000
 19   3.673773 0.177020 1.119313 -0.000002 -0.000014 -0.174510
 20   3.673767 0.176993 -1.117566 0.000007 -0.000003 -0.174546
 21   3.942357 1.330634 1.627658 0.000002 -0.000011 -0.000026
 22   -0.246060 -0.011889 0.516521 -0.000011 0.000031 0.000025
 23   3.942374 1.330659 -1.631083 0.000019 0.000002 -0.000024
 24   -0.246150 -0.011872 -0.516511 -0.000005 -0.000006 0.000048
 25   4.941364 1.997338 1.629330 0.000018 -0.000001 -0.000024
 26   4.941382 1.997366 -1.629410 -0.000001 0.000005 -0.000024
 27   2.918368 1.615358 1.514501 -0.000019 -0.000022 -0.000050
 28   2.920798 1.614964 -1.501142 -0.000002 -0.000009 -0.000024
 29   8.824059 0.150544 0.091743 0.000006 -0.000231 -0.174534
 30   2.111085 -0.561179 1.784320 -0.000008 -0.000682 0.000024
 31   2.121290 -0.561289 -1.853599 0.000000 0.000000 -0.000002
 32   -0.810489 -0.093824 3.127092 -0.129396 -2.975241 -0.324172
 33   14.298673 -0.408176 0.475484 0.000020 -0.000248 -0.436243
 34   15.835795 0.581398 0.242756 0.162134 -0.013934 0.022664
 35   -0.815868 -0.091229 -3.114430 0.096037 3.002497 -0.031283
 36   14.294526 -0.410349 -0.463635 0.000093 0.000048 -0.399441
 37   15.834409 0.579420 -0.284600 -0.088743 0.040098 0.278038
 38   1.139685 -3.453749 -2.823813 0.000000 0.000000 0.000001
 39   -4.457742 -1.054854 -0.746180 0.000000 0.000000 0.000000
 40   1.118101 -3.449769 3.237290 0.000000 0.000001 0.000000
 41   -4.433840 -1.059130 0.959566 -0.000001 0.000000 0.000000
 42   -0.657468 1.697302 -2.688614 0.000000 0.000002 0.000000
 43   -0.664068 1.698578 2.869377 0.000000 0.000002 0.000000
time 30
  0   0.001233 0.187506 0.867585 0.000000 0.000000 -1.571449
  1   -1.093036 0.000002 -0.326057 -0.000777 -1.568388 -1.570022
  2   2.262337 0.113614 0.064702 -0.068147 -0.006926 -0.045913
  3   2.380047 0.353302 0.047440 -0.029987 -0.013535 -0.001204
  4   2.033756 0.190472 -0.000128 -0.069004 0.010463 0.150001
  5   2.451511 0.204909 -0.003447 -0.118637 0.008664 0.113686
  6   7.247600 -0.397300 -0.109469 -0.091897 0.032679 0.231838
  7   -2.022252 -0.104661 3.136172 1.179922 -1.268061 -4.542605
  8   1.168026 -0.537438 -0.063437 -0.092788 0.791611 -0.359066
  9   6.790376 -0.619176 0.015206 -0.000102 -0.000151 -1.814692
 10   8.637599 0.544015 -0.090417 -1.002006 -0.399737 0.570242
 11   6.790465 -0.619039 0.017802 0.003921 -0.011850 -1.285602
 12   -2.022474 -0.104699 -2.873818 -1.511689 0.934074 -4.866208
 13   1.167898 -0.537463 0.063297 0.106073 -0.540068 -0.816463
 14   7.002743 -0.617765 -0.183752 0.000172 0.000023 -1.719826
 15   8.209042 0.615527 -0.255885 1.631999 0.318464 1.307799
 16   7.002735 -0.617911 -0.183641 0.013309 0.009398 -1.222566
 17   1.574674 0.609930 -0.000899 0.322889 -0.250719 0.270288
 18   -0.602177 0.511412 -0.000006 0.000000 0.000000 0.000000
 19   3.673773 0.177020 1.119313 -0.000002 -0.000014 -0.174510
 20   3.673767 0.176993 -1.117566 0.000007 -0.000003 -0.174546
 21   3.942357 1.330634 1.627658 0.000002 -0.000011 -0.000026
 22   -0.246060 -0.011889 0.516521 -0.000011 0.000031 0.000025
 23   3.942374 1.330659 -1.631083 0.000019 0.000002 -0.000024
 24   -0.246150 -0.011872 -0.516511 -0.000005 -0.000006 0.000048
 25   4.941364 1.997338 1.629330 0.000018 -0.000001 -0.000024
 26   4.941382 1.997366 -1.629410 -0.000001 0.000005 -0.000024
 27   2.918368 1.615358 1.514501 -0.000019 -0.000022 -0.000050
 28   2.920798 1.614964 -1.501142 -0.000002 -0.000009 -0.000024
 29   8.824059 0.150544 0.091743 0.000006 -0.000231 -0.174534
 30   2.111085 -0.561179 1.784320 -0.000008 -0.000682 0.000024
 31   2.121290 -0.561289 -1.853599 0.000000 0.000000 -0.000002
 32   -0.810489 -0.093824 3.127092 -0.129396 -2.975241 -0.324172
 33   14.298673 -0.408176 0.475484 0.000020 -0.000248 -0.436243
 34   15.835795 0.581398 0.242756 0.162134 -0.013934 0.022664
 35   -0.815868 -0.091229 -3.114430 0.096037 3.002497 -0.031283
 36   14.294526 -0.410349 -0.463635 0.000093 0.000048 -0.399441
 37   15.834409 0.579420 -0.284600 -0.088743 0.040098 0.278038
 38   1.139685 -3.453749 -2.823813 0.000000 0.000000 0.000001
 39   -4.457742 -1.054854 -0.746180 0.000000 0.000000 0.000000
 40   1.118101 -3.449769 3.237290 0.000000 0.000001 0.000000
 41   -4.433840 -1.059130 0.959566 -0.000001 0.000000 0.000000
 42   -0.657468 1.697302 -2.688614 0.000000 0.000002 0.000000
 43   -0.664068 1.698578 2.869377 0.000000 0.000002 0.000000
time 31
  0   0.001233 0.187506 0.867585 0.000000 0.000000 -1.571449
  1   -1.093036 0.000002 -0.326057 -0.000934 -1.568388 -1.569829
  2   2.262337 0.113614 0.064702 -0.068147 -0.006926 -0.045913
  3   2.380047 0.353302 0.047440 -0.029987 -0.013535 -0.001204
  4   2.033756 0.190472 -0.000128 -0.070719 0.010547 0.152502
  5   2.451511 0.204909 -0.003447 -0.118021 0.008677 0.113884
  6   7.247600 -0.397300 -0.109469 -0.091897 0.032679 0.231838
  7   -2.022252 -0.104661 3.136172 1.172445 -1.267542 -4.534998
  8   1.168026 -0.537438 -0.063437 -0.194986 0.760064 -0.454083
  9   6.790376 -0.619176 0.015206 -0.000102 -0.000151 -1.672889
 10   8.637599 0.544015 -0.090417 -0.864713 -0.587961 0.587387
 11   6.790465 -0.619039 0.017802 0.003249 -0.011850 -1.186286
 12   -2.022474 -0.104699 -2.873818 -1.511114 0.928298 -4.864581
 13   1.167898 -0.537463 0.063297 0.066990 -0.566207 -0.777539
 14   7.002743 -0.617765 -0.183752 0.000172 0.000023 -1.736327
 15   8.209042 0.615527 -0.255885 1.672624 0.303559 1.436914
 16   7.002735 -0.617911 -0.183641 0.013262 0.009454 -1.234101
 17   1.574674 0.609930 -0.000899 0.324067 -0.249299 0.263192
 18   -0.602177 0.511412 -0.000006 0.000000 0.000000 0.000000
 19   3.673773 0.177020 1.119313 -0.000002 -0.000014 -0.174510
 20   3.673767 0.176993 -1.117566 0.000007 -0.000003 -0.174546
 21   3.942357 1.330634 1.627658 0.000002 -0.000011 -0.000026
 22   -0.246060 -0.011889 0.516521 -0.000011 0.000031 0.000025
 23   3.942374 1.330659 -1.631083 0.000019 0.000002 -0.000024
 24   -0.246150 -0.011872 -0.516511 -0.000005 -0.000006 0.000048
 25   4.941364 1.997338 1.629330 0.000018 -0.000001 -0.000024
 26   4.941382 1.997366 -1.629410 -0.000001 0.000005 -0.000024
 27   2.918368 1.615358 1.514501 -0.000019 -0.000022 -0.000050
 28   2.920798 1.614964 -1.501142 -0.000002 -0.000009 -0.000024
 29   8.824059 0.150544 0.091743 0.000006 -0.000231 -0.174534
 30   2.111085 -0.561179 1.784320 -0.000008 -0.000682 0.000024
 31   2.121290 -0.561289 -1.853599 0.000000 0.000000 -0.000002
 32   -0.810489 -0.093824 3.127092 -0.129396 -2.975241 -0.324172
 33   14.298673 -0.408176 0.475484 0.000020 -0.000248 -0.436243
 34   15.835795 0.581398 0.242756 0.162134 -0.013934 0.022664
 35   -0.815868 -0.091229 -3.114430 0.096037 3.002497 -0.031283
 36   14.294526 -0.410349 -0.463635 0.000093 0.000048 -0.399441
 37   15.834409 0.579420 -0.284600 -0.088743 0.040098 0.278038
 38   1.139685 -3.453749 -2.823813 0.000000 0.000000 0.000001
 39   -4.457742 -1.054854 -0.746180 0.000000 0.000000 0.000000
 40   1.118101 -3.449769 3.237290 0.000000 0.000001 0.000000
 41   -4.433840 -1.059130 0.959566 -0.000001 0.000000 0.000000
 42   -0.657468 1.697302 -2.688614 0.000000 0.000002 0.000000
 43   -0.664068 1.698578 2.869377 0.000000 0.000002 0.000000
time 32
  0   0.001233 0.187506 0.867585 0.000000 0.000000 -1.571449
  1   -1.093036 0.000002 -0.326057 -0.000777 -1.568388 -1.570022
  2   2.262337 0.113614 0.064702 -0.068147 -0.006926 -0.045913
  3   2.380047 0.353302 0.047440 -0.029987 -0.013535 -0.001204
  4   2.033756 0.190472 -0.000128 -0.072047 0.010127 0.146884
  5   2.451511 0.204909 -0.003447 -0.117593 0.008703 0.114008
  6   7.247600 -0.397300 -0.109469 -0.091897 0.032679 0.231838
  7   -2.022252 -0.104661 3.136172 1.161230 -1.269445 -4.522977
  8   1.168026 -0.537438 -0.063437 -0.225930 0.750756 -0.487801
  9   6.790376 -0.619176 0.015206 -0.000102 -0.000151 -1.605119
 10   8.637599 0.544015 -0.090417 -0.801834 -0.671796 0.591583
 11   6.790465 -0.619039 0.017802 0.002957 -0.011793 -1.138762
 12   -2.022474 -0.104699 -2.873818 -1.508910 0.925657 -4.862379
 13   1.167898 -0.537463 0.063297 0.042457 -0.586700 -0.753446
 14   7.002743 -0.617765 -0.183752 0.000172 0.000023 -1.741855
 15   8.209042 0.615527 -0.255885 1.691894 0.294858 1.495307
 16   7.002735 -0.617911 -0.183641 0.013262 0.009454 -1.238020
 17   1.574674 0.609930 -0.000899 0.324636 -0.246814 0.260050
 18   -0.602177 0.511412 -0.000006 0.000000 0.000000 0.000000
 19   3.673773 0.177020 1.119313 -0.000002 -0.000014 -0.174510
 20   3.673767 0.176993 -1.117566 0.000007 -0.000003 -0.174546
 21   3.942357 1.330634 1.627658 0.000002 -0.000011 -0.000026
 22   -0.246060 -0.011889 0.516521 -0.000011 0.000031 0.000025
 23   3.942374 1.330659 -1.631083 0.000019 0.000002 -0.000024
 24   -0.246150 -0.011872 -0.516511 -0.000005 -0.000006 0.000048
 25   4.941364 1.997338 1.629330 0.000018 -0.000001 -0.000024
 26   4.941382 1.997366 -1.629410 -0.000001 0.000005 -0.000024
 27   2.918368 1.615358 1.514501 -0.000019 -0.000022 -0.000050
 28   2.920798 1.614964 -1.501142 -0.000002 -0.000009 -0.000024
 29   8.824059 0.150544 0.091743 0.000006 -0.000231 -0.174534
 30   2.111085 -0.561179 1.784320 -0.000008 -0.000682 0.000024
 31   2.121290 -0.561289 -1.853599 0.000000 0.000000 -0.000002
 32   -0.810489 -0.093824 3.127092 -0.129396 -2.975241 -0.324172
 33   14.298673 -0.408176 0.475484 0.000020 -0.000248 -0.436243
 34   15.835795 0.581398 0.242756 0.162134 -0.013934 0.022664
 35   -0.815868 -0.091229 -3.114430 0.096037 3.002497 -0.031283
 36   14.294526 -0.410349 -0.463635 0.000093 0.000048 -0.399441
 37   15.834409 0.579420 -0.284600 -0.088743 0.040098 0.278038
 38   1.139685 -3.453749 -2.823813 0.000000 0.000000 0.000001
 39   -4.457742 -1.054854 -0.746180 0.000000 0.000000 0.000000
 40   1.118101 -3.449769 3.237290 0.000000 0.000001 0.000000
 41   -4.433840 -1.059130 0.959566 -0.000001 0.000000 0.000000
 42   -0.657468 1.697302 -2.688614 0.000000 0.000002 0.000000
 43   -0.664068 1.698578 2.869377 0.000000 0.000002 0.000000
time 33
  0   0.001233 0.187506 0.867585 0.000000 0.000000 -1.571449
  1   -1.093036 0.000002 -0.326057 -0.000777 -1.568388 -1.570022
  2   2.262337 0.113614 0.064702 -0.068147 -0.006926 -0.045913
  3   2.380047 0.353302 0.047440 -0.029987 -0.013535 -0.001204
  4   2.033756 0.190472 -0.000128 -0.072047 0.008737 0.127093
  5   2.451511 0.204909 -0.003447 -0.116737 0.008716 0.114156
  6   7.247600 -0.397300 -0.109469 -0.091897 0.032679 0.231838
  7   -2.022252 -0.104661 3.136172 1.131610 -1.269474 -4.492831
  8   1.168026 -0.537438 -0.063437 -0.098926 0.718907 -0.248550
  9   6.790376 -0.619176 0.015206 -0.000102 -0.000151 -1.771902
 10   8.637599 0.544015 -0.090417 -0.723985 -0.715086 0.097544
 11   6.790465 -0.619039 0.017802 0.003746 -0.011850 -1.255611
 12   -2.022474 -0.104699 -2.873818 -1.499809 0.969338 -4.854145
 13   1.167898 -0.537463 0.063297 0.207156 -0.668675 -0.840495
 14   7.002743 -0.617765 -0.183752 0.000172 0.000023 -1.683276
 15   8.209042 0.615527 -0.255885 1.718282 0.345550 1.179165
 16   7.002735 -0.617911 -0.183641 0.013356 0.009229 -1.196901
 17   1.574674 0.609930 -0.000899 0.322483 -0.243548 0.266814
 18   -0.602177 0.511412 -0.000006 0.000000 0.000000 0.000000
 19   3.673773 0.177020 1.119313 -0.000002 -0.000014 -0.174510
 20   3.673767 0.176993 -1.117566 0.000007 -0.000003 -0.174546
 21   3.942357 1.330634 1.627658 0.000002 -0.000011 -0.000026
 22   -0.246060 -0.011889 0.516521 -0.000011 0.000031 0.000025
 23   3.942374 1.330659 -1.631083 0.000019 0.000002 -0.000024
 24   -0.246150 -0.011872 -0.516511 -0.000005 -0.000006 0.000048
 25   4.941364 1.997338 1.629330 0.000018 -0.000001 -0.000024
 26   4.941382 1.997366 -1.629410 -0.000001 0.000005 -0.000024
 27   2.918368 1.615358 1.514501 -0.000019 -0.000022 -0.000050
 28   2.920798 1.614964 -1.501142 -0.000002 -0.000009 -0.000024
 29   8.824059 0.150544 0.091743 0.000006 -0.000231 -0.174534
 30   2.111085 -0.561179 1.784320 -0.000008 -0.000682 0.000024
 31   2.121290 -0.561289 -1.853599 0.000000 0.000000 -0.000002
 32   -0.810489 -0.093824 3.127092 -0.129396 -2.975241 -0.324172
 33   14.298673 -0.408176 0.475484 0.000020 -0.000248 -0.436243
 34   15.835795 0.581398 0.242756 0.162134 -0.013934 0.022664
 35   -0.815868 -0.091229 -3.114430 0.096037 3.002497 -0.031283
 36   14.294526 -0.410349 -0.463635 0.000093 0.000048 -0.399441
 37   15.834409 0.579420 -0.284600 -0.088743 0.040098 0.278038
 38   1.139685 -3.453749 -2.823813 0.000000 0.000000 0.000001
 39   -4.457742 -1.054854 -0.746180 0.000000 0.000000 0.000000
 40   1.118101 -3.449769 3.237290 0.000000 0.000001 0.000000
 41   -4.433840 -1.059130 0.959566 -0.000001 0.000000 0.000000
 42   -0.657468 1.697302 -2.688614 0.000000 0.000002 0.000000
 43   -0.664068 1.698578 2.869377 0.000000 0.000002 0.000000
time 34
  0   0.001233 0.187506 0.867585 0.000000 0.000000 -1.571449
  1   -1.093036 0.000002 -0.326057 -0.000777 -1.568388 -1.570022
  2   2.262337 0.113614 0.064702 -0.068147 -0.006926 -0.045913
  3   2.380047 0.353302 0.047440 -0.029987 -0.013535 -0.001204
  4   2.033756 0.190472 -0.000128 -0.071475 0.006795 0.101974
  5   2.451511 0.204909 -0.003447 -0.115573 0.008742 0.114305
  6   7.247600 -0.397300 -0.109469 -0.091897 0.032679 0.231838
  7   -2.022252 -0.104661 3.136172 1.101319 -1.269589 -4.461558
  8   1.168026 -0.537438 -0.063437 0.017067 0.667989 -0.024292
  9   6.790376 -0.619176 0.015206 -0.000102 -0.000151 -1.938157
 10   8.637599 0.544015 -0.090417 -0.626145 -0.721210 -0.410096
 11   6.790465 -0.619039 0.017802 0.004534 -0.011907 -1.371999
 12   -2.022474 -0.104699 -2.873818 -1.489078 1.013222 -4.844954
 13   1.167898 -0.537463 0.063297 0.384368 -0.749939 -0.942799
 14   7.002743 -0.617765 -0.183752 0.000172 0.000023 -1.624780
 15   8.209042 0.615527 -0.255885 1.726982 0.400403 0.857852
 16   7.002735 -0.617911 -0.183641 0.013450 0.008834 -1.155948
 17   1.574674 0.609930 -0.000899 0.328170 -0.206130 0.204719
 18   -0.602177 0.511412 -0.000006 0.000000 0.000000 0.000000
 19   3.673773 0.177020 1.119313 -0.000002 -0.000014 -0.174510
 20   3.673767 0.176993 -1.117566 0.000007 -0.000003 -0.174546
 21   3.942357 1.330634 1.627658 0.000002 -0.000011 -0.000026
 22   -0.246060 -0.011889 0.516521 -0.000011 0.000031 0.000025
 23   3.942374 1.330659 -1.631083 0.000019 0.000002 -0.000024
 24   -0.246150 -0.011872 -0.516511 -0.000005 -0.000006 0.000048
 25   4.941364 1.997338 1.629330 0.000018 -0.000001 -0.000024
 26   4.941382 1.997366 -1.629410 -0.000001 0.000005 -0.000024
 27   2.918368 1.615358 1.514501 -0.000019 -0.000022 -0.000050
 28   2.920798 1.614964 -1.501142 -0.000002 -0.000009 -0.000024
 29   8.824059 0.150544 0.091743 0.000006 -0.000231 -0.174534
 30   2.111085 -0.561179 1.784320 -0.000008 -0.000682 0.000024
 31   2.121290 -0.561289 -1.853599 0.000000 0.000000 -0.000002
 32   -0.810489 -0.093824 3.127092 -0.129396 -2.975241 -0.324172
 33   14.298673 -0.408176 0.475484 0.000020 -0.000248 -0.436243
 34   15.835795 0.581398 0.242756 0.162134 -0.013934 0.022664
 35   -0.815868 -0.091229 -3.114430 0.096037 3.002497 -0.031283
 36   14.294526 -0.410349 -0.463635 0.000093 0.000048 -0.399441
 37   15.834409 0.579420 -0.284600 -0.088743 0.040098 0.278038
 38   1.139685 -3.453749 -2.823813 0.000000 0.000000 0.000001
 39   -4.457742 -1.054854 -0.746180 0.000000 0.000000 0.000000
 40   1.118101 -3.449769 3.237290 0.000000 0.000001 0.000000
 41   -4.433840 -1.059130 0.959566 -0.000001 0.000000 0.000000
 42   -0.657468 1.697302 -2.688614 0.000000 0.000002 0.000000
 43   -0.664068 1.698578 2.869377 0.000000 0.000002 0.000000
time 35
  0   0.001233 0.187506 0.867585 0.000000 0.000000 -1.571449
  1   -1.093036 0.000002 -0.326057 -0.000777 -1.568388 -1.570022
  2   2.262337 0.113614 0.064702 -0.068147 -0.006926 -0.045913
  3   2.380047 0.353302 0.047440 -0.029987 -0.013535 -0.001204
  4   2.033756 0.190472 -0.000128 -0.071254 0.005106 0.077761
  5   2.451511 0.204909 -0.003447 -0.115419 0.008755 0.114528
  6   7.247600 -0.397300 -0.109469 -0.091897 0.032679 0.231838
  7   -2.022252 -0.104661 3.136172 1.068823 -1.269791 -4.428313
  8   1.168026 -0.537438 -0.063437 0.001247 0.724039 -0.136642
  9   6.790376 -0.619176 0.015206 -0.000102 -0.000151 -1.842087
 10   8.637599 0.544015 -0.090417 -0.537376 -0.687282 -0.910067
 11   6.790465 -0.619039 0.017802 0.004067 -0.011850 -1.304635
 12   -2.022474 -0.104699 -2.873818 -1.476432 1.056787 -4.833178
 13   1.167898 -0.537463 0.063297 0.492972 -0.887343 -0.992377
 14   7.002743 -0.617765 -0.183752 0.000172 0.000023 -1.718671
 15   8.209042 0.615527 -0.255885 1.716341 0.453970 0.528600
 16   7.002735 -0.617911 -0.183641 0.013309 0.009398 -1.221738
 17   1.574674 0.609930 -0.000899 0.337106 -0.127675 0.057984
 18   -0.602177 0.511412 -0.000006 0.000000 0.000000 0.000000
 19   3.673773 0.177020 1.119313 -0.000002 -0.000014 -0.174510
 20   3.673767 0.176993 -1.117566 0.000007 -0.000003 -0.174546
 21   3.942357 1.330634 1.627658 0.000002 -0.000011 -0.000026
 22   -0.246060 -0.011889 0.516521 -0.000011 0.000031 0.000025
 23   3.942374 1.330659 -1.631083 0.000019 0.000002 -0.000024
 24   -0.246150 -0.011872 -0.516511 -0.000005 -0.000006 0.000048
 25   4.941364 1.997338 1.629330 0.000018 -0.000001 -0.000024
 26   4.941382 1.997366 -1.629410 -0.000001 0.000005 -0.000024
 27   2.918368 1.615358 1.514501 -0.000019 -0.000022 -0.000050
 28   2.920798 1.614964 -1.501142 -0.000002 -0.000009 -0.000024
 29   8.824059 0.150544 0.091743 0.000006 -0.000231 -0.174534
 30   2.111085 -0.561179 1.784320 -0.000008 -0.000682 0.000024
 31   2.121290 -0.561289 -1.853599 0.000000 0.000000 -0.000002
 32   -0.810489 -0.093824 3.127092 -0.129396 -2.975241 -0.324172
 33   14.298673 -0.408176 0.475484 0.000020 -0.000248 -0.436243
 34   15.835795 0.581398 0.242756 0.162134 -0.013934 0.022664
 35   -0.815868 -0.091229 -3.114430 0.096037 3.002497 -0.031283
 36   14.294526 -0.410349 -0.463635 0.000093 0.000048 -0.399441
 37   15.834409 0.579420 -0.284600 -0.088743 0.040098 0.278038
 38   1.139685 -3.453749 -2.823813 0.000000 0.000000 0.000001
 39   -4.457742 -1.054854 -0.746180 0.000000 0.000000 0.000000
 40   1.118101 -3.449769 3.237290 0.000000 0.000001 0.000000
 41   -4.433840 -1.059130 0.959566 -0.000001 0.000000 0.000000
 42   -0.657468 1.697302 -2.688614 0.000000 0.000002 0.000000
 43   -0.664068 1.698578 2.869377 0.000000 0.000002 0.000000
time 36
  0   0.001233 0.187506 0.867585 0.000000 0.000000 -1.571449
  1   -1.093036 0.000002 -0.326057 -0.000777 -1.568388 -1.570022
  2   2.262337 0.113614 0.064702 -0.068147 -0.006926 -0.045913
  3   2.380047 0.353302 0.047440 -0.029987 -0.013535 -0.001204
  4   2.033756 0.190472 -0.000128 -0.072674 0.003907 0.060870
  5   2.451511 0.204909 -0.003447 -0.117593 0.008781 0.114726
  6   7.247600 -0.397300 -0.109469 -0.091897 0.032679 0.231838
  7   -2.022252 -0.104661 3.136172 1.034506 -1.269964 -4.393565
  8   1.168026 -0.537438 -0.063437 -0.030140 0.773498 -0.259431
  9   6.790376 -0.619176 0.015206 -0.000102 -0.000151 -1.745564
 10   8.637599 0.544015 -0.090417 -0.481983 -0.622171 -1.384790
 11   6.790465 -0.619039 0.017802 0.003629 -0.011850 -1.237213
 12   -2.022474 -0.104699 -2.873818 -1.461103 1.100323 -4.819199
 13   1.167898 -0.537463 0.063297 0.625406 -1.017120 -1.073554
 14   7.002743 -0.617765 -0.183752 0.000172 0.000023 -1.812067
 15   8.209042 0.615527 -0.255885 1.686070 0.500425 0.189546
 16   7.002735 -0.617911 -0.183641 0.013121 0.009962 -1.287086
 17   1.574674 0.609930 -0.000899 0.337106 -0.047278 -0.094074
 18   -0.602177 0.511412 -0.000006 0.000000 0.000000 0.000000
 19   3.673773 0.177020 1.119313 -0.000002 -0.000014 -0.174510
 20   3.673767 0.176993 -1.117566 0.000007 -0.000003 -0.174546
 21   3.942357 1.330634 1.627658 0.000002 -0.000011 -0.000026
 22   -0.246060 -0.011889 0.516521 -0.000011 0.000031 0.000025
 23   3.942374 1.330659 -1.631083 0.000019 0.000002 -0.000024
 24   -0.246150 -0.011872 -0.516511 -0.000005 -0.000006 0.000048
 25   4.941364 1.997338 1.629330 0.000018 -0.000001 -0.000024
 26   4.941382 1.997366 -1.629410 -0.000001 0.000005 -0.000024
 27   2.918368 1.615358 1.514501 -0.000019 -0.000022 -0.000050
 28   2.920798 1.614964 -1.501142 -0.000002 -0.000009 -0.000024
 29   8.824059 0.150544 0.091743 0.000006 -0.000231 -0.174534
 30   2.111085 -0.561179 1.784320 -0.000008 -0.000682 0.000024
 31   2.121290 -0.561289 -1.853599 0.000000 0.000000 -0.000002
 32   -0.810489 -0.093824 3.127092 -0.129396 -2.975241 -0.324172
 33   14.298673 -0.408176 0.475484 0.000020 -0.000248 -0.436243
 34   15.835795 0.581398 0.242756 0.162134 -0.013934 0.022664
 35   -0.815868 -0.091229 -3.114430 0.096037 3.002497 -0.031283
 36   14.294526 -0.410349 -0.463635 0.000093 0.000048 -0.399441
 37   15.834409 0.579420 -0.284600 -0.088743 0.040098 0.278038
 38   1.139685 -3.453749 -2.823813 0.000000 0.000000 0.000001
 39   -4.457742 -1.054854 -0.746180 0.000000 0.000000 0.000000
 40   1.118101 -3.449769 3.237290 0.000000 0.000001 0.000000
 41   -4.433840 -1.059130 0.959566 -0.000001 0.000000 0.000000
 42   -0.657468 1.697302 -2.688614 0.000000 0.000002 0.000000
 43   -0.664068 1.698578 2.869377 0.000000 0.000002 0.000000
time 37
  0   0.001233 0.187506 0.867585 0.000000 0.000000 -1.571449
  1   -1.093036 0.000002 -0.326057 -0.000777 -1.568388 -1.570022
  2   2.262337 0.113614 0.064702 -0.068147 -0.006926 -0.045913
  3   2.380047 0.353302 0.047440 -0.029987 -0.013535 -0.001204
  4   2.033756 0.190472 -0.000128 -0.077635 0.003560 0.057173
  5   2.451511 0.204909 -0.003447 -0.125090 0.008834 0.114998
  6   7.247600 -0.397300 -0.109469 -0.091897 0.032679 0.231838
  7   -2.022252 -0.104661 3.136172 1.018785 -1.279851 -4.378539
  8   1.168026 -0.537438 -0.063437 -0.029318 0.761171 -0.299538
  9   6.790376 -0.619176 0.015206 -0.000102 -0.000151 -1.736055
 10   8.637599 0.544015 -0.090417 -0.559744 -0.488429 -1.252762
 11   6.790465 -0.619039 0.017802 0.003512 -0.011850 -1.230465
 12   -2.022474 -0.104699 -2.873818 -1.442133 1.099307 -4.797562
 13   1.167898 -0.537463 0.063297 0.586323 -1.030952 -1.044013
 14   7.002743 -0.617765 -0.183752 0.000172 0.000023 -1.803569
 15   8.209042 0.615527 -0.255885 1.715550 0.499138 0.190268
 16   7.002735 -0.617911 -0.183641 0.013168 0.009849 -1.281070
 17   1.574674 0.609930 -0.000899 0.342265 -0.004867 -0.173207
 18   -0.602177 0.511412 -0.000006 0.000000 0.000000 0.000000
 19   3.673773 0.177020 1.119313 -0.000002 -0.000014 -0.174510
 20   3.673767 0.176993 -1.117566 0.000007 -0.000003 -0.174546
 21   3.942357 1.330634 1.627658 0.000002 -0.000011 -0.000026
 22   -0.246060 -0.011889 0.516521 -0.000011 0.000031 0.000025
 23   3.942374 1.330659 -1.631083 0.000019 0.000002 -0.000024
 24   -0.246150 -0.011872 -0.516511 -0.000005 -0.000006 0.000048
 25   4.941364 1.997338 1.629330 0.000018 -0.000001 -0.000024
 26   4.941382 1.997366 -1.629410 -0.000001 0.000005 -0.000024
 27   2.918368 1.615358 1.514501 -0.000019 -0.000022 -0.000050
 28   2.920798 1.614964 -1.501142 -0.000002 -0.000009 -0.000024
 29   8.824059 0.150544 0.091743 0.000006 -0.000231 -0.174534
 30   2.111085 -0.561179 1.784320 -0.000008 -0.000682 0.000024
 31   2.121290 -0.561289 -1.853599 0.000000 0.000000 -0.000002
 32   -0.810489 -0.093824 3.127092 -0.129396 -2.975241 -0.324172
 33   14.298673 -0.408176 0.475484 0.000020 -0.000248 -0.436243
 34   15.835795 0.581398 0.242756 0.162134 -0.013934 0.022664
 35   -0.815868 -0.091229 -3.114430 0.096037 3.002497 -0.031283
 36   14.294526 -0.410349 -0.463635 0.000093 0.000048 -0.399441
 37   15.834409 0.579420 -0.284600 -0.088743 0.040098 0.278038
 38   1.139685 -3.453749 -2.823813 0.000000 0.000000 0.000001
 39   -4.457742 -1.054854 -0.746180 0.000000 0.000000 0.000000
 40   1.118101 -3.449769 3.237290 0.000000 0.000001 0.000000
 41   -4.433840 -1.059130 0.959566 -0.000001 0.000000 0.000000
 42   -0.657468 1.697302 -2.688614 0.000000 0.000002 0.000000
 43   -0.664068 1.698578 2.869377 0.000000 0.000002 0.000000
time 38
  0   0.001233 0.187506 0.867585 0.000000 0.000000 -1.571449
  1   -1.093036 0.000002 -0.326057 -0.000777 -1.568388 -1.570022
  2   2.262337 0.113614 0.064702 -0.068147 -0.006926 -0.045913
  3   2.380047 0.353302 0.047440 -0.029987 -0.013535 -0.001204
  4   2.033756 0.190472 -0.000128 -0.084846 0.003967 0.062465
  5   2.451511 0.204909 -0.003447 -0.135788 0.008873 0.115271
  6   7.247600 -0.397300 -0.109469 -0.091897 0.032679 0.231838
  7   -2.022252 -0.104661 3.136172 1.023003 -1.294120 -4.384267
  8   1.168026 -0.537438 -0.063437 -0.079942 0.721473 -0.406195
  9   6.790376 -0.619176 0.015206 -0.000102 -0.000151 -1.729565
 10   8.637599 0.544015 -0.090417 -0.658377 -0.189622 -1.037538
 11   6.790465 -0.619039 0.017802 0.003483 -0.011850 -1.226024
 12   -2.022474 -0.104699 -2.873818 -1.410900 1.096840 -4.762616
 13   1.167898 -0.537463 0.063297 0.525940 -1.035275 -0.995222
 14   7.002743 -0.617765 -0.183752 0.000172 0.000023 -1.791606
 15   8.209042 0.615527 -0.255885 1.767464 0.498004 0.190749
 16   7.002735 -0.617911 -0.183641 0.013168 0.009849 -1.272791
 17   1.574674 0.609930 -0.000899 0.358188 0.004008 -0.184924
 18   -0.602177 0.511412 -0.000006 0.000000 0.000000 0.000000
 19   3.673773 0.177020 1.119313 -0.000002 -0.000014 -0.174510
 20   3.673767 0.176993 -1.117566 0.000007 -0.000003 -0.174546
 21   3.942357 1.330634 1.627658 0.000002 -0.000011 -0.000026
 22   -0.246060 -0.011889 0.516521 -0.000011 0.000031 0.000025
 23   3.942374 1.330659 -1.631083 0.000019 0.000002 -0.000024
 24   -0.246150 -0.011872 -0.516511 -0.000005 -0.000006 0.000048
 25   4.941364 1.997338 1.629330 0.000018 -0.000001 -0.000024
 26   4.941382 1.997366 -1.629410 -0.000001 0.000005 -0.000024
 27   2.918368 1.615358 1.514501 -0.000019 -0.000022 -0.000050
 28   2.920798 1.614964 -1.501142 -0.000002 -0.000009 -0.000024
 29   8.824059 0.150544 0.091743 0.000006 -0.000231 -0.174534
 30   2.111085 -0.561179 1.784320 -0.000008 -0.000682 0.000024
 31   2.121290 -0.561289 -1.853599 0.000000 0.000000 -0.000002
 32   -0.810489 -0.093824 3.127092 -0.129396 -2.975241 -0.324172
 33   14.298673 -0.408176 0.475484 0.000020 -0.000248 -0.436243
 34   15.835795 0.581398 0.242756 0.162134 -0.013934 0.022664
 35   -0.815868 -0.091229 -3.114430 0.096037 3.002497 -0.031283
 36   14.294526 -0.410349 -0.463635 0.000093 0.000048 -0.399441
 37   15.834409 0.579420 -0.284600 -0.088743 0.040098 0.278038
 38   1.139685 -3.453749 -2.823813 0.000000 0.000000 0.000001
 39   -4.457742 -1.054854 -0.746180 0.000000 0.000000 0.000000
 40   1.118101 -3.449769 3.237290 0.000000 0.000001 0.000000
 41   -4.433840 -1.059130 0.959566 -0.000001 0.000000 0.000000
 42   -0.657468 1.697302 -2.688614 0.000000 0.000002 0.000000
 43   -0.664068 1.698578 2.869377 0.000000 0.000002 0.000000
time 39
  0   0.001233 0.187506 0.867585 0.000000 0.000000 -1.571449
  1   -1.093036 0.000002 -0.326057 -0.000777 -1.568388 -1.570022
  2   2.262337 0.113614 0.064702 -0.068147 -0.006926 -0.045913
  3   2.380047 0.353302 0.047440 -0.029987 -0.013535 -0.001204
  4   2.033756 0.190472 -0.000128 -0.090139 0.004327 0.067902
  5   2.451511 0.204909 -0.003447 -0.143782 0.008912 0.115593
  6   7.247600 -0.397300 -0.109469 -0.091897 0.032679 0.231838
  7   -2.022252 -0.104661 3.136172 1.054636 -1.302451 -4.417606
  8   1.168026 -0.537438 -0.063437 -0.172205 0.675033 -0.495582
  9   6.790376 -0.619176 0.015206 -0.000102 -0.000151 -1.730546
 10   8.637599 0.544015 -0.090417 -0.720639 0.096797 -0.865720
 11   6.790465 -0.619039 0.017802 0.003483 -0.011850 -1.226716
 12   -2.022474 -0.104699 -2.873818 -1.391547 1.095157 -4.740788
 13   1.167898 -0.537463 0.063297 0.487278 -1.039750 -0.965984
 14   7.002743 -0.617765 -0.183752 0.000172 0.000023 -1.782283
 15   8.209042 0.615527 -0.255885 1.797447 0.496793 0.191230
 16   7.002735 -0.617911 -0.183641 0.013215 0.009736 -1.266223
 17   1.574674 0.609930 -0.000899 0.369765 0.011179 -0.185663
 18   -0.602177 0.511412 -0.000006 0.000000 0.000000 0.000000
 19   3.673773 0.177020 1.119313 -0.000002 -0.000014 -0.174510
 20   3.673767 0.176993 -1.117566 0.000007 -0.000003 -0.174546
 21   3.942357 1.330634 1.627658 0.000002 -0.000011 -0.000026
 22   -0.246060 -0.011889 0.516521 -0.000011 0.000031 0.000025
 23   3.942374 1.330659 -1.631083 0.000019 0.000002 -0.000024
 24   -0.246150 -0.011872 -0.516511 -0.000005 -0.000006 0.000048
 25   4.941364 1.997338 1.629330 0.000018 -0.000001 -0.000024
 26   4.941382 1.997366 -1.629410 -0.000001 0.000005 -0.000024
 27   2.918368 1.615358 1.514501 -0.000019 -0.000022 -0.000050
 28   2.920798 1.614964 -1.501142 -0.000002 -0.000009 -0.000024
 29   8.824059 0.150544 0.091743 0.000006 -0.000231 -0.174534
 30   2.111085 -0.561179 1.784320 -0.000008 -0.000682 0.000024
 31   2.121290 -0.561289 -1.853599 0.000000 0.000000 -0.000002
 32   -0.810489 -0.093824 3.127092 -0.129396 -2.975241 -0.324172
 33   14.298673 -0.408176 0.475484 0.000020 -0.000248 -0.436243
 34   15.835795 0.581398 0.242756 0.162134 -0.013934 0.022664
 35   -0.815868 -0.091229 -3.114430 0.096037 3.002497 -0.031283
 36   14.294526 -0.410349 -0.463635 0.000093 0.000048 -0.399441
 37   15.834409 0.579420 -0.284600 -0.088743 0.040098 0.278038
 38   1.139685 -3.453749 -2.823813 0.000000 0.000000 0.000001
 39   -4.457742 -1.054854 -0.746180 0.000000 0.000000 0.000000
 40   1.118101 -3.449769 3.237290 0.000000 0.000001 0.000000
 41   -4.433840 -1.059130 0.959566 -0.000001 0.000000 0.000000
 42   -0.657468 1.697302 -2.688614 0.000000 0.000002 0.000000
 43   -0.664068 1.698578 2.869377 0.000000 0.000002 0.000000
time 40
  0   0.001233 0.187506 0.867585 0.000000 0.000000 -1.571449
  1   -1.093036 0.000002 -0.326057 -0.000777 -1.568388 -1.570022
  2   2.262337 0.113614 0.064702 -0.068147 -0.006926 -0.045913
  3   2.380047 0.353302 0.047440 -0.026372 -0.013619 -0.002000
  4   2.033756 0.190472 -0.000128 -0.091061 0.004914 0.070403
  5   2.451511 0.204909 -0.003447 -0.144655 0.009526 0.114330
  6   7.247600 -0.397300 -0.109469 -0.091897 0.032679 0.231838
  7   -2.022252 -0.104661 3.136172 1.116272 -1.299886 -4.480529
  8   1.168026 -0.537438 -0.063437 -0.341607 0.616517 -0.558779
  9   6.790376 -0.619176 0.015206 -0.000102 -0.000151 -1.761714
 10   8.637599 0.544015 -0.090417 -0.729357 0.368293 -0.785418
 11   6.790465 -0.619039 0.017802 0.003658 -0.011850 -1.248575
 12   -2.022474 -0.104699 -2.873818 -1.394038 1.081370 -4.742223
 13   1.167898 -0.537463 0.063297 0.528822 -1.021900 -0.994193
 14   7.002743 -0.617765 -0.183752 0.000172 0.000023 -1.726344
 15   8.209042 0.615527 -0.255885 1.811756 0.487563 0.200972
 16   7.002735 -0.617911 -0.183641 0.013309 0.009398 -1.226981
 17   1.574674 0.609930 -0.000899 0.367612 0.015368 -0.172986
 18   -0.602177 0.511412 -0.000006 0.000000 0.000000 0.000000
 19   3.673773 0.177020 1.119313 -0.000002 -0.000014 -0.174510
 20   3.673767 0.176993 -1.117566 0.000007 -0.000003 -0.174546
 21   3.942357 1.330634 1.627658 0.000002 -0.000011 -0.000026
 22   -0.246060 -0.011889 0.516521 -0.000011 0.000031 0.000025
 23   3.942374 1.330659 -1.631083 0.000019 0.000002 -0.000024
 24   -0.246150 -0.011872 -0.516511 -0.000005 -0.000006 0.000048
 25   4.941364 1.997338 1.629330 0.000018 -0.000001 -0.000024
 26   4.941382 1.997366 -1.629410 -0.000001 0.000005 -0.000024
 27   2.918368 1.615358 1.514501 -0.000019 -0.000022 -0.000050
 28   2.920798 1.614964 -1.501142 -0.000002 -0.000009 -0.000024
 29   8.824059 0.150544 0.091743 0.000006 -0.000231 -0.174534
 30   2.111085 -0.561179 1.784320 -0.000008 -0.000682 0.000024
 31   2.121290 -0.561289 -1.853599 0.000000 0.000000 -0.000002
 32   -0.810489 -0.093824 3.127092 -0.129396 -2.975241 -0.324172
 33   14.298673 -0.408176 0.475484 0.000020 -0.000248 -0.436243
 34   15.835795 0.581398 0.242756 0.162134 -0.013934 0.022664
 35   -0.815868 -0.091229 -3.114430 0.096037 3.002497 -0.031283
 36   14.294526 -0.410349 -0.463635 0.000093 0.000048 -0.399441
 37   15.834409 0.579420 -0.284600 -0.088743 0.040098 0.278038
 38   1.139685 -3.453749 -2.823813 0.000000 0.000000 0.000001
 39   -4.457742 -1.054854 -0.746180 0.000000 0.000000 0.000000
 40   1.118101 -3.449769 3.237290 0.000000 0.000001 0.000000
 41   -4.433840 -1.059130 0.959566 -0.000001 0.000000 0.000000
 42   -0.657468 1.697302 -2.688614 0.000000 0.000002 0.000000
 43   -0.664068 1.698578 2.869377 0.000000 0.000002 0.000000
time 41
  0   0.001233 0.187506 0.867585 0.000000 0.000000 -1.571449
  1   -1.093036 0.000002 -0.326057 -0.000777 -1.568388 -1.570022
  2   2.262337 0.113614 0.064702 -0.068147 -0.006926 -0.045913
  3   2.380047 0.353302 0.047440 -0.022742 -0.013750 -0.002755
  4   2.033756 0.190472 -0.000128 -0.090139 0.005897 0.077761
  5   2.451511 0.204909 -0.003447 -0.142669 0.010218 0.113785
  6   7.247600 -0.397300 -0.109469 -0.091897 0.032679 0.231838
  7   -2.022252 -0.104661 3.136172 1.145797 -1.301586 -4.510769
  8   1.168026 -0.537438 -0.063437 -0.505503 0.556945 -0.584779
  9   6.790376 -0.619176 0.015206 -0.000102 -0.000151 -1.779902
 10   8.637599 0.544015 -0.090417 -0.737899 0.632116 -0.685583
 11   6.790465 -0.619039 0.017802 0.003775 -0.011850 -1.261148
 12   -2.022474 -0.104699 -2.873818 -1.399978 1.044278 -4.743851
 13   1.167898 -0.537463 0.063297 0.627796 -0.966979 -1.057391
 14   7.002743 -0.617765 -0.183752 0.000172 0.000023 -1.574039
 15   8.209042 0.615527 -0.255885 1.850584 0.462444 0.226831
 16   7.002735 -0.617911 -0.183641 0.013497 0.008552 -1.120459
 17   1.574674 0.609930 -0.000899 0.361235 0.007368 -0.135692
 18   -0.602177 0.511412 -0.000006 0.000000 0.000000 0.000000
 19   3.673773 0.177020 1.119313 -0.000002 -0.000014 -0.174510
 20   3.673767 0.176993 -1.117566 0.000007 -0.000003 -0.174546
 21   3.942357 1.330634 1.627658 0.000002 -0.000011 -0.000026
 22   -0.246060 -0.011889 0.516521 -0.000011 0.000031 0.000025
 23   3.942374 1.330659 -1.631083 0.000019 0.000002 -0.000024
 24   -0.246150 -0.011872 -0.516511 -0.000005 -0.000006 0.000048
 25   4.941364 1.997338 1.629330 0.000018 -0.000001 -0.000024
 26   4.941382 1.997366 -1.629410 -0.000001 0.000005 -0.000024
 27   2.918368 1.615358 1.514501 -0.000019 -0.000022 -0.000050
 28   2.920798 1.614964 -1.501142 -0.000002 -0.000009 -0.000024
 29   8.824059 0.150544 0.091743 0.000006 -0.000231 -0.174534
 30   2.111085 -0.561179 1.784320 -0.000008 -0.000682 0.000024
 31   2.121290 -0.561289 -1.853599 0.000000 0.000000 -0.000002
 32   -0.810489 -0.093824 3.127092 -0.129396 -2.975241 -0.324172
 33   14.298673 -0.408176 0.475484 0.000020 -0.000248 -0.436243
 34   15.835795 0.581398 0.242756 0.162134 -0.013934 0.022664
 35   -0.815868 -0.091229 -3.114430 0.096037 3.002497 -0.031283
 36   14.294526 -0.410349 -0.463635 0.000093 0.000048 -0.399441
 37   15.834409 0.579420 -0.284600 -0.088743 0.040098 0.278038
 38   1.139685 -3.453749 -2.823813 0.000000 0.000000 0.000001
 39   -4.457742 -1.054854 -0.746180 0.000000 0.000000 0.000000
 40   1.118101 -3.449769 3.237290 0.000000 0.000001 0.000000
 41   -4.433840 -1.059130 0.959566 -0.000001 0.000000 0.000000
 42   -0.657468 1.697302 -2.688614 0.000000 0.000002 0.000000
 43   -0.664068 1.698578 2.869377 0.000000 0.000002 0.000000
time 42
  0   0.001233 0.187506 0.867585 0.000000 0.000000 -1.571449
  1   -1.093036 0.000002 -0.326057 -0.000777 -1.568388 -1.570022
  2   2.262337 0.113614 0.064702 -0.068147 -0.006926 -0.045913
  3   2.380047 0.353302 0.047440 -0.029987 -0.013535 -0.001204
  4   2.033756 0.190472 -0.000128 -0.089973 0.006652 0.093166
  5   2.451511 0.204909 -0.003447 -0.143782 0.009382 0.118837
  6   7.247600 -0.397300 -0.109469 -0.091897 0.032679 0.231838
  7   -2.022252 -0.104661 3.136172 1.101319 -1.319084 -4.467005
  8   1.168026 -0.537438 -0.063437 -0.555368 0.565549 -0.550049
  9   6.790376 -0.619176 0.015206 -0.000102 -0.000151 -1.707981
 10   8.637599 0.544015 -0.090417 -0.917464 0.745374 -0.494449
 11   6.790465 -0.619039 0.017802 0.003454 -0.011850 -1.210913
 12   -2.022474 -0.104699 -2.873818 -1.400074 0.989248 -4.736958
 13   1.167898 -0.537463 0.063297 0.726489 -0.888869 -1.129246
 14   7.002743 -0.617765 -0.183752 0.000172 0.000023 -1.341704
 15   8.209042 0.615527 -0.255885 1.912851 0.422647 0.262553
 16   7.002735 -0.617911 -0.183641 0.013780 0.007255 -0.957861
 17   1.574674 0.609930 -0.000899 0.369278 -0.019565 -0.071084
 18   -0.602177 0.511412 -0.000006 0.000000 0.000000 0.000000
 19   3.673773 0.177020 1.119313 -0.000002 -0.000014 -0.174510
 20   3.673767 0.176993 -1.117566 0.000007 -0.000003 -0.174546
 21   3.942357 1.330634 1.627658 0.000002 -0.000011 -0.000026
 22   -0.246060 -0.011889 0.516521 -0.000011 0.000031 0.000025
 23   3.942374 1.330659 -1.631083 0.000019 0.000002 -0.000024
 24   -0.246150 -0.011872 -0.516511 -0.000005 -0.000006 0.000048
 25   4.941364 1.997338 1.629330 0.000018 -0.000001 -0.000024
 26   4.941382 1.997366 -1.629410 -0.000001 0.000005 -0.000024
 27   2.918368 1.615358 1.514501 -0.000019 -0.000022 -0.000050
 28   2.920798 1.614964 -1.501142 -0.000002 -0.000009 -0.000024
 29   8.824059 0.150544 0.091743 0.000006 -0.000231 -0.174534
 30   2.111085 -0.561179 1.784320 -0.000008 -0.000682 0.000024
 31   2.121290 -0.561289 -1.853599 0.000000 0.000000 -0.000002
 32   -0.810489 -0.093824 3.127092 -0.129396 -2.975241 -0.324172
 33   14.298673 -0.408176 0.475484 0.000020 -0.000248 -0.436243
 34   15.835795 0.581398 0.242756 0.162134 -0.013934 0.022664
 35   -0.815868 -0.091229 -3.114430 0.096037 3.002497 -0.031283
 36   14.294526 -0.410349 -0.463635 0.000093 0.000048 -0.399441
 37   15.834409 0.579420 -0.284600 -0.088743 0.040098 0.278038
 38   1.139685 -3.453749 -2.823813 0.000000 0.000000 0.000001
 39   -4.457742 -1.054854 -0.746180 0.000000 0.000000 0.000000
 40   1.118101 -3.449769 3.237290 0.000000 0.000001 0.000000
 41   -4.433840 -1.059130 0.959566 -0.000001 0.000000 0.000000
 42   -0.657468 1.697302 -2.688614 0.000000 0.000002 0.000000
 43   -0.664068 1.698578 2.869377 0.000000 0.000002 0.000000
time 43
  0   0.001233 0.187506 0.867585 0.000000 0.000000 -1.571449
  1   -1.093036 0.000002 -0.326057 -0.000934 -1.568388 -1.569829
  2   2.262337 0.113614 0.064702 -0.068147 -0.006926 -0.045913
  3   2.380047 0.353302 0.047440 -0.051678 -0.012432 0.003346
  4   2.033756 0.190472 -0.000128 -0.091725 0.006676 0.114443
  5   2.451511 0.204909 -0.003447 -0.149978 0.006471 0.130675
  6   7.247600 -0.397300 -0.109469 -0.091897 0.032679 0.231838
  7   -2.022252 -0.104661 3.136172 1.026933 -1.342030 -4.393565
  8   1.168026 -0.537438 -0.063437 -0.364198 0.753473 -0.334331
  9   6.790376 -0.619176 0.015206 -0.000102 -0.000151 -1.467240
 10   8.637599 0.544015 -0.090417 -1.815813 0.610365 -0.208617
 11   6.790465 -0.619039 0.017802 0.002315 -0.011708 -1.042214
 12   -2.022474 -0.104699 -2.873818 -1.398541 0.923248 -4.724895
 13   1.167898 -0.537463 0.063297 0.799244 -0.789197 -1.204430
 14   7.002743 -0.617765 -0.183752 0.000172 0.000023 -1.057803
 15   8.209042 0.615527 -0.255885 1.988278 0.372182 0.301822
 16   7.002735 -0.617911 -0.183641 0.014109 0.005620 -0.759167
 17   1.574674 0.609930 -0.000899 0.395884 -0.065313 0.004243
 18   -0.602177 0.511412 -0.000006 0.000000 0.000000 0.000000
 19   3.673773 0.177020 1.119313 -0.000002 -0.000014 -0.174510
 20   3.673767 0.176993 -1.117566 0.000007 -0.000003 -0.174546
 21   3.942357 1.330634 1.627658 0.000002 -0.000011 -0.000026
 22   -0.246060 -0.011889 0.516521 -0.000011 0.000031 0.000025
 23   3.942374 1.330659 -1.631083 0.000019 0.000002 -0.000024
 24   -0.246150 -0.011872 -0.516511 -0.000005 -0.000006 0.000048
 25   4.941364 1.997338 1.629330 0.000018 -0.000001 -0.000024
 26   4.941382 1.997366 -1.629410 -0.000001 0.000005 -0.000024
 27   2.918368 1.615358 1.514501 -0.000019 -0.000022 -0.000050
 28   2.920798 1.614964 -1.501142 -0.000002 -0.000009 -0.000024
 29   8.824059 0.150544 0.091743 0.000006 -0.000231 -0.174534
 30   2.111085 -0.561179 1.784320 -0.000008 -0.000682 0.000024
 31   2.121290 -0.561289 -1.853599 0.000000 0.000000 -0.000002
 32   -0.810489 -0.093824 3.127092 -0.129396 -2.975241 -0.324172
 33   14.298673 -0.408176 0.475484 0.000020 -0.000248 -0.436243
 34   15.835795 0.581398 0.242756 0.162134 -0.013934 0.022664
 35   -0.815868 -0.091229 -3.114430 0.096037 3.002497 -0.031283
 36   14.294526 -0.410349 -0.463635 0.000093 0.000048 -0.399441
 37   15.834409 0.579420 -0.284600 -0.088743 0.040098 0.278038
 38   1.139685 -3.453749 -2.823813 0.000000 0.000000 0.000001
 39   -4.457742 -1.054854 -0.746180 0.000000 0.000000 0.000000
 40   1.118101 -3.449769 3.237290 0.000000 0.000001 0.000000
 41   -4.433840 -1.059130 0.959566 -0.000001 0.000000 0.000000
 42   -0.657468 1.697302 -2.688614 0.000000 0.000002 0.000000
 43   -0.664068 1.698578 2.869377 0.000000 0.000002 0.000000
time 44
  0   0.001233 0.187506 0.867585 0.000000 0.000000 -1.571449
  1   -1.093036 0.000002 -0.326057 -0.000777 -1.568388 -1.570022
  2   2.262337 0.113614 0.064702 -0.068147 -0.006926 -0.045913
  3   2.380047 0.353302 0.047440 -0.081290 -0.010826 0.009427
  4   2.033756 0.190472 -0.000128 -0.094104 0.006508 0.138511
  5   2.451511 0.204909 -0.003447 -0.158331 0.002580 0.146079
  6   7.247600 -0.397300 -0.109469 -0.091897 0.032679 0.231838
  7   -2.022252 -0.104661 3.136172 0.925707 -1.365321 -4.293547
  8   1.168026 -0.537438 -0.063437 -0.084498 0.909900 -0.086730
  9   6.790376 -0.619176 0.015206 -0.000102 -0.000151 -1.159559
 10   8.637599 0.544015 -0.090417 -2.917240 0.590445 0.035545
 11   6.790465 -0.619039 0.017802 0.001060 -0.011594 -0.826856
 12   -2.022474 -0.104699 -2.873818 -1.398541 0.852865 -4.711299
 13   1.167898 -0.537463 0.063297 0.833196 -0.680372 -1.269929
 14   7.002743 -0.617765 -0.183752 0.000115 0.000023 -0.752533
 15   8.209042 0.615527 -0.255885 2.068162 0.315967 0.339829
 16   7.002735 -0.617911 -0.183641 0.014345 0.004041 -0.545516
 17   1.574674 0.609930 -0.000899 0.426390 -0.126965 0.079976
 18   -0.602177 0.511412 -0.000006 0.000000 0.000000 0.000000
 19   3.673773 0.177020 1.119313 -0.000002 -0.000014 -0.174510
 20   3.673767 0.176993 -1.117566 0.000007 -0.000003 -0.174546
 21   3.942357 1.330634 1.627658 0.000002 -0.000011 -0.000026
 22   -0.246060 -0.011889 0.516521 -0.000011 0.000031 0.000025
 23   3.942374 1.330659 -1.631083 0.000019 0.000002 -0.000024
 24   -0.246150 -0.011872 -0.516511 -0.000005 -0.000006 0.000048
 25   4.941364 1.997338 1.629330 0.000018 -0.000001 -0.000024
 26   4.941382 1.997366 -1.629410 -0.000001 0.000005 -0.000024
 27   2.918368 1.615358 1.514501 -0.000019 -0.000022 -0.000050
 28   2.920798 1.614964 -1.501142 -0.000002 -0.000009 -0.000024
 29   8.824059 0.150544 0.091743 0.000006 -0.000231 -0.174534
 30   2.111085 -0.561179 1.784320 -0.000008 -0.000682 0.000024
 31   2.121290 -0.561289 -1.853599 0.000000 0.000000 -0.000002
 32   -0.810489 -0.093824 3.127092 -0.129396 -2.975241 -0.324172
 33   14.298673 -0.408176 0.475484 0.000020 -0.000248 -0.436243
 34   15.835795 0.581398 0.242756 0.162134 -0.013934 0.022664
 35   -0.815868 -0.091229 -3.114430 0.096037 3.002497 -0.031283
 36   14.294526 -0.410349 -0.463635 0.000093 0.000048 -0.399441
 37   15.834409 0.579420 -0.284600 -0.088743 0.040098 0.278038
 38   1.139685 -3.453749 -2.823813 0.000000 0.000000 0.000001
 39   -4.457742 -1.054854 -0.746180 0.000000 0.000000 0.000000
 40   1.118101 -3.449769 3.237290 0.000000 0.000001 0.000000
 41   -4.433840 -1.059130 0.959566 -0.000001 0.000000 0.000000
 42   -0.657468 1.697302 -2.688614 0.000000 0.000002 0.000000
 43   -0.664068 1.698578 2.869377 0.000000 0.000002 0.000000
time 45
  0   0.001233 0.187506 0.867585 0.000000 0.000000 -1.571449
  1   -1.093036 0.000002 -0.326057 -0.000934 -1.568388 -1.569829
  2   2.262337 0.113614 0.064702 -0.068147 -0.006926 -0.045913
  3   2.380047 0.353302 0.047440 -0.113888 -0.008885 0.016120
  4   2.033756 0.190472 -0.000128 -0.096889 0.006028 0.162688
  5   2.451511 0.204909 -0.003447 -0.167711 -0.001402 0.162771
  6   7.247600 -0.397300 -0.109469 -0.091897 0.032679 0.231838
  7   -2.022252 -0.104661 3.136172 0.785946 -1.386249 -4.154931
  8   1.168026 -0.537438 -0.063437 -0.187329 0.885548 -0.302511
  9   6.790376 -0.619176 0.015206 -0.000102 -0.000151 -0.901838
 10   8.637599 0.544015 -0.090417 -3.445629 0.628385 0.033592
 11   6.790465 -0.619039 0.017802 -0.000021 -0.011395 -0.646449
 12   -2.022474 -0.104699 -2.873818 -1.399978 0.784746 -4.697417
 13   1.167898 -0.537463 0.063297 0.830595 -0.576021 -1.324410
 14   7.002743 -0.617765 -0.183752 0.000115 0.000023 -0.454936
 15   8.209042 0.615527 -0.255885 2.143804 0.260054 0.372905
 16   7.002735 -0.617911 -0.183641 0.014486 0.002462 -0.337053
 17   1.574674 0.609930 -0.000899 0.453402 -0.197326 0.146358
 18   -0.602177 0.511412 -0.000006 0.000000 0.000000 0.000000
 19   3.673773 0.177020 1.119313 -0.000002 -0.000014 -0.174510
 20   3.673767 0.176993 -1.117566 0.000007 -0.000003 -0.174546
 21   3.942357 1.330634 1.627658 0.000002 -0.000011 -0.000026
 22   -0.246060 -0.011889 0.516521 -0.000011 0.000031 0.000025
 23   3.942374 1.330659 -1.631083 0.000019 0.000002 -0.000024
 24   -0.246150 -0.011872 -0.516511 -0.000005 -0.000006 0.000048
 25   4.941364 1.997338 1.629330 0.000018 -0.000001 -0.000024
 26   4.941382 1.997366 -1.629410 -0.000001 0.000005 -0.000024
 27   2.918368 1.615358 1.514501 -0.000019 -0.000022 -0.000050
 28   2.920798 1.614964 -1.501142 -0.000002 -0.000009 -0.000024
 29   8.824059 0.150544 0.091743 0.000006 -0.000231 -0.174534
 30   2.111085 -0.561179 1.784320 -0.000008 -0.000682 0.000024
 31   2.121290 -0.561289 -1.853599 0.000000 0.000000 -0.000002
 32   -0.810489 -0.093824 3.127092 -0.129396 -2.975241 -0.324172
 33   14.298673 -0.408176 0.475484 0.000020 -0.000248 -0.436243
 34   15.835795 0.581398 0.242756 0.162134 -0.013934 0.022664
 35   -0.815868 -0.091229 -3.114430 0.096037 3.002497 -0.031283
 36   14.294526 -0.410349 -0.463635 0.000093 0.000048 -0.399441
 37   15.834409 0.579420 -0.284600 -0.088743 0.040098 0.278038
 38   1.139685 -3.453749 -2.823813 0.000000 0.000000 0.000001
 39   -4.457742 -1.054854 -0.746180 0.000000 0.000000 0.000000
 40   1.118101 -3.449769 3.237290 0.000000 0.000001 0.000000
 41   -4.433840 -1.059130 0.959566 -0.000001 0.000000 0.000000
 42   -0.657468 1.697302 -2.688614 0.000000 0.000002 0.000000
 43   -0.664068 1.698578 2.869377 0.000000 0.000002 0.000000
time 46
  0   0.001233 0.187506 0.867585 0.000000 0.000000 -1.571449
  1   -1.093036 0.000002 -0.326057 -0.000777 -1.568388 -1.570022
  2   2.262337 0.113614 0.064702 -0.068147 -0.006926 -0.045913
  3   2.380047 0.353302 0.047440 -0.144970 -0.006680 0.022466
  4   2.033756 0.190472 -0.000128 -0.099674 0.005753 0.184146
  5   2.451511 0.204909 -0.003447 -0.176800 -0.005214 0.178596
  6   7.247600 -0.397300 -0.109469 -0.091897 0.032679 0.231838
  7   -2.022252 -0.104661 3.136172 0.678106 -1.401037 -4.048338
  8   1.168026 -0.537438 -0.063437 -0.354136 0.746982 -0.602239
  9   6.790376 -0.619176 0.015206 -0.000102 -0.000151 -0.662002
 10   8.637599 0.544015 -0.090417 -3.786969 0.614448 0.029396
 11   6.790465 -0.619039 0.017802 -0.000955 -0.011253 -0.478615
 12   -2.022474 -0.104699 -2.873818 -1.403044 0.725305 -4.685545
 13   1.167898 -0.537463 0.063297 0.803321 -0.487842 -1.367753
 14   7.002743 -0.617765 -0.183752 0.000115 0.000023 -0.194879
 15   8.209042 0.615527 -0.255885 2.208876 0.210422 0.398884
 16   7.002735 -0.617911 -0.183641 0.014580 0.001334 -0.155027
 17   1.574674 0.609930 -0.000899 0.473062 -0.265700 0.196736
 18   -0.602177 0.511412 -0.000006 0.000000 0.000000 0.000000
 19   3.673773 0.177020 1.119313 -0.000002 -0.000014 -0.174510
 20   3.673767 0.176993 -1.117566 0.000007 -0.000003 -0.174546
 21   3.942357 1.330634 1.627658 0.000002 -0.000011 -0.000026
 22   -0.246060 -0.011889 0.516521 -0.000011 0.000031 0.000025
 23   3.942374 1.330659 -1.631083 0.000019 0.000002 -0.000024
 24   -0.246150 -0.011872 -0.516511 -0.000005 -0.000006 0.000048
 25   4.941364 1.997338 1.629330 0.000018 -0.000001 -0.000024
 26   4.941382 1.997366 -1.629410 -0.000001 0.000005 -0.000024
 27   2.918368 1.615358 1.514501 -0.000019 -0.000022 -0.000050
 28   2.920798 1.614964 -1.501142 -0.000002 -0.000009 -0.000024
 29   8.824059 0.150544 0.091743 0.000006 -0.000231 -0.174534
 30   2.111085 -0.561179 1.784320 -0.000008 -0.000682 0.000024
 31   2.121290 -0.561289 -1.853599 0.000000 0.000000 -0.000002
 32   -0.810489 -0.093824 3.127092 -0.129396 -2.975241 -0.324172
 33   14.298673 -0.408176 0.475484 0.000020 -0.000248 -0.436243
 34   15.835795 0.581398 0.242756 0.162134 -0.013934 0.022664
 35   -0.815868 -0.091229 -3.114430 0.096037 3.002497 -0.031283
 36   14.294526 -0.410349 -0.463635 0.000093 0.000048 -0.399441
 37   15.834409 0.579420 -0.284600 -0.088743 0.040098 0.278038
 38   1.139685 -3.453749 -2.823813 0.000000 0.000000 0.000001
 39   -4.457742 -1.054854 -0.746180 0.000000 0.000000 0.000000
 40   1.118101 -3.449769 3.237290 0.000000 0.000001 0.000000
 41   -4.433840 -1.059130 0.959566 -0.000001 0.000000 0.000000
 42   -0.657468 1.697302 -2.688614 0.000000 0.000002 0.000000
 43   -0.664068 1.698578 2.869377 0.000000 0.000002 0.000000
end
