version 1
nodes
  0 "Bip01" -1
  1 "Bip01 Pelvis" 0
  2 "Bip01 Spine" 1
  3 "Bip01 Spine1" 2
  4 "Bip01 Spine2" 3
  5 "Bip01 Spine3" 4
  6 "Bip01 Neck" 5
  7 "Bip01 L Arm" 6
  8 "Bip01 L Arm1" 7
  9 "Bip01 L Arm2" 8
 10 "Bip01 L Hand" 9
 11 "Bip06 L elbow2-smooth" 8
 12 "Bip01 R Arm" 6
 13 "Bip01 R Arm1" 12
 14 "Bip01 R Arm2" 13
 15 "Bip01 R Hand" 14
 16 "Bip06 R elbow2-smooth" 13
 17 "Bip01 Head" 6
 18 "Bip06 Head_helper" 17
 19 "Bip06 Head_eyes_l" 18
 20 "Bip06 Head_eyes_r" 18
 21 "Bip06 Head_blink_l" 18
 22 "Bip06 Head_blink_smooth_l1" 21
 23 "Bip06 Head_blink_r" 18
 24 "Bip06 Head_blink_smooth_r1" 23
 25 "Bip06 Head_L_eyebrow" 18
 26 "Bip06 Head_R_eyebrow" 18
 27 "Bip06 Head_blink_l_lid" 18
 28 "Bip06 Head_blink_r_lid" 18
 29 "Bip06 bunny" 18
 30 "Bip06 bunnyL" 29
 31 "Bip06 bunnyR" 29
 32 "Bip01 L Leg" 1
 33 "Bip01 L Leg1" 32
 34 "Bip01 L Foot" 33
 35 "Bip01 R Leg" 1
 36 "Bip01 R Leg1" 35
 37 "Bip01 R Foot" 36
 38 "Bip03 HairR1" 17
 39 "Bip03 HairR2" 38
 40 "Bip03 HairL1" 17
 41 "Bip03 HairL2" 40
 42 "Bip03 swingR" 17
 43 "Bip03 swingL" 17
end
skeleton
time 0
  0   -0.010486 -0.546892 -0.601210 0.000000 0.000000 -1.571449
  1   -1.093036 0.000002 -0.326057 -1.570809 -1.570703 0.000022
  2   2.262337 0.113614 0.064702 -0.041678 -0.082345 0.353815
  3   2.380047 0.353302 0.047440 -0.089016 -0.018005 0.339405
  4   2.033756 0.190472 -0.000128 -0.164518 -0.016335 0.070403
  5   2.451511 0.204909 -0.003447 -0.353018 0.086188 0.041049
  6   7.247600 -0.397300 -0.109469 0.000001 0.000021 0.156829
  7   -2.022252 -0.104661 3.136172 0.412867 -1.277949 -3.685833
  8   1.168026 -0.537438 -0.063437 -0.541826 0.809221 -0.621660
  9   6.790376 -0.619176 0.015206 0.087112 -0.084644 -1.029755
 10   8.637599 0.544015 -0.090417 -3.729286 0.326903 0.220819
 11   6.790465 -0.619039 0.017802 0.053321 -0.080412 -0.735153
 12   -2.022474 -0.104699 -2.873818 -1.690369 1.475254 -4.793253
 13   1.167898 -0.537463 0.063297 0.255027 -0.836948 -0.876150
 14   7.002743 -0.617765 -0.183752 0.380254 -0.332281 -1.731542
 15   8.209042 0.615527 -0.255885 1.890562 0.500273 0.268807
 16   7.002735 -0.617911 -0.183641 0.221332 -0.298820 -1.206615
 17   1.574674 0.609930 -0.000899 0.554384 0.012480 0.601274
 18   -0.602177 0.511412 -0.000006 0.000000 0.000000 0.000000
 19   3.673773 0.177020 1.119313 -0.000002 -0.000014 -0.174510
 20   3.673767 0.176993 -1.117566 0.000007 -0.000003 -0.174546
 21   3.942357 1.330634 1.627658 0.000002 -0.000011 -0.000026
 22   -0.246060 -0.011889 0.516521 -0.000011 0.000031 0.000025
 23   3.942374 1.330659 -1.631083 0.000019 0.000002 -0.000024
 24   -0.246150 -0.011872 -0.516511 -0.000005 -0.000006 0.000048
 25   4.941364 1.997338 1.629330 0.000018 -0.000001 -0.000024
 26   4.941382 1.997366 -1.629410 -0.000001 0.000005 -0.000024
 27   2.918368 1.615358 1.514501 -0.000019 -0.000022 -0.000050
 28   2.920798 1.614964 -1.501142 -0.000002 -0.000009 -0.000024
 29   8.824059 0.150544 0.091743 0.000006 -0.000231 -0.174534
 30   2.111085 -0.561179 1.784320 -0.000008 -0.000682 0.000024
 31   2.121290 -0.561289 -1.853599 0.000000 0.000000 -0.000002
 32   -0.810489 -0.093824 3.127092 0.564080 -3.064347 -0.563586
 33   14.298673 -0.408176 0.475484 -0.006392 -0.009799 -0.413535
 34   15.835795 0.581398 0.242756 -0.007436 -0.212263 -0.117847
 35   -0.815868 -0.091229 -3.114430 -0.120039 3.021422 -0.057357
 36   14.294526 -0.410349 -0.463635 0.001663 0.012787 -0.721549
 37   15.834409 0.579420 -0.284600 -0.182270 -0.002314 0.569929
 38   1.139685 -3.453749 -2.823813 0.000000 0.000000 0.000001
 39   -4.457742 -1.054854 -0.746180 0.000000 0.000000 0.000000
 40   1.118101 -3.449769 3.237290 0.000000 0.000001 0.000000
 41   -4.433840 -1.059130 0.959566 -0.000001 0.000000 0.000000
 42   -0.657468 1.697302 -2.688614 0.000000 0.000002 0.000000
 43   -0.664068 1.698578 2.869377 0.000000 0.000002 0.000000
time 1
  0   -0.010486 -0.546892 -0.601210 0.000000 0.000000 -1.571449
  1   -1.093036 0.000002 -0.326057 -1.570809 -1.570703 0.000022
  2   2.262337 0.113614 0.064702 -0.041678 -0.082345 0.353815
  3   2.380047 0.353302 0.047440 -0.089016 -0.018005 0.339405
  4   2.033756 0.190472 -0.000128 -0.164518 -0.016335 0.070403
  5   2.451511 0.204909 -0.003447 -0.353018 0.086188 0.041049
  6   7.247600 -0.397300 -0.109469 0.000001 0.000021 0.156829
  7   -2.022252 -0.104661 3.136172 0.412867 -1.277949 -3.685833
  8   1.168026 -0.537438 -0.063437 -0.548787 0.799611 -0.624886
  9   6.790376 -0.619176 0.015206 0.087334 -0.084378 -1.031793
 10   8.637599 0.544015 -0.090417 -3.729286 0.326903 0.220819
 11   6.790465 -0.619039 0.017802 0.053379 -0.080327 -0.736595
 12   -2.022474 -0.104699 -2.873818 -1.690561 1.475254 -4.793253
 13   1.167898 -0.537463 0.063297 0.244904 -0.839592 -0.868220
 14   7.002743 -0.617765 -0.183752 0.380596 -0.331770 -1.733852
 15   8.209042 0.615527 -0.255885 1.873089 0.498457 0.238077
 16   7.002735 -0.617911 -0.183641 0.221567 -0.298707 -1.208326
 17   1.574674 0.609930 -0.000899 0.552718 0.006019 0.596654
 18   -0.602177 0.511412 -0.000006 0.000000 0.000000 0.000000
 19   3.673773 0.177020 1.119313 -0.000002 -0.000014 -0.174510
 20   3.673767 0.176993 -1.117566 0.000007 -0.000003 -0.174546
 21   3.942357 1.330634 1.627658 0.000002 -0.000011 -0.000026
 22   -0.246060 -0.011889 0.516521 -0.000011 0.000031 0.000025
 23   3.942374 1.330659 -1.631083 0.000019 0.000002 -0.000024
 24   -0.246150 -0.011872 -0.516511 -0.000005 -0.000006 0.000048
 25   4.941364 1.997338 1.629330 0.000018 -0.000001 -0.000024
 26   4.941382 1.997366 -1.629410 -0.000001 0.000005 -0.000024
 27   2.918368 1.615358 1.514501 -0.000019 -0.000022 -0.000050
 28   2.920798 1.614964 -1.501142 -0.000002 -0.000009 -0.000024
 29   8.824059 0.150544 0.091743 0.000006 -0.000231 -0.174534
 30   2.111085 -0.561179 1.784320 -0.000008 -0.000682 0.000024
 31   2.121290 -0.561289 -1.853599 0.000000 0.000000 -0.000002
 32   -0.810489 -0.093824 3.127092 0.564080 -3.064347 -0.563586
 33   14.298673 -0.408176 0.475484 -0.006392 -0.009799 -0.413535
 34   15.835795 0.581398 0.242756 -0.007436 -0.212263 -0.117847
 35   -0.815868 -0.091229 -3.114430 -0.120039 3.021422 -0.057357
 36   14.294526 -0.410349 -0.463635 0.001663 0.012787 -0.721549
 37   15.834409 0.579420 -0.284600 -0.182270 -0.002314 0.569929
 38   1.139685 -3.453749 -2.823813 0.000000 0.000000 0.000001
 39   -4.457742 -1.054854 -0.746180 0.000000 0.000000 0.000000
 40   1.118101 -3.449769 3.237290 0.000000 0.000001 0.000000
 41   -4.433840 -1.059130 0.959566 -0.000001 0.000000 0.000000
 42   -0.657468 1.697302 -2.688614 0.000000 0.000002 0.000000
 43   -0.664068 1.698578 2.869377 0.000000 0.000002 0.000000
time 2
  0   -0.010486 -0.546892 -0.601210 0.000000 0.000000 -1.571449
  1   -1.093036 0.000002 -0.326057 -1.570809 -1.570703 0.000022
  2   2.262337 0.113614 0.064702 -0.041678 -0.082345 0.353815
  3   2.380047 0.353302 0.047440 -0.089016 -0.018005 0.339405
  4   2.033756 0.190472 -0.000128 -0.164518 -0.016335 0.070403
  5   2.451511 0.204909 -0.003447 -0.353018 0.086188 0.041049
  6   7.247600 -0.397300 -0.109469 0.000001 0.000021 0.156829
  7   -2.022252 -0.104661 3.136172 0.412867 -1.277949 -3.685833
  8   1.168026 -0.537438 -0.063437 -0.571821 0.768768 -0.640132
  9   6.790376 -0.619176 0.015206 0.087112 -0.084378 -1.026812
 10   8.637599 0.544015 -0.090417 -3.729286 0.326903 0.220819
 11   6.790465 -0.619039 0.017802 0.053350 -0.080156 -0.733192
 12   -2.022474 -0.104699 -2.873818 -1.690369 1.475254 -4.793253
 13   1.167898 -0.537463 0.063297 0.219387 -0.845746 -0.847033
 14   7.002743 -0.617765 -0.183752 0.380880 -0.331259 -1.736740
 15   8.209042 0.615527 -0.255885 1.827143 0.493994 0.155809
 16   7.002735 -0.617911 -0.183641 0.221850 -0.298425 -1.210368
 17   1.574674 0.609930 -0.000899 0.548209 -0.011944 0.584309
 18   -0.602177 0.511412 -0.000006 0.000000 0.000000 0.000000
 19   3.673773 0.177020 1.119313 -0.000002 -0.000014 -0.174510
 20   3.673767 0.176993 -1.117566 0.000007 -0.000003 -0.174546
 21   3.942357 1.330634 1.627658 0.000002 -0.000011 -0.000026
 22   -0.246060 -0.011889 0.516521 -0.000011 0.000031 0.000025
 23   3.942374 1.330659 -1.631083 0.000019 0.000002 -0.000024
 24   -0.246150 -0.011872 -0.516511 -0.000005 -0.000006 0.000048
 25   4.941364 1.997338 1.629330 0.000018 -0.000001 -0.000024
 26   4.941382 1.997366 -1.629410 -0.000001 0.000005 -0.000024
 27   2.918368 1.615358 1.514501 -0.000019 -0.000022 -0.000050
 28   2.920798 1.614964 -1.501142 -0.000002 -0.000009 -0.000024
 29   8.824059 0.150544 0.091743 0.000006 -0.000231 -0.174534
 30   2.111085 -0.561179 1.784320 -0.000008 -0.000682 0.000024
 31   2.121290 -0.561289 -1.853599 0.000000 0.000000 -0.000002
 32   -0.810489 -0.093824 3.127092 0.564080 -3.064347 -0.563586
 33   14.298673 -0.408176 0.475484 -0.006392 -0.009799 -0.413535
 34   15.835795 0.581398 0.242756 -0.007436 -0.212263 -0.117847
 35   -0.815868 -0.091229 -3.114430 -0.120039 3.021422 -0.057357
 36   14.294526 -0.410349 -0.463635 0.001663 0.012787 -0.721549
 37   15.834409 0.579420 -0.284600 -0.182270 -0.002314 0.569929
 38   1.139685 -3.453749 -2.823813 0.000000 0.000000 0.000001
 39   -4.457742 -1.054854 -0.746180 0.000000 0.000000 0.000000
 40   1.118101 -3.449769 3.237290 0.000000 0.000001 0.000000
 41   -4.433840 -1.059130 0.959566 -0.000001 0.000000 0.000000
 42   -0.657468 1.697302 -2.688614 0.000000 0.000002 0.000000
 43   -0.664068 1.698578 2.869377 0.000000 0.000002 0.000000
time 3
  0   -0.010486 -0.546892 -0.601210 0.000000 0.000000 -1.571449
  1   -1.093036 0.000002 -0.326057 -1.570809 -1.570703 0.000022
  2   2.262337 0.113614 0.064702 -0.041678 -0.082345 0.353815
  3   2.380047 0.353302 0.047440 -0.089016 -0.018005 0.339405
  4   2.033756 0.190472 -0.000128 -0.164518 -0.016323 0.070403
  5   2.451511 0.204909 -0.003447 -0.353018 0.086201 0.041049
  6   7.247600 -0.397300 -0.109469 0.000001 0.000021 0.156829
  7   -2.022252 -0.104661 3.136172 0.412867 -1.277949 -3.685833
  8   1.168026 -0.537438 -0.063437 -0.607005 0.720668 -0.665689
  9   6.790376 -0.619176 0.015206 0.087001 -0.081841 -1.006964
 10   8.637599 0.544015 -0.090417 -3.729286 0.326903 0.220819
 11   6.790465 -0.619039 0.017802 0.053525 -0.078138 -0.719234
 12   -2.022474 -0.104699 -2.873818 -1.690561 1.475254 -4.793253
 13   1.167898 -0.537463 0.063297 0.183608 -0.854441 -0.818642
 14   7.002743 -0.617765 -0.183752 0.380880 -0.331259 -1.736492
 15   8.209042 0.615527 -0.255885 1.761280 0.488016 0.036557
 16   7.002735 -0.617911 -0.183641 0.221850 -0.298425 -1.210258
 17   1.574674 0.609930 -0.000899 0.541954 -0.039752 0.566679
 18   -0.602177 0.511412 -0.000006 0.000000 0.000000 0.000000
 19   3.673773 0.177020 1.119313 -0.000002 -0.000014 -0.174510
 20   3.673767 0.176993 -1.117566 0.000007 -0.000003 -0.174546
 21   3.942357 1.330634 1.627658 0.000002 -0.000011 -0.000026
 22   -0.246060 -0.011889 0.516521 -0.000011 0.000031 0.000025
 23   3.942374 1.330659 -1.631083 0.000019 0.000002 -0.000024
 24   -0.246150 -0.011872 -0.516511 -0.000005 -0.000006 0.000048
 25   4.941364 1.997338 1.629330 0.000018 -0.000001 -0.000024
 26   4.941382 1.997366 -1.629410 -0.000001 0.000005 -0.000024
 27   2.918368 1.615358 1.514501 -0.000019 -0.000022 -0.000050
 28   2.920798 1.614964 -1.501142 -0.000002 -0.000009 -0.000024
 29   8.824059 0.150544 0.091743 0.000006 -0.000231 -0.174534
 30   2.111085 -0.561179 1.784320 -0.000008 -0.000682 0.000024
 31   2.121290 -0.561289 -1.853599 0.000000 0.000000 -0.000002
 32   -0.810489 -0.093824 3.127092 0.564080 -3.064347 -0.563586
 33   14.298673 -0.408176 0.475484 -0.006392 -0.009799 -0.413535
 34   15.835795 0.581398 0.242756 -0.007436 -0.212263 -0.117847
 35   -0.815868 -0.091229 -3.114430 -0.120039 3.021422 -0.057357
 36   14.294526 -0.410349 -0.463635 0.001663 0.012787 -0.721549
 37   15.834409 0.579420 -0.284600 -0.182270 -0.002314 0.569929
 38   1.139685 -3.453749 -2.823813 0.000000 0.000000 0.000001
 39   -4.457742 -1.054854 -0.746180 0.000000 0.000000 0.000000
 40   1.118101 -3.449769 3.237290 0.000000 0.000001 0.000000
 41   -4.433840 -1.059130 0.959566 -0.000001 0.000000 0.000000
 42   -0.657468 1.697302 -2.688614 0.000000 0.000002 0.000000
 43   -0.664068 1.698578 2.869377 0.000000 0.000002 0.000000
time 4
  0   -0.010486 -0.546892 -0.601210 0.000000 0.000000 -1.571449
  1   -1.093036 0.000002 -0.326057 -1.570809 -1.570703 0.000022
  2   2.262337 0.113614 0.064702 -0.041678 -0.082345 0.353815
  3   2.380047 0.353302 0.047440 -0.089016 -0.018005 0.339405
  4   2.033756 0.190472 -0.000128 -0.164518 -0.016299 0.070403
  5   2.451511 0.204909 -0.003447 -0.353018 0.086201 0.041049
  6   7.247600 -0.397300 -0.109469 0.000001 0.000021 0.156829
  7   -2.022252 -0.104661 3.136172 0.412867 -1.277949 -3.685833
  8   1.168026 -0.537438 -0.063437 -0.649656 0.659033 -0.700419
  9   6.790376 -0.619176 0.015206 0.086557 -0.077170 -0.968551
 10   8.637599 0.544015 -0.090417 -3.729286 0.326903 0.220819
 11   6.790465 -0.619039 0.017802 0.053876 -0.074329 -0.692531
 12   -2.022474 -0.104699 -2.873818 -1.690369 1.475254 -4.793253
 13   1.167898 -0.537463 0.063297 0.140517 -0.864104 -0.783532
 14   7.002743 -0.617765 -0.183752 0.380767 -0.331542 -1.735007
 15   8.209042 0.615527 -0.255885 1.683985 0.482191 -0.104706
 16   7.002735 -0.617911 -0.183641 0.221755 -0.298538 -1.209209
 17   1.574674 0.609930 -0.000899 0.534764 -0.075395 0.546202
 18   -0.602177 0.511412 -0.000006 0.000000 0.000000 0.000000
 19   3.673773 0.177020 1.119313 -0.000002 -0.000014 -0.174510
 20   3.673767 0.176993 -1.117566 0.000007 -0.000003 -0.174546
 21   3.942357 1.330634 1.627658 0.000002 -0.000011 -0.000026
 22   -0.246060 -0.011889 0.516521 -0.000011 0.000031 0.000025
 23   3.942374 1.330659 -1.631083 0.000019 0.000002 -0.000024
 24   -0.246150 -0.011872 -0.516511 -0.000005 -0.000006 0.000048
 25   4.941364 1.997338 1.629330 0.000018 -0.000001 -0.000024
 26   4.941382 1.997366 -1.629410 -0.000001 0.000005 -0.000024
 27   2.918368 1.615358 1.514501 -0.000019 -0.000022 -0.000050
 28   2.920798 1.614964 -1.501142 -0.000002 -0.000009 -0.000024
 29   8.824059 0.150544 0.091743 0.000006 -0.000231 -0.174534
 30   2.111085 -0.561179 1.784320 -0.000008 -0.000682 0.000024
 31   2.121290 -0.561289 -1.853599 0.000000 0.000000 -0.000002
 32   -0.810489 -0.093824 3.127092 0.564080 -3.064347 -0.563586
 33   14.298673 -0.408176 0.475484 -0.006392 -0.009799 -0.413535
 34   15.835795 0.581398 0.242756 -0.007436 -0.212263 -0.117847
 35   -0.815868 -0.091229 -3.114430 -0.120039 3.021422 -0.057357
 36   14.294526 -0.410349 -0.463635 0.001663 0.012787 -0.721549
 37   15.834409 0.579420 -0.284600 -0.182270 -0.002314 0.569929
 38   1.139685 -3.453749 -2.823813 0.000000 0.000000 0.000001
 39   -4.457742 -1.054854 -0.746180 0.000000 0.000000 0.000000
 40   1.118101 -3.449769 3.237290 0.000000 0.000001 0.000000
 41   -4.433840 -1.059130 0.959566 -0.000001 0.000000 0.000000
 42   -0.657468 1.697302 -2.688614 0.000000 0.000002 0.000000
 43   -0.664068 1.698578 2.869377 0.000000 0.000002 0.000000
time 5
  0   -0.010486 -0.546892 -0.601210 0.000000 0.000000 -1.571449
  1   -1.093036 0.000002 -0.326057 -1.570809 -1.570703 0.000022
  2   2.262337 0.113614 0.064702 -0.041678 -0.082345 0.353815
  3   2.380047 0.353302 0.047440 -0.089016 -0.018005 0.339405
  4   2.033756 0.190472 -0.000128 -0.164555 -0.016275 0.070403
  5   2.451511 0.204909 -0.003447 -0.353018 0.086214 0.041049
  6   7.247600 -0.397300 -0.109469 0.000001 0.000021 0.156829
  7   -2.022252 -0.104661 3.136172 0.412867 -1.277949 -3.685833
  8   1.168026 -0.537438 -0.063437 -0.692687 0.590002 -0.738818
  9   6.790376 -0.619176 0.015206 0.085836 -0.070028 -0.913309
 10   8.637599 0.544015 -0.090417 -3.729286 0.326903 0.220819
 11   6.790465 -0.619039 0.017802 0.054226 -0.068644 -0.653946
 12   -2.022474 -0.104699 -2.873818 -1.690369 1.475254 -4.793253
 13   1.167898 -0.537463 0.063297 0.093631 -0.874376 -0.745395
 14   7.002743 -0.617765 -0.183752 0.380254 -0.332281 -1.730552
 15   8.209042 0.615527 -0.255885 1.603453 0.477575 -0.254929
 16   7.002735 -0.617911 -0.183641 0.221379 -0.298820 -1.206008
 17   1.574674 0.609930 -0.000899 0.527412 -0.116859 0.525171
 18   -0.602177 0.511412 -0.000006 0.000000 0.000000 0.000000
 19   3.673773 0.177020 1.119313 -0.000002 -0.000014 -0.174510
 20   3.673767 0.176993 -1.117566 0.000007 -0.000003 -0.174546
 21   3.942357 1.330634 1.627658 0.000002 -0.000011 -0.000026
 22   -0.246060 -0.011889 0.516521 -0.000011 0.000031 0.000025
 23   3.942374 1.330659 -1.631083 0.000019 0.000002 -0.000024
 24   -0.246150 -0.011872 -0.516511 -0.000005 -0.000006 0.000048
 25   4.941364 1.997338 1.629330 0.000018 -0.000001 -0.000024
 26   4.941382 1.997366 -1.629410 -0.000001 0.000005 -0.000024
 27   2.918368 1.615358 1.514501 -0.000019 -0.000022 -0.000050
 28   2.920798 1.614964 -1.501142 -0.000002 -0.000009 -0.000024
 29   8.824059 0.150544 0.091743 0.000006 -0.000231 -0.174534
 30   2.111085 -0.561179 1.784320 -0.000008 -0.000682 0.000024
 31   2.121290 -0.561289 -1.853599 0.000000 0.000000 -0.000002
 32   -0.810489 -0.093824 3.127092 0.564080 -3.064347 -0.563586
 33   14.298673 -0.408176 0.475484 -0.006392 -0.009799 -0.413535
 34   15.835795 0.581398 0.242756 -0.007436 -0.212263 -0.117847
 35   -0.815868 -0.091229 -3.114430 -0.120039 3.021422 -0.057357
 36   14.294526 -0.410349 -0.463635 0.001663 0.012787 -0.721549
 37   15.834409 0.579420 -0.284600 -0.182270 -0.002314 0.569929
 38   1.139685 -3.453749 -2.823813 0.000000 0.000000 0.000001
 39   -4.457742 -1.054854 -0.746180 0.000000 0.000000 0.000000
 40   1.118101 -3.449769 3.237290 0.000000 0.000001 0.000000
 41   -4.433840 -1.059130 0.959566 -0.000001 0.000000 0.000000
 42   -0.657468 1.697302 -2.688614 0.000000 0.000002 0.000000
 43   -0.664068 1.698578 2.869377 0.000000 0.000002 0.000000
time 6
  0   -0.010486 -0.546892 -0.601210 0.000000 0.000000 -1.571449
  1   -1.093036 0.000002 -0.326057 -1.570809 -1.570703 0.000022
  2   2.262337 0.113614 0.064702 -0.041678 -0.082345 0.353815
  3   2.380047 0.353302 0.047440 -0.089016 -0.018005 0.339405
  4   2.033756 0.190472 -0.000128 -0.164555 -0.016179 0.070403
  5   2.451511 0.204909 -0.003447 -0.353018 0.086240 0.041049
  6   7.247600 -0.397300 -0.109469 0.000001 0.000021 0.156829
  7   -2.022252 -0.104661 3.136172 0.412867 -1.277949 -3.685833
  8   1.168026 -0.537438 -0.063437 -0.730845 0.519511 -0.778672
  9   6.790376 -0.619176 0.015206 0.084948 -0.060485 -0.842822
 10   8.637599 0.544015 -0.090417 -3.729286 0.326903 0.220819
 11   6.790465 -0.619039 0.017802 0.054547 -0.061083 -0.604807
 12   -2.022474 -0.104699 -2.873818 -1.690561 1.475254 -4.793253
 13   1.167898 -0.537463 0.063297 0.048573 -0.885004 -0.708590
 14   7.002743 -0.617765 -0.183752 0.380653 -0.332565 -1.721889
 15   8.209042 0.615527 -0.255885 1.525726 0.475079 -0.401664
 16   7.002735 -0.617911 -0.183641 0.221850 -0.298651 -1.200047
 17   1.574674 0.609930 -0.000899 0.520263 -0.162063 0.506173
 18   -0.602177 0.511412 -0.000006 0.000000 0.000000 0.000000
 19   3.673773 0.177020 1.119313 -0.000002 -0.000014 -0.174510
 20   3.673767 0.176993 -1.117566 0.000007 -0.000003 -0.174546
 21   3.942357 1.330634 1.627658 0.000002 -0.000011 -0.000026
 22   -0.246060 -0.011889 0.516521 -0.000011 0.000031 0.000025
 23   3.942374 1.330659 -1.631083 0.000019 0.000002 -0.000024
 24   -0.246150 -0.011872 -0.516511 -0.000005 -0.000006 0.000048
 25   4.941364 1.997338 1.629330 0.000018 -0.000001 -0.000024
 26   4.941382 1.997366 -1.629410 -0.000001 0.000005 -0.000024
 27   2.918368 1.615358 1.514501 -0.000019 -0.000022 -0.000050
 28   2.920798 1.614964 -1.501142 -0.000002 -0.000009 -0.000024
 29   8.824059 0.150544 0.091743 0.000006 -0.000231 -0.174534
 30   2.111085 -0.561179 1.784320 -0.000008 -0.000682 0.000024
 31   2.121290 -0.561289 -1.853599 0.000000 0.000000 -0.000002
 32   -0.810489 -0.093824 3.127092 0.564080 -3.064347 -0.563586
 33   14.298673 -0.408176 0.475484 -0.006392 -0.009799 -0.413535
 34   15.835795 0.581398 0.242756 -0.007436 -0.212263 -0.117847
 35   -0.815868 -0.091229 -3.114430 -0.120039 3.021422 -0.057357
 36   14.294526 -0.410349 -0.463635 0.001663 0.012787 -0.721549
 37   15.834409 0.579420 -0.284600 -0.182270 -0.002314 0.569929
 38   1.139685 -3.453749 -2.823813 0.000000 0.000000 0.000001
 39   -4.457742 -1.054854 -0.746180 0.000000 0.000000 0.000000
 40   1.118101 -3.449769 3.237290 0.000000 0.000001 0.000000
 41   -4.433840 -1.059130 0.959566 -0.000001 0.000000 0.000000
 42   -0.657468 1.697302 -2.688614 0.000000 0.000002 0.000000
 43   -0.664068 1.698578 2.869377 0.000000 0.000002 0.000000
time 7
  0   -0.010486 -0.546892 -0.601210 0.000000 0.000000 -1.571449
  1   -1.093036 0.000002 -0.326057 -1.570809 -1.570703 0.000022
  2   2.262337 0.113614 0.064702 -0.041678 -0.082345 0.353815
  3   2.380047 0.353302 0.047440 -0.089016 -0.018005 0.339405
  4   2.033756 0.190472 -0.000128 -0.164555 -0.016107 0.070512
  5   2.451511 0.204909 -0.003447 -0.353018 0.086266 0.041049
  6   7.247600 -0.397300 -0.109469 0.000001 0.000021 0.156829
  7   -2.022252 -0.104661 3.136172 0.412867 -1.277949 -3.685833
  8   1.168026 -0.537438 -0.063437 -0.757233 0.462908 -0.810239
  9   6.790376 -0.619176 0.015206 0.083894 -0.051675 -0.779505
 10   8.637599 0.544015 -0.090417 -3.729286 0.326903 0.220819
 11   6.790465 -0.619039 0.017802 0.054635 -0.054147 -0.560628
 12   -2.022474 -0.104699 -2.873818 -1.690561 1.475254 -4.793253
 13   1.167898 -0.537463 0.063297 0.005904 -0.894158 -0.673480
 14   7.002743 -0.617765 -0.183752 0.380937 -0.332735 -1.712318
 15   8.209042 0.615527 -0.255885 1.456196 0.474927 -0.533846
 16   7.002735 -0.617911 -0.183641 0.222414 -0.298369 -1.193369
 17   1.574674 0.609930 -0.000899 0.513601 -0.208828 0.491352
 18   -0.602177 0.511412 -0.000006 0.000000 0.000000 0.000000
 19   3.673773 0.177020 1.119313 -0.000002 -0.000014 -0.174510
 20   3.673767 0.176993 -1.117566 0.000007 -0.000003 -0.174546
 21   3.942357 1.330634 1.627658 0.000002 -0.000011 -0.000026
 22   -0.246060 -0.011889 0.516521 -0.000011 0.000031 0.000025
 23   3.942374 1.330659 -1.631083 0.000019 0.000002 -0.000024
 24   -0.246150 -0.011872 -0.516511 -0.000005 -0.000006 0.000048
 25   4.941364 1.997338 1.629330 0.000018 -0.000001 -0.000024
 26   4.941382 1.997366 -1.629410 -0.000001 0.000005 -0.000024
 27   2.918368 1.615358 1.514501 -0.000019 -0.000022 -0.000050
 28   2.920798 1.614964 -1.501142 -0.000002 -0.000009 -0.000024
 29   8.824059 0.150544 0.091743 0.000006 -0.000231 -0.174534
 30   2.111085 -0.561179 1.784320 -0.000008 -0.000682 0.000024
 31   2.121290 -0.561289 -1.853599 0.000000 0.000000 -0.000002
 32   -0.810489 -0.093824 3.127092 0.564080 -3.064347 -0.563586
 33   14.298673 -0.408176 0.475484 -0.006392 -0.009799 -0.413535
 34   15.835795 0.581398 0.242756 -0.007436 -0.212263 -0.117847
 35   -0.815868 -0.091229 -3.114430 -0.120039 3.021422 -0.057357
 36   14.294526 -0.410349 -0.463635 0.001663 0.012787 -0.721549
 37   15.834409 0.579420 -0.284600 -0.182270 -0.002314 0.569929
 38   1.139685 -3.453749 -2.823813 0.000000 0.000000 0.000001
 39   -4.457742 -1.054854 -0.746180 0.000000 0.000000 0.000000
 40   1.118101 -3.449769 3.237290 0.000000 0.000001 0.000000
 41   -4.433840 -1.059130 0.959566 -0.000001 0.000000 0.000000
 42   -0.657468 1.697302 -2.688614 0.000000 0.000002 0.000000
 43   -0.664068 1.698578 2.869377 0.000000 0.000002 0.000000
time 8
  0   -0.010486 -0.546892 -0.601210 0.000000 0.000000 -1.571449
  1   -1.093036 0.000002 -0.326057 -1.570809 -1.570703 0.000022
  2   2.262337 0.113614 0.064702 -0.041678 -0.082345 0.353815
  3   2.380047 0.353302 0.047440 -0.089016 -0.018005 0.339405
  4   2.033756 0.190472 -0.000128 -0.164555 -0.015999 0.070512
  5   2.451511 0.204909 -0.003447 -0.353018 0.086332 0.041049
  6   7.247600 -0.397300 -0.109469 0.000001 0.000021 0.156829
  7   -2.022252 -0.104661 3.136172 0.412867 -1.277949 -3.685833
  8   1.168026 -0.537438 -0.063437 -0.767484 0.438706 -0.824093
  9   6.790376 -0.619176 0.015206 0.083395 -0.047337 -0.749318
 10   8.637599 0.544015 -0.090417 -3.729286 0.326903 0.220819
 11   6.790465 -0.619039 0.017802 0.054635 -0.050679 -0.539519
 12   -2.022474 -0.104699 -2.873818 -1.690561 1.475254 -4.793253
 13   1.167898 -0.537463 0.063297 -0.030578 -0.901175 -0.643636
 14   7.002743 -0.617765 -0.183752 0.381564 -0.332905 -1.701345
 15   8.209042 0.615527 -0.255885 1.400687 0.476365 -0.640830
 16   7.002735 -0.617911 -0.183641 0.223121 -0.298087 -1.185697
 17   1.574674 0.609930 -0.000899 0.507224 -0.254979 0.482925
 18   -0.602177 0.511412 -0.000006 0.000000 0.000000 0.000000
 19   3.673773 0.177020 1.119313 -0.000002 -0.000014 -0.174510
 20   3.673767 0.176993 -1.117566 0.000007 -0.000003 -0.174546
 21   3.942357 1.330634 1.627658 0.000002 -0.000011 -0.000026
 22   -0.246060 -0.011889 0.516521 -0.000011 0.000031 0.000025
 23   3.942374 1.330659 -1.631083 0.000019 0.000002 -0.000024
 24   -0.246150 -0.011872 -0.516511 -0.000005 -0.000006 0.000048
 25   4.941364 1.997338 1.629330 0.000018 -0.000001 -0.000024
 26   4.941382 1.997366 -1.629410 -0.000001 0.000005 -0.000024
 27   2.918368 1.615358 1.514501 -0.000019 -0.000022 -0.000050
 28   2.920798 1.614964 -1.501142 -0.000002 -0.000009 -0.000024
 29   8.824059 0.150544 0.091743 0.000006 -0.000231 -0.174534
 30   2.111085 -0.561179 1.784320 -0.000008 -0.000682 0.000024
 31   2.121290 -0.561289 -1.853599 0.000000 0.000000 -0.000002
 32   -0.810489 -0.093824 3.127092 0.564080 -3.064347 -0.563586
 33   14.298673 -0.408176 0.475484 -0.006392 -0.009799 -0.413535
 34   15.835795 0.581398 0.242756 -0.007436 -0.212263 -0.117847
 35   -0.815868 -0.091229 -3.114430 -0.120039 3.021422 -0.057357
 36   14.294526 -0.410349 -0.463635 0.001663 0.012787 -0.721549
 37   15.834409 0.579420 -0.284600 -0.182270 -0.002314 0.569929
 38   1.139685 -3.453749 -2.823813 0.000000 0.000000 0.000001
 39   -4.457742 -1.054854 -0.746180 0.000000 0.000000 0.000000
 40   1.118101 -3.449769 3.237290 0.000000 0.000001 0.000000
 41   -4.433840 -1.059130 0.959566 -0.000001 0.000000 0.000000
 42   -0.657468 1.697302 -2.688614 0.000000 0.000002 0.000000
 43   -0.664068 1.698578 2.869377 0.000000 0.000002 0.000000
time 9
  0   -0.010486 -0.546892 -0.601210 0.000000 0.000000 -1.571449
  1   -1.093036 0.000002 -0.326057 -1.570809 -1.570703 0.000022
  2   2.262337 0.113614 0.064702 -0.041678 -0.082345 0.353815
  3   2.380047 0.353302 0.047440 -0.089016 -0.018005 0.339405
  4   2.033756 0.190472 -0.000128 -0.164610 -0.015868 0.070548
  5   2.451511 0.204909 -0.003447 -0.353121 0.086397 0.041049
  6   7.247600 -0.397300 -0.109469 0.000001 0.000021 0.156829
  7   -2.022252 -0.104661 3.136172 0.412867 -1.277949 -3.685833
  8   1.168026 -0.537438 -0.063437 -0.635671 0.662555 -0.583577
  9   6.790376 -0.619176 0.015206 0.087833 -0.095924 -1.129976
 10   8.637599 0.544015 -0.090417 -3.669930 0.313318 0.257642
 11   6.790465 -0.619039 0.017802 0.052095 -0.089622 -0.805112
 12   -2.022474 -0.104699 -2.873818 -1.690369 1.475254 -4.793253
 13   1.167898 -0.537463 0.063297 -0.056517 -0.905803 -0.622328
 14   7.002743 -0.617765 -0.183752 0.382190 -0.332905 -1.689712
 15   8.209042 0.615527 -0.255885 1.363657 0.477954 -0.712634
 16   7.002735 -0.617911 -0.183641 0.223968 -0.297692 -1.177639
 17   1.574674 0.609930 -0.000899 0.512098 -0.311401 0.480412
 18   -0.602177 0.511412 -0.000006 0.000000 0.000000 0.000000
 19   3.673773 0.177020 1.119313 -0.000002 -0.000014 -0.174510
 20   3.673767 0.176993 -1.117566 0.000007 -0.000003 -0.174546
 21   3.942357 1.330634 1.627658 0.000002 -0.000011 -0.000026
 22   -0.246060 -0.011889 0.516521 -0.000011 0.000031 0.000025
 23   3.942374 1.330659 -1.631083 0.000019 0.000002 -0.000024
 24   -0.246150 -0.011872 -0.516511 -0.000005 -0.000006 0.000048
 25   4.941364 1.997338 1.629330 0.000018 -0.000001 -0.000024
 26   4.941382 1.997366 -1.629410 -0.000001 0.000005 -0.000024
 27   2.918368 1.615358 1.514501 -0.000019 -0.000022 -0.000050
 28   2.920798 1.614964 -1.501142 -0.000002 -0.000009 -0.000024
 29   8.824059 0.150544 0.091743 0.000006 -0.000231 -0.174534
 30   2.111085 -0.561179 1.784320 -0.000008 -0.000682 0.000024
 31   2.121290 -0.561289 -1.853599 0.000000 0.000000 -0.000002
 32   -0.810489 -0.093824 3.127092 0.564080 -3.064347 -0.563586
 33   14.298673 -0.408176 0.475484 -0.006392 -0.009799 -0.413535
 34   15.835795 0.581398 0.242756 -0.007436 -0.212263 -0.117847
 35   -0.815868 -0.091229 -3.114430 -0.120039 3.021422 -0.057357
 36   14.294526 -0.410349 -0.463635 0.001663 0.012787 -0.721549
 37   15.834409 0.579420 -0.284600 -0.182270 -0.002314 0.569929
 38   1.139685 -3.453749 -2.823813 0.000000 0.000000 0.000001
 39   -4.457742 -1.054854 -0.746180 0.000000 0.000000 0.000000
 40   1.118101 -3.449769 3.237290 0.000000 0.000001 0.000000
 41   -4.433840 -1.059130 0.959566 -0.000001 0.000000 0.000000
 42   -0.657468 1.697302 -2.688614 0.000000 0.000002 0.000000
 43   -0.664068 1.698578 2.869377 0.000000 0.000002 0.000000
time 10
  0   -0.010486 -0.546892 -0.601210 0.000000 0.000000 -1.571449
  1   -1.093036 0.000002 -0.326057 -1.570809 -1.570703 0.000022
  2   2.262337 0.113614 0.064702 -0.041678 -0.082345 0.353815
  3   2.380047 0.353302 0.047440 -0.089016 -0.018005 0.339405
  4   2.033756 0.190472 -0.000128 -0.164610 -0.015616 0.070548
  5   2.451511 0.204909 -0.003447 -0.353155 0.086449 0.041049
  6   7.247600 -0.397300 -0.109469 0.000001 0.000021 0.156829
  7   -2.022252 -0.104661 3.136172 0.412867 -1.277949 -3.685833
  8   1.168026 -0.537438 -0.063437 -0.193404 0.925900 -0.022710
  9   6.790376 -0.619176 0.015206 0.086890 -0.128960 -1.581045
 10   8.637599 0.544015 -0.090417 -3.516786 0.277841 0.350749
 11   6.790465 -0.619039 0.017802 0.043482 -0.118729 -1.119556
 12   -2.022474 -0.104699 -2.873818 -1.690369 1.475254 -4.793253
 13   1.167898 -0.537463 0.063297 -0.069943 -0.907939 -0.611492
 14   7.002743 -0.617765 -0.183752 0.382702 -0.333076 -1.679811
 15   8.209042 0.615527 -0.255885 1.349996 0.478710 -0.738914
 16   7.002735 -0.617911 -0.183641 0.224674 -0.297354 -1.170740
 17   1.574674 0.609930 -0.000899 0.531921 -0.384934 0.483258
 18   -0.602177 0.511412 -0.000006 0.000000 0.000000 0.000000
 19   3.673773 0.177020 1.119313 -0.000002 -0.000014 -0.174510
 20   3.673767 0.176993 -1.117566 0.000007 -0.000003 -0.174546
 21   3.942357 1.330634 1.627658 0.000002 -0.000011 -0.000026
 22   -0.246060 -0.011889 0.516521 -0.000011 0.000031 0.000025
 23   3.942374 1.330659 -1.631083 0.000019 0.000002 -0.000024
 24   -0.246150 -0.011872 -0.516511 -0.000005 -0.000006 0.000048
 25   4.941364 1.997338 1.629330 0.000018 -0.000001 -0.000024
 26   4.941382 1.997366 -1.629410 -0.000001 0.000005 -0.000024
 27   2.918368 1.615358 1.514501 -0.000019 -0.000022 -0.000050
 28   2.920798 1.614964 -1.501142 -0.000002 -0.000009 -0.000024
 29   8.824059 0.150544 0.091743 0.000006 -0.000231 -0.174534
 30   2.111085 -0.561179 1.784320 -0.000008 -0.000682 0.000024
 31   2.121290 -0.561289 -1.853599 0.000000 0.000000 -0.000002
 32   -0.810489 -0.093824 3.127092 0.564080 -3.064347 -0.563586
 33   14.298673 -0.408176 0.475484 -0.006392 -0.009799 -0.413535
 34   15.835795 0.581398 0.242756 -0.007436 -0.212263 -0.117847
 35   -0.815868 -0.091229 -3.114430 -0.120039 3.021422 -0.057357
 36   14.294526 -0.410349 -0.463635 0.001663 0.012787 -0.721549
 37   15.834409 0.579420 -0.284600 -0.182270 -0.002314 0.569929
 38   1.139685 -3.453749 -2.823813 0.000000 0.000000 0.000001
 39   -4.457742 -1.054854 -0.746180 0.000000 0.000000 0.000000
 40   1.118101 -3.449769 3.237290 0.000000 0.000001 0.000000
 41   -4.433840 -1.059130 0.959566 -0.000001 0.000000 0.000000
 42   -0.657468 1.697302 -2.688614 0.000000 0.000002 0.000000
 43   -0.664068 1.698578 2.869377 0.000000 0.000002 0.000000
time 11
  0   -0.010486 -0.546892 -0.601210 0.000000 0.000000 -1.571449
  1   -1.093036 0.000002 -0.326057 -1.570809 -1.570703 0.000022
  2   2.262337 0.113614 0.064702 -0.041678 -0.082345 0.353815
  3   2.380047 0.353302 0.047440 -0.089016 -0.018005 0.339405
  4   2.033756 0.190472 -0.000128 -0.155647 -0.015676 0.076529
  5   2.451511 0.204909 -0.003447 -0.353155 0.086527 0.041049
  6   7.247600 -0.397300 -0.109469 0.000001 0.000021 0.156829
  7   -2.022252 -0.104661 3.136172 0.412867 -1.277949 -3.685833
  8   1.168026 -0.537438 -0.063437 0.482432 0.972994 0.718639
  9   6.790376 -0.619176 0.015206 0.083284 -0.132297 -1.839672
 10   8.637599 0.544015 -0.090417 -3.307632 0.228568 0.472360
 11   6.790465 -0.619039 0.017802 0.037847 -0.124130 -1.300194
 12   -2.022474 -0.104699 -2.873818 -1.690369 1.475254 -4.793253
 13   1.167898 -0.537463 0.063297 -0.078449 -0.904125 -0.597085
 14   7.002743 -0.617765 -0.183752 0.382475 -0.333076 -1.684514
 15   8.209042 0.615527 -0.255885 1.349996 0.478710 -0.738914
 16   7.002735 -0.617911 -0.183641 0.224344 -0.297523 -1.173996
 17   1.574674 0.609930 -0.000899 0.561817 -0.466963 0.491500
 18   -0.602177 0.511412 -0.000006 0.000000 0.000000 0.000000
 19   3.673773 0.177020 1.119313 -0.000002 -0.000014 -0.174510
 20   3.673767 0.176993 -1.117566 0.000007 -0.000003 -0.174546
 21   3.942357 1.330634 1.627658 0.000002 -0.000011 -0.000026
 22   -0.246060 -0.011889 0.516521 -0.000011 0.000031 0.000025
 23   3.942374 1.330659 -1.631083 0.000019 0.000002 -0.000024
 24   -0.246150 -0.011872 -0.516511 -0.000005 -0.000006 0.000048
 25   4.941364 1.997338 1.629330 0.000018 -0.000001 -0.000024
 26   4.941382 1.997366 -1.629410 -0.000001 0.000005 -0.000024
 27   2.918368 1.615358 1.514501 -0.000019 -0.000022 -0.000050
 28   2.920798 1.614964 -1.501142 -0.000002 -0.000009 -0.000024
 29   8.824059 0.150544 0.091743 0.000006 -0.000231 -0.174534
 30   2.111085 -0.561179 1.784320 -0.000008 -0.000682 0.000024
 31   2.121290 -0.561289 -1.853599 0.000000 0.000000 -0.000002
 32   -0.810489 -0.093824 3.127092 0.564080 -3.064347 -0.563586
 33   14.298673 -0.408176 0.475484 -0.006392 -0.009799 -0.413535
 34   15.835795 0.581398 0.242756 -0.007436 -0.212263 -0.117847
 35   -0.815868 -0.091229 -3.114430 -0.120039 3.021422 -0.057357
 36   14.294526 -0.410349 -0.463635 0.001663 0.012787 -0.721549
 37   15.834409 0.579420 -0.284600 -0.182270 -0.002314 0.569929
 38   1.139685 -3.453749 -2.823813 0.000000 0.000000 0.000001
 39   -4.457742 -1.054854 -0.746180 0.000000 0.000000 0.000000
 40   1.118101 -3.449769 3.237290 0.000000 0.000001 0.000000
 41   -4.433840 -1.059130 0.959566 -0.000001 0.000000 0.000000
 42   -0.657468 1.697302 -2.688614 0.000000 0.000002 0.000000
 43   -0.664068 1.698578 2.869377 0.000000 0.000002 0.000000
time 12
  0   -0.010486 -0.546892 -0.601210 0.000000 0.000000 -1.571449
  1   -1.093036 0.000002 -0.326057 -1.570809 -1.570703 0.000022
  2   2.262337 0.113614 0.064702 -0.041678 -0.082345 0.353815
  3   2.380047 0.353302 0.047440 -0.089016 -0.018005 0.339405
  4   2.033756 0.190472 -0.000128 -0.134143 -0.014058 0.090520
  5   2.451511 0.204909 -0.003447 -0.343347 0.087467 0.047587
  6   7.247600 -0.397300 -0.109469 0.000001 0.000021 0.156829
  7   -2.022252 -0.104661 3.136172 0.412867 -1.277949 -3.685833
  8   1.168026 -0.537438 -0.063437 0.918624 0.889070 1.172279
  9   6.790376 -0.619176 0.015206 0.081564 -0.130562 -1.927969
 10   8.637599 0.544015 -0.090417 -3.076197 0.176831 0.599686
 11   6.790465 -0.619039 0.017802 0.036212 -0.123931 -1.361964
 12   -2.022474 -0.104699 -2.873818 -1.690561 1.475254 -4.793253
 13   1.167898 -0.537463 0.063297 -0.093562 -0.887089 -0.559372
 14   7.002743 -0.617765 -0.183752 0.380767 -0.332565 -1.720321
 15   8.209042 0.615527 -0.255885 1.349996 0.478710 -0.738914
 16   7.002735 -0.617911 -0.183641 0.222038 -0.298707 -1.198888
 17   1.574674 0.609930 -0.000899 0.596954 -0.549276 0.504769
 18   -0.602177 0.511412 -0.000006 0.000000 0.000000 0.000000
 19   3.673773 0.177020 1.119313 -0.000002 -0.000014 -0.174510
 20   3.673767 0.176993 -1.117566 0.000007 -0.000003 -0.174546
 21   3.942357 1.330634 1.627658 0.000002 -0.000011 -0.000026
 22   -0.246060 -0.011889 0.516521 -0.000011 0.000031 0.000025
 23   3.942374 1.330659 -1.631083 0.000019 0.000002 -0.000024
 24   -0.246150 -0.011872 -0.516511 -0.000005 -0.000006 0.000048
 25   4.941364 1.997338 1.629330 0.000018 -0.000001 -0.000024
 26   4.941382 1.997366 -1.629410 -0.000001 0.000005 -0.000024
 27   2.918368 1.615358 1.514501 -0.000019 -0.000022 -0.000050
 28   2.920798 1.614964 -1.501142 -0.000002 -0.000009 -0.000024
 29   8.824059 0.150544 0.091743 0.000006 -0.000231 -0.174534
 30   2.111085 -0.561179 1.784320 -0.000008 -0.000682 0.000024
 31   2.121290 -0.561289 -1.853599 0.000000 0.000000 -0.000002
 32   -0.810489 -0.093824 3.127092 0.564080 -3.064347 -0.563586
 33   14.298673 -0.408176 0.475484 -0.006392 -0.009799 -0.413535
 34   15.835795 0.581398 0.242756 -0.007436 -0.212263 -0.117847
 35   -0.815868 -0.091229 -3.114430 -0.120039 3.021422 -0.057357
 36   14.294526 -0.410349 -0.463635 0.001663 0.012787 -0.721549
 37   15.834409 0.579420 -0.284600 -0.182270 -0.002314 0.569929
 38   1.139685 -3.453749 -2.823813 0.000000 0.000000 0.000001
 39   -4.457742 -1.054854 -0.746180 0.000000 0.000000 0.000000
 40   1.118101 -3.449769 3.237290 0.000000 0.000001 0.000000
 41   -4.433840 -1.059130 0.959566 -0.000001 0.000000 0.000000
 42   -0.657468 1.697302 -2.688614 0.000000 0.000002 0.000000
 43   -0.664068 1.698578 2.869377 0.000000 0.000002 0.000000
time 13
  0   -0.010486 -0.546892 -0.601210 0.000000 0.000000 -1.571449
  1   -1.093036 0.000002 -0.326057 -1.570809 -1.570703 0.000022
  2   2.262337 0.113614 0.064702 -0.041678 -0.082345 0.353815
  3   2.380047 0.353302 0.047440 -0.089016 -0.018005 0.339405
  4   2.033756 0.190472 -0.000128 -0.108397 -0.012092 0.107411
  5   2.451511 0.204909 -0.003447 -0.319623 0.089295 0.063338
  6   7.247600 -0.397300 -0.109469 0.000001 0.000021 0.156829
  7   -2.022252 -0.104661 3.136172 0.412867 -1.277949 -3.685833
  8   1.168026 -0.537438 -0.063437 1.202500 0.801322 1.440440
  9   6.790376 -0.619176 0.015206 0.080732 -0.129027 -1.978004
 10   8.637599 0.544015 -0.090417 -2.848021 0.132274 0.717824
 11   6.790465 -0.619039 0.017802 0.035365 -0.123391 -1.397030
 12   -2.022474 -0.104699 -2.873818 -1.690369 1.475254 -4.793253
 13   1.167898 -0.537463 0.063297 -0.115283 -0.851746 -0.490786
 14   7.002743 -0.617765 -0.183752 0.378489 -0.331259 -1.791276
 15   8.209042 0.615527 -0.255885 1.349996 0.478710 -0.738914
 16   7.002735 -0.617911 -0.183641 0.218319 -0.300737 -1.248175
 17   1.574674 0.609930 -0.000899 0.631887 -0.624442 0.521549
 18   -0.602177 0.511412 -0.000006 0.000000 0.000000 0.000000
 19   3.673773 0.177020 1.119313 -0.000002 -0.000014 -0.174510
 20   3.673767 0.176993 -1.117566 0.000007 -0.000003 -0.174546
 21   3.942357 1.330634 1.627658 0.000002 -0.000011 -0.000026
 22   -0.246060 -0.011889 0.516521 -0.000011 0.000031 0.000025
 23   3.942374 1.330659 -1.631083 0.000019 0.000002 -0.000024
 24   -0.246150 -0.011872 -0.516511 -0.000005 -0.000006 0.000048
 25   4.941364 1.997338 1.629330 0.000018 -0.000001 -0.000024
 26   4.941382 1.997366 -1.629410 -0.000001 0.000005 -0.000024
 27   2.918368 1.615358 1.514501 -0.000019 -0.000022 -0.000050
 28   2.920798 1.614964 -1.501142 -0.000002 -0.000009 -0.000024
 29   8.824059 0.150544 0.091743 0.000006 -0.000231 -0.174534
 30   2.111085 -0.561179 1.784320 -0.000008 -0.000682 0.000024
 31   2.121290 -0.561289 -1.853599 0.000000 0.000000 -0.000002
 32   -0.810489 -0.093824 3.127092 0.564080 -3.064347 -0.563586
 33   14.298673 -0.408176 0.475484 -0.006392 -0.009799 -0.413535
 34   15.835795 0.581398 0.242756 -0.007436 -0.212263 -0.117847
 35   -0.815868 -0.091229 -3.114430 -0.120039 3.021422 -0.057357
 36   14.294526 -0.410349 -0.463635 0.001663 0.012787 -0.721549
 37   15.834409 0.579420 -0.284600 -0.182270 -0.002314 0.569929
 38   1.139685 -3.453749 -2.823813 0.000000 0.000000 0.000001
 39   -4.457742 -1.054854 -0.746180 0.000000 0.000000 0.000000
 40   1.118101 -3.449769 3.237290 0.000000 0.000001 0.000000
 41   -4.433840 -1.059130 0.959566 -0.000001 0.000000 0.000000
 42   -0.657468 1.697302 -2.688614 0.000000 0.000002 0.000000
 43   -0.664068 1.698578 2.869377 0.000000 0.000002 0.000000
time 14
  0   -0.010486 -0.546892 -0.601210 0.000000 0.000000 -1.571449
  1   -1.093036 0.000002 -0.326057 -1.570809 -1.570703 0.000022
  2   2.262337 0.113614 0.064702 -0.041678 -0.082345 0.353815
  3   2.380047 0.353302 0.047440 -0.089016 -0.018005 0.339405
  4   2.033756 0.190472 -0.000128 -0.086893 -0.010450 0.121511
  5   2.451511 0.204909 -0.003447 -0.291209 0.091084 0.082308
  6   7.247600 -0.397300 -0.109469 0.000001 0.000021 0.156829
  7   -2.022252 -0.104661 3.136172 0.412867 -1.277949 -3.685833
  8   1.168026 -0.537438 -0.063437 1.431069 0.699033 1.671277
  9   6.790376 -0.619176 0.015206 0.081120 -0.129828 -1.959741
 10   8.637599 0.544015 -0.090417 -2.642566 0.100950 0.818672
 11   6.790465 -0.619039 0.017802 0.035657 -0.123647 -1.384284
 12   -2.022474 -0.104699 -2.873818 -1.690369 1.475254 -4.793253
 13   1.167898 -0.537463 0.063297 -0.133911 -0.805368 -0.410214
 14   7.002743 -0.617765 -0.183752 0.375984 -0.327000 -1.874276
 15   8.209042 0.615527 -0.255885 1.349996 0.478710 -0.738914
 16   7.002735 -0.617911 -0.183641 0.214741 -0.301301 -1.306293
 17   1.574674 0.609930 -0.000899 0.661824 -0.685669 0.539919
 18   -0.602177 0.511412 -0.000006 0.000000 0.000000 0.000000
 19   3.673773 0.177020 1.119313 -0.000002 -0.000014 -0.174510
 20   3.673767 0.176993 -1.117566 0.000007 -0.000003 -0.174546
 21   3.942357 1.330634 1.627658 0.000002 -0.000011 -0.000026
 22   -0.246060 -0.011889 0.516521 -0.000011 0.000031 0.000025
 23   3.942374 1.330659 -1.631083 0.000019 0.000002 -0.000024
 24   -0.246150 -0.011872 -0.516511 -0.000005 -0.000006 0.000048
 25   4.941364 1.997338 1.629330 0.000018 -0.000001 -0.000024
 26   4.941382 1.997366 -1.629410 -0.000001 0.000005 -0.000024
 27   2.918368 1.615358 1.514501 -0.000019 -0.000022 -0.000050
 28   2.920798 1.614964 -1.501142 -0.000002 -0.000009 -0.000024
 29   8.824059 0.150544 0.091743 0.000006 -0.000231 -0.174534
 30   2.111085 -0.561179 1.784320 -0.000008 -0.000682 0.000024
 31   2.121290 -0.561289 -1.853599 0.000000 0.000000 -0.000002
 32   -0.810489 -0.093824 3.127092 0.564080 -3.064347 -0.563586
 33   14.298673 -0.408176 0.475484 -0.006392 -0.009799 -0.413535
 34   15.835795 0.581398 0.242756 -0.007436 -0.212263 -0.117847
 35   -0.815868 -0.091229 -3.114430 -0.120039 3.021422 -0.057357
 36   14.294526 -0.410349 -0.463635 0.001663 0.012787 -0.721549
 37   15.834409 0.579420 -0.284600 -0.182270 -0.002314 0.569929
 38   1.139685 -3.453749 -2.823813 0.000000 0.000000 0.000001
 39   -4.457742 -1.054854 -0.746180 0.000000 0.000000 0.000000
 40   1.118101 -3.449769 3.237290 0.000000 0.000001 0.000000
 41   -4.433840 -1.059130 0.959566 -0.000001 0.000000 0.000000
 42   -0.657468 1.697302 -2.688614 0.000000 0.000002 0.000000
 43   -0.664068 1.698578 2.869377 0.000000 0.000002 0.000000
time 15
  0   -0.010486 -0.546892 -0.601210 0.000000 0.000000 -1.571449
  1   -1.093036 0.000002 -0.326057 -1.570809 -1.570703 0.000022
  2   2.262337 0.113614 0.064702 -0.041678 -0.082345 0.353815
  3   2.380047 0.353302 0.047440 -0.089016 -0.018005 0.339405
  4   2.033756 0.190472 -0.000128 -0.078059 -0.011385 0.127383
  5   2.451511 0.204909 -0.003447 -0.267331 0.092180 0.098282
  6   7.247600 -0.397300 -0.109469 0.000001 0.000021 0.156829
  7   -2.022252 -0.104661 3.136172 0.412867 -1.277949 -3.685833
  8   1.168026 -0.537438 -0.063437 1.556301 0.614354 1.846762
  9   6.790376 -0.619176 0.015206 0.082951 -0.131963 -1.857633
 10   8.637599 0.544015 -0.090417 -2.475947 0.085253 0.896587
 11   6.790465 -0.619039 0.017802 0.037526 -0.124187 -1.312824
 12   -2.022474 -0.104699 -2.873818 -1.690369 1.475254 -4.793253
 13   1.167898 -0.537463 0.063297 -0.143049 -0.764839 -0.345926
 14   7.002743 -0.617765 -0.183752 0.374049 -0.321776 -1.937228
 15   8.209042 0.615527 -0.255885 1.349996 0.478710 -0.738914
 16   7.002735 -0.617911 -0.183641 0.212529 -0.300286 -1.350613
 17   1.574674 0.609930 -0.000899 0.681971 -0.726660 0.557475
 18   -0.602177 0.511412 -0.000006 0.000000 0.000000 0.000000
 19   3.673773 0.177020 1.119313 -0.000002 -0.000014 -0.174510
 20   3.673767 0.176993 -1.117566 0.000007 -0.000003 -0.174546
 21   3.942357 1.330634 1.627658 0.000002 -0.000011 -0.000026
 22   -0.246060 -0.011889 0.516521 -0.000011 0.000031 0.000025
 23   3.942374 1.330659 -1.631083 0.000019 0.000002 -0.000024
 24   -0.246150 -0.011872 -0.516511 -0.000005 -0.000006 0.000048
 25   4.941364 1.997338 1.629330 0.000018 -0.000001 -0.000024
 26   4.941382 1.997366 -1.629410 -0.000001 0.000005 -0.000024
 27   2.918368 1.615358 1.514501 -0.000019 -0.000022 -0.000050
 28   2.920798 1.614964 -1.501142 -0.000002 -0.000009 -0.000024
 29   8.824059 0.150544 0.091743 0.000006 -0.000231 -0.174534
 30   2.111085 -0.561179 1.784320 -0.000008 -0.000682 0.000024
 31   2.121290 -0.561289 -1.853599 0.000000 0.000000 -0.000002
 32   -0.810489 -0.093824 3.127092 0.564080 -3.064347 -0.563586
 33   14.298673 -0.408176 0.475484 -0.006392 -0.009799 -0.413535
 34   15.835795 0.581398 0.242756 -0.007436 -0.212263 -0.117847
 35   -0.815868 -0.091229 -3.114430 -0.120039 3.021422 -0.057357
 36   14.294526 -0.410349 -0.463635 0.001663 0.012787 -0.721549
 37   15.834409 0.579420 -0.284600 -0.182270 -0.002314 0.569929
 38   1.139685 -3.453749 -2.823813 0.000000 0.000000 0.000001
 39   -4.457742 -1.054854 -0.746180 0.000000 0.000000 0.000000
 40   1.118101 -3.449769 3.237290 0.000000 0.000001 0.000000
 41   -4.433840 -1.059130 0.959566 -0.000001 0.000000 0.000000
 42   -0.657468 1.697302 -2.688614 0.000000 0.000002 0.000000
 43   -0.664068 1.698578 2.869377 0.000000 0.000002 0.000000
time 16
  0   -0.010486 -0.546892 -0.601210 0.000000 0.000000 -1.571449
  1   -1.093036 0.000002 -0.326057 -1.570809 -1.570703 0.000022
  2   2.262337 0.113614 0.064702 -0.041678 -0.082345 0.353815
  3   2.380047 0.353302 0.047440 -0.089016 -0.018005 0.339405
  4   2.033756 0.190472 -0.000128 -0.086893 -0.010450 0.122091
  5   2.451511 0.204909 -0.003447 -0.257455 0.092729 0.105018
  6   7.247600 -0.397300 -0.109469 0.000001 0.000021 0.156829
  7   -2.022252 -0.104661 3.136172 0.412867 -1.277949 -3.685833
  8   1.168026 -0.537438 -0.063437 1.600281 0.566505 1.960504
  9   6.790376 -0.619176 0.015206 0.085059 -0.132297 -1.723150
 10   8.637599 0.544015 -0.090417 -2.362432 0.083634 0.948168
 11   6.790465 -0.619039 0.017802 0.040299 -0.122851 -1.218814
 12   -2.022474 -0.104699 -2.873818 -1.690561 1.475254 -4.793253
 13   1.167898 -0.537463 0.063297 -0.143963 -0.746074 -0.318504
 14   7.002743 -0.617765 -0.183752 0.373308 -0.319731 -1.958019
 15   8.209042 0.615527 -0.255885 1.349996 0.478710 -0.738914
 16   7.002735 -0.617911 -0.183641 0.211917 -0.299722 -1.365239
 17   1.574674 0.609930 -0.000899 0.688227 -0.741570 0.571336
 18   -0.602177 0.511412 -0.000006 0.000000 0.000000 0.000000
 19   3.673773 0.177020 1.119313 -0.000002 -0.000014 -0.174510
 20   3.673767 0.176993 -1.117566 0.000007 -0.000003 -0.174546
 21   3.942357 1.330634 1.627658 0.000002 -0.000011 -0.000026
 22   -0.246060 -0.011889 0.516521 -0.000011 0.000031 0.000025
 23   3.942374 1.330659 -1.631083 0.000019 0.000002 -0.000024
 24   -0.246150 -0.011872 -0.516511 -0.000005 -0.000006 0.000048
 25   4.941364 1.997338 1.629330 0.000018 -0.000001 -0.000024
 26   4.941382 1.997366 -1.629410 -0.000001 0.000005 -0.000024
 27   2.918368 1.615358 1.514501 -0.000019 -0.000022 -0.000050
 28   2.920798 1.614964 -1.501142 -0.000002 -0.000009 -0.000024
 29   8.824059 0.150544 0.091743 0.000006 -0.000231 -0.174534
 30   2.111085 -0.561179 1.784320 -0.000008 -0.000682 0.000024
 31   2.121290 -0.561289 -1.853599 0.000000 0.000000 -0.000002
 32   -0.810489 -0.093824 3.127092 0.564080 -3.064347 -0.563586
 33   14.298673 -0.408176 0.475484 -0.006392 -0.009799 -0.413535
 34   15.835795 0.581398 0.242756 -0.007436 -0.212263 -0.117847
 35   -0.815868 -0.091229 -3.114430 -0.120039 3.021422 -0.057357
 36   14.294526 -0.410349 -0.463635 0.001663 0.012787 -0.721549
 37   15.834409 0.579420 -0.284600 -0.182270 -0.002314 0.569929
 38   1.139685 -3.453749 -2.823813 0.000000 0.000000 0.000001
 39   -4.457742 -1.054854 -0.746180 0.000000 0.000000 0.000000
 40   1.118101 -3.449769 3.237290 0.000000 0.000001 0.000000
 41   -4.433840 -1.059130 0.959566 -0.000001 0.000000 0.000000
 42   -0.657468 1.697302 -2.688614 0.000000 0.000002 0.000000
 43   -0.664068 1.698578 2.869377 0.000000 0.000002 0.000000
time 17
  0   -0.010486 -0.546892 -0.601210 0.000000 0.000000 -1.571449
  1   -1.093036 0.000002 -0.326057 -1.570809 -1.570703 0.000022
  2   2.262337 0.113614 0.064702 -0.041678 -0.082345 0.353815
  3   2.380047 0.353302 0.047440 -0.089016 -0.018005 0.339405
  4   2.033756 0.190472 -0.000128 -0.108434 -0.012092 0.109441
  5   2.451511 0.204909 -0.003447 -0.267331 0.092781 0.099520
  6   7.247600 -0.397300 -0.109469 0.000001 0.000021 0.156829
  7   -2.022252 -0.104661 3.136172 0.412867 -1.277949 -3.685833
  8   1.168026 -0.537438 -0.063437 1.612051 0.540794 2.017755
  9   6.790376 -0.619176 0.015206 0.086169 -0.131096 -1.649343
 10   8.637599 0.544015 -0.090417 -2.316990 0.094122 0.969148
 11   6.790465 -0.619039 0.017802 0.041993 -0.121060 -1.167138
 12   -2.022474 -0.104699 -2.873818 -1.690369 1.475254 -4.793253
 13   1.167898 -0.537463 0.063297 -0.136723 -0.756600 -0.338178
 14   7.002743 -0.617765 -0.183752 0.374333 -0.322627 -1.926915
 15   8.209042 0.615527 -0.255885 1.349996 0.478710 -0.738914
 16   7.002735 -0.617911 -0.183641 0.212905 -0.300399 -1.343217
 17   1.574674 0.609930 -0.000899 0.673238 -0.724317 0.583015
 18   -0.602177 0.511412 -0.000006 0.000000 0.000000 0.000000
 19   3.673773 0.177020 1.119313 -0.000002 -0.000014 -0.174510
 20   3.673767 0.176993 -1.117566 0.000007 -0.000003 -0.174546
 21   3.942357 1.330634 1.627658 0.000002 -0.000011 -0.000026
 22   -0.246060 -0.011889 0.516521 -0.000011 0.000031 0.000025
 23   3.942374 1.330659 -1.631083 0.000019 0.000002 -0.000024
 24   -0.246150 -0.011872 -0.516511 -0.000005 -0.000006 0.000048
 25   4.941364 1.997338 1.629330 0.000018 -0.000001 -0.000024
 26   4.941382 1.997366 -1.629410 -0.000001 0.000005 -0.000024
 27   2.918368 1.615358 1.514501 -0.000019 -0.000022 -0.000050
 28   2.920798 1.614964 -1.501142 -0.000002 -0.000009 -0.000024
 29   8.824059 0.150544 0.091743 0.000006 -0.000231 -0.174534
 30   2.111085 -0.561179 1.784320 -0.000008 -0.000682 0.000024
 31   2.121290 -0.561289 -1.853599 0.000000 0.000000 -0.000002
 32   -0.810489 -0.093824 3.127092 0.564080 -3.064347 -0.563586
 33   14.298673 -0.408176 0.475484 -0.006392 -0.009799 -0.413535
 34   15.835795 0.581398 0.242756 -0.007436 -0.212263 -0.117847
 35   -0.815868 -0.091229 -3.114430 -0.120039 3.021422 -0.057357
 36   14.294526 -0.410349 -0.463635 0.001663 0.012787 -0.721549
 37   15.834409 0.579420 -0.284600 -0.182270 -0.002314 0.569929
 38   1.139685 -3.453749 -2.823813 0.000000 0.000000 0.000001
 39   -4.457742 -1.054854 -0.746180 0.000000 0.000000 0.000000
 40   1.118101 -3.449769 3.237290 0.000000 0.000001 0.000000
 41   -4.433840 -1.059130 0.959566 -0.000001 0.000000 0.000000
 42   -0.657468 1.697302 -2.688614 0.000000 0.000002 0.000000
 43   -0.664068 1.698578 2.869377 0.000000 0.000002 0.000000
time 18
  0   -0.010486 -0.546892 -0.601210 0.000000 0.000000 -1.571449
  1   -1.093036 0.000002 -0.326057 -1.570809 -1.570703 0.000022
  2   2.262337 0.113614 0.064702 -0.041678 -0.082345 0.353815
  3   2.380047 0.353302 0.047440 -0.089016 -0.018005 0.339405
  4   2.033756 0.190472 -0.000128 -0.134180 -0.014070 0.093601
  5   2.451511 0.204909 -0.003447 -0.290901 0.092337 0.085825
  6   7.247600 -0.397300 -0.109469 0.000001 0.000021 0.156829
  7   -2.022252 -0.104661 3.136172 0.412867 -1.277949 -3.685833
  8   1.168026 -0.537438 -0.063437 1.618379 0.508140 2.059633
  9   6.790376 -0.619176 0.015206 0.086557 -0.130628 -1.632061
 10   8.637599 0.544015 -0.090417 -2.307127 0.110875 0.953377
 11   6.790465 -0.619039 0.017802 0.042460 -0.120662 -1.155257
 12   -2.022474 -0.104699 -2.873818 -1.690561 1.475254 -4.793253
 13   1.167898 -0.537463 0.063297 -0.123086 -0.793774 -0.400226
 14   7.002743 -0.617765 -0.183752 0.376610 -0.328135 -1.854145
 15   8.209042 0.615527 -0.255885 1.349996 0.478710 -0.738914
 16   7.002735 -0.617911 -0.183641 0.215589 -0.301301 -1.292164
 17   1.574674 0.609930 -0.000899 0.636639 -0.677835 0.595915
 18   -0.602177 0.511412 -0.000006 0.000000 0.000000 0.000000
 19   3.673773 0.177020 1.119313 -0.000002 -0.000014 -0.174510
 20   3.673767 0.176993 -1.117566 0.000007 -0.000003 -0.174546
 21   3.942357 1.330634 1.627658 0.000002 -0.000011 -0.000026
 22   -0.246060 -0.011889 0.516521 -0.000011 0.000031 0.000025
 23   3.942374 1.330659 -1.631083 0.000019 0.000002 -0.000024
 24   -0.246150 -0.011872 -0.516511 -0.000005 -0.000006 0.000048
 25   4.941364 1.997338 1.629330 0.000018 -0.000001 -0.000024
 26   4.941382 1.997366 -1.629410 -0.000001 0.000005 -0.000024
 27   2.918368 1.615358 1.514501 -0.000019 -0.000022 -0.000050
 28   2.920798 1.614964 -1.501142 -0.000002 -0.000009 -0.000024
 29   8.824059 0.150544 0.091743 0.000006 -0.000231 -0.174534
 30   2.111085 -0.561179 1.784320 -0.000008 -0.000682 0.000024
 31   2.121290 -0.561289 -1.853599 0.000000 0.000000 -0.000002
 32   -0.810489 -0.093824 3.127092 0.564080 -3.064347 -0.563586
 33   14.298673 -0.408176 0.475484 -0.006392 -0.009799 -0.413535
 34   15.835795 0.581398 0.242756 -0.007436 -0.212263 -0.117847
 35   -0.815868 -0.091229 -3.114430 -0.120039 3.021422 -0.057357
 36   14.294526 -0.410349 -0.463635 0.001663 0.012787 -0.721549
 37   15.834409 0.579420 -0.284600 -0.182270 -0.002314 0.569929
 38   1.139685 -3.453749 -2.823813 0.000000 0.000000 0.000001
 39   -4.457742 -1.054854 -0.746180 0.000000 0.000000 0.000000
 40   1.118101 -3.449769 3.237290 0.000000 0.000001 0.000000
 41   -4.433840 -1.059130 0.959566 -0.000001 0.000000 0.000000
 42   -0.657468 1.697302 -2.688614 0.000000 0.000002 0.000000
 43   -0.664068 1.698578 2.869377 0.000000 0.000002 0.000000
time 19
  0   -0.010486 -0.546892 -0.601210 0.000000 0.000000 -1.571449
  1   -1.093036 0.000002 -0.326057 -1.570809 -1.570703 0.000022
  2   2.262337 0.113614 0.064702 -0.041678 -0.082345 0.353815
  3   2.380047 0.353302 0.047440 -0.089016 -0.018005 0.339405
  4   2.033756 0.190472 -0.000128 -0.155647 -0.015688 0.079211
  5   2.451511 0.204909 -0.003447 -0.319041 0.091332 0.068514
  6   7.247600 -0.397300 -0.109469 0.000001 0.000021 0.156829
  7   -2.022252 -0.104661 3.136172 0.412867 -1.277949 -3.685833
  8   1.168026 -0.537438 -0.063437 1.630972 0.455461 2.095375
  9   6.790376 -0.619176 0.015206 0.085392 -0.131830 -1.700057
 10   8.637599 0.544015 -0.090417 -2.290130 0.127839 0.903315
 11   6.790465 -0.619039 0.017802 0.040796 -0.122254 -1.202723
 12   -2.022474 -0.104699 -2.873818 -1.690369 1.475254 -4.793253
 13   1.167898 -0.537463 0.063297 -0.107269 -0.842237 -0.480374
 14   7.002743 -0.617765 -0.183752 0.377920 -0.330748 -1.765699
 15   8.209042 0.615527 -0.255885 1.349996 0.478710 -0.738914
 16   7.002735 -0.617911 -0.183641 0.218884 -0.298989 -1.230624
 17   1.574674 0.609930 -0.000899 0.584605 -0.609556 0.610367
 18   -0.602177 0.511412 -0.000006 0.000000 0.000000 0.000000
 19   3.673773 0.177020 1.119313 -0.000002 -0.000014 -0.174510
 20   3.673767 0.176993 -1.117566 0.000007 -0.000003 -0.174546
 21   3.942357 1.330634 1.627658 0.000002 -0.000011 -0.000026
 22   -0.246060 -0.011889 0.516521 -0.000011 0.000031 0.000025
 23   3.942374 1.330659 -1.631083 0.000019 0.000002 -0.000024
 24   -0.246150 -0.011872 -0.516511 -0.000005 -0.000006 0.000048
 25   4.941364 1.997338 1.629330 0.000018 -0.000001 -0.000024
 26   4.941382 1.997366 -1.629410 -0.000001 0.000005 -0.000024
 27   2.918368 1.615358 1.514501 -0.000019 -0.000022 -0.000050
 28   2.920798 1.614964 -1.501142 -0.000002 -0.000009 -0.000024
 29   8.824059 0.150544 0.091743 0.000006 -0.000231 -0.174534
 30   2.111085 -0.561179 1.784320 -0.000008 -0.000682 0.000024
 31   2.121290 -0.561289 -1.853599 0.000000 0.000000 -0.000002
 32   -0.810489 -0.093824 3.127092 0.564080 -3.064347 -0.563586
 33   14.298673 -0.408176 0.475484 -0.006392 -0.009799 -0.413535
 34   15.835795 0.581398 0.242756 -0.007436 -0.212263 -0.117847
 35   -0.815868 -0.091229 -3.114430 -0.120039 3.021422 -0.057357
 36   14.294526 -0.410349 -0.463635 0.001663 0.012787 -0.721549
 37   15.834409 0.579420 -0.284600 -0.182270 -0.002314 0.569929
 38   1.139685 -3.453749 -2.823813 0.000000 0.000000 0.000001
 39   -4.457742 -1.054854 -0.746180 0.000000 0.000000 0.000000
 40   1.118101 -3.449769 3.237290 0.000000 0.000001 0.000000
 41   -4.433840 -1.059130 0.959566 -0.000001 0.000000 0.000000
 42   -0.657468 1.697302 -2.688614 0.000000 0.000002 0.000000
 43   -0.664068 1.698578 2.869377 0.000000 0.000002 0.000000
time 20
  0   -0.010486 -0.546892 -0.601210 0.000000 0.000000 -1.571449
  1   -1.093036 0.000002 -0.326057 -1.570809 -1.570703 0.000022
  2   2.262337 0.113614 0.064702 -0.041678 -0.082345 0.353815
  3   2.380047 0.353302 0.047440 -0.089016 -0.018005 0.339405
  4   2.033756 0.190472 -0.000128 -0.164444 -0.015388 0.070367
  5   2.451511 0.204909 -0.003447 -0.342765 0.089830 0.052045
  6   7.247600 -0.397300 -0.109469 0.000001 0.000021 0.156829
  7   -2.022252 -0.104661 3.136172 0.412867 -1.277949 -3.685833
  8   1.168026 -0.537438 -0.063437 1.645906 0.412593 2.071779
  9   6.790376 -0.619176 0.015206 0.082285 -0.131296 -1.899895
 10   8.637599 0.544015 -0.090417 -2.268819 0.146000 0.826413
 11   6.790465 -0.619039 0.017802 0.036708 -0.124130 -1.342527
 12   -2.022474 -0.104699 -2.873818 -1.690369 1.475254 -4.793253
 13   1.167898 -0.537463 0.063297 -0.094265 -0.884241 -0.549444
 14   7.002743 -0.617765 -0.183752 0.380767 -0.331997 -1.692847
 15   8.209042 0.615527 -0.255885 1.349996 0.478710 -0.738914
 16   7.002735 -0.617911 -0.183641 0.223073 -0.296903 -1.179957
 17   1.574674 0.609930 -0.000899 0.523594 -0.527006 0.626334
 18   -0.602177 0.511412 -0.000006 0.000000 0.000000 0.000000
 19   3.673773 0.177020 1.119313 -0.000002 -0.000014 -0.174510
 20   3.673767 0.176993 -1.117566 0.000007 -0.000003 -0.174546
 21   3.942357 1.330634 1.627658 0.000002 -0.000011 -0.000026
 22   -0.246060 -0.011889 0.516521 -0.000011 0.000031 0.000025
 23   3.942374 1.330659 -1.631083 0.000019 0.000002 -0.000024
 24   -0.246150 -0.011872 -0.516511 -0.000005 -0.000006 0.000048
 25   4.941364 1.997338 1.629330 0.000018 -0.000001 -0.000024
 26   4.941382 1.997366 -1.629410 -0.000001 0.000005 -0.000024
 27   2.918368 1.615358 1.514501 -0.000019 -0.000022 -0.000050
 28   2.920798 1.614964 -1.501142 -0.000002 -0.000009 -0.000024
 29   8.824059 0.150544 0.091743 0.000006 -0.000231 -0.174534
 30   2.111085 -0.561179 1.784320 -0.000008 -0.000682 0.000024
 31   2.121290 -0.561289 -1.853599 0.000000 0.000000 -0.000002
 32   -0.810489 -0.093824 3.127092 0.564080 -3.064347 -0.563586
 33   14.298673 -0.408176 0.475484 -0.006392 -0.009799 -0.413535
 34   15.835795 0.581398 0.242756 -0.007436 -0.212263 -0.117847
 35   -0.815868 -0.091229 -3.114430 -0.120039 3.021422 -0.057357
 36   14.294526 -0.410349 -0.463635 0.001663 0.012787 -0.721549
 37   15.834409 0.579420 -0.284600 -0.182270 -0.002314 0.569929
 38   1.139685 -3.453749 -2.823813 0.000000 0.000000 0.000001
 39   -4.457742 -1.054854 -0.746180 0.000000 0.000000 0.000000
 40   1.118101 -3.449769 3.237290 0.000000 0.000001 0.000000
 41   -4.433840 -1.059130 0.959566 -0.000001 0.000000 0.000000
 42   -0.657468 1.697302 -2.688614 0.000000 0.000002 0.000000
 43   -0.664068 1.698578 2.869377 0.000000 0.000002 0.000000
time 21
  0   -0.010486 -0.546892 -0.601210 0.000000 0.000000 -1.571449
  1   -1.093036 0.000002 -0.326057 -1.570809 -1.570703 0.000022
  2   2.262337 0.113614 0.064702 -0.041678 -0.082345 0.353815
  3   2.380047 0.353302 0.047440 -0.089016 -0.018005 0.339405
  4   2.033756 0.190472 -0.000128 -0.164352 -0.015772 0.066017
  5   2.451511 0.204909 -0.003447 -0.352984 0.088577 0.040628
  6   7.247600 -0.397300 -0.109469 0.000001 0.000021 0.156829
  7   -2.022252 -0.104661 3.136172 0.412867 -1.277949 -3.685833
  8   1.168026 -0.537438 -0.063437 1.628947 0.451134 1.942348
  9   6.790376 -0.619176 0.015206 0.077514 -0.121552 -2.132184
 10   8.637599 0.544015 -0.090417 -2.245481 0.166202 0.730050
 11   6.790465 -0.619039 0.017802 0.033409 -0.119383 -1.505286
 12   -2.022474 -0.104699 -2.873818 -1.690561 1.475254 -4.793253
 13   1.167898 -0.537463 0.063297 -0.090047 -0.909363 -0.587339
 14   7.002743 -0.617765 -0.183752 0.383101 -0.332224 -1.652832
 15   8.209042 0.615527 -0.255885 1.349996 0.478710 -0.738914
 16   7.002735 -0.617911 -0.183641 0.225992 -0.295606 -1.152195
 17   1.574674 0.609930 -0.000899 0.460104 -0.438208 0.643484
 18   -0.602177 0.511412 -0.000006 0.000000 0.000000 0.000000
 19   3.673773 0.177020 1.119313 -0.000002 -0.000014 -0.174510
 20   3.673767 0.176993 -1.117566 0.000007 -0.000003 -0.174546
 21   3.942357 1.330634 1.627658 0.000002 -0.000011 -0.000026
 22   -0.246060 -0.011889 0.516521 -0.000011 0.000031 0.000025
 23   3.942374 1.330659 -1.631083 0.000019 0.000002 -0.000024
 24   -0.246150 -0.011872 -0.516511 -0.000005 -0.000006 0.000048
 25   4.941364 1.997338 1.629330 0.000018 -0.000001 -0.000024
 26   4.941382 1.997366 -1.629410 -0.000001 0.000005 -0.000024
 27   2.918368 1.615358 1.514501 -0.000019 -0.000022 -0.000050
 28   2.920798 1.614964 -1.501142 -0.000002 -0.000009 -0.000024
 29   8.824059 0.150544 0.091743 0.000006 -0.000231 -0.174534
 30   2.111085 -0.561179 1.784320 -0.000008 -0.000682 0.000024
 31   2.121290 -0.561289 -1.853599 0.000000 0.000000 -0.000002
 32   -0.810489 -0.093824 3.127092 0.564080 -3.064347 -0.563586
 33   14.298673 -0.408176 0.475484 -0.006392 -0.009799 -0.413535
 34   15.835795 0.581398 0.242756 -0.007436 -0.212263 -0.117847
 35   -0.815868 -0.091229 -3.114430 -0.120039 3.021422 -0.057357
 36   14.294526 -0.410349 -0.463635 0.001663 0.012787 -0.721549
 37   15.834409 0.579420 -0.284600 -0.182270 -0.002314 0.569929
 38   1.139685 -3.453749 -2.823813 0.000000 0.000000 0.000001
 39   -4.457742 -1.054854 -0.746180 0.000000 0.000000 0.000000
 40   1.118101 -3.449769 3.237290 0.000000 0.000001 0.000000
 41   -4.433840 -1.059130 0.959566 -0.000001 0.000000 0.000000
 42   -0.657468 1.697302 -2.688614 0.000000 0.000002 0.000000
 43   -0.664068 1.698578 2.869377 0.000000 0.000002 0.000000
time 22
  0   -0.010486 -0.546892 -0.601210 0.000000 0.000000 -1.571449
  1   -1.093036 0.000002 -0.326057 -1.570809 -1.570703 0.000022
  2   2.262337 0.113614 0.064702 -0.041678 -0.082345 0.353815
  3   2.380047 0.353302 0.047440 -0.089016 -0.018005 0.339405
  4   2.033756 0.190472 -0.000128 -0.164315 -0.016059 0.062175
  5   2.451511 0.204909 -0.003447 -0.353138 0.087794 0.033025
  6   7.247600 -0.397300 -0.109469 0.000001 0.000021 0.156829
  7   -2.022252 -0.104661 3.136172 0.412867 -1.277949 -3.685833
  8   1.168026 -0.537438 -0.063437 1.471062 0.629549 1.663433
  9   6.790376 -0.619176 0.015206 0.074185 -0.110540 -2.281006
 10   8.637599 0.544015 -0.090417 -2.223113 0.188797 0.622040
 11   6.790465 -0.619039 0.017802 0.032650 -0.112646 -1.609735
 12   -2.022474 -0.104699 -2.873818 -1.690561 1.475254 -4.793253
 13   1.167898 -0.537463 0.063297 -0.092156 -0.917855 -0.596540
 14   7.002743 -0.617765 -0.183752 0.383841 -0.332337 -1.640456
 15   8.209042 0.615527 -0.255885 1.349996 0.478710 -0.738914
 16   7.002735 -0.617911 -0.183641 0.226934 -0.295211 -1.143419
 17   1.574674 0.609930 -0.000899 0.400677 -0.351824 0.660781
 18   -0.602177 0.511412 -0.000006 0.000000 0.000000 0.000000
 19   3.673773 0.177020 1.119313 -0.000002 -0.000014 -0.174510
 20   3.673767 0.176993 -1.117566 0.000007 -0.000003 -0.174546
 21   3.942357 1.330634 1.627658 0.000002 -0.000011 -0.000026
 22   -0.246060 -0.011889 0.516521 -0.000011 0.000031 0.000025
 23   3.942374 1.330659 -1.631083 0.000019 0.000002 -0.000024
 24   -0.246150 -0.011872 -0.516511 -0.000005 -0.000006 0.000048
 25   4.941364 1.997338 1.629330 0.000018 -0.000001 -0.000024
 26   4.941382 1.997366 -1.629410 -0.000001 0.000005 -0.000024
 27   2.918368 1.615358 1.514501 -0.000019 -0.000022 -0.000050
 28   2.920798 1.614964 -1.501142 -0.000002 -0.000009 -0.000024
 29   8.824059 0.150544 0.091743 0.000006 -0.000231 -0.174534
 30   2.111085 -0.561179 1.784320 -0.000008 -0.000682 0.000024
 31   2.121290 -0.561289 -1.853599 0.000000 0.000000 -0.000002
 32   -0.810489 -0.093824 3.127092 0.564080 -3.064347 -0.563586
 33   14.298673 -0.408176 0.475484 -0.006392 -0.009799 -0.413535
 34   15.835795 0.581398 0.242756 -0.007436 -0.212263 -0.117847
 35   -0.815868 -0.091229 -3.114430 -0.120039 3.021422 -0.057357
 36   14.294526 -0.410349 -0.463635 0.001663 0.012787 -0.721549
 37   15.834409 0.579420 -0.284600 -0.182270 -0.002314 0.569929
 38   1.139685 -3.453749 -2.823813 0.000000 0.000000 0.000001
 39   -4.457742 -1.054854 -0.746180 0.000000 0.000000 0.000000
 40   1.118101 -3.449769 3.237290 0.000000 0.000001 0.000000
 41   -4.433840 -1.059130 0.959566 -0.000001 0.000000 0.000000
 42   -0.657468 1.697302 -2.688614 0.000000 0.000002 0.000000
 43   -0.664068 1.698578 2.869377 0.000000 0.000002 0.000000
time 23
  0   -0.010486 -0.546892 -0.601210 0.000000 0.000000 -1.571449
  1   -1.093036 0.000002 -0.326057 -1.570809 -1.570703 0.000022
  2   2.262337 0.113614 0.064702 -0.041678 -0.082345 0.353815
  3   2.380047 0.353302 0.047440 -0.089016 -0.018005 0.339405
  4   2.033756 0.190472 -0.000128 -0.164223 -0.016383 0.058659
  5   2.451511 0.204909 -0.003447 -0.353275 0.087232 0.025422
  6   7.247600 -0.397300 -0.109469 0.000001 0.000021 0.156829
  7   -2.022252 -0.104661 3.136172 0.412867 -1.277949 -3.685833
  8   1.168026 -0.537438 -0.063437 1.057461 0.867787 1.226430
  9   6.790376 -0.619176 0.015206 0.074962 -0.113410 -2.245913
 10   8.637599 0.544015 -0.090417 -2.204884 0.213997 0.509979
 11   6.790465 -0.619039 0.017802 0.032708 -0.114494 -1.585223
 12   -2.022474 -0.104699 -2.873818 -1.690369 1.475254 -4.793253
 13   1.167898 -0.537463 0.063297 -0.096163 -0.918821 -0.594058
 14   7.002743 -0.617765 -0.183752 0.383841 -0.332394 -1.640786
 15   8.209042 0.615527 -0.255885 1.349996 0.478710 -0.738914
 16   7.002735 -0.617911 -0.183641 0.226887 -0.295211 -1.143695
 17   1.574674 0.609930 -0.000899 0.351527 -0.277249 0.676342
 18   -0.602177 0.511412 -0.000006 0.000000 0.000000 0.000000
 19   3.673773 0.177020 1.119313 -0.000002 -0.000014 -0.174510
 20   3.673767 0.176993 -1.117566 0.000007 -0.000003 -0.174546
 21   3.942357 1.330634 1.627658 0.000002 -0.000011 -0.000026
 22   -0.246060 -0.011889 0.516521 -0.000011 0.000031 0.000025
 23   3.942374 1.330659 -1.631083 0.000019 0.000002 -0.000024
 24   -0.246150 -0.011872 -0.516511 -0.000005 -0.000006 0.000048
 25   4.941364 1.997338 1.629330 0.000018 -0.000001 -0.000024
 26   4.941382 1.997366 -1.629410 -0.000001 0.000005 -0.000024
 27   2.918368 1.615358 1.514501 -0.000019 -0.000022 -0.000050
 28   2.920798 1.614964 -1.501142 -0.000002 -0.000009 -0.000024
 29   8.824059 0.150544 0.091743 0.000006 -0.000231 -0.174534
 30   2.111085 -0.561179 1.784320 -0.000008 -0.000682 0.000024
 31   2.121290 -0.561289 -1.853599 0.000000 0.000000 -0.000002
 32   -0.810489 -0.093824 3.127092 0.564080 -3.064347 -0.563586
 33   14.298673 -0.408176 0.475484 -0.006392 -0.009799 -0.413535
 34   15.835795 0.581398 0.242756 -0.007436 -0.212263 -0.117847
 35   -0.815868 -0.091229 -3.114430 -0.120039 3.021422 -0.057357
 36   14.294526 -0.410349 -0.463635 0.001663 0.012787 -0.721549
 37   15.834409 0.579420 -0.284600 -0.182270 -0.002314 0.569929
 38   1.139685 -3.453749 -2.823813 0.000000 0.000000 0.000001
 39   -4.457742 -1.054854 -0.746180 0.000000 0.000000 0.000000
 40   1.118101 -3.449769 3.237290 0.000000 0.000001 0.000000
 41   -4.433840 -1.059130 0.959566 -0.000001 0.000000 0.000000
 42   -0.657468 1.697302 -2.688614 0.000000 0.000002 0.000000
 43   -0.664068 1.698578 2.869377 0.000000 0.000002 0.000000
time 24
  0   -0.010486 -0.546892 -0.601210 0.000000 0.000000 -1.571449
  1   -1.093036 0.000002 -0.326057 -1.570809 -1.570703 0.000022
  2   2.262337 0.113614 0.064702 -0.041678 -0.082345 0.353815
  3   2.380047 0.353302 0.047440 -0.089016 -0.018005 0.339405
  4   2.033756 0.190472 -0.000128 -0.164186 -0.016635 0.055578
  5   2.451511 0.204909 -0.003447 -0.353395 0.087467 0.018042
  6   7.247600 -0.397300 -0.109469 0.000001 0.000021 0.156829
  7   -2.022252 -0.104661 3.136172 0.412867 -1.277949 -3.685833
  8   1.168026 -0.537438 -0.063437 0.467814 0.996994 0.650001
  9   6.790376 -0.619176 0.015206 0.079511 -0.126758 -2.038453
 10   8.637599 0.544015 -0.090417 -2.193259 0.241379 0.401824
 11   6.790465 -0.619039 0.017802 0.034431 -0.122254 -1.439479
 12   -2.022474 -0.104699 -2.873818 -1.690561 1.475254 -4.793253
 13   1.167898 -0.537463 0.063297 -0.098272 -0.919177 -0.591879
 14   7.002743 -0.617765 -0.183752 0.383670 -0.332508 -1.641941
 15   8.209042 0.615527 -0.255885 1.349996 0.478710 -0.738914
 16   7.002735 -0.617911 -0.183641 0.226698 -0.295324 -1.144523
 17   1.574674 0.609930 -0.000899 0.318462 -0.224094 0.688280
 18   -0.602177 0.511412 -0.000006 0.000000 0.000000 0.000000
 19   3.673773 0.177020 1.119313 -0.000002 -0.000014 -0.174510
 20   3.673767 0.176993 -1.117566 0.000007 -0.000003 -0.174546
 21   3.942357 1.330634 1.627658 0.000002 -0.000011 -0.000026
 22   -0.246060 -0.011889 0.516521 -0.000011 0.000031 0.000025
 23   3.942374 1.330659 -1.631083 0.000019 0.000002 -0.000024
 24   -0.246150 -0.011872 -0.516511 -0.000005 -0.000006 0.000048
 25   4.941364 1.997338 1.629330 0.000018 -0.000001 -0.000024
 26   4.941382 1.997366 -1.629410 -0.000001 0.000005 -0.000024
 27   2.918368 1.615358 1.514501 -0.000019 -0.000022 -0.000050
 28   2.920798 1.614964 -1.501142 -0.000002 -0.000009 -0.000024
 29   8.824059 0.150544 0.091743 0.000006 -0.000231 -0.174534
 30   2.111085 -0.561179 1.784320 -0.000008 -0.000682 0.000024
 31   2.121290 -0.561289 -1.853599 0.000000 0.000000 -0.000002
 32   -0.810489 -0.093824 3.127092 0.564080 -3.064347 -0.563586
 33   14.298673 -0.408176 0.475484 -0.006392 -0.009799 -0.413535
 34   15.835795 0.581398 0.242756 -0.007436 -0.212263 -0.117847
 35   -0.815868 -0.091229 -3.114430 -0.120039 3.021422 -0.057357
 36   14.294526 -0.410349 -0.463635 0.001663 0.012787 -0.721549
 37   15.834409 0.579420 -0.284600 -0.182270 -0.002314 0.569929
 38   1.139685 -3.453749 -2.823813 0.000000 0.000000 0.000001
 39   -4.457742 -1.054854 -0.746180 0.000000 0.000000 0.000000
 40   1.118101 -3.449769 3.237290 0.000000 0.000001 0.000000
 41   -4.433840 -1.059130 0.959566 -0.000001 0.000000 0.000000
 42   -0.657468 1.697302 -2.688614 0.000000 0.000002 0.000000
 43   -0.664068 1.698578 2.869377 0.000000 0.000002 0.000000
time 25
  0   -0.010486 -0.546892 -0.601210 0.000000 0.000000 -1.571449
  1   -1.093036 0.000002 -0.326057 -1.570809 -1.570703 0.000022
  2   2.262337 0.113614 0.064702 -0.041678 -0.082345 0.353815
  3   2.380047 0.353302 0.047440 -0.089016 -0.018005 0.339405
  4   2.033756 0.190472 -0.000128 -0.164149 -0.016826 0.052787
  5   2.451511 0.204909 -0.003447 -0.353463 0.088212 0.011083
  6   7.247600 -0.397300 -0.109469 0.000001 0.000021 0.156829
  7   -2.022252 -0.104661 3.136172 0.412867 -1.277949 -3.685833
  8   1.168026 -0.537438 -0.063437 -0.060135 0.970881 0.101154
  9   6.790376 -0.619176 0.015206 0.084782 -0.132430 -1.745564
 10   8.637599 0.544015 -0.090417 -2.191850 0.269887 0.305896
 11   6.790465 -0.619039 0.017802 0.039803 -0.123249 -1.234560
 12   -2.022474 -0.104699 -2.873818 -1.690369 1.475254 -4.793253
 13   1.167898 -0.537463 0.063297 -0.098272 -0.919228 -0.592121
 14   7.002743 -0.617765 -0.183752 0.383385 -0.332565 -1.643756
 15   8.209042 0.615527 -0.255885 1.349996 0.478710 -0.738914
 16   7.002735 -0.617911 -0.183641 0.226463 -0.295493 -1.145737
 17   1.574674 0.609930 -0.000899 0.307169 -0.201799 0.692568
 18   -0.602177 0.511412 -0.000006 0.000000 0.000000 0.000000
 19   3.673773 0.177020 1.119313 -0.000002 -0.000014 -0.174510
 20   3.673767 0.176993 -1.117566 0.000007 -0.000003 -0.174546
 21   3.942357 1.330634 1.627658 0.000002 -0.000011 -0.000026
 22   -0.246060 -0.011889 0.516521 -0.000011 0.000031 0.000025
 23   3.942374 1.330659 -1.631083 0.000019 0.000002 -0.000024
 24   -0.246150 -0.011872 -0.516511 -0.000005 -0.000006 0.000048
 25   4.941364 1.997338 1.629330 0.000018 -0.000001 -0.000024
 26   4.941382 1.997366 -1.629410 -0.000001 0.000005 -0.000024
 27   2.918368 1.615358 1.514501 -0.000019 -0.000022 -0.000050
 28   2.920798 1.614964 -1.501142 -0.000002 -0.000009 -0.000024
 29   8.824059 0.150544 0.091743 0.000006 -0.000231 -0.174534
 30   2.111085 -0.561179 1.784320 -0.000008 -0.000682 0.000024
 31   2.121290 -0.561289 -1.853599 0.000000 0.000000 -0.000002
 32   -0.810489 -0.093824 3.127092 0.564080 -3.064347 -0.563586
 33   14.298673 -0.408176 0.475484 -0.006392 -0.009799 -0.413535
 34   15.835795 0.581398 0.242756 -0.007436 -0.212263 -0.117847
 35   -0.815868 -0.091229 -3.114430 -0.120039 3.021422 -0.057357
 36   14.294526 -0.410349 -0.463635 0.001663 0.012787 -0.721549
 37   15.834409 0.579420 -0.284600 -0.182270 -0.002314 0.569929
 38   1.139685 -3.453749 -2.823813 0.000000 0.000000 0.000001
 39   -4.457742 -1.054854 -0.746180 0.000000 0.000000 0.000000
 40   1.118101 -3.449769 3.237290 0.000000 0.000001 0.000000
 41   -4.433840 -1.059130 0.959566 -0.000001 0.000000 0.000000
 42   -0.657468 1.697302 -2.688614 0.000000 0.000002 0.000000
 43   -0.664068 1.698578 2.869377 0.000000 0.000002 0.000000
time 26
  0   -0.010486 -0.546892 -0.601210 0.000000 0.000000 -1.571449
  1   -1.093036 0.000002 -0.326057 -1.570809 -1.570703 0.000022
  2   2.262337 0.113614 0.064702 -0.041678 -0.082345 0.353815
  3   2.380047 0.353302 0.047440 -0.089016 -0.018005 0.339405
  4   2.033756 0.190472 -0.000128 -0.164057 -0.017066 0.050286
  5   2.451511 0.204909 -0.003447 -0.353600 0.088943 0.004817
  6   7.247600 -0.397300 -0.109469 0.000001 0.000021 0.156829
  7   -2.022252 -0.104661 3.136172 0.412867 -1.277949 -3.685833
  8   1.168026 -0.537438 -0.063437 -0.421593 0.858781 -0.366594
  9   6.790376 -0.619176 0.015206 0.088166 -0.118549 -1.387471
 10   8.637599 0.544015 -0.090417 -2.203475 0.297691 0.230513
 11   6.790465 -0.619039 0.017802 0.047657 -0.108951 -0.984597
 12   -2.022474 -0.104699 -2.873818 -1.690561 1.475254 -4.793253
 13   1.167898 -0.537463 0.063297 -0.098061 -0.919228 -0.592363
 14   7.002743 -0.617765 -0.183752 0.383328 -0.332508 -1.646149
 15   8.209042 0.615527 -0.255885 1.349996 0.478710 -0.738914
 16   7.002735 -0.617911 -0.183641 0.226322 -0.295493 -1.147448
 17   1.574674 0.609930 -0.000899 0.308957 -0.198320 0.690942
 18   -0.602177 0.511412 -0.000006 0.000000 0.000000 0.000000
 19   3.673773 0.177020 1.119313 -0.000002 -0.000014 -0.174510
 20   3.673767 0.176993 -1.117566 0.000007 -0.000003 -0.174546
 21   3.942357 1.330634 1.627658 0.000002 -0.000011 -0.000026
 22   -0.246060 -0.011889 0.516521 -0.000011 0.000031 0.000025
 23   3.942374 1.330659 -1.631083 0.000019 0.000002 -0.000024
 24   -0.246150 -0.011872 -0.516511 -0.000005 -0.000006 0.000048
 25   4.941364 1.997338 1.629330 0.000018 -0.000001 -0.000024
 26   4.941382 1.997366 -1.629410 -0.000001 0.000005 -0.000024
 27   2.918368 1.615358 1.514501 -0.000019 -0.000022 -0.000050
 28   2.920798 1.614964 -1.501142 -0.000002 -0.000009 -0.000024
 29   8.824059 0.150544 0.091743 0.000006 -0.000231 -0.174534
 30   2.111085 -0.561179 1.784320 -0.000008 -0.000682 0.000024
 31   2.121290 -0.561289 -1.853599 0.000000 0.000000 -0.000002
 32   -0.810489 -0.093824 3.127092 0.564080 -3.064347 -0.563586
 33   14.298673 -0.408176 0.475484 -0.006392 -0.009799 -0.413535
 34   15.835795 0.581398 0.242756 -0.007436 -0.212263 -0.117847
 35   -0.815868 -0.091229 -3.114430 -0.120039 3.021422 -0.057357
 36   14.294526 -0.410349 -0.463635 0.001663 0.012787 -0.721549
 37   15.834409 0.579420 -0.284600 -0.182270 -0.002314 0.569929
 38   1.139685 -3.453749 -2.823813 0.000000 0.000000 0.000001
 39   -4.457742 -1.054854 -0.746180 0.000000 0.000000 0.000000
 40   1.118101 -3.449769 3.237290 0.000000 0.000001 0.000000
 41   -4.433840 -1.059130 0.959566 -0.000001 0.000000 0.000000
 42   -0.657468 1.697302 -2.688614 0.000000 0.000002 0.000000
 43   -0.664068 1.698578 2.869377 0.000000 0.000002 0.000000
time 27
  0   -0.010486 -0.546892 -0.601210 0.000000 0.000000 -1.571449
  1   -1.093036 0.000002 -0.326057 -1.570809 -1.570703 0.000022
  2   2.262337 0.113614 0.064702 -0.041678 -0.082345 0.353815
  3   2.380047 0.353302 0.047440 -0.089016 -0.018005 0.339405
  4   2.033756 0.190472 -0.000128 -0.164057 -0.017234 0.048075
  5   2.451511 0.204909 -0.003447 -0.353703 0.088930 -0.000334
  6   7.247600 -0.397300 -0.109469 0.000001 0.000021 0.156829
  7   -2.022252 -0.104661 3.136172 0.412867 -1.277949 -3.685833
  8   1.168026 -0.537438 -0.063437 -0.569986 0.763385 -0.612487
  9   6.790376 -0.619176 0.015206 0.087833 -0.096191 -1.132617
 10   8.637599 0.544015 -0.090417 -2.230863 0.322891 0.184936
 11   6.790465 -0.619039 0.017802 0.052095 -0.089849 -0.806843
 12   -2.022474 -0.104699 -2.873818 -1.690561 1.475254 -4.793253
 13   1.167898 -0.537463 0.063297 -0.097569 -0.919177 -0.592666
 14   7.002743 -0.617765 -0.183752 0.383328 -0.332224 -1.648789
 15   8.209042 0.615527 -0.255885 1.349996 0.478710 -0.738914
 16   7.002735 -0.617911 -0.183641 0.226322 -0.295437 -1.149325
 17   1.574674 0.609930 -0.000899 0.311881 -0.195433 0.685989
 18   -0.602177 0.511412 -0.000006 0.000000 0.000000 0.000000
 19   3.673773 0.177020 1.119313 -0.000002 -0.000014 -0.174510
 20   3.673767 0.176993 -1.117566 0.000007 -0.000003 -0.174546
 21   3.942357 1.330634 1.627658 0.000002 -0.000011 -0.000026
 22   -0.246060 -0.011889 0.516521 -0.000011 0.000031 0.000025
 23   3.942374 1.330659 -1.631083 0.000019 0.000002 -0.000024
 24   -0.246150 -0.011872 -0.516511 -0.000005 -0.000006 0.000048
 25   4.941364 1.997338 1.629330 0.000018 -0.000001 -0.000024
 26   4.941382 1.997366 -1.629410 -0.000001 0.000005 -0.000024
 27   2.918368 1.615358 1.514501 -0.000019 -0.000022 -0.000050
 28   2.920798 1.614964 -1.501142 -0.000002 -0.000009 -0.000024
 29   8.824059 0.150544 0.091743 0.000006 -0.000231 -0.174534
 30   2.111085 -0.561179 1.784320 -0.000008 -0.000682 0.000024
 31   2.121290 -0.561289 -1.853599 0.000000 0.000000 -0.000002
 32   -0.810489 -0.093824 3.127092 0.564080 -3.064347 -0.563586
 33   14.298673 -0.408176 0.475484 -0.006392 -0.009799 -0.413535
 34   15.835795 0.581398 0.242756 -0.007436 -0.212263 -0.117847
 35   -0.815868 -0.091229 -3.114430 -0.120039 3.021422 -0.057357
 36   14.294526 -0.410349 -0.463635 0.001663 0.012787 -0.721549
 37   15.834409 0.579420 -0.284600 -0.182270 -0.002314 0.569929
 38   1.139685 -3.453749 -2.823813 0.000000 0.000000 0.000001
 39   -4.457742 -1.054854 -0.746180 0.000000 0.000000 0.000000
 40   1.118101 -3.449769 3.237290 0.000000 0.000001 0.000000
 41   -4.433840 -1.059130 0.959566 -0.000001 0.000000 0.000000
 42   -0.657468 1.697302 -2.688614 0.000000 0.000002 0.000000
 43   -0.664068 1.698578 2.869377 0.000000 0.000002 0.000000
time 28
  0   -0.010486 -0.546892 -0.601210 0.000000 0.000000 -1.571449
  1   -1.093036 0.000002 -0.326057 -1.570809 -1.570703 0.000022
  2   2.262337 0.113614 0.064702 -0.041678 -0.082345 0.353815
  3   2.380047 0.353302 0.047440 -0.089016 -0.018005 0.339405
  4   2.033756 0.190472 -0.000128 -0.164020 -0.017390 0.046299
  5   2.451511 0.204909 -0.003447 -0.353754 0.088238 -0.004222
  6   7.247600 -0.397300 -0.109469 0.000001 0.000021 0.156829
  7   -2.022252 -0.104661 3.136172 0.412867 -1.277949 -3.685833
  8   1.168026 -0.537438 -0.063437 -0.568214 0.766907 -0.613689
  9   6.790376 -0.619176 0.015206 0.088055 -0.095123 -1.127108
 10   8.637599 0.544015 -0.090417 -2.276304 0.343304 0.177557
 11   6.790465 -0.619039 0.017802 0.052299 -0.089025 -0.803094
 12   -2.022474 -0.104699 -2.873818 -1.690369 1.475254 -4.793253
 13   1.167898 -0.537463 0.063297 -0.097147 -0.918974 -0.593150
 14   7.002743 -0.617765 -0.183752 0.383385 -0.332054 -1.650439
 15   8.209042 0.615527 -0.255885 1.349996 0.478710 -0.738914
 16   7.002735 -0.617911 -0.183641 0.226322 -0.295437 -1.150484
 17   1.574674 0.609930 -0.000899 0.315497 -0.193090 0.678412
 18   -0.602177 0.511412 -0.000006 0.000000 0.000000 0.000000
 19   3.673773 0.177020 1.119313 -0.000002 -0.000014 -0.174510
 20   3.673767 0.176993 -1.117566 0.000007 -0.000003 -0.174546
 21   3.942357 1.330634 1.627658 0.000002 -0.000011 -0.000026
 22   -0.246060 -0.011889 0.516521 -0.000011 0.000031 0.000025
 23   3.942374 1.330659 -1.631083 0.000019 0.000002 -0.000024
 24   -0.246150 -0.011872 -0.516511 -0.000005 -0.000006 0.000048
 25   4.941364 1.997338 1.629330 0.000018 -0.000001 -0.000024
 26   4.941382 1.997366 -1.629410 -0.000001 0.000005 -0.000024
 27   2.918368 1.615358 1.514501 -0.000019 -0.000022 -0.000050
 28   2.920798 1.614964 -1.501142 -0.000002 -0.000009 -0.000024
 29   8.824059 0.150544 0.091743 0.000006 -0.000231 -0.174534
 30   2.111085 -0.561179 1.784320 -0.000008 -0.000682 0.000024
 31   2.121290 -0.561289 -1.853599 0.000000 0.000000 -0.000002
 32   -0.810489 -0.093824 3.127092 0.564080 -3.064347 -0.563586
 33   14.298673 -0.408176 0.475484 -0.006392 -0.009799 -0.413535
 34   15.835795 0.581398 0.242756 -0.007436 -0.212263 -0.117847
 35   -0.815868 -0.091229 -3.114430 -0.120039 3.021422 -0.057357
 36   14.294526 -0.410349 -0.463635 0.001663 0.012787 -0.721549
 37   15.834409 0.579420 -0.284600 -0.182270 -0.002314 0.569929
 38   1.139685 -3.453749 -2.823813 0.000000 0.000000 0.000001
 39   -4.457742 -1.054854 -0.746180 0.000000 0.000000 0.000000
 40   1.118101 -3.449769 3.237290 0.000000 0.000001 0.000000
 41   -4.433840 -1.059130 0.959566 -0.000001 0.000000 0.000000
 42   -0.657468 1.697302 -2.688614 0.000000 0.000002 0.000000
 43   -0.664068 1.698578 2.869377 0.000000 0.000002 0.000000
time 29
  0   -0.010486 -0.546892 -0.601210 0.000000 0.000000 -1.571449
  1   -1.093036 0.000002 -0.326057 -1.570809 -1.570703 0.000022
  2   2.262337 0.113614 0.064702 -0.041678 -0.082345 0.353815
  3   2.380047 0.353302 0.047440 -0.089016 -0.018005 0.339405
  4   2.033756 0.190472 -0.000128 -0.164020 -0.017485 0.044704
  5   2.451511 0.204909 -0.003447 -0.353891 0.087715 -0.006674
  6   7.247600 -0.397300 -0.109469 0.000001 0.000021 0.156829
  7   -2.022252 -0.104661 3.136172 0.412867 -1.277949 -3.685833
  8   1.168026 -0.537438 -0.063437 -0.564164 0.768668 -0.611032
  9   6.790376 -0.619176 0.015206 0.087833 -0.095123 -1.122882
 10   8.637599 0.544015 -0.090417 -2.458070 0.348865 0.200273
 11   6.790465 -0.619039 0.017802 0.052241 -0.088968 -0.800095
 12   -2.022474 -0.104699 -2.873818 -1.690369 1.475254 -4.793253
 13   1.167898 -0.537463 0.063297 -0.096163 -0.918872 -0.593816
 14   7.002743 -0.617765 -0.183752 0.383385 -0.332054 -1.651264
 15   8.209042 0.615527 -0.255885 1.349996 0.478710 -0.738914
 16   7.002735 -0.617911 -0.183641 0.226322 -0.295493 -1.151036
 17   1.574674 0.609930 -0.000899 0.319640 -0.191031 0.669024
 18   -0.602177 0.511412 -0.000006 0.000000 0.000000 0.000000
 19   3.673773 0.177020 1.119313 -0.000002 -0.000014 -0.174510
 20   3.673767 0.176993 -1.117566 0.000007 -0.000003 -0.174546
 21   3.942357 1.330634 1.627658 0.000002 -0.000011 -0.000026
 22   -0.246060 -0.011889 0.516521 -0.000011 0.000031 0.000025
 23   3.942374 1.330659 -1.631083 0.000019 0.000002 -0.000024
 24   -0.246150 -0.011872 -0.516511 -0.000005 -0.000006 0.000048
 25   4.941364 1.997338 1.629330 0.000018 -0.000001 -0.000024
 26   4.941382 1.997366 -1.629410 -0.000001 0.000005 -0.000024
 27   2.918368 1.615358 1.514501 -0.000019 -0.000022 -0.000050
 28   2.920798 1.614964 -1.501142 -0.000002 -0.000009 -0.000024
 29   8.824059 0.150544 0.091743 0.000006 -0.000231 -0.174534
 30   2.111085 -0.561179 1.784320 -0.000008 -0.000682 0.000024
 31   2.121290 -0.561289 -1.853599 0.000000 0.000000 -0.000002
 32   -0.810489 -0.093824 3.127092 0.564080 -3.064347 -0.563586
 33   14.298673 -0.408176 0.475484 -0.006392 -0.009799 -0.413535
 34   15.835795 0.581398 0.242756 -0.007436 -0.212263 -0.117847
 35   -0.815868 -0.091229 -3.114430 -0.120039 3.021422 -0.057357
 36   14.294526 -0.410349 -0.463635 0.001663 0.012787 -0.721549
 37   15.834409 0.579420 -0.284600 -0.182270 -0.002314 0.569929
 38   1.139685 -3.453749 -2.823813 0.000000 0.000000 0.000001
 39   -4.457742 -1.054854 -0.746180 0.000000 0.000000 0.000000
 40   1.118101 -3.449769 3.237290 0.000000 0.000001 0.000000
 41   -4.433840 -1.059130 0.959566 -0.000001 0.000000 0.000000
 42   -0.657468 1.697302 -2.688614 0.000000 0.000002 0.000000
 43   -0.664068 1.698578 2.869377 0.000000 0.000002 0.000000
time 30
  0   -0.010486 -0.546892 -0.601210 0.000000 0.000000 -1.571449
  1   -1.093036 0.000002 -0.326057 -1.570809 -1.570703 0.000022
  2   2.262337 0.113614 0.064702 -0.041678 -0.082345 0.353815
  3   2.380047 0.353302 0.047440 -0.089016 -0.018005 0.339405
  4   2.033756 0.190472 -0.000128 -0.164020 -0.017605 0.043218
  5   2.451511 0.204909 -0.003447 -0.353977 0.087611 -0.006550
  6   7.247600 -0.397300 -0.109469 0.000001 0.000021 0.156829
  7   -2.022252 -0.104661 3.136172 0.412867 -1.277949 -3.685833
  8   1.168026 -0.537438 -0.063437 -0.564354 0.769875 -0.605402
  9   6.790376 -0.619176 0.015206 0.088055 -0.097926 -1.149522
 10   8.637599 0.544015 -0.090417 -2.816494 0.342952 0.224219
 11   6.790465 -0.619039 0.017802 0.051832 -0.091299 -0.818839
 12   -2.022474 -0.104699 -2.873818 -1.690369 1.475254 -4.793253
 13   1.167898 -0.537463 0.063297 -0.094968 -0.918567 -0.594724
 14   7.002743 -0.617765 -0.183752 0.383385 -0.332224 -1.651924
 15   8.209042 0.615527 -0.255885 1.349996 0.478710 -0.738914
 16   7.002735 -0.617911 -0.183641 0.226275 -0.295493 -1.151367
 17   1.574674 0.609930 -0.000899 0.323864 -0.189753 0.658822
 18   -0.602177 0.511412 -0.000006 0.000000 0.000000 0.000000
 19   3.673773 0.177020 1.119313 -0.000002 -0.000014 -0.174510
 20   3.673767 0.176993 -1.117566 0.000007 -0.000003 -0.174546
 21   3.942357 1.330634 1.627658 0.000002 -0.000011 -0.000026
 22   -0.246060 -0.011889 0.516521 -0.000011 0.000031 0.000025
 23   3.942374 1.330659 -1.631083 0.000019 0.000002 -0.000024
 24   -0.246150 -0.011872 -0.516511 -0.000005 -0.000006 0.000048
 25   4.941364 1.997338 1.629330 0.000018 -0.000001 -0.000024
 26   4.941382 1.997366 -1.629410 -0.000001 0.000005 -0.000024
 27   2.918368 1.615358 1.514501 -0.000019 -0.000022 -0.000050
 28   2.920798 1.614964 -1.501142 -0.000002 -0.000009 -0.000024
 29   8.824059 0.150544 0.091743 0.000006 -0.000231 -0.174534
 30   2.111085 -0.561179 1.784320 -0.000008 -0.000682 0.000024
 31   2.121290 -0.561289 -1.853599 0.000000 0.000000 -0.000002
 32   -0.810489 -0.093824 3.127092 0.564080 -3.064347 -0.563586
 33   14.298673 -0.408176 0.475484 -0.006392 -0.009799 -0.413535
 34   15.835795 0.581398 0.242756 -0.007436 -0.212263 -0.117847
 35   -0.815868 -0.091229 -3.114430 -0.120039 3.021422 -0.057357
 36   14.294526 -0.410349 -0.463635 0.001663 0.012787 -0.721549
 37   15.834409 0.579420 -0.284600 -0.182270 -0.002314 0.569929
 38   1.139685 -3.453749 -2.823813 0.000000 0.000000 0.000001
 39   -4.457742 -1.054854 -0.746180 0.000000 0.000000 0.000000
 40   1.118101 -3.449769 3.237290 0.000000 0.000001 0.000000
 41   -4.433840 -1.059130 0.959566 -0.000001 0.000000 0.000000
 42   -0.657468 1.697302 -2.688614 0.000000 0.000002 0.000000
 43   -0.664068 1.698578 2.869377 0.000000 0.000002 0.000000
time 31
  0   -0.010486 -0.546892 -0.601210 0.000000 0.000000 -1.571449
  1   -1.093036 0.000002 -0.326057 -1.570809 -1.570703 0.000022
  2   2.262337 0.113614 0.064702 -0.041678 -0.082345 0.353815
  3   2.380047 0.353302 0.047440 -0.089016 -0.018005 0.339405
  4   2.033756 0.190472 -0.000128 -0.164020 -0.017665 0.042493
  5   2.451511 0.204909 -0.003447 -0.354011 0.087441 -0.006129
  6   7.247600 -0.397300 -0.109469 0.000001 0.000021 0.156829
  7   -2.022252 -0.104661 3.136172 0.412867 -1.277949 -3.685833
  8   1.168026 -0.537438 -0.063437 -0.573150 0.758907 -0.605149
  9   6.790376 -0.619176 0.015206 0.088166 -0.100729 -1.176162
 10   8.637599 0.544015 -0.090417 -3.234010 0.336265 0.233624
 11   6.790465 -0.619039 0.017802 0.051452 -0.093573 -0.837180
 12   -2.022474 -0.104699 -2.873818 -1.690369 1.475254 -4.793253
 13   1.167898 -0.537463 0.063297 -0.093562 -0.918211 -0.595935
 14   7.002743 -0.617765 -0.183752 0.383385 -0.332224 -1.652172
 15   8.209042 0.615527 -0.255885 1.349996 0.478710 -0.738914
 16   7.002735 -0.617911 -0.183641 0.226227 -0.295606 -1.151643
 17   1.574674 0.609930 -0.000899 0.327967 -0.189043 0.648658
 18   -0.602177 0.511412 -0.000006 0.000000 0.000000 0.000000
 19   3.673773 0.177020 1.119313 -0.000002 -0.000014 -0.174510
 20   3.673767 0.176993 -1.117566 0.000007 -0.000003 -0.174546
 21   3.942357 1.330634 1.627658 0.000002 -0.000011 -0.000026
 22   -0.246060 -0.011889 0.516521 -0.000011 0.000031 0.000025
 23   3.942374 1.330659 -1.631083 0.000019 0.000002 -0.000024
 24   -0.246150 -0.011872 -0.516511 -0.000005 -0.000006 0.000048
 25   4.941364 1.997338 1.629330 0.000018 -0.000001 -0.000024
 26   4.941382 1.997366 -1.629410 -0.000001 0.000005 -0.000024
 27   2.918368 1.615358 1.514501 -0.000019 -0.000022 -0.000050
 28   2.920798 1.614964 -1.501142 -0.000002 -0.000009 -0.000024
 29   8.824059 0.150544 0.091743 0.000006 -0.000231 -0.174534
 30   2.111085 -0.561179 1.784320 -0.000008 -0.000682 0.000024
 31   2.121290 -0.561289 -1.853599 0.000000 0.000000 -0.000002
 32   -0.810489 -0.093824 3.127092 0.564080 -3.064347 -0.563586
 33   14.298673 -0.408176 0.475484 -0.006392 -0.009799 -0.413535
 34   15.835795 0.581398 0.242756 -0.007436 -0.212263 -0.117847
 35   -0.815868 -0.091229 -3.114430 -0.120039 3.021422 -0.057357
 36   14.294526 -0.410349 -0.463635 0.001663 0.012787 -0.721549
 37   15.834409 0.579420 -0.284600 -0.182270 -0.002314 0.569929
 38   1.139685 -3.453749 -2.823813 0.000000 0.000000 0.000001
 39   -4.457742 -1.054854 -0.746180 0.000000 0.000000 0.000000
 40   1.118101 -3.449769 3.237290 0.000000 0.000001 0.000000
 41   -4.433840 -1.059130 0.959566 -0.000001 0.000000 0.000000
 42   -0.657468 1.697302 -2.688614 0.000000 0.000002 0.000000
 43   -0.664068 1.698578 2.869377 0.000000 0.000002 0.000000
time 32
  0   -0.010486 -0.546892 -0.601210 0.000000 0.000000 -1.571449
  1   -1.093036 0.000002 -0.326057 -1.570809 -1.570703 0.000022
  2   2.262337 0.113614 0.064702 -0.041678 -0.082345 0.353815
  3   2.380047 0.353302 0.047440 -0.089016 -0.018005 0.339405
  4   2.033756 0.190472 -0.000128 -0.164020 -0.017665 0.042493
  5   2.451511 0.204909 -0.003447 -0.353891 0.087611 -0.002538
  6   7.247600 -0.397300 -0.109469 0.000001 0.000021 0.156829
  7   -2.022252 -0.104661 3.136172 0.412867 -1.277949 -3.685833
  8   1.168026 -0.537438 -0.063437 -0.599538 0.728366 -0.626531
  9   6.790376 -0.619176 0.015206 0.088055 -0.098460 -1.154201
 10   8.637599 0.544015 -0.090417 -3.582922 0.330071 0.227330
 11   6.790465 -0.619039 0.017802 0.051803 -0.091697 -0.821953
 12   -2.022474 -0.104699 -2.873818 -1.690369 1.475254 -4.793253
 13   1.167898 -0.537463 0.063297 -0.091172 -0.917855 -0.597448
 14   7.002743 -0.617765 -0.183752 0.383385 -0.332224 -1.652337
 15   8.209042 0.615527 -0.255885 1.349996 0.478710 -0.738914
 16   7.002735 -0.617911 -0.183641 0.226227 -0.295606 -1.151809
 17   1.574674 0.609930 -0.000899 0.331785 -0.188475 0.639233
 18   -0.602177 0.511412 -0.000006 0.000000 0.000000 0.000000
 19   3.673773 0.177020 1.119313 -0.000002 -0.000014 -0.174510
 20   3.673767 0.176993 -1.117566 0.000007 -0.000003 -0.174546
 21   3.942357 1.330634 1.627658 0.000002 -0.000011 -0.000026
 22   -0.246060 -0.011889 0.516521 -0.000011 0.000031 0.000025
 23   3.942374 1.330659 -1.631083 0.000019 0.000002 -0.000024
 24   -0.246150 -0.011872 -0.516511 -0.000005 -0.000006 0.000048
 25   4.941364 1.997338 1.629330 0.000018 -0.000001 -0.000024
 26   4.941382 1.997366 -1.629410 -0.000001 0.000005 -0.000024
 27   2.918368 1.615358 1.514501 -0.000019 -0.000022 -0.000050
 28   2.920798 1.614964 -1.501142 -0.000002 -0.000009 -0.000024
 29   8.824059 0.150544 0.091743 0.000006 -0.000231 -0.174534
 30   2.111085 -0.561179 1.784320 -0.000008 -0.000682 0.000024
 31   2.121290 -0.561289 -1.853599 0.000000 0.000000 -0.000002
 32   -0.810489 -0.093824 3.127092 0.564080 -3.064347 -0.563586
 33   14.298673 -0.408176 0.475484 -0.006392 -0.009799 -0.413535
 34   15.835795 0.581398 0.242756 -0.007436 -0.212263 -0.117847
 35   -0.815868 -0.091229 -3.114430 -0.120039 3.021422 -0.057357
 36   14.294526 -0.410349 -0.463635 0.001663 0.012787 -0.721549
 37   15.834409 0.579420 -0.284600 -0.182270 -0.002314 0.569929
 38   1.139685 -3.453749 -2.823813 0.000000 0.000000 0.000001
 39   -4.457742 -1.054854 -0.746180 0.000000 0.000000 0.000000
 40   1.118101 -3.449769 3.237290 0.000000 0.000001 0.000000
 41   -4.433840 -1.059130 0.959566 -0.000001 0.000000 0.000000
 42   -0.657468 1.697302 -2.688614 0.000000 0.000002 0.000000
 43   -0.664068 1.698578 2.869377 0.000000 0.000002 0.000000
time 33
  0   -0.010486 -0.546892 -0.601210 0.000000 0.000000 -1.571449
  1   -1.093036 0.000002 -0.326057 -1.570809 -1.570703 0.000022
  2   2.262337 0.113614 0.064702 -0.041678 -0.082345 0.353815
  3   2.380047 0.353302 0.047440 -0.089016 -0.018005 0.339405
  4   2.033756 0.190472 -0.000128 -0.164020 -0.017665 0.042493
  5   2.451511 0.204909 -0.003447 -0.353754 0.087950 0.002836
  6   7.247600 -0.397300 -0.109469 0.000001 0.000021 0.156829
  7   -2.022252 -0.104661 3.136172 0.412867 -1.277949 -3.685833
  8   1.168026 -0.537438 -0.063437 -0.631621 0.688064 -0.655504
  9   6.790376 -0.619176 0.015206 0.087833 -0.094122 -1.112241
 10   8.637599 0.544015 -0.090417 -3.729286 0.326903 0.220819
 11   6.790465 -0.619039 0.017802 0.052387 -0.088087 -0.792655
 12   -2.022474 -0.104699 -2.873818 -1.690561 1.475254 -4.793253
 13   1.167898 -0.537463 0.063297 -0.088079 -0.917143 -0.599688
 14   7.002743 -0.617765 -0.183752 0.383385 -0.332224 -1.652337
 15   8.209042 0.615527 -0.255885 1.349996 0.478710 -0.738914
 16   7.002735 -0.617911 -0.183641 0.226227 -0.295606 -1.151864
 17   1.574674 0.609930 -0.000899 0.334751 -0.187978 0.631434
 18   -0.602177 0.511412 -0.000006 0.000000 0.000000 0.000000
 19   3.673773 0.177020 1.119313 -0.000002 -0.000014 -0.174510
 20   3.673767 0.176993 -1.117566 0.000007 -0.000003 -0.174546
 21   3.942357 1.330634 1.627658 0.000002 -0.000011 -0.000026
 22   -0.246060 -0.011889 0.516521 -0.000011 0.000031 0.000025
 23   3.942374 1.330659 -1.631083 0.000019 0.000002 -0.000024
 24   -0.246150 -0.011872 -0.516511 -0.000005 -0.000006 0.000048
 25   4.941364 1.997338 1.629330 0.000018 -0.000001 -0.000024
 26   4.941382 1.997366 -1.629410 -0.000001 0.000005 -0.000024
 27   2.918368 1.615358 1.514501 -0.000019 -0.000022 -0.000050
 28   2.920798 1.614964 -1.501142 -0.000002 -0.000009 -0.000024
 29   8.824059 0.150544 0.091743 0.000006 -0.000231 -0.174534
 30   2.111085 -0.561179 1.784320 -0.000008 -0.000682 0.000024
 31   2.121290 -0.561289 -1.853599 0.000000 0.000000 -0.000002
 32   -0.810489 -0.093824 3.127092 0.564080 -3.064347 -0.563586
 33   14.298673 -0.408176 0.475484 -0.006392 -0.009799 -0.413535
 34   15.835795 0.581398 0.242756 -0.007436 -0.212263 -0.117847
 35   -0.815868 -0.091229 -3.114430 -0.120039 3.021422 -0.057357
 36   14.294526 -0.410349 -0.463635 0.001663 0.012787 -0.721549
 37   15.834409 0.579420 -0.284600 -0.182270 -0.002314 0.569929
 38   1.139685 -3.453749 -2.823813 0.000000 0.000000 0.000001
 39   -4.457742 -1.054854 -0.746180 0.000000 0.000000 0.000000
 40   1.118101 -3.449769 3.237290 0.000000 0.000001 0.000000
 41   -4.433840 -1.059130 0.959566 -0.000001 0.000000 0.000000
 42   -0.657468 1.697302 -2.688614 0.000000 0.000002 0.000000
 43   -0.664068 1.698578 2.869377 0.000000 0.000002 0.000000
time 34
  0   -0.010486 -0.546892 -0.601210 0.000000 0.000000 -1.571449
  1   -1.093036 0.000002 -0.326057 -1.570809 -1.570703 0.000022
  2   2.262337 0.113614 0.064702 -0.041678 -0.082345 0.353815
  3   2.380047 0.353302 0.047440 -0.089016 -0.018005 0.339405
  4   2.033756 0.190472 -0.000128 -0.164057 -0.017665 0.042638
  5   2.451511 0.204909 -0.003447 -0.353600 0.088303 0.009374
  6   7.247600 -0.397300 -0.109469 0.000001 0.000021 0.156829
  7   -2.022252 -0.104661 3.136172 0.412867 -1.277949 -3.685833
  8   1.168026 -0.537438 -0.063437 -0.649593 0.664064 -0.671256
  9   6.790376 -0.619176 0.015206 0.087722 -0.091519 -1.090431
 10   8.637599 0.544015 -0.090417 -3.729286 0.326903 0.220819
 11   6.790465 -0.619039 0.017802 0.052620 -0.086097 -0.777371
 12   -2.022474 -0.104699 -2.873818 -1.690369 1.475254 -4.793253
 13   1.167898 -0.537463 0.063297 -0.082877 -0.916177 -0.604107
 14   7.002743 -0.617765 -0.183752 0.383385 -0.332281 -1.652337
 15   8.209042 0.615527 -0.255885 1.349996 0.478710 -0.738914
 16   7.002735 -0.617911 -0.183641 0.226180 -0.295606 -1.151864
 17   1.574674 0.609930 -0.000899 0.335441 -0.187339 0.626334
 18   -0.602177 0.511412 -0.000006 0.000000 0.000000 0.000000
 19   3.673773 0.177020 1.119313 -0.000002 -0.000014 -0.174510
 20   3.673767 0.176993 -1.117566 0.000007 -0.000003 -0.174546
 21   3.942357 1.330634 1.627658 0.000002 -0.000011 -0.000026
 22   -0.246060 -0.011889 0.516521 -0.000011 0.000031 0.000025
 23   3.942374 1.330659 -1.631083 0.000019 0.000002 -0.000024
 24   -0.246150 -0.011872 -0.516511 -0.000005 -0.000006 0.000048
 25   4.941364 1.997338 1.629330 0.000018 -0.000001 -0.000024
 26   4.941382 1.997366 -1.629410 -0.000001 0.000005 -0.000024
 27   2.918368 1.615358 1.514501 -0.000019 -0.000022 -0.000050
 28   2.920798 1.614964 -1.501142 -0.000002 -0.000009 -0.000024
 29   8.824059 0.150544 0.091743 0.000006 -0.000231 -0.174534
 30   2.111085 -0.561179 1.784320 -0.000008 -0.000682 0.000024
 31   2.121290 -0.561289 -1.853599 0.000000 0.000000 -0.000002
 32   -0.810489 -0.093824 3.127092 0.564080 -3.064347 -0.563586
 33   14.298673 -0.408176 0.475484 -0.006392 -0.009799 -0.413535
 34   15.835795 0.581398 0.242756 -0.007436 -0.212263 -0.117847
 35   -0.815868 -0.091229 -3.114430 -0.120039 3.021422 -0.057357
 36   14.294526 -0.410349 -0.463635 0.001663 0.012787 -0.721549
 37   15.834409 0.579420 -0.284600 -0.182270 -0.002314 0.569929
 38   1.139685 -3.453749 -2.823813 0.000000 0.000000 0.000001
 39   -4.457742 -1.054854 -0.746180 0.000000 0.000000 0.000000
 40   1.118101 -3.449769 3.237290 0.000000 0.000001 0.000000
 41   -4.433840 -1.059130 0.959566 -0.000001 0.000000 0.000000
 42   -0.657468 1.697302 -2.688614 0.000000 0.000002 0.000000
 43   -0.664068 1.698578 2.869377 0.000000 0.000002 0.000000
time 35
  0   -0.010486 -0.546892 -0.601210 0.000000 0.000000 -1.571449
  1   -1.093036 0.000002 -0.326057 -1.570809 -1.570703 0.000022
  2   2.262337 0.113614 0.064702 -0.041678 -0.082345 0.353815
  3   2.380047 0.353302 0.047440 -0.089016 -0.018005 0.339405
  4   2.033756 0.190472 -0.000128 -0.164057 -0.017653 0.042710
  5   2.451511 0.204909 -0.003447 -0.353412 0.088068 0.016556
  6   7.247600 -0.397300 -0.109469 0.000001 0.000021 0.156829
  7   -2.022252 -0.104661 3.136172 0.412867 -1.277949 -3.685833
  8   1.168026 -0.537438 -0.063437 -0.654592 0.657926 -0.673470
  9   6.790376 -0.619176 0.015206 0.087722 -0.092053 -1.093827
 10   8.637599 0.544015 -0.090417 -3.729286 0.326903 0.220819
 11   6.790465 -0.619039 0.017802 0.052591 -0.086353 -0.779735
 12   -2.022474 -0.104699 -2.873818 -1.690561 1.475254 -4.793253
 13   1.167898 -0.537463 0.063297 -0.077324 -0.915262 -0.608526
 14   7.002743 -0.617765 -0.183752 0.383328 -0.332281 -1.652502
 15   8.209042 0.615527 -0.255885 1.349996 0.478710 -0.738914
 16   7.002735 -0.617911 -0.183641 0.226180 -0.295606 -1.151864
 17   1.574674 0.609930 -0.000899 0.335604 -0.187268 0.624375
 18   -0.602177 0.511412 -0.000006 0.000000 0.000000 0.000000
 19   3.673773 0.177020 1.119313 -0.000002 -0.000014 -0.174510
 20   3.673767 0.176993 -1.117566 0.000007 -0.000003 -0.174546
 21   3.942357 1.330634 1.627658 0.000002 -0.000011 -0.000026
 22   -0.246060 -0.011889 0.516521 -0.000011 0.000031 0.000025
 23   3.942374 1.330659 -1.631083 0.000019 0.000002 -0.000024
 24   -0.246150 -0.011872 -0.516511 -0.000005 -0.000006 0.000048
 25   4.941364 1.997338 1.629330 0.000018 -0.000001 -0.000024
 26   4.941382 1.997366 -1.629410 -0.000001 0.000005 -0.000024
 27   2.918368 1.615358 1.514501 -0.000019 -0.000022 -0.000050
 28   2.920798 1.614964 -1.501142 -0.000002 -0.000009 -0.000024
 29   8.824059 0.150544 0.091743 0.000006 -0.000231 -0.174534
 30   2.111085 -0.561179 1.784320 -0.000008 -0.000682 0.000024
 31   2.121290 -0.561289 -1.853599 0.000000 0.000000 -0.000002
 32   -0.810489 -0.093824 3.127092 0.564080 -3.064347 -0.563586
 33   14.298673 -0.408176 0.475484 -0.006392 -0.009799 -0.413535
 34   15.835795 0.581398 0.242756 -0.007436 -0.212263 -0.117847
 35   -0.815868 -0.091229 -3.114430 -0.120039 3.021422 -0.057357
 36   14.294526 -0.410349 -0.463635 0.001663 0.012787 -0.721549
 37   15.834409 0.579420 -0.284600 -0.182270 -0.002314 0.569929
 38   1.139685 -3.453749 -2.823813 0.000000 0.000000 0.000001
 39   -4.457742 -1.054854 -0.746180 0.000000 0.000000 0.000000
 40   1.118101 -3.449769 3.237290 0.000000 0.000001 0.000000
 41   -4.433840 -1.059130 0.959566 -0.000001 0.000000 0.000000
 42   -0.657468 1.697302 -2.688614 0.000000 0.000002 0.000000
 43   -0.664068 1.698578 2.869377 0.000000 0.000002 0.000000
time 36
  0   -0.010486 -0.546892 -0.601210 0.000000 0.000000 -1.571449
  1   -1.093036 0.000002 -0.326057 -1.570809 -1.570703 0.000022
  2   2.262337 0.113614 0.064702 -0.041678 -0.082345 0.353815
  3   2.380047 0.353302 0.047440 -0.089016 -0.018005 0.339405
  4   2.033756 0.190472 -0.000128 -0.164057 -0.017629 0.042928
  5   2.451511 0.204909 -0.003447 -0.353309 0.087376 0.023837
  6   7.247600 -0.397300 -0.109469 0.000001 0.000021 0.156829
  7   -2.022252 -0.104661 3.136172 0.412867 -1.277949 -3.685833
  8   1.168026 -0.537438 -0.063437 -0.684777 0.608417 -0.716171
  9   6.790376 -0.619176 0.015206 0.086668 -0.079639 -0.988701
 10   8.637599 0.544015 -0.090417 -3.729286 0.326903 0.220819
 11   6.790465 -0.619039 0.017802 0.053730 -0.076347 -0.706546
 12   -2.022474 -0.104699 -2.873818 -1.690369 1.475254 -4.793253
 13   1.167898 -0.537463 0.063297 -0.071841 -0.914194 -0.613066
 14   7.002743 -0.617765 -0.183752 0.383328 -0.332281 -1.652502
 15   8.209042 0.615527 -0.255885 1.349996 0.478710 -0.738914
 16   7.002735 -0.617911 -0.183641 0.226180 -0.295606 -1.151864
 17   1.574674 0.609930 -0.000899 0.335238 -0.187907 0.626149
 18   -0.602177 0.511412 -0.000006 0.000000 0.000000 0.000000
 19   3.673773 0.177020 1.119313 -0.000002 -0.000014 -0.174510
 20   3.673767 0.176993 -1.117566 0.000007 -0.000003 -0.174546
 21   3.942357 1.330634 1.627658 0.000002 -0.000011 -0.000026
 22   -0.246060 -0.011889 0.516521 -0.000011 0.000031 0.000025
 23   3.942374 1.330659 -1.631083 0.000019 0.000002 -0.000024
 24   -0.246150 -0.011872 -0.516511 -0.000005 -0.000006 0.000048
 25   4.941364 1.997338 1.629330 0.000018 -0.000001 -0.000024
 26   4.941382 1.997366 -1.629410 -0.000001 0.000005 -0.000024
 27   2.918368 1.615358 1.514501 -0.000019 -0.000022 -0.000050
 28   2.920798 1.614964 -1.501142 -0.000002 -0.000009 -0.000024
 29   8.824059 0.150544 0.091743 0.000006 -0.000231 -0.174534
 30   2.111085 -0.561179 1.784320 -0.000008 -0.000682 0.000024
 31   2.121290 -0.561289 -1.853599 0.000000 0.000000 -0.000002
 32   -0.810489 -0.093824 3.127092 0.564080 -3.064347 -0.563586
 33   14.298673 -0.408176 0.475484 -0.006392 -0.009799 -0.413535
 34   15.835795 0.581398 0.242756 -0.007436 -0.212263 -0.117847
 35   -0.815868 -0.091229 -3.114430 -0.120039 3.021422 -0.057357
 36   14.294526 -0.410349 -0.463635 0.001663 0.012787 -0.721549
 37   15.834409 0.579420 -0.284600 -0.182270 -0.002314 0.569929
 38   1.139685 -3.453749 -2.823813 0.000000 0.000000 0.000001
 39   -4.457742 -1.054854 -0.746180 0.000000 0.000000 0.000000
 40   1.118101 -3.449769 3.237290 0.000000 0.000001 0.000000
 41   -4.433840 -1.059130 0.959566 -0.000001 0.000000 0.000000
 42   -0.657468 1.697302 -2.688614 0.000000 0.000002 0.000000
 43   -0.664068 1.698578 2.869377 0.000000 0.000002 0.000000
time 37
  0   -0.010486 -0.546892 -0.601210 0.000000 0.000000 -1.571449
  1   -1.093036 0.000002 -0.326057 -1.570809 -1.570703 0.000022
  2   2.262337 0.113614 0.064702 -0.041678 -0.082345 0.353815
  3   2.380047 0.353302 0.047440 -0.089016 -0.018005 0.339405
  4   2.033756 0.190472 -0.000128 -0.164057 -0.017605 0.043363
  5   2.451511 0.204909 -0.003447 -0.353155 0.086593 0.030499
  6   7.247600 -0.397300 -0.109469 0.000001 0.000021 0.156829
  7   -2.022252 -0.104661 3.136172 0.412867 -1.277949 -3.685833
  8   1.168026 -0.537438 -0.063437 -0.729959 0.515184 -0.793918
  9   6.790376 -0.619176 0.015206 0.084116 -0.053343 -0.791655
 10   8.637599 0.544015 -0.090417 -3.729286 0.326903 0.220819
 11   6.790465 -0.619039 0.017802 0.054635 -0.055483 -0.569107
 12   -2.022474 -0.104699 -2.873818 -1.690369 1.475254 -4.793253
 13   1.167898 -0.537463 0.063297 -0.066921 -0.913177 -0.617122
 14   7.002743 -0.617765 -0.183752 0.383328 -0.332281 -1.652667
 15   8.209042 0.615527 -0.255885 1.349996 0.478710 -0.738914
 16   7.002735 -0.617911 -0.183641 0.226180 -0.295606 -1.151919
 17   1.574674 0.609930 -0.000899 0.334222 -0.189043 0.631213
 18   -0.602177 0.511412 -0.000006 0.000000 0.000000 0.000000
 19   3.673773 0.177020 1.119313 -0.000002 -0.000014 -0.174510
 20   3.673767 0.176993 -1.117566 0.000007 -0.000003 -0.174546
 21   3.942357 1.330634 1.627658 0.000002 -0.000011 -0.000026
 22   -0.246060 -0.011889 0.516521 -0.000011 0.000031 0.000025
 23   3.942374 1.330659 -1.631083 0.000019 0.000002 -0.000024
 24   -0.246150 -0.011872 -0.516511 -0.000005 -0.000006 0.000048
 25   4.941364 1.997338 1.629330 0.000018 -0.000001 -0.000024
 26   4.941382 1.997366 -1.629410 -0.000001 0.000005 -0.000024
 27   2.918368 1.615358 1.514501 -0.000019 -0.000022 -0.000050
 28   2.920798 1.614964 -1.501142 -0.000002 -0.000009 -0.000024
 29   8.824059 0.150544 0.091743 0.000006 -0.000231 -0.174534
 30   2.111085 -0.561179 1.784320 -0.000008 -0.000682 0.000024
 31   2.121290 -0.561289 -1.853599 0.000000 0.000000 -0.000002
 32   -0.810489 -0.093824 3.127092 0.564080 -3.064347 -0.563586
 33   14.298673 -0.408176 0.475484 -0.006392 -0.009799 -0.413535
 34   15.835795 0.581398 0.242756 -0.007436 -0.212263 -0.117847
 35   -0.815868 -0.091229 -3.114430 -0.120039 3.021422 -0.057357
 36   14.294526 -0.410349 -0.463635 0.001663 0.012787 -0.721549
 37   15.834409 0.579420 -0.284600 -0.182270 -0.002314 0.569929
 38   1.139685 -3.453749 -2.823813 0.000000 0.000000 0.000001
 39   -4.457742 -1.054854 -0.746180 0.000000 0.000000 0.000000
 40   1.118101 -3.449769 3.237290 0.000000 0.000001 0.000000
 41   -4.433840 -1.059130 0.959566 -0.000001 0.000000 0.000000
 42   -0.657468 1.697302 -2.688614 0.000000 0.000002 0.000000
 43   -0.664068 1.698578 2.869377 0.000000 0.000002 0.000000
time 38
  0   -0.010486 -0.546892 -0.601210 0.000000 0.000000 -1.571449
  1   -1.093036 0.000002 -0.326057 -1.570809 -1.570703 0.000022
  2   2.262337 0.113614 0.064702 -0.041678 -0.082345 0.353815
  3   2.380047 0.353302 0.047440 -0.089016 -0.018005 0.339405
  4   2.033756 0.190472 -0.000128 -0.164112 -0.017557 0.043906
  5   2.451511 0.204909 -0.003447 -0.352881 0.086501 0.035972
  6   7.247600 -0.397300 -0.109469 0.000001 0.000021 0.156829
  7   -2.022252 -0.104661 3.136172 0.412867 -1.277949 -3.685833
  8   1.168026 -0.537438 -0.063437 -0.775964 0.397700 -0.868312
  9   6.790376 -0.619176 0.015206 0.081009 -0.028449 -0.621476
 10   8.637599 0.544015 -0.090417 -3.729286 0.326903 0.220819
 11   6.790465 -0.619039 0.017802 0.054168 -0.035813 -0.450239
 12   -2.022474 -0.104699 -2.873818 -1.690369 1.475254 -4.793253
 13   1.167898 -0.537463 0.063297 -0.062843 -0.912210 -0.620391
 14   7.002743 -0.617765 -0.183752 0.383328 -0.332224 -1.652832
 15   8.209042 0.615527 -0.255885 1.349996 0.478710 -0.738914
 16   7.002735 -0.617911 -0.183641 0.226180 -0.295606 -1.152140
 17   1.574674 0.609930 -0.000899 0.331014 -0.190179 0.638974
 18   -0.602177 0.511412 -0.000006 0.000000 0.000000 0.000000
 19   3.673773 0.177020 1.119313 -0.000002 -0.000014 -0.174510
 20   3.673767 0.176993 -1.117566 0.000007 -0.000003 -0.174546
 21   3.942357 1.330634 1.627658 0.000002 -0.000011 -0.000026
 22   -0.246060 -0.011889 0.516521 -0.000011 0.000031 0.000025
 23   3.942374 1.330659 -1.631083 0.000019 0.000002 -0.000024
 24   -0.246150 -0.011872 -0.516511 -0.000005 -0.000006 0.000048
 25   4.941364 1.997338 1.629330 0.000018 -0.000001 -0.000024
 26   4.941382 1.997366 -1.629410 -0.000001 0.000005 -0.000024
 27   2.918368 1.615358 1.514501 -0.000019 -0.000022 -0.000050
 28   2.920798 1.614964 -1.501142 -0.000002 -0.000009 -0.000024
 29   8.824059 0.150544 0.091743 0.000006 -0.000231 -0.174534
 30   2.111085 -0.561179 1.784320 -0.000008 -0.000682 0.000024
 31   2.121290 -0.561289 -1.853599 0.000000 0.000000 -0.000002
 32   -0.810489 -0.093824 3.127092 0.564080 -3.064347 -0.563586
 33   14.298673 -0.408176 0.475484 -0.006392 -0.009799 -0.413535
 34   15.835795 0.581398 0.242756 -0.007436 -0.212263 -0.117847
 35   -0.815868 -0.091229 -3.114430 -0.120039 3.021422 -0.057357
 36   14.294526 -0.410349 -0.463635 0.001663 0.012787 -0.721549
 37   15.834409 0.579420 -0.284600 -0.182270 -0.002314 0.569929
 38   1.139685 -3.453749 -2.823813 0.000000 0.000000 0.000001
 39   -4.457742 -1.054854 -0.746180 0.000000 0.000000 0.000000
 40   1.118101 -3.449769 3.237290 0.000000 0.000001 0.000000
 41   -4.433840 -1.059130 0.959566 -0.000001 0.000000 0.000000
 42   -0.657468 1.697302 -2.688614 0.000000 0.000002 0.000000
 43   -0.664068 1.698578 2.869377 0.000000 0.000002 0.000000
time 39
  0   -0.010486 -0.546892 -0.601210 0.000000 0.000000 -1.571449
  1   -1.093036 0.000002 -0.326057 -1.570809 -1.570703 0.000022
  2   2.262337 0.113614 0.064702 -0.041678 -0.082345 0.353815
  3   2.380047 0.353302 0.047440 -0.089016 -0.018005 0.339405
  4   2.033756 0.190472 -0.000128 -0.164112 -0.017426 0.046009
  5   2.451511 0.204909 -0.003447 -0.352727 0.087167 0.039464
  6   7.247600 -0.397300 -0.109469 0.000001 0.000021 0.156829
  7   -2.022252 -0.104661 3.136172 0.412867 -1.277949 -3.685833
  8   1.168026 -0.537438 -0.063437 -0.810705 0.271864 -0.946629
  9   6.790376 -0.619176 0.015206 0.076848 0.001317 -0.433260
 10   8.637599 0.544015 -0.090417 -3.729286 0.326903 0.220819
 11   6.790465 -0.619039 0.017802 0.052241 -0.013072 -0.318798
 12   -2.022474 -0.104699 -2.873818 -1.690561 1.475254 -4.793253
 13   1.167898 -0.537463 0.063297 -0.061016 -0.911753 -0.621662
 14   7.002743 -0.617765 -0.183752 0.383272 -0.332224 -1.652997
 15   8.209042 0.615527 -0.255885 1.349996 0.478710 -0.738914
 16   7.002735 -0.617911 -0.183641 0.226133 -0.295606 -1.152250
 17   1.574674 0.609930 -0.000899 0.326870 -0.192025 0.648252
 18   -0.602177 0.511412 -0.000006 0.000000 0.000000 0.000000
 19   3.673773 0.177020 1.119313 -0.000002 -0.000014 -0.174510
 20   3.673767 0.176993 -1.117566 0.000007 -0.000003 -0.174546
 21   3.942357 1.330634 1.627658 0.000002 -0.000011 -0.000026
 22   -0.246060 -0.011889 0.516521 -0.000011 0.000031 0.000025
 23   3.942374 1.330659 -1.631083 0.000019 0.000002 -0.000024
 24   -0.246150 -0.011872 -0.516511 -0.000005 -0.000006 0.000048
 25   4.941364 1.997338 1.629330 0.000018 -0.000001 -0.000024
 26   4.941382 1.997366 -1.629410 -0.000001 0.000005 -0.000024
 27   2.918368 1.615358 1.514501 -0.000019 -0.000022 -0.000050
 28   2.920798 1.614964 -1.501142 -0.000002 -0.000009 -0.000024
 29   8.824059 0.150544 0.091743 0.000006 -0.000231 -0.174534
 30   2.111085 -0.561179 1.784320 -0.000008 -0.000682 0.000024
 31   2.121290 -0.561289 -1.853599 0.000000 0.000000 -0.000002
 32   -0.810489 -0.093824 3.127092 0.564080 -3.064347 -0.563586
 33   14.298673 -0.408176 0.475484 -0.006392 -0.009799 -0.413535
 34   15.835795 0.581398 0.242756 -0.007436 -0.212263 -0.117847
 35   -0.815868 -0.091229 -3.114430 -0.120039 3.021422 -0.057357
 36   14.294526 -0.410349 -0.463635 0.001663 0.012787 -0.721549
 37   15.834409 0.579420 -0.284600 -0.182270 -0.002314 0.569929
 38   1.139685 -3.453749 -2.823813 0.000000 0.000000 0.000001
 39   -4.457742 -1.054854 -0.746180 0.000000 0.000000 0.000000
 40   1.118101 -3.449769 3.237290 0.000000 0.000001 0.000000
 41   -4.433840 -1.059130 0.959566 -0.000001 0.000000 0.000000
 42   -0.657468 1.697302 -2.688614 0.000000 0.000002 0.000000
 43   -0.664068 1.698578 2.869377 0.000000 0.000002 0.000000
time 40
  0   -0.010486 -0.546892 -0.601210 0.000000 0.000000 -1.571449
  1   -1.093036 0.000002 -0.326057 -1.570809 -1.570703 0.000022
  2   2.262337 0.113614 0.064702 -0.041678 -0.082345 0.353815
  3   2.380047 0.353302 0.047440 -0.089016 -0.018005 0.339405
  4   2.033756 0.190472 -0.000128 -0.164149 -0.017222 0.048510
  5   2.451511 0.204909 -0.003447 -0.352676 0.087363 0.039786
  6   7.247600 -0.397300 -0.109469 0.000001 0.000021 0.156829
  7   -2.022252 -0.104661 3.136172 0.412867 -1.277949 -3.685833
  8   1.168026 -0.537438 -0.063437 -0.809313 0.286304 -0.931573
  9   6.790376 -0.619176 0.015206 0.077736 -0.005357 -0.475069
 10   8.637599 0.544015 -0.090417 -3.729286 0.326903 0.220819
 11   6.790465 -0.619039 0.017802 0.052766 -0.018274 -0.348039
 12   -2.022474 -0.104699 -2.873818 -1.690369 1.475254 -4.793253
 13   1.167898 -0.537463 0.063297 -0.061719 -0.911499 -0.620875
 14   7.002743 -0.617765 -0.183752 0.383215 -0.332224 -1.653492
 15   8.209042 0.615527 -0.255885 1.349996 0.478710 -0.738914
 16   7.002735 -0.617911 -0.183641 0.226086 -0.295606 -1.152526
 17   1.574674 0.609930 -0.000899 0.322361 -0.194439 0.658490
 18   -0.602177 0.511412 -0.000006 0.000000 0.000000 0.000000
 19   3.673773 0.177020 1.119313 -0.000002 -0.000014 -0.174510
 20   3.673767 0.176993 -1.117566 0.000007 -0.000003 -0.174546
 21   3.942357 1.330634 1.627658 0.000002 -0.000011 -0.000026
 22   -0.246060 -0.011889 0.516521 -0.000011 0.000031 0.000025
 23   3.942374 1.330659 -1.631083 0.000019 0.000002 -0.000024
 24   -0.246150 -0.011872 -0.516511 -0.000005 -0.000006 0.000048
 25   4.941364 1.997338 1.629330 0.000018 -0.000001 -0.000024
 26   4.941382 1.997366 -1.629410 -0.000001 0.000005 -0.000024
 27   2.918368 1.615358 1.514501 -0.000019 -0.000022 -0.000050
 28   2.920798 1.614964 -1.501142 -0.000002 -0.000009 -0.000024
 29   8.824059 0.150544 0.091743 0.000006 -0.000231 -0.174534
 30   2.111085 -0.561179 1.784320 -0.000008 -0.000682 0.000024
 31   2.121290 -0.561289 -1.853599 0.000000 0.000000 -0.000002
 32   -0.810489 -0.093824 3.127092 0.564080 -3.064347 -0.563586
 33   14.298673 -0.408176 0.475484 -0.006392 -0.009799 -0.413535
 34   15.835795 0.581398 0.242756 -0.007436 -0.212263 -0.117847
 35   -0.815868 -0.091229 -3.114430 -0.120039 3.021422 -0.057357
 36   14.294526 -0.410349 -0.463635 0.001663 0.012787 -0.721549
 37   15.834409 0.579420 -0.284600 -0.182270 -0.002314 0.569929
 38   1.139685 -3.453749 -2.823813 0.000000 0.000000 0.000001
 39   -4.457742 -1.054854 -0.746180 0.000000 0.000000 0.000000
 40   1.118101 -3.449769 3.237290 0.000000 0.000001 0.000000
 41   -4.433840 -1.059130 0.959566 -0.000001 0.000000 0.000000
 42   -0.657468 1.697302 -2.688614 0.000000 0.000002 0.000000
 43   -0.664068 1.698578 2.869377 0.000000 0.000002 0.000000
time 41
  0   -0.010486 -0.546892 -0.601210 0.000000 0.000000 -1.571449
  1   -1.093036 0.000002 -0.326057 -1.570809 -1.570703 0.000022
  2   2.262337 0.113614 0.064702 -0.041678 -0.082345 0.353815
  3   2.380047 0.353302 0.047440 -0.089016 -0.018005 0.339405
  4   2.033756 0.190472 -0.000128 -0.164149 -0.016958 0.051156
  5   2.451511 0.204909 -0.003447 -0.352573 0.087611 0.039761
  6   7.247600 -0.397300 -0.109469 0.000001 0.000021 0.156829
  7   -2.022252 -0.104661 3.136172 0.412867 -1.277949 -3.685833
  8   1.168026 -0.537438 -0.063437 -0.786911 0.387134 -0.855281
  9   6.790376 -0.619176 0.015206 0.082230 -0.037259 -0.681171
 10   8.637599 0.544015 -0.090417 -3.729286 0.326903 0.220819
 11   6.790465 -0.619039 0.017802 0.054430 -0.042834 -0.492053
 12   -2.022474 -0.104699 -2.873818 -1.690369 1.475254 -4.793253
 13   1.167898 -0.537463 0.063297 -0.064109 -0.911702 -0.618817
 14   7.002743 -0.617765 -0.183752 0.383158 -0.332224 -1.653987
 15   8.209042 0.615527 -0.255885 1.349996 0.478710 -0.738914
 16   7.002735 -0.617911 -0.183641 0.225992 -0.295606 -1.152912
 17   1.574674 0.609930 -0.000899 0.317853 -0.196616 0.668543
 18   -0.602177 0.511412 -0.000006 0.000000 0.000000 0.000000
 19   3.673773 0.177020 1.119313 -0.000002 -0.000014 -0.174510
 20   3.673767 0.176993 -1.117566 0.000007 -0.000003 -0.174546
 21   3.942357 1.330634 1.627658 0.000002 -0.000011 -0.000026
 22   -0.246060 -0.011889 0.516521 -0.000011 0.000031 0.000025
 23   3.942374 1.330659 -1.631083 0.000019 0.000002 -0.000024
 24   -0.246150 -0.011872 -0.516511 -0.000005 -0.000006 0.000048
 25   4.941364 1.997338 1.629330 0.000018 -0.000001 -0.000024
 26   4.941382 1.997366 -1.629410 -0.000001 0.000005 -0.000024
 27   2.918368 1.615358 1.514501 -0.000019 -0.000022 -0.000050
 28   2.920798 1.614964 -1.501142 -0.000002 -0.000009 -0.000024
 29   8.824059 0.150544 0.091743 0.000006 -0.000231 -0.174534
 30   2.111085 -0.561179 1.784320 -0.000008 -0.000682 0.000024
 31   2.121290 -0.561289 -1.853599 0.000000 0.000000 -0.000002
 32   -0.810489 -0.093824 3.127092 0.564080 -3.064347 -0.563586
 33   14.298673 -0.408176 0.475484 -0.006392 -0.009799 -0.413535
 34   15.835795 0.581398 0.242756 -0.007436 -0.212263 -0.117847
 35   -0.815868 -0.091229 -3.114430 -0.120039 3.021422 -0.057357
 36   14.294526 -0.410349 -0.463635 0.001663 0.012787 -0.721549
 37   15.834409 0.579420 -0.284600 -0.182270 -0.002314 0.569929
 38   1.139685 -3.453749 -2.823813 0.000000 0.000000 0.000001
 39   -4.457742 -1.054854 -0.746180 0.000000 0.000000 0.000000
 40   1.118101 -3.449769 3.237290 0.000000 0.000001 0.000000
 41   -4.433840 -1.059130 0.959566 -0.000001 0.000000 0.000000
 42   -0.657468 1.697302 -2.688614 0.000000 0.000002 0.000000
 43   -0.664068 1.698578 2.869377 0.000000 0.000002 0.000000
time 42
  0   -0.010486 -0.546892 -0.601210 0.000000 0.000000 -1.571449
  1   -1.093036 0.000002 -0.326057 -1.570809 -1.570703 0.000022
  2   2.262337 0.113614 0.064702 -0.041678 -0.082345 0.353815
  3   2.380047 0.353302 0.047440 -0.089016 -0.018005 0.339405
  4   2.033756 0.190472 -0.000128 -0.164186 -0.016718 0.054092
  5   2.451511 0.204909 -0.003447 -0.352659 0.087585 0.037136
  6   7.247600 -0.397300 -0.109469 0.000001 0.000021 0.156829
  7   -2.022252 -0.104661 3.136172 0.412867 -1.277949 -3.685833
  8   1.168026 -0.537438 -0.063437 -0.743691 0.508442 -0.769373
  9   6.790376 -0.619176 0.015206 0.085836 -0.069494 -0.909611
 10   8.637599 0.544015 -0.090417 -3.729286 0.326903 0.220819
 11   6.790465 -0.619039 0.017802 0.054255 -0.068246 -0.651409
 12   -2.022474 -0.104699 -2.873818 -1.690369 1.475254 -4.793253
 13   1.167898 -0.537463 0.063297 -0.067553 -0.911905 -0.615911
 14   7.002743 -0.617765 -0.183752 0.383101 -0.332224 -1.654812
 15   8.209042 0.615527 -0.255885 1.349996 0.478710 -0.738914
 16   7.002735 -0.617911 -0.183641 0.225898 -0.295606 -1.153409
 17   1.574674 0.609930 -0.000899 0.313628 -0.198533 0.677710
 18   -0.602177 0.511412 -0.000006 0.000000 0.000000 0.000000
 19   3.673773 0.177020 1.119313 -0.000002 -0.000014 -0.174510
 20   3.673767 0.176993 -1.117566 0.000007 -0.000003 -0.174546
 21   3.942357 1.330634 1.627658 0.000002 -0.000011 -0.000026
 22   -0.246060 -0.011889 0.516521 -0.000011 0.000031 0.000025
 23   3.942374 1.330659 -1.631083 0.000019 0.000002 -0.000024
 24   -0.246150 -0.011872 -0.516511 -0.000005 -0.000006 0.000048
 25   4.941364 1.997338 1.629330 0.000018 -0.000001 -0.000024
 26   4.941382 1.997366 -1.629410 -0.000001 0.000005 -0.000024
 27   2.918368 1.615358 1.514501 -0.000019 -0.000022 -0.000050
 28   2.920798 1.614964 -1.501142 -0.000002 -0.000009 -0.000024
 29   8.824059 0.150544 0.091743 0.000006 -0.000231 -0.174534
 30   2.111085 -0.561179 1.784320 -0.000008 -0.000682 0.000024
 31   2.121290 -0.561289 -1.853599 0.000000 0.000000 -0.000002
 32   -0.810489 -0.093824 3.127092 0.564080 -3.064347 -0.563586
 33   14.298673 -0.408176 0.475484 -0.006392 -0.009799 -0.413535
 34   15.835795 0.581398 0.242756 -0.007436 -0.212263 -0.117847
 35   -0.815868 -0.091229 -3.114430 -0.120039 3.021422 -0.057357
 36   14.294526 -0.410349 -0.463635 0.001663 0.012787 -0.721549
 37   15.834409 0.579420 -0.284600 -0.182270 -0.002314 0.569929
 38   1.139685 -3.453749 -2.823813 0.000000 0.000000 0.000001
 39   -4.457742 -1.054854 -0.746180 0.000000 0.000000 0.000000
 40   1.118101 -3.449769 3.237290 0.000000 0.000001 0.000000
 41   -4.433840 -1.059130 0.959566 -0.000001 0.000000 0.000000
 42   -0.657468 1.697302 -2.688614 0.000000 0.000002 0.000000
 43   -0.664068 1.698578 2.869377 0.000000 0.000002 0.000000
time 43
  0   -0.010486 -0.546892 -0.601210 0.000000 0.000000 -1.571449
  1   -1.093036 0.000002 -0.326057 -1.570809 -1.570703 0.000022
  2   2.262337 0.113614 0.064702 -0.041678 -0.082345 0.353815
  3   2.380047 0.353302 0.047440 -0.089016 -0.018005 0.339405
  4   2.033756 0.190472 -0.000128 -0.164223 -0.016515 0.057028
  5   2.451511 0.204909 -0.003447 -0.352727 0.087480 0.033248
  6   7.247600 -0.397300 -0.109469 0.000001 0.000021 0.156829
  7   -2.022252 -0.104661 3.136172 0.412867 -1.277949 -3.685833
  8   1.168026 -0.537438 -0.063437 -0.689143 0.612492 -0.695801
  9   6.790376 -0.619176 0.015206 0.087722 -0.091519 -1.089299
 10   8.637599 0.544015 -0.090417 -3.729286 0.326903 0.220819
 11   6.790465 -0.619039 0.017802 0.052679 -0.085898 -0.776679
 12   -2.022474 -0.104699 -2.873818 -1.690561 1.475254 -4.793253
 13   1.167898 -0.537463 0.063297 -0.071841 -0.912414 -0.611916
 14   7.002743 -0.617765 -0.183752 0.382816 -0.332224 -1.655472
 15   8.209042 0.615527 -0.255885 1.349996 0.478710 -0.738914
 16   7.002735 -0.617911 -0.183641 0.225757 -0.295606 -1.153961
 17   1.574674 0.609930 -0.000899 0.310216 -0.200166 0.685397
 18   -0.602177 0.511412 -0.000006 0.000000 0.000000 0.000000
 19   3.673773 0.177020 1.119313 -0.000002 -0.000014 -0.174510
 20   3.673767 0.176993 -1.117566 0.000007 -0.000003 -0.174546
 21   3.942357 1.330634 1.627658 0.000002 -0.000011 -0.000026
 22   -0.246060 -0.011889 0.516521 -0.000011 0.000031 0.000025
 23   3.942374 1.330659 -1.631083 0.000019 0.000002 -0.000024
 24   -0.246150 -0.011872 -0.516511 -0.000005 -0.000006 0.000048
 25   4.941364 1.997338 1.629330 0.000018 -0.000001 -0.000024
 26   4.941382 1.997366 -1.629410 -0.000001 0.000005 -0.000024
 27   2.918368 1.615358 1.514501 -0.000019 -0.000022 -0.000050
 28   2.920798 1.614964 -1.501142 -0.000002 -0.000009 -0.000024
 29   8.824059 0.150544 0.091743 0.000006 -0.000231 -0.174534
 30   2.111085 -0.561179 1.784320 -0.000008 -0.000682 0.000024
 31   2.121290 -0.561289 -1.853599 0.000000 0.000000 -0.000002
 32   -0.810489 -0.093824 3.127092 0.564080 -3.064347 -0.563586
 33   14.298673 -0.408176 0.475484 -0.006392 -0.009799 -0.413535
 34   15.835795 0.581398 0.242756 -0.007436 -0.212263 -0.117847
 35   -0.815868 -0.091229 -3.114430 -0.120039 3.021422 -0.057357
 36   14.294526 -0.410349 -0.463635 0.001663 0.012787 -0.721549
 37   15.834409 0.579420 -0.284600 -0.182270 -0.002314 0.569929
 38   1.139685 -3.453749 -2.823813 0.000000 0.000000 0.000001
 39   -4.457742 -1.054854 -0.746180 0.000000 0.000000 0.000000
 40   1.118101 -3.449769 3.237290 0.000000 0.000001 0.000000
 41   -4.433840 -1.059130 0.959566 -0.000001 0.000000 0.000000
 42   -0.657468 1.697302 -2.688614 0.000000 0.000002 0.000000
 43   -0.664068 1.698578 2.869377 0.000000 0.000002 0.000000
time 44
  0   -0.010486 -0.546892 -0.601210 0.000000 0.000000 -1.571449
  1   -1.093036 0.000002 -0.326057 -1.570809 -1.570703 0.000022
  2   2.262337 0.113614 0.064702 -0.041678 -0.082345 0.353815
  3   2.380047 0.353302 0.047440 -0.089016 -0.018005 0.339405
  4   2.033756 0.190472 -0.000128 -0.164223 -0.016275 0.059891
  5   2.451511 0.204909 -0.003447 -0.352864 0.087415 0.028567
  6   7.247600 -0.397300 -0.109469 0.000001 0.000021 0.156829
  7   -2.022252 -0.104661 3.136172 0.412867 -1.277949 -3.685833
  8   1.168026 -0.537438 -0.063437 -0.634722 0.690228 -0.637981
  9   6.790376 -0.619176 0.015206 0.088277 -0.103866 -1.208462
 10   8.637599 0.544015 -0.090417 -3.729286 0.326903 0.220819
 11   6.790465 -0.619039 0.017802 0.050927 -0.096245 -0.859673
 12   -2.022474 -0.104699 -2.873818 -1.690369 1.475254 -4.793253
 13   1.167898 -0.537463 0.063297 -0.077465 -0.912922 -0.607618
 14   7.002743 -0.617765 -0.183752 0.382759 -0.332281 -1.656132
 15   8.209042 0.615527 -0.255885 1.349996 0.478710 -0.738914
 16   7.002735 -0.617911 -0.183641 0.225663 -0.295662 -1.154347
 17   1.574674 0.609930 -0.000899 0.307982 -0.201302 0.690535
 18   -0.602177 0.511412 -0.000006 0.000000 0.000000 0.000000
 19   3.673773 0.177020 1.119313 -0.000002 -0.000014 -0.174510
 20   3.673767 0.176993 -1.117566 0.000007 -0.000003 -0.174546
 21   3.942357 1.330634 1.627658 0.000002 -0.000011 -0.000026
 22   -0.246060 -0.011889 0.516521 -0.000011 0.000031 0.000025
 23   3.942374 1.330659 -1.631083 0.000019 0.000002 -0.000024
 24   -0.246150 -0.011872 -0.516511 -0.000005 -0.000006 0.000048
 25   4.941364 1.997338 1.629330 0.000018 -0.000001 -0.000024
 26   4.941382 1.997366 -1.629410 -0.000001 0.000005 -0.000024
 27   2.918368 1.615358 1.514501 -0.000019 -0.000022 -0.000050
 28   2.920798 1.614964 -1.501142 -0.000002 -0.000009 -0.000024
 29   8.824059 0.150544 0.091743 0.000006 -0.000231 -0.174534
 30   2.111085 -0.561179 1.784320 -0.000008 -0.000682 0.000024
 31   2.121290 -0.561289 -1.853599 0.000000 0.000000 -0.000002
 32   -0.810489 -0.093824 3.127092 0.564080 -3.064347 -0.563586
 33   14.298673 -0.408176 0.475484 -0.006392 -0.009799 -0.413535
 34   15.835795 0.581398 0.242756 -0.007436 -0.212263 -0.117847
 35   -0.815868 -0.091229 -3.114430 -0.120039 3.021422 -0.057357
 36   14.294526 -0.410349 -0.463635 0.001663 0.012787 -0.721549
 37   15.834409 0.579420 -0.284600 -0.182270 -0.002314 0.569929
 38   1.139685 -3.453749 -2.823813 0.000000 0.000000 0.000001
 39   -4.457742 -1.054854 -0.746180 0.000000 0.000000 0.000000
 40   1.118101 -3.449769 3.237290 0.000000 0.000001 0.000000
 41   -4.433840 -1.059130 0.959566 -0.000001 0.000000 0.000000
 42   -0.657468 1.697302 -2.688614 0.000000 0.000002 0.000000
 43   -0.664068 1.698578 2.869377 0.000000 0.000002 0.000000
time 45
  0   -0.010486 -0.546892 -0.601210 0.000000 0.000000 -1.571449
  1   -1.093036 0.000002 -0.326057 -1.570809 -1.570703 0.000022
  2   2.262337 0.113614 0.064702 -0.041678 -0.082345 0.353815
  3   2.380047 0.353302 0.047440 -0.089016 -0.018005 0.339405
  4   2.033756 0.190472 -0.000128 -0.164315 -0.016023 0.062610
  5   2.451511 0.204909 -0.003447 -0.353018 0.087337 0.023416
  6   7.247600 -0.397300 -0.109469 0.000001 0.000021 0.156829
  7   -2.022252 -0.104661 3.136172 0.412867 -1.277949 -3.685833
  8   1.168026 -0.537438 -0.063437 -0.597513 0.733850 -0.605402
  9   6.790376 -0.619176 0.015206 0.088388 -0.108070 -1.254799
 10   8.637599 0.544015 -0.090417 -3.729286 0.326903 0.220819
 11   6.790465 -0.619039 0.017802 0.050168 -0.099855 -0.892028
 12   -2.022474 -0.104699 -2.873818 -1.690369 1.475254 -4.793253
 13   1.167898 -0.537463 0.063297 -0.082034 -0.913177 -0.603441
 14   7.002743 -0.617765 -0.183752 0.382702 -0.332281 -1.657947
 15   8.209042 0.615527 -0.255885 1.349996 0.478710 -0.738914
 16   7.002735 -0.617911 -0.183641 0.225568 -0.295775 -1.155617
 17   1.574674 0.609930 -0.000899 0.307169 -0.201799 0.692531
 18   -0.602177 0.511412 -0.000006 0.000000 0.000000 0.000000
 19   3.673773 0.177020 1.119313 -0.000002 -0.000014 -0.174510
 20   3.673767 0.176993 -1.117566 0.000007 -0.000003 -0.174546
 21   3.942357 1.330634 1.627658 0.000002 -0.000011 -0.000026
 22   -0.246060 -0.011889 0.516521 -0.000011 0.000031 0.000025
 23   3.942374 1.330659 -1.631083 0.000019 0.000002 -0.000024
 24   -0.246150 -0.011872 -0.516511 -0.000005 -0.000006 0.000048
 25   4.941364 1.997338 1.629330 0.000018 -0.000001 -0.000024
 26   4.941382 1.997366 -1.629410 -0.000001 0.000005 -0.000024
 27   2.918368 1.615358 1.514501 -0.000019 -0.000022 -0.000050
 28   2.920798 1.614964 -1.501142 -0.000002 -0.000009 -0.000024
 29   8.824059 0.150544 0.091743 0.000006 -0.000231 -0.174534
 30   2.111085 -0.561179 1.784320 -0.000008 -0.000682 0.000024
 31   2.121290 -0.561289 -1.853599 0.000000 0.000000 -0.000002
 32   -0.810489 -0.093824 3.127092 0.564080 -3.064347 -0.563586
 33   14.298673 -0.408176 0.475484 -0.006392 -0.009799 -0.413535
 34   15.835795 0.581398 0.242756 -0.007436 -0.212263 -0.117847
 35   -0.815868 -0.091229 -3.114430 -0.120039 3.021422 -0.057357
 36   14.294526 -0.410349 -0.463635 0.001663 0.012787 -0.721549
 37   15.834409 0.579420 -0.284600 -0.182270 -0.002314 0.569929
 38   1.139685 -3.453749 -2.823813 0.000000 0.000000 0.000001
 39   -4.457742 -1.054854 -0.746180 0.000000 0.000000 0.000000
 40   1.118101 -3.449769 3.237290 0.000000 0.000001 0.000000
 41   -4.433840 -1.059130 0.959566 -0.000001 0.000000 0.000000
 42   -0.657468 1.697302 -2.688614 0.000000 0.000002 0.000000
 43   -0.664068 1.698578 2.869377 0.000000 0.000002 0.000000
time 46
  0   -0.010486 -0.546892 -0.601210 0.000000 0.000000 -1.571449
  1   -1.093036 0.000002 -0.326057 -1.570809 -1.570703 0.000022
  2   2.262337 0.113614 0.064702 -0.041678 -0.082345 0.353815
  3   2.380047 0.353302 0.047440 -0.089016 -0.018005 0.339405
  4   2.033756 0.190472 -0.000128 -0.164352 -0.015856 0.065111
  5   2.451511 0.204909 -0.003447 -0.353275 0.087885 0.018240
  6   7.247600 -0.397300 -0.109469 0.000001 0.000021 0.156829
  7   -2.022252 -0.104661 3.136172 0.412867 -1.277949 -3.685833
  8   1.168026 -0.537438 -0.063437 -0.576314 0.755888 -0.591548
  9   6.790376 -0.619176 0.015206 0.088388 -0.107803 -1.254120
 10   8.637599 0.544015 -0.090417 -3.729286 0.326903 0.220819
 11   6.790465 -0.619039 0.017802 0.050197 -0.099656 -0.891625
 12   -2.022474 -0.104699 -2.873818 -1.690561 1.475254 -4.793253
 13   1.167898 -0.537463 0.063297 -0.079433 -0.911753 -0.605136
 14   7.002743 -0.617765 -0.183752 0.382475 -0.332224 -1.663145
 15   8.209042 0.615527 -0.255885 1.363657 0.477954 -0.712634
 16   7.002735 -0.617911 -0.183641 0.225239 -0.295944 -1.159370
 17   1.574674 0.609930 -0.000899 0.314034 -0.198817 0.688687
 18   -0.602177 0.511412 -0.000006 0.000000 0.000000 0.000000
 19   3.673773 0.177020 1.119313 -0.000002 -0.000014 -0.174510
 20   3.673767 0.176993 -1.117566 0.000007 -0.000003 -0.174546
 21   3.942357 1.330634 1.627658 0.000002 -0.000011 -0.000026
 22   -0.246060 -0.011889 0.516521 -0.000011 0.000031 0.000025
 23   3.942374 1.330659 -1.631083 0.000019 0.000002 -0.000024
 24   -0.246150 -0.011872 -0.516511 -0.000005 -0.000006 0.000048
 25   4.941364 1.997338 1.629330 0.000018 -0.000001 -0.000024
 26   4.941382 1.997366 -1.629410 -0.000001 0.000005 -0.000024
 27   2.918368 1.615358 1.514501 -0.000019 -0.000022 -0.000050
 28   2.920798 1.614964 -1.501142 -0.000002 -0.000009 -0.000024
 29   8.824059 0.150544 0.091743 0.000006 -0.000231 -0.174534
 30   2.111085 -0.561179 1.784320 -0.000008 -0.000682 0.000024
 31   2.121290 -0.561289 -1.853599 0.000000 0.000000 -0.000002
 32   -0.810489 -0.093824 3.127092 0.564080 -3.064347 -0.563586
 33   14.298673 -0.408176 0.475484 -0.006392 -0.009799 -0.413535
 34   15.835795 0.581398 0.242756 -0.007436 -0.212263 -0.117847
 35   -0.815868 -0.091229 -3.114430 -0.120039 3.021422 -0.057357
 36   14.294526 -0.410349 -0.463635 0.001663 0.012787 -0.721549
 37   15.834409 0.579420 -0.284600 -0.182270 -0.002314 0.569929
 38   1.139685 -3.453749 -2.823813 0.000000 0.000000 0.000001
 39   -4.457742 -1.054854 -0.746180 0.000000 0.000000 0.000000
 40   1.118101 -3.449769 3.237290 0.000000 0.000001 0.000000
 41   -4.433840 -1.059130 0.959566 -0.000001 0.000000 0.000000
 42   -0.657468 1.697302 -2.688614 0.000000 0.000002 0.000000
 43   -0.664068 1.698578 2.869377 0.000000 0.000002 0.000000
time 47
  0   -0.010486 -0.546892 -0.601210 0.000000 0.000000 -1.571449
  1   -1.093036 0.000002 -0.326057 -1.570809 -1.570703 0.000022
  2   2.262337 0.113614 0.064702 -0.041678 -0.082345 0.353815
  3   2.380047 0.353302 0.047440 -0.089016 -0.018005 0.339405
  4   2.033756 0.190472 -0.000128 -0.164389 -0.015676 0.067286
  5   2.451511 0.204909 -0.003447 -0.353446 0.088055 0.013485
  6   7.247600 -0.397300 -0.109469 0.000001 0.000021 0.156829
  7   -2.022252 -0.104661 3.136172 0.412867 -1.277949 -3.685833
  8   1.168026 -0.537438 -0.063437 -0.556697 0.776114 -0.580414
  9   6.790376 -0.619176 0.015206 0.088166 -0.107203 -1.245592
 10   8.637599 0.544015 -0.090417 -3.729286 0.326903 0.220819
 11   6.790465 -0.619039 0.017802 0.050255 -0.099002 -0.885626
 12   -2.022474 -0.104699 -2.873818 -1.690561 1.475254 -4.793253
 13   1.167898 -0.537463 0.063297 -0.063828 -0.907837 -0.617001
 14   7.002743 -0.617765 -0.183752 0.381791 -0.332054 -1.674778
 15   8.209042 0.615527 -0.255885 1.400687 0.476365 -0.640830
 16   7.002735 -0.617911 -0.183641 0.224392 -0.296226 -1.167373
 17   1.574674 0.609930 -0.000899 0.332476 -0.190534 0.678116
 18   -0.602177 0.511412 -0.000006 0.000000 0.000000 0.000000
 19   3.673773 0.177020 1.119313 -0.000002 -0.000014 -0.174510
 20   3.673767 0.176993 -1.117566 0.000007 -0.000003 -0.174546
 21   3.942357 1.330634 1.627658 0.000002 -0.000011 -0.000026
 22   -0.246060 -0.011889 0.516521 -0.000011 0.000031 0.000025
 23   3.942374 1.330659 -1.631083 0.000019 0.000002 -0.000024
 24   -0.246150 -0.011872 -0.516511 -0.000005 -0.000006 0.000048
 25   4.941364 1.997338 1.629330 0.000018 -0.000001 -0.000024
 26   4.941382 1.997366 -1.629410 -0.000001 0.000005 -0.000024
 27   2.918368 1.615358 1.514501 -0.000019 -0.000022 -0.000050
 28   2.920798 1.614964 -1.501142 -0.000002 -0.000009 -0.000024
 29   8.824059 0.150544 0.091743 0.000006 -0.000231 -0.174534
 30   2.111085 -0.561179 1.784320 -0.000008 -0.000682 0.000024
 31   2.121290 -0.561289 -1.853599 0.000000 0.000000 -0.000002
 32   -0.810489 -0.093824 3.127092 0.564080 -3.064347 -0.563586
 33   14.298673 -0.408176 0.475484 -0.006392 -0.009799 -0.413535
 34   15.835795 0.581398 0.242756 -0.007436 -0.212263 -0.117847
 35   -0.815868 -0.091229 -3.114430 -0.120039 3.021422 -0.057357
 36   14.294526 -0.410349 -0.463635 0.001663 0.012787 -0.721549
 37   15.834409 0.579420 -0.284600 -0.182270 -0.002314 0.569929
 38   1.139685 -3.453749 -2.823813 0.000000 0.000000 0.000001
 39   -4.457742 -1.054854 -0.746180 0.000000 0.000000 0.000000
 40   1.118101 -3.449769 3.237290 0.000000 0.000001 0.000000
 41   -4.433840 -1.059130 0.959566 -0.000001 0.000000 0.000000
 42   -0.657468 1.697302 -2.688614 0.000000 0.000002 0.000000
 43   -0.664068 1.698578 2.869377 0.000000 0.000002 0.000000
time 48
  0   -0.010486 -0.546892 -0.601210 0.000000 0.000000 -1.571449
  1   -1.093036 0.000002 -0.326057 -1.570809 -1.570703 0.000022
  2   2.262337 0.113614 0.064702 -0.041678 -0.082345 0.353815
  3   2.380047 0.353302 0.047440 -0.089016 -0.018005 0.339405
  4   2.033756 0.190472 -0.000128 -0.164389 -0.015532 0.069098
  5   2.451511 0.204909 -0.003447 -0.353600 0.087376 0.009696
  6   7.247600 -0.397300 -0.109469 0.000001 0.000021 0.156829
  7   -2.022252 -0.104661 3.136172 0.412867 -1.277949 -3.685833
  8   1.168026 -0.537438 -0.063437 -0.539991 0.793724 -0.572380
  9   6.790376 -0.619176 0.015206 0.088277 -0.105868 -1.229593
 10   8.637599 0.544015 -0.090417 -3.729286 0.326903 0.220819
 11   6.790465 -0.619039 0.017802 0.050606 -0.097865 -0.874553
 12   -2.022474 -0.104699 -2.873818 -1.690369 1.475254 -4.793253
 13   1.167898 -0.537463 0.063297 -0.036694 -0.901277 -0.638309
 14   7.002743 -0.617765 -0.183752 0.380937 -0.331997 -1.689959
 15   8.209042 0.615527 -0.255885 1.456196 0.474927 -0.533846
 16   7.002735 -0.617911 -0.183641 0.223309 -0.296790 -1.177915
 17   1.574674 0.609930 -0.000899 0.360016 -0.177967 0.662777
 18   -0.602177 0.511412 -0.000006 0.000000 0.000000 0.000000
 19   3.673773 0.177020 1.119313 -0.000002 -0.000014 -0.174510
 20   3.673767 0.176993 -1.117566 0.000007 -0.000003 -0.174546
 21   3.942357 1.330634 1.627658 0.000002 -0.000011 -0.000026
 22   -0.246060 -0.011889 0.516521 -0.000011 0.000031 0.000025
 23   3.942374 1.330659 -1.631083 0.000019 0.000002 -0.000024
 24   -0.246150 -0.011872 -0.516511 -0.000005 -0.000006 0.000048
 25   4.941364 1.997338 1.629330 0.000018 -0.000001 -0.000024
 26   4.941382 1.997366 -1.629410 -0.000001 0.000005 -0.000024
 27   2.918368 1.615358 1.514501 -0.000019 -0.000022 -0.000050
 28   2.920798 1.614964 -1.501142 -0.000002 -0.000009 -0.000024
 29   8.824059 0.150544 0.091743 0.000006 -0.000231 -0.174534
 30   2.111085 -0.561179 1.784320 -0.000008 -0.000682 0.000024
 31   2.121290 -0.561289 -1.853599 0.000000 0.000000 -0.000002
 32   -0.810489 -0.093824 3.127092 0.564080 -3.064347 -0.563586
 33   14.298673 -0.408176 0.475484 -0.006392 -0.009799 -0.413535
 34   15.835795 0.581398 0.242756 -0.007436 -0.212263 -0.117847
 35   -0.815868 -0.091229 -3.114430 -0.120039 3.021422 -0.057357
 36   14.294526 -0.410349 -0.463635 0.001663 0.012787 -0.721549
 37   15.834409 0.579420 -0.284600 -0.182270 -0.002314 0.569929
 38   1.139685 -3.453749 -2.823813 0.000000 0.000000 0.000001
 39   -4.457742 -1.054854 -0.746180 0.000000 0.000000 0.000000
 40   1.118101 -3.449769 3.237290 0.000000 0.000001 0.000000
 41   -4.433840 -1.059130 0.959566 -0.000001 0.000000 0.000000
 42   -0.657468 1.697302 -2.688614 0.000000 0.000002 0.000000
 43   -0.664068 1.698578 2.869377 0.000000 0.000002 0.000000
time 49
  0   -0.010486 -0.546892 -0.601210 0.000000 0.000000 -1.571449
  1   -1.093036 0.000002 -0.326057 -1.570809 -1.570703 0.000022
  2   2.262337 0.113614 0.064702 -0.041678 -0.082345 0.353815
  3   2.380047 0.353302 0.047440 -0.089016 -0.018005 0.339405
  4   2.033756 0.190472 -0.000128 -0.164389 -0.015424 0.069968
  5   2.451511 0.204909 -0.003447 -0.353754 0.086880 0.007170
  6   7.247600 -0.397300 -0.109469 0.000001 0.000021 0.156829
  7   -2.022252 -0.104661 3.136172 0.412867 -1.277949 -3.685833
  8   1.168026 -0.537438 -0.063437 -0.527398 0.808718 -0.568964
  9   6.790376 -0.619176 0.015206 0.088166 -0.103665 -1.207632
 10   8.637599 0.544015 -0.090417 -3.729286 0.326903 0.220819
 11   6.790465 -0.619039 0.017802 0.050956 -0.096188 -0.859154
 12   -2.022474 -0.104699 -2.873818 -1.690369 1.475254 -4.793253
 13   1.167898 -0.537463 0.063297 -0.001336 -0.893395 -0.667063
 14   7.002743 -0.617765 -0.183752 0.379969 -0.331940 -1.706213
 15   8.209042 0.615527 -0.255885 1.525726 0.475079 -0.401664
 16   7.002735 -0.617911 -0.183641 0.222085 -0.297354 -1.189340
 17   1.574674 0.609930 -0.000899 0.393934 -0.162134 0.644371
 18   -0.602177 0.511412 -0.000006 0.000000 0.000000 0.000000
 19   3.673773 0.177020 1.119313 -0.000002 -0.000014 -0.174510
 20   3.673767 0.176993 -1.117566 0.000007 -0.000003 -0.174546
 21   3.942357 1.330634 1.627658 0.000002 -0.000011 -0.000026
 22   -0.246060 -0.011889 0.516521 -0.000011 0.000031 0.000025
 23   3.942374 1.330659 -1.631083 0.000019 0.000002 -0.000024
 24   -0.246150 -0.011872 -0.516511 -0.000005 -0.000006 0.000048
 25   4.941364 1.997338 1.629330 0.000018 -0.000001 -0.000024
 26   4.941382 1.997366 -1.629410 -0.000001 0.000005 -0.000024
 27   2.918368 1.615358 1.514501 -0.000019 -0.000022 -0.000050
 28   2.920798 1.614964 -1.501142 -0.000002 -0.000009 -0.000024
 29   8.824059 0.150544 0.091743 0.000006 -0.000231 -0.174534
 30   2.111085 -0.561179 1.784320 -0.000008 -0.000682 0.000024
 31   2.121290 -0.561289 -1.853599 0.000000 0.000000 -0.000002
 32   -0.810489 -0.093824 3.127092 0.564080 -3.064347 -0.563586
 33   14.298673 -0.408176 0.475484 -0.006392 -0.009799 -0.413535
 34   15.835795 0.581398 0.242756 -0.007436 -0.212263 -0.117847
 35   -0.815868 -0.091229 -3.114430 -0.120039 3.021422 -0.057357
 36   14.294526 -0.410349 -0.463635 0.001663 0.012787 -0.721549
 37   15.834409 0.579420 -0.284600 -0.182270 -0.002314 0.569929
 38   1.139685 -3.453749 -2.823813 0.000000 0.000000 0.000001
 39   -4.457742 -1.054854 -0.746180 0.000000 0.000000 0.000000
 40   1.118101 -3.449769 3.237290 0.000000 0.000001 0.000000
 41   -4.433840 -1.059130 0.959566 -0.000001 0.000000 0.000000
 42   -0.657468 1.697302 -2.688614 0.000000 0.000002 0.000000
 43   -0.664068 1.698578 2.869377 0.000000 0.000002 0.000000
time 50
  0   -0.010486 -0.546892 -0.601210 0.000000 0.000000 -1.571449
  1   -1.093036 0.000002 -0.326057 -1.570809 -1.570703 0.000022
  2   2.262337 0.113614 0.064702 -0.041678 -0.082345 0.353815
  3   2.380047 0.353302 0.047440 -0.089016 -0.018005 0.339405
  4   2.033756 0.190472 -0.000128 -0.164389 -0.015424 0.069968
  5   2.451511 0.204909 -0.003447 -0.353857 0.086775 0.007170
  6   7.247600 -0.397300 -0.109469 0.000001 0.000021 0.156829
  7   -2.022252 -0.104661 3.136172 0.412867 -1.277949 -3.685833
  8   1.168026 -0.537438 -0.063437 -0.518349 0.819938 -0.568964
  9   6.790376 -0.619176 0.015206 0.088166 -0.101129 -1.180841
 10   8.637599 0.544015 -0.090417 -3.729286 0.326903 0.220819
 11   6.790465 -0.619039 0.017802 0.051365 -0.093971 -0.840582
 12   -2.022474 -0.104699 -2.873818 -1.690369 1.475254 -4.793253
 13   1.167898 -0.537463 0.063297 0.041051 -0.884648 -0.701023
 14   7.002743 -0.617765 -0.183752 0.379457 -0.331542 -1.721559
 15   8.209042 0.615527 -0.255885 1.603453 0.477575 -0.254929
 16   7.002735 -0.617911 -0.183641 0.221238 -0.297805 -1.199992
 17   1.574674 0.609930 -0.000899 0.431061 -0.143958 0.624523
 18   -0.602177 0.511412 -0.000006 0.000000 0.000000 0.000000
 19   3.673773 0.177020 1.119313 -0.000002 -0.000014 -0.174510
 20   3.673767 0.176993 -1.117566 0.000007 -0.000003 -0.174546
 21   3.942357 1.330634 1.627658 0.000002 -0.000011 -0.000026
 22   -0.246060 -0.011889 0.516521 -0.000011 0.000031 0.000025
 23   3.942374 1.330659 -1.631083 0.000019 0.000002 -0.000024
 24   -0.246150 -0.011872 -0.516511 -0.000005 -0.000006 0.000048
 25   4.941364 1.997338 1.629330 0.000018 -0.000001 -0.000024
 26   4.941382 1.997366 -1.629410 -0.000001 0.000005 -0.000024
 27   2.918368 1.615358 1.514501 -0.000019 -0.000022 -0.000050
 28   2.920798 1.614964 -1.501142 -0.000002 -0.000009 -0.000024
 29   8.824059 0.150544 0.091743 0.000006 -0.000231 -0.174534
 30   2.111085 -0.561179 1.784320 -0.000008 -0.000682 0.000024
 31   2.121290 -0.561289 -1.853599 0.000000 0.000000 -0.000002
 32   -0.810489 -0.093824 3.127092 0.564080 -3.064347 -0.563586
 33   14.298673 -0.408176 0.475484 -0.006392 -0.009799 -0.413535
 34   15.835795 0.581398 0.242756 -0.007436 -0.212263 -0.117847
 35   -0.815868 -0.091229 -3.114430 -0.120039 3.021422 -0.057357
 36   14.294526 -0.410349 -0.463635 0.001663 0.012787 -0.721549
 37   15.834409 0.579420 -0.284600 -0.182270 -0.002314 0.569929
 38   1.139685 -3.453749 -2.823813 0.000000 0.000000 0.000001
 39   -4.457742 -1.054854 -0.746180 0.000000 0.000000 0.000000
 40   1.118101 -3.449769 3.237290 0.000000 0.000001 0.000000
 41   -4.433840 -1.059130 0.959566 -0.000001 0.000000 0.000000
 42   -0.657468 1.697302 -2.688614 0.000000 0.000002 0.000000
 43   -0.664068 1.698578 2.869377 0.000000 0.000002 0.000000
time 51
  0   -0.010486 -0.546892 -0.601210 0.000000 0.000000 -1.571449
  1   -1.093036 0.000002 -0.326057 -1.570809 -1.570703 0.000022
  2   2.262337 0.113614 0.064702 -0.041678 -0.082345 0.353815
  3   2.380047 0.353302 0.047440 -0.089016 -0.018005 0.339405
  4   2.033756 0.190472 -0.000128 -0.164389 -0.015424 0.069968
  5   2.451511 0.204909 -0.003447 -0.353891 0.086632 0.007244
  6   7.247600 -0.397300 -0.109469 0.000001 0.000021 0.156829
  7   -2.022252 -0.104661 3.136172 0.412867 -1.277949 -3.685833
  8   1.168026 -0.537438 -0.063437 -0.514046 0.827133 -0.573139
  9   6.790376 -0.619176 0.015206 0.088055 -0.098193 -1.151786
 10   8.637599 0.544015 -0.090417 -3.729286 0.326903 0.220819
 11   6.790465 -0.619039 0.017802 0.051803 -0.091441 -0.820166
 12   -2.022474 -0.104699 -2.873818 -1.690561 1.475254 -4.793253
 13   1.167898 -0.537463 0.063297 0.086742 -0.874986 -0.737586
 14   7.002743 -0.617765 -0.183752 0.378945 -0.331259 -1.735172
 15   8.209042 0.615527 -0.255885 1.683985 0.482191 -0.104706
 16   7.002735 -0.617911 -0.183641 0.220531 -0.298087 -1.209209
 17   1.574674 0.609930 -0.000899 0.468838 -0.124432 0.604970
 18   -0.602177 0.511412 -0.000006 0.000000 0.000000 0.000000
 19   3.673773 0.177020 1.119313 -0.000002 -0.000014 -0.174510
 20   3.673767 0.176993 -1.117566 0.000007 -0.000003 -0.174546
 21   3.942357 1.330634 1.627658 0.000002 -0.000011 -0.000026
 22   -0.246060 -0.011889 0.516521 -0.000011 0.000031 0.000025
 23   3.942374 1.330659 -1.631083 0.000019 0.000002 -0.000024
 24   -0.246150 -0.011872 -0.516511 -0.000005 -0.000006 0.000048
 25   4.941364 1.997338 1.629330 0.000018 -0.000001 -0.000024
 26   4.941382 1.997366 -1.629410 -0.000001 0.000005 -0.000024
 27   2.918368 1.615358 1.514501 -0.000019 -0.000022 -0.000050
 28   2.920798 1.614964 -1.501142 -0.000002 -0.000009 -0.000024
 29   8.824059 0.150544 0.091743 0.000006 -0.000231 -0.174534
 30   2.111085 -0.561179 1.784320 -0.000008 -0.000682 0.000024
 31   2.121290 -0.561289 -1.853599 0.000000 0.000000 -0.000002
 32   -0.810489 -0.093824 3.127092 0.564080 -3.064347 -0.563586
 33   14.298673 -0.408176 0.475484 -0.006392 -0.009799 -0.413535
 34   15.835795 0.581398 0.242756 -0.007436 -0.212263 -0.117847
 35   -0.815868 -0.091229 -3.114430 -0.120039 3.021422 -0.057357
 36   14.294526 -0.410349 -0.463635 0.001663 0.012787 -0.721549
 37   15.834409 0.579420 -0.284600 -0.182270 -0.002314 0.569929
 38   1.139685 -3.453749 -2.823813 0.000000 0.000000 0.000001
 39   -4.457742 -1.054854 -0.746180 0.000000 0.000000 0.000000
 40   1.118101 -3.449769 3.237290 0.000000 0.000001 0.000000
 41   -4.433840 -1.059130 0.959566 -0.000001 0.000000 0.000000
 42   -0.657468 1.697302 -2.688614 0.000000 0.000002 0.000000
 43   -0.664068 1.698578 2.869377 0.000000 0.000002 0.000000
time 52
  0   -0.010486 -0.546892 -0.601210 0.000000 0.000000 -1.571449
  1   -1.093036 0.000002 -0.326057 -1.570809 -1.570703 0.000022
  2   2.262337 0.113614 0.064702 -0.041678 -0.082345 0.353815
  3   2.380047 0.353302 0.047440 -0.089016 -0.018005 0.339405
  4   2.033756 0.190472 -0.000128 -0.164389 -0.015424 0.069968
  5   2.451511 0.204909 -0.003447 -0.353874 0.086749 0.009795
  6   7.247600 -0.397300 -0.109469 0.000001 0.000021 0.156829
  7   -2.022252 -0.104661 3.136172 0.412867 -1.277949 -3.685833
  8   1.168026 -0.537438 -0.063437 -0.513856 0.830806 -0.580161
  9   6.790376 -0.619176 0.015206 0.087833 -0.095123 -1.122731
 10   8.637599 0.544015 -0.090417 -3.729286 0.326903 0.220819
 11   6.790465 -0.619039 0.017802 0.052241 -0.088968 -0.799922
 12   -2.022474 -0.104699 -2.873818 -1.690369 1.475254 -4.793253
 13   1.167898 -0.537463 0.063297 0.131309 -0.864714 -0.773120
 14   7.002743 -0.617765 -0.183752 0.378546 -0.331088 -1.745568
 15   8.209042 0.615527 -0.255885 1.761280 0.488016 0.036557
 16   7.002735 -0.617911 -0.183641 0.219967 -0.298369 -1.216605
 17   1.574674 0.609930 -0.000899 0.504380 -0.104647 0.587488
 18   -0.602177 0.511412 -0.000006 0.000000 0.000000 0.000000
 19   3.673773 0.177020 1.119313 -0.000002 -0.000014 -0.174510
 20   3.673767 0.176993 -1.117566 0.000007 -0.000003 -0.174546
 21   3.942357 1.330634 1.627658 0.000002 -0.000011 -0.000026
 22   -0.246060 -0.011889 0.516521 -0.000011 0.000031 0.000025
 23   3.942374 1.330659 -1.631083 0.000019 0.000002 -0.000024
 24   -0.246150 -0.011872 -0.516511 -0.000005 -0.000006 0.000048
 25   4.941364 1.997338 1.629330 0.000018 -0.000001 -0.000024
 26   4.941382 1.997366 -1.629410 -0.000001 0.000005 -0.000024
 27   2.918368 1.615358 1.514501 -0.000019 -0.000022 -0.000050
 28   2.920798 1.614964 -1.501142 -0.000002 -0.000009 -0.000024
 29   8.824059 0.150544 0.091743 0.000006 -0.000231 -0.174534
 30   2.111085 -0.561179 1.784320 -0.000008 -0.000682 0.000024
 31   2.121290 -0.561289 -1.853599 0.000000 0.000000 -0.000002
 32   -0.810489 -0.093824 3.127092 0.564080 -3.064347 -0.563586
 33   14.298673 -0.408176 0.475484 -0.006392 -0.009799 -0.413535
 34   15.835795 0.581398 0.242756 -0.007436 -0.212263 -0.117847
 35   -0.815868 -0.091229 -3.114430 -0.120039 3.021422 -0.057357
 36   14.294526 -0.410349 -0.463635 0.001663 0.012787 -0.721549
 37   15.834409 0.579420 -0.284600 -0.182270 -0.002314 0.569929
 38   1.139685 -3.453749 -2.823813 0.000000 0.000000 0.000001
 39   -4.457742 -1.054854 -0.746180 0.000000 0.000000 0.000000
 40   1.118101 -3.449769 3.237290 0.000000 0.000001 0.000000
 41   -4.433840 -1.059130 0.959566 -0.000001 0.000000 0.000000
 42   -0.657468 1.697302 -2.688614 0.000000 0.000002 0.000000
 43   -0.664068 1.698578 2.869377 0.000000 0.000002 0.000000
time 53
  0   -0.010486 -0.546892 -0.601210 0.000000 0.000000 -1.571449
  1   -1.093036 0.000002 -0.326057 -1.570809 -1.570703 0.000022
  2   2.262337 0.113614 0.064702 -0.041678 -0.082345 0.353815
  3   2.380047 0.353302 0.047440 -0.089016 -0.018005 0.339405
  4   2.033756 0.190472 -0.000128 -0.164389 -0.015424 0.069968
  5   2.451511 0.204909 -0.003447 -0.353754 0.086971 0.013708
  6   7.247600 -0.397300 -0.109469 0.000001 0.000021 0.156829
  7   -2.022252 -0.104661 3.136172 0.412867 -1.277949 -3.685833
  8   1.168026 -0.537438 -0.063437 -0.515185 0.829548 -0.587183
  9   6.790376 -0.619176 0.015206 0.087722 -0.092320 -1.096242
 10   8.637599 0.544015 -0.090417 -3.729286 0.326903 0.220819
 11   6.790465 -0.619039 0.017802 0.052562 -0.086552 -0.781581
 12   -2.022474 -0.104699 -2.873818 -1.690369 1.475254 -4.793253
 13   1.167898 -0.537463 0.063297 0.170392 -0.854899 -0.804235
 14   7.002743 -0.617765 -0.183752 0.378262 -0.331031 -1.752911
 15   8.209042 0.615527 -0.255885 1.827143 0.493994 0.155809
 16   7.002735 -0.617911 -0.183641 0.219496 -0.298707 -1.221683
 17   1.574674 0.609930 -0.000899 0.534602 -0.085548 0.573516
 18   -0.602177 0.511412 -0.000006 0.000000 0.000000 0.000000
 19   3.673773 0.177020 1.119313 -0.000002 -0.000014 -0.174510
 20   3.673767 0.176993 -1.117566 0.000007 -0.000003 -0.174546
 21   3.942357 1.330634 1.627658 0.000002 -0.000011 -0.000026
 22   -0.246060 -0.011889 0.516521 -0.000011 0.000031 0.000025
 23   3.942374 1.330659 -1.631083 0.000019 0.000002 -0.000024
 24   -0.246150 -0.011872 -0.516511 -0.000005 -0.000006 0.000048
 25   4.941364 1.997338 1.629330 0.000018 -0.000001 -0.000024
 26   4.941382 1.997366 -1.629410 -0.000001 0.000005 -0.000024
 27   2.918368 1.615358 1.514501 -0.000019 -0.000022 -0.000050
 28   2.920798 1.614964 -1.501142 -0.000002 -0.000009 -0.000024
 29   8.824059 0.150544 0.091743 0.000006 -0.000231 -0.174534
 30   2.111085 -0.561179 1.784320 -0.000008 -0.000682 0.000024
 31   2.121290 -0.561289 -1.853599 0.000000 0.000000 -0.000002
 32   -0.810489 -0.093824 3.127092 0.564080 -3.064347 -0.563586
 33   14.298673 -0.408176 0.475484 -0.006392 -0.009799 -0.413535
 34   15.835795 0.581398 0.242756 -0.007436 -0.212263 -0.117847
 35   -0.815868 -0.091229 -3.114430 -0.120039 3.021422 -0.057357
 36   14.294526 -0.410349 -0.463635 0.001663 0.012787 -0.721549
 37   15.834409 0.579420 -0.284600 -0.182270 -0.002314 0.569929
 38   1.139685 -3.453749 -2.823813 0.000000 0.000000 0.000001
 39   -4.457742 -1.054854 -0.746180 0.000000 0.000000 0.000000
 40   1.118101 -3.449769 3.237290 0.000000 0.000001 0.000000
 41   -4.433840 -1.059130 0.959566 -0.000001 0.000000 0.000000
 42   -0.657468 1.697302 -2.688614 0.000000 0.000002 0.000000
 43   -0.664068 1.698578 2.869377 0.000000 0.000002 0.000000
time 54
  0   -0.010486 -0.546892 -0.601210 0.000000 0.000000 -1.571449
  1   -1.093036 0.000002 -0.326057 -1.570809 -1.570703 0.000022
  2   2.262337 0.113614 0.064702 -0.041678 -0.082345 0.353815
  3   2.380047 0.353302 0.047440 -0.089016 -0.018005 0.339405
  4   2.033756 0.190472 -0.000128 -0.164389 -0.015424 0.069968
  5   2.451511 0.204909 -0.003447 -0.353600 0.087219 0.018364
  6   7.247600 -0.397300 -0.109469 0.000001 0.000021 0.156829
  7   -2.022252 -0.104661 3.136172 0.412867 -1.277949 -3.685833
  8   1.168026 -0.537438 -0.063437 -0.520817 0.827032 -0.595913
  9   6.790376 -0.619176 0.015206 0.087445 -0.089783 -1.074658
 10   8.637599 0.544015 -0.090417 -3.729286 0.326903 0.220819
 11   6.790465 -0.619039 0.017802 0.052795 -0.084562 -0.766586
 12   -2.022474 -0.104699 -2.873818 -1.690561 1.475254 -4.793253
 13   1.167898 -0.537463 0.063297 0.200057 -0.847373 -0.827662
 14   7.002743 -0.617765 -0.183752 0.378262 -0.330975 -1.756706
 15   8.209042 0.615527 -0.255885 1.873089 0.498457 0.238077
 16   7.002735 -0.617911 -0.183641 0.219307 -0.298707 -1.224387
 17   1.574674 0.609930 -0.000899 0.556658 -0.068295 0.564978
 18   -0.602177 0.511412 -0.000006 0.000000 0.000000 0.000000
 19   3.673773 0.177020 1.119313 -0.000002 -0.000014 -0.174510
 20   3.673767 0.176993 -1.117566 0.000007 -0.000003 -0.174546
 21   3.942357 1.330634 1.627658 0.000002 -0.000011 -0.000026
 22   -0.246060 -0.011889 0.516521 -0.000011 0.000031 0.000025
 23   3.942374 1.330659 -1.631083 0.000019 0.000002 -0.000024
 24   -0.246150 -0.011872 -0.516511 -0.000005 -0.000006 0.000048
 25   4.941364 1.997338 1.629330 0.000018 -0.000001 -0.000024
 26   4.941382 1.997366 -1.629410 -0.000001 0.000005 -0.000024
 27   2.918368 1.615358 1.514501 -0.000019 -0.000022 -0.000050
 28   2.920798 1.614964 -1.501142 -0.000002 -0.000009 -0.000024
 29   8.824059 0.150544 0.091743 0.000006 -0.000231 -0.174534
 30   2.111085 -0.561179 1.784320 -0.000008 -0.000682 0.000024
 31   2.121290 -0.561289 -1.853599 0.000000 0.000000 -0.000002
 32   -0.810489 -0.093824 3.127092 0.564080 -3.064347 -0.563586
 33   14.298673 -0.408176 0.475484 -0.006392 -0.009799 -0.413535
 34   15.835795 0.581398 0.242756 -0.007436 -0.212263 -0.117847
 35   -0.815868 -0.091229 -3.114430 -0.120039 3.021422 -0.057357
 36   14.294526 -0.410349 -0.463635 0.001663 0.012787 -0.721549
 37   15.834409 0.579420 -0.284600 -0.182270 -0.002314 0.569929
 38   1.139685 -3.453749 -2.823813 0.000000 0.000000 0.000001
 39   -4.457742 -1.054854 -0.746180 0.000000 0.000000 0.000000
 40   1.118101 -3.449769 3.237290 0.000000 0.000001 0.000000
 41   -4.433840 -1.059130 0.959566 -0.000001 0.000000 0.000000
 42   -0.657468 1.697302 -2.688614 0.000000 0.000002 0.000000
 43   -0.664068 1.698578 2.869377 0.000000 0.000002 0.000000
time 55
  0   -0.010486 -0.546892 -0.601210 0.000000 0.000000 -1.571449
  1   -1.093036 0.000002 -0.326057 -1.570809 -1.570703 0.000022
  2   2.262337 0.113614 0.064702 -0.041678 -0.082345 0.353815
  3   2.380047 0.353302 0.047440 -0.089016 -0.018005 0.339405
  4   2.033756 0.190472 -0.000128 -0.164389 -0.015424 0.069968
  5   2.451511 0.204909 -0.003447 -0.353429 0.087402 0.023465
  6   7.247600 -0.397300 -0.109469 0.000001 0.000021 0.156829
  7   -2.022252 -0.104661 3.136172 0.412867 -1.277949 -3.685833
  8   1.168026 -0.537438 -0.063437 -0.526006 0.824718 -0.603694
  9   6.790376 -0.619176 0.015206 0.087445 -0.088382 -1.061074
 10   8.637599 0.544015 -0.090417 -3.729286 0.326903 0.220819
 11   6.790465 -0.619039 0.017802 0.052941 -0.083340 -0.757127
 12   -2.022474 -0.104699 -2.873818 -1.690561 1.475254 -4.793253
 13   1.167898 -0.537463 0.063297 0.215873 -0.843915 -0.840677
 14   7.002743 -0.617765 -0.183752 0.378262 -0.330975 -1.756211
 15   8.209042 0.615527 -0.255885 1.890562 0.500273 0.268807
 16   7.002735 -0.617911 -0.183641 0.219355 -0.298707 -1.224056
 17   1.574674 0.609930 -0.000899 0.567545 -0.053952 0.563278
 18   -0.602177 0.511412 -0.000006 0.000000 0.000000 0.000000
 19   3.673773 0.177020 1.119313 -0.000002 -0.000014 -0.174510
 20   3.673767 0.176993 -1.117566 0.000007 -0.000003 -0.174546
 21   3.942357 1.330634 1.627658 0.000002 -0.000011 -0.000026
 22   -0.246060 -0.011889 0.516521 -0.000011 0.000031 0.000025
 23   3.942374 1.330659 -1.631083 0.000019 0.000002 -0.000024
 24   -0.246150 -0.011872 -0.516511 -0.000005 -0.000006 0.000048
 25   4.941364 1.997338 1.629330 0.000018 -0.000001 -0.000024
 26   4.941382 1.997366 -1.629410 -0.000001 0.000005 -0.000024
 27   2.918368 1.615358 1.514501 -0.000019 -0.000022 -0.000050
 28   2.920798 1.614964 -1.501142 -0.000002 -0.000009 -0.000024
 29   8.824059 0.150544 0.091743 0.000006 -0.000231 -0.174534
 30   2.111085 -0.561179 1.784320 -0.000008 -0.000682 0.000024
 31   2.121290 -0.561289 -1.853599 0.000000 0.000000 -0.000002
 32   -0.810489 -0.093824 3.127092 0.564080 -3.064347 -0.563586
 33   14.298673 -0.408176 0.475484 -0.006392 -0.009799 -0.413535
 34   15.835795 0.581398 0.242756 -0.007436 -0.212263 -0.117847
 35   -0.815868 -0.091229 -3.114430 -0.120039 3.021422 -0.057357
 36   14.294526 -0.410349 -0.463635 0.001663 0.012787 -0.721549
 37   15.834409 0.579420 -0.284600 -0.182270 -0.002314 0.569929
 38   1.139685 -3.453749 -2.823813 0.000000 0.000000 0.000001
 39   -4.457742 -1.054854 -0.746180 0.000000 0.000000 0.000000
 40   1.118101 -3.449769 3.237290 0.000000 0.000001 0.000000
 41   -4.433840 -1.059130 0.959566 -0.000001 0.000000 0.000000
 42   -0.657468 1.697302 -2.688614 0.000000 0.000002 0.000000
 43   -0.664068 1.698578 2.869377 0.000000 0.000002 0.000000
time 56
  0   -0.010486 -0.546892 -0.601210 0.000000 0.000000 -1.571449
  1   -1.093036 0.000002 -0.326057 -1.570809 -1.570703 0.000022
  2   2.262337 0.113614 0.064702 -0.041678 -0.082345 0.353815
  3   2.380047 0.353302 0.047440 -0.089016 -0.018005 0.339405
  4   2.033756 0.190472 -0.000128 -0.164389 -0.015424 0.069968
  5   2.451511 0.204909 -0.003447 -0.353155 0.086841 0.028691
  6   7.247600 -0.397300 -0.109469 0.000001 0.000021 0.156829
  7   -2.022252 -0.104661 3.136172 0.412867 -1.277949 -3.685833
  8   1.168026 -0.537438 -0.063437 -0.530752 0.820240 -0.608565
  9   6.790376 -0.619176 0.015206 0.087445 -0.087448 -1.053452
 10   8.637599 0.544015 -0.090417 -3.729286 0.326903 0.220819
 11   6.790465 -0.619039 0.017802 0.053058 -0.082629 -0.751705
 12   -2.022474 -0.104699 -2.873818 -1.690561 1.475254 -4.793253
 13   1.167898 -0.537463 0.063297 0.223675 -0.842542 -0.847275
 14   7.002743 -0.617765 -0.183752 0.378262 -0.330975 -1.754726
 15   8.209042 0.615527 -0.255885 1.890562 0.500273 0.268807
 16   7.002735 -0.617911 -0.183641 0.219449 -0.298707 -1.222897
 17   1.574674 0.609930 -0.000899 0.570307 -0.042143 0.567122
 18   -0.602177 0.511412 -0.000006 0.000000 0.000000 0.000000
 19   3.673773 0.177020 1.119313 -0.000002 -0.000014 -0.174510
 20   3.673767 0.176993 -1.117566 0.000007 -0.000003 -0.174546
 21   3.942357 1.330634 1.627658 0.000002 -0.000011 -0.000026
 22   -0.246060 -0.011889 0.516521 -0.000011 0.000031 0.000025
 23   3.942374 1.330659 -1.631083 0.000019 0.000002 -0.000024
 24   -0.246150 -0.011872 -0.516511 -0.000005 -0.000006 0.000048
 25   4.941364 1.997338 1.629330 0.000018 -0.000001 -0.000024
 26   4.941382 1.997366 -1.629410 -0.000001 0.000005 -0.000024
 27   2.918368 1.615358 1.514501 -0.000019 -0.000022 -0.000050
 28   2.920798 1.614964 -1.501142 -0.000002 -0.000009 -0.000024
 29   8.824059 0.150544 0.091743 0.000006 -0.000231 -0.174534
 30   2.111085 -0.561179 1.784320 -0.000008 -0.000682 0.000024
 31   2.121290 -0.561289 -1.853599 0.000000 0.000000 -0.000002
 32   -0.810489 -0.093824 3.127092 0.564080 -3.064347 -0.563586
 33   14.298673 -0.408176 0.475484 -0.006392 -0.009799 -0.413535
 34   15.835795 0.581398 0.242756 -0.007436 -0.212263 -0.117847
 35   -0.815868 -0.091229 -3.114430 -0.120039 3.021422 -0.057357
 36   14.294526 -0.410349 -0.463635 0.001663 0.012787 -0.721549
 37   15.834409 0.579420 -0.284600 -0.182270 -0.002314 0.569929
 38   1.139685 -3.453749 -2.823813 0.000000 0.000000 0.000001
 39   -4.457742 -1.054854 -0.746180 0.000000 0.000000 0.000000
 40   1.118101 -3.449769 3.237290 0.000000 0.000001 0.000000
 41   -4.433840 -1.059130 0.959566 -0.000001 0.000000 0.000000
 42   -0.657468 1.697302 -2.688614 0.000000 0.000002 0.000000
 43   -0.664068 1.698578 2.869377 0.000000 0.000002 0.000000
time 57
  0   -0.010486 -0.546892 -0.601210 0.000000 0.000000 -1.571449
  1   -1.093036 0.000002 -0.326057 -1.570809 -1.570703 0.000022
  2   2.262337 0.113614 0.064702 -0.041678 -0.082345 0.353815
  3   2.380047 0.353302 0.047440 -0.089016 -0.018005 0.339405
  4   2.033756 0.190472 -0.000128 -0.164389 -0.015424 0.069968
  5   2.451511 0.204909 -0.003447 -0.353018 0.086684 0.033446
  6   7.247600 -0.397300 -0.109469 0.000001 0.000021 0.156829
  7   -2.022252 -0.104661 3.136172 0.412867 -1.277949 -3.685833
  8   1.168026 -0.537438 -0.063437 -0.534802 0.816064 -0.612487
  9   6.790376 -0.619176 0.015206 0.087445 -0.086446 -1.047641
 10   8.637599 0.544015 -0.090417 -3.729286 0.326903 0.220819
 11   6.790465 -0.619039 0.017802 0.053175 -0.081947 -0.747726
 12   -2.022474 -0.104699 -2.873818 -1.690369 1.475254 -4.793253
 13   1.167898 -0.537463 0.063297 0.230986 -0.840813 -0.853389
 14   7.002743 -0.617765 -0.183752 0.378375 -0.330975 -1.752416
 15   8.209042 0.615527 -0.255885 1.890562 0.500273 0.268807
 16   7.002735 -0.617911 -0.183641 0.219637 -0.298538 -1.221462
 17   1.574674 0.609930 -0.000899 0.571566 -0.031185 0.570818
 18   -0.602177 0.511412 -0.000006 0.000000 0.000000 0.000000
 19   3.673773 0.177020 1.119313 -0.000002 -0.000014 -0.174510
 20   3.673767 0.176993 -1.117566 0.000007 -0.000003 -0.174546
 21   3.942357 1.330634 1.627658 0.000002 -0.000011 -0.000026
 22   -0.246060 -0.011889 0.516521 -0.000011 0.000031 0.000025
 23   3.942374 1.330659 -1.631083 0.000019 0.000002 -0.000024
 24   -0.246150 -0.011872 -0.516511 -0.000005 -0.000006 0.000048
 25   4.941364 1.997338 1.629330 0.000018 -0.000001 -0.000024
 26   4.941382 1.997366 -1.629410 -0.000001 0.000005 -0.000024
 27   2.918368 1.615358 1.514501 -0.000019 -0.000022 -0.000050
 28   2.920798 1.614964 -1.501142 -0.000002 -0.000009 -0.000024
 29   8.824059 0.150544 0.091743 0.000006 -0.000231 -0.174534
 30   2.111085 -0.561179 1.784320 -0.000008 -0.000682 0.000024
 31   2.121290 -0.561289 -1.853599 0.000000 0.000000 -0.000002
 32   -0.810489 -0.093824 3.127092 0.564080 -3.064347 -0.563586
 33   14.298673 -0.408176 0.475484 -0.006392 -0.009799 -0.413535
 34   15.835795 0.581398 0.242756 -0.007436 -0.212263 -0.117847
 35   -0.815868 -0.091229 -3.114430 -0.120039 3.021422 -0.057357
 36   14.294526 -0.410349 -0.463635 0.001663 0.012787 -0.721549
 37   15.834409 0.579420 -0.284600 -0.182270 -0.002314 0.569929
 38   1.139685 -3.453749 -2.823813 0.000000 0.000000 0.000001
 39   -4.457742 -1.054854 -0.746180 0.000000 0.000000 0.000000
 40   1.118101 -3.449769 3.237290 0.000000 0.000001 0.000000
 41   -4.433840 -1.059130 0.959566 -0.000001 0.000000 0.000000
 42   -0.657468 1.697302 -2.688614 0.000000 0.000002 0.000000
 43   -0.664068 1.698578 2.869377 0.000000 0.000002 0.000000
time 58
  0   -0.010486 -0.546892 -0.601210 0.000000 0.000000 -1.571449
  1   -1.093036 0.000002 -0.326057 -1.570809 -1.570703 0.000022
  2   2.262337 0.113614 0.064702 -0.041678 -0.082345 0.353815
  3   2.380047 0.353302 0.047440 -0.089016 -0.018005 0.339405
  4   2.033756 0.190472 -0.000128 -0.164389 -0.015424 0.069968
  5   2.451511 0.204909 -0.003447 -0.352830 0.087363 0.037161
  6   7.247600 -0.397300 -0.109469 0.000001 0.000021 0.156829
  7   -2.022252 -0.104661 3.136172 0.412867 -1.277949 -3.685833
  8   1.168026 -0.537438 -0.063437 -0.537270 0.812542 -0.615587
  9   6.790376 -0.619176 0.015206 0.087445 -0.085846 -1.043113
 10   8.637599 0.544015 -0.090417 -3.729286 0.326903 0.220819
 11   6.790465 -0.619039 0.017802 0.053321 -0.081350 -0.744554
 12   -2.022474 -0.104699 -2.873818 -1.690369 1.475254 -4.793253
 13   1.167898 -0.537463 0.063297 0.237594 -0.839389 -0.859140
 14   7.002743 -0.617765 -0.183752 0.378489 -0.330975 -1.749693
 15   8.209042 0.615527 -0.255885 1.890562 0.500273 0.268807
 16   7.002735 -0.617911 -0.183641 0.219825 -0.298425 -1.219475
 17   1.574674 0.609930 -0.000899 0.570875 -0.021103 0.574551
 18   -0.602177 0.511412 -0.000006 0.000000 0.000000 0.000000
 19   3.673773 0.177020 1.119313 -0.000002 -0.000014 -0.174510
 20   3.673767 0.176993 -1.117566 0.000007 -0.000003 -0.174546
 21   3.942357 1.330634 1.627658 0.000002 -0.000011 -0.000026
 22   -0.246060 -0.011889 0.516521 -0.000011 0.000031 0.000025
 23   3.942374 1.330659 -1.631083 0.000019 0.000002 -0.000024
 24   -0.246150 -0.011872 -0.516511 -0.000005 -0.000006 0.000048
 25   4.941364 1.997338 1.629330 0.000018 -0.000001 -0.000024
 26   4.941382 1.997366 -1.629410 -0.000001 0.000005 -0.000024
 27   2.918368 1.615358 1.514501 -0.000019 -0.000022 -0.000050
 28   2.920798 1.614964 -1.501142 -0.000002 -0.000009 -0.000024
 29   8.824059 0.150544 0.091743 0.000006 -0.000231 -0.174534
 30   2.111085 -0.561179 1.784320 -0.000008 -0.000682 0.000024
 31   2.121290 -0.561289 -1.853599 0.000000 0.000000 -0.000002
 32   -0.810489 -0.093824 3.127092 0.564080 -3.064347 -0.563586
 33   14.298673 -0.408176 0.475484 -0.006392 -0.009799 -0.413535
 34   15.835795 0.581398 0.242756 -0.007436 -0.212263 -0.117847
 35   -0.815868 -0.091229 -3.114430 -0.120039 3.021422 -0.057357
 36   14.294526 -0.410349 -0.463635 0.001663 0.012787 -0.721549
 37   15.834409 0.579420 -0.284600 -0.182270 -0.002314 0.569929
 38   1.139685 -3.453749 -2.823813 0.000000 0.000000 0.000001
 39   -4.457742 -1.054854 -0.746180 0.000000 0.000000 0.000000
 40   1.118101 -3.449769 3.237290 0.000000 0.000001 0.000000
 41   -4.433840 -1.059130 0.959566 -0.000001 0.000000 0.000000
 42   -0.657468 1.697302 -2.688614 0.000000 0.000002 0.000000
 43   -0.664068 1.698578 2.869377 0.000000 0.000002 0.000000
time 59
  0   -0.010486 -0.546892 -0.601210 0.000000 0.000000 -1.571449
  1   -1.093036 0.000002 -0.326057 -1.570809 -1.570703 0.000022
  2   2.262337 0.113614 0.064702 -0.041678 -0.082345 0.353815
  3   2.380047 0.353302 0.047440 -0.089016 -0.018005 0.339405
  4   2.033756 0.190472 -0.000128 -0.164389 -0.015424 0.069968
  5   2.451511 0.204909 -0.003447 -0.352710 0.087781 0.039761
  6   7.247600 -0.397300 -0.109469 0.000001 0.000021 0.156829
  7   -2.022252 -0.104661 3.136172 0.412867 -1.277949 -3.685833
  8   1.168026 -0.537438 -0.063437 -0.538662 0.810630 -0.618054
  9   6.790376 -0.619176 0.015206 0.087445 -0.085646 -1.039415
 10   8.637599 0.544015 -0.090417 -3.729286 0.326903 0.220819
 11   6.790465 -0.619039 0.017802 0.053438 -0.081208 -0.741901
 12   -2.022474 -0.104699 -2.873818 -1.690369 1.475254 -4.793253
 13   1.167898 -0.537463 0.063297 0.243006 -0.838423 -0.864043
 14   7.002743 -0.617765 -0.183752 0.378546 -0.331088 -1.746393
 15   8.209042 0.615527 -0.255885 1.890562 0.500273 0.268807
 16   7.002735 -0.617911 -0.183641 0.219919 -0.298425 -1.217046
 17   1.574674 0.609930 -0.000899 0.568804 -0.012441 0.579726
 18   -0.602177 0.511412 -0.000006 0.000000 0.000000 0.000000
 19   3.673773 0.177020 1.119313 -0.000002 -0.000014 -0.174510
 20   3.673767 0.176993 -1.117566 0.000007 -0.000003 -0.174546
 21   3.942357 1.330634 1.627658 0.000002 -0.000011 -0.000026
 22   -0.246060 -0.011889 0.516521 -0.000011 0.000031 0.000025
 23   3.942374 1.330659 -1.631083 0.000019 0.000002 -0.000024
 24   -0.246150 -0.011872 -0.516511 -0.000005 -0.000006 0.000048
 25   4.941364 1.997338 1.629330 0.000018 -0.000001 -0.000024
 26   4.941382 1.997366 -1.629410 -0.000001 0.000005 -0.000024
 27   2.918368 1.615358 1.514501 -0.000019 -0.000022 -0.000050
 28   2.920798 1.614964 -1.501142 -0.000002 -0.000009 -0.000024
 29   8.824059 0.150544 0.091743 0.000006 -0.000231 -0.174534
 30   2.111085 -0.561179 1.784320 -0.000008 -0.000682 0.000024
 31   2.121290 -0.561289 -1.853599 0.000000 0.000000 -0.000002
 32   -0.810489 -0.093824 3.127092 0.564080 -3.064347 -0.563586
 33   14.298673 -0.408176 0.475484 -0.006392 -0.009799 -0.413535
 34   15.835795 0.581398 0.242756 -0.007436 -0.212263 -0.117847
 35   -0.815868 -0.091229 -3.114430 -0.120039 3.021422 -0.057357
 36   14.294526 -0.410349 -0.463635 0.001663 0.012787 -0.721549
 37   15.834409 0.579420 -0.284600 -0.182270 -0.002314 0.569929
 38   1.139685 -3.453749 -2.823813 0.000000 0.000000 0.000001
 39   -4.457742 -1.054854 -0.746180 0.000000 0.000000 0.000000
 40   1.118101 -3.449769 3.237290 0.000000 0.000001 0.000000
 41   -4.433840 -1.059130 0.959566 -0.000001 0.000000 0.000000
 42   -0.657468 1.697302 -2.688614 0.000000 0.000002 0.000000
 43   -0.664068 1.698578 2.869377 0.000000 0.000002 0.000000
time 60
  0   -0.010486 -0.546892 -0.601210 0.000000 0.000000 -1.571449
  1   -1.093036 0.000002 -0.326057 -1.570809 -1.570703 0.000022
  2   2.262337 0.113614 0.064702 -0.041678 -0.082345 0.353815
  3   2.380047 0.353302 0.047440 -0.089016 -0.018005 0.339405
  4   2.033756 0.190472 -0.000128 -0.164389 -0.015424 0.069968
  5   2.451511 0.204909 -0.003447 -0.352710 0.087781 0.039761
  6   7.247600 -0.397300 -0.109469 0.000001 0.000021 0.156829
  7   -2.022252 -0.104661 3.136172 0.412867 -1.277949 -3.685833
  8   1.168026 -0.537438 -0.063437 -0.539991 0.809976 -0.620015
  9   6.790376 -0.619176 0.015206 0.087445 -0.085846 -1.035868
 10   8.637599 0.544015 -0.090417 -3.729286 0.326903 0.220819
 11   6.790465 -0.619039 0.017802 0.053350 -0.081293 -0.739421
 12   -2.022474 -0.104699 -2.873818 -1.690369 1.475254 -4.793253
 13   1.167898 -0.537463 0.063297 0.246802 -0.838219 -0.867615
 14   7.002743 -0.617765 -0.183752 0.378831 -0.331088 -1.742680
 15   8.209042 0.615527 -0.255885 1.890562 0.500273 0.268807
 16   7.002735 -0.617911 -0.183641 0.220155 -0.298256 -1.214563
 17   1.574674 0.609930 -0.000899 0.566082 -0.004938 0.584937
 18   -0.602177 0.511412 -0.000006 0.000000 0.000000 0.000000
 19   3.673773 0.177020 1.119313 -0.000002 -0.000014 -0.174510
 20   3.673767 0.176993 -1.117566 0.000007 -0.000003 -0.174546
 21   3.942357 1.330634 1.627658 0.000002 -0.000011 -0.000026
 22   -0.246060 -0.011889 0.516521 -0.000011 0.000031 0.000025
 23   3.942374 1.330659 -1.631083 0.000019 0.000002 -0.000024
 24   -0.246150 -0.011872 -0.516511 -0.000005 -0.000006 0.000048
 25   4.941364 1.997338 1.629330 0.000018 -0.000001 -0.000024
 26   4.941382 1.997366 -1.629410 -0.000001 0.000005 -0.000024
 27   2.918368 1.615358 1.514501 -0.000019 -0.000022 -0.000050
 28   2.920798 1.614964 -1.501142 -0.000002 -0.000009 -0.000024
 29   8.824059 0.150544 0.091743 0.000006 -0.000231 -0.174534
 30   2.111085 -0.561179 1.784320 -0.000008 -0.000682 0.000024
 31   2.121290 -0.561289 -1.853599 0.000000 0.000000 -0.000002
 32   -0.810489 -0.093824 3.127092 0.564080 -3.064347 -0.563586
 33   14.298673 -0.408176 0.475484 -0.006392 -0.009799 -0.413535
 34   15.835795 0.581398 0.242756 -0.007436 -0.212263 -0.117847
 35   -0.815868 -0.091229 -3.114430 -0.120039 3.021422 -0.057357
 36   14.294526 -0.410349 -0.463635 0.001663 0.012787 -0.721549
 37   15.834409 0.579420 -0.284600 -0.182270 -0.002314 0.569929
 38   1.139685 -3.453749 -2.823813 0.000000 0.000000 0.000001
 39   -4.457742 -1.054854 -0.746180 0.000000 0.000000 0.000000
 40   1.118101 -3.449769 3.237290 0.000000 0.000001 0.000000
 41   -4.433840 -1.059130 0.959566 -0.000001 0.000000 0.000000
 42   -0.657468 1.697302 -2.688614 0.000000 0.000002 0.000000
 43   -0.664068 1.698578 2.869377 0.000000 0.000002 0.000000
time 61
  0   -0.010486 -0.546892 -0.601210 0.000000 0.000000 -1.571449
  1   -1.093036 0.000002 -0.326057 -1.570809 -1.570703 0.000022
  2   2.262337 0.113614 0.064702 -0.041678 -0.082345 0.353815
  3   2.380047 0.353302 0.047440 -0.089016 -0.018005 0.339405
  4   2.033756 0.190472 -0.000128 -0.164389 -0.015424 0.069968
  5   2.451511 0.204909 -0.003447 -0.352710 0.087781 0.039761
  6   7.247600 -0.397300 -0.109469 0.000001 0.000021 0.156829
  7   -2.022252 -0.104661 3.136172 0.412867 -1.277949 -3.685833
  8   1.168026 -0.537438 -0.063437 -0.540687 0.809674 -0.621217
  9   6.790376 -0.619176 0.015206 0.087334 -0.085913 -1.033151
 10   8.637599 0.544015 -0.090417 -3.729286 0.326903 0.220819
 11   6.790465 -0.619039 0.017802 0.053233 -0.081350 -0.737517
 12   -2.022474 -0.104699 -2.873818 -1.690369 1.475254 -4.793253
 13   1.167898 -0.537463 0.063297 0.250528 -0.837558 -0.870702
 14   7.002743 -0.617765 -0.183752 0.379059 -0.330975 -1.738885
 15   8.209042 0.615527 -0.255885 1.890562 0.500273 0.268807
 16   7.002735 -0.617911 -0.183641 0.220531 -0.298087 -1.212024
 17   1.574674 0.609930 -0.000899 0.562954 0.001120 0.589890
 18   -0.602177 0.511412 -0.000006 0.000000 0.000000 0.000000
 19   3.673773 0.177020 1.119313 -0.000002 -0.000014 -0.174510
 20   3.673767 0.176993 -1.117566 0.000007 -0.000003 -0.174546
 21   3.942357 1.330634 1.627658 0.000002 -0.000011 -0.000026
 22   -0.246060 -0.011889 0.516521 -0.000011 0.000031 0.000025
 23   3.942374 1.330659 -1.631083 0.000019 0.000002 -0.000024
 24   -0.246150 -0.011872 -0.516511 -0.000005 -0.000006 0.000048
 25   4.941364 1.997338 1.629330 0.000018 -0.000001 -0.000024
 26   4.941382 1.997366 -1.629410 -0.000001 0.000005 -0.000024
 27   2.918368 1.615358 1.514501 -0.000019 -0.000022 -0.000050
 28   2.920798 1.614964 -1.501142 -0.000002 -0.000009 -0.000024
 29   8.824059 0.150544 0.091743 0.000006 -0.000231 -0.174534
 30   2.111085 -0.561179 1.784320 -0.000008 -0.000682 0.000024
 31   2.121290 -0.561289 -1.853599 0.000000 0.000000 -0.000002
 32   -0.810489 -0.093824 3.127092 0.564080 -3.064347 -0.563586
 33   14.298673 -0.408176 0.475484 -0.006392 -0.009799 -0.413535
 34   15.835795 0.581398 0.242756 -0.007436 -0.212263 -0.117847
 35   -0.815868 -0.091229 -3.114430 -0.120039 3.021422 -0.057357
 36   14.294526 -0.410349 -0.463635 0.001663 0.012787 -0.721549
 37   15.834409 0.579420 -0.284600 -0.182270 -0.002314 0.569929
 38   1.139685 -3.453749 -2.823813 0.000000 0.000000 0.000001
 39   -4.457742 -1.054854 -0.746180 0.000000 0.000000 0.000000
 40   1.118101 -3.449769 3.237290 0.000000 0.000001 0.000000
 41   -4.433840 -1.059130 0.959566 -0.000001 0.000000 0.000000
 42   -0.657468 1.697302 -2.688614 0.000000 0.000002 0.000000
 43   -0.664068 1.698578 2.869377 0.000000 0.000002 0.000000
time 62
  0   -0.010486 -0.546892 -0.601210 0.000000 0.000000 -1.571449
  1   -1.093036 0.000002 -0.326057 -1.570809 -1.570703 0.000022
  2   2.262337 0.113614 0.064702 -0.041678 -0.082345 0.353815
  3   2.380047 0.353302 0.047440 -0.089016 -0.018005 0.339405
  4   2.033756 0.190472 -0.000128 -0.164389 -0.015424 0.069968
  5   2.451511 0.204909 -0.003447 -0.352710 0.087781 0.039761
  6   7.247600 -0.397300 -0.109469 0.000001 0.000021 0.156829
  7   -2.022252 -0.104661 3.136172 0.412867 -1.277949 -3.685833
  8   1.168026 -0.537438 -0.063437 -0.540940 0.809573 -0.621470
  9   6.790376 -0.619176 0.015206 0.087223 -0.086180 -1.030359
 10   8.637599 0.544015 -0.090417 -3.729286 0.326903 0.220819
 11   6.790465 -0.619039 0.017802 0.053146 -0.081464 -0.735556
 12   -2.022474 -0.104699 -2.873818 -1.690369 1.475254 -4.793253
 13   1.167898 -0.537463 0.063297 0.253832 -0.836287 -0.874455
 14   7.002743 -0.617765 -0.183752 0.378432 -0.332054 -1.731707
 15   8.209042 0.615527 -0.255885 1.890562 0.500273 0.268807
 16   7.002735 -0.617911 -0.183641 0.220061 -0.298425 -1.206836
 17   1.574674 0.609930 -0.000899 0.555277 0.012196 0.598798
 18   -0.602177 0.511412 -0.000006 0.000000 0.000000 0.000000
 19   3.673773 0.177020 1.119313 -0.000002 -0.000014 -0.174510
 20   3.673767 0.176993 -1.117566 0.000007 -0.000003 -0.174546
 21   3.942357 1.330634 1.627658 0.000002 -0.000011 -0.000026
 22   -0.246060 -0.011889 0.516521 -0.000011 0.000031 0.000025
 23   3.942374 1.330659 -1.631083 0.000019 0.000002 -0.000024
 24   -0.246150 -0.011872 -0.516511 -0.000005 -0.000006 0.000048
 25   4.941364 1.997338 1.629330 0.000018 -0.000001 -0.000024
 26   4.941382 1.997366 -1.629410 -0.000001 0.000005 -0.000024
 27   2.918368 1.615358 1.514501 -0.000019 -0.000022 -0.000050
 28   2.920798 1.614964 -1.501142 -0.000002 -0.000009 -0.000024
 29   8.824059 0.150544 0.091743 0.000006 -0.000231 -0.174534
 30   2.111085 -0.561179 1.784320 -0.000008 -0.000682 0.000024
 31   2.121290 -0.561289 -1.853599 0.000000 0.000000 -0.000002
 32   -0.810489 -0.093824 3.127092 0.564080 -3.064347 -0.563586
 33   14.298673 -0.408176 0.475484 -0.006392 -0.009799 -0.413535
 34   15.835795 0.581398 0.242756 -0.007436 -0.212263 -0.117847
 35   -0.815868 -0.091229 -3.114430 -0.120039 3.021422 -0.057357
 36   14.294526 -0.410349 -0.463635 0.001663 0.012787 -0.721549
 37   15.834409 0.579420 -0.284600 -0.182270 -0.002314 0.569929
 38   1.139685 -3.453749 -2.823813 0.000000 0.000000 0.000001
 39   -4.457742 -1.054854 -0.746180 0.000000 0.000000 0.000000
 40   1.118101 -3.449769 3.237290 0.000000 0.000001 0.000000
 41   -4.433840 -1.059130 0.959566 -0.000001 0.000000 0.000000
 42   -0.657468 1.697302 -2.688614 0.000000 0.000002 0.000000
 43   -0.664068 1.698578 2.869377 0.000000 0.000002 0.000000
time 63
  0   -0.010486 -0.546892 -0.601210 0.000000 0.000000 -1.571449
  1   -1.093036 0.000002 -0.326057 -1.570809 -1.570703 0.000022
  2   2.262337 0.113614 0.064702 -0.041678 -0.082345 0.353815
  3   2.380047 0.353302 0.047440 -0.089016 -0.018005 0.339405
  4   2.033756 0.190472 -0.000128 -0.164389 -0.015424 0.069968
  5   2.451511 0.204909 -0.003447 -0.352710 0.087781 0.039761
  6   7.247600 -0.397300 -0.109469 0.000001 0.000021 0.156829
  7   -2.022252 -0.104661 3.136172 0.412867 -1.277949 -3.685833
  8   1.168026 -0.537438 -0.063437 -0.540940 0.809573 -0.621470
  9   6.790376 -0.619176 0.015206 0.087223 -0.086180 -1.030359
 10   8.637599 0.544015 -0.090417 -3.729286 0.326903 0.220819
 11   6.790465 -0.619039 0.017802 0.053146 -0.081464 -0.735556
 12   -2.022474 -0.104699 -2.873818 -1.690369 1.475254 -4.793253
 13   1.167898 -0.537463 0.063297 0.253832 -0.836287 -0.874455
 14   7.002743 -0.617765 -0.183752 0.378432 -0.332054 -1.731707
 15   8.209042 0.615527 -0.255885 1.890562 0.500273 0.268807
 16   7.002735 -0.617911 -0.183641 0.220061 -0.298425 -1.206836
 17   1.574674 0.609930 -0.000899 0.555277 0.012196 0.598798
 18   -0.602177 0.511412 -0.000006 0.000000 0.000000 0.000000
 19   3.673773 0.177020 1.119313 -0.000002 -0.000014 -0.174510
 20   3.673767 0.176993 -1.117566 0.000007 -0.000003 -0.174546
 21   3.942357 1.330634 1.627658 0.000002 -0.000011 -0.000026
 22   -0.246060 -0.011889 0.516521 -0.000011 0.000031 0.000025
 23   3.942374 1.330659 -1.631083 0.000019 0.000002 -0.000024
 24   -0.246150 -0.011872 -0.516511 -0.000005 -0.000006 0.000048
 25   4.941364 1.997338 1.629330 0.000018 -0.000001 -0.000024
 26   4.941382 1.997366 -1.629410 -0.000001 0.000005 -0.000024
 27   2.918368 1.615358 1.514501 -0.000019 -0.000022 -0.000050
 28   2.920798 1.614964 -1.501142 -0.000002 -0.000009 -0.000024
 29   8.824059 0.150544 0.091743 0.000006 -0.000231 -0.174534
 30   2.111085 -0.561179 1.784320 -0.000008 -0.000682 0.000024
 31   2.121290 -0.561289 -1.853599 0.000000 0.000000 -0.000002
 32   -0.810489 -0.093824 3.127092 0.564080 -3.064347 -0.563586
 33   14.298673 -0.408176 0.475484 -0.006392 -0.009799 -0.413535
 34   15.835795 0.581398 0.242756 -0.007436 -0.212263 -0.117847
 35   -0.815868 -0.091229 -3.114430 -0.120039 3.021422 -0.057357
 36   14.294526 -0.410349 -0.463635 0.001663 0.012787 -0.721549
 37   15.834409 0.579420 -0.284600 -0.182270 -0.002314 0.569929
 38   1.139685 -3.453749 -2.823813 0.000000 0.000000 0.000001
 39   -4.457742 -1.054854 -0.746180 0.000000 0.000000 0.000000
 40   1.118101 -3.449769 3.237290 0.000000 0.000001 0.000000
 41   -4.433840 -1.059130 0.959566 -0.000001 0.000000 0.000000
 42   -0.657468 1.697302 -2.688614 0.000000 0.000002 0.000000
 43   -0.664068 1.698578 2.869377 0.000000 0.000002 0.000000
time 64
  0   -0.010486 -0.546892 -0.601210 0.000000 0.000000 -1.571449
  1   -1.093036 0.000002 -0.326057 -1.570809 -1.570703 0.000022
  2   2.262337 0.113614 0.064702 -0.041678 -0.082345 0.353815
  3   2.380047 0.353302 0.047440 -0.089016 -0.018005 0.339405
  4   2.033756 0.190472 -0.000128 -0.164389 -0.015424 0.069968
  5   2.451511 0.204909 -0.003447 -0.352710 0.087781 0.039761
  6   7.247600 -0.397300 -0.109469 0.000001 0.000021 0.156829
  7   -2.022252 -0.104661 3.136172 0.412867 -1.277949 -3.685833
  8   1.168026 -0.537438 -0.063437 -0.540940 0.809573 -0.621470
  9   6.790376 -0.619176 0.015206 0.087223 -0.086180 -1.030359
 10   8.637599 0.544015 -0.090417 -3.729286 0.326903 0.220819
 11   6.790465 -0.619039 0.017802 0.053146 -0.081464 -0.735556
 12   -2.022474 -0.104699 -2.873818 -1.690369 1.475254 -4.793253
 13   1.167898 -0.537463 0.063297 0.253832 -0.836287 -0.874455
 14   7.002743 -0.617765 -0.183752 0.378432 -0.332054 -1.731707
 15   8.209042 0.615527 -0.255885 1.890562 0.500273 0.268807
 16   7.002735 -0.617911 -0.183641 0.220061 -0.298425 -1.206836
 17   1.574674 0.609930 -0.000899 0.555277 0.012196 0.598798
 18   -0.602177 0.511412 -0.000006 0.000000 0.000000 0.000000
 19   3.673773 0.177020 1.119313 -0.000002 -0.000014 -0.174510
 20   3.673767 0.176993 -1.117566 0.000007 -0.000003 -0.174546
 21   3.942357 1.330634 1.627658 0.000002 -0.000011 -0.000026
 22   -0.246060 -0.011889 0.516521 -0.000011 0.000031 0.000025
 23   3.942374 1.330659 -1.631083 0.000019 0.000002 -0.000024
 24   -0.246150 -0.011872 -0.516511 -0.000005 -0.000006 0.000048
 25   4.941364 1.997338 1.629330 0.000018 -0.000001 -0.000024
 26   4.941382 1.997366 -1.629410 -0.000001 0.000005 -0.000024
 27   2.918368 1.615358 1.514501 -0.000019 -0.000022 -0.000050
 28   2.920798 1.614964 -1.501142 -0.000002 -0.000009 -0.000024
 29   8.824059 0.150544 0.091743 0.000006 -0.000231 -0.174534
 30   2.111085 -0.561179 1.784320 -0.000008 -0.000682 0.000024
 31   2.121290 -0.561289 -1.853599 0.000000 0.000000 -0.000002
 32   -0.810489 -0.093824 3.127092 0.564080 -3.064347 -0.563586
 33   14.298673 -0.408176 0.475484 -0.006392 -0.009799 -0.413535
 34   15.835795 0.581398 0.242756 -0.007436 -0.212263 -0.117847
 35   -0.815868 -0.091229 -3.114430 -0.120039 3.021422 -0.057357
 36   14.294526 -0.410349 -0.463635 0.001663 0.012787 -0.721549
 37   15.834409 0.579420 -0.284600 -0.182270 -0.002314 0.569929
 38   1.139685 -3.453749 -2.823813 0.000000 0.000000 0.000001
 39   -4.457742 -1.054854 -0.746180 0.000000 0.000000 0.000000
 40   1.118101 -3.449769 3.237290 0.000000 0.000001 0.000000
 41   -4.433840 -1.059130 0.959566 -0.000001 0.000000 0.000000
 42   -0.657468 1.697302 -2.688614 0.000000 0.000002 0.000000
 43   -0.664068 1.698578 2.869377 0.000000 0.000002 0.000000
time 65
  0   -0.010486 -0.546892 -0.601210 0.000000 0.000000 -1.571449
  1   -1.093036 0.000002 -0.326057 -1.570809 -1.570703 0.000022
  2   2.262337 0.113614 0.064702 -0.041678 -0.082345 0.353815
  3   2.380047 0.353302 0.047440 -0.089016 -0.018005 0.339405
  4   2.033756 0.190472 -0.000128 -0.164389 -0.015424 0.069968
  5   2.451511 0.204909 -0.003447 -0.352710 0.087781 0.039761
  6   7.247600 -0.397300 -0.109469 0.000001 0.000021 0.156829
  7   -2.022252 -0.104661 3.136172 0.412867 -1.277949 -3.685833
  8   1.168026 -0.537438 -0.063437 -0.540940 0.809573 -0.621470
  9   6.790376 -0.619176 0.015206 0.087223 -0.086180 -1.030359
 10   8.637599 0.544015 -0.090417 -3.729286 0.326903 0.220819
 11   6.790465 -0.619039 0.017802 0.053146 -0.081464 -0.735556
 12   -2.022474 -0.104699 -2.873818 -1.690369 1.475254 -4.793253
 13   1.167898 -0.537463 0.063297 0.253832 -0.836287 -0.874455
 14   7.002743 -0.617765 -0.183752 0.378432 -0.332054 -1.731707
 15   8.209042 0.615527 -0.255885 1.890562 0.500273 0.268807
 16   7.002735 -0.617911 -0.183641 0.220061 -0.298425 -1.206836
 17   1.574674 0.609930 -0.000899 0.555277 0.012196 0.598798
 18   -0.602177 0.511412 -0.000006 0.000000 0.000000 0.000000
 19   3.673773 0.177020 1.119313 -0.000002 -0.000014 -0.174510
 20   3.673767 0.176993 -1.117566 0.000007 -0.000003 -0.174546
 21   3.942357 1.330634 1.627658 0.000002 -0.000011 -0.000026
 22   -0.246060 -0.011889 0.516521 -0.000011 0.000031 0.000025
 23   3.942374 1.330659 -1.631083 0.000019 0.000002 -0.000024
 24   -0.246150 -0.011872 -0.516511 -0.000005 -0.000006 0.000048
 25   4.941364 1.997338 1.629330 0.000018 -0.000001 -0.000024
 26   4.941382 1.997366 -1.629410 -0.000001 0.000005 -0.000024
 27   2.918368 1.615358 1.514501 -0.000019 -0.000022 -0.000050
 28   2.920798 1.614964 -1.501142 -0.000002 -0.000009 -0.000024
 29   8.824059 0.150544 0.091743 0.000006 -0.000231 -0.174534
 30   2.111085 -0.561179 1.784320 -0.000008 -0.000682 0.000024
 31   2.121290 -0.561289 -1.853599 0.000000 0.000000 -0.000002
 32   -0.810489 -0.093824 3.127092 0.564080 -3.064347 -0.563586
 33   14.298673 -0.408176 0.475484 -0.006392 -0.009799 -0.413535
 34   15.835795 0.581398 0.242756 -0.007436 -0.212263 -0.117847
 35   -0.815868 -0.091229 -3.114430 -0.120039 3.021422 -0.057357
 36   14.294526 -0.410349 -0.463635 0.001663 0.012787 -0.721549
 37   15.834409 0.579420 -0.284600 -0.182270 -0.002314 0.569929
 38   1.139685 -3.453749 -2.823813 0.000000 0.000000 0.000001
 39   -4.457742 -1.054854 -0.746180 0.000000 0.000000 0.000000
 40   1.118101 -3.449769 3.237290 0.000000 0.000001 0.000000
 41   -4.433840 -1.059130 0.959566 -0.000001 0.000000 0.000000
 42   -0.657468 1.697302 -2.688614 0.000000 0.000002 0.000000
 43   -0.664068 1.698578 2.869377 0.000000 0.000002 0.000000
end
