version 1
nodes
  0 "Bip01" -1
  1 "Bip01 Pelvis" 0
  2 "Bip01 Spine" 1
  3 "Bip01 Spine1" 2
  4 "Bip01 Spine2" 3
  5 "Bip01 Spine3" 4
  6 "Bip01 Neck" 5
  7 "Bip01 L Arm" 6
  8 "Bip01 L Arm1" 7
  9 "Bip01 L Arm2" 8
 10 "Bip01 L Hand" 9
 11 "Bip06 L elbow2-smooth" 8
 12 "Bip01 R Arm" 6
 13 "Bip01 R Arm1" 12
 14 "Bip01 R Arm2" 13
 15 "Bip01 R Hand" 14
 16 "Bip06 R elbow2-smooth" 13
 17 "Bip01 Head" 6
 18 "Bip06 Head_helper" 17
 19 "Bip06 Head_eyes_l" 18
 20 "Bip06 Head_eyes_r" 18
 21 "Bip06 Head_blink_l" 18
 22 "Bip06 Head_blink_smooth_l1" 21
 23 "Bip06 Head_blink_r" 18
 24 "Bip06 Head_blink_smooth_r1" 23
 25 "Bip06 Head_L_eyebrow" 18
 26 "Bip06 Head_R_eyebrow" 18
 27 "Bip06 Head_blink_l_lid" 18
 28 "Bip06 Head_blink_r_lid" 18
 29 "Bip06 bunny" 18
 30 "Bip06 bunnyL" 29
 31 "Bip06 bunnyR" 29
 32 "Bip01 L Leg" 1
 33 "Bip01 L Leg1" 32
 34 "Bip01 L Foot" 33
 35 "Bip01 R Leg" 1
 36 "Bip01 R Leg1" 35
 37 "Bip01 R Foot" 36
 38 "Bip03 HairR1" 17
 39 "Bip03 HairR2" 38
 40 "Bip03 HairL1" 17
 41 "Bip03 HairL2" 40
 42 "Bip03 swingR" 17
 43 "Bip03 swingL" 17
end
skeleton
time 0
  0   -0.756603 -0.917997 1.293379 0.000000 0.000000 -1.571069
  1   -1.093036 0.000002 -0.326057 -1.569027 -1.622749 -0.001768
  2   2.262337 0.113614 0.064702 -0.000014 0.000037 0.131489
  3   2.380047 0.353302 0.047440 0.000000 -0.000028 0.214911
  4   2.033756 0.190472 -0.000128 -0.166860 0.050851 0.238915
  5   2.451511 0.204909 -0.003447 -0.149413 -0.002890 0.267603
  6   7.247600 -0.397300 -0.109469 0.000001 -0.000003 0.470960
  7   -2.022252 -0.104661 3.136172 1.212706 -1.046098 -4.775980
  8   1.168026 -0.537438 -0.063437 -0.468611 0.575209 -0.850599
  9   6.790376 -0.619176 0.015206 -0.169926 -0.234143 -0.775354
 10   8.637599 0.544015 -0.090417 -3.909907 0.083071 -0.332760
 11   6.790465 -0.619039 0.017802 -0.137652 -0.163101 -0.558841
 12   -2.022474 -0.104699 -2.873818 -2.468706 1.824383 0.184805
 13   1.167898 -0.537463 0.063297 -0.806274 -0.999525 0.102637
 14   7.002743 -0.617765 -0.183752 0.000115 0.000194 -1.838799
 15   8.209042 0.615527 -0.255885 1.716269 0.380580 -0.016304
 16   7.002735 -0.617911 -0.183641 0.013074 0.010131 -1.305686
 17   1.574674 0.609930 -0.000899 0.265574 -0.161779 -0.235524
 18   -0.602177 0.511412 -0.000006 0.000000 0.000000 0.000000
 19   3.673773 0.177020 1.119313 -0.000002 -0.000014 -0.174510
 20   3.673767 0.176993 -1.117566 0.000007 -0.000003 -0.174546
 21   3.942357 1.330634 1.627658 0.000002 -0.000011 -0.000026
 22   -0.246060 -0.011889 0.516521 -0.000011 0.000031 0.000025
 23   3.942374 1.330659 -1.631083 0.000019 0.000002 -0.000024
 24   -0.246150 -0.011872 -0.516511 -0.000005 -0.000006 0.000048
 25   4.941364 1.997338 1.629330 0.000018 -0.000001 -0.000024
 26   4.941382 1.997366 -1.629410 -0.000001 0.000005 -0.000024
 27   2.918368 1.615358 1.514501 -0.000019 -0.000022 -0.000050
 28   2.920798 1.614964 -1.501142 -0.000002 -0.000009 -0.000024
 29   8.824059 0.150544 0.091743 0.000006 -0.000231 -0.174534
 30   2.111085 -0.561179 1.784320 -0.000008 -0.000682 0.000024
 31   2.121290 -0.561289 -1.853599 0.000000 0.000000 -0.000002
 32   -0.810489 -0.093824 3.127092 0.308687 -2.963972 -0.295141
 33   14.298673 -0.408176 0.475484 0.010830 -0.088871 -0.467367
 34   15.835795 0.581398 0.242756 -0.305885 -0.201989 0.256011
 35   -0.815868 -0.091229 -3.114430 -0.040474 2.853438 0.069176
 36   14.294526 -0.410349 -0.463635 -0.007026 0.076833 -0.395888
 37   15.834409 0.579420 -0.284600 0.273760 0.212841 0.401548
 38   1.139685 -3.453749 -2.823813 0.000000 0.000000 0.000001
 39   -4.457742 -1.054854 -0.746180 0.000000 0.000000 0.000000
 40   1.118101 -3.449769 3.237290 0.000000 0.000001 0.000000
 41   -4.433840 -1.059130 0.959566 -0.000001 0.000000 0.000000
 42   -0.657468 1.697302 -2.688614 0.000000 0.000002 0.000000
 43   -0.664068 1.698578 2.869377 0.000000 0.000002 0.000000
time 1
  0   -0.756603 -0.917997 1.293379 0.000000 0.000000 -1.571069
  1   -1.093036 0.000002 -0.326057 -1.569027 -1.622749 -0.001768
  2   2.262337 0.113614 0.064702 -0.000014 0.000037 0.131489
  3   2.380047 0.353302 0.047440 0.000000 -0.000028 0.214401
  4   2.033756 0.190472 -0.000128 -0.166860 0.050851 0.238335
  5   2.451511 0.204909 -0.003447 -0.149413 -0.002851 0.267355
  6   7.247600 -0.397300 -0.109469 0.000001 -0.000003 0.470960
  7   -2.022252 -0.104661 3.136172 1.212706 -1.046098 -4.775980
  8   1.168026 -0.537438 -0.063437 -0.364831 0.640618 -0.690677
  9   6.790376 -0.619176 0.015206 -0.169926 -0.257034 -0.874443
 10   8.637599 0.544015 -0.090417 -3.795247 0.111016 -0.368932
 11   6.790465 -0.619039 0.017802 -0.141973 -0.177740 -0.627647
 12   -2.022474 -0.104699 -2.873818 -2.468706 1.824383 0.184805
 13   1.167898 -0.537463 0.063297 -0.806766 -0.999474 0.103121
 14   7.002743 -0.617765 -0.183752 0.000115 0.000194 -1.838799
 15   8.209042 0.615527 -0.255885 1.716269 0.380580 -0.016304
 16   7.002735 -0.617911 -0.183641 0.013074 0.010131 -1.305741
 17   1.574674 0.609930 -0.000899 0.258141 -0.151200 -0.222292
 18   -0.602177 0.511412 -0.000006 0.000000 0.000000 0.000000
 19   3.673773 0.177020 1.119313 -0.000002 -0.000014 -0.174510
 20   3.673767 0.176993 -1.117566 0.000007 -0.000003 -0.174546
 21   3.942357 1.330634 1.627658 0.000002 -0.000011 -0.000026
 22   -0.246060 -0.011889 0.516521 -0.000011 0.000031 0.000025
 23   3.942374 1.330659 -1.631083 0.000019 0.000002 -0.000024
 24   -0.246150 -0.011872 -0.516511 -0.000005 -0.000006 0.000048
 25   4.941364 1.997338 1.629330 0.000018 -0.000001 -0.000024
 26   4.941382 1.997366 -1.629410 -0.000001 0.000005 -0.000024
 27   2.918368 1.615358 1.514501 -0.000019 -0.000022 -0.000050
 28   2.920798 1.614964 -1.501142 -0.000002 -0.000009 -0.000024
 29   8.824059 0.150544 0.091743 0.000006 -0.000231 -0.174534
 30   2.111085 -0.561179 1.784320 -0.000008 -0.000682 0.000024
 31   2.121290 -0.561289 -1.853599 0.000000 0.000000 -0.000002
 32   -0.810489 -0.093824 3.127092 0.308687 -2.963972 -0.295141
 33   14.298673 -0.408176 0.475484 0.010830 -0.088871 -0.467367
 34   15.835795 0.581398 0.242756 -0.305885 -0.201989 0.256011
 35   -0.815868 -0.091229 -3.114430 -0.040474 2.853438 0.069176
 36   14.294526 -0.410349 -0.463635 -0.007026 0.076833 -0.395888
 37   15.834409 0.579420 -0.284600 0.273760 0.212841 0.401548
 38   1.139685 -3.453749 -2.823813 0.000000 0.000000 0.000001
 39   -4.457742 -1.054854 -0.746180 0.000000 0.000000 0.000000
 40   1.118101 -3.449769 3.237290 0.000000 0.000001 0.000000
 41   -4.433840 -1.059130 0.959566 -0.000001 0.000000 0.000000
 42   -0.657468 1.697302 -2.688614 0.000000 0.000002 0.000000
 43   -0.664068 1.698578 2.869377 0.000000 0.000002 0.000000
time 2
  0   -0.756603 -0.917997 1.293379 0.000000 0.000000 -1.571069
  1   -1.093036 0.000002 -0.326057 -1.569027 -1.622749 -0.001768
  2   2.262337 0.113614 0.064702 -0.000014 0.000037 0.131489
  3   2.380047 0.353302 0.047440 0.000000 -0.000028 0.213789
  4   2.033756 0.190472 -0.000128 -0.166860 0.050851 0.237610
  5   2.451511 0.204909 -0.003447 -0.149413 -0.002812 0.267083
  6   7.247600 -0.397300 -0.109469 0.000001 -0.000003 0.470960
  7   -2.022252 -0.104661 3.136172 1.212706 -1.046098 -4.775980
  8   1.168026 -0.537438 -0.063437 -0.279339 0.676794 -0.561942
  9   6.790376 -0.619176 0.015206 -0.169926 -0.270049 -0.935647
 10   8.637599 0.544015 -0.090417 -3.664647 0.143114 -0.410096
 11   6.790465 -0.619039 0.017802 -0.144834 -0.185983 -0.670211
 12   -2.022474 -0.104699 -2.873818 -2.468706 1.824383 0.184805
 13   1.167898 -0.537463 0.063297 -0.807258 -0.999322 0.103787
 14   7.002743 -0.617765 -0.183752 0.000115 0.000194 -1.838799
 15   8.209042 0.615527 -0.255885 1.716269 0.380580 -0.015943
 16   7.002735 -0.617911 -0.183641 0.013074 0.010131 -1.305741
 17   1.574674 0.609930 -0.000899 0.249651 -0.139130 -0.207396
 18   -0.602177 0.511412 -0.000006 0.000000 0.000000 0.000000
 19   3.673773 0.177020 1.119313 -0.000002 -0.000014 -0.174510
 20   3.673767 0.176993 -1.117566 0.000007 -0.000003 -0.174546
 21   3.942357 1.330634 1.627658 0.000002 -0.000011 -0.000026
 22   -0.246060 -0.011889 0.516521 -0.000011 0.000031 0.000025
 23   3.942374 1.330659 -1.631083 0.000019 0.000002 -0.000024
 24   -0.246150 -0.011872 -0.516511 -0.000005 -0.000006 0.000048
 25   4.941364 1.997338 1.629330 0.000018 -0.000001 -0.000024
 26   4.941382 1.997366 -1.629410 -0.000001 0.000005 -0.000024
 27   2.918368 1.615358 1.514501 -0.000019 -0.000022 -0.000050
 28   2.920798 1.614964 -1.501142 -0.000002 -0.000009 -0.000024
 29   8.824059 0.150544 0.091743 0.000006 -0.000231 -0.174534
 30   2.111085 -0.561179 1.784320 -0.000008 -0.000682 0.000024
 31   2.121290 -0.561289 -1.853599 0.000000 0.000000 -0.000002
 32   -0.810489 -0.093824 3.127092 0.308687 -2.963972 -0.295141
 33   14.298673 -0.408176 0.475484 0.010830 -0.088871 -0.467367
 34   15.835795 0.581398 0.242756 -0.305885 -0.201989 0.256011
 35   -0.815868 -0.091229 -3.114430 -0.040474 2.853438 0.069176
 36   14.294526 -0.410349 -0.463635 -0.007026 0.076833 -0.395888
 37   15.834409 0.579420 -0.284600 0.273760 0.212841 0.401548
 38   1.139685 -3.453749 -2.823813 0.000000 0.000000 0.000001
 39   -4.457742 -1.054854 -0.746180 0.000000 0.000000 0.000000
 40   1.118101 -3.449769 3.237290 0.000000 0.000001 0.000000
 41   -4.433840 -1.059130 0.959566 -0.000001 0.000000 0.000000
 42   -0.657468 1.697302 -2.688614 0.000000 0.000002 0.000000
 43   -0.664068 1.698578 2.869377 0.000000 0.000002 0.000000
time 3
  0   -0.756603 -0.917997 1.293379 0.000000 0.000000 -1.571069
  1   -1.093036 0.000002 -0.326057 -1.569027 -1.622749 -0.001768
  2   2.262337 0.113614 0.064702 -0.000014 0.000037 0.131489
  3   2.380047 0.353302 0.047440 0.000000 -0.000028 0.211932
  4   2.033756 0.190472 -0.000128 -0.166860 0.050851 0.235544
  5   2.451511 0.204909 -0.003447 -0.149396 -0.002721 0.266340
  6   7.247600 -0.397300 -0.109469 0.000001 -0.000003 0.470960
  7   -2.022252 -0.104661 3.136172 1.212706 -1.046098 -4.775980
  8   1.168026 -0.537438 -0.063437 -0.193657 0.662052 -0.387280
  9   6.790376 -0.619176 0.015206 -0.169926 -0.296745 -1.081903
 10   8.637599 0.544015 -0.090417 -3.298825 0.232721 -0.525847
 11   6.790465 -0.619039 0.017802 -0.152046 -0.202868 -0.771142
 12   -2.022474 -0.104699 -2.873818 -2.468706 1.824383 0.184805
 13   1.167898 -0.537463 0.063297 -0.808945 -0.998661 0.105603
 14   7.002743 -0.617765 -0.183752 0.000115 0.000194 -1.838964
 15   8.209042 0.615527 -0.255885 1.716413 0.380429 -0.015402
 16   7.002735 -0.617911 -0.183641 0.013074 0.010131 -1.305907
 17   1.574674 0.609930 -0.000899 0.226051 -0.105286 -0.165298
 18   -0.602177 0.511412 -0.000006 0.000000 0.000000 0.000000
 19   3.673773 0.177020 1.119313 -0.000002 -0.000014 -0.174510
 20   3.673767 0.176993 -1.117566 0.000007 -0.000003 -0.174546
 21   3.942357 1.330634 1.627658 0.000002 -0.000011 -0.000026
 22   -0.246060 -0.011889 0.516521 -0.000011 0.000031 0.000025
 23   3.942374 1.330659 -1.631083 0.000019 0.000002 -0.000024
 24   -0.246150 -0.011872 -0.516511 -0.000005 -0.000006 0.000048
 25   4.941364 1.997338 1.629330 0.000018 -0.000001 -0.000024
 26   4.941382 1.997366 -1.629410 -0.000001 0.000005 -0.000024
 27   2.918368 1.615358 1.514501 -0.000019 -0.000022 -0.000050
 28   2.920798 1.614964 -1.501142 -0.000002 -0.000009 -0.000024
 29   8.824059 0.150544 0.091743 0.000006 -0.000231 -0.174534
 30   2.111085 -0.561179 1.784320 -0.000008 -0.000682 0.000024
 31   2.121290 -0.561289 -1.853599 0.000000 0.000000 -0.000002
 32   -0.810489 -0.093824 3.127092 0.308687 -2.963972 -0.295141
 33   14.298673 -0.408176 0.475484 0.010830 -0.088871 -0.467367
 34   15.835795 0.581398 0.242756 -0.305885 -0.201989 0.256011
 35   -0.815868 -0.091229 -3.114430 -0.040474 2.853438 0.069176
 36   14.294526 -0.410349 -0.463635 -0.007026 0.076833 -0.395888
 37   15.834409 0.579420 -0.284600 0.273760 0.212841 0.401548
 38   1.139685 -3.453749 -2.823813 0.000000 0.000000 0.000001
 39   -4.457742 -1.054854 -0.746180 0.000000 0.000000 0.000000
 40   1.118101 -3.449769 3.237290 0.000000 0.000001 0.000000
 41   -4.433840 -1.059130 0.959566 -0.000001 0.000000 0.000000
 42   -0.657468 1.697302 -2.688614 0.000000 0.000002 0.000000
 43   -0.664068 1.698578 2.869377 0.000000 0.000002 0.000000
time 4
  0   -0.756603 -0.917997 1.293379 0.000000 0.000000 -1.571069
  1   -1.093036 0.000002 -0.326057 -1.569027 -1.622749 -0.001768
  2   2.262337 0.113614 0.064702 -0.000014 0.000037 0.131489
  3   2.380047 0.353302 0.047440 0.000000 -0.000028 0.210687
  4   2.033756 0.190472 -0.000128 -0.166860 0.050851 0.234239
  5   2.451511 0.204909 -0.003447 -0.149379 -0.002642 0.265845
  6   7.247600 -0.397300 -0.109469 0.000001 -0.000003 0.470960
  7   -2.022252 -0.104661 3.136172 1.212706 -1.046098 -4.775980
  8   1.168026 -0.537438 -0.063437 -0.242320 0.581398 -0.354005
  9   6.790376 -0.619176 0.015206 -0.169926 -0.310961 -1.177445
 10   8.637599 0.544015 -0.090417 -3.080160 0.286288 -0.594863
 11   6.790465 -0.619039 0.017802 -0.156834 -0.211566 -0.837180
 12   -2.022474 -0.104699 -2.873818 -2.468706 1.824383 0.184805
 13   1.167898 -0.537463 0.063297 -0.810351 -0.998050 0.106632
 14   7.002743 -0.617765 -0.183752 0.000115 0.000194 -1.838964
 15   8.209042 0.615527 -0.255885 1.716485 0.380353 -0.015041
 16   7.002735 -0.617911 -0.183641 0.013074 0.010131 -1.305962
 17   1.574674 0.609930 -0.000899 0.211915 -0.085051 -0.140386
 18   -0.602177 0.511412 -0.000006 0.000000 0.000000 0.000000
 19   3.673773 0.177020 1.119313 -0.000002 -0.000014 -0.174510
 20   3.673767 0.176993 -1.117566 0.000007 -0.000003 -0.174546
 21   3.942357 1.330634 1.627658 0.000002 -0.000011 -0.000026
 22   -0.246060 -0.011889 0.516521 -0.000011 0.000031 0.000025
 23   3.942374 1.330659 -1.631083 0.000019 0.000002 -0.000024
 24   -0.246150 -0.011872 -0.516511 -0.000005 -0.000006 0.000048
 25   4.941364 1.997338 1.629330 0.000018 -0.000001 -0.000024
 26   4.941382 1.997366 -1.629410 -0.000001 0.000005 -0.000024
 27   2.918368 1.615358 1.514501 -0.000019 -0.000022 -0.000050
 28   2.920798 1.614964 -1.501142 -0.000002 -0.000009 -0.000024
 29   8.824059 0.150544 0.091743 0.000006 -0.000231 -0.174534
 30   2.111085 -0.561179 1.784320 -0.000008 -0.000682 0.000024
 31   2.121290 -0.561289 -1.853599 0.000000 0.000000 -0.000002
 32   -0.810489 -0.093824 3.127092 0.308687 -2.963972 -0.295141
 33   14.298673 -0.408176 0.475484 0.010830 -0.088871 -0.467367
 34   15.835795 0.581398 0.242756 -0.305885 -0.201989 0.256011
 35   -0.815868 -0.091229 -3.114430 -0.040474 2.853438 0.069176
 36   14.294526 -0.410349 -0.463635 -0.007026 0.076833 -0.395888
 37   15.834409 0.579420 -0.284600 0.273760 0.212841 0.401548
 38   1.139685 -3.453749 -2.823813 0.000000 0.000000 0.000001
 39   -4.457742 -1.054854 -0.746180 0.000000 0.000000 0.000000
 40   1.118101 -3.449769 3.237290 0.000000 0.000001 0.000000
 41   -4.433840 -1.059130 0.959566 -0.000001 0.000000 0.000000
 42   -0.657468 1.697302 -2.688614 0.000000 0.000002 0.000000
 43   -0.664068 1.698578 2.869377 0.000000 0.000002 0.000000
time 5
  0   -0.756603 -0.917997 1.293379 0.000000 0.000000 -1.571069
  1   -1.093036 0.000002 -0.326057 -1.569027 -1.622749 -0.001768
  2   2.262337 0.113614 0.064702 -0.000014 0.000037 0.131489
  3   2.380047 0.353302 0.047440 0.000000 -0.000028 0.207647
  4   2.033756 0.190472 -0.000128 -0.166860 0.050851 0.230868
  5   2.451511 0.204909 -0.003447 -0.149345 -0.002486 0.264606
  6   7.247600 -0.397300 -0.109469 0.000001 -0.000003 0.470960
  7   -2.022252 -0.104661 3.136172 1.212706 -1.046098 -4.775980
  8   1.168026 -0.537438 -0.063437 -0.356921 0.476996 -0.384117
  9   6.790376 -0.619176 0.015206 -0.169926 -0.315766 -1.213443
 10   8.637599 0.544015 -0.090417 -2.613681 0.400743 -0.742301
 11   6.790465 -0.619039 0.017802 -0.158761 -0.214579 -0.861980
 12   -2.022474 -0.104699 -2.873818 -2.468706 1.824383 0.184805
 13   1.167898 -0.537463 0.063297 -0.813163 -0.997237 0.109780
 14   7.002743 -0.617765 -0.183752 0.000115 0.000194 -1.839129
 15   8.209042 0.615527 -0.255885 1.716772 0.379975 -0.014079
 16   7.002735 -0.617911 -0.183641 0.013074 0.010131 -1.306017
 17   1.574674 0.609930 -0.000899 0.181816 -0.041859 -0.086755
 18   -0.602177 0.511412 -0.000006 0.000000 0.000000 0.000000
 19   3.673773 0.177020 1.119313 -0.000002 -0.000014 -0.174510
 20   3.673767 0.176993 -1.117566 0.000007 -0.000003 -0.174546
 21   3.942357 1.330634 1.627658 0.000002 -0.000011 -0.000026
 22   -0.246060 -0.011889 0.516521 -0.000011 0.000031 0.000025
 23   3.942374 1.330659 -1.631083 0.000019 0.000002 -0.000024
 24   -0.246150 -0.011872 -0.516511 -0.000005 -0.000006 0.000048
 25   4.941364 1.997338 1.629330 0.000018 -0.000001 -0.000024
 26   4.941382 1.997366 -1.629410 -0.000001 0.000005 -0.000024
 27   2.918368 1.615358 1.514501 -0.000019 -0.000022 -0.000050
 28   2.920798 1.614964 -1.501142 -0.000002 -0.000009 -0.000024
 29   8.824059 0.150544 0.091743 0.000006 -0.000231 -0.174534
 30   2.111085 -0.561179 1.784320 -0.000008 -0.000682 0.000024
 31   2.121290 -0.561289 -1.853599 0.000000 0.000000 -0.000002
 32   -0.810489 -0.093824 3.127092 0.308687 -2.963972 -0.295141
 33   14.298673 -0.408176 0.475484 0.010830 -0.088871 -0.467367
 34   15.835795 0.581398 0.242756 -0.305885 -0.201989 0.256011
 35   -0.815868 -0.091229 -3.114430 -0.040474 2.853438 0.069176
 36   14.294526 -0.410349 -0.463635 -0.007026 0.076833 -0.395888
 37   15.834409 0.579420 -0.284600 0.273760 0.212841 0.401548
 38   1.139685 -3.453749 -2.823813 0.000000 0.000000 0.000001
 39   -4.457742 -1.054854 -0.746180 0.000000 0.000000 0.000000
 40   1.118101 -3.449769 3.237290 0.000000 0.000001 0.000000
 41   -4.433840 -1.059130 0.959566 -0.000001 0.000000 0.000000
 42   -0.657468 1.697302 -2.688614 0.000000 0.000002 0.000000
 43   -0.664068 1.698578 2.869377 0.000000 0.000002 0.000000
time 6
  0   -0.756603 -0.917997 1.293379 0.000000 0.000000 -1.571069
  1   -1.093036 0.000002 -0.326057 -1.569027 -1.622749 -0.001768
  2   2.262337 0.113614 0.064702 -0.000014 0.000037 0.131489
  3   2.380047 0.353302 0.047440 0.000000 -0.000028 0.205851
  4   2.033756 0.190472 -0.000128 -0.166860 0.050851 0.228802
  5   2.451511 0.204909 -0.003447 -0.149259 -0.002342 0.263913
  6   7.247600 -0.397300 -0.109469 0.000001 -0.000003 0.470960
  7   -2.022252 -0.104661 3.136172 1.212706 -1.046098 -4.775980
  8   1.168026 -0.537438 -0.063437 -0.411215 0.447461 -0.444088
  9   6.790376 -0.619176 0.015206 -0.169926 -0.311761 -1.183935
 10   8.637599 0.544015 -0.090417 -2.382687 0.457266 -0.815513
 11   6.790465 -0.619039 0.017802 -0.157155 -0.212163 -0.841621
 12   -2.022474 -0.104699 -2.873818 -2.468706 1.824383 0.184805
 13   1.167898 -0.537463 0.063297 -0.814991 -0.996576 0.111596
 14   7.002743 -0.617765 -0.183752 0.000115 0.000194 -1.839129
 15   8.209042 0.615527 -0.255885 1.716988 0.379975 -0.013357
 16   7.002735 -0.617911 -0.183641 0.013074 0.010131 -1.306017
 17   1.574674 0.609930 -0.000899 0.166868 -0.020464 -0.060180
 18   -0.602177 0.511412 -0.000006 0.000000 0.000000 0.000000
 19   3.673773 0.177020 1.119313 -0.000002 -0.000014 -0.174510
 20   3.673767 0.176993 -1.117566 0.000007 -0.000003 -0.174546
 21   3.942357 1.330634 1.627658 0.000002 -0.000011 -0.000026
 22   -0.246060 -0.011889 0.516521 -0.000011 0.000031 0.000025
 23   3.942374 1.330659 -1.631083 0.000019 0.000002 -0.000024
 24   -0.246150 -0.011872 -0.516511 -0.000005 -0.000006 0.000048
 25   4.941364 1.997338 1.629330 0.000018 -0.000001 -0.000024
 26   4.941382 1.997366 -1.629410 -0.000001 0.000005 -0.000024
 27   2.918368 1.615358 1.514501 -0.000019 -0.000022 -0.000050
 28   2.920798 1.614964 -1.501142 -0.000002 -0.000009 -0.000024
 29   8.824059 0.150544 0.091743 0.000006 -0.000231 -0.174534
 30   2.111085 -0.561179 1.784320 -0.000008 -0.000682 0.000024
 31   2.121290 -0.561289 -1.853599 0.000000 0.000000 -0.000002
 32   -0.810489 -0.093824 3.127092 0.308687 -2.963972 -0.295141
 33   14.298673 -0.408176 0.475484 0.010830 -0.088871 -0.467367
 34   15.835795 0.581398 0.242756 -0.305885 -0.201989 0.256011
 35   -0.815868 -0.091229 -3.114430 -0.040474 2.853438 0.069176
 36   14.294526 -0.410349 -0.463635 -0.007026 0.076833 -0.395888
 37   15.834409 0.579420 -0.284600 0.273760 0.212841 0.401548
 38   1.139685 -3.453749 -2.823813 0.000000 0.000000 0.000001
 39   -4.457742 -1.054854 -0.746180 0.000000 0.000000 0.000000
 40   1.118101 -3.449769 3.237290 0.000000 0.000001 0.000000
 41   -4.433840 -1.059130 0.959566 -0.000001 0.000000 0.000000
 42   -0.657468 1.697302 -2.688614 0.000000 0.000002 0.000000
 43   -0.664068 1.698578 2.869377 0.000000 0.000002 0.000000
time 7
  0   -0.756603 -0.917997 1.293379 0.000000 0.000000 -1.571069
  1   -1.093036 0.000002 -0.326057 -1.569027 -1.622749 -0.001768
  2   2.262337 0.113614 0.064702 -0.000014 0.000037 0.131489
  3   2.380047 0.353302 0.047440 0.000000 -0.000028 0.203892
  4   2.033756 0.190472 -0.000128 -0.166860 0.050851 0.226700
  5   2.451511 0.204909 -0.003447 -0.149259 -0.002198 0.263096
  6   7.247600 -0.397300 -0.109469 0.000001 -0.000003 0.470960
  7   -2.022252 -0.104661 3.136172 1.212706 -1.046098 -4.775980
  8   1.168026 -0.537438 -0.063437 -0.464434 0.416417 -0.518419
  9   6.790376 -0.619176 0.015206 -0.169926 -0.303819 -1.125674
 10   8.637599 0.544015 -0.090417 -2.164110 0.510833 -0.884385
 11   6.790465 -0.619039 0.017802 -0.154294 -0.207302 -0.801479
 12   -2.022474 -0.104699 -2.873818 -2.468706 1.824383 0.184805
 13   1.167898 -0.537463 0.063297 -0.816748 -0.995609 0.112928
 14   7.002743 -0.617765 -0.183752 0.000115 0.000194 -1.839294
 15   8.209042 0.615527 -0.255885 1.717060 0.379748 -0.012696
 16   7.002735 -0.617911 -0.183641 0.013074 0.010131 -1.306017
 17   1.574674 0.609930 -0.000899 0.152813 -0.000252 -0.035232
 18   -0.602177 0.511412 -0.000006 0.000000 0.000000 0.000000
 19   3.673773 0.177020 1.119313 -0.000002 -0.000014 -0.174510
 20   3.673767 0.176993 -1.117566 0.000007 -0.000003 -0.174546
 21   3.942357 1.330634 1.627658 0.000002 -0.000011 -0.000026
 22   -0.246060 -0.011889 0.516521 -0.000011 0.000031 0.000025
 23   3.942374 1.330659 -1.631083 0.000019 0.000002 -0.000024
 24   -0.246150 -0.011872 -0.516511 -0.000005 -0.000006 0.000048
 25   4.941364 1.997338 1.629330 0.000018 -0.000001 -0.000024
 26   4.941382 1.997366 -1.629410 -0.000001 0.000005 -0.000024
 27   2.918368 1.615358 1.514501 -0.000019 -0.000022 -0.000050
 28   2.920798 1.614964 -1.501142 -0.000002 -0.000009 -0.000024
 29   8.824059 0.150544 0.091743 0.000006 -0.000231 -0.174534
 30   2.111085 -0.561179 1.784320 -0.000008 -0.000682 0.000024
 31   2.121290 -0.561289 -1.853599 0.000000 0.000000 -0.000002
 32   -0.810489 -0.093824 3.127092 0.308687 -2.963972 -0.295141
 33   14.298673 -0.408176 0.475484 0.010830 -0.088871 -0.467367
 34   15.835795 0.581398 0.242756 -0.305885 -0.201989 0.256011
 35   -0.815868 -0.091229 -3.114430 -0.040474 2.853438 0.069176
 36   14.294526 -0.410349 -0.463635 -0.007026 0.076833 -0.395888
 37   15.834409 0.579420 -0.284600 0.273760 0.212841 0.401548
 38   1.139685 -3.453749 -2.823813 0.000000 0.000000 0.000001
 39   -4.457742 -1.054854 -0.746180 0.000000 0.000000 0.000000
 40   1.118101 -3.449769 3.237290 0.000000 0.000001 0.000000
 41   -4.433840 -1.059130 0.959566 -0.000001 0.000000 0.000000
 42   -0.657468 1.697302 -2.688614 0.000000 0.000002 0.000000
 43   -0.664068 1.698578 2.869377 0.000000 0.000002 0.000000
time 8
  0   -0.756603 -0.917997 1.293379 0.000000 0.000000 -1.571069
  1   -1.093036 0.000002 -0.326057 -1.569027 -1.622749 -0.001768
  2   2.262337 0.113614 0.064702 -0.000014 0.000037 0.131489
  3   2.380047 0.353302 0.047440 0.000000 -0.000028 0.199505
  4   2.033756 0.190472 -0.000128 -0.166860 0.050851 0.221879
  5   2.451511 0.204909 -0.003447 -0.149242 -0.001937 0.261313
  6   7.247600 -0.397300 -0.109469 0.000001 -0.000003 0.470960
  7   -2.022252 -0.104661 3.136172 1.212706 -1.046098 -4.775980
  8   1.168026 -0.537438 -0.063437 -0.559861 0.328367 -0.668599
  9   6.790376 -0.619176 0.015206 -0.169926 -0.264443 -0.909007
 10   8.637599 0.544015 -0.090417 -1.798024 0.600440 -1.000208
 11   6.790465 -0.619039 0.017802 -0.143608 -0.182373 -0.651755
 12   -2.022474 -0.104699 -2.873818 -2.468706 1.824383 0.184805
 13   1.167898 -0.537463 0.063297 -0.820966 -0.994135 0.117165
 14   7.002743 -0.617765 -0.183752 0.000115 0.000194 -1.839459
 15   8.209042 0.615527 -0.255885 1.717348 0.379369 -0.011192
 16   7.002735 -0.617911 -0.183641 0.013074 0.010131 -1.306293
 17   1.574674 0.609930 -0.000899 0.129131 0.033497 0.006941
 18   -0.602177 0.511412 -0.000006 0.000000 0.000000 0.000000
 19   3.673773 0.177020 1.119313 -0.000002 -0.000014 -0.174510
 20   3.673767 0.176993 -1.117566 0.000007 -0.000003 -0.174546
 21   3.942357 1.330634 1.627658 0.000002 -0.000011 -0.000026
 22   -0.246060 -0.011889 0.516521 -0.000011 0.000031 0.000025
 23   3.942374 1.330659 -1.631083 0.000019 0.000002 -0.000024
 24   -0.246150 -0.011872 -0.516511 -0.000005 -0.000006 0.000048
 25   4.941364 1.997338 1.629330 0.000018 -0.000001 -0.000024
 26   4.941382 1.997366 -1.629410 -0.000001 0.000005 -0.000024
 27   2.918368 1.615358 1.514501 -0.000019 -0.000022 -0.000050
 28   2.920798 1.614964 -1.501142 -0.000002 -0.000009 -0.000024
 29   8.824059 0.150544 0.091743 0.000006 -0.000231 -0.174534
 30   2.111085 -0.561179 1.784320 -0.000008 -0.000682 0.000024
 31   2.121290 -0.561289 -1.853599 0.000000 0.000000 -0.000002
 32   -0.810489 -0.093824 3.127092 0.308687 -2.963972 -0.295141
 33   14.298673 -0.408176 0.475484 0.010830 -0.088871 -0.467367
 34   15.835795 0.581398 0.242756 -0.305885 -0.201989 0.256011
 35   -0.815868 -0.091229 -3.114430 -0.040474 2.853438 0.069176
 36   14.294526 -0.410349 -0.463635 -0.007026 0.076833 -0.395888
 37   15.834409 0.579420 -0.284600 0.273760 0.212841 0.401548
 38   1.139685 -3.453749 -2.823813 0.000000 0.000000 0.000001
 39   -4.457742 -1.054854 -0.746180 0.000000 0.000000 0.000000
 40   1.118101 -3.449769 3.237290 0.000000 0.000001 0.000000
 41   -4.433840 -1.059130 0.959566 -0.000001 0.000000 0.000000
 42   -0.657468 1.697302 -2.688614 0.000000 0.000002 0.000000
 43   -0.664068 1.698578 2.869377 0.000000 0.000002 0.000000
time 9
  0   -0.756603 -0.917997 1.293379 0.000000 0.000000 -1.571069
  1   -1.093036 0.000002 -0.326057 -1.569027 -1.622749 -0.001768
  2   2.262337 0.113614 0.064702 -0.000014 0.000037 0.131489
  3   2.380047 0.353302 0.047440 0.000000 -0.000028 0.194669
  4   2.033756 0.190472 -0.000128 -0.166860 0.050851 0.216442
  5   2.451511 0.204909 -0.003447 -0.149105 -0.001663 0.259331
  6   7.247600 -0.397300 -0.109469 0.000001 -0.000003 0.470960
  7   -2.022252 -0.104661 3.136172 1.212706 -1.046098 -4.775980
  8   1.168026 -0.537438 -0.063437 -0.648517 0.188141 -0.854205
  9   6.790376 -0.619176 0.015206 -0.169926 -0.166134 -0.522463
 10   8.637599 0.544015 -0.090417 -1.583498 0.653233 -1.068212
 11   6.790465 -0.619039 0.017802 -0.128630 -0.119184 -0.382298
 12   -2.022474 -0.104699 -2.873818 -2.468706 1.824383 0.184805
 13   1.167898 -0.537463 0.063297 -0.825675 -0.992304 0.121766
 14   7.002743 -0.617765 -0.183752 0.000115 0.000194 -1.839789
 15   8.209042 0.615527 -0.255885 1.717779 0.379067 -0.009328
 16   7.002735 -0.617911 -0.183641 0.013074 0.010131 -1.306514
 17   1.574674 0.609930 -0.000899 0.115199 0.053377 0.031557
 18   -0.602177 0.511412 -0.000006 0.000000 0.000000 0.000000
 19   3.673773 0.177020 1.119313 -0.000002 -0.000014 -0.174510
 20   3.673767 0.176993 -1.117566 0.000007 -0.000003 -0.174546
 21   3.942357 1.330634 1.627658 0.000002 -0.000011 -0.000026
 22   -0.246060 -0.011889 0.516521 -0.000011 0.000031 0.000025
 23   3.942374 1.330659 -1.631083 0.000019 0.000002 -0.000024
 24   -0.246150 -0.011872 -0.516511 -0.000005 -0.000006 0.000048
 25   4.941364 1.997338 1.629330 0.000018 -0.000001 -0.000024
 26   4.941382 1.997366 -1.629410 -0.000001 0.000005 -0.000024
 27   2.918368 1.615358 1.514501 -0.000019 -0.000022 -0.000050
 28   2.920798 1.614964 -1.501142 -0.000002 -0.000009 -0.000024
 29   8.824059 0.150544 0.091743 0.000006 -0.000231 -0.174534
 30   2.111085 -0.561179 1.784320 -0.000008 -0.000682 0.000024
 31   2.121290 -0.561289 -1.853599 0.000000 0.000000 -0.000002
 32   -0.810489 -0.093824 3.127092 0.308687 -2.963972 -0.295141
 33   14.298673 -0.408176 0.475484 0.010830 -0.088871 -0.467367
 34   15.835795 0.581398 0.242756 -0.305885 -0.201989 0.256011
 35   -0.815868 -0.091229 -3.114430 -0.040474 2.853438 0.069176
 36   14.294526 -0.410349 -0.463635 -0.007026 0.076833 -0.395888
 37   15.834409 0.579420 -0.284600 0.273760 0.212841 0.401548
 38   1.139685 -3.453749 -2.823813 0.000000 0.000000 0.000001
 39   -4.457742 -1.054854 -0.746180 0.000000 0.000000 0.000000
 40   1.118101 -3.449769 3.237290 0.000000 0.000001 0.000000
 41   -4.433840 -1.059130 0.959566 -0.000001 0.000000 0.000000
 42   -0.657468 1.697302 -2.688614 0.000000 0.000002 0.000000
 43   -0.664068 1.698578 2.869377 0.000000 0.000002 0.000000
time 10
  0   -0.756603 -0.917997 1.293379 0.000000 0.000000 -1.571069
  1   -1.093036 0.000002 -0.326057 -1.569027 -1.622749 -0.001768
  2   2.262337 0.113614 0.064702 -0.000014 0.000037 0.131489
  3   2.380047 0.353302 0.047440 0.000000 -0.000028 0.192057
  4   2.033756 0.190472 -0.000128 -0.166860 0.050851 0.213651
  5   2.451511 0.204909 -0.003447 -0.149105 -0.001480 0.258266
  6   7.247600 -0.397300 -0.109469 0.000001 -0.000003 0.470960
  7   -2.022252 -0.104661 3.136172 1.212706 -1.046098 -4.775980
  8   1.168026 -0.537438 -0.063437 -0.666362 0.146028 -0.904497
  9   6.790376 -0.619176 0.015206 -0.169926 -0.129294 -0.399677
 10   8.637599 0.544015 -0.090417 -1.553556 0.660624 -1.077689
 11   6.790465 -0.619039 0.017802 -0.125594 -0.095307 -0.296247
 12   -2.022474 -0.104699 -2.873818 -2.468706 1.824383 0.184805
 13   1.167898 -0.537463 0.063297 -0.828206 -0.991389 0.124490
 14   7.002743 -0.617765 -0.183752 0.000115 0.000194 -1.839954
 15   8.209042 0.615527 -0.255885 1.717779 0.378613 -0.008306
 16   7.002735 -0.617911 -0.183641 0.013074 0.010131 -1.306569
 17   1.574674 0.609930 -0.000899 0.113330 0.056146 0.034920
 18   -0.602177 0.511412 -0.000006 0.000000 0.000000 0.000000
 19   3.673773 0.177020 1.119313 -0.000002 -0.000014 -0.174510
 20   3.673767 0.176993 -1.117566 0.000007 -0.000003 -0.174546
 21   3.942357 1.330634 1.627658 0.000002 -0.000011 -0.000026
 22   -0.246060 -0.011889 0.516521 -0.000011 0.000031 0.000025
 23   3.942374 1.330659 -1.631083 0.000019 0.000002 -0.000024
 24   -0.246150 -0.011872 -0.516511 -0.000005 -0.000006 0.000048
 25   4.941364 1.997338 1.629330 0.000018 -0.000001 -0.000024
 26   4.941382 1.997366 -1.629410 -0.000001 0.000005 -0.000024
 27   2.918368 1.615358 1.514501 -0.000019 -0.000022 -0.000050
 28   2.920798 1.614964 -1.501142 -0.000002 -0.000009 -0.000024
 29   8.824059 0.150544 0.091743 0.000006 -0.000231 -0.174534
 30   2.111085 -0.561179 1.784320 -0.000008 -0.000682 0.000024
 31   2.121290 -0.561289 -1.853599 0.000000 0.000000 -0.000002
 32   -0.810489 -0.093824 3.127092 0.308687 -2.963972 -0.295141
 33   14.298673 -0.408176 0.475484 0.010830 -0.088871 -0.467367
 34   15.835795 0.581398 0.242756 -0.305885 -0.201989 0.256011
 35   -0.815868 -0.091229 -3.114430 -0.040474 2.853438 0.069176
 36   14.294526 -0.410349 -0.463635 -0.007026 0.076833 -0.395888
 37   15.834409 0.579420 -0.284600 0.273760 0.212841 0.401548
 38   1.139685 -3.453749 -2.823813 0.000000 0.000000 0.000001
 39   -4.457742 -1.054854 -0.746180 0.000000 0.000000 0.000000
 40   1.118101 -3.449769 3.237290 0.000000 0.000001 0.000000
 41   -4.433840 -1.059130 0.959566 -0.000001 0.000000 0.000000
 42   -0.657468 1.697302 -2.688614 0.000000 0.000002 0.000000
 43   -0.664068 1.698578 2.869377 0.000000 0.000002 0.000000
time 11
  0   -0.756603 -0.917997 1.293379 0.000000 0.000000 -1.571069
  1   -1.093036 0.000002 -0.326057 -1.569027 -1.622749 -0.001768
  2   2.262337 0.113614 0.064702 -0.000014 0.000037 0.131489
  3   2.380047 0.353302 0.047440 0.000000 -0.000028 0.186568
  4   2.033756 0.190472 -0.000128 -0.166860 0.050851 0.207489
  5   2.451511 0.204909 -0.003447 -0.148968 -0.001167 0.256087
  6   7.247600 -0.397300 -0.109469 0.000001 -0.000003 0.470960
  7   -2.022252 -0.104661 3.136172 1.212706 -1.046098 -4.775980
  8   1.168026 -0.537438 -0.063437 -0.666552 0.138531 -0.920882
  9   6.790376 -0.619176 0.015206 -0.169926 -0.113877 -0.349793
 10   8.637599 0.544015 -0.090417 -1.613704 0.635706 -1.058011
 11   6.790465 -0.619039 0.017802 -0.124572 -0.085358 -0.261180
 12   -2.022474 -0.104699 -2.873818 -2.468706 1.824383 0.184805
 13   1.167898 -0.537463 0.063297 -0.833408 -0.989507 0.129817
 14   7.002743 -0.617765 -0.183752 0.000115 0.000194 -1.840284
 15   8.209042 0.615527 -0.255885 1.718282 0.378235 -0.006201
 16   7.002735 -0.617911 -0.183641 0.013074 0.010131 -1.306845
 17   1.574674 0.609930 -0.000899 0.113330 0.056146 0.034920
 18   -0.602177 0.511412 -0.000006 0.000000 0.000000 0.000000
 19   3.673773 0.177020 1.119313 -0.000002 -0.000014 -0.174510
 20   3.673767 0.176993 -1.117566 0.000007 -0.000003 -0.174546
 21   3.942357 1.330634 1.627658 0.000002 -0.000011 -0.000026
 22   -0.246060 -0.011889 0.516521 -0.000011 0.000031 0.000025
 23   3.942374 1.330659 -1.631083 0.000019 0.000002 -0.000024
 24   -0.246150 -0.011872 -0.516511 -0.000005 -0.000006 0.000048
 25   4.941364 1.997338 1.629330 0.000018 -0.000001 -0.000024
 26   4.941382 1.997366 -1.629410 -0.000001 0.000005 -0.000024
 27   2.918368 1.615358 1.514501 -0.000019 -0.000022 -0.000050
 28   2.920798 1.614964 -1.501142 -0.000002 -0.000009 -0.000024
 29   8.824059 0.150544 0.091743 0.000006 -0.000231 -0.174534
 30   2.111085 -0.561179 1.784320 -0.000008 -0.000682 0.000024
 31   2.121290 -0.561289 -1.853599 0.000000 0.000000 -0.000002
 32   -0.810489 -0.093824 3.127092 0.308687 -2.963972 -0.295141
 33   14.298673 -0.408176 0.475484 0.010830 -0.088871 -0.467367
 34   15.835795 0.581398 0.242756 -0.305885 -0.201989 0.256011
 35   -0.815868 -0.091229 -3.114430 -0.040474 2.853438 0.069176
 36   14.294526 -0.410349 -0.463635 -0.007026 0.076833 -0.395888
 37   15.834409 0.579420 -0.284600 0.273760 0.212841 0.401548
 38   1.139685 -3.453749 -2.823813 0.000000 0.000000 0.000001
 39   -4.457742 -1.054854 -0.746180 0.000000 0.000000 0.000000
 40   1.118101 -3.449769 3.237290 0.000000 0.000001 0.000000
 41   -4.433840 -1.059130 0.959566 -0.000001 0.000000 0.000000
 42   -0.657468 1.697302 -2.688614 0.000000 0.000002 0.000000
 43   -0.664068 1.698578 2.869377 0.000000 0.000002 0.000000
time 12
  0   -0.756603 -0.917997 1.293379 0.000000 0.000000 -1.571069
  1   -1.093036 0.000002 -0.326057 -1.569027 -1.622749 -0.001768
  2   2.262337 0.113614 0.064702 -0.000014 0.000037 0.131489
  3   2.380047 0.353302 0.047440 0.000000 -0.000028 0.183752
  4   2.033756 0.190472 -0.000128 -0.166860 0.050851 0.204408
  5   2.451511 0.204909 -0.003447 -0.148968 -0.000997 0.254873
  6   7.247600 -0.397300 -0.109469 0.000001 -0.000003 0.470960
  7   -2.022252 -0.104661 3.136172 1.212706 -1.046098 -4.775980
  8   1.168026 -0.537438 -0.063437 -0.668134 0.133198 -0.925120
  9   6.790376 -0.619176 0.015206 -0.169926 -0.109338 -0.335379
 10   8.637599 0.544015 -0.090417 -1.679841 0.607831 -1.036091
 11   6.790465 -0.619039 0.017802 -0.124280 -0.082430 -0.250972
 12   -2.022474 -0.104699 -2.873818 -2.468706 1.824383 0.184805
 13   1.167898 -0.537463 0.063297 -0.836220 -0.988541 0.132783
 14   7.002743 -0.617765 -0.183752 0.000115 0.000194 -1.840449
 15   8.209042 0.615527 -0.255885 1.718498 0.377932 -0.004878
 16   7.002735 -0.617911 -0.183641 0.013074 0.010131 -1.306845
 17   1.574674 0.609930 -0.000899 0.113330 0.056146 0.034920
 18   -0.602177 0.511412 -0.000006 0.000000 0.000000 0.000000
 19   3.673773 0.177020 1.119313 -0.000002 -0.000014 -0.174510
 20   3.673767 0.176993 -1.117566 0.000007 -0.000003 -0.174546
 21   3.942357 1.330634 1.627658 0.000002 -0.000011 -0.000026
 22   -0.246060 -0.011889 0.516521 -0.000011 0.000031 0.000025
 23   3.942374 1.330659 -1.631083 0.000019 0.000002 -0.000024
 24   -0.246150 -0.011872 -0.516511 -0.000005 -0.000006 0.000048
 25   4.941364 1.997338 1.629330 0.000018 -0.000001 -0.000024
 26   4.941382 1.997366 -1.629410 -0.000001 0.000005 -0.000024
 27   2.918368 1.615358 1.514501 -0.000019 -0.000022 -0.000050
 28   2.920798 1.614964 -1.501142 -0.000002 -0.000009 -0.000024
 29   8.824059 0.150544 0.091743 0.000006 -0.000231 -0.174534
 30   2.111085 -0.561179 1.784320 -0.000008 -0.000682 0.000024
 31   2.121290 -0.561289 -1.853599 0.000000 0.000000 -0.000002
 32   -0.810489 -0.093824 3.127092 0.308687 -2.963972 -0.295141
 33   14.298673 -0.408176 0.475484 0.010830 -0.088871 -0.467367
 34   15.835795 0.581398 0.242756 -0.305885 -0.201989 0.256011
 35   -0.815868 -0.091229 -3.114430 -0.040474 2.853438 0.069176
 36   14.294526 -0.410349 -0.463635 -0.007026 0.076833 -0.395888
 37   15.834409 0.579420 -0.284600 0.273760 0.212841 0.401548
 38   1.139685 -3.453749 -2.823813 0.000000 0.000000 0.000001
 39   -4.457742 -1.054854 -0.746180 0.000000 0.000000 0.000000
 40   1.118101 -3.449769 3.237290 0.000000 0.000001 0.000000
 41   -4.433840 -1.059130 0.959566 -0.000001 0.000000 0.000000
 42   -0.657468 1.697302 -2.688614 0.000000 0.000002 0.000000
 43   -0.664068 1.698578 2.869377 0.000000 0.000002 0.000000
time 13
  0   -0.756603 -0.917997 1.293379 0.000000 0.000000 -1.571069
  1   -1.093036 0.000002 -0.326057 -1.569027 -1.622749 -0.001768
  2   2.262337 0.113614 0.064702 -0.000014 0.000037 0.131489
  3   2.380047 0.353302 0.047440 0.000000 -0.000028 0.177814
  4   2.033756 0.190472 -0.000128 -0.166860 0.050851 0.197811
  5   2.451511 0.204909 -0.003447 -0.148814 -0.000619 0.252446
  6   7.247600 -0.397300 -0.109469 0.000001 -0.000003 0.470960
  7   -2.022252 -0.104661 3.136172 1.212706 -1.046098 -4.775980
  8   1.168026 -0.537438 -0.063437 -0.679461 0.114179 -0.913986
  9   6.790376 -0.619176 0.015206 -0.169926 -0.116279 -0.357793
 10   8.637599 0.544015 -0.090417 -1.858260 0.533147 -0.976696
 11   6.790465 -0.619039 0.017802 -0.124718 -0.086893 -0.266660
 12   -2.022474 -0.104699 -2.873818 -2.468706 1.824383 0.184805
 13   1.167898 -0.537463 0.063297 -0.841703 -0.986049 0.138110
 14   7.002743 -0.617765 -0.183752 0.000115 0.000194 -1.840779
 15   8.209042 0.615527 -0.255885 1.719145 0.377327 -0.002412
 16   7.002735 -0.617911 -0.183641 0.013074 0.010131 -1.307121
 17   1.574674 0.609930 -0.000899 0.113330 0.056146 0.034920
 18   -0.602177 0.511412 -0.000006 0.000000 0.000000 0.000000
 19   3.673773 0.177020 1.119313 -0.000002 -0.000014 -0.174510
 20   3.673767 0.176993 -1.117566 0.000007 -0.000003 -0.174546
 21   3.942357 1.330634 1.627658 0.000002 -0.000011 -0.000026
 22   -0.246060 -0.011889 0.516521 -0.000011 0.000031 0.000025
 23   3.942374 1.330659 -1.631083 0.000019 0.000002 -0.000024
 24   -0.246150 -0.011872 -0.516511 -0.000005 -0.000006 0.000048
 25   4.941364 1.997338 1.629330 0.000018 -0.000001 -0.000024
 26   4.941382 1.997366 -1.629410 -0.000001 0.000005 -0.000024
 27   2.918368 1.615358 1.514501 -0.000019 -0.000022 -0.000050
 28   2.920798 1.614964 -1.501142 -0.000002 -0.000009 -0.000024
 29   8.824059 0.150544 0.091743 0.000006 -0.000231 -0.174534
 30   2.111085 -0.561179 1.784320 -0.000008 -0.000682 0.000024
 31   2.121290 -0.561289 -1.853599 0.000000 0.000000 -0.000002
 32   -0.810489 -0.093824 3.127092 0.308687 -2.963972 -0.295141
 33   14.298673 -0.408176 0.475484 0.010830 -0.088871 -0.467367
 34   15.835795 0.581398 0.242756 -0.305885 -0.201989 0.256011
 35   -0.815868 -0.091229 -3.114430 -0.040474 2.853438 0.069176
 36   14.294526 -0.410349 -0.463635 -0.007026 0.076833 -0.395888
 37   15.834409 0.579420 -0.284600 0.273760 0.212841 0.401548
 38   1.139685 -3.453749 -2.823813 0.000000 0.000000 0.000001
 39   -4.457742 -1.054854 -0.746180 0.000000 0.000000 0.000000
 40   1.118101 -3.449769 3.237290 0.000000 0.000001 0.000000
 41   -4.433840 -1.059130 0.959566 -0.000001 0.000000 0.000000
 42   -0.657468 1.697302 -2.688614 0.000000 0.000002 0.000000
 43   -0.664068 1.698578 2.869377 0.000000 0.000002 0.000000
time 14
  0   -0.756603 -0.917997 1.293379 0.000000 0.000000 -1.571069
  1   -1.093036 0.000002 -0.326057 -1.569027 -1.622749 -0.001768
  2   2.262337 0.113614 0.064702 -0.000014 0.000037 0.131489
  3   2.380047 0.353302 0.047440 0.000000 -0.000028 0.174753
  4   2.033756 0.190472 -0.000128 -0.166860 0.050851 0.194440
  5   2.451511 0.204909 -0.003447 -0.148814 -0.000436 0.251233
  6   7.247600 -0.397300 -0.109469 0.000001 -0.000003 0.470960
  7   -2.022252 -0.104661 3.136172 1.212706 -1.046098 -4.775980
  8   1.168026 -0.537438 -0.063437 -0.689776 0.098028 -0.906142
  9   6.790376 -0.619176 0.015206 -0.169926 -0.121285 -0.373641
 10   8.637599 0.544015 -0.090417 -1.958742 0.490772 -0.942622
 11   6.790465 -0.619039 0.017802 -0.125010 -0.090105 -0.277848
 12   -2.022474 -0.104699 -2.873818 -2.468706 1.824383 0.184805
 13   1.167898 -0.537463 0.063297 -0.844514 -0.984981 0.140895
 14   7.002743 -0.617765 -0.183752 0.000115 0.000194 -1.840944
 15   8.209042 0.615527 -0.255885 1.719289 0.377024 -0.001089
 16   7.002735 -0.617911 -0.183641 0.013027 0.010131 -1.307397
 17   1.574674 0.609930 -0.000899 0.113330 0.056146 0.034920
 18   -0.602177 0.511412 -0.000006 0.000000 0.000000 0.000000
 19   3.673773 0.177020 1.119313 -0.000002 -0.000014 -0.174510
 20   3.673767 0.176993 -1.117566 0.000007 -0.000003 -0.174546
 21   3.942357 1.330634 1.627658 0.000002 -0.000011 -0.000026
 22   -0.246060 -0.011889 0.516521 -0.000011 0.000031 0.000025
 23   3.942374 1.330659 -1.631083 0.000019 0.000002 -0.000024
 24   -0.246150 -0.011872 -0.516511 -0.000005 -0.000006 0.000048
 25   4.941364 1.997338 1.629330 0.000018 -0.000001 -0.000024
 26   4.941382 1.997366 -1.629410 -0.000001 0.000005 -0.000024
 27   2.918368 1.615358 1.514501 -0.000019 -0.000022 -0.000050
 28   2.920798 1.614964 -1.501142 -0.000002 -0.000009 -0.000024
 29   8.824059 0.150544 0.091743 0.000006 -0.000231 -0.174534
 30   2.111085 -0.561179 1.784320 -0.000008 -0.000682 0.000024
 31   2.121290 -0.561289 -1.853599 0.000000 0.000000 -0.000002
 32   -0.810489 -0.093824 3.127092 0.308687 -2.963972 -0.295141
 33   14.298673 -0.408176 0.475484 0.010830 -0.088871 -0.467367
 34   15.835795 0.581398 0.242756 -0.305885 -0.201989 0.256011
 35   -0.815868 -0.091229 -3.114430 -0.040474 2.853438 0.069176
 36   14.294526 -0.410349 -0.463635 -0.007026 0.076833 -0.395888
 37   15.834409 0.579420 -0.284600 0.273760 0.212841 0.401548
 38   1.139685 -3.453749 -2.823813 0.000000 0.000000 0.000001
 39   -4.457742 -1.054854 -0.746180 0.000000 0.000000 0.000000
 40   1.118101 -3.449769 3.237290 0.000000 0.000001 0.000000
 41   -4.433840 -1.059130 0.959566 -0.000001 0.000000 0.000000
 42   -0.657468 1.697302 -2.688614 0.000000 0.000002 0.000000
 43   -0.664068 1.698578 2.869377 0.000000 0.000002 0.000000
time 15
  0   -0.756603 -0.917997 1.293379 0.000000 0.000000 -1.571069
  1   -1.093036 0.000002 -0.326057 -1.569027 -1.622749 -0.001768
  2   2.262337 0.113614 0.064702 -0.000014 0.000037 0.131489
  3   2.380047 0.353302 0.047440 0.000000 -0.000028 0.168611
  4   2.033756 0.190472 -0.000128 -0.166860 0.050851 0.187662
  5   2.451511 0.204909 -0.003447 -0.148677 -0.000057 0.248707
  6   7.247600 -0.397300 -0.109469 0.000001 -0.000003 0.470960
  7   -2.022252 -0.104661 3.136172 1.212706 -1.046098 -4.775980
  8   1.168026 -0.537438 -0.063437 -0.717556 0.052997 -0.898045
  9   6.790376 -0.619176 0.015206 -0.169926 -0.123688 -0.381565
 10   8.637599 0.544015 -0.090417 -2.153982 0.407289 -0.874763
 11   6.790465 -0.619039 0.017802 -0.125156 -0.091697 -0.283501
 12   -2.022474 -0.104699 -2.873818 -2.468706 1.824383 0.184805
 13   1.167898 -0.537463 0.063297 -0.850349 -0.982744 0.147009
 14   7.002743 -0.617765 -0.183752 0.000115 0.000194 -1.842264
 15   8.209042 0.615527 -0.255885 1.720008 0.376419 0.001737
 16   7.002735 -0.617911 -0.183641 0.013027 0.010131 -1.308225
 17   1.574674 0.609930 -0.000899 0.113330 0.056146 0.034920
 18   -0.602177 0.511412 -0.000006 0.000000 0.000000 0.000000
 19   3.673773 0.177020 1.119313 -0.000002 -0.000014 -0.174510
 20   3.673767 0.176993 -1.117566 0.000007 -0.000003 -0.174546
 21   3.942357 1.330634 1.627658 0.000002 -0.000011 -0.000026
 22   -0.246060 -0.011889 0.516521 -0.000011 0.000031 0.000025
 23   3.942374 1.330659 -1.631083 0.000019 0.000002 -0.000024
 24   -0.246150 -0.011872 -0.516511 -0.000005 -0.000006 0.000048
 25   4.941364 1.997338 1.629330 0.000018 -0.000001 -0.000024
 26   4.941382 1.997366 -1.629410 -0.000001 0.000005 -0.000024
 27   2.918368 1.615358 1.514501 -0.000019 -0.000022 -0.000050
 28   2.920798 1.614964 -1.501142 -0.000002 -0.000009 -0.000024
 29   8.824059 0.150544 0.091743 0.000006 -0.000231 -0.174534
 30   2.111085 -0.561179 1.784320 -0.000008 -0.000682 0.000024
 31   2.121290 -0.561289 -1.853599 0.000000 0.000000 -0.000002
 32   -0.810489 -0.093824 3.127092 0.308687 -2.963972 -0.295141
 33   14.298673 -0.408176 0.475484 0.010830 -0.088871 -0.467367
 34   15.835795 0.581398 0.242756 -0.305885 -0.201989 0.256011
 35   -0.815868 -0.091229 -3.114430 -0.040474 2.853438 0.069176
 36   14.294526 -0.410349 -0.463635 -0.007026 0.076833 -0.395888
 37   15.834409 0.579420 -0.284600 0.273760 0.212841 0.401548
 38   1.139685 -3.453749 -2.823813 0.000000 0.000000 0.000001
 39   -4.457742 -1.054854 -0.746180 0.000000 0.000000 0.000000
 40   1.118101 -3.449769 3.237290 0.000000 0.000001 0.000000
 41   -4.433840 -1.059130 0.959566 -0.000001 0.000000 0.000000
 42   -0.657468 1.697302 -2.688614 0.000000 0.000002 0.000000
 43   -0.664068 1.698578 2.869377 0.000000 0.000002 0.000000
time 16
  0   -0.756603 -0.917997 1.293379 0.000000 0.000000 -1.571069
  1   -1.093036 0.000002 -0.326057 -1.569027 -1.622749 -0.001768
  2   2.262337 0.113614 0.064702 -0.000014 0.000037 0.131489
  3   2.380047 0.353302 0.047440 0.000000 -0.000028 0.162367
  4   2.033756 0.190472 -0.000128 -0.166860 0.050851 0.180739
  5   2.451511 0.204909 -0.003447 -0.148523 0.000256 0.246131
  6   7.247600 -0.397300 -0.109469 0.000001 -0.000003 0.470960
  7   -2.022252 -0.104661 3.136172 1.212706 -1.046098 -4.775980
  8   1.168026 -0.537438 -0.063437 -0.744703 0.001475 -0.903738
  9   6.790376 -0.619176 0.015206 -0.169926 -0.112408 -0.345114
 10   8.637599 0.544015 -0.090417 -2.304573 0.340559 -0.819058
 11   6.790465 -0.619039 0.017802 -0.124455 -0.084420 -0.257893
 12   -2.022474 -0.104699 -2.873818 -2.468706 1.824383 0.184805
 13   1.167898 -0.537463 0.063297 -0.855129 -0.980760 0.152215
 14   7.002743 -0.617765 -0.183752 0.000115 0.000194 -1.843502
 15   8.209042 0.615527 -0.255885 1.720583 0.375586 0.004804
 16   7.002735 -0.617911 -0.183641 0.013027 0.010131 -1.309108
 17   1.574674 0.609930 -0.000899 0.113330 0.056146 0.034920
 18   -0.602177 0.511412 -0.000006 0.000000 0.000000 0.000000
 19   3.673773 0.177020 1.119313 -0.000002 -0.000014 -0.174510
 20   3.673767 0.176993 -1.117566 0.000007 -0.000003 -0.174546
 21   3.942357 1.330634 1.627658 0.000002 -0.000011 -0.000026
 22   -0.246060 -0.011889 0.516521 -0.000011 0.000031 0.000025
 23   3.942374 1.330659 -1.631083 0.000019 0.000002 -0.000024
 24   -0.246150 -0.011872 -0.516511 -0.000005 -0.000006 0.000048
 25   4.941364 1.997338 1.629330 0.000018 -0.000001 -0.000024
 26   4.941382 1.997366 -1.629410 -0.000001 0.000005 -0.000024
 27   2.918368 1.615358 1.514501 -0.000019 -0.000022 -0.000050
 28   2.920798 1.614964 -1.501142 -0.000002 -0.000009 -0.000024
 29   8.824059 0.150544 0.091743 0.000006 -0.000231 -0.174534
 30   2.111085 -0.561179 1.784320 -0.000008 -0.000682 0.000024
 31   2.121290 -0.561289 -1.853599 0.000000 0.000000 -0.000002
 32   -0.810489 -0.093824 3.127092 0.308687 -2.963972 -0.295141
 33   14.298673 -0.408176 0.475484 0.010830 -0.088871 -0.467367
 34   15.835795 0.581398 0.242756 -0.305885 -0.201989 0.256011
 35   -0.815868 -0.091229 -3.114430 -0.040474 2.853438 0.069176
 36   14.294526 -0.410349 -0.463635 -0.007026 0.076833 -0.395888
 37   15.834409 0.579420 -0.284600 0.273760 0.212841 0.401548
 38   1.139685 -3.453749 -2.823813 0.000000 0.000000 0.000001
 39   -4.457742 -1.054854 -0.746180 0.000000 0.000000 0.000000
 40   1.118101 -3.449769 3.237290 0.000000 0.000001 0.000000
 41   -4.433840 -1.059130 0.959566 -0.000001 0.000000 0.000000
 42   -0.657468 1.697302 -2.688614 0.000000 0.000002 0.000000
 43   -0.664068 1.698578 2.869377 0.000000 0.000002 0.000000
time 17
  0   -0.756603 -0.917997 1.293379 0.000000 0.000000 -1.571069
  1   -1.093036 0.000002 -0.326057 -1.569027 -1.622749 -0.001768
  2   2.262337 0.113614 0.064702 -0.000014 0.000037 0.131489
  3   2.380047 0.353302 0.047440 0.000000 -0.000028 0.159204
  4   2.033756 0.190472 -0.000128 -0.166860 0.050851 0.177259
  5   2.451511 0.204909 -0.003447 -0.148489 0.000426 0.244893
  6   7.247600 -0.397300 -0.109469 0.000001 -0.000003 0.470960
  7   -2.022252 -0.104661 3.136172 1.212706 -1.046098 -4.775980
  8   1.168026 -0.537438 -0.063437 -0.752930 -0.019657 -0.911076
  9   6.790376 -0.619176 0.015206 -0.169926 -0.102397 -0.313720
 10   8.637599 0.544015 -0.090417 -2.348694 0.319160 -0.799887
 11   6.790465 -0.619039 0.017802 -0.123959 -0.077939 -0.235746
 12   -2.022474 -0.104699 -2.873818 -2.468706 1.824383 0.184805
 13   1.167898 -0.537463 0.063297 -0.857238 -0.979692 0.154031
 14   7.002743 -0.617765 -0.183752 0.000115 0.000194 -1.844327
 15   8.209042 0.615527 -0.255885 1.720727 0.375284 0.006488
 16   7.002735 -0.617911 -0.183641 0.013027 0.010131 -1.309715
 17   1.574674 0.609930 -0.000899 0.113330 0.056146 0.034920
 18   -0.602177 0.511412 -0.000006 0.000000 0.000000 0.000000
 19   3.673773 0.177020 1.119313 -0.000002 -0.000014 -0.174510
 20   3.673767 0.176993 -1.117566 0.000007 -0.000003 -0.174546
 21   3.942357 1.330634 1.627658 0.000002 -0.000011 -0.000026
 22   -0.246060 -0.011889 0.516521 -0.000011 0.000031 0.000025
 23   3.942374 1.330659 -1.631083 0.000019 0.000002 -0.000024
 24   -0.246150 -0.011872 -0.516511 -0.000005 -0.000006 0.000048
 25   4.941364 1.997338 1.629330 0.000018 -0.000001 -0.000024
 26   4.941382 1.997366 -1.629410 -0.000001 0.000005 -0.000024
 27   2.918368 1.615358 1.514501 -0.000019 -0.000022 -0.000050
 28   2.920798 1.614964 -1.501142 -0.000002 -0.000009 -0.000024
 29   8.824059 0.150544 0.091743 0.000006 -0.000231 -0.174534
 30   2.111085 -0.561179 1.784320 -0.000008 -0.000682 0.000024
 31   2.121290 -0.561289 -1.853599 0.000000 0.000000 -0.000002
 32   -0.810489 -0.093824 3.127092 0.308687 -2.963972 -0.295141
 33   14.298673 -0.408176 0.475484 0.010830 -0.088871 -0.467367
 34   15.835795 0.581398 0.242756 -0.305885 -0.201989 0.256011
 35   -0.815868 -0.091229 -3.114430 -0.040474 2.853438 0.069176
 36   14.294526 -0.410349 -0.463635 -0.007026 0.076833 -0.395888
 37   15.834409 0.579420 -0.284600 0.273760 0.212841 0.401548
 38   1.139685 -3.453749 -2.823813 0.000000 0.000000 0.000001
 39   -4.457742 -1.054854 -0.746180 0.000000 0.000000 0.000000
 40   1.118101 -3.449769 3.237290 0.000000 0.000001 0.000000
 41   -4.433840 -1.059130 0.959566 -0.000001 0.000000 0.000000
 42   -0.657468 1.697302 -2.688614 0.000000 0.000002 0.000000
 43   -0.664068 1.698578 2.869377 0.000000 0.000002 0.000000
time 18
  0   -0.756603 -0.917997 1.293379 0.000000 0.000000 -1.571069
  1   -1.093036 0.000002 -0.326057 -1.569027 -1.622749 -0.001768
  2   2.262337 0.113614 0.064702 -0.000014 0.000037 0.131489
  3   2.380047 0.353302 0.047440 0.000000 -0.000028 0.153062
  4   2.033756 0.190472 -0.000128 -0.166860 0.050851 0.170481
  5   2.451511 0.204909 -0.003447 -0.148318 0.000831 0.242367
  6   7.247600 -0.397300 -0.109469 0.000001 -0.000003 0.470960
  7   -2.022252 -0.104661 3.136172 1.212706 -1.046098 -4.775980
  8   1.168026 -0.537438 -0.063437 -0.753499 -0.042701 -0.933028
  9   6.790376 -0.619176 0.015206 -0.169926 -0.077904 -0.236743
 10   8.637599 0.544015 -0.090417 -2.351864 0.305223 -0.783392
 11   6.790465 -0.619039 0.017802 -0.122937 -0.061964 -0.181531
 12   -2.022474 -0.104699 -2.873818 -2.468706 1.824383 0.184805
 13   1.167898 -0.537463 0.063297 -0.861033 -0.977913 0.158329
 14   7.002743 -0.617765 -0.183752 0.000115 0.000194 -1.846637
 15   8.209042 0.615527 -0.255885 1.721446 0.374452 0.009856
 16   7.002735 -0.617911 -0.183641 0.013027 0.010131 -1.311316
 17   1.574674 0.609930 -0.000899 0.113330 0.056146 0.034920
 18   -0.602177 0.511412 -0.000006 0.000000 0.000000 0.000000
 19   3.673773 0.177020 1.119313 -0.000002 -0.000014 -0.174510
 20   3.673767 0.176993 -1.117566 0.000007 -0.000003 -0.174546
 21   3.942357 1.330634 1.627658 0.000002 -0.000011 -0.000026
 22   -0.246060 -0.011889 0.516521 -0.000011 0.000031 0.000025
 23   3.942374 1.330659 -1.631083 0.000019 0.000002 -0.000024
 24   -0.246150 -0.011872 -0.516511 -0.000005 -0.000006 0.000048
 25   4.941364 1.997338 1.629330 0.000018 -0.000001 -0.000024
 26   4.941382 1.997366 -1.629410 -0.000001 0.000005 -0.000024
 27   2.918368 1.615358 1.514501 -0.000019 -0.000022 -0.000050
 28   2.920798 1.614964 -1.501142 -0.000002 -0.000009 -0.000024
 29   8.824059 0.150544 0.091743 0.000006 -0.000231 -0.174534
 30   2.111085 -0.561179 1.784320 -0.000008 -0.000682 0.000024
 31   2.121290 -0.561289 -1.853599 0.000000 0.000000 -0.000002
 32   -0.810489 -0.093824 3.127092 0.308687 -2.963972 -0.295141
 33   14.298673 -0.408176 0.475484 0.010830 -0.088871 -0.467367
 34   15.835795 0.581398 0.242756 -0.305885 -0.201989 0.256011
 35   -0.815868 -0.091229 -3.114430 -0.040474 2.853438 0.069176
 36   14.294526 -0.410349 -0.463635 -0.007026 0.076833 -0.395888
 37   15.834409 0.579420 -0.284600 0.273760 0.212841 0.401548
 38   1.139685 -3.453749 -2.823813 0.000000 0.000000 0.000001
 39   -4.457742 -1.054854 -0.746180 0.000000 0.000000 0.000000
 40   1.118101 -3.449769 3.237290 0.000000 0.000001 0.000000
 41   -4.433840 -1.059130 0.959566 -0.000001 0.000000 0.000000
 42   -0.657468 1.697302 -2.688614 0.000000 0.000002 0.000000
 43   -0.664068 1.698578 2.869377 0.000000 0.000002 0.000000
time 19
  0   -0.756603 -0.917997 1.293379 0.000000 0.000000 -1.571069
  1   -1.093036 0.000002 -0.326057 -1.569027 -1.622749 -0.001768
  2   2.262337 0.113614 0.064702 -0.000014 0.000037 0.131489
  3   2.380047 0.353302 0.047440 0.000000 -0.000028 0.150042
  4   2.033756 0.190472 -0.000128 -0.166860 0.050851 0.167110
  5   2.451511 0.204909 -0.003447 -0.148232 0.001000 0.241153
  6   7.247600 -0.397300 -0.109469 0.000001 -0.000003 0.470960
  7   -2.022252 -0.104661 3.136172 1.212706 -1.046098 -4.775980
  8   1.168026 -0.537438 -0.063437 -0.746855 -0.037569 -0.930750
  9   6.790376 -0.619176 0.015206 -0.169926 -0.074500 -0.226404
 10   8.637599 0.544015 -0.090417 -2.314789 0.302337 -0.778762
 11   6.790465 -0.619039 0.017802 -0.122791 -0.059747 -0.174264
 12   -2.022474 -0.104699 -2.873818 -2.468706 1.824383 0.184805
 13   1.167898 -0.537463 0.063297 -0.862650 -0.977201 0.160145
 14   7.002743 -0.617765 -0.183752 0.000115 0.000194 -1.847792
 15   8.209042 0.615527 -0.255885 1.721877 0.374149 0.011600
 16   7.002735 -0.617911 -0.183641 0.013027 0.010131 -1.312033
 17   1.574674 0.609930 -0.000899 0.113330 0.056146 0.034920
 18   -0.602177 0.511412 -0.000006 0.000000 0.000000 0.000000
 19   3.673773 0.177020 1.119313 -0.000002 -0.000014 -0.174510
 20   3.673767 0.176993 -1.117566 0.000007 -0.000003 -0.174546
 21   3.942357 1.330634 1.627658 0.000002 -0.000011 -0.000026
 22   -0.246060 -0.011889 0.516521 -0.000011 0.000031 0.000025
 23   3.942374 1.330659 -1.631083 0.000019 0.000002 -0.000024
 24   -0.246150 -0.011872 -0.516511 -0.000005 -0.000006 0.000048
 25   4.941364 1.997338 1.629330 0.000018 -0.000001 -0.000024
 26   4.941382 1.997366 -1.629410 -0.000001 0.000005 -0.000024
 27   2.918368 1.615358 1.514501 -0.000019 -0.000022 -0.000050
 28   2.920798 1.614964 -1.501142 -0.000002 -0.000009 -0.000024
 29   8.824059 0.150544 0.091743 0.000006 -0.000231 -0.174534
 30   2.111085 -0.561179 1.784320 -0.000008 -0.000682 0.000024
 31   2.121290 -0.561289 -1.853599 0.000000 0.000000 -0.000002
 32   -0.810489 -0.093824 3.127092 0.308687 -2.963972 -0.295141
 33   14.298673 -0.408176 0.475484 0.010830 -0.088871 -0.467367
 34   15.835795 0.581398 0.242756 -0.305885 -0.201989 0.256011
 35   -0.815868 -0.091229 -3.114430 -0.040474 2.853438 0.069176
 36   14.294526 -0.410349 -0.463635 -0.007026 0.076833 -0.395888
 37   15.834409 0.579420 -0.284600 0.273760 0.212841 0.401548
 38   1.139685 -3.453749 -2.823813 0.000000 0.000000 0.000001
 39   -4.457742 -1.054854 -0.746180 0.000000 0.000000 0.000000
 40   1.118101 -3.449769 3.237290 0.000000 0.000001 0.000000
 41   -4.433840 -1.059130 0.959566 -0.000001 0.000000 0.000000
 42   -0.657468 1.697302 -2.688614 0.000000 0.000002 0.000000
 43   -0.664068 1.698578 2.869377 0.000000 0.000002 0.000000
time 20
  0   -0.756603 -0.917997 1.293379 0.000000 0.000000 -1.571069
  1   -1.093036 0.000002 -0.326057 -1.569027 -1.622749 -0.001768
  2   2.262337 0.113614 0.064702 -0.000014 0.000037 0.131489
  3   2.380047 0.353302 0.047440 0.000000 -0.000028 0.144104
  4   2.033756 0.190472 -0.000128 -0.166860 0.050851 0.160513
  5   2.451511 0.204909 -0.003447 -0.148044 0.001353 0.238726
  6   7.247600 -0.397300 -0.109469 0.000001 -0.000003 0.470960
  7   -2.022252 -0.104661 3.136172 1.212706 -1.046098 -4.775980
  8   1.168026 -0.537438 -0.063437 -0.704900 0.042129 -0.857621
  9   6.790376 -0.619176 0.015206 -0.169926 -0.113543 -0.348812
 10   8.637599 0.544015 -0.090417 -2.178464 0.298043 -0.771962
 11   6.790465 -0.619039 0.017802 -0.124572 -0.085102 -0.260431
 12   -2.022474 -0.104699 -2.873818 -2.468706 1.824383 0.184805
 13   1.167898 -0.537463 0.063297 -0.865462 -0.975472 0.162869
 14   7.002743 -0.617765 -0.183752 0.000115 0.000194 -1.850020
 15   8.209042 0.615527 -0.255885 1.722596 0.373241 0.015148
 16   7.002735 -0.617911 -0.183641 0.013027 0.010131 -1.313689
 17   1.574674 0.609930 -0.000899 0.113330 0.056146 0.034920
 18   -0.602177 0.511412 -0.000006 0.000000 0.000000 0.000000
 19   3.673773 0.177020 1.119313 -0.000002 -0.000014 -0.174510
 20   3.673767 0.176993 -1.117566 0.000007 -0.000003 -0.174546
 21   3.942357 1.330634 1.627658 0.000002 -0.000011 -0.000026
 22   -0.246060 -0.011889 0.516521 -0.000011 0.000031 0.000025
 23   3.942374 1.330659 -1.631083 0.000019 0.000002 -0.000024
 24   -0.246150 -0.011872 -0.516511 -0.000005 -0.000006 0.000048
 25   4.941364 1.997338 1.629330 0.000018 -0.000001 -0.000024
 26   4.941382 1.997366 -1.629410 -0.000001 0.000005 -0.000024
 27   2.918368 1.615358 1.514501 -0.000019 -0.000022 -0.000050
 28   2.920798 1.614964 -1.501142 -0.000002 -0.000009 -0.000024
 29   8.824059 0.150544 0.091743 0.000006 -0.000231 -0.174534
 30   2.111085 -0.561179 1.784320 -0.000008 -0.000682 0.000024
 31   2.121290 -0.561289 -1.853599 0.000000 0.000000 -0.000002
 32   -0.810489 -0.093824 3.127092 0.308687 -2.963972 -0.295141
 33   14.298673 -0.408176 0.475484 0.010830 -0.088871 -0.467367
 34   15.835795 0.581398 0.242756 -0.305885 -0.201989 0.256011
 35   -0.815868 -0.091229 -3.114430 -0.040474 2.853438 0.069176
 36   14.294526 -0.410349 -0.463635 -0.007026 0.076833 -0.395888
 37   15.834409 0.579420 -0.284600 0.273760 0.212841 0.401548
 38   1.139685 -3.453749 -2.823813 0.000000 0.000000 0.000001
 39   -4.457742 -1.054854 -0.746180 0.000000 0.000000 0.000000
 40   1.118101 -3.449769 3.237290 0.000000 0.000001 0.000000
 41   -4.433840 -1.059130 0.959566 -0.000001 0.000000 0.000000
 42   -0.657468 1.697302 -2.688614 0.000000 0.000002 0.000000
 43   -0.664068 1.698578 2.869377 0.000000 0.000002 0.000000
time 21
  0   -0.756603 -0.917997 1.293379 0.000000 0.000000 -1.571069
  1   -1.093036 0.000002 -0.326057 -1.569027 -1.622749 -0.001768
  2   2.262337 0.113614 0.064702 -0.000014 0.000037 0.131489
  3   2.380047 0.353302 0.047440 0.000000 -0.000028 0.141247
  4   2.033756 0.190472 -0.000128 -0.166860 0.050851 0.157396
  5   2.451511 0.204909 -0.003447 -0.147941 0.001562 0.237562
  6   7.247600 -0.397300 -0.109469 0.000001 -0.000003 0.470960
  7   -2.022252 -0.104661 3.136172 1.212706 -1.046098 -4.775980
  8   1.168026 -0.537438 -0.063437 -0.673766 0.094003 -0.805621
  9   6.790376 -0.619176 0.015206 -0.169926 -0.139238 -0.431902
 10   8.637599 0.544015 -0.090417 -2.083883 0.296424 -0.769719
 11   6.790465 -0.619039 0.017802 -0.126324 -0.101788 -0.318798
 12   -2.022474 -0.104699 -2.873818 -2.468706 1.824383 0.184805
 13   1.167898 -0.537463 0.063297 -0.866868 -0.975014 0.164443
 14   7.002743 -0.617765 -0.183752 0.000115 0.000194 -1.851587
 15   8.209042 0.615527 -0.255885 1.722956 0.372711 0.017072
 16   7.002735 -0.617911 -0.183641 0.013027 0.010244 -1.314627
 17   1.574674 0.609930 -0.000899 0.113330 0.056146 0.034920
 18   -0.602177 0.511412 -0.000006 0.000000 0.000000 0.000000
 19   3.673773 0.177020 1.119313 -0.000002 -0.000014 -0.174510
 20   3.673767 0.176993 -1.117566 0.000007 -0.000003 -0.174546
 21   3.942357 1.330634 1.627658 0.000002 -0.000011 -0.000026
 22   -0.246060 -0.011889 0.516521 -0.000011 0.000031 0.000025
 23   3.942374 1.330659 -1.631083 0.000019 0.000002 -0.000024
 24   -0.246150 -0.011872 -0.516511 -0.000005 -0.000006 0.000048
 25   4.941364 1.997338 1.629330 0.000018 -0.000001 -0.000024
 26   4.941382 1.997366 -1.629410 -0.000001 0.000005 -0.000024
 27   2.918368 1.615358 1.514501 -0.000019 -0.000022 -0.000050
 28   2.920798 1.614964 -1.501142 -0.000002 -0.000009 -0.000024
 29   8.824059 0.150544 0.091743 0.000006 -0.000231 -0.174534
 30   2.111085 -0.561179 1.784320 -0.000008 -0.000682 0.000024
 31   2.121290 -0.561289 -1.853599 0.000000 0.000000 -0.000002
 32   -0.810489 -0.093824 3.127092 0.308687 -2.963972 -0.295141
 33   14.298673 -0.408176 0.475484 0.010830 -0.088871 -0.467367
 34   15.835795 0.581398 0.242756 -0.305885 -0.201989 0.256011
 35   -0.815868 -0.091229 -3.114430 -0.040474 2.853438 0.069176
 36   14.294526 -0.410349 -0.463635 -0.007026 0.076833 -0.395888
 37   15.834409 0.579420 -0.284600 0.273760 0.212841 0.401548
 38   1.139685 -3.453749 -2.823813 0.000000 0.000000 0.000001
 39   -4.457742 -1.054854 -0.746180 0.000000 0.000000 0.000000
 40   1.118101 -3.449769 3.237290 0.000000 0.000001 0.000000
 41   -4.433840 -1.059130 0.959566 -0.000001 0.000000 0.000000
 42   -0.657468 1.697302 -2.688614 0.000000 0.000002 0.000000
 43   -0.664068 1.698578 2.869377 0.000000 0.000002 0.000000
time 22
  0   -0.756603 -0.917997 1.293379 0.000000 0.000000 -1.571069
  1   -1.093036 0.000002 -0.326057 -1.569027 -1.622749 -0.001768
  2   2.262337 0.113614 0.064702 -0.000014 0.000037 0.131489
  3   2.380047 0.353302 0.047440 0.000000 -0.000028 0.135758
  4   2.033756 0.190472 -0.000128 -0.166860 0.050851 0.151234
  5   2.451511 0.204909 -0.003447 -0.147736 0.001875 0.235309
  6   7.247600 -0.397300 -0.109469 0.000001 -0.000003 0.470960
  7   -2.022252 -0.104661 3.136172 1.212706 -1.046098 -4.775980
  8   1.168026 -0.537438 -0.063437 -0.598209 0.199009 -0.693144
  9   6.790376 -0.619176 0.015206 -0.169926 -0.187358 -0.596798
 10   8.637599 0.544015 -0.090417 -1.853769 0.294594 -0.766898
 11   6.790465 -0.619039 0.017802 -0.130966 -0.132942 -0.434263
 12   -2.022474 -0.104699 -2.873818 -2.468706 1.824383 0.184805
 13   1.167898 -0.537463 0.063297 -0.868766 -0.973641 0.166259
 14   7.002743 -0.617765 -0.183752 0.000115 0.000194 -1.854145
 15   8.209042 0.615527 -0.255885 1.723675 0.371803 0.020981
 16   7.002735 -0.617911 -0.183641 0.013027 0.010244 -1.316559
 17   1.574674 0.609930 -0.000899 0.113330 0.056146 0.034920
 18   -0.602177 0.511412 -0.000006 0.000000 0.000000 0.000000
 19   3.673773 0.177020 1.119313 -0.000002 -0.000014 -0.174510
 20   3.673767 0.176993 -1.117566 0.000007 -0.000003 -0.174546
 21   3.942357 1.330634 1.627658 0.000002 -0.000011 -0.000026
 22   -0.246060 -0.011889 0.516521 -0.000011 0.000031 0.000025
 23   3.942374 1.330659 -1.631083 0.000019 0.000002 -0.000024
 24   -0.246150 -0.011872 -0.516511 -0.000005 -0.000006 0.000048
 25   4.941364 1.997338 1.629330 0.000018 -0.000001 -0.000024
 26   4.941382 1.997366 -1.629410 -0.000001 0.000005 -0.000024
 27   2.918368 1.615358 1.514501 -0.000019 -0.000022 -0.000050
 28   2.920798 1.614964 -1.501142 -0.000002 -0.000009 -0.000024
 29   8.824059 0.150544 0.091743 0.000006 -0.000231 -0.174534
 30   2.111085 -0.561179 1.784320 -0.000008 -0.000682 0.000024
 31   2.121290 -0.561289 -1.853599 0.000000 0.000000 -0.000002
 32   -0.810489 -0.093824 3.127092 0.308687 -2.963972 -0.295141
 33   14.298673 -0.408176 0.475484 0.010830 -0.088871 -0.467367
 34   15.835795 0.581398 0.242756 -0.305885 -0.201989 0.256011
 35   -0.815868 -0.091229 -3.114430 -0.040474 2.853438 0.069176
 36   14.294526 -0.410349 -0.463635 -0.007026 0.076833 -0.395888
 37   15.834409 0.579420 -0.284600 0.273760 0.212841 0.401548
 38   1.139685 -3.453749 -2.823813 0.000000 0.000000 0.000001
 39   -4.457742 -1.054854 -0.746180 0.000000 0.000000 0.000000
 40   1.118101 -3.449769 3.237290 0.000000 0.000001 0.000000
 41   -4.433840 -1.059130 0.959566 -0.000001 0.000000 0.000000
 42   -0.657468 1.697302 -2.688614 0.000000 0.000002 0.000000
 43   -0.664068 1.698578 2.869377 0.000000 0.000002 0.000000
time 23
  0   -0.756603 -0.917997 1.293379 0.000000 0.000000 -1.571069
  1   -1.093036 0.000002 -0.326057 -1.569027 -1.622749 -0.001768
  2   2.262337 0.113614 0.064702 -0.000014 0.000037 0.131489
  3   2.380047 0.353302 0.047440 0.000000 -0.000028 0.130677
  4   2.033756 0.190472 -0.000128 -0.166860 0.050851 0.145652
  5   2.451511 0.204909 -0.003447 -0.147496 0.002162 0.233253
  6   7.247600 -0.397300 -0.109469 0.000001 -0.000003 0.470960
  7   -2.022252 -0.104661 3.136172 1.212706 -1.046098 -4.775980
  8   1.168026 -0.537438 -0.063437 -0.514299 0.298933 -0.586234
  9   6.790376 -0.619176 0.015206 -0.169926 -0.229004 -0.754827
 10   8.637599 0.544015 -0.090417 -1.585700 0.293538 -0.765523
 11   6.790465 -0.619039 0.017802 -0.136805 -0.159775 -0.544595
 12   -2.022474 -0.104699 -2.873818 -2.468706 1.824383 0.184805
 13   1.167898 -0.537463 0.063297 -0.870453 -0.972624 0.168075
 14   7.002743 -0.617765 -0.183752 0.000115 0.000194 -1.856620
 15   8.209042 0.615527 -0.255885 1.724538 0.370896 0.025010
 16   7.002735 -0.617911 -0.183641 0.013027 0.010244 -1.318270
 17   1.574674 0.609930 -0.000899 0.113330 0.056146 0.034920
 18   -0.602177 0.511412 -0.000006 0.000000 0.000000 0.000000
 19   3.673773 0.177020 1.119313 -0.000002 -0.000014 -0.174510
 20   3.673767 0.176993 -1.117566 0.000007 -0.000003 -0.174546
 21   3.942357 1.330634 1.627658 0.000002 -0.000011 -0.000026
 22   -0.246060 -0.011889 0.516521 -0.000011 0.000031 0.000025
 23   3.942374 1.330659 -1.631083 0.000019 0.000002 -0.000024
 24   -0.246150 -0.011872 -0.516511 -0.000005 -0.000006 0.000048
 25   4.941364 1.997338 1.629330 0.000018 -0.000001 -0.000024
 26   4.941382 1.997366 -1.629410 -0.000001 0.000005 -0.000024
 27   2.918368 1.615358 1.514501 -0.000019 -0.000022 -0.000050
 28   2.920798 1.614964 -1.501142 -0.000002 -0.000009 -0.000024
 29   8.824059 0.150544 0.091743 0.000006 -0.000231 -0.174534
 30   2.111085 -0.561179 1.784320 -0.000008 -0.000682 0.000024
 31   2.121290 -0.561289 -1.853599 0.000000 0.000000 -0.000002
 32   -0.810489 -0.093824 3.127092 0.308687 -2.963972 -0.295141
 33   14.298673 -0.408176 0.475484 0.010830 -0.088871 -0.467367
 34   15.835795 0.581398 0.242756 -0.305885 -0.201989 0.256011
 35   -0.815868 -0.091229 -3.114430 -0.040474 2.853438 0.069176
 36   14.294526 -0.410349 -0.463635 -0.007026 0.076833 -0.395888
 37   15.834409 0.579420 -0.284600 0.273760 0.212841 0.401548
 38   1.139685 -3.453749 -2.823813 0.000000 0.000000 0.000001
 39   -4.457742 -1.054854 -0.746180 0.000000 0.000000 0.000000
 40   1.118101 -3.449769 3.237290 0.000000 0.000001 0.000000
 41   -4.433840 -1.059130 0.959566 -0.000001 0.000000 0.000000
 42   -0.657468 1.697302 -2.688614 0.000000 0.000002 0.000000
 43   -0.664068 1.698578 2.869377 0.000000 0.000002 0.000000
time 24
  0   -0.756603 -0.917997 1.293379 0.000000 0.000000 -1.571069
  1   -1.093036 0.000002 -0.326057 -1.569027 -1.622749 -0.001768
  2   2.262337 0.113614 0.064702 -0.000014 0.000037 0.131489
  3   2.380047 0.353302 0.047440 0.000000 -0.000028 0.128249
  4   2.033756 0.190472 -0.000128 -0.166860 0.050851 0.142969
  5   2.451511 0.204909 -0.003447 -0.147359 0.002332 0.232287
  6   7.247600 -0.397300 -0.109469 0.000001 -0.000003 0.470960
  7   -2.022252 -0.104661 3.136172 1.212706 -1.046098 -4.775980
  8   1.168026 -0.537438 -0.063437 -0.472344 0.347587 -0.540307
  9   6.790376 -0.619176 0.015206 -0.169926 -0.248158 -0.834898
 10   8.637599 0.544015 -0.090417 -1.443211 0.293327 -0.765017
 11   6.790465 -0.619039 0.017802 -0.140192 -0.171998 -0.600309
 12   -2.022474 -0.104699 -2.873818 -2.468706 1.824383 0.184805
 13   1.167898 -0.537463 0.063297 -0.870945 -0.972268 0.168741
 14   7.002743 -0.617765 -0.183752 0.000115 0.000194 -1.857775
 15   8.209042 0.615527 -0.255885 1.725113 0.370366 0.027055
 16   7.002735 -0.617911 -0.183641 0.012979 0.010244 -1.319153
 17   1.574674 0.609930 -0.000899 0.113330 0.056146 0.034920
 18   -0.602177 0.511412 -0.000006 0.000000 0.000000 0.000000
 19   3.673773 0.177020 1.119313 -0.000002 -0.000014 -0.174510
 20   3.673767 0.176993 -1.117566 0.000007 -0.000003 -0.174546
 21   3.942357 1.330634 1.627658 0.000002 -0.000011 -0.000026
 22   -0.246060 -0.011889 0.516521 -0.000011 0.000031 0.000025
 23   3.942374 1.330659 -1.631083 0.000019 0.000002 -0.000024
 24   -0.246150 -0.011872 -0.516511 -0.000005 -0.000006 0.000048
 25   4.941364 1.997338 1.629330 0.000018 -0.000001 -0.000024
 26   4.941382 1.997366 -1.629410 -0.000001 0.000005 -0.000024
 27   2.918368 1.615358 1.514501 -0.000019 -0.000022 -0.000050
 28   2.920798 1.614964 -1.501142 -0.000002 -0.000009 -0.000024
 29   8.824059 0.150544 0.091743 0.000006 -0.000231 -0.174534
 30   2.111085 -0.561179 1.784320 -0.000008 -0.000682 0.000024
 31   2.121290 -0.561289 -1.853599 0.000000 0.000000 -0.000002
 32   -0.810489 -0.093824 3.127092 0.308687 -2.963972 -0.295141
 33   14.298673 -0.408176 0.475484 0.010830 -0.088871 -0.467367
 34   15.835795 0.581398 0.242756 -0.305885 -0.201989 0.256011
 35   -0.815868 -0.091229 -3.114430 -0.040474 2.853438 0.069176
 36   14.294526 -0.410349 -0.463635 -0.007026 0.076833 -0.395888
 37   15.834409 0.579420 -0.284600 0.273760 0.212841 0.401548
 38   1.139685 -3.453749 -2.823813 0.000000 0.000000 0.000001
 39   -4.457742 -1.054854 -0.746180 0.000000 0.000000 0.000000
 40   1.118101 -3.449769 3.237290 0.000000 0.000001 0.000000
 41   -4.433840 -1.059130 0.959566 -0.000001 0.000000 0.000000
 42   -0.657468 1.697302 -2.688614 0.000000 0.000002 0.000000
 43   -0.664068 1.698578 2.869377 0.000000 0.000002 0.000000
time 25
  0   -0.756603 -0.917997 1.293379 0.000000 0.000000 -1.571069
  1   -1.093036 0.000002 -0.326057 -1.569027 -1.622749 -0.001768
  2   2.262337 0.113614 0.064702 -0.000014 0.000037 0.131489
  3   2.380047 0.353302 0.047440 0.000000 -0.000028 0.126045
  4   2.033756 0.190472 -0.000128 -0.166860 0.050851 0.140468
  5   2.451511 0.204909 -0.003447 -0.147205 0.002489 0.231396
  6   7.247600 -0.397300 -0.109469 0.000001 -0.000003 0.470960
  7   -2.022252 -0.104661 3.136172 1.212706 -1.046098 -4.775980
  8   1.168026 -0.537438 -0.063437 -0.427668 0.399914 -0.498745
  9   6.790376 -0.619176 0.015206 -0.169926 -0.266311 -0.918365
 10   8.637599 0.544015 -0.090417 -1.297992 0.292975 -0.764800
 11   6.790465 -0.619039 0.017802 -0.144046 -0.183681 -0.658157
 12   -2.022474 -0.104699 -2.873818 -2.468706 1.824383 0.184805
 13   1.167898 -0.537463 0.063297 -0.871367 -0.971912 0.169467
 14   7.002743 -0.617765 -0.183752 0.000115 0.000194 -1.858848
 15   8.209042 0.615527 -0.255885 1.725401 0.369988 0.029280
 16   7.002735 -0.617911 -0.183641 0.012979 0.010300 -1.319981
 17   1.574674 0.609930 -0.000899 0.111177 0.059554 0.040390
 18   -0.602177 0.511412 -0.000006 0.000000 0.000000 0.000000
 19   3.673773 0.177020 1.119313 -0.000002 -0.000014 -0.174510
 20   3.673767 0.176993 -1.117566 0.000007 -0.000003 -0.174546
 21   3.942357 1.330634 1.627658 0.000002 -0.000011 -0.000026
 22   -0.246060 -0.011889 0.516521 -0.000011 0.000031 0.000025
 23   3.942374 1.330659 -1.631083 0.000019 0.000002 -0.000024
 24   -0.246150 -0.011872 -0.516511 -0.000005 -0.000006 0.000048
 25   4.941364 1.997338 1.629330 0.000018 -0.000001 -0.000024
 26   4.941382 1.997366 -1.629410 -0.000001 0.000005 -0.000024
 27   2.918368 1.615358 1.514501 -0.000019 -0.000022 -0.000050
 28   2.920798 1.614964 -1.501142 -0.000002 -0.000009 -0.000024
 29   8.824059 0.150544 0.091743 0.000006 -0.000231 -0.174534
 30   2.111085 -0.561179 1.784320 -0.000008 -0.000682 0.000024
 31   2.121290 -0.561289 -1.853599 0.000000 0.000000 -0.000002
 32   -0.810489 -0.093824 3.127092 0.308687 -2.963972 -0.295141
 33   14.298673 -0.408176 0.475484 0.010830 -0.088871 -0.467367
 34   15.835795 0.581398 0.242756 -0.305885 -0.201989 0.256011
 35   -0.815868 -0.091229 -3.114430 -0.040474 2.853438 0.069176
 36   14.294526 -0.410349 -0.463635 -0.007026 0.076833 -0.395888
 37   15.834409 0.579420 -0.284600 0.273760 0.212841 0.401548
 38   1.139685 -3.453749 -2.823813 0.000000 0.000000 0.000001
 39   -4.457742 -1.054854 -0.746180 0.000000 0.000000 0.000000
 40   1.118101 -3.449769 3.237290 0.000000 0.000001 0.000000
 41   -4.433840 -1.059130 0.959566 -0.000001 0.000000 0.000000
 42   -0.657468 1.697302 -2.688614 0.000000 0.000002 0.000000
 43   -0.664068 1.698578 2.869377 0.000000 0.000002 0.000000
time 26
  0   -0.756603 -0.917997 1.293379 0.000000 0.000000 -1.571069
  1   -1.093036 0.000002 -0.326057 -1.569027 -1.622749 -0.001768
  2   2.262337 0.113614 0.064702 -0.000014 0.000037 0.131489
  3   2.380047 0.353302 0.047440 0.000000 -0.000028 0.121964
  4   2.033756 0.190472 -0.000128 -0.166860 0.050851 0.136010
  5   2.451511 0.204909 -0.003447 -0.147017 0.002711 0.229662
  6   7.247600 -0.397300 -0.109469 0.000001 -0.000003 0.470960
  7   -2.022252 -0.104661 3.136172 1.212706 -1.046098 -4.775980
  8   1.168026 -0.537438 -0.063437 -0.318699 0.519662 -0.420998
  9   6.790376 -0.619176 0.015206 -0.169926 -0.296745 -1.081903
 10   8.637599 0.544015 -0.090417 -1.010108 0.292060 -0.763932
 11   6.790465 -0.619039 0.017802 -0.152046 -0.202896 -0.771200
 12   -2.022474 -0.104699 -2.873818 -2.468706 1.824383 0.184805
 13   1.167898 -0.537463 0.063297 -0.872280 -0.971200 0.170254
 14   7.002743 -0.617765 -0.183752 0.000115 0.000194 -1.860993
 15   8.209042 0.615527 -0.255885 1.726263 0.368853 0.033670
 16   7.002735 -0.617911 -0.183641 0.012979 0.010300 -1.321416
 17   1.574674 0.609930 -0.000899 0.096067 0.083386 0.078017
 18   -0.602177 0.511412 -0.000006 0.000000 0.000000 0.000000
 19   3.673773 0.177020 1.119313 -0.000002 -0.000014 -0.174510
 20   3.673767 0.176993 -1.117566 0.000007 -0.000003 -0.174546
 21   3.942357 1.330634 1.627658 0.000002 -0.000011 -0.000026
 22   -0.246060 -0.011889 0.516521 -0.000011 0.000031 0.000025
 23   3.942374 1.330659 -1.631083 0.000019 0.000002 -0.000024
 24   -0.246150 -0.011872 -0.516511 -0.000005 -0.000006 0.000048
 25   4.941364 1.997338 1.629330 0.000018 -0.000001 -0.000024
 26   4.941382 1.997366 -1.629410 -0.000001 0.000005 -0.000024
 27   2.918368 1.615358 1.514501 -0.000019 -0.000022 -0.000050
 28   2.920798 1.614964 -1.501142 -0.000002 -0.000009 -0.000024
 29   8.824059 0.150544 0.091743 0.000006 -0.000231 -0.174534
 30   2.111085 -0.561179 1.784320 -0.000008 -0.000682 0.000024
 31   2.121290 -0.561289 -1.853599 0.000000 0.000000 -0.000002
 32   -0.810489 -0.093824 3.127092 0.308687 -2.963972 -0.295141
 33   14.298673 -0.408176 0.475484 0.010830 -0.088871 -0.467367
 34   15.835795 0.581398 0.242756 -0.305885 -0.201989 0.256011
 35   -0.815868 -0.091229 -3.114430 -0.040474 2.853438 0.069176
 36   14.294526 -0.410349 -0.463635 -0.007026 0.076833 -0.395888
 37   15.834409 0.579420 -0.284600 0.273760 0.212841 0.401548
 38   1.139685 -3.453749 -2.823813 0.000000 0.000000 0.000001
 39   -4.457742 -1.054854 -0.746180 0.000000 0.000000 0.000000
 40   1.118101 -3.449769 3.237290 0.000000 0.000001 0.000000
 41   -4.433840 -1.059130 0.959566 -0.000001 0.000000 0.000000
 42   -0.657468 1.697302 -2.688614 0.000000 0.000002 0.000000
 43   -0.664068 1.698578 2.869377 0.000000 0.000002 0.000000
time 27
  0   -0.756603 -0.917997 1.293379 0.000000 0.000000 -1.571069
  1   -1.093036 0.000002 -0.326057 -1.569027 -1.622749 -0.001768
  2   2.262337 0.113614 0.064702 -0.000014 0.000037 0.131489
  3   2.380047 0.353302 0.047440 0.000000 -0.000028 0.120209
  4   2.033756 0.190472 -0.000128 -0.166860 0.050851 0.134016
  5   2.451511 0.204909 -0.003447 -0.146880 0.002815 0.228969
  6   7.247600 -0.397300 -0.109469 0.000001 -0.000003 0.470960
  7   -2.022252 -0.104661 3.136172 1.212706 -1.046098 -4.775980
  8   1.168026 -0.537438 -0.063437 -0.257001 0.582656 -0.385825
  9   6.790376 -0.619176 0.015206 -0.169926 -0.307156 -1.150503
 10   8.637599 0.544015 -0.090417 -0.872198 0.291497 -0.763208
 11   6.790465 -0.619039 0.017802 -0.155520 -0.209377 -0.818551
 12   -2.022474 -0.104699 -2.873818 -2.468706 1.824383 0.184805
 13   1.167898 -0.537463 0.063297 -0.872562 -0.970946 0.170799
 14   7.002743 -0.617765 -0.183752 0.000115 0.000194 -1.862148
 15   8.209042 0.615527 -0.255885 1.726695 0.368247 0.035955
 16   7.002735 -0.617911 -0.183641 0.012979 0.010300 -1.322078
 17   1.574674 0.609930 -0.000899 0.084774 0.101421 0.106440
 18   -0.602177 0.511412 -0.000006 0.000000 0.000000 0.000000
 19   3.673773 0.177020 1.119313 -0.000002 -0.000014 -0.174510
 20   3.673767 0.176993 -1.117566 0.000007 -0.000003 -0.174546
 21   3.942357 1.330634 1.627658 0.000002 -0.000011 -0.000026
 22   -0.246060 -0.011889 0.516521 -0.000011 0.000031 0.000025
 23   3.942374 1.330659 -1.631083 0.000019 0.000002 -0.000024
 24   -0.246150 -0.011872 -0.516511 -0.000005 -0.000006 0.000048
 25   4.941364 1.997338 1.629330 0.000018 -0.000001 -0.000024
 26   4.941382 1.997366 -1.629410 -0.000001 0.000005 -0.000024
 27   2.918368 1.615358 1.514501 -0.000019 -0.000022 -0.000050
 28   2.920798 1.614964 -1.501142 -0.000002 -0.000009 -0.000024
 29   8.824059 0.150544 0.091743 0.000006 -0.000231 -0.174534
 30   2.111085 -0.561179 1.784320 -0.000008 -0.000682 0.000024
 31   2.121290 -0.561289 -1.853599 0.000000 0.000000 -0.000002
 32   -0.810489 -0.093824 3.127092 0.308687 -2.963972 -0.295141
 33   14.298673 -0.408176 0.475484 0.010830 -0.088871 -0.467367
 34   15.835795 0.581398 0.242756 -0.305885 -0.201989 0.256011
 35   -0.815868 -0.091229 -3.114430 -0.040474 2.853438 0.069176
 36   14.294526 -0.410349 -0.463635 -0.007026 0.076833 -0.395888
 37   15.834409 0.579420 -0.284600 0.273760 0.212841 0.401548
 38   1.139685 -3.453749 -2.823813 0.000000 0.000000 0.000001
 39   -4.457742 -1.054854 -0.746180 0.000000 0.000000 0.000000
 40   1.118101 -3.449769 3.237290 0.000000 0.000001 0.000000
 41   -4.433840 -1.059130 0.959566 -0.000001 0.000000 0.000000
 42   -0.657468 1.697302 -2.688614 0.000000 0.000002 0.000000
 43   -0.664068 1.698578 2.869377 0.000000 0.000002 0.000000
time 28
  0   -0.756603 -0.917997 1.293379 0.000000 0.000000 -1.571069
  1   -1.093036 0.000002 -0.326057 -1.569027 -1.622749 -0.001768
  2   2.262337 0.113614 0.064702 -0.000014 0.000037 0.131489
  3   2.380047 0.353302 0.047440 0.000000 -0.000028 0.117128
  4   2.033756 0.190472 -0.000128 -0.166860 0.050851 0.130609
  5   2.451511 0.204909 -0.003447 -0.146589 0.003011 0.227755
  6   7.247600 -0.397300 -0.109469 0.000001 -0.000003 0.470960
  7   -2.022252 -0.104661 3.136172 1.212706 -1.046098 -4.775980
  8   1.168026 -0.537438 -0.063437 -0.126896 0.706077 -0.321426
  9   6.790376 -0.619176 0.015206 -0.169926 -0.319637 -1.249139
 10   8.637599 0.544015 -0.090417 -0.620509 0.289526 -0.760604
 11   6.790465 -0.619039 0.017802 -0.160542 -0.216910 -0.886607
 12   -2.022474 -0.104699 -2.873818 -2.468706 1.824383 0.184805
 13   1.167898 -0.537463 0.063297 -0.872773 -0.970488 0.171162
 14   7.002743 -0.617765 -0.183752 0.000115 0.000194 -1.863798
 15   8.209042 0.615527 -0.255885 1.727630 0.367340 0.040526
 16   7.002735 -0.617911 -0.183641 0.012979 0.010300 -1.323403
 17   1.574674 0.609930 -0.000899 0.058168 0.143406 0.172378
 18   -0.602177 0.511412 -0.000006 0.000000 0.000000 0.000000
 19   3.673773 0.177020 1.119313 -0.000002 -0.000014 -0.174510
 20   3.673767 0.176993 -1.117566 0.000007 -0.000003 -0.174546
 21   3.942357 1.330634 1.627658 0.000002 -0.000011 -0.000026
 22   -0.246060 -0.011889 0.516521 -0.000011 0.000031 0.000025
 23   3.942374 1.330659 -1.631083 0.000019 0.000002 -0.000024
 24   -0.246150 -0.011872 -0.516511 -0.000005 -0.000006 0.000048
 25   4.941364 1.997338 1.629330 0.000018 -0.000001 -0.000024
 26   4.941382 1.997366 -1.629410 -0.000001 0.000005 -0.000024
 27   2.918368 1.615358 1.514501 -0.000019 -0.000022 -0.000050
 28   2.920798 1.614964 -1.501142 -0.000002 -0.000009 -0.000024
 29   8.824059 0.150544 0.091743 0.000006 -0.000231 -0.174534
 30   2.111085 -0.561179 1.784320 -0.000008 -0.000682 0.000024
 31   2.121290 -0.561289 -1.853599 0.000000 0.000000 -0.000002
 32   -0.810489 -0.093824 3.127092 0.308687 -2.963972 -0.295141
 33   14.298673 -0.408176 0.475484 0.010830 -0.088871 -0.467367
 34   15.835795 0.581398 0.242756 -0.305885 -0.201989 0.256011
 35   -0.815868 -0.091229 -3.114430 -0.040474 2.853438 0.069176
 36   14.294526 -0.410349 -0.463635 -0.007026 0.076833 -0.395888
 37   15.834409 0.579420 -0.284600 0.273760 0.212841 0.401548
 38   1.139685 -3.453749 -2.823813 0.000000 0.000000 0.000001
 39   -4.457742 -1.054854 -0.746180 0.000000 0.000000 0.000000
 40   1.118101 -3.449769 3.237290 0.000000 0.000001 0.000000
 41   -4.433840 -1.059130 0.959566 -0.000001 0.000000 0.000000
 42   -0.657468 1.697302 -2.688614 0.000000 0.000002 0.000000
 43   -0.664068 1.698578 2.869377 0.000000 0.000002 0.000000
time 29
  0   -0.756603 -0.917997 1.293379 0.000000 0.000000 -1.571069
  1   -1.093036 0.000002 -0.326057 -1.569027 -1.622749 -0.001768
  2   2.262337 0.113614 0.064702 -0.000014 0.000037 0.131489
  3   2.380047 0.353302 0.047440 0.000000 -0.000028 0.114863
  4   2.033756 0.190472 -0.000128 -0.166860 0.050851 0.128144
  5   2.451511 0.204909 -0.003447 -0.146281 0.003181 0.226814
  6   7.247600 -0.397300 -0.109469 0.000001 -0.000003 0.470960
  7   -2.022252 -0.104661 3.136172 1.212706 -1.046098 -4.775980
  8   1.168026 -0.537438 -0.063437 -0.002234 0.814504 -0.261645
  9   6.790376 -0.619176 0.015206 -0.169926 -0.324709 -1.295627
 10   8.637599 0.544015 -0.090417 -0.416815 0.286147 -0.755757
 11   6.790465 -0.619039 0.017802 -0.162907 -0.219866 -0.918617
 12   -2.022474 -0.104699 -2.873818 -2.468706 1.824383 0.184805
 13   1.167898 -0.537463 0.063297 -0.873265 -0.970285 0.171949
 14   7.002743 -0.617765 -0.183752 0.000115 0.000194 -1.865283
 15   8.209042 0.615527 -0.255885 1.728636 0.366205 0.045337
 16   7.002735 -0.617911 -0.183641 0.012979 0.010300 -1.324341
 17   1.574674 0.609930 -0.000899 0.031684 0.185391 0.238649
 18   -0.602177 0.511412 -0.000006 0.000000 0.000000 0.000000
 19   3.673773 0.177020 1.119313 -0.000002 -0.000014 -0.174510
 20   3.673767 0.176993 -1.117566 0.000007 -0.000003 -0.174546
 21   3.942357 1.330634 1.627658 0.000002 -0.000011 -0.000026
 22   -0.246060 -0.011889 0.516521 -0.000011 0.000031 0.000025
 23   3.942374 1.330659 -1.631083 0.000019 0.000002 -0.000024
 24   -0.246150 -0.011872 -0.516511 -0.000005 -0.000006 0.000048
 25   4.941364 1.997338 1.629330 0.000018 -0.000001 -0.000024
 26   4.941382 1.997366 -1.629410 -0.000001 0.000005 -0.000024
 27   2.918368 1.615358 1.514501 -0.000019 -0.000022 -0.000050
 28   2.920798 1.614964 -1.501142 -0.000002 -0.000009 -0.000024
 29   8.824059 0.150544 0.091743 0.000006 -0.000231 -0.174534
 30   2.111085 -0.561179 1.784320 -0.000008 -0.000682 0.000024
 31   2.121290 -0.561289 -1.853599 0.000000 0.000000 -0.000002
 32   -0.810489 -0.093824 3.127092 0.308687 -2.963972 -0.295141
 33   14.298673 -0.408176 0.475484 0.010830 -0.088871 -0.467367
 34   15.835795 0.581398 0.242756 -0.305885 -0.201989 0.256011
 35   -0.815868 -0.091229 -3.114430 -0.040474 2.853438 0.069176
 36   14.294526 -0.410349 -0.463635 -0.007026 0.076833 -0.395888
 37   15.834409 0.579420 -0.284600 0.273760 0.212841 0.401548
 38   1.139685 -3.453749 -2.823813 0.000000 0.000000 0.000001
 39   -4.457742 -1.054854 -0.746180 0.000000 0.000000 0.000000
 40   1.118101 -3.449769 3.237290 0.000000 0.000001 0.000000
 41   -4.433840 -1.059130 0.959566 -0.000001 0.000000 0.000000
 42   -0.657468 1.697302 -2.688614 0.000000 0.000002 0.000000
 43   -0.664068 1.698578 2.869377 0.000000 0.000002 0.000000
time 30
  0   -0.756603 -0.917997 1.293379 0.000000 0.000000 -1.571069
  1   -1.093036 0.000002 -0.326057 -1.569027 -1.622749 -0.001768
  2   2.262337 0.113614 0.064702 -0.000014 0.000037 0.131489
  3   2.380047 0.353302 0.047440 0.000000 -0.000028 0.114026
  4   2.033756 0.190472 -0.000128 -0.166860 0.050851 0.127202
  5   2.451511 0.204909 -0.003447 -0.146144 0.003220 0.226492
  6   7.247600 -0.397300 -0.109469 0.000001 -0.000003 0.470960
  7   -2.022252 -0.104661 3.136172 1.212706 -1.046098 -4.775980
  8   1.168026 -0.537438 -0.063437 0.053770 0.858177 -0.230268
  9   6.790376 -0.619176 0.015206 -0.169926 -0.325577 -1.306419
 10   8.637599 0.544015 -0.090417 -0.339054 0.283543 -0.752212
 11   6.790465 -0.619039 0.017802 -0.163403 -0.220406 -0.926057
 12   -2.022474 -0.104699 -2.873818 -2.468706 1.824383 0.184805
 13   1.167898 -0.537463 0.063297 -0.873265 -0.970132 0.171949
 14   7.002743 -0.617765 -0.183752 0.000115 0.000194 -1.865696
 15   8.209042 0.615527 -0.255885 1.728996 0.365524 0.047682
 16   7.002735 -0.617911 -0.183641 0.012979 0.010300 -1.324617
 17   1.574674 0.609930 -0.000899 0.020188 0.203354 0.267036
 18   -0.602177 0.511412 -0.000006 0.000000 0.000000 0.000000
 19   3.673773 0.177020 1.119313 -0.000002 -0.000014 -0.174510
 20   3.673767 0.176993 -1.117566 0.000007 -0.000003 -0.174546
 21   3.942357 1.330634 1.627658 0.000002 -0.000011 -0.000026
 22   -0.246060 -0.011889 0.516521 -0.000011 0.000031 0.000025
 23   3.942374 1.330659 -1.631083 0.000019 0.000002 -0.000024
 24   -0.246150 -0.011872 -0.516511 -0.000005 -0.000006 0.000048
 25   4.941364 1.997338 1.629330 0.000018 -0.000001 -0.000024
 26   4.941382 1.997366 -1.629410 -0.000001 0.000005 -0.000024
 27   2.918368 1.615358 1.514501 -0.000019 -0.000022 -0.000050
 28   2.920798 1.614964 -1.501142 -0.000002 -0.000009 -0.000024
 29   8.824059 0.150544 0.091743 0.000006 -0.000231 -0.174534
 30   2.111085 -0.561179 1.784320 -0.000008 -0.000682 0.000024
 31   2.121290 -0.561289 -1.853599 0.000000 0.000000 -0.000002
 32   -0.810489 -0.093824 3.127092 0.308687 -2.963972 -0.295141
 33   14.298673 -0.408176 0.475484 0.010830 -0.088871 -0.467367
 34   15.835795 0.581398 0.242756 -0.305885 -0.201989 0.256011
 35   -0.815868 -0.091229 -3.114430 -0.040474 2.853438 0.069176
 36   14.294526 -0.410349 -0.463635 -0.007026 0.076833 -0.395888
 37   15.834409 0.579420 -0.284600 0.273760 0.212841 0.401548
 38   1.139685 -3.453749 -2.823813 0.000000 0.000000 0.000001
 39   -4.457742 -1.054854 -0.746180 0.000000 0.000000 0.000000
 40   1.118101 -3.449769 3.237290 0.000000 0.000001 0.000000
 41   -4.433840 -1.059130 0.959566 -0.000001 0.000000 0.000000
 42   -0.657468 1.697302 -2.688614 0.000000 0.000002 0.000000
 43   -0.664068 1.698578 2.869377 0.000000 0.000002 0.000000
time 31
  0   -0.756603 -0.917997 1.293379 0.000000 0.000000 -1.571069
  1   -1.093036 0.000002 -0.326057 -1.569027 -1.622749 -0.001768
  2   2.262337 0.113614 0.064702 -0.000014 0.000037 0.131489
  3   2.380047 0.353302 0.047440 0.000000 -0.000028 0.113067
  4   2.033756 0.190472 -0.000128 -0.166860 0.050851 0.126078
  5   2.451511 0.204909 -0.003447 -0.145750 0.003272 0.226121
  6   7.247600 -0.397300 -0.109469 0.000001 -0.000003 0.470960
  7   -2.022252 -0.104661 3.136172 1.212706 -1.046098 -4.775980
  8   1.168026 -0.537438 -0.063437 0.150083 0.911963 -0.155747
  9   6.790376 -0.619176 0.015206 -0.169926 -0.327045 -1.324833
 10   8.637599 0.544015 -0.090417 -0.243415 0.276926 -0.742301
 11   6.790465 -0.619039 0.017802 -0.164279 -0.221202 -0.938687
 12   -2.022474 -0.104699 -2.873818 -2.468706 1.824383 0.184805
 13   1.167898 -0.537463 0.063297 -0.873475 -0.969827 0.172252
 14   7.002743 -0.617765 -0.183752 0.000115 0.000194 -1.866438
 15   8.209042 0.615527 -0.255885 1.730074 0.364389 0.052493
 16   7.002735 -0.617911 -0.183641 0.012979 0.010300 -1.325169
 17   1.574674 0.609930 -0.000899 0.005199 0.227234 0.304625
 18   -0.602177 0.511412 -0.000006 0.000000 0.000000 0.000000
 19   3.673773 0.177020 1.119313 -0.000002 -0.000014 -0.174510
 20   3.673767 0.176993 -1.117566 0.000007 -0.000003 -0.174546
 21   3.942357 1.330634 1.627658 0.000002 -0.000011 -0.000026
 22   -0.246060 -0.011889 0.516521 -0.000011 0.000031 0.000025
 23   3.942374 1.330659 -1.631083 0.000019 0.000002 -0.000024
 24   -0.246150 -0.011872 -0.516511 -0.000005 -0.000006 0.000048
 25   4.941364 1.997338 1.629330 0.000018 -0.000001 -0.000024
 26   4.941382 1.997366 -1.629410 -0.000001 0.000005 -0.000024
 27   2.918368 1.615358 1.514501 -0.000019 -0.000022 -0.000050
 28   2.920798 1.614964 -1.501142 -0.000002 -0.000009 -0.000024
 29   8.824059 0.150544 0.091743 0.000006 -0.000231 -0.174534
 30   2.111085 -0.561179 1.784320 -0.000008 -0.000682 0.000024
 31   2.121290 -0.561289 -1.853599 0.000000 0.000000 -0.000002
 32   -0.810489 -0.093824 3.127092 0.308687 -2.963972 -0.295141
 33   14.298673 -0.408176 0.475484 0.010830 -0.088871 -0.467367
 34   15.835795 0.581398 0.242756 -0.305885 -0.201989 0.256011
 35   -0.815868 -0.091229 -3.114430 -0.040474 2.853438 0.069176
 36   14.294526 -0.410349 -0.463635 -0.007026 0.076833 -0.395888
 37   15.834409 0.579420 -0.284600 0.273760 0.212841 0.401548
 38   1.139685 -3.453749 -2.823813 0.000000 0.000000 0.000001
 39   -4.457742 -1.054854 -0.746180 0.000000 0.000000 0.000000
 40   1.118101 -3.449769 3.237290 0.000000 0.000001 0.000000
 41   -4.433840 -1.059130 0.959566 -0.000001 0.000000 0.000000
 42   -0.657468 1.697302 -2.688614 0.000000 0.000002 0.000000
 43   -0.664068 1.698578 2.869377 0.000000 0.000002 0.000000
time 32
  0   -0.756603 -0.917997 1.293379 0.000000 0.000000 -1.571069
  1   -1.093036 0.000002 -0.326057 -1.569027 -1.622749 -0.001768
  2   2.262337 0.113614 0.064702 -0.000014 0.000037 0.131489
  3   2.380047 0.353302 0.047440 0.000000 -0.000028 0.112904
  4   2.033756 0.190472 -0.000128 -0.166860 0.050851 0.125933
  5   2.451511 0.204909 -0.003447 -0.145596 0.003285 0.226047
  6   7.247600 -0.397300 -0.109469 0.000001 -0.000003 0.470960
  7   -2.022252 -0.104661 3.136172 1.212706 -1.046098 -4.775980
  8   1.168026 -0.537438 -0.063437 0.186975 0.916642 -0.111718
  9   6.790376 -0.619176 0.015206 -0.169926 -0.328313 -1.340681
 10   8.637599 0.544015 -0.090417 -0.230998 0.272421 -0.735862
 11   6.790465 -0.619039 0.017802 -0.165126 -0.221856 -0.949646
 12   -2.022474 -0.104699 -2.873818 -2.468706 1.824383 0.184805
 13   1.167898 -0.537463 0.063297 -0.873757 -0.969420 0.172252
 14   7.002743 -0.617765 -0.183752 0.000115 0.000194 -1.867016
 15   8.209042 0.615527 -0.255885 1.730506 0.363935 0.055079
 16   7.002735 -0.617911 -0.183641 0.012979 0.010300 -1.325500
 17   1.574674 0.609930 -0.000899 0.003047 0.230713 0.310132
 18   -0.602177 0.511412 -0.000006 0.000000 0.000000 0.000000
 19   3.673773 0.177020 1.119313 -0.000002 -0.000014 -0.174510
 20   3.673767 0.176993 -1.117566 0.000007 -0.000003 -0.174546
 21   3.942357 1.330634 1.627658 0.000002 -0.000011 -0.000026
 22   -0.246060 -0.011889 0.516521 -0.000011 0.000031 0.000025
 23   3.942374 1.330659 -1.631083 0.000019 0.000002 -0.000024
 24   -0.246150 -0.011872 -0.516511 -0.000005 -0.000006 0.000048
 25   4.941364 1.997338 1.629330 0.000018 -0.000001 -0.000024
 26   4.941382 1.997366 -1.629410 -0.000001 0.000005 -0.000024
 27   2.918368 1.615358 1.514501 -0.000019 -0.000022 -0.000050
 28   2.920798 1.614964 -1.501142 -0.000002 -0.000009 -0.000024
 29   8.824059 0.150544 0.091743 0.000006 -0.000231 -0.174534
 30   2.111085 -0.561179 1.784320 -0.000008 -0.000682 0.000024
 31   2.121290 -0.561289 -1.853599 0.000000 0.000000 -0.000002
 32   -0.810489 -0.093824 3.127092 0.308687 -2.963972 -0.295141
 33   14.298673 -0.408176 0.475484 0.010830 -0.088871 -0.467367
 34   15.835795 0.581398 0.242756 -0.305885 -0.201989 0.256011
 35   -0.815868 -0.091229 -3.114430 -0.040474 2.853438 0.069176
 36   14.294526 -0.410349 -0.463635 -0.007026 0.076833 -0.395888
 37   15.834409 0.579420 -0.284600 0.273760 0.212841 0.401548
 38   1.139685 -3.453749 -2.823813 0.000000 0.000000 0.000001
 39   -4.457742 -1.054854 -0.746180 0.000000 0.000000 0.000000
 40   1.118101 -3.449769 3.237290 0.000000 0.000001 0.000000
 41   -4.433840 -1.059130 0.959566 -0.000001 0.000000 0.000000
 42   -0.657468 1.697302 -2.688614 0.000000 0.000002 0.000000
 43   -0.664068 1.698578 2.869377 0.000000 0.000002 0.000000
time 33
  0   -0.756603 -0.917997 1.293379 0.000000 0.000000 -1.571069
  1   -1.093036 0.000002 -0.326057 -1.569027 -1.622749 -0.001768
  2   2.262337 0.113614 0.064702 -0.000014 0.000037 0.131489
  3   2.380047 0.353302 0.047440 0.000315 -0.000088 0.112965
  4   2.033756 0.190472 -0.000128 -0.166639 0.050731 0.126223
  5   2.451511 0.204909 -0.003447 -0.145151 0.002959 0.226220
  6   7.247600 -0.397300 -0.109469 0.000001 -0.000003 0.470960
  7   -2.022252 -0.104661 3.136172 1.212706 -1.046098 -4.775980
  8   1.168026 -0.537438 -0.063437 0.221969 0.910856 -0.059718
  9   6.790376 -0.619176 0.015206 -0.169926 -0.329915 -1.361208
 10   8.637599 0.544015 -0.090417 -0.247818 0.267001 -0.727398
 11   6.790465 -0.619039 0.017802 -0.166060 -0.222794 -0.963834
 12   -2.022474 -0.104699 -2.873818 -2.468706 1.824383 0.184805
 13   1.167898 -0.537463 0.063297 -0.873475 -0.968962 0.172857
 14   7.002743 -0.617765 -0.183752 0.000115 0.000194 -1.866026
 15   8.209042 0.615527 -0.255885 1.731081 0.363330 0.057484
 16   7.002735 -0.617911 -0.183641 0.012979 0.010300 -1.324893
 17   1.574674 0.609930 -0.000899 0.005078 0.228583 0.308321
 18   -0.602177 0.511412 -0.000006 0.000000 0.000000 0.000000
 19   3.673773 0.177020 1.119313 -0.000002 -0.000014 -0.174510
 20   3.673767 0.176993 -1.117566 0.000007 -0.000003 -0.174546
 21   3.942357 1.330634 1.627658 0.000002 -0.000011 -0.000026
 22   -0.246060 -0.011889 0.516521 -0.000011 0.000031 0.000025
 23   3.942374 1.330659 -1.631083 0.000019 0.000002 -0.000024
 24   -0.246150 -0.011872 -0.516511 -0.000005 -0.000006 0.000048
 25   4.941364 1.997338 1.629330 0.000018 -0.000001 -0.000024
 26   4.941382 1.997366 -1.629410 -0.000001 0.000005 -0.000024
 27   2.918368 1.615358 1.514501 -0.000019 -0.000022 -0.000050
 28   2.920798 1.614964 -1.501142 -0.000002 -0.000009 -0.000024
 29   8.824059 0.150544 0.091743 0.000006 -0.000231 -0.174534
 30   2.111085 -0.561179 1.784320 -0.000008 -0.000682 0.000024
 31   2.121290 -0.561289 -1.853599 0.000000 0.000000 -0.000002
 32   -0.810489 -0.093824 3.127092 0.308687 -2.963972 -0.295141
 33   14.298673 -0.408176 0.475484 0.010830 -0.088871 -0.467367
 34   15.835795 0.581398 0.242756 -0.305885 -0.201989 0.256011
 35   -0.815868 -0.091229 -3.114430 -0.040474 2.853438 0.069176
 36   14.294526 -0.410349 -0.463635 -0.007026 0.076833 -0.395888
 37   15.834409 0.579420 -0.284600 0.273760 0.212841 0.401548
 38   1.139685 -3.453749 -2.823813 0.000000 0.000000 0.000001
 39   -4.457742 -1.054854 -0.746180 0.000000 0.000000 0.000000
 40   1.118101 -3.449769 3.237290 0.000000 0.000001 0.000000
 41   -4.433840 -1.059130 0.959566 -0.000001 0.000000 0.000000
 42   -0.657468 1.697302 -2.688614 0.000000 0.000002 0.000000
 43   -0.664068 1.698578 2.869377 0.000000 0.000002 0.000000
time 34
  0   -0.756603 -0.917997 1.293379 0.000000 0.000000 -1.571069
  1   -1.093036 0.000002 -0.326057 -1.569027 -1.622749 -0.001768
  2   2.262337 0.113614 0.064702 -0.000014 0.000037 0.131489
  3   2.380047 0.353302 0.047440 0.003270 -0.000831 0.113169
  4   2.033756 0.190472 -0.000128 -0.164979 0.049904 0.127963
  5   2.451511 0.204909 -0.003447 -0.142806 0.000687 0.227483
  6   7.247600 -0.397300 -0.109469 0.000001 -0.000003 0.470960
  7   -2.022252 -0.104661 3.136172 1.212706 -1.046098 -4.775980
  8   1.168026 -0.537438 -0.063437 0.302272 0.887309 0.068891
  9   6.790376 -0.619176 0.015206 -0.169926 -0.332718 -1.402338
 10   8.637599 0.544015 -0.090417 -0.377010 0.253627 -0.703452
 11   6.790465 -0.619039 0.017802 -0.168133 -0.224272 -0.992210
 12   -2.022474 -0.104699 -2.873818 -2.468706 1.824383 0.184805
 13   1.167898 -0.537463 0.063297 -0.872280 -0.963775 0.174855
 14   7.002743 -0.617765 -0.183752 0.000115 0.000194 -1.861983
 15   8.209042 0.615527 -0.255885 1.732016 0.361968 0.062596
 16   7.002735 -0.617911 -0.183641 0.012979 0.010300 -1.322023
 17   1.574674 0.609930 -0.000899 0.020919 0.213010 0.295311
 18   -0.602177 0.511412 -0.000006 0.000000 0.000000 0.000000
 19   3.673773 0.177020 1.119313 -0.000002 -0.000014 -0.174510
 20   3.673767 0.176993 -1.117566 0.000007 -0.000003 -0.174546
 21   3.942357 1.330634 1.627658 0.000002 -0.000011 -0.000026
 22   -0.246060 -0.011889 0.516521 -0.000011 0.000031 0.000025
 23   3.942374 1.330659 -1.631083 0.000019 0.000002 -0.000024
 24   -0.246150 -0.011872 -0.516511 -0.000005 -0.000006 0.000048
 25   4.941364 1.997338 1.629330 0.000018 -0.000001 -0.000024
 26   4.941382 1.997366 -1.629410 -0.000001 0.000005 -0.000024
 27   2.918368 1.615358 1.514501 -0.000019 -0.000022 -0.000050
 28   2.920798 1.614964 -1.501142 -0.000002 -0.000009 -0.000024
 29   8.824059 0.150544 0.091743 0.000006 -0.000231 -0.174534
 30   2.111085 -0.561179 1.784320 -0.000008 -0.000682 0.000024
 31   2.121290 -0.561289 -1.853599 0.000000 0.000000 -0.000002
 32   -0.810489 -0.093824 3.127092 0.308687 -2.963972 -0.295141
 33   14.298673 -0.408176 0.475484 0.010830 -0.088871 -0.467367
 34   15.835795 0.581398 0.242756 -0.305885 -0.201989 0.256011
 35   -0.815868 -0.091229 -3.114430 -0.040474 2.853438 0.069176
 36   14.294526 -0.410349 -0.463635 -0.007026 0.076833 -0.395888
 37   15.834409 0.579420 -0.284600 0.273760 0.212841 0.401548
 38   1.139685 -3.453749 -2.823813 0.000000 0.000000 0.000001
 39   -4.457742 -1.054854 -0.746180 0.000000 0.000000 0.000000
 40   1.118101 -3.449769 3.237290 0.000000 0.000001 0.000000
 41   -4.433840 -1.059130 0.959566 -0.000001 0.000000 0.000000
 42   -0.657468 1.697302 -2.688614 0.000000 0.000002 0.000000
 43   -0.664068 1.698578 2.869377 0.000000 0.000002 0.000000
time 35
  0   -0.756603 -0.917997 1.293379 0.000000 0.000000 -1.571069
  1   -1.093036 0.000002 -0.326057 -1.569027 -1.622749 -0.001768
  2   2.262337 0.113614 0.064702 -0.000014 0.000037 0.131489
  3   2.380047 0.353302 0.047440 0.008776 -0.002197 0.113516
  4   2.033756 0.190472 -0.000128 -0.161973 0.048370 0.131189
  5   2.451511 0.204909 -0.003447 -0.138715 -0.003413 0.229860
  6   7.247600 -0.397300 -0.109469 0.000001 -0.000003 0.470960
  7   -2.022252 -0.104661 3.136172 1.212706 -1.046098 -4.775980
  8   1.168026 -0.537438 -0.063437 0.374665 0.847309 0.203699
  9   6.790376 -0.619176 0.015206 -0.169926 -0.334253 -1.432676
 10   8.637599 0.544015 -0.090417 -0.613376 0.237296 -0.671331
 11   6.790465 -0.619039 0.017802 -0.169476 -0.224954 -1.013146
 12   -2.022474 -0.104699 -2.873818 -2.468706 1.824383 0.184805
 13   1.167898 -0.537463 0.063297 -0.870945 -0.954978 0.178487
 14   7.002743 -0.617765 -0.183752 0.000115 0.000194 -1.854475
 15   8.209042 0.615527 -0.255885 1.733166 0.360909 0.067828
 16   7.002735 -0.617911 -0.183641 0.013027 0.010244 -1.316780
 17   1.574674 0.609930 -0.000899 0.049638 0.184397 0.271249
 18   -0.602177 0.511412 -0.000006 0.000000 0.000000 0.000000
 19   3.673773 0.177020 1.119313 -0.000002 -0.000014 -0.174510
 20   3.673767 0.176993 -1.117566 0.000007 -0.000003 -0.174546
 21   3.942357 1.330634 1.627658 0.000002 -0.000011 -0.000026
 22   -0.246060 -0.011889 0.516521 -0.000011 0.000031 0.000025
 23   3.942374 1.330659 -1.631083 0.000019 0.000002 -0.000024
 24   -0.246150 -0.011872 -0.516511 -0.000005 -0.000006 0.000048
 25   4.941364 1.997338 1.629330 0.000018 -0.000001 -0.000024
 26   4.941382 1.997366 -1.629410 -0.000001 0.000005 -0.000024
 27   2.918368 1.615358 1.514501 -0.000019 -0.000022 -0.000050
 28   2.920798 1.614964 -1.501142 -0.000002 -0.000009 -0.000024
 29   8.824059 0.150544 0.091743 0.000006 -0.000231 -0.174534
 30   2.111085 -0.561179 1.784320 -0.000008 -0.000682 0.000024
 31   2.121290 -0.561289 -1.853599 0.000000 0.000000 -0.000002
 32   -0.810489 -0.093824 3.127092 0.308687 -2.963972 -0.295141
 33   14.298673 -0.408176 0.475484 0.010830 -0.088871 -0.467367
 34   15.835795 0.581398 0.242756 -0.305885 -0.201989 0.256011
 35   -0.815868 -0.091229 -3.114430 -0.040474 2.853438 0.069176
 36   14.294526 -0.410349 -0.463635 -0.007026 0.076833 -0.395888
 37   15.834409 0.579420 -0.284600 0.273760 0.212841 0.401548
 38   1.139685 -3.453749 -2.823813 0.000000 0.000000 0.000001
 39   -4.457742 -1.054854 -0.746180 0.000000 0.000000 0.000000
 40   1.118101 -3.449769 3.237290 0.000000 0.000001 0.000000
 41   -4.433840 -1.059130 0.959566 -0.000001 0.000000 0.000000
 42   -0.657468 1.697302 -2.688614 0.000000 0.000002 0.000000
 43   -0.664068 1.698578 2.869377 0.000000 0.000002 0.000000
time 36
  0   -0.756603 -0.917997 1.293379 0.000000 0.000000 -1.571069
  1   -1.093036 0.000002 -0.326057 -1.569027 -1.622749 -0.001768
  2   2.262337 0.113614 0.064702 -0.000014 0.000037 0.131489
  3   2.380047 0.353302 0.047440 0.012256 -0.003096 0.113720
  4   2.033756 0.190472 -0.000128 -0.160055 0.047351 0.133219
  5   2.451511 0.204909 -0.003447 -0.136216 -0.006063 0.231396
  6   7.247600 -0.397300 -0.109469 0.000001 -0.000003 0.470960
  7   -2.022252 -0.104661 3.136172 1.212706 -1.046098 -4.775980
  8   1.168026 -0.537438 -0.063437 0.402445 0.822303 0.265188
  9   6.790376 -0.619176 0.015206 -0.169926 -0.334587 -1.441355
 10   8.637599 0.544015 -0.090417 -0.764847 0.228216 -0.652811
 11   6.790465 -0.619039 0.017802 -0.169914 -0.225153 -1.019029
 12   -2.022474 -0.104699 -2.873818 -2.468706 1.824383 0.184805
 13   1.167898 -0.537463 0.063297 -0.870664 -0.949893 0.181211
 14   7.002743 -0.617765 -0.183752 0.000115 0.000194 -1.849442
 15   8.209042 0.615527 -0.255885 1.733741 0.360228 0.070414
 16   7.002735 -0.617911 -0.183641 0.013027 0.010131 -1.313358
 17   1.574674 0.609930 -0.000899 0.068079 0.166149 0.255947
 18   -0.602177 0.511412 -0.000006 0.000000 0.000000 0.000000
 19   3.673773 0.177020 1.119313 -0.000002 -0.000014 -0.174510
 20   3.673767 0.176993 -1.117566 0.000007 -0.000003 -0.174546
 21   3.942357 1.330634 1.627658 0.000002 -0.000011 -0.000026
 22   -0.246060 -0.011889 0.516521 -0.000011 0.000031 0.000025
 23   3.942374 1.330659 -1.631083 0.000019 0.000002 -0.000024
 24   -0.246150 -0.011872 -0.516511 -0.000005 -0.000006 0.000048
 25   4.941364 1.997338 1.629330 0.000018 -0.000001 -0.000024
 26   4.941382 1.997366 -1.629410 -0.000001 0.000005 -0.000024
 27   2.918368 1.615358 1.514501 -0.000019 -0.000022 -0.000050
 28   2.920798 1.614964 -1.501142 -0.000002 -0.000009 -0.000024
 29   8.824059 0.150544 0.091743 0.000006 -0.000231 -0.174534
 30   2.111085 -0.561179 1.784320 -0.000008 -0.000682 0.000024
 31   2.121290 -0.561289 -1.853599 0.000000 0.000000 -0.000002
 32   -0.810489 -0.093824 3.127092 0.308687 -2.963972 -0.295141
 33   14.298673 -0.408176 0.475484 0.010830 -0.088871 -0.467367
 34   15.835795 0.581398 0.242756 -0.305885 -0.201989 0.256011
 35   -0.815868 -0.091229 -3.114430 -0.040474 2.853438 0.069176
 36   14.294526 -0.410349 -0.463635 -0.007026 0.076833 -0.395888
 37   15.834409 0.579420 -0.284600 0.273760 0.212841 0.401548
 38   1.139685 -3.453749 -2.823813 0.000000 0.000000 0.000001
 39   -4.457742 -1.054854 -0.746180 0.000000 0.000000 0.000000
 40   1.118101 -3.449769 3.237290 0.000000 0.000001 0.000000
 41   -4.433840 -1.059130 0.959566 -0.000001 0.000000 0.000000
 42   -0.657468 1.697302 -2.688614 0.000000 0.000002 0.000000
 43   -0.664068 1.698578 2.869377 0.000000 0.000002 0.000000
time 37
  0   -0.756603 -0.917997 1.293379 0.000000 0.000000 -1.571069
  1   -1.093036 0.000002 -0.326057 -1.569027 -1.622749 -0.001768
  2   2.262337 0.113614 0.064702 -0.000014 0.000037 0.131489
  3   2.380047 0.353302 0.047440 0.020341 -0.005181 0.114271
  4   2.033756 0.190472 -0.000128 -0.155555 0.045062 0.137967
  5   2.451511 0.204909 -0.003447 -0.130208 -0.012316 0.234937
  6   7.247600 -0.397300 -0.109469 0.000001 -0.000003 0.470960
  7   -2.022252 -0.104661 3.136172 1.212706 -1.046098 -4.775980
  8   1.168026 -0.537438 -0.063437 0.436427 0.766907 0.366468
  9   6.790376 -0.619176 0.015206 -0.169926 -0.334653 -1.443694
 10   8.637599 0.544015 -0.090417 -1.119925 0.208788 -0.612298
 11   6.790465 -0.619039 0.017802 -0.170060 -0.225210 -1.020759
 12   -2.022474 -0.104699 -2.873818 -2.468706 1.824383 0.184805
 13   1.167898 -0.537463 0.063297 -0.871367 -0.939061 0.187446
 14   7.002743 -0.617765 -0.183752 0.000115 0.000194 -1.837644
 15   8.209042 0.615527 -0.255885 1.734748 0.359017 0.075766
 16   7.002735 -0.617911 -0.183641 0.013074 0.010131 -1.305024
 17   1.574674 0.609930 -0.000899 0.111299 0.123289 0.219910
 18   -0.602177 0.511412 -0.000006 0.000000 0.000000 0.000000
 19   3.673773 0.177020 1.119313 -0.000002 -0.000014 -0.174510
 20   3.673767 0.176993 -1.117566 0.000007 -0.000003 -0.174546
 21   3.942357 1.330634 1.627658 0.000002 -0.000011 -0.000026
 22   -0.246060 -0.011889 0.516521 -0.000011 0.000031 0.000025
 23   3.942374 1.330659 -1.631083 0.000019 0.000002 -0.000024
 24   -0.246150 -0.011872 -0.516511 -0.000005 -0.000006 0.000048
 25   4.941364 1.997338 1.629330 0.000018 -0.000001 -0.000024
 26   4.941382 1.997366 -1.629410 -0.000001 0.000005 -0.000024
 27   2.918368 1.615358 1.514501 -0.000019 -0.000022 -0.000050
 28   2.920798 1.614964 -1.501142 -0.000002 -0.000009 -0.000024
 29   8.824059 0.150544 0.091743 0.000006 -0.000231 -0.174534
 30   2.111085 -0.561179 1.784320 -0.000008 -0.000682 0.000024
 31   2.121290 -0.561289 -1.853599 0.000000 0.000000 -0.000002
 32   -0.810489 -0.093824 3.127092 0.308687 -2.963972 -0.295141
 33   14.298673 -0.408176 0.475484 0.010830 -0.088871 -0.467367
 34   15.835795 0.581398 0.242756 -0.305885 -0.201989 0.256011
 35   -0.815868 -0.091229 -3.114430 -0.040474 2.853438 0.069176
 36   14.294526 -0.410349 -0.463635 -0.007026 0.076833 -0.395888
 37   15.834409 0.579420 -0.284600 0.273760 0.212841 0.401548
 38   1.139685 -3.453749 -2.823813 0.000000 0.000000 0.000001
 39   -4.457742 -1.054854 -0.746180 0.000000 0.000000 0.000000
 40   1.118101 -3.449769 3.237290 0.000000 0.000001 0.000000
 41   -4.433840 -1.059130 0.959566 -0.000001 0.000000 0.000000
 42   -0.657468 1.697302 -2.688614 0.000000 0.000002 0.000000
 43   -0.664068 1.698578 2.869377 0.000000 0.000002 0.000000
time 38
  0   -0.756603 -0.917997 1.293379 0.000000 0.000000 -1.571069
  1   -1.093036 0.000002 -0.326057 -1.569027 -1.622749 -0.001768
  2   2.262337 0.113614 0.064702 -0.000014 0.000037 0.131489
  3   2.380047 0.353302 0.047440 0.024977 -0.006380 0.114577
  4   2.033756 0.190472 -0.000128 -0.153065 0.043816 0.140722
  5   2.451511 0.204909 -0.003447 -0.126990 -0.015841 0.236919
  6   7.247600 -0.397300 -0.109469 0.000001 -0.000003 0.470960
  7   -2.022252 -0.104661 3.136172 1.212706 -1.046098 -4.775980
  8   1.168026 -0.537438 -0.063437 0.443008 0.738731 0.404867
  9   6.790376 -0.619176 0.015206 -0.169926 -0.334386 -1.438336
 10   8.637599 0.544015 -0.090417 -1.318159 0.198793 -0.590667
 11   6.790465 -0.619039 0.017802 -0.169768 -0.225068 -1.017010
 12   -2.022474 -0.104699 -2.873818 -2.468706 1.824383 0.184805
 13   1.167898 -0.537463 0.063297 -0.872773 -0.933772 0.191623
 14   7.002743 -0.617765 -0.183752 0.000115 0.000194 -1.831456
 15   8.209042 0.615527 -0.255885 1.735251 0.358412 0.078412
 16   7.002735 -0.617911 -0.183641 0.013074 0.010018 -1.300553
 17   1.574674 0.609930 -0.000899 0.135387 0.099362 0.199914
 18   -0.602177 0.511412 -0.000006 0.000000 0.000000 0.000000
 19   3.673773 0.177020 1.119313 -0.000002 -0.000014 -0.174510
 20   3.673767 0.176993 -1.117566 0.000007 -0.000003 -0.174546
 21   3.942357 1.330634 1.627658 0.000002 -0.000011 -0.000026
 22   -0.246060 -0.011889 0.516521 -0.000011 0.000031 0.000025
 23   3.942374 1.330659 -1.631083 0.000019 0.000002 -0.000024
 24   -0.246150 -0.011872 -0.516511 -0.000005 -0.000006 0.000048
 25   4.941364 1.997338 1.629330 0.000018 -0.000001 -0.000024
 26   4.941382 1.997366 -1.629410 -0.000001 0.000005 -0.000024
 27   2.918368 1.615358 1.514501 -0.000019 -0.000022 -0.000050
 28   2.920798 1.614964 -1.501142 -0.000002 -0.000009 -0.000024
 29   8.824059 0.150544 0.091743 0.000006 -0.000231 -0.174534
 30   2.111085 -0.561179 1.784320 -0.000008 -0.000682 0.000024
 31   2.121290 -0.561289 -1.853599 0.000000 0.000000 -0.000002
 32   -0.810489 -0.093824 3.127092 0.308687 -2.963972 -0.295141
 33   14.298673 -0.408176 0.475484 0.010830 -0.088871 -0.467367
 34   15.835795 0.581398 0.242756 -0.305885 -0.201989 0.256011
 35   -0.815868 -0.091229 -3.114430 -0.040474 2.853438 0.069176
 36   14.294526 -0.410349 -0.463635 -0.007026 0.076833 -0.395888
 37   15.834409 0.579420 -0.284600 0.273760 0.212841 0.401548
 38   1.139685 -3.453749 -2.823813 0.000000 0.000000 0.000001
 39   -4.457742 -1.054854 -0.746180 0.000000 0.000000 0.000000
 40   1.118101 -3.449769 3.237290 0.000000 0.000001 0.000000
 41   -4.433840 -1.059130 0.959566 -0.000001 0.000000 0.000000
 42   -0.657468 1.697302 -2.688614 0.000000 0.000002 0.000000
 43   -0.664068 1.698578 2.869377 0.000000 0.000002 0.000000
time 39
  0   -0.756603 -0.917997 1.293379 0.000000 0.000000 -1.571069
  1   -1.093036 0.000002 -0.326057 -1.569027 -1.622749 -0.001768
  2   2.262337 0.113614 0.064702 -0.000014 0.000037 0.131489
  3   2.380047 0.353302 0.047440 0.034622 -0.008873 0.115230
  4   2.033756 0.190472 -0.000128 -0.147680 0.041047 0.146449
  5   2.451511 0.204909 -0.003447 -0.120075 -0.023283 0.241104
  6   7.247600 -0.397300 -0.109469 0.000001 -0.000003 0.470960
  7   -2.022252 -0.104661 3.136172 1.212706 -1.046098 -4.775980
  8   1.168026 -0.537438 -0.063437 0.441236 0.686001 0.458069
  9   6.790376 -0.619176 0.015206 -0.169926 -0.333519 -1.419243
 10   8.637599 0.544015 -0.090417 -1.740430 0.178098 -0.546103
 11   6.790465 -0.619039 0.017802 -0.168892 -0.224670 -1.003802
 12   -2.022474 -0.104699 -2.873818 -2.468706 1.824383 0.184805
 13   1.167898 -0.537463 0.063297 -0.878677 -0.924110 0.200885
 14   7.002743 -0.617765 -0.183752 0.000115 0.000194 -1.818585
 15   8.209042 0.615527 -0.255885 1.736330 0.357126 0.083885
 16   7.002735 -0.617911 -0.183641 0.013074 0.010018 -1.291667
 17   1.574674 0.609930 -0.000899 0.186893 0.048336 0.157187
 18   -0.602177 0.511412 -0.000006 0.000000 0.000000 0.000000
 19   3.673773 0.177020 1.119313 -0.000002 -0.000014 -0.174510
 20   3.673767 0.176993 -1.117566 0.000007 -0.000003 -0.174546
 21   3.942357 1.330634 1.627658 0.000002 -0.000011 -0.000026
 22   -0.246060 -0.011889 0.516521 -0.000011 0.000031 0.000025
 23   3.942374 1.330659 -1.631083 0.000019 0.000002 -0.000024
 24   -0.246150 -0.011872 -0.516511 -0.000005 -0.000006 0.000048
 25   4.941364 1.997338 1.629330 0.000018 -0.000001 -0.000024
 26   4.941382 1.997366 -1.629410 -0.000001 0.000005 -0.000024
 27   2.918368 1.615358 1.514501 -0.000019 -0.000022 -0.000050
 28   2.920798 1.614964 -1.501142 -0.000002 -0.000009 -0.000024
 29   8.824059 0.150544 0.091743 0.000006 -0.000231 -0.174534
 30   2.111085 -0.561179 1.784320 -0.000008 -0.000682 0.000024
 31   2.121290 -0.561289 -1.853599 0.000000 0.000000 -0.000002
 32   -0.810489 -0.093824 3.127092 0.308687 -2.963972 -0.295141
 33   14.298673 -0.408176 0.475484 0.010830 -0.088871 -0.467367
 34   15.835795 0.581398 0.242756 -0.305885 -0.201989 0.256011
 35   -0.815868 -0.091229 -3.114430 -0.040474 2.853438 0.069176
 36   14.294526 -0.410349 -0.463635 -0.007026 0.076833 -0.395888
 37   15.834409 0.579420 -0.284600 0.273760 0.212841 0.401548
 38   1.139685 -3.453749 -2.823813 0.000000 0.000000 0.000001
 39   -4.457742 -1.054854 -0.746180 0.000000 0.000000 0.000000
 40   1.118101 -3.449769 3.237290 0.000000 0.000001 0.000000
 41   -4.433840 -1.059130 0.959566 -0.000001 0.000000 0.000000
 42   -0.657468 1.697302 -2.688614 0.000000 0.000002 0.000000
 43   -0.664068 1.698578 2.869377 0.000000 0.000002 0.000000
time 40
  0   -0.756603 -0.917997 1.293379 0.000000 0.000000 -1.571069
  1   -1.093036 0.000002 -0.326057 -1.569027 -1.622749 -0.001768
  2   2.262337 0.113614 0.064702 -0.000014 0.000037 0.131489
  3   2.380047 0.353302 0.047440 0.039723 -0.010131 0.115516
  4   2.033756 0.190472 -0.000128 -0.144895 0.039621 0.149421
  5   2.451511 0.204909 -0.003447 -0.116446 -0.027161 0.243283
  6   7.247600 -0.397300 -0.109469 0.000001 -0.000003 0.470960
  7   -2.022252 -0.104661 3.136172 1.212706 -1.046098 -4.775980
  8   1.168026 -0.537438 -0.063437 0.434908 0.663008 0.474137
  9   6.790376 -0.619176 0.015206 -0.169926 -0.333052 -1.408979
 10   8.637599 0.544015 -0.090417 -1.959623 0.167680 -0.523459
 11   6.790465 -0.619039 0.017802 -0.168425 -0.224414 -0.996708
 12   -2.022474 -0.104699 -2.873818 -2.468706 1.824383 0.184805
 13   1.167898 -0.537463 0.063297 -0.882895 -0.920042 0.206091
 14   7.002743 -0.617765 -0.183752 0.000115 0.000194 -1.812232
 15   8.209042 0.615527 -0.255885 1.736977 0.356596 0.086591
 16   7.002735 -0.617911 -0.183641 0.013121 0.010018 -1.287252
 17   1.574674 0.609930 -0.000899 0.213581 0.021853 0.135011
 18   -0.602177 0.511412 -0.000006 0.000000 0.000000 0.000000
 19   3.673773 0.177020 1.119313 -0.000002 -0.000014 -0.174510
 20   3.673767 0.176993 -1.117566 0.000007 -0.000003 -0.174546
 21   3.942357 1.330634 1.627658 0.000002 -0.000011 -0.000026
 22   -0.246060 -0.011889 0.516521 -0.000011 0.000031 0.000025
 23   3.942374 1.330659 -1.631083 0.000019 0.000002 -0.000024
 24   -0.246150 -0.011872 -0.516511 -0.000005 -0.000006 0.000048
 25   4.941364 1.997338 1.629330 0.000018 -0.000001 -0.000024
 26   4.941382 1.997366 -1.629410 -0.000001 0.000005 -0.000024
 27   2.918368 1.615358 1.514501 -0.000019 -0.000022 -0.000050
 28   2.920798 1.614964 -1.501142 -0.000002 -0.000009 -0.000024
 29   8.824059 0.150544 0.091743 0.000006 -0.000231 -0.174534
 30   2.111085 -0.561179 1.784320 -0.000008 -0.000682 0.000024
 31   2.121290 -0.561289 -1.853599 0.000000 0.000000 -0.000002
 32   -0.810489 -0.093824 3.127092 0.308687 -2.963972 -0.295141
 33   14.298673 -0.408176 0.475484 0.010830 -0.088871 -0.467367
 34   15.835795 0.581398 0.242756 -0.305885 -0.201989 0.256011
 35   -0.815868 -0.091229 -3.114430 -0.040474 2.853438 0.069176
 36   14.294526 -0.410349 -0.463635 -0.007026 0.076833 -0.395888
 37   15.834409 0.579420 -0.284600 0.273760 0.212841 0.401548
 38   1.139685 -3.453749 -2.823813 0.000000 0.000000 0.000001
 39   -4.457742 -1.054854 -0.746180 0.000000 0.000000 0.000000
 40   1.118101 -3.449769 3.237290 0.000000 0.000001 0.000000
 41   -4.433840 -1.059130 0.959566 -0.000001 0.000000 0.000000
 42   -0.657468 1.697302 -2.688614 0.000000 0.000002 0.000000
 43   -0.664068 1.698578 2.869377 0.000000 0.000002 0.000000
time 41
  0   -0.756603 -0.917997 1.293379 0.000000 0.000000 -1.571069
  1   -1.093036 0.000002 -0.326057 -1.569027 -1.622749 -0.001768
  2   2.262337 0.113614 0.064702 -0.000014 0.000037 0.131489
  3   2.380047 0.353302 0.047440 0.049758 -0.012756 0.116230
  4   2.033756 0.190472 -0.000128 -0.139344 0.036817 0.155366
  5   2.451511 0.204909 -0.003447 -0.109274 -0.034916 0.247716
  6   7.247600 -0.397300 -0.109469 0.000001 -0.000003 0.470960
  7   -2.022252 -0.104661 3.136172 1.212706 -1.046098 -4.775980
  8   1.168026 -0.537438 -0.063437 0.427884 0.630203 0.498176
  9   6.790376 -0.619176 0.015206 -0.169926 -0.332317 -1.394791
 10   8.637599 0.544015 -0.090417 -2.399595 0.147619 -0.479040
 11   6.790465 -0.619039 0.017802 -0.167724 -0.224073 -0.986904
 12   -2.022474 -0.104699 -2.873818 -2.468706 1.824383 0.184805
 13   1.167898 -0.537463 0.063297 -0.894704 -0.914804 0.217895
 14   7.002743 -0.617765 -0.183752 0.000115 0.000194 -1.801259
 15   8.209042 0.615527 -0.255885 1.737912 0.355158 0.092063
 16   7.002735 -0.617911 -0.183641 0.013121 0.009849 -1.279525
 17   1.574674 0.609930 -0.000899 0.267037 -0.031185 0.090436
 18   -0.602177 0.511412 -0.000006 0.000000 0.000000 0.000000
 19   3.673773 0.177020 1.119313 -0.000002 -0.000014 -0.174510
 20   3.673767 0.176993 -1.117566 0.000007 -0.000003 -0.174546
 21   3.942357 1.330634 1.627658 0.000002 -0.000011 -0.000026
 22   -0.246060 -0.011889 0.516521 -0.000011 0.000031 0.000025
 23   3.942374 1.330659 -1.631083 0.000019 0.000002 -0.000024
 24   -0.246150 -0.011872 -0.516511 -0.000005 -0.000006 0.000048
 25   4.941364 1.997338 1.629330 0.000018 -0.000001 -0.000024
 26   4.941382 1.997366 -1.629410 -0.000001 0.000005 -0.000024
 27   2.918368 1.615358 1.514501 -0.000019 -0.000022 -0.000050
 28   2.920798 1.614964 -1.501142 -0.000002 -0.000009 -0.000024
 29   8.824059 0.150544 0.091743 0.000006 -0.000231 -0.174534
 30   2.111085 -0.561179 1.784320 -0.000008 -0.000682 0.000024
 31   2.121290 -0.561289 -1.853599 0.000000 0.000000 -0.000002
 32   -0.810489 -0.093824 3.127092 0.308687 -2.963972 -0.295141
 33   14.298673 -0.408176 0.475484 0.010830 -0.088871 -0.467367
 34   15.835795 0.581398 0.242756 -0.305885 -0.201989 0.256011
 35   -0.815868 -0.091229 -3.114430 -0.040474 2.853438 0.069176
 36   14.294526 -0.410349 -0.463635 -0.007026 0.076833 -0.395888
 37   15.834409 0.579420 -0.284600 0.273760 0.212841 0.401548
 38   1.139685 -3.453749 -2.823813 0.000000 0.000000 0.000001
 39   -4.457742 -1.054854 -0.746180 0.000000 0.000000 0.000000
 40   1.118101 -3.449769 3.237290 0.000000 0.000001 0.000000
 41   -4.433840 -1.059130 0.959566 -0.000001 0.000000 0.000000
 42   -0.657468 1.697302 -2.688614 0.000000 0.000002 0.000000
 43   -0.664068 1.698578 2.869377 0.000000 0.000002 0.000000
time 42
  0   -0.756603 -0.917997 1.293379 0.000000 0.000000 -1.571069
  1   -1.093036 0.000002 -0.326057 -1.569027 -1.622749 -0.001768
  2   2.262337 0.113614 0.064702 -0.000014 0.000037 0.131489
  3   2.380047 0.353302 0.047440 0.059554 -0.015225 0.116842
  4   2.033756 0.190472 -0.000128 -0.133977 0.034048 0.161093
  5   2.451511 0.204909 -0.003447 -0.102376 -0.042370 0.251976
  6   7.247600 -0.397300 -0.109469 0.000001 -0.000003 0.470960
  7   -2.022252 -0.104661 3.136172 1.212706 -1.046098 -4.775980
  8   1.168026 -0.537438 -0.063437 0.477306 0.629649 0.554794
  9   6.790376 -0.619176 0.015206 -0.169926 -0.331650 -1.382490
 10   8.637599 0.544015 -0.090417 -2.822571 0.128895 -0.437225
 11   6.790465 -0.619039 0.017802 -0.167199 -0.223732 -0.978541
 12   -2.022474 -0.104699 -2.873818 -2.468706 1.824383 0.184805
 13   1.167898 -0.537463 0.063297 -0.910028 -0.913177 0.230244
 14   7.002743 -0.617765 -0.183752 0.000115 0.000194 -1.793256
 15   8.209042 0.615527 -0.255885 1.739206 0.353797 0.097656
 16   7.002735 -0.617911 -0.183641 0.013121 0.009849 -1.273895
 17   1.574674 0.609930 -0.000899 0.318543 -0.082211 0.047450
 18   -0.602177 0.511412 -0.000006 0.000000 0.000000 0.000000
 19   3.673773 0.177020 1.119313 -0.000002 -0.000014 -0.174510
 20   3.673767 0.176993 -1.117566 0.000007 -0.000003 -0.174546
 21   3.700162 1.330634 1.627658 0.006354 -0.200741 0.411837
 22   -0.351532 -0.011889 0.371985 -0.000011 0.000031 0.000025
 23   3.692366 1.330659 -1.631083 -0.006333 0.200780 0.411810
 24   -0.347716 -0.019685 -0.379788 -0.000005 -0.000006 0.000048
 25   4.941364 1.997338 1.629330 0.000018 -0.000001 -0.000024
 26   4.941382 1.997366 -1.629410 -0.000001 0.000005 -0.000024
 27   3.031653 1.689579 1.522314 -0.043955 0.137309 -0.635381
 28   3.034083 1.693092 -1.520674 0.043934 -0.137340 -0.635435
 29   8.824059 0.150544 0.091743 0.000006 -0.000231 -0.174534
 30   2.111085 -0.561179 1.784320 -0.000008 -0.000682 0.000024
 31   2.121290 -0.561289 -1.853599 0.000000 0.000000 -0.000002
 32   -0.810489 -0.093824 3.127092 0.308687 -2.963972 -0.295141
 33   14.298673 -0.408176 0.475484 0.010830 -0.088871 -0.467367
 34   15.835795 0.581398 0.242756 -0.305885 -0.201989 0.256011
 35   -0.815868 -0.091229 -3.114430 -0.040474 2.853438 0.069176
 36   14.294526 -0.410349 -0.463635 -0.007026 0.076833 -0.395888
 37   15.834409 0.579420 -0.284600 0.273760 0.212841 0.401548
 38   1.139685 -3.453749 -2.823813 0.000000 0.000000 0.000001
 39   -4.457742 -1.054854 -0.746180 0.000000 0.000000 0.000000
 40   1.118101 -3.449769 3.237290 0.000000 0.000001 0.000000
 41   -4.433840 -1.059130 0.959566 -0.000001 0.000000 0.000000
 42   -0.657468 1.697302 -2.688614 0.000000 0.000002 0.000000
 43   -0.664068 1.698578 2.869377 0.000000 0.000002 0.000000
time 43
  0   -0.756603 -0.917997 1.293379 0.000000 0.000000 -1.571069
  1   -1.093036 0.000002 -0.326057 -1.569027 -1.622749 -0.001768
  2   2.262337 0.113614 0.064702 -0.000014 0.000037 0.131489
  3   2.380047 0.353302 0.047440 0.064024 -0.016411 0.117189
  4   2.033756 0.190472 -0.000128 -0.131469 0.032802 0.163811
  5   2.451511 0.204909 -0.003447 -0.099158 -0.045895 0.253883
  6   7.247600 -0.397300 -0.109469 0.000001 -0.000003 0.470960
  7   -2.022252 -0.104661 3.136172 1.212706 -1.046098 -4.775980
  8   1.168026 -0.537438 -0.063437 0.517932 0.638354 0.592940
  9   6.790376 -0.619176 0.015206 -0.169926 -0.330782 -1.372000
 10   8.637599 0.544015 -0.090417 -3.020452 0.120378 -0.417909
 11   6.790465 -0.619039 0.017802 -0.166644 -0.223277 -0.971274
 12   -2.022474 -0.104699 -2.873818 -2.468706 1.824383 0.184805
 13   1.167898 -0.537463 0.063297 -0.916355 -0.913228 0.235450
 14   7.002743 -0.617765 -0.183752 0.000115 0.000194 -1.789956
 15   8.209042 0.615527 -0.255885 1.739709 0.353116 0.100362
 16   7.002735 -0.617911 -0.183641 0.013121 0.009849 -1.271632
 17   1.574674 0.609930 -0.000899 0.342671 -0.106138 0.027454
 18   -0.602177 0.511412 -0.000006 0.000000 0.000000 0.000000
 19   3.673773 0.177020 1.119313 -0.000002 -0.000014 -0.174510
 20   3.673767 0.176993 -1.117566 0.000007 -0.000003 -0.174546
 21   3.446248 1.330634 1.627658 -0.073679 -0.386430 0.847736
 22   -0.457004 -0.031421 0.231356 -0.000011 0.000031 0.000025
 23   3.438452 1.330659 -1.631083 0.073700 0.386481 0.847601
 24   -0.453188 -0.039217 -0.235252 -0.000005 -0.000006 0.000048
 25   4.941364 1.997338 1.629330 0.000018 -0.000001 -0.000024
 26   4.941382 1.997366 -1.629410 -0.000001 0.000005 -0.000024
 27   3.160563 1.767707 1.553565 -0.163477 0.220806 -1.289323
 28   3.162993 1.771219 -1.540206 0.163480 -0.220897 -1.289338
 29   8.824059 0.150544 0.091743 0.000006 -0.000231 -0.174534
 30   2.111085 -0.561179 1.784320 -0.000008 -0.000682 0.000024
 31   2.121290 -0.561289 -1.853599 0.000000 0.000000 -0.000002
 32   -0.810489 -0.093824 3.127092 0.308687 -2.963972 -0.295141
 33   14.298673 -0.408176 0.475484 0.010830 -0.088871 -0.467367
 34   15.835795 0.581398 0.242756 -0.305885 -0.201989 0.256011
 35   -0.815868 -0.091229 -3.114430 -0.040474 2.853438 0.069176
 36   14.294526 -0.410349 -0.463635 -0.007026 0.076833 -0.395888
 37   15.834409 0.579420 -0.284600 0.273760 0.212841 0.401548
 38   1.139685 -3.453749 -2.823813 0.000000 0.000000 0.000001
 39   -4.457742 -1.054854 -0.746180 0.000000 0.000000 0.000000
 40   1.118101 -3.449769 3.237290 0.000000 0.000001 0.000000
 41   -4.433840 -1.059130 0.959566 -0.000001 0.000000 0.000000
 42   -0.657468 1.697302 -2.688614 0.000000 0.000002 0.000000
 43   -0.664068 1.698578 2.869377 0.000000 0.000002 0.000000
time 44
  0   -0.756603 -0.917997 1.293379 0.000000 0.000000 -1.571069
  1   -1.093036 0.000002 -0.326057 -1.569027 -1.622749 -0.001768
  2   2.262337 0.113614 0.064702 -0.000014 0.000037 0.131489
  3   2.380047 0.353302 0.047440 0.072260 -0.018460 0.117699
  4   2.033756 0.190472 -0.000128 -0.126932 0.030501 0.168560
  5   2.451511 0.204909 -0.003447 -0.093441 -0.052162 0.257474
  6   7.247600 -0.397300 -0.109469 0.000001 -0.000003 0.470960
  7   -2.022252 -0.104661 3.136172 1.212706 -1.046098 -4.775980
  8   1.168026 -0.537438 -0.063437 0.612473 0.666681 0.675242
  9   6.790376 -0.619176 0.015206 -0.169926 -0.327579 -1.331625
 10   8.637599 0.544015 -0.090417 -3.375618 0.105244 -0.383473
 11   6.790465 -0.619039 0.017802 -0.164600 -0.221458 -0.943417
 12   -2.022474 -0.104699 -2.873818 -2.468706 1.824383 0.184805
 13   1.167898 -0.537463 0.063297 -0.925071 -0.914041 0.241685
 14   7.002743 -0.617765 -0.183752 0.000115 0.000194 -1.784593
 15   8.209042 0.615527 -0.255885 1.740716 0.351754 0.105895
 16   7.002735 -0.617911 -0.183641 0.013121 0.009736 -1.267879
 17   1.574674 0.609930 -0.000899 0.385973 -0.148999 -0.008620
 18   -0.602177 0.511412 -0.000006 0.000000 0.000000 0.000000
 19   3.673773 0.177020 1.119313 -0.000002 -0.000014 -0.174510
 20   3.673767 0.176993 -1.117566 0.000007 -0.000003 -0.174546
 21   3.512656 1.330634 1.627658 -0.043142 -0.339774 0.725592
 22   -0.425753 -0.023608 0.274326 -0.000011 0.000031 0.000025
 23   3.508767 1.330659 -1.631083 0.043188 0.339813 0.725561
 24   -0.421937 -0.031404 -0.286035 -0.000005 -0.000006 0.000048
 25   4.941364 1.997338 1.629330 0.000018 -0.000001 -0.000024
 26   4.941382 1.997366 -1.629410 -0.000001 0.000005 -0.000024
 27   3.129312 1.748175 1.553565 -0.126612 0.206544 -1.114466
 28   3.131742 1.747781 -1.540206 0.126603 -0.206587 -1.114442
 29   8.824059 0.150544 0.091743 0.000006 -0.000231 -0.174534
 30   2.111085 -0.561179 1.784320 -0.000008 -0.000682 0.000024
 31   2.121290 -0.561289 -1.853599 0.000000 0.000000 -0.000002
 32   -0.810489 -0.093824 3.127092 0.308687 -2.963972 -0.295141
 33   14.298673 -0.408176 0.475484 0.010830 -0.088871 -0.467367
 34   15.835795 0.581398 0.242756 -0.305885 -0.201989 0.256011
 35   -0.815868 -0.091229 -3.114430 -0.040474 2.853438 0.069176
 36   14.294526 -0.410349 -0.463635 -0.007026 0.076833 -0.395888
 37   15.834409 0.579420 -0.284600 0.273760 0.212841 0.401548
 38   1.139685 -3.453749 -2.823813 0.000000 0.000000 0.000001
 39   -4.457742 -1.054854 -0.746180 0.000000 0.000000 0.000000
 40   1.118101 -3.449769 3.237290 0.000000 0.000001 0.000000
 41   -4.433840 -1.059130 0.959566 -0.000001 0.000000 0.000000
 42   -0.657468 1.697302 -2.688614 0.000000 0.000002 0.000000
 43   -0.664068 1.698578 2.869377 0.000000 0.000002 0.000000
time 45
  0   -0.756603 -0.917997 1.293379 0.000000 0.000000 -1.571069
  1   -1.093036 0.000002 -0.326057 -1.569027 -1.622749 -0.001768
  2   2.262337 0.113614 0.064702 -0.000014 0.000037 0.131489
  3   2.380047 0.353302 0.047440 0.075665 -0.019347 0.117944
  4   2.033756 0.190472 -0.000128 -0.125014 0.029482 0.170626
  5   2.451511 0.204909 -0.003447 -0.090959 -0.054812 0.258985
  6   7.247600 -0.397300 -0.109469 0.000001 -0.000003 0.470960
  7   -2.022252 -0.104661 3.136172 1.212706 -1.046098 -4.775980
  8   1.168026 -0.537438 -0.063437 0.658984 0.684341 0.714021
  9   6.790376 -0.619176 0.015206 -0.169926 -0.325043 -1.300306
 10   8.637599 0.544015 -0.090417 -3.527089 0.098979 -0.368932
 11   6.790465 -0.619039 0.017802 -0.163082 -0.220122 -0.921962
 12   -2.022474 -0.104699 -2.873818 -2.468706 1.824383 0.184805
 13   1.167898 -0.537463 0.063297 -0.927672 -0.914651 0.243138
 14   7.002743 -0.617765 -0.183752 0.000115 0.000194 -1.782448
 15   8.209042 0.615527 -0.255885 1.741435 0.351148 0.108842
 16   7.002735 -0.617911 -0.183641 0.013121 0.009736 -1.266444
 17   1.574674 0.609930 -0.000899 0.404373 -0.167317 -0.023959
 18   -0.602177 0.511412 -0.000006 0.000000 0.000000 0.000000
 19   3.673773 0.177020 1.119313 -0.000002 -0.000014 -0.174510
 20   3.673767 0.176993 -1.117566 0.000007 -0.000003 -0.174546
 21   3.700162 1.330634 1.627658 0.006354 -0.200741 0.411837
 22   -0.351532 -0.011889 0.371985 -0.000011 0.000031 0.000025
 23   3.692366 1.330659 -1.631083 -0.006333 0.200780 0.411810
 24   -0.347716 -0.019685 -0.379788 -0.000005 -0.000006 0.000048
 25   4.941364 1.997338 1.629330 0.000018 -0.000001 -0.000024
 26   4.941382 1.997366 -1.629410 -0.000001 0.000005 -0.000024
 27   3.031653 1.689579 1.522314 -0.043955 0.137309 -0.635381
 28   3.034083 1.693092 -1.520674 0.043934 -0.137340 -0.635435
 29   8.824059 0.150544 0.091743 0.000006 -0.000231 -0.174534
 30   2.111085 -0.561179 1.784320 -0.000008 -0.000682 0.000024
 31   2.121290 -0.561289 -1.853599 0.000000 0.000000 -0.000002
 32   -0.810489 -0.093824 3.127092 0.308687 -2.963972 -0.295141
 33   14.298673 -0.408176 0.475484 0.010830 -0.088871 -0.467367
 34   15.835795 0.581398 0.242756 -0.305885 -0.201989 0.256011
 35   -0.815868 -0.091229 -3.114430 -0.040474 2.853438 0.069176
 36   14.294526 -0.410349 -0.463635 -0.007026 0.076833 -0.395888
 37   15.834409 0.579420 -0.284600 0.273760 0.212841 0.401548
 38   1.139685 -3.453749 -2.823813 0.000000 0.000000 0.000001
 39   -4.457742 -1.054854 -0.746180 0.000000 0.000000 0.000000
 40   1.118101 -3.449769 3.237290 0.000000 0.000001 0.000000
 41   -4.433840 -1.059130 0.959566 -0.000001 0.000000 0.000000
 42   -0.657468 1.697302 -2.688614 0.000000 0.000002 0.000000
 43   -0.664068 1.698578 2.869377 0.000000 0.000002 0.000000
time 46
  0   -0.756603 -0.917997 1.293379 0.000000 0.000000 -1.571069
  1   -1.093036 0.000002 -0.326057 -1.569027 -1.622749 -0.001768
  2   2.262337 0.113614 0.064702 -0.000014 0.000037 0.131489
  3   2.380047 0.353302 0.047440 0.081095 -0.020737 0.118291
  4   2.033756 0.190472 -0.000128 -0.122063 0.027960 0.173852
  5   2.451511 0.204909 -0.003447 -0.087142 -0.058990 0.261337
  6   7.247600 -0.397300 -0.109469 0.000001 -0.000003 0.470960
  7   -2.022252 -0.104661 3.136172 1.212706 -1.046098 -4.775980
  8   1.168026 -0.537438 -0.063437 0.735237 0.719863 0.777091
  9   6.790376 -0.619176 0.015206 -0.169926 -0.317167 -1.226876
 10   8.637599 0.544015 -0.090417 -3.763367 0.089054 -0.346433
 11   6.790465 -0.619039 0.017802 -0.159374 -0.215460 -0.871265
 12   -2.022474 -0.104699 -2.873818 -2.468706 1.824383 0.184805
 13   1.167898 -0.537463 0.063297 -0.929570 -0.916431 0.243804
 14   7.002743 -0.617765 -0.183752 0.000115 0.000194 -1.779725
 15   8.209042 0.615527 -0.255885 1.742513 0.349938 0.114374
 16   7.002735 -0.617911 -0.183641 0.013121 0.009736 -1.264457
 17   1.574674 0.609930 -0.000899 0.433173 -0.195859 -0.047909
 18   -0.602177 0.511412 -0.000006 0.000000 0.000000 0.000000
 19   3.673773 0.177020 1.119313 -0.000002 -0.000014 -0.174510
 20   3.673767 0.176993 -1.117566 0.000007 -0.000003 -0.174546
 21   3.868136 1.330634 1.627658 0.009853 -0.053762 0.110915
 22   -0.273405 -0.011889 0.477457 -0.000011 0.000031 0.000025
 23   3.868153 1.330659 -1.631083 -0.009844 0.053789 0.110864
 24   -0.265682 -0.011872 -0.485260 -0.000005 -0.000006 0.000048
 25   4.941364 1.997338 1.629330 0.000018 -0.000001 -0.000024
 26   4.941382 1.997366 -1.629410 -0.000001 0.000005 -0.000024
 27   2.937900 1.634890 1.514501 -0.002859 0.038544 -0.166880
 28   2.940330 1.634496 -1.501142 0.002850 -0.038575 -0.166933
 29   8.824059 0.150544 0.091743 0.000006 -0.000231 -0.174534
 30   2.111085 -0.561179 1.784320 -0.000008 -0.000682 0.000024
 31   2.121290 -0.561289 -1.853599 0.000000 0.000000 -0.000002
 32   -0.810489 -0.093824 3.127092 0.308687 -2.963972 -0.295141
 33   14.298673 -0.408176 0.475484 0.010830 -0.088871 -0.467367
 34   15.835795 0.581398 0.242756 -0.305885 -0.201989 0.256011
 35   -0.815868 -0.091229 -3.114430 -0.040474 2.853438 0.069176
 36   14.294526 -0.410349 -0.463635 -0.007026 0.076833 -0.395888
 37   15.834409 0.579420 -0.284600 0.273760 0.212841 0.401548
 38   1.139685 -3.453749 -2.823813 0.000000 0.000000 0.000001
 39   -4.457742 -1.054854 -0.746180 0.000000 0.000000 0.000000
 40   1.118101 -3.449769 3.237290 0.000000 0.000001 0.000000
 41   -4.433840 -1.059130 0.959566 -0.000001 0.000000 0.000000
 42   -0.657468 1.697302 -2.688614 0.000000 0.000002 0.000000
 43   -0.664068 1.698578 2.869377 0.000000 0.000002 0.000000
time 47
  0   -0.756603 -0.917997 1.293379 0.000000 0.000000 -1.571069
  1   -1.093036 0.000002 -0.326057 -1.569027 -1.622749 -0.001768
  2   2.262337 0.113614 0.064702 -0.000014 0.000037 0.131489
  3   2.380047 0.353302 0.047440 0.082986 -0.021241 0.118393
  4   2.033756 0.190472 -0.000128 -0.121012 0.027481 0.175012
  5   2.451511 0.204909 -0.003447 -0.085944 -0.060387 0.262105
  6   7.247600 -0.397300 -0.109469 0.000001 -0.000003 0.470960
  7   -2.022252 -0.104661 3.136172 1.212706 -1.046098 -4.775980
  8   1.168026 -0.537438 -0.063437 0.761372 0.735058 0.798347
  9   6.790376 -0.619176 0.015206 -0.169926 -0.312963 -1.193142
 10   8.637599 0.544015 -0.090417 -3.842890 0.085816 -0.338909
 11   6.790465 -0.619039 0.017802 -0.157681 -0.212902 -0.847965
 12   -2.022474 -0.104699 -2.873818 -2.468706 1.824383 0.184805
 13   1.167898 -0.537463 0.063297 -0.928867 -0.917143 0.242896
 14   7.002743 -0.617765 -0.183752 0.000115 0.000194 -1.779725
 15   8.209042 0.615527 -0.255885 1.743017 0.349106 0.117261
 16   7.002735 -0.617911 -0.183641 0.013121 0.009736 -1.264457
 17   1.574674 0.609930 -0.000899 0.442759 -0.205420 -0.055930
 18   -0.602177 0.511412 -0.000006 0.000000 0.000000 0.000000
 19   3.673773 0.177020 1.119313 -0.000002 -0.000014 -0.174510
 20   3.673767 0.176993 -1.117566 0.000007 -0.000003 -0.174546
 21   3.942357 1.330634 1.627658 0.000002 -0.000011 -0.000026
 22   -0.246060 -0.011889 0.516521 -0.000011 0.000031 0.000025
 23   3.942374 1.330659 -1.631083 0.000019 0.000002 -0.000024
 24   -0.246150 -0.011872 -0.516511 -0.000005 -0.000006 0.000048
 25   4.941364 1.997338 1.629330 0.000018 -0.000001 -0.000024
 26   4.941382 1.997366 -1.629410 -0.000001 0.000005 -0.000024
 27   2.918368 1.615358 1.514501 -0.000019 -0.000022 -0.000050
 28   2.920798 1.614964 -1.501142 -0.000002 -0.000009 -0.000024
 29   8.824059 0.150544 0.091743 0.000006 -0.000231 -0.174534
 30   2.111085 -0.561179 1.784320 -0.000008 -0.000682 0.000024
 31   2.121290 -0.561289 -1.853599 0.000000 0.000000 -0.000002
 32   -0.810489 -0.093824 3.127092 0.308687 -2.963972 -0.295141
 33   14.298673 -0.408176 0.475484 0.010830 -0.088871 -0.467367
 34   15.835795 0.581398 0.242756 -0.305885 -0.201989 0.256011
 35   -0.815868 -0.091229 -3.114430 -0.040474 2.853438 0.069176
 36   14.294526 -0.410349 -0.463635 -0.007026 0.076833 -0.395888
 37   15.834409 0.579420 -0.284600 0.273760 0.212841 0.401548
 38   1.139685 -3.453749 -2.823813 0.000000 0.000000 0.000001
 39   -4.457742 -1.054854 -0.746180 0.000000 0.000000 0.000000
 40   1.118101 -3.449769 3.237290 0.000000 0.000001 0.000000
 41   -4.433840 -1.059130 0.959566 -0.000001 0.000000 0.000000
 42   -0.657468 1.697302 -2.688614 0.000000 0.000002 0.000000
 43   -0.664068 1.698578 2.869377 0.000000 0.000002 0.000000
time 48
  0   -0.756603 -0.917997 1.293379 0.000000 0.000000 -1.571069
  1   -1.093036 0.000002 -0.326057 -1.569027 -1.622749 -0.001768
  2   2.262337 0.113614 0.064702 -0.000014 0.000037 0.131489
  3   2.380047 0.353302 0.047440 0.084531 -0.021600 0.118495
  4   2.033756 0.190472 -0.000128 -0.120182 0.027013 0.175918
  5   2.451511 0.204909 -0.003447 -0.084797 -0.061601 0.262798
  6   7.247600 -0.397300 -0.109469 0.000001 -0.000003 0.470960
  7   -2.022252 -0.104661 3.136172 1.212706 -1.046098 -4.775980
  8   1.168026 -0.537438 -0.063437 0.783710 0.749649 0.816439
  9   6.790376 -0.619176 0.015206 -0.169926 -0.308558 -1.159861
 10   8.637599 0.544015 -0.090417 -3.909907 0.083071 -0.332760
 11   6.790465 -0.619039 0.017802 -0.155958 -0.210173 -0.824953
 12   -2.022474 -0.104699 -2.873818 -2.468706 1.824383 0.184805
 13   1.167898 -0.537463 0.063297 -0.924579 -0.919177 0.238719
 14   7.002743 -0.617765 -0.183752 0.000115 0.000194 -1.779725
 15   8.209042 0.615527 -0.255885 1.744239 0.347819 0.122854
 16   7.002735 -0.617911 -0.183641 0.013121 0.009736 -1.264457
 17   1.574674 0.609930 -0.000899 0.450924 -0.213514 -0.062768
 18   -0.602177 0.511412 -0.000006 0.000000 0.000000 0.000000
 19   3.673773 0.177020 1.119313 -0.000002 -0.000014 -0.174510
 20   3.673767 0.176993 -1.117566 0.000007 -0.000003 -0.174546
 21   3.942357 1.330634 1.627658 0.000002 -0.000011 -0.000026
 22   -0.246060 -0.011889 0.516521 -0.000011 0.000031 0.000025
 23   3.942374 1.330659 -1.631083 0.000019 0.000002 -0.000024
 24   -0.246150 -0.011872 -0.516511 -0.000005 -0.000006 0.000048
 25   4.941364 1.997338 1.629330 0.000018 -0.000001 -0.000024
 26   4.941382 1.997366 -1.629410 -0.000001 0.000005 -0.000024
 27   2.918368 1.615358 1.514501 -0.000019 -0.000022 -0.000050
 28   2.920798 1.614964 -1.501142 -0.000002 -0.000009 -0.000024
 29   8.824059 0.150544 0.091743 0.000006 -0.000231 -0.174534
 30   2.111085 -0.561179 1.784320 -0.000008 -0.000682 0.000024
 31   2.121290 -0.561289 -1.853599 0.000000 0.000000 -0.000002
 32   -0.810489 -0.093824 3.127092 0.308687 -2.963972 -0.295141
 33   14.298673 -0.408176 0.475484 0.010830 -0.088871 -0.467367
 34   15.835795 0.581398 0.242756 -0.305885 -0.201989 0.256011
 35   -0.815868 -0.091229 -3.114430 -0.040474 2.853438 0.069176
 36   14.294526 -0.410349 -0.463635 -0.007026 0.076833 -0.395888
 37   15.834409 0.579420 -0.284600 0.273760 0.212841 0.401548
 38   1.139685 -3.453749 -2.823813 0.000000 0.000000 0.000001
 39   -4.457742 -1.054854 -0.746180 0.000000 0.000000 0.000000
 40   1.118101 -3.449769 3.237290 0.000000 0.000001 0.000000
 41   -4.433840 -1.059130 0.959566 -0.000001 0.000000 0.000000
 42   -0.657468 1.697302 -2.688614 0.000000 0.000002 0.000000
 43   -0.664068 1.698578 2.869377 0.000000 0.000002 0.000000
time 49
  0   -0.756603 -0.917997 1.293379 0.000000 0.000000 -1.571069
  1   -1.093036 0.000002 -0.326057 -1.569027 -1.622749 -0.001768
  2   2.262337 0.113614 0.064702 -0.000014 0.000037 0.131489
  3   2.380047 0.353302 0.047440 0.083256 -0.021313 0.118393
  4   2.033756 0.190472 -0.000128 -0.120846 0.027409 0.175193
  5   2.451511 0.204909 -0.003447 -0.085927 -0.060387 0.262105
  6   7.247600 -0.397300 -0.109469 0.000001 -0.000003 0.470960
  7   -2.022252 -0.104661 3.136172 1.212706 -1.046098 -4.775980
  8   1.168026 -0.537438 -0.063437 0.760929 0.734756 0.798094
  9   6.790376 -0.619176 0.015206 -0.169926 -0.313163 -1.193595
 10   8.637599 0.544015 -0.090417 -3.842890 0.086379 -0.339994
 11   6.790465 -0.619039 0.017802 -0.157710 -0.212959 -0.848369
 12   -2.022474 -0.104699 -2.873818 -2.468706 1.824383 0.184805
 13   1.167898 -0.537463 0.063297 -0.917339 -0.920296 0.232726
 14   7.002743 -0.617765 -0.183752 0.000115 0.000194 -1.782695
 15   8.209042 0.615527 -0.255885 1.745318 0.346458 0.128567
 16   7.002735 -0.617911 -0.183641 0.013121 0.009736 -1.266499
 17   1.574674 0.609930 -0.000899 0.442759 -0.205562 -0.055930
 18   -0.602177 0.511412 -0.000006 0.000000 0.000000 0.000000
 19   3.673773 0.177020 1.119313 -0.000002 -0.000014 -0.174510
 20   3.673767 0.176993 -1.117566 0.000007 -0.000003 -0.174546
 21   3.942357 1.330634 1.627658 0.000002 -0.000011 -0.000026
 22   -0.246060 -0.011889 0.516521 -0.000011 0.000031 0.000025
 23   3.942374 1.330659 -1.631083 0.000019 0.000002 -0.000024
 24   -0.246150 -0.011872 -0.516511 -0.000005 -0.000006 0.000048
 25   4.941364 1.997338 1.629330 0.000018 -0.000001 -0.000024
 26   4.941382 1.997366 -1.629410 -0.000001 0.000005 -0.000024
 27   2.918368 1.615358 1.514501 -0.000019 -0.000022 -0.000050
 28   2.920798 1.614964 -1.501142 -0.000002 -0.000009 -0.000024
 29   8.824059 0.150544 0.091743 0.000006 -0.000231 -0.174534
 30   2.111085 -0.561179 1.784320 -0.000008 -0.000682 0.000024
 31   2.121290 -0.561289 -1.853599 0.000000 0.000000 -0.000002
 32   -0.810489 -0.093824 3.127092 0.308687 -2.963972 -0.295141
 33   14.298673 -0.408176 0.475484 0.010830 -0.088871 -0.467367
 34   15.835795 0.581398 0.242756 -0.305885 -0.201989 0.256011
 35   -0.815868 -0.091229 -3.114430 -0.040474 2.853438 0.069176
 36   14.294526 -0.410349 -0.463635 -0.007026 0.076833 -0.395888
 37   15.834409 0.579420 -0.284600 0.273760 0.212841 0.401548
 38   1.139685 -3.453749 -2.823813 0.000000 0.000000 0.000001
 39   -4.457742 -1.054854 -0.746180 0.000000 0.000000 0.000000
 40   1.118101 -3.449769 3.237290 0.000000 0.000001 0.000000
 41   -4.433840 -1.059130 0.959566 -0.000001 0.000000 0.000000
 42   -0.657468 1.697302 -2.688614 0.000000 0.000002 0.000000
 43   -0.664068 1.698578 2.869377 0.000000 0.000002 0.000000
time 50
  0   -0.756603 -0.917997 1.293379 0.000000 0.000000 -1.571069
  1   -1.093036 0.000002 -0.326057 -1.569027 -1.622749 -0.001768
  2   2.262337 0.113614 0.064702 -0.000014 0.000037 0.131489
  3   2.380047 0.353302 0.047440 0.081650 -0.020881 0.118291
  4   2.033756 0.190472 -0.000128 -0.121676 0.027792 0.174468
  5   2.451511 0.204909 -0.003447 -0.087142 -0.058990 0.261337
  6   7.247600 -0.397300 -0.109469 0.000001 -0.000003 0.470960
  7   -2.022252 -0.104661 3.136172 1.212706 -1.046098 -4.775980
  8   1.168026 -0.537438 -0.063437 0.734351 0.719360 0.776459
  9   6.790376 -0.619176 0.015206 -0.169926 -0.317368 -1.228008
 10   8.637599 0.544015 -0.090417 -3.763367 0.090462 -0.348748
 11   6.790465 -0.619039 0.017802 -0.159403 -0.215517 -0.871958
 12   -2.022474 -0.104699 -2.873818 -2.468706 1.824383 0.184805
 13   1.167898 -0.537463 0.063297 -0.913051 -0.920703 0.229336
 14   7.002743 -0.617765 -0.183752 0.000115 0.000194 -1.784593
 15   8.209042 0.615527 -0.255885 1.745893 0.345928 0.131333
 16   7.002735 -0.617911 -0.183641 0.013121 0.009736 -1.267879
 17   1.574674 0.609930 -0.000899 0.433173 -0.196048 -0.047909
 18   -0.602177 0.511412 -0.000006 0.000000 0.000000 0.000000
 19   3.673773 0.177020 1.119313 -0.000002 -0.000014 -0.174510
 20   3.673767 0.176993 -1.117566 0.000007 -0.000003 -0.174546
 21   3.942357 1.330634 1.627658 0.000002 -0.000011 -0.000026
 22   -0.246060 -0.011889 0.516521 -0.000011 0.000031 0.000025
 23   3.942374 1.330659 -1.631083 0.000019 0.000002 -0.000024
 24   -0.246150 -0.011872 -0.516511 -0.000005 -0.000006 0.000048
 25   4.941364 1.997338 1.629330 0.000018 -0.000001 -0.000024
 26   4.941382 1.997366 -1.629410 -0.000001 0.000005 -0.000024
 27   2.918368 1.615358 1.514501 -0.000019 -0.000022 -0.000050
 28   2.920798 1.614964 -1.501142 -0.000002 -0.000009 -0.000024
 29   8.824059 0.150544 0.091743 0.000006 -0.000231 -0.174534
 30   2.111085 -0.561179 1.784320 -0.000008 -0.000682 0.000024
 31   2.121290 -0.561289 -1.853599 0.000000 0.000000 -0.000002
 32   -0.810489 -0.093824 3.127092 0.308687 -2.963972 -0.295141
 33   14.298673 -0.408176 0.475484 0.010830 -0.088871 -0.467367
 34   15.835795 0.581398 0.242756 -0.305885 -0.201989 0.256011
 35   -0.815868 -0.091229 -3.114430 -0.040474 2.853438 0.069176
 36   14.294526 -0.410349 -0.463635 -0.007026 0.076833 -0.395888
 37   15.834409 0.579420 -0.284600 0.273760 0.212841 0.401548
 38   1.139685 -3.453749 -2.823813 0.000000 0.000000 0.000001
 39   -4.457742 -1.054854 -0.746180 0.000000 0.000000 0.000000
 40   1.118101 -3.449769 3.237290 0.000000 0.000001 0.000000
 41   -4.433840 -1.059130 0.959566 -0.000001 0.000000 0.000000
 42   -0.657468 1.697302 -2.688614 0.000000 0.000002 0.000000
 43   -0.664068 1.698578 2.869377 0.000000 0.000002 0.000000
time 51
  0   -0.756603 -0.917997 1.293379 0.000000 0.000000 -1.571069
  1   -1.093036 0.000002 -0.326057 -1.569027 -1.622749 -0.001768
  2   2.262337 0.113614 0.064702 -0.000014 0.000037 0.131489
  3   2.380047 0.353302 0.047440 0.079610 -0.020390 0.118148
  4   2.033756 0.190472 -0.000128 -0.122764 0.028404 0.173417
  5   2.451511 0.204909 -0.003447 -0.088905 -0.057136 0.260322
  6   7.247600 -0.397300 -0.109469 0.000001 -0.000003 0.470960
  7   -2.022252 -0.104661 3.136172 1.212706 -1.046098 -4.775980
  8   1.168026 -0.537438 -0.063437 0.699104 0.701448 0.747549
  9   6.790376 -0.619176 0.015206 -0.169926 -0.321439 -1.266119
 10   8.637599 0.544015 -0.090417 -3.657425 0.095882 -0.360323
 11   6.790465 -0.619039 0.017802 -0.161330 -0.217933 -0.898315
 12   -2.022474 -0.104699 -2.873818 -2.468706 1.824383 0.184805
 13   1.167898 -0.537463 0.063297 -0.908833 -0.921008 0.225946
 14   7.002743 -0.617765 -0.183752 0.000115 0.000194 -1.786573
 15   8.209042 0.615527 -0.255885 1.746468 0.345247 0.134099
 16   7.002735 -0.617911 -0.183641 0.013121 0.009849 -1.269259
 17   1.574674 0.609930 -0.000899 0.420175 -0.183363 -0.037154
 18   -0.602177 0.511412 -0.000006 0.000000 0.000000 0.000000
 19   3.673773 0.177020 1.119313 -0.000002 -0.000014 -0.174510
 20   3.673767 0.176993 -1.117566 0.000007 -0.000003 -0.174546
 21   3.942357 1.330634 1.627658 0.000002 -0.000011 -0.000026
 22   -0.246060 -0.011889 0.516521 -0.000011 0.000031 0.000025
 23   3.942374 1.330659 -1.631083 0.000019 0.000002 -0.000024
 24   -0.246150 -0.011872 -0.516511 -0.000005 -0.000006 0.000048
 25   4.941364 1.997338 1.629330 0.000018 -0.000001 -0.000024
 26   4.941382 1.997366 -1.629410 -0.000001 0.000005 -0.000024
 27   2.918368 1.615358 1.514501 -0.000019 -0.000022 -0.000050
 28   2.920798 1.614964 -1.501142 -0.000002 -0.000009 -0.000024
 29   8.824059 0.150544 0.091743 0.000006 -0.000231 -0.174534
 30   2.111085 -0.561179 1.784320 -0.000008 -0.000682 0.000024
 31   2.121290 -0.561289 -1.853599 0.000000 0.000000 -0.000002
 32   -0.810489 -0.093824 3.127092 0.308687 -2.963972 -0.295141
 33   14.298673 -0.408176 0.475484 0.010830 -0.088871 -0.467367
 34   15.835795 0.581398 0.242756 -0.305885 -0.201989 0.256011
 35   -0.815868 -0.091229 -3.114430 -0.040474 2.853438 0.069176
 36   14.294526 -0.410349 -0.463635 -0.007026 0.076833 -0.395888
 37   15.834409 0.579420 -0.284600 0.273760 0.212841 0.401548
 38   1.139685 -3.453749 -2.823813 0.000000 0.000000 0.000001
 39   -4.457742 -1.054854 -0.746180 0.000000 0.000000 0.000000
 40   1.118101 -3.449769 3.237290 0.000000 0.000001 0.000000
 41   -4.433840 -1.059130 0.959566 -0.000001 0.000000 0.000000
 42   -0.657468 1.697302 -2.688614 0.000000 0.000002 0.000000
 43   -0.664068 1.698578 2.869377 0.000000 0.000002 0.000000
time 52
  0   -0.756603 -0.917997 1.293379 0.000000 0.000000 -1.571069
  1   -1.093036 0.000002 -0.326057 -1.569027 -1.622749 -0.001768
  2   2.262337 0.113614 0.064702 -0.000014 0.000037 0.131489
  3   2.380047 0.353302 0.047440 0.074210 -0.018988 0.117699
  4   2.033756 0.190472 -0.000128 -0.125678 0.029938 0.170481
  5   2.451511 0.204909 -0.003447 -0.093424 -0.052162 0.257474
  6   7.247600 -0.397300 -0.109469 0.000001 -0.000003 0.470960
  7   -2.022252 -0.104661 3.136172 1.212706 -1.046098 -4.775980
  8   1.168026 -0.537438 -0.063437 0.609372 0.665171 0.672965
  9   6.790376 -0.619176 0.015206 -0.169926 -0.327846 -1.334568
 10   8.637599 0.544015 -0.090417 -3.375618 0.110453 -0.391214
 11   6.790465 -0.619039 0.017802 -0.164746 -0.221600 -0.945435
 12   -2.022474 -0.104699 -2.873818 -2.468706 1.824383 0.184805
 13   1.167898 -0.537463 0.063297 -0.901031 -0.922432 0.218803
 14   7.002743 -0.617765 -0.183752 0.000115 0.000194 -1.791111
 15   8.209042 0.615527 -0.255885 1.747547 0.343809 0.139752
 16   7.002735 -0.617911 -0.183641 0.013121 0.009849 -1.272460
 17   1.574674 0.609930 -0.000899 0.385973 -0.149638 -0.008620
 18   -0.602177 0.511412 -0.000006 0.000000 0.000000 0.000000
 19   3.673773 0.177020 1.119313 -0.000002 -0.000014 -0.174510
 20   3.673767 0.176993 -1.117566 0.000007 -0.000003 -0.174546
 21   3.942357 1.330634 1.627658 0.000002 -0.000011 -0.000026
 22   -0.246060 -0.011889 0.516521 -0.000011 0.000031 0.000025
 23   3.942374 1.330659 -1.631083 0.000019 0.000002 -0.000024
 24   -0.246150 -0.011872 -0.516511 -0.000005 -0.000006 0.000048
 25   4.941364 1.997338 1.629330 0.000018 -0.000001 -0.000024
 26   4.941382 1.997366 -1.629410 -0.000001 0.000005 -0.000024
 27   2.918368 1.615358 1.514501 -0.000019 -0.000022 -0.000050
 28   2.920798 1.614964 -1.501142 -0.000002 -0.000009 -0.000024
 29   8.824059 0.150544 0.091743 0.000006 -0.000231 -0.174534
 30   2.111085 -0.561179 1.784320 -0.000008 -0.000682 0.000024
 31   2.121290 -0.561289 -1.853599 0.000000 0.000000 -0.000002
 32   -0.810489 -0.093824 3.127092 0.308687 -2.963972 -0.295141
 33   14.298673 -0.408176 0.475484 0.010830 -0.088871 -0.467367
 34   15.835795 0.581398 0.242756 -0.305885 -0.201989 0.256011
 35   -0.815868 -0.091229 -3.114430 -0.040474 2.853438 0.069176
 36   14.294526 -0.410349 -0.463635 -0.007026 0.076833 -0.395888
 37   15.834409 0.579420 -0.284600 0.273760 0.212841 0.401548
 38   1.139685 -3.453749 -2.823813 0.000000 0.000000 0.000001
 39   -4.457742 -1.054854 -0.746180 0.000000 0.000000 0.000000
 40   1.118101 -3.449769 3.237290 0.000000 0.000001 0.000000
 41   -4.433840 -1.059130 0.959566 -0.000001 0.000000 0.000000
 42   -0.657468 1.697302 -2.688614 0.000000 0.000002 0.000000
 43   -0.664068 1.698578 2.869377 0.000000 0.000002 0.000000
time 53
  0   -0.756603 -0.917997 1.293379 0.000000 0.000000 -1.571069
  1   -1.093036 0.000002 -0.326057 -1.569027 -1.622749 -0.001768
  2   2.262337 0.113614 0.064702 -0.000014 0.000037 0.131489
  3   2.380047 0.353302 0.047440 0.070850 -0.018137 0.117434
  4   2.033756 0.190472 -0.000128 -0.127467 0.030836 0.168741
  5   2.451511 0.204909 -0.003447 -0.096077 -0.049172 0.255740
  6   7.247600 -0.397300 -0.109469 0.000001 -0.000003 0.470960
  7   -2.022252 -0.104661 3.136172 1.212706 -1.046098 -4.775980
  8   1.168026 -0.537438 -0.063437 0.560203 0.649423 0.630833
  9   6.790376 -0.619176 0.015206 -0.169926 -0.329848 -1.359095
 10   8.637599 0.544015 -0.090417 -3.206005 0.119181 -0.409879
 11   6.790465 -0.619039 0.017802 -0.166031 -0.222680 -0.962276
 12   -2.022474 -0.104699 -2.873818 -2.468706 1.824383 0.184805
 13   1.167898 -0.537463 0.063297 -0.897516 -0.923856 0.215292
 14   7.002743 -0.617765 -0.183752 0.000115 0.000194 -1.793916
 15   8.209042 0.615527 -0.255885 1.748122 0.343356 0.142579
 16   7.002735 -0.617911 -0.183641 0.013121 0.009849 -1.274502
 17   1.574674 0.609930 -0.000899 0.365256 -0.129308 0.008678
 18   -0.602177 0.511412 -0.000006 0.000000 0.000000 0.000000
 19   3.673773 0.177020 1.119313 -0.000002 -0.000014 -0.174510
 20   3.673767 0.176993 -1.117566 0.000007 -0.000003 -0.174546
 21   3.942357 1.330634 1.627658 0.000002 -0.000011 -0.000026
 22   -0.246060 -0.011889 0.516521 -0.000011 0.000031 0.000025
 23   3.942374 1.330659 -1.631083 0.000019 0.000002 -0.000024
 24   -0.246150 -0.011872 -0.516511 -0.000005 -0.000006 0.000048
 25   4.941364 1.997338 1.629330 0.000018 -0.000001 -0.000024
 26   4.941382 1.997366 -1.629410 -0.000001 0.000005 -0.000024
 27   2.918368 1.615358 1.514501 -0.000019 -0.000022 -0.000050
 28   2.920798 1.614964 -1.501142 -0.000002 -0.000009 -0.000024
 29   8.824059 0.150544 0.091743 0.000006 -0.000231 -0.174534
 30   2.111085 -0.561179 1.784320 -0.000008 -0.000682 0.000024
 31   2.121290 -0.561289 -1.853599 0.000000 0.000000 -0.000002
 32   -0.810489 -0.093824 3.127092 0.308687 -2.963972 -0.295141
 33   14.298673 -0.408176 0.475484 0.010830 -0.088871 -0.467367
 34   15.835795 0.581398 0.242756 -0.305885 -0.201989 0.256011
 35   -0.815868 -0.091229 -3.114430 -0.040474 2.853438 0.069176
 36   14.294526 -0.410349 -0.463635 -0.007026 0.076833 -0.395888
 37   15.834409 0.579420 -0.284600 0.273760 0.212841 0.401548
 38   1.139685 -3.453749 -2.823813 0.000000 0.000000 0.000001
 39   -4.457742 -1.054854 -0.746180 0.000000 0.000000 0.000000
 40   1.118101 -3.449769 3.237290 0.000000 0.000001 0.000000
 41   -4.433840 -1.059130 0.959566 -0.000001 0.000000 0.000000
 42   -0.657468 1.697302 -2.688614 0.000000 0.000002 0.000000
 43   -0.664068 1.698578 2.869377 0.000000 0.000002 0.000000
time 54
  0   -0.756603 -0.917997 1.293379 0.000000 0.000000 -1.571069
  1   -1.093036 0.000002 -0.326057 -1.569027 -1.622749 -0.001768
  2   2.262337 0.113614 0.064702 -0.000014 0.000037 0.131489
  3   2.380047 0.353302 0.047440 0.063154 -0.016135 0.116883
  4   2.033756 0.190472 -0.000128 -0.131561 0.033018 0.164754
  5   2.451511 0.204909 -0.003447 -0.102342 -0.042370 0.251976
  6   7.247600 -0.397300 -0.109469 0.000001 -0.000003 0.470960
  7   -2.022252 -0.104661 3.136172 1.212706 -1.046098 -4.775980
  8   1.168026 -0.537438 -0.063437 0.471231 0.627637 0.550176
  9   6.790376 -0.619176 0.015206 -0.169926 -0.331984 -1.387773
 10   8.637599 0.544015 -0.090417 -2.822571 0.138961 -0.451911
 11   6.790465 -0.619039 0.017802 -0.167403 -0.223931 -0.982117
 12   -2.022474 -0.104699 -2.873818 -2.468706 1.824383 0.184805
 13   1.167898 -0.537463 0.063297 -0.890908 -0.928483 0.208149
 14   7.002743 -0.617765 -0.183752 0.000115 0.000194 -1.799939
 15   8.209042 0.615527 -0.255885 1.749272 0.341994 0.148051
 16   7.002735 -0.617911 -0.183641 0.013121 0.009849 -1.278697
 17   1.574674 0.609930 -0.000899 0.318543 -0.083347 0.047450
 18   -0.602177 0.511412 -0.000006 0.000000 0.000000 0.000000
 19   3.673773 0.177020 1.119313 -0.000002 -0.000014 -0.174510
 20   3.673767 0.176993 -1.117566 0.000007 -0.000003 -0.174546
 21   3.942357 1.330634 1.627658 0.000002 -0.000011 -0.000026
 22   -0.246060 -0.011889 0.516521 -0.000011 0.000031 0.000025
 23   3.942374 1.330659 -1.631083 0.000019 0.000002 -0.000024
 24   -0.246150 -0.011872 -0.516511 -0.000005 -0.000006 0.000048
 25   4.941364 1.997338 1.629330 0.000018 -0.000001 -0.000024
 26   4.941382 1.997366 -1.629410 -0.000001 0.000005 -0.000024
 27   2.918368 1.615358 1.514501 -0.000019 -0.000022 -0.000050
 28   2.920798 1.614964 -1.501142 -0.000002 -0.000009 -0.000024
 29   8.824059 0.150544 0.091743 0.000006 -0.000231 -0.174534
 30   2.111085 -0.561179 1.784320 -0.000008 -0.000682 0.000024
 31   2.121290 -0.561289 -1.853599 0.000000 0.000000 -0.000002
 32   -0.810489 -0.093824 3.127092 0.308687 -2.963972 -0.295141
 33   14.298673 -0.408176 0.475484 0.010830 -0.088871 -0.467367
 34   15.835795 0.581398 0.242756 -0.305885 -0.201989 0.256011
 35   -0.815868 -0.091229 -3.114430 -0.040474 2.853438 0.069176
 36   14.294526 -0.410349 -0.463635 -0.007026 0.076833 -0.395888
 37   15.834409 0.579420 -0.284600 0.273760 0.212841 0.401548
 38   1.139685 -3.453749 -2.823813 0.000000 0.000000 0.000001
 39   -4.457742 -1.054854 -0.746180 0.000000 0.000000 0.000000
 40   1.118101 -3.449769 3.237290 0.000000 0.000001 0.000000
 41   -4.433840 -1.059130 0.959566 -0.000001 0.000000 0.000000
 42   -0.657468 1.697302 -2.688614 0.000000 0.000002 0.000000
 43   -0.664068 1.698578 2.869377 0.000000 0.000002 0.000000
time 55
  0   -0.756603 -0.917997 1.293379 0.000000 0.000000 -1.571069
  1   -1.093036 0.000002 -0.326057 -1.569027 -1.622749 -0.001768
  2   2.262337 0.113614 0.064702 -0.000014 0.000037 0.131489
  3   2.380047 0.353302 0.047440 0.059029 -0.015105 0.116536
  4   2.033756 0.190472 -0.000128 -0.133848 0.034156 0.162543
  5   2.451511 0.204909 -0.003447 -0.105714 -0.038715 0.249871
  6   7.247600 -0.397300 -0.109469 0.000001 -0.000003 0.470960
  7   -2.022252 -0.104661 3.136172 1.212706 -1.046098 -4.775980
  8   1.168026 -0.537438 -0.063437 0.438768 0.624266 0.516648
  9   6.790376 -0.619176 0.015206 -0.169926 -0.332317 -1.394791
 10   8.637599 0.544015 -0.090417 -2.614561 0.149660 -0.474627
 11   6.790465 -0.619039 0.017802 -0.167724 -0.224073 -0.986904
 12   -2.022474 -0.104699 -2.873818 -2.468706 1.824383 0.184805
 13   1.167898 -0.537463 0.063297 -0.888097 -0.931484 0.204396
 14   7.002743 -0.617765 -0.183752 0.000115 0.000194 -1.803239
 15   8.209042 0.615527 -0.255885 1.749776 0.341313 0.150938
 16   7.002735 -0.617911 -0.183641 0.013121 0.009849 -1.280794
 17   1.574674 0.609930 -0.000899 0.293237 -0.058426 0.068592
 18   -0.602177 0.511412 -0.000006 0.000000 0.000000 0.000000
 19   3.673773 0.177020 1.119313 -0.000002 -0.000014 -0.174510
 20   3.673767 0.176993 -1.117566 0.000007 -0.000003 -0.174546
 21   3.942357 1.330634 1.627658 0.000002 -0.000011 -0.000026
 22   -0.246060 -0.011889 0.516521 -0.000011 0.000031 0.000025
 23   3.942374 1.330659 -1.631083 0.000019 0.000002 -0.000024
 24   -0.246150 -0.011872 -0.516511 -0.000005 -0.000006 0.000048
 25   4.941364 1.997338 1.629330 0.000018 -0.000001 -0.000024
 26   4.941382 1.997366 -1.629410 -0.000001 0.000005 -0.000024
 27   2.918368 1.615358 1.514501 -0.000019 -0.000022 -0.000050
 28   2.920798 1.614964 -1.501142 -0.000002 -0.000009 -0.000024
 29   8.824059 0.150544 0.091743 0.000006 -0.000231 -0.174534
 30   2.111085 -0.561179 1.784320 -0.000008 -0.000682 0.000024
 31   2.121290 -0.561289 -1.853599 0.000000 0.000000 -0.000002
 32   -0.810489 -0.093824 3.127092 0.308687 -2.963972 -0.295141
 33   14.298673 -0.408176 0.475484 0.010830 -0.088871 -0.467367
 34   15.835795 0.581398 0.242756 -0.305885 -0.201989 0.256011
 35   -0.815868 -0.091229 -3.114430 -0.040474 2.853438 0.069176
 36   14.294526 -0.410349 -0.463635 -0.007026 0.076833 -0.395888
 37   15.834409 0.579420 -0.284600 0.273760 0.212841 0.401548
 38   1.139685 -3.453749 -2.823813 0.000000 0.000000 0.000001
 39   -4.457742 -1.054854 -0.746180 0.000000 0.000000 0.000000
 40   1.118101 -3.449769 3.237290 0.000000 0.000001 0.000000
 41   -4.433840 -1.059130 0.959566 -0.000001 0.000000 0.000000
 42   -0.657468 1.697302 -2.688614 0.000000 0.000002 0.000000
 43   -0.664068 1.698578 2.869377 0.000000 0.000002 0.000000
time 56
  0   -0.756603 -0.917997 1.293379 0.000000 0.000000 -1.571069
  1   -1.093036 0.000002 -0.326057 -1.569027 -1.622749 -0.001768
  2   2.262337 0.113614 0.064702 -0.000014 0.000037 0.131489
  3   2.380047 0.353302 0.047440 0.050028 -0.012816 0.115883
  4   2.033756 0.190472 -0.000128 -0.138643 0.036697 0.157686
  5   2.451511 0.204909 -0.003447 -0.112732 -0.031038 0.245537
  6   7.247600 -0.397300 -0.109469 0.000001 -0.000003 0.470960
  7   -2.022252 -0.104661 3.136172 1.212706 -1.046098 -4.775980
  8   1.168026 -0.537438 -0.063437 0.417759 0.640618 0.477047
  9   6.790376 -0.619176 0.015206 -0.169926 -0.332985 -1.406715
 10   8.637599 0.544015 -0.090417 -2.180490 0.171974 -0.522302
 11   6.790465 -0.619039 0.017802 -0.168308 -0.224329 -0.995093
 12   -2.022474 -0.104699 -2.873818 -2.468706 1.824383 0.184805
 13   1.167898 -0.537463 0.063297 -0.882895 -0.937993 0.196829
 14   7.002743 -0.617765 -0.183752 0.000115 0.000194 -1.809427
 15   8.209042 0.615527 -0.255885 1.751070 0.340026 0.156470
 16   7.002735 -0.617911 -0.183641 0.013121 0.009962 -1.285265
 17   1.574674 0.609930 -0.000899 0.240390 -0.006335 0.112575
 18   -0.602177 0.511412 -0.000006 0.000000 0.000000 0.000000
 19   3.673773 0.177020 1.119313 -0.000002 -0.000014 -0.174510
 20   3.673767 0.176993 -1.117566 0.000007 -0.000003 -0.174546
 21   3.942357 1.330634 1.627658 0.000002 -0.000011 -0.000026
 22   -0.246060 -0.011889 0.516521 -0.000011 0.000031 0.000025
 23   3.942374 1.330659 -1.631083 0.000019 0.000002 -0.000024
 24   -0.246150 -0.011872 -0.516511 -0.000005 -0.000006 0.000048
 25   4.941364 1.997338 1.629330 0.000018 -0.000001 -0.000024
 26   4.941382 1.997366 -1.629410 -0.000001 0.000005 -0.000024
 27   2.918368 1.615358 1.514501 -0.000019 -0.000022 -0.000050
 28   2.920798 1.614964 -1.501142 -0.000002 -0.000009 -0.000024
 29   8.824059 0.150544 0.091743 0.000006 -0.000231 -0.174534
 30   2.111085 -0.561179 1.784320 -0.000008 -0.000682 0.000024
 31   2.121290 -0.561289 -1.853599 0.000000 0.000000 -0.000002
 32   -0.810489 -0.093824 3.127092 0.308687 -2.963972 -0.295141
 33   14.298673 -0.408176 0.475484 0.010830 -0.088871 -0.467367
 34   15.835795 0.581398 0.242756 -0.305885 -0.201989 0.256011
 35   -0.815868 -0.091229 -3.114430 -0.040474 2.853438 0.069176
 36   14.294526 -0.410349 -0.463635 -0.007026 0.076833 -0.395888
 37   15.834409 0.579420 -0.284600 0.273760 0.212841 0.401548
 38   1.139685 -3.453749 -2.823813 0.000000 0.000000 0.000001
 39   -4.457742 -1.054854 -0.746180 0.000000 0.000000 0.000000
 40   1.118101 -3.449769 3.237290 0.000000 0.000001 0.000000
 41   -4.433840 -1.059130 0.959566 -0.000001 0.000000 0.000000
 42   -0.657468 1.697302 -2.688614 0.000000 0.000002 0.000000
 43   -0.664068 1.698578 2.869377 0.000000 0.000002 0.000000
time 57
  0   -0.756603 -0.917997 1.293379 0.000000 0.000000 -1.571069
  1   -1.093036 0.000002 -0.326057 -1.569027 -1.622749 -0.001768
  2   2.262337 0.113614 0.064702 -0.000014 0.000037 0.131489
  3   2.380047 0.353302 0.047440 0.045408 -0.011593 0.115577
  4   2.033756 0.190472 -0.000128 -0.141188 0.037955 0.155076
  5   2.451511 0.204909 -0.003447 -0.116292 -0.027161 0.243283
  6   7.247600 -0.397300 -0.109469 0.000001 -0.000003 0.470960
  7   -2.022252 -0.104661 3.136172 1.212706 -1.046098 -4.775980
  8   1.168026 -0.537438 -0.063437 0.424783 0.661096 0.464395
  9   6.790376 -0.619176 0.015206 -0.169926 -0.333318 -1.414941
 10   8.637599 0.544015 -0.090417 -1.959623 0.183377 -0.546465
 11   6.790465 -0.619039 0.017802 -0.168717 -0.224556 -1.000861
 12   -2.022474 -0.104699 -2.873818 -2.468706 1.824383 0.184805
 13   1.167898 -0.537463 0.063297 -0.880575 -0.941807 0.193318
 14   7.002743 -0.617765 -0.183752 0.000115 0.000194 -1.812480
 15   8.209042 0.615527 -0.255885 1.751573 0.339346 0.159237
 16   7.002735 -0.617911 -0.183641 0.013121 0.010018 -1.287362
 17   1.574674 0.609930 -0.000899 0.213581 0.020007 0.135011
 18   -0.602177 0.511412 -0.000006 0.000000 0.000000 0.000000
 19   3.673773 0.177020 1.119313 -0.000002 -0.000014 -0.174510
 20   3.673767 0.176993 -1.117566 0.000007 -0.000003 -0.174546
 21   3.942357 1.330634 1.627658 0.000002 -0.000011 -0.000026
 22   -0.246060 -0.011889 0.516521 -0.000011 0.000031 0.000025
 23   3.942374 1.330659 -1.631083 0.000019 0.000002 -0.000024
 24   -0.246150 -0.011872 -0.516511 -0.000005 -0.000006 0.000048
 25   4.941364 1.997338 1.629330 0.000018 -0.000001 -0.000024
 26   4.941382 1.997366 -1.629410 -0.000001 0.000005 -0.000024
 27   2.918368 1.615358 1.514501 -0.000019 -0.000022 -0.000050
 28   2.920798 1.614964 -1.501142 -0.000002 -0.000009 -0.000024
 29   8.824059 0.150544 0.091743 0.000006 -0.000231 -0.174534
 30   2.111085 -0.561179 1.784320 -0.000008 -0.000682 0.000024
 31   2.121290 -0.561289 -1.853599 0.000000 0.000000 -0.000002
 32   -0.810489 -0.093824 3.127092 0.308687 -2.963972 -0.295141
 33   14.298673 -0.408176 0.475484 0.010830 -0.088871 -0.467367
 34   15.835795 0.581398 0.242756 -0.305885 -0.201989 0.256011
 35   -0.815868 -0.091229 -3.114430 -0.040474 2.853438 0.069176
 36   14.294526 -0.410349 -0.463635 -0.007026 0.076833 -0.395888
 37   15.834409 0.579420 -0.284600 0.273760 0.212841 0.401548
 38   1.139685 -3.453749 -2.823813 0.000000 0.000000 0.000001
 39   -4.457742 -1.054854 -0.746180 0.000000 0.000000 0.000000
 40   1.118101 -3.449769 3.237290 0.000000 0.000001 0.000000
 41   -4.433840 -1.059130 0.959566 -0.000001 0.000000 0.000000
 42   -0.657468 1.697302 -2.688614 0.000000 0.000002 0.000000
 43   -0.664068 1.698578 2.869377 0.000000 0.000002 0.000000
time 58
  0   -0.756603 -0.917997 1.293379 0.000000 0.000000 -1.571069
  1   -1.093036 0.000002 -0.326057 -1.569027 -1.622749 -0.001768
  2   2.262337 0.113614 0.064702 -0.000014 0.000037 0.131489
  3   2.380047 0.353302 0.047440 0.036047 -0.009196 0.114924
  4   2.033756 0.190472 -0.000128 -0.146278 0.040616 0.149784
  5   2.451511 0.204909 -0.003447 -0.123430 -0.019510 0.238999
  6   7.247600 -0.397300 -0.109469 0.000001 -0.000003 0.470960
  7   -2.022252 -0.104661 3.136172 1.212706 -1.046098 -4.775980
  8   1.168026 -0.537438 -0.063437 0.427441 0.715234 0.411889
  9   6.790376 -0.619176 0.015206 -0.169926 -0.334253 -1.432072
 10   8.637599 0.544015 -0.090417 -1.525992 0.205691 -0.593995
 11   6.790465 -0.619039 0.017802 -0.169476 -0.224954 -1.012800
 12   -2.022474 -0.104699 -2.873818 -2.468706 1.824383 0.184805
 13   1.167898 -0.537463 0.063297 -0.876779 -0.949282 0.185872
 14   7.002743 -0.617765 -0.183752 0.000115 0.000194 -1.818090
 15   8.209042 0.615527 -0.255885 1.752508 0.338211 0.164589
 16   7.002735 -0.617911 -0.183641 0.013074 0.010018 -1.291391
 17   1.574674 0.609930 -0.000899 0.160693 0.072263 0.178810
 18   -0.602177 0.511412 -0.000006 0.000000 0.000000 0.000000
 19   3.673773 0.177020 1.119313 -0.000002 -0.000014 -0.174510
 20   3.673767 0.176993 -1.117566 0.000007 -0.000003 -0.174546
 21   3.942357 1.330634 1.627658 0.000002 -0.000011 -0.000026
 22   -0.246060 -0.011889 0.516521 -0.000011 0.000031 0.000025
 23   3.942374 1.330659 -1.631083 0.000019 0.000002 -0.000024
 24   -0.246150 -0.011872 -0.516511 -0.000005 -0.000006 0.000048
 25   4.941364 1.997338 1.629330 0.000018 -0.000001 -0.000024
 26   4.941382 1.997366 -1.629410 -0.000001 0.000005 -0.000024
 27   2.918368 1.615358 1.514501 -0.000019 -0.000022 -0.000050
 28   2.920798 1.614964 -1.501142 -0.000002 -0.000009 -0.000024
 29   8.824059 0.150544 0.091743 0.000006 -0.000231 -0.174534
 30   2.111085 -0.561179 1.784320 -0.000008 -0.000682 0.000024
 31   2.121290 -0.561289 -1.853599 0.000000 0.000000 -0.000002
 32   -0.810489 -0.093824 3.127092 0.308687 -2.963972 -0.295141
 33   14.298673 -0.408176 0.475484 0.010830 -0.088871 -0.467367
 34   15.835795 0.581398 0.242756 -0.305885 -0.201989 0.256011
 35   -0.815868 -0.091229 -3.114430 -0.040474 2.853438 0.069176
 36   14.294526 -0.410349 -0.463635 -0.007026 0.076833 -0.395888
 37   15.834409 0.579420 -0.284600 0.273760 0.212841 0.401548
 38   1.139685 -3.453749 -2.823813 0.000000 0.000000 0.000001
 39   -4.457742 -1.054854 -0.746180 0.000000 0.000000 0.000000
 40   1.118101 -3.449769 3.237290 0.000000 0.000001 0.000000
 41   -4.433840 -1.059130 0.959566 -0.000001 0.000000 0.000000
 42   -0.657468 1.697302 -2.688614 0.000000 0.000002 0.000000
 43   -0.664068 1.698578 2.869377 0.000000 0.000002 0.000000
time 59
  0   -0.756603 -0.917997 1.293379 0.000000 0.000000 -1.571069
  1   -1.093036 0.000002 -0.326057 -1.569027 -1.622749 -0.001768
  2   2.262337 0.113614 0.064702 -0.000014 0.000037 0.131489
  3   2.380047 0.353302 0.047440 0.026987 -0.006847 0.114312
  4   2.033756 0.190472 -0.000128 -0.151313 0.043193 0.144492
  5   2.451511 0.204909 -0.003447 -0.130071 -0.012316 0.234937
  6   7.247600 -0.397300 -0.109469 0.000001 -0.000003 0.470960
  7   -2.022252 -0.104661 3.136172 1.212706 -1.046098 -4.775980
  8   1.168026 -0.537438 -0.063437 0.406242 0.777976 0.319592
  9   6.790376 -0.619176 0.015206 -0.169926 -0.334320 -1.435921
 10   8.637599 0.544015 -0.090417 -1.119925 0.226667 -0.638342
 11   6.790465 -0.619039 0.017802 -0.169651 -0.225011 -1.015395
 12   -2.022474 -0.104699 -2.873818 -2.468706 1.824383 0.184805
 13   1.167898 -0.537463 0.063297 -0.873968 -0.957317 0.179879
 14   7.002743 -0.617765 -0.183752 0.000115 0.000194 -1.822958
 15   8.209042 0.615527 -0.255885 1.753730 0.336849 0.169941
 16   7.002735 -0.617911 -0.183641 0.013074 0.010018 -1.294813
 17   1.574674 0.609930 -0.000899 0.111299 0.121230 0.219910
 18   -0.602177 0.511412 -0.000006 0.000000 0.000000 0.000000
 19   3.673773 0.177020 1.119313 -0.000002 -0.000014 -0.174510
 20   3.673767 0.176993 -1.117566 0.000007 -0.000003 -0.174546
 21   3.942357 1.330634 1.627658 0.000002 -0.000011 -0.000026
 22   -0.246060 -0.011889 0.516521 -0.000011 0.000031 0.000025
 23   3.942374 1.330659 -1.631083 0.000019 0.000002 -0.000024
 24   -0.246150 -0.011872 -0.516511 -0.000005 -0.000006 0.000048
 25   4.941364 1.997338 1.629330 0.000018 -0.000001 -0.000024
 26   4.941382 1.997366 -1.629410 -0.000001 0.000005 -0.000024
 27   2.918368 1.615358 1.514501 -0.000019 -0.000022 -0.000050
 28   2.920798 1.614964 -1.501142 -0.000002 -0.000009 -0.000024
 29   8.824059 0.150544 0.091743 0.000006 -0.000231 -0.174534
 30   2.111085 -0.561179 1.784320 -0.000008 -0.000682 0.000024
 31   2.121290 -0.561289 -1.853599 0.000000 0.000000 -0.000002
 32   -0.810489 -0.093824 3.127092 0.308687 -2.963972 -0.295141
 33   14.298673 -0.408176 0.475484 0.010830 -0.088871 -0.467367
 34   15.835795 0.581398 0.242756 -0.305885 -0.201989 0.256011
 35   -0.815868 -0.091229 -3.114430 -0.040474 2.853438 0.069176
 36   14.294526 -0.410349 -0.463635 -0.007026 0.076833 -0.395888
 37   15.834409 0.579420 -0.284600 0.273760 0.212841 0.401548
 38   1.139685 -3.453749 -2.823813 0.000000 0.000000 0.000001
 39   -4.457742 -1.054854 -0.746180 0.000000 0.000000 0.000000
 40   1.118101 -3.449769 3.237290 0.000000 0.000001 0.000000
 41   -4.433840 -1.059130 0.959566 -0.000001 0.000000 0.000000
 42   -0.657468 1.697302 -2.688614 0.000000 0.000002 0.000000
 43   -0.664068 1.698578 2.869377 0.000000 0.000002 0.000000
time 60
  0   -0.756603 -0.917997 1.293379 0.000000 0.000000 -1.571069
  1   -1.093036 0.000002 -0.326057 -1.569027 -1.622749 -0.001768
  2   2.262337 0.113614 0.064702 -0.000014 0.000037 0.131489
  3   2.380047 0.353302 0.047440 0.022592 -0.005769 0.114026
  4   2.033756 0.190472 -0.000128 -0.153729 0.044427 0.141846
  5   2.451511 0.204909 -0.003447 -0.133152 -0.009053 0.233080
  6   7.247600 -0.397300 -0.109469 0.000001 -0.000003 0.470960
  7   -2.022252 -0.104661 3.136172 1.212706 -1.046098 -4.775980
  8   1.168026 -0.537438 -0.063437 0.384094 0.809020 0.258862
  9   6.790376 -0.619176 0.015206 -0.169926 -0.334053 -1.429657
 10   8.637599 0.544015 -0.090417 -0.934724 0.236170 -0.658743
 11   6.790465 -0.619039 0.017802 -0.169330 -0.224869 -1.011012
 12   -2.022474 -0.104699 -2.873818 -2.468706 1.824383 0.184805
 13   1.167898 -0.537463 0.063297 -0.872562 -0.960877 0.176550
 14   7.002743 -0.617765 -0.183752 0.000115 0.000194 -1.825103
 15   8.209042 0.615527 -0.255885 1.754162 0.336244 0.172647
 16   7.002735 -0.617911 -0.183641 0.013074 0.010018 -1.296248
 17   1.574674 0.609930 -0.000899 0.088755 0.143690 0.238649
 18   -0.602177 0.511412 -0.000006 0.000000 0.000000 0.000000
 19   3.673773 0.177020 1.119313 -0.000002 -0.000014 -0.174510
 20   3.673767 0.176993 -1.117566 0.000007 -0.000003 -0.174546
 21   3.942357 1.330634 1.627658 0.000002 -0.000011 -0.000026
 22   -0.246060 -0.011889 0.516521 -0.000011 0.000031 0.000025
 23   3.942374 1.330659 -1.631083 0.000019 0.000002 -0.000024
 24   -0.246150 -0.011872 -0.516511 -0.000005 -0.000006 0.000048
 25   4.941364 1.997338 1.629330 0.000018 -0.000001 -0.000024
 26   4.941382 1.997366 -1.629410 -0.000001 0.000005 -0.000024
 27   2.918368 1.615358 1.514501 -0.000019 -0.000022 -0.000050
 28   2.920798 1.614964 -1.501142 -0.000002 -0.000009 -0.000024
 29   8.824059 0.150544 0.091743 0.000006 -0.000231 -0.174534
 30   2.111085 -0.561179 1.784320 -0.000008 -0.000682 0.000024
 31   2.121290 -0.561289 -1.853599 0.000000 0.000000 -0.000002
 32   -0.810489 -0.093824 3.127092 0.308687 -2.963972 -0.295141
 33   14.298673 -0.408176 0.475484 0.010830 -0.088871 -0.467367
 34   15.835795 0.581398 0.242756 -0.305885 -0.201989 0.256011
 35   -0.815868 -0.091229 -3.114430 -0.040474 2.853438 0.069176
 36   14.294526 -0.410349 -0.463635 -0.007026 0.076833 -0.395888
 37   15.834409 0.579420 -0.284600 0.273760 0.212841 0.401548
 38   1.139685 -3.453749 -2.823813 0.000000 0.000000 0.000001
 39   -4.457742 -1.054854 -0.746180 0.000000 0.000000 0.000000
 40   1.118101 -3.449769 3.237290 0.000000 0.000001 0.000000
 41   -4.433840 -1.059130 0.959566 -0.000001 0.000000 0.000000
 42   -0.657468 1.697302 -2.688614 0.000000 0.000002 0.000000
 43   -0.664068 1.698578 2.869377 0.000000 0.000002 0.000000
time 61
  0   -0.756603 -0.917997 1.293379 0.000000 0.000000 -1.571069
  1   -1.093036 0.000002 -0.326057 -1.569027 -1.622749 -0.001768
  2   2.262337 0.113614 0.064702 -0.000014 0.000037 0.131489
  3   2.380047 0.353302 0.047440 0.014461 -0.003647 0.113516
  4   2.033756 0.190472 -0.000128 -0.158321 0.046716 0.136771
  5   2.451511 0.204909 -0.003447 -0.138561 -0.003413 0.229860
  6   7.247600 -0.397300 -0.109469 0.000001 -0.000003 0.470960
  7   -2.022252 -0.104661 3.136172 1.212706 -1.046098 -4.775980
  8   1.168026 -0.537438 -0.063437 0.318029 0.862252 0.118930
  9   6.790376 -0.619176 0.015206 -0.169926 -0.332718 -1.402187
 10   8.637599 0.544015 -0.090417 -0.613376 0.252712 -0.694047
 11   6.790465 -0.619039 0.017802 -0.168104 -0.224272 -0.992037
 12   -2.022474 -0.104699 -2.873818 -2.468706 1.824383 0.184805
 13   1.167898 -0.537463 0.063297 -0.870172 -0.967691 0.170799
 14   7.002743 -0.617765 -0.183752 0.000115 0.000194 -1.828486
 15   8.209042 0.615527 -0.255885 1.755240 0.334882 0.177879
 16   7.002735 -0.617911 -0.183641 0.013074 0.010018 -1.298732
 17   1.574674 0.609930 -0.000899 0.049638 0.182693 0.271249
 18   -0.602177 0.511412 -0.000006 0.000000 0.000000 0.000000
 19   3.673773 0.177020 1.119313 -0.000002 -0.000014 -0.174510
 20   3.673767 0.176993 -1.117566 0.000007 -0.000003 -0.174546
 21   3.942357 1.330634 1.627658 0.000002 -0.000011 -0.000026
 22   -0.246060 -0.011889 0.516521 -0.000011 0.000031 0.000025
 23   3.942374 1.330659 -1.631083 0.000019 0.000002 -0.000024
 24   -0.246150 -0.011872 -0.516511 -0.000005 -0.000006 0.000048
 25   4.941364 1.997338 1.629330 0.000018 -0.000001 -0.000024
 26   4.941382 1.997366 -1.629410 -0.000001 0.000005 -0.000024
 27   2.918368 1.615358 1.514501 -0.000019 -0.000022 -0.000050
 28   2.920798 1.614964 -1.501142 -0.000002 -0.000009 -0.000024
 29   8.824059 0.150544 0.091743 0.000006 -0.000231 -0.174534
 30   2.111085 -0.561179 1.784320 -0.000008 -0.000682 0.000024
 31   2.121290 -0.561289 -1.853599 0.000000 0.000000 -0.000002
 32   -0.810489 -0.093824 3.127092 0.308687 -2.963972 -0.295141
 33   14.298673 -0.408176 0.475484 0.010830 -0.088871 -0.467367
 34   15.835795 0.581398 0.242756 -0.305885 -0.201989 0.256011
 35   -0.815868 -0.091229 -3.114430 -0.040474 2.853438 0.069176
 36   14.294526 -0.410349 -0.463635 -0.007026 0.076833 -0.395888
 37   15.834409 0.579420 -0.284600 0.273760 0.212841 0.401548
 38   1.139685 -3.453749 -2.823813 0.000000 0.000000 0.000001
 39   -4.457742 -1.054854 -0.746180 0.000000 0.000000 0.000000
 40   1.118101 -3.449769 3.237290 0.000000 0.000001 0.000000
 41   -4.433840 -1.059130 0.959566 -0.000001 0.000000 0.000000
 42   -0.657468 1.697302 -2.688614 0.000000 0.000002 0.000000
 43   -0.664068 1.698578 2.869377 0.000000 0.000002 0.000000
time 62
  0   -0.756603 -0.917997 1.293379 0.000000 0.000000 -1.571069
  1   -1.093036 0.000002 -0.326057 -1.569027 -1.622749 -0.001768
  2   2.262337 0.113614 0.064702 -0.000014 0.000037 0.131489
  3   2.380047 0.353302 0.047440 0.007456 -0.001898 0.113169
  4   2.033756 0.190472 -0.000128 -0.162305 0.048682 0.131950
  5   2.451511 0.204909 -0.003447 -0.142669 0.000687 0.227483
  6   7.247600 -0.397300 -0.109469 0.000001 -0.000003 0.470960
  7   -2.022252 -0.104661 3.136172 1.212706 -1.046098 -4.775980
  8   1.168026 -0.537438 -0.063437 0.241143 0.897271 -0.017966
  9   6.790376 -0.619176 0.015206 -0.169926 -0.330248 -1.365208
 10   8.637599 0.544015 -0.090417 -0.377010 0.264678 -0.719874
 11   6.790465 -0.619039 0.017802 -0.166323 -0.222936 -0.966660
 12   -2.022474 -0.104699 -2.873818 -2.468706 1.824383 0.184805
 13   1.167898 -0.537463 0.063297 -0.867641 -0.973336 0.165956
 14   7.002743 -0.617765 -0.183752 0.000115 0.000194 -1.831126
 15   8.209042 0.615527 -0.255885 1.756247 0.333822 0.183111
 16   7.002735 -0.617911 -0.183641 0.013074 0.010018 -1.300443
 17   1.574674 0.609930 -0.000899 0.020919 0.211732 0.295311
 18   -0.602177 0.511412 -0.000006 0.000000 0.000000 0.000000
 19   3.673773 0.177020 1.119313 -0.000002 -0.000014 -0.174510
 20   3.673767 0.176993 -1.117566 0.000007 -0.000003 -0.174546
 21   3.942357 1.330634 1.627658 0.000002 -0.000011 -0.000026
 22   -0.246060 -0.011889 0.516521 -0.000011 0.000031 0.000025
 23   3.942374 1.330659 -1.631083 0.000019 0.000002 -0.000024
 24   -0.246150 -0.011872 -0.516511 -0.000005 -0.000006 0.000048
 25   4.941364 1.997338 1.629330 0.000018 -0.000001 -0.000024
 26   4.941382 1.997366 -1.629410 -0.000001 0.000005 -0.000024
 27   2.918368 1.615358 1.514501 -0.000019 -0.000022 -0.000050
 28   2.920798 1.614964 -1.501142 -0.000002 -0.000009 -0.000024
 29   8.824059 0.150544 0.091743 0.000006 -0.000231 -0.174534
 30   2.111085 -0.561179 1.784320 -0.000008 -0.000682 0.000024
 31   2.121290 -0.561289 -1.853599 0.000000 0.000000 -0.000002
 32   -0.810489 -0.093824 3.127092 0.308687 -2.963972 -0.295141
 33   14.298673 -0.408176 0.475484 0.010830 -0.088871 -0.467367
 34   15.835795 0.581398 0.242756 -0.305885 -0.201989 0.256011
 35   -0.815868 -0.091229 -3.114430 -0.040474 2.853438 0.069176
 36   14.294526 -0.410349 -0.463635 -0.007026 0.076833 -0.395888
 37   15.834409 0.579420 -0.284600 0.273760 0.212841 0.401548
 38   1.139685 -3.453749 -2.823813 0.000000 0.000000 0.000001
 39   -4.457742 -1.054854 -0.746180 0.000000 0.000000 0.000000
 40   1.118101 -3.449769 3.237290 0.000000 0.000001 0.000000
 41   -4.433840 -1.059130 0.959566 -0.000001 0.000000 0.000000
 42   -0.657468 1.697302 -2.688614 0.000000 0.000002 0.000000
 43   -0.664068 1.698578 2.869377 0.000000 0.000002 0.000000
time 63
  0   -0.756603 -0.917997 1.293379 0.000000 0.000000 -1.571069
  1   -1.093036 0.000002 -0.326057 -1.569027 -1.622749 -0.001768
  2   2.262337 0.113614 0.064702 -0.000014 0.000037 0.131489
  3   2.380047 0.353302 0.047440 0.004440 -0.001143 0.113067
  4   2.033756 0.190472 -0.000128 -0.164057 0.049508 0.129848
  5   2.451511 0.204909 -0.003447 -0.144124 0.002084 0.226740
  6   7.247600 -0.397300 -0.109469 0.000001 -0.000003 0.470960
  7   -2.022252 -0.104661 3.136172 1.212706 -1.046098 -4.775980
  8   1.168026 -0.537438 -0.063437 0.209883 0.907485 -0.070472
  9   6.790376 -0.619176 0.015206 -0.169926 -0.329114 -1.350190
 10   8.637599 0.544015 -0.090417 -0.297751 0.268972 -0.728483
 11   6.790465 -0.619039 0.017802 -0.165564 -0.222339 -0.956221
 12   -2.022474 -0.104699 -2.873818 -2.468706 1.824383 0.184805
 13   1.167898 -0.537463 0.063297 -0.866376 -0.975472 0.163535
 14   7.002743 -0.617765 -0.183752 0.000115 0.000194 -1.831951
 15   8.209042 0.615527 -0.255885 1.756822 0.333066 0.185637
 16   7.002735 -0.617911 -0.183641 0.013074 0.010018 -1.301050
 17   1.574674 0.609930 -0.000899 0.011171 0.221672 0.303331
 18   -0.602177 0.511412 -0.000006 0.000000 0.000000 0.000000
 19   3.673773 0.177020 1.119313 -0.000002 -0.000014 -0.174510
 20   3.673767 0.176993 -1.117566 0.000007 -0.000003 -0.174546
 21   3.942357 1.330634 1.627658 0.000002 -0.000011 -0.000026
 22   -0.246060 -0.011889 0.516521 -0.000011 0.000031 0.000025
 23   3.942374 1.330659 -1.631083 0.000019 0.000002 -0.000024
 24   -0.246150 -0.011872 -0.516511 -0.000005 -0.000006 0.000048
 25   4.941364 1.997338 1.629330 0.000018 -0.000001 -0.000024
 26   4.941382 1.997366 -1.629410 -0.000001 0.000005 -0.000024
 27   2.918368 1.615358 1.514501 -0.000019 -0.000022 -0.000050
 28   2.920798 1.614964 -1.501142 -0.000002 -0.000009 -0.000024
 29   8.824059 0.150544 0.091743 0.000006 -0.000231 -0.174534
 30   2.111085 -0.561179 1.784320 -0.000008 -0.000682 0.000024
 31   2.121290 -0.561289 -1.853599 0.000000 0.000000 -0.000002
 32   -0.810489 -0.093824 3.127092 0.308687 -2.963972 -0.295141
 33   14.298673 -0.408176 0.475484 0.010830 -0.088871 -0.467367
 34   15.835795 0.581398 0.242756 -0.305885 -0.201989 0.256011
 35   -0.815868 -0.091229 -3.114430 -0.040474 2.853438 0.069176
 36   14.294526 -0.410349 -0.463635 -0.007026 0.076833 -0.395888
 37   15.834409 0.579420 -0.284600 0.273760 0.212841 0.401548
 38   1.139685 -3.453749 -2.823813 0.000000 0.000000 0.000001
 39   -4.457742 -1.054854 -0.746180 0.000000 0.000000 0.000000
 40   1.118101 -3.449769 3.237290 0.000000 0.000001 0.000000
 41   -4.433840 -1.059130 0.959566 -0.000001 0.000000 0.000000
 42   -0.657468 1.697302 -2.688614 0.000000 0.000002 0.000000
 43   -0.664068 1.698578 2.869377 0.000000 0.000002 0.000000
time 64
  0   -0.756603 -0.917997 1.293379 0.000000 0.000000 -1.571069
  1   -1.093036 0.000002 -0.326057 -1.569027 -1.622749 -0.001768
  2   2.262337 0.113614 0.064702 -0.000014 0.000037 0.131489
  3   2.380047 0.353302 0.047440 0.001935 -0.000471 0.112965
  4   2.033756 0.190472 -0.000128 -0.165569 0.050228 0.127818
  5   2.451511 0.204909 -0.003447 -0.145134 0.002959 0.226220
  6   7.247600 -0.397300 -0.109469 0.000001 -0.000003 0.470960
  7   -2.022252 -0.104661 3.136172 1.212706 -1.046098 -4.775980
  8   1.168026 -0.537438 -0.063437 0.190329 0.913724 -0.103747
  9   6.790376 -0.619176 0.015206 -0.169926 -0.328380 -1.340983
 10   8.637599 0.544015 -0.090417 -0.247818 0.271506 -0.733909
 11   6.790465 -0.619039 0.017802 -0.165126 -0.221941 -0.949819
 12   -2.022474 -0.104699 -2.873818 -2.468706 1.824383 0.184805
 13   1.167898 -0.537463 0.063297 -0.864759 -0.977201 0.161295
 14   7.002743 -0.617765 -0.183752 0.000115 0.000194 -1.832446
 15   8.209042 0.615527 -0.255885 1.757397 0.332461 0.188223
 16   7.002735 -0.617911 -0.183641 0.013074 0.010018 -1.301381
 17   1.574674 0.609930 -0.000899 0.005078 0.228086 0.308321
 18   -0.602177 0.511412 -0.000006 0.000000 0.000000 0.000000
 19   3.673773 0.177020 1.119313 -0.000002 -0.000014 -0.174510
 20   3.673767 0.176993 -1.117566 0.000007 -0.000003 -0.174546
 21   3.942357 1.330634 1.627658 0.000002 -0.000011 -0.000026
 22   -0.246060 -0.011889 0.516521 -0.000011 0.000031 0.000025
 23   3.942374 1.330659 -1.631083 0.000019 0.000002 -0.000024
 24   -0.246150 -0.011872 -0.516511 -0.000005 -0.000006 0.000048
 25   4.941364 1.997338 1.629330 0.000018 -0.000001 -0.000024
 26   4.941382 1.997366 -1.629410 -0.000001 0.000005 -0.000024
 27   2.918368 1.615358 1.514501 -0.000019 -0.000022 -0.000050
 28   2.920798 1.614964 -1.501142 -0.000002 -0.000009 -0.000024
 29   8.824059 0.150544 0.091743 0.000006 -0.000231 -0.174534
 30   2.111085 -0.561179 1.784320 -0.000008 -0.000682 0.000024
 31   2.121290 -0.561289 -1.853599 0.000000 0.000000 -0.000002
 32   -0.810489 -0.093824 3.127092 0.308687 -2.963972 -0.295141
 33   14.298673 -0.408176 0.475484 0.010830 -0.088871 -0.467367
 34   15.835795 0.581398 0.242756 -0.305885 -0.201989 0.256011
 35   -0.815868 -0.091229 -3.114430 -0.040474 2.853438 0.069176
 36   14.294526 -0.410349 -0.463635 -0.007026 0.076833 -0.395888
 37   15.834409 0.579420 -0.284600 0.273760 0.212841 0.401548
 38   1.139685 -3.453749 -2.823813 0.000000 0.000000 0.000001
 39   -4.457742 -1.054854 -0.746180 0.000000 0.000000 0.000000
 40   1.118101 -3.449769 3.237290 0.000000 0.000001 0.000000
 41   -4.433840 -1.059130 0.959566 -0.000001 0.000000 0.000000
 42   -0.657468 1.697302 -2.688614 0.000000 0.000002 0.000000
 43   -0.664068 1.698578 2.869377 0.000000 0.000002 0.000000
time 65
  0   -0.756603 -0.917997 1.293379 0.000000 0.000000 -1.571069
  1   -1.093036 0.000002 -0.326057 -1.569027 -1.622749 -0.001768
  2   2.262337 0.113614 0.064702 -0.000014 0.000037 0.131489
  3   2.380047 0.353302 0.047440 -0.001635 0.000367 0.112904
  4   2.033756 0.190472 -0.000128 -0.168022 0.051318 0.124157
  5   2.451511 0.204909 -0.003447 -0.145853 0.003272 0.226121
  6   7.247600 -0.397300 -0.109469 0.000001 -0.000003 0.470960
  7   -2.022252 -0.104661 3.136172 1.212706 -1.046098 -4.775980
  8   1.168026 -0.537438 -0.063437 0.194885 0.917598 -0.102608
  9   6.790376 -0.619176 0.015206 -0.169926 -0.328647 -1.346115
 10   8.637599 0.544015 -0.090417 -0.230998 0.272210 -0.735790
 11   6.790465 -0.619039 0.017802 -0.165330 -0.222083 -0.953395
 12   -2.022474 -0.104699 -2.873818 -2.468706 1.824383 0.184805
 13   1.167898 -0.537463 0.063297 -0.861033 -0.979540 0.157421
 14   7.002743 -0.617765 -0.183752 0.000115 0.000194 -1.832776
 15   8.209042 0.615527 -0.255885 1.758404 0.331326 0.193214
 16   7.002735 -0.617911 -0.183641 0.013074 0.010018 -1.301657
 17   1.574674 0.609930 -0.000899 0.003128 0.231210 0.310058
 18   -0.602177 0.511412 -0.000006 0.000000 0.000000 0.000000
 19   3.673773 0.177020 1.119313 -0.000002 -0.000014 -0.174510
 20   3.673767 0.176993 -1.117566 0.000007 -0.000003 -0.174546
 21   3.942357 1.330634 1.627658 0.000002 -0.000011 -0.000026
 22   -0.246060 -0.011889 0.516521 -0.000011 0.000031 0.000025
 23   3.942374 1.330659 -1.631083 0.000019 0.000002 -0.000024
 24   -0.246150 -0.011872 -0.516511 -0.000005 -0.000006 0.000048
 25   4.941364 1.997338 1.629330 0.000018 -0.000001 -0.000024
 26   4.941382 1.997366 -1.629410 -0.000001 0.000005 -0.000024
 27   2.918368 1.615358 1.514501 -0.000019 -0.000022 -0.000050
 28   2.920798 1.614964 -1.501142 -0.000002 -0.000009 -0.000024
 29   8.824059 0.150544 0.091743 0.000006 -0.000231 -0.174534
 30   2.111085 -0.561179 1.784320 -0.000008 -0.000682 0.000024
 31   2.121290 -0.561289 -1.853599 0.000000 0.000000 -0.000002
 32   -0.810489 -0.093824 3.127092 0.308687 -2.963972 -0.295141
 33   14.298673 -0.408176 0.475484 0.010830 -0.088871 -0.467367
 34   15.835795 0.581398 0.242756 -0.305885 -0.201989 0.256011
 35   -0.815868 -0.091229 -3.114430 -0.040474 2.853438 0.069176
 36   14.294526 -0.410349 -0.463635 -0.007026 0.076833 -0.395888
 37   15.834409 0.579420 -0.284600 0.273760 0.212841 0.401548
 38   1.139685 -3.453749 -2.823813 0.000000 0.000000 0.000001
 39   -4.457742 -1.054854 -0.746180 0.000000 0.000000 0.000000
 40   1.118101 -3.449769 3.237290 0.000000 0.000001 0.000000
 41   -4.433840 -1.059130 0.959566 -0.000001 0.000000 0.000000
 42   -0.657468 1.697302 -2.688614 0.000000 0.000002 0.000000
 43   -0.664068 1.698578 2.869377 0.000000 0.000002 0.000000
time 66
  0   -0.756603 -0.917997 1.293379 0.000000 0.000000 -1.571069
  1   -1.093036 0.000002 -0.326057 -1.569027 -1.622749 -0.001768
  2   2.262337 0.113614 0.064702 -0.000014 0.000037 0.131489
  3   2.380047 0.353302 0.047440 -0.003300 0.000823 0.112904
  4   2.033756 0.190472 -0.000128 -0.169110 0.051797 0.122381
  5   2.451511 0.204909 -0.003447 -0.146041 0.003246 0.226368
  6   7.247600 -0.397300 -0.109469 0.000001 -0.000003 0.470960
  7   -2.022252 -0.104661 3.136172 1.212706 -1.046098 -4.775980
  8   1.168026 -0.537438 -0.063437 0.206339 0.918051 -0.088691
  9   6.790376 -0.619176 0.015206 -0.169926 -0.329181 -1.352756
 10   8.637599 0.544015 -0.090417 -0.231262 0.271858 -0.735211
 11   6.790465 -0.619039 0.017802 -0.165710 -0.222396 -0.957951
 12   -2.022474 -0.104699 -2.873818 -2.468706 1.824383 0.184805
 13   1.167898 -0.537463 0.063297 -0.858925 -0.980404 0.155181
 14   7.002743 -0.617765 -0.183752 0.000115 0.000194 -1.832941
 15   8.209042 0.615527 -0.255885 1.758835 0.330872 0.195620
 16   7.002735 -0.617911 -0.183641 0.013074 0.010018 -1.301712
 17   1.574674 0.609930 -0.000899 0.003128 0.231778 0.310021
 18   -0.602177 0.511412 -0.000006 0.000000 0.000000 0.000000
 19   3.673773 0.177020 1.119313 -0.000002 -0.000014 -0.174510
 20   3.673767 0.176993 -1.117566 0.000007 -0.000003 -0.174546
 21   3.942357 1.330634 1.627658 0.000002 -0.000011 -0.000026
 22   -0.246060 -0.011889 0.516521 -0.000011 0.000031 0.000025
 23   3.942374 1.330659 -1.631083 0.000019 0.000002 -0.000024
 24   -0.246150 -0.011872 -0.516511 -0.000005 -0.000006 0.000048
 25   4.941364 1.997338 1.629330 0.000018 -0.000001 -0.000024
 26   4.941382 1.997366 -1.629410 -0.000001 0.000005 -0.000024
 27   2.918368 1.615358 1.514501 -0.000019 -0.000022 -0.000050
 28   2.920798 1.614964 -1.501142 -0.000002 -0.000009 -0.000024
 29   8.824059 0.150544 0.091743 0.000006 -0.000231 -0.174534
 30   2.111085 -0.561179 1.784320 -0.000008 -0.000682 0.000024
 31   2.121290 -0.561289 -1.853599 0.000000 0.000000 -0.000002
 32   -0.810489 -0.093824 3.127092 0.308687 -2.963972 -0.295141
 33   14.298673 -0.408176 0.475484 0.010830 -0.088871 -0.467367
 34   15.835795 0.581398 0.242756 -0.305885 -0.201989 0.256011
 35   -0.815868 -0.091229 -3.114430 -0.040474 2.853438 0.069176
 36   14.294526 -0.410349 -0.463635 -0.007026 0.076833 -0.395888
 37   15.834409 0.579420 -0.284600 0.273760 0.212841 0.401548
 38   1.139685 -3.453749 -2.823813 0.000000 0.000000 0.000001
 39   -4.457742 -1.054854 -0.746180 0.000000 0.000000 0.000000
 40   1.118101 -3.449769 3.237290 0.000000 0.000001 0.000000
 41   -4.433840 -1.059130 0.959566 -0.000001 0.000000 0.000000
 42   -0.657468 1.697302 -2.688614 0.000000 0.000002 0.000000
 43   -0.664068 1.698578 2.869377 0.000000 0.000002 0.000000
time 67
  0   -0.756603 -0.917997 1.293379 0.000000 0.000000 -1.571069
  1   -1.093036 0.000002 -0.326057 -1.569027 -1.622749 -0.001768
  2   2.262337 0.113614 0.064702 -0.000014 0.000037 0.131489
  3   2.380047 0.353302 0.047440 -0.006390 0.001614 0.112904
  4   2.033756 0.190472 -0.000128 -0.171360 0.052708 0.118539
  5   2.451511 0.204909 -0.003447 -0.146469 0.003089 0.227235
  6   7.247600 -0.397300 -0.109469 0.000001 -0.000003 0.470960
  7   -2.022252 -0.104661 3.136172 1.212706 -1.046098 -4.775980
  8   1.168026 -0.537438 -0.063437 0.235891 0.917548 -0.049912
  9   6.790376 -0.619176 0.015206 -0.169926 -0.330449 -1.368000
 10   8.637599 0.544015 -0.090417 -0.232759 0.270661 -0.733330
 11   6.790465 -0.619039 0.017802 -0.166469 -0.223078 -0.968563
 12   -2.022474 -0.104699 -2.873818 -2.468706 1.824383 0.184805
 13   1.167898 -0.537463 0.063297 -0.854848 -0.982235 0.151004
 14   7.002743 -0.617765 -0.183752 0.000115 0.000194 -1.833106
 15   8.209042 0.615527 -0.255885 1.759914 0.329737 0.200551
 16   7.002735 -0.617911 -0.183641 0.013074 0.010018 -1.301712
 17   1.574674 0.609930 -0.000899 0.003128 0.232772 0.309762
 18   -0.602177 0.511412 -0.000006 0.000000 0.000000 0.000000
 19   3.673773 0.177020 1.119313 -0.000002 -0.000014 -0.174510
 20   3.673767 0.176993 -1.117566 0.000007 -0.000003 -0.174546
 21   3.942357 1.330634 1.627658 0.000002 -0.000011 -0.000026
 22   -0.246060 -0.011889 0.516521 -0.000011 0.000031 0.000025
 23   3.942374 1.330659 -1.631083 0.000019 0.000002 -0.000024
 24   -0.246150 -0.011872 -0.516511 -0.000005 -0.000006 0.000048
 25   4.941364 1.997338 1.629330 0.000018 -0.000001 -0.000024
 26   4.941382 1.997366 -1.629410 -0.000001 0.000005 -0.000024
 27   2.918368 1.615358 1.514501 -0.000019 -0.000022 -0.000050
 28   2.920798 1.614964 -1.501142 -0.000002 -0.000009 -0.000024
 29   8.824059 0.150544 0.091743 0.000006 -0.000231 -0.174534
 30   2.111085 -0.561179 1.784320 -0.000008 -0.000682 0.000024
 31   2.121290 -0.561289 -1.853599 0.000000 0.000000 -0.000002
 32   -0.810489 -0.093824 3.127092 0.308687 -2.963972 -0.295141
 33   14.298673 -0.408176 0.475484 0.010830 -0.088871 -0.467367
 34   15.835795 0.581398 0.242756 -0.305885 -0.201989 0.256011
 35   -0.815868 -0.091229 -3.114430 -0.040474 2.853438 0.069176
 36   14.294526 -0.410349 -0.463635 -0.007026 0.076833 -0.395888
 37   15.834409 0.579420 -0.284600 0.273760 0.212841 0.401548
 38   1.139685 -3.453749 -2.823813 0.000000 0.000000 0.000001
 39   -4.457742 -1.054854 -0.746180 0.000000 0.000000 0.000000
 40   1.118101 -3.449769 3.237290 0.000000 0.000001 0.000000
 41   -4.433840 -1.059130 0.959566 -0.000001 0.000000 0.000000
 42   -0.657468 1.697302 -2.688614 0.000000 0.000002 0.000000
 43   -0.664068 1.698578 2.869377 0.000000 0.000002 0.000000
time 68
  0   -0.756603 -0.917997 1.293379 0.000000 0.000000 -1.571069
  1   -1.093036 0.000002 -0.326057 -1.569027 -1.622749 -0.001768
  2   2.262337 0.113614 0.064702 -0.000014 0.000037 0.131489
  3   2.380047 0.353302 0.047440 -0.009226 0.002309 0.112904
  4   2.033756 0.190472 -0.000128 -0.173481 0.053535 0.114443
  5   2.451511 0.204909 -0.003447 -0.146777 0.002854 0.228696
  6   7.247600 -0.397300 -0.109469 0.000001 -0.000003 0.470960
  7   -2.022252 -0.104661 3.136172 1.212706 -1.046098 -4.775980
  8   1.168026 -0.537438 -0.063437 0.269556 0.915183 -0.004365
  9   6.790376 -0.619176 0.015206 -0.169926 -0.331717 -1.384075
 10   8.637599 0.544015 -0.090417 -0.235401 0.268620 -0.730147
 11   6.790465 -0.619039 0.017802 -0.167257 -0.223789 -0.979579
 12   -2.022474 -0.104699 -2.873818 -2.468706 1.824383 0.184805
 13   1.167898 -0.537463 0.063297 -0.850630 -0.984269 0.146827
 14   7.002743 -0.617765 -0.183752 0.000115 0.000194 -1.833271
 15   8.209042 0.615527 -0.255885 1.760561 0.328602 0.205242
 16   7.002735 -0.617911 -0.183641 0.013074 0.010018 -1.301988
 17   1.574674 0.609930 -0.000899 0.003331 0.233742 0.309282
 18   -0.602177 0.511412 -0.000006 0.000000 0.000000 0.000000
 19   3.673773 0.177020 1.119313 -0.000002 -0.000014 -0.174510
 20   3.673767 0.176993 -1.117566 0.000007 -0.000003 -0.174546
 21   3.942357 1.330634 1.627658 0.000002 -0.000011 -0.000026
 22   -0.246060 -0.011889 0.516521 -0.000011 0.000031 0.000025
 23   3.942374 1.330659 -1.631083 0.000019 0.000002 -0.000024
 24   -0.246150 -0.011872 -0.516511 -0.000005 -0.000006 0.000048
 25   4.941364 1.997338 1.629330 0.000018 -0.000001 -0.000024
 26   4.941382 1.997366 -1.629410 -0.000001 0.000005 -0.000024
 27   2.918368 1.615358 1.514501 -0.000019 -0.000022 -0.000050
 28   2.920798 1.614964 -1.501142 -0.000002 -0.000009 -0.000024
 29   8.824059 0.150544 0.091743 0.000006 -0.000231 -0.174534
 30   2.111085 -0.561179 1.784320 -0.000008 -0.000682 0.000024
 31   2.121290 -0.561289 -1.853599 0.000000 0.000000 -0.000002
 32   -0.810489 -0.093824 3.127092 0.308687 -2.963972 -0.295141
 33   14.298673 -0.408176 0.475484 0.010830 -0.088871 -0.467367
 34   15.835795 0.581398 0.242756 -0.305885 -0.201989 0.256011
 35   -0.815868 -0.091229 -3.114430 -0.040474 2.853438 0.069176
 36   14.294526 -0.410349 -0.463635 -0.007026 0.076833 -0.395888
 37   15.834409 0.579420 -0.284600 0.273760 0.212841 0.401548
 38   1.139685 -3.453749 -2.823813 0.000000 0.000000 0.000001
 39   -4.457742 -1.054854 -0.746180 0.000000 0.000000 0.000000
 40   1.118101 -3.449769 3.237290 0.000000 0.000001 0.000000
 41   -4.433840 -1.059130 0.959566 -0.000001 0.000000 0.000000
 42   -0.657468 1.697302 -2.688614 0.000000 0.000002 0.000000
 43   -0.664068 1.698578 2.869377 0.000000 0.000002 0.000000
time 69
  0   -0.756603 -0.917997 1.293379 0.000000 0.000000 -1.571069
  1   -1.093036 0.000002 -0.326057 -1.569027 -1.622749 -0.001768
  2   2.262337 0.113614 0.064702 -0.000014 0.000037 0.131489
  3   2.380047 0.353302 0.047440 -0.010531 0.002633 0.112904
  4   2.033756 0.190472 -0.000128 -0.174532 0.053967 0.112413
  5   2.451511 0.204909 -0.003447 -0.147000 0.002737 0.229588
  6   7.247600 -0.397300 -0.109469 0.000001 -0.000003 0.470960
  7   -2.022252 -0.104661 3.136172 1.212706 -1.046098 -4.775980
  8   1.168026 -0.537438 -0.063437 0.286009 0.913422 0.018472
  9   6.790376 -0.619176 0.015206 -0.169926 -0.332251 -1.392150
 10   8.637599 0.544015 -0.090417 -0.237251 0.267212 -0.728049
 11   6.790465 -0.619039 0.017802 -0.167578 -0.224016 -0.985000
 12   -2.022474 -0.104699 -2.873818 -2.468706 1.824383 0.184805
 13   1.167898 -0.537463 0.063297 -0.848451 -0.984981 0.144103
 14   7.002743 -0.617765 -0.183752 0.000115 0.000194 -1.833271
 15   8.209042 0.615527 -0.255885 1.761208 0.327997 0.207527
 16   7.002735 -0.617911 -0.183641 0.013074 0.010018 -1.301988
 17   1.574674 0.609930 -0.000899 0.003453 0.234192 0.308986
 18   -0.602177 0.511412 -0.000006 0.000000 0.000000 0.000000
 19   3.673773 0.177020 1.119313 -0.000002 -0.000014 -0.174510
 20   3.673767 0.176993 -1.117566 0.000007 -0.000003 -0.174546
 21   3.942357 1.330634 1.627658 0.000002 -0.000011 -0.000026
 22   -0.246060 -0.011889 0.516521 -0.000011 0.000031 0.000025
 23   3.942374 1.330659 -1.631083 0.000019 0.000002 -0.000024
 24   -0.246150 -0.011872 -0.516511 -0.000005 -0.000006 0.000048
 25   4.941364 1.997338 1.629330 0.000018 -0.000001 -0.000024
 26   4.941382 1.997366 -1.629410 -0.000001 0.000005 -0.000024
 27   2.918368 1.615358 1.514501 -0.000019 -0.000022 -0.000050
 28   2.920798 1.614964 -1.501142 -0.000002 -0.000009 -0.000024
 29   8.824059 0.150544 0.091743 0.000006 -0.000231 -0.174534
 30   2.111085 -0.561179 1.784320 -0.000008 -0.000682 0.000024
 31   2.121290 -0.561289 -1.853599 0.000000 0.000000 -0.000002
 32   -0.810489 -0.093824 3.127092 0.308687 -2.963972 -0.295141
 33   14.298673 -0.408176 0.475484 0.010830 -0.088871 -0.467367
 34   15.835795 0.581398 0.242756 -0.305885 -0.201989 0.256011
 35   -0.815868 -0.091229 -3.114430 -0.040474 2.853438 0.069176
 36   14.294526 -0.410349 -0.463635 -0.007026 0.076833 -0.395888
 37   15.834409 0.579420 -0.284600 0.273760 0.212841 0.401548
 38   1.139685 -3.453749 -2.823813 0.000000 0.000000 0.000001
 39   -4.457742 -1.054854 -0.746180 0.000000 0.000000 0.000000
 40   1.118101 -3.449769 3.237290 0.000000 0.000001 0.000000
 41   -4.433840 -1.059130 0.959566 -0.000001 0.000000 0.000000
 42   -0.657468 1.697302 -2.688614 0.000000 0.000002 0.000000
 43   -0.664068 1.698578 2.869377 0.000000 0.000002 0.000000
time 70
  0   -0.756603 -0.917997 1.293379 0.000000 0.000000 -1.571069
  1   -1.093036 0.000002 -0.326057 -1.569027 -1.622749 -0.001768
  2   2.262337 0.113614 0.064702 -0.000014 0.000037 0.131489
  3   2.380047 0.353302 0.047440 -0.012916 0.003232 0.112863
  4   2.033756 0.190472 -0.000128 -0.176524 0.054698 0.108281
  5   2.451511 0.204909 -0.003447 -0.147325 0.002436 0.231668
  6   7.247600 -0.397300 -0.109469 0.000001 -0.000003 0.470960
  7   -2.022252 -0.104661 3.136172 1.212706 -1.046098 -4.775980
  8   1.168026 -0.537438 -0.063437 0.314865 0.909699 0.058200
  9   6.790376 -0.619176 0.015206 -0.169926 -0.332851 -1.406036
 10   8.637599 0.544015 -0.090417 -0.241654 0.264115 -0.723202
 11   6.790465 -0.619039 0.017802 -0.168279 -0.224329 -0.994690
 12   -2.022474 -0.104699 -2.873818 -2.468706 1.824383 0.184805
 13   1.167898 -0.537463 0.063297 -0.844022 -0.987066 0.139684
 14   7.002743 -0.617765 -0.183752 0.000115 0.000194 -1.833271
 15   8.209042 0.615527 -0.255885 1.762143 0.326937 0.212037
 16   7.002735 -0.617911 -0.183641 0.013074 0.010018 -1.301988
 17   1.574674 0.609930 -0.000899 0.003696 0.235044 0.308247
 18   -0.602177 0.511412 -0.000006 0.000000 0.000000 0.000000
 19   3.673773 0.177020 1.119313 -0.000002 -0.000014 -0.174510
 20   3.673767 0.176993 -1.117566 0.000007 -0.000003 -0.174546
 21   3.942357 1.330634 1.627658 0.000002 -0.000011 -0.000026
 22   -0.246060 -0.011889 0.516521 -0.000011 0.000031 0.000025
 23   3.942374 1.330659 -1.631083 0.000019 0.000002 -0.000024
 24   -0.246150 -0.011872 -0.516511 -0.000005 -0.000006 0.000048
 25   4.941364 1.997338 1.629330 0.000018 -0.000001 -0.000024
 26   4.941382 1.997366 -1.629410 -0.000001 0.000005 -0.000024
 27   2.918368 1.615358 1.514501 -0.000019 -0.000022 -0.000050
 28   2.920798 1.614964 -1.501142 -0.000002 -0.000009 -0.000024
 29   8.824059 0.150544 0.091743 0.000006 -0.000231 -0.174534
 30   2.111085 -0.561179 1.784320 -0.000008 -0.000682 0.000024
 31   2.121290 -0.561289 -1.853599 0.000000 0.000000 -0.000002
 32   -0.810489 -0.093824 3.127092 0.308687 -2.963972 -0.295141
 33   14.298673 -0.408176 0.475484 0.010830 -0.088871 -0.467367
 34   15.835795 0.581398 0.242756 -0.305885 -0.201989 0.256011
 35   -0.815868 -0.091229 -3.114430 -0.040474 2.853438 0.069176
 36   14.294526 -0.410349 -0.463635 -0.007026 0.076833 -0.395888
 37   15.834409 0.579420 -0.284600 0.273760 0.212841 0.401548
 38   1.139685 -3.453749 -2.823813 0.000000 0.000000 0.000001
 39   -4.457742 -1.054854 -0.746180 0.000000 0.000000 0.000000
 40   1.118101 -3.449769 3.237290 0.000000 0.000001 0.000000
 41   -4.433840 -1.059130 0.959566 -0.000001 0.000000 0.000000
 42   -0.657468 1.697302 -2.688614 0.000000 0.000002 0.000000
 43   -0.664068 1.698578 2.869377 0.000000 0.000002 0.000000
time 71
  0   -0.756603 -0.917997 1.293379 0.000000 0.000000 -1.571069
  1   -1.093036 0.000002 -0.326057 -1.569027 -1.622749 -0.001768
  2   2.262337 0.113614 0.064702 -0.000014 0.000037 0.131489
  3   2.380047 0.353302 0.047440 -0.013996 0.003471 0.112863
  4   2.033756 0.190472 -0.000128 -0.177483 0.054997 0.106215
  5   2.451511 0.204909 -0.003447 -0.147479 0.002241 0.232857
  6   7.247600 -0.397300 -0.109469 0.000001 -0.000003 0.470960
  7   -2.022252 -0.104661 3.136172 1.212706 -1.046098 -4.775980
  8   1.168026 -0.537438 -0.063437 0.326129 0.907938 0.073952
  9   6.790376 -0.619176 0.015206 -0.169926 -0.333252 -1.411998
 10   8.637599 0.544015 -0.090417 -0.244296 0.262144 -0.720525
 11   6.790465 -0.619039 0.017802 -0.168571 -0.224471 -0.998785
 12   -2.022474 -0.104699 -2.873818 -2.468706 1.824383 0.184805
 13   1.167898 -0.537463 0.063297 -0.841703 -0.988032 0.137505
 14   7.002743 -0.617765 -0.183752 0.000115 0.000194 -1.833271
 15   8.209042 0.615527 -0.255885 1.762574 0.326408 0.214262
 16   7.002735 -0.617911 -0.183641 0.013074 0.010018 -1.301988
 17   1.574674 0.609930 -0.000899 0.003900 0.235470 0.307804
 18   -0.602177 0.511412 -0.000006 0.000000 0.000000 0.000000
 19   3.673773 0.177020 1.119313 -0.000002 -0.000014 -0.174510
 20   3.673767 0.176993 -1.117566 0.000007 -0.000003 -0.174546
 21   3.942357 1.330634 1.627658 0.000002 -0.000011 -0.000026
 22   -0.246060 -0.011889 0.516521 -0.000011 0.000031 0.000025
 23   3.942374 1.330659 -1.631083 0.000019 0.000002 -0.000024
 24   -0.246150 -0.011872 -0.516511 -0.000005 -0.000006 0.000048
 25   4.941364 1.997338 1.629330 0.000018 -0.000001 -0.000024
 26   4.941382 1.997366 -1.629410 -0.000001 0.000005 -0.000024
 27   2.918368 1.615358 1.514501 -0.000019 -0.000022 -0.000050
 28   2.920798 1.614964 -1.501142 -0.000002 -0.000009 -0.000024
 29   8.824059 0.150544 0.091743 0.000006 -0.000231 -0.174534
 30   2.111085 -0.561179 1.784320 -0.000008 -0.000682 0.000024
 31   2.121290 -0.561289 -1.853599 0.000000 0.000000 -0.000002
 32   -0.810489 -0.093824 3.127092 0.308687 -2.963972 -0.295141
 33   14.298673 -0.408176 0.475484 0.010830 -0.088871 -0.467367
 34   15.835795 0.581398 0.242756 -0.305885 -0.201989 0.256011
 35   -0.815868 -0.091229 -3.114430 -0.040474 2.853438 0.069176
 36   14.294526 -0.410349 -0.463635 -0.007026 0.076833 -0.395888
 37   15.834409 0.579420 -0.284600 0.273760 0.212841 0.401548
 38   1.139685 -3.453749 -2.823813 0.000000 0.000000 0.000001
 39   -4.457742 -1.054854 -0.746180 0.000000 0.000000 0.000000
 40   1.118101 -3.449769 3.237290 0.000000 0.000001 0.000000
 41   -4.433840 -1.059130 0.959566 -0.000001 0.000000 0.000000
 42   -0.657468 1.697302 -2.688614 0.000000 0.000002 0.000000
 43   -0.664068 1.698578 2.869377 0.000000 0.000002 0.000000
time 72
  0   -0.756603 -0.917997 1.293379 0.000000 0.000000 -1.571069
  1   -1.093036 0.000002 -0.326057 -1.569027 -1.622749 -0.001768
  2   2.262337 0.113614 0.064702 -0.000014 0.000037 0.131489
  3   2.380047 0.353302 0.047440 -0.015916 0.004011 0.112863
  4   2.033756 0.190472 -0.000128 -0.179364 0.055657 0.101974
  5   2.451511 0.204909 -0.003447 -0.147736 0.001875 0.235408
  6   7.247600 -0.397300 -0.109469 0.000001 -0.000003 0.470960
  7   -2.022252 -0.104661 3.136172 1.212706 -1.046098 -4.775980
  8   1.168026 -0.537438 -0.063437 0.339228 0.905724 0.091728
  9   6.790376 -0.619176 0.015206 -0.169926 -0.333719 -1.421582
 10   8.637599 0.544015 -0.090417 -0.250108 0.258132 -0.714376
 11   6.790465 -0.619039 0.017802 -0.169009 -0.224727 -1.005533
 12   -2.022474 -0.104699 -2.873818 -2.468706 1.824383 0.184805
 13   1.167898 -0.537463 0.063297 -0.837415 -0.989812 0.132783
 14   7.002743 -0.617765 -0.183752 0.000115 0.000194 -1.833436
 15   8.209042 0.615527 -0.255885 1.763437 0.325500 0.218532
 16   7.002735 -0.617911 -0.183641 0.013074 0.010018 -1.301988
 17   1.574674 0.609930 -0.000899 0.004224 0.236322 0.306695
 18   -0.602177 0.511412 -0.000006 0.000000 0.000000 0.000000
 19   3.673773 0.177020 1.119313 -0.000002 -0.000014 -0.174510
 20   3.673767 0.176993 -1.117566 0.000007 -0.000003 -0.174546
 21   3.942357 1.330634 1.627658 0.000002 -0.000011 -0.000026
 22   -0.246060 -0.011889 0.516521 -0.000011 0.000031 0.000025
 23   3.942374 1.330659 -1.631083 0.000019 0.000002 -0.000024
 24   -0.246150 -0.011872 -0.516511 -0.000005 -0.000006 0.000048
 25   4.941364 1.997338 1.629330 0.000018 -0.000001 -0.000024
 26   4.941382 1.997366 -1.629410 -0.000001 0.000005 -0.000024
 27   2.918368 1.615358 1.514501 -0.000019 -0.000022 -0.000050
 28   2.920798 1.614964 -1.501142 -0.000002 -0.000009 -0.000024
 29   8.824059 0.150544 0.091743 0.000006 -0.000231 -0.174534
 30   2.111085 -0.561179 1.784320 -0.000008 -0.000682 0.000024
 31   2.121290 -0.561289 -1.853599 0.000000 0.000000 -0.000002
 32   -0.810489 -0.093824 3.127092 0.308687 -2.963972 -0.295141
 33   14.298673 -0.408176 0.475484 0.010830 -0.088871 -0.467367
 34   15.835795 0.581398 0.242756 -0.305885 -0.201989 0.256011
 35   -0.815868 -0.091229 -3.114430 -0.040474 2.853438 0.069176
 36   14.294526 -0.410349 -0.463635 -0.007026 0.076833 -0.395888
 37   15.834409 0.579420 -0.284600 0.273760 0.212841 0.401548
 38   1.139685 -3.453749 -2.823813 0.000000 0.000000 0.000001
 39   -4.457742 -1.054854 -0.746180 0.000000 0.000000 0.000000
 40   1.118101 -3.449769 3.237290 0.000000 0.000001 0.000000
 41   -4.433840 -1.059130 0.959566 -0.000001 0.000000 0.000000
 42   -0.657468 1.697302 -2.688614 0.000000 0.000002 0.000000
 43   -0.664068 1.698578 2.869377 0.000000 0.000002 0.000000
time 73
  0   -0.756603 -0.917997 1.293379 0.000000 0.000000 -1.571069
  1   -1.093036 0.000002 -0.326057 -1.569027 -1.622749 -0.001768
  2   2.262337 0.113614 0.064702 -0.000014 0.000037 0.131489
  3   2.380047 0.353302 0.047440 -0.016816 0.004202 0.112863
  4   2.033756 0.190472 -0.000128 -0.180231 0.055908 0.099908
  5   2.451511 0.204909 -0.003447 -0.147787 0.001653 0.236770
  6   7.247600 -0.397300 -0.109469 0.000001 -0.000003 0.470960
  7   -2.022252 -0.104661 3.136172 1.212706 -1.046098 -4.775980
  8   1.168026 -0.537438 -0.063437 0.341949 0.905422 0.095144
  9   6.790376 -0.619176 0.015206 -0.169926 -0.333786 -1.425733
 10   8.637599 0.544015 -0.090417 -0.253807 0.255879 -0.710831
 11   6.790465 -0.619039 0.017802 -0.169184 -0.224812 -1.008186
 12   -2.022474 -0.104699 -2.873818 -2.468706 1.824383 0.184805
 13   1.167898 -0.537463 0.063297 -0.835095 -0.990677 0.130725
 14   7.002743 -0.617765 -0.183752 0.000115 0.000194 -1.833436
 15   8.209042 0.615527 -0.255885 1.763797 0.324895 0.220697
 16   7.002735 -0.617911 -0.183641 0.013074 0.010018 -1.302154
 17   1.574674 0.609930 -0.000899 0.004387 0.236677 0.306103
 18   -0.602177 0.511412 -0.000006 0.000000 0.000000 0.000000
 19   3.673773 0.177020 1.119313 -0.000002 -0.000014 -0.174510
 20   3.673767 0.176993 -1.117566 0.000007 -0.000003 -0.174546
 21   3.942357 1.330634 1.627658 0.000002 -0.000011 -0.000026
 22   -0.246060 -0.011889 0.516521 -0.000011 0.000031 0.000025
 23   3.942374 1.330659 -1.631083 0.000019 0.000002 -0.000024
 24   -0.246150 -0.011872 -0.516511 -0.000005 -0.000006 0.000048
 25   4.941364 1.997338 1.629330 0.000018 -0.000001 -0.000024
 26   4.941382 1.997366 -1.629410 -0.000001 0.000005 -0.000024
 27   2.918368 1.615358 1.514501 -0.000019 -0.000022 -0.000050
 28   2.920798 1.614964 -1.501142 -0.000002 -0.000009 -0.000024
 29   8.824059 0.150544 0.091743 0.000006 -0.000231 -0.174534
 30   2.111085 -0.561179 1.784320 -0.000008 -0.000682 0.000024
 31   2.121290 -0.561289 -1.853599 0.000000 0.000000 -0.000002
 32   -0.810489 -0.093824 3.127092 0.308687 -2.963972 -0.295141
 33   14.298673 -0.408176 0.475484 0.010830 -0.088871 -0.467367
 34   15.835795 0.581398 0.242756 -0.305885 -0.201989 0.256011
 35   -0.815868 -0.091229 -3.114430 -0.040474 2.853438 0.069176
 36   14.294526 -0.410349 -0.463635 -0.007026 0.076833 -0.395888
 37   15.834409 0.579420 -0.284600 0.273760 0.212841 0.401548
 38   1.139685 -3.453749 -2.823813 0.000000 0.000000 0.000001
 39   -4.457742 -1.054854 -0.746180 0.000000 0.000000 0.000000
 40   1.118101 -3.449769 3.237290 0.000000 0.000001 0.000000
 41   -4.433840 -1.059130 0.959566 -0.000001 0.000000 0.000000
 42   -0.657468 1.697302 -2.688614 0.000000 0.000002 0.000000
 43   -0.664068 1.698578 2.869377 0.000000 0.000002 0.000000
time 74
  0   -0.756603 -0.917997 1.293379 0.000000 0.000000 -1.571069
  1   -1.093036 0.000002 -0.326057 -1.569027 -1.622749 -0.001768
  2   2.262337 0.113614 0.064702 -0.000014 0.000037 0.131489
  3   2.380047 0.353302 0.047440 -0.018451 0.004646 0.112863
  4   2.033756 0.190472 -0.000128 -0.181946 0.056448 0.095667
  5   2.451511 0.204909 -0.003447 -0.148078 0.001196 0.239692
  6   7.247600 -0.397300 -0.109469 0.000001 -0.000003 0.470960
  7   -2.022252 -0.104661 3.136172 1.212706 -1.046098 -4.775980
  8   1.168026 -0.537438 -0.063437 0.345556 0.904617 0.099256
  9   6.790376 -0.619176 0.015206 -0.169926 -0.334320 -1.433506
 10   8.637599 0.544015 -0.090417 -0.261380 0.250952 -0.703452
 11   6.790465 -0.619039 0.017802 -0.169505 -0.225011 -1.013665
 12   -2.022474 -0.104699 -2.873818 -2.468706 1.824383 0.184805
 13   1.167898 -0.537463 0.063297 -0.830877 -0.992406 0.126306
 14   7.002743 -0.617765 -0.183752 0.000115 0.000194 -1.833601
 15   8.209042 0.615527 -0.255885 1.764660 0.323987 0.224726
 16   7.002735 -0.617911 -0.183641 0.013074 0.010018 -1.302209
 17   1.574674 0.609930 -0.000899 0.004874 0.237387 0.304662
 18   -0.602177 0.511412 -0.000006 0.000000 0.000000 0.000000
 19   3.673773 0.177020 1.119313 -0.000002 -0.000014 -0.174510
 20   3.673767 0.176993 -1.117566 0.000007 -0.000003 -0.174546
 21   3.942357 1.330634 1.627658 0.000002 -0.000011 -0.000026
 22   -0.246060 -0.011889 0.516521 -0.000011 0.000031 0.000025
 23   3.942374 1.330659 -1.631083 0.000019 0.000002 -0.000024
 24   -0.246150 -0.011872 -0.516511 -0.000005 -0.000006 0.000048
 25   4.941364 1.997338 1.629330 0.000018 -0.000001 -0.000024
 26   4.941382 1.997366 -1.629410 -0.000001 0.000005 -0.000024
 27   2.918368 1.615358 1.514501 -0.000019 -0.000022 -0.000050
 28   2.920798 1.614964 -1.501142 -0.000002 -0.000009 -0.000024
 29   8.824059 0.150544 0.091743 0.000006 -0.000231 -0.174534
 30   2.111085 -0.561179 1.784320 -0.000008 -0.000682 0.000024
 31   2.121290 -0.561289 -1.853599 0.000000 0.000000 -0.000002
 32   -0.810489 -0.093824 3.127092 0.308687 -2.963972 -0.295141
 33   14.298673 -0.408176 0.475484 0.010830 -0.088871 -0.467367
 34   15.835795 0.581398 0.242756 -0.305885 -0.201989 0.256011
 35   -0.815868 -0.091229 -3.114430 -0.040474 2.853438 0.069176
 36   14.294526 -0.410349 -0.463635 -0.007026 0.076833 -0.395888
 37   15.834409 0.579420 -0.284600 0.273760 0.212841 0.401548
 38   1.139685 -3.453749 -2.823813 0.000000 0.000000 0.000001
 39   -4.457742 -1.054854 -0.746180 0.000000 0.000000 0.000000
 40   1.118101 -3.449769 3.237290 0.000000 0.000001 0.000000
 41   -4.433840 -1.059130 0.959566 -0.000001 0.000000 0.000000
 42   -0.657468 1.697302 -2.688614 0.000000 0.000002 0.000000
 43   -0.664068 1.698578 2.869377 0.000000 0.000002 0.000000
time 75
  0   -0.756603 -0.917997 1.293379 0.000000 0.000000 -1.571069
  1   -1.093036 0.000002 -0.326057 -1.569027 -1.622749 -0.001768
  2   2.262337 0.113614 0.064702 -0.000014 0.000037 0.131489
  3   2.380047 0.353302 0.047440 -0.019876 0.004970 0.112863
  4   2.033756 0.190472 -0.000128 -0.183569 0.056939 0.091680
  5   2.451511 0.204909 -0.003447 -0.148232 0.000765 0.242689
  6   7.247600 -0.397300 -0.109469 0.000001 -0.000003 0.470960
  7   -2.022252 -0.104661 3.136172 1.212706 -1.046098 -4.775980
  8   1.168026 -0.537438 -0.063437 0.346885 0.903963 0.100711
  9   6.790376 -0.619176 0.015206 -0.169926 -0.334587 -1.441053
 10   8.637599 0.544015 -0.090417 -0.270539 0.245532 -0.695277
 11   6.790465 -0.619039 0.017802 -0.169914 -0.225153 -1.018856
 12   -2.022474 -0.104699 -2.873818 -2.468706 1.824383 0.184805
 13   1.167898 -0.537463 0.063297 -0.826800 -0.994186 0.122129
 14   7.002743 -0.617765 -0.183752 0.000115 0.000194 -1.833766
 15   8.209042 0.615527 -0.255885 1.765450 0.323079 0.228575
 16   7.002735 -0.617911 -0.183641 0.013074 0.010018 -1.302264
 17   1.574674 0.609930 -0.000899 0.005524 0.238049 0.303146
 18   -0.602177 0.511412 -0.000006 0.000000 0.000000 0.000000
 19   3.673773 0.177020 1.119313 -0.000002 -0.000014 -0.174510
 20   3.673767 0.176993 -1.117566 0.000007 -0.000003 -0.174546
 21   3.942357 1.330634 1.627658 0.000002 -0.000011 -0.000026
 22   -0.246060 -0.011889 0.516521 -0.000011 0.000031 0.000025
 23   3.942374 1.330659 -1.631083 0.000019 0.000002 -0.000024
 24   -0.246150 -0.011872 -0.516511 -0.000005 -0.000006 0.000048
 25   4.941364 1.997338 1.629330 0.000018 -0.000001 -0.000024
 26   4.941382 1.997366 -1.629410 -0.000001 0.000005 -0.000024
 27   2.918368 1.615358 1.514501 -0.000019 -0.000022 -0.000050
 28   2.920798 1.614964 -1.501142 -0.000002 -0.000009 -0.000024
 29   8.824059 0.150544 0.091743 0.000006 -0.000231 -0.174534
 30   2.111085 -0.561179 1.784320 -0.000008 -0.000682 0.000024
 31   2.121290 -0.561289 -1.853599 0.000000 0.000000 -0.000002
 32   -0.810489 -0.093824 3.127092 0.308687 -2.963972 -0.295141
 33   14.298673 -0.408176 0.475484 0.010830 -0.088871 -0.467367
 34   15.835795 0.581398 0.242756 -0.305885 -0.201989 0.256011
 35   -0.815868 -0.091229 -3.114430 -0.040474 2.853438 0.069176
 36   14.294526 -0.410349 -0.463635 -0.007026 0.076833 -0.395888
 37   15.834409 0.579420 -0.284600 0.273760 0.212841 0.401548
 38   1.139685 -3.453749 -2.823813 0.000000 0.000000 0.000001
 39   -4.457742 -1.054854 -0.746180 0.000000 0.000000 0.000000
 40   1.118101 -3.449769 3.237290 0.000000 0.000001 0.000000
 41   -4.433840 -1.059130 0.959566 -0.000001 0.000000 0.000000
 42   -0.657468 1.697302 -2.688614 0.000000 0.000002 0.000000
 43   -0.664068 1.698578 2.869377 0.000000 0.000002 0.000000
time 76
  0   -0.756603 -0.917997 1.293379 0.000000 0.000000 -1.571069
  1   -1.093036 0.000002 -0.326057 -1.569027 -1.622749 -0.001768
  2   2.262337 0.113614 0.064702 -0.000014 0.000037 0.131489
  3   2.380047 0.353302 0.047440 -0.020506 0.005113 0.112863
  4   2.033756 0.190472 -0.000128 -0.184270 0.057155 0.089650
  5   2.451511 0.204909 -0.003447 -0.148369 0.000517 0.244274
  6   7.247600 -0.397300 -0.109469 0.000001 -0.000003 0.470960
  7   -2.022252 -0.104661 3.136172 1.212706 -1.046098 -4.775980
  8   1.168026 -0.537438 -0.063437 0.346885 0.903510 0.100458
  9   6.790376 -0.619176 0.015206 -0.169926 -0.334854 -1.444751
 10   8.637599 0.544015 -0.090417 -0.275647 0.242646 -0.691081
 11   6.790465 -0.619039 0.017802 -0.170089 -0.225210 -1.021451
 12   -2.022474 -0.104699 -2.873818 -2.468706 1.824383 0.184805
 13   1.167898 -0.537463 0.063297 -0.824691 -0.994897 0.119950
 14   7.002743 -0.617765 -0.183752 0.000115 0.000194 -1.833766
 15   8.209042 0.615527 -0.255885 1.765810 0.322625 0.230439
 16   7.002735 -0.617911 -0.183641 0.013074 0.010018 -1.302264
 17   1.574674 0.609930 -0.000899 0.005809 0.238381 0.302222
 18   -0.602177 0.511412 -0.000006 0.000000 0.000000 0.000000
 19   3.673773 0.177020 1.119313 -0.000002 -0.000014 -0.174510
 20   3.673767 0.176993 -1.117566 0.000007 -0.000003 -0.174546
 21   3.942357 1.330634 1.627658 0.000002 -0.000011 -0.000026
 22   -0.246060 -0.011889 0.516521 -0.000011 0.000031 0.000025
 23   3.942374 1.330659 -1.631083 0.000019 0.000002 -0.000024
 24   -0.246150 -0.011872 -0.516511 -0.000005 -0.000006 0.000048
 25   4.941364 1.997338 1.629330 0.000018 -0.000001 -0.000024
 26   4.941382 1.997366 -1.629410 -0.000001 0.000005 -0.000024
 27   2.918368 1.615358 1.514501 -0.000019 -0.000022 -0.000050
 28   2.920798 1.614964 -1.501142 -0.000002 -0.000009 -0.000024
 29   8.824059 0.150544 0.091743 0.000006 -0.000231 -0.174534
 30   2.111085 -0.561179 1.784320 -0.000008 -0.000682 0.000024
 31   2.121290 -0.561289 -1.853599 0.000000 0.000000 -0.000002
 32   -0.810489 -0.093824 3.127092 0.308687 -2.963972 -0.295141
 33   14.298673 -0.408176 0.475484 0.010830 -0.088871 -0.467367
 34   15.835795 0.581398 0.242756 -0.305885 -0.201989 0.256011
 35   -0.815868 -0.091229 -3.114430 -0.040474 2.853438 0.069176
 36   14.294526 -0.410349 -0.463635 -0.007026 0.076833 -0.395888
 37   15.834409 0.579420 -0.284600 0.273760 0.212841 0.401548
 38   1.139685 -3.453749 -2.823813 0.000000 0.000000 0.000001
 39   -4.457742 -1.054854 -0.746180 0.000000 0.000000 0.000000
 40   1.118101 -3.449769 3.237290 0.000000 0.000001 0.000000
 41   -4.433840 -1.059130 0.959566 -0.000001 0.000000 0.000000
 42   -0.657468 1.697302 -2.688614 0.000000 0.000002 0.000000
 43   -0.664068 1.698578 2.869377 0.000000 0.000002 0.000000
time 77
  0   -0.756603 -0.917997 1.293379 0.000000 0.000000 -1.571069
  1   -1.093036 0.000002 -0.326057 -1.569027 -1.622749 -0.001768
  2   2.262337 0.113614 0.064702 -0.000014 0.000037 0.131489
  3   2.380047 0.353302 0.047440 -0.021106 0.005257 0.112863
  4   2.033756 0.190472 -0.000128 -0.185026 0.057310 0.087729
  5   2.451511 0.204909 -0.003447 -0.148386 0.000295 0.245760
  6   7.247600 -0.397300 -0.109469 0.000001 -0.000003 0.470960
  7   -2.022252 -0.104661 3.136172 1.212706 -1.046098 -4.775980
  8   1.168026 -0.537438 -0.063437 0.346442 0.903158 0.099699
  9   6.790376 -0.619176 0.015206 -0.169926 -0.334987 -1.448373
 10   8.637599 0.544015 -0.090417 -0.280931 0.239619 -0.686451
 11   6.790465 -0.619039 0.017802 -0.170235 -0.225295 -1.023989
 12   -2.022474 -0.104699 -2.873818 -2.468706 1.824383 0.184805
 13   1.167898 -0.537463 0.063297 -0.822793 -0.995609 0.117831
 14   7.002743 -0.617765 -0.183752 0.000115 0.000194 -1.833931
 15   8.209042 0.615527 -0.255885 1.766098 0.322171 0.232424
 16   7.002735 -0.617911 -0.183641 0.013074 0.010018 -1.302430
 17   1.574674 0.609930 -0.000899 0.006052 0.238736 0.301261
 18   -0.602177 0.511412 -0.000006 0.000000 0.000000 0.000000
 19   3.673773 0.177020 1.119313 -0.000002 -0.000014 -0.174510
 20   3.673767 0.176993 -1.117566 0.000007 -0.000003 -0.174546
 21   3.942357 1.330634 1.627658 0.000002 -0.000011 -0.000026
 22   -0.246060 -0.011889 0.516521 -0.000011 0.000031 0.000025
 23   3.942374 1.330659 -1.631083 0.000019 0.000002 -0.000024
 24   -0.246150 -0.011872 -0.516511 -0.000005 -0.000006 0.000048
 25   4.941364 1.997338 1.629330 0.000018 -0.000001 -0.000024
 26   4.941382 1.997366 -1.629410 -0.000001 0.000005 -0.000024
 27   2.918368 1.615358 1.514501 -0.000019 -0.000022 -0.000050
 28   2.920798 1.614964 -1.501142 -0.000002 -0.000009 -0.000024
 29   8.824059 0.150544 0.091743 0.000006 -0.000231 -0.174534
 30   2.111085 -0.561179 1.784320 -0.000008 -0.000682 0.000024
 31   2.121290 -0.561289 -1.853599 0.000000 0.000000 -0.000002
 32   -0.810489 -0.093824 3.127092 0.308687 -2.963972 -0.295141
 33   14.298673 -0.408176 0.475484 0.010830 -0.088871 -0.467367
 34   15.835795 0.581398 0.242756 -0.305885 -0.201989 0.256011
 35   -0.815868 -0.091229 -3.114430 -0.040474 2.853438 0.069176
 36   14.294526 -0.410349 -0.463635 -0.007026 0.076833 -0.395888
 37   15.834409 0.579420 -0.284600 0.273760 0.212841 0.401548
 38   1.139685 -3.453749 -2.823813 0.000000 0.000000 0.000001
 39   -4.457742 -1.054854 -0.746180 0.000000 0.000000 0.000000
 40   1.118101 -3.449769 3.237290 0.000000 0.000001 0.000000
 41   -4.433840 -1.059130 0.959566 -0.000001 0.000000 0.000000
 42   -0.657468 1.697302 -2.688614 0.000000 0.000002 0.000000
 43   -0.664068 1.698578 2.869377 0.000000 0.000002 0.000000
time 78
  0   -0.756603 -0.917997 1.293379 0.000000 0.000000 -1.571069
  1   -1.093036 0.000002 -0.326057 -1.569027 -1.622749 -0.001768
  2   2.262337 0.113614 0.064702 -0.000014 0.000037 0.131489
  3   2.380047 0.353302 0.047440 -0.022126 0.005545 0.112863
  4   2.033756 0.190472 -0.000128 -0.186354 0.057706 0.084068
  5   2.451511 0.204909 -0.003447 -0.148609 -0.000083 0.248806
  6   7.247600 -0.397300 -0.109469 0.000001 -0.000003 0.470960
  7   -2.022252 -0.104661 3.136172 1.212706 -1.046098 -4.775980
  8   1.168026 -0.537438 -0.063437 0.343974 0.902504 0.096346
  9   6.790376 -0.619176 0.015206 -0.169926 -0.335321 -1.455769
 10   8.637599 0.544015 -0.090417 -0.292467 0.233636 -0.677191
 11   6.790465 -0.619039 0.017802 -0.170585 -0.225466 -1.029064
 12   -2.022474 -0.104699 -2.873818 -2.468706 1.824383 0.184805
 13   1.167898 -0.537463 0.063297 -0.819068 -0.996982 0.114078
 14   7.002743 -0.617765 -0.183752 0.000115 0.000194 -1.834261
 15   8.209042 0.615527 -0.255885 1.766961 0.321339 0.236032
 16   7.002735 -0.617911 -0.183641 0.013074 0.010018 -1.302540
 17   1.574674 0.609930 -0.000899 0.006865 0.239304 0.299155
 18   -0.602177 0.511412 -0.000006 0.000000 0.000000 0.000000
 19   3.673773 0.177020 1.119313 -0.000002 -0.000014 -0.174510
 20   3.673767 0.176993 -1.117566 0.000007 -0.000003 -0.174546
 21   3.942357 1.330634 1.627658 0.000002 -0.000011 -0.000026
 22   -0.246060 -0.011889 0.516521 -0.000011 0.000031 0.000025
 23   3.942374 1.330659 -1.631083 0.000019 0.000002 -0.000024
 24   -0.246150 -0.011872 -0.516511 -0.000005 -0.000006 0.000048
 25   4.941364 1.997338 1.629330 0.000018 -0.000001 -0.000024
 26   4.941382 1.997366 -1.629410 -0.000001 0.000005 -0.000024
 27   2.918368 1.615358 1.514501 -0.000019 -0.000022 -0.000050
 28   2.920798 1.614964 -1.501142 -0.000002 -0.000009 -0.000024
 29   8.824059 0.150544 0.091743 0.000006 -0.000231 -0.174534
 30   2.111085 -0.561179 1.784320 -0.000008 -0.000682 0.000024
 31   2.121290 -0.561289 -1.853599 0.000000 0.000000 -0.000002
 32   -0.810489 -0.093824 3.127092 0.308687 -2.963972 -0.295141
 33   14.298673 -0.408176 0.475484 0.010830 -0.088871 -0.467367
 34   15.835795 0.581398 0.242756 -0.305885 -0.201989 0.256011
 35   -0.815868 -0.091229 -3.114430 -0.040474 2.853438 0.069176
 36   14.294526 -0.410349 -0.463635 -0.007026 0.076833 -0.395888
 37   15.834409 0.579420 -0.284600 0.273760 0.212841 0.401548
 38   1.139685 -3.453749 -2.823813 0.000000 0.000000 0.000001
 39   -4.457742 -1.054854 -0.746180 0.000000 0.000000 0.000000
 40   1.118101 -3.449769 3.237290 0.000000 0.000001 0.000000
 41   -4.433840 -1.059130 0.959566 -0.000001 0.000000 0.000000
 42   -0.657468 1.697302 -2.688614 0.000000 0.000002 0.000000
 43   -0.664068 1.698578 2.869377 0.000000 0.000002 0.000000
time 79
  0   -0.756603 -0.917997 1.293379 0.000000 0.000000 -1.571069
  1   -1.093036 0.000002 -0.326057 -1.569027 -1.622749 -0.001768
  2   2.262337 0.113614 0.064702 -0.000014 0.000037 0.131489
  3   2.380047 0.353302 0.047440 -0.022667 0.005653 0.112863
  4   2.033756 0.190472 -0.000128 -0.186981 0.057862 0.082292
  5   2.451511 0.204909 -0.003447 -0.148660 -0.000305 0.250292
  6   7.247600 -0.397300 -0.109469 0.000001 -0.000003 0.470960
  7   -2.022252 -0.104661 3.136172 1.212706 -1.046098 -4.775980
  8   1.168026 -0.537438 -0.063437 0.342392 0.902202 0.093879
  9   6.790376 -0.619176 0.015206 -0.169926 -0.335521 -1.459316
 10   8.637599 0.544015 -0.090417 -0.298808 0.230398 -0.672344
 11   6.790465 -0.619039 0.017802 -0.170790 -0.225551 -1.031429
 12   -2.022474 -0.104699 -2.873818 -2.468706 1.824383 0.184805
 13   1.167898 -0.537463 0.063297 -0.817170 -0.997694 0.112383
 14   7.002743 -0.617765 -0.183752 0.000115 0.000194 -1.834426
 15   8.209042 0.615527 -0.255885 1.767320 0.320885 0.237716
 16   7.002735 -0.617911 -0.183641 0.013074 0.010018 -1.302761
 17   1.574674 0.609930 -0.000899 0.007190 0.239588 0.298009
 18   -0.602177 0.511412 -0.000006 0.000000 0.000000 0.000000
 19   3.673773 0.177020 1.119313 -0.000002 -0.000014 -0.174510
 20   3.673767 0.176993 -1.117566 0.000007 -0.000003 -0.174546
 21   3.942357 1.330634 1.627658 0.000002 -0.000011 -0.000026
 22   -0.246060 -0.011889 0.516521 -0.000011 0.000031 0.000025
 23   3.942374 1.330659 -1.631083 0.000019 0.000002 -0.000024
 24   -0.246150 -0.011872 -0.516511 -0.000005 -0.000006 0.000048
 25   4.941364 1.997338 1.629330 0.000018 -0.000001 -0.000024
 26   4.941382 1.997366 -1.629410 -0.000001 0.000005 -0.000024
 27   2.918368 1.615358 1.514501 -0.000019 -0.000022 -0.000050
 28   2.920798 1.614964 -1.501142 -0.000002 -0.000009 -0.000024
 29   8.824059 0.150544 0.091743 0.000006 -0.000231 -0.174534
 30   2.111085 -0.561179 1.784320 -0.000008 -0.000682 0.000024
 31   2.121290 -0.561289 -1.853599 0.000000 0.000000 -0.000002
 32   -0.810489 -0.093824 3.127092 0.308687 -2.963972 -0.295141
 33   14.298673 -0.408176 0.475484 0.010830 -0.088871 -0.467367
 34   15.835795 0.581398 0.242756 -0.305885 -0.201989 0.256011
 35   -0.815868 -0.091229 -3.114430 -0.040474 2.853438 0.069176
 36   14.294526 -0.410349 -0.463635 -0.007026 0.076833 -0.395888
 37   15.834409 0.579420 -0.284600 0.273760 0.212841 0.401548
 38   1.139685 -3.453749 -2.823813 0.000000 0.000000 0.000001
 39   -4.457742 -1.054854 -0.746180 0.000000 0.000000 0.000000
 40   1.118101 -3.449769 3.237290 0.000000 0.000001 0.000000
 41   -4.433840 -1.059130 0.959566 -0.000001 0.000000 0.000000
 42   -0.657468 1.697302 -2.688614 0.000000 0.000002 0.000000
 43   -0.664068 1.698578 2.869377 0.000000 0.000002 0.000000
time 80
  0   -0.756603 -0.917997 1.293379 0.000000 0.000000 -1.571069
  1   -1.093036 0.000002 -0.326057 -1.569027 -1.622749 -0.001768
  2   2.262337 0.113614 0.064702 -0.000014 0.000037 0.131489
  3   2.380047 0.353302 0.047440 -0.023447 0.005808 0.112863
  4   2.033756 0.190472 -0.000128 -0.188143 0.058101 0.078921
  5   2.451511 0.204909 -0.003447 -0.148780 -0.000710 0.253239
  6   7.247600 -0.397300 -0.109469 0.000001 -0.000003 0.470960
  7   -2.022252 -0.104661 3.136172 1.212706 -1.046098 -4.775980
  8   1.168026 -0.537438 -0.063437 0.337646 0.901397 0.087616
  9   6.790376 -0.619176 0.015206 -0.169926 -0.335855 -1.466410
 10   8.637599 0.544015 -0.090417 -0.312546 0.223711 -0.662505
 11   6.790465 -0.619039 0.017802 -0.171111 -0.225693 -1.036331
 12   -2.022474 -0.104699 -2.873818 -2.468706 1.824383 0.184805
 13   1.167898 -0.537463 0.063297 -0.813866 -0.998813 0.108993
 14   7.002743 -0.617765 -0.183752 0.000115 0.000194 -1.834756
 15   8.209042 0.615527 -0.255885 1.767967 0.320204 0.240963
 16   7.002735 -0.617911 -0.183641 0.013074 0.010018 -1.303037
 17   1.574674 0.609930 -0.000899 0.007962 0.240085 0.295496
 18   -0.602177 0.511412 -0.000006 0.000000 0.000000 0.000000
 19   3.673773 0.177020 1.119313 -0.000002 -0.000014 -0.174510
 20   3.673767 0.176993 -1.117566 0.000007 -0.000003 -0.174546
 21   3.942357 1.330634 1.627658 0.000002 -0.000011 -0.000026
 22   -0.246060 -0.011889 0.516521 -0.000011 0.000031 0.000025
 23   3.942374 1.330659 -1.631083 0.000019 0.000002 -0.000024
 24   -0.246150 -0.011872 -0.516511 -0.000005 -0.000006 0.000048
 25   4.941364 1.997338 1.629330 0.000018 -0.000001 -0.000024
 26   4.941382 1.997366 -1.629410 -0.000001 0.000005 -0.000024
 27   2.918368 1.615358 1.514501 -0.000019 -0.000022 -0.000050
 28   2.920798 1.614964 -1.501142 -0.000002 -0.000009 -0.000024
 29   8.824059 0.150544 0.091743 0.000006 -0.000231 -0.174534
 30   2.111085 -0.561179 1.784320 -0.000008 -0.000682 0.000024
 31   2.121290 -0.561289 -1.853599 0.000000 0.000000 -0.000002
 32   -0.810489 -0.093824 3.127092 0.308687 -2.963972 -0.295141
 33   14.298673 -0.408176 0.475484 0.010830 -0.088871 -0.467367
 34   15.835795 0.581398 0.242756 -0.305885 -0.201989 0.256011
 35   -0.815868 -0.091229 -3.114430 -0.040474 2.853438 0.069176
 36   14.294526 -0.410349 -0.463635 -0.007026 0.076833 -0.395888
 37   15.834409 0.579420 -0.284600 0.273760 0.212841 0.401548
 38   1.139685 -3.453749 -2.823813 0.000000 0.000000 0.000001
 39   -4.457742 -1.054854 -0.746180 0.000000 0.000000 0.000000
 40   1.118101 -3.449769 3.237290 0.000000 0.000001 0.000000
 41   -4.433840 -1.059130 0.959566 -0.000001 0.000000 0.000000
 42   -0.657468 1.697302 -2.688614 0.000000 0.000002 0.000000
 43   -0.664068 1.698578 2.869377 0.000000 0.000002 0.000000
time 81
  0   -0.756603 -0.917997 1.293379 0.000000 0.000000 -1.571069
  1   -1.093036 0.000002 -0.326057 -1.569027 -1.622749 -0.001768
  2   2.262337 0.113614 0.064702 -0.000014 0.000037 0.131489
  3   2.380047 0.353302 0.047440 -0.023762 0.005892 0.112863
  4   2.033756 0.190472 -0.000128 -0.188641 0.058221 0.077435
  5   2.451511 0.204909 -0.003447 -0.148814 -0.000958 0.254576
  6   7.247600 -0.397300 -0.109469 0.000001 -0.000003 0.470960
  7   -2.022252 -0.104661 3.136172 1.212706 -1.046098 -4.775980
  8   1.168026 -0.537438 -0.063437 0.334925 0.900944 0.083947
  9   6.790376 -0.619176 0.015206 -0.169926 -0.336055 -1.469806
 10   8.637599 0.544015 -0.090417 -0.319767 0.220262 -0.657224
 11   6.790465 -0.619039 0.017802 -0.171257 -0.225807 -1.038696
 12   -2.022474 -0.104699 -2.873818 -2.468706 1.824383 0.184805
 13   1.167898 -0.537463 0.063297 -0.812460 -0.999525 0.107843
 14   7.002743 -0.617765 -0.183752 0.000115 0.000194 -1.834921
 15   8.209042 0.615527 -0.255885 1.768183 0.319750 0.242467
 16   7.002735 -0.617911 -0.183641 0.013074 0.010018 -1.303092
 17   1.574674 0.609930 -0.000899 0.008449 0.240298 0.294091
 18   -0.602177 0.511412 -0.000006 0.000000 0.000000 0.000000
 19   3.673773 0.177020 1.119313 -0.000002 -0.000014 -0.174510
 20   3.673767 0.176993 -1.117566 0.000007 -0.000003 -0.174546
 21   3.942357 1.330634 1.627658 0.000002 -0.000011 -0.000026
 22   -0.246060 -0.011889 0.516521 -0.000011 0.000031 0.000025
 23   3.942374 1.330659 -1.631083 0.000019 0.000002 -0.000024
 24   -0.246150 -0.011872 -0.516511 -0.000005 -0.000006 0.000048
 25   4.941364 1.997338 1.629330 0.000018 -0.000001 -0.000024
 26   4.941382 1.997366 -1.629410 -0.000001 0.000005 -0.000024
 27   2.918368 1.615358 1.514501 -0.000019 -0.000022 -0.000050
 28   2.920798 1.614964 -1.501142 -0.000002 -0.000009 -0.000024
 29   8.824059 0.150544 0.091743 0.000006 -0.000231 -0.174534
 30   2.111085 -0.561179 1.784320 -0.000008 -0.000682 0.000024
 31   2.121290 -0.561289 -1.853599 0.000000 0.000000 -0.000002
 32   -0.810489 -0.093824 3.127092 0.308687 -2.963972 -0.295141
 33   14.298673 -0.408176 0.475484 0.010830 -0.088871 -0.467367
 34   15.835795 0.581398 0.242756 -0.305885 -0.201989 0.256011
 35   -0.815868 -0.091229 -3.114430 -0.040474 2.853438 0.069176
 36   14.294526 -0.410349 -0.463635 -0.007026 0.076833 -0.395888
 37   15.834409 0.579420 -0.284600 0.273760 0.212841 0.401548
 38   1.139685 -3.453749 -2.823813 0.000000 0.000000 0.000001
 39   -4.457742 -1.054854 -0.746180 0.000000 0.000000 0.000000
 40   1.118101 -3.449769 3.237290 0.000000 0.000001 0.000000
 41   -4.433840 -1.059130 0.959566 -0.000001 0.000000 0.000000
 42   -0.657468 1.697302 -2.688614 0.000000 0.000002 0.000000
 43   -0.664068 1.698578 2.869377 0.000000 0.000002 0.000000
time 82
  0   -0.756603 -0.917997 1.293379 0.000000 0.000000 -1.571069
  1   -1.093036 0.000002 -0.326057 -1.569027 -1.622749 -0.001768
  2   2.262337 0.113614 0.064702 -0.000014 0.000037 0.131489
  3   2.380047 0.353302 0.047440 -0.024332 0.006024 0.112863
  4   2.033756 0.190472 -0.000128 -0.189600 0.058473 0.074644
  5   2.451511 0.204909 -0.003447 -0.148917 -0.001324 0.257152
  6   7.247600 -0.397300 -0.109469 0.000001 -0.000003 0.470960
  7   -2.022252 -0.104661 3.136172 1.212706 -1.046098 -4.775980
  8   1.168026 -0.537438 -0.063437 0.328660 0.900089 0.075660
  9   6.790376 -0.619176 0.015206 -0.169926 -0.336322 -1.476900
 10   8.637599 0.544015 -0.090417 -0.335531 0.213504 -0.646951
 11   6.790465 -0.619039 0.017802 -0.171578 -0.225892 -1.043598
 12   -2.022474 -0.104699 -2.873818 -2.468706 1.824383 0.184805
 13   1.167898 -0.537463 0.063297 -0.809648 -1.000491 0.105119
 14   7.002743 -0.617765 -0.183752 0.000115 0.000194 -1.835499
 15   8.209042 0.615527 -0.255885 1.768758 0.319069 0.245474
 16   7.002735 -0.617911 -0.183641 0.013074 0.010131 -1.303589
 17   1.574674 0.609930 -0.000899 0.009343 0.240747 0.291245
 18   -0.602177 0.511412 -0.000006 0.000000 0.000000 0.000000
 19   3.673773 0.177020 1.119313 -0.000002 -0.000014 -0.174510
 20   3.673767 0.176993 -1.117566 0.000007 -0.000003 -0.174546
 21   3.942357 1.330634 1.627658 0.000002 -0.000011 -0.000026
 22   -0.246060 -0.011889 0.516521 -0.000011 0.000031 0.000025
 23   3.942374 1.330659 -1.631083 0.000019 0.000002 -0.000024
 24   -0.246150 -0.011872 -0.516511 -0.000005 -0.000006 0.000048
 25   4.941364 1.997338 1.629330 0.000018 -0.000001 -0.000024
 26   4.941382 1.997366 -1.629410 -0.000001 0.000005 -0.000024
 27   2.918368 1.615358 1.514501 -0.000019 -0.000022 -0.000050
 28   2.920798 1.614964 -1.501142 -0.000002 -0.000009 -0.000024
 29   8.824059 0.150544 0.091743 0.000006 -0.000231 -0.174534
 30   2.111085 -0.561179 1.784320 -0.000008 -0.000682 0.000024
 31   2.121290 -0.561289 -1.853599 0.000000 0.000000 -0.000002
 32   -0.810489 -0.093824 3.127092 0.308687 -2.963972 -0.295141
 33   14.298673 -0.408176 0.475484 0.010830 -0.088871 -0.467367
 34   15.835795 0.581398 0.242756 -0.305885 -0.201989 0.256011
 35   -0.815868 -0.091229 -3.114430 -0.040474 2.853438 0.069176
 36   14.294526 -0.410349 -0.463635 -0.007026 0.076833 -0.395888
 37   15.834409 0.579420 -0.284600 0.273760 0.212841 0.401548
 38   1.139685 -3.453749 -2.823813 0.000000 0.000000 0.000001
 39   -4.457742 -1.054854 -0.746180 0.000000 0.000000 0.000000
 40   1.118101 -3.449769 3.237290 0.000000 0.000001 0.000000
 41   -4.433840 -1.059130 0.959566 -0.000001 0.000000 0.000000
 42   -0.657468 1.697302 -2.688614 0.000000 0.000002 0.000000
 43   -0.664068 1.698578 2.869377 0.000000 0.000002 0.000000
time 83
  0   -0.756603 -0.917997 1.293379 0.000000 0.000000 -1.571069
  1   -1.093036 0.000002 -0.326057 -1.569027 -1.622749 -0.001768
  2   2.262337 0.113614 0.064702 -0.000014 0.000037 0.131489
  3   2.380047 0.353302 0.047440 -0.024542 0.006072 0.112863
  4   2.033756 0.190472 -0.000128 -0.190024 0.058557 0.073339
  5   2.451511 0.204909 -0.003447 -0.148951 -0.001493 0.258316
  6   7.247600 -0.397300 -0.109469 0.000001 -0.000003 0.470960
  7   -2.022252 -0.104661 3.136172 1.212706 -1.046098 -4.775980
  8   1.168026 -0.537438 -0.063437 0.324800 0.899636 0.071105
  9   6.790376 -0.619176 0.015206 -0.169926 -0.336322 -1.480296
 10   8.637599 0.544015 -0.090417 -0.343897 0.209985 -0.641670
 11   6.790465 -0.619039 0.017802 -0.171724 -0.225892 -1.045963
 12   -2.022474 -0.104699 -2.873818 -2.468706 1.824383 0.184805
 13   1.167898 -0.537463 0.063297 -0.808664 -1.000898 0.103908
 14   7.002743 -0.617765 -0.183752 0.000115 0.000194 -1.835746
 15   8.209042 0.615527 -0.255885 1.769118 0.318691 0.246857
 16   7.002735 -0.617911 -0.183641 0.013074 0.010131 -1.303699
 17   1.574674 0.609930 -0.000899 0.009789 0.240960 0.289582
 18   -0.602177 0.511412 -0.000006 0.000000 0.000000 0.000000
 19   3.673773 0.177020 1.119313 -0.000002 -0.000014 -0.174510
 20   3.673767 0.176993 -1.117566 0.000007 -0.000003 -0.174546
 21   3.942357 1.330634 1.627658 0.000002 -0.000011 -0.000026
 22   -0.246060 -0.011889 0.516521 -0.000011 0.000031 0.000025
 23   3.942374 1.330659 -1.631083 0.000019 0.000002 -0.000024
 24   -0.246150 -0.011872 -0.516511 -0.000005 -0.000006 0.000048
 25   4.941364 1.997338 1.629330 0.000018 -0.000001 -0.000024
 26   4.941382 1.997366 -1.629410 -0.000001 0.000005 -0.000024
 27   2.918368 1.615358 1.514501 -0.000019 -0.000022 -0.000050
 28   2.920798 1.614964 -1.501142 -0.000002 -0.000009 -0.000024
 29   8.824059 0.150544 0.091743 0.000006 -0.000231 -0.174534
 30   2.111085 -0.561179 1.784320 -0.000008 -0.000682 0.000024
 31   2.121290 -0.561289 -1.853599 0.000000 0.000000 -0.000002
 32   -0.810489 -0.093824 3.127092 0.308687 -2.963972 -0.295141
 33   14.298673 -0.408176 0.475484 0.010830 -0.088871 -0.467367
 34   15.835795 0.581398 0.242756 -0.305885 -0.201989 0.256011
 35   -0.815868 -0.091229 -3.114430 -0.040474 2.853438 0.069176
 36   14.294526 -0.410349 -0.463635 -0.007026 0.076833 -0.395888
 37   15.834409 0.579420 -0.284600 0.273760 0.212841 0.401548
 38   1.139685 -3.453749 -2.823813 0.000000 0.000000 0.000001
 39   -4.457742 -1.054854 -0.746180 0.000000 0.000000 0.000000
 40   1.118101 -3.449769 3.237290 0.000000 0.000001 0.000000
 41   -4.433840 -1.059130 0.959566 -0.000001 0.000000 0.000000
 42   -0.657468 1.697302 -2.688614 0.000000 0.000002 0.000000
 43   -0.664068 1.698578 2.869377 0.000000 0.000002 0.000000
time 84
  0   -0.756603 -0.917997 1.293379 0.000000 0.000000 -1.571069
  1   -1.093036 0.000002 -0.326057 -1.569027 -1.622749 -0.001768
  2   2.262337 0.113614 0.064702 -0.000014 0.000037 0.131489
  3   2.380047 0.353302 0.047440 -0.024902 0.006192 0.112863
  4   2.033756 0.190472 -0.000128 -0.190688 0.058701 0.071128
  5   2.451511 0.204909 -0.003447 -0.148968 -0.001846 0.260421
  6   7.247600 -0.397300 -0.109469 0.000001 -0.000003 0.470960
  7   -2.022252 -0.104661 3.136172 1.212706 -1.046098 -4.775980
  8   1.168026 -0.537438 -0.063437 0.316890 0.898378 0.061110
  9   6.790376 -0.619176 0.015206 -0.169926 -0.336522 -1.487239
 10   8.637599 0.544015 -0.090417 -0.361774 0.203016 -0.631180
 11   6.790465 -0.619039 0.017802 -0.172016 -0.225892 -1.050750
 12   -2.022474 -0.104699 -2.873818 -2.468706 1.824383 0.184805
 13   1.167898 -0.537463 0.063297 -0.806555 -1.001610 0.101850
 14   7.002743 -0.617765 -0.183752 0.000115 0.000194 -1.836489
 15   8.209042 0.615527 -0.255885 1.769549 0.318161 0.249563
 16   7.002735 -0.617911 -0.183641 0.013074 0.010131 -1.304251
 17   1.574674 0.609930 -0.000899 0.010886 0.241363 0.286292
 18   -0.602177 0.511412 -0.000006 0.000000 0.000000 0.000000
 19   3.673773 0.177020 1.119313 -0.000002 -0.000014 -0.174510
 20   3.673767 0.176993 -1.117566 0.000007 -0.000003 -0.174546
 21   3.942357 1.330634 1.627658 0.000002 -0.000011 -0.000026
 22   -0.246060 -0.011889 0.516521 -0.000011 0.000031 0.000025
 23   3.942374 1.330659 -1.631083 0.000019 0.000002 -0.000024
 24   -0.246150 -0.011872 -0.516511 -0.000005 -0.000006 0.000048
 25   4.941364 1.997338 1.629330 0.000018 -0.000001 -0.000024
 26   4.941382 1.997366 -1.629410 -0.000001 0.000005 -0.000024
 27   2.918368 1.615358 1.514501 -0.000019 -0.000022 -0.000050
 28   2.920798 1.614964 -1.501142 -0.000002 -0.000009 -0.000024
 29   8.824059 0.150544 0.091743 0.000006 -0.000231 -0.174534
 30   2.111085 -0.561179 1.784320 -0.000008 -0.000682 0.000024
 31   2.121290 -0.561289 -1.853599 0.000000 0.000000 -0.000002
 32   -0.810489 -0.093824 3.127092 0.308687 -2.963972 -0.295141
 33   14.298673 -0.408176 0.475484 0.010830 -0.088871 -0.467367
 34   15.835795 0.581398 0.242756 -0.305885 -0.201989 0.256011
 35   -0.815868 -0.091229 -3.114430 -0.040474 2.853438 0.069176
 36   14.294526 -0.410349 -0.463635 -0.007026 0.076833 -0.395888
 37   15.834409 0.579420 -0.284600 0.273760 0.212841 0.401548
 38   1.139685 -3.453749 -2.823813 0.000000 0.000000 0.000001
 39   -4.457742 -1.054854 -0.746180 0.000000 0.000000 0.000000
 40   1.118101 -3.449769 3.237290 0.000000 0.000001 0.000000
 41   -4.433840 -1.059130 0.959566 -0.000001 0.000000 0.000000
 42   -0.657468 1.697302 -2.688614 0.000000 0.000002 0.000000
 43   -0.664068 1.698578 2.869377 0.000000 0.000002 0.000000
time 85
  0   -0.756603 -0.917997 1.293379 0.000000 0.000000 -1.571069
  1   -1.093036 0.000002 -0.326057 -1.569027 -1.622749 -0.001768
  2   2.262337 0.113614 0.064702 -0.000014 0.000037 0.131489
  3   2.380047 0.353302 0.047440 -0.025157 0.006252 0.112863
  4   2.033756 0.190472 -0.000128 -0.191241 0.058773 0.069388
  5   2.451511 0.204909 -0.003447 -0.148968 -0.002068 0.262105
  6   7.247600 -0.397300 -0.109469 0.000001 -0.000003 0.470960
  7   -2.022252 -0.104661 3.136172 1.212706 -1.046098 -4.775980
  8   1.168026 -0.537438 -0.063437 0.308347 0.897070 0.050419
  9   6.790376 -0.619176 0.015206 -0.169926 -0.336589 -1.494182
 10   8.637599 0.544015 -0.090417 -0.380972 0.195977 -0.620473
 11   6.790465 -0.619039 0.017802 -0.172308 -0.225892 -1.055479
 12   -2.022474 -0.104699 -2.873818 -2.468706 1.824383 0.184805
 13   1.167898 -0.537463 0.063297 -0.804939 -1.001966 0.100276
 14   7.002743 -0.617765 -0.183752 0.000115 0.000194 -1.837314
 15   8.209042 0.615527 -0.255885 1.770124 0.317556 0.251848
 16   7.002735 -0.617911 -0.183641 0.013074 0.010131 -1.304858
 17   1.574674 0.609930 -0.000899 0.011983 0.241718 0.282633
 18   -0.602177 0.511412 -0.000006 0.000000 0.000000 0.000000
 19   3.673773 0.177020 1.119313 -0.000002 -0.000014 -0.174510
 20   3.673767 0.176993 -1.117566 0.000007 -0.000003 -0.174546
 21   3.942357 1.330634 1.627658 0.000002 -0.000011 -0.000026
 22   -0.246060 -0.011889 0.516521 -0.000011 0.000031 0.000025
 23   3.942374 1.330659 -1.631083 0.000019 0.000002 -0.000024
 24   -0.246150 -0.011872 -0.516511 -0.000005 -0.000006 0.000048
 25   4.941364 1.997338 1.629330 0.000018 -0.000001 -0.000024
 26   4.941382 1.997366 -1.629410 -0.000001 0.000005 -0.000024
 27   2.918368 1.615358 1.514501 -0.000019 -0.000022 -0.000050
 28   2.920798 1.614964 -1.501142 -0.000002 -0.000009 -0.000024
 29   8.824059 0.150544 0.091743 0.000006 -0.000231 -0.174534
 30   2.111085 -0.561179 1.784320 -0.000008 -0.000682 0.000024
 31   2.121290 -0.561289 -1.853599 0.000000 0.000000 -0.000002
 32   -0.810489 -0.093824 3.127092 0.308687 -2.963972 -0.295141
 33   14.298673 -0.408176 0.475484 0.010830 -0.088871 -0.467367
 34   15.835795 0.581398 0.242756 -0.305885 -0.201989 0.256011
 35   -0.815868 -0.091229 -3.114430 -0.040474 2.853438 0.069176
 36   14.294526 -0.410349 -0.463635 -0.007026 0.076833 -0.395888
 37   15.834409 0.579420 -0.284600 0.273760 0.212841 0.401548
 38   1.139685 -3.453749 -2.823813 0.000000 0.000000 0.000001
 39   -4.457742 -1.054854 -0.746180 0.000000 0.000000 0.000000
 40   1.118101 -3.449769 3.237290 0.000000 0.000001 0.000000
 41   -4.433840 -1.059130 0.959566 -0.000001 0.000000 0.000000
 42   -0.657468 1.697302 -2.688614 0.000000 0.000002 0.000000
 43   -0.664068 1.698578 2.869377 0.000000 0.000002 0.000000
time 86
  0   -0.756603 -0.917997 1.293379 0.000000 0.000000 -1.571069
  1   -1.093036 0.000002 -0.326057 -1.569027 -1.622749 -0.001768
  2   2.262337 0.113614 0.064702 -0.000014 0.000037 0.131489
  3   2.380047 0.353302 0.047440 -0.025247 0.006276 0.112863
  4   2.033756 0.190472 -0.000128 -0.191444 0.058808 0.068808
  5   2.451511 0.204909 -0.003447 -0.149054 -0.002159 0.262749
  6   7.247600 -0.397300 -0.109469 0.000001 -0.000003 0.470960
  7   -2.022252 -0.104661 3.136172 1.212706 -1.046098 -4.775980
  8   1.168026 -0.537438 -0.063437 0.303854 0.896416 0.044852
  9   6.790376 -0.619176 0.015206 -0.169926 -0.336589 -1.497578
 10   8.637599 0.544015 -0.090417 -0.391188 0.192528 -0.615192
 11   6.790465 -0.619039 0.017802 -0.172454 -0.225892 -1.057844
 12   -2.022474 -0.104699 -2.873818 -2.468706 1.824383 0.184805
 13   1.167898 -0.537463 0.063297 -0.804447 -1.002220 0.099913
 14   7.002743 -0.617765 -0.183752 0.000115 0.000194 -1.837809
 15   8.209042 0.615527 -0.255885 1.770196 0.317329 0.253111
 16   7.002735 -0.617911 -0.183641 0.013074 0.010131 -1.305134
 17   1.574674 0.609930 -0.000899 0.012592 0.241860 0.280674
 18   -0.602177 0.511412 -0.000006 0.000000 0.000000 0.000000
 19   3.673773 0.177020 1.119313 -0.000002 -0.000014 -0.174510
 20   3.673767 0.176993 -1.117566 0.000007 -0.000003 -0.174546
 21   3.942357 1.330634 1.627658 0.000002 -0.000011 -0.000026
 22   -0.246060 -0.011889 0.516521 -0.000011 0.000031 0.000025
 23   3.942374 1.330659 -1.631083 0.000019 0.000002 -0.000024
 24   -0.246150 -0.011872 -0.516511 -0.000005 -0.000006 0.000048
 25   4.941364 1.997338 1.629330 0.000018 -0.000001 -0.000024
 26   4.941382 1.997366 -1.629410 -0.000001 0.000005 -0.000024
 27   2.918368 1.615358 1.514501 -0.000019 -0.000022 -0.000050
 28   2.920798 1.614964 -1.501142 -0.000002 -0.000009 -0.000024
 29   8.824059 0.150544 0.091743 0.000006 -0.000231 -0.174534
 30   2.111085 -0.561179 1.784320 -0.000008 -0.000682 0.000024
 31   2.121290 -0.561289 -1.853599 0.000000 0.000000 -0.000002
 32   -0.810489 -0.093824 3.127092 0.308687 -2.963972 -0.295141
 33   14.298673 -0.408176 0.475484 0.010830 -0.088871 -0.467367
 34   15.835795 0.581398 0.242756 -0.305885 -0.201989 0.256011
 35   -0.815868 -0.091229 -3.114430 -0.040474 2.853438 0.069176
 36   14.294526 -0.410349 -0.463635 -0.007026 0.076833 -0.395888
 37   15.834409 0.579420 -0.284600 0.273760 0.212841 0.401548
 38   1.139685 -3.453749 -2.823813 0.000000 0.000000 0.000001
 39   -4.457742 -1.054854 -0.746180 0.000000 0.000000 0.000000
 40   1.118101 -3.449769 3.237290 0.000000 0.000001 0.000000
 41   -4.433840 -1.059130 0.959566 -0.000001 0.000000 0.000000
 42   -0.657468 1.697302 -2.688614 0.000000 0.000002 0.000000
 43   -0.664068 1.698578 2.869377 0.000000 0.000002 0.000000
time 87
  0   -0.756603 -0.917997 1.293379 0.000000 0.000000 -1.571069
  1   -1.093036 0.000002 -0.326057 -1.569027 -1.622749 -0.001768
  2   2.262337 0.113614 0.064702 -0.000014 0.000037 0.131489
  3   2.380047 0.353302 0.047440 -0.025352 0.006300 0.112863
  4   2.033756 0.190472 -0.000128 -0.191739 0.058856 0.067902
  5   2.451511 0.204909 -0.003447 -0.149071 -0.002342 0.263640
  6   7.247600 -0.397300 -0.109469 0.000001 -0.000003 0.470960
  7   -2.022252 -0.104661 3.136172 1.212706 -1.046098 -4.775980
  8   1.168026 -0.537438 -0.063437 0.294552 0.894906 0.033655
  9   6.790376 -0.619176 0.015206 -0.169926 -0.336856 -1.504672
 10   8.637599 0.544015 -0.090417 -0.412764 0.185489 -0.604557
 11   6.790465 -0.619039 0.017802 -0.172775 -0.225892 -1.062804
 12   -2.022474 -0.104699 -2.873818 -2.468706 1.824383 0.184805
 13   1.167898 -0.537463 0.063297 -0.803744 -1.002322 0.099368
 14   7.002743 -0.617765 -0.183752 0.000115 0.000194 -1.838799
 15   8.209042 0.615527 -0.255885 1.770771 0.316875 0.255156
 16   7.002735 -0.617911 -0.183641 0.013074 0.010131 -1.305741
 17   1.574674 0.609930 -0.000899 0.013851 0.242144 0.276608
 18   -0.602177 0.511412 -0.000006 0.000000 0.000000 0.000000
 19   3.673773 0.177020 1.119313 -0.000002 -0.000014 -0.174510
 20   3.673767 0.176993 -1.117566 0.000007 -0.000003 -0.174546
 21   3.942357 1.330634 1.627658 0.000002 -0.000011 -0.000026
 22   -0.246060 -0.011889 0.516521 -0.000011 0.000031 0.000025
 23   3.942374 1.330659 -1.631083 0.000019 0.000002 -0.000024
 24   -0.246150 -0.011872 -0.516511 -0.000005 -0.000006 0.000048
 25   4.941364 1.997338 1.629330 0.000018 -0.000001 -0.000024
 26   4.941382 1.997366 -1.629410 -0.000001 0.000005 -0.000024
 27   2.918368 1.615358 1.514501 -0.000019 -0.000022 -0.000050
 28   2.920798 1.614964 -1.501142 -0.000002 -0.000009 -0.000024
 29   8.824059 0.150544 0.091743 0.000006 -0.000231 -0.174534
 30   2.111085 -0.561179 1.784320 -0.000008 -0.000682 0.000024
 31   2.121290 -0.561289 -1.853599 0.000000 0.000000 -0.000002
 32   -0.810489 -0.093824 3.127092 0.308687 -2.963972 -0.295141
 33   14.298673 -0.408176 0.475484 0.010830 -0.088871 -0.467367
 34   15.835795 0.581398 0.242756 -0.305885 -0.201989 0.256011
 35   -0.815868 -0.091229 -3.114430 -0.040474 2.853438 0.069176
 36   14.294526 -0.410349 -0.463635 -0.007026 0.076833 -0.395888
 37   15.834409 0.579420 -0.284600 0.273760 0.212841 0.401548
 38   1.139685 -3.453749 -2.823813 0.000000 0.000000 0.000001
 39   -4.457742 -1.054854 -0.746180 0.000000 0.000000 0.000000
 40   1.118101 -3.449769 3.237290 0.000000 0.000001 0.000000
 41   -4.433840 -1.059130 0.959566 -0.000001 0.000000 0.000000
 42   -0.657468 1.697302 -2.688614 0.000000 0.000002 0.000000
 43   -0.664068 1.698578 2.869377 0.000000 0.000002 0.000000
time 88
  0   -0.756603 -0.917997 1.293379 0.000000 0.000000 -1.571069
  1   -1.093036 0.000002 -0.326057 -1.569027 -1.622749 -0.001768
  2   2.262337 0.113614 0.064702 -0.000014 0.000037 0.131489
  3   2.380047 0.353302 0.047440 -0.025382 0.006300 0.112863
  4   2.033756 0.190472 -0.000128 -0.191776 0.058868 0.067612
  5   2.451511 0.204909 -0.003447 -0.149088 -0.002355 0.263913
  6   7.247600 -0.397300 -0.109469 0.000001 -0.000003 0.470960
  7   -2.022252 -0.104661 3.136172 1.212706 -1.046098 -4.775980
  8   1.168026 -0.537438 -0.063437 0.290059 0.894051 0.028278
  9   6.790376 -0.619176 0.015206 -0.169926 -0.336856 -1.508219
 10   8.637599 0.544015 -0.090417 -0.423948 0.182040 -0.599493
 11   6.790465 -0.619039 0.017802 -0.172921 -0.225892 -1.065168
 12   -2.022474 -0.104699 -2.873818 -2.468706 1.824383 0.184805
 13   1.167898 -0.537463 0.063297 -0.803744 -1.002271 0.099247
 14   7.002743 -0.617765 -0.183752 0.000115 0.000194 -1.839459
 15   8.209042 0.615527 -0.255885 1.770987 0.316648 0.256058
 16   7.002735 -0.617911 -0.183641 0.013074 0.010131 -1.306293
 17   1.574674 0.609930 -0.000899 0.014501 0.242238 0.274465
 18   -0.602177 0.511412 -0.000006 0.000000 0.000000 0.000000
 19   3.673773 0.177020 1.119313 -0.000002 -0.000014 -0.174510
 20   3.673767 0.176993 -1.117566 0.000007 -0.000003 -0.174546
 21   3.942357 1.330634 1.627658 0.000002 -0.000011 -0.000026
 22   -0.246060 -0.011889 0.516521 -0.000011 0.000031 0.000025
 23   3.942374 1.330659 -1.631083 0.000019 0.000002 -0.000024
 24   -0.246150 -0.011872 -0.516511 -0.000005 -0.000006 0.000048
 25   4.941364 1.997338 1.629330 0.000018 -0.000001 -0.000024
 26   4.941382 1.997366 -1.629410 -0.000001 0.000005 -0.000024
 27   2.918368 1.615358 1.514501 -0.000019 -0.000022 -0.000050
 28   2.920798 1.614964 -1.501142 -0.000002 -0.000009 -0.000024
 29   8.824059 0.150544 0.091743 0.000006 -0.000231 -0.174534
 30   2.111085 -0.561179 1.784320 -0.000008 -0.000682 0.000024
 31   2.121290 -0.561289 -1.853599 0.000000 0.000000 -0.000002
 32   -0.810489 -0.093824 3.127092 0.308687 -2.963972 -0.295141
 33   14.298673 -0.408176 0.475484 0.010830 -0.088871 -0.467367
 34   15.835795 0.581398 0.242756 -0.305885 -0.201989 0.256011
 35   -0.815868 -0.091229 -3.114430 -0.040474 2.853438 0.069176
 36   14.294526 -0.410349 -0.463635 -0.007026 0.076833 -0.395888
 37   15.834409 0.579420 -0.284600 0.273760 0.212841 0.401548
 38   1.139685 -3.453749 -2.823813 0.000000 0.000000 0.000001
 39   -4.457742 -1.054854 -0.746180 0.000000 0.000000 0.000000
 40   1.118101 -3.449769 3.237290 0.000000 0.000001 0.000000
 41   -4.433840 -1.059130 0.959566 -0.000001 0.000000 0.000000
 42   -0.657468 1.697302 -2.688614 0.000000 0.000002 0.000000
 43   -0.664068 1.698578 2.869377 0.000000 0.000002 0.000000
time 89
  0   -0.756603 -0.917997 1.293379 0.000000 0.000000 -1.571069
  1   -1.093036 0.000002 -0.326057 -1.569027 -1.622749 -0.001768
  2   2.262337 0.113614 0.064702 -0.000014 0.000037 0.131489
  3   2.380047 0.353302 0.047440 -0.025367 0.006300 0.112863
  4   2.033756 0.190472 -0.000128 -0.191776 0.058856 0.067576
  5   2.451511 0.204909 -0.003447 -0.149071 -0.002368 0.263913
  6   7.247600 -0.397300 -0.109469 0.000001 -0.000003 0.470960
  7   -2.022252 -0.104661 3.136172 1.212706 -1.046098 -4.775980
  8   1.168026 -0.537438 -0.063437 0.281010 0.892240 0.017776
  9   6.790376 -0.619176 0.015206 -0.169926 -0.337056 -1.515388
 10   8.637599 0.544015 -0.090417 -0.447990 0.175071 -0.589220
 11   6.790465 -0.619039 0.017802 -0.173213 -0.225949 -1.070244
 12   -2.022474 -0.104699 -2.873818 -2.468706 1.824383 0.184805
 13   1.167898 -0.537463 0.063297 -0.804165 -1.001966 0.099731
 14   7.002743 -0.617765 -0.183752 0.000115 0.000194 -1.840614
 15   8.209042 0.615527 -0.255885 1.771347 0.316194 0.257742
 16   7.002735 -0.617911 -0.183641 0.013074 0.010131 -1.307066
 17   1.574674 0.609930 -0.000899 0.015882 0.242451 0.269882
 18   -0.602177 0.511412 -0.000006 0.000000 0.000000 0.000000
 19   3.673773 0.177020 1.119313 -0.000002 -0.000014 -0.174510
 20   3.673767 0.176993 -1.117566 0.000007 -0.000003 -0.174546
 21   3.942357 1.330634 1.627658 0.000002 -0.000011 -0.000026
 22   -0.246060 -0.011889 0.516521 -0.000011 0.000031 0.000025
 23   3.942374 1.330659 -1.631083 0.000019 0.000002 -0.000024
 24   -0.246150 -0.011872 -0.516511 -0.000005 -0.000006 0.000048
 25   4.941364 1.997338 1.629330 0.000018 -0.000001 -0.000024
 26   4.941382 1.997366 -1.629410 -0.000001 0.000005 -0.000024
 27   2.918368 1.615358 1.514501 -0.000019 -0.000022 -0.000050
 28   2.920798 1.614964 -1.501142 -0.000002 -0.000009 -0.000024
 29   8.824059 0.150544 0.091743 0.000006 -0.000231 -0.174534
 30   2.111085 -0.561179 1.784320 -0.000008 -0.000682 0.000024
 31   2.121290 -0.561289 -1.853599 0.000000 0.000000 -0.000002
 32   -0.810489 -0.093824 3.127092 0.308687 -2.963972 -0.295141
 33   14.298673 -0.408176 0.475484 0.010830 -0.088871 -0.467367
 34   15.835795 0.581398 0.242756 -0.305885 -0.201989 0.256011
 35   -0.815868 -0.091229 -3.114430 -0.040474 2.853438 0.069176
 36   14.294526 -0.410349 -0.463635 -0.007026 0.076833 -0.395888
 37   15.834409 0.579420 -0.284600 0.273760 0.212841 0.401548
 38   1.139685 -3.453749 -2.823813 0.000000 0.000000 0.000001
 39   -4.457742 -1.054854 -0.746180 0.000000 0.000000 0.000000
 40   1.118101 -3.449769 3.237290 0.000000 0.000001 0.000000
 41   -4.433840 -1.059130 0.959566 -0.000001 0.000000 0.000000
 42   -0.657468 1.697302 -2.688614 0.000000 0.000002 0.000000
 43   -0.664068 1.698578 2.869377 0.000000 0.000002 0.000000
time 90
  0   -0.756603 -0.917997 1.293379 0.000000 0.000000 -1.571069
  1   -1.093036 0.000002 -0.326057 -1.569027 -1.622749 -0.001768
  2   2.262337 0.113614 0.064702 -0.000014 0.000037 0.131489
  3   2.380047 0.353302 0.047440 -0.025307 0.006288 0.112863
  4   2.033756 0.190472 -0.000128 -0.191739 0.058844 0.067612
  5   2.451511 0.204909 -0.003447 -0.149071 -0.002342 0.263839
  6   7.247600 -0.397300 -0.109469 0.000001 -0.000003 0.470960
  7   -2.022252 -0.104661 3.136172 1.212706 -1.046098 -4.775980
  8   1.168026 -0.537438 -0.063437 0.276327 0.891183 0.012399
  9   6.790376 -0.619176 0.015206 -0.169926 -0.337123 -1.519237
 10   8.637599 0.544015 -0.090417 -0.460407 0.171974 -0.584156
 11   6.790465 -0.619039 0.017802 -0.173447 -0.225949 -1.072897
 12   -2.022474 -0.104699 -2.873818 -2.468706 1.824383 0.184805
 13   1.167898 -0.537463 0.063297 -0.804728 -1.001610 0.100397
 14   7.002743 -0.617765 -0.183752 0.000115 0.000194 -1.841604
 15   8.209042 0.615527 -0.255885 1.771490 0.316042 0.258463
 16   7.002735 -0.617911 -0.183641 0.013074 0.010131 -1.307728
 17   1.574674 0.609930 -0.000899 0.016573 0.242570 0.267479
 18   -0.602177 0.511412 -0.000006 0.000000 0.000000 0.000000
 19   3.673773 0.177020 1.119313 -0.000002 -0.000014 -0.174510
 20   3.673767 0.176993 -1.117566 0.000007 -0.000003 -0.174546
 21   3.942357 1.330634 1.627658 0.000002 -0.000011 -0.000026
 22   -0.246060 -0.011889 0.516521 -0.000011 0.000031 0.000025
 23   3.942374 1.330659 -1.631083 0.000019 0.000002 -0.000024
 24   -0.246150 -0.011872 -0.516511 -0.000005 -0.000006 0.000048
 25   4.941364 1.997338 1.629330 0.000018 -0.000001 -0.000024
 26   4.941382 1.997366 -1.629410 -0.000001 0.000005 -0.000024
 27   2.918368 1.615358 1.514501 -0.000019 -0.000022 -0.000050
 28   2.920798 1.614964 -1.501142 -0.000002 -0.000009 -0.000024
 29   8.824059 0.150544 0.091743 0.000006 -0.000231 -0.174534
 30   2.111085 -0.561179 1.784320 -0.000008 -0.000682 0.000024
 31   2.121290 -0.561289 -1.853599 0.000000 0.000000 -0.000002
 32   -0.810489 -0.093824 3.127092 0.308687 -2.963972 -0.295141
 33   14.298673 -0.408176 0.475484 0.010830 -0.088871 -0.467367
 34   15.835795 0.581398 0.242756 -0.305885 -0.201989 0.256011
 35   -0.815868 -0.091229 -3.114430 -0.040474 2.853438 0.069176
 36   14.294526 -0.410349 -0.463635 -0.007026 0.076833 -0.395888
 37   15.834409 0.579420 -0.284600 0.273760 0.212841 0.401548
 38   1.139685 -3.453749 -2.823813 0.000000 0.000000 0.000001
 39   -4.457742 -1.054854 -0.746180 0.000000 0.000000 0.000000
 40   1.118101 -3.449769 3.237290 0.000000 0.000001 0.000000
 41   -4.433840 -1.059130 0.959566 -0.000001 0.000000 0.000000
 42   -0.657468 1.697302 -2.688614 0.000000 0.000002 0.000000
 43   -0.664068 1.698578 2.869377 0.000000 0.000002 0.000000
time 91
  0   -0.756603 -0.917997 1.293379 0.000000 0.000000 -1.571069
  1   -1.093036 0.000002 -0.326057 -1.569027 -1.622749 -0.001768
  2   2.262337 0.113614 0.064702 -0.000014 0.000037 0.131489
  3   2.380047 0.353302 0.047440 -0.025082 0.006228 0.112863
  4   2.033756 0.190472 -0.000128 -0.191481 0.058785 0.067757
  5   2.451511 0.204909 -0.003447 -0.148968 -0.002290 0.263492
  6   7.247600 -0.397300 -0.109469 0.000001 -0.000003 0.470960
  7   -2.022252 -0.104661 3.136172 1.212706 -1.046098 -4.775980
  8   1.168026 -0.537438 -0.063437 0.267278 0.889070 0.002214
  9   6.790376 -0.619176 0.015206 -0.169926 -0.337123 -1.526633
 10   8.637599 0.544015 -0.090417 -0.486474 0.165498 -0.574462
 11   6.790465 -0.619039 0.017802 -0.173768 -0.225949 -1.077915
 12   -2.022474 -0.104699 -2.873818 -2.468706 1.824383 0.184805
 13   1.167898 -0.537463 0.063297 -0.805853 -1.000949 0.101729
 14   7.002743 -0.617765 -0.183752 0.000115 0.000194 -1.842924
 15   8.209042 0.615527 -0.255885 1.771634 0.315740 0.259666
 16   7.002735 -0.617911 -0.183641 0.013027 0.010131 -1.308777
 17   1.574674 0.609930 -0.000899 0.018076 0.242712 0.262305
 18   -0.602177 0.511412 -0.000006 0.000000 0.000000 0.000000
 19   3.673773 0.177020 1.119313 -0.000002 -0.000014 -0.174510
 20   3.673767 0.176993 -1.117566 0.000007 -0.000003 -0.174546
 21   3.942357 1.330634 1.627658 0.000002 -0.000011 -0.000026
 22   -0.246060 -0.011889 0.516521 -0.000011 0.000031 0.000025
 23   3.942374 1.330659 -1.631083 0.000019 0.000002 -0.000024
 24   -0.246150 -0.011872 -0.516511 -0.000005 -0.000006 0.000048
 25   4.941364 1.997338 1.629330 0.000018 -0.000001 -0.000024
 26   4.941382 1.997366 -1.629410 -0.000001 0.000005 -0.000024
 27   2.918368 1.615358 1.514501 -0.000019 -0.000022 -0.000050
 28   2.920798 1.614964 -1.501142 -0.000002 -0.000009 -0.000024
 29   8.824059 0.150544 0.091743 0.000006 -0.000231 -0.174534
 30   2.111085 -0.561179 1.784320 -0.000008 -0.000682 0.000024
 31   2.121290 -0.561289 -1.853599 0.000000 0.000000 -0.000002
 32   -0.810489 -0.093824 3.127092 0.308687 -2.963972 -0.295141
 33   14.298673 -0.408176 0.475484 0.010830 -0.088871 -0.467367
 34   15.835795 0.581398 0.242756 -0.305885 -0.201989 0.256011
 35   -0.815868 -0.091229 -3.114430 -0.040474 2.853438 0.069176
 36   14.294526 -0.410349 -0.463635 -0.007026 0.076833 -0.395888
 37   15.834409 0.579420 -0.284600 0.273760 0.212841 0.401548
 38   1.139685 -3.453749 -2.823813 0.000000 0.000000 0.000001
 39   -4.457742 -1.054854 -0.746180 0.000000 0.000000 0.000000
 40   1.118101 -3.449769 3.237290 0.000000 0.000001 0.000000
 41   -4.433840 -1.059130 0.959566 -0.000001 0.000000 0.000000
 42   -0.657468 1.697302 -2.688614 0.000000 0.000002 0.000000
 43   -0.664068 1.698578 2.869377 0.000000 0.000002 0.000000
time 92
  0   -0.756603 -0.917997 1.293379 0.000000 0.000000 -1.571069
  1   -1.093036 0.000002 -0.326057 -1.569027 -1.622749 -0.001768
  2   2.262337 0.113614 0.064702 -0.000014 0.000037 0.131489
  3   2.380047 0.353302 0.047440 -0.024722 0.006096 0.112863
  4   2.033756 0.190472 -0.000128 -0.191149 0.058689 0.067902
  5   2.451511 0.204909 -0.003447 -0.148968 -0.002185 0.262922
  6   7.247600 -0.397300 -0.109469 0.000001 -0.000003 0.470960
  7   -2.022252 -0.104661 3.136172 1.212706 -1.046098 -4.775980
  8   1.168026 -0.537438 -0.063437 0.258672 0.886504 -0.007275
  9   6.790376 -0.619176 0.015206 -0.169926 -0.337390 -1.534104
 10   8.637599 0.544015 -0.090417 -0.514567 0.159163 -0.565202
 11   6.790465 -0.619039 0.017802 -0.174089 -0.226006 -1.083163
 12   -2.022474 -0.104699 -2.873818 -2.468706 1.824383 0.184805
 13   1.167898 -0.537463 0.063297 -0.807540 -1.000237 0.103424
 14   7.002743 -0.617765 -0.183752 0.000115 0.000194 -1.844162
 15   8.209042 0.615527 -0.255885 1.771778 0.315513 0.260809
 16   7.002735 -0.617911 -0.183641 0.013027 0.010131 -1.309715
 17   1.574674 0.609930 -0.000899 0.019660 0.242854 0.256982
 18   -0.602177 0.511412 -0.000006 0.000000 0.000000 0.000000
 19   3.673773 0.177020 1.119313 -0.000002 -0.000014 -0.174510
 20   3.673767 0.176993 -1.117566 0.000007 -0.000003 -0.174546
 21   3.942357 1.330634 1.627658 0.000002 -0.000011 -0.000026
 22   -0.246060 -0.011889 0.516521 -0.000011 0.000031 0.000025
 23   3.942374 1.330659 -1.631083 0.000019 0.000002 -0.000024
 24   -0.246150 -0.011872 -0.516511 -0.000005 -0.000006 0.000048
 25   4.941364 1.997338 1.629330 0.000018 -0.000001 -0.000024
 26   4.941382 1.997366 -1.629410 -0.000001 0.000005 -0.000024
 27   2.918368 1.615358 1.514501 -0.000019 -0.000022 -0.000050
 28   2.920798 1.614964 -1.501142 -0.000002 -0.000009 -0.000024
 29   8.824059 0.150544 0.091743 0.000006 -0.000231 -0.174534
 30   2.111085 -0.561179 1.784320 -0.000008 -0.000682 0.000024
 31   2.121290 -0.561289 -1.853599 0.000000 0.000000 -0.000002
 32   -0.810489 -0.093824 3.127092 0.308687 -2.963972 -0.295141
 33   14.298673 -0.408176 0.475484 0.010830 -0.088871 -0.467367
 34   15.835795 0.581398 0.242756 -0.305885 -0.201989 0.256011
 35   -0.815868 -0.091229 -3.114430 -0.040474 2.853438 0.069176
 36   14.294526 -0.410349 -0.463635 -0.007026 0.076833 -0.395888
 37   15.834409 0.579420 -0.284600 0.273760 0.212841 0.401548
 38   1.139685 -3.453749 -2.823813 0.000000 0.000000 0.000001
 39   -4.457742 -1.054854 -0.746180 0.000000 0.000000 0.000000
 40   1.118101 -3.449769 3.237290 0.000000 0.000001 0.000000
 41   -4.433840 -1.059130 0.959566 -0.000001 0.000000 0.000000
 42   -0.657468 1.697302 -2.688614 0.000000 0.000002 0.000000
 43   -0.664068 1.698578 2.869377 0.000000 0.000002 0.000000
time 93
  0   -0.756603 -0.917997 1.293379 0.000000 0.000000 -1.571069
  1   -1.093036 0.000002 -0.326057 -1.569027 -1.622749 -0.001768
  2   2.262337 0.113614 0.064702 -0.000014 0.000037 0.131489
  3   2.380047 0.353302 0.047440 -0.024482 0.006048 0.112863
  4   2.033756 0.190472 -0.000128 -0.190909 0.058617 0.068047
  5   2.451511 0.204909 -0.003447 -0.148968 -0.002146 0.262600
  6   7.247600 -0.397300 -0.109469 0.000001 -0.000003 0.470960
  7   -2.022252 -0.104661 3.136172 1.212706 -1.046098 -4.775980
  8   1.168026 -0.537438 -0.063437 0.254432 0.885095 -0.011640
  9   6.790376 -0.619176 0.015206 -0.169926 -0.337390 -1.537953
 10   8.637599 0.544015 -0.090417 -0.528833 0.156277 -0.560717
 11   6.790465 -0.619039 0.017802 -0.174235 -0.226006 -1.085701
 12   -2.022474 -0.104699 -2.873818 -2.468706 1.824383 0.184805
 13   1.167898 -0.537463 0.063297 -0.808453 -0.999830 0.104453
 14   7.002743 -0.617765 -0.183752 0.000115 0.000194 -1.844987
 15   8.209042 0.615527 -0.255885 1.771850 0.315361 0.261109
 16   7.002735 -0.617911 -0.183641 0.013027 0.010131 -1.310212
 17   1.574674 0.609930 -0.000899 0.020513 0.242925 0.254099
 18   -0.602177 0.511412 -0.000006 0.000000 0.000000 0.000000
 19   3.673773 0.177020 1.119313 -0.000002 -0.000014 -0.174510
 20   3.673767 0.176993 -1.117566 0.000007 -0.000003 -0.174546
 21   3.942357 1.330634 1.627658 0.000002 -0.000011 -0.000026
 22   -0.246060 -0.011889 0.516521 -0.000011 0.000031 0.000025
 23   3.942374 1.330659 -1.631083 0.000019 0.000002 -0.000024
 24   -0.246150 -0.011872 -0.516511 -0.000005 -0.000006 0.000048
 25   4.941364 1.997338 1.629330 0.000018 -0.000001 -0.000024
 26   4.941382 1.997366 -1.629410 -0.000001 0.000005 -0.000024
 27   2.918368 1.615358 1.514501 -0.000019 -0.000022 -0.000050
 28   2.920798 1.614964 -1.501142 -0.000002 -0.000009 -0.000024
 29   8.824059 0.150544 0.091743 0.000006 -0.000231 -0.174534
 30   2.111085 -0.561179 1.784320 -0.000008 -0.000682 0.000024
 31   2.121290 -0.561289 -1.853599 0.000000 0.000000 -0.000002
 32   -0.810489 -0.093824 3.127092 0.308687 -2.963972 -0.295141
 33   14.298673 -0.408176 0.475484 0.010830 -0.088871 -0.467367
 34   15.835795 0.581398 0.242756 -0.305885 -0.201989 0.256011
 35   -0.815868 -0.091229 -3.114430 -0.040474 2.853438 0.069176
 36   14.294526 -0.410349 -0.463635 -0.007026 0.076833 -0.395888
 37   15.834409 0.579420 -0.284600 0.273760 0.212841 0.401548
 38   1.139685 -3.453749 -2.823813 0.000000 0.000000 0.000001
 39   -4.457742 -1.054854 -0.746180 0.000000 0.000000 0.000000
 40   1.118101 -3.449769 3.237290 0.000000 0.000001 0.000000
 41   -4.433840 -1.059130 0.959566 -0.000001 0.000000 0.000000
 42   -0.657468 1.697302 -2.688614 0.000000 0.000002 0.000000
 43   -0.664068 1.698578 2.869377 0.000000 0.000002 0.000000
time 94
  0   -0.756603 -0.917997 1.293379 0.000000 0.000000 -1.571069
  1   -1.093036 0.000002 -0.326057 -1.569027 -1.622749 -0.001768
  2   2.262337 0.113614 0.064702 -0.000014 0.000037 0.131489
  3   2.380047 0.353302 0.047440 -0.024227 0.005976 0.112863
  4   2.033756 0.190472 -0.000128 -0.190651 0.058533 0.068264
  5   2.451511 0.204909 -0.003447 -0.148934 -0.002094 0.262179
  6   7.247600 -0.397300 -0.109469 0.000001 -0.000003 0.470960
  7   -2.022252 -0.104661 3.136172 1.212706 -1.046098 -4.775980
  8   1.168026 -0.537438 -0.063437 0.250382 0.883485 -0.015625
  9   6.790376 -0.619176 0.015206 -0.169926 -0.337590 -1.541953
 10   8.637599 0.544015 -0.090417 -0.543628 0.153461 -0.556304
 11   6.790465 -0.619039 0.017802 -0.174410 -0.226006 -1.088527
 12   -2.022474 -0.104699 -2.873818 -2.468706 1.824383 0.184805
 13   1.167898 -0.537463 0.063297 -0.809578 -0.999373 0.105603
 14   7.002743 -0.617765 -0.183752 0.000115 0.000194 -1.845647
 15   8.209042 0.615527 -0.255885 1.771922 0.315286 0.261470
 16   7.002735 -0.617911 -0.183641 0.013027 0.010131 -1.310598
 17   1.574674 0.609930 -0.000899 0.021285 0.242925 0.251179
 18   -0.602177 0.511412 -0.000006 0.000000 0.000000 0.000000
 19   3.673773 0.177020 1.119313 -0.000002 -0.000014 -0.174510
 20   3.673767 0.176993 -1.117566 0.000007 -0.000003 -0.174546
 21   3.942357 1.330634 1.627658 0.000002 -0.000011 -0.000026
 22   -0.246060 -0.011889 0.516521 -0.000011 0.000031 0.000025
 23   3.942374 1.330659 -1.631083 0.000019 0.000002 -0.000024
 24   -0.246150 -0.011872 -0.516511 -0.000005 -0.000006 0.000048
 25   4.941364 1.997338 1.629330 0.000018 -0.000001 -0.000024
 26   4.941382 1.997366 -1.629410 -0.000001 0.000005 -0.000024
 27   2.918368 1.615358 1.514501 -0.000019 -0.000022 -0.000050
 28   2.920798 1.614964 -1.501142 -0.000002 -0.000009 -0.000024
 29   8.824059 0.150544 0.091743 0.000006 -0.000231 -0.174534
 30   2.111085 -0.561179 1.784320 -0.000008 -0.000682 0.000024
 31   2.121290 -0.561289 -1.853599 0.000000 0.000000 -0.000002
 32   -0.810489 -0.093824 3.127092 0.308687 -2.963972 -0.295141
 33   14.298673 -0.408176 0.475484 0.010830 -0.088871 -0.467367
 34   15.835795 0.581398 0.242756 -0.305885 -0.201989 0.256011
 35   -0.815868 -0.091229 -3.114430 -0.040474 2.853438 0.069176
 36   14.294526 -0.410349 -0.463635 -0.007026 0.076833 -0.395888
 37   15.834409 0.579420 -0.284600 0.273760 0.212841 0.401548
 38   1.139685 -3.453749 -2.823813 0.000000 0.000000 0.000001
 39   -4.457742 -1.054854 -0.746180 0.000000 0.000000 0.000000
 40   1.118101 -3.449769 3.237290 0.000000 0.000001 0.000000
 41   -4.433840 -1.059130 0.959566 -0.000001 0.000000 0.000000
 42   -0.657468 1.697302 -2.688614 0.000000 0.000002 0.000000
 43   -0.664068 1.698578 2.869377 0.000000 0.000002 0.000000
time 95
  0   -0.756603 -0.917997 1.293379 0.000000 0.000000 -1.571069
  1   -1.093036 0.000002 -0.326057 -1.569027 -1.622749 -0.001768
  2   2.262337 0.113614 0.064702 -0.000014 0.000037 0.131489
  3   2.380047 0.353302 0.047440 -0.023612 0.005820 0.112863
  4   2.033756 0.190472 -0.000128 -0.190061 0.058305 0.068663
  5   2.451511 0.204909 -0.003447 -0.148814 -0.001950 0.261313
  6   7.247600 -0.397300 -0.109469 0.000001 -0.000003 0.470960
  7   -2.022252 -0.104661 3.136172 1.212706 -1.046098 -4.775980
  8   1.168026 -0.537438 -0.063437 0.242915 0.880265 -0.022584
  9   6.790376 -0.619176 0.015206 -0.169926 -0.337657 -1.550254
 10   8.637599 0.544015 -0.090417 -0.574803 0.148041 -0.548201
 11   6.790465 -0.619039 0.017802 -0.174790 -0.226006 -1.094237
 12   -2.022474 -0.104699 -2.873818 -2.468706 1.824383 0.184805
 13   1.167898 -0.537463 0.063297 -0.811968 -0.998101 0.107964
 14   7.002743 -0.617765 -0.183752 0.000115 0.000194 -1.847132
 15   8.209042 0.615527 -0.255885 1.772138 0.315286 0.261951
 16   7.002735 -0.617911 -0.183641 0.013027 0.010131 -1.311647
 17   1.574674 0.609930 -0.000899 0.023032 0.242996 0.245155
 18   -0.602177 0.511412 -0.000006 0.000000 0.000000 0.000000
 19   3.673773 0.177020 1.119313 -0.000002 -0.000014 -0.174510
 20   3.673767 0.176993 -1.117566 0.000007 -0.000003 -0.174546
 21   3.942357 1.330634 1.627658 0.000002 -0.000011 -0.000026
 22   -0.246060 -0.011889 0.516521 -0.000011 0.000031 0.000025
 23   3.942374 1.330659 -1.631083 0.000019 0.000002 -0.000024
 24   -0.246150 -0.011872 -0.516511 -0.000005 -0.000006 0.000048
 25   4.941364 1.997338 1.629330 0.000018 -0.000001 -0.000024
 26   4.941382 1.997366 -1.629410 -0.000001 0.000005 -0.000024
 27   2.918368 1.615358 1.514501 -0.000019 -0.000022 -0.000050
 28   2.920798 1.614964 -1.501142 -0.000002 -0.000009 -0.000024
 29   8.824059 0.150544 0.091743 0.000006 -0.000231 -0.174534
 30   2.111085 -0.561179 1.784320 -0.000008 -0.000682 0.000024
 31   2.121290 -0.561289 -1.853599 0.000000 0.000000 -0.000002
 32   -0.810489 -0.093824 3.127092 0.308687 -2.963972 -0.295141
 33   14.298673 -0.408176 0.475484 0.010830 -0.088871 -0.467367
 34   15.835795 0.581398 0.242756 -0.305885 -0.201989 0.256011
 35   -0.815868 -0.091229 -3.114430 -0.040474 2.853438 0.069176
 36   14.294526 -0.410349 -0.463635 -0.007026 0.076833 -0.395888
 37   15.834409 0.579420 -0.284600 0.273760 0.212841 0.401548
 38   1.139685 -3.453749 -2.823813 0.000000 0.000000 0.000001
 39   -4.457742 -1.054854 -0.746180 0.000000 0.000000 0.000000
 40   1.118101 -3.449769 3.237290 0.000000 0.000001 0.000000
 41   -4.433840 -1.059130 0.959566 -0.000001 0.000000 0.000000
 42   -0.657468 1.697302 -2.688614 0.000000 0.000002 0.000000
 43   -0.664068 1.698578 2.869377 0.000000 0.000002 0.000000
time 96
  0   -0.756603 -0.917997 1.293379 0.000000 0.000000 -1.571069
  1   -1.093036 0.000002 -0.326057 -1.569027 -1.622749 -0.001768
  2   2.262337 0.113614 0.064702 -0.000014 0.000037 0.131489
  3   2.380047 0.353302 0.047440 -0.023267 0.005749 0.112863
  4   2.033756 0.190472 -0.000128 -0.189729 0.058197 0.068917
  5   2.451511 0.204909 -0.003447 -0.148797 -0.001885 0.260842
  6   7.247600 -0.397300 -0.109469 0.000001 -0.000003 0.470960
  7   -2.022252 -0.104661 3.136172 1.212706 -1.046098 -4.775980
  8   1.168026 -0.537438 -0.063437 0.239308 0.878504 -0.025494
  9   6.790376 -0.619176 0.015206 -0.169926 -0.337657 -1.554405
 10   8.637599 0.544015 -0.090417 -0.591271 0.145507 -0.544367
 11   6.790465 -0.619039 0.017802 -0.174994 -0.226006 -1.097236
 12   -2.022474 -0.104699 -2.873818 -2.468706 1.824383 0.184805
 13   1.167898 -0.537463 0.063297 -0.813374 -0.997694 0.109538
 14   7.002743 -0.617765 -0.183752 0.000115 0.000194 -1.847792
 15   8.209042 0.615527 -0.255885 1.772138 0.315286 0.261951
 16   7.002735 -0.617911 -0.183641 0.013027 0.010131 -1.312199
 17   1.574674 0.609930 -0.000899 0.023925 0.242996 0.241976
 18   -0.602177 0.511412 -0.000006 0.000000 0.000000 0.000000
 19   3.673773 0.177020 1.119313 -0.000002 -0.000014 -0.174510
 20   3.673767 0.176993 -1.117566 0.000007 -0.000003 -0.174546
 21   3.942357 1.330634 1.627658 0.000002 -0.000011 -0.000026
 22   -0.246060 -0.011889 0.516521 -0.000011 0.000031 0.000025
 23   3.942374 1.330659 -1.631083 0.000019 0.000002 -0.000024
 24   -0.246150 -0.011872 -0.516511 -0.000005 -0.000006 0.000048
 25   4.941364 1.997338 1.629330 0.000018 -0.000001 -0.000024
 26   4.941382 1.997366 -1.629410 -0.000001 0.000005 -0.000024
 27   2.918368 1.615358 1.514501 -0.000019 -0.000022 -0.000050
 28   2.920798 1.614964 -1.501142 -0.000002 -0.000009 -0.000024
 29   8.824059 0.150544 0.091743 0.000006 -0.000231 -0.174534
 30   2.111085 -0.561179 1.784320 -0.000008 -0.000682 0.000024
 31   2.121290 -0.561289 -1.853599 0.000000 0.000000 -0.000002
 32   -0.810489 -0.093824 3.127092 0.308687 -2.963972 -0.295141
 33   14.298673 -0.408176 0.475484 0.010830 -0.088871 -0.467367
 34   15.835795 0.581398 0.242756 -0.305885 -0.201989 0.256011
 35   -0.815868 -0.091229 -3.114430 -0.040474 2.853438 0.069176
 36   14.294526 -0.410349 -0.463635 -0.007026 0.076833 -0.395888
 37   15.834409 0.579420 -0.284600 0.273760 0.212841 0.401548
 38   1.139685 -3.453749 -2.823813 0.000000 0.000000 0.000001
 39   -4.457742 -1.054854 -0.746180 0.000000 0.000000 0.000000
 40   1.118101 -3.449769 3.237290 0.000000 0.000001 0.000000
 41   -4.433840 -1.059130 0.959566 -0.000001 0.000000 0.000000
 42   -0.657468 1.697302 -2.688614 0.000000 0.000002 0.000000
 43   -0.664068 1.698578 2.869377 0.000000 0.000002 0.000000
time 97
  0   -0.756603 -0.917997 1.293379 0.000000 0.000000 -1.571069
  1   -1.093036 0.000002 -0.326057 -1.569027 -1.622749 -0.001768
  2   2.262337 0.113614 0.064702 -0.000014 0.000037 0.131489
  3   2.380047 0.353302 0.047440 -0.022502 0.005581 0.112863
  4   2.033756 0.190472 -0.000128 -0.188991 0.057994 0.069497
  5   2.451511 0.204909 -0.003447 -0.148677 -0.001728 0.259678
  6   7.247600 -0.397300 -0.109469 0.000001 -0.000003 0.470960
  7   -2.022252 -0.104661 3.136172 1.212706 -1.046098 -4.775980
  8   1.168026 -0.537438 -0.063437 0.233170 0.874680 -0.029859
  9   6.790376 -0.619176 0.015206 -0.169926 -0.337857 -1.563461
 10   8.637599 0.544015 -0.090417 -0.624824 0.140932 -0.537422
 11   6.790465 -0.619039 0.017802 -0.175344 -0.225949 -1.103407
 12   -2.022474 -0.104699 -2.873818 -2.468706 1.824383 0.184805
 13   1.167898 -0.537463 0.063297 -0.816256 -0.996321 0.112625
 14   7.002743 -0.617765 -0.183752 0.000115 0.000194 -1.849277
 15   8.209042 0.615527 -0.255885 1.772138 0.315286 0.262132
 16   7.002735 -0.617911 -0.183641 0.013027 0.010131 -1.313137
 17   1.574674 0.609930 -0.000899 0.027175 0.239872 0.232329
 18   -0.602177 0.511412 -0.000006 0.000000 0.000000 0.000000
 19   3.673773 0.177020 1.119313 -0.000002 -0.000014 -0.174510
 20   3.673767 0.176993 -1.117566 0.000007 -0.000003 -0.174546
 21   3.942357 1.330634 1.627658 0.000002 -0.000011 -0.000026
 22   -0.246060 -0.011889 0.516521 -0.000011 0.000031 0.000025
 23   3.942374 1.330659 -1.631083 0.000019 0.000002 -0.000024
 24   -0.246150 -0.011872 -0.516511 -0.000005 -0.000006 0.000048
 25   4.941364 1.997338 1.629330 0.000018 -0.000001 -0.000024
 26   4.941382 1.997366 -1.629410 -0.000001 0.000005 -0.000024
 27   2.918368 1.615358 1.514501 -0.000019 -0.000022 -0.000050
 28   2.920798 1.614964 -1.501142 -0.000002 -0.000009 -0.000024
 29   8.824059 0.150544 0.091743 0.000006 -0.000231 -0.174534
 30   2.111085 -0.561179 1.784320 -0.000008 -0.000682 0.000024
 31   2.121290 -0.561289 -1.853599 0.000000 0.000000 -0.000002
 32   -0.810489 -0.093824 3.127092 0.308687 -2.963972 -0.295141
 33   14.298673 -0.408176 0.475484 0.010830 -0.088871 -0.467367
 34   15.835795 0.581398 0.242756 -0.305885 -0.201989 0.256011
 35   -0.815868 -0.091229 -3.114430 -0.040474 2.853438 0.069176
 36   14.294526 -0.410349 -0.463635 -0.007026 0.076833 -0.395888
 37   15.834409 0.579420 -0.284600 0.273760 0.212841 0.401548
 38   1.139685 -3.453749 -2.823813 0.000000 0.000000 0.000001
 39   -4.457742 -1.054854 -0.746180 0.000000 0.000000 0.000000
 40   1.118101 -3.449769 3.237290 0.000000 0.000001 0.000000
 41   -4.433840 -1.059130 0.959566 -0.000001 0.000000 0.000000
 42   -0.657468 1.697302 -2.688614 0.000000 0.000002 0.000000
 43   -0.664068 1.698578 2.869377 0.000000 0.000002 0.000000
time 98
  0   -0.756603 -0.917997 1.293379 0.000000 0.000000 -1.571069
  1   -1.093036 0.000002 -0.326057 -1.569027 -1.622749 -0.001768
  2   2.262337 0.113614 0.064702 -0.000014 0.000037 0.131489
  3   2.380047 0.353302 0.047440 -0.021556 0.005329 0.112863
  4   2.033756 0.190472 -0.000128 -0.188106 0.057718 0.070113
  5   2.451511 0.204909 -0.003447 -0.148523 -0.001506 0.258365
  6   7.247600 -0.397300 -0.109469 0.000001 -0.000003 0.470960
  7   -2.022252 -0.104661 3.136172 1.212706 -1.046098 -4.775980
  8   1.168026 -0.537438 -0.063437 0.194759 0.848869 -0.047002
  9   6.790376 -0.619176 0.015206 -0.169926 -0.337657 -1.574253
 10   8.637599 0.544015 -0.090417 -0.660138 0.136638 -0.531128
 11   6.790465 -0.619039 0.017802 -0.175724 -0.225693 -1.110905
 12   -2.022474 -0.104699 -2.873818 -2.468706 1.824383 0.184805
 13   1.167898 -0.537463 0.063297 -0.819490 -0.994897 0.116015
 14   7.002743 -0.617765 -0.183752 0.000115 0.000194 -1.850762
 15   8.209042 0.615527 -0.255885 1.772138 0.315286 0.262132
 16   7.002735 -0.617911 -0.183641 0.013027 0.010131 -1.314241
 17   1.574674 0.609930 -0.000899 0.038549 0.217720 0.205089
 18   -0.602177 0.511412 -0.000006 0.000000 0.000000 0.000000
 19   3.673773 0.177020 1.119313 -0.000002 -0.000014 -0.174510
 20   3.673767 0.176993 -1.117566 0.000007 -0.000003 -0.174546
 21   3.942357 1.330634 1.627658 0.000002 -0.000011 -0.000026
 22   -0.246060 -0.011889 0.516521 -0.000011 0.000031 0.000025
 23   3.942374 1.330659 -1.631083 0.000019 0.000002 -0.000024
 24   -0.246150 -0.011872 -0.516511 -0.000005 -0.000006 0.000048
 25   4.941364 1.997338 1.629330 0.000018 -0.000001 -0.000024
 26   4.941382 1.997366 -1.629410 -0.000001 0.000005 -0.000024
 27   2.918368 1.615358 1.514501 -0.000019 -0.000022 -0.000050
 28   2.920798 1.614964 -1.501142 -0.000002 -0.000009 -0.000024
 29   8.824059 0.150544 0.091743 0.000006 -0.000231 -0.174534
 30   2.111085 -0.561179 1.784320 -0.000008 -0.000682 0.000024
 31   2.121290 -0.561289 -1.853599 0.000000 0.000000 -0.000002
 32   -0.810489 -0.093824 3.127092 0.308687 -2.963972 -0.295141
 33   14.298673 -0.408176 0.475484 0.010830 -0.088871 -0.467367
 34   15.835795 0.581398 0.242756 -0.305885 -0.201989 0.256011
 35   -0.815868 -0.091229 -3.114430 -0.040474 2.853438 0.069176
 36   14.294526 -0.410349 -0.463635 -0.007026 0.076833 -0.395888
 37   15.834409 0.579420 -0.284600 0.273760 0.212841 0.401548
 38   1.139685 -3.453749 -2.823813 0.000000 0.000000 0.000001
 39   -4.457742 -1.054854 -0.746180 0.000000 0.000000 0.000000
 40   1.118101 -3.449769 3.237290 0.000000 0.000001 0.000000
 41   -4.433840 -1.059130 0.959566 -0.000001 0.000000 0.000000
 42   -0.657468 1.697302 -2.688614 0.000000 0.000002 0.000000
 43   -0.664068 1.698578 2.869377 0.000000 0.000002 0.000000
time 99
  0   -0.756603 -0.917997 1.293379 0.000000 0.000000 -1.571069
  1   -1.093036 0.000002 -0.326057 -1.569027 -1.622749 -0.001768
  2   2.262337 0.113614 0.064702 -0.000014 0.000037 0.131489
  3   2.380047 0.353302 0.047440 -0.021106 0.005221 0.112863
  4   2.033756 0.190472 -0.000128 -0.187645 0.057538 0.070548
  5   2.451511 0.204909 -0.003447 -0.148523 -0.001402 0.257672
  6   7.247600 -0.397300 -0.109469 0.000001 -0.000003 0.470960
  7   -2.022252 -0.104661 3.136172 1.212706 -1.046098 -4.775980
  8   1.168026 -0.537438 -0.063437 0.154512 0.822454 -0.064336
  9   6.790376 -0.619176 0.015206 -0.169926 -0.337657 -1.577347
 10   8.637599 0.544015 -0.090417 -0.678632 0.134878 -0.528379
 11   6.790465 -0.619039 0.017802 -0.175899 -0.225693 -1.113039
 12   -2.022474 -0.104699 -2.873818 -2.468706 1.824383 0.184805
 13   1.167898 -0.537463 0.063297 -0.821177 -0.994135 0.117589
 14   7.002743 -0.617765 -0.183752 0.000115 0.000194 -1.851340
 15   8.209042 0.615527 -0.255885 1.772138 0.315286 0.262132
 16   7.002735 -0.617911 -0.183641 0.013027 0.010131 -1.314572
 17   1.574674 0.609930 -0.000899 0.046591 0.200798 0.186202
 18   -0.602177 0.511412 -0.000006 0.000000 0.000000 0.000000
 19   3.673773 0.177020 1.119313 -0.000002 -0.000014 -0.174510
 20   3.673767 0.176993 -1.117566 0.000007 -0.000003 -0.174546
 21   3.942357 1.330634 1.627658 0.000002 -0.000011 -0.000026
 22   -0.246060 -0.011889 0.516521 -0.000011 0.000031 0.000025
 23   3.942374 1.330659 -1.631083 0.000019 0.000002 -0.000024
 24   -0.246150 -0.011872 -0.516511 -0.000005 -0.000006 0.000048
 25   4.941364 1.997338 1.629330 0.000018 -0.000001 -0.000024
 26   4.941382 1.997366 -1.629410 -0.000001 0.000005 -0.000024
 27   2.918368 1.615358 1.514501 -0.000019 -0.000022 -0.000050
 28   2.920798 1.614964 -1.501142 -0.000002 -0.000009 -0.000024
 29   8.824059 0.150544 0.091743 0.000006 -0.000231 -0.174534
 30   2.111085 -0.561179 1.784320 -0.000008 -0.000682 0.000024
 31   2.121290 -0.561289 -1.853599 0.000000 0.000000 -0.000002
 32   -0.810489 -0.093824 3.127092 0.308687 -2.963972 -0.295141
 33   14.298673 -0.408176 0.475484 0.010830 -0.088871 -0.467367
 34   15.835795 0.581398 0.242756 -0.305885 -0.201989 0.256011
 35   -0.815868 -0.091229 -3.114430 -0.040474 2.853438 0.069176
 36   14.294526 -0.410349 -0.463635 -0.007026 0.076833 -0.395888
 37   15.834409 0.579420 -0.284600 0.273760 0.212841 0.401548
 38   1.139685 -3.453749 -2.823813 0.000000 0.000000 0.000001
 39   -4.457742 -1.054854 -0.746180 0.000000 0.000000 0.000000
 40   1.118101 -3.449769 3.237290 0.000000 0.000001 0.000000
 41   -4.433840 -1.059130 0.959566 -0.000001 0.000000 0.000000
 42   -0.657468 1.697302 -2.688614 0.000000 0.000002 0.000000
 43   -0.664068 1.698578 2.869377 0.000000 0.000002 0.000000
time 100
  0   -0.756603 -0.917997 1.293379 0.000000 0.000000 -1.571069
  1   -1.093036 0.000002 -0.326057 -1.569027 -1.622749 -0.001768
  2   2.262337 0.113614 0.064702 -0.000014 0.000037 0.131489
  3   2.380047 0.353302 0.047440 -0.020131 0.004970 0.112863
  4   2.033756 0.190472 -0.000128 -0.186741 0.057227 0.071309
  5   2.451511 0.204909 -0.003447 -0.148386 -0.001167 0.256161
  6   7.247600 -0.397300 -0.109469 0.000001 -0.000003 0.470960
  7   -2.022252 -0.104661 3.136172 1.212706 -1.046098 -4.775980
  8   1.168026 -0.537438 -0.063437 0.046809 0.751058 -0.110263
  9   6.790376 -0.619176 0.015206 -0.169926 -0.337857 -1.566178
 10   8.637599 0.544015 -0.090417 -0.716940 0.131781 -0.523459
 11   6.790465 -0.619039 0.017802 -0.175432 -0.225892 -1.105253
 12   -2.022474 -0.104699 -2.873818 -2.468706 1.824383 0.184805
 13   1.167898 -0.537463 0.063297 -0.824480 -0.992406 0.120979
 14   7.002743 -0.617765 -0.183752 0.000115 0.000194 -1.852825
 15   8.209042 0.615527 -0.255885 1.772138 0.315286 0.262132
 16   7.002735 -0.617911 -0.183641 0.013027 0.010244 -1.315731
 17   1.574674 0.609930 -0.000899 0.065642 0.160304 0.142846
 18   -0.602177 0.511412 -0.000006 0.000000 0.000000 0.000000
 19   3.673773 0.177020 1.119313 -0.000002 -0.000014 -0.174510
 20   3.673767 0.176993 -1.117566 0.000007 -0.000003 -0.174546
 21   3.942357 1.330634 1.627658 0.000002 -0.000011 -0.000026
 22   -0.246060 -0.011889 0.516521 -0.000011 0.000031 0.000025
 23   3.942374 1.330659 -1.631083 0.000019 0.000002 -0.000024
 24   -0.246150 -0.011872 -0.516511 -0.000005 -0.000006 0.000048
 25   4.941364 1.997338 1.629330 0.000018 -0.000001 -0.000024
 26   4.941382 1.997366 -1.629410 -0.000001 0.000005 -0.000024
 27   2.918368 1.615358 1.514501 -0.000019 -0.000022 -0.000050
 28   2.920798 1.614964 -1.501142 -0.000002 -0.000009 -0.000024
 29   8.824059 0.150544 0.091743 0.000006 -0.000231 -0.174534
 30   2.111085 -0.561179 1.784320 -0.000008 -0.000682 0.000024
 31   2.121290 -0.561289 -1.853599 0.000000 0.000000 -0.000002
 32   -0.810489 -0.093824 3.127092 0.308687 -2.963972 -0.295141
 33   14.298673 -0.408176 0.475484 0.010830 -0.088871 -0.467367
 34   15.835795 0.581398 0.242756 -0.305885 -0.201989 0.256011
 35   -0.815868 -0.091229 -3.114430 -0.040474 2.853438 0.069176
 36   14.294526 -0.410349 -0.463635 -0.007026 0.076833 -0.395888
 37   15.834409 0.579420 -0.284600 0.273760 0.212841 0.401548
 38   1.139685 -3.453749 -2.823813 0.000000 0.000000 0.000001
 39   -4.457742 -1.054854 -0.746180 0.000000 0.000000 0.000000
 40   1.118101 -3.449769 3.237290 0.000000 0.000001 0.000000
 41   -4.433840 -1.059130 0.959566 -0.000001 0.000000 0.000000
 42   -0.657468 1.697302 -2.688614 0.000000 0.000002 0.000000
 43   -0.664068 1.698578 2.869377 0.000000 0.000002 0.000000
time 101
  0   -0.756603 -0.917997 1.293379 0.000000 0.000000 -1.571069
  1   -1.093036 0.000002 -0.326057 -1.569027 -1.622749 -0.001768
  2   2.262337 0.113614 0.064702 -0.000014 0.000037 0.131489
  3   2.380047 0.353302 0.047440 -0.019081 0.004754 0.112863
  4   2.033756 0.190472 -0.000128 -0.185690 0.056927 0.072324
  5   2.451511 0.204909 -0.003447 -0.148232 -0.000971 0.254626
  6   7.247600 -0.397300 -0.109469 0.000001 -0.000003 0.470960
  7   -2.022252 -0.104661 3.136172 1.212706 -1.046098 -4.775980
  8   1.168026 -0.537438 -0.063437 -0.077474 0.666077 -0.164667
  9   6.790376 -0.619176 0.015206 -0.169926 -0.337123 -1.519388
 10   8.637599 0.544015 -0.090417 -0.756569 0.129247 -0.519987
 11   6.790465 -0.619039 0.017802 -0.173447 -0.225949 -1.072955
 12   -2.022474 -0.104699 -2.873818 -2.468706 1.824383 0.184805
 13   1.167898 -0.537463 0.063297 -0.828276 -0.990880 0.124974
 14   7.002743 -0.617765 -0.183752 0.000115 0.000194 -1.854310
 15   8.209042 0.615527 -0.255885 1.772138 0.315286 0.262132
 16   7.002735 -0.617911 -0.183641 0.013027 0.010244 -1.316614
 17   1.574674 0.609930 -0.000899 0.085262 0.117822 0.098308
 18   -0.602177 0.511412 -0.000006 0.000000 0.000000 0.000000
 19   3.673773 0.177020 1.119313 -0.000002 -0.000014 -0.174510
 20   3.673767 0.176993 -1.117566 0.000007 -0.000003 -0.174546
 21   3.942357 1.330634 1.627658 0.000002 -0.000011 -0.000026
 22   -0.246060 -0.011889 0.516521 -0.000011 0.000031 0.000025
 23   3.942374 1.330659 -1.631083 0.000019 0.000002 -0.000024
 24   -0.246150 -0.011872 -0.516511 -0.000005 -0.000006 0.000048
 25   4.941364 1.997338 1.629330 0.000018 -0.000001 -0.000024
 26   4.941382 1.997366 -1.629410 -0.000001 0.000005 -0.000024
 27   2.918368 1.615358 1.514501 -0.000019 -0.000022 -0.000050
 28   2.920798 1.614964 -1.501142 -0.000002 -0.000009 -0.000024
 29   8.824059 0.150544 0.091743 0.000006 -0.000231 -0.174534
 30   2.111085 -0.561179 1.784320 -0.000008 -0.000682 0.000024
 31   2.121290 -0.561289 -1.853599 0.000000 0.000000 -0.000002
 32   -0.810489 -0.093824 3.127092 0.308687 -2.963972 -0.295141
 33   14.298673 -0.408176 0.475484 0.010830 -0.088871 -0.467367
 34   15.835795 0.581398 0.242756 -0.305885 -0.201989 0.256011
 35   -0.815868 -0.091229 -3.114430 -0.040474 2.853438 0.069176
 36   14.294526 -0.410349 -0.463635 -0.007026 0.076833 -0.395888
 37   15.834409 0.579420 -0.284600 0.273760 0.212841 0.401548
 38   1.139685 -3.453749 -2.823813 0.000000 0.000000 0.000001
 39   -4.457742 -1.054854 -0.746180 0.000000 0.000000 0.000000
 40   1.118101 -3.449769 3.237290 0.000000 0.000001 0.000000
 41   -4.433840 -1.059130 0.959566 -0.000001 0.000000 0.000000
 42   -0.657468 1.697302 -2.688614 0.000000 0.000002 0.000000
 43   -0.664068 1.698578 2.869377 0.000000 0.000002 0.000000
time 102
  0   -0.756603 -0.917997 1.293379 0.000000 0.000000 -1.571069
  1   -1.093036 0.000002 -0.326057 -1.569027 -1.622749 -0.001768
  2   2.262337 0.113614 0.064702 -0.000014 0.000037 0.131489
  3   2.380047 0.353302 0.047440 -0.018541 0.004610 0.112863
  4   2.033756 0.190472 -0.000128 -0.185155 0.056723 0.072868
  5   2.451511 0.204909 -0.003447 -0.148181 -0.000867 0.253883
  6   7.247600 -0.397300 -0.109469 0.000001 -0.000003 0.470960
  7   -2.022252 -0.104661 3.136172 1.212706 -1.046098 -4.775980
  8   1.168026 -0.537438 -0.063437 -0.138350 0.622203 -0.192691
  9   6.790376 -0.619176 0.015206 -0.169926 -0.336389 -1.481730
 10   8.637599 0.544015 -0.090417 -0.777440 0.128332 -0.518395
 11   6.790465 -0.619039 0.017802 -0.171841 -0.225892 -1.047001
 12   -2.022474 -0.104699 -2.873818 -2.468706 1.824383 0.184805
 13   1.167898 -0.537463 0.063297 -0.830174 -0.990016 0.127093
 14   7.002743 -0.617765 -0.183752 0.000115 0.000194 -1.854970
 15   8.209042 0.615527 -0.255885 1.772138 0.315286 0.262132
 16   7.002735 -0.617911 -0.183641 0.013027 0.010244 -1.317166
 17   1.574674 0.609930 -0.000899 0.094157 0.098297 0.078128
 18   -0.602177 0.511412 -0.000006 0.000000 0.000000 0.000000
 19   3.673773 0.177020 1.119313 -0.000002 -0.000014 -0.174510
 20   3.673767 0.176993 -1.117566 0.000007 -0.000003 -0.174546
 21   3.942357 1.330634 1.627658 0.000002 -0.000011 -0.000026
 22   -0.246060 -0.011889 0.516521 -0.000011 0.000031 0.000025
 23   3.942374 1.330659 -1.631083 0.000019 0.000002 -0.000024
 24   -0.246150 -0.011872 -0.516511 -0.000005 -0.000006 0.000048
 25   4.941364 1.997338 1.629330 0.000018 -0.000001 -0.000024
 26   4.941382 1.997366 -1.629410 -0.000001 0.000005 -0.000024
 27   2.918368 1.615358 1.514501 -0.000019 -0.000022 -0.000050
 28   2.920798 1.614964 -1.501142 -0.000002 -0.000009 -0.000024
 29   8.824059 0.150544 0.091743 0.000006 -0.000231 -0.174534
 30   2.111085 -0.561179 1.784320 -0.000008 -0.000682 0.000024
 31   2.121290 -0.561289 -1.853599 0.000000 0.000000 -0.000002
 32   -0.810489 -0.093824 3.127092 0.308687 -2.963972 -0.295141
 33   14.298673 -0.408176 0.475484 0.010830 -0.088871 -0.467367
 34   15.835795 0.581398 0.242756 -0.305885 -0.201989 0.256011
 35   -0.815868 -0.091229 -3.114430 -0.040474 2.853438 0.069176
 36   14.294526 -0.410349 -0.463635 -0.007026 0.076833 -0.395888
 37   15.834409 0.579420 -0.284600 0.273760 0.212841 0.401548
 38   1.139685 -3.453749 -2.823813 0.000000 0.000000 0.000001
 39   -4.457742 -1.054854 -0.746180 0.000000 0.000000 0.000000
 40   1.118101 -3.449769 3.237290 0.000000 0.000001 0.000000
 41   -4.433840 -1.059130 0.959566 -0.000001 0.000000 0.000000
 42   -0.657468 1.697302 -2.688614 0.000000 0.000002 0.000000
 43   -0.664068 1.698578 2.869377 0.000000 0.000002 0.000000
time 103
  0   -0.756603 -0.917997 1.293379 0.000000 0.000000 -1.571069
  1   -1.093036 0.000002 -0.326057 -1.569027 -1.622749 -0.001768
  2   2.262337 0.113614 0.064702 -0.000014 0.000037 0.131489
  3   2.380047 0.353302 0.047440 -0.017986 0.004442 0.112863
  4   2.033756 0.190472 -0.000128 -0.184602 0.056543 0.073339
  5   2.451511 0.204909 -0.003447 -0.148078 -0.000697 0.253041
  6   7.247600 -0.397300 -0.109469 0.000001 -0.000003 0.470960
  7   -2.022252 -0.104661 3.136172 1.212706 -1.046098 -4.775980
  8   1.168026 -0.537438 -0.063437 -0.195429 0.579285 -0.220146
  9   6.790376 -0.619176 0.015206 -0.169926 -0.334320 -1.436525
 10   8.637599 0.544015 -0.090417 -0.798576 0.127487 -0.517238
 11   6.790465 -0.619039 0.017802 -0.169651 -0.225011 -1.015683
 12   -2.022474 -0.104699 -2.873818 -2.468706 1.824383 0.184805
 13   1.167898 -0.537463 0.063297 -0.832002 -0.989100 0.128667
 14   7.002743 -0.617765 -0.183752 0.000115 0.000194 -1.855630
 15   8.209042 0.615527 -0.255885 1.772138 0.315286 0.262132
 16   7.002735 -0.617911 -0.183641 0.013027 0.010244 -1.317663
 17   1.574674 0.609930 -0.000899 0.101835 0.081398 0.060719
 18   -0.602177 0.511412 -0.000006 0.000000 0.000000 0.000000
 19   3.673773 0.177020 1.119313 -0.000002 -0.000014 -0.174510
 20   3.673767 0.176993 -1.117566 0.000007 -0.000003 -0.174546
 21   3.942357 1.330634 1.627658 0.000002 -0.000011 -0.000026
 22   -0.246060 -0.011889 0.516521 -0.000011 0.000031 0.000025
 23   3.942374 1.330659 -1.631083 0.000019 0.000002 -0.000024
 24   -0.246150 -0.011872 -0.516511 -0.000005 -0.000006 0.000048
 25   4.941364 1.997338 1.629330 0.000018 -0.000001 -0.000024
 26   4.941382 1.997366 -1.629410 -0.000001 0.000005 -0.000024
 27   2.918368 1.615358 1.514501 -0.000019 -0.000022 -0.000050
 28   2.920798 1.614964 -1.501142 -0.000002 -0.000009 -0.000024
 29   8.824059 0.150544 0.091743 0.000006 -0.000231 -0.174534
 30   2.111085 -0.561179 1.784320 -0.000008 -0.000682 0.000024
 31   2.121290 -0.561289 -1.853599 0.000000 0.000000 -0.000002
 32   -0.810489 -0.093824 3.127092 0.308687 -2.963972 -0.295141
 33   14.298673 -0.408176 0.475484 0.010830 -0.088871 -0.467367
 34   15.835795 0.581398 0.242756 -0.305885 -0.201989 0.256011
 35   -0.815868 -0.091229 -3.114430 -0.040474 2.853438 0.069176
 36   14.294526 -0.410349 -0.463635 -0.007026 0.076833 -0.395888
 37   15.834409 0.579420 -0.284600 0.273760 0.212841 0.401548
 38   1.139685 -3.453749 -2.823813 0.000000 0.000000 0.000001
 39   -4.457742 -1.054854 -0.746180 0.000000 0.000000 0.000000
 40   1.118101 -3.449769 3.237290 0.000000 0.000001 0.000000
 41   -4.433840 -1.059130 0.959566 -0.000001 0.000000 0.000000
 42   -0.657468 1.697302 -2.688614 0.000000 0.000002 0.000000
 43   -0.664068 1.698578 2.869377 0.000000 0.000002 0.000000
time 104
  0   -0.756603 -0.917997 1.293379 0.000000 0.000000 -1.571069
  1   -1.093036 0.000002 -0.326057 -1.569027 -1.622749 -0.001768
  2   2.262337 0.113614 0.064702 -0.000014 0.000037 0.131489
  3   2.380047 0.353302 0.047440 -0.016831 0.004191 0.112863
  4   2.033756 0.190472 -0.000128 -0.183477 0.056220 0.074535
  5   2.451511 0.204909 -0.003447 -0.147941 -0.000449 0.251307
  6   7.247600 -0.397300 -0.109469 0.000001 -0.000003 0.470960
  7   -2.022252 -0.104661 3.136172 1.212706 -1.046098 -4.775980
  8   1.168026 -0.537438 -0.063437 -0.288388 0.503260 -0.270185
  9   6.790376 -0.619176 0.015206 -0.169926 -0.327913 -1.335851
 10   8.637599 0.544015 -0.090417 -0.842256 0.126713 -0.516008
 11   6.790465 -0.619039 0.017802 -0.164863 -0.221685 -0.946416
 12   -2.022474 -0.104699 -2.873818 -2.468706 1.824383 0.184805
 13   1.167898 -0.537463 0.063297 -0.836009 -0.987473 0.133086
 14   7.002743 -0.617765 -0.183752 0.000115 0.000194 -1.856950
 15   8.209042 0.615527 -0.255885 1.772138 0.315286 0.262132
 16   7.002735 -0.617911 -0.183641 0.013027 0.010244 -1.318601
 17   1.574674 0.609930 -0.000899 0.111827 0.059341 0.038247
 18   -0.602177 0.511412 -0.000006 0.000000 0.000000 0.000000
 19   3.673773 0.177020 1.119313 -0.000002 -0.000014 -0.174510
 20   3.673767 0.176993 -1.117566 0.000007 -0.000003 -0.174546
 21   3.942357 1.330634 1.627658 0.000002 -0.000011 -0.000026
 22   -0.246060 -0.011889 0.516521 -0.000011 0.000031 0.000025
 23   3.942374 1.330659 -1.631083 0.000019 0.000002 -0.000024
 24   -0.246150 -0.011872 -0.516511 -0.000005 -0.000006 0.000048
 25   4.941364 1.997338 1.629330 0.000018 -0.000001 -0.000024
 26   4.941382 1.997366 -1.629410 -0.000001 0.000005 -0.000024
 27   2.918368 1.615358 1.514501 -0.000019 -0.000022 -0.000050
 28   2.920798 1.614964 -1.501142 -0.000002 -0.000009 -0.000024
 29   8.824059 0.150544 0.091743 0.000006 -0.000231 -0.174534
 30   2.111085 -0.561179 1.784320 -0.000008 -0.000682 0.000024
 31   2.121290 -0.561289 -1.853599 0.000000 0.000000 -0.000002
 32   -0.810489 -0.093824 3.127092 0.308687 -2.963972 -0.295141
 33   14.298673 -0.408176 0.475484 0.010830 -0.088871 -0.467367
 34   15.835795 0.581398 0.242756 -0.305885 -0.201989 0.256011
 35   -0.815868 -0.091229 -3.114430 -0.040474 2.853438 0.069176
 36   14.294526 -0.410349 -0.463635 -0.007026 0.076833 -0.395888
 37   15.834409 0.579420 -0.284600 0.273760 0.212841 0.401548
 38   1.139685 -3.453749 -2.823813 0.000000 0.000000 0.000001
 39   -4.457742 -1.054854 -0.746180 0.000000 0.000000 0.000000
 40   1.118101 -3.449769 3.237290 0.000000 0.000001 0.000000
 41   -4.433840 -1.059130 0.959566 -0.000001 0.000000 0.000000
 42   -0.657468 1.697302 -2.688614 0.000000 0.000002 0.000000
 43   -0.664068 1.698578 2.869377 0.000000 0.000002 0.000000
time 105
  0   -0.756603 -0.917997 1.293379 0.000000 0.000000 -1.571069
  1   -1.093036 0.000002 -0.326057 -1.569027 -1.622749 -0.001768
  2   2.262337 0.113614 0.064702 -0.000014 0.000037 0.131489
  3   2.380047 0.353302 0.047440 -0.016246 0.004047 0.112863
  4   2.033756 0.190472 -0.000128 -0.182905 0.055992 0.075260
  5   2.451511 0.204909 -0.003447 -0.147787 -0.000331 0.250440
  6   7.247600 -0.397300 -0.109469 0.000001 -0.000003 0.470960
  7   -2.022252 -0.104661 3.136172 1.212706 -1.046098 -4.775980
  8   1.168026 -0.537438 -0.063437 -0.321800 0.473725 -0.290808
  9   6.790376 -0.619176 0.015206 -0.169926 -0.323975 -1.289137
 10   8.637599 0.544015 -0.090417 -0.864713 0.126572 -0.515791
 11   6.790465 -0.619039 0.017802 -0.162586 -0.219411 -0.914003
 12   -2.022474 -0.104699 -2.873818 -2.468706 1.824383 0.184805
 13   1.167898 -0.537463 0.063297 -0.837907 -0.986405 0.134902
 14   7.002743 -0.617765 -0.183752 0.000115 0.000194 -1.857610
 15   8.209042 0.615527 -0.255885 1.772138 0.315286 0.262132
 16   7.002735 -0.617911 -0.183641 0.013027 0.010244 -1.319043
 17   1.574674 0.609930 -0.000899 0.113330 0.056146 0.034920
 18   -0.602177 0.511412 -0.000006 0.000000 0.000000 0.000000
 19   3.673773 0.177020 1.119313 -0.000002 -0.000014 -0.174510
 20   3.673767 0.176993 -1.117566 0.000007 -0.000003 -0.174546
 21   3.942357 1.330634 1.627658 0.000002 -0.000011 -0.000026
 22   -0.246060 -0.011889 0.516521 -0.000011 0.000031 0.000025
 23   3.942374 1.330659 -1.631083 0.000019 0.000002 -0.000024
 24   -0.246150 -0.011872 -0.516511 -0.000005 -0.000006 0.000048
 25   4.941364 1.997338 1.629330 0.000018 -0.000001 -0.000024
 26   4.941382 1.997366 -1.629410 -0.000001 0.000005 -0.000024
 27   2.918368 1.615358 1.514501 -0.000019 -0.000022 -0.000050
 28   2.920798 1.614964 -1.501142 -0.000002 -0.000009 -0.000024
 29   8.824059 0.150544 0.091743 0.000006 -0.000231 -0.174534
 30   2.111085 -0.561179 1.784320 -0.000008 -0.000682 0.000024
 31   2.121290 -0.561289 -1.853599 0.000000 0.000000 -0.000002
 32   -0.810489 -0.093824 3.127092 0.308687 -2.963972 -0.295141
 33   14.298673 -0.408176 0.475484 0.010830 -0.088871 -0.467367
 34   15.835795 0.581398 0.242756 -0.305885 -0.201989 0.256011
 35   -0.815868 -0.091229 -3.114430 -0.040474 2.853438 0.069176
 36   14.294526 -0.410349 -0.463635 -0.007026 0.076833 -0.395888
 37   15.834409 0.579420 -0.284600 0.273760 0.212841 0.401548
 38   1.139685 -3.453749 -2.823813 0.000000 0.000000 0.000001
 39   -4.457742 -1.054854 -0.746180 0.000000 0.000000 0.000000
 40   1.118101 -3.449769 3.237290 0.000000 0.000001 0.000000
 41   -4.433840 -1.059130 0.959566 -0.000001 0.000000 0.000000
 42   -0.657468 1.697302 -2.688614 0.000000 0.000002 0.000000
 43   -0.664068 1.698578 2.869377 0.000000 0.000002 0.000000
time 106
  0   -0.756603 -0.917997 1.293379 0.000000 0.000000 -1.571069
  1   -1.093036 0.000002 -0.326057 -1.569027 -1.622749 -0.001768
  2   2.262337 0.113614 0.064702 -0.000014 0.000037 0.131489
  3   2.380047 0.353302 0.047440 -0.015046 0.003711 0.112863
  4   2.033756 0.190472 -0.000128 -0.181725 0.055645 0.076674
  5   2.451511 0.204909 -0.003447 -0.147650 -0.000057 0.248608
  6   7.247600 -0.397300 -0.109469 0.000001 -0.000003 0.470960
  7   -2.022252 -0.104661 3.136172 1.212706 -1.046098 -4.775980
  8   1.168026 -0.537438 -0.063437 -0.391219 0.421700 -0.364696
  9   6.790376 -0.619176 0.015206 -0.169926 -0.310427 -1.173747
 10   8.637599 0.544015 -0.090417 -0.992935 0.133541 -0.528162
 11   6.790465 -0.619039 0.017802 -0.156688 -0.211310 -0.834642
 12   -2.022474 -0.104699 -2.873818 -2.468706 1.824383 0.184805
 13   1.167898 -0.537463 0.063297 -0.841703 -0.984625 0.138776
 14   7.002743 -0.617765 -0.183752 0.000115 0.000194 -1.858848
 15   8.209042 0.615527 -0.255885 1.772138 0.315286 0.262132
 16   7.002735 -0.617911 -0.183641 0.012979 0.010300 -1.319926
 17   1.574674 0.609930 -0.000899 0.113330 0.056146 0.034920
 18   -0.602177 0.511412 -0.000006 0.000000 0.000000 0.000000
 19   3.673773 0.177020 1.119313 -0.000002 -0.000014 -0.174510
 20   3.673767 0.176993 -1.117566 0.000007 -0.000003 -0.174546
 21   3.942357 1.330634 1.627658 0.000002 -0.000011 -0.000026
 22   -0.246060 -0.011889 0.516521 -0.000011 0.000031 0.000025
 23   3.942374 1.330659 -1.631083 0.000019 0.000002 -0.000024
 24   -0.246150 -0.011872 -0.516511 -0.000005 -0.000006 0.000048
 25   4.941364 1.997338 1.629330 0.000018 -0.000001 -0.000024
 26   4.941382 1.997366 -1.629410 -0.000001 0.000005 -0.000024
 27   2.918368 1.615358 1.514501 -0.000019 -0.000022 -0.000050
 28   2.920798 1.614964 -1.501142 -0.000002 -0.000009 -0.000024
 29   8.824059 0.150544 0.091743 0.000006 -0.000231 -0.174534
 30   2.111085 -0.561179 1.784320 -0.000008 -0.000682 0.000024
 31   2.121290 -0.561289 -1.853599 0.000000 0.000000 -0.000002
 32   -0.810489 -0.093824 3.127092 0.308687 -2.963972 -0.295141
 33   14.298673 -0.408176 0.475484 0.010830 -0.088871 -0.467367
 34   15.835795 0.581398 0.242756 -0.305885 -0.201989 0.256011
 35   -0.815868 -0.091229 -3.114430 -0.040474 2.853438 0.069176
 36   14.294526 -0.410349 -0.463635 -0.007026 0.076833 -0.395888
 37   15.834409 0.579420 -0.284600 0.273760 0.212841 0.401548
 38   1.139685 -3.453749 -2.823813 0.000000 0.000000 0.000001
 39   -4.457742 -1.054854 -0.746180 0.000000 0.000000 0.000000
 40   1.118101 -3.449769 3.237290 0.000000 0.000001 0.000000
 41   -4.433840 -1.059130 0.959566 -0.000001 0.000000 0.000000
 42   -0.657468 1.697302 -2.688614 0.000000 0.000002 0.000000
 43   -0.664068 1.698578 2.869377 0.000000 0.000002 0.000000
time 107
  0   -0.756603 -0.917997 1.293379 0.000000 0.000000 -1.571069
  1   -1.093036 0.000002 -0.326057 -1.569027 -1.622749 -0.001768
  2   2.262337 0.113614 0.064702 -0.000014 0.000037 0.131489
  3   2.380047 0.353302 0.047440 -0.014521 0.003555 0.112863
  4   2.033756 0.190472 -0.000128 -0.181153 0.055453 0.077326
  5   2.451511 0.204909 -0.003447 -0.147616 -0.000005 0.247716
  6   7.247600 -0.397300 -0.109469 0.000001 -0.000003 0.470960
  7   -2.022252 -0.104661 3.136172 1.212706 -1.046098 -4.775980
  8   1.168026 -0.537438 -0.063437 -0.432288 0.393071 -0.422453
  9   6.790376 -0.619176 0.015206 -0.169926 -0.298947 -1.096242
 10   8.637599 0.544015 -0.090417 -1.108124 0.141495 -0.542341
 11   6.790465 -0.619039 0.017802 -0.152776 -0.204346 -0.781062
 12   -2.022474 -0.104699 -2.873818 -2.468706 1.824383 0.184805
 13   1.167898 -0.537463 0.063297 -0.843601 -0.983659 0.140895
 14   7.002743 -0.617765 -0.183752 0.000115 0.000194 -1.859343
 15   8.209042 0.615527 -0.255885 1.772138 0.315286 0.262132
 16   7.002735 -0.617911 -0.183641 0.012979 0.010300 -1.320312
 17   1.574674 0.609930 -0.000899 0.113330 0.056146 0.034920
 18   -0.602177 0.511412 -0.000006 0.000000 0.000000 0.000000
 19   3.673773 0.177020 1.119313 -0.000002 -0.000014 -0.174510
 20   3.673767 0.176993 -1.117566 0.000007 -0.000003 -0.174546
 21   3.942357 1.330634 1.627658 0.000002 -0.000011 -0.000026
 22   -0.246060 -0.011889 0.516521 -0.000011 0.000031 0.000025
 23   3.942374 1.330659 -1.631083 0.000019 0.000002 -0.000024
 24   -0.246150 -0.011872 -0.516511 -0.000005 -0.000006 0.000048
 25   4.941364 1.997338 1.629330 0.000018 -0.000001 -0.000024
 26   4.941382 1.997366 -1.629410 -0.000001 0.000005 -0.000024
 27   2.918368 1.615358 1.514501 -0.000019 -0.000022 -0.000050
 28   2.920798 1.614964 -1.501142 -0.000002 -0.000009 -0.000024
 29   8.824059 0.150544 0.091743 0.000006 -0.000231 -0.174534
 30   2.111085 -0.561179 1.784320 -0.000008 -0.000682 0.000024
 31   2.121290 -0.561289 -1.853599 0.000000 0.000000 -0.000002
 32   -0.810489 -0.093824 3.127092 0.308687 -2.963972 -0.295141
 33   14.298673 -0.408176 0.475484 0.010830 -0.088871 -0.467367
 34   15.835795 0.581398 0.242756 -0.305885 -0.201989 0.256011
 35   -0.815868 -0.091229 -3.114430 -0.040474 2.853438 0.069176
 36   14.294526 -0.410349 -0.463635 -0.007026 0.076833 -0.395888
 37   15.834409 0.579420 -0.284600 0.273760 0.212841 0.401548
 38   1.139685 -3.453749 -2.823813 0.000000 0.000000 0.000001
 39   -4.457742 -1.054854 -0.746180 0.000000 0.000000 0.000000
 40   1.118101 -3.449769 3.237290 0.000000 0.000001 0.000000
 41   -4.433840 -1.059130 0.959566 -0.000001 0.000000 0.000000
 42   -0.657468 1.697302 -2.688614 0.000000 0.000002 0.000000
 43   -0.664068 1.698578 2.869377 0.000000 0.000002 0.000000
time 108
  0   -0.756603 -0.917997 1.293379 0.000000 0.000000 -1.571069
  1   -1.093036 0.000002 -0.326057 -1.569027 -1.622749 -0.001768
  2   2.262337 0.113614 0.064702 -0.000014 0.000037 0.131489
  3   2.380047 0.353302 0.047440 -0.013306 0.003292 0.112863
  4   2.033756 0.190472 -0.000128 -0.179936 0.055033 0.078921
  5   2.451511 0.204909 -0.003447 -0.147445 0.000269 0.245908
  6   7.247600 -0.397300 -0.109469 0.000001 -0.000003 0.470960
  7   -2.022252 -0.104661 3.136172 1.212706 -1.046098 -4.775980
  8   1.168026 -0.537438 -0.063437 -0.516324 0.325348 -0.560487
  9   6.790376 -0.619176 0.015206 -0.169926 -0.263842 -0.906366
 10   8.637599 0.544015 -0.090417 -1.402877 0.164935 -0.583071
 11   6.790465 -0.619039 0.017802 -0.143462 -0.182089 -0.649852
 12   -2.022474 -0.104699 -2.873818 -2.468706 1.824383 0.184805
 13   1.167898 -0.537463 0.063297 -0.847607 -0.982184 0.145193
 14   7.002743 -0.617765 -0.183752 0.000115 0.000194 -1.860498
 15   8.209042 0.615527 -0.255885 1.772138 0.315286 0.262132
 16   7.002735 -0.617911 -0.183641 0.012979 0.010300 -1.321085
 17   1.574674 0.609930 -0.000899 0.113330 0.056146 0.034920
 18   -0.602177 0.511412 -0.000006 0.000000 0.000000 0.000000
 19   3.673773 0.177020 1.119313 -0.000002 -0.000014 -0.174510
 20   3.673767 0.176993 -1.117566 0.000007 -0.000003 -0.174546
 21   3.942357 1.330634 1.627658 0.000002 -0.000011 -0.000026
 22   -0.246060 -0.011889 0.516521 -0.000011 0.000031 0.000025
 23   3.942374 1.330659 -1.631083 0.000019 0.000002 -0.000024
 24   -0.246150 -0.011872 -0.516511 -0.000005 -0.000006 0.000048
 25   4.941364 1.997338 1.629330 0.000018 -0.000001 -0.000024
 26   4.941382 1.997366 -1.629410 -0.000001 0.000005 -0.000024
 27   2.918368 1.615358 1.514501 -0.000019 -0.000022 -0.000050
 28   2.920798 1.614964 -1.501142 -0.000002 -0.000009 -0.000024
 29   8.824059 0.150544 0.091743 0.000006 -0.000231 -0.174534
 30   2.111085 -0.561179 1.784320 -0.000008 -0.000682 0.000024
 31   2.121290 -0.561289 -1.853599 0.000000 0.000000 -0.000002
 32   -0.810489 -0.093824 3.127092 0.308687 -2.963972 -0.295141
 33   14.298673 -0.408176 0.475484 0.010830 -0.088871 -0.467367
 34   15.835795 0.581398 0.242756 -0.305885 -0.201989 0.256011
 35   -0.815868 -0.091229 -3.114430 -0.040474 2.853438 0.069176
 36   14.294526 -0.410349 -0.463635 -0.007026 0.076833 -0.395888
 37   15.834409 0.579420 -0.284600 0.273760 0.212841 0.401548
 38   1.139685 -3.453749 -2.823813 0.000000 0.000000 0.000001
 39   -4.457742 -1.054854 -0.746180 0.000000 0.000000 0.000000
 40   1.118101 -3.449769 3.237290 0.000000 0.000001 0.000000
 41   -4.433840 -1.059130 0.959566 -0.000001 0.000000 0.000000
 42   -0.657468 1.697302 -2.688614 0.000000 0.000002 0.000000
 43   -0.664068 1.698578 2.869377 0.000000 0.000002 0.000000
time 109
  0   -0.756603 -0.917997 1.293379 0.000000 0.000000 -1.571069
  1   -1.093036 0.000002 -0.326057 -1.569027 -1.622749 -0.001768
  2   2.262337 0.113614 0.064702 -0.000014 0.000037 0.131489
  3   2.380047 0.353302 0.047440 -0.012691 0.003136 0.112863
  4   2.033756 0.190472 -0.000128 -0.179309 0.054878 0.079827
  5   2.451511 0.204909 -0.003447 -0.147359 0.000413 0.245017
  6   7.247600 -0.397300 -0.109469 0.000001 -0.000003 0.470960
  7   -2.022252 -0.104661 3.136172 1.212706 -1.046098 -4.775980
  8   1.168026 -0.537438 -0.063437 -0.556001 0.285298 -0.634059
  9   6.790376 -0.619176 0.015206 -0.169926 -0.239215 -0.796636
 10   8.637599 0.544015 -0.090417 -1.568263 0.179717 -0.607668
 11   6.790465 -0.619039 0.017802 -0.138557 -0.166313 -0.573721
 12   -2.022474 -0.104699 -2.873818 -2.468706 1.824383 0.184805
 13   1.167898 -0.537463 0.063297 -0.849435 -0.981167 0.147130
 14   7.002743 -0.617765 -0.183752 0.000115 0.000194 -1.860993
 15   8.209042 0.615527 -0.255885 1.772138 0.315286 0.262132
 16   7.002735 -0.617911 -0.183641 0.012979 0.010300 -1.321416
 17   1.574674 0.609930 -0.000899 0.113330 0.056146 0.034920
 18   -0.602177 0.511412 -0.000006 0.000000 0.000000 0.000000
 19   3.673773 0.177020 1.119313 -0.000002 -0.000014 -0.174510
 20   3.673767 0.176993 -1.117566 0.000007 -0.000003 -0.174546
 21   3.942357 1.330634 1.627658 0.000002 -0.000011 -0.000026
 22   -0.246060 -0.011889 0.516521 -0.000011 0.000031 0.000025
 23   3.942374 1.330659 -1.631083 0.000019 0.000002 -0.000024
 24   -0.246150 -0.011872 -0.516511 -0.000005 -0.000006 0.000048
 25   4.941364 1.997338 1.629330 0.000018 -0.000001 -0.000024
 26   4.941382 1.997366 -1.629410 -0.000001 0.000005 -0.000024
 27   2.918368 1.615358 1.514501 -0.000019 -0.000022 -0.000050
 28   2.920798 1.614964 -1.501142 -0.000002 -0.000009 -0.000024
 29   8.824059 0.150544 0.091743 0.000006 -0.000231 -0.174534
 30   2.111085 -0.561179 1.784320 -0.000008 -0.000682 0.000024
 31   2.121290 -0.561289 -1.853599 0.000000 0.000000 -0.000002
 32   -0.810489 -0.093824 3.127092 0.308687 -2.963972 -0.295141
 33   14.298673 -0.408176 0.475484 0.010830 -0.088871 -0.467367
 34   15.835795 0.581398 0.242756 -0.305885 -0.201989 0.256011
 35   -0.815868 -0.091229 -3.114430 -0.040474 2.853438 0.069176
 36   14.294526 -0.410349 -0.463635 -0.007026 0.076833 -0.395888
 37   15.834409 0.579420 -0.284600 0.273760 0.212841 0.401548
 38   1.139685 -3.453749 -2.823813 0.000000 0.000000 0.000001
 39   -4.457742 -1.054854 -0.746180 0.000000 0.000000 0.000000
 40   1.118101 -3.449769 3.237290 0.000000 0.000001 0.000000
 41   -4.433840 -1.059130 0.959566 -0.000001 0.000000 0.000000
 42   -0.657468 1.697302 -2.688614 0.000000 0.000002 0.000000
 43   -0.664068 1.698578 2.869377 0.000000 0.000002 0.000000
time 110
  0   -0.756603 -0.917997 1.293379 0.000000 0.000000 -1.571069
  1   -1.093036 0.000002 -0.326057 -1.569027 -1.622749 -0.001768
  2   2.262337 0.113614 0.064702 -0.000014 0.000037 0.131489
  3   2.380047 0.353302 0.047440 -0.011461 0.002788 0.112863
  4   2.033756 0.190472 -0.000128 -0.178110 0.054446 0.081676
  5   2.451511 0.204909 -0.003447 -0.147188 0.000687 0.243209
  6   7.247600 -0.397300 -0.109469 0.000001 -0.000003 0.470960
  7   -2.022252 -0.104661 3.136172 1.212706 -1.046098 -4.775980
  8   1.168026 -0.537438 -0.063437 -0.624787 0.194833 -0.776964
  9   6.790376 -0.619176 0.015206 -0.169926 -0.176145 -0.557706
 10   8.637599 0.544015 -0.090417 -1.896304 0.213856 -0.662288
 11   6.790465 -0.619039 0.017802 -0.129740 -0.125722 -0.406983
 12   -2.022474 -0.104699 -2.873818 -2.468706 1.824383 0.184805
 13   1.167898 -0.537463 0.063297 -0.853231 -0.979692 0.151125
 14   7.002743 -0.617765 -0.183752 0.000115 0.000194 -1.862148
 15   8.209042 0.615527 -0.255885 1.772138 0.315286 0.262132
 16   7.002735 -0.617911 -0.183641 0.012979 0.010300 -1.322078
 17   1.574674 0.609930 -0.000899 0.113330 0.056146 0.034920
 18   -0.602177 0.511412 -0.000006 0.000000 0.000000 0.000000
 19   3.673773 0.177020 1.119313 -0.000002 -0.000014 -0.174510
 20   3.673767 0.176993 -1.117566 0.000007 -0.000003 -0.174546
 21   3.942357 1.330634 1.627658 0.000002 -0.000011 -0.000026
 22   -0.246060 -0.011889 0.516521 -0.000011 0.000031 0.000025
 23   3.942374 1.330659 -1.631083 0.000019 0.000002 -0.000024
 24   -0.246150 -0.011872 -0.516511 -0.000005 -0.000006 0.000048
 25   4.941364 1.997338 1.629330 0.000018 -0.000001 -0.000024
 26   4.941382 1.997366 -1.629410 -0.000001 0.000005 -0.000024
 27   2.918368 1.615358 1.514501 -0.000019 -0.000022 -0.000050
 28   2.920798 1.614964 -1.501142 -0.000002 -0.000009 -0.000024
 29   8.824059 0.150544 0.091743 0.000006 -0.000231 -0.174534
 30   2.111085 -0.561179 1.784320 -0.000008 -0.000682 0.000024
 31   2.121290 -0.561289 -1.853599 0.000000 0.000000 -0.000002
 32   -0.810489 -0.093824 3.127092 0.308687 -2.963972 -0.295141
 33   14.298673 -0.408176 0.475484 0.010830 -0.088871 -0.467367
 34   15.835795 0.581398 0.242756 -0.305885 -0.201989 0.256011
 35   -0.815868 -0.091229 -3.114430 -0.040474 2.853438 0.069176
 36   14.294526 -0.410349 -0.463635 -0.007026 0.076833 -0.395888
 37   15.834409 0.579420 -0.284600 0.273760 0.212841 0.401548
 38   1.139685 -3.453749 -2.823813 0.000000 0.000000 0.000001
 39   -4.457742 -1.054854 -0.746180 0.000000 0.000000 0.000000
 40   1.118101 -3.449769 3.237290 0.000000 0.000001 0.000000
 41   -4.433840 -1.059130 0.959566 -0.000001 0.000000 0.000000
 42   -0.657468 1.697302 -2.688614 0.000000 0.000002 0.000000
 43   -0.664068 1.698578 2.869377 0.000000 0.000002 0.000000
time 111
  0   -0.756603 -0.917997 1.293379 0.000000 0.000000 -1.571069
  1   -1.093036 0.000002 -0.326057 -1.569027 -1.622749 -0.001768
  2   2.262337 0.113614 0.064702 -0.000014 0.000037 0.131489
  3   2.380047 0.353302 0.047440 -0.010231 0.002525 0.112863
  4   2.033756 0.190472 -0.000128 -0.176948 0.054099 0.083597
  5   2.451511 0.204909 -0.003447 -0.147017 0.000974 0.241352
  6   7.247600 -0.397300 -0.109469 0.000001 -0.000003 0.470960
  7   -2.022252 -0.104661 3.136172 1.212706 -1.046098 -4.775980
  8   1.168026 -0.537438 -0.063437 -0.670412 0.108745 -0.889378
  9   6.790376 -0.619176 0.015206 -0.169926 -0.110073 -0.337492
 10   8.637599 0.544015 -0.090417 -2.173973 0.251656 -0.717776
 11   6.790465 -0.619039 0.017802 -0.124397 -0.082885 -0.252471
 12   -2.022474 -0.104699 -2.873818 -2.468706 1.824383 0.184805
 13   1.167898 -0.537463 0.063297 -0.856745 -0.977913 0.154636
 14   7.002743 -0.617765 -0.183752 0.000115 0.000194 -1.862973
 15   8.209042 0.615527 -0.255885 1.772138 0.315286 0.262132
 16   7.002735 -0.617911 -0.183641 0.012979 0.010300 -1.322851
 17   1.574674 0.609930 -0.000899 0.113330 0.056146 0.034920
 18   -0.602177 0.511412 -0.000006 0.000000 0.000000 0.000000
 19   3.673773 0.177020 1.119313 -0.000002 -0.000014 -0.174510
 20   3.673767 0.176993 -1.117566 0.000007 -0.000003 -0.174546
 21   3.942357 1.330634 1.627658 0.000002 -0.000011 -0.000026
 22   -0.246060 -0.011889 0.516521 -0.000011 0.000031 0.000025
 23   3.942374 1.330659 -1.631083 0.000019 0.000002 -0.000024
 24   -0.246150 -0.011872 -0.516511 -0.000005 -0.000006 0.000048
 25   4.941364 1.997338 1.629330 0.000018 -0.000001 -0.000024
 26   4.941382 1.997366 -1.629410 -0.000001 0.000005 -0.000024
 27   2.918368 1.615358 1.514501 -0.000019 -0.000022 -0.000050
 28   2.920798 1.614964 -1.501142 -0.000002 -0.000009 -0.000024
 29   8.824059 0.150544 0.091743 0.000006 -0.000231 -0.174534
 30   2.111085 -0.561179 1.784320 -0.000008 -0.000682 0.000024
 31   2.121290 -0.561289 -1.853599 0.000000 0.000000 -0.000002
 32   -0.810489 -0.093824 3.127092 0.308687 -2.963972 -0.295141
 33   14.298673 -0.408176 0.475484 0.010830 -0.088871 -0.467367
 34   15.835795 0.581398 0.242756 -0.305885 -0.201989 0.256011
 35   -0.815868 -0.091229 -3.114430 -0.040474 2.853438 0.069176
 36   14.294526 -0.410349 -0.463635 -0.007026 0.076833 -0.395888
 37   15.834409 0.579420 -0.284600 0.273760 0.212841 0.401548
 38   1.139685 -3.453749 -2.823813 0.000000 0.000000 0.000001
 39   -4.457742 -1.054854 -0.746180 0.000000 0.000000 0.000000
 40   1.118101 -3.449769 3.237290 0.000000 0.000001 0.000000
 41   -4.433840 -1.059130 0.959566 -0.000001 0.000000 0.000000
 42   -0.657468 1.697302 -2.688614 0.000000 0.000002 0.000000
 43   -0.664068 1.698578 2.869377 0.000000 0.000002 0.000000
time 112
  0   -0.756603 -0.917997 1.293379 0.000000 0.000000 -1.571069
  1   -1.093036 0.000002 -0.326057 -1.569027 -1.622749 -0.001768
  2   2.262337 0.113614 0.064702 -0.000014 0.000037 0.131489
  3   2.380047 0.353302 0.047440 -0.009646 0.002381 0.112863
  4   2.033756 0.190472 -0.000128 -0.176358 0.053907 0.084648
  5   2.451511 0.204909 -0.003447 -0.146914 0.001118 0.240460
  6   7.247600 -0.397300 -0.109469 0.000001 -0.000003 0.470960
  7   -2.022252 -0.104661 3.136172 1.212706 -1.046098 -4.775980
  8   1.168026 -0.537438 -0.063437 -0.678512 0.090179 -0.911899
  9   6.790376 -0.619176 0.015206 -0.169926 -0.095056 -0.290174
 10   8.637599 0.544015 -0.090417 -2.274895 0.270943 -0.743892
 11   6.790465 -0.619039 0.017802 -0.123579 -0.073050 -0.219251
 12   -2.022474 -0.104699 -2.873818 -2.468706 1.824383 0.184805
 13   1.167898 -0.537463 0.063297 -0.858433 -0.977201 0.156755
 14   7.002743 -0.617765 -0.183752 0.000115 0.000194 -1.863468
 15   8.209042 0.615527 -0.255885 1.772138 0.315286 0.262132
 16   7.002735 -0.617911 -0.183641 0.012979 0.010300 -1.323127
 17   1.574674 0.609930 -0.000899 0.113330 0.056146 0.034920
 18   -0.602177 0.511412 -0.000006 0.000000 0.000000 0.000000
 19   3.673773 0.177020 1.119313 -0.000002 -0.000014 -0.174510
 20   3.673767 0.176993 -1.117566 0.000007 -0.000003 -0.174546
 21   3.942357 1.330634 1.627658 0.000002 -0.000011 -0.000026
 22   -0.246060 -0.011889 0.516521 -0.000011 0.000031 0.000025
 23   3.942374 1.330659 -1.631083 0.000019 0.000002 -0.000024
 24   -0.246150 -0.011872 -0.516511 -0.000005 -0.000006 0.000048
 25   4.941364 1.997338 1.629330 0.000018 -0.000001 -0.000024
 26   4.941382 1.997366 -1.629410 -0.000001 0.000005 -0.000024
 27   2.918368 1.615358 1.514501 -0.000019 -0.000022 -0.000050
 28   2.920798 1.614964 -1.501142 -0.000002 -0.000009 -0.000024
 29   8.824059 0.150544 0.091743 0.000006 -0.000231 -0.174534
 30   2.111085 -0.561179 1.784320 -0.000008 -0.000682 0.000024
 31   2.121290 -0.561289 -1.853599 0.000000 0.000000 -0.000002
 32   -0.810489 -0.093824 3.127092 0.308687 -2.963972 -0.295141
 33   14.298673 -0.408176 0.475484 0.010830 -0.088871 -0.467367
 34   15.835795 0.581398 0.242756 -0.305885 -0.201989 0.256011
 35   -0.815868 -0.091229 -3.114430 -0.040474 2.853438 0.069176
 36   14.294526 -0.410349 -0.463635 -0.007026 0.076833 -0.395888
 37   15.834409 0.579420 -0.284600 0.273760 0.212841 0.401548
 38   1.139685 -3.453749 -2.823813 0.000000 0.000000 0.000001
 39   -4.457742 -1.054854 -0.746180 0.000000 0.000000 0.000000
 40   1.118101 -3.449769 3.237290 0.000000 0.000001 0.000000
 41   -4.433840 -1.059130 0.959566 -0.000001 0.000000 0.000000
 42   -0.657468 1.697302 -2.688614 0.000000 0.000002 0.000000
 43   -0.664068 1.698578 2.869377 0.000000 0.000002 0.000000
time 113
  0   -0.756603 -0.917997 1.293379 0.000000 0.000000 -1.571069
  1   -1.093036 0.000002 -0.326057 -1.569027 -1.622749 -0.001768
  2   2.262337 0.113614 0.064702 -0.000014 0.000037 0.131489
  3   2.380047 0.353302 0.047440 -0.008446 0.002045 0.112863
  4   2.033756 0.190472 -0.000128 -0.175196 0.053499 0.086823
  5   2.451511 0.204909 -0.003447 -0.146760 0.001353 0.238677
  6   7.247600 -0.397300 -0.109469 0.000001 -0.000003 0.470960
  7   -2.022252 -0.104661 3.136172 1.212706 -1.046098 -4.775980
  8   1.168026 -0.537438 -0.063437 -0.680094 0.088066 -0.916390
  9   6.790376 -0.619176 0.015206 -0.169926 -0.093054 -0.284363
 10   8.637599 0.544015 -0.090417 -2.364369 0.308883 -0.789035
 11   6.790465 -0.619039 0.017802 -0.123521 -0.071856 -0.215156
 12   -2.022474 -0.104699 -2.873818 -2.468706 1.824383 0.184805
 13   1.167898 -0.537463 0.063297 -0.861736 -0.975472 0.159842
 14   7.002743 -0.617765 -0.183752 0.000115 0.000194 -1.864128
 15   8.209042 0.615527 -0.255885 1.772138 0.315286 0.262132
 16   7.002735 -0.617911 -0.183641 0.012979 0.010300 -1.323513
 17   1.574674 0.609930 -0.000899 0.113330 0.056146 0.034920
 18   -0.602177 0.511412 -0.000006 0.000000 0.000000 0.000000
 19   3.673773 0.177020 1.119313 -0.000002 -0.000014 -0.174510
 20   3.673767 0.176993 -1.117566 0.000007 -0.000003 -0.174546
 21   3.942357 1.330634 1.627658 0.000002 -0.000011 -0.000026
 22   -0.246060 -0.011889 0.516521 -0.000011 0.000031 0.000025
 23   3.942374 1.330659 -1.631083 0.000019 0.000002 -0.000024
 24   -0.246150 -0.011872 -0.516511 -0.000005 -0.000006 0.000048
 25   4.941364 1.997338 1.629330 0.000018 -0.000001 -0.000024
 26   4.941382 1.997366 -1.629410 -0.000001 0.000005 -0.000024
 27   2.918368 1.615358 1.514501 -0.000019 -0.000022 -0.000050
 28   2.920798 1.614964 -1.501142 -0.000002 -0.000009 -0.000024
 29   8.824059 0.150544 0.091743 0.000006 -0.000231 -0.174534
 30   2.111085 -0.561179 1.784320 -0.000008 -0.000682 0.000024
 31   2.121290 -0.561289 -1.853599 0.000000 0.000000 -0.000002
 32   -0.810489 -0.093824 3.127092 0.308687 -2.963972 -0.295141
 33   14.298673 -0.408176 0.475484 0.010830 -0.088871 -0.467367
 34   15.835795 0.581398 0.242756 -0.305885 -0.201989 0.256011
 35   -0.815868 -0.091229 -3.114430 -0.040474 2.853438 0.069176
 36   14.294526 -0.410349 -0.463635 -0.007026 0.076833 -0.395888
 37   15.834409 0.579420 -0.284600 0.273760 0.212841 0.401548
 38   1.139685 -3.453749 -2.823813 0.000000 0.000000 0.000001
 39   -4.457742 -1.054854 -0.746180 0.000000 0.000000 0.000000
 40   1.118101 -3.449769 3.237290 0.000000 0.000001 0.000000
 41   -4.433840 -1.059130 0.959566 -0.000001 0.000000 0.000000
 42   -0.657468 1.697302 -2.688614 0.000000 0.000002 0.000000
 43   -0.664068 1.698578 2.869377 0.000000 0.000002 0.000000
time 114
  0   -0.756603 -0.917997 1.293379 0.000000 0.000000 -1.571069
  1   -1.093036 0.000002 -0.326057 -1.569027 -1.622749 -0.001768
  2   2.262337 0.113614 0.064702 -0.000014 0.000037 0.131489
  3   2.380047 0.353302 0.047440 -0.007230 0.001794 0.112863
  4   2.033756 0.190472 -0.000128 -0.174071 0.053164 0.089070
  5   2.451511 0.204909 -0.003447 -0.146623 0.001627 0.236993
  6   7.247600 -0.397300 -0.109469 0.000001 -0.000003 0.470960
  7   -2.022252 -0.104661 3.136172 1.212706 -1.046098 -4.775980
  8   1.168026 -0.537438 -0.063437 -0.669969 0.116242 -0.909938
  9   6.790376 -0.619176 0.015206 -0.169926 -0.105334 -0.322625
 10   8.637599 0.544015 -0.090417 -2.329760 0.352314 -0.831067
 11   6.790465 -0.619039 0.017802 -0.124105 -0.079758 -0.242090
 12   -2.022474 -0.104699 -2.873818 -2.468706 1.824383 0.184805
 13   1.167898 -0.537463 0.063297 -0.864759 -0.974048 0.162869
 14   7.002743 -0.617765 -0.183752 0.000115 0.000194 -1.864788
 15   8.209042 0.615527 -0.255885 1.772138 0.315286 0.262132
 16   7.002735 -0.617911 -0.183641 0.012979 0.010300 -1.324010
 17   1.574674 0.609930 -0.000899 0.113330 0.056146 0.034920
 18   -0.602177 0.511412 -0.000006 0.000000 0.000000 0.000000
 19   3.673773 0.177020 1.119313 -0.000002 -0.000014 -0.174510
 20   3.673767 0.176993 -1.117566 0.000007 -0.000003 -0.174546
 21   3.942357 1.330634 1.627658 0.000002 -0.000011 -0.000026
 22   -0.246060 -0.011889 0.516521 -0.000011 0.000031 0.000025
 23   3.942374 1.330659 -1.631083 0.000019 0.000002 -0.000024
 24   -0.246150 -0.011872 -0.516511 -0.000005 -0.000006 0.000048
 25   4.941364 1.997338 1.629330 0.000018 -0.000001 -0.000024
 26   4.941382 1.997366 -1.629410 -0.000001 0.000005 -0.000024
 27   2.918368 1.615358 1.514501 -0.000019 -0.000022 -0.000050
 28   2.920798 1.614964 -1.501142 -0.000002 -0.000009 -0.000024
 29   8.824059 0.150544 0.091743 0.000006 -0.000231 -0.174534
 30   2.111085 -0.561179 1.784320 -0.000008 -0.000682 0.000024
 31   2.121290 -0.561289 -1.853599 0.000000 0.000000 -0.000002
 32   -0.810489 -0.093824 3.127092 0.308687 -2.963972 -0.295141
 33   14.298673 -0.408176 0.475484 0.010830 -0.088871 -0.467367
 34   15.835795 0.581398 0.242756 -0.305885 -0.201989 0.256011
 35   -0.815868 -0.091229 -3.114430 -0.040474 2.853438 0.069176
 36   14.294526 -0.410349 -0.463635 -0.007026 0.076833 -0.395888
 37   15.834409 0.579420 -0.284600 0.273760 0.212841 0.401548
 38   1.139685 -3.453749 -2.823813 0.000000 0.000000 0.000001
 39   -4.457742 -1.054854 -0.746180 0.000000 0.000000 0.000000
 40   1.118101 -3.449769 3.237290 0.000000 0.000001 0.000000
 41   -4.433840 -1.059130 0.959566 -0.000001 0.000000 0.000000
 42   -0.657468 1.697302 -2.688614 0.000000 0.000002 0.000000
 43   -0.664068 1.698578 2.869377 0.000000 0.000002 0.000000
time 115
  0   -0.756603 -0.917997 1.293379 0.000000 0.000000 -1.571069
  1   -1.093036 0.000002 -0.326057 -1.569027 -1.622749 -0.001768
  2   2.262337 0.113614 0.064702 -0.000014 0.000037 0.131489
  3   2.380047 0.353302 0.047440 -0.006675 0.001650 0.112863
  4   2.033756 0.190472 -0.000128 -0.173481 0.052996 0.090375
  5   2.451511 0.204909 -0.003447 -0.146469 0.001771 0.236151
  6   7.247600 -0.397300 -0.109469 0.000001 -0.000003 0.470960
  7   -2.022252 -0.104661 3.136172 1.212706 -1.046098 -4.775980
  8   1.168026 -0.537438 -0.063437 -0.658452 0.146028 -0.902346
  9   6.790376 -0.619176 0.015206 -0.169926 -0.117414 -0.361340
 10   8.637599 0.544015 -0.090417 -2.289690 0.377866 -0.854073
 11   6.790465 -0.619039 0.017802 -0.124747 -0.087632 -0.269255
 12   -2.022474 -0.104699 -2.873818 -2.468706 1.824383 0.184805
 13   1.167898 -0.537463 0.063297 -0.866165 -0.973387 0.164564
 14   7.002743 -0.617765 -0.183752 0.000115 0.000194 -1.865118
 15   8.209042 0.615527 -0.255885 1.772138 0.315286 0.262132
 16   7.002735 -0.617911 -0.183641 0.012979 0.010300 -1.324231
 17   1.574674 0.609930 -0.000899 0.113330 0.056146 0.034920
 18   -0.602177 0.511412 -0.000006 0.000000 0.000000 0.000000
 19   3.673773 0.177020 1.119313 -0.000002 -0.000014 -0.174510
 20   3.673767 0.176993 -1.117566 0.000007 -0.000003 -0.174546
 21   3.942357 1.330634 1.627658 0.000002 -0.000011 -0.000026
 22   -0.246060 -0.011889 0.516521 -0.000011 0.000031 0.000025
 23   3.942374 1.330659 -1.631083 0.000019 0.000002 -0.000024
 24   -0.246150 -0.011872 -0.516511 -0.000005 -0.000006 0.000048
 25   4.941364 1.997338 1.629330 0.000018 -0.000001 -0.000024
 26   4.941382 1.997366 -1.629410 -0.000001 0.000005 -0.000024
 27   2.918368 1.615358 1.514501 -0.000019 -0.000022 -0.000050
 28   2.920798 1.614964 -1.501142 -0.000002 -0.000009 -0.000024
 29   8.824059 0.150544 0.091743 0.000006 -0.000231 -0.174534
 30   2.111085 -0.561179 1.784320 -0.000008 -0.000682 0.000024
 31   2.121290 -0.561289 -1.853599 0.000000 0.000000 -0.000002
 32   -0.810489 -0.093824 3.127092 0.308687 -2.963972 -0.295141
 33   14.298673 -0.408176 0.475484 0.010830 -0.088871 -0.467367
 34   15.835795 0.581398 0.242756 -0.305885 -0.201989 0.256011
 35   -0.815868 -0.091229 -3.114430 -0.040474 2.853438 0.069176
 36   14.294526 -0.410349 -0.463635 -0.007026 0.076833 -0.395888
 37   15.834409 0.579420 -0.284600 0.273760 0.212841 0.401548
 38   1.139685 -3.453749 -2.823813 0.000000 0.000000 0.000001
 39   -4.457742 -1.054854 -0.746180 0.000000 0.000000 0.000000
 40   1.118101 -3.449769 3.237290 0.000000 0.000001 0.000000
 41   -4.433840 -1.059130 0.959566 -0.000001 0.000000 0.000000
 42   -0.657468 1.697302 -2.688614 0.000000 0.000002 0.000000
 43   -0.664068 1.698578 2.869377 0.000000 0.000002 0.000000
time 116
  0   -0.756603 -0.917997 1.293379 0.000000 0.000000 -1.571069
  1   -1.093036 0.000002 -0.326057 -1.569027 -1.622749 -0.001768
  2   2.262337 0.113614 0.064702 -0.000014 0.000037 0.131489
  3   2.380047 0.353302 0.047440 -0.006135 0.001518 0.112863
  4   2.033756 0.190472 -0.000128 -0.172983 0.052780 0.091571
  5   2.451511 0.204909 -0.003447 -0.146469 0.001875 0.235309
  6   7.247600 -0.397300 -0.109469 0.000001 -0.000003 0.470960
  7   -2.022252 -0.104661 3.136172 1.212706 -1.046098 -4.775980
  8   1.168026 -0.537438 -0.063437 -0.644467 0.180443 -0.895388
  9   6.790376 -0.619176 0.015206 -0.169926 -0.129561 -0.400583
 10   8.637599 0.544015 -0.090417 -2.237820 0.405318 -0.877729
 11   6.790465 -0.619039 0.017802 -0.125594 -0.095506 -0.296766
 12   -2.022474 -0.104699 -2.873818 -2.468706 1.824383 0.184805
 13   1.167898 -0.537463 0.063297 -0.867641 -0.972929 0.166138
 14   7.002743 -0.617765 -0.183752 0.000115 0.000194 -1.865283
 15   8.209042 0.615527 -0.255885 1.772138 0.315286 0.262132
 16   7.002735 -0.617911 -0.183641 0.012979 0.010300 -1.324341
 17   1.574674 0.609930 -0.000899 0.113330 0.056146 0.034920
 18   -0.602177 0.511412 -0.000006 0.000000 0.000000 0.000000
 19   3.673773 0.177020 1.119313 -0.000002 -0.000014 -0.174510
 20   3.673767 0.176993 -1.117566 0.000007 -0.000003 -0.174546
 21   3.942357 1.330634 1.627658 0.000002 -0.000011 -0.000026
 22   -0.246060 -0.011889 0.516521 -0.000011 0.000031 0.000025
 23   3.942374 1.330659 -1.631083 0.000019 0.000002 -0.000024
 24   -0.246150 -0.011872 -0.516511 -0.000005 -0.000006 0.000048
 25   4.941364 1.997338 1.629330 0.000018 -0.000001 -0.000024
 26   4.941382 1.997366 -1.629410 -0.000001 0.000005 -0.000024
 27   2.918368 1.615358 1.514501 -0.000019 -0.000022 -0.000050
 28   2.920798 1.614964 -1.501142 -0.000002 -0.000009 -0.000024
 29   8.824059 0.150544 0.091743 0.000006 -0.000231 -0.174534
 30   2.111085 -0.561179 1.784320 -0.000008 -0.000682 0.000024
 31   2.121290 -0.561289 -1.853599 0.000000 0.000000 -0.000002
 32   -0.810489 -0.093824 3.127092 0.308687 -2.963972 -0.295141
 33   14.298673 -0.408176 0.475484 0.010830 -0.088871 -0.467367
 34   15.835795 0.581398 0.242756 -0.305885 -0.201989 0.256011
 35   -0.815868 -0.091229 -3.114430 -0.040474 2.853438 0.069176
 36   14.294526 -0.410349 -0.463635 -0.007026 0.076833 -0.395888
 37   15.834409 0.579420 -0.284600 0.273760 0.212841 0.401548
 38   1.139685 -3.453749 -2.823813 0.000000 0.000000 0.000001
 39   -4.457742 -1.054854 -0.746180 0.000000 0.000000 0.000000
 40   1.118101 -3.449769 3.237290 0.000000 0.000001 0.000000
 41   -4.433840 -1.059130 0.959566 -0.000001 0.000000 0.000000
 42   -0.657468 1.697302 -2.688614 0.000000 0.000002 0.000000
 43   -0.664068 1.698578 2.869377 0.000000 0.000002 0.000000
time 117
  0   -0.756603 -0.917997 1.293379 0.000000 0.000000 -1.571069
  1   -1.093036 0.000002 -0.326057 -1.569027 -1.622749 -0.001768
  2   2.262337 0.113614 0.064702 -0.000014 0.000037 0.131489
  3   2.380047 0.353302 0.047440 -0.005085 0.001218 0.112904
  4   2.033756 0.190472 -0.000128 -0.171932 0.052493 0.094181
  5   2.451511 0.204909 -0.003447 -0.146332 0.002097 0.233773
  6   7.247600 -0.397300 -0.109469 0.000001 -0.000003 0.470960
  7   -2.022252 -0.104661 3.136172 1.212706 -1.046098 -4.775980
  8   1.168026 -0.537438 -0.063437 -0.613523 0.253600 -0.886278
  9   6.790376 -0.619176 0.015206 -0.169926 -0.150117 -0.468277
 10   8.637599 0.544015 -0.090417 -2.107748 0.463531 -0.925838
 11   6.790465 -0.619039 0.017802 -0.127141 -0.108809 -0.344463
 12   -2.022474 -0.104699 -2.873818 -2.468706 1.824383 0.184805
 13   1.167898 -0.537463 0.063297 -0.869961 -0.971810 0.168559
 14   7.002743 -0.617765 -0.183752 0.000115 0.000194 -1.865613
 15   8.209042 0.615527 -0.255885 1.772138 0.315286 0.262132
 16   7.002735 -0.617911 -0.183641 0.012979 0.010300 -1.324617
 17   1.574674 0.609930 -0.000899 0.113330 0.056146 0.034920
 18   -0.602177 0.511412 -0.000006 0.000000 0.000000 0.000000
 19   3.673773 0.177020 1.119313 -0.000002 -0.000014 -0.174510
 20   3.673767 0.176993 -1.117566 0.000007 -0.000003 -0.174546
 21   3.942357 1.330634 1.627658 0.000002 -0.000011 -0.000026
 22   -0.246060 -0.011889 0.516521 -0.000011 0.000031 0.000025
 23   3.942374 1.330659 -1.631083 0.000019 0.000002 -0.000024
 24   -0.246150 -0.011872 -0.516511 -0.000005 -0.000006 0.000048
 25   4.941364 1.997338 1.629330 0.000018 -0.000001 -0.000024
 26   4.941382 1.997366 -1.629410 -0.000001 0.000005 -0.000024
 27   2.918368 1.615358 1.514501 -0.000019 -0.000022 -0.000050
 28   2.920798 1.614964 -1.501142 -0.000002 -0.000009 -0.000024
 29   8.824059 0.150544 0.091743 0.000006 -0.000231 -0.174534
 30   2.111085 -0.561179 1.784320 -0.000008 -0.000682 0.000024
 31   2.121290 -0.561289 -1.853599 0.000000 0.000000 -0.000002
 32   -0.810489 -0.093824 3.127092 0.308687 -2.963972 -0.295141
 33   14.298673 -0.408176 0.475484 0.010830 -0.088871 -0.467367
 34   15.835795 0.581398 0.242756 -0.305885 -0.201989 0.256011
 35   -0.815868 -0.091229 -3.114430 -0.040474 2.853438 0.069176
 36   14.294526 -0.410349 -0.463635 -0.007026 0.076833 -0.395888
 37   15.834409 0.579420 -0.284600 0.273760 0.212841 0.401548
 38   1.139685 -3.453749 -2.823813 0.000000 0.000000 0.000001
 39   -4.457742 -1.054854 -0.746180 0.000000 0.000000 0.000000
 40   1.118101 -3.449769 3.237290 0.000000 0.000001 0.000000
 41   -4.433840 -1.059130 0.959566 -0.000001 0.000000 0.000000
 42   -0.657468 1.697302 -2.688614 0.000000 0.000002 0.000000
 43   -0.664068 1.698578 2.869377 0.000000 0.000002 0.000000
time 118
  0   -0.756603 -0.917997 1.293379 0.000000 0.000000 -1.571069
  1   -1.093036 0.000002 -0.326057 -1.569027 -1.622749 -0.001768
  2   2.262337 0.113614 0.064702 -0.000014 0.000037 0.131489
  3   2.380047 0.353302 0.047440 -0.004590 0.001098 0.112904
  4   2.033756 0.190472 -0.000128 -0.171434 0.052325 0.095667
  5   2.451511 0.204909 -0.003447 -0.146195 0.002201 0.233030
  6   7.247600 -0.397300 -0.109469 0.000001 -0.000003 0.470960
  7   -2.022252 -0.104661 3.136172 1.212706 -1.046098 -4.775980
  8   1.168026 -0.537438 -0.063437 -0.598462 0.288518 -0.885076
  9   6.790376 -0.619176 0.015206 -0.169926 -0.157124 -0.492276
 10   8.637599 0.544015 -0.090417 -2.034566 0.492884 -0.949350
 11   6.790465 -0.619039 0.017802 -0.127842 -0.113442 -0.361189
 12   -2.022474 -0.104699 -2.873818 -2.468706 1.824383 0.184805
 13   1.167898 -0.537463 0.063297 -0.872070 -0.970895 0.170678
 14   7.002743 -0.617765 -0.183752 0.000115 0.000194 -1.864788
 15   8.209042 0.615527 -0.255885 1.772138 0.315286 0.262132
 16   7.002735 -0.617911 -0.183641 0.012979 0.010300 -1.324010
 17   1.574674 0.609930 -0.000899 0.113330 0.056146 0.034920
 18   -0.602177 0.511412 -0.000006 0.000000 0.000000 0.000000
 19   3.673773 0.177020 1.119313 -0.000002 -0.000014 -0.174510
 20   3.673767 0.176993 -1.117566 0.000007 -0.000003 -0.174546
 21   3.942357 1.330634 1.627658 0.000002 -0.000011 -0.000026
 22   -0.246060 -0.011889 0.516521 -0.000011 0.000031 0.000025
 23   3.942374 1.330659 -1.631083 0.000019 0.000002 -0.000024
 24   -0.246150 -0.011872 -0.516511 -0.000005 -0.000006 0.000048
 25   4.941364 1.997338 1.629330 0.000018 -0.000001 -0.000024
 26   4.941382 1.997366 -1.629410 -0.000001 0.000005 -0.000024
 27   2.918368 1.615358 1.514501 -0.000019 -0.000022 -0.000050
 28   2.920798 1.614964 -1.501142 -0.000002 -0.000009 -0.000024
 29   8.824059 0.150544 0.091743 0.000006 -0.000231 -0.174534
 30   2.111085 -0.561179 1.784320 -0.000008 -0.000682 0.000024
 31   2.121290 -0.561289 -1.853599 0.000000 0.000000 -0.000002
 32   -0.810489 -0.093824 3.127092 0.308687 -2.963972 -0.295141
 33   14.298673 -0.408176 0.475484 0.010830 -0.088871 -0.467367
 34   15.835795 0.581398 0.242756 -0.305885 -0.201989 0.256011
 35   -0.815868 -0.091229 -3.114430 -0.040474 2.853438 0.069176
 36   14.294526 -0.410349 -0.463635 -0.007026 0.076833 -0.395888
 37   15.834409 0.579420 -0.284600 0.273760 0.212841 0.401548
 38   1.139685 -3.453749 -2.823813 0.000000 0.000000 0.000001
 39   -4.457742 -1.054854 -0.746180 0.000000 0.000000 0.000000
 40   1.118101 -3.449769 3.237290 0.000000 0.000001 0.000000
 41   -4.433840 -1.059130 0.959566 -0.000001 0.000000 0.000000
 42   -0.657468 1.697302 -2.688614 0.000000 0.000002 0.000000
 43   -0.664068 1.698578 2.869377 0.000000 0.000002 0.000000
time 119
  0   -0.756603 -0.917997 1.293379 0.000000 0.000000 -1.571069
  1   -1.093036 0.000002 -0.326057 -1.569027 -1.622749 -0.001768
  2   2.262337 0.113614 0.064702 -0.000014 0.000037 0.131489
  3   2.380047 0.353302 0.047440 -0.003645 0.000895 0.112904
  4   2.033756 0.190472 -0.000128 -0.170530 0.052001 0.098458
  5   2.451511 0.204909 -0.003447 -0.146144 0.002436 0.231644
  6   7.247600 -0.397300 -0.109469 0.000001 -0.000003 0.470960
  7   -2.022252 -0.104661 3.136172 1.212706 -1.046098 -4.775980
  8   1.168026 -0.537438 -0.063437 -0.574289 0.348694 -0.889441
  9   6.790376 -0.619176 0.015206 -0.169926 -0.165066 -0.518765
 10   8.637599 0.544015 -0.090417 -1.883271 0.549407 -0.993697
 11   6.790465 -0.619039 0.017802 -0.128572 -0.118530 -0.379760
 12   -2.022474 -0.104699 -2.873818 -2.468706 1.824383 0.184805
 13   1.167898 -0.537463 0.063297 -0.880294 -0.968098 0.178487
 14   7.002743 -0.617765 -0.183752 0.000115 0.000194 -1.857775
 15   8.209042 0.615527 -0.255885 1.772138 0.315286 0.262132
 16   7.002735 -0.617911 -0.183641 0.012979 0.010244 -1.319098
 17   1.574674 0.609930 -0.000899 0.113330 0.056146 0.034920
 18   -0.602177 0.511412 -0.000006 0.000000 0.000000 0.000000
 19   3.673773 0.177020 1.119313 -0.000002 -0.000014 -0.174510
 20   3.673767 0.176993 -1.117566 0.000007 -0.000003 -0.174546
 21   3.942357 1.330634 1.627658 0.000002 -0.000011 -0.000026
 22   -0.246060 -0.011889 0.516521 -0.000011 0.000031 0.000025
 23   3.942374 1.330659 -1.631083 0.000019 0.000002 -0.000024
 24   -0.246150 -0.011872 -0.516511 -0.000005 -0.000006 0.000048
 25   4.941364 1.997338 1.629330 0.000018 -0.000001 -0.000024
 26   4.941382 1.997366 -1.629410 -0.000001 0.000005 -0.000024
 27   2.918368 1.615358 1.514501 -0.000019 -0.000022 -0.000050
 28   2.920798 1.614964 -1.501142 -0.000002 -0.000009 -0.000024
 29   8.824059 0.150544 0.091743 0.000006 -0.000231 -0.174534
 30   2.111085 -0.561179 1.784320 -0.000008 -0.000682 0.000024
 31   2.121290 -0.561289 -1.853599 0.000000 0.000000 -0.000002
 32   -0.810489 -0.093824 3.127092 0.308687 -2.963972 -0.295141
 33   14.298673 -0.408176 0.475484 0.010830 -0.088871 -0.467367
 34   15.835795 0.581398 0.242756 -0.305885 -0.201989 0.256011
 35   -0.815868 -0.091229 -3.114430 -0.040474 2.853438 0.069176
 36   14.294526 -0.410349 -0.463635 -0.007026 0.076833 -0.395888
 37   15.834409 0.579420 -0.284600 0.273760 0.212841 0.401548
 38   1.139685 -3.453749 -2.823813 0.000000 0.000000 0.000001
 39   -4.457742 -1.054854 -0.746180 0.000000 0.000000 0.000000
 40   1.118101 -3.449769 3.237290 0.000000 0.000001 0.000000
 41   -4.433840 -1.059130 0.959566 -0.000001 0.000000 0.000000
 42   -0.657468 1.697302 -2.688614 0.000000 0.000002 0.000000
 43   -0.664068 1.698578 2.869377 0.000000 0.000002 0.000000
time 120
  0   -0.756603 -0.917997 1.293379 0.000000 0.000000 -1.571069
  1   -1.093036 0.000002 -0.326057 -1.569027 -1.622749 -0.001768
  2   2.262337 0.113614 0.064702 -0.000014 0.000037 0.131489
  3   2.380047 0.353302 0.047440 -0.002790 0.000643 0.112904
  4   2.033756 0.190472 -0.000128 -0.169682 0.051762 0.101539
  5   2.451511 0.204909 -0.003447 -0.146041 0.002632 0.230331
  6   7.247600 -0.397300 -0.109469 0.000001 -0.000003 0.470960
  7   -2.022252 -0.104661 3.136172 1.212706 -1.046098 -4.775980
  8   1.168026 -0.537438 -0.063437 -0.559861 0.389398 -0.897918
  9   6.790376 -0.619176 0.015206 -0.169926 -0.166868 -0.525104
 10   8.637599 0.544015 -0.090417 -1.741222 0.598751 -1.031461
 11   6.790465 -0.619039 0.017802 -0.128718 -0.119667 -0.384201
 12   -2.022474 -0.104699 -2.873818 -2.468706 1.824383 0.184805
 13   1.167898 -0.537463 0.063297 -0.889784 -0.965098 0.187446
 14   7.002743 -0.617765 -0.183752 0.000115 0.000194 -1.848122
 15   8.209042 0.615527 -0.255885 1.772138 0.315286 0.262132
 16   7.002735 -0.617911 -0.183641 0.013027 0.010131 -1.312309
 17   1.574674 0.609930 -0.000899 0.115686 0.052738 0.030744
 18   -0.602177 0.511412 -0.000006 0.000000 0.000000 0.000000
 19   3.673773 0.177020 1.119313 -0.000002 -0.000014 -0.174510
 20   3.673767 0.176993 -1.117566 0.000007 -0.000003 -0.174546
 21   3.700162 1.330634 1.627658 0.006354 -0.200741 0.411837
 22   -0.351532 -0.011889 0.371985 -0.000011 0.000031 0.000025
 23   3.692366 1.330659 -1.631083 -0.006333 0.200780 0.411810
 24   -0.347716 -0.019685 -0.379788 -0.000005 -0.000006 0.000048
 25   4.941364 1.997338 1.629330 0.000018 -0.000001 -0.000024
 26   4.941382 1.997366 -1.629410 -0.000001 0.000005 -0.000024
 27   3.031653 1.689579 1.522314 -0.043955 0.137309 -0.635381
 28   3.034083 1.693092 -1.520674 0.043934 -0.137340 -0.635435
 29   8.824059 0.150544 0.091743 0.000006 -0.000231 -0.174534
 30   2.111085 -0.561179 1.784320 -0.000008 -0.000682 0.000024
 31   2.121290 -0.561289 -1.853599 0.000000 0.000000 -0.000002
 32   -0.810489 -0.093824 3.127092 0.308687 -2.963972 -0.295141
 33   14.298673 -0.408176 0.475484 0.010830 -0.088871 -0.467367
 34   15.835795 0.581398 0.242756 -0.305885 -0.201989 0.256011
 35   -0.815868 -0.091229 -3.114430 -0.040474 2.853438 0.069176
 36   14.294526 -0.410349 -0.463635 -0.007026 0.076833 -0.395888
 37   15.834409 0.579420 -0.284600 0.273760 0.212841 0.401548
 38   1.139685 -3.453749 -2.823813 0.000000 0.000000 0.000001
 39   -4.457742 -1.054854 -0.746180 0.000000 0.000000 0.000000
 40   1.118101 -3.449769 3.237290 0.000000 0.000001 0.000000
 41   -4.433840 -1.059130 0.959566 -0.000001 0.000000 0.000000
 42   -0.657468 1.697302 -2.688614 0.000000 0.000002 0.000000
 43   -0.664068 1.698578 2.869377 0.000000 0.000002 0.000000
time 121
  0   -0.756603 -0.917997 1.293379 0.000000 0.000000 -1.571069
  1   -1.093036 0.000002 -0.326057 -1.569027 -1.622749 -0.001768
  2   2.262337 0.113614 0.064702 -0.000014 0.000037 0.131489
  3   2.380047 0.353302 0.047440 -0.002400 0.000547 0.112904
  4   2.033756 0.190472 -0.000128 -0.169276 0.051630 0.103134
  5   2.451511 0.204909 -0.003447 -0.145973 0.002711 0.229712
  6   7.247600 -0.397300 -0.109469 0.000001 -0.000003 0.470960
  7   -2.022252 -0.104661 3.136172 1.212706 -1.046098 -4.775980
  8   1.168026 -0.537438 -0.063437 -0.556444 0.400568 -0.901334
  9   6.790376 -0.619176 0.015206 -0.169926 -0.167002 -0.525406
 10   8.637599 0.544015 -0.090417 -1.679841 0.619516 -1.047087
 11   6.790465 -0.619039 0.017802 -0.128718 -0.119724 -0.384432
 12   -2.022474 -0.104699 -2.873818 -2.468706 1.824383 0.184805
 13   1.167898 -0.537463 0.063297 -0.893790 -0.963775 0.191199
 14   7.002743 -0.617765 -0.183752 0.000115 0.000194 -1.843832
 15   8.209042 0.615527 -0.255885 1.772138 0.315286 0.262132
 16   7.002735 -0.617911 -0.183641 0.013027 0.010131 -1.309384
 17   1.574674 0.609930 -0.000899 0.118530 0.048691 0.025791
 18   -0.602177 0.511412 -0.000006 0.000000 0.000000 0.000000
 19   3.673773 0.177020 1.119313 -0.000002 -0.000014 -0.174510
 20   3.673767 0.176993 -1.117566 0.000007 -0.000003 -0.174546
 21   3.446248 1.330634 1.627658 -0.073679 -0.386430 0.847736
 22   -0.457004 -0.031421 0.231356 -0.000011 0.000031 0.000025
 23   3.438452 1.330659 -1.631083 0.073700 0.386481 0.847601
 24   -0.453188 -0.039217 -0.235252 -0.000005 -0.000006 0.000048
 25   4.941364 1.997338 1.629330 0.000018 -0.000001 -0.000024
 26   4.941382 1.997366 -1.629410 -0.000001 0.000005 -0.000024
 27   3.160563 1.767707 1.553565 -0.163477 0.220806 -1.289362
 28   3.162993 1.771219 -1.540206 0.163480 -0.220897 -1.289338
 29   8.824059 0.150544 0.091743 0.000006 -0.000231 -0.174534
 30   2.111085 -0.561179 1.784320 -0.000008 -0.000682 0.000024
 31   2.121290 -0.561289 -1.853599 0.000000 0.000000 -0.000002
 32   -0.810489 -0.093824 3.127092 0.308687 -2.963972 -0.295141
 33   14.298673 -0.408176 0.475484 0.010830 -0.088871 -0.467367
 34   15.835795 0.581398 0.242756 -0.305885 -0.201989 0.256011
 35   -0.815868 -0.091229 -3.114430 -0.040474 2.853438 0.069176
 36   14.294526 -0.410349 -0.463635 -0.007026 0.076833 -0.395888
 37   15.834409 0.579420 -0.284600 0.273760 0.212841 0.401548
 38   1.139685 -3.453749 -2.823813 0.000000 0.000000 0.000001
 39   -4.457742 -1.054854 -0.746180 0.000000 0.000000 0.000000
 40   1.118101 -3.449769 3.237290 0.000000 0.000001 0.000000
 41   -4.433840 -1.059130 0.959566 -0.000001 0.000000 0.000000
 42   -0.657468 1.697302 -2.688614 0.000000 0.000002 0.000000
 43   -0.664068 1.698578 2.869377 0.000000 0.000002 0.000000
time 122
  0   -0.756603 -0.917997 1.293379 0.000000 0.000000 -1.571069
  1   -1.093036 0.000002 -0.326057 -1.569027 -1.622749 -0.001768
  2   2.262337 0.113614 0.064702 -0.000014 0.000037 0.131489
  3   2.380047 0.353302 0.047440 -0.001665 0.000367 0.112904
  4   2.033756 0.190472 -0.000128 -0.168612 0.051402 0.106541
  5   2.451511 0.204909 -0.003447 -0.145870 0.002854 0.228696
  6   7.247600 -0.397300 -0.109469 0.000001 -0.000003 0.470960
  7   -2.022252 -0.104661 3.136172 1.212706 -1.046098 -4.775980
  8   1.168026 -0.537438 -0.063437 -0.536827 0.416920 -0.857305
  9   6.790376 -0.619176 0.015206 -0.169926 -0.187157 -0.596119
 10   8.637599 0.544015 -0.090417 -1.588430 0.649432 -1.069514
 11   6.790465 -0.619039 0.017802 -0.130966 -0.132828 -0.433917
 12   -2.022474 -0.104699 -2.873818 -2.468706 1.824383 0.184805
 13   1.167898 -0.537463 0.063297 -0.897797 -0.962606 0.195013
 14   7.002743 -0.617765 -0.183752 0.000115 0.000194 -1.839294
 15   8.209042 0.615527 -0.255885 1.772138 0.315286 0.262132
 16   7.002735 -0.617911 -0.183641 0.013074 0.010131 -1.306183
 17   1.574674 0.609930 -0.000899 0.127019 0.036479 0.010637
 18   -0.602177 0.511412 -0.000006 0.000000 0.000000 0.000000
 19   3.673773 0.177020 1.119313 -0.000002 -0.000014 -0.174510
 20   3.673767 0.176993 -1.117566 0.000007 -0.000003 -0.174546
 21   3.512656 1.330634 1.627658 -0.043142 -0.339774 0.725592
 22   -0.425753 -0.023608 0.274326 -0.000011 0.000031 0.000025
 23   3.508767 1.330659 -1.631083 0.043188 0.339813 0.725561
 24   -0.421937 -0.031404 -0.286035 -0.000005 -0.000006 0.000048
 25   4.941364 1.997338 1.629330 0.000018 -0.000001 -0.000024
 26   4.941382 1.997366 -1.629410 -0.000001 0.000005 -0.000024
 27   3.129312 1.748175 1.553565 -0.126612 0.206544 -1.114466
 28   3.131742 1.747781 -1.540206 0.126603 -0.206587 -1.114442
 29   8.824059 0.150544 0.091743 0.000006 -0.000231 -0.174534
 30   2.111085 -0.561179 1.784320 -0.000008 -0.000682 0.000024
 31   2.121290 -0.561289 -1.853599 0.000000 0.000000 -0.000002
 32   -0.810489 -0.093824 3.127092 0.308687 -2.963972 -0.295141
 33   14.298673 -0.408176 0.475484 0.010830 -0.088871 -0.467367
 34   15.835795 0.581398 0.242756 -0.305885 -0.201989 0.256011
 35   -0.815868 -0.091229 -3.114430 -0.040474 2.853438 0.069176
 36   14.294526 -0.410349 -0.463635 -0.007026 0.076833 -0.395888
 37   15.834409 0.579420 -0.284600 0.273760 0.212841 0.401548
 38   1.139685 -3.453749 -2.823813 0.000000 0.000000 0.000001
 39   -4.457742 -1.054854 -0.746180 0.000000 0.000000 0.000000
 40   1.118101 -3.449769 3.237290 0.000000 0.000001 0.000000
 41   -4.433840 -1.059130 0.959566 -0.000001 0.000000 0.000000
 42   -0.657468 1.697302 -2.688614 0.000000 0.000002 0.000000
 43   -0.664068 1.698578 2.869377 0.000000 0.000002 0.000000
time 123
  0   -0.756603 -0.917997 1.293379 0.000000 0.000000 -1.571069
  1   -1.093036 0.000002 -0.326057 -1.569027 -1.622749 -0.001768
  2   2.262337 0.113614 0.064702 -0.000014 0.000037 0.131489
  3   2.380047 0.353302 0.047440 -0.001365 0.000308 0.112904
  4   2.033756 0.190472 -0.000128 -0.168280 0.051270 0.108281
  5   2.451511 0.204909 -0.003447 -0.145836 0.002933 0.228226
  6   7.247600 -0.397300 -0.109469 0.000001 -0.000003 0.470960
  7   -2.022252 -0.104661 3.136172 1.212706 -1.046098 -4.775980
  8   1.168026 -0.537438 -0.063437 -0.497403 0.436241 -0.756531
  9   6.790376 -0.619176 0.015206 -0.169926 -0.224532 -0.737092
 10   8.637599 0.544015 -0.090417 -1.562803 0.657738 -1.075591
 11   6.790465 -0.619039 0.017802 -0.136134 -0.156876 -0.532195
 12   -2.022474 -0.104699 -2.873818 -2.468706 1.824383 0.184805
 13   1.167898 -0.537463 0.063297 -0.898008 -0.962352 0.195376
 14   7.002743 -0.617765 -0.183752 0.000115 0.000194 -1.839459
 15   8.209042 0.615527 -0.255885 1.772138 0.315286 0.262132
 16   7.002735 -0.617911 -0.183641 0.013074 0.010131 -1.306293
 17   1.574674 0.609930 -0.000899 0.132544 0.028598 0.000879
 18   -0.602177 0.511412 -0.000006 0.000000 0.000000 0.000000
 19   3.673773 0.177020 1.119313 -0.000002 -0.000014 -0.174510
 20   3.673767 0.176993 -1.117566 0.000007 -0.000003 -0.174546
 21   3.700162 1.330634 1.627658 0.006354 -0.200741 0.411837
 22   -0.351532 -0.011889 0.371985 -0.000011 0.000031 0.000025
 23   3.692366 1.330659 -1.631083 -0.006333 0.200780 0.411810
 24   -0.347716 -0.019685 -0.379788 -0.000005 -0.000006 0.000048
 25   4.941364 1.997338 1.629330 0.000018 -0.000001 -0.000024
 26   4.941382 1.997366 -1.629410 -0.000001 0.000005 -0.000024
 27   3.031653 1.689579 1.522314 -0.043955 0.137309 -0.635381
 28   3.034083 1.693092 -1.520674 0.043934 -0.137340 -0.635435
 29   8.824059 0.150544 0.091743 0.000006 -0.000231 -0.174534
 30   2.111085 -0.561179 1.784320 -0.000008 -0.000682 0.000024
 31   2.121290 -0.561289 -1.853599 0.000000 0.000000 -0.000002
 32   -0.810489 -0.093824 3.127092 0.308687 -2.963972 -0.295141
 33   14.298673 -0.408176 0.475484 0.010830 -0.088871 -0.467367
 34   15.835795 0.581398 0.242756 -0.305885 -0.201989 0.256011
 35   -0.815868 -0.091229 -3.114430 -0.040474 2.853438 0.069176
 36   14.294526 -0.410349 -0.463635 -0.007026 0.076833 -0.395888
 37   15.834409 0.579420 -0.284600 0.273760 0.212841 0.401548
 38   1.139685 -3.453749 -2.823813 0.000000 0.000000 0.000001
 39   -4.457742 -1.054854 -0.746180 0.000000 0.000000 0.000000
 40   1.118101 -3.449769 3.237290 0.000000 0.000001 0.000000
 41   -4.433840 -1.059130 0.959566 -0.000001 0.000000 0.000000
 42   -0.657468 1.697302 -2.688614 0.000000 0.000002 0.000000
 43   -0.664068 1.698578 2.869377 0.000000 0.000002 0.000000
time 124
  0   -0.756603 -0.917997 1.293379 0.000000 0.000000 -1.571069
  1   -1.093036 0.000002 -0.326057 -1.569027 -1.622749 -0.001768
  2   2.262337 0.113614 0.064702 -0.000014 0.000037 0.131489
  3   2.380047 0.353302 0.047440 -0.000795 0.000188 0.112904
  4   2.033756 0.190472 -0.000128 -0.167727 0.051090 0.111797
  5   2.451511 0.204909 -0.003447 -0.145750 0.003050 0.227384
  6   7.247600 -0.397300 -0.109469 0.000001 -0.000003 0.470960
  7   -2.022252 -0.104661 3.136172 1.212706 -1.046098 -4.775980
  8   1.168026 -0.537438 -0.063437 -0.422036 0.450077 -0.537903
  9   6.790376 -0.619176 0.015206 -0.169926 -0.281662 -0.995795
 10   8.637599 0.544015 -0.090417 -1.570552 0.656471 -1.072191
 11   6.790465 -0.619039 0.017802 -0.147754 -0.193374 -0.711621
 12   -2.022474 -0.104699 -2.873818 -2.468706 1.824383 0.184805
 13   1.167898 -0.537463 0.063297 -0.898641 -0.961996 0.195800
 14   7.002743 -0.617765 -0.183752 0.000115 0.000194 -1.840944
 15   8.209042 0.615527 -0.255885 1.772138 0.315286 0.262132
 16   7.002735 -0.617911 -0.183641 0.013074 0.010131 -1.307397
 17   1.574674 0.609930 -0.000899 0.145501 0.010066 -0.022221
 18   -0.602177 0.511412 -0.000006 0.000000 0.000000 0.000000
 19   3.673773 0.177020 1.119313 -0.000002 -0.000014 -0.174510
 20   3.673767 0.176993 -1.117566 0.000007 -0.000003 -0.174546
 21   3.868136 1.330634 1.627658 0.009853 -0.053762 0.110915
 22   -0.273405 -0.011889 0.477457 -0.000011 0.000031 0.000025
 23   3.868153 1.330659 -1.631083 -0.009844 0.053789 0.110864
 24   -0.265682 -0.011872 -0.485260 -0.000005 -0.000006 0.000048
 25   4.941364 1.997338 1.629330 0.000018 -0.000001 -0.000024
 26   4.941382 1.997366 -1.629410 -0.000001 0.000005 -0.000024
 27   2.937900 1.634890 1.514501 -0.002859 0.038544 -0.166880
 28   2.940330 1.634496 -1.501142 0.002850 -0.038575 -0.166933
 29   8.824059 0.150544 0.091743 0.000006 -0.000231 -0.174534
 30   2.111085 -0.561179 1.784320 -0.000008 -0.000682 0.000024
 31   2.121290 -0.561289 -1.853599 0.000000 0.000000 -0.000002
 32   -0.810489 -0.093824 3.127092 0.308687 -2.963972 -0.295141
 33   14.298673 -0.408176 0.475484 0.010830 -0.088871 -0.467367
 34   15.835795 0.581398 0.242756 -0.305885 -0.201989 0.256011
 35   -0.815868 -0.091229 -3.114430 -0.040474 2.853438 0.069176
 36   14.294526 -0.410349 -0.463635 -0.007026 0.076833 -0.395888
 37   15.834409 0.579420 -0.284600 0.273760 0.212841 0.401548
 38   1.139685 -3.453749 -2.823813 0.000000 0.000000 0.000001
 39   -4.457742 -1.054854 -0.746180 0.000000 0.000000 0.000000
 40   1.118101 -3.449769 3.237290 0.000000 0.000001 0.000000
 41   -4.433840 -1.059130 0.959566 -0.000001 0.000000 0.000000
 42   -0.657468 1.697302 -2.688614 0.000000 0.000002 0.000000
 43   -0.664068 1.698578 2.869377 0.000000 0.000002 0.000000
time 125
  0   -0.756603 -0.917997 1.293379 0.000000 0.000000 -1.571069
  1   -1.093036 0.000002 -0.326057 -1.569027 -1.622749 -0.001768
  2   2.262337 0.113614 0.064702 -0.000014 0.000037 0.131489
  3   2.380047 0.353302 0.047440 -0.000585 0.000128 0.112904
  4   2.033756 0.190472 -0.000128 -0.167524 0.051018 0.113718
  5   2.451511 0.204909 -0.003447 -0.145733 0.003128 0.227062
  6   7.247600 -0.397300 -0.109469 0.000001 -0.000003 0.470960
  7   -2.022252 -0.104661 3.136172 1.212706 -1.046098 -4.775980
  8   1.168026 -0.537438 -0.063437 -0.392484 0.453952 -0.461358
  9   6.790376 -0.619176 0.015206 -0.169926 -0.294743 -1.069602
 10   8.637599 0.544015 -0.090417 -1.619693 0.644575 -1.056854
 11   6.790465 -0.619039 0.017802 -0.151374 -0.201617 -0.762664
 12   -2.022474 -0.104699 -2.873818 -2.468706 1.824383 0.184805
 13   1.167898 -0.537463 0.063297 -0.898922 -0.961690 0.196405
 14   7.002743 -0.617765 -0.183752 0.000115 0.000194 -1.842594
 15   8.209042 0.615527 -0.255885 1.772138 0.315286 0.262132
 16   7.002735 -0.617911 -0.183641 0.013027 0.010131 -1.308556
 17   1.574674 0.609930 -0.000899 0.152813 -0.000252 -0.035232
 18   -0.602177 0.511412 -0.000006 0.000000 0.000000 0.000000
 19   3.673773 0.177020 1.119313 -0.000002 -0.000014 -0.174510
 20   3.673767 0.176993 -1.117566 0.000007 -0.000003 -0.174546
 21   3.942357 1.330634 1.627658 0.000002 -0.000011 -0.000026
 22   -0.246060 -0.011889 0.516521 -0.000011 0.000031 0.000025
 23   3.942374 1.330659 -1.631083 0.000019 0.000002 -0.000024
 24   -0.246150 -0.011872 -0.516511 -0.000005 -0.000006 0.000048
 25   4.941364 1.997338 1.629330 0.000018 -0.000001 -0.000024
 26   4.941382 1.997366 -1.629410 -0.000001 0.000005 -0.000024
 27   2.918368 1.615358 1.514501 -0.000019 -0.000022 -0.000050
 28   2.920798 1.614964 -1.501142 -0.000002 -0.000009 -0.000024
 29   8.824059 0.150544 0.091743 0.000006 -0.000231 -0.174534
 30   2.111085 -0.561179 1.784320 -0.000008 -0.000682 0.000024
 31   2.121290 -0.561289 -1.853599 0.000000 0.000000 -0.000002
 32   -0.810489 -0.093824 3.127092 0.308687 -2.963972 -0.295141
 33   14.298673 -0.408176 0.475484 0.010830 -0.088871 -0.467367
 34   15.835795 0.581398 0.242756 -0.305885 -0.201989 0.256011
 35   -0.815868 -0.091229 -3.114430 -0.040474 2.853438 0.069176
 36   14.294526 -0.410349 -0.463635 -0.007026 0.076833 -0.395888
 37   15.834409 0.579420 -0.284600 0.273760 0.212841 0.401548
 38   1.139685 -3.453749 -2.823813 0.000000 0.000000 0.000001
 39   -4.457742 -1.054854 -0.746180 0.000000 0.000000 0.000000
 40   1.118101 -3.449769 3.237290 0.000000 0.000001 0.000000
 41   -4.433840 -1.059130 0.959566 -0.000001 0.000000 0.000000
 42   -0.657468 1.697302 -2.688614 0.000000 0.000002 0.000000
 43   -0.664068 1.698578 2.869377 0.000000 0.000002 0.000000
time 126
  0   -0.756603 -0.917997 1.293379 0.000000 0.000000 -1.571069
  1   -1.093036 0.000002 -0.326057 -1.569027 -1.622749 -0.001768
  2   2.262337 0.113614 0.064702 -0.000014 0.000037 0.131489
  3   2.380047 0.353302 0.047440 -0.000210 0.000044 0.112904
  4   2.033756 0.190472 -0.000128 -0.167155 0.050947 0.117560
  5   2.451511 0.204909 -0.003447 -0.145682 0.003220 0.226542
  6   7.247600 -0.397300 -0.109469 0.000001 -0.000003 0.470960
  7   -2.022252 -0.104661 3.136172 1.212706 -1.046098 -4.775980
  8   1.168026 -0.537438 -0.063437 -0.301107 0.496618 -0.333825
  9   6.790376 -0.619176 0.015206 -0.169926 -0.309225 -1.165219
 10   8.637599 0.544015 -0.090417 -1.798024 0.600440 -1.000208
 11   6.790465 -0.619039 0.017802 -0.156250 -0.210571 -0.828644
 12   -2.022474 -0.104699 -2.873818 -2.468706 1.824383 0.184805
 13   1.167898 -0.537463 0.063297 -0.898922 -0.961334 0.196708
 14   7.002743 -0.617765 -0.183752 0.000115 0.000194 -1.845812
 15   8.209042 0.615527 -0.255885 1.772138 0.315286 0.262132
 16   7.002735 -0.617911 -0.183641 0.013027 0.010131 -1.310764
 17   1.574674 0.609930 -0.000899 0.168533 -0.022807 -0.063100
 18   -0.602177 0.511412 -0.000006 0.000000 0.000000 0.000000
 19   3.673773 0.177020 1.119313 -0.000002 -0.000014 -0.174510
 20   3.673767 0.176993 -1.117566 0.000007 -0.000003 -0.174546
 21   3.942357 1.330634 1.627658 0.000002 -0.000011 -0.000026
 22   -0.246060 -0.011889 0.516521 -0.000011 0.000031 0.000025
 23   3.942374 1.330659 -1.631083 0.000019 0.000002 -0.000024
 24   -0.246150 -0.011872 -0.516511 -0.000005 -0.000006 0.000048
 25   4.941364 1.997338 1.629330 0.000018 -0.000001 -0.000024
 26   4.941382 1.997366 -1.629410 -0.000001 0.000005 -0.000024
 27   2.918368 1.615358 1.514501 -0.000019 -0.000022 -0.000050
 28   2.920798 1.614964 -1.501142 -0.000002 -0.000009 -0.000024
 29   8.824059 0.150544 0.091743 0.000006 -0.000231 -0.174534
 30   2.111085 -0.561179 1.784320 -0.000008 -0.000682 0.000024
 31   2.121290 -0.561289 -1.853599 0.000000 0.000000 -0.000002
 32   -0.810489 -0.093824 3.127092 0.308687 -2.963972 -0.295141
 33   14.298673 -0.408176 0.475484 0.010830 -0.088871 -0.467367
 34   15.835795 0.581398 0.242756 -0.305885 -0.201989 0.256011
 35   -0.815868 -0.091229 -3.114430 -0.040474 2.853438 0.069176
 36   14.294526 -0.410349 -0.463635 -0.007026 0.076833 -0.395888
 37   15.834409 0.579420 -0.284600 0.273760 0.212841 0.401548
 38   1.139685 -3.453749 -2.823813 0.000000 0.000000 0.000001
 39   -4.457742 -1.054854 -0.746180 0.000000 0.000000 0.000000
 40   1.118101 -3.449769 3.237290 0.000000 0.000001 0.000000
 41   -4.433840 -1.059130 0.959566 -0.000001 0.000000 0.000000
 42   -0.657468 1.697302 -2.688614 0.000000 0.000002 0.000000
 43   -0.664068 1.698578 2.869377 0.000000 0.000002 0.000000
time 127
  0   -0.756603 -0.917997 1.293379 0.000000 0.000000 -1.571069
  1   -1.093036 0.000002 -0.326057 -1.569027 -1.622749 -0.001768
  2   2.262337 0.113614 0.064702 -0.000014 0.000037 0.131489
  3   2.380047 0.353302 0.047440 0.000000 -0.000016 0.112904
  4   2.033756 0.190472 -0.000128 -0.166934 0.050875 0.121656
  5   2.451511 0.204909 -0.003447 -0.145596 0.003272 0.226121
  6   7.247600 -0.397300 -0.109469 0.000001 -0.000003 0.470960
  7   -2.022252 -0.104661 3.136172 1.212706 -1.046098 -4.775980
  8   1.168026 -0.537438 -0.063437 -0.178723 0.562480 -0.220336
  9   6.790376 -0.619176 0.015206 -0.169926 -0.314831 -1.206651
 10   8.637599 0.544015 -0.090417 -2.061954 0.536033 -0.916795
 11   6.790465 -0.619039 0.017802 -0.158352 -0.214096 -0.857366
 12   -2.022474 -0.104699 -2.873818 -2.468706 1.824383 0.184805
 13   1.167898 -0.537463 0.063297 -0.898500 -0.960877 0.196284
 14   7.002743 -0.617765 -0.183752 0.000115 0.000194 -1.849607
 15   8.209042 0.615527 -0.255885 1.772138 0.315286 0.262132
 16   7.002735 -0.617911 -0.183641 0.013027 0.010131 -1.313413
 17   1.574674 0.609930 -0.000899 0.185228 -0.046710 -0.092706
 18   -0.602177 0.511412 -0.000006 0.000000 0.000000 0.000000
 19   3.673773 0.177020 1.119313 -0.000002 -0.000014 -0.174510
 20   3.673767 0.176993 -1.117566 0.000007 -0.000003 -0.174546
 21   3.942357 1.330634 1.627658 0.000002 -0.000011 -0.000026
 22   -0.246060 -0.011889 0.516521 -0.000011 0.000031 0.000025
 23   3.942374 1.330659 -1.631083 0.000019 0.000002 -0.000024
 24   -0.246150 -0.011872 -0.516511 -0.000005 -0.000006 0.000048
 25   4.941364 1.997338 1.629330 0.000018 -0.000001 -0.000024
 26   4.941382 1.997366 -1.629410 -0.000001 0.000005 -0.000024
 27   2.918368 1.615358 1.514501 -0.000019 -0.000022 -0.000050
 28   2.920798 1.614964 -1.501142 -0.000002 -0.000009 -0.000024
 29   8.824059 0.150544 0.091743 0.000006 -0.000231 -0.174534
 30   2.111085 -0.561179 1.784320 -0.000008 -0.000682 0.000024
 31   2.121290 -0.561289 -1.853599 0.000000 0.000000 -0.000002
 32   -0.810489 -0.093824 3.127092 0.308687 -2.963972 -0.295141
 33   14.298673 -0.408176 0.475484 0.010830 -0.088871 -0.467367
 34   15.835795 0.581398 0.242756 -0.305885 -0.201989 0.256011
 35   -0.815868 -0.091229 -3.114430 -0.040474 2.853438 0.069176
 36   14.294526 -0.410349 -0.463635 -0.007026 0.076833 -0.395888
 37   15.834409 0.579420 -0.284600 0.273760 0.212841 0.401548
 38   1.139685 -3.453749 -2.823813 0.000000 0.000000 0.000001
 39   -4.457742 -1.054854 -0.746180 0.000000 0.000000 0.000000
 40   1.118101 -3.449769 3.237290 0.000000 0.000001 0.000000
 41   -4.433840 -1.059130 0.959566 -0.000001 0.000000 0.000000
 42   -0.657468 1.697302 -2.688614 0.000000 0.000002 0.000000
 43   -0.664068 1.698578 2.869377 0.000000 0.000002 0.000000
time 128
  0   -0.756603 -0.917997 1.293379 0.000000 0.000000 -1.571069
  1   -1.093036 0.000002 -0.326057 -1.569027 -1.622749 -0.001768
  2   2.262337 0.113614 0.064702 -0.000014 0.000037 0.131489
  3   2.380047 0.353302 0.047440 0.000000 -0.000028 0.112904
  4   2.033756 0.190472 -0.000128 -0.166897 0.050851 0.123831
  5   2.451511 0.204909 -0.003447 -0.145596 0.003272 0.226071
  6   7.247600 -0.397300 -0.109469 0.000001 -0.000003 0.470960
  7   -2.022252 -0.104661 3.136172 1.212706 -1.046098 -4.775980
  8   1.168026 -0.537438 -0.063437 -0.127529 0.595385 -0.186808
  9   6.790376 -0.619176 0.015206 -0.169926 -0.313764 -1.197972
 10   8.637599 0.544015 -0.090417 -2.216949 0.497811 -0.867818
 11   6.790465 -0.619039 0.017802 -0.157885 -0.213328 -0.851368
 12   -2.022474 -0.104699 -2.873818 -2.468706 1.824383 0.184805
 13   1.167898 -0.537463 0.063297 -0.898219 -0.960673 0.196163
 14   7.002743 -0.617765 -0.183752 0.000115 0.000194 -1.851835
 15   8.209042 0.615527 -0.255885 1.772138 0.315286 0.262132
 16   7.002735 -0.617911 -0.183641 0.013027 0.010244 -1.314848
 17   1.574674 0.609930 -0.000899 0.193636 -0.058852 -0.107823
 18   -0.602177 0.511412 -0.000006 0.000000 0.000000 0.000000
 19   3.673773 0.177020 1.119313 -0.000002 -0.000014 -0.174510
 20   3.673767 0.176993 -1.117566 0.000007 -0.000003 -0.174546
 21   3.942357 1.330634 1.627658 0.000002 -0.000011 -0.000026
 22   -0.246060 -0.011889 0.516521 -0.000011 0.000031 0.000025
 23   3.942374 1.330659 -1.631083 0.000019 0.000002 -0.000024
 24   -0.246150 -0.011872 -0.516511 -0.000005 -0.000006 0.000048
 25   4.941364 1.997338 1.629330 0.000018 -0.000001 -0.000024
 26   4.941382 1.997366 -1.629410 -0.000001 0.000005 -0.000024
 27   2.918368 1.615358 1.514501 -0.000019 -0.000022 -0.000050
 28   2.920798 1.614964 -1.501142 -0.000002 -0.000009 -0.000024
 29   8.824059 0.150544 0.091743 0.000006 -0.000231 -0.174534
 30   2.111085 -0.561179 1.784320 -0.000008 -0.000682 0.000024
 31   2.121290 -0.561289 -1.853599 0.000000 0.000000 -0.000002
 32   -0.810489 -0.093824 3.127092 0.308687 -2.963972 -0.295141
 33   14.298673 -0.408176 0.475484 0.010830 -0.088871 -0.467367
 34   15.835795 0.581398 0.242756 -0.305885 -0.201989 0.256011
 35   -0.815868 -0.091229 -3.114430 -0.040474 2.853438 0.069176
 36   14.294526 -0.410349 -0.463635 -0.007026 0.076833 -0.395888
 37   15.834409 0.579420 -0.284600 0.273760 0.212841 0.401548
 38   1.139685 -3.453749 -2.823813 0.000000 0.000000 0.000001
 39   -4.457742 -1.054854 -0.746180 0.000000 0.000000 0.000000
 40   1.118101 -3.449769 3.237290 0.000000 0.000001 0.000000
 41   -4.433840 -1.059130 0.959566 -0.000001 0.000000 0.000000
 42   -0.657468 1.697302 -2.688614 0.000000 0.000002 0.000000
 43   -0.664068 1.698578 2.869377 0.000000 0.000002 0.000000
time 129
  0   -0.756603 -0.917997 1.293379 0.000000 0.000000 -1.571069
  1   -1.093036 0.000002 -0.326057 -1.569027 -1.622749 -0.001768
  2   2.262337 0.113614 0.064702 -0.000014 0.000037 0.131489
  3   2.380047 0.353302 0.047440 0.000000 -0.000028 0.112904
  4   2.033756 0.190472 -0.000128 -0.166860 0.050851 0.125933
  5   2.451511 0.204909 -0.003447 -0.145596 0.003285 0.226047
  6   7.247600 -0.397300 -0.109469 0.000001 -0.000003 0.470960
  7   -2.022252 -0.104661 3.136172 1.212706 -1.046098 -4.775980
  8   1.168026 -0.537438 -0.063437 -0.094623 0.625071 -0.177698
  9   6.790376 -0.619176 0.015206 -0.169926 -0.309959 -1.171483
 10   8.637599 0.544015 -0.090417 -2.382687 0.457266 -0.815513
 11   6.790465 -0.619039 0.017802 -0.156542 -0.211111 -0.833085
 12   -2.022474 -0.104699 -2.873818 -2.468706 1.824383 0.184805
 13   1.167898 -0.537463 0.063297 -0.897727 -0.960623 0.195679
 14   7.002743 -0.617765 -0.183752 0.000115 0.000194 -1.853980
 15   8.209042 0.615527 -0.255885 1.772138 0.315286 0.262132
 16   7.002735 -0.617911 -0.183641 0.013027 0.010244 -1.316504
 17   1.574674 0.609930 -0.000899 0.202126 -0.070851 -0.122755
 18   -0.602177 0.511412 -0.000006 0.000000 0.000000 0.000000
 19   3.673773 0.177020 1.119313 -0.000002 -0.000014 -0.174510
 20   3.673767 0.176993 -1.117566 0.000007 -0.000003 -0.174546
 21   3.942357 1.330634 1.627658 0.000002 -0.000011 -0.000026
 22   -0.246060 -0.011889 0.516521 -0.000011 0.000031 0.000025
 23   3.942374 1.330659 -1.631083 0.000019 0.000002 -0.000024
 24   -0.246150 -0.011872 -0.516511 -0.000005 -0.000006 0.000048
 25   4.941364 1.997338 1.629330 0.000018 -0.000001 -0.000024
 26   4.941382 1.997366 -1.629410 -0.000001 0.000005 -0.000024
 27   2.918368 1.615358 1.514501 -0.000019 -0.000022 -0.000050
 28   2.920798 1.614964 -1.501142 -0.000002 -0.000009 -0.000024
 29   8.824059 0.150544 0.091743 0.000006 -0.000231 -0.174534
 30   2.111085 -0.561179 1.784320 -0.000008 -0.000682 0.000024
 31   2.121290 -0.561289 -1.853599 0.000000 0.000000 -0.000002
 32   -0.810489 -0.093824 3.127092 0.308687 -2.963972 -0.295141
 33   14.298673 -0.408176 0.475484 0.010830 -0.088871 -0.467367
 34   15.835795 0.581398 0.242756 -0.305885 -0.201989 0.256011
 35   -0.815868 -0.091229 -3.114430 -0.040474 2.853438 0.069176
 36   14.294526 -0.410349 -0.463635 -0.007026 0.076833 -0.395888
 37   15.834409 0.579420 -0.284600 0.273760 0.212841 0.401548
 38   1.139685 -3.453749 -2.823813 0.000000 0.000000 0.000001
 39   -4.457742 -1.054854 -0.746180 0.000000 0.000000 0.000000
 40   1.118101 -3.449769 3.237290 0.000000 0.000001 0.000000
 41   -4.433840 -1.059130 0.959566 -0.000001 0.000000 0.000000
 42   -0.657468 1.697302 -2.688614 0.000000 0.000002 0.000000
 43   -0.664068 1.698578 2.869377 0.000000 0.000002 0.000000
time 130
  0   -0.756603 -0.917997 1.293379 0.000000 0.000000 -1.571069
  1   -1.093036 0.000002 -0.326057 -1.569027 -1.622749 -0.001768
  2   2.262337 0.113614 0.064702 -0.000014 0.000037 0.131489
  3   2.380047 0.353302 0.047440 0.000000 -0.000028 0.120515
  4   2.033756 0.190472 -0.000128 -0.166860 0.050851 0.137387
  5   2.451511 0.204909 -0.003447 -0.145887 0.002802 0.229117
  6   7.247600 -0.397300 -0.109469 0.000001 -0.000003 0.470960
  7   -2.022252 -0.104661 3.136172 1.212706 -1.046098 -4.775980
  8   1.168026 -0.537438 -0.063437 -0.059439 0.685448 -0.201168
  9   6.790376 -0.619176 0.015206 -0.169926 -0.296478 -1.080092
 10   8.637599 0.544015 -0.090417 -2.731423 0.371742 -0.705188
 11   6.790465 -0.619039 0.017802 -0.151929 -0.202669 -0.769931
 12   -2.022474 -0.104699 -2.873818 -2.468706 1.824383 0.184805
 13   1.167898 -0.537463 0.063297 -0.890487 -0.963419 0.188596
 14   7.002743 -0.617765 -0.183752 0.000115 0.000194 -1.857858
 15   8.209042 0.615527 -0.255885 1.767967 0.319977 0.241384
 16   7.002735 -0.617911 -0.183641 0.013027 0.010244 -1.319153
 17   1.574674 0.609930 -0.000899 0.218374 -0.094210 -0.151696
 18   -0.602177 0.511412 -0.000006 0.000000 0.000000 0.000000
 19   3.673773 0.177020 1.119313 -0.000002 -0.000014 -0.174510
 20   3.673767 0.176993 -1.117566 0.000007 -0.000003 -0.174546
 21   3.942357 1.330634 1.627658 0.000002 -0.000011 -0.000026
 22   -0.246060 -0.011889 0.516521 -0.000011 0.000031 0.000025
 23   3.942374 1.330659 -1.631083 0.000019 0.000002 -0.000024
 24   -0.246150 -0.011872 -0.516511 -0.000005 -0.000006 0.000048
 25   4.941364 1.997338 1.629330 0.000018 -0.000001 -0.000024
 26   4.941382 1.997366 -1.629410 -0.000001 0.000005 -0.000024
 27   2.918368 1.615358 1.514501 -0.000019 -0.000022 -0.000050
 28   2.920798 1.614964 -1.501142 -0.000002 -0.000009 -0.000024
 29   8.824059 0.150544 0.091743 0.000006 -0.000231 -0.174534
 30   2.111085 -0.561179 1.784320 -0.000008 -0.000682 0.000024
 31   2.121290 -0.561289 -1.853599 0.000000 0.000000 -0.000002
 32   -0.810489 -0.093824 3.127092 0.308687 -2.963972 -0.295141
 33   14.298673 -0.408176 0.475484 0.010830 -0.088871 -0.467367
 34   15.835795 0.581398 0.242756 -0.305885 -0.201989 0.256011
 35   -0.815868 -0.091229 -3.114430 -0.040474 2.853438 0.069176
 36   14.294526 -0.410349 -0.463635 -0.007026 0.076833 -0.395888
 37   15.834409 0.579420 -0.284600 0.273760 0.212841 0.401548
 38   1.139685 -3.453749 -2.823813 0.000000 0.000000 0.000001
 39   -4.457742 -1.054854 -0.746180 0.000000 0.000000 0.000000
 40   1.118101 -3.449769 3.237290 0.000000 0.000001 0.000000
 41   -4.433840 -1.059130 0.959566 -0.000001 0.000000 0.000000
 42   -0.657468 1.697302 -2.688614 0.000000 0.000002 0.000000
 43   -0.664068 1.698578 2.869377 0.000000 0.000002 0.000000
time 131
  0   -0.756603 -0.917997 1.293379 0.000000 0.000000 -1.571069
  1   -1.093036 0.000002 -0.326057 -1.569027 -1.622749 -0.001768
  2   2.262337 0.113614 0.064702 -0.000014 0.000037 0.131489
  3   2.380047 0.353302 0.047440 0.000000 -0.000028 0.128861
  4   2.033756 0.190472 -0.000128 -0.166860 0.050851 0.147283
  5   2.451511 0.204909 -0.003447 -0.146178 0.002293 0.232560
  6   7.247600 -0.397300 -0.109469 0.000001 -0.000003 0.470960
  7   -2.022252 -0.104661 3.136172 1.212706 -1.046098 -4.775980
  8   1.168026 -0.537438 -0.063437 -0.058110 0.712567 -0.229445
  9   6.790376 -0.619176 0.015206 -0.169926 -0.286000 -1.019416
 10   8.637599 0.544015 -0.090417 -2.907465 0.328663 -0.649483
 11   6.790465 -0.619039 0.017802 -0.148922 -0.196188 -0.728059
 12   -2.022474 -0.104699 -2.873818 -2.468706 1.824383 0.184805
 13   1.167898 -0.537463 0.063297 -0.883176 -0.966471 0.181332
 14   7.002743 -0.617765 -0.183752 0.000115 0.000194 -1.859343
 15   8.209042 0.615527 -0.255885 1.763437 0.325500 0.218532
 16   7.002735 -0.617911 -0.183641 0.012979 0.010300 -1.320312
 17   1.574674 0.609930 -0.000899 0.226051 -0.105286 -0.165298
 18   -0.602177 0.511412 -0.000006 0.000000 0.000000 0.000000
 19   3.673773 0.177020 1.119313 -0.000002 -0.000014 -0.174510
 20   3.673767 0.176993 -1.117566 0.000007 -0.000003 -0.174546
 21   3.942357 1.330634 1.627658 0.000002 -0.000011 -0.000026
 22   -0.246060 -0.011889 0.516521 -0.000011 0.000031 0.000025
 23   3.942374 1.330659 -1.631083 0.000019 0.000002 -0.000024
 24   -0.246150 -0.011872 -0.516511 -0.000005 -0.000006 0.000048
 25   4.941364 1.997338 1.629330 0.000018 -0.000001 -0.000024
 26   4.941382 1.997366 -1.629410 -0.000001 0.000005 -0.000024
 27   2.918368 1.615358 1.514501 -0.000019 -0.000022 -0.000050
 28   2.920798 1.614964 -1.501142 -0.000002 -0.000009 -0.000024
 29   8.824059 0.150544 0.091743 0.000006 -0.000231 -0.174534
 30   2.111085 -0.561179 1.784320 -0.000008 -0.000682 0.000024
 31   2.121290 -0.561289 -1.853599 0.000000 0.000000 -0.000002
 32   -0.810489 -0.093824 3.127092 0.308687 -2.963972 -0.295141
 33   14.298673 -0.408176 0.475484 0.010830 -0.088871 -0.467367
 34   15.835795 0.581398 0.242756 -0.305885 -0.201989 0.256011
 35   -0.815868 -0.091229 -3.114430 -0.040474 2.853438 0.069176
 36   14.294526 -0.410349 -0.463635 -0.007026 0.076833 -0.395888
 37   15.834409 0.579420 -0.284600 0.273760 0.212841 0.401548
 38   1.139685 -3.453749 -2.823813 0.000000 0.000000 0.000001
 39   -4.457742 -1.054854 -0.746180 0.000000 0.000000 0.000000
 40   1.118101 -3.449769 3.237290 0.000000 0.000001 0.000000
 41   -4.433840 -1.059130 0.959566 -0.000001 0.000000 0.000000
 42   -0.657468 1.697302 -2.688614 0.000000 0.000002 0.000000
 43   -0.664068 1.698578 2.869377 0.000000 0.000002 0.000000
time 132
  0   -0.756603 -0.917997 1.293379 0.000000 0.000000 -1.571069
  1   -1.093036 0.000002 -0.326057 -1.569027 -1.622749 -0.001768
  2   2.262337 0.113614 0.064702 -0.000014 0.000037 0.131489
  3   2.380047 0.353302 0.047440 0.000000 -0.000028 0.151307
  4   2.033756 0.190472 -0.000128 -0.166860 0.050851 0.172221
  5   2.451511 0.204909 -0.003447 -0.147051 0.000922 0.241674
  6   7.247600 -0.397300 -0.109469 0.000001 -0.000003 0.470960
  7   -2.022252 -0.104661 3.136172 1.212706 -1.046098 -4.775980
  8   1.168026 -0.537438 -0.063437 -0.096648 0.737624 -0.313392
  9   6.790376 -0.619176 0.015206 -0.169926 -0.265978 -0.916705
 10   8.637599 0.544015 -0.090417 -3.245634 0.245673 -0.542558
 11   6.790465 -0.619039 0.017802 -0.143929 -0.183425 -0.656946
 12   -2.022474 -0.104699 -2.873818 -2.468706 1.824383 0.184805
 13   1.167898 -0.537463 0.063297 -0.864056 -0.974302 0.162324
 14   7.002743 -0.617765 -0.183752 0.000115 0.000194 -1.862148
 15   8.209042 0.615527 -0.255885 1.751070 0.339799 0.157312
 16   7.002735 -0.617911 -0.183641 0.012979 0.010300 -1.322078
 17   1.574674 0.609930 -0.000899 0.240187 -0.125426 -0.190394
 18   -0.602177 0.511412 -0.000006 0.000000 0.000000 0.000000
 19   3.673773 0.177020 1.119313 -0.000002 -0.000014 -0.174510
 20   3.673767 0.176993 -1.117566 0.000007 -0.000003 -0.174546
 21   3.942357 1.330634 1.627658 0.000002 -0.000011 -0.000026
 22   -0.246060 -0.011889 0.516521 -0.000011 0.000031 0.000025
 23   3.942374 1.330659 -1.631083 0.000019 0.000002 -0.000024
 24   -0.246150 -0.011872 -0.516511 -0.000005 -0.000006 0.000048
 25   4.941364 1.997338 1.629330 0.000018 -0.000001 -0.000024
 26   4.941382 1.997366 -1.629410 -0.000001 0.000005 -0.000024
 27   2.918368 1.615358 1.514501 -0.000019 -0.000022 -0.000050
 28   2.920798 1.614964 -1.501142 -0.000002 -0.000009 -0.000024
 29   8.824059 0.150544 0.091743 0.000006 -0.000231 -0.174534
 30   2.111085 -0.561179 1.784320 -0.000008 -0.000682 0.000024
 31   2.121290 -0.561289 -1.853599 0.000000 0.000000 -0.000002
 32   -0.810489 -0.093824 3.127092 0.308687 -2.963972 -0.295141
 33   14.298673 -0.408176 0.475484 0.010830 -0.088871 -0.467367
 34   15.835795 0.581398 0.242756 -0.305885 -0.201989 0.256011
 35   -0.815868 -0.091229 -3.114430 -0.040474 2.853438 0.069176
 36   14.294526 -0.410349 -0.463635 -0.007026 0.076833 -0.395888
 37   15.834409 0.579420 -0.284600 0.273760 0.212841 0.401548
 38   1.139685 -3.453749 -2.823813 0.000000 0.000000 0.000001
 39   -4.457742 -1.054854 -0.746180 0.000000 0.000000 0.000000
 40   1.118101 -3.449769 3.237290 0.000000 0.000001 0.000000
 41   -4.433840 -1.059130 0.959566 -0.000001 0.000000 0.000000
 42   -0.657468 1.697302 -2.688614 0.000000 0.000002 0.000000
 43   -0.664068 1.698578 2.869377 0.000000 0.000002 0.000000
time 133
  0   -0.756603 -0.917997 1.293379 0.000000 0.000000 -1.571069
  1   -1.093036 0.000002 -0.326057 -1.569027 -1.622749 -0.001768
  2   2.262337 0.113614 0.064702 -0.000014 0.000037 0.131489
  3   2.380047 0.353302 0.047440 0.000000 -0.000028 0.176508
  4   2.033756 0.190472 -0.000128 -0.166860 0.050851 0.199116
  5   2.451511 0.204909 -0.003447 -0.147941 -0.000527 0.251976
  6   7.247600 -0.397300 -0.109469 0.000001 -0.000003 0.470960
  7   -2.022252 -0.104661 3.136172 1.212706 -1.046098 -4.775980
  8   1.168026 -0.537438 -0.063437 -0.172901 0.712316 -0.412268
  9   6.790376 -0.619176 0.015206 -0.169926 -0.266979 -0.921384
 10   8.637599 0.544015 -0.090417 -3.541444 0.173100 -0.449162
 11   6.790465 -0.619039 0.017802 -0.144192 -0.184050 -0.660233
 12   -2.022474 -0.104699 -2.873818 -2.468706 1.824383 0.184805
 13   1.167898 -0.537463 0.063297 -0.842827 -0.982540 0.141016
 14   7.002743 -0.617765 -0.183752 0.000115 0.000194 -1.864458
 15   8.209042 0.615527 -0.255885 1.737337 0.355991 0.088395
 16   7.002735 -0.617911 -0.183641 0.012979 0.010300 -1.323734
 17   1.574674 0.609930 -0.000899 0.251845 -0.142183 -0.211092
 18   -0.602177 0.511412 -0.000006 0.000000 0.000000 0.000000
 19   3.673773 0.177020 1.119313 -0.000002 -0.000014 -0.174510
 20   3.673767 0.176993 -1.117566 0.000007 -0.000003 -0.174546
 21   3.942357 1.330634 1.627658 0.000002 -0.000011 -0.000026
 22   -0.246060 -0.011889 0.516521 -0.000011 0.000031 0.000025
 23   3.942374 1.330659 -1.631083 0.000019 0.000002 -0.000024
 24   -0.246150 -0.011872 -0.516511 -0.000005 -0.000006 0.000048
 25   4.941364 1.997338 1.629330 0.000018 -0.000001 -0.000024
 26   4.941382 1.997366 -1.629410 -0.000001 0.000005 -0.000024
 27   2.918368 1.615358 1.514501 -0.000019 -0.000022 -0.000050
 28   2.920798 1.614964 -1.501142 -0.000002 -0.000009 -0.000024
 29   8.824059 0.150544 0.091743 0.000006 -0.000231 -0.174534
 30   2.111085 -0.561179 1.784320 -0.000008 -0.000682 0.000024
 31   2.121290 -0.561289 -1.853599 0.000000 0.000000 -0.000002
 32   -0.810489 -0.093824 3.127092 0.308687 -2.963972 -0.295141
 33   14.298673 -0.408176 0.475484 0.010830 -0.088871 -0.467367
 34   15.835795 0.581398 0.242756 -0.305885 -0.201989 0.256011
 35   -0.815868 -0.091229 -3.114430 -0.040474 2.853438 0.069176
 36   14.294526 -0.410349 -0.463635 -0.007026 0.076833 -0.395888
 37   15.834409 0.579420 -0.284600 0.273760 0.212841 0.401548
 38   1.139685 -3.453749 -2.823813 0.000000 0.000000 0.000001
 39   -4.457742 -1.054854 -0.746180 0.000000 0.000000 0.000000
 40   1.118101 -3.449769 3.237290 0.000000 0.000001 0.000000
 41   -4.433840 -1.059130 0.959566 -0.000001 0.000000 0.000000
 42   -0.657468 1.697302 -2.688614 0.000000 0.000002 0.000000
 43   -0.664068 1.698578 2.869377 0.000000 0.000002 0.000000
time 134
  0   -0.756603 -0.917997 1.293379 0.000000 0.000000 -1.571069
  1   -1.093036 0.000002 -0.326057 -1.569027 -1.622749 -0.001768
  2   2.262337 0.113614 0.064702 -0.000014 0.000037 0.131489
  3   2.380047 0.353302 0.047440 0.000000 -0.000028 0.188486
  4   2.033756 0.190472 -0.000128 -0.166860 0.050851 0.211585
  5   2.451511 0.204909 -0.003447 -0.148386 -0.001258 0.256830
  6   7.247600 -0.397300 -0.109469 0.000001 -0.000003 0.470960
  7   -2.022252 -0.104661 3.136172 1.212706 -1.046098 -4.775980
  8   1.168026 -0.537438 -0.063437 -0.240801 0.690077 -0.506273
  9   6.790376 -0.619176 0.015206 -0.169926 -0.266445 -0.918516
 10   8.637599 0.544015 -0.090417 -3.664647 0.143114 -0.410096
 11   6.790465 -0.619039 0.017802 -0.144046 -0.183709 -0.658330
 12   -2.022474 -0.104699 -2.873818 -2.468706 1.824383 0.184805
 13   1.167898 -0.537463 0.063297 -0.832986 -0.986608 0.131270
 14   7.002743 -0.617765 -0.183752 0.000115 0.000194 -1.865283
 15   8.209042 0.615527 -0.255885 1.730793 0.363708 0.055921
 16   7.002735 -0.617911 -0.183641 0.012979 0.010300 -1.324341
 17   1.574674 0.609930 -0.000899 0.256557 -0.148857 -0.219446
 18   -0.602177 0.511412 -0.000006 0.000000 0.000000 0.000000
 19   3.673773 0.177020 1.119313 -0.000002 -0.000014 -0.174510
 20   3.673767 0.176993 -1.117566 0.000007 -0.000003 -0.174546
 21   3.942357 1.330634 1.627658 0.000002 -0.000011 -0.000026
 22   -0.246060 -0.011889 0.516521 -0.000011 0.000031 0.000025
 23   3.942374 1.330659 -1.631083 0.000019 0.000002 -0.000024
 24   -0.246150 -0.011872 -0.516511 -0.000005 -0.000006 0.000048
 25   4.941364 1.997338 1.629330 0.000018 -0.000001 -0.000024
 26   4.941382 1.997366 -1.629410 -0.000001 0.000005 -0.000024
 27   2.918368 1.615358 1.514501 -0.000019 -0.000022 -0.000050
 28   2.920798 1.614964 -1.501142 -0.000002 -0.000009 -0.000024
 29   8.824059 0.150544 0.091743 0.000006 -0.000231 -0.174534
 30   2.111085 -0.561179 1.784320 -0.000008 -0.000682 0.000024
 31   2.121290 -0.561289 -1.853599 0.000000 0.000000 -0.000002
 32   -0.810489 -0.093824 3.127092 0.308687 -2.963972 -0.295141
 33   14.298673 -0.408176 0.475484 0.010830 -0.088871 -0.467367
 34   15.835795 0.581398 0.242756 -0.305885 -0.201989 0.256011
 35   -0.815868 -0.091229 -3.114430 -0.040474 2.853438 0.069176
 36   14.294526 -0.410349 -0.463635 -0.007026 0.076833 -0.395888
 37   15.834409 0.579420 -0.284600 0.273760 0.212841 0.401548
 38   1.139685 -3.453749 -2.823813 0.000000 0.000000 0.000001
 39   -4.457742 -1.054854 -0.746180 0.000000 0.000000 0.000000
 40   1.118101 -3.449769 3.237290 0.000000 0.000001 0.000000
 41   -4.433840 -1.059130 0.959566 -0.000001 0.000000 0.000000
 42   -0.657468 1.697302 -2.688614 0.000000 0.000002 0.000000
 43   -0.664068 1.698578 2.869377 0.000000 0.000002 0.000000
time 135
  0   -0.756603 -0.917997 1.293379 0.000000 0.000000 -1.571069
  1   -1.093036 0.000002 -0.326057 -1.569027 -1.622749 -0.001768
  2   2.262337 0.113614 0.064702 -0.000014 0.000037 0.131489
  3   2.380047 0.353302 0.047440 0.000000 -0.000028 0.207300
  4   2.033756 0.190472 -0.000128 -0.166860 0.050851 0.231158
  5   2.451511 0.204909 -0.003447 -0.149105 -0.002446 0.264507
  6   7.247600 -0.397300 -0.109469 0.000001 -0.000003 0.470960
  7   -2.022252 -0.104661 3.136172 1.212706 -1.046098 -4.775980
  8   1.168026 -0.537438 -0.063437 -0.393180 0.623310 -0.731986
  9   6.790376 -0.619176 0.015206 -0.169926 -0.250761 -0.846218
 10   8.637599 0.544015 -0.090417 -3.843771 0.098979 -0.353595
 11   6.790465 -0.619039 0.017802 -0.140776 -0.173732 -0.608153
 12   -2.022474 -0.104699 -2.873818 -2.468706 1.824383 0.184805
 13   1.167898 -0.537463 0.063297 -0.816959 -0.992406 0.115531
 14   7.002743 -0.617765 -0.183752 0.000115 0.000194 -1.866521
 15   8.209042 0.615527 -0.255885 1.720439 0.375738 0.004323
 16   7.002735 -0.617911 -0.183641 0.012979 0.010300 -1.325224
 17   1.574674 0.609930 -0.000899 0.263218 -0.158442 -0.231199
 18   -0.602177 0.511412 -0.000006 0.000000 0.000000 0.000000
 19   3.673773 0.177020 1.119313 -0.000002 -0.000014 -0.174510
 20   3.673767 0.176993 -1.117566 0.000007 -0.000003 -0.174546
 21   3.942357 1.330634 1.627658 0.000002 -0.000011 -0.000026
 22   -0.246060 -0.011889 0.516521 -0.000011 0.000031 0.000025
 23   3.942374 1.330659 -1.631083 0.000019 0.000002 -0.000024
 24   -0.246150 -0.011872 -0.516511 -0.000005 -0.000006 0.000048
 25   4.941364 1.997338 1.629330 0.000018 -0.000001 -0.000024
 26   4.941382 1.997366 -1.629410 -0.000001 0.000005 -0.000024
 27   2.918368 1.615358 1.514501 -0.000019 -0.000022 -0.000050
 28   2.920798 1.614964 -1.501142 -0.000002 -0.000009 -0.000024
 29   8.824059 0.150544 0.091743 0.000006 -0.000231 -0.174534
 30   2.111085 -0.561179 1.784320 -0.000008 -0.000682 0.000024
 31   2.121290 -0.561289 -1.853599 0.000000 0.000000 -0.000002
 32   -0.810489 -0.093824 3.127092 0.308687 -2.963972 -0.295141
 33   14.298673 -0.408176 0.475484 0.010830 -0.088871 -0.467367
 34   15.835795 0.581398 0.242756 -0.305885 -0.201989 0.256011
 35   -0.815868 -0.091229 -3.114430 -0.040474 2.853438 0.069176
 36   14.294526 -0.410349 -0.463635 -0.007026 0.076833 -0.395888
 37   15.834409 0.579420 -0.284600 0.273760 0.212841 0.401548
 38   1.139685 -3.453749 -2.823813 0.000000 0.000000 0.000001
 39   -4.457742 -1.054854 -0.746180 0.000000 0.000000 0.000000
 40   1.118101 -3.449769 3.237290 0.000000 0.000001 0.000000
 41   -4.433840 -1.059130 0.959566 -0.000001 0.000000 0.000000
 42   -0.657468 1.697302 -2.688614 0.000000 0.000002 0.000000
 43   -0.664068 1.698578 2.869377 0.000000 0.000002 0.000000
time 136
  0   -0.756603 -0.917997 1.293379 0.000000 0.000000 -1.571069
  1   -1.093036 0.000002 -0.326057 -1.569027 -1.622749 -0.001768
  2   2.262337 0.113614 0.064702 -0.000014 0.000037 0.131489
  3   2.380047 0.353302 0.047440 0.000000 -0.000028 0.212891
  4   2.033756 0.190472 -0.000128 -0.166860 0.050851 0.236849
  5   2.451511 0.204909 -0.003447 -0.149345 -0.002773 0.266761
  6   7.247600 -0.397300 -0.109469 0.000001 -0.000003 0.470960
  7   -2.022252 -0.104661 3.136172 1.212706 -1.046098 -4.775980
  8   1.168026 -0.537438 -0.063437 -0.447728 0.590002 -0.817008
  9   6.790376 -0.619176 0.015206 -0.169926 -0.239482 -0.797919
 10   8.637599 0.544015 -0.090417 -3.892823 0.087083 -0.338041
 11   6.790465 -0.619039 0.017802 -0.138586 -0.166455 -0.574586
 12   -2.022474 -0.104699 -2.873818 -2.468706 1.824383 0.184805
 13   1.167898 -0.537463 0.063297 -0.812460 -0.994084 0.111051
 14   7.002743 -0.617765 -0.183752 0.000115 0.000194 -1.867016
 15   8.209042 0.615527 -0.255885 1.717419 0.379369 -0.010771
 16   7.002735 -0.617911 -0.183641 0.012979 0.010300 -1.325500
 17   1.574674 0.609930 -0.000899 0.264884 -0.160927 -0.234415
 18   -0.602177 0.511412 -0.000006 0.000000 0.000000 0.000000
 19   3.673773 0.177020 1.119313 -0.000002 -0.000014 -0.174510
 20   3.673767 0.176993 -1.117566 0.000007 -0.000003 -0.174546
 21   3.942357 1.330634 1.627658 0.000002 -0.000011 -0.000026
 22   -0.246060 -0.011889 0.516521 -0.000011 0.000031 0.000025
 23   3.942374 1.330659 -1.631083 0.000019 0.000002 -0.000024
 24   -0.246150 -0.011872 -0.516511 -0.000005 -0.000006 0.000048
 25   4.941364 1.997338 1.629330 0.000018 -0.000001 -0.000024
 26   4.941382 1.997366 -1.629410 -0.000001 0.000005 -0.000024
 27   2.918368 1.615358 1.514501 -0.000019 -0.000022 -0.000050
 28   2.920798 1.614964 -1.501142 -0.000002 -0.000009 -0.000024
 29   8.824059 0.150544 0.091743 0.000006 -0.000231 -0.174534
 30   2.111085 -0.561179 1.784320 -0.000008 -0.000682 0.000024
 31   2.121290 -0.561289 -1.853599 0.000000 0.000000 -0.000002
 32   -0.810489 -0.093824 3.127092 0.308687 -2.963972 -0.295141
 33   14.298673 -0.408176 0.475484 0.010830 -0.088871 -0.467367
 34   15.835795 0.581398 0.242756 -0.305885 -0.201989 0.256011
 35   -0.815868 -0.091229 -3.114430 -0.040474 2.853438 0.069176
 36   14.294526 -0.410349 -0.463635 -0.007026 0.076833 -0.395888
 37   15.834409 0.579420 -0.284600 0.273760 0.212841 0.401548
 38   1.139685 -3.453749 -2.823813 0.000000 0.000000 0.000001
 39   -4.457742 -1.054854 -0.746180 0.000000 0.000000 0.000000
 40   1.118101 -3.449769 3.237290 0.000000 0.000001 0.000000
 41   -4.433840 -1.059130 0.959566 -0.000001 0.000000 0.000000
 42   -0.657468 1.697302 -2.688614 0.000000 0.000002 0.000000
 43   -0.664068 1.698578 2.869377 0.000000 0.000002 0.000000
time 137
  0   -0.756603 -0.917997 1.293379 0.000000 0.000000 -1.571069
  1   -1.093036 0.000002 -0.326057 -1.569027 -1.622749 -0.001768
  2   2.262337 0.113614 0.064702 -0.000014 0.000037 0.131489
  3   2.380047 0.353302 0.047440 0.000000 -0.000028 0.214911
  4   2.033756 0.190472 -0.000128 -0.166860 0.050851 0.238915
  5   2.451511 0.204909 -0.003447 -0.149413 -0.002890 0.267603
  6   7.247600 -0.397300 -0.109469 0.000001 -0.000003 0.470960
  7   -2.022252 -0.104661 3.136172 1.212706 -1.046098 -4.775980
  8   1.168026 -0.537438 -0.063437 -0.468611 0.575209 -0.850599
  9   6.790376 -0.619176 0.015206 -0.169926 -0.234143 -0.775354
 10   8.637599 0.544015 -0.090417 -3.909907 0.083071 -0.332760
 11   6.790465 -0.619039 0.017802 -0.137652 -0.163101 -0.558841
 12   -2.022474 -0.104699 -2.873818 -2.468706 1.824383 0.184805
 13   1.167898 -0.537463 0.063297 -0.810843 -0.994592 0.109235
 14   7.002743 -0.617765 -0.183752 0.000115 0.000194 -1.867016
 15   8.209042 0.615527 -0.255885 1.716269 0.380580 -0.016304
 16   7.002735 -0.617911 -0.183641 0.012979 0.010300 -1.325500
 17   1.574674 0.609930 -0.000899 0.265574 -0.161779 -0.235524
 18   -0.602177 0.511412 -0.000006 0.000000 0.000000 0.000000
 19   3.673773 0.177020 1.119313 -0.000002 -0.000014 -0.174510
 20   3.673767 0.176993 -1.117566 0.000007 -0.000003 -0.174546
 21   3.942357 1.330634 1.627658 0.000002 -0.000011 -0.000026
 22   -0.246060 -0.011889 0.516521 -0.000011 0.000031 0.000025
 23   3.942374 1.330659 -1.631083 0.000019 0.000002 -0.000024
 24   -0.246150 -0.011872 -0.516511 -0.000005 -0.000006 0.000048
 25   4.941364 1.997338 1.629330 0.000018 -0.000001 -0.000024
 26   4.941382 1.997366 -1.629410 -0.000001 0.000005 -0.000024
 27   2.918368 1.615358 1.514501 -0.000019 -0.000022 -0.000050
 28   2.920798 1.614964 -1.501142 -0.000002 -0.000009 -0.000024
 29   8.824059 0.150544 0.091743 0.000006 -0.000231 -0.174534
 30   2.111085 -0.561179 1.784320 -0.000008 -0.000682 0.000024
 31   2.121290 -0.561289 -1.853599 0.000000 0.000000 -0.000002
 32   -0.810489 -0.093824 3.127092 0.308687 -2.963972 -0.295141
 33   14.298673 -0.408176 0.475484 0.010830 -0.088871 -0.467367
 34   15.835795 0.581398 0.242756 -0.305885 -0.201989 0.256011
 35   -0.815868 -0.091229 -3.114430 -0.040474 2.853438 0.069176
 36   14.294526 -0.410349 -0.463635 -0.007026 0.076833 -0.395888
 37   15.834409 0.579420 -0.284600 0.273760 0.212841 0.401548
 38   1.139685 -3.453749 -2.823813 0.000000 0.000000 0.000001
 39   -4.457742 -1.054854 -0.746180 0.000000 0.000000 0.000000
 40   1.118101 -3.449769 3.237290 0.000000 0.000001 0.000000
 41   -4.433840 -1.059130 0.959566 -0.000001 0.000000 0.000000
 42   -0.657468 1.697302 -2.688614 0.000000 0.000002 0.000000
 43   -0.664068 1.698578 2.869377 0.000000 0.000002 0.000000
end
