version 1
nodes
  0 "Bip01" -1
  1 "Bip01 Pelvis" 0
  2 "Bip01 Spine" 1
  3 "Bip01 Spine1" 2
  4 "Bip01 Spine2" 3
  5 "Bip01 Spine3" 4
  6 "Bip01 Neck" 5
  7 "Bip01 L Arm" 6
  8 "Bip01 L Arm1" 7
  9 "Bip01 L Arm2" 8
 10 "Bip01 L Hand" 9
 11 "Bip06 L elbow2-smooth" 8
 12 "Bip01 R Arm" 6
 13 "Bip01 R Arm1" 12
 14 "Bip01 R Arm2" 13
 15 "Bip01 R Hand" 14
 16 "Bip06 R elbow2-smooth" 13
 17 "Bip01 Head" 6
 18 "Bip06 Head_helper" 17
 19 "Bip06 Head_eyes_l" 18
 20 "Bip06 Head_eyes_r" 18
 21 "Bip06 Head_blink_l" 18
 22 "Bip06 Head_blink_smooth_l1" 21
 23 "Bip06 Head_blink_r" 18
 24 "Bip06 Head_blink_smooth_r1" 23
 25 "Bip06 Head_L_eyebrow" 18
 26 "Bip06 Head_R_eyebrow" 18
 27 "Bip06 Head_blink_l_lid" 18
 28 "Bip06 Head_blink_r_lid" 18
 29 "Bip06 bunny" 18
 30 "Bip06 bunnyL" 29
 31 "Bip06 bunnyR" 29
 32 "Bip01 L Leg" 1
 33 "Bip01 L Leg1" 32
 34 "Bip01 L Foot" 33
 35 "Bip01 R Leg" 1
 36 "Bip01 R Leg1" 35
 37 "Bip01 R Foot" 36
 38 "Bip03 HairR1" 17
 39 "Bip03 HairR2" 38
 40 "Bip03 HairL1" 17
 41 "Bip03 HairL2" 40
 42 "Bip03 swingR" 17
 43 "Bip03 swingL" 17
end
skeleton
time 0
  0   -0.010486 -0.546892 -0.601210 0.000000 0.000000 -1.571449
  1   -1.093036 0.000002 -0.326057 -0.214108 -1.569036 -1.356583
  2   2.262337 0.113614 0.064702 -0.053690 -0.092041 0.325390
  3   2.380047 0.353302 0.047440 -0.080330 -0.011246 0.360790
  4   2.033756 0.190472 -0.000128 -0.136190 -0.011973 0.043363
  5   2.451511 0.204909 -0.003447 -0.348174 0.075861 0.050658
  6   7.247600 -0.397300 -0.109469 0.000001 0.000021 0.156829
  7   -2.022252 -0.104661 3.136172 0.418235 -1.311906 -3.760682
  8   1.168026 -0.537438 -0.063437 -0.652377 0.889875 -0.576745
  9   6.790376 -0.619176 0.015206 0.041452 0.071594 -1.049075
 10   8.637599 0.544015 -0.090417 -3.590496 0.218995 0.267264
 11   6.790465 -0.619039 0.017802 0.037672 0.034796 -0.749744
 12   -2.022474 -0.104699 -2.873818 -1.824116 1.474732 -5.011352
 13   1.167898 -0.537463 0.063297 0.034725 -0.899090 -0.830265
 14   7.002743 -0.617765 -0.183752 0.028696 -0.197360 -1.727004
 15   8.209042 0.615527 -0.255885 2.221099 0.448447 0.419451
 16   7.002735 -0.617911 -0.183641 -0.002791 -0.138001 -1.223283
 17   1.574674 0.609930 -0.000899 0.349252 -0.373077 0.669578
 18   -0.602177 0.511412 -0.000006 0.000000 0.000000 0.000000
 19   3.673773 0.177020 1.119313 -0.000002 -0.000014 -0.174510
 20   3.673767 0.176993 -1.117566 0.000007 -0.000003 -0.174546
 21   3.942357 1.330634 1.627658 0.000002 -0.000011 -0.000026
 22   -0.246060 -0.011889 0.516521 -0.000011 0.000031 0.000025
 23   3.942374 1.330659 -1.631083 0.000019 0.000002 -0.000024
 24   -0.246150 -0.011872 -0.516511 -0.000005 -0.000006 0.000048
 25   4.941364 1.997338 1.629330 0.000018 -0.000001 -0.000024
 26   4.941382 1.997366 -1.629410 -0.000001 0.000005 -0.000024
 27   2.918368 1.615358 1.514501 -0.000019 -0.000022 -0.000050
 28   2.920798 1.614964 -1.501142 -0.000002 -0.000009 -0.000024
 29   8.824059 0.150544 0.091743 0.000006 -0.000231 -0.174534
 30   2.111085 -0.561179 1.784320 -0.000008 -0.000682 0.000024
 31   2.121290 -0.561289 -1.853599 0.000000 0.000000 -0.000002
 32   -0.810489 -0.093824 3.127092 0.564080 -3.064347 -0.563586
 33   14.298673 -0.408176 0.475484 -0.006392 -0.009799 -0.413535
 34   15.835795 0.581398 0.242756 -0.007436 -0.212263 -0.117847
 35   -0.815868 -0.091229 -3.114430 -0.120039 3.021422 -0.057357
 36   14.294526 -0.410349 -0.463635 0.001663 0.012787 -0.721549
 37   15.834409 0.579420 -0.284600 -0.182270 -0.002314 0.569929
 38   1.139685 -3.453749 -2.823813 0.000000 0.000000 0.000001
 39   -4.457742 -1.054854 -0.746180 0.000000 0.000000 0.000000
 40   1.118101 -3.449769 3.237290 0.000000 0.000001 0.000000
 41   -4.433840 -1.059130 0.959566 -0.000001 0.000000 0.000000
 42   -0.657468 1.697302 -2.688614 0.000000 0.000002 0.000000
 43   -0.664068 1.698578 2.869377 0.000000 0.000002 0.000000
time 1
  0   -0.010486 -0.546892 -0.601210 0.000000 0.000000 -1.571449
  1   -1.093036 0.000002 -0.326057 -0.214108 -1.569036 -1.356583
  2   2.262337 0.113614 0.064702 -0.049537 -0.099507 0.325335
  3   2.380047 0.353302 0.047440 -0.079550 -0.015920 0.357199
  4   2.033756 0.190472 -0.000128 -0.136135 -0.015951 0.035968
  5   2.451511 0.204909 -0.003447 -0.349201 0.043366 0.054249
  6   7.247600 -0.397300 -0.109469 0.000001 0.000021 0.156829
  7   -2.022252 -0.104661 3.136172 0.506712 -1.336610 -3.843419
  8   1.168026 -0.537438 -0.063437 -0.453866 0.790454 -0.595217
  9   6.790376 -0.619176 0.015206 0.043172 0.062851 -0.916101
 10   8.637599 0.544015 -0.090417 -3.438672 0.226456 0.223568
 11   6.790465 -0.619039 0.017802 0.036387 0.029054 -0.656772
 12   -2.022474 -0.104699 -2.873818 -1.639974 1.465067 -4.850219
 13   1.167898 -0.537463 0.063297 -0.028329 -0.974709 -0.710285
 14   7.002743 -0.617765 -0.183752 0.027955 -0.197020 -1.718011
 15   8.209042 0.615527 -0.255885 2.221315 0.440124 0.380241
 16   7.002735 -0.617911 -0.183641 -0.003073 -0.137550 -1.217046
 17   1.574674 0.609930 -0.000899 0.367409 -0.293083 0.572408
 18   -0.602177 0.511412 -0.000006 0.000000 0.000000 0.000000
 19   3.673773 0.177020 1.119313 -0.000002 -0.000014 -0.174510
 20   3.673767 0.176993 -1.117566 0.000007 -0.000003 -0.174546
 21   3.942357 1.330634 1.627658 0.000002 -0.000011 -0.000026
 22   -0.246060 -0.011889 0.516521 -0.000011 0.000031 0.000025
 23   3.942374 1.330659 -1.631083 0.000019 0.000002 -0.000024
 24   -0.246150 -0.011872 -0.516511 -0.000005 -0.000006 0.000048
 25   4.941364 1.997338 1.629330 0.000018 -0.000001 -0.000024
 26   4.941382 1.997366 -1.629410 -0.000001 0.000005 -0.000024
 27   2.918368 1.615358 1.514501 -0.000019 -0.000022 -0.000050
 28   2.920798 1.614964 -1.501142 -0.000002 -0.000009 -0.000024
 29   8.824059 0.150544 0.091743 0.000006 -0.000231 -0.174534
 30   2.111085 -0.561179 1.784320 -0.000008 -0.000682 0.000024
 31   2.121290 -0.561289 -1.853599 0.000000 0.000000 -0.000002
 32   -0.810489 -0.093824 3.127092 0.564080 -3.064347 -0.563586
 33   14.298673 -0.408176 0.475484 -0.006392 -0.009799 -0.413535
 34   15.835795 0.581398 0.242756 -0.007436 -0.212263 -0.117847
 35   -0.815868 -0.091229 -3.114430 -0.120039 3.021422 -0.057357
 36   14.294526 -0.410349 -0.463635 0.001663 0.012787 -0.721549
 37   15.834409 0.579420 -0.284600 -0.182270 -0.002314 0.569929
 38   1.139685 -3.453749 -2.823813 0.000000 0.000000 0.000001
 39   -4.457742 -1.054854 -0.746180 0.000000 0.000000 0.000000
 40   1.118101 -3.449769 3.237290 0.000000 0.000001 0.000000
 41   -4.433840 -1.059130 0.959566 -0.000001 0.000000 0.000000
 42   -0.657468 1.697302 -2.688614 0.000000 0.000002 0.000000
 43   -0.664068 1.698578 2.869377 0.000000 0.000002 0.000000
time 2
  0   -0.010486 -0.546892 -0.601210 0.000000 0.000000 -1.571449
  1   -1.093036 0.000002 -0.326057 -0.214108 -1.569036 -1.356583
  2   2.262337 0.113614 0.064702 -0.043984 -0.114979 0.325299
  3   2.380047 0.353302 0.047440 -0.077240 -0.026035 0.348792
  4   2.033756 0.190472 -0.000128 -0.135969 -0.026450 0.027015
  5   2.451511 0.204909 -0.003447 -0.350228 0.010622 0.056725
  6   7.247600 -0.397300 -0.109469 0.000001 0.000021 0.156829
  7   -2.022252 -0.104661 3.136172 0.680119 -1.367483 -4.007298
  8   1.168026 -0.537438 -0.063437 -0.252508 0.682882 -0.622925
  9   6.790376 -0.619176 0.015206 0.042451 0.050171 -0.785844
 10   8.637599 0.544015 -0.090417 -3.199928 0.209844 0.159688
 11   6.790465 -0.619039 0.017802 0.033380 0.020697 -0.565704
 12   -2.022474 -0.104699 -2.873818 -1.404002 1.452006 -4.638153
 13   1.167898 -0.537463 0.063297 -0.106566 -1.071838 -0.559614
 14   7.002743 -0.617765 -0.183752 0.026304 -0.196509 -1.697715
 15   8.209042 0.615527 -0.255885 2.213190 0.427262 0.318059
 16   7.002735 -0.617911 -0.183641 -0.003638 -0.136704 -1.202917
 17   1.574674 0.609930 -0.000899 0.358757 -0.202580 0.459639
 18   -0.602177 0.511412 -0.000006 0.000000 0.000000 0.000000
 19   3.673773 0.177020 1.119313 -0.000002 -0.000014 -0.174510
 20   3.673767 0.176993 -1.117566 0.000007 -0.000003 -0.174546
 21   3.942357 1.330634 1.627658 0.000002 -0.000011 -0.000026
 22   -0.246060 -0.011889 0.516521 -0.000011 0.000031 0.000025
 23   3.942374 1.330659 -1.631083 0.000019 0.000002 -0.000024
 24   -0.246150 -0.011872 -0.516511 -0.000005 -0.000006 0.000048
 25   4.941364 1.997338 1.629330 0.000018 -0.000001 -0.000024
 26   4.941382 1.997366 -1.629410 -0.000001 0.000005 -0.000024
 27   2.918368 1.615358 1.514501 -0.000019 -0.000022 -0.000050
 28   2.920798 1.614964 -1.501142 -0.000002 -0.000009 -0.000024
 29   8.824059 0.150544 0.091743 0.000006 -0.000231 -0.174534
 30   2.111085 -0.561179 1.784320 -0.000008 -0.000682 0.000024
 31   2.121290 -0.561289 -1.853599 0.000000 0.000000 -0.000002
 32   -0.810489 -0.093824 3.127092 0.564080 -3.064347 -0.563586
 33   14.298673 -0.408176 0.475484 -0.006392 -0.009799 -0.413535
 34   15.835795 0.581398 0.242756 -0.007436 -0.212263 -0.117847
 35   -0.815868 -0.091229 -3.114430 -0.120039 3.021422 -0.057357
 36   14.294526 -0.410349 -0.463635 0.001663 0.012787 -0.721549
 37   15.834409 0.579420 -0.284600 -0.182270 -0.002314 0.569929
 38   1.139685 -3.453749 -2.823813 0.000000 0.000000 0.000001
 39   -4.457742 -1.054854 -0.746180 0.000000 0.000000 0.000000
 40   1.118101 -3.449769 3.237290 0.000000 0.000001 0.000000
 41   -4.433840 -1.059130 0.959566 -0.000001 0.000000 0.000000
 42   -0.657468 1.697302 -2.688614 0.000000 0.000002 0.000000
 43   -0.664068 1.698578 2.869377 0.000000 0.000002 0.000000
time 3
  0   -0.010486 -0.546892 -0.601210 0.000000 0.000000 -1.571449
  1   -1.093036 0.000002 -0.326057 -0.214108 -1.569036 -1.356583
  2   2.262337 0.113614 0.064702 -0.042557 -0.122002 0.325155
  3   2.380047 0.353302 0.047440 -0.074645 -0.031032 0.342976
  4   2.033756 0.190472 -0.000128 -0.135803 -0.039178 0.025855
  5   2.451511 0.204909 -0.003447 -0.349783 0.014722 0.054249
  6   7.247600 -0.397300 -0.109469 0.000001 0.000021 0.156829
  7   -2.022252 -0.104661 3.136172 0.747890 -1.370568 -4.070784
  8   1.168026 -0.537438 -0.063437 -0.228145 0.675335 -0.601543
  9   6.790376 -0.619176 0.015206 0.041175 0.047568 -0.812786
 10   8.637599 0.544015 -0.090417 -3.105435 0.135934 0.097761
 11   6.790465 -0.619039 0.017802 0.032562 0.018849 -0.584391
 12   -2.022474 -0.104699 -2.873818 -1.278878 1.458565 -4.512157
 13   1.167898 -0.537463 0.063297 -0.086041 -1.094925 -0.558040
 14   7.002743 -0.617765 -0.183752 0.025450 -0.196565 -1.685009
 15   8.209042 0.615527 -0.255885 2.171342 0.425597 0.287510
 16   7.002735 -0.617911 -0.183641 -0.004015 -0.136704 -1.194252
 17   1.574674 0.609930 -0.000899 0.338163 -0.208615 0.444892
 18   -0.602177 0.511412 -0.000006 0.000000 0.000000 0.000000
 19   3.673773 0.177020 1.119313 -0.000002 -0.000014 -0.174510
 20   3.673767 0.176993 -1.117566 0.000007 -0.000003 -0.174546
 21   3.942357 1.330634 1.627658 0.000002 -0.000011 -0.000026
 22   -0.246060 -0.011889 0.516521 -0.000011 0.000031 0.000025
 23   3.942374 1.330659 -1.631083 0.000019 0.000002 -0.000024
 24   -0.246150 -0.011872 -0.516511 -0.000005 -0.000006 0.000048
 25   4.941364 1.997338 1.629330 0.000018 -0.000001 -0.000024
 26   4.941382 1.997366 -1.629410 -0.000001 0.000005 -0.000024
 27   2.918368 1.615358 1.514501 -0.000019 -0.000022 -0.000050
 28   2.920798 1.614964 -1.501142 -0.000002 -0.000009 -0.000024
 29   8.824059 0.150544 0.091743 0.000006 -0.000231 -0.174534
 30   2.111085 -0.561179 1.784320 -0.000008 -0.000682 0.000024
 31   2.121290 -0.561289 -1.853599 0.000000 0.000000 -0.000002
 32   -0.810489 -0.093824 3.127092 0.564080 -3.064347 -0.563586
 33   14.298673 -0.408176 0.475484 -0.006392 -0.009799 -0.413535
 34   15.835795 0.581398 0.242756 -0.007436 -0.212263 -0.117847
 35   -0.815868 -0.091229 -3.114430 -0.120039 3.021422 -0.057357
 36   14.294526 -0.410349 -0.463635 0.001663 0.012787 -0.721549
 37   15.834409 0.579420 -0.284600 -0.182270 -0.002314 0.569929
 38   1.139685 -3.453749 -2.823813 0.000000 0.000000 0.000001
 39   -4.457742 -1.054854 -0.746180 0.000000 0.000000 0.000000
 40   1.118101 -3.449769 3.237290 0.000000 0.000001 0.000000
 41   -4.433840 -1.059130 0.959566 -0.000001 0.000000 0.000000
 42   -0.657468 1.697302 -2.688614 0.000000 0.000002 0.000000
 43   -0.664068 1.698578 2.869377 0.000000 0.000002 0.000000
time 4
  0   -0.010486 -0.546892 -0.601210 0.000000 0.000000 -1.571449
  1   -1.093036 0.000002 -0.326057 -0.214108 -1.569036 -1.356583
  2   2.262337 0.113614 0.064702 -0.039933 -0.122254 0.324775
  3   2.380047 0.353302 0.047440 -0.072290 -0.031284 0.341058
  4   2.033756 0.190472 -0.000128 -0.135637 -0.049029 0.025964
  5   2.451511 0.204909 -0.003447 -0.349458 0.016523 0.052887
  6   7.247600 -0.397300 -0.109469 0.000001 0.000021 0.156829
  7   -2.022252 -0.104661 3.136172 0.794765 -1.370395 -4.111918
  8   1.168026 -0.537438 -0.063437 -0.186000 0.690429 -0.541509
  9   6.790376 -0.619176 0.015206 0.041896 0.055844 -0.895876
 10   8.637599 0.544015 -0.090417 -2.883423 0.054422 0.060576
 11   6.790465 -0.619039 0.017802 0.034577 0.024307 -0.642585
 12   -2.022474 -0.104699 -2.873818 -1.142161 1.457375 -4.375727
 13   1.167898 -0.537463 0.063297 -0.062914 -1.115623 -0.563609
 14   7.002743 -0.617765 -0.183752 0.025280 -0.196963 -1.682864
 15   8.209042 0.615527 -0.255885 2.145889 0.432180 0.257621
 16   7.002735 -0.617911 -0.183641 -0.004109 -0.136873 -1.192817
 17   1.574674 0.609930 -0.000899 0.335360 -0.220189 0.433027
 18   -0.602177 0.511412 -0.000006 0.000000 0.000000 0.000000
 19   3.673773 0.177020 1.119313 -0.000002 -0.000014 -0.174510
 20   3.673767 0.176993 -1.117566 0.000007 -0.000003 -0.174546
 21   3.942357 1.330634 1.627658 0.000002 -0.000011 -0.000026
 22   -0.246060 -0.011889 0.516521 -0.000011 0.000031 0.000025
 23   3.942374 1.330659 -1.631083 0.000019 0.000002 -0.000024
 24   -0.246150 -0.011872 -0.516511 -0.000005 -0.000006 0.000048
 25   4.941364 1.997338 1.629330 0.000018 -0.000001 -0.000024
 26   4.941382 1.997366 -1.629410 -0.000001 0.000005 -0.000024
 27   2.918368 1.615358 1.514501 -0.000019 -0.000022 -0.000050
 28   2.920798 1.614964 -1.501142 -0.000002 -0.000009 -0.000024
 29   8.824059 0.150544 0.091743 0.000006 -0.000231 -0.174534
 30   2.111085 -0.561179 1.784320 -0.000008 -0.000682 0.000024
 31   2.121290 -0.561289 -1.853599 0.000000 0.000000 -0.000002
 32   -0.810489 -0.093824 3.127092 0.564080 -3.064347 -0.563586
 33   14.298673 -0.408176 0.475484 -0.006392 -0.009799 -0.413535
 34   15.835795 0.581398 0.242756 -0.007436 -0.212263 -0.117847
 35   -0.815868 -0.091229 -3.114430 -0.120039 3.021422 -0.057357
 36   14.294526 -0.410349 -0.463635 0.001663 0.012787 -0.721549
 37   15.834409 0.579420 -0.284600 -0.182270 -0.002314 0.569929
 38   1.139685 -3.453749 -2.823813 0.000000 0.000000 0.000001
 39   -4.457742 -1.054854 -0.746180 0.000000 0.000000 0.000000
 40   1.118101 -3.449769 3.237290 0.000000 0.000001 0.000000
 41   -4.433840 -1.059130 0.959566 -0.000001 0.000000 0.000000
 42   -0.657468 1.697302 -2.688614 0.000000 0.000002 0.000000
 43   -0.664068 1.698578 2.869377 0.000000 0.000002 0.000000
time 5
  0   -0.010486 -0.546892 -0.601210 0.000000 0.000000 -1.571449
  1   -1.093036 0.000002 -0.326057 -0.214108 -1.569036 -1.356583
  2   2.262337 0.113614 0.064702 -0.037870 -0.121966 0.324450
  3   2.380047 0.353302 0.047440 -0.071105 -0.030661 0.340752
  4   2.033756 0.190472 -0.000128 -0.135600 -0.052516 0.025457
  5   2.451511 0.204909 -0.003447 -0.349064 0.016354 0.052243
  6   7.247600 -0.397300 -0.109469 0.000001 0.000021 0.156829
  7   -2.022252 -0.104661 3.136172 0.787384 -1.372413 -4.096892
  8   1.168026 -0.537438 -0.063437 -0.088548 0.726404 -0.449212
  9   6.790376 -0.619176 0.015206 0.041674 0.069792 -1.034057
 10   8.637599 0.544015 -0.090417 -2.555470 -0.136618 0.058478
 11   6.790465 -0.619039 0.017802 0.037380 0.033545 -0.739363
 12   -2.022474 -0.104699 -2.873818 -1.033228 1.453602 -4.267443
 13   1.167898 -0.537463 0.063297 -0.039506 -1.134845 -0.573234
 14   7.002743 -0.617765 -0.183752 0.025394 -0.197020 -1.683854
 15   8.209042 0.615527 -0.255885 2.125468 0.438006 0.233386
 16   7.002735 -0.617911 -0.183641 -0.004109 -0.136986 -1.193258
 17   1.574674 0.609930 -0.000899 0.335807 -0.234460 0.425229
 18   -0.602177 0.511412 -0.000006 0.000000 0.000000 0.000000
 19   3.673773 0.177020 1.119313 -0.000002 -0.000014 -0.174510
 20   3.673767 0.176993 -1.117566 0.000007 -0.000003 -0.174546
 21   3.942357 1.330634 1.627658 0.000002 -0.000011 -0.000026
 22   -0.246060 -0.011889 0.516521 -0.000011 0.000031 0.000025
 23   3.942374 1.330659 -1.631083 0.000019 0.000002 -0.000024
 24   -0.246150 -0.011872 -0.516511 -0.000005 -0.000006 0.000048
 25   4.941364 1.997338 1.629330 0.000018 -0.000001 -0.000024
 26   4.941382 1.997366 -1.629410 -0.000001 0.000005 -0.000024
 27   2.918368 1.615358 1.514501 -0.000019 -0.000022 -0.000050
 28   2.920798 1.614964 -1.501142 -0.000002 -0.000009 -0.000024
 29   8.824059 0.150544 0.091743 0.000006 -0.000231 -0.174534
 30   2.111085 -0.561179 1.784320 -0.000008 -0.000682 0.000024
 31   2.121290 -0.561289 -1.853599 0.000000 0.000000 -0.000002
 32   -0.810489 -0.093824 3.127092 0.564080 -3.064347 -0.563586
 33   14.298673 -0.408176 0.475484 -0.006392 -0.009799 -0.413535
 34   15.835795 0.581398 0.242756 -0.007436 -0.212263 -0.117847
 35   -0.815868 -0.091229 -3.114430 -0.120039 3.021422 -0.057357
 36   14.294526 -0.410349 -0.463635 0.001663 0.012787 -0.721549
 37   15.834409 0.579420 -0.284600 -0.182270 -0.002314 0.569929
 38   1.139685 -3.453749 -2.823813 0.000000 0.000000 0.000001
 39   -4.457742 -1.054854 -0.746180 0.000000 0.000000 0.000000
 40   1.118101 -3.449769 3.237290 0.000000 0.000001 0.000000
 41   -4.433840 -1.059130 0.959566 -0.000001 0.000000 0.000000
 42   -0.657468 1.697302 -2.688614 0.000000 0.000002 0.000000
 43   -0.664068 1.698578 2.869377 0.000000 0.000002 0.000000
time 6
  0   -0.010486 -0.546892 -0.601210 0.000000 0.000000 -1.571449
  1   -1.093036 0.000002 -0.326057 -0.214108 -1.569036 -1.356583
  2   2.262337 0.113614 0.064702 -0.037335 -0.121128 0.324233
  3   2.380047 0.353302 0.047440 -0.070940 -0.029438 0.340650
  4   2.033756 0.190472 -0.000128 -0.135434 -0.050299 0.024913
  5   2.451511 0.204909 -0.003447 -0.348705 0.015871 0.051921
  6   7.247600 -0.397300 -0.109469 0.000001 0.000021 0.156829
  7   -2.022252 -0.104661 3.136172 0.735716 -1.372874 -4.037445
  8   1.168026 -0.537438 -0.063437 0.028457 0.779234 -0.354954
  9   6.790376 -0.619176 0.015206 0.039344 0.083341 -1.168766
 10   8.637599 0.544015 -0.090417 -2.289602 -0.333148 0.102391
 11   6.790465 -0.619039 0.017802 0.039161 0.042840 -0.833258
 12   -2.022474 -0.104699 -2.873818 -0.972295 1.449191 -4.206839
 13   1.167898 -0.537463 0.063297 -0.014130 -1.150711 -0.587460
 14   7.002743 -0.617765 -0.183752 0.025450 -0.197076 -1.684844
 15   8.209042 0.615527 -0.255885 2.095557 0.442621 0.212759
 16   7.002735 -0.617911 -0.183641 -0.004062 -0.137099 -1.194031
 17   1.574674 0.609930 -0.000899 0.340559 -0.250151 0.422013
 18   -0.602177 0.511412 -0.000006 0.000000 0.000000 0.000000
 19   3.673773 0.177020 1.119313 -0.000002 -0.000014 -0.174510
 20   3.673767 0.176993 -1.117566 0.000007 -0.000003 -0.174546
 21   3.942357 1.330634 1.627658 0.000002 -0.000011 -0.000026
 22   -0.246060 -0.011889 0.516521 -0.000011 0.000031 0.000025
 23   3.942374 1.330659 -1.631083 0.000019 0.000002 -0.000024
 24   -0.246150 -0.011872 -0.516511 -0.000005 -0.000006 0.000048
 25   4.941364 1.997338 1.629330 0.000018 -0.000001 -0.000024
 26   4.941382 1.997366 -1.629410 -0.000001 0.000005 -0.000024
 27   2.918368 1.615358 1.514501 -0.000019 -0.000022 -0.000050
 28   2.920798 1.614964 -1.501142 -0.000002 -0.000009 -0.000024
 29   8.824059 0.150544 0.091743 0.000006 -0.000231 -0.174534
 30   2.111085 -0.561179 1.784320 -0.000008 -0.000682 0.000024
 31   2.121290 -0.561289 -1.853599 0.000000 0.000000 -0.000002
 32   -0.810489 -0.093824 3.127092 0.564080 -3.064347 -0.563586
 33   14.298673 -0.408176 0.475484 -0.006392 -0.009799 -0.413535
 34   15.835795 0.581398 0.242756 -0.007436 -0.212263 -0.117847
 35   -0.815868 -0.091229 -3.114430 -0.120039 3.021422 -0.057357
 36   14.294526 -0.410349 -0.463635 0.001663 0.012787 -0.721549
 37   15.834409 0.579420 -0.284600 -0.182270 -0.002314 0.569929
 38   1.139685 -3.453749 -2.823813 0.000000 0.000000 0.000001
 39   -4.457742 -1.054854 -0.746180 0.000000 0.000000 0.000000
 40   1.118101 -3.449769 3.237290 0.000000 0.000001 0.000000
 41   -4.433840 -1.059130 0.959566 -0.000001 0.000000 0.000000
 42   -0.657468 1.697302 -2.688614 0.000000 0.000002 0.000000
 43   -0.664068 1.698578 2.869377 0.000000 0.000002 0.000000
time 7
  0   -0.010486 -0.546892 -0.601210 0.000000 0.000000 -1.571449
  1   -1.093036 0.000002 -0.326057 -0.214108 -1.569036 -1.356583
  2   2.262337 0.113614 0.064702 -0.037093 -0.120169 0.324088
  3   2.380047 0.353302 0.047440 -0.070865 -0.028240 0.340548
  4   2.033756 0.190472 -0.000128 -0.135065 -0.044810 0.024224
  5   2.451511 0.204909 -0.003447 -0.348465 0.010792 0.052664
  6   7.247600 -0.397300 -0.109469 0.000001 0.000021 0.156829
  7   -2.022252 -0.104661 3.136172 0.694881 -1.377284 -3.993869
  8   1.168026 -0.537438 -0.063437 0.116924 0.867133 -0.277966
  9   6.790376 -0.619176 0.015206 0.037014 0.091883 -1.255931
 10   8.637599 0.544015 -0.090417 -2.088814 -0.406213 0.050810
 11   6.790465 -0.619039 0.017802 0.039891 0.048980 -0.894162
 12   -2.022474 -0.104699 -2.873818 -0.987816 1.451048 -4.225796
 13   1.167898 -0.537463 0.063297 0.009911 -1.166272 -0.602049
 14   7.002743 -0.617765 -0.183752 0.025450 -0.197076 -1.685999
 15   8.209042 0.615527 -0.255885 2.073698 0.448447 0.198927
 16   7.002735 -0.617911 -0.183641 -0.004015 -0.137099 -1.194859
 17   1.574674 0.609930 -0.000899 0.347993 -0.265866 0.418724
 18   -0.602177 0.511412 -0.000006 0.000000 0.000000 0.000000
 19   3.673773 0.177020 1.119313 -0.000002 -0.000014 -0.174510
 20   3.673767 0.176993 -1.117566 0.000007 -0.000003 -0.174546
 21   3.942357 1.330634 1.627658 0.000002 -0.000011 -0.000026
 22   -0.246060 -0.011889 0.516521 -0.000011 0.000031 0.000025
 23   3.942374 1.330659 -1.631083 0.000019 0.000002 -0.000024
 24   -0.246150 -0.011872 -0.516511 -0.000005 -0.000006 0.000048
 25   4.941364 1.997338 1.629330 0.000018 -0.000001 -0.000024
 26   4.941382 1.997366 -1.629410 -0.000001 0.000005 -0.000024
 27   2.918368 1.615358 1.514501 -0.000019 -0.000022 -0.000050
 28   2.920798 1.614964 -1.501142 -0.000002 -0.000009 -0.000024
 29   8.824059 0.150544 0.091743 0.000006 -0.000231 -0.174534
 30   2.111085 -0.561179 1.784320 -0.000008 -0.000682 0.000024
 31   2.121290 -0.561289 -1.853599 0.000000 0.000000 -0.000002
 32   -0.810489 -0.093824 3.127092 0.564080 -3.064347 -0.563586
 33   14.298673 -0.408176 0.475484 -0.006392 -0.009799 -0.413535
 34   15.835795 0.581398 0.242756 -0.007436 -0.212263 -0.117847
 35   -0.815868 -0.091229 -3.114430 -0.120039 3.021422 -0.057357
 36   14.294526 -0.410349 -0.463635 0.001663 0.012787 -0.721549
 37   15.834409 0.579420 -0.284600 -0.182270 -0.002314 0.569929
 38   1.139685 -3.453749 -2.823813 0.000000 0.000000 0.000001
 39   -4.457742 -1.054854 -0.746180 0.000000 0.000000 0.000000
 40   1.118101 -3.449769 3.237290 0.000000 0.000001 0.000000
 41   -4.433840 -1.059130 0.959566 -0.000001 0.000000 0.000000
 42   -0.657468 1.697302 -2.688614 0.000000 0.000002 0.000000
 43   -0.664068 1.698578 2.869377 0.000000 0.000002 0.000000
time 8
  0   -0.010486 -0.546892 -0.601210 0.000000 0.000000 -1.571449
  1   -1.093036 0.000002 -0.326057 -0.214108 -1.569036 -1.356583
  2   2.262337 0.113614 0.064702 -0.039717 -0.118587 0.324739
  3   2.380047 0.353302 0.047440 -0.070925 -0.026670 0.340405
  4   2.033756 0.190472 -0.000128 -0.135102 -0.041850 0.023789
  5   2.451511 0.204909 -0.003447 -0.348174 0.008651 0.052986
  6   7.247600 -0.397300 -0.109469 0.000001 0.000021 0.156829
  7   -2.022252 -0.104661 3.136172 0.611868 -1.373940 -3.909722
  8   1.168026 -0.537438 -0.063437 0.155082 0.938881 -0.241022
  9   6.790376 -0.619176 0.015206 0.034517 0.095154 -1.303853
 10   8.637599 0.544015 -0.090417 -1.929153 -0.415927 -0.063422
 11   6.790465 -0.619039 0.017802 0.039190 0.051339 -0.927671
 12   -2.022474 -0.104699 -2.873818 -0.976798 1.453254 -4.215073
 13   1.167898 -0.537463 0.063297 0.029523 -1.169476 -0.617243
 14   7.002743 -0.617765 -0.183752 0.025678 -0.197190 -1.688474
 15   8.209042 0.615527 -0.255885 2.051265 0.446858 0.189065
 16   7.002735 -0.617911 -0.183641 -0.003967 -0.137099 -1.196570
 17   1.574674 0.609930 -0.000899 0.356482 -0.282858 0.422568
 18   -0.602177 0.511412 -0.000006 0.000000 0.000000 0.000000
 19   3.673773 0.177020 1.119313 -0.000002 -0.000014 -0.174510
 20   3.673767 0.176993 -1.117566 0.000007 -0.000003 -0.174546
 21   3.942357 1.330634 1.627658 0.000002 -0.000011 -0.000026
 22   -0.246060 -0.011889 0.516521 -0.000011 0.000031 0.000025
 23   3.942374 1.330659 -1.631083 0.000019 0.000002 -0.000024
 24   -0.246150 -0.011872 -0.516511 -0.000005 -0.000006 0.000048
 25   4.941364 1.997338 1.629330 0.000018 -0.000001 -0.000024
 26   4.941382 1.997366 -1.629410 -0.000001 0.000005 -0.000024
 27   2.918368 1.615358 1.514501 -0.000019 -0.000022 -0.000050
 28   2.920798 1.614964 -1.501142 -0.000002 -0.000009 -0.000024
 29   8.824059 0.150544 0.091743 0.000006 -0.000231 -0.174534
 30   2.111085 -0.561179 1.784320 -0.000008 -0.000682 0.000024
 31   2.121290 -0.561289 -1.853599 0.000000 0.000000 -0.000002
 32   -0.810489 -0.093824 3.127092 0.564080 -3.064347 -0.563586
 33   14.298673 -0.408176 0.475484 -0.006392 -0.009799 -0.413535
 34   15.835795 0.581398 0.242756 -0.007436 -0.212263 -0.117847
 35   -0.815868 -0.091229 -3.114430 -0.120039 3.021422 -0.057357
 36   14.294526 -0.410349 -0.463635 0.001663 0.012787 -0.721549
 37   15.834409 0.579420 -0.284600 -0.182270 -0.002314 0.569929
 38   1.139685 -3.453749 -2.823813 0.000000 0.000000 0.000001
 39   -4.457742 -1.054854 -0.746180 0.000000 0.000000 0.000000
 40   1.118101 -3.449769 3.237290 0.000000 0.000001 0.000000
 41   -4.433840 -1.059130 0.959566 -0.000001 0.000000 0.000000
 42   -0.657468 1.697302 -2.688614 0.000000 0.000002 0.000000
 43   -0.664068 1.698578 2.869377 0.000000 0.000002 0.000000
time 9
  0   -0.010486 -0.546892 -0.601210 0.000000 0.000000 -1.571449
  1   -1.093036 0.000002 -0.326057 -0.214108 -1.569036 -1.356583
  2   2.262337 0.113614 0.064702 -0.042188 -0.116789 0.326076
  3   2.380047 0.353302 0.047440 -0.073010 -0.024848 0.340385
  4   2.033756 0.190472 -0.000128 -0.135600 -0.041838 0.023354
  5   2.451511 0.204909 -0.003447 -0.347883 0.009460 0.052664
  6   7.247600 -0.397300 -0.109469 0.000001 0.000021 0.156829
  7   -2.022252 -0.104661 3.136172 0.557612 -1.365321 -3.855628
  8   1.168026 -0.537438 -0.063437 0.126163 0.950403 -0.249436
  9   6.790376 -0.619176 0.015206 0.034739 0.094820 -1.293061
 10   8.637599 0.544015 -0.090417 -1.900179 -0.315550 -0.139239
 11   6.790465 -0.619039 0.017802 0.039190 0.051197 -0.920174
 12   -2.022474 -0.104699 -2.873818 -0.950164 1.458188 -4.187882
 13   1.167898 -0.537463 0.063297 0.044777 -1.169476 -0.626505
 14   7.002743 -0.617765 -0.183752 0.026304 -0.197304 -1.696642
 15   8.209042 0.615527 -0.255885 2.025955 0.435509 0.186118
 16   7.002735 -0.617911 -0.183641 -0.003779 -0.137381 -1.202255
 17   1.574674 0.609930 -0.000899 0.365825 -0.299828 0.432030
 18   -0.602177 0.511412 -0.000006 0.000000 0.000000 0.000000
 19   3.673773 0.177020 1.119313 -0.000002 -0.000014 -0.174510
 20   3.673767 0.176993 -1.117566 0.000007 -0.000003 -0.174546
 21   3.942357 1.330634 1.627658 0.000002 -0.000011 -0.000026
 22   -0.246060 -0.011889 0.516521 -0.000011 0.000031 0.000025
 23   3.942374 1.330659 -1.631083 0.000019 0.000002 -0.000024
 24   -0.246150 -0.011872 -0.516511 -0.000005 -0.000006 0.000048
 25   4.941364 1.997338 1.629330 0.000018 -0.000001 -0.000024
 26   4.941382 1.997366 -1.629410 -0.000001 0.000005 -0.000024
 27   2.918368 1.615358 1.514501 -0.000019 -0.000022 -0.000050
 28   2.920798 1.614964 -1.501142 -0.000002 -0.000009 -0.000024
 29   8.824059 0.150544 0.091743 0.000006 -0.000231 -0.174534
 30   2.111085 -0.561179 1.784320 -0.000008 -0.000682 0.000024
 31   2.121290 -0.561289 -1.853599 0.000000 0.000000 -0.000002
 32   -0.810489 -0.093824 3.127092 0.564080 -3.064347 -0.563586
 33   14.298673 -0.408176 0.475484 -0.006392 -0.009799 -0.413535
 34   15.835795 0.581398 0.242756 -0.007436 -0.212263 -0.117847
 35   -0.815868 -0.091229 -3.114430 -0.120039 3.021422 -0.057357
 36   14.294526 -0.410349 -0.463635 0.001663 0.012787 -0.721549
 37   15.834409 0.579420 -0.284600 -0.182270 -0.002314 0.569929
 38   1.139685 -3.453749 -2.823813 0.000000 0.000000 0.000001
 39   -4.457742 -1.054854 -0.746180 0.000000 0.000000 0.000000
 40   1.118101 -3.449769 3.237290 0.000000 0.000001 0.000000
 41   -4.433840 -1.059130 0.959566 -0.000001 0.000000 0.000000
 42   -0.657468 1.697302 -2.688614 0.000000 0.000002 0.000000
 43   -0.664068 1.698578 2.869377 0.000000 0.000002 0.000000
time 10
  0   -0.010486 -0.546892 -0.601210 0.000000 0.000000 -1.571449
  1   -1.093036 0.000002 -0.326057 -0.214108 -1.569036 -1.356583
  2   2.262337 0.113614 0.064702 -0.046990 -0.114656 0.328064
  3   2.380047 0.353302 0.047440 -0.076100 -0.023614 0.340303
  4   2.033756 0.190472 -0.000128 -0.136227 -0.041874 0.022629
  5   2.451511 0.204909 -0.003447 -0.347541 0.014134 0.051401
  6   7.247600 -0.397300 -0.109469 0.000001 0.000021 0.156829
  7   -2.022252 -0.104661 3.136172 0.552819 -1.359729 -3.856286
  8   1.168026 -0.537438 -0.063437 0.102053 0.909095 -0.273538
  9   6.790376 -0.619176 0.015206 0.038179 0.090549 -1.237970
 10   8.637599 0.544015 -0.090417 -1.959535 -0.252973 -0.206447
 11   6.790465 -0.619039 0.017802 0.040124 0.047843 -0.881647
 12   -2.022474 -0.104699 -2.873818 -0.947194 1.469391 -4.184340
 13   1.167898 -0.537463 0.063297 0.059468 -1.167696 -0.639883
 14   7.002743 -0.617765 -0.183752 0.026760 -0.197360 -1.702170
 15   8.209042 0.615527 -0.255885 1.991513 0.437325 0.183532
 16   7.002735 -0.617911 -0.183641 -0.003638 -0.137550 -1.206063
 17   1.574674 0.609930 -0.000899 0.373177 -0.321270 0.448366
 18   -0.602177 0.511412 -0.000006 0.000000 0.000000 0.000000
 19   3.673773 0.177020 1.119313 -0.000002 -0.000014 -0.174510
 20   3.673767 0.176993 -1.117566 0.000007 -0.000003 -0.174546
 21   3.942357 1.330634 1.627658 0.000002 -0.000011 -0.000026
 22   -0.246060 -0.011889 0.516521 -0.000011 0.000031 0.000025
 23   3.942374 1.330659 -1.631083 0.000019 0.000002 -0.000024
 24   -0.246150 -0.011872 -0.516511 -0.000005 -0.000006 0.000048
 25   4.941364 1.997338 1.629330 0.000018 -0.000001 -0.000024
 26   4.941382 1.997366 -1.629410 -0.000001 0.000005 -0.000024
 27   2.918368 1.615358 1.514501 -0.000019 -0.000022 -0.000050
 28   2.920798 1.614964 -1.501142 -0.000002 -0.000009 -0.000024
 29   8.824059 0.150544 0.091743 0.000006 -0.000231 -0.174534
 30   2.111085 -0.561179 1.784320 -0.000008 -0.000682 0.000024
 31   2.121290 -0.561289 -1.853599 0.000000 0.000000 -0.000002
 32   -0.810489 -0.093824 3.127092 0.564080 -3.064347 -0.563586
 33   14.298673 -0.408176 0.475484 -0.006392 -0.009799 -0.413535
 34   15.835795 0.581398 0.242756 -0.007436 -0.212263 -0.117847
 35   -0.815868 -0.091229 -3.114430 -0.120039 3.021422 -0.057357
 36   14.294526 -0.410349 -0.463635 0.001663 0.012787 -0.721549
 37   15.834409 0.579420 -0.284600 -0.182270 -0.002314 0.569929
 38   1.139685 -3.453749 -2.823813 0.000000 0.000000 0.000001
 39   -4.457742 -1.054854 -0.746180 0.000000 0.000000 0.000000
 40   1.118101 -3.449769 3.237290 0.000000 0.000001 0.000000
 41   -4.433840 -1.059130 0.959566 -0.000001 0.000000 0.000000
 42   -0.657468 1.697302 -2.688614 0.000000 0.000002 0.000000
 43   -0.664068 1.698578 2.869377 0.000000 0.000002 0.000000
time 11
  0   -0.010486 -0.546892 -0.601210 0.000000 0.000000 -1.571449
  1   -1.093036 0.000002 -0.326057 -0.214108 -1.569036 -1.356583
  2   2.262337 0.113614 0.064702 -0.052429 -0.112259 0.328082
  3   2.380047 0.353302 0.047440 -0.079670 -0.022691 0.340303
  4   2.033756 0.190472 -0.000128 -0.137057 -0.042006 0.021868
  5   2.451511 0.204909 -0.003447 -0.347164 0.021915 0.049271
  6   7.247600 -0.397300 -0.109469 0.000001 0.000021 0.156829
  7   -2.022252 -0.104661 3.136172 0.602570 -1.361343 -3.916108
  8   1.168026 -0.537438 -0.063437 0.116291 0.868592 -0.275246
  9   6.790376 -0.619176 0.015206 0.038900 0.089414 -1.212537
 10   8.637599 0.544015 -0.090417 -2.051299 -0.198280 -0.239436
 11   6.790465 -0.619039 0.017802 0.040124 0.047047 -0.863941
 12   -2.022474 -0.104699 -2.873818 -0.985229 1.482858 -4.226658
 13   1.167898 -0.537463 0.063297 0.074792 -1.165560 -0.656954
 14   7.002743 -0.617765 -0.183752 0.026874 -0.197531 -1.703985
 15   8.209042 0.615527 -0.255885 1.955562 0.442923 0.174331
 16   7.002735 -0.617911 -0.183641 -0.003591 -0.137550 -1.207277
 17   1.574674 0.609930 -0.000899 0.378986 -0.349646 0.471763
 18   -0.602177 0.511412 -0.000006 0.000000 0.000000 0.000000
 19   3.673773 0.177020 1.119313 -0.000002 -0.000014 -0.174510
 20   3.673767 0.176993 -1.117566 0.000007 -0.000003 -0.174546
 21   3.942357 1.330634 1.627658 0.000002 -0.000011 -0.000026
 22   -0.246060 -0.011889 0.516521 -0.000011 0.000031 0.000025
 23   3.942374 1.330659 -1.631083 0.000019 0.000002 -0.000024
 24   -0.246150 -0.011872 -0.516511 -0.000005 -0.000006 0.000048
 25   4.941364 1.997338 1.629330 0.000018 -0.000001 -0.000024
 26   4.941382 1.997366 -1.629410 -0.000001 0.000005 -0.000024
 27   2.918368 1.615358 1.514501 -0.000019 -0.000022 -0.000050
 28   2.920798 1.614964 -1.501142 -0.000002 -0.000009 -0.000024
 29   8.824059 0.150544 0.091743 0.000006 -0.000231 -0.174534
 30   2.111085 -0.561179 1.784320 -0.000008 -0.000682 0.000024
 31   2.121290 -0.561289 -1.853599 0.000000 0.000000 -0.000002
 32   -0.810489 -0.093824 3.127092 0.564080 -3.064347 -0.563586
 33   14.298673 -0.408176 0.475484 -0.006392 -0.009799 -0.413535
 34   15.835795 0.581398 0.242756 -0.007436 -0.212263 -0.117847
 35   -0.815868 -0.091229 -3.114430 -0.120039 3.021422 -0.057357
 36   14.294526 -0.410349 -0.463635 0.001663 0.012787 -0.721549
 37   15.834409 0.579420 -0.284600 -0.182270 -0.002314 0.569929
 38   1.139685 -3.453749 -2.823813 0.000000 0.000000 0.000001
 39   -4.457742 -1.054854 -0.746180 0.000000 0.000000 0.000000
 40   1.118101 -3.449769 3.237290 0.000000 0.000001 0.000000
 41   -4.433840 -1.059130 0.959566 -0.000001 0.000000 0.000000
 42   -0.657468 1.697302 -2.688614 0.000000 0.000002 0.000000
 43   -0.664068 1.698578 2.869377 0.000000 0.000002 0.000000
time 12
  0   -0.010486 -0.546892 -0.601210 0.000000 0.000000 -1.571449
  1   -1.093036 0.000002 -0.326057 -0.214108 -1.569036 -1.356583
  2   2.262337 0.113614 0.064702 -0.060772 -0.109035 0.327938
  3   2.380047 0.353302 0.047440 -0.083811 -0.021672 0.340303
  4   2.033756 0.190472 -0.000128 -0.138643 -0.042126 0.021288
  5   2.451511 0.204909 -0.003447 -0.348465 0.032347 0.045581
  6   7.247600 -0.397300 -0.109469 0.000001 0.000021 0.156829
  7   -2.022252 -0.104661 3.136172 0.652032 -1.363995 -3.966070
  8   1.168026 -0.537438 -0.063437 0.152108 0.858680 -0.234443
  9   6.790376 -0.619176 0.015206 0.037402 0.090949 -1.249894
 10   8.637599 0.544015 -0.090417 -2.015192 -0.237980 -0.206736
 11   6.790465 -0.619039 0.017802 0.039891 0.048184 -0.889894
 12   -2.022474 -0.104699 -2.873818 -1.080653 1.482916 -4.324888
 13   1.167898 -0.537463 0.063297 0.079643 -1.164848 -0.657741
 14   7.002743 -0.617765 -0.183752 0.027158 -0.197587 -1.708193
 15   8.209042 0.615527 -0.255885 1.936436 0.439746 0.180766
 16   7.002735 -0.617911 -0.183641 -0.003497 -0.137832 -1.210258
 17   1.574674 0.609930 -0.000899 0.380651 -0.384366 0.503364
 18   -0.602177 0.511412 -0.000006 0.000000 0.000000 0.000000
 19   3.673773 0.177020 1.119313 -0.000002 -0.000014 -0.174510
 20   3.673767 0.176993 -1.117566 0.000007 -0.000003 -0.174546
 21   3.942357 1.330634 1.627658 0.000002 -0.000011 -0.000026
 22   -0.246060 -0.011889 0.516521 -0.000011 0.000031 0.000025
 23   3.942374 1.330659 -1.631083 0.000019 0.000002 -0.000024
 24   -0.246150 -0.011872 -0.516511 -0.000005 -0.000006 0.000048
 25   4.941364 1.997338 1.629330 0.000018 -0.000001 -0.000024
 26   4.941382 1.997366 -1.629410 -0.000001 0.000005 -0.000024
 27   2.918368 1.615358 1.514501 -0.000019 -0.000022 -0.000050
 28   2.920798 1.614964 -1.501142 -0.000002 -0.000009 -0.000024
 29   8.824059 0.150544 0.091743 0.000006 -0.000231 -0.174534
 30   2.111085 -0.561179 1.784320 -0.000008 -0.000682 0.000024
 31   2.121290 -0.561289 -1.853599 0.000000 0.000000 -0.000002
 32   -0.810489 -0.093824 3.127092 0.564080 -3.064347 -0.563586
 33   14.298673 -0.408176 0.475484 -0.006392 -0.009799 -0.413535
 34   15.835795 0.581398 0.242756 -0.007436 -0.212263 -0.117847
 35   -0.815868 -0.091229 -3.114430 -0.120039 3.021422 -0.057357
 36   14.294526 -0.410349 -0.463635 0.001663 0.012787 -0.721549
 37   15.834409 0.579420 -0.284600 -0.182270 -0.002314 0.569929
 38   1.139685 -3.453749 -2.823813 0.000000 0.000000 0.000001
 39   -4.457742 -1.054854 -0.746180 0.000000 0.000000 0.000000
 40   1.118101 -3.449769 3.237290 0.000000 0.000001 0.000000
 41   -4.433840 -1.059130 0.959566 -0.000001 0.000000 0.000000
 42   -0.657468 1.697302 -2.688614 0.000000 0.000002 0.000000
 43   -0.664068 1.698578 2.869377 0.000000 0.000002 0.000000
time 13
  0   -0.010486 -0.546892 -0.601210 0.000000 0.000000 -1.571449
  1   -1.093036 0.000002 -0.326057 -0.214108 -1.569036 -1.356583
  2   2.262337 0.113614 0.064702 -0.066045 -0.105727 0.327522
  3   2.380047 0.353302 0.047440 -0.087036 -0.020498 0.340283
  4   2.033756 0.190472 -0.000128 -0.139731 -0.042317 0.020853
  5   2.451511 0.204909 -0.003447 -0.350382 0.042452 0.042213
  6   7.247600 -0.397300 -0.109469 0.000001 0.000021 0.156829
  7   -2.022252 -0.104661 3.136172 0.650882 -1.367310 -3.964756
  8   1.168026 -0.537438 -0.063437 0.192164 0.836391 -0.204584
  9   6.790376 -0.619176 0.015206 0.037624 0.090282 -1.239328
 10   8.637599 0.544015 -0.090417 -2.015985 -0.239388 -0.208979
 11   6.790465 -0.619039 0.017802 0.039745 0.047786 -0.882570
 12   -2.022474 -0.104699 -2.873818 -1.146760 1.474325 -4.393918
 13   1.167898 -0.537463 0.063297 0.078799 -1.165102 -0.656288
 14   7.002743 -0.617765 -0.183752 0.027443 -0.197815 -1.712483
 15   8.209042 0.615527 -0.255885 1.937658 0.445798 0.194898
 16   7.002735 -0.617911 -0.183641 -0.003403 -0.138001 -1.213183
 17   1.574674 0.609930 -0.000899 0.381748 -0.419890 0.537701
 18   -0.602177 0.511412 -0.000006 0.000000 0.000000 0.000000
 19   3.673773 0.177020 1.119313 -0.000002 -0.000014 -0.174510
 20   3.673767 0.176993 -1.117566 0.000007 -0.000003 -0.174546
 21   3.942357 1.330634 1.627658 0.000002 -0.000011 -0.000026
 22   -0.246060 -0.011889 0.516521 -0.000011 0.000031 0.000025
 23   3.942374 1.330659 -1.631083 0.000019 0.000002 -0.000024
 24   -0.246150 -0.011872 -0.516511 -0.000005 -0.000006 0.000048
 25   4.941364 1.997338 1.629330 0.000018 -0.000001 -0.000024
 26   4.941382 1.997366 -1.629410 -0.000001 0.000005 -0.000024
 27   2.918368 1.615358 1.514501 -0.000019 -0.000022 -0.000050
 28   2.920798 1.614964 -1.501142 -0.000002 -0.000009 -0.000024
 29   8.824059 0.150544 0.091743 0.000006 -0.000231 -0.174534
 30   2.111085 -0.561179 1.784320 -0.000008 -0.000682 0.000024
 31   2.121290 -0.561289 -1.853599 0.000000 0.000000 -0.000002
 32   -0.810489 -0.093824 3.127092 0.564080 -3.064347 -0.563586
 33   14.298673 -0.408176 0.475484 -0.006392 -0.009799 -0.413535
 34   15.835795 0.581398 0.242756 -0.007436 -0.212263 -0.117847
 35   -0.815868 -0.091229 -3.114430 -0.120039 3.021422 -0.057357
 36   14.294526 -0.410349 -0.463635 0.001663 0.012787 -0.721549
 37   15.834409 0.579420 -0.284600 -0.182270 -0.002314 0.569929
 38   1.139685 -3.453749 -2.823813 0.000000 0.000000 0.000001
 39   -4.457742 -1.054854 -0.746180 0.000000 0.000000 0.000000
 40   1.118101 -3.449769 3.237290 0.000000 0.000001 0.000000
 41   -4.433840 -1.059130 0.959566 -0.000001 0.000000 0.000000
 42   -0.657468 1.697302 -2.688614 0.000000 0.000002 0.000000
 43   -0.664068 1.698578 2.869377 0.000000 0.000002 0.000000
time 14
  0   -0.010486 -0.546892 -0.601210 0.000000 0.000000 -1.571449
  1   -1.093036 0.000002 -0.326057 -0.214108 -1.569036 -1.356583
  2   2.262337 0.113614 0.064702 -0.069141 -0.102156 0.326962
  3   2.380047 0.353302 0.047440 -0.087966 -0.019024 0.340201
  4   2.033756 0.190472 -0.000128 -0.139897 -0.044643 0.020853
  5   2.451511 0.204909 -0.003447 -0.351118 0.049097 0.040628
  6   7.247600 -0.397300 -0.109469 0.000001 0.000021 0.156829
  7   -2.022252 -0.104661 3.136172 0.602474 -1.376794 -3.914887
  8   1.168026 -0.537438 -0.063437 0.227854 0.830705 -0.181747
  9   6.790376 -0.619176 0.015206 0.039788 0.081605 -1.152163
 10   8.637599 0.544015 -0.090417 -2.051739 -0.175544 -0.321257
 11   6.790465 -0.619039 0.017802 0.039015 0.041646 -0.821723
 12   -2.022474 -0.104699 -2.873818 -1.112940 1.463732 -4.362514
 13   1.167898 -0.537463 0.063297 0.068888 -1.168001 -0.657559
 14   7.002743 -0.617765 -0.183752 0.027955 -0.197871 -1.719001
 15   8.209042 0.615527 -0.255885 1.974257 0.482796 0.207948
 16   7.002735 -0.617911 -0.183641 -0.003261 -0.138170 -1.217709
 17   1.574674 0.609930 -0.000899 0.383617 -0.449095 0.571114
 18   -0.602177 0.511412 -0.000006 0.000000 0.000000 0.000000
 19   3.673773 0.177020 1.119313 -0.000002 -0.000014 -0.174510
 20   3.673767 0.176993 -1.117566 0.000007 -0.000003 -0.174546
 21   3.942357 1.330634 1.627658 0.000002 -0.000011 -0.000026
 22   -0.246060 -0.011889 0.516521 -0.000011 0.000031 0.000025
 23   3.942374 1.330659 -1.631083 0.000019 0.000002 -0.000024
 24   -0.246150 -0.011872 -0.516511 -0.000005 -0.000006 0.000048
 25   4.941364 1.997338 1.629330 0.000018 -0.000001 -0.000024
 26   4.941382 1.997366 -1.629410 -0.000001 0.000005 -0.000024
 27   2.918368 1.615358 1.514501 -0.000019 -0.000022 -0.000050
 28   2.920798 1.614964 -1.501142 -0.000002 -0.000009 -0.000024
 29   8.824059 0.150544 0.091743 0.000006 -0.000231 -0.174534
 30   2.111085 -0.561179 1.784320 -0.000008 -0.000682 0.000024
 31   2.121290 -0.561289 -1.853599 0.000000 0.000000 -0.000002
 32   -0.810489 -0.093824 3.127092 0.564080 -3.064347 -0.563586
 33   14.298673 -0.408176 0.475484 -0.006392 -0.009799 -0.413535
 34   15.835795 0.581398 0.242756 -0.007436 -0.212263 -0.117847
 35   -0.815868 -0.091229 -3.114430 -0.120039 3.021422 -0.057357
 36   14.294526 -0.410349 -0.463635 0.001663 0.012787 -0.721549
 37   15.834409 0.579420 -0.284600 -0.182270 -0.002314 0.569929
 38   1.139685 -3.453749 -2.823813 0.000000 0.000000 0.000001
 39   -4.457742 -1.054854 -0.746180 0.000000 0.000000 0.000000
 40   1.118101 -3.449769 3.237290 0.000000 0.000001 0.000000
 41   -4.433840 -1.059130 0.959566 -0.000001 0.000000 0.000000
 42   -0.657468 1.697302 -2.688614 0.000000 0.000002 0.000000
 43   -0.664068 1.698578 2.869377 0.000000 0.000002 0.000000
time 15
  0   -0.010486 -0.546892 -0.601210 0.000000 0.000000 -1.571449
  1   -1.093036 0.000002 -0.326057 -0.214108 -1.569036 -1.356583
  2   2.262337 0.113614 0.064702 -0.068465 -0.099627 0.326510
  3   2.380047 0.353302 0.047440 -0.087921 -0.017645 0.340160
  4   2.033756 0.190472 -0.000128 -0.139639 -0.044595 0.020853
  5   2.451511 0.204909 -0.003447 -0.351255 0.048066 0.040727
  6   7.247600 -0.397300 -0.109469 0.000001 0.000021 0.156829
  7   -2.022252 -0.104661 3.136172 0.558187 -1.390112 -3.863047
  8   1.168026 -0.537438 -0.063437 0.336317 0.824869 -0.093309
  9   6.790376 -0.619176 0.015206 0.040953 0.074664 -1.082205
 10   8.637599 0.544015 -0.090417 -2.331521 -0.291336 -0.459507
 11   6.790465 -0.619039 0.017802 0.038110 0.036871 -0.772930
 12   -2.022474 -0.104699 -2.873818 -1.068294 1.459291 -4.320005
 13   1.167898 -0.537463 0.063297 0.075706 -1.190020 -0.663068
 14   7.002743 -0.617765 -0.183752 0.028525 -0.198099 -1.726014
 15   8.209042 0.615527 -0.255885 1.961530 0.473792 0.190268
 16   7.002735 -0.617911 -0.183641 -0.003073 -0.138452 -1.222621
 17   1.574674 0.609930 -0.000899 0.389182 -0.465543 0.594917
 18   -0.602177 0.511412 -0.000006 0.000000 0.000000 0.000000
 19   3.673773 0.177020 1.119313 -0.000002 -0.000014 -0.174510
 20   3.673767 0.176993 -1.117566 0.000007 -0.000003 -0.174546
 21   3.942357 1.330634 1.627658 0.000002 -0.000011 -0.000026
 22   -0.246060 -0.011889 0.516521 -0.000011 0.000031 0.000025
 23   3.942374 1.330659 -1.631083 0.000019 0.000002 -0.000024
 24   -0.246150 -0.011872 -0.516511 -0.000005 -0.000006 0.000048
 25   4.941364 1.997338 1.629330 0.000018 -0.000001 -0.000024
 26   4.941382 1.997366 -1.629410 -0.000001 0.000005 -0.000024
 27   2.918368 1.615358 1.514501 -0.000019 -0.000022 -0.000050
 28   2.920798 1.614964 -1.501142 -0.000002 -0.000009 -0.000024
 29   8.824059 0.150544 0.091743 0.000006 -0.000231 -0.174534
 30   2.111085 -0.561179 1.784320 -0.000008 -0.000682 0.000024
 31   2.121290 -0.561289 -1.853599 0.000000 0.000000 -0.000002
 32   -0.810489 -0.093824 3.127092 0.564080 -3.064347 -0.563586
 33   14.298673 -0.408176 0.475484 -0.006392 -0.009799 -0.413535
 34   15.835795 0.581398 0.242756 -0.007436 -0.212263 -0.117847
 35   -0.815868 -0.091229 -3.114430 -0.120039 3.021422 -0.057357
 36   14.294526 -0.410349 -0.463635 0.001663 0.012787 -0.721549
 37   15.834409 0.579420 -0.284600 -0.182270 -0.002314 0.569929
 38   1.139685 -3.453749 -2.823813 0.000000 0.000000 0.000001
 39   -4.457742 -1.054854 -0.746180 0.000000 0.000000 0.000000
 40   1.118101 -3.449769 3.237290 0.000000 0.000001 0.000000
 41   -4.433840 -1.059130 0.959566 -0.000001 0.000000 0.000000
 42   -0.657468 1.697302 -2.688614 0.000000 0.000002 0.000000
 43   -0.664068 1.698578 2.869377 0.000000 0.000002 0.000000
time 16
  0   -0.010486 -0.546892 -0.601210 0.000000 0.000000 -1.571449
  1   -1.093036 0.000002 -0.326057 -0.214108 -1.569036 -1.356583
  2   2.262337 0.113614 0.064702 -0.060237 -0.099867 0.326058
  3   2.380047 0.353302 0.047440 -0.082191 -0.017597 0.340099
  4   2.033756 0.190472 -0.000128 -0.139104 -0.043672 0.024369
  5   2.451511 0.204909 -0.003447 -0.348773 0.032686 0.047290
  6   7.247600 -0.397300 -0.109469 0.000001 0.000021 0.156829
  7   -2.022252 -0.104661 3.136172 0.581002 -1.406399 -3.870654
  8   1.168026 -0.537438 -0.063437 0.568050 0.765196 0.066234
  9   6.790376 -0.619176 0.015206 0.041064 0.075799 -1.091563
 10   8.637599 0.544015 -0.090417 -2.456397 -0.471606 -0.519553
 11   6.790465 -0.619039 0.017802 0.038402 0.037553 -0.779332
 12   -2.022474 -0.104699 -2.873818 -0.938667 1.462019 -4.195063
 13   1.167898 -0.537463 0.063297 0.086813 -1.209751 -0.661978
 14   7.002743 -0.617765 -0.183752 0.029607 -0.198610 -1.735832
 15   8.209042 0.615527 -0.255885 1.905374 0.446177 0.177759
 16   7.002735 -0.617911 -0.183641 -0.002649 -0.139016 -1.229465
 17   1.574674 0.609930 -0.000899 0.407136 -0.450207 0.602753
 18   -0.602177 0.511412 -0.000006 0.000000 0.000000 0.000000
 19   3.673773 0.177020 1.119313 -0.000002 -0.000014 -0.174510
 20   3.673767 0.176993 -1.117566 0.000007 -0.000003 -0.174546
 21   3.942357 1.330634 1.627658 0.000002 -0.000011 -0.000026
 22   -0.246060 -0.011889 0.516521 -0.000011 0.000031 0.000025
 23   3.942374 1.330659 -1.631083 0.000019 0.000002 -0.000024
 24   -0.246150 -0.011872 -0.516511 -0.000005 -0.000006 0.000048
 25   4.941364 1.997338 1.629330 0.000018 -0.000001 -0.000024
 26   4.941382 1.997366 -1.629410 -0.000001 0.000005 -0.000024
 27   2.918368 1.615358 1.514501 -0.000019 -0.000022 -0.000050
 28   2.920798 1.614964 -1.501142 -0.000002 -0.000009 -0.000024
 29   8.824059 0.150544 0.091743 0.000006 -0.000231 -0.174534
 30   2.111085 -0.561179 1.784320 -0.000008 -0.000682 0.000024
 31   2.121290 -0.561289 -1.853599 0.000000 0.000000 -0.000002
 32   -0.810489 -0.093824 3.127092 0.564080 -3.064347 -0.563586
 33   14.298673 -0.408176 0.475484 -0.006392 -0.009799 -0.413535
 34   15.835795 0.581398 0.242756 -0.007436 -0.212263 -0.117847
 35   -0.815868 -0.091229 -3.114430 -0.120039 3.021422 -0.057357
 36   14.294526 -0.410349 -0.463635 0.001663 0.012787 -0.721549
 37   15.834409 0.579420 -0.284600 -0.182270 -0.002314 0.569929
 38   1.139685 -3.453749 -2.823813 0.000000 0.000000 0.000001
 39   -4.457742 -1.054854 -0.746180 0.000000 0.000000 0.000000
 40   1.118101 -3.449769 3.237290 0.000000 0.000001 0.000000
 41   -4.433840 -1.059130 0.959566 -0.000001 0.000000 0.000000
 42   -0.657468 1.697302 -2.688614 0.000000 0.000002 0.000000
 43   -0.664068 1.698578 2.869377 0.000000 0.000002 0.000000
time 17
  0   -0.010486 -0.546892 -0.601210 0.000000 0.000000 -1.571449
  1   -1.093036 0.000002 -0.326057 -0.214108 -1.569036 -1.356583
  2   2.262337 0.113614 0.064702 -0.044646 -0.101964 0.325516
  3   2.380047 0.353302 0.047440 -0.072200 -0.018341 0.342099
  4   2.033756 0.190472 -0.000128 -0.135268 -0.039513 0.027958
  5   2.451511 0.204909 -0.003447 -0.344357 0.004042 0.058261
  6   7.247600 -0.397300 -0.109469 0.000001 0.000021 0.156829
  7   -2.022252 -0.104661 3.136172 0.662864 -1.429950 -3.924748
  8   1.168026 -0.537438 -0.063437 0.851863 0.668291 0.232166
  9   6.790376 -0.619176 0.015206 0.039899 0.081005 -1.145371
 10   8.637599 0.544015 -0.090417 -2.551067 -0.578388 -0.585169
 11   6.790465 -0.619039 0.017802 0.038898 0.041220 -0.816936
 12   -2.022474 -0.104699 -2.873818 -0.627294 1.466315 -3.887830
 13   1.167898 -0.537463 0.063297 0.084423 -1.202022 -0.661070
 14   7.002743 -0.617765 -0.183752 0.031201 -0.199745 -1.749858
 15   8.209042 0.615527 -0.255885 1.878698 0.439065 0.178360
 16   7.002735 -0.617911 -0.183641 -0.002084 -0.140144 -1.239179
 17   1.574674 0.609930 -0.000899 0.433620 -0.408648 0.601496
 18   -0.602177 0.511412 -0.000006 0.000000 0.000000 0.000000
 19   3.673773 0.177020 1.119313 -0.000002 -0.000014 -0.174510
 20   3.673767 0.176993 -1.117566 0.000007 -0.000003 -0.174546
 21   3.942357 1.330634 1.627658 0.000002 -0.000011 -0.000026
 22   -0.246060 -0.011889 0.516521 -0.000011 0.000031 0.000025
 23   3.942374 1.330659 -1.631083 0.000019 0.000002 -0.000024
 24   -0.246150 -0.011872 -0.516511 -0.000005 -0.000006 0.000048
 25   4.941364 1.997338 1.629330 0.000018 -0.000001 -0.000024
 26   4.941382 1.997366 -1.629410 -0.000001 0.000005 -0.000024
 27   2.918368 1.615358 1.514501 -0.000019 -0.000022 -0.000050
 28   2.920798 1.614964 -1.501142 -0.000002 -0.000009 -0.000024
 29   8.824059 0.150544 0.091743 0.000006 -0.000231 -0.174534
 30   2.111085 -0.561179 1.784320 -0.000008 -0.000682 0.000024
 31   2.121290 -0.561289 -1.853599 0.000000 0.000000 -0.000002
 32   -0.810489 -0.093824 3.127092 0.564080 -3.064347 -0.563586
 33   14.298673 -0.408176 0.475484 -0.006392 -0.009799 -0.413535
 34   15.835795 0.581398 0.242756 -0.007436 -0.212263 -0.117847
 35   -0.815868 -0.091229 -3.114430 -0.120039 3.021422 -0.057357
 36   14.294526 -0.410349 -0.463635 0.001663 0.012787 -0.721549
 37   15.834409 0.579420 -0.284600 -0.182270 -0.002314 0.569929
 38   1.139685 -3.453749 -2.823813 0.000000 0.000000 0.000001
 39   -4.457742 -1.054854 -0.746180 0.000000 0.000000 0.000000
 40   1.118101 -3.449769 3.237290 0.000000 0.000001 0.000000
 41   -4.433840 -1.059130 0.959566 -0.000001 0.000000 0.000000
 42   -0.657468 1.697302 -2.688614 0.000000 0.000002 0.000000
 43   -0.664068 1.698578 2.869377 0.000000 0.000002 0.000000
time 18
  0   -0.010486 -0.546892 -0.601210 0.000000 0.000000 -1.571449
  1   -1.093036 0.000002 -0.326057 -0.214108 -1.569036 -1.356583
  2   2.262337 0.113614 0.064702 -0.029310 -0.104397 0.325227
  3   2.380047 0.353302 0.047440 -0.062329 -0.019263 0.344384
  4   2.033756 0.190472 -0.000128 -0.131524 -0.036445 0.030495
  5   2.451511 0.204909 -0.003447 -0.340403 -0.023492 0.068390
  6   7.247600 -0.397300 -0.109469 0.000001 0.000021 0.156829
  7   -2.022252 -0.104661 3.136172 0.803488 -1.461861 -4.022794
  8   1.168026 -0.537438 -0.063437 1.133904 0.549700 0.366721
  9   6.790376 -0.619176 0.015206 0.037957 0.089147 -1.227178
 10   8.637599 0.544015 -0.090417 -2.511261 -0.627802 -0.628286
 11   6.790465 -0.619039 0.017802 0.039657 0.046962 -0.874207
 12   -2.022474 -0.104699 -2.873818 -0.271466 1.461177 -3.534832
 13   1.167898 -0.537463 0.063297 0.082947 -1.176544 -0.670877
 14   7.002743 -0.617765 -0.183752 0.032795 -0.201222 -1.766194
 15   8.209042 0.615527 -0.255885 1.878122 0.446177 0.193936
 16   7.002735 -0.617911 -0.183641 -0.001661 -0.141610 -1.250383
 17   1.574674 0.609930 -0.000899 0.458642 -0.362971 0.602383
 18   -0.602177 0.511412 -0.000006 0.000000 0.000000 0.000000
 19   3.673773 0.177020 1.119313 -0.000002 -0.000014 -0.174510
 20   3.673767 0.176993 -1.117566 0.000007 -0.000003 -0.174546
 21   3.942357 1.330634 1.627658 0.000002 -0.000011 -0.000026
 22   -0.246060 -0.011889 0.516521 -0.000011 0.000031 0.000025
 23   3.942374 1.330659 -1.631083 0.000019 0.000002 -0.000024
 24   -0.246150 -0.011872 -0.516511 -0.000005 -0.000006 0.000048
 25   4.941364 1.997338 1.629330 0.000018 -0.000001 -0.000024
 26   4.941382 1.997366 -1.629410 -0.000001 0.000005 -0.000024
 27   2.918368 1.615358 1.514501 -0.000019 -0.000022 -0.000050
 28   2.920798 1.614964 -1.501142 -0.000002 -0.000009 -0.000024
 29   8.824059 0.150544 0.091743 0.000006 -0.000231 -0.174534
 30   2.111085 -0.561179 1.784320 -0.000008 -0.000682 0.000024
 31   2.121290 -0.561289 -1.853599 0.000000 0.000000 -0.000002
 32   -0.810489 -0.093824 3.127092 0.564080 -3.064347 -0.563586
 33   14.298673 -0.408176 0.475484 -0.006392 -0.009799 -0.413535
 34   15.835795 0.581398 0.242756 -0.007436 -0.212263 -0.117847
 35   -0.815868 -0.091229 -3.114430 -0.120039 3.021422 -0.057357
 36   14.294526 -0.410349 -0.463635 0.001663 0.012787 -0.721549
 37   15.834409 0.579420 -0.284600 -0.182270 -0.002314 0.569929
 38   1.139685 -3.453749 -2.823813 0.000000 0.000000 0.000001
 39   -4.457742 -1.054854 -0.746180 0.000000 0.000000 0.000000
 40   1.118101 -3.449769 3.237290 0.000000 0.000001 0.000000
 41   -4.433840 -1.059130 0.959566 -0.000001 0.000000 0.000000
 42   -0.657468 1.697302 -2.688614 0.000000 0.000002 0.000000
 43   -0.664068 1.698578 2.869377 0.000000 0.000002 0.000000
time 19
  0   -0.010486 -0.546892 -0.601210 0.000000 0.000000 -1.571449
  1   -1.093036 0.000002 -0.326057 -0.214108 -1.569036 -1.356583
  2   2.262337 0.113614 0.064702 -0.014675 -0.106674 0.325335
  3   2.380047 0.353302 0.047440 -0.053134 -0.020474 0.346792
  4   2.033756 0.190472 -0.000128 -0.128223 -0.034995 0.033032
  5   2.451511 0.204909 -0.003447 -0.337459 -0.036887 0.074878
  6   7.247600 -0.397300 -0.109469 0.000001 0.000021 0.156829
  7   -2.022252 -0.104661 3.136172 0.994437 -1.497721 -4.171835
  8   1.168026 -0.537438 -0.063437 1.391962 0.460744 0.455159
  9   6.790376 -0.619176 0.015206 0.035183 0.092751 -1.273364
 10   8.637599 0.544015 -0.090417 -2.490038 -0.673274 -0.582275
 11   6.790465 -0.619039 0.017802 0.038898 0.049719 -0.906389
 12   -2.022474 -0.104699 -2.873818 -0.058296 1.455460 -3.320372
 13   1.167898 -0.537463 0.063297 0.100661 -1.149236 -0.696241
 14   7.002743 -0.617765 -0.183752 0.033876 -0.202244 -1.783273
 15   8.209042 0.615527 -0.255885 1.888476 0.458585 0.233506
 16   7.002735 -0.617911 -0.183641 -0.001472 -0.142625 -1.262360
 17   1.574674 0.609930 -0.000899 0.471803 -0.340227 0.613360
 18   -0.602177 0.511412 -0.000006 0.000000 0.000000 0.000000
 19   3.673773 0.177020 1.119313 -0.000002 -0.000014 -0.174510
 20   3.673767 0.176993 -1.117566 0.000007 -0.000003 -0.174546
 21   3.942357 1.330634 1.627658 0.000002 -0.000011 -0.000026
 22   -0.246060 -0.011889 0.516521 -0.000011 0.000031 0.000025
 23   3.942374 1.330659 -1.631083 0.000019 0.000002 -0.000024
 24   -0.246150 -0.011872 -0.516511 -0.000005 -0.000006 0.000048
 25   4.941364 1.997338 1.629330 0.000018 -0.000001 -0.000024
 26   4.941382 1.997366 -1.629410 -0.000001 0.000005 -0.000024
 27   2.918368 1.615358 1.514501 -0.000019 -0.000022 -0.000050
 28   2.920798 1.614964 -1.501142 -0.000002 -0.000009 -0.000024
 29   8.824059 0.150544 0.091743 0.000006 -0.000231 -0.174534
 30   2.111085 -0.561179 1.784320 -0.000008 -0.000682 0.000024
 31   2.121290 -0.561289 -1.853599 0.000000 0.000000 -0.000002
 32   -0.810489 -0.093824 3.127092 0.564080 -3.064347 -0.563586
 33   14.298673 -0.408176 0.475484 -0.006392 -0.009799 -0.413535
 34   15.835795 0.581398 0.242756 -0.007436 -0.212263 -0.117847
 35   -0.815868 -0.091229 -3.114430 -0.120039 3.021422 -0.057357
 36   14.294526 -0.410349 -0.463635 0.001663 0.012787 -0.721549
 37   15.834409 0.579420 -0.284600 -0.182270 -0.002314 0.569929
 38   1.139685 -3.453749 -2.823813 0.000000 0.000000 0.000001
 39   -4.457742 -1.054854 -0.746180 0.000000 0.000000 0.000000
 40   1.118101 -3.449769 3.237290 0.000000 0.000001 0.000000
 41   -4.433840 -1.059130 0.959566 -0.000001 0.000000 0.000000
 42   -0.657468 1.697302 -2.688614 0.000000 0.000002 0.000000
 43   -0.664068 1.698578 2.869377 0.000000 0.000002 0.000000
time 20
  0   -0.010486 -0.546892 -0.601210 0.000000 0.000000 -1.571449
  1   -1.093036 0.000002 -0.326057 -0.214108 -1.569036 -1.356583
  2   2.262337 0.113614 0.064702 -0.004001 -0.108280 0.325986
  3   2.380047 0.353302 0.047440 -0.046458 -0.021409 0.347955
  4   2.033756 0.190472 -0.000128 -0.126508 -0.038423 0.034120
  5   2.451511 0.204909 -0.003447 -0.336877 -0.019236 0.072030
  6   7.247600 -0.397300 -0.109469 0.000001 0.000021 0.156829
  7   -2.022252 -0.104661 3.136172 0.605829 -1.508156 -3.742838
  8   1.168026 -0.537438 -0.063437 1.542759 0.406203 0.501592
  9   6.790376 -0.619176 0.015206 0.034462 0.093619 -1.285665
 10   8.637599 0.544015 -0.090417 -2.253407 -0.746269 -0.578875
 11   6.790465 -0.619039 0.017802 0.038664 0.050401 -0.915041
 12   -2.022474 -0.104699 -2.873818 -0.058870 1.460510 -3.304671
 13   1.167898 -0.537463 0.063297 0.120905 -1.119996 -0.711193
 14   7.002743 -0.617765 -0.183752 0.034503 -0.202528 -1.793421
 15   8.209042 0.615527 -0.255885 1.891424 0.469102 0.256719
 16   7.002735 -0.617911 -0.183641 -0.001378 -0.142907 -1.269259
 17   1.574674 0.609930 -0.000899 0.453483 -0.365479 0.652576
 18   -0.602177 0.511412 -0.000006 0.000000 0.000000 0.000000
 19   3.673773 0.177020 1.119313 -0.000002 -0.000014 -0.174510
 20   3.673767 0.176993 -1.117566 0.000007 -0.000003 -0.174546
 21   3.942357 1.330634 1.627658 0.000002 -0.000011 -0.000026
 22   -0.246060 -0.011889 0.516521 -0.000011 0.000031 0.000025
 23   3.942374 1.330659 -1.631083 0.000019 0.000002 -0.000024
 24   -0.246150 -0.011872 -0.516511 -0.000005 -0.000006 0.000048
 25   4.941364 1.997338 1.629330 0.000018 -0.000001 -0.000024
 26   4.941382 1.997366 -1.629410 -0.000001 0.000005 -0.000024
 27   2.918368 1.615358 1.514501 -0.000019 -0.000022 -0.000050
 28   2.920798 1.614964 -1.501142 -0.000002 -0.000009 -0.000024
 29   8.824059 0.150544 0.091743 0.000006 -0.000231 -0.174534
 30   2.111085 -0.561179 1.784320 -0.000008 -0.000682 0.000024
 31   2.121290 -0.561289 -1.853599 0.000000 0.000000 -0.000002
 32   -0.810489 -0.093824 3.127092 0.564080 -3.064347 -0.563586
 33   14.298673 -0.408176 0.475484 -0.006392 -0.009799 -0.413535
 34   15.835795 0.581398 0.242756 -0.007436 -0.212263 -0.117847
 35   -0.815868 -0.091229 -3.114430 -0.120039 3.021422 -0.057357
 36   14.294526 -0.410349 -0.463635 0.001663 0.012787 -0.721549
 37   15.834409 0.579420 -0.284600 -0.182270 -0.002314 0.569929
 38   1.139685 -3.453749 -2.823813 0.000000 0.000000 0.000001
 39   -4.457742 -1.054854 -0.746180 0.000000 0.000000 0.000000
 40   1.118101 -3.449769 3.237290 0.000000 0.000001 0.000000
 41   -4.433840 -1.059130 0.959566 -0.000001 0.000000 0.000000
 42   -0.657468 1.697302 -2.688614 0.000000 0.000002 0.000000
 43   -0.664068 1.698578 2.869377 0.000000 0.000002 0.000000
time 21
  0   -0.010486 -0.546892 -0.601210 0.000000 0.000000 -1.571449
  1   -1.093036 0.000002 -0.326057 -0.214108 -1.569036 -1.356583
  2   2.262337 0.113614 0.064702 0.002381 -0.111360 0.327359
  3   2.380047 0.353302 0.047440 -0.042738 -0.021912 0.351975
  4   2.033756 0.190472 -0.000128 -0.127393 -0.043504 0.039847
  5   2.451511 0.204909 -0.003447 -0.336603 0.011954 0.067003
  6   7.247600 -0.397300 -0.109469 0.000001 0.000021 0.156829
  7   -2.022252 -0.104661 3.136172 0.354010 -1.494060 -3.477251
  8   1.168026 -0.537438 -0.063437 1.638439 0.429046 0.457626
  9   6.790376 -0.619176 0.015206 0.037846 0.089214 -1.228008
 10   8.637599 0.544015 -0.090417 -1.937695 -0.818912 -0.577645
 11   6.790465 -0.619039 0.017802 0.039657 0.046990 -0.874784
 12   -2.022474 -0.104699 -2.873818 -0.069218 1.477257 -3.305150
 13   1.167898 -0.537463 0.063297 0.137214 -1.109673 -0.716157
 14   7.002743 -0.617765 -0.183752 0.034560 -0.202528 -1.793751
 15   8.209042 0.615527 -0.255885 1.887254 0.473490 0.246015
 16   7.002735 -0.617911 -0.183641 -0.001378 -0.142907 -1.269535
 17   1.574674 0.609930 -0.000899 0.419200 -0.398282 0.687800
 18   -0.602177 0.511412 -0.000006 0.000000 0.000000 0.000000
 19   3.673773 0.177020 1.119313 -0.000002 -0.000014 -0.174510
 20   3.673767 0.176993 -1.117566 0.000007 -0.000003 -0.174546
 21   3.942357 1.330634 1.627658 0.000002 -0.000011 -0.000026
 22   -0.246060 -0.011889 0.516521 -0.000011 0.000031 0.000025
 23   3.942374 1.330659 -1.631083 0.000019 0.000002 -0.000024
 24   -0.246150 -0.011872 -0.516511 -0.000005 -0.000006 0.000048
 25   4.941364 1.997338 1.629330 0.000018 -0.000001 -0.000024
 26   4.941382 1.997366 -1.629410 -0.000001 0.000005 -0.000024
 27   2.918368 1.615358 1.514501 -0.000019 -0.000022 -0.000050
 28   2.920798 1.614964 -1.501142 -0.000002 -0.000009 -0.000024
 29   8.824059 0.150544 0.091743 0.000006 -0.000231 -0.174534
 30   2.111085 -0.561179 1.784320 -0.000008 -0.000682 0.000024
 31   2.121290 -0.561289 -1.853599 0.000000 0.000000 -0.000002
 32   -0.810489 -0.093824 3.127092 0.564080 -3.064347 -0.563586
 33   14.298673 -0.408176 0.475484 -0.006392 -0.009799 -0.413535
 34   15.835795 0.581398 0.242756 -0.007436 -0.212263 -0.117847
 35   -0.815868 -0.091229 -3.114430 -0.120039 3.021422 -0.057357
 36   14.294526 -0.410349 -0.463635 0.001663 0.012787 -0.721549
 37   15.834409 0.579420 -0.284600 -0.182270 -0.002314 0.569929
 38   1.139685 -3.453749 -2.823813 0.000000 0.000000 0.000001
 39   -4.457742 -1.054854 -0.746180 0.000000 0.000000 0.000000
 40   1.118101 -3.449769 3.237290 0.000000 0.000001 0.000000
 41   -4.433840 -1.059130 0.959566 -0.000001 0.000000 0.000000
 42   -0.657468 1.697302 -2.688614 0.000000 0.000002 0.000000
 43   -0.664068 1.698578 2.869377 0.000000 0.000002 0.000000
time 22
  0   -0.010486 -0.546892 -0.601210 0.000000 0.000000 -1.571449
  1   -1.093036 0.000002 -0.326057 -0.214108 -1.569036 -1.356583
  2   2.262337 0.113614 0.064702 -0.000218 -0.110509 0.331642
  3   2.380047 0.353302 0.047440 -0.044943 -0.021337 0.360382
  4   2.033756 0.190472 -0.000128 -0.128389 -0.043576 0.048075
  5   2.451511 0.204909 -0.003447 -0.336603 0.030401 0.067176
  6   7.247600 -0.397300 -0.109469 0.000001 0.000021 0.156829
  7   -2.022252 -0.104661 3.136172 0.342699 -1.489332 -3.483543
  8   1.168026 -0.537438 -0.063437 1.690329 0.512618 0.323451
  9   6.790376 -0.619176 0.015206 0.039788 0.081338 -1.149371
 10   8.637599 0.544015 -0.090417 -2.375025 -0.561987 -0.226848
 11   6.790465 -0.619039 0.017802 0.038927 0.041504 -0.819762
 12   -2.022474 -0.104699 -2.873818 -0.151037 1.491943 -3.390168
 13   1.167898 -0.537463 0.063297 0.157950 -1.118572 -0.718760
 14   7.002743 -0.617765 -0.183752 0.034560 -0.202528 -1.794246
 15   8.209042 0.615527 -0.255885 1.877403 0.477046 0.231582
 16   7.002735 -0.617911 -0.183641 -0.001331 -0.142907 -1.269866
 17   1.574674 0.609930 -0.000899 0.393690 -0.423014 0.704174
 18   -0.602177 0.511412 -0.000006 0.000000 0.000000 0.000000
 19   3.673773 0.177020 1.119313 -0.000002 -0.000014 -0.174510
 20   3.673767 0.176993 -1.117566 0.000007 -0.000003 -0.174546
 21   3.942357 1.330634 1.627658 0.000002 -0.000011 -0.000026
 22   -0.246060 -0.011889 0.516521 -0.000011 0.000031 0.000025
 23   3.942374 1.330659 -1.631083 0.000019 0.000002 -0.000024
 24   -0.246150 -0.011872 -0.516511 -0.000005 -0.000006 0.000048
 25   4.941364 1.997338 1.629330 0.000018 -0.000001 -0.000024
 26   4.941382 1.997366 -1.629410 -0.000001 0.000005 -0.000024
 27   2.918368 1.615358 1.514501 -0.000019 -0.000022 -0.000050
 28   2.920798 1.614964 -1.501142 -0.000002 -0.000009 -0.000024
 29   8.824059 0.150544 0.091743 0.000006 -0.000231 -0.174534
 30   2.111085 -0.561179 1.784320 -0.000008 -0.000682 0.000024
 31   2.121290 -0.561289 -1.853599 0.000000 0.000000 -0.000002
 32   -0.810489 -0.093824 3.127092 0.564080 -3.064347 -0.563586
 33   14.298673 -0.408176 0.475484 -0.006392 -0.009799 -0.413535
 34   15.835795 0.581398 0.242756 -0.007436 -0.212263 -0.117847
 35   -0.815868 -0.091229 -3.114430 -0.120039 3.021422 -0.057357
 36   14.294526 -0.410349 -0.463635 0.001663 0.012787 -0.721549
 37   15.834409 0.579420 -0.284600 -0.182270 -0.002314 0.569929
 38   1.139685 -3.453749 -2.823813 0.000000 0.000000 0.000001
 39   -4.457742 -1.054854 -0.746180 0.000000 0.000000 0.000000
 40   1.118101 -3.449769 3.237290 0.000000 0.000001 0.000000
 41   -4.433840 -1.059130 0.959566 -0.000001 0.000000 0.000000
 42   -0.657468 1.697302 -2.688614 0.000000 0.000002 0.000000
 43   -0.664068 1.698578 2.869377 0.000000 0.000002 0.000000
time 23
  0   -0.010486 -0.546892 -0.601210 0.000000 0.000000 -1.571449
  1   -1.093036 0.000002 -0.326057 -0.214108 -1.569036 -1.356583
  2   2.262337 0.113614 0.064702 -0.004192 -0.108496 0.336377
  3   2.380047 0.353302 0.047440 -0.047478 -0.020654 0.369279
  4   2.033756 0.190472 -0.000128 -0.129348 -0.043240 0.055723
  5   2.451511 0.204909 -0.003447 -0.336603 0.035232 0.071238
  6   7.247600 -0.397300 -0.109469 0.000001 0.000021 0.156829
  7   -2.022252 -0.104661 3.136172 0.437119 -1.480367 -3.597648
  8   1.168026 -0.537438 -0.063437 1.681280 0.552165 0.189845
  9   6.790376 -0.619176 0.015206 0.038678 0.086411 -1.199406
 10   8.637599 0.544015 -0.090417 -2.571674 -0.251636 -0.148282
 11   6.790465 -0.619039 0.017802 0.039453 0.044972 -0.854713
 12   -2.022474 -0.104699 -2.873818 -0.199419 1.493191 -3.440432
 13   1.167898 -0.537463 0.063297 0.173204 -1.127471 -0.721060
 14   7.002743 -0.617765 -0.183752 0.035072 -0.202528 -1.800929
 15   8.209042 0.615527 -0.255885 1.872298 0.502619 0.230920
 16   7.002735 -0.617911 -0.183641 -0.001096 -0.143076 -1.274502
 17   1.574674 0.609930 -0.000899 0.380651 -0.438421 0.718884
 18   -0.602177 0.511412 -0.000006 0.000000 0.000000 0.000000
 19   3.673773 0.177020 1.119313 -0.000002 -0.000014 -0.174510
 20   3.673767 0.176993 -1.117566 0.000007 -0.000003 -0.174546
 21   3.942357 1.330634 1.627658 0.000002 -0.000011 -0.000026
 22   -0.246060 -0.011889 0.516521 -0.000011 0.000031 0.000025
 23   3.942374 1.330659 -1.631083 0.000019 0.000002 -0.000024
 24   -0.246150 -0.011872 -0.516511 -0.000005 -0.000006 0.000048
 25   4.941364 1.997338 1.629330 0.000018 -0.000001 -0.000024
 26   4.941382 1.997366 -1.629410 -0.000001 0.000005 -0.000024
 27   2.918368 1.615358 1.514501 -0.000019 -0.000022 -0.000050
 28   2.920798 1.614964 -1.501142 -0.000002 -0.000009 -0.000024
 29   8.824059 0.150544 0.091743 0.000006 -0.000231 -0.174534
 30   2.111085 -0.561179 1.784320 -0.000008 -0.000682 0.000024
 31   2.121290 -0.561289 -1.853599 0.000000 0.000000 -0.000002
 32   -0.810489 -0.093824 3.127092 0.564080 -3.064347 -0.563586
 33   14.298673 -0.408176 0.475484 -0.006392 -0.009799 -0.413535
 34   15.835795 0.581398 0.242756 -0.007436 -0.212263 -0.117847
 35   -0.815868 -0.091229 -3.114430 -0.120039 3.021422 -0.057357
 36   14.294526 -0.410349 -0.463635 0.001663 0.012787 -0.721549
 37   15.834409 0.579420 -0.284600 -0.182270 -0.002314 0.569929
 38   1.139685 -3.453749 -2.823813 0.000000 0.000000 0.000001
 39   -4.457742 -1.054854 -0.746180 0.000000 0.000000 0.000000
 40   1.118101 -3.449769 3.237290 0.000000 0.000001 0.000000
 41   -4.433840 -1.059130 0.959566 -0.000001 0.000000 0.000000
 42   -0.657468 1.697302 -2.688614 0.000000 0.000002 0.000000
 43   -0.664068 1.698578 2.869377 0.000000 0.000002 0.000000
time 24
  0   -0.010486 -0.546892 -0.601210 0.000000 0.000000 -1.571449
  1   -1.093036 0.000002 -0.326057 -0.214108 -1.569036 -1.356583
  2   2.262337 0.113614 0.064702 -0.005020 -0.105907 0.339937
  3   2.380047 0.353302 0.047440 -0.047343 -0.020378 0.377380
  4   2.033756 0.190472 -0.000128 -0.129772 -0.042641 0.064821
  5   2.451511 0.204909 -0.003447 -0.336706 0.031172 0.078222
  6   7.247600 -0.397300 -0.109469 0.000001 0.000021 0.156829
  7   -2.022252 -0.104661 3.136172 0.671300 -1.473824 -3.835906
  8   1.168026 -0.537438 -0.063437 1.638629 0.530782 0.109884
  9   6.790376 -0.619176 0.015206 0.034129 0.100026 -1.339851
 10   8.637599 0.544015 -0.090417 -2.676559 -0.193986 -0.050183
 11   6.790465 -0.619039 0.017802 0.040212 0.054864 -0.952818
 12   -2.022474 -0.104699 -2.873818 -0.109457 1.488431 -3.351967
 13   1.167898 -0.537463 0.063297 0.194433 -1.128183 -0.737828
 14   7.002743 -0.617765 -0.183752 0.035528 -0.202585 -1.805467
 15   8.209042 0.615527 -0.255885 1.864389 0.514346 0.229597
 16   7.002735 -0.617911 -0.183641 -0.000955 -0.143245 -1.277648
 17   1.574674 0.609930 -0.000899 0.375655 -0.449710 0.729788
 18   -0.602177 0.511412 -0.000006 0.000000 0.000000 0.000000
 19   3.673773 0.177020 1.119313 -0.000002 -0.000014 -0.174510
 20   3.673767 0.176993 -1.117566 0.000007 -0.000003 -0.174546
 21   3.942357 1.330634 1.627658 0.000002 -0.000011 -0.000026
 22   -0.246060 -0.011889 0.516521 -0.000011 0.000031 0.000025
 23   3.942374 1.330659 -1.631083 0.000019 0.000002 -0.000024
 24   -0.246150 -0.011872 -0.516511 -0.000005 -0.000006 0.000048
 25   4.941364 1.997338 1.629330 0.000018 -0.000001 -0.000024
 26   4.941382 1.997366 -1.629410 -0.000001 0.000005 -0.000024
 27   2.918368 1.615358 1.514501 -0.000019 -0.000022 -0.000050
 28   2.920798 1.614964 -1.501142 -0.000002 -0.000009 -0.000024
 29   8.824059 0.150544 0.091743 0.000006 -0.000231 -0.174534
 30   2.111085 -0.561179 1.784320 -0.000008 -0.000682 0.000024
 31   2.121290 -0.561289 -1.853599 0.000000 0.000000 -0.000002
 32   -0.810489 -0.093824 3.127092 0.564080 -3.064347 -0.563586
 33   14.298673 -0.408176 0.475484 -0.006392 -0.009799 -0.413535
 34   15.835795 0.581398 0.242756 -0.007436 -0.212263 -0.117847
 35   -0.815868 -0.091229 -3.114430 -0.120039 3.021422 -0.057357
 36   14.294526 -0.410349 -0.463635 0.001663 0.012787 -0.721549
 37   15.834409 0.579420 -0.284600 -0.182270 -0.002314 0.569929
 38   1.139685 -3.453749 -2.823813 0.000000 0.000000 0.000001
 39   -4.457742 -1.054854 -0.746180 0.000000 0.000000 0.000000
 40   1.118101 -3.449769 3.237290 0.000000 0.000001 0.000000
 41   -4.433840 -1.059130 0.959566 -0.000001 0.000000 0.000000
 42   -0.657468 1.697302 -2.688614 0.000000 0.000002 0.000000
 43   -0.664068 1.698578 2.869377 0.000000 0.000002 0.000000
time 25
  0   -0.010486 -0.546892 -0.601210 0.000000 0.000000 -1.571449
  1   -1.093036 0.000002 -0.326057 -0.214108 -1.569036 -1.356583
  2   2.262337 0.113614 0.064702 -0.005313 -0.103282 0.342394
  3   2.380047 0.353302 0.047440 -0.046578 -0.017478 0.385379
  4   2.033756 0.190472 -0.000128 -0.129680 -0.039981 0.074245
  5   2.451511 0.204909 -0.003447 -0.336877 0.025179 0.086667
  6   7.247600 -0.397300 -0.109469 0.000001 0.000021 0.156829
  7   -2.022252 -0.104661 3.136172 1.055403 -1.480194 -4.205174
  8   1.168026 -0.537438 -0.063437 1.619265 0.458832 0.079772
  9   6.790376 -0.619176 0.015206 0.027638 0.113107 -1.481956
 10   8.637599 0.544015 -0.090417 -2.668809 -0.129579 -0.088598
 11   6.790465 -0.619039 0.017802 0.039949 0.065012 -1.051788
 12   -2.022474 -0.104699 -2.873818 0.000817 1.483352 -3.244450
 13   1.167898 -0.537463 0.063297 0.228877 -1.120098 -0.768338
 14   7.002743 -0.617765 -0.183752 0.035869 -0.202585 -1.810747
 15   8.209042 0.615527 -0.255885 1.843969 0.502392 0.234288
 16   7.002735 -0.617911 -0.183641 -0.000813 -0.143358 -1.281291
 17   1.574674 0.609930 -0.000899 0.371512 -0.464904 0.732227
 18   -0.602177 0.511412 -0.000006 0.000000 0.000000 0.000000
 19   3.673773 0.177020 1.119313 -0.000002 -0.000014 -0.174510
 20   3.673767 0.176993 -1.117566 0.000007 -0.000003 -0.174546
 21   3.942357 1.330634 1.627658 0.000002 -0.000011 -0.000026
 22   -0.246060 -0.011889 0.516521 -0.000011 0.000031 0.000025
 23   3.942374 1.330659 -1.631083 0.000019 0.000002 -0.000024
 24   -0.246150 -0.011872 -0.516511 -0.000005 -0.000006 0.000048
 25   4.941364 1.997338 1.629330 0.000018 -0.000001 -0.000024
 26   4.941382 1.997366 -1.629410 -0.000001 0.000005 -0.000024
 27   2.918368 1.615358 1.514501 -0.000019 -0.000022 -0.000050
 28   2.920798 1.614964 -1.501142 -0.000002 -0.000009 -0.000024
 29   8.824059 0.150544 0.091743 0.000006 -0.000231 -0.174534
 30   2.111085 -0.561179 1.784320 -0.000008 -0.000682 0.000024
 31   2.121290 -0.561289 -1.853599 0.000000 0.000000 -0.000002
 32   -0.810489 -0.093824 3.127092 0.564080 -3.064347 -0.563586
 33   14.298673 -0.408176 0.475484 -0.006392 -0.009799 -0.413535
 34   15.835795 0.581398 0.242756 -0.007436 -0.212263 -0.117847
 35   -0.815868 -0.091229 -3.114430 -0.120039 3.021422 -0.057357
 36   14.294526 -0.410349 -0.463635 0.001663 0.012787 -0.721549
 37   15.834409 0.579420 -0.284600 -0.182270 -0.002314 0.569929
 38   1.139685 -3.453749 -2.823813 0.000000 0.000000 0.000001
 39   -4.457742 -1.054854 -0.746180 0.000000 0.000000 0.000000
 40   1.118101 -3.449769 3.237290 0.000000 0.000001 0.000000
 41   -4.433840 -1.059130 0.959566 -0.000001 0.000000 0.000000
 42   -0.657468 1.697302 -2.688614 0.000000 0.000002 0.000000
 43   -0.664068 1.698578 2.869377 0.000000 0.000002 0.000000
time 26
  0   -0.010486 -0.546892 -0.601210 0.000000 0.000000 -1.571449
  1   -1.093036 0.000002 -0.326057 -0.214108 -1.569036 -1.356583
  2   2.262337 0.113614 0.064702 -0.005071 -0.099939 0.345575
  3   2.380047 0.353302 0.047440 -0.045513 -0.013559 0.393031
  4   2.033756 0.190472 -0.000128 -0.129477 -0.036793 0.083198
  5   2.451511 0.204909 -0.003447 -0.336757 0.024722 0.093403
  6   7.247600 -0.397300 -0.109469 0.000001 0.000021 0.156829
  7   -2.022252 -0.104661 3.136172 1.478328 -1.490111 -4.603555
  8   1.168026 -0.537438 -0.063437 1.589713 0.379738 0.029733
  9   6.790376 -0.619176 0.015206 0.015266 0.130059 -1.683077
 10   8.637599 0.544015 -0.090417 -2.653662 -0.083825 -0.122889
 11   6.790465 -0.619039 0.017802 0.037964 0.079139 -1.191650
 12   -2.022474 -0.104699 -2.873818 0.047667 1.476009 -3.197249
 13   1.167898 -0.537463 0.063297 0.248419 -1.089586 -0.793157
 14   7.002743 -0.617765 -0.183752 0.035869 -0.202528 -1.810582
 15   8.209042 0.615527 -0.255885 1.824411 0.500425 0.237355
 16   7.002735 -0.617911 -0.183641 -0.000813 -0.143358 -1.281070
 17   1.574674 0.609930 -0.000899 0.368425 -0.493849 0.731894
 18   -0.602177 0.511412 -0.000006 0.000000 0.000000 0.000000
 19   3.673773 0.177020 1.119313 -0.000002 -0.000014 -0.174510
 20   3.673767 0.176993 -1.117566 0.000007 -0.000003 -0.174546
 21   3.942357 1.330634 1.627658 0.000002 -0.000011 -0.000026
 22   -0.246060 -0.011889 0.516521 -0.000011 0.000031 0.000025
 23   3.942374 1.330659 -1.631083 0.000019 0.000002 -0.000024
 24   -0.246150 -0.011872 -0.516511 -0.000005 -0.000006 0.000048
 25   4.941364 1.997338 1.629330 0.000018 -0.000001 -0.000024
 26   4.941382 1.997366 -1.629410 -0.000001 0.000005 -0.000024
 27   2.918368 1.615358 1.514501 -0.000019 -0.000022 -0.000050
 28   2.920798 1.614964 -1.501142 -0.000002 -0.000009 -0.000024
 29   8.824059 0.150544 0.091743 0.000006 -0.000231 -0.174534
 30   2.111085 -0.561179 1.784320 -0.000008 -0.000682 0.000024
 31   2.121290 -0.561289 -1.853599 0.000000 0.000000 -0.000002
 32   -0.810489 -0.093824 3.127092 0.564080 -3.064347 -0.563586
 33   14.298673 -0.408176 0.475484 -0.006392 -0.009799 -0.413535
 34   15.835795 0.581398 0.242756 -0.007436 -0.212263 -0.117847
 35   -0.815868 -0.091229 -3.114430 -0.120039 3.021422 -0.057357
 36   14.294526 -0.410349 -0.463635 0.001663 0.012787 -0.721549
 37   15.834409 0.579420 -0.284600 -0.182270 -0.002314 0.569929
 38   1.139685 -3.453749 -2.823813 0.000000 0.000000 0.000001
 39   -4.457742 -1.054854 -0.746180 0.000000 0.000000 0.000000
 40   1.118101 -3.449769 3.237290 0.000000 0.000001 0.000000
 41   -4.433840 -1.059130 0.959566 -0.000001 0.000000 0.000000
 42   -0.657468 1.697302 -2.688614 0.000000 0.000002 0.000000
 43   -0.664068 1.698578 2.869377 0.000000 0.000002 0.000000
time 27
  0   -0.010486 -0.546892 -0.601210 0.000000 0.000000 -1.571449
  1   -1.093036 0.000002 -0.326057 -0.214108 -1.569036 -1.356583
  2   2.262337 0.113614 0.064702 -0.004880 -0.097829 0.348285
  3   2.380047 0.353302 0.047440 -0.044613 -0.010287 0.400826
  4   2.033756 0.190472 -0.000128 -0.129274 -0.033928 0.092441
  5   2.451511 0.204909 -0.003447 -0.335850 0.040637 0.095632
  6   7.247600 -0.397300 -0.109469 0.000001 0.000021 0.156829
  7   -2.022252 -0.104661 3.136172 1.828210 -1.492849 -4.924082
  8   1.168026 -0.537438 -0.063437 1.554466 0.321474 0.018472
  9   6.790376 -0.619176 0.015206 0.003948 0.141138 -1.833559
 10   8.637599 0.544015 -0.090417 -2.568503 -0.115360 -0.126868
 11   6.790465 -0.619039 0.017802 0.035161 0.089571 -1.296099
 12   -2.022474 -0.104699 -2.873818 0.025248 1.482452 -3.219653
 13   1.167898 -0.537463 0.063297 0.269578 -1.060244 -0.821245
 14   7.002743 -0.617765 -0.183752 0.035812 -0.202528 -1.809757
 15   8.209042 0.615527 -0.255885 1.812835 0.503678 0.233446
 16   7.002735 -0.617911 -0.183641 -0.000813 -0.143358 -1.280518
 17   1.574674 0.609930 -0.000899 0.356807 -0.540070 0.733595
 18   -0.602177 0.511412 -0.000006 0.000000 0.000000 0.000000
 19   3.673773 0.177020 1.119313 -0.000002 -0.000014 -0.174510
 20   3.673767 0.176993 -1.117566 0.000007 -0.000003 -0.174546
 21   3.942357 1.330634 1.627658 0.000002 -0.000011 -0.000026
 22   -0.246060 -0.011889 0.516521 -0.000011 0.000031 0.000025
 23   3.942374 1.330659 -1.631083 0.000019 0.000002 -0.000024
 24   -0.246150 -0.011872 -0.516511 -0.000005 -0.000006 0.000048
 25   4.941364 1.997338 1.629330 0.000018 -0.000001 -0.000024
 26   4.941382 1.997366 -1.629410 -0.000001 0.000005 -0.000024
 27   2.918368 1.615358 1.514501 -0.000019 -0.000022 -0.000050
 28   2.920798 1.614964 -1.501142 -0.000002 -0.000009 -0.000024
 29   8.824059 0.150544 0.091743 0.000006 -0.000231 -0.174534
 30   2.111085 -0.561179 1.784320 -0.000008 -0.000682 0.000024
 31   2.121290 -0.561289 -1.853599 0.000000 0.000000 -0.000002
 32   -0.810489 -0.093824 3.127092 0.564080 -3.064347 -0.563586
 33   14.298673 -0.408176 0.475484 -0.006392 -0.009799 -0.413535
 34   15.835795 0.581398 0.242756 -0.007436 -0.212263 -0.117847
 35   -0.815868 -0.091229 -3.114430 -0.120039 3.021422 -0.057357
 36   14.294526 -0.410349 -0.463635 0.001663 0.012787 -0.721549
 37   15.834409 0.579420 -0.284600 -0.182270 -0.002314 0.569929
 38   1.139685 -3.453749 -2.823813 0.000000 0.000000 0.000001
 39   -4.457742 -1.054854 -0.746180 0.000000 0.000000 0.000000
 40   1.118101 -3.449769 3.237290 0.000000 0.000001 0.000000
 41   -4.433840 -1.059130 0.959566 -0.000001 0.000000 0.000000
 42   -0.657468 1.697302 -2.688614 0.000000 0.000002 0.000000
 43   -0.664068 1.698578 2.869377 0.000000 0.000002 0.000000
time 28
  0   -0.010486 -0.546892 -0.601210 0.000000 0.000000 -1.571449
  1   -1.093036 0.000002 -0.326057 -0.214108 -1.569036 -1.356583
  2   2.262337 0.113614 0.064702 -0.004243 -0.094977 0.351357
  3   2.380047 0.353302 0.047440 -0.043518 -0.006464 0.405458
  4   2.033756 0.190472 -0.000128 -0.128979 -0.031328 0.096827
  5   2.451511 0.204909 -0.003447 -0.335285 0.048079 0.096474
  6   7.247600 -0.397300 -0.109469 0.000001 0.000021 0.156829
  7   -2.022252 -0.104661 3.136172 2.123165 -1.489102 -5.198779
  8   1.168026 -0.537438 -0.063437 1.544088 0.293650 0.057947
  9   6.790376 -0.619176 0.015206 -0.002432 0.146010 -1.910234
 10   8.637599 0.544015 -0.090417 -2.494353 -0.162451 -0.135694
 11   6.790465 -0.619039 0.017802 0.033292 0.094773 -1.349506
 12   -2.022474 -0.104699 -2.873818 0.043164 1.487154 -3.197249
 13   1.167898 -0.537463 0.063297 0.296008 -1.048598 -0.855629
 14   7.002743 -0.617765 -0.183752 0.035641 -0.202528 -1.808437
 15   8.209042 0.615527 -0.255885 1.798023 0.509050 0.232965
 16   7.002735 -0.617911 -0.183641 -0.000861 -0.143245 -1.279635
 17   1.574674 0.609930 -0.000899 0.343484 -0.570648 0.746790
 18   -0.602177 0.511412 -0.000006 0.000000 0.000000 0.000000
 19   3.673773 0.177020 1.119313 -0.000002 -0.000014 -0.174510
 20   3.673767 0.176993 -1.117566 0.000007 -0.000003 -0.174546
 21   3.942357 1.330634 1.627658 0.000002 -0.000011 -0.000026
 22   -0.246060 -0.011889 0.516521 -0.000011 0.000031 0.000025
 23   3.942374 1.330659 -1.631083 0.000019 0.000002 -0.000024
 24   -0.246150 -0.011872 -0.516511 -0.000005 -0.000006 0.000048
 25   4.941364 1.997338 1.629330 0.000018 -0.000001 -0.000024
 26   4.941382 1.997366 -1.629410 -0.000001 0.000005 -0.000024
 27   2.918368 1.615358 1.514501 -0.000019 -0.000022 -0.000050
 28   2.920798 1.614964 -1.501142 -0.000002 -0.000009 -0.000024
 29   8.824059 0.150544 0.091743 0.000006 -0.000231 -0.174534
 30   2.111085 -0.561179 1.784320 -0.000008 -0.000682 0.000024
 31   2.121290 -0.561289 -1.853599 0.000000 0.000000 -0.000002
 32   -0.810489 -0.093824 3.127092 0.564080 -3.064347 -0.563586
 33   14.298673 -0.408176 0.475484 -0.006392 -0.009799 -0.413535
 34   15.835795 0.581398 0.242756 -0.007436 -0.212263 -0.117847
 35   -0.815868 -0.091229 -3.114430 -0.120039 3.021422 -0.057357
 36   14.294526 -0.410349 -0.463635 0.001663 0.012787 -0.721549
 37   15.834409 0.579420 -0.284600 -0.182270 -0.002314 0.569929
 38   1.139685 -3.453749 -2.823813 0.000000 0.000000 0.000001
 39   -4.457742 -1.054854 -0.746180 0.000000 0.000000 0.000000
 40   1.118101 -3.449769 3.237290 0.000000 0.000001 0.000000
 41   -4.433840 -1.059130 0.959566 -0.000001 0.000000 0.000000
 42   -0.657468 1.697302 -2.688614 0.000000 0.000002 0.000000
 43   -0.664068 1.698578 2.869377 0.000000 0.000002 0.000000
time 29
  0   -0.010486 -0.546892 -0.601210 0.000000 0.000000 -1.571449
  1   -1.093036 0.000002 -0.326057 -0.214108 -1.569036 -1.356583
  2   2.262337 0.113614 0.064702 -0.003466 -0.094126 0.352442
  3   2.380047 0.353302 0.047440 -0.042723 -0.004103 0.407886
  4   2.033756 0.190472 -0.000128 -0.128592 -0.028511 0.099038
  5   2.451511 0.204909 -0.003447 -0.334994 0.052387 0.095855
  6   7.247600 -0.397300 -0.109469 0.000001 0.000021 0.156829
  7   -2.022252 -0.104661 3.136172 2.143870 -1.489131 -5.227705
  8   1.168026 -0.537438 -0.063437 1.572311 0.309650 0.135441
  9   6.790376 -0.619176 0.015206 -0.003320 0.146811 -1.921479
 10   8.637599 0.544015 -0.090417 -2.368684 -0.236502 -0.076661
 11   6.790465 -0.619039 0.017802 0.033059 0.095569 -1.357119
 12   -2.022474 -0.104699 -2.873818 0.037607 1.490172 -3.203090
 13   1.167898 -0.537463 0.063297 0.302616 -1.053887 -0.867312
 14   7.002743 -0.617765 -0.183752 0.035584 -0.202528 -1.807282
 15   8.209042 0.615527 -0.255885 1.786662 0.515481 0.226049
 16   7.002735 -0.617911 -0.183641 -0.000908 -0.143245 -1.278807
 17   1.574674 0.609930 -0.000899 0.329632 -0.580162 0.760243
 18   -0.602177 0.511412 -0.000006 0.000000 0.000000 0.000000
 19   3.673773 0.177020 1.119313 -0.000002 -0.000014 -0.174510
 20   3.673767 0.176993 -1.117566 0.000007 -0.000003 -0.174546
 21   3.700162 1.330634 1.627658 0.006354 -0.200741 0.411837
 22   -0.351532 -0.011889 0.371985 -0.000011 0.000031 0.000025
 23   3.692366 1.330659 -1.631083 -0.006333 0.200780 0.411810
 24   -0.347716 -0.019685 -0.379788 -0.000005 -0.000006 0.000048
 25   4.941364 1.997338 1.629330 0.000018 -0.000001 -0.000024
 26   4.941382 1.997366 -1.629410 -0.000001 0.000005 -0.000024
 27   3.031653 1.689579 1.522314 -0.043955 0.137309 -0.635381
 28   3.034083 1.693092 -1.520674 0.043934 -0.137340 -0.635435
 29   8.824059 0.150544 0.091743 0.000006 -0.000231 -0.174534
 30   2.111085 -0.561179 1.784320 -0.000008 -0.000682 0.000024
 31   2.121290 -0.561289 -1.853599 0.000000 0.000000 -0.000002
 32   -0.810489 -0.093824 3.127092 0.564080 -3.064347 -0.563586
 33   14.298673 -0.408176 0.475484 -0.006392 -0.009799 -0.413535
 34   15.835795 0.581398 0.242756 -0.007436 -0.212263 -0.117847
 35   -0.815868 -0.091229 -3.114430 -0.120039 3.021422 -0.057357
 36   14.294526 -0.410349 -0.463635 0.001663 0.012787 -0.721549
 37   15.834409 0.579420 -0.284600 -0.182270 -0.002314 0.569929
 38   1.139685 -3.453749 -2.823813 0.000000 0.000000 0.000001
 39   -4.457742 -1.054854 -0.746180 0.000000 0.000000 0.000000
 40   1.118101 -3.449769 3.237290 0.000000 0.000001 0.000000
 41   -4.433840 -1.059130 0.959566 -0.000001 0.000000 0.000000
 42   -0.657468 1.697302 -2.688614 0.000000 0.000002 0.000000
 43   -0.664068 1.698578 2.869377 0.000000 0.000002 0.000000
time 30
  0   -0.010486 -0.546892 -0.601210 0.000000 0.000000 -1.571449
  1   -1.093036 0.000002 -0.326057 -0.214108 -1.569036 -1.356583
  2   2.262337 0.113614 0.064702 -0.002638 -0.094174 0.352514
  3   2.380047 0.353302 0.047440 -0.042243 -0.002952 0.408437
  4   2.033756 0.190472 -0.000128 -0.128149 -0.025335 0.098458
  5   2.451511 0.204909 -0.003447 -0.334857 0.053288 0.095731
  6   7.247600 -0.397300 -0.109469 0.000001 0.000021 0.156829
  7   -2.022252 -0.104661 3.136172 2.111662 -1.492330 -5.213336
  8   1.168026 -0.537438 -0.063437 1.645906 0.356090 0.277777
  9   6.790376 -0.619176 0.015206 0.005113 0.140136 -1.819673
 10   8.637599 0.544015 -0.090417 -2.271989 -0.293518 -0.040923
 11   6.790465 -0.619039 0.017802 0.035453 0.088576 -1.286525
 12   -2.022474 -0.104699 -2.873818 0.012697 1.497399 -3.233344
 13   1.167898 -0.537463 0.063297 0.299101 -1.077534 -0.862530
 14   7.002743 -0.617765 -0.183752 0.035584 -0.202528 -1.805962
 15   8.209042 0.615527 -0.255885 1.784217 0.520701 0.209391
 16   7.002735 -0.617911 -0.183641 -0.000908 -0.143245 -1.278090
 17   1.574674 0.609930 -0.000899 0.322808 -0.567240 0.761500
 18   -0.602177 0.511412 -0.000006 0.000000 0.000000 0.000000
 19   3.673773 0.177020 1.119313 -0.000002 -0.000014 -0.174510
 20   3.673767 0.176993 -1.117566 0.000007 -0.000003 -0.174546
 21   3.446248 1.330634 1.627658 -0.073679 -0.386430 0.847736
 22   -0.457004 -0.031421 0.231356 -0.000011 0.000031 0.000025
 23   3.438452 1.330659 -1.631083 0.073700 0.386481 0.847601
 24   -0.453188 -0.039217 -0.235252 -0.000005 -0.000006 0.000048
 25   4.941364 1.997338 1.629330 0.000018 -0.000001 -0.000024
 26   4.941382 1.997366 -1.629410 -0.000001 0.000005 -0.000024
 27   3.160563 1.767707 1.553565 -0.163477 0.220806 -1.289362
 28   3.162993 1.771219 -1.540206 0.163480 -0.220897 -1.289338
 29   8.824059 0.150544 0.091743 0.000006 -0.000231 -0.174534
 30   2.111085 -0.561179 1.784320 -0.000008 -0.000682 0.000024
 31   2.121290 -0.561289 -1.853599 0.000000 0.000000 -0.000002
 32   -0.810489 -0.093824 3.127092 0.564080 -3.064347 -0.563586
 33   14.298673 -0.408176 0.475484 -0.006392 -0.009799 -0.413535
 34   15.835795 0.581398 0.242756 -0.007436 -0.212263 -0.117847
 35   -0.815868 -0.091229 -3.114430 -0.120039 3.021422 -0.057357
 36   14.294526 -0.410349 -0.463635 0.001663 0.012787 -0.721549
 37   15.834409 0.579420 -0.284600 -0.182270 -0.002314 0.569929
 38   1.139685 -3.453749 -2.823813 0.000000 0.000000 0.000001
 39   -4.457742 -1.054854 -0.746180 0.000000 0.000000 0.000000
 40   1.118101 -3.449769 3.237290 0.000000 0.000001 0.000000
 41   -4.433840 -1.059130 0.959566 -0.000001 0.000000 0.000000
 42   -0.657468 1.697302 -2.688614 0.000000 0.000002 0.000000
 43   -0.664068 1.698578 2.869377 0.000000 0.000002 0.000000
time 31
  0   -0.010486 -0.546892 -0.601210 0.000000 0.000000 -1.571449
  1   -1.093036 0.000002 -0.326057 -0.214108 -1.569036 -1.356583
  2   2.262337 0.113614 0.064702 -0.001861 -0.093323 0.353526
  3   2.380047 0.353302 0.047440 -0.041973 -0.002569 0.406315
  4   2.033756 0.190472 -0.000128 -0.127725 -0.023106 0.093891
  5   2.451511 0.204909 -0.003447 -0.335285 0.043261 0.095310
  6   7.247600 -0.397300 -0.109469 0.000001 0.000021 0.156829
  7   -2.022252 -0.104661 3.136172 2.034017 -1.497029 -5.153889
  8   1.168026 -0.537438 -0.063437 1.710832 0.386782 0.440356
  9   6.790376 -0.619176 0.015206 0.017929 0.127055 -1.644815
 10   8.637599 0.544015 -0.090417 -2.276304 -0.533831 0.034605
 11   6.790465 -0.619039 0.017802 0.038489 0.076467 -1.165004
 12   -2.022474 -0.104699 -2.873818 0.006757 1.496354 -3.247035
 13   1.167898 -0.537463 0.063297 0.284620 -1.110435 -0.844188
 14   7.002743 -0.617765 -0.183752 0.035528 -0.202585 -1.804807
 15   8.209042 0.615527 -0.255885 1.794787 0.511547 0.197123
 16   7.002735 -0.617911 -0.183641 -0.000955 -0.143245 -1.277262
 17   1.574674 0.609930 -0.000899 0.323539 -0.535384 0.752962
 18   -0.602177 0.511412 -0.000006 0.000000 0.000000 0.000000
 19   3.673773 0.177020 1.119313 -0.000002 -0.000014 -0.174510
 20   3.673767 0.176993 -1.117566 0.000007 -0.000003 -0.174546
 21   3.512656 1.330634 1.627658 -0.043142 -0.339774 0.725592
 22   -0.425753 -0.023608 0.274326 -0.000011 0.000031 0.000025
 23   3.508767 1.330659 -1.631083 0.043188 0.339813 0.725561
 24   -0.421937 -0.031404 -0.286035 -0.000005 -0.000006 0.000048
 25   4.941364 1.997338 1.629330 0.000018 -0.000001 -0.000024
 26   4.941382 1.997366 -1.629410 -0.000001 0.000005 -0.000024
 27   3.129312 1.748175 1.553565 -0.126612 0.206544 -1.114466
 28   3.131742 1.747781 -1.540206 0.126603 -0.206587 -1.114442
 29   8.824059 0.150544 0.091743 0.000006 -0.000231 -0.174534
 30   2.111085 -0.561179 1.784320 -0.000008 -0.000682 0.000024
 31   2.121290 -0.561289 -1.853599 0.000000 0.000000 -0.000002
 32   -0.810489 -0.093824 3.127092 0.564080 -3.064347 -0.563586
 33   14.298673 -0.408176 0.475484 -0.006392 -0.009799 -0.413535
 34   15.835795 0.581398 0.242756 -0.007436 -0.212263 -0.117847
 35   -0.815868 -0.091229 -3.114430 -0.120039 3.021422 -0.057357
 36   14.294526 -0.410349 -0.463635 0.001663 0.012787 -0.721549
 37   15.834409 0.579420 -0.284600 -0.182270 -0.002314 0.569929
 38   1.139685 -3.453749 -2.823813 0.000000 0.000000 0.000001
 39   -4.457742 -1.054854 -0.746180 0.000000 0.000000 0.000000
 40   1.118101 -3.449769 3.237290 0.000000 0.000001 0.000000
 41   -4.433840 -1.059130 0.959566 -0.000001 0.000000 0.000000
 42   -0.657468 1.697302 -2.688614 0.000000 0.000002 0.000000
 43   -0.664068 1.698578 2.869377 0.000000 0.000002 0.000000
time 32
  0   -0.010486 -0.546892 -0.601210 0.000000 0.000000 -1.571449
  1   -1.093036 0.000002 -0.326057 -0.214108 -1.569036 -1.356583
  2   2.262337 0.113614 0.064702 -0.001237 -0.090555 0.356363
  3   2.380047 0.353302 0.047440 -0.041808 -0.002018 0.400234
  4   2.033756 0.190472 -0.000128 -0.127467 -0.022747 0.083053
  5   2.451511 0.204909 -0.003447 -0.334378 0.010309 0.096994
  6   7.247600 -0.397300 -0.109469 0.000001 0.000021 0.156829
  7   -2.022252 -0.104661 3.136172 1.997399 -1.499595 -5.132101
  8   1.168026 -0.537438 -0.063437 1.694379 0.390656 0.617738
  9   6.790376 -0.619176 0.015206 0.030467 0.108235 -1.427318
 10   8.637599 0.544015 -0.090417 -2.454107 -0.528833 0.110783
 11   6.790465 -0.619039 0.017802 0.040183 0.061032 -1.013665
 12   -2.022474 -0.104699 -2.873818 0.083691 1.471017 -3.171974
 13   1.167898 -0.537463 0.063297 0.254043 -1.135608 -0.813860
 14   7.002743 -0.617765 -0.183752 0.035300 -0.202528 -1.803074
 15   8.209042 0.615527 -0.255885 1.807873 0.501484 0.196762
 16   7.002735 -0.617911 -0.183641 -0.001002 -0.143189 -1.275937
 17   1.574674 0.609930 -0.000899 0.333857 -0.481423 0.740137
 18   -0.602177 0.511412 -0.000006 0.000000 0.000000 0.000000
 19   3.673773 0.177020 1.119313 -0.000002 -0.000014 -0.174510
 20   3.673767 0.176993 -1.117566 0.000007 -0.000003 -0.174546
 21   3.700162 1.330634 1.627658 0.006354 -0.200741 0.411837
 22   -0.351532 -0.011889 0.371985 -0.000011 0.000031 0.000025
 23   3.692366 1.330659 -1.631083 -0.006333 0.200780 0.411810
 24   -0.347716 -0.019685 -0.379788 -0.000005 -0.000006 0.000048
 25   4.941364 1.997338 1.629330 0.000018 -0.000001 -0.000024
 26   4.941382 1.997366 -1.629410 -0.000001 0.000005 -0.000024
 27   3.031653 1.689579 1.522314 -0.043955 0.137309 -0.635381
 28   3.034083 1.693092 -1.520674 0.043934 -0.137340 -0.635435
 29   8.824059 0.150544 0.091743 0.000006 -0.000231 -0.174534
 30   2.111085 -0.561179 1.784320 -0.000008 -0.000682 0.000024
 31   2.121290 -0.561289 -1.853599 0.000000 0.000000 -0.000002
 32   -0.810489 -0.093824 3.127092 0.564080 -3.064347 -0.563586
 33   14.298673 -0.408176 0.475484 -0.006392 -0.009799 -0.413535
 34   15.835795 0.581398 0.242756 -0.007436 -0.212263 -0.117847
 35   -0.815868 -0.091229 -3.114430 -0.120039 3.021422 -0.057357
 36   14.294526 -0.410349 -0.463635 0.001663 0.012787 -0.721549
 37   15.834409 0.579420 -0.284600 -0.182270 -0.002314 0.569929
 38   1.139685 -3.453749 -2.823813 0.000000 0.000000 0.000001
 39   -4.457742 -1.054854 -0.746180 0.000000 0.000000 0.000000
 40   1.118101 -3.449769 3.237290 0.000000 0.000001 0.000000
 41   -4.433840 -1.059130 0.959566 -0.000001 0.000000 0.000000
 42   -0.657468 1.697302 -2.688614 0.000000 0.000002 0.000000
 43   -0.664068 1.698578 2.869377 0.000000 0.000002 0.000000
time 33
  0   -0.010486 -0.546892 -0.601210 0.000000 0.000000 -1.571449
  1   -1.093036 0.000002 -0.326057 -0.214108 -1.569036 -1.356583
  2   2.262337 0.113614 0.064702 -0.001046 -0.087738 0.358911
  3   2.380047 0.353302 0.047440 -0.041598 -0.000747 0.394235
  4   2.033756 0.190472 -0.000128 -0.127190 -0.021968 0.072469
  5   2.451511 0.204909 -0.003447 -0.333762 -0.026547 0.100164
  6   7.247600 -0.397300 -0.109469 0.000001 0.000021 0.156829
  7   -2.022252 -0.104661 3.136172 1.586072 -1.508848 -4.754850
  8   1.168026 -0.537438 -0.063437 1.598066 0.378782 0.781583
  9   6.790376 -0.619176 0.015206 0.038179 0.088546 -1.221669
 10   8.637599 0.544015 -0.090417 -2.805750 -0.191804 0.105068
 11   6.790465 -0.619039 0.017802 0.039628 0.046564 -0.870285
 12   -2.022474 -0.104699 -2.873818 0.121822 1.445243 -3.136933
 13   1.167898 -0.537463 0.063297 0.222270 -1.155390 -0.785348
 14   7.002743 -0.617765 -0.183752 0.035072 -0.202471 -1.800434
 15   8.209042 0.615527 -0.255885 1.822685 0.494448 0.195439
 16   7.002735 -0.617911 -0.183641 -0.001096 -0.143076 -1.274116
 17   1.574674 0.609930 -0.000899 0.345718 -0.427132 0.713673
 18   -0.602177 0.511412 -0.000006 0.000000 0.000000 0.000000
 19   3.673773 0.177020 1.119313 -0.000002 -0.000014 -0.174510
 20   3.673767 0.176993 -1.117566 0.000007 -0.000003 -0.174546
 21   3.868136 1.330634 1.627658 0.009853 -0.053762 0.110915
 22   -0.273405 -0.011889 0.477457 -0.000011 0.000031 0.000025
 23   3.868153 1.330659 -1.631083 -0.009844 0.053789 0.110864
 24   -0.265682 -0.011872 -0.485260 -0.000005 -0.000006 0.000048
 25   4.941364 1.997338 1.629330 0.000018 -0.000001 -0.000024
 26   4.941382 1.997366 -1.629410 -0.000001 0.000005 -0.000024
 27   2.937900 1.634890 1.514501 -0.002859 0.038544 -0.166880
 28   2.940330 1.634496 -1.501142 0.002850 -0.038575 -0.166933
 29   8.824059 0.150544 0.091743 0.000006 -0.000231 -0.174534
 30   2.111085 -0.561179 1.784320 -0.000008 -0.000682 0.000024
 31   2.121290 -0.561289 -1.853599 0.000000 0.000000 -0.000002
 32   -0.810489 -0.093824 3.127092 0.564080 -3.064347 -0.563586
 33   14.298673 -0.408176 0.475484 -0.006392 -0.009799 -0.413535
 34   15.835795 0.581398 0.242756 -0.007436 -0.212263 -0.117847
 35   -0.815868 -0.091229 -3.114430 -0.120039 3.021422 -0.057357
 36   14.294526 -0.410349 -0.463635 0.001663 0.012787 -0.721549
 37   15.834409 0.579420 -0.284600 -0.182270 -0.002314 0.569929
 38   1.139685 -3.453749 -2.823813 0.000000 0.000000 0.000001
 39   -4.457742 -1.054854 -0.746180 0.000000 0.000000 0.000000
 40   1.118101 -3.449769 3.237290 0.000000 0.000001 0.000000
 41   -4.433840 -1.059130 0.959566 -0.000001 0.000000 0.000000
 42   -0.657468 1.697302 -2.688614 0.000000 0.000002 0.000000
 43   -0.664068 1.698578 2.869377 0.000000 0.000002 0.000000
time 34
  0   -0.010486 -0.546892 -0.601210 0.000000 0.000000 -1.571449
  1   -1.093036 0.000002 -0.326057 -0.214108 -1.569036 -1.356583
  2   2.262337 0.113614 0.064702 -0.003568 -0.086971 0.357845
  3   2.380047 0.353302 0.047440 -0.041673 0.000068 0.394500
  4   2.033756 0.190472 -0.000128 -0.126692 -0.018348 0.069243
  5   2.451511 0.204909 -0.003447 -0.334566 -0.046666 0.102715
  6   7.247600 -0.397300 -0.109469 0.000001 0.000021 0.156829
  7   -2.022252 -0.104661 3.136172 0.942674 -1.504264 -4.155494
  8   1.168026 -0.537438 -0.063437 1.503778 0.413700 0.871476
  9   6.790376 -0.619176 0.015206 0.041674 0.069659 -1.032472
 10   8.637599 0.544015 -0.090417 -2.839127 -0.022867 0.018906
 11   6.790465 -0.619039 0.017802 0.037321 0.033460 -0.738152
 12   -2.022474 -0.104699 -2.873818 0.114924 1.442776 -3.158379
 13   1.167898 -0.537463 0.063297 0.207859 -1.174409 -0.773665
 14   7.002743 -0.617765 -0.183752 0.034787 -0.202301 -1.796969
 15   8.209042 0.615527 -0.255885 1.838001 0.491724 0.194056
 16   7.002735 -0.617911 -0.183641 -0.001190 -0.142907 -1.271798
 17   1.574674 0.609930 -0.000899 0.355832 -0.395229 0.659820
 18   -0.602177 0.511412 -0.000006 0.000000 0.000000 0.000000
 19   3.673773 0.177020 1.119313 -0.000002 -0.000014 -0.174510
 20   3.673767 0.176993 -1.117566 0.000007 -0.000003 -0.174546
 21   3.942357 1.330634 1.627658 0.000002 -0.000011 -0.000026
 22   -0.246060 -0.011889 0.516521 -0.000011 0.000031 0.000025
 23   3.942374 1.330659 -1.631083 0.000019 0.000002 -0.000024
 24   -0.246150 -0.011872 -0.516511 -0.000005 -0.000006 0.000048
 25   4.941364 1.997338 1.629330 0.000018 -0.000001 -0.000024
 26   4.941382 1.997366 -1.629410 -0.000001 0.000005 -0.000024
 27   2.918368 1.615358 1.514501 -0.000019 -0.000022 -0.000050
 28   2.920798 1.614964 -1.501142 -0.000002 -0.000009 -0.000024
 29   8.824059 0.150544 0.091743 0.000006 -0.000231 -0.174534
 30   2.111085 -0.561179 1.784320 -0.000008 -0.000682 0.000024
 31   2.121290 -0.561289 -1.853599 0.000000 0.000000 -0.000002
 32   -0.810489 -0.093824 3.127092 0.564080 -3.064347 -0.563586
 33   14.298673 -0.408176 0.475484 -0.006392 -0.009799 -0.413535
 34   15.835795 0.581398 0.242756 -0.007436 -0.212263 -0.117847
 35   -0.815868 -0.091229 -3.114430 -0.120039 3.021422 -0.057357
 36   14.294526 -0.410349 -0.463635 0.001663 0.012787 -0.721549
 37   15.834409 0.579420 -0.284600 -0.182270 -0.002314 0.569929
 38   1.139685 -3.453749 -2.823813 0.000000 0.000000 0.000001
 39   -4.457742 -1.054854 -0.746180 0.000000 0.000000 0.000000
 40   1.118101 -3.449769 3.237290 0.000000 0.000001 0.000000
 41   -4.433840 -1.059130 0.959566 -0.000001 0.000000 0.000000
 42   -0.657468 1.697302 -2.688614 0.000000 0.000002 0.000000
 43   -0.664068 1.698578 2.869377 0.000000 0.000002 0.000000
time 35
  0   -0.010486 -0.546892 -0.601210 0.000000 0.000000 -1.571449
  1   -1.093036 0.000002 -0.326057 -0.214108 -1.569036 -1.356583
  2   2.262337 0.113614 0.064702 -0.009045 -0.088422 0.356851
  3   2.380047 0.353302 0.047440 -0.045213 0.000092 0.395153
  4   2.033756 0.190472 -0.000128 -0.126139 -0.013830 0.067829
  5   2.451511 0.204909 -0.003447 -0.335131 -0.055674 0.104176
  6   7.247600 -0.397300 -0.109469 0.000001 0.000021 0.156829
  7   -2.022252 -0.104661 3.136172 0.673505 -1.481520 -3.915733
  8   1.168026 -0.537438 -0.063437 1.414236 0.482530 0.950425
  9   6.790376 -0.619176 0.015206 0.041452 0.050705 -0.843879
 10   8.637599 0.544015 -0.090417 -2.769379 0.073498 -0.036944
 11   6.790465 -0.619039 0.017802 0.033351 0.020839 -0.606192
 12   -2.022474 -0.104699 -2.873818 0.089247 1.450352 -3.195430
 13   1.167898 -0.537463 0.063297 0.208562 -1.186766 -0.776873
 14   7.002743 -0.617765 -0.183752 0.034560 -0.202301 -1.793916
 15   8.209042 0.615527 -0.255885 1.854322 0.490665 0.198747
 16   7.002735 -0.617911 -0.183641 -0.001284 -0.142794 -1.269645
 17   1.574674 0.609930 -0.000899 0.366434 -0.374828 0.597578
 18   -0.602177 0.511412 -0.000006 0.000000 0.000000 0.000000
 19   3.673773 0.177020 1.119313 -0.000002 -0.000014 -0.174510
 20   3.673767 0.176993 -1.117566 0.000007 -0.000003 -0.174546
 21   3.942357 1.330634 1.627658 0.000002 -0.000011 -0.000026
 22   -0.246060 -0.011889 0.516521 -0.000011 0.000031 0.000025
 23   3.942374 1.330659 -1.631083 0.000019 0.000002 -0.000024
 24   -0.246150 -0.011872 -0.516511 -0.000005 -0.000006 0.000048
 25   4.941364 1.997338 1.629330 0.000018 -0.000001 -0.000024
 26   4.941382 1.997366 -1.629410 -0.000001 0.000005 -0.000024
 27   2.918368 1.615358 1.514501 -0.000019 -0.000022 -0.000050
 28   2.920798 1.614964 -1.501142 -0.000002 -0.000009 -0.000024
 29   8.824059 0.150544 0.091743 0.000006 -0.000231 -0.174534
 30   2.111085 -0.561179 1.784320 -0.000008 -0.000682 0.000024
 31   2.121290 -0.561289 -1.853599 0.000000 0.000000 -0.000002
 32   -0.810489 -0.093824 3.127092 0.564080 -3.064347 -0.563586
 33   14.298673 -0.408176 0.475484 -0.006392 -0.009799 -0.413535
 34   15.835795 0.581398 0.242756 -0.007436 -0.212263 -0.117847
 35   -0.815868 -0.091229 -3.114430 -0.120039 3.021422 -0.057357
 36   14.294526 -0.410349 -0.463635 0.001663 0.012787 -0.721549
 37   15.834409 0.579420 -0.284600 -0.182270 -0.002314 0.569929
 38   1.139685 -3.453749 -2.823813 0.000000 0.000000 0.000001
 39   -4.457742 -1.054854 -0.746180 0.000000 0.000000 0.000000
 40   1.118101 -3.449769 3.237290 0.000000 0.000001 0.000000
 41   -4.433840 -1.059130 0.959566 -0.000001 0.000000 0.000000
 42   -0.657468 1.697302 -2.688614 0.000000 0.000002 0.000000
 43   -0.664068 1.698578 2.869377 0.000000 0.000002 0.000000
time 36
  0   -0.010486 -0.546892 -0.601210 0.000000 0.000000 -1.571449
  1   -1.093036 0.000002 -0.326057 -0.214108 -1.569036 -1.356583
  2   2.262337 0.113614 0.064702 -0.021209 -0.087834 0.359399
  3   2.380047 0.353302 0.047440 -0.053164 -0.000028 0.396010
  4   2.033756 0.190472 -0.000128 -0.127854 -0.010319 0.064966
  5   2.451511 0.204909 -0.003447 -0.337613 -0.061066 0.104300
  6   7.247600 -0.397300 -0.109469 0.000001 0.000021 0.156829
  7   -2.022252 -0.104661 3.136172 0.574196 -1.456787 -3.818438
  8   1.168026 -0.537438 -0.063437 1.365131 0.567511 0.901082
  9   6.790376 -0.619176 0.015206 0.038789 0.035354 -0.688793
 10   8.637599 0.544015 -0.090417 -2.740054 0.095178 0.005233
 11   6.790465 -0.619039 0.017802 0.028913 0.011089 -0.497763
 12   -2.022474 -0.104699 -2.873818 -0.007326 1.463238 -3.287821
 13   1.167898 -0.537463 0.063297 0.250036 -1.190529 -0.826572
 14   7.002743 -0.617765 -0.183752 0.034446 -0.202244 -1.792431
 15   8.209042 0.615527 -0.255885 1.860506 0.493237 0.201994
 16   7.002735 -0.617911 -0.183641 -0.001284 -0.142794 -1.268486
 17   1.574674 0.609930 -0.000899 0.392025 -0.376414 0.528091
 18   -0.602177 0.511412 -0.000006 0.000000 0.000000 0.000000
 19   3.673773 0.177020 1.119313 -0.000002 -0.000014 -0.174510
 20   3.673767 0.176993 -1.117566 0.000007 -0.000003 -0.174546
 21   3.942357 1.330634 1.627658 0.000002 -0.000011 -0.000026
 22   -0.246060 -0.011889 0.516521 -0.000011 0.000031 0.000025
 23   3.942374 1.330659 -1.631083 0.000019 0.000002 -0.000024
 24   -0.246150 -0.011872 -0.516511 -0.000005 -0.000006 0.000048
 25   4.941364 1.997338 1.629330 0.000018 -0.000001 -0.000024
 26   4.941382 1.997366 -1.629410 -0.000001 0.000005 -0.000024
 27   2.918368 1.615358 1.514501 -0.000019 -0.000022 -0.000050
 28   2.920798 1.614964 -1.501142 -0.000002 -0.000009 -0.000024
 29   8.824059 0.150544 0.091743 0.000006 -0.000231 -0.174534
 30   2.111085 -0.561179 1.784320 -0.000008 -0.000682 0.000024
 31   2.121290 -0.561289 -1.853599 0.000000 0.000000 -0.000002
 32   -0.810489 -0.093824 3.127092 0.564080 -3.064347 -0.563586
 33   14.298673 -0.408176 0.475484 -0.006392 -0.009799 -0.413535
 34   15.835795 0.581398 0.242756 -0.007436 -0.212263 -0.117847
 35   -0.815868 -0.091229 -3.114430 -0.120039 3.021422 -0.057357
 36   14.294526 -0.410349 -0.463635 0.001663 0.012787 -0.721549
 37   15.834409 0.579420 -0.284600 -0.182270 -0.002314 0.569929
 38   1.139685 -3.453749 -2.823813 0.000000 0.000000 0.000001
 39   -4.457742 -1.054854 -0.746180 0.000000 0.000000 0.000000
 40   1.118101 -3.449769 3.237290 0.000000 0.000001 0.000000
 41   -4.433840 -1.059130 0.959566 -0.000001 0.000000 0.000000
 42   -0.657468 1.697302 -2.688614 0.000000 0.000002 0.000000
 43   -0.664068 1.698578 2.869377 0.000000 0.000002 0.000000
time 37
  0   -0.010486 -0.546892 -0.601210 0.000000 0.000000 -1.571449
  1   -1.093036 0.000002 -0.326057 -0.214108 -1.569036 -1.356583
  2   2.262337 0.113614 0.064702 -0.036494 -0.087547 0.367079
  3   2.380047 0.353302 0.047440 -0.062569 -0.000316 0.396847
  4   2.033756 0.190472 -0.000128 -0.130510 -0.010139 0.059964
  5   2.451511 0.204909 -0.003447 -0.340711 -0.062176 0.101006
  6   7.247600 -0.397300 -0.109469 0.000001 0.000021 0.156829
  7   -2.022252 -0.104661 3.136172 0.563939 -1.434361 -3.798717
  8   1.168026 -0.537438 -0.063437 1.352854 0.622857 0.771461
  9   6.790376 -0.619176 0.015206 0.037125 0.029882 -0.630532
 10   8.637599 0.544015 -0.090417 -2.862376 0.104892 0.034822
 11   6.790465 -0.619039 0.017802 0.026986 0.007536 -0.456814
 12   -2.022474 -0.104699 -2.873818 -0.070271 1.473629 -3.339138
 13   1.167898 -0.537463 0.063297 0.307536 -1.186817 -0.900122
 14   7.002743 -0.617765 -0.183752 0.034560 -0.202301 -1.793421
 15   8.209042 0.615527 -0.255885 1.862016 0.489530 0.204159
 16   7.002735 -0.617911 -0.183641 -0.001284 -0.142794 -1.269314
 17   1.574674 0.609930 -0.000899 0.439104 -0.384011 0.442305
 18   -0.602177 0.511412 -0.000006 0.000000 0.000000 0.000000
 19   3.673773 0.177020 1.119313 -0.000002 -0.000014 -0.174510
 20   3.673767 0.176993 -1.117566 0.000007 -0.000003 -0.174546
 21   3.942357 1.330634 1.627658 0.000002 -0.000011 -0.000026
 22   -0.246060 -0.011889 0.516521 -0.000011 0.000031 0.000025
 23   3.942374 1.330659 -1.631083 0.000019 0.000002 -0.000024
 24   -0.246150 -0.011872 -0.516511 -0.000005 -0.000006 0.000048
 25   4.941364 1.997338 1.629330 0.000018 -0.000001 -0.000024
 26   4.941382 1.997366 -1.629410 -0.000001 0.000005 -0.000024
 27   2.918368 1.615358 1.514501 -0.000019 -0.000022 -0.000050
 28   2.920798 1.614964 -1.501142 -0.000002 -0.000009 -0.000024
 29   8.824059 0.150544 0.091743 0.000006 -0.000231 -0.174534
 30   2.111085 -0.561179 1.784320 -0.000008 -0.000682 0.000024
 31   2.121290 -0.561289 -1.853599 0.000000 0.000000 -0.000002
 32   -0.810489 -0.093824 3.127092 0.564080 -3.064347 -0.563586
 33   14.298673 -0.408176 0.475484 -0.006392 -0.009799 -0.413535
 34   15.835795 0.581398 0.242756 -0.007436 -0.212263 -0.117847
 35   -0.815868 -0.091229 -3.114430 -0.120039 3.021422 -0.057357
 36   14.294526 -0.410349 -0.463635 0.001663 0.012787 -0.721549
 37   15.834409 0.579420 -0.284600 -0.182270 -0.002314 0.569929
 38   1.139685 -3.453749 -2.823813 0.000000 0.000000 0.000001
 39   -4.457742 -1.054854 -0.746180 0.000000 0.000000 0.000000
 40   1.118101 -3.449769 3.237290 0.000000 0.000001 0.000000
 41   -4.433840 -1.059130 0.959566 -0.000001 0.000000 0.000000
 42   -0.657468 1.697302 -2.688614 0.000000 0.000002 0.000000
 43   -0.664068 1.698578 2.869377 0.000000 0.000002 0.000000
time 38
  0   -0.010486 -0.546892 -0.601210 0.000000 0.000000 -1.571449
  1   -1.093036 0.000002 -0.326057 -0.214108 -1.569036 -1.356583
  2   2.262337 0.113614 0.064702 -0.047117 -0.090651 0.374307
  3   2.380047 0.353302 0.047440 -0.069920 -0.003971 0.397520
  4   2.033756 0.190472 -0.000128 -0.132354 -0.010055 0.055868
  5   2.451511 0.204909 -0.003447 -0.343039 -0.050478 0.094938
  6   7.247600 -0.397300 -0.109469 0.000001 0.000021 0.156829
  7   -2.022252 -0.104661 3.136172 0.603720 -1.409282 -3.838536
  8   1.168026 -0.537438 -0.063437 1.281664 0.674127 0.735656
  9   6.790376 -0.619176 0.015206 0.038290 0.033486 -0.669247
 10   8.637599 0.544015 -0.090417 -2.965147 0.133541 0.015072
 11   6.790465 -0.619039 0.017802 0.028300 0.009895 -0.483921
 12   -2.022474 -0.104699 -2.873818 -0.014416 1.477054 -3.268864
 13   1.167898 -0.537463 0.063297 0.336779 -1.173341 -0.946310
 14   7.002743 -0.617765 -0.183752 0.034730 -0.202301 -1.795896
 15   8.209042 0.615527 -0.255885 1.861081 0.486201 0.200792
 16   7.002735 -0.617911 -0.183641 -0.001237 -0.142907 -1.270970
 17   1.574674 0.609930 -0.000899 0.481592 -0.378118 0.364132
 18   -0.602177 0.511412 -0.000006 0.000000 0.000000 0.000000
 19   3.673773 0.177020 1.119313 -0.000002 -0.000014 -0.174510
 20   3.673767 0.176993 -1.117566 0.000007 -0.000003 -0.174546
 21   3.942357 1.330634 1.627658 0.000002 -0.000011 -0.000026
 22   -0.246060 -0.011889 0.516521 -0.000011 0.000031 0.000025
 23   3.942374 1.330659 -1.631083 0.000019 0.000002 -0.000024
 24   -0.246150 -0.011872 -0.516511 -0.000005 -0.000006 0.000048
 25   4.941364 1.997338 1.629330 0.000018 -0.000001 -0.000024
 26   4.941382 1.997366 -1.629410 -0.000001 0.000005 -0.000024
 27   2.918368 1.615358 1.514501 -0.000019 -0.000022 -0.000050
 28   2.920798 1.614964 -1.501142 -0.000002 -0.000009 -0.000024
 29   8.824059 0.150544 0.091743 0.000006 -0.000231 -0.174534
 30   2.111085 -0.561179 1.784320 -0.000008 -0.000682 0.000024
 31   2.121290 -0.561289 -1.853599 0.000000 0.000000 -0.000002
 32   -0.810489 -0.093824 3.127092 0.564080 -3.064347 -0.563586
 33   14.298673 -0.408176 0.475484 -0.006392 -0.009799 -0.413535
 34   15.835795 0.581398 0.242756 -0.007436 -0.212263 -0.117847
 35   -0.815868 -0.091229 -3.114430 -0.120039 3.021422 -0.057357
 36   14.294526 -0.410349 -0.463635 0.001663 0.012787 -0.721549
 37   15.834409 0.579420 -0.284600 -0.182270 -0.002314 0.569929
 38   1.139685 -3.453749 -2.823813 0.000000 0.000000 0.000001
 39   -4.457742 -1.054854 -0.746180 0.000000 0.000000 0.000000
 40   1.118101 -3.449769 3.237290 0.000000 0.000001 0.000000
 41   -4.433840 -1.059130 0.959566 -0.000001 0.000000 0.000000
 42   -0.657468 1.697302 -2.688614 0.000000 0.000002 0.000000
 43   -0.664068 1.698578 2.869377 0.000000 0.000002 0.000000
time 39
  0   -0.010486 -0.546892 -0.601210 0.000000 0.000000 -1.571449
  1   -1.093036 0.000002 -0.326057 -0.214108 -1.569036 -1.356583
  2   2.262337 0.113614 0.064702 -0.054594 -0.094941 0.375193
  3   2.380047 0.353302 0.047440 -0.075395 -0.006787 0.397806
  4   2.033756 0.190472 -0.000128 -0.133774 -0.009707 0.057173
  5   2.451511 0.204909 -0.003447 -0.344511 -0.032957 0.091942
  6   7.247600 -0.397300 -0.109469 0.000001 0.000021 0.156829
  7   -2.022252 -0.104661 3.136172 0.691238 -1.390199 -3.945597
  8   1.168026 -0.537438 -0.063437 1.187186 0.736014 0.715729
  9   6.790376 -0.619176 0.015206 0.040731 0.044565 -0.783052
 10   8.637599 0.544015 -0.090417 -3.081657 0.197596 -0.012853
 11   6.790465 -0.619039 0.017802 0.031745 0.016973 -0.563628
 12   -2.022474 -0.104699 -2.873818 -0.052260 1.489998 -3.309649
 13   1.167898 -0.537463 0.063297 0.351119 -1.174409 -0.967255
 14   7.002743 -0.617765 -0.183752 0.034617 -0.202130 -1.794906
 15   8.209042 0.615527 -0.255885 1.860362 0.486428 0.197123
 16   7.002735 -0.617911 -0.183641 -0.001237 -0.142794 -1.270197
 17   1.574674 0.609930 -0.000899 0.509580 -0.374473 0.299155
 18   -0.602177 0.511412 -0.000006 0.000000 0.000000 0.000000
 19   3.673773 0.177020 1.119313 -0.000002 -0.000014 -0.174510
 20   3.673767 0.176993 -1.117566 0.000007 -0.000003 -0.174546
 21   3.942357 1.330634 1.627658 0.000002 -0.000011 -0.000026
 22   -0.246060 -0.011889 0.516521 -0.000011 0.000031 0.000025
 23   3.942374 1.330659 -1.631083 0.000019 0.000002 -0.000024
 24   -0.246150 -0.011872 -0.516511 -0.000005 -0.000006 0.000048
 25   4.941364 1.997338 1.629330 0.000018 -0.000001 -0.000024
 26   4.941382 1.997366 -1.629410 -0.000001 0.000005 -0.000024
 27   2.918368 1.615358 1.514501 -0.000019 -0.000022 -0.000050
 28   2.920798 1.614964 -1.501142 -0.000002 -0.000009 -0.000024
 29   8.824059 0.150544 0.091743 0.000006 -0.000231 -0.174534
 30   2.111085 -0.561179 1.784320 -0.000008 -0.000682 0.000024
 31   2.121290 -0.561289 -1.853599 0.000000 0.000000 -0.000002
 32   -0.810489 -0.093824 3.127092 0.564080 -3.064347 -0.563586
 33   14.298673 -0.408176 0.475484 -0.006392 -0.009799 -0.413535
 34   15.835795 0.581398 0.242756 -0.007436 -0.212263 -0.117847
 35   -0.815868 -0.091229 -3.114430 -0.120039 3.021422 -0.057357
 36   14.294526 -0.410349 -0.463635 0.001663 0.012787 -0.721549
 37   15.834409 0.579420 -0.284600 -0.182270 -0.002314 0.569929
 38   1.139685 -3.453749 -2.823813 0.000000 0.000000 0.000001
 39   -4.457742 -1.054854 -0.746180 0.000000 0.000000 0.000000
 40   1.118101 -3.449769 3.237290 0.000000 0.000001 0.000000
 41   -4.433840 -1.059130 0.959566 -0.000001 0.000000 0.000000
 42   -0.657468 1.697302 -2.688614 0.000000 0.000002 0.000000
 43   -0.664068 1.698578 2.869377 0.000000 0.000002 0.000000
time 40
  0   -0.010486 -0.546892 -0.601210 0.000000 0.000000 -1.571449
  1   -1.093036 0.000002 -0.326057 -0.214108 -1.569036 -1.356583
  2   2.262337 0.113614 0.064702 -0.060352 -0.098237 0.370982
  3   2.380047 0.353302 0.047440 -0.079385 -0.007650 0.397663
  4   2.033756 0.190472 -0.000128 -0.135231 -0.009300 0.061305
  5   2.451511 0.204909 -0.003447 -0.345401 -0.019967 0.089713
  6   7.247600 -0.397300 -0.109469 0.000001 0.000021 0.156829
  7   -2.022252 -0.104661 3.136172 0.737154 -1.376967 -4.019038
  8   1.168026 -0.537438 -0.063437 1.042147 0.801825 0.613120
  9   6.790376 -0.619176 0.015206 0.042007 0.060716 -0.943873
 10   8.637599 0.544015 -0.090417 -3.223970 0.226808 -0.051847
 11   6.790465 -0.619039 0.017802 0.035657 0.027462 -0.676209
 12   -2.022474 -0.104699 -2.873818 -0.268880 1.503465 -3.537226
 13   1.167898 -0.537463 0.063297 0.357515 -1.187122 -0.969495
 14   7.002743 -0.617765 -0.183752 0.034104 -0.202017 -1.788223
 15   8.209042 0.615527 -0.255885 1.860219 0.483326 0.195620
 16   7.002735 -0.617911 -0.183641 -0.001425 -0.142512 -1.265616
 17   1.574674 0.609930 -0.000899 0.527412 -0.373976 0.259385
 18   -0.602177 0.511412 -0.000006 0.000000 0.000000 0.000000
 19   3.673773 0.177020 1.119313 -0.000002 -0.000014 -0.174510
 20   3.673767 0.176993 -1.117566 0.000007 -0.000003 -0.174546
 21   3.942357 1.330634 1.627658 0.000002 -0.000011 -0.000026
 22   -0.246060 -0.011889 0.516521 -0.000011 0.000031 0.000025
 23   3.942374 1.330659 -1.631083 0.000019 0.000002 -0.000024
 24   -0.246150 -0.011872 -0.516511 -0.000005 -0.000006 0.000048
 25   4.941364 1.997338 1.629330 0.000018 -0.000001 -0.000024
 26   4.941382 1.997366 -1.629410 -0.000001 0.000005 -0.000024
 27   2.918368 1.615358 1.514501 -0.000019 -0.000022 -0.000050
 28   2.920798 1.614964 -1.501142 -0.000002 -0.000009 -0.000024
 29   8.824059 0.150544 0.091743 0.000006 -0.000231 -0.174534
 30   2.111085 -0.561179 1.784320 -0.000008 -0.000682 0.000024
 31   2.121290 -0.561289 -1.853599 0.000000 0.000000 -0.000002
 32   -0.810489 -0.093824 3.127092 0.564080 -3.064347 -0.563586
 33   14.298673 -0.408176 0.475484 -0.006392 -0.009799 -0.413535
 34   15.835795 0.581398 0.242756 -0.007436 -0.212263 -0.117847
 35   -0.815868 -0.091229 -3.114430 -0.120039 3.021422 -0.057357
 36   14.294526 -0.410349 -0.463635 0.001663 0.012787 -0.721549
 37   15.834409 0.579420 -0.284600 -0.182270 -0.002314 0.569929
 38   1.139685 -3.453749 -2.823813 0.000000 0.000000 0.000001
 39   -4.457742 -1.054854 -0.746180 0.000000 0.000000 0.000000
 40   1.118101 -3.449769 3.237290 0.000000 0.000001 0.000000
 41   -4.433840 -1.059130 0.959566 -0.000001 0.000000 0.000000
 42   -0.657468 1.697302 -2.688614 0.000000 0.000002 0.000000
 43   -0.664068 1.698578 2.869377 0.000000 0.000002 0.000000
time 41
  0   -0.010486 -0.546892 -0.601210 0.000000 0.000000 -1.571449
  1   -1.093036 0.000002 -0.326057 -0.214108 -1.569036 -1.356583
  2   2.262337 0.113614 0.064702 -0.062351 -0.099316 0.363736
  3   2.380047 0.353302 0.047440 -0.081575 -0.007998 0.396561
  4   2.033756 0.190472 -0.000128 -0.136135 -0.009000 0.063661
  5   2.451511 0.204909 -0.003447 -0.345778 -0.016207 0.088995
  6   7.247600 -0.397300 -0.109469 0.000001 0.000021 0.156829
  7   -2.022252 -0.104661 3.136172 0.749041 -1.373652 -4.053222
  8   1.168026 -0.537438 -0.063437 0.821172 0.866730 0.418721
  9   6.790376 -0.619176 0.015206 0.040842 0.076466 -1.100619
 10   8.637599 0.544015 -0.090417 -3.342241 0.221951 -0.070946
 11   6.790465 -0.619039 0.017802 0.038343 0.038093 -0.785676
 12   -2.022474 -0.104699 -2.873818 -0.479368 1.504452 -3.755229
 13   1.167898 -0.537463 0.063297 0.348096 -1.201564 -0.957509
 14   7.002743 -0.617765 -0.183752 0.033364 -0.202017 -1.779890
 15   8.209042 0.615527 -0.255885 1.861009 0.481510 0.193876
 16   7.002735 -0.617911 -0.183641 -0.001661 -0.142343 -1.259821
 17   1.574674 0.609930 -0.000899 0.534886 -0.370450 0.246189
 18   -0.602177 0.511412 -0.000006 0.000000 0.000000 0.000000
 19   3.673773 0.177020 1.119313 -0.000002 -0.000014 -0.174510
 20   3.673767 0.176993 -1.117566 0.000007 -0.000003 -0.174546
 21   3.942357 1.330634 1.627658 0.000002 -0.000011 -0.000026
 22   -0.246060 -0.011889 0.516521 -0.000011 0.000031 0.000025
 23   3.942374 1.330659 -1.631083 0.000019 0.000002 -0.000024
 24   -0.246150 -0.011872 -0.516511 -0.000005 -0.000006 0.000048
 25   4.941364 1.997338 1.629330 0.000018 -0.000001 -0.000024
 26   4.941382 1.997366 -1.629410 -0.000001 0.000005 -0.000024
 27   2.918368 1.615358 1.514501 -0.000019 -0.000022 -0.000050
 28   2.920798 1.614964 -1.501142 -0.000002 -0.000009 -0.000024
 29   8.824059 0.150544 0.091743 0.000006 -0.000231 -0.174534
 30   2.111085 -0.561179 1.784320 -0.000008 -0.000682 0.000024
 31   2.121290 -0.561289 -1.853599 0.000000 0.000000 -0.000002
 32   -0.810489 -0.093824 3.127092 0.564080 -3.064347 -0.563586
 33   14.298673 -0.408176 0.475484 -0.006392 -0.009799 -0.413535
 34   15.835795 0.581398 0.242756 -0.007436 -0.212263 -0.117847
 35   -0.815868 -0.091229 -3.114430 -0.120039 3.021422 -0.057357
 36   14.294526 -0.410349 -0.463635 0.001663 0.012787 -0.721549
 37   15.834409 0.579420 -0.284600 -0.182270 -0.002314 0.569929
 38   1.139685 -3.453749 -2.823813 0.000000 0.000000 0.000001
 39   -4.457742 -1.054854 -0.746180 0.000000 0.000000 0.000000
 40   1.118101 -3.449769 3.237290 0.000000 0.000001 0.000000
 41   -4.433840 -1.059130 0.959566 -0.000001 0.000000 0.000000
 42   -0.657468 1.697302 -2.688614 0.000000 0.000002 0.000000
 43   -0.664068 1.698578 2.869377 0.000000 0.000002 0.000000
time 42
  0   -0.010486 -0.546892 -0.601210 0.000000 0.000000 -1.571449
  1   -1.093036 0.000002 -0.326057 -0.214108 -1.569036 -1.356583
  2   2.262337 0.113614 0.064702 -0.064631 -0.099615 0.361513
  3   2.380047 0.353302 0.047440 -0.083196 -0.008873 0.389909
  4   2.033756 0.190472 -0.000128 -0.136854 -0.011649 0.057318
  5   2.451511 0.204909 -0.003447 -0.346086 -0.021899 0.087410
  6   7.247600 -0.397300 -0.109469 0.000001 0.000021 0.156829
  7   -2.022252 -0.104661 3.136172 0.729006 -1.377573 -4.040731
  8   1.168026 -0.537438 -0.063437 0.544257 0.885900 0.131329
  9   6.790376 -0.619176 0.015206 0.037014 0.092084 -1.257516
 10   8.637599 0.544015 -0.090417 -3.475131 0.159726 -0.094892
 11   6.790465 -0.619039 0.017802 0.039891 0.049065 -0.895201
 12   -2.022474 -0.104699 -2.873818 -0.459152 1.491391 -3.729283
 13   1.167898 -0.537463 0.063297 0.314355 -1.210057 -0.929905
 14   7.002743 -0.617765 -0.183752 0.032738 -0.201846 -1.771227
 15   8.209042 0.615527 -0.255885 1.865539 0.475987 0.179924
 16   7.002735 -0.617911 -0.183641 -0.001943 -0.142061 -1.253805
 17   1.574674 0.609930 -0.000899 0.530377 -0.366615 0.264190
 18   -0.602177 0.511412 -0.000006 0.000000 0.000000 0.000000
 19   3.673773 0.177020 1.119313 -0.000002 -0.000014 -0.174510
 20   3.673767 0.176993 -1.117566 0.000007 -0.000003 -0.174546
 21   3.942357 1.330634 1.627658 0.000002 -0.000011 -0.000026
 22   -0.246060 -0.011889 0.516521 -0.000011 0.000031 0.000025
 23   3.942374 1.330659 -1.631083 0.000019 0.000002 -0.000024
 24   -0.246150 -0.011872 -0.516511 -0.000005 -0.000006 0.000048
 25   4.941364 1.997338 1.629330 0.000018 -0.000001 -0.000024
 26   4.941382 1.997366 -1.629410 -0.000001 0.000005 -0.000024
 27   2.918368 1.615358 1.514501 -0.000019 -0.000022 -0.000050
 28   2.920798 1.614964 -1.501142 -0.000002 -0.000009 -0.000024
 29   8.824059 0.150544 0.091743 0.000006 -0.000231 -0.174534
 30   2.111085 -0.561179 1.784320 -0.000008 -0.000682 0.000024
 31   2.121290 -0.561289 -1.853599 0.000000 0.000000 -0.000002
 32   -0.810489 -0.093824 3.127092 0.564080 -3.064347 -0.563586
 33   14.298673 -0.408176 0.475484 -0.006392 -0.009799 -0.413535
 34   15.835795 0.581398 0.242756 -0.007436 -0.212263 -0.117847
 35   -0.815868 -0.091229 -3.114430 -0.120039 3.021422 -0.057357
 36   14.294526 -0.410349 -0.463635 0.001663 0.012787 -0.721549
 37   15.834409 0.579420 -0.284600 -0.182270 -0.002314 0.569929
 38   1.139685 -3.453749 -2.823813 0.000000 0.000000 0.000001
 39   -4.457742 -1.054854 -0.746180 0.000000 0.000000 0.000000
 40   1.118101 -3.449769 3.237290 0.000000 0.000001 0.000000
 41   -4.433840 -1.059130 0.959566 -0.000001 0.000000 0.000000
 42   -0.657468 1.697302 -2.688614 0.000000 0.000002 0.000000
 43   -0.664068 1.698578 2.869377 0.000000 0.000002 0.000000
time 43
  0   -0.010486 -0.546892 -0.601210 0.000000 0.000000 -1.571449
  1   -1.093036 0.000002 -0.326057 -0.214108 -1.569036 -1.356583
  2   2.262337 0.113614 0.064702 -0.066771 -0.099639 0.360302
  3   2.380047 0.353302 0.047440 -0.084111 -0.009760 0.383522
  4   2.033756 0.190472 -0.000128 -0.137684 -0.016479 0.051518
  5   2.451511 0.204909 -0.003447 -0.345846 -0.020124 0.082754
  6   7.247600 -0.397300 -0.109469 0.000001 0.000021 0.156829
  7   -2.022252 -0.104661 3.136172 0.733703 -1.382848 -4.062050
  8   1.168026 -0.537438 -0.063437 0.298602 0.872416 -0.110010
  9   6.790376 -0.619176 0.015206 0.033130 0.102629 -1.366189
 10   8.637599 0.544015 -0.090417 -3.521629 0.086731 -0.050617
 11   6.790465 -0.619039 0.017802 0.040212 0.056740 -0.971101
 12   -2.022474 -0.104699 -2.873818 -0.533499 1.489244 -3.801759
 13   1.167898 -0.537463 0.063297 0.300226 -1.229177 -0.914166
 14   7.002743 -0.617765 -0.183752 0.032168 -0.201790 -1.765204
 15   8.209042 0.615527 -0.255885 1.855904 0.477802 0.170663
 16   7.002735 -0.617911 -0.183641 -0.002132 -0.141892 -1.249610
 17   1.574674 0.609930 -0.000899 0.521522 -0.370663 0.285812
 18   -0.602177 0.511412 -0.000006 0.000000 0.000000 0.000000
 19   3.673773 0.177020 1.119313 -0.000002 -0.000014 -0.174510
 20   3.673767 0.176993 -1.117566 0.000007 -0.000003 -0.174546
 21   3.942357 1.330634 1.627658 0.000002 -0.000011 -0.000026
 22   -0.246060 -0.011889 0.516521 -0.000011 0.000031 0.000025
 23   3.942374 1.330659 -1.631083 0.000019 0.000002 -0.000024
 24   -0.246150 -0.011872 -0.516511 -0.000005 -0.000006 0.000048
 25   4.941364 1.997338 1.629330 0.000018 -0.000001 -0.000024
 26   4.941382 1.997366 -1.629410 -0.000001 0.000005 -0.000024
 27   2.918368 1.615358 1.514501 -0.000019 -0.000022 -0.000050
 28   2.920798 1.614964 -1.501142 -0.000002 -0.000009 -0.000024
 29   8.824059 0.150544 0.091743 0.000006 -0.000231 -0.174534
 30   2.111085 -0.561179 1.784320 -0.000008 -0.000682 0.000024
 31   2.121290 -0.561289 -1.853599 0.000000 0.000000 -0.000002
 32   -0.810489 -0.093824 3.127092 0.564080 -3.064347 -0.563586
 33   14.298673 -0.408176 0.475484 -0.006392 -0.009799 -0.413535
 34   15.835795 0.581398 0.242756 -0.007436 -0.212263 -0.117847
 35   -0.815868 -0.091229 -3.114430 -0.120039 3.021422 -0.057357
 36   14.294526 -0.410349 -0.463635 0.001663 0.012787 -0.721549
 37   15.834409 0.579420 -0.284600 -0.182270 -0.002314 0.569929
 38   1.139685 -3.453749 -2.823813 0.000000 0.000000 0.000001
 39   -4.457742 -1.054854 -0.746180 0.000000 0.000000 0.000000
 40   1.118101 -3.449769 3.237290 0.000000 0.000001 0.000000
 41   -4.433840 -1.059130 0.959566 -0.000001 0.000000 0.000000
 42   -0.657468 1.697302 -2.688614 0.000000 0.000002 0.000000
 43   -0.664068 1.698578 2.869377 0.000000 0.000002 0.000000
time 44
  0   -0.010486 -0.546892 -0.601210 0.000000 0.000000 -1.571449
  1   -1.093036 0.000002 -0.326057 -0.214108 -1.569036 -1.356583
  2   2.262337 0.113614 0.064702 -0.068313 -0.099567 0.359941
  3   2.380047 0.353302 0.047440 -0.084621 -0.010491 0.379849
  4   2.033756 0.190472 -0.000128 -0.138145 -0.018456 0.047495
  5   2.451511 0.204909 -0.003447 -0.345829 -0.020502 0.080104
  6   7.247600 -0.397300 -0.109469 0.000001 0.000021 0.156829
  7   -2.022252 -0.104661 3.136172 0.758435 -1.388930 -4.092478
  8   1.168026 -0.537438 -0.063437 0.210452 0.862504 -0.189275
  9   6.790376 -0.619176 0.015206 0.030800 0.105098 -1.395093
 10   8.637599 0.544015 -0.090417 -3.513087 0.066529 -0.022475
 11   6.790465 -0.619039 0.017802 0.039394 0.058815 -0.991287
 12   -2.022474 -0.104699 -2.873818 -0.619342 1.489215 -3.890894
 13   1.167898 -0.537463 0.063297 0.304233 -1.246772 -0.906781
 14   7.002743 -0.617765 -0.183752 0.032396 -0.202017 -1.767762
 15   8.209042 0.615527 -0.255885 1.833183 0.488697 0.184374
 16   7.002735 -0.617911 -0.183641 -0.002037 -0.142174 -1.251542
 17   1.574674 0.609930 -0.000899 0.514982 -0.371704 0.295496
 18   -0.602177 0.511412 -0.000006 0.000000 0.000000 0.000000
 19   3.673773 0.177020 1.119313 -0.000002 -0.000014 -0.174510
 20   3.673767 0.176993 -1.117566 0.000007 -0.000003 -0.174546
 21   3.942357 1.330634 1.627658 0.000002 -0.000011 -0.000026
 22   -0.246060 -0.011889 0.516521 -0.000011 0.000031 0.000025
 23   3.942374 1.330659 -1.631083 0.000019 0.000002 -0.000024
 24   -0.246150 -0.011872 -0.516511 -0.000005 -0.000006 0.000048
 25   4.941364 1.997338 1.629330 0.000018 -0.000001 -0.000024
 26   4.941382 1.997366 -1.629410 -0.000001 0.000005 -0.000024
 27   2.918368 1.615358 1.514501 -0.000019 -0.000022 -0.000050
 28   2.920798 1.614964 -1.501142 -0.000002 -0.000009 -0.000024
 29   8.824059 0.150544 0.091743 0.000006 -0.000231 -0.174534
 30   2.111085 -0.561179 1.784320 -0.000008 -0.000682 0.000024
 31   2.121290 -0.561289 -1.853599 0.000000 0.000000 -0.000002
 32   -0.810489 -0.093824 3.127092 0.564080 -3.064347 -0.563586
 33   14.298673 -0.408176 0.475484 -0.006392 -0.009799 -0.413535
 34   15.835795 0.581398 0.242756 -0.007436 -0.212263 -0.117847
 35   -0.815868 -0.091229 -3.114430 -0.120039 3.021422 -0.057357
 36   14.294526 -0.410349 -0.463635 0.001663 0.012787 -0.721549
 37   15.834409 0.579420 -0.284600 -0.182270 -0.002314 0.569929
 38   1.139685 -3.453749 -2.823813 0.000000 0.000000 0.000001
 39   -4.457742 -1.054854 -0.746180 0.000000 0.000000 0.000000
 40   1.118101 -3.449769 3.237290 0.000000 0.000001 0.000000
 41   -4.433840 -1.059130 0.959566 -0.000001 0.000000 0.000000
 42   -0.657468 1.697302 -2.688614 0.000000 0.000002 0.000000
 43   -0.664068 1.698578 2.869377 0.000000 0.000002 0.000000
time 45
  0   -0.010486 -0.546892 -0.601210 0.000000 0.000000 -1.571449
  1   -1.093036 0.000002 -0.326057 -0.214108 -1.569036 -1.356583
  2   2.262337 0.113614 0.064702 -0.068924 -0.099591 0.360049
  3   2.380047 0.353302 0.047440 -0.084891 -0.011102 0.377829
  4   2.033756 0.190472 -0.000128 -0.138569 -0.020565 0.045646
  5   2.451511 0.204909 -0.003447 -0.345778 -0.020502 0.080104
  6   7.247600 -0.397300 -0.109469 0.000001 0.000021 0.156829
  7   -2.022252 -0.104661 3.136172 0.755655 -1.390256 -4.083462
  8   1.168026 -0.537438 -0.063437 0.279491 0.864416 -0.153976
  9   6.790376 -0.619176 0.015206 0.029968 0.105966 -1.402489
 10   8.637599 0.544015 -0.090417 -3.541444 0.078425 -0.027105
 11   6.790465 -0.619039 0.017802 0.039073 0.059554 -0.996420
 12   -2.022474 -0.104699 -2.873818 -0.647413 1.480943 -3.920095
 13   1.167898 -0.537463 0.063297 0.292704 -1.240772 -0.880993
 14   7.002743 -0.617765 -0.183752 0.032396 -0.201960 -1.767267
 15   8.209042 0.615527 -0.255885 1.828653 0.477802 0.185216
 16   7.002735 -0.617911 -0.183641 -0.002084 -0.142061 -1.251045
 17   1.574674 0.609930 -0.000899 0.508361 -0.368580 0.299672
 18   -0.602177 0.511412 -0.000006 0.000000 0.000000 0.000000
 19   3.673773 0.177020 1.119313 -0.000002 -0.000014 -0.174510
 20   3.673767 0.176993 -1.117566 0.000007 -0.000003 -0.174546
 21   3.942357 1.330634 1.627658 0.000002 -0.000011 -0.000026
 22   -0.246060 -0.011889 0.516521 -0.000011 0.000031 0.000025
 23   3.942374 1.330659 -1.631083 0.000019 0.000002 -0.000024
 24   -0.246150 -0.011872 -0.516511 -0.000005 -0.000006 0.000048
 25   4.941364 1.997338 1.629330 0.000018 -0.000001 -0.000024
 26   4.941382 1.997366 -1.629410 -0.000001 0.000005 -0.000024
 27   2.918368 1.615358 1.514501 -0.000019 -0.000022 -0.000050
 28   2.920798 1.614964 -1.501142 -0.000002 -0.000009 -0.000024
 29   8.824059 0.150544 0.091743 0.000006 -0.000231 -0.174534
 30   2.111085 -0.561179 1.784320 -0.000008 -0.000682 0.000024
 31   2.121290 -0.561289 -1.853599 0.000000 0.000000 -0.000002
 32   -0.810489 -0.093824 3.127092 0.564080 -3.064347 -0.563586
 33   14.298673 -0.408176 0.475484 -0.006392 -0.009799 -0.413535
 34   15.835795 0.581398 0.242756 -0.007436 -0.212263 -0.117847
 35   -0.815868 -0.091229 -3.114430 -0.120039 3.021422 -0.057357
 36   14.294526 -0.410349 -0.463635 0.001663 0.012787 -0.721549
 37   15.834409 0.579420 -0.284600 -0.182270 -0.002314 0.569929
 38   1.139685 -3.453749 -2.823813 0.000000 0.000000 0.000001
 39   -4.457742 -1.054854 -0.746180 0.000000 0.000000 0.000000
 40   1.118101 -3.449769 3.237290 0.000000 0.000001 0.000000
 41   -4.433840 -1.059130 0.959566 -0.000001 0.000000 0.000000
 42   -0.657468 1.697302 -2.688614 0.000000 0.000002 0.000000
 43   -0.664068 1.698578 2.869377 0.000000 0.000002 0.000000
time 46
  0   -0.010486 -0.546892 -0.601210 0.000000 0.000000 -1.571449
  1   -1.093036 0.000002 -0.326057 -0.214108 -1.569036 -1.356583
  2   2.262337 0.113614 0.064702 -0.067421 -0.100059 0.360176
  3   2.380047 0.353302 0.047440 -0.084996 -0.011581 0.377829
  4   2.033756 0.190472 -0.000128 -0.138975 -0.022878 0.045864
  5   2.451511 0.204909 -0.003447 -0.345692 -0.020424 0.080104
  6   7.247600 -0.397300 -0.109469 0.000001 0.000021 0.156829
  7   -2.022252 -0.104661 3.136172 0.767829 -1.388411 -4.085810
  8   1.168026 -0.537438 -0.063437 0.304930 0.867636 -0.152078
  9   6.790376 -0.619176 0.015206 0.028692 0.106967 -1.428450
 10   8.637599 0.544015 -0.090417 -3.515553 0.050269 -0.057128
 11   6.790465 -0.619039 0.017802 0.038781 0.060407 -1.014530
 12   -2.022474 -0.104699 -2.873818 -0.675006 1.472381 -3.946136
 13   1.167898 -0.537463 0.063297 0.273795 -1.228109 -0.852905
 14   7.002743 -0.617765 -0.183752 0.032168 -0.201733 -1.765534
 15   8.209042 0.615527 -0.255885 1.843249 0.475230 0.180826
 16   7.002735 -0.617911 -0.183641 -0.002084 -0.141892 -1.249886
 17   1.574674 0.609930 -0.000899 0.497475 -0.362142 0.301409
 18   -0.602177 0.511412 -0.000006 0.000000 0.000000 0.000000
 19   3.673773 0.177020 1.119313 -0.000002 -0.000014 -0.174510
 20   3.673767 0.176993 -1.117566 0.000007 -0.000003 -0.174546
 21   3.942357 1.330634 1.627658 0.000002 -0.000011 -0.000026
 22   -0.246060 -0.011889 0.516521 -0.000011 0.000031 0.000025
 23   3.942374 1.330659 -1.631083 0.000019 0.000002 -0.000024
 24   -0.246150 -0.011872 -0.516511 -0.000005 -0.000006 0.000048
 25   4.941364 1.997338 1.629330 0.000018 -0.000001 -0.000024
 26   4.941382 1.997366 -1.629410 -0.000001 0.000005 -0.000024
 27   2.918368 1.615358 1.514501 -0.000019 -0.000022 -0.000050
 28   2.920798 1.614964 -1.501142 -0.000002 -0.000009 -0.000024
 29   8.824059 0.150544 0.091743 0.000006 -0.000231 -0.174534
 30   2.111085 -0.561179 1.784320 -0.000008 -0.000682 0.000024
 31   2.121290 -0.561289 -1.853599 0.000000 0.000000 -0.000002
 32   -0.810489 -0.093824 3.127092 0.564080 -3.064347 -0.563586
 33   14.298673 -0.408176 0.475484 -0.006392 -0.009799 -0.413535
 34   15.835795 0.581398 0.242756 -0.007436 -0.212263 -0.117847
 35   -0.815868 -0.091229 -3.114430 -0.120039 3.021422 -0.057357
 36   14.294526 -0.410349 -0.463635 0.001663 0.012787 -0.721549
 37   15.834409 0.579420 -0.284600 -0.182270 -0.002314 0.569929
 38   1.139685 -3.453749 -2.823813 0.000000 0.000000 0.000001
 39   -4.457742 -1.054854 -0.746180 0.000000 0.000000 0.000000
 40   1.118101 -3.449769 3.237290 0.000000 0.000001 0.000000
 41   -4.433840 -1.059130 0.959566 -0.000001 0.000000 0.000000
 42   -0.657468 1.697302 -2.688614 0.000000 0.000002 0.000000
 43   -0.664068 1.698578 2.869377 0.000000 0.000002 0.000000
time 47
  0   -0.010486 -0.546892 -0.601210 0.000000 0.000000 -1.571449
  1   -1.093036 0.000002 -0.326057 -0.214108 -1.569036 -1.356583
  2   2.262337 0.113614 0.064702 -0.063905 -0.100945 0.360357
  3   2.380047 0.353302 0.047440 -0.083091 -0.012420 0.377870
  4   2.033756 0.190472 -0.000128 -0.139307 -0.024904 0.046299
  5   2.451511 0.204909 -0.003447 -0.345487 -0.018322 0.079906
  6   7.247600 -0.397300 -0.109469 0.000001 0.000021 0.156829
  7   -2.022252 -0.104661 3.136172 0.768596 -1.382704 -4.080926
  8   1.168026 -0.537438 -0.063437 0.287591 0.877196 -0.174662
  9   6.790376 -0.619176 0.015206 0.030079 0.105432 -1.406489
 10   8.637599 0.544015 -0.090417 -3.516962 0.081100 -0.080423
 11   6.790465 -0.619039 0.017802 0.039190 0.059156 -0.999188
 12   -2.022474 -0.104699 -2.873818 -0.623845 1.475283 -3.893766
 13   1.167898 -0.537463 0.063297 0.288698 -1.227092 -0.865133
 14   7.002743 -0.617765 -0.183752 0.031884 -0.201676 -1.761079
 15   8.209042 0.615527 -0.255885 1.855401 0.472355 0.175173
 16   7.002735 -0.617911 -0.183641 -0.002226 -0.141666 -1.246740
 17   1.574674 0.609930 -0.000899 0.481592 -0.357078 0.301594
 18   -0.602177 0.511412 -0.000006 0.000000 0.000000 0.000000
 19   3.673773 0.177020 1.119313 -0.000002 -0.000014 -0.174510
 20   3.673767 0.176993 -1.117566 0.000007 -0.000003 -0.174546
 21   3.942357 1.330634 1.627658 0.000002 -0.000011 -0.000026
 22   -0.246060 -0.011889 0.516521 -0.000011 0.000031 0.000025
 23   3.942374 1.330659 -1.631083 0.000019 0.000002 -0.000024
 24   -0.246150 -0.011872 -0.516511 -0.000005 -0.000006 0.000048
 25   4.941364 1.997338 1.629330 0.000018 -0.000001 -0.000024
 26   4.941382 1.997366 -1.629410 -0.000001 0.000005 -0.000024
 27   2.918368 1.615358 1.514501 -0.000019 -0.000022 -0.000050
 28   2.920798 1.614964 -1.501142 -0.000002 -0.000009 -0.000024
 29   8.824059 0.150544 0.091743 0.000006 -0.000231 -0.174534
 30   2.111085 -0.561179 1.784320 -0.000008 -0.000682 0.000024
 31   2.121290 -0.561289 -1.853599 0.000000 0.000000 -0.000002
 32   -0.810489 -0.093824 3.127092 0.564080 -3.064347 -0.563586
 33   14.298673 -0.408176 0.475484 -0.006392 -0.009799 -0.413535
 34   15.835795 0.581398 0.242756 -0.007436 -0.212263 -0.117847
 35   -0.815868 -0.091229 -3.114430 -0.120039 3.021422 -0.057357
 36   14.294526 -0.410349 -0.463635 0.001663 0.012787 -0.721549
 37   15.834409 0.579420 -0.284600 -0.182270 -0.002314 0.569929
 38   1.139685 -3.453749 -2.823813 0.000000 0.000000 0.000001
 39   -4.457742 -1.054854 -0.746180 0.000000 0.000000 0.000000
 40   1.118101 -3.449769 3.237290 0.000000 0.000001 0.000000
 41   -4.433840 -1.059130 0.959566 -0.000001 0.000000 0.000000
 42   -0.657468 1.697302 -2.688614 0.000000 0.000002 0.000000
 43   -0.664068 1.698578 2.869377 0.000000 0.000002 0.000000
time 48
  0   -0.010486 -0.546892 -0.601210 0.000000 0.000000 -1.571449
  1   -1.093036 0.000002 -0.326057 -0.214108 -1.569036 -1.356583
  2   2.262337 0.113614 0.064702 -0.061256 -0.101653 0.360610
  3   2.380047 0.353302 0.047440 -0.083301 -0.012840 0.377870
  4   2.033756 0.190472 -0.000128 -0.139436 -0.024760 0.047060
  5   2.451511 0.204909 -0.003447 -0.345401 -0.019027 0.080228
  6   7.247600 -0.397300 -0.109469 0.000001 0.000021 0.156829
  7   -2.022252 -0.104661 3.136172 0.761215 -1.383367 -4.077546
  8   1.168026 -0.537438 -0.063437 0.291641 0.880114 -0.187757
  9   6.790376 -0.619176 0.015206 0.033574 0.101627 -1.356680
 10   8.637599 0.544015 -0.090417 -3.561611 0.117140 -0.017266
 11   6.790465 -0.619039 0.017802 0.040212 0.056086 -0.964526
 12   -2.022474 -0.104699 -2.873818 -0.566360 1.481930 -3.835364
 13   1.167898 -0.537463 0.063297 0.324969 -1.236347 -0.904299
 14   7.002743 -0.617765 -0.183752 0.031884 -0.201506 -1.761079
 15   8.209042 0.615527 -0.255885 1.856767 0.475760 0.174331
 16   7.002735 -0.617911 -0.183641 -0.002226 -0.141610 -1.246906
 17   1.574674 0.609930 -0.000899 0.468188 -0.359350 0.297159
 18   -0.602177 0.511412 -0.000006 0.000000 0.000000 0.000000
 19   3.673773 0.177020 1.119313 -0.000002 -0.000014 -0.174510
 20   3.673767 0.176993 -1.117566 0.000007 -0.000003 -0.174546
 21   3.942357 1.330634 1.627658 0.000002 -0.000011 -0.000026
 22   -0.246060 -0.011889 0.516521 -0.000011 0.000031 0.000025
 23   3.942374 1.330659 -1.631083 0.000019 0.000002 -0.000024
 24   -0.246150 -0.011872 -0.516511 -0.000005 -0.000006 0.000048
 25   4.941364 1.997338 1.629330 0.000018 -0.000001 -0.000024
 26   4.941382 1.997366 -1.629410 -0.000001 0.000005 -0.000024
 27   2.918368 1.615358 1.514501 -0.000019 -0.000022 -0.000050
 28   2.920798 1.614964 -1.501142 -0.000002 -0.000009 -0.000024
 29   8.824059 0.150544 0.091743 0.000006 -0.000231 -0.174534
 30   2.111085 -0.561179 1.784320 -0.000008 -0.000682 0.000024
 31   2.121290 -0.561289 -1.853599 0.000000 0.000000 -0.000002
 32   -0.810489 -0.093824 3.127092 0.564080 -3.064347 -0.563586
 33   14.298673 -0.408176 0.475484 -0.006392 -0.009799 -0.413535
 34   15.835795 0.581398 0.242756 -0.007436 -0.212263 -0.117847
 35   -0.815868 -0.091229 -3.114430 -0.120039 3.021422 -0.057357
 36   14.294526 -0.410349 -0.463635 0.001663 0.012787 -0.721549
 37   15.834409 0.579420 -0.284600 -0.182270 -0.002314 0.569929
 38   1.139685 -3.453749 -2.823813 0.000000 0.000000 0.000001
 39   -4.457742 -1.054854 -0.746180 0.000000 0.000000 0.000000
 40   1.118101 -3.449769 3.237290 0.000000 0.000001 0.000000
 41   -4.433840 -1.059130 0.959566 -0.000001 0.000000 0.000000
 42   -0.657468 1.697302 -2.688614 0.000000 0.000002 0.000000
 43   -0.664068 1.698578 2.869377 0.000000 0.000002 0.000000
time 49
  0   -0.010486 -0.546892 -0.601210 0.000000 0.000000 -1.571449
  1   -1.093036 0.000002 -0.326057 -0.214108 -1.569036 -1.356583
  2   2.262337 0.113614 0.064702 -0.061867 -0.101581 0.361007
  3   2.380047 0.353302 0.047440 -0.083646 -0.013007 0.379992
  4   2.033756 0.190472 -0.000128 -0.139510 -0.024269 0.049307
  5   2.451511 0.204909 -0.003447 -0.345401 -0.021429 0.080946
  6   7.247600 -0.397300 -0.109469 0.000001 0.000021 0.156829
  7   -2.022252 -0.104661 3.136172 0.741468 -1.386711 -4.068154
  8   1.168026 -0.537438 -0.063437 0.331571 0.883988 -0.158151
  9   6.790376 -0.619176 0.015206 0.035904 0.095421 -1.290797
 10   8.637599 0.544015 -0.090417 -3.575437 0.158107 -0.012636
 11   6.790465 -0.619039 0.017802 0.040066 0.051453 -0.918559
 12   -2.022474 -0.104699 -2.873818 -0.575845 1.488315 -3.846374
 13   1.167898 -0.537463 0.063297 0.361030 -1.246518 -0.942375
 14   7.002743 -0.617765 -0.183752 0.031884 -0.201506 -1.761739
 15   8.209042 0.615527 -0.255885 1.846988 0.474852 0.175835
 16   7.002735 -0.617911 -0.183641 -0.002179 -0.141610 -1.247237
 17   1.574674 0.609930 -0.000899 0.460307 -0.366734 0.289101
 18   -0.602177 0.511412 -0.000006 0.000000 0.000000 0.000000
 19   3.673773 0.177020 1.119313 -0.000002 -0.000014 -0.174510
 20   3.673767 0.176993 -1.117566 0.000007 -0.000003 -0.174546
 21   3.942357 1.330634 1.627658 0.000002 -0.000011 -0.000026
 22   -0.246060 -0.011889 0.516521 -0.000011 0.000031 0.000025
 23   3.942374 1.330659 -1.631083 0.000019 0.000002 -0.000024
 24   -0.246150 -0.011872 -0.516511 -0.000005 -0.000006 0.000048
 25   4.941364 1.997338 1.629330 0.000018 -0.000001 -0.000024
 26   4.941382 1.997366 -1.629410 -0.000001 0.000005 -0.000024
 27   2.918368 1.615358 1.514501 -0.000019 -0.000022 -0.000050
 28   2.920798 1.614964 -1.501142 -0.000002 -0.000009 -0.000024
 29   8.824059 0.150544 0.091743 0.000006 -0.000231 -0.174534
 30   2.111085 -0.561179 1.784320 -0.000008 -0.000682 0.000024
 31   2.121290 -0.561289 -1.853599 0.000000 0.000000 -0.000002
 32   -0.810489 -0.093824 3.127092 0.564080 -3.064347 -0.563586
 33   14.298673 -0.408176 0.475484 -0.006392 -0.009799 -0.413535
 34   15.835795 0.581398 0.242756 -0.007436 -0.212263 -0.117847
 35   -0.815868 -0.091229 -3.114430 -0.120039 3.021422 -0.057357
 36   14.294526 -0.410349 -0.463635 0.001663 0.012787 -0.721549
 37   15.834409 0.579420 -0.284600 -0.182270 -0.002314 0.569929
 38   1.139685 -3.453749 -2.823813 0.000000 0.000000 0.000001
 39   -4.457742 -1.054854 -0.746180 0.000000 0.000000 0.000000
 40   1.118101 -3.449769 3.237290 0.000000 0.000001 0.000000
 41   -4.433840 -1.059130 0.959566 -0.000001 0.000000 0.000000
 42   -0.657468 1.697302 -2.688614 0.000000 0.000002 0.000000
 43   -0.664068 1.698578 2.869377 0.000000 0.000002 0.000000
time 50
  0   -0.010486 -0.546892 -0.601210 0.000000 0.000000 -1.571449
  1   -1.093036 0.000002 -0.326057 -0.214108 -1.569036 -1.356583
  2   2.262337 0.113614 0.064702 -0.063179 -0.101401 0.361513
  3   2.380047 0.353302 0.047440 -0.084021 -0.013055 0.384624
  4   2.033756 0.190472 -0.000128 -0.139565 -0.022986 0.054817
  5   2.451511 0.204909 -0.003447 -0.345110 -0.017552 0.082952
  6   7.247600 -0.397300 -0.109469 0.000001 0.000021 0.156829
  7   -2.022252 -0.104661 3.136172 0.724118 -1.388873 -4.060923
  8   1.168026 -0.537438 -0.063437 0.391371 0.895812 -0.092044
  9   6.790376 -0.619176 0.015206 0.038401 0.087612 -1.210877
 10   8.637599 0.544015 -0.090417 -3.539506 0.209985 -0.026888
 11   6.790465 -0.619039 0.017802 0.039540 0.045768 -0.862903
 12   -2.022474 -0.104699 -2.873818 -0.752514 1.496732 -4.031442
 13   1.167898 -0.537463 0.063297 0.386477 -1.250027 -0.969858
 14   7.002743 -0.617765 -0.183752 0.032225 -0.201506 -1.766029
 15   8.209042 0.615527 -0.255885 1.839223 0.481358 0.179202
 16   7.002735 -0.617911 -0.183641 -0.002037 -0.141666 -1.250328
 17   1.574674 0.609930 -0.000899 0.458439 -0.372982 0.278050
 18   -0.602177 0.511412 -0.000006 0.000000 0.000000 0.000000
 19   3.673773 0.177020 1.119313 -0.000002 -0.000014 -0.174510
 20   3.673767 0.176993 -1.117566 0.000007 -0.000003 -0.174546
 21   3.942357 1.330634 1.627658 0.000002 -0.000011 -0.000026
 22   -0.246060 -0.011889 0.516521 -0.000011 0.000031 0.000025
 23   3.942374 1.330659 -1.631083 0.000019 0.000002 -0.000024
 24   -0.246150 -0.011872 -0.516511 -0.000005 -0.000006 0.000048
 25   4.941364 1.997338 1.629330 0.000018 -0.000001 -0.000024
 26   4.941382 1.997366 -1.629410 -0.000001 0.000005 -0.000024
 27   2.918368 1.615358 1.514501 -0.000019 -0.000022 -0.000050
 28   2.920798 1.614964 -1.501142 -0.000002 -0.000009 -0.000024
 29   8.824059 0.150544 0.091743 0.000006 -0.000231 -0.174534
 30   2.111085 -0.561179 1.784320 -0.000008 -0.000682 0.000024
 31   2.121290 -0.561289 -1.853599 0.000000 0.000000 -0.000002
 32   -0.810489 -0.093824 3.127092 0.564080 -3.064347 -0.563586
 33   14.298673 -0.408176 0.475484 -0.006392 -0.009799 -0.413535
 34   15.835795 0.581398 0.242756 -0.007436 -0.212263 -0.117847
 35   -0.815868 -0.091229 -3.114430 -0.120039 3.021422 -0.057357
 36   14.294526 -0.410349 -0.463635 0.001663 0.012787 -0.721549
 37   15.834409 0.579420 -0.284600 -0.182270 -0.002314 0.569929
 38   1.139685 -3.453749 -2.823813 0.000000 0.000000 0.000001
 39   -4.457742 -1.054854 -0.746180 0.000000 0.000000 0.000000
 40   1.118101 -3.449769 3.237290 0.000000 0.000001 0.000000
 41   -4.433840 -1.059130 0.959566 -0.000001 0.000000 0.000000
 42   -0.657468 1.697302 -2.688614 0.000000 0.000002 0.000000
 43   -0.664068 1.698578 2.869377 0.000000 0.000002 0.000000
time 51
  0   -0.010486 -0.546892 -0.601210 0.000000 0.000000 -1.571449
  1   -1.093036 0.000002 -0.326057 -0.214108 -1.569036 -1.356583
  2   2.262337 0.113614 0.064702 -0.063829 -0.101557 0.361983
  3   2.380047 0.353302 0.047440 -0.084426 -0.013007 0.390766
  4   2.033756 0.190472 -0.000128 -0.139270 -0.019259 0.061305
  5   2.451511 0.204909 -0.003447 -0.344511 -0.007199 0.084017
  6   7.247600 -0.397300 -0.109469 0.000001 0.000021 0.156829
  7   -2.022252 -0.104661 3.136172 0.663248 -1.383194 -4.001945
  8   1.168026 -0.537438 -0.063437 0.450475 0.908592 -0.010944
  9   6.790376 -0.619176 0.015206 0.040176 0.079470 -1.130202
 10   8.637599 0.544015 -0.090417 -3.534927 0.288118 -0.002942
 11   6.790465 -0.619039 0.017802 0.038723 0.040168 -0.806439
 12   -2.022474 -0.104699 -2.873818 -0.912224 1.506513 -4.192191
 13   1.167898 -0.537463 0.063297 0.401309 -1.232635 -0.994859
 14   7.002743 -0.617765 -0.183752 0.032852 -0.201449 -1.772712
 15   8.209042 0.615527 -0.255885 1.833183 0.488168 0.189546
 16   7.002735 -0.617911 -0.183641 -0.001802 -0.141779 -1.254743
 17   1.574674 0.609930 -0.000899 0.458845 -0.380295 0.262157
 18   -0.602177 0.511412 -0.000006 0.000000 0.000000 0.000000
 19   3.673773 0.177020 1.119313 -0.000002 -0.000014 -0.174510
 20   3.673767 0.176993 -1.117566 0.000007 -0.000003 -0.174546
 21   3.942357 1.330634 1.627658 0.000002 -0.000011 -0.000026
 22   -0.246060 -0.011889 0.516521 -0.000011 0.000031 0.000025
 23   3.942374 1.330659 -1.631083 0.000019 0.000002 -0.000024
 24   -0.246150 -0.011872 -0.516511 -0.000005 -0.000006 0.000048
 25   4.941364 1.997338 1.629330 0.000018 -0.000001 -0.000024
 26   4.941382 1.997366 -1.629410 -0.000001 0.000005 -0.000024
 27   2.918368 1.615358 1.514501 -0.000019 -0.000022 -0.000050
 28   2.920798 1.614964 -1.501142 -0.000002 -0.000009 -0.000024
 29   8.824059 0.150544 0.091743 0.000006 -0.000231 -0.174534
 30   2.111085 -0.561179 1.784320 -0.000008 -0.000682 0.000024
 31   2.121290 -0.561289 -1.853599 0.000000 0.000000 -0.000002
 32   -0.810489 -0.093824 3.127092 0.564080 -3.064347 -0.563586
 33   14.298673 -0.408176 0.475484 -0.006392 -0.009799 -0.413535
 34   15.835795 0.581398 0.242756 -0.007436 -0.212263 -0.117847
 35   -0.815868 -0.091229 -3.114430 -0.120039 3.021422 -0.057357
 36   14.294526 -0.410349 -0.463635 0.001663 0.012787 -0.721549
 37   15.834409 0.579420 -0.284600 -0.182270 -0.002314 0.569929
 38   1.139685 -3.453749 -2.823813 0.000000 0.000000 0.000001
 39   -4.457742 -1.054854 -0.746180 0.000000 0.000000 0.000000
 40   1.118101 -3.449769 3.237290 0.000000 0.000001 0.000000
 41   -4.433840 -1.059130 0.959566 -0.000001 0.000000 0.000000
 42   -0.657468 1.697302 -2.688614 0.000000 0.000002 0.000000
 43   -0.664068 1.698578 2.869377 0.000000 0.000002 0.000000
time 52
  0   -0.010486 -0.546892 -0.601210 0.000000 0.000000 -1.571449
  1   -1.093036 0.000002 -0.326057 -0.214108 -1.569036 -1.356583
  2   2.262337 0.113614 0.064702 -0.061434 -0.105080 0.362417
  3   2.380047 0.353302 0.047440 -0.084801 -0.013019 0.396112
  4   2.033756 0.190472 -0.000128 -0.139067 -0.016035 0.067141
  5   2.451511 0.204909 -0.003447 -0.343929 0.001013 0.085329
  6   7.247600 -0.397300 -0.109469 0.000001 0.000021 0.156829
  7   -2.022252 -0.104661 3.136172 0.641296 -1.367714 -3.968418
  8   1.168026 -0.537438 -0.063437 0.477559 0.912919 0.052380
  9   6.790376 -0.619176 0.015206 0.042118 0.076667 -1.094657
 10   8.637599 0.544015 -0.090417 -3.556855 0.337884 0.046180
 11   6.790465 -0.619039 0.017802 0.039190 0.038093 -0.781581
 12   -2.022474 -0.104699 -2.873818 -0.780872 1.516265 -4.050877
 13   1.167898 -0.537463 0.063297 0.391397 -1.197394 -0.999762
 14   7.002743 -0.617765 -0.183752 0.033592 -0.201449 -1.782118
 15   8.209042 0.615527 -0.255885 1.829588 0.483704 0.203317
 16   7.002735 -0.617911 -0.183641 -0.001520 -0.141948 -1.261532
 17   1.574674 0.609930 -0.000899 0.460998 -0.374071 0.243639
 18   -0.602177 0.511412 -0.000006 0.000000 0.000000 0.000000
 19   3.673773 0.177020 1.119313 -0.000002 -0.000014 -0.174510
 20   3.673767 0.176993 -1.117566 0.000007 -0.000003 -0.174546
 21   3.942357 1.330634 1.627658 0.000002 -0.000011 -0.000026
 22   -0.246060 -0.011889 0.516521 -0.000011 0.000031 0.000025
 23   3.942374 1.330659 -1.631083 0.000019 0.000002 -0.000024
 24   -0.246150 -0.011872 -0.516511 -0.000005 -0.000006 0.000048
 25   4.941364 1.997338 1.629330 0.000018 -0.000001 -0.000024
 26   4.941382 1.997366 -1.629410 -0.000001 0.000005 -0.000024
 27   2.918368 1.615358 1.514501 -0.000019 -0.000022 -0.000050
 28   2.920798 1.614964 -1.501142 -0.000002 -0.000009 -0.000024
 29   8.824059 0.150544 0.091743 0.000006 -0.000231 -0.174534
 30   2.111085 -0.561179 1.784320 -0.000008 -0.000682 0.000024
 31   2.121290 -0.561289 -1.853599 0.000000 0.000000 -0.000002
 32   -0.810489 -0.093824 3.127092 0.564080 -3.064347 -0.563586
 33   14.298673 -0.408176 0.475484 -0.006392 -0.009799 -0.413535
 34   15.835795 0.581398 0.242756 -0.007436 -0.212263 -0.117847
 35   -0.815868 -0.091229 -3.114430 -0.120039 3.021422 -0.057357
 36   14.294526 -0.410349 -0.463635 0.001663 0.012787 -0.721549
 37   15.834409 0.579420 -0.284600 -0.182270 -0.002314 0.569929
 38   1.139685 -3.453749 -2.823813 0.000000 0.000000 0.000001
 39   -4.457742 -1.054854 -0.746180 0.000000 0.000000 0.000000
 40   1.118101 -3.449769 3.237290 0.000000 0.000001 0.000000
 41   -4.433840 -1.059130 0.959566 -0.000001 0.000000 0.000000
 42   -0.657468 1.697302 -2.688614 0.000000 0.000002 0.000000
 43   -0.664068 1.698578 2.869377 0.000000 0.000002 0.000000
time 53
  0   -0.010486 -0.546892 -0.601210 0.000000 0.000000 -1.571449
  1   -1.093036 0.000002 -0.326057 -0.214108 -1.569036 -1.356583
  2   2.262337 0.113614 0.064702 -0.061625 -0.105883 0.362634
  3   2.380047 0.353302 0.047440 -0.085146 -0.013151 0.399316
  4   2.033756 0.190472 -0.000128 -0.138975 -0.015077 0.069497
  5   2.451511 0.204909 -0.003447 -0.343929 -0.002198 0.087930
  6   7.247600 -0.397300 -0.109469 0.000001 0.000021 0.156829
  7   -2.022252 -0.104661 3.136172 0.748465 -1.357164 -4.066182
  8   1.168026 -0.537438 -0.063437 0.476863 0.907334 0.080278
  9   6.790376 -0.619176 0.015206 0.040065 0.080738 -1.143409
 10   8.637599 0.544015 -0.090417 -3.597717 0.336617 0.072224
 11   6.790465 -0.619039 0.017802 0.038869 0.041078 -0.815667
 12   -2.022474 -0.104699 -2.873818 -0.540397 1.509415 -3.801471
 13   1.167898 -0.537463 0.063297 0.362014 -1.172680 -0.974398
 14   7.002743 -0.617765 -0.183752 0.034161 -0.201449 -1.789956
 15   8.209042 0.615527 -0.255885 1.822613 0.471371 0.211015
 16   7.002735 -0.617911 -0.183641 -0.001237 -0.142061 -1.266941
 17   1.574674 0.609930 -0.000899 0.455799 -0.355113 0.236654
 18   -0.602177 0.511412 -0.000006 0.000000 0.000000 0.000000
 19   3.673773 0.177020 1.119313 -0.000002 -0.000014 -0.174510
 20   3.673767 0.176993 -1.117566 0.000007 -0.000003 -0.174546
 21   3.942357 1.330634 1.627658 0.000002 -0.000011 -0.000026
 22   -0.246060 -0.011889 0.516521 -0.000011 0.000031 0.000025
 23   3.942374 1.330659 -1.631083 0.000019 0.000002 -0.000024
 24   -0.246150 -0.011872 -0.516511 -0.000005 -0.000006 0.000048
 25   4.941364 1.997338 1.629330 0.000018 -0.000001 -0.000024
 26   4.941382 1.997366 -1.629410 -0.000001 0.000005 -0.000024
 27   2.918368 1.615358 1.514501 -0.000019 -0.000022 -0.000050
 28   2.920798 1.614964 -1.501142 -0.000002 -0.000009 -0.000024
 29   8.824059 0.150544 0.091743 0.000006 -0.000231 -0.174534
 30   2.111085 -0.561179 1.784320 -0.000008 -0.000682 0.000024
 31   2.121290 -0.561289 -1.853599 0.000000 0.000000 -0.000002
 32   -0.810489 -0.093824 3.127092 0.564080 -3.064347 -0.563586
 33   14.298673 -0.408176 0.475484 -0.006392 -0.009799 -0.413535
 34   15.835795 0.581398 0.242756 -0.007436 -0.212263 -0.117847
 35   -0.815868 -0.091229 -3.114430 -0.120039 3.021422 -0.057357
 36   14.294526 -0.410349 -0.463635 0.001663 0.012787 -0.721549
 37   15.834409 0.579420 -0.284600 -0.182270 -0.002314 0.569929
 38   1.139685 -3.453749 -2.823813 0.000000 0.000000 0.000001
 39   -4.457742 -1.054854 -0.746180 0.000000 0.000000 0.000000
 40   1.118101 -3.449769 3.237290 0.000000 0.000001 0.000000
 41   -4.433840 -1.059130 0.959566 -0.000001 0.000000 0.000000
 42   -0.657468 1.697302 -2.688614 0.000000 0.000002 0.000000
 43   -0.664068 1.698578 2.869377 0.000000 0.000002 0.000000
time 54
  0   -0.010486 -0.546892 -0.601210 0.000000 0.000000 -1.571449
  1   -1.093036 0.000002 -0.326057 -0.214108 -1.569036 -1.356583
  2   2.262337 0.113614 0.064702 -0.061371 -0.103534 0.360971
  3   2.380047 0.353302 0.047440 -0.085416 -0.013451 0.397908
  4   2.033756 0.190472 -0.000128 -0.138975 -0.014993 0.068808
  5   2.451511 0.204909 -0.003447 -0.344528 -0.015267 0.091818
  6   7.247600 -0.397300 -0.109469 0.000001 0.000021 0.156829
  7   -2.022252 -0.104661 3.136172 0.960024 -1.350908 -4.277770
  8   1.168026 -0.537438 -0.063437 0.394725 0.906076 0.017017
  9   6.790376 -0.619176 0.015206 0.037014 0.092084 -1.257214
 10   8.637599 0.544015 -0.090417 -3.649411 0.270591 0.038005
 11   6.790465 -0.619039 0.017802 0.039891 0.049037 -0.895143
 12   -2.022474 -0.104699 -2.873818 -0.577857 1.497109 -3.839193
 13   1.167898 -0.537463 0.063297 0.314636 -1.182596 -0.929905
 14   7.002743 -0.617765 -0.183752 0.033763 -0.201335 -1.783933
 15   8.209042 0.615527 -0.255885 1.812906 0.479770 0.195981
 16   7.002735 -0.617911 -0.183641 -0.001425 -0.141892 -1.262746
 17   1.574674 0.609930 -0.000899 0.440688 -0.343067 0.251918
 18   -0.602177 0.511412 -0.000006 0.000000 0.000000 0.000000
 19   3.673773 0.177020 1.119313 -0.000002 -0.000014 -0.174510
 20   3.673767 0.176993 -1.117566 0.000007 -0.000003 -0.174546
 21   3.942357 1.330634 1.627658 0.000002 -0.000011 -0.000026
 22   -0.246060 -0.011889 0.516521 -0.000011 0.000031 0.000025
 23   3.942374 1.330659 -1.631083 0.000019 0.000002 -0.000024
 24   -0.246150 -0.011872 -0.516511 -0.000005 -0.000006 0.000048
 25   4.941364 1.997338 1.629330 0.000018 -0.000001 -0.000024
 26   4.941382 1.997366 -1.629410 -0.000001 0.000005 -0.000024
 27   2.918368 1.615358 1.514501 -0.000019 -0.000022 -0.000050
 28   2.920798 1.614964 -1.501142 -0.000002 -0.000009 -0.000024
 29   8.824059 0.150544 0.091743 0.000006 -0.000231 -0.174534
 30   2.111085 -0.561179 1.784320 -0.000008 -0.000682 0.000024
 31   2.121290 -0.561289 -1.853599 0.000000 0.000000 -0.000002
 32   -0.810489 -0.093824 3.127092 0.564080 -3.064347 -0.563586
 33   14.298673 -0.408176 0.475484 -0.006392 -0.009799 -0.413535
 34   15.835795 0.581398 0.242756 -0.007436 -0.212263 -0.117847
 35   -0.815868 -0.091229 -3.114430 -0.120039 3.021422 -0.057357
 36   14.294526 -0.410349 -0.463635 0.001663 0.012787 -0.721549
 37   15.834409 0.579420 -0.284600 -0.182270 -0.002314 0.569929
 38   1.139685 -3.453749 -2.823813 0.000000 0.000000 0.000001
 39   -4.457742 -1.054854 -0.746180 0.000000 0.000000 0.000000
 40   1.118101 -3.449769 3.237290 0.000000 0.000001 0.000000
 41   -4.433840 -1.059130 0.959566 -0.000001 0.000000 0.000000
 42   -0.657468 1.697302 -2.688614 0.000000 0.000002 0.000000
 43   -0.664068 1.698578 2.869377 0.000000 0.000002 0.000000
time 55
  0   -0.010486 -0.546892 -0.601210 0.000000 0.000000 -1.571449
  1   -1.093036 0.000002 -0.326057 -0.214108 -1.569036 -1.356583
  2   2.262337 0.113614 0.064702 -0.062988 -0.099903 0.358387
  3   2.380047 0.353302 0.047440 -0.085596 -0.013822 0.391031
  4   2.033756 0.190472 -0.000128 -0.139307 -0.018468 0.062610
  5   2.451511 0.204909 -0.003447 -0.344956 -0.025463 0.091298
  6   7.247600 -0.397300 -0.109469 0.000001 0.000021 0.156829
  7   -2.022252 -0.104661 3.136172 1.125571 -1.342174 -4.443996
  8   1.168026 -0.537438 -0.063437 0.139705 0.894504 -0.185606
  9   6.790376 -0.619176 0.015206 0.033574 0.101561 -1.356227
 10   8.637599 0.544015 -0.090417 -3.656633 0.146000 -0.032314
 11   6.790465 -0.619039 0.017802 0.040212 0.056001 -0.964180
 12   -2.022474 -0.104699 -2.873818 -0.814980 1.490230 -4.080653
 13   1.167898 -0.537463 0.063297 0.259033 -1.224244 -0.873305
 14   7.002743 -0.617765 -0.183752 0.032396 -0.201165 -1.768092
 15   8.209042 0.615527 -0.255885 1.812044 0.484233 0.177759
 16   7.002735 -0.617911 -0.183641 -0.001896 -0.141497 -1.251763
 17   1.574674 0.609930 -0.000899 0.412051 -0.342925 0.285960
 18   -0.602177 0.511412 -0.000006 0.000000 0.000000 0.000000
 19   3.673773 0.177020 1.119313 -0.000002 -0.000014 -0.174510
 20   3.673767 0.176993 -1.117566 0.000007 -0.000003 -0.174546
 21   3.942357 1.330634 1.627658 0.000002 -0.000011 -0.000026
 22   -0.246060 -0.011889 0.516521 -0.000011 0.000031 0.000025
 23   3.942374 1.330659 -1.631083 0.000019 0.000002 -0.000024
 24   -0.246150 -0.011872 -0.516511 -0.000005 -0.000006 0.000048
 25   4.941364 1.997338 1.629330 0.000018 -0.000001 -0.000024
 26   4.941382 1.997366 -1.629410 -0.000001 0.000005 -0.000024
 27   2.918368 1.615358 1.514501 -0.000019 -0.000022 -0.000050
 28   2.920798 1.614964 -1.501142 -0.000002 -0.000009 -0.000024
 29   8.824059 0.150544 0.091743 0.000006 -0.000231 -0.174534
 30   2.111085 -0.561179 1.784320 -0.000008 -0.000682 0.000024
 31   2.121290 -0.561289 -1.853599 0.000000 0.000000 -0.000002
 32   -0.810489 -0.093824 3.127092 0.564080 -3.064347 -0.563586
 33   14.298673 -0.408176 0.475484 -0.006392 -0.009799 -0.413535
 34   15.835795 0.581398 0.242756 -0.007436 -0.212263 -0.117847
 35   -0.815868 -0.091229 -3.114430 -0.120039 3.021422 -0.057357
 36   14.294526 -0.410349 -0.463635 0.001663 0.012787 -0.721549
 37   15.834409 0.579420 -0.284600 -0.182270 -0.002314 0.569929
 38   1.139685 -3.453749 -2.823813 0.000000 0.000000 0.000001
 39   -4.457742 -1.054854 -0.746180 0.000000 0.000000 0.000000
 40   1.118101 -3.449769 3.237290 0.000000 0.000001 0.000000
 41   -4.433840 -1.059130 0.959566 -0.000001 0.000000 0.000000
 42   -0.657468 1.697302 -2.688614 0.000000 0.000002 0.000000
 43   -0.664068 1.698578 2.869377 0.000000 0.000002 0.000000
time 56
  0   -0.010486 -0.546892 -0.601210 0.000000 0.000000 -1.571449
  1   -1.093036 0.000002 -0.326057 -0.214108 -1.569036 -1.356583
  2   2.262337 0.113614 0.064702 -0.064631 -0.099184 0.353002
  3   2.380047 0.353302 0.047440 -0.085716 -0.014661 0.379196
  4   2.033756 0.190472 -0.000128 -0.140063 -0.027229 0.053657
  5   2.451511 0.204909 -0.003447 -0.344956 -0.028740 0.086345
  6   7.247600 -0.397300 -0.109469 0.000001 0.000021 0.156829
  7   -2.022252 -0.104661 3.136172 1.195355 -1.349121 -4.519878
  8   1.168026 -0.537438 -0.063437 0.053137 0.883485 -0.299791
  9   6.790376 -0.619176 0.015206 0.034628 0.100359 -1.329965
 10   8.637599 0.544015 -0.090417 -3.598246 0.160289 0.019485
 11   6.790465 -0.619039 0.017802 0.040358 0.055148 -0.945781
 12   -2.022474 -0.104699 -2.873818 -1.111886 1.476502 -4.378695
 13   1.167898 -0.537463 0.063297 0.247927 -1.269148 -0.831173
 14   7.002743 -0.617765 -0.183752 0.031656 -0.200995 -1.758604
 15   8.209042 0.615527 -0.255885 1.793636 0.466454 0.143601
 16   7.002735 -0.617911 -0.183641 -0.002179 -0.141215 -1.245250
 17   1.574674 0.609930 -0.000899 0.369562 -0.343351 0.327097
 18   -0.602177 0.511412 -0.000006 0.000000 0.000000 0.000000
 19   3.673773 0.177020 1.119313 -0.000002 -0.000014 -0.174510
 20   3.673767 0.176993 -1.117566 0.000007 -0.000003 -0.174546
 21   3.942357 1.330634 1.627658 0.000002 -0.000011 -0.000026
 22   -0.246060 -0.011889 0.516521 -0.000011 0.000031 0.000025
 23   3.942374 1.330659 -1.631083 0.000019 0.000002 -0.000024
 24   -0.246150 -0.011872 -0.516511 -0.000005 -0.000006 0.000048
 25   4.941364 1.997338 1.629330 0.000018 -0.000001 -0.000024
 26   4.941382 1.997366 -1.629410 -0.000001 0.000005 -0.000024
 27   2.918368 1.615358 1.514501 -0.000019 -0.000022 -0.000050
 28   2.920798 1.614964 -1.501142 -0.000002 -0.000009 -0.000024
 29   8.824059 0.150544 0.091743 0.000006 -0.000231 -0.174534
 30   2.111085 -0.561179 1.784320 -0.000008 -0.000682 0.000024
 31   2.121290 -0.561289 -1.853599 0.000000 0.000000 -0.000002
 32   -0.810489 -0.093824 3.127092 0.564080 -3.064347 -0.563586
 33   14.298673 -0.408176 0.475484 -0.006392 -0.009799 -0.413535
 34   15.835795 0.581398 0.242756 -0.007436 -0.212263 -0.117847
 35   -0.815868 -0.091229 -3.114430 -0.120039 3.021422 -0.057357
 36   14.294526 -0.410349 -0.463635 0.001663 0.012787 -0.721549
 37   15.834409 0.579420 -0.284600 -0.182270 -0.002314 0.569929
 38   1.139685 -3.453749 -2.823813 0.000000 0.000000 0.000001
 39   -4.457742 -1.054854 -0.746180 0.000000 0.000000 0.000000
 40   1.118101 -3.449769 3.237290 0.000000 0.000001 0.000000
 41   -4.433840 -1.059130 0.959566 -0.000001 0.000000 0.000000
 42   -0.657468 1.697302 -2.688614 0.000000 0.000002 0.000000
 43   -0.664068 1.698578 2.869377 0.000000 0.000002 0.000000
time 57
  0   -0.010486 -0.546892 -0.601210 0.000000 0.000000 -1.571449
  1   -1.093036 0.000002 -0.326057 -0.214108 -1.569036 -1.356583
  2   2.262337 0.113614 0.064702 -0.064198 -0.099447 0.343822
  3   2.380047 0.353302 0.047440 -0.085641 -0.016004 0.365769
  4   2.033756 0.190472 -0.000128 -0.140930 -0.037811 0.045284
  5   2.451511 0.204909 -0.003447 -0.344648 -0.026168 0.079732
  6   7.247600 -0.397300 -0.109469 0.000001 0.000021 0.156829
  7   -2.022252 -0.104661 3.136172 1.136499 -1.365610 -4.464751
  8   1.168026 -0.537438 -0.063437 0.105470 0.871913 -0.310672
  9   6.790376 -0.619176 0.015206 0.033907 0.100493 -1.343775
 10   8.637599 0.544015 -0.090417 -3.624049 0.170566 0.021076
 11   6.790465 -0.619039 0.017802 0.040212 0.055205 -0.955471
 12   -2.022474 -0.104699 -2.873818 -1.300243 1.463093 -4.561751
 13   1.167898 -0.537463 0.063297 0.243920 -1.267978 -0.790978
 14   7.002743 -0.617765 -0.183752 0.032225 -0.200995 -1.766607
 15   8.209042 0.615527 -0.255885 1.810102 0.451927 0.178601
 16   7.002735 -0.617911 -0.183641 -0.001943 -0.141328 -1.250714
 17   1.574674 0.609930 -0.000899 0.318827 -0.333009 0.360473
 18   -0.602177 0.511412 -0.000006 0.000000 0.000000 0.000000
 19   3.673773 0.177020 1.119313 -0.000002 -0.000014 -0.174510
 20   3.673767 0.176993 -1.117566 0.000007 -0.000003 -0.174546
 21   3.942357 1.330634 1.627658 0.000002 -0.000011 -0.000026
 22   -0.246060 -0.011889 0.516521 -0.000011 0.000031 0.000025
 23   3.942374 1.330659 -1.631083 0.000019 0.000002 -0.000024
 24   -0.246150 -0.011872 -0.516511 -0.000005 -0.000006 0.000048
 25   4.941364 1.997338 1.629330 0.000018 -0.000001 -0.000024
 26   4.941382 1.997366 -1.629410 -0.000001 0.000005 -0.000024
 27   2.918368 1.615358 1.514501 -0.000019 -0.000022 -0.000050
 28   2.920798 1.614964 -1.501142 -0.000002 -0.000009 -0.000024
 29   8.824059 0.150544 0.091743 0.000006 -0.000231 -0.174534
 30   2.111085 -0.561179 1.784320 -0.000008 -0.000682 0.000024
 31   2.121290 -0.561289 -1.853599 0.000000 0.000000 -0.000002
 32   -0.810489 -0.093824 3.127092 0.564080 -3.064347 -0.563586
 33   14.298673 -0.408176 0.475484 -0.006392 -0.009799 -0.413535
 34   15.835795 0.581398 0.242756 -0.007436 -0.212263 -0.117847
 35   -0.815868 -0.091229 -3.114430 -0.120039 3.021422 -0.057357
 36   14.294526 -0.410349 -0.463635 0.001663 0.012787 -0.721549
 37   15.834409 0.579420 -0.284600 -0.182270 -0.002314 0.569929
 38   1.139685 -3.453749 -2.823813 0.000000 0.000000 0.000001
 39   -4.457742 -1.054854 -0.746180 0.000000 0.000000 0.000000
 40   1.118101 -3.449769 3.237290 0.000000 0.000001 0.000000
 41   -4.433840 -1.059130 0.959566 -0.000001 0.000000 0.000000
 42   -0.657468 1.697302 -2.688614 0.000000 0.000002 0.000000
 43   -0.664068 1.698578 2.869377 0.000000 0.000002 0.000000
time 58
  0   -0.010486 -0.546892 -0.601210 0.000000 0.000000 -1.571449
  1   -1.093036 0.000002 -0.326057 -0.214108 -1.569036 -1.356583
  2   2.262337 0.113614 0.064702 -0.060555 -0.105595 0.336991
  3   2.380047 0.353302 0.047440 -0.085086 -0.021468 0.354138
  4   2.033756 0.190472 -0.000128 -0.140985 -0.049293 0.036548
  5   2.451511 0.204909 -0.003447 -0.344049 -0.018113 0.070693
  6   7.247600 -0.397300 -0.109469 0.000001 0.000021 0.156829
  7   -2.022252 -0.104661 3.136172 1.038436 -1.381493 -4.366048
  8   1.168026 -0.537438 -0.063437 0.078829 0.864416 -0.361470
  9   6.790376 -0.619176 0.015206 0.034351 0.098758 -1.331097
 10   8.637599 0.544015 -0.090417 -3.605731 0.166765 0.039958
 11   6.790465 -0.619039 0.017802 0.040066 0.053926 -0.946647
 12   -2.022474 -0.104699 -2.873818 -1.431115 1.464486 -4.695119
 13   1.167898 -0.537463 0.063297 0.198651 -1.256028 -0.727840
 14   7.002743 -0.617765 -0.183752 0.032795 -0.200938 -1.772052
 15   8.209042 0.615527 -0.255885 1.874383 0.452835 0.216006
 16   7.002735 -0.617911 -0.183641 -0.001755 -0.141328 -1.254412
 17   1.574674 0.609930 -0.000899 0.265128 -0.298550 0.377549
 18   -0.602177 0.511412 -0.000006 0.000000 0.000000 0.000000
 19   3.673773 0.177020 1.119313 -0.000002 -0.000014 -0.174510
 20   3.673767 0.176993 -1.117566 0.000007 -0.000003 -0.174546
 21   3.942357 1.330634 1.627658 0.000002 -0.000011 -0.000026
 22   -0.246060 -0.011889 0.516521 -0.000011 0.000031 0.000025
 23   3.942374 1.330659 -1.631083 0.000019 0.000002 -0.000024
 24   -0.246150 -0.011872 -0.516511 -0.000005 -0.000006 0.000048
 25   4.941364 1.997338 1.629330 0.000018 -0.000001 -0.000024
 26   4.941382 1.997366 -1.629410 -0.000001 0.000005 -0.000024
 27   2.918368 1.615358 1.514501 -0.000019 -0.000022 -0.000050
 28   2.920798 1.614964 -1.501142 -0.000002 -0.000009 -0.000024
 29   8.824059 0.150544 0.091743 0.000006 -0.000231 -0.174534
 30   2.111085 -0.561179 1.784320 -0.000008 -0.000682 0.000024
 31   2.121290 -0.561289 -1.853599 0.000000 0.000000 -0.000002
 32   -0.810489 -0.093824 3.127092 0.564080 -3.064347 -0.563586
 33   14.298673 -0.408176 0.475484 -0.006392 -0.009799 -0.413535
 34   15.835795 0.581398 0.242756 -0.007436 -0.212263 -0.117847
 35   -0.815868 -0.091229 -3.114430 -0.120039 3.021422 -0.057357
 36   14.294526 -0.410349 -0.463635 0.001663 0.012787 -0.721549
 37   15.834409 0.579420 -0.284600 -0.182270 -0.002314 0.569929
 38   1.139685 -3.453749 -2.823813 0.000000 0.000000 0.000001
 39   -4.457742 -1.054854 -0.746180 0.000000 0.000000 0.000000
 40   1.118101 -3.449769 3.237290 0.000000 0.000001 0.000000
 41   -4.433840 -1.059130 0.959566 -0.000001 0.000000 0.000000
 42   -0.657468 1.697302 -2.688614 0.000000 0.000002 0.000000
 43   -0.664068 1.698578 2.869377 0.000000 0.000002 0.000000
time 59
  0   -0.010486 -0.546892 -0.601210 0.000000 0.000000 -1.571449
  1   -1.093036 0.000002 -0.326057 -0.214108 -1.569036 -1.356583
  2   2.262337 0.113614 0.064702 -0.048837 -0.113230 0.334786
  3   2.380047 0.353302 0.047440 -0.081590 -0.031524 0.346690
  4   2.033756 0.190472 -0.000128 -0.139860 -0.059719 0.028103
  5   2.451511 0.204909 -0.003447 -0.343433 -0.008139 0.061332
  6   7.247600 -0.397300 -0.109469 0.000001 0.000021 0.156829
  7   -2.022252 -0.104661 3.136172 0.963762 -1.376765 -4.291856
  8   1.168026 -0.537438 -0.063437 0.050416 0.824416 -0.432195
  9   6.790376 -0.619176 0.015206 0.035904 0.095354 -1.290344
 10   8.637599 0.544015 -0.090417 -3.586885 0.159374 0.027298
 11   6.790465 -0.619039 0.017802 0.040066 0.051339 -0.918271
 12   -2.022474 -0.104699 -2.873818 -1.429965 1.476125 -4.689566
 13   1.167898 -0.537463 0.063297 0.186209 -1.246823 -0.686858
 14   7.002743 -0.617765 -0.183752 0.032795 -0.200767 -1.772217
 15   8.209042 0.615527 -0.255885 1.921911 0.449279 0.239941
 16   7.002735 -0.617911 -0.183641 -0.001755 -0.141328 -1.254633
 17   1.574674 0.609930 -0.000899 0.210940 -0.245323 0.379767
 18   -0.602177 0.511412 -0.000006 0.000000 0.000000 0.000000
 19   3.673773 0.177020 1.119313 -0.000002 -0.000014 -0.174510
 20   3.673767 0.176993 -1.117566 0.000007 -0.000003 -0.174546
 21   3.942357 1.330634 1.627658 0.000002 -0.000011 -0.000026
 22   -0.246060 -0.011889 0.516521 -0.000011 0.000031 0.000025
 23   3.942374 1.330659 -1.631083 0.000019 0.000002 -0.000024
 24   -0.246150 -0.011872 -0.516511 -0.000005 -0.000006 0.000048
 25   4.941364 1.997338 1.629330 0.000018 -0.000001 -0.000024
 26   4.941382 1.997366 -1.629410 -0.000001 0.000005 -0.000024
 27   2.918368 1.615358 1.514501 -0.000019 -0.000022 -0.000050
 28   2.920798 1.614964 -1.501142 -0.000002 -0.000009 -0.000024
 29   8.824059 0.150544 0.091743 0.000006 -0.000231 -0.174534
 30   2.111085 -0.561179 1.784320 -0.000008 -0.000682 0.000024
 31   2.121290 -0.561289 -1.853599 0.000000 0.000000 -0.000002
 32   -0.810489 -0.093824 3.127092 0.564080 -3.064347 -0.563586
 33   14.298673 -0.408176 0.475484 -0.006392 -0.009799 -0.413535
 34   15.835795 0.581398 0.242756 -0.007436 -0.212263 -0.117847
 35   -0.815868 -0.091229 -3.114430 -0.120039 3.021422 -0.057357
 36   14.294526 -0.410349 -0.463635 0.001663 0.012787 -0.721549
 37   15.834409 0.579420 -0.284600 -0.182270 -0.002314 0.569929
 38   1.139685 -3.453749 -2.823813 0.000000 0.000000 0.000001
 39   -4.457742 -1.054854 -0.746180 0.000000 0.000000 0.000000
 40   1.118101 -3.449769 3.237290 0.000000 0.000001 0.000000
 41   -4.433840 -1.059130 0.959566 -0.000001 0.000000 0.000000
 42   -0.657468 1.697302 -2.688614 0.000000 0.000002 0.000000
 43   -0.664068 1.698578 2.869377 0.000000 0.000002 0.000000
time 60
  0   -0.010486 -0.546892 -0.601210 0.000000 0.000000 -1.571449
  1   -1.093036 0.000002 -0.326057 -0.214108 -1.569036 -1.356583
  2   2.262337 0.113614 0.064702 -0.045270 -0.118611 0.333973
  3   2.380047 0.353302 0.047440 -0.077255 -0.032303 0.342854
  4   2.033756 0.190472 -0.000128 -0.139104 -0.063974 0.022919
  5   2.451511 0.204909 -0.003447 -0.343347 -0.009536 0.057914
  6   7.247600 -0.397300 -0.109469 0.000001 0.000021 0.156829
  7   -2.022252 -0.104661 3.136172 0.835409 -1.373422 -4.153428
  8   1.168026 -0.537438 -0.063437 0.021686 0.758454 -0.504122
  9   6.790376 -0.619176 0.015206 0.038068 0.090081 -1.235253
 10   8.637599 0.544015 -0.090417 -3.508067 0.146563 0.027587
 11   6.790465 -0.619039 0.017802 0.039920 0.047587 -0.879744
 12   -2.022474 -0.104699 -2.873818 -1.214878 1.477576 -4.458734
 13   1.167898 -0.537463 0.063297 0.225292 -1.240467 -0.703929
 14   7.002743 -0.617765 -0.183752 0.032396 -0.200711 -1.768752
 15   8.209042 0.615527 -0.255885 1.936076 0.491799 0.234348
 16   7.002735 -0.617911 -0.183641 -0.001802 -0.141215 -1.252149
 17   1.574674 0.609930 -0.000899 0.183359 -0.206201 0.369528
 18   -0.602177 0.511412 -0.000006 0.000000 0.000000 0.000000
 19   3.673773 0.177020 1.119313 -0.000002 -0.000014 -0.174510
 20   3.673767 0.176993 -1.117566 0.000007 -0.000003 -0.174546
 21   3.942357 1.330634 1.627658 0.000002 -0.000011 -0.000026
 22   -0.246060 -0.011889 0.516521 -0.000011 0.000031 0.000025
 23   3.942374 1.330659 -1.631083 0.000019 0.000002 -0.000024
 24   -0.246150 -0.011872 -0.516511 -0.000005 -0.000006 0.000048
 25   4.941364 1.997338 1.629330 0.000018 -0.000001 -0.000024
 26   4.941382 1.997366 -1.629410 -0.000001 0.000005 -0.000024
 27   2.918368 1.615358 1.514501 -0.000019 -0.000022 -0.000050
 28   2.920798 1.614964 -1.501142 -0.000002 -0.000009 -0.000024
 29   8.824059 0.150544 0.091743 0.000006 -0.000231 -0.174534
 30   2.111085 -0.561179 1.784320 -0.000008 -0.000682 0.000024
 31   2.121290 -0.561289 -1.853599 0.000000 0.000000 -0.000002
 32   -0.810489 -0.093824 3.127092 0.564080 -3.064347 -0.563586
 33   14.298673 -0.408176 0.475484 -0.006392 -0.009799 -0.413535
 34   15.835795 0.581398 0.242756 -0.007436 -0.212263 -0.117847
 35   -0.815868 -0.091229 -3.114430 -0.120039 3.021422 -0.057357
 36   14.294526 -0.410349 -0.463635 0.001663 0.012787 -0.721549
 37   15.834409 0.579420 -0.284600 -0.182270 -0.002314 0.569929
 38   1.139685 -3.453749 -2.823813 0.000000 0.000000 0.000001
 39   -4.457742 -1.054854 -0.746180 0.000000 0.000000 0.000000
 40   1.118101 -3.449769 3.237290 0.000000 0.000001 0.000000
 41   -4.433840 -1.059130 0.959566 -0.000001 0.000000 0.000000
 42   -0.657468 1.697302 -2.688614 0.000000 0.000002 0.000000
 43   -0.664068 1.698578 2.869377 0.000000 0.000002 0.000000
time 61
  0   -0.010486 -0.546892 -0.601210 0.000000 0.000000 -1.571449
  1   -1.093036 0.000002 -0.326057 -0.214108 -1.569036 -1.356583
  2   2.262337 0.113614 0.064702 -0.041411 -0.116549 0.333666
  3   2.380047 0.353302 0.047440 -0.074465 -0.032291 0.340752
  4   2.033756 0.190472 -0.000128 -0.139012 -0.064153 0.022412
  5   2.451511 0.204909 -0.003447 -0.343638 -0.020306 0.060044
  6   7.247600 -0.397300 -0.109469 0.000001 0.000021 0.156829
  7   -2.022252 -0.104661 3.136172 0.785946 -1.374719 -4.093323
  8   1.168026 -0.537438 -0.063437 -0.011030 0.703762 -0.537903
  9   6.790376 -0.619176 0.015206 0.039011 0.085209 -1.187784
 10   8.637599 0.544015 -0.090417 -3.366195 0.154306 0.072224
 11   6.790465 -0.619039 0.017802 0.039336 0.044176 -0.846696
 12   -2.022474 -0.104699 -2.873818 -0.951313 1.456301 -4.184149
 13   1.167898 -0.537463 0.063297 0.247505 -1.244331 -0.708469
 14   7.002743 -0.617765 -0.183752 0.031884 -0.200483 -1.761574
 15   8.209042 0.615527 -0.255885 1.903792 0.507764 0.198326
 16   7.002735 -0.617911 -0.183641 -0.002037 -0.140877 -1.247292
 17   1.574674 0.609930 -0.000899 0.192661 -0.171719 0.350272
 18   -0.602177 0.511412 -0.000006 0.000000 0.000000 0.000000
 19   3.673773 0.177020 1.119313 -0.000002 -0.000014 -0.174510
 20   3.673767 0.176993 -1.117566 0.000007 -0.000003 -0.174546
 21   3.942357 1.330634 1.627658 0.000002 -0.000011 -0.000026
 22   -0.246060 -0.011889 0.516521 -0.000011 0.000031 0.000025
 23   3.942374 1.330659 -1.631083 0.000019 0.000002 -0.000024
 24   -0.246150 -0.011872 -0.516511 -0.000005 -0.000006 0.000048
 25   4.941364 1.997338 1.629330 0.000018 -0.000001 -0.000024
 26   4.941382 1.997366 -1.629410 -0.000001 0.000005 -0.000024
 27   2.918368 1.615358 1.514501 -0.000019 -0.000022 -0.000050
 28   2.920798 1.614964 -1.501142 -0.000002 -0.000009 -0.000024
 29   8.824059 0.150544 0.091743 0.000006 -0.000231 -0.174534
 30   2.111085 -0.561179 1.784320 -0.000008 -0.000682 0.000024
 31   2.121290 -0.561289 -1.853599 0.000000 0.000000 -0.000002
 32   -0.810489 -0.093824 3.127092 0.564080 -3.064347 -0.563586
 33   14.298673 -0.408176 0.475484 -0.006392 -0.009799 -0.413535
 34   15.835795 0.581398 0.242756 -0.007436 -0.212263 -0.117847
 35   -0.815868 -0.091229 -3.114430 -0.120039 3.021422 -0.057357
 36   14.294526 -0.410349 -0.463635 0.001663 0.012787 -0.721549
 37   15.834409 0.579420 -0.284600 -0.182270 -0.002314 0.569929
 38   1.139685 -3.453749 -2.823813 0.000000 0.000000 0.000001
 39   -4.457742 -1.054854 -0.746180 0.000000 0.000000 0.000000
 40   1.118101 -3.449769 3.237290 0.000000 0.000001 0.000000
 41   -4.433840 -1.059130 0.959566 -0.000001 0.000000 0.000000
 42   -0.657468 1.697302 -2.688614 0.000000 0.000002 0.000000
 43   -0.664068 1.698578 2.869377 0.000000 0.000002 0.000000
time 62
  0   -0.010486 -0.546892 -0.601210 0.000000 0.000000 -1.571449
  1   -1.093036 0.000002 -0.326057 -0.214108 -1.569036 -1.356583
  2   2.262337 0.113614 0.064702 -0.040519 -0.113745 0.333883
  3   2.380047 0.353302 0.047440 -0.074405 -0.029558 0.341262
  4   2.033756 0.190472 -0.000128 -0.138938 -0.064189 0.022303
  5   2.451511 0.204909 -0.003447 -0.343758 -0.025150 0.061852
  6   7.247600 -0.397300 -0.109469 0.000001 0.000021 0.156829
  7   -2.022252 -0.104661 3.136172 0.817100 -1.376794 -4.124691
  8   1.168026 -0.537438 -0.063437 -0.084245 0.702907 -0.550049
  9   6.790376 -0.619176 0.015206 0.040176 0.080271 -1.137296
 10   8.637599 0.544015 -0.090417 -3.358974 0.141847 0.087344
 11   6.790465 -0.619039 0.017802 0.038869 0.040680 -0.811284
 12   -2.022474 -0.104699 -2.873818 -0.800992 1.439903 -4.028378
 13   1.167898 -0.537463 0.063297 0.234290 -1.248349 -0.689703
 14   7.002743 -0.617765 -0.183752 0.032168 -0.200427 -1.766607
 15   8.209042 0.615527 -0.255885 1.873664 0.494221 0.188824
 16   7.002735 -0.617911 -0.183641 -0.001849 -0.140877 -1.250714
 17   1.574674 0.609930 -0.000899 0.215368 -0.143887 0.326949
 18   -0.602177 0.511412 -0.000006 0.000000 0.000000 0.000000
 19   3.673773 0.177020 1.119313 -0.000002 -0.000014 -0.174510
 20   3.673767 0.176993 -1.117566 0.000007 -0.000003 -0.174546
 21   3.942357 1.330634 1.627658 0.000002 -0.000011 -0.000026
 22   -0.246060 -0.011889 0.516521 -0.000011 0.000031 0.000025
 23   3.942374 1.330659 -1.631083 0.000019 0.000002 -0.000024
 24   -0.246150 -0.011872 -0.516511 -0.000005 -0.000006 0.000048
 25   4.941364 1.997338 1.629330 0.000018 -0.000001 -0.000024
 26   4.941382 1.997366 -1.629410 -0.000001 0.000005 -0.000024
 27   2.918368 1.615358 1.514501 -0.000019 -0.000022 -0.000050
 28   2.920798 1.614964 -1.501142 -0.000002 -0.000009 -0.000024
 29   8.824059 0.150544 0.091743 0.000006 -0.000231 -0.174534
 30   2.111085 -0.561179 1.784320 -0.000008 -0.000682 0.000024
 31   2.121290 -0.561289 -1.853599 0.000000 0.000000 -0.000002
 32   -0.810489 -0.093824 3.127092 0.564080 -3.064347 -0.563586
 33   14.298673 -0.408176 0.475484 -0.006392 -0.009799 -0.413535
 34   15.835795 0.581398 0.242756 -0.007436 -0.212263 -0.117847
 35   -0.815868 -0.091229 -3.114430 -0.120039 3.021422 -0.057357
 36   14.294526 -0.410349 -0.463635 0.001663 0.012787 -0.721549
 37   15.834409 0.579420 -0.284600 -0.182270 -0.002314 0.569929
 38   1.139685 -3.453749 -2.823813 0.000000 0.000000 0.000001
 39   -4.457742 -1.054854 -0.746180 0.000000 0.000000 0.000000
 40   1.118101 -3.449769 3.237290 0.000000 0.000001 0.000000
 41   -4.433840 -1.059130 0.959566 -0.000001 0.000000 0.000000
 42   -0.657468 1.697302 -2.688614 0.000000 0.000002 0.000000
 43   -0.664068 1.698578 2.869377 0.000000 0.000002 0.000000
time 63
  0   -0.010486 -0.546892 -0.601210 0.000000 0.000000 -1.571449
  1   -1.093036 0.000002 -0.326057 -0.214108 -1.569036 -1.356583
  2   2.262337 0.113614 0.064702 -0.042889 -0.110953 0.336575
  3   2.380047 0.353302 0.047440 -0.074900 -0.026850 0.343833
  4   2.033756 0.190472 -0.000128 -0.138772 -0.061864 0.024224
  5   2.451511 0.204909 -0.003447 -0.343604 -0.023361 0.062793
  6   7.247600 -0.397300 -0.109469 0.000001 0.000021 0.156829
  7   -2.022252 -0.104661 3.136172 0.865796 -1.379965 -4.180851
  8   1.168026 -0.537438 -0.063437 -0.222323 0.727712 -0.586930
  9   6.790376 -0.619176 0.015206 0.040953 0.074598 -1.081752
 10   8.637599 0.544015 -0.090417 -3.404239 0.183307 0.124818
 11   6.790465 -0.619039 0.017802 0.038110 0.036814 -0.772584
 12   -2.022474 -0.104699 -2.873818 -0.752897 1.446724 -3.974954
 13   1.167898 -0.537463 0.063297 0.236328 -1.249671 -0.705079
 14   7.002743 -0.617765 -0.183752 0.032168 -0.200256 -1.766442
 15   8.209042 0.615527 -0.255885 1.858637 0.487487 0.176015
 16   7.002735 -0.617911 -0.183641 -0.001849 -0.140764 -1.250714
 17   1.574674 0.609930 -0.000899 0.240471 -0.132029 0.312830
 18   -0.602177 0.511412 -0.000006 0.000000 0.000000 0.000000
 19   3.673773 0.177020 1.119313 -0.000002 -0.000014 -0.174510
 20   3.673767 0.176993 -1.117566 0.000007 -0.000003 -0.174546
 21   3.942357 1.330634 1.627658 0.000002 -0.000011 -0.000026
 22   -0.246060 -0.011889 0.516521 -0.000011 0.000031 0.000025
 23   3.942374 1.330659 -1.631083 0.000019 0.000002 -0.000024
 24   -0.246150 -0.011872 -0.516511 -0.000005 -0.000006 0.000048
 25   4.941364 1.997338 1.629330 0.000018 -0.000001 -0.000024
 26   4.941382 1.997366 -1.629410 -0.000001 0.000005 -0.000024
 27   2.918368 1.615358 1.514501 -0.000019 -0.000022 -0.000050
 28   2.920798 1.614964 -1.501142 -0.000002 -0.000009 -0.000024
 29   8.824059 0.150544 0.091743 0.000006 -0.000231 -0.174534
 30   2.111085 -0.561179 1.784320 -0.000008 -0.000682 0.000024
 31   2.121290 -0.561289 -1.853599 0.000000 0.000000 -0.000002
 32   -0.810489 -0.093824 3.127092 0.564080 -3.064347 -0.563586
 33   14.298673 -0.408176 0.475484 -0.006392 -0.009799 -0.413535
 34   15.835795 0.581398 0.242756 -0.007436 -0.212263 -0.117847
 35   -0.815868 -0.091229 -3.114430 -0.120039 3.021422 -0.057357
 36   14.294526 -0.410349 -0.463635 0.001663 0.012787 -0.721549
 37   15.834409 0.579420 -0.284600 -0.182270 -0.002314 0.569929
 38   1.139685 -3.453749 -2.823813 0.000000 0.000000 0.000001
 39   -4.457742 -1.054854 -0.746180 0.000000 0.000000 0.000000
 40   1.118101 -3.449769 3.237290 0.000000 0.000001 0.000000
 41   -4.433840 -1.059130 0.959566 -0.000001 0.000000 0.000000
 42   -0.657468 1.697302 -2.688614 0.000000 0.000002 0.000000
 43   -0.664068 1.698578 2.869377 0.000000 0.000002 0.000000
time 64
  0   -0.010486 -0.546892 -0.601210 0.000000 0.000000 -1.571449
  1   -1.093036 0.000002 -0.326057 -0.214108 -1.569036 -1.356583
  2   2.262337 0.113614 0.064702 -0.046149 -0.107189 0.339684
  3   2.380047 0.353302 0.047440 -0.075560 -0.023937 0.347751
  4   2.033756 0.190472 -0.000128 -0.138569 -0.058569 0.027160
  5   2.451511 0.204909 -0.003447 -0.343347 -0.020124 0.063957
  6   7.247600 -0.397300 -0.109469 0.000001 0.000021 0.156829
  7   -2.022252 -0.104661 3.136172 0.897141 -1.379792 -4.224614
  8   1.168026 -0.537438 -0.063437 -0.373627 0.726404 -0.661071
  9   6.790376 -0.619176 0.015206 0.041785 0.066856 -1.005002
 10   8.637599 0.544015 -0.090417 -3.451618 0.231313 0.160122
 11   6.790465 -0.619039 0.017802 0.036854 0.031612 -0.718831
 12   -2.022474 -0.104699 -2.873818 -0.800609 1.454560 -4.023208
 13   1.167898 -0.537463 0.063297 0.212147 -1.247128 -0.696241
 14   7.002743 -0.617765 -0.183752 0.032112 -0.200086 -1.765864
 15   8.209042 0.615527 -0.255885 1.856767 0.492178 0.167656
 16   7.002735 -0.617911 -0.183641 -0.001849 -0.140595 -1.250162
 17   1.574674 0.609930 -0.000899 0.257410 -0.132858 0.319372
 18   -0.602177 0.511412 -0.000006 0.000000 0.000000 0.000000
 19   3.673773 0.177020 1.119313 -0.000002 -0.000014 -0.174510
 20   3.673767 0.176993 -1.117566 0.000007 -0.000003 -0.174546
 21   3.942357 1.330634 1.627658 0.000002 -0.000011 -0.000026
 22   -0.246060 -0.011889 0.516521 -0.000011 0.000031 0.000025
 23   3.942374 1.330659 -1.631083 0.000019 0.000002 -0.000024
 24   -0.246150 -0.011872 -0.516511 -0.000005 -0.000006 0.000048
 25   4.941364 1.997338 1.629330 0.000018 -0.000001 -0.000024
 26   4.941382 1.997366 -1.629410 -0.000001 0.000005 -0.000024
 27   2.918368 1.615358 1.514501 -0.000019 -0.000022 -0.000050
 28   2.920798 1.614964 -1.501142 -0.000002 -0.000009 -0.000024
 29   8.824059 0.150544 0.091743 0.000006 -0.000231 -0.174534
 30   2.111085 -0.561179 1.784320 -0.000008 -0.000682 0.000024
 31   2.121290 -0.561289 -1.853599 0.000000 0.000000 -0.000002
 32   -0.810489 -0.093824 3.127092 0.564080 -3.064347 -0.563586
 33   14.298673 -0.408176 0.475484 -0.006392 -0.009799 -0.413535
 34   15.835795 0.581398 0.242756 -0.007436 -0.212263 -0.117847
 35   -0.815868 -0.091229 -3.114430 -0.120039 3.021422 -0.057357
 36   14.294526 -0.410349 -0.463635 0.001663 0.012787 -0.721549
 37   15.834409 0.579420 -0.284600 -0.182270 -0.002314 0.569929
 38   1.139685 -3.453749 -2.823813 0.000000 0.000000 0.000001
 39   -4.457742 -1.054854 -0.746180 0.000000 0.000000 0.000000
 40   1.118101 -3.449769 3.237290 0.000000 0.000001 0.000000
 41   -4.433840 -1.059130 0.959566 -0.000001 0.000000 0.000000
 42   -0.657468 1.697302 -2.688614 0.000000 0.000002 0.000000
 43   -0.664068 1.698578 2.869377 0.000000 0.000002 0.000000
time 65
  0   -0.010486 -0.546892 -0.601210 0.000000 0.000000 -1.571449
  1   -1.093036 0.000002 -0.326057 -0.214108 -1.569036 -1.356583
  2   2.262337 0.113614 0.064702 -0.048620 -0.103318 0.343009
  3   2.380047 0.353302 0.047440 -0.075725 -0.020905 0.351873
  4   2.033756 0.190472 -0.000128 -0.138385 -0.055489 0.030096
  5   2.451511 0.204909 -0.003447 -0.343347 -0.019876 0.066285
  6   7.247600 -0.397300 -0.109469 0.000001 0.000021 0.156829
  7   -2.022252 -0.104661 3.136172 0.923310 -1.382877 -4.260396
  8   1.168026 -0.537438 -0.063437 -0.505250 0.701750 -0.761149
  9   6.790376 -0.619176 0.015206 0.042007 0.058446 -0.922365
 10   8.637599 0.544015 -0.090417 -3.502607 0.270450 0.130099
 11   6.790465 -0.619039 0.017802 0.035219 0.026041 -0.660983
 12   -2.022474 -0.104699 -2.873818 -0.906571 1.453022 -4.131491
 13   1.167898 -0.537463 0.063297 0.157458 -1.241636 -0.650840
 14   7.002743 -0.617765 -0.183752 0.031998 -0.199859 -1.764049
 15   8.209042 0.615527 -0.255885 1.867840 0.498004 0.181668
 16   7.002735 -0.617911 -0.183641 -0.001896 -0.140482 -1.248948
 17   1.574674 0.609930 -0.000899 0.267402 -0.129379 0.344432
 18   -0.602177 0.511412 -0.000006 0.000000 0.000000 0.000000
 19   3.673773 0.177020 1.119313 -0.000002 -0.000014 -0.174510
 20   3.673767 0.176993 -1.117566 0.000007 -0.000003 -0.174546
 21   3.942357 1.330634 1.627658 0.000002 -0.000011 -0.000026
 22   -0.246060 -0.011889 0.516521 -0.000011 0.000031 0.000025
 23   3.942374 1.330659 -1.631083 0.000019 0.000002 -0.000024
 24   -0.246150 -0.011872 -0.516511 -0.000005 -0.000006 0.000048
 25   4.941364 1.997338 1.629330 0.000018 -0.000001 -0.000024
 26   4.941382 1.997366 -1.629410 -0.000001 0.000005 -0.000024
 27   2.918368 1.615358 1.514501 -0.000019 -0.000022 -0.000050
 28   2.920798 1.614964 -1.501142 -0.000002 -0.000009 -0.000024
 29   8.824059 0.150544 0.091743 0.000006 -0.000231 -0.174534
 30   2.111085 -0.561179 1.784320 -0.000008 -0.000682 0.000024
 31   2.121290 -0.561289 -1.853599 0.000000 0.000000 -0.000002
 32   -0.810489 -0.093824 3.127092 0.564080 -3.064347 -0.563586
 33   14.298673 -0.408176 0.475484 -0.006392 -0.009799 -0.413535
 34   15.835795 0.581398 0.242756 -0.007436 -0.212263 -0.117847
 35   -0.815868 -0.091229 -3.114430 -0.120039 3.021422 -0.057357
 36   14.294526 -0.410349 -0.463635 0.001663 0.012787 -0.721549
 37   15.834409 0.579420 -0.284600 -0.182270 -0.002314 0.569929
 38   1.139685 -3.453749 -2.823813 0.000000 0.000000 0.000001
 39   -4.457742 -1.054854 -0.746180 0.000000 0.000000 0.000000
 40   1.118101 -3.449769 3.237290 0.000000 0.000001 0.000000
 41   -4.433840 -1.059130 0.959566 -0.000001 0.000000 0.000000
 42   -0.657468 1.697302 -2.688614 0.000000 0.000002 0.000000
 43   -0.664068 1.698578 2.869377 0.000000 0.000002 0.000000
time 66
  0   -0.010486 -0.546892 -0.601210 0.000000 0.000000 -1.571449
  1   -1.093036 0.000002 -0.326057 -0.214108 -1.569036 -1.356583
  2   2.262337 0.113614 0.064702 -0.050072 -0.099843 0.345828
  3   2.380047 0.353302 0.047440 -0.075500 -0.017574 0.356587
  4   2.033756 0.190472 -0.000128 -0.138219 -0.052468 0.034555
  5   2.451511 0.204909 -0.003447 -0.343330 -0.019810 0.069752
  6   7.247600 -0.397300 -0.109469 0.000001 0.000021 0.156829
  7   -2.022252 -0.104661 3.136172 0.959545 -1.390948 -4.304910
  8   1.168026 -0.537438 -0.063437 -0.628900 0.690580 -0.858823
  9   6.790376 -0.619176 0.015206 0.041674 0.052440 -0.861387
 10   8.637599 0.544015 -0.090417 -3.510973 0.292412 0.133861
 11   6.790465 -0.619039 0.017802 0.033818 0.021976 -0.618476
 12   -2.022474 -0.104699 -2.873818 -1.038019 1.446549 -4.265241
 13   1.167898 -0.537463 0.063297 0.092366 -1.233703 -0.596298
 14   7.002743 -0.617765 -0.183752 0.031371 -0.199405 -1.757531
 15   8.209042 0.615527 -0.255885 1.881789 0.512833 0.188584
 16   7.002735 -0.617911 -0.183641 -0.002084 -0.140031 -1.244422
 17   1.574674 0.609930 -0.000899 0.273495 -0.121782 0.380136
 18   -0.602177 0.511412 -0.000006 0.000000 0.000000 0.000000
 19   3.673773 0.177020 1.119313 -0.000002 -0.000014 -0.174510
 20   3.673767 0.176993 -1.117566 0.000007 -0.000003 -0.174546
 21   3.942357 1.330634 1.627658 0.000002 -0.000011 -0.000026
 22   -0.246060 -0.011889 0.516521 -0.000011 0.000031 0.000025
 23   3.942374 1.330659 -1.631083 0.000019 0.000002 -0.000024
 24   -0.246150 -0.011872 -0.516511 -0.000005 -0.000006 0.000048
 25   4.941364 1.997338 1.629330 0.000018 -0.000001 -0.000024
 26   4.941382 1.997366 -1.629410 -0.000001 0.000005 -0.000024
 27   2.918368 1.615358 1.514501 -0.000019 -0.000022 -0.000050
 28   2.920798 1.614964 -1.501142 -0.000002 -0.000009 -0.000024
 29   8.824059 0.150544 0.091743 0.000006 -0.000231 -0.174534
 30   2.111085 -0.561179 1.784320 -0.000008 -0.000682 0.000024
 31   2.121290 -0.561289 -1.853599 0.000000 0.000000 -0.000002
 32   -0.810489 -0.093824 3.127092 0.564080 -3.064347 -0.563586
 33   14.298673 -0.408176 0.475484 -0.006392 -0.009799 -0.413535
 34   15.835795 0.581398 0.242756 -0.007436 -0.212263 -0.117847
 35   -0.815868 -0.091229 -3.114430 -0.120039 3.021422 -0.057357
 36   14.294526 -0.410349 -0.463635 0.001663 0.012787 -0.721549
 37   15.834409 0.579420 -0.284600 -0.182270 -0.002314 0.569929
 38   1.139685 -3.453749 -2.823813 0.000000 0.000000 0.000001
 39   -4.457742 -1.054854 -0.746180 0.000000 0.000000 0.000000
 40   1.118101 -3.449769 3.237290 0.000000 0.000001 0.000000
 41   -4.433840 -1.059130 0.959566 -0.000001 0.000000 0.000000
 42   -0.657468 1.697302 -2.688614 0.000000 0.000002 0.000000
 43   -0.664068 1.698578 2.869377 0.000000 0.000002 0.000000
time 67
  0   -0.010486 -0.546892 -0.601210 0.000000 0.000000 -1.571449
  1   -1.093036 0.000002 -0.326057 -0.214108 -1.569036 -1.356583
  2   2.262337 0.113614 0.064702 -0.049932 -0.097554 0.348050
  3   2.380047 0.353302 0.047440 -0.075275 -0.014721 0.361994
  4   2.033756 0.190472 -0.000128 -0.138145 -0.049856 0.040282
  5   2.451511 0.204909 -0.003447 -0.343296 -0.019823 0.074210
  6   7.247600 -0.397300 -0.109469 0.000001 0.000021 0.156829
  7   -2.022252 -0.104661 3.136172 0.963475 -1.399336 -4.315804
  8   1.168026 -0.537438 -0.063437 -0.737806 0.702806 -0.934736
  9   6.790376 -0.619176 0.015206 0.041286 0.047568 -0.812635
 10   8.637599 0.544015 -0.090417 -3.476540 0.336265 0.218721
 11   6.790465 -0.619039 0.017802 0.032650 0.018906 -0.584391
 12   -2.022474 -0.104699 -2.873818 -1.146760 1.439584 -4.375727
 13   1.167898 -0.537463 0.063297 0.035639 -1.218956 -0.561672
 14   7.002743 -0.617765 -0.183752 0.029663 -0.198780 -1.737070
 15   8.209042 0.615527 -0.255885 1.897968 0.534396 0.188223
 16   7.002735 -0.617911 -0.183641 -0.002602 -0.139129 -1.230293
 17   1.574674 0.609930 -0.000899 0.279507 -0.121237 0.415545
 18   -0.602177 0.511412 -0.000006 0.000000 0.000000 0.000000
 19   3.673773 0.177020 1.119313 -0.000002 -0.000014 -0.174510
 20   3.673767 0.176993 -1.117566 0.000007 -0.000003 -0.174546
 21   3.942357 1.330634 1.627658 0.000002 -0.000011 -0.000026
 22   -0.246060 -0.011889 0.516521 -0.000011 0.000031 0.000025
 23   3.942374 1.330659 -1.631083 0.000019 0.000002 -0.000024
 24   -0.246150 -0.011872 -0.516511 -0.000005 -0.000006 0.000048
 25   4.941364 1.997338 1.629330 0.000018 -0.000001 -0.000024
 26   4.941382 1.997366 -1.629410 -0.000001 0.000005 -0.000024
 27   2.918368 1.615358 1.514501 -0.000019 -0.000022 -0.000050
 28   2.920798 1.614964 -1.501142 -0.000002 -0.000009 -0.000024
 29   8.824059 0.150544 0.091743 0.000006 -0.000231 -0.174534
 30   2.111085 -0.561179 1.784320 -0.000008 -0.000682 0.000024
 31   2.121290 -0.561289 -1.853599 0.000000 0.000000 -0.000002
 32   -0.810489 -0.093824 3.127092 0.564080 -3.064347 -0.563586
 33   14.298673 -0.408176 0.475484 -0.006392 -0.009799 -0.413535
 34   15.835795 0.581398 0.242756 -0.007436 -0.212263 -0.117847
 35   -0.815868 -0.091229 -3.114430 -0.120039 3.021422 -0.057357
 36   14.294526 -0.410349 -0.463635 0.001663 0.012787 -0.721549
 37   15.834409 0.579420 -0.284600 -0.182270 -0.002314 0.569929
 38   1.139685 -3.453749 -2.823813 0.000000 0.000000 0.000001
 39   -4.457742 -1.054854 -0.746180 0.000000 0.000000 0.000000
 40   1.118101 -3.449769 3.237290 0.000000 0.000001 0.000000
 41   -4.433840 -1.059130 0.959566 -0.000001 0.000000 0.000000
 42   -0.657468 1.697302 -2.688614 0.000000 0.000002 0.000000
 43   -0.664068 1.698578 2.869377 0.000000 0.000002 0.000000
time 68
  0   -0.010486 -0.546892 -0.601210 0.000000 0.000000 -1.571449
  1   -1.093036 0.000002 -0.326057 -0.214108 -1.569036 -1.356583
  2   2.262337 0.113614 0.064702 -0.049805 -0.095504 0.350924
  3   2.380047 0.353302 0.047440 -0.075095 -0.012660 0.367769
  4   2.033756 0.190472 -0.000128 -0.138145 -0.048094 0.046299
  5   2.451511 0.204909 -0.003447 -0.343210 -0.019823 0.078841
  6   7.247600 -0.397300 -0.109469 0.000001 0.000021 0.156829
  7   -2.022252 -0.104661 3.136172 0.908644 -1.392418 -4.252319
  8   1.168026 -0.537438 -0.063437 -0.804124 0.737121 -0.955485
  9   6.790376 -0.619176 0.015206 0.040509 0.043497 -0.772260
 10   8.637599 0.544015 -0.090417 -3.427840 0.383145 0.223785
 11   6.790465 -0.619039 0.017802 0.031453 0.016291 -0.556188
 12   -2.022474 -0.104699 -2.873818 -1.210376 1.438684 -4.435660
 13   1.167898 -0.537463 0.063297 0.017995 -1.194089 -0.592666
 14   7.002743 -0.617765 -0.183752 0.026077 -0.195486 -1.695157
 15   8.209042 0.615527 -0.255885 1.931330 0.572679 0.188343
 16   7.002735 -0.617911 -0.183641 -0.003591 -0.136084 -1.201206
 17   1.574674 0.609930 -0.000899 0.292871 -0.123509 0.454021
 18   -0.602177 0.511412 -0.000006 0.000000 0.000000 0.000000
 19   3.673773 0.177020 1.119313 -0.000002 -0.000014 -0.174510
 20   3.673767 0.176993 -1.117566 0.000007 -0.000003 -0.174546
 21   3.942357 1.330634 1.627658 0.000002 -0.000011 -0.000026
 22   -0.246060 -0.011889 0.516521 -0.000011 0.000031 0.000025
 23   3.942374 1.330659 -1.631083 0.000019 0.000002 -0.000024
 24   -0.246150 -0.011872 -0.516511 -0.000005 -0.000006 0.000048
 25   4.941364 1.997338 1.629330 0.000018 -0.000001 -0.000024
 26   4.941382 1.997366 -1.629410 -0.000001 0.000005 -0.000024
 27   2.918368 1.615358 1.514501 -0.000019 -0.000022 -0.000050
 28   2.920798 1.614964 -1.501142 -0.000002 -0.000009 -0.000024
 29   8.824059 0.150544 0.091743 0.000006 -0.000231 -0.174534
 30   2.111085 -0.561179 1.784320 -0.000008 -0.000682 0.000024
 31   2.121290 -0.561289 -1.853599 0.000000 0.000000 -0.000002
 32   -0.810489 -0.093824 3.127092 0.564080 -3.064347 -0.563586
 33   14.298673 -0.408176 0.475484 -0.006392 -0.009799 -0.413535
 34   15.835795 0.581398 0.242756 -0.007436 -0.212263 -0.117847
 35   -0.815868 -0.091229 -3.114430 -0.120039 3.021422 -0.057357
 36   14.294526 -0.410349 -0.463635 0.001663 0.012787 -0.721549
 37   15.834409 0.579420 -0.284600 -0.182270 -0.002314 0.569929
 38   1.139685 -3.453749 -2.823813 0.000000 0.000000 0.000001
 39   -4.457742 -1.054854 -0.746180 0.000000 0.000000 0.000000
 40   1.118101 -3.449769 3.237290 0.000000 0.000001 0.000000
 41   -4.433840 -1.059130 0.959566 -0.000001 0.000000 0.000000
 42   -0.657468 1.697302 -2.688614 0.000000 0.000002 0.000000
 43   -0.664068 1.698578 2.869377 0.000000 0.000002 0.000000
time 69
  0   -0.010486 -0.546892 -0.601210 0.000000 0.000000 -1.571449
  1   -1.093036 0.000002 -0.326057 -0.214108 -1.569036 -1.356583
  2   2.262337 0.113614 0.064702 -0.050047 -0.095397 0.354538
  3   2.380047 0.353302 0.047440 -0.075020 -0.011581 0.374013
  4   2.033756 0.190472 -0.000128 -0.138145 -0.046968 0.052026
  5   2.451511 0.204909 -0.003447 -0.343056 -0.019628 0.082977
  6   7.247600 -0.397300 -0.109469 0.000001 0.000021 0.156829
  7   -2.022252 -0.104661 3.136172 0.903468 -1.361718 -4.234475
  8   1.168026 -0.537438 -0.063437 -0.788367 0.742907 -0.893996
  9   6.790376 -0.619176 0.015206 0.039566 0.038424 -0.720565
 10   8.637599 0.544015 -0.090417 -3.400540 0.379344 0.164318
 11   6.790465 -0.619039 0.017802 0.029935 0.013022 -0.519852
 12   -2.022474 -0.104699 -2.873818 -1.246495 1.454908 -4.467734
 13   1.167898 -0.537463 0.063297 0.060874 -1.160983 -0.726024
 14   7.002743 -0.617765 -0.183752 0.019529 -0.189127 -1.616942
 15   8.209042 0.615527 -0.255885 2.004384 0.655527 0.228996
 16   7.002735 -0.617911 -0.183641 -0.005238 -0.130276 -1.147117
 17   1.574674 0.609930 -0.000899 0.323458 -0.127769 0.490835
 18   -0.602177 0.511412 -0.000006 0.000000 0.000000 0.000000
 19   3.673773 0.177020 1.119313 -0.000002 -0.000014 -0.174510
 20   3.673767 0.176993 -1.117566 0.000007 -0.000003 -0.174546
 21   3.942357 1.330634 1.627658 0.000002 -0.000011 -0.000026
 22   -0.246060 -0.011889 0.516521 -0.000011 0.000031 0.000025
 23   3.942374 1.330659 -1.631083 0.000019 0.000002 -0.000024
 24   -0.246150 -0.011872 -0.516511 -0.000005 -0.000006 0.000048
 25   4.941364 1.997338 1.629330 0.000018 -0.000001 -0.000024
 26   4.941382 1.997366 -1.629410 -0.000001 0.000005 -0.000024
 27   2.918368 1.615358 1.514501 -0.000019 -0.000022 -0.000050
 28   2.920798 1.614964 -1.501142 -0.000002 -0.000009 -0.000024
 29   8.824059 0.150544 0.091743 0.000006 -0.000231 -0.174534
 30   2.111085 -0.561179 1.784320 -0.000008 -0.000682 0.000024
 31   2.121290 -0.561289 -1.853599 0.000000 0.000000 -0.000002
 32   -0.810489 -0.093824 3.127092 0.564080 -3.064347 -0.563586
 33   14.298673 -0.408176 0.475484 -0.006392 -0.009799 -0.413535
 34   15.835795 0.581398 0.242756 -0.007436 -0.212263 -0.117847
 35   -0.815868 -0.091229 -3.114430 -0.120039 3.021422 -0.057357
 36   14.294526 -0.410349 -0.463635 0.001663 0.012787 -0.721549
 37   15.834409 0.579420 -0.284600 -0.182270 -0.002314 0.569929
 38   1.139685 -3.453749 -2.823813 0.000000 0.000000 0.000001
 39   -4.457742 -1.054854 -0.746180 0.000000 0.000000 0.000000
 40   1.118101 -3.449769 3.237290 0.000000 0.000001 0.000000
 41   -4.433840 -1.059130 0.959566 -0.000001 0.000000 0.000000
 42   -0.657468 1.697302 -2.688614 0.000000 0.000002 0.000000
 43   -0.664068 1.698578 2.869377 0.000000 0.000002 0.000000
time 70
  0   -0.010486 -0.546892 -0.601210 0.000000 0.000000 -1.571449
  1   -1.093036 0.000002 -0.326057 -0.214108 -1.569036 -1.356583
  2   2.262337 0.113614 0.064702 -0.050225 -0.095277 0.358568
  3   2.380047 0.353302 0.047440 -0.075035 -0.011222 0.380849
  4   2.033756 0.190472 -0.000128 -0.138182 -0.046129 0.058079
  5   2.451511 0.204909 -0.003447 -0.342902 -0.020437 0.087088
  6   7.247600 -0.397300 -0.109469 0.000001 0.000021 0.156829
  7   -2.022252 -0.104661 3.136172 0.953410 -1.308476 -4.272416
  8   1.168026 -0.537438 -0.063437 -0.813173 0.733850 -0.813655
  9   6.790376 -0.619176 0.015206 0.037957 0.032418 -0.657323
 10   8.637599 0.544015 -0.090417 -3.327887 0.394830 0.166850
 11   6.790465 -0.619039 0.017802 0.027891 0.009156 -0.475558
 12   -2.022474 -0.104699 -2.873818 -1.208364 1.478621 -4.429342
 13   1.167898 -0.537463 0.063297 0.133699 -1.124674 -0.903996
 14   7.002743 -0.617765 -0.183752 0.010876 -0.179076 -1.501517
 15   8.209042 0.615527 -0.255885 2.077221 0.680797 0.311023
 16   7.002735 -0.617911 -0.183641 -0.007027 -0.121592 -1.067143
 17   1.574674 0.609930 -0.000899 0.366109 -0.130586 0.521327
 18   -0.602177 0.511412 -0.000006 0.000000 0.000000 0.000000
 19   3.673773 0.177020 1.119313 -0.000002 -0.000014 -0.174510
 20   3.673767 0.176993 -1.117566 0.000007 -0.000003 -0.174546
 21   3.942357 1.330634 1.627658 0.000002 -0.000011 -0.000026
 22   -0.246060 -0.011889 0.516521 -0.000011 0.000031 0.000025
 23   3.942374 1.330659 -1.631083 0.000019 0.000002 -0.000024
 24   -0.246150 -0.011872 -0.516511 -0.000005 -0.000006 0.000048
 25   4.941364 1.997338 1.629330 0.000018 -0.000001 -0.000024
 26   4.941382 1.997366 -1.629410 -0.000001 0.000005 -0.000024
 27   2.918368 1.615358 1.514501 -0.000019 -0.000022 -0.000050
 28   2.920798 1.614964 -1.501142 -0.000002 -0.000009 -0.000024
 29   8.824059 0.150544 0.091743 0.000006 -0.000231 -0.174534
 30   2.111085 -0.561179 1.784320 -0.000008 -0.000682 0.000024
 31   2.121290 -0.561289 -1.853599 0.000000 0.000000 -0.000002
 32   -0.810489 -0.093824 3.127092 0.564080 -3.064347 -0.563586
 33   14.298673 -0.408176 0.475484 -0.006392 -0.009799 -0.413535
 34   15.835795 0.581398 0.242756 -0.007436 -0.212263 -0.117847
 35   -0.815868 -0.091229 -3.114430 -0.120039 3.021422 -0.057357
 36   14.294526 -0.410349 -0.463635 0.001663 0.012787 -0.721549
 37   15.834409 0.579420 -0.284600 -0.182270 -0.002314 0.569929
 38   1.139685 -3.453749 -2.823813 0.000000 0.000000 0.000001
 39   -4.457742 -1.054854 -0.746180 0.000000 0.000000 0.000000
 40   1.118101 -3.449769 3.237290 0.000000 0.000001 0.000000
 41   -4.433840 -1.059130 0.959566 -0.000001 0.000000 0.000000
 42   -0.657468 1.697302 -2.688614 0.000000 0.000002 0.000000
 43   -0.664068 1.698578 2.869377 0.000000 0.000002 0.000000
time 71
  0   -0.010486 -0.546892 -0.601210 0.000000 0.000000 -1.571449
  1   -1.093036 0.000002 -0.326057 -0.214108 -1.569036 -1.356583
  2   2.262337 0.113614 0.064702 -0.050404 -0.095193 0.361965
  3   2.380047 0.353302 0.047440 -0.075020 -0.010814 0.389154
  4   2.033756 0.190472 -0.000128 -0.138016 -0.043276 0.066126
  5   2.451511 0.204909 -0.003447 -0.343176 -0.033036 0.095533
  6   7.247600 -0.397300 -0.109469 0.000001 0.000021 0.156829
  7   -2.022252 -0.104661 3.136172 1.060771 -1.267888 -4.372998
  8   1.168026 -0.537438 -0.063437 -0.867657 0.745976 -0.718638
  9   6.790376 -0.619176 0.015206 0.035904 0.026278 -0.592874
 10   8.637599 0.544015 -0.090417 -3.288434 0.420100 0.133427
 11   6.790465 -0.619039 0.017802 0.025672 0.005319 -0.430399
 12   -2.022474 -0.104699 -2.873818 -1.022210 1.504829 -4.252604
 13   1.167898 -0.537463 0.063297 0.240405 -1.090348 -1.129670
 14   7.002743 -0.617765 -0.183752 0.001482 -0.164880 -1.350697
 15   8.209042 0.615527 -0.255885 2.062194 0.673685 0.326839
 16   7.002735 -0.617911 -0.183641 -0.008392 -0.110202 -0.962442
 17   1.574674 0.609930 -0.000899 0.419037 -0.138136 0.536999
 18   -0.602177 0.511412 -0.000006 0.000000 0.000000 0.000000
 19   3.673773 0.177020 1.119313 -0.000002 -0.000014 -0.174510
 20   3.673767 0.176993 -1.117566 0.000007 -0.000003 -0.174546
 21   3.942357 1.330634 1.627658 0.000002 -0.000011 -0.000026
 22   -0.246060 -0.011889 0.516521 -0.000011 0.000031 0.000025
 23   3.942374 1.330659 -1.631083 0.000019 0.000002 -0.000024
 24   -0.246150 -0.011872 -0.516511 -0.000005 -0.000006 0.000048
 25   4.941364 1.997338 1.629330 0.000018 -0.000001 -0.000024
 26   4.941382 1.997366 -1.629410 -0.000001 0.000005 -0.000024
 27   2.918368 1.615358 1.514501 -0.000019 -0.000022 -0.000050
 28   2.920798 1.614964 -1.501142 -0.000002 -0.000009 -0.000024
 29   8.824059 0.150544 0.091743 0.000006 -0.000231 -0.174534
 30   2.111085 -0.561179 1.784320 -0.000008 -0.000682 0.000024
 31   2.121290 -0.561289 -1.853599 0.000000 0.000000 -0.000002
 32   -0.810489 -0.093824 3.127092 0.564080 -3.064347 -0.563586
 33   14.298673 -0.408176 0.475484 -0.006392 -0.009799 -0.413535
 34   15.835795 0.581398 0.242756 -0.007436 -0.212263 -0.117847
 35   -0.815868 -0.091229 -3.114430 -0.120039 3.021422 -0.057357
 36   14.294526 -0.410349 -0.463635 0.001663 0.012787 -0.721549
 37   15.834409 0.579420 -0.284600 -0.182270 -0.002314 0.569929
 38   1.139685 -3.453749 -2.823813 0.000000 0.000000 0.000001
 39   -4.457742 -1.054854 -0.746180 0.000000 0.000000 0.000000
 40   1.118101 -3.449769 3.237290 0.000000 0.000001 0.000000
 41   -4.433840 -1.059130 0.959566 -0.000001 0.000000 0.000000
 42   -0.657468 1.697302 -2.688614 0.000000 0.000002 0.000000
 43   -0.664068 1.698578 2.869377 0.000000 0.000002 0.000000
time 72
  0   -0.010486 -0.546892 -0.601210 0.000000 0.000000 -1.571449
  1   -1.093036 0.000002 -0.326057 -0.214108 -1.569036 -1.356583
  2   2.262337 0.113614 0.064702 -0.043742 -0.096403 0.366212
  3   2.380047 0.353302 0.047440 -0.070580 -0.011354 0.397520
  4   2.033756 0.190472 -0.000128 -0.137481 -0.038279 0.072034
  5   2.451511 0.204909 -0.003447 -0.341242 -0.051927 0.104374
  6   7.247600 -0.397300 -0.109469 0.000001 0.000021 0.156829
  7   -2.022252 -0.104661 3.136172 1.183181 -1.246211 -4.496776
  8   1.168026 -0.537438 -0.063437 -0.857722 0.785171 -0.593762
  9   6.790376 -0.619176 0.015206 0.035904 0.025544 -0.569177
 10   8.637599 0.544015 -0.090417 -3.341713 0.441569 0.103404
 11   6.790465 -0.619039 0.017802 0.025351 0.004921 -0.413846
 12   -2.022474 -0.104699 -2.873818 -0.454841 1.528890 -3.700369
 13   1.167898 -0.537463 0.063297 0.325672 -1.060345 -1.309095
 14   7.002743 -0.617765 -0.183752 -0.003813 -0.154318 -1.245255
 15   8.209042 0.615527 -0.255885 2.004384 0.579262 0.324013
 16   7.002735 -0.617911 -0.183641 -0.008581 -0.102251 -0.889312
 17   1.574674 0.609930 -0.000899 0.471194 -0.136147 0.523175
 18   -0.602177 0.511412 -0.000006 0.000000 0.000000 0.000000
 19   3.673773 0.177020 1.119313 -0.000002 -0.000014 -0.174510
 20   3.673767 0.176993 -1.117566 0.000007 -0.000003 -0.174546
 21   3.942357 1.330634 1.627658 0.000002 -0.000011 -0.000026
 22   -0.246060 -0.011889 0.516521 -0.000011 0.000031 0.000025
 23   3.942374 1.330659 -1.631083 0.000019 0.000002 -0.000024
 24   -0.246150 -0.011872 -0.516511 -0.000005 -0.000006 0.000048
 25   4.941364 1.997338 1.629330 0.000018 -0.000001 -0.000024
 26   4.941382 1.997366 -1.629410 -0.000001 0.000005 -0.000024
 27   2.918368 1.615358 1.514501 -0.000019 -0.000022 -0.000050
 28   2.920798 1.614964 -1.501142 -0.000002 -0.000009 -0.000024
 29   8.824059 0.150544 0.091743 0.000006 -0.000231 -0.174534
 30   2.111085 -0.561179 1.784320 -0.000008 -0.000682 0.000024
 31   2.121290 -0.561289 -1.853599 0.000000 0.000000 -0.000002
 32   -0.810489 -0.093824 3.127092 0.564080 -3.064347 -0.563586
 33   14.298673 -0.408176 0.475484 -0.006392 -0.009799 -0.413535
 34   15.835795 0.581398 0.242756 -0.007436 -0.212263 -0.117847
 35   -0.815868 -0.091229 -3.114430 -0.120039 3.021422 -0.057357
 36   14.294526 -0.410349 -0.463635 0.001663 0.012787 -0.721549
 37   15.834409 0.579420 -0.284600 -0.182270 -0.002314 0.569929
 38   1.139685 -3.453749 -2.823813 0.000000 0.000000 0.000001
 39   -4.457742 -1.054854 -0.746180 0.000000 0.000000 0.000000
 40   1.118101 -3.449769 3.237290 0.000000 0.000001 0.000000
 41   -4.433840 -1.059130 0.959566 -0.000001 0.000000 0.000000
 42   -0.657468 1.697302 -2.688614 0.000000 0.000002 0.000000
 43   -0.664068 1.698578 2.869377 0.000000 0.000002 0.000000
time 73
  0   -0.010486 -0.546892 -0.601210 0.000000 0.000000 -1.571449
  1   -1.093036 0.000002 -0.326057 -0.214108 -1.569036 -1.356583
  2   2.262337 0.113614 0.064702 -0.030380 -0.103390 0.363031
  3   2.380047 0.353302 0.047440 -0.062554 -0.015368 0.403091
  4   2.033756 0.190472 -0.000128 -0.133774 -0.032155 0.078921
  5   2.451511 0.204909 -0.003447 -0.337784 -0.069591 0.113364
  6   7.247600 -0.397300 -0.109469 0.000001 0.000021 0.156829
  7   -2.022252 -0.104661 3.136172 1.265332 -1.238082 -4.589093
  8   1.168026 -0.537438 -0.063437 -0.811591 0.872818 -0.458195
  9   6.790376 -0.619176 0.015206 0.035904 0.026278 -0.589025
 10   8.637599 0.544015 -0.090417 -3.402918 0.442625 0.061589
 11   6.790465 -0.619039 0.017802 0.025643 0.005319 -0.427745
 12   -2.022474 -0.104699 -2.873818 -0.049865 1.533273 -3.309937
 13   1.167898 -0.537463 0.063297 0.301913 -1.048852 -1.327255
 14   7.002743 -0.617765 -0.183752 -0.003471 -0.155056 -1.252268
 15   8.209042 0.615527 -0.255885 1.945927 0.450641 0.336461
 16   7.002735 -0.617911 -0.183641 -0.008581 -0.102815 -0.894169
 17   1.574674 0.609930 -0.000899 0.506696 -0.124077 0.503253
 18   -0.602177 0.511412 -0.000006 0.000000 0.000000 0.000000
 19   3.673773 0.177020 1.119313 -0.000002 -0.000014 -0.174510
 20   3.673767 0.176993 -1.117566 0.000007 -0.000003 -0.174546
 21   3.942357 1.330634 1.627658 0.000002 -0.000011 -0.000026
 22   -0.246060 -0.011889 0.516521 -0.000011 0.000031 0.000025
 23   3.942374 1.330659 -1.631083 0.000019 0.000002 -0.000024
 24   -0.246150 -0.011872 -0.516511 -0.000005 -0.000006 0.000048
 25   4.941364 1.997338 1.629330 0.000018 -0.000001 -0.000024
 26   4.941382 1.997366 -1.629410 -0.000001 0.000005 -0.000024
 27   2.918368 1.615358 1.514501 -0.000019 -0.000022 -0.000050
 28   2.920798 1.614964 -1.501142 -0.000002 -0.000009 -0.000024
 29   8.824059 0.150544 0.091743 0.000006 -0.000231 -0.174534
 30   2.111085 -0.561179 1.784320 -0.000008 -0.000682 0.000024
 31   2.121290 -0.561289 -1.853599 0.000000 0.000000 -0.000002
 32   -0.810489 -0.093824 3.127092 0.564080 -3.064347 -0.563586
 33   14.298673 -0.408176 0.475484 -0.006392 -0.009799 -0.413535
 34   15.835795 0.581398 0.242756 -0.007436 -0.212263 -0.117847
 35   -0.815868 -0.091229 -3.114430 -0.120039 3.021422 -0.057357
 36   14.294526 -0.410349 -0.463635 0.001663 0.012787 -0.721549
 37   15.834409 0.579420 -0.284600 -0.182270 -0.002314 0.569929
 38   1.139685 -3.453749 -2.823813 0.000000 0.000000 0.000001
 39   -4.457742 -1.054854 -0.746180 0.000000 0.000000 0.000000
 40   1.118101 -3.449769 3.237290 0.000000 0.000001 0.000000
 41   -4.433840 -1.059130 0.959566 -0.000001 0.000000 0.000000
 42   -0.657468 1.697302 -2.688614 0.000000 0.000002 0.000000
 43   -0.664068 1.698578 2.869377 0.000000 0.000002 0.000000
time 74
  0   -0.010486 -0.546892 -0.601210 0.000000 0.000000 -1.571449
  1   -1.093036 0.000002 -0.326057 -0.214108 -1.569036 -1.356583
  2   2.262337 0.113614 0.064702 -0.022101 -0.111564 0.356092
  3   2.380047 0.353302 0.047440 -0.058714 -0.020042 0.405458
  4   2.033756 0.190472 -0.000128 -0.133221 -0.027085 0.084938
  5   2.451511 0.204909 -0.003447 -0.335576 -0.077999 0.119481
  6   7.247600 -0.397300 -0.109469 0.000001 0.000021 0.156829
  7   -2.022252 -0.104661 3.136172 1.224784 -1.266332 -4.555753
  8   1.168026 -0.537438 -0.063437 -0.717176 0.963032 -0.341353
  9   6.790376 -0.619176 0.015206 0.036237 0.027346 -0.621476
 10   8.637599 0.544015 -0.090417 -3.430306 0.436501 0.047844
 11   6.790465 -0.619039 0.017802 0.026110 0.005944 -0.450412
 12   -2.022474 -0.104699 -2.873818 -0.408375 1.538091 -3.678540
 13   1.167898 -0.537463 0.063297 0.201041 -1.073262 -1.204430
 14   7.002743 -0.617765 -0.183752 0.001083 -0.164312 -1.344344
 15   8.209042 0.615527 -0.255885 1.887254 0.295993 0.338025
 16   7.002735 -0.617911 -0.183641 -0.008392 -0.109694 -0.958192
 17   1.574674 0.609930 -0.000899 0.528224 -0.111392 0.490761
 18   -0.602177 0.511412 -0.000006 0.000000 0.000000 0.000000
 19   3.673773 0.177020 1.119313 -0.000002 -0.000014 -0.174510
 20   3.673767 0.176993 -1.117566 0.000007 -0.000003 -0.174546
 21   3.942357 1.330634 1.627658 0.000002 -0.000011 -0.000026
 22   -0.246060 -0.011889 0.516521 -0.000011 0.000031 0.000025
 23   3.942374 1.330659 -1.631083 0.000019 0.000002 -0.000024
 24   -0.246150 -0.011872 -0.516511 -0.000005 -0.000006 0.000048
 25   4.941364 1.997338 1.629330 0.000018 -0.000001 -0.000024
 26   4.941382 1.997366 -1.629410 -0.000001 0.000005 -0.000024
 27   2.918368 1.615358 1.514501 -0.000019 -0.000022 -0.000050
 28   2.920798 1.614964 -1.501142 -0.000002 -0.000009 -0.000024
 29   8.824059 0.150544 0.091743 0.000006 -0.000231 -0.174534
 30   2.111085 -0.561179 1.784320 -0.000008 -0.000682 0.000024
 31   2.121290 -0.561289 -1.853599 0.000000 0.000000 -0.000002
 32   -0.810489 -0.093824 3.127092 0.564080 -3.064347 -0.563586
 33   14.298673 -0.408176 0.475484 -0.006392 -0.009799 -0.413535
 34   15.835795 0.581398 0.242756 -0.007436 -0.212263 -0.117847
 35   -0.815868 -0.091229 -3.114430 -0.120039 3.021422 -0.057357
 36   14.294526 -0.410349 -0.463635 0.001663 0.012787 -0.721549
 37   15.834409 0.579420 -0.284600 -0.182270 -0.002314 0.569929
 38   1.139685 -3.453749 -2.823813 0.000000 0.000000 0.000001
 39   -4.457742 -1.054854 -0.746180 0.000000 0.000000 0.000000
 40   1.118101 -3.449769 3.237290 0.000000 0.000001 0.000000
 41   -4.433840 -1.059130 0.959566 -0.000001 0.000000 0.000000
 42   -0.657468 1.697302 -2.688614 0.000000 0.000002 0.000000
 43   -0.664068 1.698578 2.869377 0.000000 0.000002 0.000000
time 75
  0   -0.010486 -0.546892 -0.601210 0.000000 0.000000 -1.571449
  1   -1.093036 0.000002 -0.326057 -0.214108 -1.569036 -1.356583
  2   2.262337 0.113614 0.064702 -0.029718 -0.116693 0.357881
  3   2.380047 0.353302 0.047440 -0.065044 -0.023794 0.407519
  4   2.033756 0.190472 -0.000128 -0.133184 -0.027109 0.084938
  5   2.451511 0.204909 -0.003447 -0.337168 -0.074787 0.117896
  6   7.247600 -0.397300 -0.109469 0.000001 0.000021 0.156829
  7   -2.022252 -0.104661 3.136172 1.009678 -1.318421 -4.342945
  8   1.168026 -0.537438 -0.063437 -0.593210 1.004189 -0.274297
  9   6.790376 -0.619176 0.015206 0.036237 0.027145 -0.602383
 10   8.637599 0.544015 -0.090417 -3.444925 0.413272 0.007765
 11   6.790465 -0.619039 0.017802 0.026052 0.005859 -0.437089
 12   -2.022474 -0.104699 -2.873818 -1.213825 1.533099 -4.486116
 13   1.167898 -0.537463 0.063297 0.044847 -1.110537 -0.978030
 14   7.002743 -0.617765 -0.183752 0.009339 -0.176975 -1.478333
 15   8.209042 0.615527 -0.255885 1.838001 0.131736 0.334236
 16   7.002735 -0.617911 -0.183641 -0.007310 -0.119844 -1.051137
 17   1.574674 0.609930 -0.000899 0.536551 -0.103511 0.488025
 18   -0.602177 0.511412 -0.000006 0.000000 0.000000 0.000000
 19   3.673773 0.177020 1.119313 -0.000002 -0.000014 -0.174510
 20   3.673767 0.176993 -1.117566 0.000007 -0.000003 -0.174546
 21   3.942357 1.330634 1.627658 0.000002 -0.000011 -0.000026
 22   -0.246060 -0.011889 0.516521 -0.000011 0.000031 0.000025
 23   3.942374 1.330659 -1.631083 0.000019 0.000002 -0.000024
 24   -0.246150 -0.011872 -0.516511 -0.000005 -0.000006 0.000048
 25   4.941364 1.997338 1.629330 0.000018 -0.000001 -0.000024
 26   4.941382 1.997366 -1.629410 -0.000001 0.000005 -0.000024
 27   2.918368 1.615358 1.514501 -0.000019 -0.000022 -0.000050
 28   2.920798 1.614964 -1.501142 -0.000002 -0.000009 -0.000024
 29   8.824059 0.150544 0.091743 0.000006 -0.000231 -0.174534
 30   2.111085 -0.561179 1.784320 -0.000008 -0.000682 0.000024
 31   2.121290 -0.561289 -1.853599 0.000000 0.000000 -0.000002
 32   -0.810489 -0.093824 3.127092 0.564080 -3.064347 -0.563586
 33   14.298673 -0.408176 0.475484 -0.006392 -0.009799 -0.413535
 34   15.835795 0.581398 0.242756 -0.007436 -0.212263 -0.117847
 35   -0.815868 -0.091229 -3.114430 -0.120039 3.021422 -0.057357
 36   14.294526 -0.410349 -0.463635 0.001663 0.012787 -0.721549
 37   15.834409 0.579420 -0.284600 -0.182270 -0.002314 0.569929
 38   1.139685 -3.453749 -2.823813 0.000000 0.000000 0.000001
 39   -4.457742 -1.054854 -0.746180 0.000000 0.000000 0.000000
 40   1.118101 -3.449769 3.237290 0.000000 0.000001 0.000000
 41   -4.433840 -1.059130 0.959566 -0.000001 0.000000 0.000000
 42   -0.657468 1.697302 -2.688614 0.000000 0.000002 0.000000
 43   -0.664068 1.698578 2.869377 0.000000 0.000002 0.000000
time 76
  0   -0.010486 -0.546892 -0.601210 0.000000 0.000000 -1.571449
  1   -1.093036 0.000002 -0.326057 -0.214108 -1.569036 -1.356583
  2   2.262337 0.113614 0.064702 -0.040736 -0.123201 0.362236
  3   2.380047 0.353302 0.047440 -0.073490 -0.029258 0.408641
  4   2.033756 0.190472 -0.000128 -0.135526 -0.029650 0.082763
  5   2.451511 0.204909 -0.003447 -0.339513 -0.058755 0.111457
  6   7.247600 -0.397300 -0.109469 0.000001 0.000021 0.156829
  7   -2.022252 -0.104661 3.136172 0.734087 -1.333584 -4.069657
  8   1.168026 -0.537438 -0.063437 -0.477786 1.002931 -0.232482
  9   6.790376 -0.619176 0.015206 0.038678 0.035021 -0.685246
 10   8.637599 0.544015 -0.090417 -3.431539 0.391029 0.098774
 11   6.790465 -0.619039 0.017802 0.028796 0.010862 -0.495110
 12   -2.022474 -0.104699 -2.873818 -1.828331 1.518151 -5.094646
 13   1.167898 -0.537463 0.063297 -0.071138 -1.136167 -0.752417
 14   7.002743 -0.617765 -0.183752 0.017480 -0.187026 -1.590045
 15   8.209042 0.615527 -0.255885 1.766673 -0.037439 0.371401
 16   7.002735 -0.617911 -0.183641 -0.005709 -0.128246 -1.128517
 17   1.574674 0.609930 -0.000899 0.524447 -0.088672 0.495011
 18   -0.602177 0.511412 -0.000006 0.000000 0.000000 0.000000
 19   3.673773 0.177020 1.119313 -0.000002 -0.000014 -0.174510
 20   3.673767 0.176993 -1.117566 0.000007 -0.000003 -0.174546
 21   3.942357 1.330634 1.627658 0.000002 -0.000011 -0.000026
 22   -0.246060 -0.011889 0.516521 -0.000011 0.000031 0.000025
 23   3.942374 1.330659 -1.631083 0.000019 0.000002 -0.000024
 24   -0.246150 -0.011872 -0.516511 -0.000005 -0.000006 0.000048
 25   4.941364 1.997338 1.629330 0.000018 -0.000001 -0.000024
 26   4.941382 1.997366 -1.629410 -0.000001 0.000005 -0.000024
 27   2.918368 1.615358 1.514501 -0.000019 -0.000022 -0.000050
 28   2.920798 1.614964 -1.501142 -0.000002 -0.000009 -0.000024
 29   8.824059 0.150544 0.091743 0.000006 -0.000231 -0.174534
 30   2.111085 -0.561179 1.784320 -0.000008 -0.000682 0.000024
 31   2.121290 -0.561289 -1.853599 0.000000 0.000000 -0.000002
 32   -0.810489 -0.093824 3.127092 0.564080 -3.064347 -0.563586
 33   14.298673 -0.408176 0.475484 -0.006392 -0.009799 -0.413535
 34   15.835795 0.581398 0.242756 -0.007436 -0.212263 -0.117847
 35   -0.815868 -0.091229 -3.114430 -0.120039 3.021422 -0.057357
 36   14.294526 -0.410349 -0.463635 0.001663 0.012787 -0.721549
 37   15.834409 0.579420 -0.284600 -0.182270 -0.002314 0.569929
 38   1.139685 -3.453749 -2.823813 0.000000 0.000000 0.000001
 39   -4.457742 -1.054854 -0.746180 0.000000 0.000000 0.000000
 40   1.118101 -3.449769 3.237290 0.000000 0.000001 0.000000
 41   -4.433840 -1.059130 0.959566 -0.000001 0.000000 0.000000
 42   -0.657468 1.697302 -2.688614 0.000000 0.000002 0.000000
 43   -0.664068 1.698578 2.869377 0.000000 0.000002 0.000000
time 77
  0   -0.010486 -0.546892 -0.601210 0.000000 0.000000 -1.571449
  1   -1.093036 0.000002 -0.326057 -0.214108 -1.569036 -1.356583
  2   2.262337 0.113614 0.064702 -0.042545 -0.129541 0.358640
  3   2.380047 0.353302 0.047440 -0.074255 -0.032171 0.407213
  4   2.033756 0.190472 -0.000128 -0.135563 -0.030848 0.083633
  5   2.451511 0.204909 -0.003447 -0.339239 -0.055335 0.110095
  6   7.247600 -0.397300 -0.109469 0.000001 0.000021 0.156829
  7   -2.022252 -0.104661 3.136172 0.550327 -1.328395 -3.879670
  8   1.168026 -0.537438 -0.063437 -0.395079 0.994730 -0.213314
  9   6.790376 -0.619176 0.015206 0.040065 0.040427 -0.741243
 10   8.637599 0.544015 -0.090417 -3.431539 0.370475 0.164318
 11   6.790465 -0.619039 0.017802 0.030548 0.014301 -0.534329
 12   -2.022474 -0.104699 -2.873818 -2.075034 1.499547 -5.335340
 13   1.167898 -0.537463 0.063297 -0.090750 -1.158034 -0.583283
 14   7.002743 -0.617765 -0.183752 0.025394 -0.194919 -1.687154
 15   8.209042 0.615527 -0.255885 1.630561 -0.216374 0.442844
 16   7.002735 -0.617911 -0.183641 -0.003779 -0.135407 -1.195687
 17   1.574674 0.609930 -0.000899 0.509580 -0.074259 0.515894
 18   -0.602177 0.511412 -0.000006 0.000000 0.000000 0.000000
 19   3.673773 0.177020 1.119313 -0.000002 -0.000014 -0.174510
 20   3.673767 0.176993 -1.117566 0.000007 -0.000003 -0.174546
 21   3.942357 1.330634 1.627658 0.000002 -0.000011 -0.000026
 22   -0.246060 -0.011889 0.516521 -0.000011 0.000031 0.000025
 23   3.942374 1.330659 -1.631083 0.000019 0.000002 -0.000024
 24   -0.246150 -0.011872 -0.516511 -0.000005 -0.000006 0.000048
 25   4.941364 1.997338 1.629330 0.000018 -0.000001 -0.000024
 26   4.941382 1.997366 -1.629410 -0.000001 0.000005 -0.000024
 27   2.918368 1.615358 1.514501 -0.000019 -0.000022 -0.000050
 28   2.920798 1.614964 -1.501142 -0.000002 -0.000009 -0.000024
 29   8.824059 0.150544 0.091743 0.000006 -0.000231 -0.174534
 30   2.111085 -0.561179 1.784320 -0.000008 -0.000682 0.000024
 31   2.121290 -0.561289 -1.853599 0.000000 0.000000 -0.000002
 32   -0.810489 -0.093824 3.127092 0.564080 -3.064347 -0.563586
 33   14.298673 -0.408176 0.475484 -0.006392 -0.009799 -0.413535
 34   15.835795 0.581398 0.242756 -0.007436 -0.212263 -0.117847
 35   -0.815868 -0.091229 -3.114430 -0.120039 3.021422 -0.057357
 36   14.294526 -0.410349 -0.463635 0.001663 0.012787 -0.721549
 37   15.834409 0.579420 -0.284600 -0.182270 -0.002314 0.569929
 38   1.139685 -3.453749 -2.823813 0.000000 0.000000 0.000001
 39   -4.457742 -1.054854 -0.746180 0.000000 0.000000 0.000000
 40   1.118101 -3.449769 3.237290 0.000000 0.000001 0.000000
 41   -4.433840 -1.059130 0.959566 -0.000001 0.000000 0.000000
 42   -0.657468 1.697302 -2.688614 0.000000 0.000002 0.000000
 43   -0.664068 1.698578 2.869377 0.000000 0.000002 0.000000
time 78
  0   -0.010486 -0.546892 -0.601210 0.000000 0.000000 -1.571449
  1   -1.093036 0.000002 -0.326057 -0.214108 -1.569036 -1.356583
  2   2.262337 0.113614 0.064702 -0.043716 -0.134406 0.360176
  3   2.380047 0.353302 0.047440 -0.074975 -0.035886 0.405805
  4   2.033756 0.190472 -0.000128 -0.135360 -0.032059 0.080407
  5   2.451511 0.204909 -0.003447 -0.339393 -0.060844 0.110714
  6   7.247600 -0.397300 -0.109469 0.000001 0.000021 0.156829
  7   -2.022252 -0.104661 3.136172 0.492525 -1.311330 -3.811019
  8   1.168026 -0.537438 -0.063437 -0.337747 0.979837 -0.193640
  9   6.790376 -0.619176 0.015206 0.040842 0.045299 -0.791127
 10   8.637599 0.544015 -0.090417 -3.472049 0.359001 0.186817
 11   6.790465 -0.619039 0.017802 0.032008 0.017485 -0.569164
 12   -2.022474 -0.104699 -2.873818 -2.135010 1.495281 -5.386753
 13   1.167898 -0.537463 0.063297 0.042246 -1.167289 -0.588852
 14   7.002743 -0.617765 -0.183752 0.031713 -0.200427 -1.760089
 15   8.209042 0.615527 -0.255885 1.521124 -0.212137 0.505507
 16   7.002735 -0.617911 -0.183641 -0.002037 -0.140877 -1.246188
 17   1.574674 0.609930 -0.000899 0.496906 -0.046355 0.534190
 18   -0.602177 0.511412 -0.000006 0.000000 0.000000 0.000000
 19   3.673773 0.177020 1.119313 -0.000002 -0.000014 -0.174510
 20   3.673767 0.176993 -1.117566 0.000007 -0.000003 -0.174546
 21   3.942357 1.330634 1.627658 0.000002 -0.000011 -0.000026
 22   -0.246060 -0.011889 0.516521 -0.000011 0.000031 0.000025
 23   3.942374 1.330659 -1.631083 0.000019 0.000002 -0.000024
 24   -0.246150 -0.011872 -0.516511 -0.000005 -0.000006 0.000048
 25   4.941364 1.997338 1.629330 0.000018 -0.000001 -0.000024
 26   4.941382 1.997366 -1.629410 -0.000001 0.000005 -0.000024
 27   2.918368 1.615358 1.514501 -0.000019 -0.000022 -0.000050
 28   2.920798 1.614964 -1.501142 -0.000002 -0.000009 -0.000024
 29   8.824059 0.150544 0.091743 0.000006 -0.000231 -0.174534
 30   2.111085 -0.561179 1.784320 -0.000008 -0.000682 0.000024
 31   2.121290 -0.561289 -1.853599 0.000000 0.000000 -0.000002
 32   -0.810489 -0.093824 3.127092 0.564080 -3.064347 -0.563586
 33   14.298673 -0.408176 0.475484 -0.006392 -0.009799 -0.413535
 34   15.835795 0.581398 0.242756 -0.007436 -0.212263 -0.117847
 35   -0.815868 -0.091229 -3.114430 -0.120039 3.021422 -0.057357
 36   14.294526 -0.410349 -0.463635 0.001663 0.012787 -0.721549
 37   15.834409 0.579420 -0.284600 -0.182270 -0.002314 0.569929
 38   1.139685 -3.453749 -2.823813 0.000000 0.000000 0.000001
 39   -4.457742 -1.054854 -0.746180 0.000000 0.000000 0.000000
 40   1.118101 -3.449769 3.237290 0.000000 0.000001 0.000000
 41   -4.433840 -1.059130 0.959566 -0.000001 0.000000 0.000000
 42   -0.657468 1.697302 -2.688614 0.000000 0.000002 0.000000
 43   -0.664068 1.698578 2.869377 0.000000 0.000002 0.000000
time 79
  0   -0.010486 -0.546892 -0.601210 0.000000 0.000000 -1.571449
  1   -1.093036 0.000002 -0.326057 -0.214108 -1.569036 -1.356583
  2   2.262337 0.113614 0.064702 -0.042137 -0.140135 0.363682
  3   2.380047 0.353302 0.047440 -0.075815 -0.040045 0.407172
  4   2.033756 0.190472 -0.000128 -0.135010 -0.033473 0.080516
  5   2.451511 0.204909 -0.003447 -0.339496 -0.071758 0.112497
  6   7.247600 -0.397300 -0.109469 0.000001 0.000021 0.156829
  7   -2.022252 -0.104661 3.136172 0.539591 -1.300404 -3.853092
  8   1.168026 -0.537438 -0.063437 -0.308701 0.983208 -0.171942
  9   6.790376 -0.619176 0.015206 0.041452 0.050905 -0.846218
 10   8.637599 0.544015 -0.090417 -3.558440 0.348865 0.180089
 11   6.790465 -0.619039 0.017802 0.033438 0.021038 -0.607807
 12   -2.022474 -0.104699 -2.873818 -2.201596 1.500215 -5.455399
 13   1.167898 -0.537463 0.063297 0.268945 -1.154576 -0.735649
 14   7.002743 -0.617765 -0.183752 0.035471 -0.201506 -1.789791
 15   8.209042 0.615527 -0.255885 1.460510 -0.112115 0.534674
 16   7.002735 -0.617911 -0.183641 -0.000390 -0.142456 -1.266775
 17   1.574674 0.609930 -0.000899 0.493250 -0.001010 0.533672
 18   -0.602177 0.511412 -0.000006 0.000000 0.000000 0.000000
 19   3.673773 0.177020 1.119313 -0.000002 -0.000014 -0.174510
 20   3.673767 0.176993 -1.117566 0.000007 -0.000003 -0.174546
 21   3.942357 1.330634 1.627658 0.000002 -0.000011 -0.000026
 22   -0.246060 -0.011889 0.516521 -0.000011 0.000031 0.000025
 23   3.942374 1.330659 -1.631083 0.000019 0.000002 -0.000024
 24   -0.246150 -0.011872 -0.516511 -0.000005 -0.000006 0.000048
 25   4.941364 1.997338 1.629330 0.000018 -0.000001 -0.000024
 26   4.941382 1.997366 -1.629410 -0.000001 0.000005 -0.000024
 27   2.918368 1.615358 1.514501 -0.000019 -0.000022 -0.000050
 28   2.920798 1.614964 -1.501142 -0.000002 -0.000009 -0.000024
 29   8.824059 0.150544 0.091743 0.000006 -0.000231 -0.174534
 30   2.111085 -0.561179 1.784320 -0.000008 -0.000682 0.000024
 31   2.121290 -0.561289 -1.853599 0.000000 0.000000 -0.000002
 32   -0.810489 -0.093824 3.127092 0.564080 -3.064347 -0.563586
 33   14.298673 -0.408176 0.475484 -0.006392 -0.009799 -0.413535
 34   15.835795 0.581398 0.242756 -0.007436 -0.212263 -0.117847
 35   -0.815868 -0.091229 -3.114430 -0.120039 3.021422 -0.057357
 36   14.294526 -0.410349 -0.463635 0.001663 0.012787 -0.721549
 37   15.834409 0.579420 -0.284600 -0.182270 -0.002314 0.569929
 38   1.139685 -3.453749 -2.823813 0.000000 0.000000 0.000001
 39   -4.457742 -1.054854 -0.746180 0.000000 0.000000 0.000000
 40   1.118101 -3.449769 3.237290 0.000000 0.000001 0.000000
 41   -4.433840 -1.059130 0.959566 -0.000001 0.000000 0.000000
 42   -0.657468 1.697302 -2.688614 0.000000 0.000002 0.000000
 43   -0.664068 1.698578 2.869377 0.000000 0.000002 0.000000
time 80
  0   -0.010486 -0.546892 -0.601210 0.000000 0.000000 -1.571449
  1   -1.093036 0.000002 -0.326057 -0.214108 -1.569036 -1.356583
  2   2.262337 0.113614 0.064702 -0.038596 -0.144737 0.366465
  3   2.380047 0.353302 0.047440 -0.073970 -0.043292 0.410498
  4   2.033756 0.190472 -0.000128 -0.134475 -0.034731 0.080697
  5   2.451511 0.204909 -0.003447 -0.338606 -0.091472 0.118738
  6   7.247600 -0.397300 -0.109469 0.000001 0.000021 0.156829
  7   -2.022252 -0.104661 3.136172 0.649732 -1.297205 -3.966446
  8   1.168026 -0.537438 -0.063437 -0.272378 0.988340 -0.128545
  9   6.790376 -0.619176 0.015206 0.042007 0.056845 -0.905309
 10   8.637599 0.544015 -0.090417 -3.659187 0.323454 0.161786
 11   6.790465 -0.619039 0.017802 0.034840 0.024904 -0.649275
 12   -2.022474 -0.104699 -2.873818 -2.207631 1.507964 -5.472537
 13   1.167898 -0.537463 0.063297 0.463730 -1.105960 -0.930450
 14   7.002743 -0.617765 -0.183752 0.030290 -0.199121 -1.742845
 15   8.209042 0.615527 -0.255885 1.466550 -0.045232 0.504665
 16   7.002735 -0.617911 -0.183641 -0.002461 -0.139580 -1.234322
 17   1.574674 0.609930 -0.000899 0.497109 0.044715 0.528941
 18   -0.602177 0.511412 -0.000006 0.000000 0.000000 0.000000
 19   3.673773 0.177020 1.119313 -0.000002 -0.000014 -0.174510
 20   3.673767 0.176993 -1.117566 0.000007 -0.000003 -0.174546
 21   3.942357 1.330634 1.627658 0.000002 -0.000011 -0.000026
 22   -0.246060 -0.011889 0.516521 -0.000011 0.000031 0.000025
 23   3.942374 1.330659 -1.631083 0.000019 0.000002 -0.000024
 24   -0.246150 -0.011872 -0.516511 -0.000005 -0.000006 0.000048
 25   4.941364 1.997338 1.629330 0.000018 -0.000001 -0.000024
 26   4.941382 1.997366 -1.629410 -0.000001 0.000005 -0.000024
 27   2.918368 1.615358 1.514501 -0.000019 -0.000022 -0.000050
 28   2.920798 1.614964 -1.501142 -0.000002 -0.000009 -0.000024
 29   8.824059 0.150544 0.091743 0.000006 -0.000231 -0.174534
 30   2.111085 -0.561179 1.784320 -0.000008 -0.000682 0.000024
 31   2.121290 -0.561289 -1.853599 0.000000 0.000000 -0.000002
 32   -0.810489 -0.093824 3.127092 0.564080 -3.064347 -0.563586
 33   14.298673 -0.408176 0.475484 -0.006392 -0.009799 -0.413535
 34   15.835795 0.581398 0.242756 -0.007436 -0.212263 -0.117847
 35   -0.815868 -0.091229 -3.114430 -0.120039 3.021422 -0.057357
 36   14.294526 -0.410349 -0.463635 0.001663 0.012787 -0.721549
 37   15.834409 0.579420 -0.284600 -0.182270 -0.002314 0.569929
 38   1.139685 -3.453749 -2.823813 0.000000 0.000000 0.000001
 39   -4.457742 -1.054854 -0.746180 0.000000 0.000000 0.000000
 40   1.118101 -3.449769 3.237290 0.000000 0.000001 0.000000
 41   -4.433840 -1.059130 0.959566 -0.000001 0.000000 0.000000
 42   -0.657468 1.697302 -2.688614 0.000000 0.000002 0.000000
 43   -0.664068 1.698578 2.869377 0.000000 0.000002 0.000000
time 81
  0   -0.010486 -0.546892 -0.601210 0.000000 0.000000 -1.571449
  1   -1.093036 0.000002 -0.326057 -0.214108 -1.569036 -1.356583
  2   2.262337 0.113614 0.064702 -0.035246 -0.147530 0.369121
  3   2.380047 0.353302 0.047440 -0.072185 -0.046025 0.413049
  4   2.033756 0.190472 -0.000128 -0.133885 -0.035450 0.081132
  5   2.451511 0.204909 -0.003447 -0.337921 -0.110599 0.124756
  6   7.247600 -0.397300 -0.109469 0.000001 0.000021 0.156829
  7   -2.022252 -0.104661 3.136172 0.755847 -1.294870 -4.077640
  8   1.168026 -0.537438 -0.063437 -0.234030 0.984315 -0.087805
  9   6.790376 -0.619176 0.015206 0.041896 0.061517 -0.951948
 10   8.637599 0.544015 -0.090417 -3.729727 0.293538 0.164969
 11   6.790465 -0.619039 0.017802 0.035774 0.028002 -0.681803
 12   -2.022474 -0.104699 -2.873818 -2.149668 1.509502 -5.424379
 13   1.167898 -0.537463 0.063297 0.535149 -1.026986 -1.081121
 14   7.002743 -0.617765 -0.183752 0.021522 -0.191284 -1.642271
 15   8.209042 0.615527 -0.255885 1.485820 -0.043416 0.511581
 16   7.002735 -0.617911 -0.183641 -0.004721 -0.132137 -1.164613
 17   1.574674 0.609930 -0.000899 0.505721 0.077233 0.530531
 18   -0.602177 0.511412 -0.000006 0.000000 0.000000 0.000000
 19   3.673773 0.177020 1.119313 -0.000002 -0.000014 -0.174510
 20   3.673767 0.176993 -1.117566 0.000007 -0.000003 -0.174546
 21   3.942357 1.330634 1.627658 0.000002 -0.000011 -0.000026
 22   -0.246060 -0.011889 0.516521 -0.000011 0.000031 0.000025
 23   3.942374 1.330659 -1.631083 0.000019 0.000002 -0.000024
 24   -0.246150 -0.011872 -0.516511 -0.000005 -0.000006 0.000048
 25   4.941364 1.997338 1.629330 0.000018 -0.000001 -0.000024
 26   4.941382 1.997366 -1.629410 -0.000001 0.000005 -0.000024
 27   2.918368 1.615358 1.514501 -0.000019 -0.000022 -0.000050
 28   2.920798 1.614964 -1.501142 -0.000002 -0.000009 -0.000024
 29   8.824059 0.150544 0.091743 0.000006 -0.000231 -0.174534
 30   2.111085 -0.561179 1.784320 -0.000008 -0.000682 0.000024
 31   2.121290 -0.561289 -1.853599 0.000000 0.000000 -0.000002
 32   -0.810489 -0.093824 3.127092 0.564080 -3.064347 -0.563586
 33   14.298673 -0.408176 0.475484 -0.006392 -0.009799 -0.413535
 34   15.835795 0.581398 0.242756 -0.007436 -0.212263 -0.117847
 35   -0.815868 -0.091229 -3.114430 -0.120039 3.021422 -0.057357
 36   14.294526 -0.410349 -0.463635 0.001663 0.012787 -0.721549
 37   15.834409 0.579420 -0.284600 -0.182270 -0.002314 0.569929
 38   1.139685 -3.453749 -2.823813 0.000000 0.000000 0.000001
 39   -4.457742 -1.054854 -0.746180 0.000000 0.000000 0.000000
 40   1.118101 -3.449769 3.237290 0.000000 0.000001 0.000000
 41   -4.433840 -1.059130 0.959566 -0.000001 0.000000 0.000000
 42   -0.657468 1.697302 -2.688614 0.000000 0.000002 0.000000
 43   -0.664068 1.698578 2.869377 0.000000 0.000002 0.000000
time 82
  0   -0.010486 -0.546892 -0.601210 0.000000 0.000000 -1.571449
  1   -1.093036 0.000002 -0.326057 -0.214108 -1.569036 -1.356583
  2   2.262337 0.113614 0.064702 -0.031832 -0.151005 0.371850
  3   2.380047 0.353302 0.047440 -0.070430 -0.049441 0.415212
  4   2.033756 0.190472 -0.000128 -0.133387 -0.037955 0.082147
  5   2.451511 0.204909 -0.003447 -0.337202 -0.121004 0.128248
  6   7.247600 -0.397300 -0.109469 0.000001 0.000021 0.156829
  7   -2.022252 -0.104661 3.136172 0.856785 -1.293284 -4.173901
  8   1.168026 -0.537438 -0.063437 -0.222956 0.978730 -0.074457
  9   6.790376 -0.619176 0.015206 0.042118 0.063786 -0.979494
 10   8.637599 0.544015 -0.090417 -3.773671 0.270380 0.166416
 11   6.790465 -0.619039 0.017802 0.036504 0.029480 -0.701067
 12   -2.022474 -0.104699 -2.873818 -2.129070 1.508138 -5.410592
 13   1.167898 -0.537463 0.063297 0.516943 -0.933264 -1.201706
 14   7.002743 -0.617765 -0.183752 0.011616 -0.180155 -1.512160
 15   8.209042 0.615527 -0.255885 1.509332 -0.050604 0.524451
 16   7.002735 -0.617911 -0.183641 -0.006886 -0.122325 -1.074539
 17   1.574674 0.609930 -0.000899 0.518191 0.100569 0.537332
 18   -0.602177 0.511412 -0.000006 0.000000 0.000000 0.000000
 19   3.673773 0.177020 1.119313 -0.000002 -0.000014 -0.174510
 20   3.673767 0.176993 -1.117566 0.000007 -0.000003 -0.174546
 21   3.942357 1.330634 1.627658 0.000002 -0.000011 -0.000026
 22   -0.246060 -0.011889 0.516521 -0.000011 0.000031 0.000025
 23   3.942374 1.330659 -1.631083 0.000019 0.000002 -0.000024
 24   -0.246150 -0.011872 -0.516511 -0.000005 -0.000006 0.000048
 25   4.941364 1.997338 1.629330 0.000018 -0.000001 -0.000024
 26   4.941382 1.997366 -1.629410 -0.000001 0.000005 -0.000024
 27   2.918368 1.615358 1.514501 -0.000019 -0.000022 -0.000050
 28   2.920798 1.614964 -1.501142 -0.000002 -0.000009 -0.000024
 29   8.824059 0.150544 0.091743 0.000006 -0.000231 -0.174534
 30   2.111085 -0.561179 1.784320 -0.000008 -0.000682 0.000024
 31   2.121290 -0.561289 -1.853599 0.000000 0.000000 -0.000002
 32   -0.810489 -0.093824 3.127092 0.564080 -3.064347 -0.563586
 33   14.298673 -0.408176 0.475484 -0.006392 -0.009799 -0.413535
 34   15.835795 0.581398 0.242756 -0.007436 -0.212263 -0.117847
 35   -0.815868 -0.091229 -3.114430 -0.120039 3.021422 -0.057357
 36   14.294526 -0.410349 -0.463635 0.001663 0.012787 -0.721549
 37   15.834409 0.579420 -0.284600 -0.182270 -0.002314 0.569929
 38   1.139685 -3.453749 -2.823813 0.000000 0.000000 0.000001
 39   -4.457742 -1.054854 -0.746180 0.000000 0.000000 0.000000
 40   1.118101 -3.449769 3.237290 0.000000 0.000001 0.000000
 41   -4.433840 -1.059130 0.959566 -0.000001 0.000000 0.000000
 42   -0.657468 1.697302 -2.688614 0.000000 0.000002 0.000000
 43   -0.664068 1.698578 2.869377 0.000000 0.000002 0.000000
time 83
  0   -0.010486 -0.546892 -0.601210 0.000000 0.000000 -1.571449
  1   -1.093036 0.000002 -0.326057 -0.214108 -1.569036 -1.356583
  2   2.262337 0.113614 0.064702 -0.027731 -0.155955 0.372952
  3   2.380047 0.353302 0.047440 -0.068330 -0.053276 0.416171
  4   2.033756 0.190472 -0.000128 -0.132686 -0.040460 0.083597
  5   2.451511 0.204909 -0.003447 -0.336175 -0.124673 0.129412
  6   7.247600 -0.397300 -0.109469 0.000001 0.000021 0.156829
  7   -2.022252 -0.104661 3.136172 0.934717 -1.287087 -4.254385
  8   1.168026 -0.537438 -0.063437 -0.217324 0.969724 -0.061932
  9   6.790376 -0.619176 0.015206 0.042562 0.064854 -0.989833
 10   8.637599 0.544015 -0.090417 -3.805198 0.258836 0.169816
 11   6.790465 -0.619039 0.017802 0.036971 0.030134 -0.708334
 12   -2.022474 -0.104699 -2.873818 -2.215104 1.499518 -5.506812
 13   1.167898 -0.537463 0.063297 0.456419 -0.848593 -1.295535
 14   7.002743 -0.617765 -0.183752 0.004101 -0.169138 -1.394920
 15   8.209042 0.615527 -0.255885 1.501279 0.066290 0.500817
 16   7.002735 -0.617911 -0.183641 -0.008063 -0.113472 -0.993129
 17   1.574674 0.609930 -0.000899 0.531921 0.120662 0.538847
 18   -0.602177 0.511412 -0.000006 0.000000 0.000000 0.000000
 19   3.673773 0.177020 1.119313 -0.000002 -0.000014 -0.174510
 20   3.673767 0.176993 -1.117566 0.000007 -0.000003 -0.174546
 21   3.942357 1.330634 1.627658 0.000002 -0.000011 -0.000026
 22   -0.246060 -0.011889 0.516521 -0.000011 0.000031 0.000025
 23   3.942374 1.330659 -1.631083 0.000019 0.000002 -0.000024
 24   -0.246150 -0.011872 -0.516511 -0.000005 -0.000006 0.000048
 25   4.941364 1.997338 1.629330 0.000018 -0.000001 -0.000024
 26   4.941382 1.997366 -1.629410 -0.000001 0.000005 -0.000024
 27   2.918368 1.615358 1.514501 -0.000019 -0.000022 -0.000050
 28   2.920798 1.614964 -1.501142 -0.000002 -0.000009 -0.000024
 29   8.824059 0.150544 0.091743 0.000006 -0.000231 -0.174534
 30   2.111085 -0.561179 1.784320 -0.000008 -0.000682 0.000024
 31   2.121290 -0.561289 -1.853599 0.000000 0.000000 -0.000002
 32   -0.810489 -0.093824 3.127092 0.564080 -3.064347 -0.563586
 33   14.298673 -0.408176 0.475484 -0.006392 -0.009799 -0.413535
 34   15.835795 0.581398 0.242756 -0.007436 -0.212263 -0.117847
 35   -0.815868 -0.091229 -3.114430 -0.120039 3.021422 -0.057357
 36   14.294526 -0.410349 -0.463635 0.001663 0.012787 -0.721549
 37   15.834409 0.579420 -0.284600 -0.182270 -0.002314 0.569929
 38   1.139685 -3.453749 -2.823813 0.000000 0.000000 0.000001
 39   -4.457742 -1.054854 -0.746180 0.000000 0.000000 0.000000
 40   1.118101 -3.449769 3.237290 0.000000 0.000001 0.000000
 41   -4.433840 -1.059130 0.959566 -0.000001 0.000000 0.000000
 42   -0.657468 1.697302 -2.688614 0.000000 0.000002 0.000000
 43   -0.664068 1.698578 2.869377 0.000000 0.000002 0.000000
time 84
  0   -0.010486 -0.546892 -0.601210 0.000000 0.000000 -1.571449
  1   -1.093036 0.000002 -0.326057 -0.214108 -1.569036 -1.356583
  2   2.262337 0.113614 0.064702 -0.023553 -0.161072 0.373675
  3   2.380047 0.353302 0.047440 -0.066004 -0.056727 0.416273
  4   2.033756 0.190472 -0.000128 -0.132022 -0.042353 0.086098
  5   2.451511 0.204909 -0.003447 -0.334994 -0.123171 0.129090
  6   7.247600 -0.397300 -0.109469 0.000001 0.000021 0.156829
  7   -2.022252 -0.104661 3.136172 0.972294 -1.279678 -4.293453
  8   1.168026 -0.537438 -0.063437 -0.215299 0.959057 -0.051494
  9   6.790376 -0.619176 0.015206 0.042950 0.065254 -0.991644
 10   8.637599 0.544015 -0.090417 -3.839632 0.243561 0.160773
 11   6.790465 -0.619039 0.017802 0.037292 0.030390 -0.709603
 12   -2.022474 -0.104699 -2.873818 -2.391294 1.488373 -5.695518
 13   1.167898 -0.537463 0.063297 0.421132 -0.789197 -1.365695
 14   7.002743 -0.617765 -0.183752 0.000286 -0.162722 -1.328998
 15   8.209042 0.615527 -0.255885 1.397739 0.232590 0.498291
 16   7.002735 -0.617911 -0.183641 -0.008440 -0.108623 -0.947540
 17   1.574674 0.609930 -0.000899 0.543985 0.134862 0.534116
 18   -0.602177 0.511412 -0.000006 0.000000 0.000000 0.000000
 19   3.673773 0.177020 1.119313 -0.000002 -0.000014 -0.174510
 20   3.673767 0.176993 -1.117566 0.000007 -0.000003 -0.174546
 21   3.942357 1.330634 1.627658 0.000002 -0.000011 -0.000026
 22   -0.246060 -0.011889 0.516521 -0.000011 0.000031 0.000025
 23   3.942374 1.330659 -1.631083 0.000019 0.000002 -0.000024
 24   -0.246150 -0.011872 -0.516511 -0.000005 -0.000006 0.000048
 25   4.941364 1.997338 1.629330 0.000018 -0.000001 -0.000024
 26   4.941382 1.997366 -1.629410 -0.000001 0.000005 -0.000024
 27   2.918368 1.615358 1.514501 -0.000019 -0.000022 -0.000050
 28   2.920798 1.614964 -1.501142 -0.000002 -0.000009 -0.000024
 29   8.824059 0.150544 0.091743 0.000006 -0.000231 -0.174534
 30   2.111085 -0.561179 1.784320 -0.000008 -0.000682 0.000024
 31   2.121290 -0.561289 -1.853599 0.000000 0.000000 -0.000002
 32   -0.810489 -0.093824 3.127092 0.564080 -3.064347 -0.563586
 33   14.298673 -0.408176 0.475484 -0.006392 -0.009799 -0.413535
 34   15.835795 0.581398 0.242756 -0.007436 -0.212263 -0.117847
 35   -0.815868 -0.091229 -3.114430 -0.120039 3.021422 -0.057357
 36   14.294526 -0.410349 -0.463635 0.001663 0.012787 -0.721549
 37   15.834409 0.579420 -0.284600 -0.182270 -0.002314 0.569929
 38   1.139685 -3.453749 -2.823813 0.000000 0.000000 0.000001
 39   -4.457742 -1.054854 -0.746180 0.000000 0.000000 0.000000
 40   1.118101 -3.449769 3.237290 0.000000 0.000001 0.000000
 41   -4.433840 -1.059130 0.959566 -0.000001 0.000000 0.000000
 42   -0.657468 1.697302 -2.688614 0.000000 0.000002 0.000000
 43   -0.664068 1.698578 2.869377 0.000000 0.000002 0.000000
time 85
  0   -0.010486 -0.546892 -0.601210 0.000000 0.000000 -1.571449
  1   -1.093036 0.000002 -0.326057 -0.214108 -1.569036 -1.356583
  2   2.262337 0.113614 0.064702 -0.019655 -0.165866 0.373765
  3   2.380047 0.353302 0.047440 -0.063829 -0.060011 0.416171
  4   2.033756 0.190472 -0.000128 -0.131303 -0.045206 0.085844
  5   2.451511 0.204909 -0.003447 -0.333967 -0.120573 0.128570
  6   7.247600 -0.397300 -0.109469 0.000001 0.000021 0.156829
  7   -2.022252 -0.104661 3.136172 0.968939 -1.271088 -4.286503
  8   1.168026 -0.537438 -0.063437 -0.210110 0.944315 -0.037640
  9   6.790376 -0.619176 0.015206 0.043172 0.065387 -0.992097
 10   8.637599 0.544015 -0.090417 -3.882079 0.213997 0.135308
 11   6.790465 -0.619039 0.017802 0.037526 0.030475 -0.709949
 12   -2.022474 -0.104699 -2.873818 -2.582908 1.481610 -5.893989
 13   1.167898 -0.537463 0.063297 0.417828 -0.757312 -1.401168
 14   7.002743 -0.617765 -0.183752 -0.001194 -0.159599 -1.301194
 15   8.209042 0.615527 -0.255885 1.378038 0.208606 0.515791
 16   7.002735 -0.617911 -0.183641 -0.008581 -0.106198 -0.928112
 17   1.574674 0.609930 -0.000899 0.553328 0.145228 0.529828
 18   -0.602177 0.511412 -0.000006 0.000000 0.000000 0.000000
 19   3.673773 0.177020 1.119313 -0.000002 -0.000014 -0.174510
 20   3.673767 0.176993 -1.117566 0.000007 -0.000003 -0.174546
 21   3.942357 1.330634 1.627658 0.000002 -0.000011 -0.000026
 22   -0.246060 -0.011889 0.516521 -0.000011 0.000031 0.000025
 23   3.942374 1.330659 -1.631083 0.000019 0.000002 -0.000024
 24   -0.246150 -0.011872 -0.516511 -0.000005 -0.000006 0.000048
 25   4.941364 1.997338 1.629330 0.000018 -0.000001 -0.000024
 26   4.941382 1.997366 -1.629410 -0.000001 0.000005 -0.000024
 27   2.918368 1.615358 1.514501 -0.000019 -0.000022 -0.000050
 28   2.920798 1.614964 -1.501142 -0.000002 -0.000009 -0.000024
 29   8.824059 0.150544 0.091743 0.000006 -0.000231 -0.174534
 30   2.111085 -0.561179 1.784320 -0.000008 -0.000682 0.000024
 31   2.121290 -0.561289 -1.853599 0.000000 0.000000 -0.000002
 32   -0.810489 -0.093824 3.127092 0.564080 -3.064347 -0.563586
 33   14.298673 -0.408176 0.475484 -0.006392 -0.009799 -0.413535
 34   15.835795 0.581398 0.242756 -0.007436 -0.212263 -0.117847
 35   -0.815868 -0.091229 -3.114430 -0.120039 3.021422 -0.057357
 36   14.294526 -0.410349 -0.463635 0.001663 0.012787 -0.721549
 37   15.834409 0.579420 -0.284600 -0.182270 -0.002314 0.569929
 38   1.139685 -3.453749 -2.823813 0.000000 0.000000 0.000001
 39   -4.457742 -1.054854 -0.746180 0.000000 0.000000 0.000000
 40   1.118101 -3.449769 3.237290 0.000000 0.000001 0.000000
 41   -4.433840 -1.059130 0.959566 -0.000001 0.000000 0.000000
 42   -0.657468 1.697302 -2.688614 0.000000 0.000002 0.000000
 43   -0.664068 1.698578 2.869377 0.000000 0.000002 0.000000
time 86
  0   -0.010486 -0.546892 -0.601210 0.000000 0.000000 -1.571449
  1   -1.093036 0.000002 -0.326057 -0.214108 -1.569036 -1.356583
  2   2.262337 0.113614 0.064702 -0.016063 -0.168946 0.373657
  3   2.380047 0.353302 0.047440 -0.061519 -0.061869 0.415722
  4   2.033756 0.190472 -0.000128 -0.130565 -0.047998 0.085083
  5   2.451511 0.204909 -0.003447 -0.333368 -0.121487 0.128669
  6   7.247600 -0.397300 -0.109469 0.000001 0.000021 0.156829
  7   -2.022252 -0.104661 3.136172 0.958107 -1.262152 -4.267157
  8   1.168026 -0.537438 -0.063437 -0.202643 0.925699 -0.019294
  9   6.790376 -0.619176 0.015206 0.043172 0.065588 -0.992776
 10   8.637599 0.544015 -0.090417 -3.925495 0.184785 0.112881
 11   6.790465 -0.619039 0.017802 0.037555 0.030589 -0.710295
 12   -2.022474 -0.104699 -2.873818 -2.741564 1.475602 0.226548
 13   1.167898 -0.537463 0.063297 0.402715 -0.732293 -1.421205
 14   7.002743 -0.617765 -0.183752 -0.001649 -0.158690 -1.289148
 15   8.209042 0.615527 -0.255885 1.394216 0.206185 0.519399
 16   7.002735 -0.617911 -0.183641 -0.008487 -0.105465 -0.919778
 17   1.574674 0.609930 -0.000899 0.562142 0.156848 0.533857
 18   -0.602177 0.511412 -0.000006 0.000000 0.000000 0.000000
 19   3.673773 0.177020 1.119313 -0.000002 -0.000014 -0.174510
 20   3.673767 0.176993 -1.117566 0.000007 -0.000003 -0.174546
 21   3.942357 1.330634 1.627658 0.000002 -0.000011 -0.000026
 22   -0.246060 -0.011889 0.516521 -0.000011 0.000031 0.000025
 23   3.942374 1.330659 -1.631083 0.000019 0.000002 -0.000024
 24   -0.246150 -0.011872 -0.516511 -0.000005 -0.000006 0.000048
 25   4.941364 1.997338 1.629330 0.000018 -0.000001 -0.000024
 26   4.941382 1.997366 -1.629410 -0.000001 0.000005 -0.000024
 27   2.918368 1.615358 1.514501 -0.000019 -0.000022 -0.000050
 28   2.920798 1.614964 -1.501142 -0.000002 -0.000009 -0.000024
 29   8.824059 0.150544 0.091743 0.000006 -0.000231 -0.174534
 30   2.111085 -0.561179 1.784320 -0.000008 -0.000682 0.000024
 31   2.121290 -0.561289 -1.853599 0.000000 0.000000 -0.000002
 32   -0.810489 -0.093824 3.127092 0.564080 -3.064347 -0.563586
 33   14.298673 -0.408176 0.475484 -0.006392 -0.009799 -0.413535
 34   15.835795 0.581398 0.242756 -0.007436 -0.212263 -0.117847
 35   -0.815868 -0.091229 -3.114430 -0.120039 3.021422 -0.057357
 36   14.294526 -0.410349 -0.463635 0.001663 0.012787 -0.721549
 37   15.834409 0.579420 -0.284600 -0.182270 -0.002314 0.569929
 38   1.139685 -3.453749 -2.823813 0.000000 0.000000 0.000001
 39   -4.457742 -1.054854 -0.746180 0.000000 0.000000 0.000000
 40   1.118101 -3.449769 3.237290 0.000000 0.000001 0.000000
 41   -4.433840 -1.059130 0.959566 -0.000001 0.000000 0.000000
 42   -0.657468 1.697302 -2.688614 0.000000 0.000002 0.000000
 43   -0.664068 1.698578 2.869377 0.000000 0.000002 0.000000
time 87
  0   -0.010486 -0.546892 -0.601210 0.000000 0.000000 -1.571449
  1   -1.093036 0.000002 -0.326057 -0.214108 -1.569036 -1.356583
  2   2.262337 0.113614 0.064702 -0.013006 -0.172482 0.372428
  3   2.380047 0.353302 0.047440 -0.059584 -0.063415 0.414967
  4   2.033756 0.190472 -0.000128 -0.130473 -0.050695 0.084503
  5   2.451511 0.204909 -0.003447 -0.332512 -0.123563 0.128892
  6   7.247600 -0.397300 -0.109469 0.000001 0.000021 0.156829
  7   -2.022252 -0.104661 3.136172 0.941428 -1.255925 -4.242270
  8   1.168026 -0.537438 -0.063437 -0.190240 0.904919 0.004365
  9   6.790376 -0.619176 0.015206 0.043061 0.065921 -0.994210
 10   8.637599 0.544015 -0.090417 -3.958519 0.166906 0.098774
 11   6.790465 -0.619039 0.017802 0.037526 0.030873 -0.711218
 12   -2.022474 -0.104699 -2.873818 3.404555 1.461294 0.088011
 13   1.167898 -0.537463 0.063297 0.388585 -0.703052 -1.432162
 14   7.002743 -0.617765 -0.183752 -0.001763 -0.158690 -1.285848
 15   8.209042 0.615527 -0.255885 1.446345 0.178191 0.561615
 16   7.002735 -0.617911 -0.183641 -0.008487 -0.105465 -0.917405
 17   1.574674 0.609930 -0.000899 0.568804 0.167001 0.542432
 18   -0.602177 0.511412 -0.000006 0.000000 0.000000 0.000000
 19   3.673773 0.177020 1.119313 -0.000002 -0.000014 -0.174510
 20   3.673767 0.176993 -1.117566 0.000007 -0.000003 -0.174546
 21   3.942357 1.330634 1.627658 0.000002 -0.000011 -0.000026
 22   -0.246060 -0.011889 0.516521 -0.000011 0.000031 0.000025
 23   3.942374 1.330659 -1.631083 0.000019 0.000002 -0.000024
 24   -0.246150 -0.011872 -0.516511 -0.000005 -0.000006 0.000048
 25   4.941364 1.997338 1.629330 0.000018 -0.000001 -0.000024
 26   4.941382 1.997366 -1.629410 -0.000001 0.000005 -0.000024
 27   2.918368 1.615358 1.514501 -0.000019 -0.000022 -0.000050
 28   2.920798 1.614964 -1.501142 -0.000002 -0.000009 -0.000024
 29   8.824059 0.150544 0.091743 0.000006 -0.000231 -0.174534
 30   2.111085 -0.561179 1.784320 -0.000008 -0.000682 0.000024
 31   2.121290 -0.561289 -1.853599 0.000000 0.000000 -0.000002
 32   -0.810489 -0.093824 3.127092 0.564080 -3.064347 -0.563586
 33   14.298673 -0.408176 0.475484 -0.006392 -0.009799 -0.413535
 34   15.835795 0.581398 0.242756 -0.007436 -0.212263 -0.117847
 35   -0.815868 -0.091229 -3.114430 -0.120039 3.021422 -0.057357
 36   14.294526 -0.410349 -0.463635 0.001663 0.012787 -0.721549
 37   15.834409 0.579420 -0.284600 -0.182270 -0.002314 0.569929
 38   1.139685 -3.453749 -2.823813 0.000000 0.000000 0.000001
 39   -4.457742 -1.054854 -0.746180 0.000000 0.000000 0.000000
 40   1.118101 -3.449769 3.237290 0.000000 0.000001 0.000000
 41   -4.433840 -1.059130 0.959566 -0.000001 0.000000 0.000000
 42   -0.657468 1.697302 -2.688614 0.000000 0.000002 0.000000
 43   -0.664068 1.698578 2.869377 0.000000 0.000002 0.000000
time 88
  0   -0.010486 -0.546892 -0.601210 0.000000 0.000000 -1.571449
  1   -1.093036 0.000002 -0.326057 -0.214108 -1.569036 -1.356583
  2   2.262337 0.113614 0.064702 -0.009529 -0.176388 0.368326
  3   2.380047 0.353302 0.047440 -0.058504 -0.065620 0.412763
  4   2.033756 0.190472 -0.000128 -0.130676 -0.052229 0.084358
  5   2.451511 0.204909 -0.003447 -0.331913 -0.127702 0.129412
  6   7.247600 -0.397300 -0.109469 0.000001 0.000021 0.156829
  7   -2.022252 -0.104661 3.136172 0.938648 -1.255234 -4.243491
  8   1.168026 -0.537438 -0.063437 -0.150563 0.892944 0.055290
  9   6.790376 -0.619176 0.015206 0.042839 0.066589 -0.997606
 10   8.637599 0.544015 -0.090417 -3.970584 0.153250 0.084522
 11   6.790465 -0.619039 0.017802 0.037409 0.031271 -0.713698
 12   -2.022474 -0.104699 -2.873818 3.271958 1.447681 -0.045835
 13   1.167898 -0.537463 0.063297 0.375159 -0.669438 -1.431012
 14   7.002743 -0.617765 -0.183752 -0.001479 -0.159258 -1.294016
 15   8.209042 0.615527 -0.255885 1.540107 0.077942 0.597397
 16   7.002735 -0.617911 -0.183641 -0.008581 -0.105860 -0.923090
 17   1.574674 0.609930 -0.000899 0.575384 0.178220 0.552190
 18   -0.602177 0.511412 -0.000006 0.000000 0.000000 0.000000
 19   3.673773 0.177020 1.119313 -0.000002 -0.000014 -0.174510
 20   3.673767 0.176993 -1.117566 0.000007 -0.000003 -0.174546
 21   3.942357 1.330634 1.627658 0.000002 -0.000011 -0.000026
 22   -0.246060 -0.011889 0.516521 -0.000011 0.000031 0.000025
 23   3.942374 1.330659 -1.631083 0.000019 0.000002 -0.000024
 24   -0.246150 -0.011872 -0.516511 -0.000005 -0.000006 0.000048
 25   4.941364 1.997338 1.629330 0.000018 -0.000001 -0.000024
 26   4.941382 1.997366 -1.629410 -0.000001 0.000005 -0.000024
 27   2.918368 1.615358 1.514501 -0.000019 -0.000022 -0.000050
 28   2.920798 1.614964 -1.501142 -0.000002 -0.000009 -0.000024
 29   8.824059 0.150544 0.091743 0.000006 -0.000231 -0.174534
 30   2.111085 -0.561179 1.784320 -0.000008 -0.000682 0.000024
 31   2.121290 -0.561289 -1.853599 0.000000 0.000000 -0.000002
 32   -0.810489 -0.093824 3.127092 0.564080 -3.064347 -0.563586
 33   14.298673 -0.408176 0.475484 -0.006392 -0.009799 -0.413535
 34   15.835795 0.581398 0.242756 -0.007436 -0.212263 -0.117847
 35   -0.815868 -0.091229 -3.114430 -0.120039 3.021422 -0.057357
 36   14.294526 -0.410349 -0.463635 0.001663 0.012787 -0.721549
 37   15.834409 0.579420 -0.284600 -0.182270 -0.002314 0.569929
 38   1.139685 -3.453749 -2.823813 0.000000 0.000000 0.000001
 39   -4.457742 -1.054854 -0.746180 0.000000 0.000000 0.000000
 40   1.118101 -3.449769 3.237290 0.000000 0.000001 0.000000
 41   -4.433840 -1.059130 0.959566 -0.000001 0.000000 0.000000
 42   -0.657468 1.697302 -2.688614 0.000000 0.000002 0.000000
 43   -0.664068 1.698578 2.869377 0.000000 0.000002 0.000000
time 89
  0   -0.010486 -0.546892 -0.601210 0.000000 0.000000 -1.571449
  1   -1.093036 0.000002 -0.326057 -0.214108 -1.569036 -1.356583
  2   2.262337 0.113614 0.064702 -0.008153 -0.181674 0.363772
  3   2.380047 0.353302 0.047440 -0.058774 -0.068999 0.410886
  4   2.033756 0.190472 -0.000128 -0.130971 -0.053643 0.084358
  5   2.451511 0.204909 -0.003447 -0.331930 -0.131801 0.129932
  6   7.247600 -0.397300 -0.109469 0.000001 0.000021 0.156829
  7   -2.022252 -0.104661 3.136172 0.957436 -1.254599 -4.271665
  8   1.168026 -0.537438 -0.063437 -0.099812 0.889623 0.127217
  9   6.790376 -0.619176 0.015206 0.042451 0.067590 -1.007492
 10   8.637599 0.544015 -0.090417 -3.965476 0.142058 0.068751
 11   6.790465 -0.619039 0.017802 0.037409 0.032010 -0.720619
 12   -2.022474 -0.104699 -2.873818 -0.007326 1.698129 -3.320277
 13   1.167898 -0.537463 0.063297 0.347815 -0.645283 -1.370235
 14   7.002743 -0.617765 -0.183752 0.003759 -0.168741 -1.390382
 15   8.209042 0.615527 -0.255885 1.593746 -0.012698 0.610507
 16   7.002735 -0.617911 -0.183641 -0.008110 -0.113190 -0.990204
 17   1.574674 0.609930 -0.000899 0.584321 0.190858 0.565311
 18   -0.602177 0.511412 -0.000006 0.000000 0.000000 0.000000
 19   3.673773 0.177020 1.119313 -0.000002 -0.000014 -0.174510
 20   3.673767 0.176993 -1.117566 0.000007 -0.000003 -0.174546
 21   3.942357 1.330634 1.627658 0.000002 -0.000011 -0.000026
 22   -0.246060 -0.011889 0.516521 -0.000011 0.000031 0.000025
 23   3.942374 1.330659 -1.631083 0.000019 0.000002 -0.000024
 24   -0.246150 -0.011872 -0.516511 -0.000005 -0.000006 0.000048
 25   4.941364 1.997338 1.629330 0.000018 -0.000001 -0.000024
 26   4.941382 1.997366 -1.629410 -0.000001 0.000005 -0.000024
 27   2.918368 1.615358 1.514501 -0.000019 -0.000022 -0.000050
 28   2.920798 1.614964 -1.501142 -0.000002 -0.000009 -0.000024
 29   8.824059 0.150544 0.091743 0.000006 -0.000231 -0.174534
 30   2.111085 -0.561179 1.784320 -0.000008 -0.000682 0.000024
 31   2.121290 -0.561289 -1.853599 0.000000 0.000000 -0.000002
 32   -0.810489 -0.093824 3.127092 0.564080 -3.064347 -0.563586
 33   14.298673 -0.408176 0.475484 -0.006392 -0.009799 -0.413535
 34   15.835795 0.581398 0.242756 -0.007436 -0.212263 -0.117847
 35   -0.815868 -0.091229 -3.114430 -0.120039 3.021422 -0.057357
 36   14.294526 -0.410349 -0.463635 0.001663 0.012787 -0.721549
 37   15.834409 0.579420 -0.284600 -0.182270 -0.002314 0.569929
 38   1.139685 -3.453749 -2.823813 0.000000 0.000000 0.000001
 39   -4.457742 -1.054854 -0.746180 0.000000 0.000000 0.000000
 40   1.118101 -3.449769 3.237290 0.000000 0.000001 0.000000
 41   -4.433840 -1.059130 0.959566 -0.000001 0.000000 0.000000
 42   -0.657468 1.697302 -2.688614 0.000000 0.000002 0.000000
 43   -0.664068 1.698578 2.869377 0.000000 0.000002 0.000000
time 90
  0   -0.010486 -0.546892 -0.601210 0.000000 0.000000 -1.571449
  1   -1.093036 0.000002 -0.326057 -0.214108 -1.569036 -1.356583
  2   2.262337 0.113614 0.064702 -0.010790 -0.188924 0.355857
  3   2.380047 0.353302 0.047440 -0.062974 -0.074632 0.405866
  4   2.033756 0.190472 -0.000128 -0.131524 -0.055884 0.083923
  5   2.451511 0.204909 -0.003447 -0.333077 -0.138146 0.130898
  6   7.247600 -0.397300 -0.109469 0.000001 0.000021 0.156829
  7   -2.022252 -0.104661 3.136172 0.970281 -1.257338 -4.298149
  8   1.168026 -0.537438 -0.063437 -0.036975 0.890982 0.217047
  9   6.790376 -0.619176 0.015206 0.042007 0.069258 -1.026963
 10   8.637599 0.544015 -0.090417 -3.954820 0.131570 0.058478
 11   6.790465 -0.619039 0.017802 0.037526 0.033204 -0.734288
 12   -2.022474 -0.104699 -2.873818 -0.297047 1.704195 -3.589884
 13   1.167898 -0.537463 0.063297 0.380572 -0.683067 -1.242083
 14   7.002743 -0.617765 -0.183752 0.022832 -0.192534 -1.657452
 15   8.209042 0.615527 -0.255885 1.687652 -0.169465 0.655550
 16   7.002735 -0.617911 -0.183641 -0.004438 -0.133208 -1.175100
 17   1.574674 0.609930 -0.000899 0.592363 0.197816 0.577804
 18   -0.602177 0.511412 -0.000006 0.000000 0.000000 0.000000
 19   3.673773 0.177020 1.119313 -0.000002 -0.000014 -0.174510
 20   3.673767 0.176993 -1.117566 0.000007 -0.000003 -0.174546
 21   3.942357 1.330634 1.627658 0.000002 -0.000011 -0.000026
 22   -0.246060 -0.011889 0.516521 -0.000011 0.000031 0.000025
 23   3.942374 1.330659 -1.631083 0.000019 0.000002 -0.000024
 24   -0.246150 -0.011872 -0.516511 -0.000005 -0.000006 0.000048
 25   4.941364 1.997338 1.629330 0.000018 -0.000001 -0.000024
 26   4.941382 1.997366 -1.629410 -0.000001 0.000005 -0.000024
 27   2.918368 1.615358 1.514501 -0.000019 -0.000022 -0.000050
 28   2.920798 1.614964 -1.501142 -0.000002 -0.000009 -0.000024
 29   8.824059 0.150544 0.091743 0.000006 -0.000231 -0.174534
 30   2.111085 -0.561179 1.784320 -0.000008 -0.000682 0.000024
 31   2.121290 -0.561289 -1.853599 0.000000 0.000000 -0.000002
 32   -0.810489 -0.093824 3.127092 0.564080 -3.064347 -0.563586
 33   14.298673 -0.408176 0.475484 -0.006392 -0.009799 -0.413535
 34   15.835795 0.581398 0.242756 -0.007436 -0.212263 -0.117847
 35   -0.815868 -0.091229 -3.114430 -0.120039 3.021422 -0.057357
 36   14.294526 -0.410349 -0.463635 0.001663 0.012787 -0.721549
 37   15.834409 0.579420 -0.284600 -0.182270 -0.002314 0.569929
 38   1.139685 -3.453749 -2.823813 0.000000 0.000000 0.000001
 39   -4.457742 -1.054854 -0.746180 0.000000 0.000000 0.000000
 40   1.118101 -3.449769 3.237290 0.000000 0.000001 0.000000
 41   -4.433840 -1.059130 0.959566 -0.000001 0.000000 0.000000
 42   -0.657468 1.697302 -2.688614 0.000000 0.000002 0.000000
 43   -0.664068 1.698578 2.869377 0.000000 0.000002 0.000000
time 91
  0   -0.010486 -0.546892 -0.601210 0.000000 0.000000 -1.571449
  1   -1.093036 0.000002 -0.326057 -0.214108 -1.569036 -1.356583
  2   2.262337 0.113614 0.064702 -0.019579 -0.193131 0.350219
  3   2.380047 0.353302 0.047440 -0.071360 -0.079965 0.392541
  4   2.033756 0.190472 -0.000128 -0.134143 -0.062164 0.070077
  5   2.451511 0.204909 -0.003447 -0.336175 -0.156280 0.126787
  6   7.247600 -0.397300 -0.109469 0.000001 0.000021 0.156829
  7   -2.022252 -0.104661 3.136172 0.940086 -1.280687 -4.264621
  8   1.168026 -0.537438 -0.063437 0.029660 0.880768 0.284103
  9   6.790376 -0.619176 0.015206 0.041286 0.073063 -1.065602
 10   8.637599 0.544015 -0.090417 -3.953059 0.131781 0.059202
 11   6.790465 -0.619039 0.017802 0.037847 0.035677 -0.761279
 12   -2.022474 -0.104699 -2.873818 2.327684 1.420544 -0.925792
 13   1.167898 -0.537463 0.063297 0.408198 -0.716630 -0.962594
 14   7.002743 -0.617765 -0.183752 0.060350 -0.217860 -2.044980
 15   8.209042 0.615527 -0.255885 1.972603 -0.319195 0.588858
 16   7.002735 -0.617911 -0.183641 0.007330 -0.161064 -1.442895
 17   1.574674 0.609930 -0.000899 0.601219 0.199520 0.589816
 18   -0.602177 0.511412 -0.000006 0.000000 0.000000 0.000000
 19   3.673773 0.177020 1.119313 -0.000002 -0.000014 -0.174510
 20   3.673767 0.176993 -1.117566 0.000007 -0.000003 -0.174546
 21   3.942357 1.330634 1.627658 0.000002 -0.000011 -0.000026
 22   -0.246060 -0.011889 0.516521 -0.000011 0.000031 0.000025
 23   3.942374 1.330659 -1.631083 0.000019 0.000002 -0.000024
 24   -0.246150 -0.011872 -0.516511 -0.000005 -0.000006 0.000048
 25   4.941364 1.997338 1.629330 0.000018 -0.000001 -0.000024
 26   4.941382 1.997366 -1.629410 -0.000001 0.000005 -0.000024
 27   2.918368 1.615358 1.514501 -0.000019 -0.000022 -0.000050
 28   2.920798 1.614964 -1.501142 -0.000002 -0.000009 -0.000024
 29   8.824059 0.150544 0.091743 0.000006 -0.000231 -0.174534
 30   2.111085 -0.561179 1.784320 -0.000008 -0.000682 0.000024
 31   2.121290 -0.561289 -1.853599 0.000000 0.000000 -0.000002
 32   -0.810489 -0.093824 3.127092 0.564080 -3.064347 -0.563586
 33   14.298673 -0.408176 0.475484 -0.006392 -0.009799 -0.413535
 34   15.835795 0.581398 0.242756 -0.007436 -0.212263 -0.117847
 35   -0.815868 -0.091229 -3.114430 -0.120039 3.021422 -0.057357
 36   14.294526 -0.410349 -0.463635 0.001663 0.012787 -0.721549
 37   15.834409 0.579420 -0.284600 -0.182270 -0.002314 0.569929
 38   1.139685 -3.453749 -2.823813 0.000000 0.000000 0.000001
 39   -4.457742 -1.054854 -0.746180 0.000000 0.000000 0.000000
 40   1.118101 -3.449769 3.237290 0.000000 0.000001 0.000000
 41   -4.433840 -1.059130 0.959566 -0.000001 0.000000 0.000000
 42   -0.657468 1.697302 -2.688614 0.000000 0.000002 0.000000
 43   -0.664068 1.698578 2.869377 0.000000 0.000002 0.000000
time 92
  0   -0.010486 -0.546892 -0.601210 0.000000 0.000000 -1.571449
  1   -1.093036 0.000002 -0.326057 -0.214108 -1.569036 -1.356583
  2   2.262337 0.113614 0.064702 -0.033501 -0.197062 0.346876
  3   2.380047 0.353302 0.047440 -0.082476 -0.083465 0.376380
  4   2.033756 0.190472 -0.000128 -0.138569 -0.073418 0.052787
  5   2.451511 0.204909 -0.003447 -0.340420 -0.169675 0.119283
  6   7.247600 -0.397300 -0.109469 0.000001 0.000021 0.156829
  7   -2.022252 -0.104661 3.136172 0.853526 -1.294841 -4.157466
  8   1.168026 -0.537438 -0.063437 0.074969 0.857875 0.331485
  9   6.790376 -0.619176 0.015206 0.040065 0.080538 -1.141447
 10   8.637599 0.544015 -0.090417 -3.931571 0.141284 0.084884
 11   6.790465 -0.619039 0.017802 0.038869 0.040964 -0.814225
 12   -2.022474 -0.104699 -2.873818 1.826708 1.386702 -1.394253
 13   1.167898 -0.537463 0.063297 0.384298 -0.821387 -0.374983
 14   7.002743 -0.617765 -0.183752 0.096559 -0.227910 -2.355448
 15   8.209042 0.615527 -0.255885 2.225629 -0.525216 0.377595
 16   7.002735 -0.617911 -0.183641 0.021971 -0.181251 -1.657264
 17   1.574674 0.609930 -0.000899 0.636030 0.195118 0.605599
 18   -0.602177 0.511412 -0.000006 0.000000 0.000000 0.000000
 19   3.673773 0.177020 1.119313 -0.000002 -0.000014 -0.174510
 20   3.673767 0.176993 -1.117566 0.000007 -0.000003 -0.174546
 21   3.942357 1.330634 1.627658 0.000002 -0.000011 -0.000026
 22   -0.246060 -0.011889 0.516521 -0.000011 0.000031 0.000025
 23   3.942374 1.330659 -1.631083 0.000019 0.000002 -0.000024
 24   -0.246150 -0.011872 -0.516511 -0.000005 -0.000006 0.000048
 25   4.941364 1.997338 1.629330 0.000018 -0.000001 -0.000024
 26   4.941382 1.997366 -1.629410 -0.000001 0.000005 -0.000024
 27   2.918368 1.615358 1.514501 -0.000019 -0.000022 -0.000050
 28   2.920798 1.614964 -1.501142 -0.000002 -0.000009 -0.000024
 29   8.824059 0.150544 0.091743 0.000006 -0.000231 -0.174534
 30   2.111085 -0.561179 1.784320 -0.000008 -0.000682 0.000024
 31   2.121290 -0.561289 -1.853599 0.000000 0.000000 -0.000002
 32   -0.810489 -0.093824 3.127092 0.564080 -3.064347 -0.563586
 33   14.298673 -0.408176 0.475484 -0.006392 -0.009799 -0.413535
 34   15.835795 0.581398 0.242756 -0.007436 -0.212263 -0.117847
 35   -0.815868 -0.091229 -3.114430 -0.120039 3.021422 -0.057357
 36   14.294526 -0.410349 -0.463635 0.001663 0.012787 -0.721549
 37   15.834409 0.579420 -0.284600 -0.182270 -0.002314 0.569929
 38   1.139685 -3.453749 -2.823813 0.000000 0.000000 0.000001
 39   -4.457742 -1.054854 -0.746180 0.000000 0.000000 0.000000
 40   1.118101 -3.449769 3.237290 0.000000 0.000001 0.000000
 41   -4.433840 -1.059130 0.959566 -0.000001 0.000000 0.000000
 42   -0.657468 1.697302 -2.688614 0.000000 0.000002 0.000000
 43   -0.664068 1.698578 2.869377 0.000000 0.000002 0.000000
time 93
  0   -0.010486 -0.546892 -0.601210 0.000000 0.000000 -1.571449
  1   -1.093036 0.000002 -0.326057 -0.214108 -1.569036 -1.356583
  2   2.262337 0.113614 0.064702 -0.053906 -0.195444 0.342539
  3   2.380047 0.353302 0.047440 -0.096636 -0.080361 0.362137
  4   2.033756 0.190472 -0.000128 -0.144471 -0.081459 0.040282
  5   2.451511 0.204909 -0.003447 -0.345401 -0.176751 0.113265
  6   7.247600 -0.397300 -0.109469 0.000001 0.000021 0.156829
  7   -2.022252 -0.104661 3.136172 0.700920 -1.293457 -3.978561
  8   1.168026 -0.537438 -0.063437 0.084018 0.831762 0.350653
  9   6.790376 -0.619176 0.015206 0.037846 0.089481 -1.230725
 10   8.637599 0.544015 -0.090417 -3.891942 0.167680 0.128797
 11   6.790465 -0.619039 0.017802 0.039686 0.047189 -0.876572
 12   -2.022474 -0.104699 -2.873818 1.624076 1.339712 -1.583150
 13   1.167898 -0.537463 0.063297 0.149445 -1.066143 -0.511307
 14   7.002743 -0.617765 -0.183752 0.083977 -0.225582 -2.251491
 15   8.209042 0.615527 -0.255885 1.862448 -0.076328 0.708591
 16   7.002735 -0.617911 -0.183641 0.016557 -0.174766 -1.585458
 17   1.574674 0.609930 -0.000899 0.677828 0.151926 0.612141
 18   -0.602177 0.511412 -0.000006 0.000000 0.000000 0.000000
 19   3.673773 0.177020 1.119313 -0.000002 -0.000014 -0.174510
 20   3.673767 0.176993 -1.117566 0.000007 -0.000003 -0.174546
 21   3.942357 1.330634 1.627658 0.000002 -0.000011 -0.000026
 22   -0.246060 -0.011889 0.516521 -0.000011 0.000031 0.000025
 23   3.942374 1.330659 -1.631083 0.000019 0.000002 -0.000024
 24   -0.246150 -0.011872 -0.516511 -0.000005 -0.000006 0.000048
 25   4.941364 1.997338 1.629330 0.000018 -0.000001 -0.000024
 26   4.941382 1.997366 -1.629410 -0.000001 0.000005 -0.000024
 27   2.918368 1.615358 1.514501 -0.000019 -0.000022 -0.000050
 28   2.920798 1.614964 -1.501142 -0.000002 -0.000009 -0.000024
 29   8.824059 0.150544 0.091743 0.000006 -0.000231 -0.174534
 30   2.111085 -0.561179 1.784320 -0.000008 -0.000682 0.000024
 31   2.121290 -0.561289 -1.853599 0.000000 0.000000 -0.000002
 32   -0.810489 -0.093824 3.127092 0.564080 -3.064347 -0.563586
 33   14.298673 -0.408176 0.475484 -0.006392 -0.009799 -0.413535
 34   15.835795 0.581398 0.242756 -0.007436 -0.212263 -0.117847
 35   -0.815868 -0.091229 -3.114430 -0.120039 3.021422 -0.057357
 36   14.294526 -0.410349 -0.463635 0.001663 0.012787 -0.721549
 37   15.834409 0.579420 -0.284600 -0.182270 -0.002314 0.569929
 38   1.139685 -3.453749 -2.823813 0.000000 0.000000 0.000001
 39   -4.457742 -1.054854 -0.746180 0.000000 0.000000 0.000000
 40   1.118101 -3.449769 3.237290 0.000000 0.000001 0.000000
 41   -4.433840 -1.059130 0.959566 -0.000001 0.000000 0.000000
 42   -0.657468 1.697302 -2.688614 0.000000 0.000002 0.000000
 43   -0.664068 1.698578 2.869377 0.000000 0.000002 0.000000
time 94
  0   -0.010486 -0.546892 -0.601210 0.000000 0.000000 -1.571449
  1   -1.093036 0.000002 -0.326057 -0.214108 -1.569036 -1.356583
  2   2.262337 0.113614 0.064702 -0.055027 -0.187139 0.339991
  3   2.380047 0.353302 0.047440 -0.095601 -0.074836 0.361974
  4   2.033756 0.190472 -0.000128 -0.143844 -0.076510 0.039992
  5   2.451511 0.204909 -0.003447 -0.345795 -0.157625 0.107148
  6   7.247600 -0.397300 -0.109469 0.000001 0.000021 0.156829
  7   -2.022252 -0.104661 3.136172 0.645035 -1.297407 -3.926157
  8   1.168026 -0.537438 -0.063437 0.050732 0.822806 0.251587
  9   6.790376 -0.619176 0.015206 0.039344 0.085076 -1.184765
 10   8.637599 0.544015 -0.090417 -3.872656 0.151983 0.130461
 11   6.790465 -0.619039 0.017802 0.039453 0.043977 -0.844562
 12   -2.022474 -0.104699 -2.873818 1.660196 1.379707 -1.553279
 13   1.167898 -0.537463 0.063297 -0.127303 -1.251095 -0.563246
 14   7.002743 -0.617765 -0.183752 0.058984 -0.217235 -2.032439
 15   8.209042 0.615527 -0.255885 1.726335 0.203537 0.632698
 16   7.002735 -0.617911 -0.183641 0.006813 -0.160218 -1.434285
 17   1.574674 0.609930 -0.000899 0.653253 0.108592 0.612325
 18   -0.602177 0.511412 -0.000006 0.000000 0.000000 0.000000
 19   3.673773 0.177020 1.119313 -0.000002 -0.000014 -0.174510
 20   3.673767 0.176993 -1.117566 0.000007 -0.000003 -0.174546
 21   3.942357 1.330634 1.627658 0.000002 -0.000011 -0.000026
 22   -0.246060 -0.011889 0.516521 -0.000011 0.000031 0.000025
 23   3.942374 1.330659 -1.631083 0.000019 0.000002 -0.000024
 24   -0.246150 -0.011872 -0.516511 -0.000005 -0.000006 0.000048
 25   4.941364 1.997338 1.629330 0.000018 -0.000001 -0.000024
 26   4.941382 1.997366 -1.629410 -0.000001 0.000005 -0.000024
 27   2.918368 1.615358 1.514501 -0.000019 -0.000022 -0.000050
 28   2.920798 1.614964 -1.501142 -0.000002 -0.000009 -0.000024
 29   8.824059 0.150544 0.091743 0.000006 -0.000231 -0.174534
 30   2.111085 -0.561179 1.784320 -0.000008 -0.000682 0.000024
 31   2.121290 -0.561289 -1.853599 0.000000 0.000000 -0.000002
 32   -0.810489 -0.093824 3.127092 0.564080 -3.064347 -0.563586
 33   14.298673 -0.408176 0.475484 -0.006392 -0.009799 -0.413535
 34   15.835795 0.581398 0.242756 -0.007436 -0.212263 -0.117847
 35   -0.815868 -0.091229 -3.114430 -0.120039 3.021422 -0.057357
 36   14.294526 -0.410349 -0.463635 0.001663 0.012787 -0.721549
 37   15.834409 0.579420 -0.284600 -0.182270 -0.002314 0.569929
 38   1.139685 -3.453749 -2.823813 0.000000 0.000000 0.000001
 39   -4.457742 -1.054854 -0.746180 0.000000 0.000000 0.000000
 40   1.118101 -3.449769 3.237290 0.000000 0.000001 0.000000
 41   -4.433840 -1.059130 0.959566 -0.000001 0.000000 0.000000
 42   -0.657468 1.697302 -2.688614 0.000000 0.000002 0.000000
 43   -0.664068 1.698578 2.869377 0.000000 0.000002 0.000000
time 95
  0   -0.010486 -0.546892 -0.601210 0.000000 0.000000 -1.571449
  1   -1.093036 0.000002 -0.326057 -0.214108 -1.569036 -1.356583
  2   2.262337 0.113614 0.064702 -0.055919 -0.177575 0.338726
  3   2.380047 0.353302 0.047440 -0.094296 -0.068376 0.361790
  4   2.033756 0.190472 -0.000128 -0.143014 -0.070409 0.039919
  5   2.451511 0.204909 -0.003447 -0.346137 -0.134843 0.102170
  6   7.247600 -0.397300 -0.109469 0.000001 0.000021 0.156829
  7   -2.022252 -0.104661 3.136172 0.591834 -1.302249 -3.879013
  8   1.168026 -0.537438 -0.063437 0.010992 0.806303 0.138098
  9   6.790376 -0.619176 0.015206 0.040287 0.078936 -1.125448
 10   8.637599 0.544015 -0.090417 -3.859710 0.142903 0.136610
 11   6.790465 -0.619039 0.017802 0.038664 0.039827 -0.803094
 12   -2.022474 -0.104699 -2.873818 1.747189 1.430122 -1.474771
 13   1.167898 -0.537463 0.063297 -0.144244 -1.310847 -0.766643
 14   7.002743 -0.617765 -0.183752 0.027386 -0.196736 -1.711328
 15   8.209042 0.615527 -0.255885 1.800755 0.333974 0.490653
 16   7.002735 -0.617911 -0.183641 -0.003261 -0.137268 -1.212355
 17   1.574674 0.609930 -0.000899 0.624372 0.059412 0.613545
 18   -0.602177 0.511412 -0.000006 0.000000 0.000000 0.000000
 19   3.673773 0.177020 1.119313 -0.000002 -0.000014 -0.174510
 20   3.673767 0.176993 -1.117566 0.000007 -0.000003 -0.174546
 21   3.942357 1.330634 1.627658 0.000002 -0.000011 -0.000026
 22   -0.246060 -0.011889 0.516521 -0.000011 0.000031 0.000025
 23   3.942374 1.330659 -1.631083 0.000019 0.000002 -0.000024
 24   -0.246150 -0.011872 -0.516511 -0.000005 -0.000006 0.000048
 25   4.941364 1.997338 1.629330 0.000018 -0.000001 -0.000024
 26   4.941382 1.997366 -1.629410 -0.000001 0.000005 -0.000024
 27   2.918368 1.615358 1.514501 -0.000019 -0.000022 -0.000050
 28   2.920798 1.614964 -1.501142 -0.000002 -0.000009 -0.000024
 29   8.824059 0.150544 0.091743 0.000006 -0.000231 -0.174534
 30   2.111085 -0.561179 1.784320 -0.000008 -0.000682 0.000024
 31   2.121290 -0.561289 -1.853599 0.000000 0.000000 -0.000002
 32   -0.810489 -0.093824 3.127092 0.564080 -3.064347 -0.563586
 33   14.298673 -0.408176 0.475484 -0.006392 -0.009799 -0.413535
 34   15.835795 0.581398 0.242756 -0.007436 -0.212263 -0.117847
 35   -0.815868 -0.091229 -3.114430 -0.120039 3.021422 -0.057357
 36   14.294526 -0.410349 -0.463635 0.001663 0.012787 -0.721549
 37   15.834409 0.579420 -0.284600 -0.182270 -0.002314 0.569929
 38   1.139685 -3.453749 -2.823813 0.000000 0.000000 0.000001
 39   -4.457742 -1.054854 -0.746180 0.000000 0.000000 0.000000
 40   1.118101 -3.449769 3.237290 0.000000 0.000001 0.000000
 41   -4.433840 -1.059130 0.959566 -0.000001 0.000000 0.000000
 42   -0.657468 1.697302 -2.688614 0.000000 0.000002 0.000000
 43   -0.664068 1.698578 2.869377 0.000000 0.000002 0.000000
time 96
  0   -0.010486 -0.546892 -0.601210 0.000000 0.000000 -1.571449
  1   -1.093036 0.000002 -0.326057 -0.214108 -1.569036 -1.356583
  2   2.262337 0.113614 0.064702 -0.056390 -0.167005 0.336756
  3   2.380047 0.353302 0.047440 -0.092811 -0.061389 0.361688
  4   2.033756 0.190472 -0.000128 -0.142018 -0.063542 0.040064
  5   2.451511 0.204909 -0.003447 -0.346394 -0.109724 0.095731
  6   7.247600 -0.397300 -0.109469 0.000001 0.000021 0.156829
  7   -2.022252 -0.104661 3.136172 0.542754 -1.307179 -3.837221
  8   1.168026 -0.537438 -0.063437 -0.016345 0.788441 0.042195
  9   6.790376 -0.619176 0.015206 0.040953 0.074331 -1.084016
 10   8.637599 0.544015 -0.090417 -3.849054 0.142621 0.149415
 11   6.790465 -0.619039 0.017802 0.038022 0.036615 -0.774141
 12   -2.022474 -0.104699 -2.873818 -1.189969 1.658569 -4.420055
 13   1.167898 -0.537463 0.063297 -0.065726 -1.293150 -0.952303
 14   7.002743 -0.617765 -0.183752 0.010022 -0.177997 -1.488646
 15   8.209042 0.615527 -0.255885 1.992160 0.350392 0.430516
 16   7.002735 -0.617911 -0.183641 -0.007168 -0.120577 -1.058257
 17   1.574674 0.609930 -0.000899 0.592363 0.006067 0.616132
 18   -0.602177 0.511412 -0.000006 0.000000 0.000000 0.000000
 19   3.673773 0.177020 1.119313 -0.000002 -0.000014 -0.174510
 20   3.673767 0.176993 -1.117566 0.000007 -0.000003 -0.174546
 21   3.700162 1.330634 1.627658 0.006354 -0.200741 0.411837
 22   -0.351532 -0.011889 0.371985 -0.000011 0.000031 0.000025
 23   3.692366 1.330659 -1.631083 -0.006333 0.200780 0.411810
 24   -0.347716 -0.019685 -0.379788 -0.000005 -0.000006 0.000048
 25   4.941364 1.997338 1.629330 0.000018 -0.000001 -0.000024
 26   4.941382 1.997366 -1.629410 -0.000001 0.000005 -0.000024
 27   3.031653 1.689579 1.522314 -0.043955 0.137309 -0.635381
 28   3.034083 1.693092 -1.520674 0.043934 -0.137340 -0.635435
 29   8.824059 0.150544 0.091743 0.000006 -0.000231 -0.174534
 30   2.111085 -0.561179 1.784320 -0.000008 -0.000682 0.000024
 31   2.121290 -0.561289 -1.853599 0.000000 0.000000 -0.000002
 32   -0.810489 -0.093824 3.127092 0.564080 -3.064347 -0.563586
 33   14.298673 -0.408176 0.475484 -0.006392 -0.009799 -0.413535
 34   15.835795 0.581398 0.242756 -0.007436 -0.212263 -0.117847
 35   -0.815868 -0.091229 -3.114430 -0.120039 3.021422 -0.057357
 36   14.294526 -0.410349 -0.463635 0.001663 0.012787 -0.721549
 37   15.834409 0.579420 -0.284600 -0.182270 -0.002314 0.569929
 38   1.139685 -3.453749 -2.823813 0.000000 0.000000 0.000001
 39   -4.457742 -1.054854 -0.746180 0.000000 0.000000 0.000000
 40   1.118101 -3.449769 3.237290 0.000000 0.000001 0.000000
 41   -4.433840 -1.059130 0.959566 -0.000001 0.000000 0.000000
 42   -0.657468 1.697302 -2.688614 0.000000 0.000002 0.000000
 43   -0.664068 1.698578 2.869377 0.000000 0.000002 0.000000
time 97
  0   -0.010486 -0.546892 -0.601210 0.000000 0.000000 -1.571449
  1   -1.093036 0.000002 -0.326057 -0.214108 -1.569036 -1.356583
  2   2.262337 0.113614 0.064702 -0.056632 -0.155943 0.334786
  3   2.380047 0.353302 0.047440 -0.091221 -0.054031 0.361566
  4   2.033756 0.190472 -0.000128 -0.141022 -0.056244 0.040354
  5   2.451511 0.204909 -0.003447 -0.346565 -0.082973 0.088995
  6   7.247600 -0.397300 -0.109469 0.000001 0.000021 0.156829
  7   -2.022252 -0.104661 3.136172 0.498468 -1.311733 -3.800689
  8   1.168026 -0.537438 -0.063437 -0.038683 0.762932 -0.037893
  9   6.790376 -0.619176 0.015206 0.041341 0.071795 -1.053678
 10   8.637599 0.544015 -0.090417 -3.846412 0.155573 0.159905
 11   6.790465 -0.619039 0.017802 0.037672 0.034881 -0.752859
 12   -2.022474 -0.104699 -2.873818 -0.582264 1.617907 -3.817556
 13   1.167898 -0.537463 0.063297 -0.089063 -1.245094 -0.914045
 14   7.002743 -0.617765 -0.183752 0.009054 -0.176634 -1.473300
 15   8.209042 0.615527 -0.255885 2.189102 0.289335 0.492337
 16   7.002735 -0.617911 -0.183641 -0.007357 -0.119393 -1.047660
 17   1.574674 0.609930 -0.000899 0.558121 -0.049811 0.619976
 18   -0.602177 0.511412 -0.000006 0.000000 0.000000 0.000000
 19   3.673773 0.177020 1.119313 -0.000002 -0.000014 -0.174510
 20   3.673767 0.176993 -1.117566 0.000007 -0.000003 -0.174546
 21   3.446248 1.330634 1.627658 -0.073679 -0.386430 0.847736
 22   -0.457004 -0.031421 0.231356 -0.000011 0.000031 0.000025
 23   3.438452 1.330659 -1.631083 0.073700 0.386481 0.847601
 24   -0.453188 -0.039217 -0.235252 -0.000005 -0.000006 0.000048
 25   4.941364 1.997338 1.629330 0.000018 -0.000001 -0.000024
 26   4.941382 1.997366 -1.629410 -0.000001 0.000005 -0.000024
 27   3.160563 1.767707 1.553565 -0.163477 0.220806 -1.289323
 28   3.162993 1.771219 -1.540206 0.163480 -0.220897 -1.289299
 29   8.824059 0.150544 0.091743 0.000006 -0.000231 -0.174534
 30   2.111085 -0.561179 1.784320 -0.000008 -0.000682 0.000024
 31   2.121290 -0.561289 -1.853599 0.000000 0.000000 -0.000002
 32   -0.810489 -0.093824 3.127092 0.564080 -3.064347 -0.563586
 33   14.298673 -0.408176 0.475484 -0.006392 -0.009799 -0.413535
 34   15.835795 0.581398 0.242756 -0.007436 -0.212263 -0.117847
 35   -0.815868 -0.091229 -3.114430 -0.120039 3.021422 -0.057357
 36   14.294526 -0.410349 -0.463635 0.001663 0.012787 -0.721549
 37   15.834409 0.579420 -0.284600 -0.182270 -0.002314 0.569929
 38   1.139685 -3.453749 -2.823813 0.000000 0.000000 0.000001
 39   -4.457742 -1.054854 -0.746180 0.000000 0.000000 0.000000
 40   1.118101 -3.449769 3.237290 0.000000 0.000001 0.000000
 41   -4.433840 -1.059130 0.959566 -0.000001 0.000000 0.000000
 42   -0.657468 1.697302 -2.688614 0.000000 0.000002 0.000000
 43   -0.664068 1.698578 2.869377 0.000000 0.000002 0.000000
time 98
  0   -0.010486 -0.546892 -0.601210 0.000000 0.000000 -1.571449
  1   -1.093036 0.000002 -0.326057 -0.214108 -1.569036 -1.356583
  2   2.262337 0.113614 0.064702 -0.056581 -0.144641 0.332817
  3   2.380047 0.353302 0.047440 -0.089586 -0.046564 0.361382
  4   2.033756 0.190472 -0.000128 -0.139971 -0.048621 0.040680
  5   2.451511 0.204909 -0.003447 -0.346976 -0.055805 0.082234
  6   7.247600 -0.397300 -0.109469 0.000001 0.000021 0.156829
  7   -2.022252 -0.104661 3.136172 0.460412 -1.315077 -3.769979
  8   1.168026 -0.537438 -0.063437 -0.064565 0.736366 -0.105139
  9   6.790376 -0.619176 0.015206 0.041896 0.070793 -1.029378
 10   8.637599 0.544015 -0.090417 -3.847381 0.180069 0.161569
 11   6.790465 -0.619039 0.017802 0.037613 0.034199 -0.735845
 12   -2.022474 -0.104699 -2.873818 -2.678619 1.521896 -5.916201
 13   1.167898 -0.537463 0.063297 -0.089344 -1.140490 -0.810107
 14   7.002743 -0.617765 -0.183752 0.020839 -0.190489 -1.632783
 15   8.209042 0.615527 -0.255885 2.397980 0.174030 0.678823
 16   7.002735 -0.617911 -0.183641 -0.004909 -0.131460 -1.158156
 17   1.574674 0.609930 -0.000899 0.522903 -0.106493 0.625336
 18   -0.602177 0.511412 -0.000006 0.000000 0.000000 0.000000
 19   3.673773 0.177020 1.119313 -0.000002 -0.000014 -0.174510
 20   3.673767 0.176993 -1.117566 0.000007 -0.000003 -0.174546
 21   3.512656 1.330634 1.627658 -0.043142 -0.339774 0.725592
 22   -0.425753 -0.023608 0.274326 -0.000011 0.000031 0.000025
 23   3.508767 1.330659 -1.631083 0.043188 0.339813 0.725561
 24   -0.421937 -0.031404 -0.286035 -0.000005 -0.000006 0.000048
 25   4.941364 1.997338 1.629330 0.000018 -0.000001 -0.000024
 26   4.941382 1.997366 -1.629410 -0.000001 0.000005 -0.000024
 27   3.129312 1.748175 1.553565 -0.126612 0.206544 -1.114466
 28   3.131742 1.747781 -1.540206 0.126603 -0.206587 -1.114442
 29   8.824059 0.150544 0.091743 0.000006 -0.000231 -0.174534
 30   2.111085 -0.561179 1.784320 -0.000008 -0.000682 0.000024
 31   2.121290 -0.561289 -1.853599 0.000000 0.000000 -0.000002
 32   -0.810489 -0.093824 3.127092 0.564080 -3.064347 -0.563586
 33   14.298673 -0.408176 0.475484 -0.006392 -0.009799 -0.413535
 34   15.835795 0.581398 0.242756 -0.007436 -0.212263 -0.117847
 35   -0.815868 -0.091229 -3.114430 -0.120039 3.021422 -0.057357
 36   14.294526 -0.410349 -0.463635 0.001663 0.012787 -0.721549
 37   15.834409 0.579420 -0.284600 -0.182270 -0.002314 0.569929
 38   1.139685 -3.453749 -2.823813 0.000000 0.000000 0.000001
 39   -4.457742 -1.054854 -0.746180 0.000000 0.000000 0.000000
 40   1.118101 -3.449769 3.237290 0.000000 0.000001 0.000000
 41   -4.433840 -1.059130 0.959566 -0.000001 0.000000 0.000000
 42   -0.657468 1.697302 -2.688614 0.000000 0.000002 0.000000
 43   -0.664068 1.698578 2.869377 0.000000 0.000002 0.000000
time 99
  0   -0.010486 -0.546892 -0.601210 0.000000 0.000000 -1.571449
  1   -1.093036 0.000002 -0.326057 -0.214108 -1.569036 -1.356583
  2   2.262337 0.113614 0.064702 -0.056378 -0.133592 0.330973
  3   2.380047 0.353302 0.047440 -0.088026 -0.039266 0.361280
  4   2.033756 0.190472 -0.000128 -0.139067 -0.041071 0.041260
  5   2.451511 0.204909 -0.003447 -0.347301 -0.028962 0.075671
  6   7.247600 -0.397300 -0.109469 0.000001 0.000021 0.156829
  7   -2.022252 -0.104661 3.136172 0.432038 -1.316893 -3.747909
  8   1.168026 -0.537438 -0.063437 -0.108355 0.737171 -0.167893
  9   6.790376 -0.619176 0.015206 0.042007 0.070526 -1.022133
 10   8.637599 0.544015 -0.090417 -3.827567 0.205691 0.166850
 11   6.790465 -0.619039 0.017802 0.037613 0.034085 -0.730885
 12   -2.022474 -0.104699 -2.873818 -2.234074 1.500041 -5.471388
 13   1.167898 -0.537463 0.063297 -0.047379 -1.077991 -0.779113
 14   7.002743 -0.617765 -0.183752 0.027899 -0.197190 -1.717021
 15   8.209042 0.615527 -0.255885 2.524314 0.094436 0.791220
 16   7.002735 -0.617911 -0.183641 -0.003120 -0.137719 -1.216329
 17   1.574674 0.609930 -0.000899 0.488863 -0.161637 0.632026
 18   -0.602177 0.511412 -0.000006 0.000000 0.000000 0.000000
 19   3.673773 0.177020 1.119313 -0.000002 -0.000014 -0.174510
 20   3.673767 0.176993 -1.117566 0.000007 -0.000003 -0.174546
 21   3.700162 1.330634 1.627658 0.006354 -0.200741 0.411837
 22   -0.351532 -0.011889 0.371985 -0.000011 0.000031 0.000025
 23   3.692366 1.330659 -1.631083 -0.006333 0.200780 0.411810
 24   -0.347716 -0.019685 -0.379788 -0.000005 -0.000006 0.000048
 25   4.941364 1.997338 1.629330 0.000018 -0.000001 -0.000024
 26   4.941382 1.997366 -1.629410 -0.000001 0.000005 -0.000024
 27   3.031653 1.689579 1.522314 -0.043955 0.137309 -0.635381
 28   3.034083 1.693092 -1.520674 0.043934 -0.137340 -0.635435
 29   8.824059 0.150544 0.091743 0.000006 -0.000231 -0.174534
 30   2.111085 -0.561179 1.784320 -0.000008 -0.000682 0.000024
 31   2.121290 -0.561289 -1.853599 0.000000 0.000000 -0.000002
 32   -0.810489 -0.093824 3.127092 0.564080 -3.064347 -0.563586
 33   14.298673 -0.408176 0.475484 -0.006392 -0.009799 -0.413535
 34   15.835795 0.581398 0.242756 -0.007436 -0.212263 -0.117847
 35   -0.815868 -0.091229 -3.114430 -0.120039 3.021422 -0.057357
 36   14.294526 -0.410349 -0.463635 0.001663 0.012787 -0.721549
 37   15.834409 0.579420 -0.284600 -0.182270 -0.002314 0.569929
 38   1.139685 -3.453749 -2.823813 0.000000 0.000000 0.000001
 39   -4.457742 -1.054854 -0.746180 0.000000 0.000000 0.000000
 40   1.118101 -3.449769 3.237290 0.000000 0.000001 0.000000
 41   -4.433840 -1.059130 0.959566 -0.000001 0.000000 0.000000
 42   -0.657468 1.697302 -2.688614 0.000000 0.000002 0.000000
 43   -0.664068 1.698578 2.869377 0.000000 0.000002 0.000000
time 100
  0   -0.010486 -0.546892 -0.601210 0.000000 0.000000 -1.571449
  1   -1.093036 0.000002 -0.326057 -0.214108 -1.569036 -1.356583
  2   2.262337 0.113614 0.064702 -0.056046 -0.123309 0.329419
  3   2.380047 0.353302 0.047440 -0.086451 -0.032386 0.361137
  4   2.033756 0.190472 -0.000128 -0.138219 -0.033940 0.042058
  5   2.451511 0.204909 -0.003447 -0.347592 -0.003700 0.069653
  6   7.247600 -0.397300 -0.109469 0.000001 0.000021 0.156829
  7   -2.022252 -0.104661 3.136172 0.414688 -1.317210 -3.735513
  8   1.168026 -0.537438 -0.063437 -0.178533 0.756039 -0.235455
  9   6.790376 -0.619176 0.015206 0.042118 0.070260 -1.017001
 10   8.637599 0.544015 -0.090417 -3.792429 0.224837 0.167863
 11   6.790465 -0.619039 0.017802 0.037555 0.033943 -0.727194
 12   -2.022474 -0.104699 -2.873818 -2.087298 1.483410 -5.320117
 13   1.167898 -0.537463 0.063297 0.000773 -1.059582 -0.780384
 14   7.002743 -0.617765 -0.183752 0.030176 -0.197360 -1.746063
 15   8.209042 0.615527 -0.255885 2.539413 0.092847 0.839570
 16   7.002735 -0.617911 -0.183641 -0.002226 -0.138283 -1.236585
 17   1.574674 0.609930 -0.000899 0.455961 -0.213301 0.639159
 18   -0.602177 0.511412 -0.000006 0.000000 0.000000 0.000000
 19   3.673773 0.177020 1.119313 -0.000002 -0.000014 -0.174510
 20   3.673767 0.176993 -1.117566 0.000007 -0.000003 -0.174546
 21   3.868136 1.330634 1.627658 0.009853 -0.053762 0.110915
 22   -0.273405 -0.011889 0.477457 -0.000011 0.000031 0.000025
 23   3.868153 1.330659 -1.631083 -0.009844 0.053789 0.110864
 24   -0.265682 -0.011872 -0.485260 -0.000005 -0.000006 0.000048
 25   4.941364 1.997338 1.629330 0.000018 -0.000001 -0.000024
 26   4.941382 1.997366 -1.629410 -0.000001 0.000005 -0.000024
 27   2.937900 1.634890 1.514501 -0.002859 0.038544 -0.166880
 28   2.940330 1.634496 -1.501142 0.002850 -0.038575 -0.166933
 29   8.824059 0.150544 0.091743 0.000006 -0.000231 -0.174534
 30   2.111085 -0.561179 1.784320 -0.000008 -0.000682 0.000024
 31   2.121290 -0.561289 -1.853599 0.000000 0.000000 -0.000002
 32   -0.810489 -0.093824 3.127092 0.564080 -3.064347 -0.563586
 33   14.298673 -0.408176 0.475484 -0.006392 -0.009799 -0.413535
 34   15.835795 0.581398 0.242756 -0.007436 -0.212263 -0.117847
 35   -0.815868 -0.091229 -3.114430 -0.120039 3.021422 -0.057357
 36   14.294526 -0.410349 -0.463635 0.001663 0.012787 -0.721549
 37   15.834409 0.579420 -0.284600 -0.182270 -0.002314 0.569929
 38   1.139685 -3.453749 -2.823813 0.000000 0.000000 0.000001
 39   -4.457742 -1.054854 -0.746180 0.000000 0.000000 0.000000
 40   1.118101 -3.449769 3.237290 0.000000 0.000001 0.000000
 41   -4.433840 -1.059130 0.959566 -0.000001 0.000000 0.000000
 42   -0.657468 1.697302 -2.688614 0.000000 0.000002 0.000000
 43   -0.664068 1.698578 2.869377 0.000000 0.000002 0.000000
time 101
  0   -0.010486 -0.546892 -0.601210 0.000000 0.000000 -1.571449
  1   -1.093036 0.000002 -0.326057 -0.214108 -1.569036 -1.356583
  2   2.262337 0.113614 0.064702 -0.055677 -0.113949 0.328118
  3   2.380047 0.353302 0.047440 -0.084996 -0.026214 0.361076
  4   2.033756 0.190472 -0.000128 -0.137610 -0.027481 0.043073
  5   2.451511 0.204909 -0.003447 -0.348037 0.019095 0.064081
  6   7.247600 -0.397300 -0.109469 0.000001 0.000021 0.156829
  7   -2.022252 -0.104661 3.136172 0.408170 -1.316230 -3.734386
  8   1.168026 -0.537438 -0.063437 -0.268518 0.786328 -0.304156
  9   6.790376 -0.619176 0.015206 0.042118 0.070260 -1.017454
 10   8.637599 0.544015 -0.090417 -3.747252 0.233073 0.171697
 11   6.790465 -0.619039 0.017802 0.037555 0.033943 -0.727655
 12   -2.022474 -0.104699 -2.873818 -1.995515 1.474006 -5.220068
 13   1.167898 -0.537463 0.063297 0.049768 -1.072906 -0.793823
 14   7.002743 -0.617765 -0.183752 0.030404 -0.197474 -1.748703
 15   8.209042 0.615527 -0.255885 2.461902 0.151559 0.827783
 16   7.002735 -0.617911 -0.183641 -0.002132 -0.138396 -1.238406
 17   1.574674 0.609930 -0.000899 0.425496 -0.259736 0.647032
 18   -0.602177 0.511412 -0.000006 0.000000 0.000000 0.000000
 19   3.673773 0.177020 1.119313 -0.000002 -0.000014 -0.174510
 20   3.673767 0.176993 -1.117566 0.000007 -0.000003 -0.174546
 21   3.942357 1.330634 1.627658 0.000002 -0.000011 -0.000026
 22   -0.246060 -0.011889 0.516521 -0.000011 0.000031 0.000025
 23   3.942374 1.330659 -1.631083 0.000019 0.000002 -0.000024
 24   -0.246150 -0.011872 -0.516511 -0.000005 -0.000006 0.000048
 25   4.941364 1.997338 1.629330 0.000018 -0.000001 -0.000024
 26   4.941382 1.997366 -1.629410 -0.000001 0.000005 -0.000024
 27   2.918368 1.615358 1.514501 -0.000019 -0.000022 -0.000050
 28   2.920798 1.614964 -1.501142 -0.000002 -0.000009 -0.000024
 29   8.824059 0.150544 0.091743 0.000006 -0.000231 -0.174534
 30   2.111085 -0.561179 1.784320 -0.000008 -0.000682 0.000024
 31   2.121290 -0.561289 -1.853599 0.000000 0.000000 -0.000002
 32   -0.810489 -0.093824 3.127092 0.564080 -3.064347 -0.563586
 33   14.298673 -0.408176 0.475484 -0.006392 -0.009799 -0.413535
 34   15.835795 0.581398 0.242756 -0.007436 -0.212263 -0.117847
 35   -0.815868 -0.091229 -3.114430 -0.120039 3.021422 -0.057357
 36   14.294526 -0.410349 -0.463635 0.001663 0.012787 -0.721549
 37   15.834409 0.579420 -0.284600 -0.182270 -0.002314 0.569929
 38   1.139685 -3.453749 -2.823813 0.000000 0.000000 0.000001
 39   -4.457742 -1.054854 -0.746180 0.000000 0.000000 0.000000
 40   1.118101 -3.449769 3.237290 0.000000 0.000001 0.000000
 41   -4.433840 -1.059130 0.959566 -0.000001 0.000000 0.000000
 42   -0.657468 1.697302 -2.688614 0.000000 0.000002 0.000000
 43   -0.664068 1.698578 2.869377 0.000000 0.000002 0.000000
time 102
  0   -0.010486 -0.546892 -0.601210 0.000000 0.000000 -1.571449
  1   -1.093036 0.000002 -0.326057 -0.214108 -1.569036 -1.356583
  2   2.262337 0.113614 0.064702 -0.055550 -0.105895 0.326926
  3   2.380047 0.353302 0.047440 -0.083556 -0.020953 0.361015
  4   2.033756 0.190472 -0.000128 -0.137057 -0.021812 0.043363
  5   2.451511 0.204909 -0.003447 -0.348482 0.038822 0.059425
  6   7.247600 -0.397300 -0.109469 0.000001 0.000021 0.156829
  7   -2.022252 -0.104661 3.136172 0.404144 -1.314875 -3.735795
  8   1.168026 -0.537438 -0.063437 -0.370716 0.820542 -0.375830
  9   6.790376 -0.619176 0.015206 0.042007 0.070526 -1.023265
 10   8.637599 0.544015 -0.090417 -3.699344 0.233495 0.185153
 11   6.790465 -0.619039 0.017802 0.037613 0.034085 -0.731750
 12   -2.022474 -0.104699 -2.873818 -1.931899 1.470262 -5.146634
 13   1.167898 -0.537463 0.063297 0.081541 -1.071889 -0.810228
 14   7.002743 -0.617765 -0.183752 0.029891 -0.197360 -1.742185
 15   8.209042 0.615527 -0.255885 2.367637 0.232212 0.756821
 16   7.002735 -0.617911 -0.183641 -0.002367 -0.138283 -1.233880
 17   1.574674 0.609930 -0.000899 0.399337 -0.299331 0.654646
 18   -0.602177 0.511412 -0.000006 0.000000 0.000000 0.000000
 19   3.673773 0.177020 1.119313 -0.000002 -0.000014 -0.174510
 20   3.673767 0.176993 -1.117566 0.000007 -0.000003 -0.174546
 21   3.942357 1.330634 1.627658 0.000002 -0.000011 -0.000026
 22   -0.246060 -0.011889 0.516521 -0.000011 0.000031 0.000025
 23   3.942374 1.330659 -1.631083 0.000019 0.000002 -0.000024
 24   -0.246150 -0.011872 -0.516511 -0.000005 -0.000006 0.000048
 25   4.941364 1.997338 1.629330 0.000018 -0.000001 -0.000024
 26   4.941382 1.997366 -1.629410 -0.000001 0.000005 -0.000024
 27   2.918368 1.615358 1.514501 -0.000019 -0.000022 -0.000050
 28   2.920798 1.614964 -1.501142 -0.000002 -0.000009 -0.000024
 29   8.824059 0.150544 0.091743 0.000006 -0.000231 -0.174534
 30   2.111085 -0.561179 1.784320 -0.000008 -0.000682 0.000024
 31   2.121290 -0.561289 -1.853599 0.000000 0.000000 -0.000002
 32   -0.810489 -0.093824 3.127092 0.564080 -3.064347 -0.563586
 33   14.298673 -0.408176 0.475484 -0.006392 -0.009799 -0.413535
 34   15.835795 0.581398 0.242756 -0.007436 -0.212263 -0.117847
 35   -0.815868 -0.091229 -3.114430 -0.120039 3.021422 -0.057357
 36   14.294526 -0.410349 -0.463635 0.001663 0.012787 -0.721549
 37   15.834409 0.579420 -0.284600 -0.182270 -0.002314 0.569929
 38   1.139685 -3.453749 -2.823813 0.000000 0.000000 0.000001
 39   -4.457742 -1.054854 -0.746180 0.000000 0.000000 0.000000
 40   1.118101 -3.449769 3.237290 0.000000 0.000001 0.000000
 41   -4.433840 -1.059130 0.959566 -0.000001 0.000000 0.000000
 42   -0.657468 1.697302 -2.688614 0.000000 0.000002 0.000000
 43   -0.664068 1.698578 2.869377 0.000000 0.000002 0.000000
time 103
  0   -0.010486 -0.546892 -0.601210 0.000000 0.000000 -1.571449
  1   -1.093036 0.000002 -0.326057 -0.214108 -1.569036 -1.356583
  2   2.262337 0.113614 0.064702 -0.054976 -0.099447 0.325932
  3   2.380047 0.353302 0.047440 -0.082131 -0.016783 0.360933
  4   2.033756 0.190472 -0.000128 -0.136688 -0.017342 0.043073
  5   2.451511 0.204909 -0.003447 -0.348619 0.054763 0.055512
  6   7.247600 -0.397300 -0.109469 0.000001 0.000021 0.156829
  7   -2.022252 -0.104661 3.136172 0.407499 -1.313520 -3.743589
  8   1.168026 -0.537438 -0.063437 -0.475065 0.852441 -0.448706
  9   6.790376 -0.619176 0.015206 0.041785 0.070994 -1.033755
 10   8.637599 0.544015 -0.090417 -3.654871 0.229131 0.209678
 11   6.790465 -0.619039 0.017802 0.037672 0.034398 -0.739017
 12   -2.022474 -0.104699 -2.873818 -1.887444 1.471017 -5.091774
 13   1.167898 -0.537463 0.063297 0.080908 -1.030952 -0.820216
 14   7.002743 -0.617765 -0.183752 0.029379 -0.197304 -1.736080
 15   8.209042 0.615527 -0.255885 2.300264 0.320809 0.630352
 16   7.002735 -0.617911 -0.183641 -0.002555 -0.138114 -1.229741
 17   1.574674 0.609930 -0.000899 0.378295 -0.331304 0.661077
 18   -0.602177 0.511412 -0.000006 0.000000 0.000000 0.000000
 19   3.673773 0.177020 1.119313 -0.000002 -0.000014 -0.174510
 20   3.673767 0.176993 -1.117566 0.000007 -0.000003 -0.174546
 21   3.942357 1.330634 1.627658 0.000002 -0.000011 -0.000026
 22   -0.246060 -0.011889 0.516521 -0.000011 0.000031 0.000025
 23   3.942374 1.330659 -1.631083 0.000019 0.000002 -0.000024
 24   -0.246150 -0.011872 -0.516511 -0.000005 -0.000006 0.000048
 25   4.941364 1.997338 1.629330 0.000018 -0.000001 -0.000024
 26   4.941382 1.997366 -1.629410 -0.000001 0.000005 -0.000024
 27   2.918368 1.615358 1.514501 -0.000019 -0.000022 -0.000050
 28   2.920798 1.614964 -1.501142 -0.000002 -0.000009 -0.000024
 29   8.824059 0.150544 0.091743 0.000006 -0.000231 -0.174534
 30   2.111085 -0.561179 1.784320 -0.000008 -0.000682 0.000024
 31   2.121290 -0.561289 -1.853599 0.000000 0.000000 -0.000002
 32   -0.810489 -0.093824 3.127092 0.564080 -3.064347 -0.563586
 33   14.298673 -0.408176 0.475484 -0.006392 -0.009799 -0.413535
 34   15.835795 0.581398 0.242756 -0.007436 -0.212263 -0.117847
 35   -0.815868 -0.091229 -3.114430 -0.120039 3.021422 -0.057357
 36   14.294526 -0.410349 -0.463635 0.001663 0.012787 -0.721549
 37   15.834409 0.579420 -0.284600 -0.182270 -0.002314 0.569929
 38   1.139685 -3.453749 -2.823813 0.000000 0.000000 0.000001
 39   -4.457742 -1.054854 -0.746180 0.000000 0.000000 0.000000
 40   1.118101 -3.449769 3.237290 0.000000 0.000001 0.000000
 41   -4.433840 -1.059130 0.959566 -0.000001 0.000000 0.000000
 42   -0.657468 1.697302 -2.688614 0.000000 0.000002 0.000000
 43   -0.664068 1.698578 2.869377 0.000000 0.000002 0.000000
time 104
  0   -0.010486 -0.546892 -0.601210 0.000000 0.000000 -1.571449
  1   -1.093036 0.000002 -0.326057 -0.214108 -1.569036 -1.356583
  2   2.262337 0.113614 0.064702 -0.054174 -0.094821 0.325516
  3   2.380047 0.353302 0.047440 -0.080960 -0.013702 0.360831
  4   2.033756 0.190472 -0.000128 -0.136356 -0.014034 0.042855
  5   2.451511 0.204909 -0.003447 -0.348482 0.066383 0.052664
  6   7.247600 -0.397300 -0.109469 0.000001 0.000021 0.156829
  7   -2.022252 -0.104661 3.136172 0.413346 -1.312685 -3.752887
  8   1.168026 -0.537438 -0.063437 -0.566632 0.876441 -0.515066
  9   6.790376 -0.619176 0.015206 0.041674 0.071461 -1.044773
 10   8.637599 0.544015 -0.090417 -3.618941 0.222796 0.239122
 11   6.790465 -0.619039 0.017802 0.037672 0.034625 -0.746688
 12   -2.022474 -0.104699 -2.873818 -1.847972 1.472381 -5.043616
 13   1.167898 -0.537463 0.063297 0.061366 -0.970946 -0.825180
 14   7.002743 -0.617765 -0.183752 0.028923 -0.197304 -1.731047
 15   8.209042 0.615527 -0.255885 2.255253 0.393745 0.504665
 16   7.002735 -0.617911 -0.183641 -0.002696 -0.138001 -1.226098
 17   1.574674 0.609930 -0.000899 0.362210 -0.354451 0.666326
 18   -0.602177 0.511412 -0.000006 0.000000 0.000000 0.000000
 19   3.673773 0.177020 1.119313 -0.000002 -0.000014 -0.174510
 20   3.673767 0.176993 -1.117566 0.000007 -0.000003 -0.174546
 21   3.942357 1.330634 1.627658 0.000002 -0.000011 -0.000026
 22   -0.246060 -0.011889 0.516521 -0.000011 0.000031 0.000025
 23   3.942374 1.330659 -1.631083 0.000019 0.000002 -0.000024
 24   -0.246150 -0.011872 -0.516511 -0.000005 -0.000006 0.000048
 25   4.941364 1.997338 1.629330 0.000018 -0.000001 -0.000024
 26   4.941382 1.997366 -1.629410 -0.000001 0.000005 -0.000024
 27   2.918368 1.615358 1.514501 -0.000019 -0.000022 -0.000050
 28   2.920798 1.614964 -1.501142 -0.000002 -0.000009 -0.000024
 29   8.824059 0.150544 0.091743 0.000006 -0.000231 -0.174534
 30   2.111085 -0.561179 1.784320 -0.000008 -0.000682 0.000024
 31   2.121290 -0.561289 -1.853599 0.000000 0.000000 -0.000002
 32   -0.810489 -0.093824 3.127092 0.564080 -3.064347 -0.563586
 33   14.298673 -0.408176 0.475484 -0.006392 -0.009799 -0.413535
 34   15.835795 0.581398 0.242756 -0.007436 -0.212263 -0.117847
 35   -0.815868 -0.091229 -3.114430 -0.120039 3.021422 -0.057357
 36   14.294526 -0.410349 -0.463635 0.001663 0.012787 -0.721549
 37   15.834409 0.579420 -0.284600 -0.182270 -0.002314 0.569929
 38   1.139685 -3.453749 -2.823813 0.000000 0.000000 0.000001
 39   -4.457742 -1.054854 -0.746180 0.000000 0.000000 0.000000
 40   1.118101 -3.449769 3.237290 0.000000 0.000001 0.000000
 41   -4.433840 -1.059130 0.959566 -0.000001 0.000000 0.000000
 42   -0.657468 1.697302 -2.688614 0.000000 0.000002 0.000000
 43   -0.664068 1.698578 2.869377 0.000000 0.000002 0.000000
time 105
  0   -0.010486 -0.546892 -0.601210 0.000000 0.000000 -1.571449
  1   -1.093036 0.000002 -0.326057 -0.214108 -1.569036 -1.356583
  2   2.262337 0.113614 0.064702 -0.053690 -0.092041 0.325390
  3   2.380047 0.353302 0.047440 -0.080435 -0.011869 0.360831
  4   2.033756 0.190472 -0.000128 -0.136190 -0.011996 0.042710
  5   2.451511 0.204909 -0.003447 -0.348294 0.073472 0.051079
  6   7.247600 -0.397300 -0.109469 0.000001 0.000021 0.156829
  7   -2.022252 -0.104661 3.136172 0.418235 -1.311906 -3.760682
  8   1.168026 -0.537438 -0.063437 -0.630039 0.887762 -0.561183
  9   6.790376 -0.619176 0.015206 0.041452 0.071594 -1.049075
 10   8.637599 0.544015 -0.090417 -3.597189 0.219417 0.260319
 11   6.790465 -0.619039 0.017802 0.037672 0.034796 -0.749744
 12   -2.022474 -0.104699 -2.873818 -1.824403 1.474935 -5.013554
 13   1.167898 -0.537463 0.063297 0.041543 -0.920042 -0.828570
 14   7.002743 -0.617765 -0.183752 0.028753 -0.197304 -1.727499
 15   8.209042 0.615527 -0.255885 2.229728 0.434904 0.438815
 16   7.002735 -0.617911 -0.183641 -0.002791 -0.137888 -1.223614
 17   1.574674 0.609930 -0.000899 0.352502 -0.368532 0.669652
 18   -0.602177 0.511412 -0.000006 0.000000 0.000000 0.000000
 19   3.673773 0.177020 1.119313 -0.000002 -0.000014 -0.174510
 20   3.673767 0.176993 -1.117566 0.000007 -0.000003 -0.174546
 21   3.942357 1.330634 1.627658 0.000002 -0.000011 -0.000026
 22   -0.246060 -0.011889 0.516521 -0.000011 0.000031 0.000025
 23   3.942374 1.330659 -1.631083 0.000019 0.000002 -0.000024
 24   -0.246150 -0.011872 -0.516511 -0.000005 -0.000006 0.000048
 25   4.941364 1.997338 1.629330 0.000018 -0.000001 -0.000024
 26   4.941382 1.997366 -1.629410 -0.000001 0.000005 -0.000024
 27   2.918368 1.615358 1.514501 -0.000019 -0.000022 -0.000050
 28   2.920798 1.614964 -1.501142 -0.000002 -0.000009 -0.000024
 29   8.824059 0.150544 0.091743 0.000006 -0.000231 -0.174534
 30   2.111085 -0.561179 1.784320 -0.000008 -0.000682 0.000024
 31   2.121290 -0.561289 -1.853599 0.000000 0.000000 -0.000002
 32   -0.810489 -0.093824 3.127092 0.564080 -3.064347 -0.563586
 33   14.298673 -0.408176 0.475484 -0.006392 -0.009799 -0.413535
 34   15.835795 0.581398 0.242756 -0.007436 -0.212263 -0.117847
 35   -0.815868 -0.091229 -3.114430 -0.120039 3.021422 -0.057357
 36   14.294526 -0.410349 -0.463635 0.001663 0.012787 -0.721549
 37   15.834409 0.579420 -0.284600 -0.182270 -0.002314 0.569929
 38   1.139685 -3.453749 -2.823813 0.000000 0.000000 0.000001
 39   -4.457742 -1.054854 -0.746180 0.000000 0.000000 0.000000
 40   1.118101 -3.449769 3.237290 0.000000 0.000001 0.000000
 41   -4.433840 -1.059130 0.959566 -0.000001 0.000000 0.000000
 42   -0.657468 1.697302 -2.688614 0.000000 0.000002 0.000000
 43   -0.664068 1.698578 2.869377 0.000000 0.000002 0.000000
time 106
  0   -0.010486 -0.546892 -0.601210 0.000000 0.000000 -1.571449
  1   -1.093036 0.000002 -0.326057 -0.214108 -1.569036 -1.356583
  2   2.262337 0.113614 0.064702 -0.053690 -0.092041 0.325390
  3   2.380047 0.353302 0.047440 -0.080330 -0.011246 0.360790
  4   2.033756 0.190472 -0.000128 -0.136190 -0.011996 0.042710
  5   2.451511 0.204909 -0.003447 -0.348174 0.075861 0.050658
  6   7.247600 -0.397300 -0.109469 0.000001 0.000021 0.156829
  7   -2.022252 -0.104661 3.136172 0.418235 -1.311906 -3.760682
  8   1.168026 -0.537438 -0.063437 -0.652377 0.889875 -0.576745
  9   6.790376 -0.619176 0.015206 0.041452 0.071594 -1.049075
 10   8.637599 0.544015 -0.090417 -3.590496 0.218995 0.267264
 11   6.790465 -0.619039 0.017802 0.037672 0.034796 -0.749744
 12   -2.022474 -0.104699 -2.873818 -1.824116 1.474732 -5.011352
 13   1.167898 -0.537463 0.063297 0.034725 -0.899090 -0.830265
 14   7.002743 -0.617765 -0.183752 0.028696 -0.197360 -1.727004
 15   8.209042 0.615527 -0.255885 2.221099 0.448447 0.419451
 16   7.002735 -0.617911 -0.183641 -0.002791 -0.138001 -1.223283
 17   1.574674 0.609930 -0.000899 0.349252 -0.373077 0.669578
 18   -0.602177 0.511412 -0.000006 0.000000 0.000000 0.000000
 19   3.673773 0.177020 1.119313 -0.000002 -0.000014 -0.174510
 20   3.673767 0.176993 -1.117566 0.000007 -0.000003 -0.174546
 21   3.942357 1.330634 1.627658 0.000002 -0.000011 -0.000026
 22   -0.246060 -0.011889 0.516521 -0.000011 0.000031 0.000025
 23   3.942374 1.330659 -1.631083 0.000019 0.000002 -0.000024
 24   -0.246150 -0.011872 -0.516511 -0.000005 -0.000006 0.000048
 25   4.941364 1.997338 1.629330 0.000018 -0.000001 -0.000024
 26   4.941382 1.997366 -1.629410 -0.000001 0.000005 -0.000024
 27   2.918368 1.615358 1.514501 -0.000019 -0.000022 -0.000050
 28   2.920798 1.614964 -1.501142 -0.000002 -0.000009 -0.000024
 29   8.824059 0.150544 0.091743 0.000006 -0.000231 -0.174534
 30   2.111085 -0.561179 1.784320 -0.000008 -0.000682 0.000024
 31   2.121290 -0.561289 -1.853599 0.000000 0.000000 -0.000002
 32   -0.810489 -0.093824 3.127092 0.564080 -3.064347 -0.563586
 33   14.298673 -0.408176 0.475484 -0.006392 -0.009799 -0.413535
 34   15.835795 0.581398 0.242756 -0.007436 -0.212263 -0.117847
 35   -0.815868 -0.091229 -3.114430 -0.120039 3.021422 -0.057357
 36   14.294526 -0.410349 -0.463635 0.001663 0.012787 -0.721549
 37   15.834409 0.579420 -0.284600 -0.182270 -0.002314 0.569929
 38   1.139685 -3.453749 -2.823813 0.000000 0.000000 0.000001
 39   -4.457742 -1.054854 -0.746180 0.000000 0.000000 0.000000
 40   1.118101 -3.449769 3.237290 0.000000 0.000001 0.000000
 41   -4.433840 -1.059130 0.959566 -0.000001 0.000000 0.000000
 42   -0.657468 1.697302 -2.688614 0.000000 0.000002 0.000000
 43   -0.664068 1.698578 2.869377 0.000000 0.000002 0.000000
end
