version 1
nodes
  0 "Bip01" -1
  1 "Bip01 Pelvis" 0
  2 "Bip01 Spine" 1
  3 "Bip01 Spine1" 2
  4 "Bip01 Spine2" 3
  5 "Bip01 Spine3" 4
  6 "Bip01 Neck" 5
  7 "Bip01 L Arm" 6
  8 "Bip01 L Arm1" 7
  9 "Bip01 L Arm2" 8
 10 "Bip01 L Hand" 9
 11 "Bip06 L elbow2-smooth" 8
 12 "Bip01 R Arm" 6
 13 "Bip01 R Arm1" 12
 14 "Bip01 R Arm2" 13
 15 "Bip01 R Hand" 14
 16 "Bip06 R elbow2-smooth" 13
 17 "Bip01 Head" 6
 18 "Bip06 Head_helper" 17
 19 "Bip06 Head_eyes_l" 18
 20 "Bip06 Head_eyes_r" 18
 21 "Bip06 Head_blink_l" 18
 22 "Bip06 Head_blink_smooth_l1" 21
 23 "Bip06 Head_blink_r" 18
 24 "Bip06 Head_blink_smooth_r1" 23
 25 "Bip06 Head_L_eyebrow" 18
 26 "Bip06 Head_R_eyebrow" 18
 27 "Bip06 Head_blink_l_lid" 18
 28 "Bip06 Head_blink_r_lid" 18
 29 "Bip06 bunny" 18
 30 "Bip06 bunnyL" 29
 31 "Bip06 bunnyR" 29
 32 "Bip01 L Leg" 1
 33 "Bip01 L Leg1" 32
 34 "Bip01 L Foot" 33
 35 "Bip01 R Leg" 1
 36 "Bip01 R Leg1" 35
 37 "Bip01 R Foot" 36
 38 "Bip03 HairR1" 17
 39 "Bip03 HairR2" 38
 40 "Bip03 HairL1" 17
 41 "Bip03 HairL2" 40
 42 "Bip03 swingR" 17
 43 "Bip03 swingL" 17
end
skeleton
time 0
  0   -0.233149 0.695334 2.801238 0.000000 0.000000 -1.571069
  1   -1.093036 0.000002 -0.326057 -1.570757 -0.260253 0.001377
  2   2.262337 0.113614 0.064702 -0.000090 0.007084 -0.016710
  3   2.380047 0.353302 0.047440 0.000480 0.001698 0.357260
  4   2.033756 0.190472 -0.000128 -0.000010 0.000216 -0.139576
  5   2.451511 0.204909 -0.003447 -0.015799 -0.009523 -0.496114
  6   7.247600 -0.397300 -0.109469 0.000001 -0.000003 0.156829
  7   -2.022252 -0.104661 3.136172 0.476996 -1.312483 -3.762560
  8   1.168026 -0.537438 -0.063437 0.508440 -0.910673 -0.605908
  9   6.790376 -0.619176 0.015206 0.578662 -1.128862 -1.350492
 10   8.637599 0.544015 -0.090417 -1.644791 0.213856 -0.507182
 11   6.790465 -0.619039 0.017802 0.107042 -0.864834 -0.704873
 12   -2.022474 -0.104699 -2.873818 -0.469979 1.415262 -3.763845
 13   1.167898 -0.537463 0.063297 0.440673 0.755564 -0.701144
 14   7.002743 -0.617765 -0.183752 -0.587030 0.327444 -1.672798
 15   8.209042 0.615527 -0.255885 1.599642 -0.243838 0.443145
 16   7.002735 -0.617911 -0.183641 -0.344411 0.347332 -1.159922
 17   1.574674 0.609930 -0.000899 -0.036274 -0.033244 -0.724370
 18   -0.602177 0.511412 -0.000006 0.000000 0.000000 0.000000
 19   3.677679 0.177020 1.119313 -0.000002 -0.000014 -0.174510
 20   3.677673 0.176993 -1.117566 0.000007 -0.000003 -0.174546
 21   3.942357 1.330634 1.627658 0.000002 -0.000011 -0.000026
 22   -0.246060 -0.011889 0.516521 -0.000011 0.000031 0.000025
 23   3.942374 1.330659 -1.631083 0.000019 0.000002 -0.000024
 24   -0.246150 -0.011872 -0.516511 -0.000005 -0.000006 0.000048
 25   4.941364 1.997338 1.629330 0.000018 -0.000001 -0.000024
 26   4.941382 1.997366 -1.629410 -0.000001 0.000005 -0.000024
 27   2.918368 1.615358 1.514501 -0.000019 -0.000022 -0.000050
 28   2.920798 1.614964 -1.501142 -0.000002 -0.000009 -0.000024
 29   8.824059 0.150544 0.091743 0.000006 -0.000231 -0.174534
 30   2.111085 -0.561179 1.784320 -0.000008 -0.000682 0.000024
 31   2.121290 -0.561289 -1.853599 0.000000 0.000000 -0.000002
 32   -0.810489 -0.093824 3.127092 -0.284403 -3.109139 0.014913
 33   14.298673 -0.408176 0.475484 -0.000052 -0.000029 -0.583447
 34   15.835795 0.581398 0.242756 0.006067 -0.015984 -0.207331
 35   -0.815868 -0.091229 -3.114430 0.150254 3.111176 0.044362
 36   14.294526 -0.410349 -0.463635 0.000045 0.000048 -0.449495
 37   15.834409 0.579420 -0.284600 -0.172419 -0.019744 -0.226599
 38   1.284221 -3.492813 -2.831626 0.016039 -0.034453 0.572762
 39   -4.449929 -1.054854 -0.746180 0.001762 -0.002073 0.040694
 40   1.137633 -3.691964 3.229477 0.016039 -0.034452 0.572700
 41   -4.437746 -1.059130 0.959566 0.001761 -0.002073 0.040694
 42   -0.657468 1.697302 -2.688614 0.000000 0.000002 0.000000
 43   -0.664068 1.698578 2.869377 0.000000 0.000002 0.000000
time 1
  0   -0.233149 0.695334 2.801238 0.000000 0.000000 -1.571069
  1   -1.093036 0.000002 -0.326057 -1.570757 -0.260253 0.001377
  2   2.262337 0.113614 0.064702 -0.000090 0.007084 -0.016710
  3   2.380047 0.353302 0.047440 0.000480 0.001698 0.357260
  4   2.033756 0.190472 -0.000128 -0.000010 0.000216 -0.139576
  5   2.451511 0.204909 -0.003447 -0.015799 -0.009523 -0.496114
  6   7.247600 -0.397300 -0.109469 0.000001 -0.000003 0.156829
  7   -2.022252 -0.104661 3.136172 0.476996 -1.312483 -3.762560
  8   1.168026 -0.537438 -0.063437 0.508440 -0.910673 -0.605908
  9   6.790376 -0.619176 0.015206 0.578662 -1.128862 -1.350492
 10   8.637599 0.544015 -0.090417 -1.644791 0.213856 -0.507182
 11   6.790465 -0.619039 0.017802 0.107042 -0.864834 -0.704873
 12   -2.022474 -0.104699 -2.873818 -0.469979 1.415262 -3.763845
 13   1.167898 -0.537463 0.063297 0.440673 0.755564 -0.701144
 14   7.002743 -0.617765 -0.183752 -0.587030 0.327444 -1.672798
 15   8.209042 0.615527 -0.255885 1.599642 -0.243838 0.443145
 16   7.002735 -0.617911 -0.183641 -0.344411 0.347332 -1.159922
 17   1.574674 0.609930 -0.000899 -0.036274 -0.033244 -0.724370
 18   -0.602177 0.511412 -0.000006 0.000000 0.000000 0.000000
 19   3.677679 0.177020 1.119313 -0.000002 -0.000014 -0.174510
 20   3.677673 0.176993 -1.117566 0.000007 -0.000003 -0.174546
 21   3.942357 1.330634 1.627658 0.000002 -0.000011 -0.000026
 22   -0.246060 -0.011889 0.516521 -0.000011 0.000031 0.000025
 23   3.942374 1.330659 -1.631083 0.000019 0.000002 -0.000024
 24   -0.246150 -0.011872 -0.516511 -0.000005 -0.000006 0.000048
 25   4.941364 1.997338 1.629330 0.000018 -0.000001 -0.000024
 26   4.941382 1.997366 -1.629410 -0.000001 0.000005 -0.000024
 27   2.918368 1.615358 1.514501 -0.000019 -0.000022 -0.000050
 28   2.920798 1.614964 -1.501142 -0.000002 -0.000009 -0.000024
 29   8.824059 0.150544 0.091743 -0.000083 -0.000184 -0.178075
 30   2.111085 -0.561179 1.784320 -0.000076 -0.000682 -0.001370
 31   2.121290 -0.561289 -1.853599 -0.000092 0.000026 -0.001567
 32   -0.810489 -0.093824 3.127092 -0.284310 -3.109139 0.014913
 33   14.298673 -0.408176 0.475484 -0.000052 -0.000029 -0.583447
 34   15.835795 0.581398 0.242756 0.006067 -0.015984 -0.207331
 35   -0.815868 -0.091229 -3.114430 0.150166 3.111176 0.044362
 36   14.294526 -0.410349 -0.463635 0.000045 0.000048 -0.449495
 37   15.834409 0.579420 -0.284600 -0.172419 -0.019744 -0.226599
 38   1.284221 -3.492813 -2.831626 0.016039 -0.034537 0.574106
 39   -4.449929 -1.054854 -0.746180 0.001810 -0.002145 0.042069
 40   1.137633 -3.691964 3.229477 0.016039 -0.034524 0.574044
 41   -4.437746 -1.059130 0.959566 0.001809 -0.002145 0.042069
 42   -0.657468 1.689489 -2.688614 0.000096 -0.000259 0.004349
 43   -0.664068 1.690765 2.869377 0.000075 -0.000265 0.004349
time 2
  0   -0.233149 0.695334 2.801238 0.000000 0.000000 -1.571069
  1   -1.093036 0.000002 -0.326057 -1.570757 -0.260253 0.001377
  2   2.262337 0.113614 0.064702 -0.000090 0.007084 -0.016710
  3   2.380047 0.353302 0.047440 0.000480 0.001698 0.357260
  4   2.033756 0.190472 -0.000128 -0.000010 0.000216 -0.139576
  5   2.451511 0.204909 -0.003447 -0.015080 -0.009666 -0.536853
  6   7.247600 -0.397300 -0.109469 0.000001 -0.000003 0.156829
  7   -2.022252 -0.104661 3.136172 0.510834 -1.340848 -3.798623
  8   1.168026 -0.537438 -0.063437 0.690371 -0.846472 -0.494380
  9   6.790376 -0.619176 0.015206 0.567455 -1.125258 -1.339700
 10   8.637599 0.544015 -0.090417 -1.624536 0.178872 -0.514344
 11   6.790465 -0.619039 0.017802 0.104502 -0.860826 -0.702739
 12   -2.022474 -0.104699 -2.873818 -0.438171 1.413346 -3.732059
 13   1.167898 -0.537463 0.063297 0.260650 0.720832 -0.620391
 14   7.002743 -0.617765 -0.183752 -0.587144 0.327614 -1.987391
 15   8.209042 0.615527 -0.255885 1.618840 -0.209867 0.454090
 16   7.002735 -0.617911 -0.183641 -0.337256 0.374398 -1.379203
 17   1.574674 0.609930 -0.000899 -0.034162 -0.035871 -0.754050
 18   -0.602177 0.511412 -0.000006 0.000000 0.000000 0.000000
 19   3.673773 0.177020 1.119313 -0.000002 -0.000014 -0.174510
 20   3.677673 0.176993 -1.117566 0.000007 -0.000003 -0.174546
 21   3.942357 1.330634 1.627658 0.000002 -0.000011 -0.000026
 22   -0.246060 -0.011889 0.516521 -0.000011 0.000031 0.000025
 23   3.942374 1.330659 -1.631083 0.000019 0.000002 -0.000024
 24   -0.246150 -0.011872 -0.516511 -0.000005 -0.000006 0.000048
 25   4.941364 1.997338 1.629330 0.000018 -0.000001 -0.000024
 26   4.941382 1.997366 -1.629410 -0.000001 0.000005 -0.000024
 27   2.918368 1.615358 1.514501 -0.000019 -0.000022 -0.000050
 28   2.920798 1.614964 -1.501142 -0.000002 -0.000009 -0.000024
 29   8.824059 0.150544 0.091743 -0.000707 0.000054 -0.188590
 30   2.111085 -0.561179 1.784320 -0.000320 -0.000537 -0.005401
 31   2.121290 -0.561289 -1.853599 -0.000337 0.000155 -0.006134
 32   -0.810489 -0.093824 3.127092 -0.263431 -3.085454 -0.089027
 33   14.298673 -0.408176 0.475484 0.001506 0.000114 -0.745578
 34   15.835795 0.581398 0.242756 0.013496 -0.024940 -0.217078
 35   -0.815868 -0.091229 -3.114430 0.133267 3.099746 -0.028983
 36   14.294526 -0.410349 -0.463635 -0.001525 0.000096 -0.613793
 37   15.834409 0.579420 -0.284600 -0.155810 0.004879 -0.162613
 38   1.284221 -3.492813 -2.831626 0.016060 -0.034790 0.577833
 39   -4.449929 -1.047041 -0.746180 0.001953 -0.002385 0.046051
 40   1.137633 -3.699777 3.229477 0.016060 -0.034777 0.577832
 41   -4.437746 -1.066943 0.959566 0.001952 -0.002385 0.046051
 42   -0.649655 1.658238 -2.688614 0.000372 -0.001041 0.016979
 43   -0.664068 1.659514 2.869377 0.000375 -0.001034 0.016979
time 3
  0   -0.233149 0.695334 2.801238 0.000000 0.000000 -1.571069
  1   -1.093036 0.000002 -0.326057 -1.570757 -0.260253 0.001377
  2   2.262337 0.113614 0.064702 -0.000090 0.007084 -0.016710
  3   2.380047 0.353302 0.047440 0.000480 0.001698 0.357260
  4   2.033756 0.190472 -0.000128 -0.000010 0.000216 -0.139576
  5   2.451511 0.204909 -0.003447 -0.015080 -0.009666 -0.536011
  6   7.247600 -0.397300 -0.109469 0.000001 -0.000003 0.156829
  7   -2.022252 -0.104661 3.136172 0.510067 -1.340300 -3.797965
  8   1.168026 -0.537438 -0.063437 0.627407 -0.793944 -0.339645
  9   6.790376 -0.619176 0.015206 0.534500 -1.113979 -1.308381
 10   8.637599 0.544015 -0.090417 -1.624977 0.179717 -0.514127
 11   6.790465 -0.619039 0.017802 0.097086 -0.848802 -0.696453
 12   -2.022474 -0.104699 -2.873818 -0.438745 1.413375 -3.732634
 13   1.167898 -0.537463 0.063297 0.304233 0.661385 -0.494539
 14   7.002743 -0.617765 -0.183752 -0.554522 0.344820 -1.926502
 15   8.209042 0.615527 -0.255885 1.618697 -0.210548 0.453729
 16   7.002735 -0.617911 -0.183641 -0.310517 0.374398 -1.334110
 17   1.574674 0.609930 -0.000899 -0.034162 -0.035800 -0.753348
 18   -0.602177 0.511412 -0.000006 0.000000 0.000000 0.000000
 19   3.677679 0.177020 1.119313 -0.000002 -0.000014 -0.174510
 20   3.677673 0.176993 -1.117566 0.000007 -0.000003 -0.174546
 21   3.938451 1.330634 1.627658 0.000002 -0.000011 -0.000026
 22   -0.246060 -0.011889 0.516521 -0.000011 0.000031 0.000025
 23   3.942374 1.330659 -1.631083 0.000019 0.000002 -0.000024
 24   -0.246150 -0.011872 -0.516511 -0.000005 -0.000006 0.000048
 25   4.941364 1.997338 1.629330 0.000018 -0.000001 -0.000024
 26   4.941382 1.997366 -1.629410 -0.000001 0.000005 -0.000024
 27   2.918368 1.615358 1.514501 -0.000019 -0.000022 -0.000050
 28   2.920798 1.614964 -1.501142 -0.000002 -0.000009 -0.000024
 29   8.824059 0.150544 0.091743 -0.001866 0.000362 -0.205221
 30   2.111085 -0.568992 1.784320 -0.000672 -0.000304 -0.011812
 31   2.121290 -0.569102 -1.853599 -0.000766 0.000389 -0.013394
 32   -0.810489 -0.093824 3.127092 -0.259889 -3.079628 -0.052938
 33   14.298673 -0.408176 0.475484 0.001470 0.000114 -0.742243
 34   15.835795 0.581398 0.242756 0.013381 -0.024818 -0.216990
 35   -0.815868 -0.091229 -3.114430 0.132563 3.096654 -0.113338
 36   14.294526 -0.410349 -0.463635 -0.001501 0.000096 -0.610549
 37   15.834409 0.579420 -0.284600 -0.155987 0.004674 -0.163627
 38   1.284221 -3.492813 -2.831626 0.016103 -0.035188 0.583820
 39   -4.449929 -1.047041 -0.746180 0.002181 -0.002732 0.052361
 40   1.137633 -3.699777 3.229477 0.016103 -0.035199 0.583758
 41   -4.437746 -1.066943 0.959566 0.002180 -0.002732 0.052361
 42   -0.645749 1.615268 -2.688614 0.000827 -0.002252 0.037053
 43   -0.656255 1.597012 2.865470 0.000825 -0.002258 0.037053
time 4
  0   -0.233149 0.695334 2.801238 0.000000 0.000000 -1.571069
  1   -1.093036 0.000002 -0.326057 -1.570757 -0.260253 0.001377
  2   2.262337 0.113614 0.064702 -0.000090 0.007084 -0.016710
  3   2.380047 0.353302 0.047440 0.000480 0.001698 0.357260
  4   2.033756 0.190472 -0.000128 -0.000010 0.000216 -0.139576
  5   2.451511 0.204909 -0.003447 -0.015166 -0.009653 -0.534748
  6   7.247600 -0.397300 -0.109469 0.000001 -0.000003 0.156829
  7   -2.022252 -0.104661 3.136172 0.509300 -1.339464 -3.796650
  8   1.168026 -0.537438 -0.063437 0.550585 -0.715655 -0.200662
  9   6.790376 -0.619176 0.015206 0.482571 -1.094090 -1.259025
 10   8.637599 0.544015 -0.090417 -1.625769 0.180632 -0.513910
 11   6.790465 -0.619039 0.017802 0.085116 -0.828478 -0.686244
 12   -2.022474 -0.104699 -2.873818 -0.439703 1.413491 -3.733687
 13   1.167898 -0.537463 0.063297 0.369255 0.582308 -0.371472
 14   7.002743 -0.617765 -0.183752 -0.506015 0.357483 -1.820235
 15   8.209042 0.615527 -0.255885 1.617978 -0.211531 0.453428
 16   7.002735 -0.617911 -0.183641 -0.275400 0.365207 -1.259324
 17   1.574674 0.609930 -0.000899 -0.034243 -0.035729 -0.752461
 18   -0.602177 0.511412 -0.000006 0.000000 0.000000 0.000000
 19   3.673773 0.177020 1.119313 -0.000002 -0.000014 -0.174510
 20   3.677673 0.176993 -1.117566 0.000007 -0.000003 -0.174546
 21   3.942357 1.330634 1.627658 0.000002 -0.000011 -0.000026
 22   -0.246060 -0.011889 0.516521 -0.000011 0.000031 0.000025
 23   3.942374 1.330659 -1.631083 0.000019 0.000002 -0.000024
 24   -0.246150 -0.011872 -0.516511 -0.000005 -0.000006 0.000048
 25   4.941364 1.997338 1.629330 0.000018 -0.000001 -0.000024
 26   4.941382 1.997366 -1.629410 -0.000001 0.000005 -0.000024
 27   2.918368 1.623171 1.514501 -0.000019 -0.000022 -0.000050
 28   2.920798 1.614964 -1.501142 -0.000002 -0.000009 -0.000024
 29   8.820152 0.142731 0.091743 -0.003291 0.000861 -0.227324
 30   2.103272 -0.572898 1.784320 -0.001188 -0.000043 -0.020346
 31   2.121290 -0.573008 -1.853599 -0.001333 0.000699 -0.023074
 32   -0.810489 -0.093824 3.127092 -0.260728 -3.080201 0.040357
 33   14.298673 -0.408176 0.475484 0.001422 0.000101 -0.737241
 34   15.835795 0.581398 0.242756 0.013197 -0.024623 -0.216769
 35   -0.815868 -0.091229 -3.114430 0.132563 3.097029 -0.210127
 36   14.294526 -0.410349 -0.463635 -0.001453 0.000108 -0.605528
 37   15.834409 0.579420 -0.284600 -0.156460 0.003983 -0.165858
 38   1.284221 -3.485000 -2.831626 0.016124 -0.035730 0.591701
 39   -4.449929 -1.047041 -0.746180 0.002505 -0.003224 0.060775
 40   1.137633 -3.699777 3.229477 0.016124 -0.035717 0.591700
 41   -4.437746 -1.066943 0.959566 0.002504 -0.003224 0.060775
 42   -0.630123 1.548860 -2.696427 0.001414 -0.003908 0.063777
 43   -0.644536 1.530604 2.861564 0.001412 -0.003921 0.063777
time 5
  0   -0.233149 0.695334 2.801238 0.000000 0.000000 -1.571069
  1   -1.093036 0.000002 -0.326057 -1.570757 -0.260253 0.001377
  2   2.262337 0.113614 0.064702 -0.000090 0.007084 -0.016710
  3   2.380047 0.353302 0.047440 0.000480 0.001698 0.357260
  4   2.033756 0.190472 -0.000128 -0.000010 0.000216 -0.139576
  5   2.451511 0.204909 -0.003447 -0.015183 -0.009653 -0.533485
  6   7.247600 -0.397300 -0.109469 0.000001 -0.000003 0.156829
  7   -2.022252 -0.104661 3.136172 0.508054 -1.338513 -3.795617
  8   1.168026 -0.537438 -0.063437 0.483191 -0.622271 -0.079202
  9   6.790376 -0.619176 0.015206 0.416051 -1.064057 -1.196010
 10   8.637599 0.544015 -0.090417 -1.626209 0.181688 -0.513693
 11   6.790465 -0.619039 0.017802 0.069145 -0.799655 -0.672691
 12   -2.022474 -0.104699 -2.873818 -0.440662 1.413549 -3.734453
 13   1.167898 -0.537463 0.063297 0.430762 0.490366 -0.257969
 14   7.002743 -0.617765 -0.183752 -0.450335 0.363559 -1.696312
 15   8.209042 0.615527 -0.255885 1.617331 -0.212591 0.453188
 16   7.002735 -0.617911 -0.183641 -0.238164 0.350377 -1.173941
 17   1.574674 0.609930 -0.000899 -0.034324 -0.035658 -0.751500
 18   -0.602177 0.511412 -0.000006 0.000000 0.000000 0.000000
 19   3.677679 0.177020 1.119313 -0.000002 -0.000014 -0.174510
 20   3.677673 0.176993 -1.117566 0.000007 -0.000003 -0.174546
 21   3.942357 1.330634 1.627658 0.000002 -0.000011 -0.000026
 22   -0.246060 -0.011889 0.516521 -0.000011 0.000031 0.000025
 23   3.942374 1.330659 -1.631083 0.000019 0.000002 -0.000024
 24   -0.246150 -0.011872 -0.516511 -0.000005 -0.000006 0.000048
 25   4.941364 1.997338 1.629330 0.000018 -0.000001 -0.000024
 26   4.941382 1.997366 -1.629410 -0.000001 0.000005 -0.000024
 27   2.918368 1.615358 1.514501 -0.000019 -0.000022 -0.000050
 28   2.920798 1.614964 -1.501142 -0.000002 -0.000009 -0.000024
 29   8.816246 0.138825 0.091743 -0.004985 0.001407 -0.254362
 30   2.103272 -0.580711 1.784320 -0.001798 0.000306 -0.030767
 31   2.121290 -0.580821 -1.853599 -0.002038 0.001114 -0.034901
 32   -0.810489 -0.093824 3.127092 -0.263058 -3.084116 0.133311
 33   14.298673 -0.408176 0.475484 0.001374 0.000088 -0.732239
 34   15.835795 0.581398 0.242756 0.012990 -0.024330 -0.216416
 35   -0.815868 -0.091229 -3.114430 0.133179 3.099090 -0.283253
 36   14.294526 -0.410349 -0.463635 -0.001418 0.000108 -0.600430
 37   15.834409 0.579420 -0.284600 -0.157189 0.003061 -0.167886
 38   1.284221 -3.485000 -2.831626 0.016166 -0.036381 0.601415
 39   -4.446023 -1.047041 -0.746180 0.002876 -0.003799 0.071012
 40   1.137633 -3.699777 3.229477 0.016166 -0.036380 0.601414
 41   -4.445559 -1.066943 0.959566 0.002875 -0.003799 0.071012
 42   -0.618404 1.466826 -2.700333 0.002133 -0.005932 0.096398
 43   -0.636723 1.436851 2.861564 0.002149 -0.005914 0.096398
time 6
  0   -0.233149 0.695334 2.801238 0.000000 0.000000 -1.571069
  1   -1.093036 0.000002 -0.326057 -1.570757 -0.260253 0.001377
  2   2.262337 0.113614 0.064702 -0.000090 0.007084 -0.016710
  3   2.380047 0.353302 0.047440 0.000480 0.001698 0.357260
  4   2.033756 0.190472 -0.000128 -0.000010 0.000216 -0.139576
  5   2.451511 0.204909 -0.003447 -0.015200 -0.009653 -0.532222
  6   7.247600 -0.397300 -0.109469 0.000001 -0.000003 0.156829
  7   -2.022252 -0.104661 3.136172 0.506712 -1.337619 -3.794115
  8   1.168026 -0.537438 -0.063437 0.428390 -0.518523 0.026127
  9   6.790376 -0.619176 0.015206 0.340765 -1.022478 -1.125146
 10   8.637599 0.544015 -0.090417 -1.627002 0.182814 -0.513476
 11   6.790465 -0.619039 0.017802 0.050168 -0.762105 -0.656542
 12   -2.022474 -0.104699 -2.873818 -0.441715 1.413607 -3.735602
 13   1.167898 -0.537463 0.063297 0.484045 0.388609 -0.155060
 14   7.002743 -0.617765 -0.183752 -0.390897 0.361742 -1.562406
 15   8.209042 0.615527 -0.255885 1.616611 -0.213650 0.452827
 16   7.002735 -0.617911 -0.183641 -0.200928 0.330528 -1.083149
 17   1.574674 0.609930 -0.000899 -0.034324 -0.035587 -0.750575
 18   -0.602177 0.511412 -0.000006 0.000000 0.000000 0.000000
 19   3.673773 0.177020 1.119313 -0.000002 -0.000014 -0.174510
 20   3.673767 0.176993 -1.117566 0.000007 -0.000003 -0.174546
 21   3.938451 1.330634 1.627658 0.000002 -0.000011 -0.000026
 22   -0.246060 -0.011889 0.516521 -0.000011 0.000031 0.000025
 23   3.942374 1.330659 -1.631083 0.000019 0.000002 -0.000024
 24   -0.246150 -0.011872 -0.516511 -0.000005 -0.000006 0.000048
 25   4.941364 1.997338 1.629330 0.000018 -0.000001 -0.000024
 26   4.941382 1.997366 -1.629410 -0.000001 0.000005 -0.000024
 27   2.918368 1.615358 1.514501 -0.000019 -0.000022 -0.000050
 28   2.920798 1.614964 -1.501142 -0.000002 -0.000009 -0.000024
 29   8.804526 0.131012 0.091743 -0.006945 0.002072 -0.285693
 30   2.095459 -0.592430 1.784320 -0.002490 0.000742 -0.042818
 31   2.121290 -0.592540 -1.853599 -0.002850 0.001528 -0.048548
 32   -0.810489 -0.093824 3.127092 -0.264270 -3.086026 0.168717
 33   14.298673 -0.408176 0.475484 0.001326 0.000075 -0.727078
 34   15.835795 0.581398 0.242756 0.012737 -0.024013 -0.216064
 35   -0.815868 -0.091229 -3.114430 0.132651 3.100214 -0.307902
 36   14.294526 -0.410349 -0.463635 -0.001358 0.000108 -0.595100
 37   15.834409 0.579420 -0.284600 -0.157780 0.002166 -0.169914
 38   1.284221 -3.485000 -2.831626 0.016208 -0.037128 0.612718
 39   -4.446023 -1.043135 -0.746180 0.003332 -0.004470 0.082903
 40   1.137633 -3.699777 3.229477 0.016208 -0.037127 0.612717
 41   -4.445559 -1.070849 0.959566 0.003331 -0.004470 0.082903
 42   -0.594966 1.380886 -2.700333 0.002984 -0.008247 0.134120
 43   -0.625004 1.331379 2.849845 0.002999 -0.008252 0.134120
time 7
  0   -0.233149 0.695334 2.801238 0.000000 0.000000 -1.571069
  1   -1.093036 0.000002 -0.326057 -1.570757 -0.260253 0.001377
  2   2.262337 0.113614 0.064702 -0.000090 0.007084 -0.016710
  3   2.380047 0.353302 0.047440 0.000480 0.001698 0.357260
  4   2.033756 0.190472 -0.000128 -0.000010 0.000216 -0.139576
  5   2.451511 0.204909 -0.003447 -0.015234 -0.009640 -0.530835
  6   7.247600 -0.397300 -0.109469 0.000001 -0.000003 0.156829
  7   -2.022252 -0.104661 3.136172 0.505466 -1.336726 -3.792894
  8   1.168026 -0.537438 -0.063437 0.385739 -0.408033 0.118424
  9   6.790376 -0.619176 0.015206 0.262816 -0.968285 -1.052320
 10   8.637599 0.544015 -0.090417 -1.627707 0.184011 -0.513259
 11   6.790465 -0.619039 0.017802 0.028942 -0.715914 -0.638490
 12   -2.022474 -0.104699 -2.873818 -0.442769 1.413694 -3.736655
 13   1.167898 -0.537463 0.063297 0.527557 0.279835 -0.061655
 14   7.002743 -0.617765 -0.183752 -0.330606 0.351463 -1.423302
 15   8.209042 0.615527 -0.255885 1.616108 -0.214785 0.452466
 16   7.002735 -0.617911 -0.183641 -0.165151 0.306394 -0.989873
 17   1.574674 0.609930 -0.000899 -0.034446 -0.035469 -0.749651
 18   -0.602177 0.511412 -0.000006 0.000000 0.000000 0.000000
 19   3.673773 0.177020 1.119313 -0.000002 -0.000014 -0.174510
 20   3.673767 0.176993 -1.117566 0.000007 -0.000003 -0.174546
 21   3.938451 1.330634 1.627658 0.000002 -0.000011 -0.000026
 22   -0.246060 -0.011889 0.516521 -0.000011 0.000031 0.000025
 23   3.942374 1.330659 -1.631083 0.000019 0.000002 -0.000024
 24   -0.246150 -0.011872 -0.516511 -0.000005 -0.000006 0.000048
 25   4.941364 1.997338 1.629330 0.000018 -0.000001 -0.000024
 26   4.941382 1.997366 -1.629410 -0.000001 0.000005 -0.000024
 27   2.918368 1.615358 1.514501 -0.000019 -0.000022 -0.000050
 28   2.920798 1.614964 -1.501142 -0.000002 -0.000009 -0.000024
 29   8.800620 0.119293 0.091743 -0.009084 0.002784 -0.320510
 30   2.091553 -0.600243 1.784320 -0.003262 0.001178 -0.056241
 31   2.121290 -0.600353 -1.853599 -0.003739 0.002020 -0.063759
 32   -0.810489 -0.093824 3.127092 -0.264363 -3.086218 0.131774
 33   14.298673 -0.408176 0.475484 0.001290 0.000075 -0.721679
 34   15.835795 0.581398 0.242756 0.012415 -0.023647 -0.215711
 35   -0.815868 -0.091229 -3.114430 0.133619 3.100027 -0.220754
 36   14.294526 -0.410349 -0.463635 -0.001322 0.000120 -0.589693
 37   15.834409 0.579420 -0.284600 -0.158312 0.001321 -0.171993
 38   1.284221 -3.477187 -2.831626 0.016250 -0.037959 0.625242
 39   -4.446023 -1.043135 -0.746180 0.003799 -0.005225 0.096113
 40   1.137633 -3.703683 3.229477 0.016250 -0.037958 0.625180
 41   -4.445559 -1.070849 0.959566 0.003798 -0.005225 0.096113
 42   -0.575434 1.275414 -2.712052 0.003931 -0.010838 0.176150
 43   -0.613285 1.222001 2.849845 0.003936 -0.010841 0.176150
time 8
  0   -0.233149 0.695334 2.801238 0.000000 0.000000 -1.571069
  1   -1.093036 0.000002 -0.326057 -1.570757 -0.260253 0.001377
  2   2.262337 0.113614 0.064702 -0.000090 0.007084 -0.016710
  3   2.380047 0.353302 0.047440 0.000480 0.001698 0.357260
  4   2.033756 0.190472 -0.000128 -0.000010 0.000216 -0.139576
  5   2.451511 0.204909 -0.003447 -0.015234 -0.009640 -0.529473
  6   7.247600 -0.397300 -0.109469 0.000001 -0.000003 0.156829
  7   -2.022252 -0.104661 3.136172 0.504603 -1.335746 -3.791767
  8   1.168026 -0.537438 -0.063437 0.353909 -0.293719 0.200093
  9   6.790376 -0.619176 0.015206 0.186920 -0.901278 -0.982286
 10   8.637599 0.544015 -0.090417 -1.628411 0.185137 -0.513042
 11   6.790465 -0.619039 0.017802 0.006636 -0.661423 -0.619515
 12   -2.022474 -0.104699 -2.873818 -0.443727 1.413752 -3.737708
 13   1.167898 -0.537463 0.063297 0.561579 0.167093 0.023094
 14   7.002743 -0.617765 -0.183752 -0.271965 0.332611 -1.282795
 15   8.209042 0.615527 -0.255885 1.615533 -0.215920 0.452045
 16   7.002735 -0.617911 -0.183641 -0.131869 0.278651 -0.896376
 17   1.574674 0.609930 -0.000899 -0.034527 -0.035398 -0.748690
 18   -0.602177 0.511412 -0.000006 0.000000 0.000000 0.000000
 19   3.673773 0.177020 1.119313 -0.000002 -0.000014 -0.174510
 20   3.673767 0.176993 -1.117566 0.000007 -0.000003 -0.174546
 21   3.938451 1.330634 1.627658 0.000002 -0.000011 -0.000026
 22   -0.246060 -0.011889 0.516521 -0.000011 0.000031 0.000025
 23   3.942374 1.330659 -1.631083 0.000019 0.000002 -0.000024
 24   -0.246150 -0.011872 -0.516511 -0.000005 -0.000006 0.000048
 25   4.941364 1.997338 1.629330 0.000018 -0.000001 -0.000024
 26   4.941382 1.997366 -1.629410 -0.000001 0.000005 -0.000024
 27   2.918368 1.615358 1.514501 -0.000019 -0.000022 -0.000050
 28   2.920798 1.614964 -1.501142 -0.000002 -0.000009 -0.000024
 29   8.792808 0.111480 0.091743 -0.011491 0.003543 -0.358279
 30   2.079834 -0.611962 1.784320 -0.004117 0.001672 -0.070779
 31   2.121290 -0.612072 -1.853599 -0.004704 0.002564 -0.080226
 32   -0.810489 -0.093824 3.127092 -0.264456 -3.086600 0.026810
 33   14.298673 -0.408176 0.475484 0.001242 0.000062 -0.716439
 34   15.835795 0.581398 0.242756 0.012162 -0.023305 -0.215358
 35   -0.815868 -0.091229 -3.114430 0.133971 3.100214 0.010237
 36   14.294526 -0.410349 -0.463635 -0.001274 0.000120 -0.584286
 37   15.834409 0.579420 -0.284600 -0.158844 0.000527 -0.174072
 38   1.284221 -3.477187 -2.831626 0.016292 -0.038863 0.638805
 39   -4.446023 -1.035322 -0.746180 0.004338 -0.006040 0.110444
 40   1.137633 -3.711496 3.229477 0.016292 -0.038862 0.638743
 41   -4.445559 -1.078662 0.959566 0.004337 -0.006040 0.110444
 42   -0.555902 1.169942 -2.715959 0.004950 -0.013644 0.221735
 43   -0.593753 1.096997 2.838126 0.004948 -0.013650 0.221735
time 9
  0   -0.233149 0.695334 2.801238 0.000000 0.000000 -1.571069
  1   -1.093036 0.000002 -0.326057 -1.570757 -0.260253 0.001377
  2   2.262337 0.113614 0.064702 -0.000090 0.007084 -0.016710
  3   2.380047 0.353302 0.047440 0.000480 0.001698 0.357260
  4   2.033756 0.190472 -0.000128 -0.000010 0.000216 -0.139576
  5   2.451511 0.204909 -0.003447 -0.015234 -0.009640 -0.528210
  6   7.247600 -0.397300 -0.109469 0.000001 -0.000003 0.156829
  7   -2.022252 -0.104661 3.136172 0.503357 -1.334881 -3.790546
  8   1.168026 -0.537438 -0.063437 0.331571 -0.178449 0.272969
  9   6.790376 -0.619176 0.015206 0.117071 -0.822124 -0.918516
 10   8.637599 0.544015 -0.090417 -1.629028 0.186263 -0.512608
 11   6.790465 -0.619039 0.017802 -0.015524 -0.599257 -0.600136
 12   -2.022474 -0.104699 -2.873818 -0.444781 1.413810 -3.738474
 13   1.167898 -0.537463 0.063297 0.586745 0.052979 0.101063
 14   7.002743 -0.617765 -0.183752 -0.217481 0.306036 -1.144516
 15   8.209042 0.615527 -0.255885 1.614886 -0.217055 0.451745
 16   7.002735 -0.617911 -0.183641 -0.101977 0.247807 -0.804480
 17   1.574674 0.609930 -0.000899 -0.034649 -0.035303 -0.747729
 18   -0.602177 0.511412 -0.000006 0.000000 0.000000 0.000000
 19   3.677679 0.177020 1.119313 -0.000002 -0.000014 -0.174510
 20   3.677673 0.176993 -1.117566 0.000007 -0.000003 -0.174546
 21   3.938451 1.330634 1.627658 0.000002 -0.000011 -0.000026
 22   -0.246060 -0.011889 0.516521 -0.000011 0.000031 0.000025
 23   3.942374 1.338472 -1.631083 0.000019 0.000002 -0.000024
 24   -0.246150 -0.011872 -0.516511 -0.000005 -0.000006 0.000048
 25   4.941364 1.997338 1.629330 0.000018 -0.000001 -0.000024
 26   4.941382 1.997366 -1.629410 -0.000001 0.000005 -0.000024
 27   2.918368 1.615358 1.514501 -0.000019 -0.000022 -0.000050
 28   2.920798 1.614964 -1.501142 -0.000002 -0.000009 -0.000024
 29   8.788901 0.099761 0.091743 -0.013986 0.004398 -0.398354
 30   2.072021 -0.623681 1.784320 -0.005012 0.002195 -0.086218
 31   2.121290 -0.631604 -1.853599 -0.005746 0.003160 -0.097730
 32   -0.810489 -0.093824 3.127092 -0.264829 -3.087173 -0.108266
 33   14.298673 -0.408176 0.475484 0.001207 0.000049 -0.711119
 34   15.835795 0.581398 0.242756 0.011909 -0.023037 -0.215049
 35   -0.815868 -0.091229 -3.114430 0.134059 3.100308 0.241227
 36   14.294526 -0.410349 -0.463635 -0.001226 0.000120 -0.578956
 37   15.834409 0.579420 -0.284600 -0.159455 -0.000240 -0.176201
 38   1.284221 -3.473281 -2.831626 0.016334 -0.039827 0.653101
 39   -4.438210 -1.035322 -0.746180 0.004914 -0.006915 0.125645
 40   1.137633 -3.711496 3.229477 0.016334 -0.039826 0.653100
 41   -4.453372 -1.078662 0.959566 0.004913 -0.006915 0.125645
 42   -0.532464 1.052751 -2.719865 0.006016 -0.016603 0.270039
 43   -0.582034 0.960274 2.830313 0.006035 -0.016600 0.270039
time 10
  0   -0.233149 0.695334 2.801238 0.000000 0.000000 -1.571069
  1   -1.093036 0.000002 -0.326057 -1.570757 -0.260253 0.001377
  2   2.262337 0.113614 0.064702 -0.000090 0.007084 -0.016710
  3   2.380047 0.353302 0.047440 0.000480 0.001698 0.357260
  4   2.033756 0.190472 -0.000128 -0.000010 0.000216 -0.139576
  5   2.451511 0.204909 -0.003447 -0.015234 -0.009627 -0.526922
  6   7.247600 -0.397300 -0.109469 0.000001 -0.000003 0.156829
  7   -2.022252 -0.104661 3.136172 0.502015 -1.333901 -3.789325
  8   1.168026 -0.537438 -0.063437 0.317333 -0.064638 0.339266
  9   6.790376 -0.619176 0.015206 0.054934 -0.732291 -0.862519
 10   8.637599 0.544015 -0.090417 -1.629820 0.187460 -0.512318
 11   6.790465 -0.619039 0.017802 -0.037042 -0.530781 -0.581161
 12   -2.022474 -0.104699 -2.873818 -0.445739 1.413898 -3.739623
 13   1.167898 -0.537463 0.063297 0.603896 -0.059914 0.173402
 14   7.002743 -0.617765 -0.183752 -0.168747 0.272874 -1.011105
 15   8.209042 0.615527 -0.255885 1.614239 -0.218114 0.451444
 16   7.002735 -0.617911 -0.183641 -0.075850 0.215158 -0.715565
 17   1.574674 0.609930 -0.000899 -0.034730 -0.035232 -0.746769
 18   -0.602177 0.511412 -0.000006 0.000000 0.000000 0.000000
 19   3.677679 0.177020 1.119313 -0.000002 -0.000014 -0.174510
 20   3.677673 0.176993 -1.117566 0.000007 -0.000003 -0.174546
 21   3.942357 1.330634 1.627658 0.000002 -0.000011 -0.000026
 22   -0.246060 -0.011889 0.516521 -0.000011 0.000031 0.000025
 23   3.942374 1.330659 -1.631083 0.000019 0.000002 -0.000024
 24   -0.246150 -0.011872 -0.516511 -0.000005 -0.000006 0.000048
 25   4.941364 1.997338 1.629330 0.000018 -0.000001 -0.000024
 26   4.941382 1.997366 -1.629410 -0.000001 0.000005 -0.000024
 27   2.918368 1.615358 1.514501 -0.000019 -0.000022 -0.000050
 28   2.920798 1.614964 -1.501142 -0.000002 -0.000009 -0.000024
 29   8.777182 0.091948 0.091743 -0.016570 0.005252 -0.439985
 30   2.072021 -0.643213 1.784320 -0.005961 0.002689 -0.102278
 31   2.117383 -0.643323 -1.853599 -0.006803 0.003756 -0.115907
 32   -0.810489 -0.093824 3.127092 -0.265202 -3.087555 -0.213344
 33   14.298673 -0.408176 0.475484 0.001147 0.000036 -0.705879
 34   15.835795 0.581398 0.242756 0.011656 -0.022744 -0.214696
 35   -0.815868 -0.091229 -3.114430 0.134147 3.100496 0.328321
 36   14.294526 -0.410349 -0.463635 -0.001166 0.000120 -0.573626
 37   15.834409 0.579420 -0.284600 -0.160026 -0.001059 -0.178280
 38   1.284221 -3.473281 -2.823813 0.016397 -0.040827 0.668130
 39   -4.438210 -1.027509 -0.746180 0.005501 -0.007826 0.141463
 40   1.137633 -3.715402 3.229477 0.016397 -0.040826 0.668191
 41   -4.453372 -1.086475 0.959566 0.005500 -0.007826 0.141463
 42   -0.509026 0.927747 -2.731584 0.007155 -0.019700 0.320308
 43   -0.562502 0.823551 2.822500 0.007147 -0.019691 0.320308
time 11
  0   -0.233149 0.695334 2.801238 0.000000 0.000000 -1.571069
  1   -1.093036 0.000002 -0.326057 -1.570757 -0.260253 0.001377
  2   2.262337 0.113614 0.064702 -0.000090 0.007084 -0.016710
  3   2.380047 0.353302 0.047440 0.000480 0.001698 0.357260
  4   2.033756 0.190472 -0.000128 -0.000010 0.000216 -0.139576
  5   2.451511 0.204909 -0.003447 -0.015320 -0.009627 -0.525560
  6   7.247600 -0.397300 -0.109469 0.000001 -0.000003 0.156829
  7   -2.022252 -0.104661 3.136172 0.501056 -1.333065 -3.788104
  8   1.168026 -0.537438 -0.063437 0.309929 0.045802 0.400249
  9   6.790376 -0.619176 0.015206 0.001174 -0.634517 -0.814899
 10   8.637599 0.544015 -0.090417 -1.630260 0.188586 -0.512101
 11   6.790465 -0.619039 0.017802 -0.057012 -0.457586 -0.562762
 12   -2.022474 -0.104699 -2.873818 -0.446889 1.413956 -3.740772
 13   1.167898 -0.537463 0.063297 0.613597 -0.169757 0.241080
 14   7.002743 -0.617765 -0.183752 -0.126844 0.234941 -0.884624
 15   8.209042 0.615527 -0.255885 1.613520 -0.219173 0.450963
 16   7.002735 -0.617911 -0.183641 -0.053772 0.181551 -0.630568
 17   1.574674 0.609930 -0.000899 -0.034771 -0.035161 -0.745808
 18   -0.602177 0.511412 -0.000006 0.000000 0.000000 0.000000
 19   3.673773 0.177020 1.119313 -0.000002 -0.000014 -0.174510
 20   3.677673 0.176993 -1.117566 0.000007 -0.000003 -0.174546
 21   3.938451 1.330634 1.627658 0.000002 -0.000011 -0.000026
 22   -0.246060 -0.011889 0.516521 -0.000011 0.000031 0.000025
 23   3.942374 1.330659 -1.631083 0.000019 0.000002 -0.000024
 24   -0.246150 -0.011872 -0.516511 -0.000005 -0.000006 0.000048
 25   4.941364 1.997338 1.629330 0.000018 -0.000001 -0.000024
 26   4.941382 1.997366 -1.629410 -0.000001 0.000005 -0.000024
 27   2.918368 1.615358 1.514501 -0.000019 -0.000022 -0.000050
 28   2.920798 1.614964 -1.501142 -0.000002 -0.000009 -0.000024
 29   8.769369 0.080229 0.091743 -0.019244 0.006155 -0.482689
 30   2.060302 -0.654932 1.784320 -0.006924 0.003241 -0.118703
 31   2.117383 -0.655042 -1.853599 -0.007891 0.004326 -0.134558
 32   -0.810489 -0.093824 3.127092 -0.264736 -3.087650 -0.250401
 33   14.298673 -0.408176 0.475484 0.001099 0.000036 -0.700718
 34   15.835795 0.581398 0.242756 0.011403 -0.022451 -0.214476
 35   -0.815868 -0.091229 -3.114430 0.134235 3.100589 0.271299
 36   14.294526 -0.410349 -0.463635 -0.001118 0.000120 -0.568451
 37   15.834409 0.579420 -0.284600 -0.160558 -0.001827 -0.180308
 38   1.284221 -3.465468 -2.823813 0.016439 -0.041876 0.683465
 39   -4.438210 -1.023603 -0.746180 0.006088 -0.008749 0.157645
 40   1.137633 -3.715402 3.229477 0.016439 -0.041875 0.683403
 41   -4.453372 -1.090381 0.959566 0.006087 -0.008749 0.157645
 42   -0.489494 0.810556 -2.739397 0.008293 -0.022874 0.371790
 43   -0.550783 0.682922 2.818594 0.008309 -0.022860 0.371790
time 12
  0   -0.233149 0.695334 2.801238 0.000000 0.000000 -1.571069
  1   -1.093036 0.000002 -0.326057 -1.570757 -0.260253 0.001377
  2   2.262337 0.113614 0.064702 -0.000090 0.007084 -0.016710
  3   2.380047 0.353302 0.047440 0.000480 0.001698 0.357260
  4   2.033756 0.190472 -0.000128 -0.000010 0.000216 -0.139576
  5   2.451511 0.204909 -0.003447 -0.015337 -0.009627 -0.524297
  6   7.247600 -0.397300 -0.109469 0.000001 -0.000003 0.156829
  7   -2.022252 -0.104661 3.136172 0.499906 -1.332085 -3.786977
  8   1.168026 -0.537438 -0.063437 0.308347 0.151009 0.457120
  9   6.790376 -0.619176 0.015206 -0.043987 -0.531604 -0.775128
 10   8.637599 0.544015 -0.090417 -1.631141 0.189642 -0.512029
 11   6.790465 -0.619039 0.017802 -0.074763 -0.381861 -0.545518
 12   -2.022474 -0.104699 -2.873818 -0.447751 1.414043 -3.741825
 13   1.167898 -0.537463 0.063297 0.616690 -0.274412 0.305065
 14   7.002743 -0.617765 -0.183752 -0.092286 0.194284 -0.766394
 15   8.209042 0.615527 -0.255885 1.612801 -0.220308 0.450602
 16   7.002735 -0.617911 -0.183641 -0.035696 0.147831 -0.550538
 17   1.574674 0.609930 -0.000899 -0.034852 -0.035090 -0.744884
 18   -0.602177 0.511412 -0.000006 0.000000 0.000000 0.000000
 19   3.673773 0.177020 1.119313 -0.000002 -0.000014 -0.174510
 20   3.677673 0.176993 -1.117566 0.000007 -0.000003 -0.174546
 21   3.938451 1.330634 1.627658 0.000002 -0.000011 -0.000026
 22   -0.246060 -0.011889 0.516521 -0.000011 0.000031 0.000025
 23   3.942374 1.338472 -1.631083 0.000019 0.000002 -0.000024
 24   -0.246150 -0.011872 -0.516511 -0.000005 -0.000006 0.000048
 25   4.941364 1.997338 1.629330 0.000018 -0.000001 -0.000024
 26   4.941382 1.997366 -1.629410 -0.000001 0.000005 -0.000024
 27   2.918368 1.615358 1.514501 -0.000019 -0.000022 -0.000050
 28   2.920798 1.614964 -1.501142 -0.000002 -0.000009 -0.000024
 29   8.761557 0.076323 0.091743 -0.021918 0.007057 -0.525661
 30   2.052489 -0.666651 1.784320 -0.007873 0.003793 -0.135257
 31   2.117383 -0.666761 -1.853599 -0.008994 0.004947 -0.153299
 32   -0.810489 -0.093824 3.127092 -0.265668 -3.087841 -0.213401
 33   14.298673 -0.408176 0.475484 0.001051 0.000023 -0.695557
 34   15.835795 0.581398 0.242756 0.011173 -0.022158 -0.214123
 35   -0.815868 -0.091229 -3.114430 0.134587 3.101151 0.108943
 36   14.294526 -0.410349 -0.463635 -0.001070 0.000120 -0.563121
 37   15.834409 0.579420 -0.284600 -0.161090 -0.002646 -0.182387
 38   1.284221 -3.461562 -2.823813 0.016524 -0.042888 0.698922
 39   -4.434304 -1.023603 -0.746180 0.006687 -0.009672 0.173940
 40   1.137633 -3.723215 3.229477 0.016524 -0.042887 0.698860
 41   -4.461185 -1.090381 0.959566 0.006686 -0.009672 0.173940
 42   -0.458243 0.681646 -2.747210 0.009468 -0.026063 0.423606
 43   -0.531251 0.538386 2.806875 0.009471 -0.026061 0.423606
time 13
  0   -0.233149 0.695334 2.801238 0.000000 0.000000 -1.571069
  1   -1.093036 0.000002 -0.326057 -1.570757 -0.260253 0.001377
  2   2.262337 0.113614 0.064702 -0.000090 0.007084 -0.016710
  3   2.380047 0.353302 0.047440 0.000480 0.001698 0.357260
  4   2.033756 0.190472 -0.000128 -0.000010 0.000216 -0.139576
  5   2.451511 0.204909 -0.003447 -0.015354 -0.009627 -0.523009
  6   7.247600 -0.397300 -0.109469 0.000001 -0.000003 0.156829
  7   -2.022252 -0.104661 3.136172 0.498660 -1.331220 -3.785756
  8   1.168026 -0.537438 -0.063437 0.311954 0.249776 0.510512
  9   6.790376 -0.619176 0.015206 -0.081713 -0.427289 -0.741922
 10   8.637599 0.544015 -0.090417 -1.631581 0.190909 -0.511812
 11   6.790465 -0.619039 0.017802 -0.089945 -0.305824 -0.529196
 12   -2.022474 -0.104699 -2.873818 -0.448709 1.414043 -3.742687
 13   1.167898 -0.537463 0.063297 0.613878 -0.372609 0.366084
 14   7.002743 -0.617765 -0.183752 -0.064731 0.152604 -0.657404
 15   8.209042 0.615527 -0.255885 1.612154 -0.221443 0.450241
 16   7.002735 -0.617911 -0.183641 -0.021338 0.114900 -0.476028
 17   1.574674 0.609930 -0.000899 -0.034933 -0.034972 -0.743923
 18   -0.602177 0.511412 -0.000006 0.000000 0.000000 0.000000
 19   3.673773 0.177020 1.119313 -0.000002 -0.000014 -0.174510
 20   3.673767 0.176993 -1.117566 0.000007 -0.000003 -0.174546
 21   3.938451 1.330634 1.627658 0.000002 -0.000011 -0.000026
 22   -0.246060 -0.011889 0.516521 -0.000011 0.000031 0.000025
 23   3.942374 1.330659 -1.631083 0.000019 0.000002 -0.000024
 24   -0.246150 -0.011872 -0.516511 -0.000005 -0.000006 0.000048
 25   4.941364 1.997338 1.629330 0.000018 -0.000001 -0.000024
 26   4.941382 1.997366 -1.629410 -0.000001 0.000005 -0.000024
 27   2.918368 1.615358 1.514501 -0.000019 -0.000022 -0.000050
 28   2.920798 1.614964 -1.501142 -0.000002 -0.000009 -0.000024
 29   8.757650 0.064604 0.091743 -0.024591 0.007935 -0.568311
 30   2.048583 -0.678370 1.784320 -0.008836 0.004374 -0.151703
 31   2.117383 -0.686293 -1.853599 -0.010082 0.005569 -0.171931
 32   -0.810489 -0.093824 3.127092 -0.266507 -3.088605 -0.108949
 33   14.298673 -0.408176 0.475484 0.001003 0.000023 -0.690317
 34   15.835795 0.581398 0.242756 0.010943 -0.021914 -0.213770
 35   -0.815868 -0.091229 -3.114430 0.135291 3.101807 -0.101451
 36   14.294526 -0.410349 -0.463635 -0.001010 0.000120 -0.558023
 37   15.834409 0.579420 -0.284600 -0.161622 -0.003363 -0.184415
 38   1.284221 -3.461562 -2.823813 0.016587 -0.043912 0.714257
 39   -4.426491 -1.023603 -0.746180 0.007299 -0.010582 0.190122
 40   1.137633 -3.723215 3.229477 0.016587 -0.043923 0.714256
 41   -4.465091 -1.090381 0.959566 0.007298 -0.010582 0.190122
 42   -0.438711 0.556642 -2.751116 0.010606 -0.029237 0.475088
 43   -0.515626 0.397757 2.799062 0.010620 -0.029247 0.475088
time 14
  0   -0.233149 0.695334 2.801238 0.000000 0.000000 -1.571069
  1   -1.093036 0.000002 -0.326057 -1.570757 -0.260253 0.001377
  2   2.262337 0.113614 0.064702 -0.000090 0.007084 -0.016710
  3   2.380047 0.353302 0.047440 0.000480 0.001698 0.357260
  4   2.033756 0.190472 -0.000128 -0.000010 0.000216 -0.139576
  5   2.451511 0.204909 -0.003447 -0.015371 -0.009627 -0.521746
  6   7.247600 -0.397300 -0.109469 0.000001 -0.000003 0.156829
  7   -2.022252 -0.104661 3.136172 0.497509 -1.330355 -3.784630
  8   1.168026 -0.537438 -0.063437 0.319611 0.340996 0.560867
  9   6.790376 -0.619176 0.015206 -0.112116 -0.325043 -0.714603
 10   8.637599 0.544015 -0.090417 -1.632462 0.191965 -0.511595
 11   6.790465 -0.619039 0.017802 -0.102266 -0.231947 -0.514085
 12   -2.022474 -0.104699 -2.873818 -0.449763 1.414101 -3.743740
 13   1.167898 -0.537463 0.063297 0.605865 -0.462924 0.424682
 14   7.002743 -0.617765 -0.183752 -0.043666 0.111378 -0.557655
 15   8.209042 0.615527 -0.255885 1.611506 -0.222351 0.449880
 16   7.002735 -0.617911 -0.183641 -0.010322 0.083548 -0.407479
 17   1.574674 0.609930 -0.000899 -0.034933 -0.034901 -0.743035
 18   -0.602177 0.511412 -0.000006 0.000000 0.000000 0.000000
 19   3.673773 0.177020 1.119313 -0.000002 -0.000014 -0.174510
 20   3.673767 0.176993 -1.117566 0.000007 -0.000003 -0.174546
 21   3.938451 1.330634 1.627658 0.000002 -0.000011 -0.000026
 22   -0.246060 -0.011889 0.516521 -0.000011 0.000031 0.000025
 23   3.942374 1.330659 -1.631083 0.000019 0.000002 -0.000024
 24   -0.246150 -0.011872 -0.516511 -0.000005 -0.000006 0.000048
 25   4.941364 1.997338 1.629330 0.000018 -0.000001 -0.000024
 26   4.941382 1.997366 -1.629410 -0.000001 0.000005 -0.000024
 27   2.918368 1.615358 1.514501 -0.000019 -0.000022 -0.000050
 28   2.920798 1.614964 -1.501142 -0.000002 -0.000009 -0.000024
 29   8.749838 0.056791 0.091743 -0.027176 0.008789 -0.609996
 30   2.040770 -0.693996 1.784320 -0.009785 0.004927 -0.167764
 31   2.117383 -0.698012 -1.853599 -0.011170 0.006165 -0.190108
 32   -0.810489 -0.093824 3.127092 -0.267439 -3.089656 0.025558
 33   14.298673 -0.408176 0.475484 0.000955 0.000010 -0.685394
 34   15.835795 0.581398 0.242756 0.010690 -0.021646 -0.213506
 35   -0.815868 -0.091229 -3.114430 0.135995 3.102088 -0.263917
 36   14.294526 -0.410349 -0.463635 -0.000962 0.000120 -0.552925
 37   15.834409 0.579420 -0.284600 -0.162154 -0.004156 -0.186291
 38   1.284221 -3.461562 -2.823813 0.016629 -0.044937 0.729225
 39   -4.426491 -1.015790 -0.746180 0.007886 -0.011481 0.205940
 40   1.137633 -3.731028 3.229477 0.016629 -0.044936 0.729163
 41   -4.465091 -1.098194 0.959566 0.007885 -0.011481 0.205940
 42   -0.415273 0.439451 -2.758929 0.011745 -0.032334 0.525357
 43   -0.496094 0.261034 2.795156 0.011732 -0.032322 0.525357
time 15
  0   -0.233149 0.695334 2.801238 0.000000 0.000000 -1.571069
  1   -1.093036 0.000002 -0.326057 -1.570757 -0.260253 0.001377
  2   2.262337 0.113614 0.064702 -0.000090 0.007084 -0.016710
  3   2.380047 0.353302 0.047440 0.000480 0.001698 0.357260
  4   2.033756 0.190472 -0.000128 -0.000010 0.000216 -0.139576
  5   2.451511 0.204909 -0.003447 -0.015371 -0.009627 -0.520483
  6   7.247600 -0.397300 -0.109469 0.000001 -0.000003 0.156829
  7   -2.022252 -0.104661 3.136172 0.496647 -1.329490 -3.783503
  8   1.168026 -0.537438 -0.063437 0.330875 0.424115 0.608882
  9   6.790376 -0.619176 0.015206 -0.136083 -0.227936 -0.691661
 10   8.637599 0.544015 -0.090417 -1.632990 0.192880 -0.511378
 11   6.790465 -0.619039 0.017802 -0.111638 -0.162220 -0.499781
 12   -2.022474 -0.104699 -2.873818 -0.450721 1.414159 -3.744410
 13   1.167898 -0.537463 0.063297 0.593282 -0.545001 0.480979
 14   7.002743 -0.617765 -0.183752 -0.028237 0.071913 -0.467312
 15   8.209042 0.615527 -0.255885 1.611075 -0.223486 0.449640
 16   7.002735 -0.617911 -0.183641 -0.002273 0.054283 -0.345056
 17   1.574674 0.609930 -0.000899 -0.035015 -0.034806 -0.742111
 18   -0.602177 0.511412 -0.000006 0.000000 0.000000 0.000000
 19   3.673773 0.177020 1.119313 -0.000002 -0.000014 -0.174510
 20   3.673767 0.176993 -1.117566 0.000007 -0.000003 -0.174546
 21   3.938451 1.330634 1.627658 0.000002 -0.000011 -0.000026
 22   -0.246060 -0.011889 0.516521 -0.000011 0.000031 0.000025
 23   3.942374 1.330659 -1.631083 0.000019 0.000002 -0.000024
 24   -0.246150 -0.011872 -0.516511 -0.000005 -0.000006 0.000048
 25   4.941364 1.997338 1.629330 0.000018 -0.000001 -0.000024
 26   4.941382 1.997366 -1.629410 -0.000001 0.000005 -0.000024
 27   2.918368 1.615358 1.514501 -0.000019 -0.000022 -0.000050
 28   2.920798 1.614964 -1.501142 -0.000002 -0.000009 -0.000024
 29   8.738118 0.045072 0.091743 -0.029760 0.009620 -0.650017
 30   2.029051 -0.705715 1.784320 -0.010680 0.005421 -0.183181
 31   2.117383 -0.705825 -1.853599 -0.012181 0.006708 -0.207594
 32   -0.810489 -0.093824 3.127092 -0.267905 -3.090611 0.130010
 33   14.298673 -0.408176 0.475484 0.000895 0.000010 -0.680392
 34   15.835795 0.581398 0.242756 0.010437 -0.021353 -0.213241
 35   -0.815868 -0.091229 -3.114430 0.135203 3.102463 -0.320829
 36   14.294526 -0.410349 -0.463635 -0.000902 0.000120 -0.547904
 37   15.834409 0.579420 -0.284600 -0.162686 -0.004924 -0.188319
 38   1.284221 -3.453749 -2.823813 0.016692 -0.045901 0.743582
 39   -4.426491 -1.011884 -0.746180 0.008437 -0.012344 0.221141
 40   1.137633 -3.734934 3.229477 0.016692 -0.045900 0.743520
 41   -4.465091 -1.102100 0.959566 0.008436 -0.012344 0.221141
 42   -0.391835 0.322260 -2.762835 0.012824 -0.035293 0.573660
 43   -0.484375 0.132124 2.787343 0.012819 -0.035304 0.573660
time 16
  0   -0.233149 0.695334 2.801238 0.000000 0.000000 -1.571069
  1   -1.093036 0.000002 -0.326057 -1.570757 -0.260253 0.001377
  2   2.262337 0.113614 0.064702 -0.000090 0.007084 -0.016710
  3   2.380047 0.353302 0.047440 0.000480 0.001698 0.357260
  4   2.033756 0.190472 -0.000128 -0.000010 0.000216 -0.139576
  5   2.451511 0.204909 -0.003447 -0.015371 -0.009627 -0.519220
  6   7.247600 -0.397300 -0.109469 0.000001 -0.000003 0.156829
  7   -2.022252 -0.104661 3.136172 0.495400 -1.328568 -3.782376
  8   1.168026 -0.537438 -0.063437 0.345113 0.498178 0.654113
  9   6.790376 -0.619176 0.015206 -0.154003 -0.138370 -0.672190
 10   8.637599 0.544015 -0.090417 -1.633607 0.194006 -0.511161
 11   6.790465 -0.619039 0.017802 -0.118032 -0.098405 -0.486574
 12   -2.022474 -0.104699 -2.873818 -0.451871 1.414217 -3.745750
 13   1.167898 -0.537463 0.063297 0.576903 -0.618229 0.534855
 14   7.002743 -0.617765 -0.183752 -0.017534 0.035230 -0.386704
 15   8.209042 0.615527 -0.255885 1.610500 -0.224393 0.449279
 16   7.002735 -0.617911 -0.183641 0.003423 0.027555 -0.289035
 17   1.574674 0.609930 -0.000899 -0.035015 -0.034735 -0.741224
 18   -0.602177 0.511412 -0.000006 0.000000 0.000000 0.000000
 19   3.673773 0.177020 1.119313 -0.000002 -0.000014 -0.174510
 20   3.673767 0.176993 -1.117566 0.000007 -0.000003 -0.174546
 21   3.938451 1.330634 1.627658 0.000002 -0.000011 -0.000026
 22   -0.246060 -0.011889 0.516521 -0.000011 0.000031 0.000025
 23   3.938468 1.330659 -1.631083 0.000019 0.000002 -0.000024
 24   -0.246150 -0.011872 -0.516511 -0.000005 -0.000006 0.000048
 25   4.941364 1.997338 1.629330 0.000018 -0.000001 -0.000024
 26   4.941382 1.997366 -1.629410 -0.000001 0.000005 -0.000024
 27   2.918368 1.615358 1.514501 -0.000019 -0.000022 -0.000050
 28   2.920798 1.622777 -1.501142 -0.000002 -0.000009 -0.000024
 29   8.734212 0.037259 0.091743 -0.032077 0.010404 -0.687732
 30   2.021238 -0.717434 1.784320 -0.011521 0.005915 -0.197740
 31   2.113477 -0.717544 -1.853599 -0.013177 0.007226 -0.224116
 32   -0.810489 -0.093824 3.127092 -0.268185 -3.090897 0.166725
 33   14.298673 -0.408176 0.475484 0.000847 0.000010 -0.675390
 34   15.835795 0.581398 0.242756 0.010184 -0.021109 -0.212888
 35   -0.815868 -0.091229 -3.114430 0.136347 3.102370 -0.268299
 36   14.294526 -0.410349 -0.463635 -0.000854 0.000120 -0.542806
 37   15.834409 0.579420 -0.284600 -0.163198 -0.005667 -0.190347
 38   1.284221 -3.453749 -2.823813 0.016713 -0.046792 0.757145
 39   -4.418678 -1.011884 -0.746180 0.008964 -0.013159 0.235472
 40   1.137633 -3.734934 3.229477 0.016713 -0.046804 0.757083
 41   -4.468997 -1.102100 0.959566 0.008963 -0.013159 0.235472
 42   -0.372303 0.208975 -2.774554 0.013830 -0.038099 0.619245
 43   -0.464843 0.007120 2.783437 0.013831 -0.038097 0.619245
time 17
  0   -0.233149 0.695334 2.801238 0.000000 0.000000 -1.571069
  1   -1.093036 0.000002 -0.326057 -1.570757 -0.260253 0.001377
  2   2.262337 0.113614 0.064702 -0.000090 0.007084 -0.016710
  3   2.380047 0.353302 0.047440 0.000480 0.001698 0.357260
  4   2.033756 0.190472 -0.000128 -0.000010 0.000216 -0.139576
  5   2.451511 0.204909 -0.003447 -0.015371 -0.009614 -0.517957
  6   7.247600 -0.397300 -0.109469 0.000001 -0.000003 0.156829
  7   -2.022252 -0.104661 3.136172 0.494538 -1.327732 -3.781249
  8   1.168026 -0.537438 -0.063437 0.361123 0.563536 0.696434
  9   6.790376 -0.619176 0.015206 -0.166486 -0.058683 -0.655210
 10   8.637599 0.544015 -0.090417 -1.634223 0.195062 -0.510944
 11   6.790465 -0.619039 0.017802 -0.121594 -0.041754 -0.474174
 12   -2.022474 -0.104699 -2.873818 -0.452733 1.414275 -3.746612
 13   1.167898 -0.537463 0.063297 0.557783 -0.682457 0.586007
 14   7.002743 -0.617765 -0.183752 -0.010588 0.002181 -0.315502
 15   8.209042 0.615527 -0.255885 1.609853 -0.225453 0.448918
 16   7.002735 -0.617911 -0.183641 0.007142 0.003646 -0.239527
 17   1.574674 0.609930 -0.000899 -0.035136 -0.034664 -0.740263
 18   -0.602177 0.511412 -0.000006 0.000000 0.000000 0.000000
 19   3.673773 0.177020 1.119313 -0.000002 -0.000014 -0.174510
 20   3.677673 0.176993 -1.117566 0.000007 -0.000003 -0.174546
 21   3.938451 1.330634 1.627658 0.000002 -0.000011 -0.000026
 22   -0.246060 -0.011889 0.516521 -0.000011 0.000031 0.000025
 23   3.942374 1.330659 -1.631083 0.000019 0.000002 -0.000024
 24   -0.246150 -0.011872 -0.516511 -0.000005 -0.000006 0.000048
 25   4.941364 1.997338 1.629330 0.000018 -0.000001 -0.000024
 26   4.941382 1.997366 -1.629410 -0.000001 0.000005 -0.000024
 27   2.918368 1.615358 1.514501 -0.000019 -0.000022 -0.000050
 28   2.920798 1.614964 -1.501142 -0.000002 -0.000009 -0.000024
 29   8.730306 0.025540 0.091743 -0.034305 0.011140 -0.722657
 30   2.017332 -0.729153 1.784320 -0.012321 0.006380 -0.211163
 31   2.113477 -0.729263 -1.853599 -0.014050 0.007745 -0.239309
 32   -0.810489 -0.093824 3.127092 -0.268371 -3.091375 0.103086
 33   14.298673 -0.408176 0.475484 0.000787 0.000010 -0.670626
 34   15.835795 0.581398 0.242756 0.009931 -0.020816 -0.212624
 35   -0.815868 -0.091229 -3.114430 0.137051 3.102650 -0.118596
 36   14.294526 -0.410349 -0.463635 -0.000806 0.000120 -0.537785
 37   15.834409 0.579420 -0.284600 -0.163671 -0.006383 -0.192223
 38   1.284221 -3.453749 -2.823813 0.016776 -0.047648 0.769608
 39   -4.418678 -1.011884 -0.746180 0.009468 -0.013914 0.248682
 40   1.137633 -3.734934 3.229477 0.016776 -0.047635 0.769669
 41   -4.468997 -1.102100 0.959566 0.009467 -0.013914 0.248682
 42   -0.352771 0.111316 -2.778461 0.014777 -0.040690 0.661275
 43   -0.453124 -0.110071 2.775624 0.014768 -0.040702 0.661275
time 18
  0   -0.233149 0.695334 2.801238 0.000000 0.000000 -1.571069
  1   -1.093036 0.000002 -0.326057 -1.570757 -0.260253 0.001377
  2   2.262337 0.113614 0.064702 -0.000090 0.007084 -0.016710
  3   2.380047 0.353302 0.047440 0.000480 0.001698 0.357260
  4   2.033756 0.190472 -0.000128 -0.000010 0.000216 -0.139576
  5   2.451511 0.204909 -0.003447 -0.015457 -0.009614 -0.516793
  6   7.247600 -0.397300 -0.109469 0.000001 -0.000003 0.156829
  7   -2.022252 -0.104661 3.136172 0.493387 -1.326896 -3.780216
  8   1.168026 -0.537438 -0.063437 0.378082 0.619888 0.735529
  9   6.790376 -0.619176 0.015206 -0.173754 0.010127 -0.640041
 10   8.637599 0.544015 -0.090417 -1.634840 0.195977 -0.510727
 11   6.790465 -0.619039 0.017802 -0.122353 0.006854 -0.462350
 12   -2.022474 -0.104699 -2.873818 -0.453691 1.414333 -3.747378
 13   1.167898 -0.537463 0.063297 0.537258 -0.737530 0.633648
 14   7.002743 -0.617765 -0.183752 -0.006603 -0.026666 -0.253953
 15   8.209042 0.615527 -0.255885 1.609134 -0.226588 0.448738
 16   7.002735 -0.617911 -0.183641 0.009355 -0.016992 -0.196532
 17   1.574674 0.609930 -0.000899 -0.035218 -0.034593 -0.739376
 18   -0.602177 0.511412 -0.000006 0.000000 0.000000 0.000000
 19   3.673773 0.177020 1.119313 -0.000002 -0.000014 -0.174510
 20   3.677673 0.176993 -1.117566 0.000007 -0.000003 -0.174546
 21   3.938451 1.330634 1.627658 0.000002 -0.000011 -0.000026
 22   -0.246060 -0.011889 0.516521 -0.000011 0.000031 0.000025
 23   3.942374 1.330659 -1.631083 0.000019 0.000002 -0.000024
 24   -0.246150 -0.011872 -0.516511 -0.000005 -0.000006 0.000048
 25   4.941364 1.997338 1.629330 0.000018 -0.000001 -0.000024
 26   4.941382 1.997366 -1.629410 -0.000001 0.000005 -0.000024
 27   2.918368 1.615358 1.514501 -0.000019 -0.000022 -0.000050
 28   2.920798 1.614964 -1.501142 -0.000002 -0.000009 -0.000024
 29   8.726399 0.017727 0.091743 -0.036266 0.011780 -0.753880
 30   2.009519 -0.740872 1.784320 -0.012999 0.006757 -0.223214
 31   2.113477 -0.740982 -1.853599 -0.014878 0.008185 -0.252974
 32   -0.810489 -0.093824 3.127092 -0.269396 -3.092616 -0.064550
 33   14.298673 -0.408176 0.475484 0.000739 -0.000003 -0.665862
 34   15.835795 0.581398 0.242756 0.009586 -0.020572 -0.212359
 35   -0.815868 -0.091229 -3.114430 0.137844 3.103025 0.074927
 36   14.294526 -0.410349 -0.463635 -0.000758 0.000120 -0.532996
 37   15.834409 0.579420 -0.284600 -0.164144 -0.007126 -0.194099
 38   1.284221 -3.453749 -2.823813 0.016818 -0.048383 0.780911
 39   -4.414772 -1.004071 -0.746180 0.009899 -0.014597 0.260573
 40   1.137633 -3.742747 3.221664 0.016818 -0.048382 0.780849
 41   -4.476810 -1.109913 0.959566 0.009898 -0.014597 0.260573
 42   -0.329333 0.017563 -2.782367 0.015628 -0.043005 0.698998
 43   -0.445311 -0.215543 2.767811 0.015618 -0.043024 0.698998
time 19
  0   -0.233149 0.695334 2.801238 0.000000 0.000000 -1.571069
  1   -1.093036 0.000002 -0.326057 -1.570757 -0.260253 0.001377
  2   2.262337 0.113614 0.064702 -0.000090 0.007084 -0.016710
  3   2.380047 0.353302 0.047440 0.000480 0.001698 0.357260
  4   2.033756 0.190472 -0.000128 -0.000010 0.000216 -0.139576
  5   2.451511 0.204909 -0.003447 -0.015474 -0.009614 -0.515629
  6   7.247600 -0.397300 -0.109469 0.000001 -0.000003 0.156829
  7   -2.022252 -0.104661 3.136172 0.492621 -1.326118 -3.779088
  8   1.168026 -0.537438 -0.063437 0.394725 0.667033 0.770386
  9   6.790376 -0.619176 0.015206 -0.176306 0.067657 -0.626004
 10   8.637599 0.544015 -0.090417 -1.635544 0.197174 -0.510510
 11   6.790465 -0.619039 0.017802 -0.120689 0.047104 -0.451335
 12   -2.022474 -0.104699 -2.873818 -0.454649 1.414362 -3.748527
 13   1.167898 -0.537463 0.063297 0.516310 -0.783196 0.676688
 14   7.002743 -0.617765 -0.183752 -0.004610 -0.051481 -0.202057
 15   8.209042 0.615527 -0.255885 1.608558 -0.227496 0.448377
 16   7.002735 -0.617911 -0.183641 0.010579 -0.034529 -0.160270
 17   1.574674 0.609930 -0.000899 -0.035299 -0.034522 -0.738526
 18   -0.602177 0.511412 -0.000006 0.000000 0.000000 0.000000
 19   3.673773 0.177020 1.119313 -0.000002 -0.000014 -0.174510
 20   3.677673 0.176993 -1.117566 0.000007 -0.000003 -0.174546
 21   3.938451 1.330634 1.627658 0.000002 -0.000011 -0.000026
 22   -0.246060 -0.011889 0.516521 -0.000011 0.000031 0.000025
 23   3.942374 1.330659 -1.631083 0.000019 0.000002 -0.000024
 24   -0.246150 -0.011872 -0.516511 -0.000005 -0.000006 0.000048
 25   4.941364 1.997338 1.629330 0.000018 -0.000001 -0.000024
 26   4.941382 1.997366 -1.629410 -0.000001 0.000005 -0.000024
 27   2.918368 1.615358 1.514501 -0.000019 -0.000022 -0.000050
 28   2.920798 1.614964 -1.501142 -0.000002 -0.000009 -0.000024
 29   8.714680 0.013821 0.091743 -0.037959 0.012374 -0.780972
 30   2.009519 -0.748685 1.784320 -0.013609 0.007077 -0.233635
 31   2.113477 -0.748795 -1.853599 -0.015552 0.008547 -0.264764
 32   -0.810489 -0.093824 3.127092 -0.270422 -3.093571 -0.232243
 33   14.298673 -0.408176 0.475484 0.000691 -0.000003 -0.661019
 34   15.835795 0.581398 0.242756 0.009333 -0.020328 -0.212006
 35   -0.815868 -0.091229 -3.114430 0.138372 3.103587 0.224630
 36   14.294526 -0.410349 -0.463635 -0.000710 0.000120 -0.528284
 37   15.834409 0.579420 -0.284600 -0.164656 -0.007817 -0.195975
 38   1.284221 -3.449842 -2.823813 0.016839 -0.049046 0.790625
 39   -4.414772 -1.004071 -0.746180 0.010283 -0.015172 0.270810
 40   1.137633 -3.742747 3.221664 0.016839 -0.049045 0.790563
 41   -4.476810 -1.109913 0.959566 0.010294 -0.015172 0.270810
 42   -0.317614 -0.056658 -2.786273 0.016359 -0.045014 0.731618
 43   -0.433592 -0.301483 2.763905 0.016355 -0.045017 0.731618
time 20
  0   -0.233149 0.695334 2.801238 0.000000 0.000000 -1.571069
  1   -1.093036 0.000002 -0.326057 -1.570757 -0.260253 0.001377
  2   2.262337 0.113614 0.064702 -0.000090 0.007084 -0.016710
  3   2.380047 0.353302 0.047440 0.000480 0.001698 0.357260
  4   2.033756 0.190472 -0.000128 -0.000010 0.000216 -0.139576
  5   2.451511 0.204909 -0.003447 -0.015491 -0.009601 -0.514490
  6   7.247600 -0.397300 -0.109469 0.000001 -0.000003 0.156829
  7   -2.022252 -0.104661 3.136172 0.491470 -1.325310 -3.777962
  8   1.168026 -0.537438 -0.063437 0.410102 0.704668 0.799928
  9   6.790376 -0.619176 0.015206 -0.174364 0.113374 -0.612571
 10   8.637599 0.544015 -0.090417 -1.636161 0.198089 -0.510293
 11   6.790465 -0.619039 0.017802 -0.116572 0.078855 -0.441011
 12   -2.022474 -0.104699 -2.873818 -0.455416 1.414420 -3.749293
 13   1.167898 -0.537463 0.063297 0.496979 -0.819505 0.713614
 14   7.002743 -0.617765 -0.183752 -0.003984 -0.071412 -0.160309
 15   8.209042 0.615527 -0.255885 1.608199 -0.228403 0.448076
 16   7.002735 -0.617911 -0.183641 0.011049 -0.048795 -0.131239
 17   1.574674 0.609930 -0.000899 -0.035299 -0.034451 -0.737676
 18   -0.602177 0.511412 -0.000006 0.000000 0.000000 0.000000
 19   3.673773 0.177020 1.119313 -0.000002 -0.000014 -0.174510
 20   3.677673 0.176993 -1.117566 0.000007 -0.000003 -0.174546
 21   3.938451 1.330634 1.627658 0.000002 -0.000011 -0.000026
 22   -0.246060 -0.011889 0.516521 -0.000011 0.000031 0.000025
 23   3.942374 1.330659 -1.631083 0.000019 0.000002 -0.000024
 24   -0.246150 -0.011872 -0.516511 -0.000005 -0.000006 0.000048
 25   4.941364 1.997338 1.629330 0.000018 -0.000001 -0.000024
 26   4.941382 1.997366 -1.629410 -0.000001 0.000005 -0.000024
 27   2.918368 1.615358 1.514501 -0.000019 -0.000022 -0.000050
 28   2.920798 1.614964 -1.501142 -0.000002 -0.000009 -0.000024
 29   8.710773 0.006008 0.091743 -0.039296 0.012825 -0.803129
 30   2.005613 -0.748685 1.784320 -0.014111 0.007397 -0.242169
 31   2.113477 -0.760514 -1.853599 -0.016134 0.008858 -0.274444
 32   -0.810489 -0.093824 3.127092 -0.269396 -3.094144 -0.295938
 33   14.298673 -0.408176 0.475484 0.000655 -0.000003 -0.656493
 34   15.835795 0.581398 0.242756 0.009080 -0.020084 -0.211742
 35   -0.815868 -0.091229 -3.114430 0.138548 3.103868 0.277160
 36   14.294526 -0.410349 -0.463635 -0.000662 0.000120 -0.523572
 37   15.834409 0.579420 -0.284600 -0.165129 -0.008533 -0.197749
 38   1.284221 -3.449842 -2.823813 0.016881 -0.049564 0.798567
 39   -4.414772 -1.004071 -0.746180 0.010582 -0.015664 0.279223
 40   1.137633 -3.746653 3.221664 0.016881 -0.049563 0.798505
 41   -4.476810 -1.109913 0.959566 0.010593 -0.015664 0.279223
 42   -0.301988 -0.119160 -2.794086 0.016946 -0.046685 0.758342
 43   -0.421873 -0.375704 2.756092 0.016942 -0.046680 0.758342
time 21
  0   -0.233149 0.695334 2.801238 0.000000 0.000000 -1.571069
  1   -1.093036 0.000002 -0.326057 -1.570757 -0.260253 0.001377
  2   2.262337 0.113614 0.064702 -0.000090 0.007084 -0.016710
  3   2.380047 0.353302 0.047440 0.000480 0.001698 0.357260
  4   2.033756 0.190472 -0.000128 -0.000010 0.000216 -0.139576
  5   2.451511 0.204909 -0.003447 -0.015508 -0.009601 -0.513326
  6   7.247600 -0.397300 -0.109469 0.000001 -0.000003 0.156829
  7   -2.022252 -0.104661 3.136172 0.490608 -1.324474 -3.776929
  8   1.168026 -0.537438 -0.063437 0.422758 0.732492 0.823082
  9   6.790376 -0.619176 0.015206 -0.168317 0.147278 -0.599817
 10   8.637599 0.544015 -0.090417 -1.636513 0.199074 -0.510148
 11   6.790465 -0.619039 0.017802 -0.110412 0.102135 -0.431148
 12   -2.022474 -0.104699 -2.873818 -0.456374 1.414449 -3.750346
 13   1.167898 -0.537463 0.063297 0.480952 -0.846102 0.742671
 14   7.002743 -0.617765 -0.183752 -0.004098 -0.086290 -0.129122
 15   8.209042 0.615527 -0.255885 1.607624 -0.229463 0.447715
 16   7.002735 -0.617911 -0.183641 0.011096 -0.059283 -0.109493
 17   1.574674 0.609930 -0.000899 -0.035421 -0.034380 -0.736974
 18   -0.602177 0.511412 -0.000006 0.000000 0.000000 0.000000
 19   3.673773 0.177020 1.119313 -0.000002 -0.000014 -0.174510
 20   3.677673 0.176993 -1.117566 0.000007 -0.000003 -0.174546
 21   3.938451 1.330634 1.627658 0.000002 -0.000011 -0.000026
 22   -0.246060 -0.011889 0.516521 -0.000011 0.000031 0.000025
 23   3.942374 1.330659 -1.631083 0.000019 0.000002 -0.000024
 24   -0.246150 -0.011872 -0.516511 -0.000005 -0.000006 0.000048
 25   4.941364 1.997338 1.629330 0.000018 -0.000001 -0.000024
 26   4.941382 1.997366 -1.629410 -0.000001 0.000005 -0.000024
 27   2.918368 1.615358 1.514501 -0.000019 -0.000022 -0.000050
 28   2.920798 1.614964 -1.501142 -0.000002 -0.000009 -0.000024
 29   8.706867 0.006008 0.091743 -0.040366 0.013181 -0.819760
 30   2.005613 -0.760404 1.784320 -0.014504 0.007600 -0.248581
 31   2.113477 -0.760514 -1.853599 -0.016563 0.009091 -0.281704
 32   -0.810489 -0.093824 3.127092 -0.269956 -3.094431 -0.261216
 33   14.298673 -0.408176 0.475484 0.000607 -0.000016 -0.651888
 34   15.835795 0.581398 0.242756 0.008873 -0.019840 -0.211477
 35   -0.815868 -0.091229 -3.114430 0.138636 3.103962 0.242651
 36   14.294526 -0.410349 -0.463635 -0.000639 0.000120 -0.519092
 37   15.834409 0.579420 -0.284600 -0.165602 -0.009224 -0.199575
 38   1.284221 -3.449842 -2.823813 0.016902 -0.049986 0.804493
 39   -4.410866 -1.004071 -0.746180 0.010822 -0.016011 0.285534
 40   1.137633 -3.746653 3.221664 0.016902 -0.049985 0.804554
 41   -4.480716 -1.109913 0.959566 0.010821 -0.016011 0.285534
 42   -0.298082 -0.173849 -2.794086 0.017402 -0.047896 0.778416
 43   -0.414060 -0.434300 2.756092 0.017392 -0.047920 0.778416
time 22
  0   -0.233149 0.695334 2.801238 0.000000 0.000000 -1.571069
  1   -1.093036 0.000002 -0.326057 -1.570757 -0.260253 0.001377
  2   2.262337 0.113614 0.064702 -0.000090 0.007084 -0.016710
  3   2.380047 0.353302 0.047440 0.000480 0.001698 0.357260
  4   2.033756 0.190472 -0.000128 -0.000010 0.000216 -0.139576
  5   2.451511 0.204909 -0.003447 -0.015525 -0.009601 -0.512261
  6   7.247600 -0.397300 -0.109469 0.000001 -0.000003 0.156829
  7   -2.022252 -0.104661 3.136172 0.489841 -1.323696 -3.776177
  8   1.168026 -0.537438 -0.063437 0.431301 0.750102 0.838138
  9   6.790376 -0.619176 0.015206 -0.158275 0.169636 -0.587365
 10   8.637599 0.544015 -0.090417 -1.637218 0.199919 -0.509931
 11   6.790465 -0.619039 0.017802 -0.102237 0.116973 -0.422036
 12   -2.022474 -0.104699 -2.873818 -0.457332 1.414507 -3.751112
 13   1.167898 -0.537463 0.063297 0.470056 -0.862985 0.761679
 14   7.002743 -0.617765 -0.183752 -0.004382 -0.095545 -0.109321
 15   8.209042 0.615527 -0.255885 1.606977 -0.230371 0.447415
 16   7.002735 -0.617911 -0.183641 0.011002 -0.066050 -0.095695
 17   1.574674 0.609930 -0.000899 -0.035421 -0.034309 -0.736161
 18   -0.602177 0.511412 -0.000006 0.000000 0.000000 0.000000
 19   3.673773 0.177020 1.119313 -0.000002 -0.000014 -0.174510
 20   3.677673 0.176993 -1.117566 0.000007 -0.000003 -0.174546
 21   3.938451 1.330634 1.627658 0.000002 -0.000011 -0.000026
 22   -0.246060 -0.011889 0.516521 -0.000011 0.000031 0.000025
 23   3.942374 1.330659 -1.631083 0.000019 0.000002 -0.000024
 24   -0.246150 -0.011872 -0.516511 -0.000005 -0.000006 0.000048
 25   4.941364 1.997338 1.629330 0.000018 -0.000001 -0.000024
 26   4.941382 1.997366 -1.629410 -0.000001 0.000005 -0.000024
 27   2.918368 1.615358 1.514501 -0.000019 -0.000022 -0.000050
 28   2.920798 1.614964 -1.501142 -0.000002 -0.000009 -0.000024
 29   8.706867 0.006008 0.091743 -0.040989 0.013395 -0.830221
 30   1.997800 -0.760404 1.784320 -0.014721 0.007745 -0.252612
 31   2.113477 -0.768327 -1.861412 -0.016808 0.009273 -0.286290
 32   -0.810489 -0.093824 3.127092 -0.271913 -3.094908 -0.159268
 33   14.298673 -0.408176 0.475484 0.000571 -0.000016 -0.647521
 34   15.835795 0.581398 0.242756 0.008712 -0.019596 -0.211168
 35   -0.815868 -0.091229 -3.114430 0.139340 3.104431 0.141042
 36   14.294526 -0.410349 -0.463635 -0.000591 0.000108 -0.514612
 37   15.834409 0.579420 -0.284600 -0.165996 -0.009915 -0.201248
 38   1.284221 -3.445936 -2.823813 0.016902 -0.050227 0.808281
 39   -4.410866 -0.996258 -0.746180 0.010978 -0.016239 0.289516
 40   1.137633 -3.746653 3.221664 0.016902 -0.050238 0.808342
 41   -4.480716 -1.113819 0.959566 0.010977 -0.016239 0.289516
 42   -0.290269 -0.205100 -2.794086 0.017677 -0.048678 0.791046
 43   -0.414060 -0.469457 2.756092 0.017667 -0.048673 0.791046
time 23
  0   -0.233149 0.695334 2.801238 0.000000 0.000000 -1.571069
  1   -1.093036 0.000002 -0.326057 -1.570757 -0.260253 0.001377
  2   2.262337 0.113614 0.064702 -0.000090 0.007084 -0.016710
  3   2.380047 0.353302 0.047440 0.000480 0.001698 0.357260
  4   2.033756 0.190472 -0.000128 -0.000010 0.000216 -0.139576
  5   2.451511 0.204909 -0.003447 -0.015525 -0.009588 -0.511097
  6   7.247600 -0.397300 -0.109469 0.000001 -0.000003 0.156829
  7   -2.022252 -0.104661 3.136172 0.488690 -1.322947 -3.775238
  8   1.168026 -0.537438 -0.063437 0.434465 0.756190 0.843515
  9   6.790376 -0.619176 0.015206 -0.144516 0.180514 -0.575441
 10   8.637599 0.544015 -0.090417 -1.637834 0.200834 -0.509714
 11   6.790465 -0.619039 0.017802 -0.092223 0.123653 -0.413731
 12   -2.022474 -0.104699 -2.873818 -0.458194 1.414623 -3.752069
 13   1.167898 -0.537463 0.063297 0.466050 -0.868731 0.768519
 14   7.002743 -0.617765 -0.183752 -0.004610 -0.098896 -0.102473
 15   8.209042 0.615527 -0.255885 1.606329 -0.231203 0.447174
 16   7.002735 -0.617911 -0.183641 0.010955 -0.068418 -0.090838
 17   1.574674 0.609930 -0.000899 -0.035543 -0.034238 -0.735311
 18   -0.602177 0.511412 -0.000006 0.000000 0.000000 0.000000
 19   3.677679 0.177020 1.119313 -0.000002 -0.000014 -0.174510
 20   3.677673 0.176993 -1.117566 0.000007 -0.000003 -0.174546
 21   3.942357 1.330634 1.627658 0.000002 -0.000011 -0.000026
 22   -0.246060 -0.011889 0.516521 -0.000011 0.000031 0.000025
 23   3.942374 1.330659 -1.631083 0.000019 0.000002 -0.000024
 24   -0.246150 -0.011872 -0.516511 -0.000005 -0.000006 0.000048
 25   4.941364 1.997338 1.629330 0.000018 -0.000001 -0.000024
 26   4.941382 1.997366 -1.629410 -0.000001 0.000005 -0.000024
 27   2.918368 1.615358 1.514501 -0.000019 -0.000022 -0.000050
 28   2.920798 1.614964 -1.501142 -0.000002 -0.000009 -0.000024
 29   8.706867 0.002102 0.091743 -0.041257 0.013466 -0.833869
 30   1.997800 -0.760404 1.784320 -0.014816 0.007804 -0.254006
 31   2.113477 -0.768327 -1.861412 -0.016931 0.009325 -0.287873
 32   -0.810489 -0.093824 3.127092 -0.273218 -3.095959 -0.011669
 33   14.298673 -0.408176 0.475484 0.000523 -0.000016 -0.643234
 34   15.835795 0.581398 0.242756 0.008528 -0.019376 -0.210948
 35   -0.815868 -0.091229 -3.114430 0.140132 3.105086 -0.006306
 36   14.294526 -0.410349 -0.463635 -0.000543 0.000108 -0.510209
 37   15.834409 0.579420 -0.284600 -0.166469 -0.010555 -0.202972
 38   1.284221 -3.445936 -2.823813 0.016945 -0.050311 0.809564
 39   -4.410866 -0.996258 -0.746180 0.011038 -0.016335 0.290890
 40   1.137633 -3.746653 3.221664 0.016945 -0.050310 0.809563
 41   -4.480716 -1.113819 0.959566 0.011037 -0.016335 0.290890
 42   -0.286363 -0.212913 -2.794086 0.017773 -0.048954 0.795437
 43   -0.414060 -0.481176 2.756092 0.017767 -0.048971 0.795437
time 24
  0   -0.233149 0.695334 2.801238 0.000000 0.000000 -1.571069
  1   -1.093036 0.000002 -0.326057 -1.570757 -0.260253 0.001377
  2   2.262337 0.113614 0.064702 -0.000090 0.007084 -0.016710
  3   2.380047 0.353302 0.047440 0.000480 0.001698 0.357260
  4   2.033756 0.190472 -0.000128 -0.000010 0.000216 -0.139576
  5   2.451511 0.204909 -0.003447 -0.015525 -0.009588 -0.510032
  6   7.247600 -0.397300 -0.109469 0.000001 -0.000003 0.156829
  7   -2.022252 -0.104661 3.136172 0.488019 -1.322255 -3.774299
  8   1.168026 -0.537438 -0.063437 0.429023 0.751410 0.836240
  9   6.790376 -0.619176 0.015206 -0.126319 0.180781 -0.562989
 10   8.637599 0.544015 -0.090417 -1.638362 0.201890 -0.509497
 11   6.790465 -0.619039 0.017802 -0.079668 0.122658 -0.405368
 12   -2.022474 -0.104699 -2.873818 -0.458865 1.414623 -3.752835
 13   1.167898 -0.537463 0.063297 0.472095 -0.864154 0.760105
 14   7.002743 -0.617765 -0.183752 -0.005008 -0.096056 -0.107753
 15   8.209042 0.615527 -0.255885 1.606042 -0.232111 0.446813
 16   7.002735 -0.617911 -0.183641 0.010579 -0.066388 -0.094425
 17   1.574674 0.609930 -0.000899 -0.035624 -0.034167 -0.734460
 18   -0.602177 0.511412 -0.000006 0.000000 0.000000 0.000000
 19   3.673773 0.177020 1.119313 -0.000002 -0.000014 -0.174510
 20   3.677673 0.176993 -1.117566 0.000007 -0.000003 -0.174546
 21   3.942357 1.330634 1.627658 0.000002 -0.000011 -0.000026
 22   -0.246060 -0.011889 0.516521 -0.000011 0.000031 0.000025
 23   3.942374 1.330659 -1.631083 0.000019 0.000002 -0.000024
 24   -0.246150 -0.011872 -0.516511 -0.000005 -0.000006 0.000048
 25   4.941364 1.997338 1.629330 0.000018 -0.000001 -0.000024
 26   4.941382 1.997366 -1.629410 -0.000001 0.000005 -0.000024
 27   2.918368 1.615358 1.514501 -0.000019 -0.000022 -0.000050
 28   2.920798 1.614964 -1.501142 -0.000002 -0.000009 -0.000024
 29   8.706867 0.006008 0.091743 -0.040989 0.013395 -0.830221
 30   1.997800 -0.760404 1.784320 -0.014721 0.007745 -0.252612
 31   2.113477 -0.768327 -1.861412 -0.016808 0.009273 -0.286290
 32   -0.810489 -0.093824 3.127092 -0.274150 -3.097201 0.136044
 33   14.298673 -0.408176 0.475484 0.000499 -0.000016 -0.638946
 34   15.835795 0.581398 0.242756 0.008459 -0.019132 -0.210727
 35   -0.815868 -0.091229 -3.114430 0.140924 3.105742 -0.153598
 36   14.294526 -0.410349 -0.463635 -0.000519 0.000108 -0.505806
 37   15.834409 0.579420 -0.284600 -0.166922 -0.011195 -0.204696
 38   1.284221 -3.445936 -2.823813 0.016902 -0.050227 0.808281
 39   -4.410866 -0.996258 -0.746180 0.010978 -0.016239 0.289516
 40   1.137633 -3.746653 3.221664 0.016902 -0.050238 0.808342
 41   -4.480716 -1.113819 0.959566 0.010977 -0.016239 0.289516
 42   -0.290269 -0.205100 -2.794086 0.017677 -0.048678 0.791046
 43   -0.414060 -0.469457 2.756092 0.017667 -0.048673 0.791046
time 25
  0   -0.233149 0.695334 2.801238 0.000000 0.000000 -1.571069
  1   -1.093036 0.000002 -0.326057 -1.570757 -0.260253 0.001377
  2   2.262337 0.113614 0.064702 -0.000090 0.007084 -0.016710
  3   2.380047 0.353302 0.047440 0.000480 0.001698 0.357260
  4   2.033756 0.190472 -0.000128 -0.000010 0.000216 -0.139576
  5   2.451511 0.204909 -0.003447 -0.015525 -0.009575 -0.508992
  6   7.247600 -0.397300 -0.109469 0.000001 -0.000003 0.156829
  7   -2.022252 -0.104661 3.136172 0.487157 -1.321476 -3.773266
  8   1.168026 -0.537438 -0.063437 0.413456 0.736517 0.814352
  9   6.790376 -0.619176 0.015206 -0.102407 0.170704 -0.549254
 10   8.637599 0.544015 -0.090417 -1.638803 0.202805 -0.509280
 11   6.790465 -0.619039 0.017802 -0.063873 0.114102 -0.396486
 12   -2.022474 -0.104699 -2.873818 -0.459823 1.414710 -3.753697
 13   1.167898 -0.537463 0.063297 0.490161 -0.850017 0.734559
 14   7.002743 -0.617765 -0.183752 -0.006660 -0.087368 -0.123677
 15   8.209042 0.615527 -0.255885 1.605395 -0.233019 0.446573
 16   7.002735 -0.617911 -0.183641 0.009308 -0.060129 -0.105574
 17   1.574674 0.609930 -0.000899 -0.035624 -0.034096 -0.733721
 18   -0.602177 0.511412 -0.000006 0.000000 0.000000 0.000000
 19   3.673773 0.177020 1.119313 -0.000002 -0.000014 -0.174510
 20   3.677673 0.176993 -1.117566 0.000007 -0.000003 -0.174546
 21   3.938451 1.330634 1.627658 0.000002 -0.000011 -0.000026
 22   -0.246060 -0.011889 0.516521 -0.000011 0.000031 0.000025
 23   3.942374 1.330659 -1.631083 0.000019 0.000002 -0.000024
 24   -0.246150 -0.011872 -0.516511 -0.000005 -0.000006 0.000048
 25   4.941364 1.997338 1.629330 0.000018 -0.000001 -0.000024
 26   4.941382 1.997366 -1.629410 -0.000001 0.000005 -0.000024
 27   2.918368 1.615358 1.514501 -0.000019 -0.000022 -0.000050
 28   2.920798 1.614964 -1.501142 -0.000002 -0.000009 -0.000024
 29   8.706867 0.006008 0.091743 -0.040366 0.013181 -0.819760
 30   2.005613 -0.760404 1.784320 -0.014504 0.007600 -0.248581
 31   2.113477 -0.760514 -1.853599 -0.016563 0.009091 -0.281704
 32   -0.810489 -0.093824 3.127092 -0.274616 -3.098155 0.237763
 33   14.298673 -0.408176 0.475484 0.000452 -0.000029 -0.634738
 34   15.835795 0.581398 0.242756 0.008390 -0.018815 -0.210463
 35   -0.815868 -0.091229 -3.114430 0.141628 3.106023 -0.255262
 36   14.294526 -0.410349 -0.463635 -0.000483 0.000108 -0.501712
 37   15.834409 0.579420 -0.284600 -0.167316 -0.011835 -0.206369
 38   1.284221 -3.449842 -2.823813 0.016902 -0.049986 0.804493
 39   -4.410866 -1.004071 -0.746180 0.010822 -0.016011 0.285534
 40   1.137633 -3.746653 3.221664 0.016902 -0.049985 0.804554
 41   -4.480716 -1.109913 0.959566 0.010821 -0.016011 0.285534
 42   -0.298082 -0.173849 -2.794086 0.017402 -0.047896 0.778416
 43   -0.414060 -0.434300 2.756092 0.017392 -0.047920 0.778416
time 26
  0   -0.233149 0.695334 2.801238 0.000000 0.000000 -1.571069
  1   -1.093036 0.000002 -0.326057 -1.570757 -0.260253 0.001377
  2   2.262337 0.113614 0.064702 -0.000090 0.007084 -0.016710
  3   2.380047 0.353302 0.047440 0.000480 0.001698 0.357260
  4   2.033756 0.190472 -0.000128 -0.000010 0.000216 -0.139576
  5   2.451511 0.204909 -0.003447 -0.015525 -0.009575 -0.508051
  6   7.247600 -0.397300 -0.109469 0.000001 -0.000003 0.156829
  7   -2.022252 -0.104661 3.136172 0.486486 -1.320785 -3.772327
  8   1.168026 -0.537438 -0.063437 0.388460 0.710555 0.778483
  9   6.790376 -0.619176 0.015206 -0.072892 0.149814 -0.534764
 10   8.637599 0.544015 -0.090417 -1.639243 0.203720 -0.509135
 11   6.790465 -0.619039 0.017802 -0.044779 0.097786 -0.387488
 12   -2.022474 -0.104699 -2.873818 -0.460589 1.414739 -3.754367
 13   1.167898 -0.537463 0.063297 0.519122 -0.825252 0.693214
 14   7.002743 -0.617765 -0.183752 -0.009791 -0.072604 -0.150821
 15   8.209042 0.615527 -0.255885 1.605179 -0.233927 0.446332
 16   7.002735 -0.617911 -0.183641 0.007095 -0.049641 -0.124616
 17   1.574674 0.609930 -0.000899 -0.035705 -0.034025 -0.733093
 18   -0.602177 0.511412 -0.000006 0.000000 0.000000 0.000000
 19   3.677679 0.177020 1.119313 -0.000002 -0.000014 -0.174510
 20   3.677673 0.176993 -1.117566 0.000007 -0.000003 -0.174546
 21   3.942357 1.330634 1.627658 0.000002 -0.000011 -0.000026
 22   -0.246060 -0.011889 0.516521 -0.000011 0.000031 0.000025
 23   3.942374 1.330659 -1.631083 0.000019 0.000002 -0.000024
 24   -0.246150 -0.011872 -0.516511 -0.000005 -0.000006 0.000048
 25   4.941364 1.997338 1.629330 0.000018 -0.000001 -0.000024
 26   4.941382 1.997366 -1.629410 -0.000001 0.000005 -0.000024
 27   2.918368 1.615358 1.514501 -0.000019 -0.000022 -0.000050
 28   2.920798 1.622777 -1.501142 -0.000002 -0.000009 -0.000024
 29   8.710773 0.006008 0.091743 -0.039296 0.012825 -0.803129
 30   2.005613 -0.748685 1.784320 -0.014111 0.007397 -0.242169
 31   2.113477 -0.760514 -1.853599 -0.016134 0.008858 -0.274444
 32   -0.810489 -0.093824 3.127092 -0.274896 -3.098442 0.272600
 33   14.298673 -0.408176 0.475484 0.000428 -0.000029 -0.630768
 34   15.835795 0.581398 0.242756 0.008344 -0.018522 -0.210198
 35   -0.815868 -0.091229 -3.114430 0.141012 3.106211 -0.289881
 36   14.294526 -0.410349 -0.463635 -0.000435 0.000108 -0.497541
 37   15.834409 0.579420 -0.284600 -0.167710 -0.012449 -0.207890
 38   1.284221 -3.449842 -2.823813 0.016881 -0.049564 0.798567
 39   -4.414772 -1.004071 -0.746180 0.010582 -0.015664 0.279223
 40   1.137633 -3.746653 3.221664 0.016881 -0.049563 0.798505
 41   -4.476810 -1.109913 0.959566 0.010593 -0.015664 0.279223
 42   -0.301988 -0.119160 -2.794086 0.016946 -0.046685 0.758342
 43   -0.421873 -0.375704 2.756092 0.016942 -0.046680 0.758342
time 27
  0   -0.233149 0.695334 2.801238 0.000000 0.000000 -1.571069
  1   -1.093036 0.000002 -0.326057 -1.570757 -0.260253 0.001377
  2   2.262337 0.113614 0.064702 -0.000090 0.007084 -0.016710
  3   2.380047 0.353302 0.047440 0.000480 0.001698 0.357260
  4   2.033756 0.190472 -0.000128 -0.000010 0.000216 -0.139576
  5   2.451511 0.204909 -0.003447 -0.015611 -0.009575 -0.506986
  6   7.247600 -0.397300 -0.109469 0.000001 -0.000003 0.156829
  7   -2.022252 -0.104661 3.136172 0.485335 -1.320093 -3.771669
  8   1.168026 -0.537438 -0.063437 0.355491 0.672316 0.729962
  9   6.790376 -0.619176 0.015206 -0.038217 0.117512 -0.520199
 10   8.637599 0.544015 -0.090417 -1.639771 0.204565 -0.508846
 11   6.790465 -0.619039 0.017802 -0.022356 0.073369 -0.378260
 12   -2.022474 -0.104699 -2.873818 -0.461356 1.414797 -3.755229
 13   1.167898 -0.537463 0.063297 0.556588 -0.788485 0.637522
 14   7.002743 -0.617765 -0.183752 -0.014744 -0.051992 -0.189351
 15   8.209042 0.615527 -0.255885 1.604819 -0.234759 0.445971
 16   7.002735 -0.617911 -0.183641 0.003565 -0.034867 -0.151384
 17   1.574674 0.609930 -0.000899 -0.035746 -0.033954 -0.732391
 18   -0.602177 0.511412 -0.000006 0.000000 0.000000 0.000000
 19   3.673773 0.177020 1.119313 -0.000002 -0.000014 -0.174510
 20   3.677673 0.176993 -1.117566 0.000007 -0.000003 -0.174546
 21   3.942357 1.330634 1.627658 0.000002 -0.000011 -0.000026
 22   -0.246060 -0.011889 0.516521 -0.000011 0.000031 0.000025
 23   3.942374 1.330659 -1.631083 0.000019 0.000002 -0.000024
 24   -0.246150 -0.011872 -0.516511 -0.000005 -0.000006 0.000048
 25   4.941364 1.997338 1.629330 0.000018 -0.000001 -0.000024
 26   4.941382 1.997366 -1.629410 -0.000001 0.000005 -0.000024
 27   2.918368 1.615358 1.514501 -0.000019 -0.000022 -0.000050
 28   2.920798 1.614964 -1.501142 -0.000002 -0.000009 -0.000024
 29   8.714680 0.013821 0.091743 -0.037959 0.012374 -0.780972
 30   2.009519 -0.748685 1.784320 -0.013609 0.007077 -0.233635
 31   2.113477 -0.748795 -1.853599 -0.015552 0.008547 -0.264764
 32   -0.810489 -0.093824 3.127092 -0.274989 -3.098824 0.221996
 33   14.298673 -0.408176 0.475484 0.000392 -0.000029 -0.626878
 34   15.835795 0.581398 0.242756 0.008321 -0.018229 -0.209845
 35   -0.815868 -0.091229 -3.114430 0.142156 3.106211 -0.236693
 36   14.294526 -0.410349 -0.463635 -0.000399 0.000096 -0.493679
 37   15.834409 0.579420 -0.284600 -0.168124 -0.013038 -0.209411
 38   1.284221 -3.449842 -2.823813 0.016839 -0.049046 0.790625
 39   -4.414772 -1.004071 -0.746180 0.010283 -0.015172 0.270810
 40   1.137633 -3.742747 3.221664 0.016839 -0.049045 0.790563
 41   -4.476810 -1.109913 0.959566 0.010294 -0.015172 0.270810
 42   -0.317614 -0.056658 -2.786273 0.016359 -0.045014 0.731618
 43   -0.433592 -0.301483 2.763905 0.016355 -0.045017 0.731618
time 28
  0   -0.233149 0.695334 2.801238 0.000000 0.000000 -1.571069
  1   -1.093036 0.000002 -0.326057 -1.570757 -0.260253 0.001377
  2   2.262337 0.113614 0.064702 -0.000090 0.007084 -0.016710
  3   2.380047 0.353302 0.047440 0.000480 0.001698 0.357260
  4   2.033756 0.190472 -0.000128 -0.000010 0.000216 -0.139576
  5   2.451511 0.204909 -0.003447 -0.015628 -0.009575 -0.506045
  6   7.247600 -0.397300 -0.109469 0.000001 -0.000003 0.156829
  7   -2.022252 -0.104661 3.136172 0.484664 -1.319430 -3.770918
  8   1.168026 -0.537438 -0.063437 0.316890 0.620140 0.670624
  9   6.790376 -0.619176 0.015206 0.001396 0.073797 -0.506237
 10   8.637599 0.544015 -0.090417 -1.640476 0.205339 -0.508846
 11   6.790465 -0.619039 0.017802 0.003045 0.040623 -0.369494
 12   -2.022474 -0.104699 -2.873818 -0.462122 1.414826 -3.755995
 13   1.167898 -0.537463 0.063297 0.599468 -0.738192 0.569965
 14   7.002743 -0.617765 -0.183752 -0.022373 -0.025360 -0.239597
 15   8.209042 0.615527 -0.255885 1.604316 -0.235440 0.445791
 16   7.002735 -0.617911 -0.183641 -0.001614 -0.015808 -0.186542
 17   1.574674 0.609930 -0.000899 -0.035827 -0.033907 -0.731615
 18   -0.602177 0.511412 -0.000006 0.000000 0.000000 0.000000
 19   3.677679 0.177020 1.119313 -0.000002 -0.000014 -0.174510
 20   3.677673 0.176993 -1.117566 0.000007 -0.000003 -0.174546
 21   3.942357 1.330634 1.627658 0.000002 -0.000011 -0.000026
 22   -0.246060 -0.011889 0.516521 -0.000011 0.000031 0.000025
 23   3.942374 1.330659 -1.631083 0.000019 0.000002 -0.000024
 24   -0.246150 -0.011872 -0.516511 -0.000005 -0.000006 0.000048
 25   4.941364 1.997338 1.629330 0.000018 -0.000001 -0.000024
 26   4.941382 1.997366 -1.629410 -0.000001 0.000005 -0.000024
 27   2.918368 1.615358 1.514501 -0.000019 -0.000022 -0.000050
 28   2.920798 1.614964 -1.501142 -0.000002 -0.000009 -0.000024
 29   8.726399 0.017727 0.091743 -0.036266 0.011780 -0.753880
 30   2.009519 -0.740872 1.784320 -0.012999 0.006757 -0.223214
 31   2.113477 -0.740982 -1.853599 -0.014878 0.008185 -0.252974
 32   -0.810489 -0.093824 3.127092 -0.275735 -3.099779 0.078268
 33   14.298673 -0.408176 0.475484 0.000356 -0.000029 -0.622987
 34   15.835795 0.581398 0.242756 0.008275 -0.017912 -0.209536
 35   -0.815868 -0.091229 -3.114430 0.142772 3.106492 -0.085621
 36   14.294526 -0.410349 -0.463635 -0.000363 0.000096 -0.489662
 37   15.834409 0.579420 -0.284600 -0.168518 -0.013652 -0.210983
 38   1.284221 -3.453749 -2.823813 0.016818 -0.048383 0.780911
 39   -4.414772 -1.004071 -0.746180 0.009899 -0.014597 0.260573
 40   1.137633 -3.742747 3.221664 0.016818 -0.048382 0.780849
 41   -4.476810 -1.109913 0.959566 0.009898 -0.014597 0.260573
 42   -0.329333 0.017563 -2.782367 0.015628 -0.043005 0.698998
 43   -0.445311 -0.215543 2.767811 0.015618 -0.043024 0.698998
time 29
  0   -0.233149 0.695334 2.801238 0.000000 0.000000 -1.571069
  1   -1.093036 0.000002 -0.326057 -1.570757 -0.260253 0.001377
  2   2.262337 0.113614 0.064702 -0.000090 0.007084 -0.016710
  3   2.380047 0.353302 0.047440 0.000480 0.001698 0.357260
  4   2.033756 0.190472 -0.000128 -0.000010 0.000216 -0.139576
  5   2.451511 0.204909 -0.003447 -0.015645 -0.009562 -0.505178
  6   7.247600 -0.397300 -0.109469 0.000001 -0.000003 0.156829
  7   -2.022252 -0.104661 3.136172 0.483993 -1.318767 -3.769979
  8   1.168026 -0.537438 -0.063437 0.276074 0.552618 0.602619
  9   6.790376 -0.619176 0.015206 0.046057 0.018336 -0.494087
 10   8.637599 0.544015 -0.090417 -1.640476 0.205902 -0.508629
 11   6.790465 -0.619039 0.017802 0.031716 -0.000338 -0.361246
 12   -2.022474 -0.104699 -2.873818 -0.462889 1.414884 -3.756665
 13   1.167898 -0.537463 0.063297 0.644456 -0.672540 0.493752
 14   7.002743 -0.617765 -0.183752 -0.033646 0.006781 -0.301971
 15   8.209042 0.615527 -0.255885 1.604028 -0.236121 0.445611
 16   7.002735 -0.617911 -0.183641 -0.008863 0.007368 -0.229868
 17   1.574674 0.609930 -0.000899 -0.035827 -0.033836 -0.730986
 18   -0.602177 0.511412 -0.000006 0.000000 0.000000 0.000000
 19   3.673773 0.177020 1.119313 -0.000002 -0.000014 -0.174510
 20   3.677673 0.176993 -1.117566 0.000007 -0.000003 -0.174546
 21   3.942357 1.330634 1.627658 0.000002 -0.000011 -0.000026
 22   -0.246060 -0.011889 0.516521 -0.000011 0.000031 0.000025
 23   3.942374 1.330659 -1.631083 0.000019 0.000002 -0.000024
 24   -0.246150 -0.011872 -0.516511 -0.000005 -0.000006 0.000048
 25   4.941364 1.997338 1.629330 0.000018 -0.000001 -0.000024
 26   4.941382 1.997366 -1.629410 -0.000001 0.000005 -0.000024
 27   2.918368 1.615358 1.514501 -0.000019 -0.000022 -0.000050
 28   2.920798 1.614964 -1.501142 -0.000002 -0.000009 -0.000024
 29   8.730306 0.025540 0.091743 -0.034305 0.011140 -0.722657
 30   2.017332 -0.729153 1.784320 -0.012321 0.006380 -0.211163
 31   2.113477 -0.729263 -1.853599 -0.014050 0.007745 -0.239309
 32   -0.810489 -0.093824 3.127092 -0.276667 -3.100734 -0.107526
 33   14.298673 -0.408176 0.475484 0.000320 -0.000029 -0.619494
 34   15.835795 0.581398 0.242756 0.008229 -0.017619 -0.209360
 35   -0.815868 -0.091229 -3.114430 0.143652 3.106960 0.109929
 36   14.294526 -0.410349 -0.463635 -0.000327 0.000096 -0.485877
 37   15.834409 0.579420 -0.284600 -0.168912 -0.014215 -0.212504
 38   1.284221 -3.453749 -2.823813 0.016776 -0.047648 0.769608
 39   -4.418678 -1.011884 -0.746180 0.009468 -0.013914 0.248682
 40   1.137633 -3.734934 3.229477 0.016776 -0.047635 0.769669
 41   -4.468997 -1.102100 0.959566 0.009467 -0.013914 0.248682
 42   -0.352771 0.111316 -2.778461 0.014777 -0.040690 0.661275
 43   -0.453124 -0.110071 2.775624 0.014768 -0.040702 0.661275
time 30
  0   -0.233149 0.695334 2.801238 0.000000 0.000000 -1.571069
  1   -1.093036 0.000002 -0.326057 -1.570757 -0.260253 0.001377
  2   2.262337 0.113614 0.064702 -0.000090 0.007084 -0.016710
  3   2.380047 0.353302 0.047440 0.000480 0.001698 0.357260
  4   2.033756 0.190472 -0.000128 -0.000010 0.000216 -0.139576
  5   2.451511 0.204909 -0.003447 -0.015662 -0.009562 -0.504237
  6   7.247600 -0.397300 -0.109469 0.000001 -0.000003 0.156829
  7   -2.022252 -0.104661 3.136172 0.483322 -1.318133 -3.769228
  8   1.168026 -0.537438 -0.063437 0.235701 0.468593 0.528288
  9   6.790376 -0.619176 0.015206 0.095545 -0.048204 -0.484880
 10   8.637599 0.544015 -0.090417 -1.640652 0.206817 -0.508412
 11   6.790465 -0.619039 0.017802 0.063189 -0.049258 -0.354325
 12   -2.022474 -0.104699 -2.873818 -0.463464 1.414913 -3.757431
 13   1.167898 -0.537463 0.063297 0.687617 -0.590565 0.411606
 14   7.002743 -0.617765 -0.183752 -0.049587 0.043975 -0.376226
 15   8.209042 0.615527 -0.255885 1.603453 -0.236953 0.445370
 16   7.002735 -0.617911 -0.183641 -0.018796 0.034716 -0.281584
 17   1.574674 0.609930 -0.000899 -0.035908 -0.033812 -0.730358
 18   -0.602177 0.511412 -0.000006 0.000000 0.000000 0.000000
 19   3.673773 0.177020 1.119313 -0.000002 -0.000014 -0.174510
 20   3.677673 0.176993 -1.117566 0.000007 -0.000003 -0.174546
 21   3.938451 1.330634 1.627658 0.000002 -0.000011 -0.000026
 22   -0.246060 -0.011889 0.516521 -0.000011 0.000031 0.000025
 23   3.942374 1.330659 -1.631083 0.000019 0.000002 -0.000024
 24   -0.246150 -0.011872 -0.516511 -0.000005 -0.000006 0.000048
 25   4.941364 1.997338 1.629330 0.000018 -0.000001 -0.000024
 26   4.941382 1.997366 -1.629410 -0.000001 0.000005 -0.000024
 27   2.918368 1.615358 1.514501 -0.000019 -0.000022 -0.000050
 28   2.920798 1.614964 -1.501142 -0.000002 -0.000009 -0.000024
 29   8.734212 0.037259 0.091743 -0.032077 0.010404 -0.687732
 30   2.021238 -0.717434 1.784320 -0.011521 0.005915 -0.197740
 31   2.113477 -0.717544 -1.853599 -0.013177 0.007226 -0.224116
 32   -0.810489 -0.093824 3.127092 -0.277599 -3.101498 -0.251255
 33   14.298673 -0.408176 0.475484 0.000284 -0.000029 -0.615921
 34   15.835795 0.581398 0.242756 0.008206 -0.017375 -0.209007
 35   -0.815868 -0.091229 -3.114430 0.144269 3.107429 0.261056
 36   14.294526 -0.410349 -0.463635 -0.000291 0.000084 -0.482401
 37   15.834409 0.579420 -0.284600 -0.169247 -0.014804 -0.213873
 38   1.284221 -3.453749 -2.823813 0.016713 -0.046792 0.757145
 39   -4.418678 -1.011884 -0.746180 0.008964 -0.013159 0.235472
 40   1.137633 -3.734934 3.229477 0.016713 -0.046804 0.757083
 41   -4.468997 -1.102100 0.959566 0.008963 -0.013159 0.235472
 42   -0.372303 0.208975 -2.774554 0.013830 -0.038099 0.619245
 43   -0.464843 0.007120 2.783437 0.013831 -0.038097 0.619245
time 31
  0   -0.233149 0.695334 2.801238 0.000000 0.000000 -1.571069
  1   -1.093036 0.000002 -0.326057 -1.570757 -0.260253 0.001377
  2   2.262337 0.113614 0.064702 -0.000090 0.007084 -0.016710
  3   2.380047 0.353302 0.047440 0.000480 0.001698 0.357260
  4   2.033756 0.190472 -0.000128 -0.000010 0.000216 -0.139576
  5   2.451511 0.204909 -0.003447 -0.015662 -0.009562 -0.503395
  6   7.247600 -0.397300 -0.109469 0.000001 -0.000003 0.156829
  7   -2.022252 -0.104661 3.136172 0.482651 -1.317556 -3.768570
  8   1.168026 -0.537438 -0.063437 0.199125 0.368367 0.450035
  9   6.790376 -0.619176 0.015206 0.149360 -0.125423 -0.479748
 10   8.637599 0.544015 -0.090417 -1.641269 0.207662 -0.508412
 11   6.790465 -0.619039 0.017802 0.097320 -0.105739 -0.349250
 12   -2.022474 -0.104699 -2.873818 -0.464326 1.414971 -3.758101
 13   1.167898 -0.537463 0.063297 0.725294 -0.492063 0.326131
 14   7.002743 -0.617765 -0.183752 -0.071278 0.085030 -0.462279
 15   8.209042 0.615527 -0.255885 1.603238 -0.237710 0.445009
 16   7.002735 -0.617911 -0.183641 -0.031836 0.065335 -0.341082
 17   1.574674 0.609930 -0.000899 -0.035908 -0.033741 -0.729656
 18   -0.602177 0.511412 -0.000006 0.000000 0.000000 0.000000
 19   3.677679 0.177020 1.119313 -0.000002 -0.000014 -0.174510
 20   3.677673 0.176993 -1.117566 0.000007 -0.000003 -0.174546
 21   3.942357 1.330634 1.627658 0.000002 -0.000011 -0.000026
 22   -0.246060 -0.011889 0.516521 -0.000011 0.000031 0.000025
 23   3.942374 1.330659 -1.631083 0.000019 0.000002 -0.000024
 24   -0.246150 -0.011872 -0.516511 -0.000005 -0.000006 0.000048
 25   4.941364 1.997338 1.629330 0.000018 -0.000001 -0.000024
 26   4.941382 1.997366 -1.629410 -0.000001 0.000005 -0.000024
 27   2.918368 1.615358 1.514501 -0.000019 -0.000022 -0.000050
 28   2.920798 1.614964 -1.501142 -0.000002 -0.000009 -0.000024
 29   8.738118 0.045072 0.091743 -0.029760 0.009620 -0.650017
 30   2.029051 -0.705715 1.784320 -0.010680 0.005421 -0.183181
 31   2.117383 -0.705825 -1.853599 -0.012181 0.006708 -0.207594
 32   -0.810489 -0.093824 3.127092 -0.276946 -3.101689 -0.301858
 33   14.298673 -0.408176 0.475484 0.000248 -0.000029 -0.612507
 34   15.835795 0.581398 0.242756 0.008206 -0.017204 -0.208875
 35   -0.815868 -0.091229 -3.114430 0.144445 3.107522 0.314244
 36   14.294526 -0.410349 -0.463635 -0.000267 0.000084 -0.478925
 37   15.834409 0.579420 -0.284600 -0.169562 -0.015418 -0.215242
 38   1.284221 -3.453749 -2.823813 0.016692 -0.045901 0.743582
 39   -4.426491 -1.011884 -0.746180 0.008437 -0.012344 0.221141
 40   1.137633 -3.734934 3.229477 0.016692 -0.045900 0.743520
 41   -4.465091 -1.102100 0.959566 0.008436 -0.012344 0.221141
 42   -0.391835 0.322260 -2.762835 0.012824 -0.035293 0.573660
 43   -0.484375 0.132124 2.787343 0.012819 -0.035304 0.573660
time 32
  0   -0.233149 0.695334 2.801238 0.000000 0.000000 -1.571069
  1   -1.093036 0.000002 -0.326057 -1.570757 -0.260253 0.001377
  2   2.262337 0.113614 0.064702 -0.000090 0.007084 -0.016710
  3   2.380047 0.353302 0.047440 0.000480 0.001698 0.357260
  4   2.033756 0.190472 -0.000128 -0.000010 0.000216 -0.139576
  5   2.451511 0.204909 -0.003447 -0.015662 -0.009549 -0.502553
  6   7.247600 -0.397300 -0.109469 0.000001 -0.000003 0.156829
  7   -2.022252 -0.104661 3.136172 0.481980 -1.316951 -3.767725
  8   1.168026 -0.537438 -0.063437 0.169257 0.252342 0.369378
  9   6.790376 -0.619176 0.015206 0.207614 -0.211518 -0.480503
 10   8.637599 0.544015 -0.090417 -1.641621 0.208225 -0.508195
 11   6.790465 -0.619039 0.017802 0.133698 -0.168672 -0.346251
 12   -2.022474 -0.104699 -2.873818 -0.464901 1.415000 -3.758484
 13   1.167898 -0.537463 0.063297 0.755029 -0.378610 0.239264
 14   7.002743 -0.617765 -0.183752 -0.099517 0.128300 -0.559553
 15   8.209042 0.615527 -0.255885 1.602662 -0.238390 0.444889
 16   7.002735 -0.617911 -0.183641 -0.048500 0.098491 -0.407865
 17   1.574674 0.609930 -0.000899 -0.035989 -0.033670 -0.729101
 18   -0.602177 0.511412 -0.000006 0.000000 0.000000 0.000000
 19   3.677679 0.177020 1.119313 -0.000002 -0.000014 -0.174510
 20   3.677673 0.176993 -1.117566 0.000007 -0.000003 -0.174546
 21   3.938451 1.330634 1.627658 0.000002 -0.000011 -0.000026
 22   -0.246060 -0.011889 0.516521 -0.000011 0.000031 0.000025
 23   3.942374 1.330659 -1.631083 0.000019 0.000002 -0.000024
 24   -0.246150 -0.011872 -0.516511 -0.000005 -0.000006 0.000048
 25   4.941364 1.997338 1.629330 0.000018 -0.000001 -0.000024
 26   4.941382 1.997366 -1.629410 -0.000001 0.000005 -0.000024
 27   2.918368 1.615358 1.514501 -0.000019 -0.000022 -0.000050
 28   2.920798 1.614964 -1.501142 -0.000002 -0.000009 -0.000024
 29   8.749838 0.056791 0.091743 -0.027176 0.008789 -0.609996
 30   2.040770 -0.693996 1.784320 -0.009785 0.004927 -0.167764
 31   2.117383 -0.698012 -1.853599 -0.011170 0.006165 -0.190108
 32   -0.810489 -0.093824 3.127092 -0.277412 -3.101880 -0.271633
 33   14.298673 -0.408176 0.475484 0.000224 -0.000029 -0.609172
 34   15.835795 0.581398 0.242756 0.008137 -0.017131 -0.208654
 35   -0.815868 -0.091229 -3.114430 0.144709 3.107803 0.267848
 36   14.294526 -0.410349 -0.463635 -0.000219 0.000084 -0.475681
 37   15.834409 0.579420 -0.284600 -0.169897 -0.016058 -0.216408
 38   1.284221 -3.461562 -2.823813 0.016629 -0.044937 0.729225
 39   -4.426491 -1.015790 -0.746180 0.007886 -0.011481 0.205940
 40   1.137633 -3.731028 3.229477 0.016629 -0.044936 0.729163
 41   -4.465091 -1.098194 0.959566 0.007885 -0.011481 0.205940
 42   -0.415273 0.439451 -2.758929 0.011745 -0.032334 0.525357
 43   -0.496094 0.261034 2.795156 0.011732 -0.032322 0.525357
time 33
  0   -0.233149 0.695334 2.801238 0.000000 0.000000 -1.571069
  1   -1.093036 0.000002 -0.326057 -1.570757 -0.260253 0.001377
  2   2.262337 0.113614 0.064702 -0.000090 0.007084 -0.016710
  3   2.380047 0.353302 0.047440 0.000480 0.001698 0.357260
  4   2.033756 0.190472 -0.000128 -0.000010 0.000216 -0.139576
  5   2.451511 0.204909 -0.003447 -0.015662 -0.009549 -0.501810
  6   7.247600 -0.397300 -0.109469 0.000001 -0.000003 0.156829
  7   -2.022252 -0.104661 3.136172 0.481309 -1.316403 -3.767256
  8   1.168026 -0.537438 -0.063437 0.148058 0.123638 0.287013
  9   6.790376 -0.619176 0.015206 0.270361 -0.303953 -0.487823
 10   8.637599 0.544015 -0.090417 -1.642061 0.208788 -0.507905
 11   6.790465 -0.619039 0.017802 0.172062 -0.236580 -0.346136
 12   -2.022474 -0.104699 -2.873818 -0.465571 1.415029 -3.759250
 13   1.167898 -0.537463 0.063297 0.774289 -0.252444 0.152033
 14   7.002743 -0.617765 -0.183752 -0.134815 0.171570 -0.666480
 15   8.209042 0.615527 -0.255885 1.602519 -0.238996 0.444769
 16   7.002735 -0.617911 -0.183641 -0.068977 0.132888 -0.480775
 17   1.574674 0.609930 -0.000899 -0.036030 -0.033623 -0.728510
 18   -0.602177 0.511412 -0.000006 0.000000 0.000000 0.000000
 19   3.673773 0.177020 1.119313 -0.000002 -0.000014 -0.174510
 20   3.677673 0.176993 -1.117566 0.000007 -0.000003 -0.174546
 21   3.938451 1.338447 1.627658 0.000002 -0.000011 -0.000026
 22   -0.246060 -0.011889 0.516521 -0.000011 0.000031 0.000025
 23   3.942374 1.338472 -1.631083 0.000019 0.000002 -0.000024
 24   -0.246150 -0.011872 -0.516511 -0.000005 -0.000006 0.000048
 25   4.941364 1.997338 1.629330 0.000018 -0.000001 -0.000024
 26   4.941382 1.997366 -1.629410 -0.000001 0.000005 -0.000024
 27   2.918368 1.623171 1.514501 -0.000019 -0.000022 -0.000050
 28   2.920798 1.614964 -1.501142 -0.000002 -0.000009 -0.000024
 29   8.757650 0.064604 0.091743 -0.024591 0.007935 -0.568311
 30   2.048583 -0.678370 1.784320 -0.008836 0.004374 -0.151703
 31   2.117383 -0.686293 -1.853599 -0.010082 0.005569 -0.171931
 32   -0.810489 -0.093824 3.127092 -0.278904 -3.102453 -0.183119
 33   14.298673 -0.408176 0.475484 0.000188 -0.000029 -0.606155
 34   15.835795 0.581398 0.242756 0.008137 -0.017082 -0.208566
 35   -0.815868 -0.091229 -3.114430 0.145061 3.108366 0.135893
 36   14.294526 -0.410349 -0.463635 -0.000195 0.000072 -0.472514
 37   15.834409 0.579420 -0.284600 -0.170291 -0.016621 -0.217726
 38   1.284221 -3.461562 -2.823813 0.016587 -0.043912 0.714257
 39   -4.426491 -1.023603 -0.746180 0.007299 -0.010582 0.190122
 40   1.137633 -3.723215 3.229477 0.016587 -0.043923 0.714256
 41   -4.465091 -1.090381 0.959566 0.007298 -0.010582 0.190122
 42   -0.438711 0.556642 -2.751116 0.010606 -0.029237 0.475088
 43   -0.515626 0.397757 2.799062 0.010620 -0.029247 0.475088
time 34
  0   -0.233149 0.695334 2.801238 0.000000 0.000000 -1.571069
  1   -1.093036 0.000002 -0.326057 -1.570757 -0.260253 0.001377
  2   2.262337 0.113614 0.064702 -0.000090 0.007084 -0.016710
  3   2.380047 0.353302 0.047440 0.000480 0.001698 0.357260
  4   2.033756 0.190472 -0.000128 -0.000010 0.000216 -0.139576
  5   2.451511 0.204909 -0.003447 -0.015662 -0.009549 -0.501067
  6   7.247600 -0.397300 -0.109469 0.000001 -0.000003 0.156829
  7   -2.022252 -0.104661 3.136172 0.480638 -1.315884 -3.766504
  8   1.168026 -0.537438 -0.063437 0.137490 -0.013720 0.203952
  9   6.790376 -0.619176 0.015206 0.337880 -0.399992 -0.503445
 10   8.637599 0.544015 -0.090417 -1.642413 0.209633 -0.507905
 11   6.790465 -0.619039 0.017802 0.211886 -0.307586 -0.349135
 12   -2.022474 -0.104699 -2.873818 -0.466146 1.415058 -3.759920
 13   1.167898 -0.537463 0.063297 0.782092 -0.118192 0.064984
 14   7.002743 -0.617765 -0.183752 -0.176831 0.212682 -0.780915
 15   8.209042 0.615527 -0.255885 1.601943 -0.239677 0.444468
 16   7.002735 -0.617911 -0.183641 -0.093127 0.167454 -0.558155
 17   1.574674 0.609930 -0.000899 -0.036030 -0.033599 -0.727992
 18   -0.602177 0.511412 -0.000006 0.000000 0.000000 0.000000
 19   3.673773 0.177020 1.119313 -0.000002 -0.000014 -0.174510
 20   3.677673 0.176993 -1.117566 0.000007 -0.000003 -0.174546
 21   3.938451 1.330634 1.627658 0.000002 -0.000011 -0.000026
 22   -0.246060 -0.011889 0.516521 -0.000011 0.000031 0.000025
 23   3.942374 1.338472 -1.631083 0.000019 0.000002 -0.000024
 24   -0.246150 -0.011872 -0.516511 -0.000005 -0.000006 0.000048
 25   4.941364 1.997338 1.629330 0.000018 -0.000001 -0.000024
 26   4.941382 1.997366 -1.629410 -0.000001 0.000005 -0.000024
 27   2.918368 1.615358 1.514501 -0.000019 -0.000022 -0.000050
 28   2.920798 1.622777 -1.501142 -0.000002 -0.000009 -0.000024
 29   8.761557 0.076323 0.091743 -0.021918 0.007057 -0.525661
 30   2.052489 -0.666651 1.784320 -0.007873 0.003793 -0.135257
 31   2.117383 -0.666761 -1.853599 -0.008994 0.004947 -0.153299
 32   -0.810489 -0.093824 3.127092 -0.279836 -3.103599 -0.054702
 33   14.298673 -0.408176 0.475484 0.000164 -0.000042 -0.603058
 34   15.835795 0.581398 0.242756 0.008137 -0.017082 -0.208566
 35   -0.815868 -0.091229 -3.114430 0.146029 3.108740 -0.034351
 36   14.294526 -0.410349 -0.463635 -0.000159 0.000072 -0.469424
 37   15.834409 0.579420 -0.284600 -0.170705 -0.016954 -0.218791
 38   1.284221 -3.461562 -2.823813 0.016524 -0.042888 0.698922
 39   -4.434304 -1.023603 -0.746180 0.006687 -0.009672 0.173940
 40   1.137633 -3.723215 3.229477 0.016524 -0.042887 0.698860
 41   -4.461185 -1.090381 0.959566 0.006686 -0.009672 0.173940
 42   -0.458243 0.681646 -2.747210 0.009468 -0.026063 0.423606
 43   -0.531251 0.538386 2.806875 0.009471 -0.026061 0.423606
time 35
  0   -0.233149 0.695334 2.801238 0.000000 0.000000 -1.571069
  1   -1.093036 0.000002 -0.326057 -1.570757 -0.260253 0.001377
  2   2.262337 0.113614 0.064702 -0.000090 0.007084 -0.016710
  3   2.380047 0.353302 0.047440 0.000480 0.001698 0.357260
  4   2.033756 0.190472 -0.000128 -0.000010 0.000216 -0.139576
  5   2.451511 0.204909 -0.003447 -0.015662 -0.009549 -0.500324
  6   7.247600 -0.397300 -0.109469 0.000001 -0.000003 0.156829
  7   -2.022252 -0.104661 3.136172 0.480159 -1.315394 -3.766035
  8   1.168026 -0.537438 -0.063437 0.138376 -0.153795 0.119879
  9   6.790376 -0.619176 0.015206 0.410170 -0.496165 -0.528123
 10   8.637599 0.544015 -0.090417 -1.642942 0.210196 -0.507833
 11   6.790465 -0.619039 0.017802 0.252673 -0.379388 -0.355364
 12   -2.022474 -0.104699 -2.873818 -0.466817 1.415117 -3.760399
 13   1.167898 -0.537463 0.063297 0.778085 0.018654 -0.021944
 14   7.002743 -0.617765 -0.183752 -0.224654 0.249138 -0.899805
 15   8.209042 0.615527 -0.255885 1.601799 -0.240358 0.444408
 16   7.002735 -0.617911 -0.183641 -0.120477 0.200497 -0.638074
 17   1.574674 0.609930 -0.000899 -0.036111 -0.033528 -0.727475
 18   -0.602177 0.511412 -0.000006 0.000000 0.000000 0.000000
 19   3.677679 0.177020 1.119313 -0.000002 -0.000014 -0.174510
 20   3.677673 0.176993 -1.117566 0.000007 -0.000003 -0.174546
 21   3.942357 1.330634 1.627658 0.000002 -0.000011 -0.000026
 22   -0.246060 -0.011889 0.516521 -0.000011 0.000031 0.000025
 23   3.942374 1.330659 -1.631083 0.000019 0.000002 -0.000024
 24   -0.246150 -0.011872 -0.516511 -0.000005 -0.000006 0.000048
 25   4.941364 1.997338 1.629330 0.000018 -0.000001 -0.000024
 26   4.941382 1.997366 -1.629410 -0.000001 0.000005 -0.000024
 27   2.918368 1.623171 1.514501 -0.000019 -0.000022 -0.000050
 28   2.920798 1.614964 -1.501142 -0.000002 -0.000009 -0.000024
 29   8.769369 0.080229 0.091743 -0.019244 0.006155 -0.482689
 30   2.060302 -0.654932 1.784320 -0.006924 0.003241 -0.118703
 31   2.117383 -0.655042 -1.853599 -0.007891 0.004326 -0.134558
 32   -0.810489 -0.093824 3.127092 -0.280395 -3.104936 0.073315
 33   14.298673 -0.408176 0.475484 0.000116 -0.000042 -0.600359
 34   15.835795 0.581398 0.242756 0.008137 -0.017082 -0.208566
 35   -0.815868 -0.091229 -3.114430 0.146821 3.109115 -0.166142
 36   14.294526 -0.410349 -0.463635 -0.000123 0.000072 -0.466566
 37   15.834409 0.579420 -0.284600 -0.171020 -0.017184 -0.220008
 38   1.284221 -3.465468 -2.823813 0.016439 -0.041876 0.683465
 39   -4.438210 -1.023603 -0.746180 0.006088 -0.008749 0.157645
 40   1.137633 -3.715402 3.229477 0.016439 -0.041875 0.683403
 41   -4.453372 -1.090381 0.959566 0.006087 -0.008749 0.157645
 42   -0.489494 0.810556 -2.739397 0.008293 -0.022874 0.371790
 43   -0.550783 0.682922 2.818594 0.008309 -0.022860 0.371790
time 36
  0   -0.233149 0.695334 2.801238 0.000000 0.000000 -1.571069
  1   -1.093036 0.000002 -0.326057 -1.570757 -0.260253 0.001377
  2   2.262337 0.113614 0.064702 -0.000090 0.007084 -0.016710
  3   2.380047 0.353302 0.047440 0.000480 0.001698 0.357260
  4   2.033756 0.190472 -0.000128 -0.000010 0.000216 -0.139576
  5   2.451511 0.204909 -0.003447 -0.015662 -0.009536 -0.499705
  6   7.247600 -0.397300 -0.109469 0.000001 -0.000003 0.156829
  7   -2.022252 -0.104661 3.136172 0.479776 -1.314933 -3.765377
  8   1.168026 -0.537438 -0.063437 0.151222 -0.290851 0.034604
  9   6.790376 -0.619176 0.015206 0.487564 -0.588933 -0.562234
 10   8.637599 0.544015 -0.090417 -1.643118 0.210759 -0.507688
 11   6.790465 -0.619039 0.017802 0.293781 -0.449911 -0.364765
 12   -2.022474 -0.104699 -2.873818 -0.467296 1.415146 -3.761069
 13   1.167898 -0.537463 0.063297 0.762480 0.152194 -0.108993
 14   7.002743 -0.617765 -0.183752 -0.276235 0.279461 -1.019603
 15   8.209042 0.615527 -0.255885 1.601224 -0.240812 0.444107
 16   7.002735 -0.617911 -0.183641 -0.150181 0.231003 -0.718214
 17   1.574674 0.609930 -0.000899 -0.036111 -0.033481 -0.726957
 18   -0.602177 0.511412 -0.000006 0.000000 0.000000 0.000000
 19   3.673773 0.177020 1.119313 -0.000002 -0.000014 -0.174510
 20   3.677673 0.176993 -1.117566 0.000007 -0.000003 -0.174546
 21   3.938451 1.330634 1.627658 0.000002 -0.000011 -0.000026
 22   -0.246060 -0.011889 0.516521 -0.000011 0.000031 0.000025
 23   3.942374 1.330659 -1.631083 0.000019 0.000002 -0.000024
 24   -0.246150 -0.011872 -0.516511 -0.000005 -0.000006 0.000048
 25   4.941364 1.997338 1.629330 0.000018 -0.000001 -0.000024
 26   4.941382 1.997366 -1.629410 -0.000001 0.000005 -0.000024
 27   2.918368 1.615358 1.514501 -0.000019 -0.000022 -0.000050
 28   2.920798 1.614964 -1.501142 -0.000002 -0.000009 -0.000024
 29   8.777182 0.091948 0.091743 -0.016570 0.005252 -0.439985
 30   2.072021 -0.643213 1.784320 -0.005961 0.002689 -0.102278
 31   2.117383 -0.643323 -1.853599 -0.006803 0.003756 -0.115907
 32   -0.810489 -0.093824 3.127092 -0.280768 -3.105700 0.162114
 33   14.298673 -0.408176 0.475484 0.000092 -0.000042 -0.597580
 34   15.835795 0.581398 0.242756 0.008137 -0.017082 -0.208566
 35   -0.815868 -0.091229 -3.114430 0.145765 3.109396 -0.212537
 36   14.294526 -0.410349 -0.463635 -0.000099 0.000072 -0.464017
 37   15.834409 0.579420 -0.284600 -0.171276 -0.017312 -0.221022
 38   1.284221 -3.473281 -2.823813 0.016397 -0.040827 0.668130
 39   -4.438210 -1.027509 -0.746180 0.005501 -0.007826 0.141463
 40   1.137633 -3.715402 3.229477 0.016397 -0.040826 0.668191
 41   -4.453372 -1.086475 0.959566 0.005500 -0.007826 0.141463
 42   -0.509026 0.927747 -2.731584 0.007155 -0.019700 0.320308
 43   -0.562502 0.823551 2.822500 0.007147 -0.019691 0.320308
time 37
  0   -0.233149 0.695334 2.801238 0.000000 0.000000 -1.571069
  1   -1.093036 0.000002 -0.326057 -1.570757 -0.260253 0.001377
  2   2.262337 0.113614 0.064702 -0.000090 0.007084 -0.016710
  3   2.380047 0.353302 0.047440 0.000480 0.001698 0.357260
  4   2.033756 0.190472 -0.000128 -0.000010 0.000216 -0.139576
  5   2.451511 0.204909 -0.003447 -0.015748 -0.009536 -0.499061
  6   7.247600 -0.397300 -0.109469 0.000001 -0.000003 0.156829
  7   -2.022252 -0.104661 3.136172 0.479296 -1.314529 -3.765002
  8   1.168026 -0.537438 -0.063437 0.175711 -0.419404 -0.052000
  9   6.790376 -0.619176 0.015206 0.569563 -0.675095 -0.605779
 10   8.637599 0.544015 -0.090417 -1.643382 0.211322 -0.507616
 11   6.790465 -0.619039 0.017802 0.334539 -0.516881 -0.377165
 12   -2.022474 -0.104699 -2.873818 -0.467775 1.415146 -3.761452
 13   1.167898 -0.537463 0.063297 0.736120 0.276987 -0.195800
 14   7.002743 -0.617765 -0.183752 -0.329126 0.302458 -1.136513
 15   8.209042 0.615527 -0.255885 1.601152 -0.241266 0.443987
 16   7.002735 -0.617911 -0.183641 -0.181015 0.258013 -0.796091
 17   1.574674 0.609930 -0.000899 -0.036193 -0.033457 -0.726514
 18   -0.602177 0.511412 -0.000006 0.000000 0.000000 0.000000
 19   3.673773 0.177020 1.119313 -0.000002 -0.000014 -0.174510
 20   3.673767 0.176993 -1.117566 0.000007 -0.000003 -0.174546
 21   3.938451 1.330634 1.627658 0.000002 -0.000011 -0.000026
 22   -0.246060 -0.011889 0.516521 -0.000011 0.000031 0.000025
 23   3.942374 1.330659 -1.631083 0.000019 0.000002 -0.000024
 24   -0.246150 -0.011872 -0.516511 -0.000005 -0.000006 0.000048
 25   4.941364 1.997338 1.629330 0.000018 -0.000001 -0.000024
 26   4.941382 1.997366 -1.629410 -0.000001 0.000005 -0.000024
 27   2.918368 1.615358 1.514501 -0.000019 -0.000022 -0.000050
 28   2.920798 1.614964 -1.501142 -0.000002 -0.000009 -0.000024
 29   8.788901 0.099761 0.091743 -0.013986 0.004398 -0.398354
 30   2.072021 -0.623681 1.784320 -0.005012 0.002195 -0.086218
 31   2.121290 -0.631604 -1.853599 -0.005746 0.003160 -0.097730
 32   -0.810489 -0.093824 3.127092 -0.282166 -3.106273 0.192339
 33   14.298673 -0.408176 0.475484 0.000068 -0.000042 -0.595198
 34   15.835795 0.581398 0.242756 0.008137 -0.017082 -0.208566
 35   -0.815868 -0.091229 -3.114430 0.146029 3.109396 -0.179288
 36   14.294526 -0.410349 -0.463635 -0.000075 0.000072 -0.461468
 37   15.834409 0.579420 -0.284600 -0.171296 -0.017389 -0.221985
 38   1.284221 -3.473281 -2.831626 0.016334 -0.039827 0.653101
 39   -4.438210 -1.035322 -0.746180 0.004914 -0.006915 0.125645
 40   1.137633 -3.711496 3.229477 0.016334 -0.039826 0.653100
 41   -4.453372 -1.078662 0.959566 0.004913 -0.006915 0.125645
 42   -0.532464 1.052751 -2.719865 0.006016 -0.016603 0.270039
 43   -0.582034 0.960274 2.830313 0.006035 -0.016600 0.270039
time 38
  0   -0.233149 0.695334 2.801238 0.000000 0.000000 -1.571069
  1   -1.093036 0.000002 -0.326057 -1.570757 -0.260253 0.001377
  2   2.262337 0.113614 0.064702 -0.000090 0.007084 -0.016710
  3   2.380047 0.353302 0.047440 0.000480 0.001698 0.357260
  4   2.033756 0.190472 -0.000128 -0.000010 0.000216 -0.139576
  5   2.451511 0.204909 -0.003447 -0.015748 -0.009536 -0.498442
  6   7.247600 -0.397300 -0.109469 0.000001 -0.000003 0.156829
  7   -2.022252 -0.104661 3.136172 0.478625 -1.314155 -3.764532
  8   1.168026 -0.537438 -0.063437 0.210895 -0.534674 -0.139679
  9   6.790376 -0.619176 0.015206 0.655168 -0.752046 -0.657927
 10   8.637599 0.544015 -0.090417 -1.643734 0.211674 -0.507471
 11   6.790465 -0.619039 0.017802 0.374305 -0.578649 -0.391929
 12   -2.022474 -0.104699 -2.873818 -0.468158 1.415146 -3.761835
 13   1.167898 -0.537463 0.063297 0.700762 0.389016 -0.281699
 14   7.002743 -0.617765 -0.183752 -0.380593 0.318472 -1.246493
 15   8.209042 0.615527 -0.255885 1.600649 -0.241871 0.443867
 16   7.002735 -0.617911 -0.183641 -0.211661 0.280850 -0.869553
 17   1.574674 0.609930 -0.000899 -0.036193 -0.033410 -0.726144
 18   -0.602177 0.511412 -0.000006 0.000000 0.000000 0.000000
 19   3.677679 0.177020 1.119313 -0.000002 -0.000014 -0.174510
 20   3.677673 0.176993 -1.117566 0.000007 -0.000003 -0.174546
 21   3.942357 1.330634 1.627658 0.000002 -0.000011 -0.000026
 22   -0.246060 -0.011889 0.516521 -0.000011 0.000031 0.000025
 23   3.942374 1.330659 -1.631083 0.000019 0.000002 -0.000024
 24   -0.246150 -0.011872 -0.516511 -0.000005 -0.000006 0.000048
 25   4.941364 1.997338 1.629330 0.000018 -0.000001 -0.000024
 26   4.941382 1.997366 -1.629410 -0.000001 0.000005 -0.000024
 27   2.918368 1.615358 1.514501 -0.000019 -0.000022 -0.000050
 28   2.920798 1.614964 -1.501142 -0.000002 -0.000009 -0.000024
 29   8.792808 0.111480 0.091743 -0.011491 0.003543 -0.358279
 30   2.079834 -0.611962 1.784320 -0.004117 0.001672 -0.070779
 31   2.121290 -0.612072 -1.853599 -0.004704 0.002564 -0.080226
 32   -0.810489 -0.093824 3.127092 -0.281141 -3.106273 0.165245
 33   14.298673 -0.408176 0.475484 0.000032 -0.000042 -0.592816
 34   15.835795 0.581398 0.242756 0.008137 -0.017082 -0.208566
 35   -0.815868 -0.091229 -3.114430 0.147525 3.109583 -0.081787
 36   14.294526 -0.410349 -0.463635 -0.000051 0.000060 -0.459228
 37   15.834409 0.579420 -0.284600 -0.171276 -0.017466 -0.222898
 38   1.284221 -3.477187 -2.831626 0.016292 -0.038863 0.638805
 39   -4.446023 -1.035322 -0.746180 0.004338 -0.006040 0.110444
 40   1.137633 -3.711496 3.229477 0.016292 -0.038862 0.638743
 41   -4.445559 -1.078662 0.959566 0.004337 -0.006040 0.110444
 42   -0.555902 1.169942 -2.715959 0.004950 -0.013644 0.221735
 43   -0.593753 1.096997 2.838126 0.004948 -0.013650 0.221735
time 39
  0   -0.233149 0.695334 2.801238 0.000000 0.000000 -1.571069
  1   -1.093036 0.000002 -0.326057 -1.570757 -0.260253 0.001377
  2   2.262337 0.113614 0.064702 -0.000090 0.007084 -0.016710
  3   2.380047 0.353302 0.047440 0.000480 0.001698 0.357260
  4   2.033756 0.190472 -0.000128 -0.000010 0.000216 -0.139576
  5   2.451511 0.204909 -0.003447 -0.015765 -0.009536 -0.497996
  6   7.247600 -0.397300 -0.109469 0.000001 -0.000003 0.156829
  7   -2.022252 -0.104661 3.136172 0.478434 -1.313722 -3.764062
  8   1.168026 -0.537438 -0.063437 0.254685 -0.634095 -0.227421
  9   6.790376 -0.619176 0.015206 0.742382 -0.818053 -0.716716
 10   8.637599 0.544015 -0.090417 -1.643999 0.212167 -0.507399
 11   6.790465 -0.619039 0.017802 0.412055 -0.633879 -0.408194
 12   -2.022474 -0.104699 -2.873818 -0.468446 1.415146 -3.762218
 13   1.167898 -0.537463 0.063297 0.658866 0.485382 -0.365358
 14   7.002743 -0.617765 -0.183752 -0.428530 0.328011 -1.346407
 15   8.209042 0.615527 -0.255885 1.600433 -0.242173 0.443686
 16   7.002735 -0.617911 -0.183641 -0.240800 0.299684 -0.936667
 17   1.574674 0.609930 -0.000899 -0.036193 -0.033386 -0.725701
 18   -0.602177 0.511412 -0.000006 0.000000 0.000000 0.000000
 19   3.673773 0.177020 1.119313 -0.000002 -0.000014 -0.174510
 20   3.677673 0.176993 -1.117566 0.000007 -0.000003 -0.174546
 21   3.938451 1.330634 1.627658 0.000002 -0.000011 -0.000026
 22   -0.246060 -0.011889 0.516521 -0.000011 0.000031 0.000025
 23   3.942374 1.330659 -1.631083 0.000019 0.000002 -0.000024
 24   -0.246150 -0.011872 -0.516511 -0.000005 -0.000006 0.000048
 25   4.941364 1.997338 1.629330 0.000018 -0.000001 -0.000024
 26   4.941382 1.997366 -1.629410 -0.000001 0.000005 -0.000024
 27   2.918368 1.615358 1.514501 -0.000019 -0.000022 -0.000050
 28   2.920798 1.614964 -1.501142 -0.000002 -0.000009 -0.000024
 29   8.800620 0.119293 0.091743 -0.009084 0.002784 -0.320510
 30   2.091553 -0.600243 1.784320 -0.003262 0.001178 -0.056241
 31   2.121290 -0.600353 -1.853599 -0.003739 0.002020 -0.063759
 32   -0.810489 -0.093824 3.127092 -0.281700 -3.106942 0.088969
 33   14.298673 -0.408176 0.475484 0.000020 -0.000042 -0.590831
 34   15.835795 0.581398 0.242756 0.008137 -0.017082 -0.208566
 35   -0.815868 -0.091229 -3.114430 0.148141 3.109958 0.059426
 36   14.294526 -0.410349 -0.463635 -0.000027 0.000060 -0.457065
 37   15.834409 0.579420 -0.284600 -0.171237 -0.017568 -0.223709
 38   1.284221 -3.477187 -2.831626 0.016250 -0.037959 0.625242
 39   -4.446023 -1.043135 -0.746180 0.003799 -0.005225 0.096113
 40   1.137633 -3.703683 3.229477 0.016250 -0.037958 0.625180
 41   -4.445559 -1.070849 0.959566 0.003798 -0.005225 0.096113
 42   -0.575434 1.275414 -2.712052 0.003931 -0.010838 0.176150
 43   -0.613285 1.222001 2.849845 0.003936 -0.010841 0.176150
time 40
  0   -0.233149 0.695334 2.801238 0.000000 0.000000 -1.571069
  1   -1.093036 0.000002 -0.326057 -1.570757 -0.260253 0.001377
  2   2.262337 0.113614 0.064702 -0.000090 0.007084 -0.016710
  3   2.380047 0.353302 0.047440 0.000480 0.001698 0.357260
  4   2.033756 0.190472 -0.000128 -0.000010 0.000216 -0.139576
  5   2.451511 0.204909 -0.003447 -0.015765 -0.009536 -0.497476
  6   7.247600 -0.397300 -0.109469 0.000001 -0.000003 0.156829
  7   -2.022252 -0.104661 3.136172 0.477954 -1.313405 -3.763593
  8   1.168026 -0.537438 -0.063437 0.304297 -0.716510 -0.312886
  9   6.790376 -0.619176 0.015206 0.828431 -0.872446 -0.778826
 10   8.637599 0.544015 -0.090417 -1.644351 0.212519 -0.507399
 11   6.790465 -0.619039 0.017802 0.447003 -0.681747 -0.425092
 12   -2.022474 -0.104699 -2.873818 -0.468829 1.415204 -3.762601
 13   1.167898 -0.537463 0.063297 0.613597 0.565323 -0.444840
 14   7.002743 -0.617765 -0.183752 -0.471001 0.332725 -1.434110
 15   8.209042 0.615527 -0.255885 1.600361 -0.242552 0.443566
 16   7.002735 -0.617911 -0.183641 -0.267397 0.314514 -0.995889
 17   1.574674 0.609930 -0.000899 -0.036274 -0.033339 -0.725442
 18   -0.602177 0.511412 -0.000006 0.000000 0.000000 0.000000
 19   3.673773 0.177020 1.119313 -0.000002 -0.000014 -0.174510
 20   3.677673 0.176993 -1.117566 0.000007 -0.000003 -0.174546
 21   3.938451 1.338447 1.627658 0.000002 -0.000011 -0.000026
 22   -0.246060 -0.011889 0.516521 -0.000011 0.000031 0.000025
 23   3.942374 1.330659 -1.631083 0.000019 0.000002 -0.000024
 24   -0.246150 -0.011872 -0.516511 -0.000005 -0.000006 0.000048
 25   4.941364 1.997338 1.629330 0.000018 -0.000001 -0.000024
 26   4.941382 1.997366 -1.629410 -0.000001 0.000005 -0.000024
 27   2.918368 1.615358 1.514501 -0.000019 -0.000022 -0.000050
 28   2.920798 1.622777 -1.501142 -0.000002 -0.000009 -0.000024
 29   8.804526 0.131012 0.091743 -0.006945 0.002072 -0.285693
 30   2.095459 -0.592430 1.784320 -0.002490 0.000742 -0.042818
 31   2.121290 -0.592540 -1.853599 -0.002850 0.001528 -0.048548
 32   -0.810489 -0.093824 3.127092 -0.282446 -3.107610 -0.008937
 33   14.298673 -0.408176 0.475484 -0.000004 -0.000029 -0.589084
 34   15.835795 0.581398 0.242756 0.008137 -0.017082 -0.208566
 35   -0.815868 -0.091229 -3.114430 0.148845 3.110520 0.200748
 36   14.294526 -0.410349 -0.463635 -0.000015 0.000048 -0.455134
 37   15.834409 0.579420 -0.284600 -0.171217 -0.017594 -0.224419
 38   1.284221 -3.485000 -2.831626 0.016208 -0.037128 0.612718
 39   -4.446023 -1.043135 -0.746180 0.003332 -0.004470 0.082903
 40   1.137633 -3.699777 3.229477 0.016208 -0.037127 0.612717
 41   -4.445559 -1.070849 0.959566 0.003331 -0.004470 0.082903
 42   -0.594966 1.380886 -2.700333 0.002984 -0.008247 0.134120
 43   -0.625004 1.331379 2.849845 0.002999 -0.008252 0.134120
time 41
  0   -0.233149 0.695334 2.801238 0.000000 0.000000 -1.571069
  1   -1.093036 0.000002 -0.326057 -1.570757 -0.260253 0.001377
  2   2.262337 0.113614 0.064702 -0.000090 0.007084 -0.016710
  3   2.380047 0.353302 0.047440 0.000480 0.001698 0.357260
  4   2.033756 0.190472 -0.000128 -0.000010 0.000216 -0.139576
  5   2.451511 0.204909 -0.003447 -0.015782 -0.009523 -0.497055
  6   7.247600 -0.397300 -0.109469 0.000001 -0.000003 0.156829
  7   -2.022252 -0.104661 3.136172 0.477763 -1.313174 -3.763217
  8   1.168026 -0.537438 -0.063437 0.355744 -0.782019 -0.393290
  9   6.790376 -0.619176 0.015206 0.909931 -0.915360 -0.840558
 10   8.637599 0.544015 -0.090417 -1.644439 0.213082 -0.507254
 11   6.790465 -0.619039 0.017802 0.478243 -0.721912 -0.441530
 12   -2.022474 -0.104699 -2.873818 -0.469404 1.415204 -3.762984
 13   1.167898 -0.537463 0.063297 0.568187 0.628991 -0.517421
 14   7.002743 -0.617765 -0.183752 -0.507211 0.333803 -1.508365
 15   8.209042 0.615527 -0.255885 1.600218 -0.243006 0.443566
 16   7.002735 -0.617911 -0.183641 -0.290605 0.325961 -1.046390
 17   1.574674 0.609930 -0.000899 -0.036274 -0.033315 -0.725109
 18   -0.602177 0.511412 -0.000006 0.000000 0.000000 0.000000
 19   3.673773 0.177020 1.119313 -0.000002 -0.000014 -0.174510
 20   3.677673 0.176993 -1.117566 0.000007 -0.000003 -0.174546
 21   3.942357 1.330634 1.627658 0.000002 -0.000011 -0.000026
 22   -0.246060 -0.011889 0.516521 -0.000011 0.000031 0.000025
 23   3.942374 1.330659 -1.631083 0.000019 0.000002 -0.000024
 24   -0.246150 -0.011872 -0.516511 -0.000005 -0.000006 0.000048
 25   4.941364 1.997338 1.629330 0.000018 -0.000001 -0.000024
 26   4.941382 1.997366 -1.629410 -0.000001 0.000005 -0.000024
 27   2.918368 1.623171 1.514501 -0.000019 -0.000022 -0.000050
 28   2.920798 1.614964 -1.501142 -0.000002 -0.000009 -0.000024
 29   8.816246 0.138825 0.091743 -0.004985 0.001407 -0.254362
 30   2.103272 -0.580711 1.784320 -0.001798 0.000306 -0.030767
 31   2.121290 -0.580821 -1.853599 -0.002038 0.001114 -0.034901
 32   -0.810489 -0.093824 3.127092 -0.283005 -3.107993 -0.085327
 33   14.298673 -0.408176 0.475484 -0.000016 -0.000029 -0.587496
 34   15.835795 0.581398 0.242756 0.008137 -0.017082 -0.208566
 35   -0.815868 -0.091229 -3.114430 0.149197 3.110895 0.298249
 36   14.294526 -0.410349 -0.463635 -0.000003 0.000048 -0.453589
 37   15.834409 0.579420 -0.284600 -0.171158 -0.017696 -0.225281
 38   1.284221 -3.485000 -2.831626 0.016166 -0.036381 0.601415
 39   -4.446023 -1.047041 -0.746180 0.002876 -0.003799 0.071012
 40   1.137633 -3.699777 3.229477 0.016166 -0.036380 0.601414
 41   -4.445559 -1.066943 0.959566 0.002875 -0.003799 0.071012
 42   -0.618404 1.466826 -2.700333 0.002133 -0.005932 0.096398
 43   -0.636723 1.436851 2.861564 0.002149 -0.005914 0.096398
time 42
  0   -0.233149 0.695334 2.801238 0.000000 0.000000 -1.571069
  1   -1.093036 0.000002 -0.326057 -1.570757 -0.260253 0.001377
  2   2.262337 0.113614 0.064702 -0.000090 0.007084 -0.016710
  3   2.380047 0.353302 0.047440 0.000480 0.001698 0.357260
  4   2.033756 0.190472 -0.000128 -0.000010 0.000216 -0.139576
  5   2.451511 0.204909 -0.003447 -0.015782 -0.009523 -0.496733
  6   7.247600 -0.397300 -0.109469 0.000001 -0.000003 0.156829
  7   -2.022252 -0.104661 3.136172 0.477283 -1.312886 -3.763029
  8   1.168026 -0.537438 -0.063437 0.404913 -0.831981 -0.465027
  9   6.790376 -0.619176 0.015206 0.982498 -0.947729 -0.897687
 10   8.637599 0.544015 -0.090417 -1.644615 0.213293 -0.507182
 11   6.790465 -0.619039 0.017802 0.504987 -0.754260 -0.456583
 12   -2.022474 -0.104699 -2.873818 -0.469595 1.415233 -3.763271
 13   1.167898 -0.537463 0.063297 0.525940 0.677963 -0.580801
 14   7.002743 -0.617765 -0.183752 -0.536531 0.332952 -1.568594
 15   8.209042 0.615527 -0.255885 1.599858 -0.243233 0.443325
 16   7.002735 -0.617911 -0.183641 -0.309952 0.334419 -1.087730
 17   1.574674 0.609930 -0.000899 -0.036274 -0.033315 -0.724814
 18   -0.602177 0.511412 -0.000006 0.000000 0.000000 0.000000
 19   3.673773 0.177020 1.119313 -0.000002 -0.000014 -0.174510
 20   3.677673 0.176993 -1.117566 0.000007 -0.000003 -0.174546
 21   3.942357 1.330634 1.627658 0.000002 -0.000011 -0.000026
 22   -0.246060 -0.011889 0.516521 -0.000011 0.000031 0.000025
 23   3.942374 1.330659 -1.631083 0.000019 0.000002 -0.000024
 24   -0.246150 -0.011872 -0.516511 -0.000005 -0.000006 0.000048
 25   4.941364 1.997338 1.629330 0.000018 -0.000001 -0.000024
 26   4.941382 1.997366 -1.629410 -0.000001 0.000005 -0.000024
 27   2.918368 1.615358 1.514501 -0.000019 -0.000022 -0.000050
 28   2.920798 1.614964 -1.501142 -0.000002 -0.000009 -0.000024
 29   8.820152 0.142731 0.091743 -0.003291 0.000861 -0.227324
 30   2.103272 -0.572898 1.784320 -0.001188 -0.000043 -0.020346
 31   2.121290 -0.573008 -1.853599 -0.001333 0.000699 -0.023074
 32   -0.810489 -0.093824 3.127092 -0.282166 -3.108184 -0.112308
 33   14.298673 -0.408176 0.475484 -0.000028 -0.000029 -0.585988
 34   15.835795 0.581398 0.242756 0.008137 -0.017082 -0.208566
 35   -0.815868 -0.091229 -3.114430 0.150694 3.111176 0.331388
 36   14.294526 -0.410349 -0.463635 0.000021 0.000048 -0.451967
 37   15.834409 0.579420 -0.284600 -0.171158 -0.017696 -0.225788
 38   1.284221 -3.485000 -2.831626 0.016124 -0.035730 0.591701
 39   -4.449929 -1.047041 -0.746180 0.002505 -0.003224 0.060775
 40   1.137633 -3.699777 3.229477 0.016124 -0.035717 0.591700
 41   -4.437746 -1.066943 0.959566 0.002504 -0.003224 0.060775
 42   -0.630123 1.548860 -2.696427 0.001414 -0.003908 0.063777
 43   -0.644536 1.530604 2.861564 0.001412 -0.003921 0.063777
time 43
  0   -0.233149 0.695334 2.801238 0.000000 0.000000 -1.571069
  1   -1.093036 0.000002 -0.326057 -1.570757 -0.260253 0.001377
  2   2.262337 0.113614 0.064702 -0.000090 0.007084 -0.016710
  3   2.380047 0.353302 0.047440 0.000480 0.001698 0.357260
  4   2.033756 0.190472 -0.000128 -0.000010 0.000216 -0.139576
  5   2.451511 0.204909 -0.003447 -0.015782 -0.009523 -0.496436
  6   7.247600 -0.397300 -0.109469 0.000001 -0.000003 0.156829
  7   -2.022252 -0.104661 3.136172 0.477283 -1.312685 -3.762841
  8   1.168026 -0.537438 -0.063437 0.447754 -0.868208 -0.524745
  9   6.790376 -0.619176 0.015206 1.042638 -0.970888 -0.946137
 10   8.637599 0.544015 -0.090417 -1.644703 0.213504 -0.507182
 11   6.790465 -0.619039 0.017802 0.526417 -0.778876 -0.469214
 12   -2.022474 -0.104699 -2.873818 -0.469883 1.415233 -3.763654
 13   1.167898 -0.537463 0.063297 0.490161 0.713458 -0.632316
 14   7.002743 -0.617765 -0.183752 -0.558962 0.331135 -1.614797
 15   8.209042 0.615527 -0.255885 1.599714 -0.243611 0.443265
 16   7.002735 -0.617911 -0.183641 -0.325110 0.340396 -1.119576
 17   1.574674 0.609930 -0.000899 -0.036274 -0.033315 -0.724629
 18   -0.602177 0.511412 -0.000006 0.000000 0.000000 0.000000
 19   3.673773 0.177020 1.119313 -0.000002 -0.000014 -0.174510
 20   3.673767 0.176993 -1.117566 0.000007 -0.000003 -0.174546
 21   3.942357 1.330634 1.627658 0.000002 -0.000011 -0.000026
 22   -0.246060 -0.011889 0.516521 -0.000011 0.000031 0.000025
 23   3.942374 1.330659 -1.631083 0.000019 0.000002 -0.000024
 24   -0.246150 -0.011872 -0.516511 -0.000005 -0.000006 0.000048
 25   4.941364 1.997338 1.629330 0.000018 -0.000001 -0.000024
 26   4.941382 1.997366 -1.629410 -0.000001 0.000005 -0.000024
 27   2.918368 1.615358 1.514501 -0.000019 -0.000022 -0.000050
 28   2.920798 1.614964 -1.501142 -0.000002 -0.000009 -0.000024
 29   8.824059 0.150544 0.091743 -0.001866 0.000362 -0.205221
 30   2.111085 -0.568992 1.784320 -0.000672 -0.000304 -0.011812
 31   2.121290 -0.569102 -1.853599 -0.000766 0.000389 -0.013394
 32   -0.810489 -0.093824 3.127092 -0.282632 -3.108375 -0.094548
 33   14.298673 -0.408176 0.475484 -0.000040 -0.000016 -0.585194
 34   15.835795 0.581398 0.242756 0.008137 -0.017082 -0.208566
 35   -0.815868 -0.091229 -3.114430 0.149285 3.111176 0.291731
 36   14.294526 -0.410349 -0.463635 0.000021 0.000036 -0.451272
 37   15.834409 0.579420 -0.284600 -0.171158 -0.017748 -0.225940
 38   1.284221 -3.492813 -2.831626 0.016103 -0.035188 0.583820
 39   -4.449929 -1.047041 -0.746180 0.002181 -0.002732 0.052361
 40   1.137633 -3.699777 3.229477 0.016103 -0.035199 0.583758
 41   -4.437746 -1.066943 0.959566 0.002180 -0.002732 0.052361
 42   -0.645749 1.615268 -2.688614 0.000827 -0.002252 0.037053
 43   -0.656255 1.597012 2.865470 0.000825 -0.002258 0.037053
time 44
  0   -0.233149 0.695334 2.801238 0.000000 0.000000 -1.571069
  1   -1.093036 0.000002 -0.326057 -1.570757 -0.260253 0.001377
  2   2.262337 0.113614 0.064702 -0.000090 0.007084 -0.016710
  3   2.380047 0.353302 0.047440 0.000480 0.001698 0.357260
  4   2.033756 0.190472 -0.000128 -0.000010 0.000216 -0.139576
  5   2.451511 0.204909 -0.003447 -0.015782 -0.009523 -0.496213
  6   7.247600 -0.397300 -0.109469 0.000001 -0.000003 0.156829
  7   -2.022252 -0.104661 3.136172 0.477092 -1.312540 -3.762654
  8   1.168026 -0.537438 -0.063437 0.480913 -0.892459 -0.569217
  9   6.790376 -0.619176 0.015206 1.087188 -0.986038 -0.982890
 10   8.637599 0.544015 -0.090417 -1.644703 0.213645 -0.507182
 11   6.790465 -0.619039 0.017802 0.542037 -0.796187 -0.478672
 12   -2.022474 -0.104699 -2.873818 -0.469883 1.415233 -3.763654
 13   1.167898 -0.537463 0.063297 0.463097 0.737461 -0.670332
 14   7.002743 -0.617765 -0.183752 -0.574733 0.329261 -1.647304
 15   8.209042 0.615527 -0.255885 1.599642 -0.243687 0.443145
 16   7.002735 -0.617911 -0.183641 -0.335891 0.344287 -1.142150
 17   1.574674 0.609930 -0.000899 -0.036274 -0.033268 -0.724518
 18   -0.602177 0.511412 -0.000006 0.000000 0.000000 0.000000
 19   3.673773 0.177020 1.119313 -0.000002 -0.000014 -0.174510
 20   3.677673 0.176993 -1.117566 0.000007 -0.000003 -0.174546
 21   3.938451 1.330634 1.627658 0.000002 -0.000011 -0.000026
 22   -0.246060 -0.011889 0.516521 -0.000011 0.000031 0.000025
 23   3.942374 1.330659 -1.631083 0.000019 0.000002 -0.000024
 24   -0.246150 -0.011872 -0.516511 -0.000005 -0.000006 0.000048
 25   4.941364 1.997338 1.629330 0.000018 -0.000001 -0.000024
 26   4.941382 1.997366 -1.629410 -0.000001 0.000005 -0.000024
 27   2.918368 1.615358 1.514501 -0.000019 -0.000022 -0.000050
 28   2.920798 1.614964 -1.501142 -0.000002 -0.000009 -0.000024
 29   8.824059 0.150544 0.091743 -0.000707 0.000054 -0.188590
 30   2.111085 -0.561179 1.784320 -0.000320 -0.000537 -0.005401
 31   2.121290 -0.561289 -1.853599 -0.000337 0.000155 -0.006134
 32   -0.810489 -0.093824 3.127092 -0.284030 -3.108566 -0.048555
 33   14.298673 -0.408176 0.475484 -0.000040 -0.000016 -0.585194
 34   15.835795 0.581398 0.242756 0.008137 -0.017082 -0.208566
 35   -0.815868 -0.091229 -3.114430 0.149637 3.111176 0.187821
 36   14.294526 -0.410349 -0.463635 0.000021 0.000036 -0.451272
 37   15.834409 0.579420 -0.284600 -0.171158 -0.017748 -0.225940
 38   1.284221 -3.492813 -2.831626 0.016060 -0.034790 0.577833
 39   -4.449929 -1.047041 -0.746180 0.001953 -0.002385 0.046051
 40   1.137633 -3.699777 3.229477 0.016060 -0.034777 0.577832
 41   -4.437746 -1.066943 0.959566 0.001952 -0.002385 0.046051
 42   -0.649655 1.658238 -2.688614 0.000372 -0.001041 0.016979
 43   -0.664068 1.659514 2.869377 0.000375 -0.001034 0.016979
time 45
  0   -0.233149 0.695334 2.801238 0.000000 0.000000 -1.571069
  1   -1.093036 0.000002 -0.326057 -1.570757 -0.260253 0.001377
  2   2.262337 0.113614 0.064702 -0.000090 0.007084 -0.016710
  3   2.380047 0.353302 0.047440 0.000480 0.001698 0.357260
  4   2.033756 0.190472 -0.000128 -0.000010 0.000216 -0.139576
  5   2.451511 0.204909 -0.003447 -0.015799 -0.009523 -0.496114
  6   7.247600 -0.397300 -0.109469 0.000001 -0.000003 0.156829
  7   -2.022252 -0.104661 3.136172 0.476996 -1.312512 -3.762560
  8   1.168026 -0.537438 -0.063437 0.501542 -0.906094 -0.596672
  9   6.790376 -0.619176 0.015206 1.114595 -0.994714 -1.005530
 10   8.637599 0.544015 -0.090417 -1.644791 0.213786 -0.507182
 11   6.790465 -0.619039 0.017802 0.551526 -0.806363 -0.484671
 12   -2.022474 -0.104699 -2.873818 -0.469979 1.415262 -3.763654
 13   1.167898 -0.537463 0.063297 0.446297 0.751242 -0.693335
 14   7.002743 -0.617765 -0.183752 -0.583956 0.327955 -1.666445
 15   8.209042 0.615527 -0.255885 1.599642 -0.243687 0.443145
 16   7.002735 -0.617911 -0.183641 -0.342293 0.346599 -1.155562
 17   1.574674 0.609930 -0.000899 -0.036274 -0.033268 -0.724407
 18   -0.602177 0.511412 -0.000006 0.000000 0.000000 0.000000
 19   3.673773 0.177020 1.119313 -0.000002 -0.000014 -0.174510
 20   3.677673 0.176993 -1.117566 0.000007 -0.000003 -0.174546
 21   3.938451 1.338447 1.627658 0.000002 -0.000011 -0.000026
 22   -0.246060 -0.011889 0.516521 -0.000011 0.000031 0.000025
 23   3.942374 1.330659 -1.631083 0.000019 0.000002 -0.000024
 24   -0.246150 -0.011872 -0.516511 -0.000005 -0.000006 0.000048
 25   4.941364 1.997338 1.629330 0.000018 -0.000001 -0.000024
 26   4.941382 1.997366 -1.629410 -0.000001 0.000005 -0.000024
 27   2.918368 1.623171 1.514501 -0.000019 -0.000022 -0.000050
 28   2.920798 1.614964 -1.501142 -0.000002 -0.000009 -0.000024
 29   8.824059 0.150544 0.091743 -0.000083 -0.000184 -0.178075
 30   2.111085 -0.561179 1.784320 -0.000076 -0.000682 -0.001370
 31   2.121290 -0.561289 -1.853599 -0.000092 0.000026 -0.001567
 32   -0.810489 -0.093824 3.127092 -0.285335 -3.108948 -0.002676
 33   14.298673 -0.408176 0.475484 -0.000040 -0.000016 -0.585194
 34   15.835795 0.581398 0.242756 0.008137 -0.017082 -0.208566
 35   -0.815868 -0.091229 -3.114430 0.150078 3.111176 0.084020
 36   14.294526 -0.410349 -0.463635 0.000021 0.000036 -0.451272
 37   15.834409 0.579420 -0.284600 -0.171158 -0.017748 -0.225940
 38   1.284221 -3.492813 -2.831626 0.016039 -0.034537 0.574106
 39   -4.449929 -1.054854 -0.746180 0.001810 -0.002145 0.042069
 40   1.137633 -3.691964 3.229477 0.016039 -0.034524 0.574044
 41   -4.437746 -1.059130 0.959566 0.001809 -0.002145 0.042069
 42   -0.657468 1.689489 -2.688614 0.000096 -0.000259 0.004349
 43   -0.664068 1.690765 2.869377 0.000075 -0.000265 0.004349
time 46
  0   -0.233149 0.695334 2.801238 0.000000 0.000000 -1.571069
  1   -1.093036 0.000002 -0.326057 -1.570757 -0.260253 0.001377
  2   2.262337 0.113614 0.064702 -0.000090 0.007084 -0.016710
  3   2.380047 0.353302 0.047440 0.000480 0.001698 0.357260
  4   2.033756 0.190472 -0.000128 -0.000010 0.000216 -0.139576
  5   2.451511 0.204909 -0.003447 -0.015799 -0.009523 -0.496114
  6   7.247600 -0.397300 -0.109469 0.000001 -0.000003 0.156829
  7   -2.022252 -0.104661 3.136172 0.476996 -1.312483 -3.762560
  8   1.168026 -0.537438 -0.063437 0.508440 -0.910673 -0.605908
  9   6.790376 -0.619176 0.015206 0.578662 -1.128862 -1.350492
 10   8.637599 0.544015 -0.090417 -1.644791 0.213856 -0.507182
 11   6.790465 -0.619039 0.017802 0.107042 -0.864834 -0.704873
 12   -2.022474 -0.104699 -2.873818 -0.469979 1.415262 -3.763845
 13   1.167898 -0.537463 0.063297 0.440673 0.755564 -0.701144
 14   7.002743 -0.617765 -0.183752 -0.587030 0.327444 -1.672798
 15   8.209042 0.615527 -0.255885 1.599642 -0.243838 0.443145
 16   7.002735 -0.617911 -0.183641 -0.344411 0.347332 -1.159922
 17   1.574674 0.609930 -0.000899 -0.036274 -0.033244 -0.724370
 18   -0.602177 0.511412 -0.000006 0.000000 0.000000 0.000000
 19   3.677679 0.177020 1.119313 -0.000002 -0.000014 -0.174510
 20   3.677673 0.176993 -1.117566 0.000007 -0.000003 -0.174546
 21   3.942357 1.330634 1.627658 0.000002 -0.000011 -0.000026
 22   -0.246060 -0.011889 0.516521 -0.000011 0.000031 0.000025
 23   3.942374 1.330659 -1.631083 0.000019 0.000002 -0.000024
 24   -0.246150 -0.011872 -0.516511 -0.000005 -0.000006 0.000048
 25   4.941364 1.997338 1.629330 0.000018 -0.000001 -0.000024
 26   4.941382 1.997366 -1.629410 -0.000001 0.000005 -0.000024
 27   2.918368 1.615358 1.514501 -0.000019 -0.000022 -0.000050
 28   2.920798 1.614964 -1.501142 -0.000002 -0.000009 -0.000024
 29   8.824059 0.150544 0.091743 0.000006 -0.000231 -0.174534
 30   2.111085 -0.561179 1.784320 -0.000008 -0.000682 0.000024
 31   2.121290 -0.561289 -1.853599 0.000000 0.000000 -0.000002
 32   -0.810489 -0.093824 3.127092 -0.284403 -3.109139 0.014913
 33   14.298673 -0.408176 0.475484 -0.000052 -0.000029 -0.583447
 34   15.835795 0.581398 0.242756 0.006067 -0.015984 -0.207331
 35   -0.815868 -0.091229 -3.114430 0.150254 3.111176 0.044362
 36   14.294526 -0.410349 -0.463635 0.000045 0.000048 -0.449495
 37   15.834409 0.579420 -0.284600 -0.172419 -0.019744 -0.226599
 38   1.284221 -3.492813 -2.831626 0.016039 -0.034453 0.572762
 39   -4.449929 -1.054854 -0.746180 0.001762 -0.002073 0.040694
 40   1.137633 -3.691964 3.229477 0.016039 -0.034452 0.572700
 41   -4.437746 -1.059130 0.959566 0.001761 -0.002073 0.040694
 42   -0.657468 1.697302 -2.688614 0.000000 0.000002 0.000000
 43   -0.664068 1.698578 2.869377 0.000000 0.000002 0.000000
end
