version 1
nodes
  0 "Bip01" -1
  1 "Bip01 Pelvis" 0
  2 "Bip01 Spine" 1
  3 "Bip01 Spine1" 2
  4 "Bip01 Spine2" 3
  5 "Bip01 Spine3" 4
  6 "Bip01 Neck" 5
  7 "Bip01 L Arm" 6
  8 "Bip01 L Arm1" 7
  9 "Bip01 L Arm2" 8
 10 "Bip01 L Hand" 9
 11 "Bip06 L elbow2-smooth" 8
 12 "Bip01 R Arm" 6
 13 "Bip01 R Arm1" 12
 14 "Bip01 R Arm2" 13
 15 "Bip01 R Hand" 14
 16 "Bip06 R elbow2-smooth" 13
 17 "Bip01 Head" 6
 18 "Bip06 Head_helper" 17
 19 "Bip06 Head_eyes_l" 18
 20 "Bip06 Head_eyes_r" 18
 21 "Bip06 Head_blink_l" 18
 22 "Bip06 Head_blink_smooth_l1" 21
 23 "Bip06 Head_blink_r" 18
 24 "Bip06 Head_blink_smooth_r1" 23
 25 "Bip06 Head_L_eyebrow" 18
 26 "Bip06 Head_R_eyebrow" 18
 27 "Bip06 Head_blink_l_lid" 18
 28 "Bip06 Head_blink_r_lid" 18
 29 "Bip06 bunny" 18
 30 "Bip06 bunnyL" 29
 31 "Bip06 bunnyR" 29
 32 "Bip01 L Leg" 1
 33 "Bip01 L Leg1" 32
 34 "Bip01 L Foot" 33
 35 "Bip01 R Leg" 1
 36 "Bip01 R Leg1" 35
 37 "Bip01 R Foot" 36
 38 "Bip03 HairR1" 17
 39 "Bip03 HairR2" 38
 40 "Bip03 HairL1" 17
 41 "Bip03 HairL2" 40
 42 "Bip03 swingR" 17
 43 "Bip03 swingL" 17
end
skeleton
time 0
  0   -0.010486 0.000000 2.055121 0.000000 0.000000 -1.571069
  1   -1.093036 0.000002 -0.326057 -0.221706 -1.569036 -1.348744
  2   2.262337 0.113614 0.064702 -0.000090 -0.001557 -0.016710
  3   2.380047 0.353302 0.047440 -0.011686 -0.000316 -0.028262
  4   2.033756 0.190472 -0.000128 -0.000010 0.000024 -0.139576
  5   2.451511 0.204909 -0.003447 -0.016638 0.000008 -0.012692
  6   7.247600 -0.397300 -0.109469 0.000001 -0.000003 0.156829
  7   -2.022252 -0.104661 3.136172 0.325732 -1.225081 -3.496597
  8   1.168026 -0.537438 -0.063437 0.056554 -0.397920 0.395378
  9   6.790376 -0.619176 0.015206 -0.000102 -0.000151 -0.354246
 10   8.637599 0.544015 -0.090417 -1.500805 0.180843 -0.286387
 11   6.790465 -0.619039 0.017802 -0.002006 -0.010912 -0.263141
 12   -2.022474 -0.104699 -2.873818 -0.514912 1.396280 -3.660253
 13   1.167898 -0.537463 0.063297 -0.115634 0.168924 0.098460
 14   7.002743 -0.617765 -0.183752 0.000115 0.000194 -0.232914
 15   8.209042 0.615527 -0.255885 1.747043 -0.188380 0.226410
 16   7.002735 -0.617911 -0.183641 0.014627 0.001616 -0.181630
 17   1.574674 0.609930 -0.000899 0.026281 0.007203 0.237541
 18   -0.602177 0.511412 -0.000006 0.000000 0.000000 0.000000
 19   3.673773 0.177020 1.119313 -0.000002 -0.000014 -0.174510
 20   3.673767 0.176993 -1.117566 0.000007 -0.000003 -0.174546
 21   3.938451 1.330634 1.627658 0.000002 -0.000011 -0.000026
 22   -0.246060 -0.011889 0.516521 -0.000011 0.000031 0.000025
 23   3.938468 1.330659 -1.631083 0.000019 0.000002 -0.000024
 24   -0.246150 -0.011872 -0.516511 -0.000005 -0.000006 0.000048
 25   4.941364 1.997338 1.629330 0.000018 -0.000001 -0.000024
 26   4.941382 1.997366 -1.629410 -0.000001 0.000005 -0.000024
 27   2.918368 1.615358 1.514501 -0.000019 -0.000022 -0.000050
 28   2.924704 1.614964 -1.501142 -0.000002 -0.000009 -0.000024
 29   8.824059 0.150544 0.091743 0.000006 -0.000231 -0.174534
 30   2.111085 -0.561179 1.784320 -0.000008 -0.000682 0.000024
 31   2.121290 -0.561289 -1.853599 0.000000 0.000000 -0.000002
 32   -0.802676 -0.093824 3.127092 0.029246 -3.151829 -0.005351
 33   14.298673 -0.408176 0.518454 -0.008489 -0.020139 -0.122779
 34   15.835795 0.581398 0.242756 -0.000811 0.023965 0.068310
 35   -0.831494 -0.091229 -3.114430 -0.029296 3.152587 -0.005210
 36   14.294526 -0.410349 -0.455822 0.009069 0.015448 -0.122598
 37   15.834409 0.579420 -0.284600 0.000804 -0.024172 0.068081
 38   1.139685 -3.453749 -2.823813 0.000000 0.000000 0.000001
 39   -4.457742 -1.054854 -0.746180 0.000000 0.000000 0.000000
 40   1.118101 -3.449769 3.237290 0.000000 0.000001 0.000000
 41   -4.433840 -1.059130 0.959566 -0.000001 0.000000 0.000000
 42   -0.657468 1.697302 -2.688614 0.000000 0.000002 0.000000
 43   -0.664068 1.698578 2.869377 0.000000 0.000002 0.000000
time 1
  0   -0.010486 0.000000 2.055121 0.000000 0.000000 -1.571069
  1   -1.093036 0.000002 -0.326057 -0.221706 -1.569036 -1.348744
  2   2.262337 0.113614 0.064702 -0.000090 -0.001557 -0.016710
  3   2.380047 0.353302 0.047440 -0.011686 -0.000316 -0.028262
  4   2.033756 0.190472 -0.000128 -0.000010 0.000024 -0.139576
  5   2.451511 0.204909 -0.003447 -0.016638 0.000008 -0.012692
  6   7.247600 -0.397300 -0.109469 0.000001 -0.000003 0.156829
  7   -2.022252 -0.104661 3.136172 0.325732 -1.225081 -3.496597
  8   1.168026 -0.537438 -0.063437 0.056554 -0.397920 0.395378
  9   6.790376 -0.619176 0.015206 -0.000102 -0.000151 -0.354246
 10   8.637599 0.544015 -0.090417 -1.500805 0.180843 -0.286387
 11   6.790465 -0.619039 0.017802 -0.002006 -0.010912 -0.263141
 12   -2.022474 -0.104699 -2.873818 -0.514912 1.396280 -3.660253
 13   1.167898 -0.537463 0.063297 -0.115634 0.168924 0.098460
 14   7.002743 -0.617765 -0.183752 0.000115 0.000194 -0.232914
 15   8.209042 0.615527 -0.255885 1.747043 -0.188380 0.226410
 16   7.002735 -0.617911 -0.183641 0.014627 0.001616 -0.181630
 17   1.574674 0.609930 -0.000899 0.026281 0.007203 0.237615
 18   -0.602177 0.511412 -0.000006 0.000000 0.000000 0.000000
 19   3.673773 0.177020 1.119313 -0.000002 -0.000014 -0.174510
 20   3.673767 0.176993 -1.117566 0.000007 -0.000003 -0.174546
 21   3.938451 1.330634 1.627658 0.000002 -0.000011 -0.000026
 22   -0.246060 -0.011889 0.516521 -0.000011 0.000031 0.000025
 23   3.938468 1.330659 -1.631083 0.000019 0.000002 -0.000024
 24   -0.246150 -0.011872 -0.516511 -0.000005 -0.000006 0.000048
 25   4.941364 1.997338 1.629330 0.000018 -0.000001 -0.000024
 26   4.941382 1.997366 -1.629410 -0.000001 0.000005 -0.000024
 27   2.918368 1.623171 1.514501 -0.000019 -0.000022 -0.000050
 28   2.924704 1.614964 -1.501142 -0.000002 -0.000009 -0.000024
 29   8.824059 0.150544 0.091743 0.000006 -0.000231 -0.174534
 30   2.111085 -0.561179 1.784320 -0.000008 -0.000682 0.000024
 31   2.121290 -0.561289 -1.853599 0.000000 0.000000 -0.000002
 32   -0.802676 -0.093824 3.127092 0.029246 -3.151829 -0.005351
 33   14.298673 -0.408176 0.518454 -0.008489 -0.020139 -0.122779
 34   15.835795 0.581398 0.242756 -0.000811 0.023965 0.068310
 35   -0.831494 -0.091229 -3.114430 -0.029296 3.152587 -0.005210
 36   14.294526 -0.410349 -0.455822 0.009069 0.015448 -0.122598
 37   15.834409 0.579420 -0.284600 0.000804 -0.024172 0.068081
 38   1.139685 -3.453749 -2.823813 0.000000 0.000000 -0.000671
 39   -4.457742 -1.054854 -0.746180 0.000000 0.000000 -0.000393
 40   1.118101 -3.449769 3.237290 0.000000 0.000001 -0.000672
 41   -4.433840 -1.059130 0.959566 -0.000001 0.000000 -0.000393
 42   -0.657468 1.697302 -2.688614 0.000120 0.000585 0.000000
 43   -0.664068 1.698578 2.869377 -0.000075 -0.000422 0.000000
time 2
  0   -0.010486 0.000000 2.055121 0.000000 0.000000 -1.571069
  1   -1.093036 0.000002 -0.326057 -0.221706 -1.569036 -1.348744
  2   2.262337 0.113614 0.064702 -0.000090 -0.001557 -0.016710
  3   2.380047 0.353302 0.047440 -0.011686 -0.000316 -0.028262
  4   2.033756 0.190472 -0.000128 -0.000010 0.000024 -0.139576
  5   2.451511 0.204909 -0.003447 -0.016638 0.000008 -0.012915
  6   7.247600 -0.397300 -0.109469 0.000001 -0.000003 0.156829
  7   -2.022252 -0.104661 3.136172 0.325732 -1.225081 -3.496597
  8   1.168026 -0.537438 -0.063437 0.056554 -0.397920 0.395378
  9   6.790376 -0.619176 0.015206 -0.000102 -0.000151 -0.354246
 10   8.637599 0.544015 -0.090417 -1.500805 0.180843 -0.286387
 11   6.790465 -0.619039 0.017802 -0.002006 -0.010912 -0.263141
 12   -2.022474 -0.104699 -2.873818 -0.514912 1.396280 -3.660253
 13   1.167898 -0.537463 0.063297 -0.115634 0.168924 0.098460
 14   7.002743 -0.617765 -0.183752 0.000115 0.000194 -0.232914
 15   8.209042 0.615527 -0.255885 1.747043 -0.188380 0.226410
 16   7.002735 -0.617911 -0.183641 0.014627 0.001616 -0.181630
 17   1.574674 0.609930 -0.000899 0.026281 0.007203 0.237799
 18   -0.602177 0.511412 -0.000006 0.000000 0.000000 0.000000
 19   3.673773 0.177020 1.119313 -0.000002 -0.000014 -0.174510
 20   3.673767 0.176993 -1.117566 0.000007 -0.000003 -0.174546
 21   3.938451 1.330634 1.627658 0.000002 -0.000011 -0.000026
 22   -0.246060 -0.011889 0.516521 -0.000011 0.000031 0.000025
 23   3.938468 1.330659 -1.631083 0.000019 0.000002 -0.000024
 24   -0.246150 -0.011872 -0.516511 -0.000005 -0.000006 0.000048
 25   4.941364 1.997338 1.629330 0.000018 -0.000001 -0.000024
 26   4.941382 1.997366 -1.629410 -0.000001 0.000005 -0.000024
 27   2.918368 1.615358 1.514501 -0.000019 -0.000022 -0.000050
 28   2.924704 1.614964 -1.501142 -0.000002 -0.000009 -0.000024
 29   8.824059 0.150544 0.091743 0.000006 -0.000231 -0.174534
 30   2.111085 -0.561179 1.784320 -0.000008 -0.000682 0.000024
 31   2.121290 -0.561289 -1.853599 0.000000 0.000000 -0.000002
 32   -0.802676 -0.093824 3.127092 0.029246 -3.151829 -0.005351
 33   14.298673 -0.408176 0.518454 -0.008489 -0.020139 -0.122779
 34   15.835795 0.581398 0.242756 -0.000811 0.023965 0.068310
 35   -0.831494 -0.091229 -3.114430 -0.029296 3.152587 -0.005210
 36   14.294526 -0.410349 -0.455822 0.009069 0.015448 -0.122598
 37   15.834409 0.579420 -0.284600 0.000804 -0.024172 0.068081
 38   1.139685 -3.453749 -2.823813 0.000021 0.000000 -0.002809
 39   -4.457742 -1.054854 -0.746180 0.000024 0.000000 -0.001543
 40   1.118101 -3.449769 3.237290 0.000021 0.000001 -0.002810
 41   -4.433840 -1.059130 0.959566 0.000023 0.000000 -0.001543
 42   -0.657468 1.697302 -2.688614 0.000455 0.002302 0.000000
 43   -0.664068 1.698578 2.869377 -0.000350 -0.001740 0.000000
time 3
  0   -0.010486 0.000000 2.055121 0.000000 0.000000 -1.571069
  1   -1.093036 0.000002 -0.326057 -0.221706 -1.569036 -1.348744
  2   2.262337 0.113614 0.064702 -0.000090 -0.001557 -0.016710
  3   2.380047 0.353302 0.047440 -0.011686 -0.000316 -0.028262
  4   2.033756 0.190472 -0.000128 -0.000010 0.000024 -0.139576
  5   2.451511 0.204909 -0.003447 -0.016638 -0.000005 -0.013856
  6   7.247600 -0.397300 -0.109469 0.000001 -0.000003 0.156829
  7   -2.022252 -0.104661 3.136172 0.325732 -1.225081 -3.496597
  8   1.168026 -0.537438 -0.063437 0.056554 -0.397920 0.395378
  9   6.790376 -0.619176 0.015206 -0.000102 -0.000151 -0.354246
 10   8.637599 0.544015 -0.090417 -1.500805 0.180843 -0.286387
 11   6.790465 -0.619039 0.017802 -0.002006 -0.010912 -0.263141
 12   -2.022474 -0.104699 -2.873818 -0.514912 1.396280 -3.660253
 13   1.167898 -0.537463 0.063297 -0.115634 0.168924 0.098460
 14   7.002743 -0.617765 -0.183752 0.000115 0.000194 -0.232914
 15   8.209042 0.615527 -0.255885 1.747043 -0.188380 0.226410
 16   7.002735 -0.617911 -0.183641 0.014627 0.001616 -0.181630
 17   1.574674 0.609930 -0.000899 0.026403 0.007203 0.238723
 18   -0.602177 0.511412 -0.000006 0.000000 0.000000 0.000000
 19   3.673773 0.177020 1.119313 -0.000002 -0.000014 -0.174510
 20   3.673767 0.176993 -1.117566 0.000007 -0.000003 -0.174546
 21   3.938451 1.330634 1.627658 0.000002 -0.000011 -0.000026
 22   -0.246060 -0.011889 0.516521 -0.000011 0.000031 0.000025
 23   3.938468 1.330659 -1.631083 0.000019 0.000002 -0.000024
 24   -0.246150 -0.011872 -0.516511 -0.000005 -0.000006 0.000048
 25   4.941364 1.997338 1.629330 0.000018 -0.000001 -0.000024
 26   4.941382 1.997366 -1.629410 -0.000001 0.000005 -0.000024
 27   2.918368 1.615358 1.514501 -0.000019 -0.000022 -0.000050
 28   2.924704 1.614964 -1.501142 -0.000002 -0.000009 -0.000024
 29   8.824059 0.150544 0.091743 0.000006 -0.000231 -0.174534
 30   2.111085 -0.561179 1.784320 -0.000008 -0.000682 0.000024
 31   2.121290 -0.561289 -1.853599 0.000000 0.000000 -0.000002
 32   -0.802676 -0.093824 3.127092 0.029246 -3.151829 -0.005351
 33   14.298673 -0.408176 0.518454 -0.008489 -0.020139 -0.122779
 34   15.835795 0.581398 0.242756 -0.000811 0.023965 0.068310
 35   -0.831494 -0.091229 -3.114430 -0.029296 3.152587 -0.005210
 36   14.294526 -0.410349 -0.455822 0.009069 0.015448 -0.122598
 37   15.834409 0.579420 -0.284600 0.000804 -0.024172 0.068081
 38   1.139685 -3.453749 -2.823813 0.000084 0.000000 -0.006292
 39   -4.457742 -1.054854 -0.746180 0.000048 -0.000012 -0.003394
 40   1.118101 -3.449769 3.237290 0.000084 0.000001 -0.006293
 41   -4.433840 -1.059130 0.959566 0.000047 -0.000012 -0.003394
 42   -0.657468 1.697302 -2.680801 0.001019 0.005077 0.000042
 43   -0.664068 1.698578 2.865470 -0.000775 -0.003842 0.000042
time 4
  0   -0.010486 0.000000 2.055121 0.000000 0.000000 -1.571069
  1   -1.093036 0.000002 -0.326057 -0.221706 -1.569036 -1.348744
  2   2.262337 0.113614 0.064702 -0.000090 -0.001557 -0.016710
  3   2.380047 0.353302 0.047440 -0.011686 -0.000316 -0.028262
  4   2.033756 0.190472 -0.000128 -0.000010 0.000024 -0.139576
  5   2.451511 0.204909 -0.003447 -0.016638 -0.000005 -0.016407
  6   7.247600 -0.397300 -0.109469 0.000001 -0.000003 0.156829
  7   -2.022252 -0.104661 3.136172 0.325732 -1.225081 -3.496597
  8   1.168026 -0.537438 -0.063437 0.056554 -0.397920 0.395378
  9   6.790376 -0.619176 0.015206 -0.000102 -0.000151 -0.354246
 10   8.637599 0.544015 -0.090417 -1.500805 0.180843 -0.286387
 11   6.790465 -0.619039 0.017802 -0.002006 -0.010912 -0.263141
 12   -2.022474 -0.104699 -2.873818 -0.514912 1.396280 -3.660253
 13   1.167898 -0.537463 0.063297 -0.115634 0.168924 0.098460
 14   7.002743 -0.617765 -0.183752 0.000115 0.000194 -0.232914
 15   8.209042 0.615527 -0.255885 1.747043 -0.188380 0.226410
 16   7.002735 -0.617911 -0.183641 0.014627 0.001616 -0.181630
 17   1.574674 0.609930 -0.000899 0.026484 0.007203 0.241348
 18   -0.602177 0.511412 -0.000006 0.000000 0.000000 0.000000
 19   3.673773 0.177020 1.119313 -0.000002 -0.000014 -0.174510
 20   3.673767 0.176993 -1.117566 0.000007 -0.000003 -0.174546
 21   3.942357 1.330634 1.627658 0.000002 -0.000011 -0.000026
 22   -0.246060 -0.011889 0.516521 -0.000011 0.000031 0.000025
 23   3.938468 1.330659 -1.631083 0.000019 0.000002 -0.000024
 24   -0.246150 -0.011872 -0.516511 -0.000005 -0.000006 0.000048
 25   4.941364 1.997338 1.629330 0.000018 -0.000001 -0.000024
 26   4.941382 1.997366 -1.629410 -0.000001 0.000005 -0.000024
 27   2.918368 1.623171 1.514501 -0.000019 -0.000022 -0.000050
 28   2.924704 1.614964 -1.501142 -0.000002 -0.000009 -0.000024
 29   8.824059 0.150544 0.091743 0.000006 -0.000231 -0.174534
 30   2.111085 -0.561179 1.784320 -0.000008 -0.000682 0.000024
 31   2.121290 -0.561289 -1.853599 0.000000 0.000000 -0.000002
 32   -0.802676 -0.093824 3.127092 0.029246 -3.151829 -0.005351
 33   14.298673 -0.408176 0.518454 -0.008489 -0.020139 -0.122779
 34   15.835795 0.581398 0.242756 -0.000811 0.023965 0.068310
 35   -0.831494 -0.091229 -3.114430 -0.029296 3.152587 -0.005210
 36   14.294526 -0.410349 -0.455822 0.009069 0.015448 -0.122598
 37   15.834409 0.579420 -0.284600 0.000804 -0.024172 0.068081
 38   1.139685 -3.449842 -2.823813 0.000147 -0.000012 -0.010813
 39   -4.457742 -1.054854 -0.746180 0.000096 -0.000012 -0.005862
 40   1.118101 -3.449769 3.237290 0.000147 -0.000011 -0.010814
 41   -4.433840 -1.059130 0.959566 0.000095 -0.000012 -0.005862
 42   -0.657468 1.697302 -2.672988 0.001762 0.008757 0.000084
 43   -0.664068 1.698578 2.861564 -0.001337 -0.006635 0.000042
time 5
  0   -0.010486 0.000000 2.055121 0.000000 0.000000 -1.571069
  1   -1.093036 0.000002 -0.326057 -0.221706 -1.569036 -1.348744
  2   2.262337 0.113614 0.064702 -0.000090 -0.001557 -0.016710
  3   2.380047 0.353302 0.047440 -0.011686 -0.000316 -0.028262
  4   2.033756 0.190472 -0.000128 -0.000010 0.000024 -0.139576
  5   2.451511 0.204909 -0.003447 -0.016638 -0.000005 -0.018760
  6   7.247600 -0.397300 -0.109469 0.000001 -0.000003 0.156829
  7   -2.022252 -0.104661 3.136172 0.325732 -1.225081 -3.496597
  8   1.168026 -0.537438 -0.063437 0.056554 -0.397920 0.395378
  9   6.790376 -0.619176 0.015206 -0.000102 -0.000151 -0.354246
 10   8.637599 0.544015 -0.090417 -1.500805 0.180843 -0.286387
 11   6.790465 -0.619039 0.017802 -0.002006 -0.010912 -0.263141
 12   -2.022474 -0.104699 -2.873818 -0.514912 1.396280 -3.660253
 13   1.167898 -0.537463 0.063297 -0.115634 0.168924 0.098460
 14   7.002743 -0.617765 -0.183752 0.000115 0.000194 -0.232914
 15   8.209042 0.615527 -0.255885 1.747043 -0.188380 0.226410
 16   7.002735 -0.617911 -0.183641 0.014627 0.001616 -0.181630
 17   1.574674 0.609930 -0.000899 0.026647 0.007203 0.243898
 18   -0.602177 0.511412 -0.000006 0.000000 0.000000 0.000000
 19   3.673773 0.177020 1.119313 -0.000002 -0.000014 -0.174510
 20   3.673767 0.176993 -1.117566 0.000007 -0.000003 -0.174546
 21   3.938451 1.330634 1.627658 0.000002 -0.000011 -0.000026
 22   -0.246060 -0.011889 0.516521 -0.000011 0.000031 0.000025
 23   3.938468 1.330659 -1.631083 0.000019 0.000002 -0.000024
 24   -0.246150 -0.011872 -0.516511 -0.000005 -0.000006 0.000048
 25   4.941364 1.997338 1.629330 0.000018 -0.000001 -0.000024
 26   4.941382 1.997366 -1.629410 -0.000001 0.000005 -0.000024
 27   2.918368 1.615358 1.514501 -0.000019 -0.000022 -0.000050
 28   2.924704 1.614964 -1.501142 -0.000002 -0.000009 -0.000024
 29   8.824059 0.150544 0.091743 0.000006 -0.000231 -0.174534
 30   2.111085 -0.561179 1.784320 -0.000008 -0.000682 0.000024
 31   2.121290 -0.561289 -1.853599 0.000000 0.000000 -0.000002
 32   -0.802676 -0.093824 3.127092 0.029246 -3.151829 -0.005351
 33   14.298673 -0.408176 0.518454 -0.008489 -0.020139 -0.122779
 34   15.835795 0.581398 0.242756 -0.000811 0.023965 0.068310
 35   -0.831494 -0.091229 -3.114430 -0.029296 3.152587 -0.005210
 36   14.294526 -0.410349 -0.455822 0.009069 0.015448 -0.122598
 37   15.834409 0.579420 -0.284600 0.000804 -0.024172 0.068081
 38   1.139685 -3.445936 -2.823813 0.000274 -0.000036 -0.016372
 39   -4.457742 -1.054854 -0.746180 0.000144 -0.000024 -0.008891
 40   1.118101 -3.449769 3.237290 0.000274 -0.000035 -0.016373
 41   -4.433840 -1.059130 0.959566 0.000143 -0.000024 -0.008891
 42   -0.657468 1.697302 -2.669082 0.002673 0.013280 0.000084
 43   -0.664068 1.698578 2.849845 -0.002012 -0.010088 0.000084
time 6
  0   -0.010486 0.000000 2.055121 0.000000 0.000000 -1.571069
  1   -1.093036 0.000002 -0.326057 -0.221706 -1.569036 -1.348744
  2   2.262337 0.113614 0.064702 -0.000090 -0.001557 -0.016710
  3   2.380047 0.353302 0.047440 -0.011686 -0.000316 -0.028262
  4   2.033756 0.190472 -0.000128 -0.000010 0.000024 -0.139576
  5   2.451511 0.204909 -0.003447 -0.016638 -0.000005 -0.021880
  6   7.247600 -0.397300 -0.109469 0.000001 -0.000003 0.156829
  7   -2.022252 -0.104661 3.136172 0.325732 -1.225081 -3.496597
  8   1.168026 -0.537438 -0.063437 0.056554 -0.397920 0.395378
  9   6.790376 -0.619176 0.015206 -0.000102 -0.000151 -0.354246
 10   8.637599 0.544015 -0.090417 -1.500805 0.180843 -0.286387
 11   6.790465 -0.619039 0.017802 -0.002006 -0.010912 -0.263141
 12   -2.022474 -0.104699 -2.873818 -0.514912 1.396280 -3.660253
 13   1.167898 -0.537463 0.063297 -0.115634 0.168924 0.098460
 14   7.002743 -0.617765 -0.183752 0.000115 0.000194 -0.232914
 15   8.209042 0.615527 -0.255885 1.747043 -0.188380 0.226410
 16   7.002735 -0.617911 -0.183641 0.014627 0.001616 -0.181630
 17   1.574674 0.609930 -0.000899 0.026809 0.007155 0.247003
 18   -0.602177 0.511412 -0.000006 0.000000 0.000000 0.000000
 19   3.673773 0.177020 1.119313 -0.000002 -0.000014 -0.174510
 20   3.673767 0.176993 -1.117566 0.000007 -0.000003 -0.174546
 21   3.938451 1.330634 1.627658 0.000002 -0.000011 -0.000026
 22   -0.246060 -0.011889 0.516521 -0.000011 0.000031 0.000025
 23   3.938468 1.330659 -1.631083 0.000019 0.000002 -0.000024
 24   -0.246150 -0.011872 -0.516511 -0.000005 -0.000006 0.000048
 25   4.941364 1.997338 1.629330 0.000018 -0.000001 -0.000024
 26   4.941382 1.997366 -1.629410 -0.000001 0.000005 -0.000024
 27   2.918368 1.623171 1.514501 -0.000019 -0.000022 -0.000050
 28   2.924704 1.614964 -1.501142 -0.000002 -0.000009 -0.000024
 29   8.824059 0.150544 0.091743 0.000006 -0.000231 -0.174534
 30   2.111085 -0.561179 1.784320 -0.000008 -0.000682 0.000024
 31   2.121290 -0.561289 -1.853599 0.000000 0.000000 -0.000002
 32   -0.802676 -0.093824 3.127092 0.029246 -3.151829 -0.005351
 33   14.298673 -0.408176 0.518454 -0.008489 -0.020139 -0.122779
 34   15.835795 0.581398 0.242756 -0.000811 0.023965 0.068310
 35   -0.831494 -0.091229 -3.114430 -0.029296 3.152587 -0.005210
 36   14.294526 -0.410349 -0.455822 0.009069 0.015448 -0.122598
 37   15.834409 0.579420 -0.284600 0.000804 -0.024172 0.068081
 38   1.139685 -3.445936 -2.823813 0.000379 -0.000048 -0.022971
 39   -4.457742 -1.054854 -0.746180 0.000204 -0.000036 -0.012424
 40   1.118101 -3.441956 3.237290 0.000379 -0.000047 -0.022972
 41   -4.433840 -1.059130 0.959566 0.000203 -0.000036 -0.012424
 42   -0.657468 1.697302 -2.657363 0.003715 0.018539 0.000167
 43   -0.664068 1.698578 2.842032 -0.002824 -0.014089 0.000084
time 7
  0   -0.010486 0.000000 2.055121 0.000000 0.000000 -1.571069
  1   -1.093036 0.000002 -0.326057 -0.221706 -1.569036 -1.348744
  2   2.262337 0.113614 0.064702 -0.000090 -0.001557 -0.016710
  3   2.380047 0.353302 0.047440 -0.011686 -0.000316 -0.028262
  4   2.033756 0.190472 -0.000128 -0.000010 0.000024 -0.139576
  5   2.451511 0.204909 -0.003447 -0.016638 -0.000018 -0.023614
  6   7.247600 -0.397300 -0.109469 0.000001 -0.000003 0.156829
  7   -2.022252 -0.104661 3.136172 0.325732 -1.225081 -3.496597
  8   1.168026 -0.537438 -0.063437 0.056554 -0.397920 0.395378
  9   6.790376 -0.619176 0.015206 -0.000102 -0.000151 -0.354246
 10   8.637599 0.544015 -0.090417 -1.500805 0.180843 -0.286387
 11   6.790465 -0.619039 0.017802 -0.002006 -0.010912 -0.263141
 12   -2.022474 -0.104699 -2.873818 -0.514912 1.396280 -3.660253
 13   1.167898 -0.537463 0.063297 -0.115634 0.168924 0.098460
 14   7.002743 -0.617765 -0.183752 0.000115 0.000194 -0.232914
 15   8.209042 0.615527 -0.255885 1.747043 -0.188380 0.226410
 16   7.002735 -0.617911 -0.183641 0.014627 0.001616 -0.181630
 17   1.574674 0.609930 -0.000899 0.026891 0.007155 0.248777
 18   -0.602177 0.511412 -0.000006 0.000000 0.000000 0.000000
 19   3.673773 0.177020 1.119313 -0.000002 -0.000014 -0.174510
 20   3.673767 0.176993 -1.117566 0.000007 -0.000003 -0.174546
 21   3.938451 1.330634 1.627658 0.000002 -0.000011 -0.000026
 22   -0.246060 -0.011889 0.516521 -0.000011 0.000031 0.000025
 23   3.938468 1.330659 -1.631083 0.000019 0.000002 -0.000024
 24   -0.246150 -0.011872 -0.516511 -0.000005 -0.000006 0.000048
 25   4.941364 1.997338 1.629330 0.000018 -0.000001 -0.000024
 26   4.941382 1.997366 -1.629410 -0.000001 0.000005 -0.000024
 27   2.918368 1.615358 1.514501 -0.000019 -0.000022 -0.000050
 28   2.924704 1.614964 -1.501142 -0.000002 -0.000009 -0.000024
 29   8.824059 0.150544 0.091743 0.000006 -0.000231 -0.174534
 30   2.111085 -0.561179 1.784320 -0.000008 -0.000682 0.000024
 31   2.121290 -0.561289 -1.853599 0.000000 0.000000 -0.000002
 32   -0.802676 -0.093824 3.127092 0.029246 -3.151829 -0.005351
 33   14.298673 -0.408176 0.518454 -0.008489 -0.020139 -0.122779
 34   15.835795 0.581398 0.242756 -0.000811 0.023965 0.068310
 35   -0.831494 -0.091229 -3.114430 -0.029296 3.152587 -0.005210
 36   14.294526 -0.410349 -0.455822 0.009069 0.015448 -0.122598
 37   15.834409 0.579420 -0.284600 0.000804 -0.024172 0.068081
 38   1.139685 -3.438123 -2.823813 0.000484 -0.000072 -0.030302
 39   -4.457742 -1.054854 -0.746180 0.000264 -0.000060 -0.016379
 40   1.118101 -3.441956 3.237290 0.000484 -0.000071 -0.030303
 41   -4.433840 -1.059130 0.959566 0.000275 -0.000060 -0.016379
 42   -0.657468 1.697302 -2.649550 0.004914 0.024411 0.000251
 43   -0.664068 1.698578 2.834219 -0.003736 -0.018577 0.000125
time 8
  0   -0.010486 0.000000 2.055121 0.000000 0.000000 -1.571069
  1   -1.093036 0.000002 -0.326057 -0.221706 -1.569036 -1.348744
  2   2.262337 0.113614 0.064702 -0.000090 -0.001557 -0.016710
  3   2.380047 0.353302 0.047440 -0.011686 -0.000316 -0.028262
  4   2.033756 0.190472 -0.000128 -0.000010 0.000024 -0.139576
  5   2.451511 0.204909 -0.003447 -0.016638 -0.000057 -0.027527
  6   7.247600 -0.397300 -0.109469 0.000001 -0.000003 0.156829
  7   -2.022252 -0.104661 3.136172 0.325732 -1.225081 -3.496597
  8   1.168026 -0.537438 -0.063437 0.056554 -0.397920 0.395378
  9   6.790376 -0.619176 0.015206 -0.000102 -0.000151 -0.354246
 10   8.637599 0.544015 -0.090417 -1.500805 0.180843 -0.286387
 11   6.790465 -0.619039 0.017802 -0.002006 -0.010912 -0.263141
 12   -2.022474 -0.104699 -2.873818 -0.514912 1.396280 -3.660253
 13   1.167898 -0.537463 0.063297 -0.115634 0.168924 0.098460
 14   7.002743 -0.617765 -0.183752 0.000115 0.000194 -0.232914
 15   8.209042 0.615527 -0.255885 1.747043 -0.188380 0.226410
 16   7.002735 -0.617911 -0.183641 0.014627 0.001616 -0.181630
 17   1.574674 0.609930 -0.000899 0.027094 0.007155 0.252695
 18   -0.602177 0.511412 -0.000006 0.000000 0.000000 0.000000
 19   3.673773 0.177020 1.119313 -0.000002 -0.000014 -0.174510
 20   3.673767 0.176993 -1.117566 0.000007 -0.000003 -0.174546
 21   3.938451 1.330634 1.627658 0.000002 -0.000011 -0.000026
 22   -0.246060 -0.011889 0.516521 -0.000011 0.000031 0.000025
 23   3.938468 1.330659 -1.631083 0.000019 0.000002 -0.000024
 24   -0.246150 -0.011872 -0.516511 -0.000005 -0.000006 0.000048
 25   4.941364 1.997338 1.629330 0.000018 -0.000001 -0.000024
 26   4.941382 1.997366 -1.629410 -0.000001 0.000005 -0.000024
 27   2.918368 1.615358 1.514501 -0.000019 -0.000022 -0.000050
 28   2.924704 1.614964 -1.501142 -0.000002 -0.000009 -0.000024
 29   8.824059 0.150544 0.091743 0.000006 -0.000231 -0.174534
 30   2.111085 -0.561179 1.784320 -0.000008 -0.000682 0.000024
 31   2.121290 -0.561289 -1.853599 0.000000 0.000000 -0.000002
 32   -0.802676 -0.093824 3.127092 0.029246 -3.151829 -0.005351
 33   14.298673 -0.408176 0.518454 -0.008489 -0.020139 -0.122779
 34   15.835795 0.581398 0.242756 -0.000811 0.023965 0.068310
 35   -0.831494 -0.091229 -3.114430 -0.029296 3.152587 -0.005210
 36   14.294526 -0.410349 -0.455822 0.009069 0.015448 -0.122598
 37   15.834409 0.579420 -0.284600 0.000804 -0.024172 0.068081
 38   1.139685 -3.434217 -2.823813 0.000610 -0.000096 -0.038183
 39   -4.457742 -1.054854 -0.746180 0.000348 -0.000072 -0.020698
 40   1.118101 -3.438050 3.237290 0.000610 -0.000095 -0.038184
 41   -4.433840 -1.059130 0.959566 0.000347 -0.000072 -0.020698
 42   -0.649655 1.697302 -2.637831 0.006196 0.030851 0.000335
 43   -0.664068 1.698578 2.822500 -0.004698 -0.023457 0.000251
time 9
  0   -0.010486 0.000000 2.055121 0.000000 0.000000 -1.571069
  1   -1.093036 0.000002 -0.326057 -0.221706 -1.569036 -1.348744
  2   2.262337 0.113614 0.064702 -0.000090 -0.001557 -0.016710
  3   2.380047 0.353302 0.047440 -0.011686 -0.000316 -0.028262
  4   2.033756 0.190472 -0.000128 -0.000010 0.000024 -0.139576
  5   2.451511 0.204909 -0.003447 -0.016638 -0.000123 -0.034387
  6   7.247600 -0.397300 -0.109469 0.000001 -0.000003 0.156829
  7   -2.022252 -0.104661 3.136172 0.325732 -1.225081 -3.496597
  8   1.168026 -0.537438 -0.063437 0.056554 -0.397920 0.395378
  9   6.790376 -0.619176 0.015206 -0.000102 -0.000151 -0.354246
 10   8.637599 0.544015 -0.090417 -1.500805 0.180843 -0.286387
 11   6.790465 -0.619039 0.017802 -0.002006 -0.010912 -0.263141
 12   -2.022474 -0.104699 -2.873818 -0.514912 1.396280 -3.660253
 13   1.167898 -0.537463 0.063297 -0.115634 0.168924 0.098460
 14   7.002743 -0.617765 -0.183752 0.000115 0.000194 -0.232914
 15   8.209042 0.615527 -0.255885 1.747043 -0.188380 0.226410
 16   7.002735 -0.617911 -0.183641 0.014627 0.001616 -0.181630
 17   1.574674 0.609930 -0.000899 0.027459 0.007155 0.259459
 18   -0.602177 0.511412 -0.000006 0.000000 0.000000 0.000000
 19   3.673773 0.177020 1.119313 -0.000002 -0.000014 -0.174510
 20   3.673767 0.176993 -1.117566 0.000007 -0.000003 -0.174546
 21   3.942357 1.330634 1.627658 0.000002 -0.000011 -0.000026
 22   -0.246060 -0.011889 0.516521 -0.000011 0.000031 0.000025
 23   3.938468 1.330659 -1.631083 0.000019 0.000002 -0.000024
 24   -0.246150 -0.011872 -0.516511 -0.000005 -0.000006 0.000048
 25   4.941364 1.997338 1.629330 0.000018 -0.000001 -0.000024
 26   4.941382 1.997366 -1.629410 -0.000001 0.000005 -0.000024
 27   2.918368 1.623171 1.514501 -0.000019 -0.000022 -0.000050
 28   2.924704 1.614964 -1.501142 -0.000002 -0.000009 -0.000024
 29   8.824059 0.150544 0.091743 0.000006 -0.000231 -0.174534
 30   2.111085 -0.561179 1.784320 -0.000008 -0.000682 0.000024
 31   2.121290 -0.561289 -1.853599 0.000000 0.000000 -0.000002
 32   -0.802676 -0.093824 3.127092 0.029246 -3.151829 -0.005351
 33   14.298673 -0.408176 0.518454 -0.008489 -0.020139 -0.122779
 34   15.835795 0.581398 0.242756 -0.000811 0.023965 0.068310
 35   -0.831494 -0.091229 -3.114430 -0.029296 3.152587 -0.005210
 36   14.294526 -0.410349 -0.455822 0.009069 0.015448 -0.122598
 37   15.834409 0.579420 -0.284600 0.000804 -0.024172 0.068081
 38   1.139685 -3.434217 -2.823813 0.000779 -0.000145 -0.046736
 39   -4.457742 -1.054854 -0.746180 0.000407 -0.000084 -0.025297
 40   1.118101 -3.430237 3.237290 0.000779 -0.000144 -0.046737
 41   -4.433840 -1.059130 0.959566 0.000406 -0.000084 -0.025297
 42   -0.649655 1.697302 -2.626112 0.007586 0.037735 0.000376
 43   -0.664068 1.698578 2.818594 -0.005760 -0.028698 0.000293
time 10
  0   -0.010486 0.000000 2.055121 0.000000 0.000000 -1.571069
  1   -1.093036 0.000002 -0.326057 -0.221706 -1.569036 -1.348744
  2   2.262337 0.113614 0.064702 -0.000090 -0.001557 -0.016710
  3   2.380047 0.353302 0.047440 -0.011686 -0.000316 -0.028262
  4   2.033756 0.190472 -0.000128 -0.000010 0.000024 -0.139576
  5   2.451511 0.204909 -0.003447 -0.016638 -0.000149 -0.036814
  6   7.247600 -0.397300 -0.109469 0.000001 -0.000003 0.156829
  7   -2.022252 -0.104661 3.136172 0.325732 -1.225081 -3.496597
  8   1.168026 -0.537438 -0.063437 0.056554 -0.397920 0.395378
  9   6.790376 -0.619176 0.015206 -0.000102 -0.000151 -0.354246
 10   8.637599 0.544015 -0.090417 -1.500805 0.180843 -0.286387
 11   6.790465 -0.619039 0.017802 -0.002006 -0.010912 -0.263141
 12   -2.022474 -0.104699 -2.873818 -0.514912 1.396280 -3.660253
 13   1.167898 -0.537463 0.063297 -0.115634 0.168924 0.098460
 14   7.002743 -0.617765 -0.183752 0.000115 0.000194 -0.232914
 15   8.209042 0.615527 -0.255885 1.747043 -0.188380 0.226410
 16   7.002735 -0.617911 -0.183641 0.014627 0.001616 -0.181630
 17   1.574674 0.609930 -0.000899 0.027540 0.007155 0.262009
 18   -0.602177 0.511412 -0.000006 0.000000 0.000000 0.000000
 19   3.673773 0.177020 1.119313 -0.000002 -0.000014 -0.174510
 20   3.673767 0.176993 -1.117566 0.000007 -0.000003 -0.174546
 21   3.938451 1.330634 1.627658 0.000002 -0.000011 -0.000026
 22   -0.246060 -0.011889 0.516521 -0.000011 0.000031 0.000025
 23   3.938468 1.330659 -1.631083 0.000019 0.000002 -0.000024
 24   -0.246150 -0.011872 -0.516511 -0.000005 -0.000006 0.000048
 25   4.941364 1.997338 1.629330 0.000018 -0.000001 -0.000024
 26   4.941382 1.997366 -1.629410 -0.000001 0.000005 -0.000024
 27   2.918368 1.623171 1.514501 -0.000019 -0.000022 -0.000050
 28   2.924704 1.614964 -1.501142 -0.000002 -0.000009 -0.000024
 29   8.824059 0.150544 0.091743 0.000006 -0.000231 -0.174534
 30   2.111085 -0.561179 1.784320 -0.000008 -0.000682 0.000024
 31   2.121290 -0.561289 -1.853599 0.000000 0.000000 -0.000002
 32   -0.802676 -0.093824 3.127092 0.029246 -3.151829 -0.005351
 33   14.298673 -0.408176 0.518454 -0.008489 -0.020139 -0.122779
 34   15.835795 0.581398 0.242756 -0.000811 0.023965 0.068310
 35   -0.831494 -0.091229 -3.114430 -0.029296 3.152587 -0.005210
 36   14.294526 -0.410349 -0.455822 0.009069 0.015448 -0.122598
 37   15.834409 0.579420 -0.284600 0.000804 -0.024172 0.068081
 38   1.139685 -3.426404 -2.823813 0.000905 -0.000169 -0.055717
 39   -4.457742 -1.054854 -0.746180 0.000491 -0.000108 -0.030149
 40   1.118101 -3.430237 3.237290 0.000905 -0.000168 -0.055718
 41   -4.433840 -1.059130 0.959566 0.000490 -0.000108 -0.030149
 42   -0.649655 1.697302 -2.606580 0.009036 0.044926 0.000502
 43   -0.664068 1.698578 2.806875 -0.006872 -0.034190 0.000335
time 11
  0   -0.010486 0.000000 2.055121 0.000000 0.000000 -1.571069
  1   -1.093036 0.000002 -0.326057 -0.221706 -1.569036 -1.348744
  2   2.262337 0.113614 0.064702 -0.000090 -0.001557 -0.016710
  3   2.380047 0.353302 0.047440 -0.011686 -0.000316 -0.028262
  4   2.033756 0.190472 -0.000128 -0.000010 0.000024 -0.139576
  5   2.451511 0.204909 -0.003447 -0.016638 -0.000188 -0.042089
  6   7.247600 -0.397300 -0.109469 0.000001 -0.000003 0.156829
  7   -2.022252 -0.104661 3.136172 0.325732 -1.225081 -3.496597
  8   1.168026 -0.537438 -0.063437 0.056554 -0.397920 0.395378
  9   6.790376 -0.619176 0.015206 -0.000102 -0.000151 -0.354246
 10   8.637599 0.544015 -0.090417 -1.500805 0.180843 -0.286387
 11   6.790465 -0.619039 0.017802 -0.002006 -0.010912 -0.263141
 12   -2.022474 -0.104699 -2.873818 -0.514912 1.396280 -3.660253
 13   1.167898 -0.537463 0.063297 -0.115634 0.168924 0.098460
 14   7.002743 -0.617765 -0.183752 0.000115 0.000194 -0.232914
 15   8.209042 0.615527 -0.255885 1.747043 -0.188380 0.226410
 16   7.002735 -0.617911 -0.183641 0.014627 0.001616 -0.181630
 17   1.574674 0.609930 -0.000899 0.027865 0.007132 0.267183
 18   -0.602177 0.511412 -0.000006 0.000000 0.000000 0.000000
 19   3.673773 0.177020 1.119313 -0.000002 -0.000014 -0.174510
 20   3.673767 0.176993 -1.117566 0.000007 -0.000003 -0.174546
 21   3.938451 1.330634 1.627658 0.000002 -0.000011 -0.000026
 22   -0.246060 -0.011889 0.516521 -0.000011 0.000031 0.000025
 23   3.938468 1.330659 -1.631083 0.000019 0.000002 -0.000024
 24   -0.246150 -0.011872 -0.516511 -0.000005 -0.000006 0.000048
 25   4.941364 1.997338 1.629330 0.000018 -0.000001 -0.000024
 26   4.941382 1.997366 -1.629410 -0.000001 0.000005 -0.000024
 27   2.918368 1.615358 1.514501 -0.000019 -0.000022 -0.000050
 28   2.924704 1.614964 -1.501142 -0.000002 -0.000009 -0.000024
 29   8.824059 0.150544 0.091743 0.000006 -0.000231 -0.172978
 30   2.111085 -0.561179 1.784320 0.000317 0.001643 0.000024
 31   2.121290 -0.561289 -1.853599 -0.000904 -0.005750 0.000180
 32   -0.802676 -0.093824 3.127092 0.029246 -3.151829 -0.005351
 33   14.298673 -0.408176 0.518454 -0.008489 -0.020139 -0.122779
 34   15.835795 0.581398 0.242756 -0.000811 0.023965 0.068310
 35   -0.831494 -0.091229 -3.114430 -0.029296 3.152587 -0.005210
 36   14.294526 -0.410349 -0.455822 0.009069 0.015448 -0.122598
 37   15.834409 0.579420 -0.284600 0.000804 -0.024172 0.068081
 38   1.139685 -3.422498 -2.823813 0.001095 -0.000193 -0.065004
 39   -4.457742 -1.054854 -0.746180 0.000575 -0.000120 -0.035141
 40   1.118101 -3.422424 3.237290 0.001095 -0.000192 -0.065005
 41   -4.433840 -1.059130 0.959566 0.000574 -0.000120 -0.035141
 42   -0.649655 1.697302 -2.594861 0.010534 0.052408 0.000585
 43   -0.664068 1.698578 2.795156 -0.008009 -0.039870 0.000376
time 12
  0   -0.010486 0.000000 2.055121 0.000000 0.000000 -1.571069
  1   -1.093036 0.000002 -0.326057 -0.221706 -1.569036 -1.348744
  2   2.262337 0.113614 0.064702 -0.000090 -0.001557 -0.016710
  3   2.380047 0.353302 0.047440 -0.011686 -0.000316 -0.028262
  4   2.033756 0.190472 -0.000128 -0.000010 0.000024 -0.139576
  5   2.451511 0.204909 -0.003447 -0.016638 -0.000227 -0.047537
  6   7.247600 -0.397300 -0.109469 0.000001 -0.000003 0.156829
  7   -2.022252 -0.104661 3.136172 0.325732 -1.225081 -3.496597
  8   1.168026 -0.537438 -0.063437 0.056554 -0.397920 0.395378
  9   6.790376 -0.619176 0.015206 -0.000102 -0.000151 -0.354246
 10   8.637599 0.544015 -0.090417 -1.500805 0.180843 -0.286387
 11   6.790465 -0.619039 0.017802 -0.002006 -0.010912 -0.263141
 12   -2.022474 -0.104699 -2.873818 -0.514912 1.396280 -3.660253
 13   1.167898 -0.537463 0.063297 -0.115634 0.168924 0.098460
 14   7.002743 -0.617765 -0.183752 0.000115 0.000194 -0.232914
 15   8.209042 0.615527 -0.255885 1.747043 -0.188380 0.226410
 16   7.002735 -0.617911 -0.183641 0.014627 0.001616 -0.181630
 17   1.574674 0.609930 -0.000899 0.028069 0.007132 0.272764
 18   -0.602177 0.511412 -0.000006 0.000000 0.000000 0.000000
 19   3.673773 0.177020 1.119313 -0.000002 -0.000014 -0.174510
 20   3.677673 0.176993 -1.117566 0.000007 -0.000003 -0.174546
 21   3.942357 1.330634 1.627658 0.000002 -0.000011 -0.000026
 22   -0.246060 -0.011889 0.516521 -0.000011 0.000031 0.000025
 23   3.938468 1.330659 -1.631083 0.000019 0.000002 -0.000024
 24   -0.246150 -0.011872 -0.516511 -0.000005 -0.000006 0.000048
 25   4.941364 1.997338 1.629330 0.000018 -0.000001 -0.000024
 26   4.941382 1.997366 -1.629410 -0.000001 0.000005 -0.000024
 27   2.918368 1.615358 1.514501 -0.000019 -0.000022 -0.000050
 28   2.924704 1.614964 -1.501142 -0.000002 -0.000009 -0.000024
 29   8.824059 0.150544 0.091743 0.000006 -0.000231 -0.168579
 30   2.111085 -0.561179 1.776507 0.001321 0.008239 0.000153
 31   2.121290 -0.561289 -1.845786 -0.003478 -0.022016 0.000762
 32   -0.802676 -0.093824 3.127092 0.029246 -3.151829 -0.005351
 33   14.298673 -0.408176 0.518454 -0.008489 -0.020139 -0.122779
 34   15.835795 0.581398 0.242756 -0.000811 0.023965 0.068310
 35   -0.831494 -0.091229 -3.114430 -0.029296 3.152587 -0.005210
 36   14.294526 -0.410349 -0.455822 0.009069 0.015448 -0.122598
 37   15.834409 0.579420 -0.284600 0.000804 -0.024172 0.068081
 38   1.147498 -3.418591 -2.823813 0.001242 -0.000229 -0.074412
 39   -4.457742 -1.054854 -0.746180 0.000659 -0.000144 -0.040246
 40   1.118101 -3.418518 3.237290 0.001242 -0.000228 -0.074413
 41   -4.433840 -1.059130 0.959566 0.000658 -0.000144 -0.040246
 42   -0.645749 1.697302 -2.583142 0.012068 0.060013 0.000627
 43   -0.664068 1.698578 2.783437 -0.009171 -0.045629 0.000418
time 13
  0   -0.010486 0.000000 2.055121 0.000000 0.000000 -1.571069
  1   -1.093036 0.000002 -0.326057 -0.221706 -1.569036 -1.348744
  2   2.262337 0.113614 0.064702 -0.000090 -0.001557 -0.016710
  3   2.380047 0.353302 0.047440 -0.011686 -0.000316 -0.028262
  4   2.033756 0.190472 -0.000128 -0.000010 0.000024 -0.139576
  5   2.451511 0.204909 -0.003447 -0.016638 -0.000266 -0.053184
  6   7.247600 -0.397300 -0.109469 0.000001 -0.000003 0.156829
  7   -2.022252 -0.104661 3.136172 0.325732 -1.225081 -3.496597
  8   1.168026 -0.537438 -0.063437 0.056554 -0.397920 0.395378
  9   6.790376 -0.619176 0.015206 -0.000102 -0.000151 -0.354246
 10   8.637599 0.544015 -0.090417 -1.500805 0.180843 -0.286387
 11   6.790465 -0.619039 0.017802 -0.002006 -0.010912 -0.263141
 12   -2.022474 -0.104699 -2.873818 -0.514912 1.396280 -3.660253
 13   1.167898 -0.537463 0.063297 -0.115634 0.168924 0.098460
 14   7.002743 -0.617765 -0.183752 0.000115 0.000194 -0.232914
 15   8.209042 0.615527 -0.255885 1.747043 -0.188380 0.226410
 16   7.002735 -0.617911 -0.183641 0.014627 0.001616 -0.181630
 17   1.574674 0.609930 -0.000899 0.028353 0.007084 0.278456
 18   -0.602177 0.511412 -0.000006 0.000000 0.000000 0.000000
 19   3.673773 0.177020 1.119313 -0.000002 -0.000014 -0.174510
 20   3.673767 0.176993 -1.117566 0.000007 -0.000003 -0.174546
 21   3.942357 1.330634 1.627658 0.000002 -0.000011 -0.000026
 22   -0.246060 -0.011889 0.516521 -0.000011 0.000031 0.000025
 23   3.938468 1.330659 -1.631083 0.000019 0.000002 -0.000024
 24   -0.246150 -0.011872 -0.516511 -0.000005 -0.000006 0.000048
 25   4.941364 1.997338 1.629330 0.000018 -0.000001 -0.000024
 26   4.941382 1.997366 -1.629410 -0.000001 0.000005 -0.000024
 27   2.918368 1.615358 1.514501 -0.000019 -0.000022 -0.000050
 28   2.924704 1.614964 -1.501142 -0.000002 -0.000009 -0.000024
 29   8.824059 0.150544 0.091743 -0.000083 -0.000207 -0.161712
 30   2.118898 -0.561179 1.764788 0.002840 0.018440 0.000303
 31   2.129103 -0.561289 -1.822348 -0.007462 -0.047167 0.001672
 32   -0.802676 -0.093824 3.127092 0.029246 -3.151829 -0.005351
 33   14.298673 -0.408176 0.518454 -0.008489 -0.020139 -0.122779
 34   15.835795 0.581398 0.242756 -0.000811 0.023965 0.068310
 35   -0.831494 -0.091229 -3.114430 -0.029296 3.152587 -0.005210
 36   14.294526 -0.410349 -0.455822 0.009069 0.015448 -0.122598
 37   15.834409 0.579420 -0.284600 0.000804 -0.024172 0.068081
 38   1.147498 -3.414685 -2.823813 0.001389 -0.000241 -0.083943
 39   -4.457742 -1.054854 -0.746180 0.000743 -0.000168 -0.045406
 40   1.118101 -3.418518 3.237290 0.001389 -0.000240 -0.083944
 41   -4.433840 -1.059130 0.959566 0.000742 -0.000168 -0.045406
 42   -0.645749 1.697302 -2.567516 0.013614 0.067679 0.000795
 43   -0.664068 1.698578 2.767811 -0.010333 -0.051482 0.000544
time 14
  0   -0.010486 0.000000 2.055121 0.000000 0.000000 -1.571069
  1   -1.093036 0.000002 -0.326057 -0.221706 -1.569036 -1.348744
  2   2.262337 0.113614 0.064702 -0.000090 -0.001557 -0.016710
  3   2.380047 0.353302 0.047440 -0.011686 -0.000316 -0.028262
  4   2.033756 0.190472 -0.000128 -0.000010 0.000024 -0.139576
  5   2.451511 0.204909 -0.003447 -0.016638 -0.000331 -0.061777
  6   7.247600 -0.397300 -0.109469 0.000001 -0.000003 0.156829
  7   -2.022252 -0.104661 3.136172 0.325732 -1.225081 -3.496597
  8   1.168026 -0.537438 -0.063437 0.056554 -0.397920 0.395378
  9   6.790376 -0.619176 0.015206 -0.000102 -0.000151 -0.354246
 10   8.637599 0.544015 -0.090417 -1.500805 0.180843 -0.286387
 11   6.790465 -0.619039 0.017802 -0.002006 -0.010912 -0.263141
 12   -2.022474 -0.104699 -2.873818 -0.514912 1.396280 -3.660253
 13   1.167898 -0.537463 0.063297 -0.115634 0.168924 0.098460
 14   7.002743 -0.617765 -0.183752 0.000115 0.000194 -0.232914
 15   8.209042 0.615527 -0.255885 1.747043 -0.188380 0.226410
 16   7.002735 -0.617911 -0.183641 0.014627 0.001616 -0.181630
 17   1.574674 0.609930 -0.000899 0.028840 0.007084 0.286958
 18   -0.602177 0.511412 -0.000006 0.000000 0.000000 0.000000
 19   3.673773 0.177020 1.119313 -0.000002 -0.000014 -0.174510
 20   3.673767 0.176993 -1.117566 0.000007 -0.000003 -0.174546
 21   3.938451 1.330634 1.627658 0.000002 -0.000011 -0.000026
 22   -0.246060 -0.011889 0.516521 -0.000011 0.000031 0.000025
 23   3.938468 1.330659 -1.631083 0.000019 0.000002 -0.000024
 24   -0.246150 -0.011872 -0.516511 -0.000005 -0.000006 0.000048
 25   4.941364 1.997338 1.629330 0.000018 -0.000001 -0.000024
 26   4.941382 1.997366 -1.629410 -0.000001 0.000005 -0.000024
 27   2.918368 1.623171 1.514501 -0.000019 -0.000022 -0.000050
 28   2.924704 1.614964 -1.501142 -0.000002 -0.000009 -0.000024
 29   8.824059 0.150544 0.091743 -0.000261 -0.000207 -0.152967
 30   2.118898 -0.561179 1.745256 0.004806 0.031575 0.000496
 31   2.140822 -0.561289 -1.802816 -0.012610 -0.079621 0.002800
 32   -0.802676 -0.093824 3.127092 0.029246 -3.151829 -0.005351
 33   14.298673 -0.408176 0.518454 -0.008489 -0.020139 -0.122779
 34   15.835795 0.581398 0.242756 -0.000811 0.023965 0.068310
 35   -0.831494 -0.091229 -3.114430 -0.029296 3.152587 -0.005210
 36   14.294526 -0.410349 -0.455822 0.009069 0.015448 -0.122598
 37   15.834409 0.579420 -0.284600 0.000804 -0.024172 0.068081
 38   1.147498 -3.410779 -2.823813 0.001579 -0.000277 -0.093351
 39   -4.457742 -1.054854 -0.746180 0.000839 -0.000180 -0.050510
 40   1.118101 -3.410705 3.237290 0.001579 -0.000276 -0.093414
 41   -4.433840 -1.059130 0.959566 0.000838 -0.000180 -0.050510
 42   -0.637936 1.697302 -2.555797 0.015161 0.075284 0.000836
 43   -0.664068 1.698578 2.756092 -0.011495 -0.057272 0.000585
time 15
  0   -0.010486 0.000000 2.055121 0.000000 0.000000 -1.571069
  1   -1.093036 0.000002 -0.326057 -0.221706 -1.569036 -1.348744
  2   2.262337 0.113614 0.064702 -0.000090 -0.001557 -0.016710
  3   2.380047 0.353302 0.047440 -0.011686 -0.000316 -0.028262
  4   2.033756 0.190472 -0.000128 -0.000010 0.000024 -0.139576
  5   2.451511 0.204909 -0.003447 -0.016638 -0.000371 -0.064576
  6   7.247600 -0.397300 -0.109469 0.000001 -0.000003 0.156829
  7   -2.022252 -0.104661 3.136172 0.325732 -1.225081 -3.496597
  8   1.168026 -0.537438 -0.063437 0.056554 -0.397920 0.395378
  9   6.790376 -0.619176 0.015206 -0.000102 -0.000151 -0.354246
 10   8.637599 0.544015 -0.090417 -1.500805 0.180843 -0.286387
 11   6.790465 -0.619039 0.017802 -0.002006 -0.010912 -0.263141
 12   -2.022474 -0.104699 -2.873818 -0.514912 1.396280 -3.660253
 13   1.167898 -0.537463 0.063297 -0.115634 0.168924 0.098460
 14   7.002743 -0.617765 -0.183752 0.000115 0.000194 -0.232914
 15   8.209042 0.615527 -0.255885 1.747043 -0.188380 0.226410
 16   7.002735 -0.617911 -0.183641 0.014627 0.001616 -0.181630
 17   1.574674 0.609930 -0.000899 0.028962 0.007084 0.289804
 18   -0.602177 0.511412 -0.000006 0.000000 0.000000 0.000000
 19   3.673773 0.177020 1.119313 -0.000002 -0.000014 -0.174510
 20   3.673767 0.176993 -1.117566 0.000007 -0.000003 -0.174546
 21   3.938451 1.330634 1.627658 0.000002 -0.000011 -0.000026
 22   -0.246060 -0.011889 0.516521 -0.000011 0.000031 0.000025
 23   3.938468 1.330659 -1.631083 0.000019 0.000002 -0.000024
 24   -0.246150 -0.011872 -0.516511 -0.000005 -0.000006 0.000048
 25   4.941364 1.997338 1.629330 0.000018 -0.000001 -0.000024
 26   4.941382 1.997366 -1.629410 -0.000001 0.000005 -0.000024
 27   2.918368 1.623171 1.514501 -0.000019 -0.000022 -0.000050
 28   2.924704 1.614964 -1.501142 -0.000002 -0.000009 -0.000024
 29   8.824059 0.150544 0.091743 -0.000529 -0.000184 -0.142613
 30   2.130617 -0.561179 1.725724 0.007125 0.047006 0.000689
 31   2.152541 -0.561289 -1.779378 -0.018647 -0.117644 0.004183
 32   -0.802676 -0.093824 3.127092 0.029246 -3.151829 -0.005351
 33   14.298673 -0.408176 0.518454 -0.008489 -0.020139 -0.122779
 34   15.835795 0.581398 0.242756 -0.000811 0.023965 0.068310
 35   -0.831494 -0.091229 -3.114430 -0.029296 3.152587 -0.005210
 36   14.294526 -0.410349 -0.455822 0.009069 0.015448 -0.122598
 37   15.834409 0.579420 -0.284600 0.000804 -0.024172 0.068081
 38   1.147498 -3.402966 -2.823813 0.001705 -0.000301 -0.102699
 39   -4.457742 -1.054854 -0.746180 0.000923 -0.000204 -0.055503
 40   1.125914 -3.410705 3.237290 0.001705 -0.000300 -0.102700
 41   -4.433840 -1.059130 0.959566 0.000922 -0.000204 -0.055503
 42   -0.637936 1.697302 -2.536265 0.016659 0.082735 0.000962
 43   -0.664068 1.698578 2.744373 -0.012657 -0.062921 0.000627
time 16
  0   -0.010486 0.000000 2.055121 0.000000 0.000000 -1.571069
  1   -1.093036 0.000002 -0.326057 -0.221706 -1.569036 -1.348744
  2   2.262337 0.113614 0.064702 -0.000090 -0.001557 -0.016710
  3   2.380047 0.353302 0.047440 -0.011686 -0.000316 -0.028262
  4   2.033756 0.190472 -0.000128 -0.000010 0.000024 -0.139576
  5   2.451511 0.204909 -0.003447 -0.016552 -0.000397 -0.070024
  6   7.247600 -0.397300 -0.109469 0.000001 -0.000003 0.156829
  7   -2.022252 -0.104661 3.136172 0.325732 -1.225081 -3.496597
  8   1.168026 -0.537438 -0.063437 0.056554 -0.397920 0.395378
  9   6.790376 -0.619176 0.015206 -0.000102 -0.000151 -0.354246
 10   8.637599 0.544015 -0.090417 -1.500805 0.180843 -0.286387
 11   6.790465 -0.619039 0.017802 -0.002006 -0.010912 -0.263141
 12   -2.022474 -0.104699 -2.873818 -0.514912 1.396280 -3.660253
 13   1.167898 -0.537463 0.063297 -0.115634 0.168924 0.098460
 14   7.002743 -0.617765 -0.183752 0.000115 0.000194 -0.232914
 15   8.209042 0.615527 -0.255885 1.747043 -0.188380 0.226410
 16   7.002735 -0.617911 -0.183641 0.014627 0.001616 -0.181630
 17   1.574674 0.609930 -0.000899 0.029206 0.007061 0.295422
 18   -0.602177 0.511412 -0.000006 0.000000 0.000000 0.000000
 19   3.673773 0.177020 1.119313 -0.000002 -0.000014 -0.174510
 20   3.677673 0.176993 -1.117566 0.000007 -0.000003 -0.174546
 21   3.942357 1.330634 1.627658 0.000002 -0.000011 -0.000026
 22   -0.246060 -0.011889 0.516521 -0.000011 0.000031 0.000025
 23   3.938468 1.330659 -1.631083 0.000019 0.000002 -0.000024
 24   -0.246150 -0.011872 -0.516511 -0.000005 -0.000006 0.000048
 25   4.941364 1.997338 1.629330 0.000018 -0.000001 -0.000024
 26   4.941382 1.997366 -1.629410 -0.000001 0.000005 -0.000024
 27   2.918368 1.615358 1.514501 -0.000019 -0.000022 -0.000050
 28   2.924704 1.614964 -1.501142 -0.000002 -0.000009 -0.000024
 29   8.824059 0.150544 0.091743 -0.000707 -0.000136 -0.131186
 30   2.138430 -0.561179 1.702286 0.009674 0.064093 0.000946
 31   2.172073 -0.569102 -1.748127 -0.025327 -0.159734 0.005675
 32   -0.802676 -0.093824 3.127092 0.029246 -3.151829 -0.005351
 33   14.298673 -0.408176 0.518454 -0.008489 -0.020139 -0.122779
 34   15.835795 0.581398 0.242756 -0.000811 0.023965 0.068310
 35   -0.831494 -0.091229 -3.114430 -0.029296 3.152587 -0.005210
 36   14.294526 -0.410349 -0.455822 0.009069 0.015448 -0.122598
 37   15.834409 0.579420 -0.284600 0.000804 -0.024172 0.068081
 38   1.147498 -3.402966 -2.823813 0.001852 -0.000325 -0.111619
 39   -4.457742 -1.054854 -0.746180 0.001007 -0.000216 -0.060354
 40   1.125914 -3.406799 3.237290 0.001852 -0.000324 -0.111620
 41   -4.433840 -1.059130 0.959566 0.001006 -0.000216 -0.060354
 42   -0.637936 1.697302 -2.524546 0.018121 0.089957 0.001046
 43   -0.664068 1.698578 2.736560 -0.013756 -0.068413 0.000711
time 17
  0   -0.010486 0.000000 2.055121 0.000000 0.000000 -1.571069
  1   -1.093036 0.000002 -0.326057 -0.221706 -1.569036 -1.348744
  2   2.262337 0.113614 0.064702 -0.000090 -0.001557 -0.016710
  3   2.380047 0.353302 0.047440 -0.011686 -0.000316 -0.028262
  4   2.033756 0.190472 -0.000128 -0.000010 0.000024 -0.139576
  5   2.451511 0.204909 -0.003447 -0.016552 -0.000449 -0.077776
  6   7.247600 -0.397300 -0.109469 0.000001 -0.000003 0.156829
  7   -2.022252 -0.104661 3.136172 0.325732 -1.225081 -3.496597
  8   1.168026 -0.537438 -0.063437 0.056554 -0.397920 0.395378
  9   6.790376 -0.619176 0.015206 -0.000102 -0.000151 -0.354246
 10   8.637599 0.544015 -0.090417 -1.500805 0.180843 -0.286387
 11   6.790465 -0.619039 0.017802 -0.002006 -0.010912 -0.263141
 12   -2.022474 -0.104699 -2.873818 -0.514912 1.396280 -3.660253
 13   1.167898 -0.537463 0.063297 -0.115634 0.168924 0.098460
 14   7.002743 -0.617765 -0.183752 0.000115 0.000194 -0.232914
 15   8.209042 0.615527 -0.255885 1.747043 -0.188380 0.226410
 16   7.002735 -0.617911 -0.183641 0.014627 0.001616 -0.181630
 17   1.574674 0.609930 -0.000899 0.029653 0.007013 0.303109
 18   -0.602177 0.511412 -0.000006 0.000000 0.000000 0.000000
 19   3.673773 0.177020 1.119313 -0.000002 -0.000014 -0.174510
 20   3.677673 0.176993 -1.117566 0.000007 -0.000003 -0.174546
 21   3.942357 1.330634 1.627658 0.000002 -0.000011 -0.000026
 22   -0.246060 -0.011889 0.516521 -0.000011 0.000031 0.000025
 23   3.938468 1.330659 -1.631083 0.000019 0.000002 -0.000024
 24   -0.246150 -0.011872 -0.516511 -0.000005 -0.000006 0.000048
 25   4.941364 1.997338 1.629330 0.000018 -0.000001 -0.000024
 26   4.941382 1.997366 -1.629410 -0.000001 0.000005 -0.000024
 27   2.918368 1.615358 1.514501 -0.000019 -0.000022 -0.000050
 28   2.924704 1.614964 -1.501142 -0.000002 -0.000009 -0.000024
 29   8.824059 0.150544 0.091743 -0.000796 -0.000112 -0.119008
 30   2.142336 -0.561179 1.682754 0.012359 0.082140 0.001225
 31   2.183792 -0.569102 -1.716876 -0.032406 -0.204285 0.007258
 32   -0.802676 -0.093824 3.127092 0.029246 -3.151829 -0.005351
 33   14.298673 -0.408176 0.518454 -0.008489 -0.020139 -0.122779
 34   15.835795 0.581398 0.242756 -0.000811 0.023965 0.068310
 35   -0.831494 -0.091229 -3.114430 -0.029296 3.152587 -0.005210
 36   14.294526 -0.410349 -0.455822 0.009069 0.015448 -0.122598
 37   15.834409 0.579420 -0.284600 0.000804 -0.024172 0.068081
 38   1.147498 -3.391247 -2.823813 0.002021 -0.000374 -0.120172
 39   -4.457742 -1.054854 -0.746180 0.001091 -0.000240 -0.064954
 40   1.125914 -3.398986 3.237290 0.002021 -0.000373 -0.120173
 41   -4.433840 -1.059130 0.959566 0.001090 -0.000240 -0.064954
 42   -0.637936 1.697302 -2.512827 0.019499 0.096841 0.001087
 43   -0.664068 1.698578 2.724841 -0.014793 -0.073654 0.000795
time 18
  0   -0.010486 0.000000 2.055121 0.000000 0.000000 -1.571069
  1   -1.093036 0.000002 -0.326057 -0.221706 -1.569036 -1.348744
  2   2.262337 0.113614 0.064702 -0.000090 -0.001557 -0.016710
  3   2.380047 0.353302 0.047440 -0.011686 -0.000316 -0.028262
  4   2.033756 0.190472 -0.000128 -0.000010 0.000024 -0.139576
  5   2.451511 0.204909 -0.003447 -0.016552 -0.000488 -0.082407
  6   7.247600 -0.397300 -0.109469 0.000001 -0.000003 0.156829
  7   -2.022252 -0.104661 3.136172 0.325732 -1.225081 -3.496597
  8   1.168026 -0.537438 -0.063437 0.056554 -0.397920 0.395378
  9   6.790376 -0.619176 0.015206 -0.000102 -0.000151 -0.354246
 10   8.637599 0.544015 -0.090417 -1.500805 0.180843 -0.286387
 11   6.790465 -0.619039 0.017802 -0.002006 -0.010912 -0.263141
 12   -2.022474 -0.104699 -2.873818 -0.514912 1.396280 -3.660253
 13   1.167898 -0.537463 0.063297 -0.115634 0.168924 0.098460
 14   7.002743 -0.617765 -0.183752 0.000115 0.000194 -0.232914
 15   8.209042 0.615527 -0.255885 1.747043 -0.188380 0.226410
 16   7.002735 -0.617911 -0.183641 0.014627 0.001616 -0.181630
 17   1.574674 0.609930 -0.000899 0.029815 0.007013 0.307730
 18   -0.602177 0.511412 -0.000006 0.000000 0.000000 0.000000
 19   3.673773 0.177020 1.119313 -0.000002 -0.000014 -0.174510
 20   3.673767 0.176993 -1.117566 0.000007 -0.000003 -0.174546
 21   3.942357 1.330634 1.627658 0.000002 -0.000011 -0.000026
 22   -0.246060 -0.011889 0.516521 -0.000011 0.000031 0.000025
 23   3.938468 1.330659 -1.631083 0.000019 0.000002 -0.000024
 24   -0.246150 -0.011872 -0.516511 -0.000005 -0.000006 0.000048
 25   4.941364 1.997338 1.629330 0.000018 -0.000001 -0.000024
 26   4.941382 1.997366 -1.629410 -0.000001 0.000005 -0.000024
 27   2.918368 1.615358 1.514501 -0.000019 -0.000022 -0.000050
 28   2.924704 1.614964 -1.501142 -0.000002 -0.000009 -0.000024
 29   8.824059 0.150544 0.091743 -0.000974 -0.000089 -0.106669
 30   2.154055 -0.561179 1.659316 0.015112 0.100506 0.001504
 31   2.203324 -0.569102 -1.685625 -0.039592 -0.249586 0.008859
 32   -0.802676 -0.093824 3.127092 0.029246 -3.151829 -0.005351
 33   14.298673 -0.408176 0.518454 -0.008489 -0.020139 -0.122779
 34   15.835795 0.581398 0.242756 -0.000811 0.023965 0.068310
 35   -0.831494 -0.091229 -3.114430 -0.029296 3.152587 -0.005210
 36   14.294526 -0.410349 -0.455822 0.009069 0.015448 -0.122598
 37   15.834409 0.579420 -0.284600 0.000804 -0.024172 0.068081
 38   1.147498 -3.391247 -2.823813 0.002147 -0.000398 -0.128053
 39   -4.457742 -1.054854 -0.746180 0.001163 -0.000252 -0.069273
 40   1.125914 -3.398986 3.237290 0.002147 -0.000397 -0.128054
 41   -4.433840 -1.059130 0.959566 0.001162 -0.000252 -0.069273
 42   -0.630123 1.697302 -2.501108 0.020781 0.103265 0.001213
 43   -0.664068 1.698578 2.713122 -0.015793 -0.078534 0.000795
time 19
  0   -0.010486 0.000000 2.055121 0.000000 0.000000 -1.571069
  1   -1.093036 0.000002 -0.326057 -0.221706 -1.569036 -1.348744
  2   2.262337 0.113614 0.064702 -0.000090 -0.001557 -0.016710
  3   2.380047 0.353302 0.047440 -0.011686 -0.000316 -0.028262
  4   2.033756 0.190472 -0.000128 -0.000010 0.000024 -0.139576
  5   2.451511 0.204909 -0.003447 -0.016552 -0.000527 -0.086642
  6   7.247600 -0.397300 -0.109469 0.000001 -0.000003 0.156829
  7   -2.022252 -0.104661 3.136172 0.325732 -1.225081 -3.496597
  8   1.168026 -0.537438 -0.063437 0.056554 -0.397920 0.395378
  9   6.790376 -0.619176 0.015206 -0.000102 -0.000151 -0.354246
 10   8.637599 0.544015 -0.090417 -1.500805 0.180843 -0.286387
 11   6.790465 -0.619039 0.017802 -0.002006 -0.010912 -0.263141
 12   -2.022474 -0.104699 -2.873818 -0.514912 1.396280 -3.660253
 13   1.167898 -0.537463 0.063297 -0.115634 0.168924 0.098460
 14   7.002743 -0.617765 -0.183752 0.000115 0.000194 -0.232914
 15   8.209042 0.615527 -0.255885 1.747043 -0.188380 0.226410
 16   7.002735 -0.617911 -0.183641 0.014627 0.001616 -0.181630
 17   1.574674 0.609930 -0.000899 0.030018 0.007013 0.311980
 18   -0.602177 0.511412 -0.000006 0.000000 0.000000 0.000000
 19   3.673773 0.177020 1.119313 -0.000002 -0.000014 -0.174510
 20   3.673767 0.176993 -1.117566 0.000007 -0.000003 -0.174546
 21   3.938451 1.330634 1.627658 0.000002 -0.000011 -0.000026
 22   -0.246060 -0.011889 0.516521 -0.000011 0.000031 0.000025
 23   3.938468 1.330659 -1.631083 0.000019 0.000002 -0.000024
 24   -0.246150 -0.011872 -0.516511 -0.000005 -0.000006 0.000048
 25   4.941364 1.997338 1.629330 0.000018 -0.000001 -0.000024
 26   4.941382 1.997366 -1.629410 -0.000001 0.000005 -0.000024
 27   2.918368 1.615358 1.514501 -0.000019 -0.000022 -0.000050
 28   2.924704 1.614964 -1.501142 -0.000002 -0.000009 -0.000024
 29   8.824059 0.150544 0.091743 -0.001331 -0.000041 -0.094598
 30   2.161868 -0.561179 1.635878 0.017797 0.118552 0.001761
 31   2.215043 -0.569102 -1.654374 -0.046640 -0.294137 0.010479
 32   -0.802676 -0.093824 3.127092 0.029246 -3.151829 -0.005351
 33   14.298673 -0.408176 0.518454 -0.008489 -0.020139 -0.122779
 34   15.835795 0.581398 0.242756 -0.000811 0.023965 0.068310
 35   -0.831494 -0.091229 -3.114430 -0.029296 3.152587 -0.005210
 36   14.294526 -0.410349 -0.455822 0.009069 0.015448 -0.122598
 37   15.834409 0.579420 -0.284600 0.000804 -0.024172 0.068081
 38   1.147498 -3.383434 -2.823813 0.002252 -0.000422 -0.135384
 39   -4.457742 -1.054854 -0.746180 0.001210 -0.000264 -0.073227
 40   1.125914 -3.391173 3.237290 0.002252 -0.000421 -0.135447
 41   -4.433840 -1.059130 0.959566 0.001209 -0.000264 -0.073227
 42   -0.630123 1.697302 -2.489389 0.021980 0.109153 0.001255
 43   -0.664068 1.698578 2.705309 -0.016680 -0.083021 0.000836
time 20
  0   -0.010486 0.000000 2.055121 0.000000 0.000000 -1.571069
  1   -1.093036 0.000002 -0.326057 -0.221706 -1.569036 -1.348744
  2   2.262337 0.113614 0.064702 -0.000090 -0.001557 -0.016710
  3   2.380047 0.353302 0.047440 -0.011686 -0.000316 -0.028262
  4   2.033756 0.190472 -0.000128 -0.000010 0.000024 -0.139576
  5   2.451511 0.204909 -0.003447 -0.016552 -0.000540 -0.088499
  6   7.247600 -0.397300 -0.109469 0.000001 -0.000003 0.156829
  7   -2.022252 -0.104661 3.136172 0.325732 -1.225081 -3.496597
  8   1.168026 -0.537438 -0.063437 0.056554 -0.397920 0.395378
  9   6.790376 -0.619176 0.015206 -0.000102 -0.000151 -0.354246
 10   8.637599 0.544015 -0.090417 -1.500805 0.180843 -0.286387
 11   6.790465 -0.619039 0.017802 -0.002006 -0.010912 -0.263141
 12   -2.022474 -0.104699 -2.873818 -0.514912 1.396280 -3.660253
 13   1.167898 -0.537463 0.063297 -0.115634 0.168924 0.098460
 14   7.002743 -0.617765 -0.183752 0.000115 0.000194 -0.232914
 15   8.209042 0.615527 -0.255885 1.747043 -0.188380 0.226410
 16   7.002735 -0.617911 -0.183641 0.014627 0.001616 -0.181630
 17   1.574674 0.609930 -0.000899 0.030100 0.006990 0.313865
 18   -0.602177 0.511412 -0.000006 0.000000 0.000000 0.000000
 19   3.673773 0.177020 1.119313 -0.000002 -0.000014 -0.174510
 20   3.673767 0.176993 -1.117566 0.000007 -0.000003 -0.174546
 21   3.938451 1.330634 1.627658 0.000002 -0.000011 -0.000026
 22   -0.246060 -0.011889 0.516521 -0.000011 0.000031 0.000025
 23   3.938468 1.330659 -1.631083 0.000019 0.000002 -0.000024
 24   -0.246150 -0.011872 -0.516511 -0.000005 -0.000006 0.000048
 25   4.941364 1.997338 1.629330 0.000018 -0.000001 -0.000024
 26   4.941382 1.997366 -1.629410 -0.000001 0.000005 -0.000024
 27   2.918368 1.615358 1.514501 -0.000019 -0.000022 -0.000050
 28   2.924704 1.614964 -1.501142 -0.000002 -0.000009 -0.000024
 29   8.824059 0.150544 0.091743 -0.001420 -0.000017 -0.083171
 30   2.169681 -0.568992 1.616346 0.020373 0.135610 0.001997
 31   2.226762 -0.573008 -1.623123 -0.053320 -0.336201 0.011971
 32   -0.802676 -0.093824 3.127092 0.029246 -3.151829 -0.005351
 33   14.298673 -0.408176 0.518454 -0.008489 -0.020139 -0.122779
 34   15.835795 0.581398 0.242756 -0.000811 0.023965 0.068310
 35   -0.831494 -0.091229 -3.114430 -0.029296 3.152587 -0.005210
 36   14.294526 -0.410349 -0.455822 0.009069 0.015448 -0.122598
 37   15.834409 0.579420 -0.284600 0.000804 -0.024172 0.068081
 38   1.155311 -3.383434 -2.823813 0.002400 -0.000434 -0.141983
 39   -4.457742 -1.054854 -0.746180 0.001270 -0.000276 -0.076761
 40   1.125914 -3.387267 3.237290 0.002400 -0.000433 -0.141984
 41   -4.433840 -1.059130 0.959566 0.001269 -0.000276 -0.076761
 42   -0.630123 1.697302 -2.477670 0.023034 0.114412 0.001296
 43   -0.664068 1.698578 2.701403 -0.017492 -0.087023 0.000878
time 21
  0   -0.010486 0.000000 2.055121 0.000000 0.000000 -1.571069
  1   -1.093036 0.000002 -0.326057 -0.221706 -1.569036 -1.348744
  2   2.262337 0.113614 0.064702 -0.000090 -0.001557 -0.016710
  3   2.380047 0.353302 0.047440 -0.011686 -0.000316 -0.028262
  4   2.033756 0.190472 -0.000128 -0.000010 0.000024 -0.139576
  5   2.451511 0.204909 -0.003447 -0.016552 -0.000566 -0.091917
  6   7.247600 -0.397300 -0.109469 0.000001 -0.000003 0.156829
  7   -2.022252 -0.104661 3.136172 0.325732 -1.225081 -3.496597
  8   1.168026 -0.537438 -0.063437 0.056554 -0.397920 0.395378
  9   6.790376 -0.619176 0.015206 -0.000102 -0.000151 -0.354246
 10   8.637599 0.544015 -0.090417 -1.500805 0.180843 -0.286387
 11   6.790465 -0.619039 0.017802 -0.002006 -0.010912 -0.263141
 12   -2.022474 -0.104699 -2.873818 -0.514912 1.396280 -3.660253
 13   1.167898 -0.537463 0.063297 -0.115634 0.168924 0.098460
 14   7.002743 -0.617765 -0.183752 0.000115 0.000194 -0.232914
 15   8.209042 0.615527 -0.255885 1.747043 -0.188380 0.226410
 16   7.002735 -0.617911 -0.183641 0.014627 0.001616 -0.181630
 17   1.574674 0.609930 -0.000899 0.030343 0.006990 0.317229
 18   -0.602177 0.511412 -0.000006 0.000000 0.000000 0.000000
 19   3.673773 0.177020 1.119313 -0.000002 -0.000014 -0.174510
 20   3.673767 0.176993 -1.117566 0.000007 -0.000003 -0.174546
 21   3.938451 1.330634 1.627658 0.000002 -0.000011 -0.000026
 22   -0.246060 -0.011889 0.516521 -0.000011 0.000031 0.000025
 23   3.938468 1.330659 -1.631083 0.000019 0.000002 -0.000024
 24   -0.246150 -0.011872 -0.516511 -0.000005 -0.000006 0.000048
 25   4.941364 1.997338 1.629330 0.000018 -0.000001 -0.000024
 26   4.941382 1.997366 -1.629410 -0.000001 0.000005 -0.000024
 27   2.918368 1.623171 1.514501 -0.000019 -0.000022 -0.000050
 28   2.924704 1.614964 -1.501142 -0.000002 -0.000009 -0.000024
 29   8.824059 0.150544 0.091743 -0.001598 -0.000017 -0.072817
 30   2.173587 -0.568992 1.596814 0.022665 0.151070 0.002233
 31   2.238481 -0.573008 -1.599685 -0.059357 -0.374276 0.013317
 32   -0.802676 -0.093824 3.127092 0.029246 -3.151829 -0.005351
 33   14.298673 -0.408176 0.518454 -0.008489 -0.020139 -0.122779
 34   15.835795 0.581398 0.242756 -0.000811 0.023965 0.068310
 35   -0.831494 -0.091229 -3.114430 -0.029296 3.152587 -0.005210
 36   14.294526 -0.410349 -0.455822 0.009069 0.015448 -0.122598
 37   15.834409 0.579420 -0.284600 0.000804 -0.024172 0.068081
 38   1.155311 -3.383434 -2.823813 0.002484 -0.000458 -0.147542
 39   -4.457742 -1.054854 -0.746180 0.001318 -0.000288 -0.079790
 40   1.125914 -3.387267 3.237290 0.002484 -0.000457 -0.147543
 41   -4.433840 -1.059130 0.959566 0.001317 -0.000288 -0.079790
 42   -0.626217 1.697302 -2.469857 0.023945 0.118935 0.001338
 43   -0.664068 1.698578 2.689684 -0.018179 -0.090475 0.000962
time 22
  0   -0.010486 0.000000 2.055121 0.000000 0.000000 -1.571069
  1   -1.093036 0.000002 -0.326057 -0.221706 -1.569036 -1.348744
  2   2.262337 0.113614 0.064702 -0.000090 -0.001557 -0.016710
  3   2.380047 0.353302 0.047440 -0.011686 -0.000316 -0.028262
  4   2.033756 0.190472 -0.000128 -0.000010 0.000024 -0.139576
  5   2.451511 0.204909 -0.003447 -0.016552 -0.000606 -0.095830
  6   7.247600 -0.397300 -0.109469 0.000001 -0.000003 0.156829
  7   -2.022252 -0.104661 3.136172 0.325732 -1.225081 -3.496597
  8   1.168026 -0.537438 -0.063437 0.056554 -0.397920 0.395378
  9   6.790376 -0.619176 0.015206 -0.000102 -0.000151 -0.354246
 10   8.637599 0.544015 -0.090417 -1.500805 0.180843 -0.286387
 11   6.790465 -0.619039 0.017802 -0.002006 -0.010912 -0.263141
 12   -2.022474 -0.104699 -2.873818 -0.514912 1.396280 -3.660253
 13   1.167898 -0.537463 0.063297 -0.115634 0.168924 0.098460
 14   7.002743 -0.617765 -0.183752 0.000115 0.000194 -0.232914
 15   8.209042 0.615527 -0.255885 1.747043 -0.188380 0.226410
 16   7.002735 -0.617911 -0.183641 0.014627 0.001616 -0.181630
 17   1.574674 0.609930 -0.000899 0.030506 0.006942 0.321146
 18   -0.602177 0.511412 -0.000006 0.000000 0.000000 0.000000
 19   3.673773 0.177020 1.119313 -0.000002 -0.000014 -0.174510
 20   3.673767 0.176993 -1.117566 0.000007 -0.000003 -0.174546
 21   3.942357 1.330634 1.627658 0.000002 -0.000011 -0.000026
 22   -0.246060 -0.011889 0.516521 -0.000011 0.000031 0.000025
 23   3.938468 1.330659 -1.631083 0.000019 0.000002 -0.000024
 24   -0.246150 -0.011872 -0.516511 -0.000005 -0.000006 0.000048
 25   4.941364 1.997338 1.629330 0.000018 -0.000001 -0.000024
 26   4.941382 1.997366 -1.629410 -0.000001 0.000005 -0.000024
 27   2.918368 1.615358 1.514501 -0.000019 -0.000022 -0.000050
 28   2.924704 1.614964 -1.501142 -0.000002 -0.000009 -0.000024
 29   8.824059 0.150544 0.091743 -0.001866 0.000006 -0.063965
 30   2.181400 -0.568992 1.577282 0.024631 0.164205 0.002426
 31   2.254107 -0.580821 -1.572340 -0.064505 -0.406678 0.014482
 32   -0.802676 -0.093824 3.127092 0.029246 -3.151829 -0.005351
 33   14.298673 -0.408176 0.518454 -0.008489 -0.020139 -0.122779
 34   15.835795 0.581398 0.242756 -0.000811 0.023965 0.068310
 35   -0.831494 -0.091229 -3.114430 -0.029296 3.152587 -0.005210
 36   14.294526 -0.410349 -0.455822 0.009069 0.015448 -0.122598
 37   15.834409 0.579420 -0.284600 0.000804 -0.024172 0.068081
 38   1.155311 -3.379528 -2.823813 0.002568 -0.000470 -0.152124
 39   -4.457742 -1.054854 -0.746180 0.001366 -0.000300 -0.082258
 40   1.125914 -3.387267 3.237290 0.002568 -0.000469 -0.152125
 41   -4.433840 -1.059130 0.959566 0.001365 -0.000300 -0.082258
 42   -0.626217 1.697302 -2.469857 0.024688 0.122630 0.001422
 43   -0.664068 1.698578 2.681871 -0.018754 -0.093284 0.001004
time 23
  0   -0.010486 0.000000 2.055121 0.000000 0.000000 -1.571069
  1   -1.093036 0.000002 -0.326057 -0.221706 -1.569036 -1.348744
  2   2.262337 0.113614 0.064702 -0.000090 -0.001557 -0.016710
  3   2.380047 0.353302 0.047440 -0.011686 -0.000316 -0.028262
  4   2.033756 0.190472 -0.000128 -0.000010 0.000024 -0.139576
  5   2.451511 0.204909 -0.003447 -0.016552 -0.000619 -0.096870
  6   7.247600 -0.397300 -0.109469 0.000001 -0.000003 0.156829
  7   -2.022252 -0.104661 3.136172 0.325732 -1.225081 -3.496597
  8   1.168026 -0.537438 -0.063437 0.056554 -0.397920 0.395378
  9   6.790376 -0.619176 0.015206 -0.000102 -0.000151 -0.354246
 10   8.637599 0.544015 -0.090417 -1.500805 0.180843 -0.286387
 11   6.790465 -0.619039 0.017802 -0.002006 -0.010912 -0.263141
 12   -2.022474 -0.104699 -2.873818 -0.514912 1.396280 -3.660253
 13   1.167898 -0.537463 0.063297 -0.115634 0.168924 0.098460
 14   7.002743 -0.617765 -0.183752 0.000115 0.000194 -0.232914
 15   8.209042 0.615527 -0.255885 1.747043 -0.188380 0.226410
 16   7.002735 -0.617911 -0.183641 0.014627 0.001616 -0.181630
 17   1.574674 0.609930 -0.000899 0.030506 0.006942 0.322181
 18   -0.602177 0.511412 -0.000006 0.000000 0.000000 0.000000
 19   3.673773 0.177020 1.119313 -0.000002 -0.000014 -0.174510
 20   3.673767 0.176993 -1.117566 0.000007 -0.000003 -0.174546
 21   3.942357 1.330634 1.627658 0.000002 -0.000011 -0.000026
 22   -0.246060 -0.011889 0.516521 -0.000011 0.000031 0.000025
 23   3.938468 1.330659 -1.631083 0.000019 0.000002 -0.000024
 24   -0.246150 -0.011872 -0.516511 -0.000005 -0.000006 0.000048
 25   4.941364 1.997338 1.629330 0.000018 -0.000001 -0.000024
 26   4.941382 1.997366 -1.629410 -0.000001 0.000005 -0.000024
 27   2.918368 1.623171 1.514501 -0.000019 -0.000022 -0.000050
 28   2.924704 1.614964 -1.501142 -0.000002 -0.000009 -0.000024
 29   8.824059 0.150544 0.091743 -0.001955 0.000054 -0.057206
 30   2.185306 -0.568992 1.565563 0.026150 0.174406 0.002576
 31   2.258013 -0.580821 -1.556715 -0.068489 -0.431855 0.015355
 32   -0.802676 -0.093824 3.127092 0.029246 -3.151829 -0.005351
 33   14.298673 -0.408176 0.518454 -0.008489 -0.020139 -0.122779
 34   15.835795 0.581398 0.242756 -0.000811 0.023965 0.068310
 35   -0.831494 -0.091229 -3.114430 -0.029296 3.152587 -0.005210
 36   14.294526 -0.410349 -0.455822 0.009069 0.015448 -0.122598
 37   15.834409 0.579420 -0.284600 0.000804 -0.024172 0.068081
 38   1.155311 -3.379528 -2.823813 0.002610 -0.000470 -0.155607
 39   -4.457742 -1.054854 -0.746180 0.001390 -0.000312 -0.084109
 40   1.125914 -3.387267 3.237290 0.002610 -0.000469 -0.155608
 41   -4.433840 -1.059130 0.959566 0.001389 -0.000312 -0.084109
 42   -0.626217 1.697302 -2.458138 0.025252 0.125390 0.001464
 43   -0.664068 1.698578 2.681871 -0.019166 -0.095355 0.001004
time 24
  0   -0.010486 0.000000 2.055121 0.000000 0.000000 -1.571069
  1   -1.093036 0.000002 -0.326057 -0.221706 -1.569036 -1.348744
  2   2.262337 0.113614 0.064702 -0.000090 -0.001557 -0.016710
  3   2.380047 0.353302 0.047440 -0.011686 -0.000316 -0.028262
  4   2.033756 0.190472 -0.000128 -0.000010 0.000024 -0.139576
  5   2.451511 0.204909 -0.003447 -0.016552 -0.000632 -0.098405
  6   7.247600 -0.397300 -0.109469 0.000001 -0.000003 0.156829
  7   -2.022252 -0.104661 3.136172 0.325732 -1.225081 -3.496597
  8   1.168026 -0.537438 -0.063437 0.056554 -0.397920 0.395378
  9   6.790376 -0.619176 0.015206 -0.000102 -0.000151 -0.354246
 10   8.637599 0.544015 -0.090417 -1.500805 0.180843 -0.286387
 11   6.790465 -0.619039 0.017802 -0.002006 -0.010912 -0.263141
 12   -2.022474 -0.104699 -2.873818 -0.514912 1.396280 -3.660253
 13   1.167898 -0.537463 0.063297 -0.115634 0.168924 0.098460
 14   7.002743 -0.617765 -0.183752 0.000115 0.000194 -0.232914
 15   8.209042 0.615527 -0.255885 1.747043 -0.188380 0.226410
 16   7.002735 -0.617911 -0.183641 0.014627 0.001616 -0.181630
 17   1.574674 0.609930 -0.000899 0.030628 0.006942 0.323845
 18   -0.602177 0.511412 -0.000006 0.000000 0.000000 0.000000
 19   3.673773 0.177020 1.119313 -0.000002 -0.000014 -0.174510
 20   3.677673 0.176993 -1.117566 0.000007 -0.000003 -0.174546
 21   3.938451 1.330634 1.627658 0.000002 -0.000011 -0.000026
 22   -0.246060 -0.011889 0.516521 -0.000011 0.000031 0.000025
 23   3.938468 1.330659 -1.631083 0.000019 0.000002 -0.000024
 24   -0.246150 -0.011872 -0.516511 -0.000005 -0.000006 0.000048
 25   4.941364 1.997338 1.629330 0.000018 -0.000001 -0.000024
 26   4.941382 1.997366 -1.629410 -0.000001 0.000005 -0.000024
 27   2.918368 1.615358 1.514501 -0.000019 -0.000022 -0.000050
 28   2.924704 1.614964 -1.501142 -0.000002 -0.000009 -0.000024
 29   8.824059 0.150544 0.091743 -0.002044 0.000078 -0.052699
 30   2.185306 -0.568992 1.553844 0.027140 0.181002 0.002683
 31   2.265826 -0.580821 -1.548902 -0.071078 -0.448121 0.015937
 32   -0.802676 -0.093824 3.127092 0.029246 -3.151829 -0.005351
 33   14.298673 -0.408176 0.518454 -0.008489 -0.020139 -0.122779
 34   15.835795 0.581398 0.242756 -0.000811 0.023965 0.068310
 35   -0.831494 -0.091229 -3.114430 -0.029296 3.152587 -0.005210
 36   14.294526 -0.410349 -0.455822 0.009069 0.015448 -0.122598
 37   15.834409 0.579420 -0.284600 0.000804 -0.024172 0.068081
 38   1.155311 -3.371715 -2.823813 0.002631 -0.000470 -0.157745
 39   -4.457742 -1.054854 -0.746180 0.001414 -0.000312 -0.085259
 40   1.125914 -3.379454 3.237290 0.002631 -0.000469 -0.157685
 41   -4.433840 -1.059130 0.959566 0.001413 -0.000312 -0.085259
 42   -0.626217 1.697302 -2.458138 0.025587 0.127107 0.001464
 43   -0.664068 1.698578 2.681871 -0.019441 -0.096689 0.001046
time 25
  0   -0.010486 0.000000 2.055121 0.000000 0.000000 -1.571069
  1   -1.093036 0.000002 -0.326057 -0.221706 -1.569036 -1.348744
  2   2.262337 0.113614 0.064702 -0.000090 -0.001557 -0.016710
  3   2.380047 0.353302 0.047440 -0.011686 -0.000316 -0.028262
  4   2.033756 0.190472 -0.000128 -0.000010 0.000024 -0.139576
  5   2.451511 0.204909 -0.003447 -0.016552 -0.000632 -0.099297
  6   7.247600 -0.397300 -0.109469 0.000001 -0.000003 0.156829
  7   -2.022252 -0.104661 3.136172 0.325732 -1.225081 -3.496597
  8   1.168026 -0.537438 -0.063437 0.056554 -0.397920 0.395378
  9   6.790376 -0.619176 0.015206 -0.000102 -0.000151 -0.354246
 10   8.637599 0.544015 -0.090417 -1.500805 0.180843 -0.286387
 11   6.790465 -0.619039 0.017802 -0.002006 -0.010912 -0.263141
 12   -2.022474 -0.104699 -2.873818 -0.514912 1.396280 -3.660253
 13   1.167898 -0.537463 0.063297 -0.115634 0.168924 0.098460
 14   7.002743 -0.617765 -0.183752 0.000115 0.000194 -0.232914
 15   8.209042 0.615527 -0.255885 1.747043 -0.188380 0.226410
 16   7.002735 -0.617911 -0.183641 0.014627 0.001616 -0.181630
 17   1.574674 0.609930 -0.000899 0.030709 0.006942 0.324769
 18   -0.602177 0.511412 -0.000006 0.000000 0.000000 0.000000
 19   3.673773 0.177020 1.119313 -0.000002 -0.000014 -0.174510
 20   3.673767 0.176993 -1.117566 0.000007 -0.000003 -0.174546
 21   3.938451 1.330634 1.627658 0.000002 -0.000011 -0.000026
 22   -0.246060 -0.011889 0.516521 -0.000011 0.000031 0.000025
 23   3.938468 1.330659 -1.631083 0.000019 0.000002 -0.000024
 24   -0.246150 -0.011872 -0.516511 -0.000005 -0.000006 0.000048
 25   4.941364 1.997338 1.629330 0.000018 -0.000001 -0.000024
 26   4.941382 1.997366 -1.629410 -0.000001 0.000005 -0.000024
 27   2.918368 1.615358 1.514501 -0.000019 -0.000022 -0.000050
 28   2.924704 1.614964 -1.501142 -0.000002 -0.000009 -0.000024
 29   8.824059 0.150544 0.091743 -0.002044 0.000078 -0.051143
 30   2.185306 -0.568992 1.553844 0.027506 0.183327 0.002726
 31   2.269732 -0.580821 -1.541089 -0.071982 -0.453897 0.016174
 32   -0.802676 -0.093824 3.127092 0.029246 -3.151829 -0.005351
 33   14.298673 -0.408176 0.518454 -0.008489 -0.020139 -0.122779
 34   15.835795 0.581398 0.242756 -0.000811 0.023965 0.068310
 35   -0.831494 -0.091229 -3.114430 -0.029296 3.152587 -0.005210
 36   14.294526 -0.410349 -0.455822 0.009069 0.015448 -0.122598
 37   15.834409 0.579420 -0.284600 0.000804 -0.024172 0.068081
 38   1.155311 -3.371715 -2.823813 0.002652 -0.000482 -0.158417
 39   -4.457742 -1.054854 -0.746180 0.001426 -0.000312 -0.085652
 40   1.125914 -3.379454 3.237290 0.002652 -0.000481 -0.158418
 41   -4.433840 -1.059130 0.959566 0.001425 -0.000312 -0.085652
 42   -0.626217 1.697302 -2.458138 0.025719 0.127705 0.001464
 43   -0.664068 1.698578 2.674058 -0.019516 -0.097144 0.001046
time 26
  0   -0.010486 0.000000 2.055121 0.000000 0.000000 -1.571069
  1   -1.093036 0.000002 -0.326057 -0.221706 -1.569036 -1.348744
  2   2.262337 0.113614 0.064702 -0.000090 -0.001557 -0.016710
  3   2.380047 0.353302 0.047440 -0.011686 -0.000316 -0.028262
  4   2.033756 0.190472 -0.000128 -0.000010 0.000024 -0.139576
  5   2.451511 0.204909 -0.003447 -0.016552 -0.000645 -0.099619
  6   7.247600 -0.397300 -0.109469 0.000001 -0.000003 0.156829
  7   -2.022252 -0.104661 3.136172 0.325732 -1.225081 -3.496597
  8   1.168026 -0.537438 -0.063437 0.056554 -0.397920 0.395378
  9   6.790376 -0.619176 0.015206 -0.000102 -0.000151 -0.354246
 10   8.637599 0.544015 -0.090417 -1.500805 0.180843 -0.286387
 11   6.790465 -0.619039 0.017802 -0.002006 -0.010912 -0.263141
 12   -2.022474 -0.104699 -2.873818 -0.514912 1.396280 -3.660253
 13   1.167898 -0.537463 0.063297 -0.115634 0.168924 0.098460
 14   7.002743 -0.617765 -0.183752 0.000115 0.000194 -0.232914
 15   8.209042 0.615527 -0.255885 1.747043 -0.188380 0.226410
 16   7.002735 -0.617911 -0.183641 0.014627 0.001616 -0.181630
 17   1.574674 0.609930 -0.000899 0.030709 0.006942 0.324990
 18   -0.602177 0.511412 -0.000006 0.000000 0.000000 0.000000
 19   3.673773 0.177020 1.119313 -0.000002 -0.000014 -0.174510
 20   3.673767 0.176993 -1.117566 0.000007 -0.000003 -0.174546
 21   3.942357 1.330634 1.627658 0.000002 -0.000011 -0.000026
 22   -0.246060 -0.011889 0.516521 -0.000011 0.000031 0.000025
 23   3.938468 1.330659 -1.631083 0.000019 0.000002 -0.000024
 24   -0.246150 -0.011872 -0.516511 -0.000005 -0.000006 0.000048
 25   4.941364 1.997338 1.629330 0.000018 -0.000001 -0.000024
 26   4.941382 1.997366 -1.629410 -0.000001 0.000005 -0.000024
 27   2.918368 1.615358 1.514501 -0.000019 -0.000022 -0.000050
 28   2.924704 1.614964 -1.501142 -0.000002 -0.000009 -0.000024
 29   8.824059 0.150544 0.091743 -0.002044 0.000078 -0.052699
 30   2.185306 -0.568992 1.553844 0.027140 0.181002 0.002683
 31   2.265826 -0.580821 -1.548902 -0.071078 -0.448121 0.015937
 32   -0.802676 -0.093824 3.127092 0.029246 -3.151829 -0.005351
 33   14.298673 -0.408176 0.518454 -0.008489 -0.020139 -0.122779
 34   15.835795 0.581398 0.242756 -0.000811 0.023965 0.068310
 35   -0.831494 -0.091229 -3.114430 -0.029296 3.152587 -0.005210
 36   14.294526 -0.410349 -0.455822 0.009069 0.015448 -0.122598
 37   15.834409 0.579420 -0.284600 0.000804 -0.024172 0.068081
 38   1.155311 -3.371715 -2.823813 0.002631 -0.000470 -0.157745
 39   -4.457742 -1.054854 -0.746180 0.001414 -0.000312 -0.085287
 40   1.125914 -3.379454 3.237290 0.002631 -0.000469 -0.157685
 41   -4.433840 -1.059130 0.959566 0.001413 -0.000312 -0.085287
 42   -0.626217 1.697302 -2.458138 0.025599 0.127153 0.001464
 43   -0.664068 1.698578 2.681871 -0.019441 -0.096720 0.001046
time 27
  0   -0.010486 0.000000 2.055121 0.000000 0.000000 -1.571069
  1   -1.093036 0.000002 -0.326057 -0.221706 -1.569036 -1.348744
  2   2.262337 0.113614 0.064702 -0.000090 -0.001557 -0.016710
  3   2.380047 0.353302 0.047440 -0.011686 -0.000316 -0.028262
  4   2.033756 0.190472 -0.000128 -0.000010 0.000024 -0.139576
  5   2.451511 0.204909 -0.003447 -0.016552 -0.000632 -0.098529
  6   7.247600 -0.397300 -0.109469 0.000001 -0.000003 0.156829
  7   -2.022252 -0.104661 3.136172 0.325732 -1.225081 -3.496597
  8   1.168026 -0.537438 -0.063437 0.056554 -0.397920 0.395378
  9   6.790376 -0.619176 0.015206 -0.000102 -0.000151 -0.354246
 10   8.637599 0.544015 -0.090417 -1.500805 0.180843 -0.286387
 11   6.790465 -0.619039 0.017802 -0.002006 -0.010912 -0.263141
 12   -2.022474 -0.104699 -2.873818 -0.514912 1.396280 -3.660253
 13   1.167898 -0.537463 0.063297 -0.115634 0.168924 0.098460
 14   7.002743 -0.617765 -0.183752 0.000115 0.000194 -0.232914
 15   8.209042 0.615527 -0.255885 1.747043 -0.188380 0.226410
 16   7.002735 -0.617911 -0.183641 0.014627 0.001616 -0.181630
 17   1.574674 0.609930 -0.000899 0.030628 0.006942 0.323956
 18   -0.602177 0.511412 -0.000006 0.000000 0.000000 0.000000
 19   3.673773 0.177020 1.119313 -0.000002 -0.000014 -0.174510
 20   3.673767 0.176993 -1.117566 0.000007 -0.000003 -0.174546
 21   3.942357 1.330634 1.627658 0.000002 -0.000011 -0.000026
 22   -0.246060 -0.011889 0.516521 -0.000011 0.000031 0.000025
 23   3.938468 1.330659 -1.631083 0.000019 0.000002 -0.000024
 24   -0.246150 -0.011872 -0.516511 -0.000005 -0.000006 0.000048
 25   4.941364 1.997338 1.629330 0.000018 -0.000001 -0.000024
 26   4.941382 1.997366 -1.629410 -0.000001 0.000005 -0.000024
 27   2.918368 1.615358 1.514501 -0.000019 -0.000022 -0.000050
 28   2.924704 1.614964 -1.501142 -0.000002 -0.000009 -0.000024
 29   8.824059 0.150544 0.091743 -0.001955 0.000054 -0.057206
 30   2.185306 -0.568992 1.565563 0.026150 0.174406 0.002576
 31   2.258013 -0.580821 -1.556715 -0.068489 -0.431855 0.015355
 32   -0.802676 -0.093824 3.127092 0.029246 -3.151829 -0.005351
 33   14.298673 -0.408176 0.518454 -0.008489 -0.020139 -0.122779
 34   15.835795 0.581398 0.242756 -0.000811 0.023965 0.068310
 35   -0.831494 -0.091229 -3.114430 -0.029296 3.152587 -0.005210
 36   14.294526 -0.410349 -0.455822 0.009069 0.015448 -0.122598
 37   15.834409 0.579420 -0.284600 0.000804 -0.024172 0.068081
 38   1.155311 -3.379528 -2.823813 0.002610 -0.000470 -0.155790
 39   -4.457742 -1.054854 -0.746180 0.001402 -0.000312 -0.084221
 40   1.125914 -3.387267 3.237290 0.002610 -0.000469 -0.155730
 41   -4.433840 -1.059130 0.959566 0.001401 -0.000312 -0.084221
 42   -0.626217 1.697302 -2.458138 0.025276 0.125543 0.001464
 43   -0.664068 1.698578 2.681871 -0.019191 -0.095480 0.001004
time 28
  0   -0.010486 0.000000 2.055121 0.000000 0.000000 -1.571069
  1   -1.093036 0.000002 -0.326057 -0.221706 -1.569036 -1.348744
  2   2.262337 0.113614 0.064702 -0.000090 -0.001557 -0.016710
  3   2.380047 0.353302 0.047440 -0.011686 -0.000316 -0.028262
  4   2.033756 0.190472 -0.000128 -0.000010 0.000024 -0.139576
  5   2.451511 0.204909 -0.003447 -0.016552 -0.000619 -0.097687
  6   7.247600 -0.397300 -0.109469 0.000001 -0.000003 0.156829
  7   -2.022252 -0.104661 3.136172 0.325732 -1.225081 -3.496597
  8   1.168026 -0.537438 -0.063437 0.056554 -0.397920 0.395378
  9   6.790376 -0.619176 0.015206 -0.000102 -0.000151 -0.354246
 10   8.637599 0.544015 -0.090417 -1.500805 0.180843 -0.286387
 11   6.790465 -0.619039 0.017802 -0.002006 -0.010912 -0.263141
 12   -2.022474 -0.104699 -2.873818 -0.514912 1.396280 -3.660253
 13   1.167898 -0.537463 0.063297 -0.115634 0.168924 0.098460
 14   7.002743 -0.617765 -0.183752 0.000115 0.000194 -0.232914
 15   8.209042 0.615527 -0.255885 1.747043 -0.188380 0.226410
 16   7.002735 -0.617911 -0.183641 0.014627 0.001616 -0.181630
 17   1.574674 0.609930 -0.000899 0.030628 0.006942 0.323031
 18   -0.602177 0.511412 -0.000006 0.000000 0.000000 0.000000
 19   3.673773 0.177020 1.119313 -0.000002 -0.000014 -0.174510
 20   3.673767 0.176993 -1.117566 0.000007 -0.000003 -0.174546
 21   3.938451 1.330634 1.627658 0.000002 -0.000011 -0.000026
 22   -0.246060 -0.011889 0.516521 -0.000011 0.000031 0.000025
 23   3.938468 1.330659 -1.631083 0.000019 0.000002 -0.000024
 24   -0.246150 -0.011872 -0.516511 -0.000005 -0.000006 0.000048
 25   4.941364 1.997338 1.629330 0.000018 -0.000001 -0.000024
 26   4.941382 1.997366 -1.629410 -0.000001 0.000005 -0.000024
 27   2.918368 1.615358 1.514501 -0.000019 -0.000022 -0.000050
 28   2.924704 1.614964 -1.501142 -0.000002 -0.000009 -0.000024
 29   8.824059 0.150544 0.091743 -0.001866 0.000006 -0.063965
 30   2.181400 -0.568992 1.577282 0.024631 0.164205 0.002426
 31   2.254107 -0.580821 -1.572340 -0.064505 -0.406678 0.014482
 32   -0.802676 -0.093824 3.127092 0.029246 -3.151829 -0.005351
 33   14.298673 -0.408176 0.518454 -0.008489 -0.020139 -0.122779
 34   15.835795 0.581398 0.242756 -0.000811 0.023965 0.068310
 35   -0.831494 -0.091229 -3.114430 -0.029296 3.152587 -0.005210
 36   14.294526 -0.410349 -0.455822 0.009069 0.015448 -0.122598
 37   15.834409 0.579420 -0.284600 0.000804 -0.024172 0.068081
 38   1.155311 -3.379528 -2.823813 0.002568 -0.000470 -0.152552
 39   -4.457742 -1.054854 -0.746180 0.001366 -0.000300 -0.082511
 40   1.125914 -3.387267 3.237290 0.002568 -0.000469 -0.152553
 41   -4.433840 -1.059130 0.959566 0.001365 -0.000300 -0.082511
 42   -0.626217 1.697302 -2.462044 0.024760 0.122998 0.001422
 43   -0.664068 1.698578 2.681871 -0.018804 -0.093535 0.001004
time 29
  0   -0.010486 0.000000 2.055121 0.000000 0.000000 -1.571069
  1   -1.093036 0.000002 -0.326057 -0.221706 -1.569036 -1.348744
  2   2.262337 0.113614 0.064702 -0.000090 -0.001557 -0.016710
  3   2.380047 0.353302 0.047440 -0.011686 -0.000316 -0.028262
  4   2.033756 0.190472 -0.000128 -0.000010 0.000024 -0.139576
  5   2.451511 0.204909 -0.003447 -0.016552 -0.000606 -0.095285
  6   7.247600 -0.397300 -0.109469 0.000001 -0.000003 0.156829
  7   -2.022252 -0.104661 3.136172 0.325732 -1.225081 -3.496597
  8   1.168026 -0.537438 -0.063437 0.056554 -0.397920 0.395378
  9   6.790376 -0.619176 0.015206 -0.000102 -0.000151 -0.354246
 10   8.637599 0.544015 -0.090417 -1.500805 0.180843 -0.286387
 11   6.790465 -0.619039 0.017802 -0.002006 -0.010912 -0.263141
 12   -2.022474 -0.104699 -2.873818 -0.514912 1.396280 -3.660253
 13   1.167898 -0.537463 0.063297 -0.115634 0.168924 0.098460
 14   7.002743 -0.617765 -0.183752 0.000115 0.000194 -0.232914
 15   8.209042 0.615527 -0.255885 1.747043 -0.188380 0.226410
 16   7.002735 -0.617911 -0.183641 0.014627 0.001616 -0.181630
 17   1.574674 0.609930 -0.000899 0.030506 0.006942 0.320703
 18   -0.602177 0.511412 -0.000006 0.000000 0.000000 0.000000
 19   3.673773 0.177020 1.119313 -0.000002 -0.000014 -0.174510
 20   3.673767 0.176993 -1.117566 0.000007 -0.000003 -0.174546
 21   3.938451 1.330634 1.627658 0.000002 -0.000011 -0.000026
 22   -0.246060 -0.011889 0.516521 -0.000011 0.000031 0.000025
 23   3.938468 1.330659 -1.631083 0.000019 0.000002 -0.000024
 24   -0.246150 -0.011872 -0.516511 -0.000005 -0.000006 0.000048
 25   4.941364 1.997338 1.629330 0.000018 -0.000001 -0.000024
 26   4.941382 1.997366 -1.629410 -0.000001 0.000005 -0.000024
 27   2.918368 1.615358 1.514501 -0.000019 -0.000022 -0.000050
 28   2.924704 1.614964 -1.501142 -0.000002 -0.000009 -0.000024
 29   8.824059 0.150544 0.091743 -0.001598 -0.000017 -0.072817
 30   2.173587 -0.568992 1.596814 0.022665 0.151070 0.002233
 31   2.238481 -0.573008 -1.599685 -0.059357 -0.374276 0.013317
 32   -0.802676 -0.093824 3.127092 0.029246 -3.151829 -0.005351
 33   14.298673 -0.408176 0.518454 -0.008489 -0.020139 -0.122779
 34   15.835795 0.581398 0.242756 -0.000811 0.023965 0.068310
 35   -0.831494 -0.091229 -3.114430 -0.029296 3.152587 -0.005210
 36   14.294526 -0.410349 -0.455822 0.009069 0.015448 -0.122598
 37   15.834409 0.579420 -0.284600 0.000804 -0.024172 0.068081
 38   1.155311 -3.383434 -2.823813 0.002505 -0.000458 -0.148275
 39   -4.457742 -1.054854 -0.746180 0.001330 -0.000300 -0.080211
 40   1.125914 -3.387267 3.237290 0.002505 -0.000457 -0.148276
 41   -4.433840 -1.059130 0.959566 0.001329 -0.000300 -0.080211
 42   -0.626217 1.697302 -2.469857 0.024065 0.119548 0.001338
 43   -0.664068 1.698578 2.689684 -0.018279 -0.090946 0.000962
time 30
  0   -0.010486 0.000000 2.055121 0.000000 0.000000 -1.571069
  1   -1.093036 0.000002 -0.326057 -0.221706 -1.569036 -1.348744
  2   2.262337 0.113614 0.064702 -0.000090 -0.001557 -0.016710
  3   2.380047 0.353302 0.047440 -0.011686 -0.000316 -0.028262
  4   2.033756 0.190472 -0.000128 -0.000010 0.000024 -0.139576
  5   2.451511 0.204909 -0.003447 -0.016552 -0.000553 -0.089812
  6   7.247600 -0.397300 -0.109469 0.000001 -0.000003 0.156829
  7   -2.022252 -0.104661 3.136172 0.325732 -1.225081 -3.496597
  8   1.168026 -0.537438 -0.063437 0.056554 -0.397920 0.395378
  9   6.790376 -0.619176 0.015206 -0.000102 -0.000151 -0.354246
 10   8.637599 0.544015 -0.090417 -1.500805 0.180843 -0.286387
 11   6.790465 -0.619039 0.017802 -0.002006 -0.010912 -0.263141
 12   -2.022474 -0.104699 -2.873818 -0.514912 1.396280 -3.660253
 13   1.167898 -0.537463 0.063297 -0.115634 0.168924 0.098460
 14   7.002743 -0.617765 -0.183752 0.000115 0.000194 -0.232914
 15   8.209042 0.615527 -0.255885 1.747043 -0.188380 0.226410
 16   7.002735 -0.617911 -0.183641 0.014627 0.001616 -0.181630
 17   1.574674 0.609930 -0.000899 0.030262 0.006990 0.315196
 18   -0.602177 0.511412 -0.000006 0.000000 0.000000 0.000000
 19   3.673773 0.177020 1.119313 -0.000002 -0.000014 -0.174510
 20   3.673767 0.176993 -1.117566 0.000007 -0.000003 -0.174546
 21   3.942357 1.330634 1.627658 0.000002 -0.000011 -0.000026
 22   -0.246060 -0.011889 0.516521 -0.000011 0.000031 0.000025
 23   3.938468 1.330659 -1.631083 0.000019 0.000002 -0.000024
 24   -0.246150 -0.011872 -0.516511 -0.000005 -0.000006 0.000048
 25   4.941364 1.997338 1.629330 0.000018 -0.000001 -0.000024
 26   4.941382 1.997366 -1.629410 -0.000001 0.000005 -0.000024
 27   2.918368 1.615358 1.514501 -0.000019 -0.000022 -0.000050
 28   2.924704 1.614964 -1.501142 -0.000002 -0.000009 -0.000024
 29   8.824059 0.150544 0.091743 -0.001420 -0.000017 -0.083171
 30   2.169681 -0.568992 1.616346 0.020373 0.135610 0.001997
 31   2.226762 -0.573008 -1.623123 -0.053320 -0.336201 0.011971
 32   -0.802676 -0.093824 3.127092 0.029246 -3.151829 -0.005351
 33   14.298673 -0.408176 0.518454 -0.008489 -0.020139 -0.122779
 34   15.835795 0.581398 0.242756 -0.000811 0.023965 0.068310
 35   -0.831494 -0.091229 -3.114430 -0.029296 3.152587 -0.005210
 36   14.294526 -0.410349 -0.455822 0.009069 0.015448 -0.122598
 37   15.834409 0.579420 -0.284600 0.000804 -0.024172 0.068081
 38   1.155311 -3.383434 -2.823813 0.002421 -0.000446 -0.143082
 39   -4.457742 -1.054854 -0.746180 0.001282 -0.000288 -0.077378
 40   1.125914 -3.387267 3.237290 0.002421 -0.000445 -0.143083
 41   -4.433840 -1.059130 0.959566 0.001281 -0.000288 -0.077378
 42   -0.630123 1.697302 -2.477670 0.023214 0.115347 0.001296
 43   -0.664068 1.698578 2.693590 -0.017642 -0.087729 0.000878
time 31
  0   -0.010486 0.000000 2.055121 0.000000 0.000000 -1.571069
  1   -1.093036 0.000002 -0.326057 -0.221706 -1.569036 -1.348744
  2   2.262337 0.113614 0.064702 -0.000090 -0.001557 -0.016710
  3   2.380047 0.353302 0.047440 -0.011686 -0.000316 -0.028262
  4   2.033756 0.190472 -0.000128 -0.000010 0.000024 -0.139576
  5   2.451511 0.204909 -0.003447 -0.016552 -0.000514 -0.085106
  6   7.247600 -0.397300 -0.109469 0.000001 -0.000003 0.156829
  7   -2.022252 -0.104661 3.136172 0.325732 -1.225081 -3.496597
  8   1.168026 -0.537438 -0.063437 0.056554 -0.397920 0.395378
  9   6.790376 -0.619176 0.015206 -0.000102 -0.000151 -0.354246
 10   8.637599 0.544015 -0.090417 -1.500805 0.180843 -0.286387
 11   6.790465 -0.619039 0.017802 -0.002006 -0.010912 -0.263141
 12   -2.022474 -0.104699 -2.873818 -0.514912 1.396280 -3.660253
 13   1.167898 -0.537463 0.063297 -0.115634 0.168924 0.098460
 14   7.002743 -0.617765 -0.183752 0.000115 0.000194 -0.232914
 15   8.209042 0.615527 -0.255885 1.747043 -0.188380 0.226410
 16   7.002735 -0.617911 -0.183641 0.014627 0.001616 -0.181630
 17   1.574674 0.609930 -0.000899 0.029937 0.007013 0.310428
 18   -0.602177 0.511412 -0.000006 0.000000 0.000000 0.000000
 19   3.673773 0.177020 1.119313 -0.000002 -0.000014 -0.174510
 20   3.677673 0.176993 -1.117566 0.000007 -0.000003 -0.174546
 21   3.942357 1.330634 1.627658 0.000002 -0.000011 -0.000026
 22   -0.246060 -0.011889 0.516521 -0.000011 0.000031 0.000025
 23   3.938468 1.330659 -1.631083 0.000019 0.000002 -0.000024
 24   -0.246150 -0.011872 -0.516511 -0.000005 -0.000006 0.000048
 25   4.941364 1.997338 1.629330 0.000018 -0.000001 -0.000024
 26   4.941382 1.997366 -1.629410 -0.000001 0.000005 -0.000024
 27   2.918368 1.623171 1.514501 -0.000019 -0.000022 -0.000050
 28   2.924704 1.614964 -1.501142 -0.000002 -0.000009 -0.000024
 29   8.824059 0.150544 0.091743 -0.001331 -0.000041 -0.094598
 30   2.161868 -0.561179 1.635878 0.017797 0.118552 0.001761
 31   2.215043 -0.569102 -1.654374 -0.046640 -0.294137 0.010479
 32   -0.802676 -0.093824 3.127092 0.029246 -3.151829 -0.005351
 33   14.298673 -0.408176 0.518454 -0.008489 -0.020139 -0.122779
 34   15.835795 0.581398 0.242756 -0.000811 0.023965 0.068310
 35   -0.831494 -0.091229 -3.114430 -0.029296 3.152587 -0.005210
 36   14.294526 -0.410349 -0.455822 0.009069 0.015448 -0.122598
 37   15.834409 0.579420 -0.284600 0.000804 -0.024172 0.068081
 38   1.147498 -3.383434 -2.823813 0.002294 -0.000422 -0.137034
 39   -4.457742 -1.054854 -0.746180 0.001222 -0.000276 -0.074069
 40   1.125914 -3.391173 3.237290 0.002294 -0.000421 -0.137035
 41   -4.433840 -1.059130 0.959566 0.001221 -0.000276 -0.074069
 42   -0.630123 1.697302 -2.489389 0.022231 0.110441 0.001255
 43   -0.664068 1.698578 2.701403 -0.016892 -0.084010 0.000836
time 32
  0   -0.010486 0.000000 2.055121 0.000000 0.000000 -1.571069
  1   -1.093036 0.000002 -0.326057 -0.221706 -1.569036 -1.348744
  2   2.262337 0.113614 0.064702 -0.000090 -0.001557 -0.016710
  3   2.380047 0.353302 0.047440 -0.011686 -0.000316 -0.028262
  4   2.033756 0.190472 -0.000128 -0.000010 0.000024 -0.139576
  5   2.451511 0.204909 -0.003447 -0.016552 -0.000462 -0.079559
  6   7.247600 -0.397300 -0.109469 0.000001 -0.000003 0.156829
  7   -2.022252 -0.104661 3.136172 0.325732 -1.225081 -3.496597
  8   1.168026 -0.537438 -0.063437 0.056554 -0.397920 0.395378
  9   6.790376 -0.619176 0.015206 -0.000102 -0.000151 -0.354246
 10   8.637599 0.544015 -0.090417 -1.500805 0.180843 -0.286387
 11   6.790465 -0.619039 0.017802 -0.002006 -0.010912 -0.263141
 12   -2.022474 -0.104699 -2.873818 -0.514912 1.396280 -3.660253
 13   1.167898 -0.537463 0.063297 -0.115634 0.168924 0.098460
 14   7.002743 -0.617765 -0.183752 0.000115 0.000194 -0.232914
 15   8.209042 0.615527 -0.255885 1.747043 -0.188380 0.226410
 16   7.002735 -0.617911 -0.183641 0.014627 0.001616 -0.181630
 17   1.574674 0.609930 -0.000899 0.029734 0.007013 0.304958
 18   -0.602177 0.511412 -0.000006 0.000000 0.000000 0.000000
 19   3.673773 0.177020 1.119313 -0.000002 -0.000014 -0.174510
 20   3.677673 0.176993 -1.117566 0.000007 -0.000003 -0.174546
 21   3.942357 1.330634 1.627658 0.000002 -0.000011 -0.000026
 22   -0.246060 -0.011889 0.516521 -0.000011 0.000031 0.000025
 23   3.938468 1.330659 -1.631083 0.000019 0.000002 -0.000024
 24   -0.246150 -0.011872 -0.516511 -0.000005 -0.000006 0.000048
 25   4.941364 1.997338 1.629330 0.000018 -0.000001 -0.000024
 26   4.941382 1.997366 -1.629410 -0.000001 0.000005 -0.000024
 27   2.918368 1.615358 1.514501 -0.000019 -0.000022 -0.000050
 28   2.924704 1.614964 -1.501142 -0.000002 -0.000009 -0.000024
 29   8.824059 0.150544 0.091743 -0.000974 -0.000089 -0.106669
 30   2.154055 -0.561179 1.659316 0.015112 0.100506 0.001504
 31   2.203324 -0.569102 -1.685625 -0.039592 -0.249586 0.008859
 32   -0.802676 -0.093824 3.127092 0.029246 -3.151829 -0.005351
 33   14.298673 -0.408176 0.518454 -0.008489 -0.020139 -0.122779
 34   15.835795 0.581398 0.242756 -0.000811 0.023965 0.068310
 35   -0.831494 -0.091229 -3.114430 -0.029296 3.152587 -0.005210
 36   14.294526 -0.410349 -0.455822 0.009069 0.015448 -0.122598
 37   15.834409 0.579420 -0.284600 0.000804 -0.024172 0.068081
 38   1.147498 -3.391247 -2.823813 0.002168 -0.000398 -0.130130
 39   -4.457742 -1.054854 -0.746180 0.001163 -0.000252 -0.070367
 40   1.125914 -3.398986 3.237290 0.002168 -0.000397 -0.130131
 41   -4.433840 -1.059130 0.959566 0.001162 -0.000252 -0.070367
 42   -0.630123 1.697302 -2.501108 0.021129 0.104906 0.001213
 43   -0.664068 1.698578 2.713122 -0.016030 -0.079805 0.000795
time 33
  0   -0.010486 0.000000 2.055121 0.000000 0.000000 -1.571069
  1   -1.093036 0.000002 -0.326057 -0.221706 -1.569036 -1.348744
  2   2.262337 0.113614 0.064702 -0.000090 -0.001557 -0.016710
  3   2.380047 0.353302 0.047440 -0.011686 -0.000316 -0.028262
  4   2.033756 0.190472 -0.000128 -0.000010 0.000024 -0.139576
  5   2.451511 0.204909 -0.003447 -0.016552 -0.000449 -0.076562
  6   7.247600 -0.397300 -0.109469 0.000001 -0.000003 0.156829
  7   -2.022252 -0.104661 3.136172 0.325732 -1.225081 -3.496597
  8   1.168026 -0.537438 -0.063437 0.056554 -0.397920 0.395378
  9   6.790376 -0.619176 0.015206 -0.000102 -0.000151 -0.354246
 10   8.637599 0.544015 -0.090417 -1.500805 0.180843 -0.286387
 11   6.790465 -0.619039 0.017802 -0.002006 -0.010912 -0.263141
 12   -2.022474 -0.104699 -2.873818 -0.514912 1.396280 -3.660253
 13   1.167898 -0.537463 0.063297 -0.115634 0.168924 0.098460
 14   7.002743 -0.617765 -0.183752 0.000115 0.000194 -0.232914
 15   8.209042 0.615527 -0.255885 1.747043 -0.188380 0.226410
 16   7.002735 -0.617911 -0.183641 0.014627 0.001616 -0.181630
 17   1.574674 0.609930 -0.000899 0.029531 0.007013 0.301927
 18   -0.602177 0.511412 -0.000006 0.000000 0.000000 0.000000
 19   3.673773 0.177020 1.119313 -0.000002 -0.000014 -0.174510
 20   3.677673 0.176993 -1.117566 0.000007 -0.000003 -0.174546
 21   3.942357 1.330634 1.627658 0.000002 -0.000011 -0.000026
 22   -0.246060 -0.011889 0.516521 -0.000011 0.000031 0.000025
 23   3.938468 1.330659 -1.631083 0.000019 0.000002 -0.000024
 24   -0.246150 -0.011872 -0.516511 -0.000005 -0.000006 0.000048
 25   4.941364 1.997338 1.629330 0.000018 -0.000001 -0.000024
 26   4.941382 1.997366 -1.629410 -0.000001 0.000005 -0.000024
 27   2.918368 1.615358 1.514501 -0.000019 -0.000022 -0.000050
 28   2.924704 1.614964 -1.501142 -0.000002 -0.000009 -0.000024
 29   8.824059 0.150544 0.091743 -0.000796 -0.000112 -0.119008
 30   2.142336 -0.561179 1.682754 0.012359 0.082140 0.001225
 31   2.183792 -0.569102 -1.716876 -0.032406 -0.204285 0.007258
 32   -0.802676 -0.093824 3.127092 0.029246 -3.151829 -0.005351
 33   14.298673 -0.408176 0.518454 -0.008489 -0.020139 -0.122779
 34   15.835795 0.581398 0.242756 -0.000811 0.023965 0.068310
 35   -0.831494 -0.091229 -3.114430 -0.029296 3.152587 -0.005210
 36   14.294526 -0.410349 -0.455822 0.009069 0.015448 -0.122598
 37   15.834409 0.579420 -0.284600 0.000804 -0.024172 0.068081
 38   1.147498 -3.391247 -2.823813 0.002063 -0.000374 -0.122677
 39   -4.457742 -1.054854 -0.746180 0.001115 -0.000240 -0.066328
 40   1.125914 -3.398986 3.237290 0.002063 -0.000373 -0.122678
 41   -4.433840 -1.059130 0.959566 0.001114 -0.000240 -0.066328
 42   -0.637936 1.697302 -2.508921 0.019894 0.098865 0.001087
 43   -0.664068 1.698578 2.724841 -0.015118 -0.075191 0.000795
time 34
  0   -0.010486 0.000000 2.055121 0.000000 0.000000 -1.571069
  1   -1.093036 0.000002 -0.326057 -0.221706 -1.569036 -1.348744
  2   2.262337 0.113614 0.064702 -0.000090 -0.001557 -0.016710
  3   2.380047 0.353302 0.047440 -0.011686 -0.000316 -0.028262
  4   2.033756 0.190472 -0.000128 -0.000010 0.000024 -0.139576
  5   2.451511 0.204909 -0.003447 -0.016552 -0.000397 -0.070024
  6   7.247600 -0.397300 -0.109469 0.000001 -0.000003 0.156829
  7   -2.022252 -0.104661 3.136172 0.325732 -1.225081 -3.496597
  8   1.168026 -0.537438 -0.063437 0.056554 -0.397920 0.395378
  9   6.790376 -0.619176 0.015206 -0.000102 -0.000151 -0.354246
 10   8.637599 0.544015 -0.090417 -1.500805 0.180843 -0.286387
 11   6.790465 -0.619039 0.017802 -0.002006 -0.010912 -0.263141
 12   -2.022474 -0.104699 -2.873818 -0.514912 1.396280 -3.660253
 13   1.167898 -0.537463 0.063297 -0.115634 0.168924 0.098460
 14   7.002743 -0.617765 -0.183752 0.000115 0.000194 -0.232914
 15   8.209042 0.615527 -0.255885 1.747043 -0.188380 0.226410
 16   7.002735 -0.617911 -0.183641 0.014627 0.001616 -0.181630
 17   1.574674 0.609930 -0.000899 0.029206 0.007061 0.295422
 18   -0.602177 0.511412 -0.000006 0.000000 0.000000 0.000000
 19   3.673773 0.177020 1.119313 -0.000002 -0.000014 -0.174510
 20   3.677673 0.176993 -1.117566 0.000007 -0.000003 -0.174546
 21   3.942357 1.330634 1.627658 0.000002 -0.000011 -0.000026
 22   -0.246060 -0.011889 0.516521 -0.000011 0.000031 0.000025
 23   3.938468 1.330659 -1.631083 0.000019 0.000002 -0.000024
 24   -0.246150 -0.011872 -0.516511 -0.000005 -0.000006 0.000048
 25   4.941364 1.997338 1.629330 0.000018 -0.000001 -0.000024
 26   4.941382 1.997366 -1.629410 -0.000001 0.000005 -0.000024
 27   2.918368 1.615358 1.514501 -0.000019 -0.000022 -0.000050
 28   2.924704 1.614964 -1.501142 -0.000002 -0.000009 -0.000024
 29   8.824059 0.150544 0.091743 -0.000707 -0.000136 -0.131186
 30   2.138430 -0.561179 1.702286 0.009674 0.064093 0.000946
 31   2.172073 -0.569102 -1.748127 -0.025327 -0.159734 0.005675
 32   -0.802676 -0.093824 3.127092 0.029246 -3.151829 -0.005351
 33   14.298673 -0.408176 0.518454 -0.008489 -0.020139 -0.122779
 34   15.835795 0.581398 0.242756 -0.000811 0.023965 0.068310
 35   -0.831494 -0.091229 -3.114430 -0.029296 3.152587 -0.005210
 36   14.294526 -0.410349 -0.455822 0.009069 0.015448 -0.122598
 37   15.834409 0.579420 -0.284600 0.000804 -0.024172 0.068081
 38   1.147498 -3.399060 -2.823813 0.001937 -0.000337 -0.114551
 39   -4.457742 -1.054854 -0.746180 0.001031 -0.000228 -0.061981
 40   1.125914 -3.398986 3.237290 0.001937 -0.000336 -0.114552
 41   -4.433840 -1.059130 0.959566 0.001030 -0.000228 -0.061981
 42   -0.637936 1.697302 -2.520640 0.018588 0.092395 0.001046
 43   -0.664068 1.698578 2.732654 -0.014131 -0.070280 0.000753
time 35
  0   -0.010486 0.000000 2.055121 0.000000 0.000000 -1.571069
  1   -1.093036 0.000002 -0.326057 -0.221706 -1.569036 -1.348744
  2   2.262337 0.113614 0.064702 -0.000090 -0.001557 -0.016710
  3   2.380047 0.353302 0.047440 -0.011686 -0.000316 -0.028262
  4   2.033756 0.190472 -0.000128 -0.000010 0.000024 -0.139576
  5   2.451511 0.204909 -0.003447 -0.016638 -0.000318 -0.059623
  6   7.247600 -0.397300 -0.109469 0.000001 -0.000003 0.156829
  7   -2.022252 -0.104661 3.136172 0.325732 -1.225081 -3.496597
  8   1.168026 -0.537438 -0.063437 0.056554 -0.397920 0.395378
  9   6.790376 -0.619176 0.015206 -0.000102 -0.000151 -0.354246
 10   8.637599 0.544015 -0.090417 -1.500805 0.180843 -0.286387
 11   6.790465 -0.619039 0.017802 -0.002006 -0.010912 -0.263141
 12   -2.022474 -0.104699 -2.873818 -0.514912 1.396280 -3.660253
 13   1.167898 -0.537463 0.063297 -0.115634 0.168924 0.098460
 14   7.002743 -0.617765 -0.183752 0.000115 0.000194 -0.232914
 15   8.209042 0.615527 -0.255885 1.747043 -0.188380 0.226410
 16   7.002735 -0.617911 -0.183641 0.014627 0.001616 -0.181630
 17   1.574674 0.609930 -0.000899 0.028678 0.007084 0.284851
 18   -0.602177 0.511412 -0.000006 0.000000 0.000000 0.000000
 19   3.673773 0.177020 1.119313 -0.000002 -0.000014 -0.174510
 20   3.673767 0.176993 -1.117566 0.000007 -0.000003 -0.174546
 21   3.938451 1.330634 1.627658 0.000002 -0.000011 -0.000026
 22   -0.246060 -0.011889 0.516521 -0.000011 0.000031 0.000025
 23   3.938468 1.330659 -1.631083 0.000019 0.000002 -0.000024
 24   -0.246150 -0.011872 -0.516511 -0.000005 -0.000006 0.000048
 25   4.941364 1.997338 1.629330 0.000018 -0.000001 -0.000024
 26   4.941382 1.997366 -1.629410 -0.000001 0.000005 -0.000024
 27   2.918368 1.615358 1.514501 -0.000019 -0.000022 -0.000050
 28   2.924704 1.614964 -1.501142 -0.000002 -0.000009 -0.000024
 29   8.824059 0.150544 0.091743 -0.000529 -0.000184 -0.142613
 30   2.130617 -0.561179 1.725724 0.007125 0.047006 0.000689
 31   2.152541 -0.561289 -1.779378 -0.018647 -0.117644 0.004183
 32   -0.802676 -0.093824 3.127092 0.029246 -3.151829 -0.005351
 33   14.298673 -0.408176 0.518454 -0.008489 -0.020139 -0.122779
 34   15.835795 0.581398 0.242756 -0.000811 0.023965 0.068310
 35   -0.831494 -0.091229 -3.114430 -0.029296 3.152587 -0.005210
 36   14.294526 -0.410349 -0.455822 0.009069 0.015448 -0.122598
 37   15.834409 0.579420 -0.284600 0.000804 -0.024172 0.068081
 38   1.147498 -3.402966 -2.823813 0.001768 -0.000313 -0.106120
 39   -4.457742 -1.054854 -0.746180 0.000959 -0.000204 -0.057382
 40   1.125914 -3.406799 3.237290 0.001768 -0.000312 -0.106121
 41   -4.433840 -1.059130 0.959566 0.000958 -0.000204 -0.057382
 42   -0.637936 1.697302 -2.532359 0.017234 0.085541 0.001004
 43   -0.664068 1.698578 2.744373 -0.013069 -0.065070 0.000627
time 36
  0   -0.010486 0.000000 2.055121 0.000000 0.000000 -1.571069
  1   -1.093036 0.000002 -0.326057 -0.221706 -1.569036 -1.348744
  2   2.262337 0.113614 0.064702 -0.000090 -0.001557 -0.016710
  3   2.380047 0.353302 0.047440 -0.011686 -0.000316 -0.028262
  4   2.033756 0.190472 -0.000128 -0.000010 0.000024 -0.139576
  5   2.451511 0.204909 -0.003447 -0.016638 -0.000279 -0.056081
  6   7.247600 -0.397300 -0.109469 0.000001 -0.000003 0.156829
  7   -2.022252 -0.104661 3.136172 0.325732 -1.225081 -3.496597
  8   1.168026 -0.537438 -0.063437 0.056554 -0.397920 0.395378
  9   6.790376 -0.619176 0.015206 -0.000102 -0.000151 -0.354246
 10   8.637599 0.544015 -0.090417 -1.500805 0.180843 -0.286387
 11   6.790465 -0.619039 0.017802 -0.002006 -0.010912 -0.263141
 12   -2.022474 -0.104699 -2.873818 -0.514912 1.396280 -3.660253
 13   1.167898 -0.537463 0.063297 -0.115634 0.168924 0.098460
 14   7.002743 -0.617765 -0.183752 0.000115 0.000194 -0.232914
 15   8.209042 0.615527 -0.255885 1.747043 -0.188380 0.226410
 16   7.002735 -0.617911 -0.183641 0.014627 0.001616 -0.181630
 17   1.574674 0.609930 -0.000899 0.028556 0.007084 0.281302
 18   -0.602177 0.511412 -0.000006 0.000000 0.000000 0.000000
 19   3.673773 0.177020 1.119313 -0.000002 -0.000014 -0.174510
 20   3.677673 0.176993 -1.117566 0.000007 -0.000003 -0.174546
 21   3.938451 1.330634 1.627658 0.000002 -0.000011 -0.000026
 22   -0.246060 -0.011889 0.516521 -0.000011 0.000031 0.000025
 23   3.938468 1.330659 -1.631083 0.000019 0.000002 -0.000024
 24   -0.246150 -0.011872 -0.516511 -0.000005 -0.000006 0.000048
 25   4.941364 1.997338 1.629330 0.000018 -0.000001 -0.000024
 26   4.941382 1.997366 -1.629410 -0.000001 0.000005 -0.000024
 27   2.918368 1.623171 1.514501 -0.000019 -0.000022 -0.000050
 28   2.924704 1.614964 -1.501142 -0.000002 -0.000009 -0.000024
 29   8.824059 0.150544 0.091743 -0.000261 -0.000207 -0.152967
 30   2.118898 -0.561179 1.745256 0.004806 0.031575 0.000496
 31   2.140822 -0.561289 -1.802816 -0.012610 -0.079621 0.002800
 32   -0.802676 -0.093824 3.127092 0.029246 -3.151829 -0.005351
 33   14.298673 -0.408176 0.518454 -0.008489 -0.020139 -0.122779
 34   15.835795 0.581398 0.242756 -0.000811 0.023965 0.068310
 35   -0.831494 -0.091229 -3.114430 -0.029296 3.152587 -0.005210
 36   14.294526 -0.410349 -0.455822 0.009069 0.015448 -0.122598
 37   15.834409 0.579420 -0.284600 0.000804 -0.024172 0.068081
 38   1.147498 -3.402966 -2.823813 0.001642 -0.000289 -0.097384
 39   -4.457742 -1.054854 -0.746180 0.000875 -0.000192 -0.052642
 40   1.125914 -3.410705 3.237290 0.001642 -0.000288 -0.097385
 41   -4.433840 -1.059130 0.959566 0.000874 -0.000192 -0.052642
 42   -0.637936 1.697302 -2.544078 0.015796 0.078473 0.000878
 43   -0.664068 1.698578 2.756092 -0.011982 -0.059672 0.000585
time 37
  0   -0.010486 0.000000 2.055121 0.000000 0.000000 -1.571069
  1   -1.093036 0.000002 -0.326057 -0.221706 -1.569036 -1.348744
  2   2.262337 0.113614 0.064702 -0.000090 -0.001557 -0.016710
  3   2.380047 0.353302 0.047440 -0.011686 -0.000316 -0.028262
  4   2.033756 0.190472 -0.000128 -0.000010 0.000024 -0.139576
  5   2.451511 0.204909 -0.003447 -0.016638 -0.000227 -0.048949
  6   7.247600 -0.397300 -0.109469 0.000001 -0.000003 0.156829
  7   -2.022252 -0.104661 3.136172 0.325732 -1.225081 -3.496597
  8   1.168026 -0.537438 -0.063437 0.056554 -0.397920 0.395378
  9   6.790376 -0.619176 0.015206 -0.000102 -0.000151 -0.354246
 10   8.637599 0.544015 -0.090417 -1.500805 0.180843 -0.286387
 11   6.790465 -0.619039 0.017802 -0.002006 -0.010912 -0.263141
 12   -2.022474 -0.104699 -2.873818 -0.514912 1.396280 -3.660253
 13   1.167898 -0.537463 0.063297 -0.115634 0.168924 0.098460
 14   7.002743 -0.617765 -0.183752 0.000115 0.000194 -0.232914
 15   8.209042 0.615527 -0.255885 1.747043 -0.188380 0.226410
 16   7.002735 -0.617911 -0.183641 0.014627 0.001616 -0.181630
 17   1.574674 0.609930 -0.000899 0.028150 0.007132 0.274095
 18   -0.602177 0.511412 -0.000006 0.000000 0.000000 0.000000
 19   3.673773 0.177020 1.119313 -0.000002 -0.000014 -0.174510
 20   3.673767 0.176993 -1.117566 0.000007 -0.000003 -0.174546
 21   3.942357 1.330634 1.627658 0.000002 -0.000011 -0.000026
 22   -0.246060 -0.011889 0.516521 -0.000011 0.000031 0.000025
 23   3.938468 1.330659 -1.631083 0.000019 0.000002 -0.000024
 24   -0.246150 -0.011872 -0.516511 -0.000005 -0.000006 0.000048
 25   4.941364 1.997338 1.629330 0.000018 -0.000001 -0.000024
 26   4.941382 1.997366 -1.629410 -0.000001 0.000005 -0.000024
 27   2.918368 1.615358 1.514501 -0.000019 -0.000022 -0.000050
 28   2.924704 1.614964 -1.501142 -0.000002 -0.000009 -0.000024
 29   8.824059 0.150544 0.091743 -0.000083 -0.000207 -0.161712
 30   2.118898 -0.561179 1.764788 0.002840 0.018440 0.000303
 31   2.129103 -0.561289 -1.822348 -0.007462 -0.047167 0.001672
 32   -0.802676 -0.093824 3.127092 0.029246 -3.151829 -0.005351
 33   14.298673 -0.408176 0.518454 -0.008489 -0.020139 -0.122779
 34   15.835795 0.581398 0.242756 -0.000811 0.023965 0.068310
 35   -0.831494 -0.091229 -3.114430 -0.029296 3.152587 -0.005210
 36   14.294526 -0.410349 -0.455822 0.009069 0.015448 -0.122598
 37   15.834409 0.579420 -0.284600 0.000804 -0.024172 0.068081
 38   1.147498 -3.414685 -2.823813 0.001473 -0.000253 -0.088342
 39   -4.457742 -1.054854 -0.746180 0.000803 -0.000168 -0.047762
 40   1.118101 -3.410705 3.237290 0.001473 -0.000252 -0.088343
 41   -4.433840 -1.059130 0.959566 0.000802 -0.000168 -0.047762
 42   -0.645749 1.697302 -2.563610 0.014334 0.071190 0.000795
 43   -0.664068 1.698578 2.767811 -0.010870 -0.054165 0.000585
time 38
  0   -0.010486 0.000000 2.055121 0.000000 0.000000 -1.571069
  1   -1.093036 0.000002 -0.326057 -0.221706 -1.569036 -1.348744
  2   2.262337 0.113614 0.064702 -0.000090 -0.001557 -0.016710
  3   2.380047 0.353302 0.047440 -0.011686 -0.000316 -0.028262
  4   2.033756 0.190472 -0.000128 -0.000010 0.000024 -0.139576
  5   2.451511 0.204909 -0.003447 -0.016638 -0.000188 -0.042089
  6   7.247600 -0.397300 -0.109469 0.000001 -0.000003 0.156829
  7   -2.022252 -0.104661 3.136172 0.325732 -1.225081 -3.496597
  8   1.168026 -0.537438 -0.063437 0.056554 -0.397920 0.395378
  9   6.790376 -0.619176 0.015206 -0.000102 -0.000151 -0.354246
 10   8.637599 0.544015 -0.090417 -1.500805 0.180843 -0.286387
 11   6.790465 -0.619039 0.017802 -0.002006 -0.010912 -0.263141
 12   -2.022474 -0.104699 -2.873818 -0.514912 1.396280 -3.660253
 13   1.167898 -0.537463 0.063297 -0.115634 0.168924 0.098460
 14   7.002743 -0.617765 -0.183752 0.000115 0.000194 -0.232914
 15   8.209042 0.615527 -0.255885 1.747043 -0.188380 0.226410
 16   7.002735 -0.617911 -0.183641 0.014627 0.001616 -0.181630
 17   1.574674 0.609930 -0.000899 0.027865 0.007132 0.267183
 18   -0.602177 0.511412 -0.000006 0.000000 0.000000 0.000000
 19   3.673773 0.177020 1.119313 -0.000002 -0.000014 -0.174510
 20   3.673767 0.176993 -1.117566 0.000007 -0.000003 -0.174546
 21   3.938451 1.330634 1.627658 0.000002 -0.000011 -0.000026
 22   -0.246060 -0.011889 0.516521 -0.000011 0.000031 0.000025
 23   3.938468 1.330659 -1.631083 0.000019 0.000002 -0.000024
 24   -0.246150 -0.011872 -0.516511 -0.000005 -0.000006 0.000048
 25   4.941364 1.997338 1.629330 0.000018 -0.000001 -0.000024
 26   4.941382 1.997366 -1.629410 -0.000001 0.000005 -0.000024
 27   2.918368 1.615358 1.514501 -0.000019 -0.000022 -0.000050
 28   2.924704 1.614964 -1.501142 -0.000002 -0.000009 -0.000024
 29   8.824059 0.150544 0.091743 0.000006 -0.000231 -0.168579
 30   2.111085 -0.561179 1.776507 0.001321 0.008239 0.000153
 31   2.121290 -0.561289 -1.845786 -0.003478 -0.022016 0.000762
 32   -0.802676 -0.093824 3.127092 0.029246 -3.151829 -0.005351
 33   14.298673 -0.408176 0.518454 -0.008489 -0.020139 -0.122779
 34   15.835795 0.581398 0.242756 -0.000811 0.023965 0.068310
 35   -0.831494 -0.091229 -3.114430 -0.029296 3.152587 -0.005210
 36   14.294526 -0.410349 -0.455822 0.009069 0.015448 -0.122598
 37   15.834409 0.579420 -0.284600 0.000804 -0.024172 0.068081
 38   1.147498 -3.414685 -2.823813 0.001305 -0.000229 -0.079239
 39   -4.457742 -1.054854 -0.746180 0.000707 -0.000156 -0.042826
 40   1.118101 -3.418518 3.237290 0.001305 -0.000228 -0.079240
 41   -4.433840 -1.059130 0.959566 0.000706 -0.000156 -0.042826
 42   -0.645749 1.697302 -2.575329 0.012847 0.063846 0.000711
 43   -0.664068 1.698578 2.775624 -0.009758 -0.048563 0.000502
time 39
  0   -0.010486 0.000000 2.055121 0.000000 0.000000 -1.571069
  1   -1.093036 0.000002 -0.326057 -0.221706 -1.569036 -1.348744
  2   2.262337 0.113614 0.064702 -0.000090 -0.001557 -0.016710
  3   2.380047 0.353302 0.047440 -0.011686 -0.000316 -0.028262
  4   2.033756 0.190472 -0.000128 -0.000010 0.000024 -0.139576
  5   2.451511 0.204909 -0.003447 -0.016638 -0.000136 -0.035600
  6   7.247600 -0.397300 -0.109469 0.000001 -0.000003 0.156829
  7   -2.022252 -0.104661 3.136172 0.325732 -1.225081 -3.496597
  8   1.168026 -0.537438 -0.063437 0.056554 -0.397920 0.395378
  9   6.790376 -0.619176 0.015206 -0.000102 -0.000151 -0.354246
 10   8.637599 0.544015 -0.090417 -1.500805 0.180843 -0.286387
 11   6.790465 -0.619039 0.017802 -0.002006 -0.010912 -0.263141
 12   -2.022474 -0.104699 -2.873818 -0.514912 1.396280 -3.660253
 13   1.167898 -0.537463 0.063297 -0.115634 0.168924 0.098460
 14   7.002743 -0.617765 -0.183752 0.000115 0.000194 -0.232914
 15   8.209042 0.615527 -0.255885 1.747043 -0.188380 0.226410
 16   7.002735 -0.617911 -0.183641 0.014627 0.001616 -0.181630
 17   1.574674 0.609930 -0.000899 0.027459 0.007155 0.260752
 18   -0.602177 0.511412 -0.000006 0.000000 0.000000 0.000000
 19   3.673773 0.177020 1.119313 -0.000002 -0.000014 -0.174510
 20   3.673767 0.176993 -1.117566 0.000007 -0.000003 -0.174546
 21   3.938451 1.330634 1.627658 0.000002 -0.000011 -0.000026
 22   -0.246060 -0.011889 0.516521 -0.000011 0.000031 0.000025
 23   3.938468 1.330659 -1.631083 0.000019 0.000002 -0.000024
 24   -0.246150 -0.011872 -0.516511 -0.000005 -0.000006 0.000048
 25   4.941364 1.997338 1.629330 0.000018 -0.000001 -0.000024
 26   4.941382 1.997366 -1.629410 -0.000001 0.000005 -0.000024
 27   2.918368 1.615358 1.514501 -0.000019 -0.000022 -0.000050
 28   2.924704 1.614964 -1.501142 -0.000002 -0.000009 -0.000024
 29   8.824059 0.150544 0.091743 0.000006 -0.000231 -0.172978
 30   2.111085 -0.561179 1.784320 0.000317 0.001643 0.000024
 31   2.121290 -0.561289 -1.853599 -0.000904 -0.005750 0.000180
 32   -0.802676 -0.093824 3.127092 0.029246 -3.151829 -0.005351
 33   14.298673 -0.408176 0.518454 -0.008489 -0.020139 -0.122779
 34   15.835795 0.581398 0.242756 -0.000811 0.023965 0.068310
 35   -0.831494 -0.091229 -3.114430 -0.029296 3.152587 -0.005210
 36   14.294526 -0.410349 -0.455822 0.009069 0.015448 -0.122598
 37   15.834409 0.579420 -0.284600 0.000804 -0.024172 0.068081
 38   1.147498 -3.418591 -2.823813 0.001179 -0.000217 -0.070013
 39   -4.457742 -1.054854 -0.746180 0.000623 -0.000132 -0.037890
 40   1.118101 -3.418518 3.237290 0.001179 -0.000216 -0.070014
 41   -4.433840 -1.059130 0.959566 0.000622 -0.000132 -0.037890
 42   -0.649655 1.697302 -2.587048 0.011361 0.056502 0.000585
 43   -0.664068 1.698578 2.787343 -0.008621 -0.042977 0.000418
time 40
  0   -0.010486 0.000000 2.055121 0.000000 0.000000 -1.571069
  1   -1.093036 0.000002 -0.326057 -0.221706 -1.569036 -1.348744
  2   2.262337 0.113614 0.064702 -0.000090 -0.001557 -0.016710
  3   2.380047 0.353302 0.047440 -0.011686 -0.000316 -0.028262
  4   2.033756 0.190472 -0.000128 -0.000010 0.000024 -0.139576
  5   2.451511 0.204909 -0.003447 -0.016638 -0.000044 -0.027031
  6   7.247600 -0.397300 -0.109469 0.000001 -0.000003 0.156829
  7   -2.022252 -0.104661 3.136172 0.325732 -1.225081 -3.496597
  8   1.168026 -0.537438 -0.063437 0.056554 -0.397920 0.395378
  9   6.790376 -0.619176 0.015206 -0.000102 -0.000151 -0.354246
 10   8.637599 0.544015 -0.090417 -1.500805 0.180843 -0.286387
 11   6.790465 -0.619039 0.017802 -0.002006 -0.010912 -0.263141
 12   -2.022474 -0.104699 -2.873818 -0.514912 1.396280 -3.660253
 13   1.167898 -0.537463 0.063297 -0.115634 0.168924 0.098460
 14   7.002743 -0.617765 -0.183752 0.000115 0.000194 -0.232914
 15   8.209042 0.615527 -0.255885 1.747043 -0.188380 0.226410
 16   7.002735 -0.617911 -0.183641 0.014627 0.001616 -0.181630
 17   1.574674 0.609930 -0.000899 0.027094 0.007155 0.252140
 18   -0.602177 0.511412 -0.000006 0.000000 0.000000 0.000000
 19   3.673773 0.177020 1.119313 -0.000002 -0.000014 -0.174510
 20   3.673767 0.176993 -1.117566 0.000007 -0.000003 -0.174546
 21   3.938451 1.330634 1.627658 0.000002 -0.000011 -0.000026
 22   -0.246060 -0.011889 0.516521 -0.000011 0.000031 0.000025
 23   3.938468 1.330659 -1.631083 0.000019 0.000002 -0.000024
 24   -0.246150 -0.011872 -0.516511 -0.000005 -0.000006 0.000048
 25   4.941364 1.997338 1.629330 0.000018 -0.000001 -0.000024
 26   4.941382 1.997366 -1.629410 -0.000001 0.000005 -0.000024
 27   2.918368 1.615358 1.514501 -0.000019 -0.000022 -0.000050
 28   2.924704 1.614964 -1.501142 -0.000002 -0.000009 -0.000024
 29   8.824059 0.150544 0.091743 0.000006 -0.000231 -0.174534
 30   2.111085 -0.561179 1.784320 -0.000008 -0.000682 0.000024
 31   2.121290 -0.561289 -1.853599 0.000000 0.000000 -0.000002
 32   -0.802676 -0.093824 3.127092 0.029246 -3.151829 -0.005351
 33   14.298673 -0.408176 0.518454 -0.008489 -0.020139 -0.122779
 34   15.835795 0.581398 0.242756 -0.000811 0.023965 0.068310
 35   -0.831494 -0.091229 -3.114430 -0.029296 3.152587 -0.005210
 36   14.294526 -0.410349 -0.455822 0.009069 0.015448 -0.122598
 37   15.834409 0.579420 -0.284600 0.000804 -0.024172 0.068081
 38   1.139685 -3.422498 -2.823813 0.001010 -0.000181 -0.061032
 39   -4.457742 -1.054854 -0.746180 0.000539 -0.000120 -0.033010
 40   1.118101 -3.430237 3.237290 0.001010 -0.000180 -0.061095
 41   -4.433840 -1.059130 0.959566 0.000538 -0.000120 -0.033010
 42   -0.649655 1.697302 -2.598767 0.009899 0.049219 0.000544
 43   -0.664068 1.698578 2.799062 -0.007509 -0.037438 0.000335
time 41
  0   -0.010486 0.000000 2.055121 0.000000 0.000000 -1.571069
  1   -1.093036 0.000002 -0.326057 -0.221706 -1.569036 -1.348744
  2   2.262337 0.113614 0.064702 -0.000090 -0.001557 -0.016710
  3   2.380047 0.353302 0.047440 -0.011686 -0.000316 -0.028262
  4   2.033756 0.190472 -0.000128 -0.000010 0.000024 -0.139576
  5   2.451511 0.204909 -0.003447 -0.016638 -0.000031 -0.024555
  6   7.247600 -0.397300 -0.109469 0.000001 -0.000003 0.156829
  7   -2.022252 -0.104661 3.136172 0.325732 -1.225081 -3.496597
  8   1.168026 -0.537438 -0.063437 0.056554 -0.397920 0.395378
  9   6.790376 -0.619176 0.015206 -0.000102 -0.000151 -0.354246
 10   8.637599 0.544015 -0.090417 -1.500805 0.180843 -0.286387
 11   6.790465 -0.619039 0.017802 -0.002006 -0.010912 -0.263141
 12   -2.022474 -0.104699 -2.873818 -0.514912 1.396280 -3.660253
 13   1.167898 -0.537463 0.063297 -0.115634 0.168924 0.098460
 14   7.002743 -0.617765 -0.183752 0.000115 0.000194 -0.232914
 15   8.209042 0.615527 -0.255885 1.747043 -0.188380 0.226410
 16   7.002735 -0.617911 -0.183641 0.014627 0.001616 -0.181630
 17   1.574674 0.609930 -0.000899 0.026972 0.007155 0.249627
 18   -0.602177 0.511412 -0.000006 0.000000 0.000000 0.000000
 19   3.673773 0.177020 1.119313 -0.000002 -0.000014 -0.174510
 20   3.677673 0.176993 -1.117566 0.000007 -0.000003 -0.174546
 21   3.942357 1.330634 1.627658 0.000002 -0.000011 -0.000026
 22   -0.246060 -0.011889 0.516521 -0.000011 0.000031 0.000025
 23   3.938468 1.330659 -1.631083 0.000019 0.000002 -0.000024
 24   -0.246150 -0.011872 -0.516511 -0.000005 -0.000006 0.000048
 25   4.941364 1.997338 1.629330 0.000018 -0.000001 -0.000024
 26   4.941382 1.997366 -1.629410 -0.000001 0.000005 -0.000024
 27   2.918368 1.615358 1.514501 -0.000019 -0.000022 -0.000050
 28   2.924704 1.614964 -1.501142 -0.000002 -0.000009 -0.000024
 29   8.824059 0.150544 0.091743 0.000006 -0.000231 -0.174534
 30   2.111085 -0.561179 1.784320 -0.000008 -0.000682 0.000024
 31   2.121290 -0.561289 -1.853599 0.000000 0.000000 -0.000002
 32   -0.802676 -0.093824 3.127092 0.029246 -3.151829 -0.005351
 33   14.298673 -0.408176 0.518454 -0.008489 -0.020139 -0.122779
 34   15.835795 0.581398 0.242756 -0.000811 0.023965 0.068310
 35   -0.831494 -0.091229 -3.114430 -0.029296 3.152587 -0.005210
 36   14.294526 -0.410349 -0.455822 0.009069 0.015448 -0.122598
 37   15.834409 0.579420 -0.284600 0.000804 -0.024172 0.068081
 38   1.139685 -3.426404 -2.823813 0.000863 -0.000157 -0.052296
 39   -4.457742 -1.054854 -0.746180 0.000455 -0.000096 -0.028270
 40   1.118101 -3.430237 3.237290 0.000863 -0.000156 -0.052297
 41   -4.433840 -1.059130 0.959566 0.000454 -0.000096 -0.028270
 42   -0.649655 1.697302 -2.618299 0.008473 0.042120 0.000418
 43   -0.664068 1.698578 2.806875 -0.006422 -0.032056 0.000335
time 42
  0   -0.010486 0.000000 2.055121 0.000000 0.000000 -1.571069
  1   -1.093036 0.000002 -0.326057 -0.221706 -1.569036 -1.348744
  2   2.262337 0.113614 0.064702 -0.000090 -0.001557 -0.016710
  3   2.380047 0.353302 0.047440 -0.011686 -0.000316 -0.028262
  4   2.033756 0.190472 -0.000128 -0.000010 0.000024 -0.139576
  5   2.451511 0.204909 -0.003447 -0.016638 -0.000005 -0.020221
  6   7.247600 -0.397300 -0.109469 0.000001 -0.000003 0.156829
  7   -2.022252 -0.104661 3.136172 0.325732 -1.225081 -3.496597
  8   1.168026 -0.537438 -0.063437 0.056554 -0.397920 0.395378
  9   6.790376 -0.619176 0.015206 -0.000102 -0.000151 -0.354246
 10   8.637599 0.544015 -0.090417 -1.500805 0.180843 -0.286387
 11   6.790465 -0.619039 0.017802 -0.002006 -0.010912 -0.263141
 12   -2.022474 -0.104699 -2.873818 -0.514912 1.396280 -3.660253
 13   1.167898 -0.537463 0.063297 -0.115634 0.168924 0.098460
 14   7.002743 -0.617765 -0.183752 0.000115 0.000194 -0.232914
 15   8.209042 0.615527 -0.255885 1.747043 -0.188380 0.226410
 16   7.002735 -0.617911 -0.183641 0.014627 0.001616 -0.181630
 17   1.574674 0.609930 -0.000899 0.026728 0.007203 0.245265
 18   -0.602177 0.511412 -0.000006 0.000000 0.000000 0.000000
 19   3.673773 0.177020 1.119313 -0.000002 -0.000014 -0.174510
 20   3.673767 0.176993 -1.117566 0.000007 -0.000003 -0.174546
 21   3.938451 1.330634 1.627658 0.000002 -0.000011 -0.000026
 22   -0.246060 -0.011889 0.516521 -0.000011 0.000031 0.000025
 23   3.938468 1.330659 -1.631083 0.000019 0.000002 -0.000024
 24   -0.246150 -0.011872 -0.516511 -0.000005 -0.000006 0.000048
 25   4.941364 1.997338 1.629330 0.000018 -0.000001 -0.000024
 26   4.941382 1.997366 -1.629410 -0.000001 0.000005 -0.000024
 27   2.918368 1.615358 1.514501 -0.000019 -0.000022 -0.000050
 28   2.924704 1.614964 -1.501142 -0.000002 -0.000009 -0.000024
 29   8.824059 0.150544 0.091743 0.000006 -0.000231 -0.174534
 30   2.111085 -0.561179 1.784320 -0.000008 -0.000682 0.000024
 31   2.121290 -0.561289 -1.853599 0.000000 0.000000 -0.000002
 32   -0.802676 -0.093824 3.127092 0.029246 -3.151829 -0.005351
 33   14.298673 -0.408176 0.518454 -0.008489 -0.020139 -0.122779
 34   15.835795 0.581398 0.242756 -0.000811 0.023965 0.068310
 35   -0.831494 -0.091229 -3.114430 -0.029296 3.152587 -0.005210
 36   14.294526 -0.410349 -0.455822 0.009069 0.015448 -0.122598
 37   15.834409 0.579420 -0.284600 0.000804 -0.024172 0.068081
 38   1.139685 -3.434217 -2.823813 0.000737 -0.000133 -0.043804
 39   -4.457742 -1.054854 -0.746180 0.000384 -0.000084 -0.023671
 40   1.118101 -3.430237 3.237290 0.000737 -0.000132 -0.043805
 41   -4.433840 -1.059130 0.959566 0.000383 -0.000084 -0.023671
 42   -0.649655 1.697302 -2.626112 0.007107 0.035297 0.000335
 43   -0.664068 1.698578 2.818594 -0.005385 -0.026830 0.000293
time 43
  0   -0.010486 0.000000 2.055121 0.000000 0.000000 -1.571069
  1   -1.093036 0.000002 -0.326057 -0.221706 -1.569036 -1.348744
  2   2.262337 0.113614 0.064702 -0.000090 -0.001557 -0.016710
  3   2.380047 0.353302 0.047440 -0.011686 -0.000316 -0.028262
  4   2.033756 0.190472 -0.000128 -0.000010 0.000024 -0.139576
  5   2.451511 0.204909 -0.003447 -0.016638 -0.000005 -0.015639
  6   7.247600 -0.397300 -0.109469 0.000001 -0.000003 0.156829
  7   -2.022252 -0.104661 3.136172 0.325732 -1.225081 -3.496597
  8   1.168026 -0.537438 -0.063437 0.056554 -0.397920 0.395378
  9   6.790376 -0.619176 0.015206 -0.000102 -0.000151 -0.354246
 10   8.637599 0.544015 -0.090417 -1.500805 0.180843 -0.286387
 11   6.790465 -0.619039 0.017802 -0.002006 -0.010912 -0.263141
 12   -2.022474 -0.104699 -2.873818 -0.514912 1.396280 -3.660253
 13   1.167898 -0.537463 0.063297 -0.115634 0.168924 0.098460
 14   7.002743 -0.617765 -0.183752 0.000115 0.000194 -0.232914
 15   8.209042 0.615527 -0.255885 1.747043 -0.188380 0.226410
 16   7.002735 -0.617911 -0.183641 0.014627 0.001616 -0.181630
 17   1.574674 0.609930 -0.000899 0.026484 0.007203 0.240534
 18   -0.602177 0.511412 -0.000006 0.000000 0.000000 0.000000
 19   3.673773 0.177020 1.119313 -0.000002 -0.000014 -0.174510
 20   3.677673 0.176993 -1.117566 0.000007 -0.000003 -0.174546
 21   3.942357 1.330634 1.627658 0.000002 -0.000011 -0.000026
 22   -0.246060 -0.011889 0.516521 -0.000011 0.000031 0.000025
 23   3.938468 1.330659 -1.631083 0.000019 0.000002 -0.000024
 24   -0.246150 -0.011872 -0.516511 -0.000005 -0.000006 0.000048
 25   4.941364 1.997338 1.629330 0.000018 -0.000001 -0.000024
 26   4.941382 1.997366 -1.629410 -0.000001 0.000005 -0.000024
 27   2.918368 1.623171 1.514501 -0.000019 -0.000022 -0.000050
 28   2.924704 1.614964 -1.501142 -0.000002 -0.000009 -0.000024
 29   8.824059 0.150544 0.091743 0.000006 -0.000231 -0.174534
 30   2.111085 -0.561179 1.784320 -0.000008 -0.000682 0.000024
 31   2.121290 -0.561289 -1.853599 0.000000 0.000000 -0.000002
 32   -0.802676 -0.093824 3.127092 0.029246 -3.151829 -0.005351
 33   14.298673 -0.408176 0.518454 -0.008489 -0.020139 -0.122779
 34   15.835795 0.581398 0.242756 -0.000811 0.023965 0.068310
 35   -0.831494 -0.091229 -3.114430 -0.029296 3.152587 -0.005210
 36   14.294526 -0.410349 -0.455822 0.009069 0.015448 -0.122598
 37   15.834409 0.579420 -0.284600 0.000804 -0.024172 0.068081
 38   1.139685 -3.438123 -2.823813 0.000568 -0.000096 -0.035678
 39   -4.457742 -1.054854 -0.746180 0.000324 -0.000072 -0.019324
 40   1.118101 -3.438050 3.237290 0.000568 -0.000095 -0.035679
 41   -4.433840 -1.059130 0.959566 0.000323 -0.000072 -0.019324
 42   -0.657468 1.697302 -2.637831 0.005801 0.028827 0.000335
 43   -0.664068 1.698578 2.830313 -0.004398 -0.021919 0.000167
time 44
  0   -0.010486 0.000000 2.055121 0.000000 0.000000 -1.571069
  1   -1.093036 0.000002 -0.326057 -0.221706 -1.569036 -1.348744
  2   2.262337 0.113614 0.064702 -0.000090 -0.001557 -0.016710
  3   2.380047 0.353302 0.047440 -0.011686 -0.000316 -0.028262
  4   2.033756 0.190472 -0.000128 -0.000010 0.000024 -0.139576
  5   2.451511 0.204909 -0.003447 -0.016638 -0.000005 -0.013732
  6   7.247600 -0.397300 -0.109469 0.000001 -0.000003 0.156829
  7   -2.022252 -0.104661 3.136172 0.325732 -1.225081 -3.496597
  8   1.168026 -0.537438 -0.063437 0.056554 -0.397920 0.395378
  9   6.790376 -0.619176 0.015206 -0.000102 -0.000151 -0.354246
 10   8.637599 0.544015 -0.090417 -1.500805 0.180843 -0.286387
 11   6.790465 -0.619039 0.017802 -0.002006 -0.010912 -0.263141
 12   -2.022474 -0.104699 -2.873818 -0.514912 1.396280 -3.660253
 13   1.167898 -0.537463 0.063297 -0.115634 0.168924 0.098460
 14   7.002743 -0.617765 -0.183752 0.000115 0.000194 -0.232914
 15   8.209042 0.615527 -0.255885 1.747043 -0.188380 0.226410
 16   7.002735 -0.617911 -0.183641 0.014627 0.001616 -0.181630
 17   1.574674 0.609930 -0.000899 0.026403 0.007203 0.238576
 18   -0.602177 0.511412 -0.000006 0.000000 0.000000 0.000000
 19   3.673773 0.177020 1.119313 -0.000002 -0.000014 -0.174510
 20   3.673767 0.176993 -1.117566 0.000007 -0.000003 -0.174546
 21   3.942357 1.330634 1.627658 0.000002 -0.000011 -0.000026
 22   -0.246060 -0.011889 0.516521 -0.000011 0.000031 0.000025
 23   3.938468 1.330659 -1.631083 0.000019 0.000002 -0.000024
 24   -0.246150 -0.011872 -0.516511 -0.000005 -0.000006 0.000048
 25   4.941364 1.997338 1.629330 0.000018 -0.000001 -0.000024
 26   4.941382 1.997366 -1.629410 -0.000001 0.000005 -0.000024
 27   2.918368 1.615358 1.514501 -0.000019 -0.000022 -0.000050
 28   2.924704 1.614964 -1.501142 -0.000002 -0.000009 -0.000024
 29   8.824059 0.150544 0.091743 0.000006 -0.000231 -0.174534
 30   2.111085 -0.561179 1.784320 -0.000008 -0.000682 0.000024
 31   2.121290 -0.561289 -1.853599 0.000000 0.000000 -0.000002
 32   -0.802676 -0.093824 3.127092 0.029246 -3.151829 -0.005351
 33   14.298673 -0.408176 0.518454 -0.008489 -0.020139 -0.122779
 34   15.835795 0.581398 0.242756 -0.000811 0.023965 0.068310
 35   -0.831494 -0.091229 -3.114430 -0.029296 3.152587 -0.005210
 36   14.294526 -0.410349 -0.455822 0.009069 0.015448 -0.122598
 37   15.834409 0.579420 -0.284600 0.000804 -0.024172 0.068081
 38   1.139685 -3.445936 -2.823813 0.000442 -0.000072 -0.028225
 39   -4.457742 -1.054854 -0.746180 0.000252 -0.000048 -0.015285
 40   1.118101 -3.441956 3.237290 0.000442 -0.000071 -0.028226
 41   -4.433840 -1.059130 0.959566 0.000251 -0.000048 -0.015285
 42   -0.657468 1.697302 -2.649550 0.004566 0.022786 0.000251
 43   -0.664068 1.698578 2.838126 -0.003486 -0.017306 0.000125
time 45
  0   -0.010486 0.000000 2.055121 0.000000 0.000000 -1.571069
  1   -1.093036 0.000002 -0.326057 -0.221706 -1.569036 -1.348744
  2   2.262337 0.113614 0.064702 -0.000090 -0.001557 -0.016710
  3   2.380047 0.353302 0.047440 -0.011686 -0.000316 -0.028262
  4   2.033756 0.190472 -0.000128 -0.000010 0.000024 -0.139576
  5   2.451511 0.204909 -0.003447 -0.016638 0.000008 -0.012791
  6   7.247600 -0.397300 -0.109469 0.000001 -0.000003 0.156829
  7   -2.022252 -0.104661 3.136172 0.325732 -1.225081 -3.496597
  8   1.168026 -0.537438 -0.063437 0.056554 -0.397920 0.395378
  9   6.790376 -0.619176 0.015206 -0.000102 -0.000151 -0.354246
 10   8.637599 0.544015 -0.090417 -1.500805 0.180843 -0.286387
 11   6.790465 -0.619039 0.017802 -0.002006 -0.010912 -0.263141
 12   -2.022474 -0.104699 -2.873818 -0.514912 1.396280 -3.660253
 13   1.167898 -0.537463 0.063297 -0.115634 0.168924 0.098460
 14   7.002743 -0.617765 -0.183752 0.000115 0.000194 -0.232914
 15   8.209042 0.615527 -0.255885 1.747043 -0.188380 0.226410
 16   7.002735 -0.617911 -0.183641 0.014627 0.001616 -0.181630
 17   1.574674 0.609930 -0.000899 0.026281 0.007203 0.237615
 18   -0.602177 0.511412 -0.000006 0.000000 0.000000 0.000000
 19   3.673773 0.177020 1.119313 -0.000002 -0.000014 -0.174510
 20   3.673767 0.176993 -1.117566 0.000007 -0.000003 -0.174546
 21   3.938451 1.330634 1.627658 0.000002 -0.000011 -0.000026
 22   -0.246060 -0.011889 0.516521 -0.000011 0.000031 0.000025
 23   3.938468 1.330659 -1.631083 0.000019 0.000002 -0.000024
 24   -0.246150 -0.011872 -0.516511 -0.000005 -0.000006 0.000048
 25   4.941364 1.997338 1.629330 0.000018 -0.000001 -0.000024
 26   4.941382 1.997366 -1.629410 -0.000001 0.000005 -0.000024
 27   2.918368 1.615358 1.514501 -0.000019 -0.000022 -0.000050
 28   2.924704 1.614964 -1.501142 -0.000002 -0.000009 -0.000024
 29   8.824059 0.150544 0.091743 0.000006 -0.000231 -0.174534
 30   2.111085 -0.561179 1.784320 -0.000008 -0.000682 0.000024
 31   2.121290 -0.561289 -1.853599 0.000000 0.000000 -0.000002
 32   -0.802676 -0.093824 3.127092 0.029246 -3.151829 -0.005351
 33   14.298673 -0.408176 0.518454 -0.008489 -0.020139 -0.122779
 34   15.835795 0.581398 0.242756 -0.000811 0.023965 0.068310
 35   -0.831494 -0.091229 -3.114430 -0.029296 3.152587 -0.005210
 36   14.294526 -0.410349 -0.455822 0.009069 0.015448 -0.122598
 37   15.834409 0.579420 -0.284600 0.000804 -0.024172 0.068081
 38   1.139685 -3.445936 -2.823813 0.000358 -0.000048 -0.021321
 39   -4.457742 -1.054854 -0.746180 0.000192 -0.000036 -0.011555
 40   1.118101 -3.441956 3.237290 0.000358 -0.000047 -0.021322
 41   -4.433840 -1.059130 0.959566 0.000191 -0.000036 -0.011555
 42   -0.657468 1.697302 -2.657363 0.003476 0.017251 0.000125
 43   -0.664068 1.698578 2.849845 -0.002624 -0.013100 0.000084
time 46
  0   -0.010486 0.000000 2.055121 0.000000 0.000000 -1.571069
  1   -1.093036 0.000002 -0.326057 -0.221706 -1.569036 -1.348744
  2   2.262337 0.113614 0.064702 -0.000090 -0.001557 -0.016710
  3   2.380047 0.353302 0.047440 -0.011686 -0.000316 -0.028262
  4   2.033756 0.190472 -0.000128 -0.000010 0.000024 -0.139576
  5   2.451511 0.204909 -0.003447 -0.016638 0.000008 -0.012692
  6   7.247600 -0.397300 -0.109469 0.000001 -0.000003 0.156829
  7   -2.022252 -0.104661 3.136172 0.325732 -1.225081 -3.496597
  8   1.168026 -0.537438 -0.063437 0.056554 -0.397920 0.395378
  9   6.790376 -0.619176 0.015206 -0.000102 -0.000151 -0.354246
 10   8.637599 0.544015 -0.090417 -1.500805 0.180843 -0.286387
 11   6.790465 -0.619039 0.017802 -0.002006 -0.010912 -0.263141
 12   -2.022474 -0.104699 -2.873818 -0.514912 1.396280 -3.660253
 13   1.167898 -0.537463 0.063297 -0.115634 0.168924 0.098460
 14   7.002743 -0.617765 -0.183752 0.000115 0.000194 -0.232914
 15   8.209042 0.615527 -0.255885 1.747043 -0.188380 0.226410
 16   7.002735 -0.617911 -0.183641 0.014627 0.001616 -0.181630
 17   1.574674 0.609930 -0.000899 0.026281 0.007203 0.237541
 18   -0.602177 0.511412 -0.000006 0.000000 0.000000 0.000000
 19   3.673773 0.177020 1.119313 -0.000002 -0.000014 -0.174510
 20   3.673767 0.176993 -1.117566 0.000007 -0.000003 -0.174546
 21   3.938451 1.330634 1.627658 0.000002 -0.000011 -0.000026
 22   -0.246060 -0.011889 0.516521 -0.000011 0.000031 0.000025
 23   3.938468 1.330659 -1.631083 0.000019 0.000002 -0.000024
 24   -0.246150 -0.011872 -0.516511 -0.000005 -0.000006 0.000048
 25   4.941364 1.997338 1.629330 0.000018 -0.000001 -0.000024
 26   4.941382 1.997366 -1.629410 -0.000001 0.000005 -0.000024
 27   2.918368 1.615358 1.514501 -0.000019 -0.000022 -0.000050
 28   2.924704 1.614964 -1.501142 -0.000002 -0.000009 -0.000024
 29   8.824059 0.150544 0.091743 0.000006 -0.000231 -0.174534
 30   2.111085 -0.561179 1.784320 -0.000008 -0.000682 0.000024
 31   2.121290 -0.561289 -1.853599 0.000000 0.000000 -0.000002
 32   -0.802676 -0.093824 3.127092 0.029246 -3.151829 -0.005351
 33   14.298673 -0.408176 0.518454 -0.008489 -0.020139 -0.122779
 34   15.835795 0.581398 0.242756 -0.000811 0.023965 0.068310
 35   -0.831494 -0.091229 -3.114430 -0.029296 3.152587 -0.005210
 36   14.294526 -0.410349 -0.455822 0.009069 0.015448 -0.122598
 37   15.834409 0.579420 -0.284600 0.000804 -0.024172 0.068081
 38   1.139685 -3.445936 -2.823813 0.000253 -0.000024 -0.015273
 39   -4.457742 -1.054854 -0.746180 0.000132 -0.000024 -0.008273
 40   1.118101 -3.449769 3.237290 0.000253 -0.000023 -0.015274
 41   -4.433840 -1.059130 0.959566 0.000131 -0.000024 -0.008273
 42   -0.657468 1.697302 -2.669082 0.002481 0.012345 0.000084
 43   -0.664068 1.698578 2.853751 -0.001887 -0.009366 0.000084
time 47
  0   -0.010486 0.000000 2.055121 0.000000 0.000000 -1.571069
  1   -1.093036 0.000002 -0.326057 -0.221706 -1.569036 -1.348744
  2   2.262337 0.113614 0.064702 -0.000090 -0.001557 -0.016710
  3   2.380047 0.353302 0.047440 -0.011686 -0.000316 -0.028262
  4   2.033756 0.190472 -0.000128 -0.000010 0.000024 -0.139576
  5   2.451511 0.204909 -0.003447 -0.016638 0.000008 -0.012692
  6   7.247600 -0.397300 -0.109469 0.000001 -0.000003 0.156829
  7   -2.022252 -0.104661 3.136172 0.325732 -1.225081 -3.496597
  8   1.168026 -0.537438 -0.063437 0.056554 -0.397920 0.395378
  9   6.790376 -0.619176 0.015206 -0.000102 -0.000151 -0.354246
 10   8.637599 0.544015 -0.090417 -1.500805 0.180843 -0.286387
 11   6.790465 -0.619039 0.017802 -0.002006 -0.010912 -0.263141
 12   -2.022474 -0.104699 -2.873818 -0.514912 1.396280 -3.660253
 13   1.167898 -0.537463 0.063297 -0.115634 0.168924 0.098460
 14   7.002743 -0.617765 -0.183752 0.000115 0.000194 -0.232914
 15   8.209042 0.615527 -0.255885 1.747043 -0.188380 0.226410
 16   7.002735 -0.617911 -0.183641 0.014627 0.001616 -0.181630
 17   1.574674 0.609930 -0.000899 0.026281 0.007203 0.237541
 18   -0.602177 0.511412 -0.000006 0.000000 0.000000 0.000000
 19   3.673773 0.177020 1.119313 -0.000002 -0.000014 -0.174510
 20   3.673767 0.176993 -1.117566 0.000007 -0.000003 -0.174546
 21   3.938451 1.330634 1.627658 0.000002 -0.000011 -0.000026
 22   -0.246060 -0.011889 0.516521 -0.000011 0.000031 0.000025
 23   3.938468 1.330659 -1.631083 0.000019 0.000002 -0.000024
 24   -0.246150 -0.011872 -0.516511 -0.000005 -0.000006 0.000048
 25   4.941364 1.997338 1.629330 0.000018 -0.000001 -0.000024
 26   4.941382 1.997366 -1.629410 -0.000001 0.000005 -0.000024
 27   2.918368 1.615358 1.514501 -0.000019 -0.000022 -0.000050
 28   2.924704 1.614964 -1.501142 -0.000002 -0.000009 -0.000024
 29   8.824059 0.150544 0.091743 0.000006 -0.000231 -0.174534
 30   2.111085 -0.561179 1.784320 -0.000008 -0.000682 0.000024
 31   2.121290 -0.561289 -1.853599 0.000000 0.000000 -0.000002
 32   -0.802676 -0.093824 3.127092 0.029246 -3.151829 -0.005351
 33   14.298673 -0.408176 0.518454 -0.008489 -0.020139 -0.122779
 34   15.835795 0.581398 0.242756 -0.000811 0.023965 0.068310
 35   -0.831494 -0.091229 -3.114430 -0.029296 3.152587 -0.005210
 36   14.294526 -0.410349 -0.455822 0.009069 0.015448 -0.122598
 37   15.834409 0.579420 -0.284600 0.000804 -0.024172 0.068081
 38   1.139685 -3.449842 -2.823813 0.000147 -0.000012 -0.010080
 39   -4.457742 -1.054854 -0.746180 0.000084 -0.000012 -0.005441
 40   1.118101 -3.449769 3.237290 0.000147 -0.000011 -0.010081
 41   -4.433840 -1.059130 0.959566 0.000083 -0.000012 -0.005441
 42   -0.657468 1.697302 -2.680801 0.001630 0.008113 0.000084
 43   -0.664068 1.698578 2.861564 -0.001237 -0.006165 0.000042
time 48
  0   -0.010486 0.000000 2.055121 0.000000 0.000000 -1.571069
  1   -1.093036 0.000002 -0.326057 -0.221706 -1.569036 -1.348744
  2   2.262337 0.113614 0.064702 -0.000090 -0.001557 -0.016710
  3   2.380047 0.353302 0.047440 -0.011686 -0.000316 -0.028262
  4   2.033756 0.190472 -0.000128 -0.000010 0.000024 -0.139576
  5   2.451511 0.204909 -0.003447 -0.016638 0.000008 -0.012692
  6   7.247600 -0.397300 -0.109469 0.000001 -0.000003 0.156829
  7   -2.022252 -0.104661 3.136172 0.325732 -1.225081 -3.496597
  8   1.168026 -0.537438 -0.063437 0.056554 -0.397920 0.395378
  9   6.790376 -0.619176 0.015206 -0.000102 -0.000151 -0.354246
 10   8.637599 0.544015 -0.090417 -1.500805 0.180843 -0.286387
 11   6.790465 -0.619039 0.017802 -0.002006 -0.010912 -0.263141
 12   -2.022474 -0.104699 -2.873818 -0.514912 1.396280 -3.660253
 13   1.167898 -0.537463 0.063297 -0.115634 0.168924 0.098460
 14   7.002743 -0.617765 -0.183752 0.000115 0.000194 -0.232914
 15   8.209042 0.615527 -0.255885 1.747043 -0.188380 0.226410
 16   7.002735 -0.617911 -0.183641 0.014627 0.001616 -0.181630
 17   1.574674 0.609930 -0.000899 0.026281 0.007203 0.237541
 18   -0.602177 0.511412 -0.000006 0.000000 0.000000 0.000000
 19   3.673773 0.177020 1.119313 -0.000002 -0.000014 -0.174510
 20   3.673767 0.176993 -1.117566 0.000007 -0.000003 -0.174546
 21   3.938451 1.330634 1.627658 0.000002 -0.000011 -0.000026
 22   -0.246060 -0.011889 0.516521 -0.000011 0.000031 0.000025
 23   3.938468 1.330659 -1.631083 0.000019 0.000002 -0.000024
 24   -0.246150 -0.011872 -0.516511 -0.000005 -0.000006 0.000048
 25   4.941364 1.997338 1.629330 0.000018 -0.000001 -0.000024
 26   4.941382 1.997366 -1.629410 -0.000001 0.000005 -0.000024
 27   2.918368 1.615358 1.514501 -0.000019 -0.000022 -0.000050
 28   2.924704 1.614964 -1.501142 -0.000002 -0.000009 -0.000024
 29   8.824059 0.150544 0.091743 0.000006 -0.000231 -0.174534
 30   2.111085 -0.561179 1.784320 -0.000008 -0.000682 0.000024
 31   2.121290 -0.561289 -1.853599 0.000000 0.000000 -0.000002
 32   -0.802676 -0.093824 3.127092 0.029246 -3.151829 -0.005351
 33   14.298673 -0.408176 0.518454 -0.008489 -0.020139 -0.122779
 34   15.835795 0.581398 0.242756 -0.000811 0.023965 0.068310
 35   -0.831494 -0.091229 -3.114430 -0.029296 3.152587 -0.005210
 36   14.294526 -0.410349 -0.455822 0.009069 0.015448 -0.122598
 37   15.834409 0.579420 -0.284600 0.000804 -0.024172 0.068081
 38   1.139685 -3.453749 -2.823813 0.000063 0.000000 -0.005803
 39   -4.457742 -1.054854 -0.746180 0.000048 -0.000012 -0.003113
 40   1.118101 -3.449769 3.237290 0.000063 0.000001 -0.005804
 41   -4.433840 -1.059130 0.959566 0.000047 -0.000012 -0.003113
 42   -0.657468 1.697302 -2.680801 0.000947 0.004694 0.000042
 43   -0.664068 1.698578 2.865470 -0.000700 -0.003576 0.000000
time 49
  0   -0.010486 0.000000 2.055121 0.000000 0.000000 -1.571069
  1   -1.093036 0.000002 -0.326057 -0.221706 -1.569036 -1.348744
  2   2.262337 0.113614 0.064702 -0.000090 -0.001557 -0.016710
  3   2.380047 0.353302 0.047440 -0.011686 -0.000316 -0.028262
  4   2.033756 0.190472 -0.000128 -0.000010 0.000024 -0.139576
  5   2.451511 0.204909 -0.003447 -0.016638 0.000008 -0.012692
  6   7.247600 -0.397300 -0.109469 0.000001 -0.000003 0.156829
  7   -2.022252 -0.104661 3.136172 0.325732 -1.225081 -3.496597
  8   1.168026 -0.537438 -0.063437 0.056554 -0.397920 0.395378
  9   6.790376 -0.619176 0.015206 -0.000102 -0.000151 -0.354246
 10   8.637599 0.544015 -0.090417 -1.500805 0.180843 -0.286387
 11   6.790465 -0.619039 0.017802 -0.002006 -0.010912 -0.263141
 12   -2.022474 -0.104699 -2.873818 -0.514912 1.396280 -3.660253
 13   1.167898 -0.537463 0.063297 -0.115634 0.168924 0.098460
 14   7.002743 -0.617765 -0.183752 0.000115 0.000194 -0.232914
 15   8.209042 0.615527 -0.255885 1.747043 -0.188380 0.226410
 16   7.002735 -0.617911 -0.183641 0.014627 0.001616 -0.181630
 17   1.574674 0.609930 -0.000899 0.026281 0.007203 0.237541
 18   -0.602177 0.511412 -0.000006 0.000000 0.000000 0.000000
 19   3.673773 0.177020 1.119313 -0.000002 -0.000014 -0.174510
 20   3.673767 0.176993 -1.117566 0.000007 -0.000003 -0.174546
 21   3.938451 1.330634 1.627658 0.000002 -0.000011 -0.000026
 22   -0.246060 -0.011889 0.516521 -0.000011 0.000031 0.000025
 23   3.938468 1.330659 -1.631083 0.000019 0.000002 -0.000024
 24   -0.246150 -0.011872 -0.516511 -0.000005 -0.000006 0.000048
 25   4.941364 1.997338 1.629330 0.000018 -0.000001 -0.000024
 26   4.941382 1.997366 -1.629410 -0.000001 0.000005 -0.000024
 27   2.918368 1.615358 1.514501 -0.000019 -0.000022 -0.000050
 28   2.924704 1.614964 -1.501142 -0.000002 -0.000009 -0.000024
 29   8.824059 0.150544 0.091743 0.000006 -0.000231 -0.174534
 30   2.111085 -0.561179 1.784320 -0.000008 -0.000682 0.000024
 31   2.121290 -0.561289 -1.853599 0.000000 0.000000 -0.000002
 32   -0.802676 -0.093824 3.127092 0.029246 -3.151829 -0.005351
 33   14.298673 -0.408176 0.518454 -0.008489 -0.020139 -0.122779
 34   15.835795 0.581398 0.242756 -0.000811 0.023965 0.068310
 35   -0.831494 -0.091229 -3.114430 -0.029296 3.152587 -0.005210
 36   14.294526 -0.410349 -0.455822 0.009069 0.015448 -0.122598
 37   15.834409 0.579420 -0.284600 0.000804 -0.024172 0.068081
 38   1.139685 -3.453749 -2.823813 0.000021 0.000000 -0.002565
 39   -4.457742 -1.054854 -0.746180 0.000024 0.000000 -0.001402
 40   1.118101 -3.449769 3.237290 0.000021 0.000001 -0.002566
 41   -4.433840 -1.059130 0.959566 0.000023 0.000000 -0.001402
 42   -0.657468 1.697302 -2.688614 0.000419 0.002149 0.000000
 43   -0.664068 1.698578 2.869377 -0.000325 -0.001630 0.000000
time 50
  0   -0.010486 0.000000 2.055121 0.000000 0.000000 -1.571069
  1   -1.093036 0.000002 -0.326057 -0.221706 -1.569036 -1.348744
  2   2.262337 0.113614 0.064702 -0.000090 -0.001557 -0.016710
  3   2.380047 0.353302 0.047440 -0.011686 -0.000316 -0.028262
  4   2.033756 0.190472 -0.000128 -0.000010 0.000024 -0.139576
  5   2.451511 0.204909 -0.003447 -0.016638 0.000008 -0.012692
  6   7.247600 -0.397300 -0.109469 0.000001 -0.000003 0.156829
  7   -2.022252 -0.104661 3.136172 0.325732 -1.225081 -3.496597
  8   1.168026 -0.537438 -0.063437 0.056554 -0.397920 0.395378
  9   6.790376 -0.619176 0.015206 -0.000102 -0.000151 -0.354246
 10   8.637599 0.544015 -0.090417 -1.500805 0.180843 -0.286387
 11   6.790465 -0.619039 0.017802 -0.002006 -0.010912 -0.263141
 12   -2.022474 -0.104699 -2.873818 -0.514912 1.396280 -3.660253
 13   1.167898 -0.537463 0.063297 -0.115634 0.168924 0.098460
 14   7.002743 -0.617765 -0.183752 0.000115 0.000194 -0.232914
 15   8.209042 0.615527 -0.255885 1.747043 -0.188380 0.226410
 16   7.002735 -0.617911 -0.183641 0.014627 0.001616 -0.181630
 17   1.574674 0.609930 -0.000899 0.026281 0.007203 0.237541
 18   -0.602177 0.511412 -0.000006 0.000000 0.000000 0.000000
 19   3.673773 0.177020 1.119313 -0.000002 -0.000014 -0.174510
 20   3.673767 0.176993 -1.117566 0.000007 -0.000003 -0.174546
 21   3.938451 1.330634 1.627658 0.000002 -0.000011 -0.000026
 22   -0.246060 -0.011889 0.516521 -0.000011 0.000031 0.000025
 23   3.938468 1.330659 -1.631083 0.000019 0.000002 -0.000024
 24   -0.246150 -0.011872 -0.516511 -0.000005 -0.000006 0.000048
 25   4.941364 1.997338 1.629330 0.000018 -0.000001 -0.000024
 26   4.941382 1.997366 -1.629410 -0.000001 0.000005 -0.000024
 27   2.918368 1.615358 1.514501 -0.000019 -0.000022 -0.000050
 28   2.924704 1.614964 -1.501142 -0.000002 -0.000009 -0.000024
 29   8.824059 0.150544 0.091743 0.000006 -0.000231 -0.174534
 30   2.111085 -0.561179 1.784320 -0.000008 -0.000682 0.000024
 31   2.121290 -0.561289 -1.853599 0.000000 0.000000 -0.000002
 32   -0.802676 -0.093824 3.127092 0.029246 -3.151829 -0.005351
 33   14.298673 -0.408176 0.518454 -0.008489 -0.020139 -0.122779
 34   15.835795 0.581398 0.242756 -0.000811 0.023965 0.068310
 35   -0.831494 -0.091229 -3.114430 -0.029296 3.152587 -0.005210
 36   14.294526 -0.410349 -0.455822 0.009069 0.015448 -0.122598
 37   15.834409 0.579420 -0.284600 0.000804 -0.024172 0.068081
 38   1.139685 -3.453749 -2.823813 0.000000 0.000000 -0.000610
 39   -4.457742 -1.054854 -0.746180 0.000000 0.000000 -0.000365
 40   1.118101 -3.449769 3.237290 0.000000 0.000001 -0.000611
 41   -4.433840 -1.059130 0.959566 -0.000001 0.000000 -0.000365
 42   -0.657468 1.697302 -2.688614 0.000108 0.000554 0.000000
 43   -0.664068 1.698578 2.869377 -0.000075 -0.000406 0.000000
time 51
  0   -0.010486 0.000000 2.055121 0.000000 0.000000 -1.571069
  1   -1.093036 0.000002 -0.326057 -0.221706 -1.569036 -1.348744
  2   2.262337 0.113614 0.064702 -0.000090 -0.001557 -0.016710
  3   2.380047 0.353302 0.047440 -0.011686 -0.000316 -0.028262
  4   2.033756 0.190472 -0.000128 -0.000010 0.000024 -0.139576
  5   2.451511 0.204909 -0.003447 -0.016638 0.000008 -0.012692
  6   7.247600 -0.397300 -0.109469 0.000001 -0.000003 0.156829
  7   -2.022252 -0.104661 3.136172 0.325732 -1.225081 -3.496597
  8   1.168026 -0.537438 -0.063437 0.056554 -0.397920 0.395378
  9   6.790376 -0.619176 0.015206 -0.000102 -0.000151 -0.354246
 10   8.637599 0.544015 -0.090417 -1.500805 0.180843 -0.286387
 11   6.790465 -0.619039 0.017802 -0.002006 -0.010912 -0.263141
 12   -2.022474 -0.104699 -2.873818 -0.514912 1.396280 -3.660253
 13   1.167898 -0.537463 0.063297 -0.115634 0.168924 0.098460
 14   7.002743 -0.617765 -0.183752 0.000115 0.000194 -0.232914
 15   8.209042 0.615527 -0.255885 1.747043 -0.188380 0.226410
 16   7.002735 -0.617911 -0.183641 0.014627 0.001616 -0.181630
 17   1.574674 0.609930 -0.000899 0.026281 0.007203 0.237541
 18   -0.602177 0.511412 -0.000006 0.000000 0.000000 0.000000
 19   3.673773 0.177020 1.119313 -0.000002 -0.000014 -0.174510
 20   3.673767 0.176993 -1.117566 0.000007 -0.000003 -0.174546
 21   3.938451 1.330634 1.627658 0.000002 -0.000011 -0.000026
 22   -0.246060 -0.011889 0.516521 -0.000011 0.000031 0.000025
 23   3.938468 1.330659 -1.631083 0.000019 0.000002 -0.000024
 24   -0.246150 -0.011872 -0.516511 -0.000005 -0.000006 0.000048
 25   4.941364 1.997338 1.629330 0.000018 -0.000001 -0.000024
 26   4.941382 1.997366 -1.629410 -0.000001 0.000005 -0.000024
 27   2.918368 1.615358 1.514501 -0.000019 -0.000022 -0.000050
 28   2.924704 1.614964 -1.501142 -0.000002 -0.000009 -0.000024
 29   8.824059 0.150544 0.091743 0.000006 -0.000231 -0.174534
 30   2.111085 -0.561179 1.784320 -0.000008 -0.000682 0.000024
 31   2.121290 -0.561289 -1.853599 0.000000 0.000000 -0.000002
 32   -0.802676 -0.093824 3.127092 0.029246 -3.151829 -0.005351
 33   14.298673 -0.408176 0.518454 -0.008489 -0.020139 -0.122779
 34   15.835795 0.581398 0.242756 -0.000811 0.023965 0.068310
 35   -0.831494 -0.091229 -3.114430 -0.029296 3.152587 -0.005210
 36   14.294526 -0.410349 -0.455822 0.009069 0.015448 -0.122598
 37   15.834409 0.579420 -0.284600 0.000804 -0.024172 0.068081
 38   1.139685 -3.453749 -2.823813 0.000000 0.000000 0.000001
 39   -4.457742 -1.054854 -0.746180 0.000000 0.000000 0.000000
 40   1.118101 -3.449769 3.237290 0.000000 0.000001 0.000000
 41   -4.433840 -1.059130 0.959566 -0.000001 0.000000 0.000000
 42   -0.657468 1.697302 -2.688614 0.000000 0.000002 0.000000
 43   -0.664068 1.698578 2.869377 0.000000 0.000002 0.000000
end
